Entry_Date,Entry_Time,Exit_Date,Exit_Time,Underlying_Symbol,Strategy_Direction,Execution_Mode,Entry_Label,Exit_Label,Underlying_Entry_Price,Underlying_Exit_Price,Option_Symbol,Option_Strike,Option_Type,Option_Entry_Price,Option_Exit_Price,Entry_Fair_Value,Exit_Fair_Value,Entry_Limit_Price,Exit_Limit_Price,Entry_Spread_Pct,Exit_Spread_Pct,Entry_Quote_Source,Exit_Quote_Source,Entry_Pricing_Mode,Exit_Pricing_Mode,Entry_Repriced,Exit_Repriced,Entry_Slippage_vs_Fair,Exit_Slippage_vs_Fair,Qty,PnL,Trade_ID
2026-04-13,09:59:15,2026-04-13,09:59:28,NIFTY,BUY,TYPE_C,PASSIVE,HIT_BID,23673.1,23670.0,NIFTY13APR2623650CE,23650.0,CE,83.9,81.75,83.86,81.81,85.0,80.0,0.059648,0.061087,ws,ws,type_c_ladder,type_c_ladder,False,False,0.0375,-0.0571,65,-139.75,strategy_S9-148__TYPE_C:NIFTY:2026-04-13T09:59:15:LONG
2026-04-13,10:00:19,2026-04-13,10:00:46,NIFTY,SELL,TYPE_C,PASSIVE,HIT_BID,23663.8,23655.65,NIFTY13APR2623700PE,23700.0,PE,102.1,103.05,101.97,103.18,105.0,100.0,0.049044,0.048473,ws,ws,type_c_ladder,type_c_ladder,False,False,0.1333,-0.1333,65,61.75,strategy_S9-148__TYPE_C:NIFTY:2026-04-13T10:00:19:SHORT
2026-04-13,10:01:31,2026-04-13,10:02:06,NIFTY,BUY,TYPE_C,PASSIVE,HIT_BID,23663.5,23673.75,NIFTY13APR2623650CE,23650.0,CE,78.7,84.1,78.56,84.12,80.0,80.0,0.063593,0.059382,ws,ws,type_c_ladder,type_c_ladder,False,False,0.1385,-0.02,65,351.0,strategy_S9-148__TYPE_C:NIFTY:2026-04-13T10:01:31:LONG
2026-04-13,10:02:51,2026-04-13,10:02:58,NIFTY,BUY,TYPE_C,PASSIVE,HIT_BID,23675.1,23671.85,NIFTY13APR2623650CE,23650.0,CE,81.75,82.2,81.71,82.3,85.0,80.0,0.061181,0.060753,ws,ws,type_c_ladder,type_c_ladder,False,False,0.04,-0.1,65,29.25,strategy_S9-148__TYPE_C:NIFTY:2026-04-13T10:02:51:LONG
2026-04-13,10:03:30,2026-04-13,10:03:39,NIFTY,BUY,TYPE_C,PASSIVE,HIT_BID,23677.35,23673.85,NIFTY13APR2623650CE,23650.0,CE,83.7,81.45,83.62,81.52,85.0,80.0,0.059827,0.061312,ws,ws,type_c_ladder,type_c_ladder,False,False,0.0789,-0.0667,65,-146.25,strategy_S9-148__TYPE_C:NIFTY:2026-04-13T10:03:30:LONG
2026-04-13,10:03:46,2026-04-13,10:03:56,NIFTY,SELL,TYPE_C,PASSIVE,HIT_BID,23668.45,23668.2,NIFTY13APR2623700PE,23700.0,PE,99.5,99.95,99.33,100.07,100.0,95.0,0.050302,0.049975,ws,ws,type_c_ladder,type_c_ladder,False,False,0.1667,-0.1185,65,29.25,strategy_S9-148__TYPE_C:NIFTY:2026-04-13T10:03:46:SHORT
2026-04-13,10:04:02,2026-04-13,10:04:21,NIFTY,SELL,TYPE_C,PASSIVE,HIT_BID,23663.3,23667.0,NIFTY13APR2623700PE,23700.0,PE,101.85,100.6,101.77,100.81,105.0,100.0,0.049152,0.049628,ws,ws,type_c_ladder,type_c_ladder,False,False,0.0833,-0.208,65,-81.25,strategy_S9-148__TYPE_C:NIFTY:2026-04-13T10:04:02:SHORT
2026-04-13,10:05:02,2026-04-13,10:05:28,NIFTY,BUY,TYPE_C,PASSIVE,HIT_BID,23673.4,23672.75,NIFTY13APR2623650CE,23650.0,CE,81.95,82.2,81.82,82.33,85.0,80.0,0.061106,0.060772,ws,ws,type_c_ladder,type_c_ladder,False,False,0.1346,-0.1333,65,16.25,strategy_S9-148__TYPE_C:NIFTY:2026-04-13T10:05:02:LONG
2026-04-13,10:05:45,2026-04-13,10:05:47,NIFTY,BUY,TYPE_C,PASSIVE,HIT_BID,23675.7,23671.2,NIFTY13APR2623650CE,23650.0,CE,80.8,81.65,80.66,81.82,85.0,80.0,0.061977,0.061162,ws,ws,type_c_ladder,type_c_ladder,False,False,0.1429,-0.1667,65,55.25,strategy_S9-148__TYPE_C:NIFTY:2026-04-13T10:05:45:LONG
2026-04-13,10:06:47,2026-04-13,10:07:05,NIFTY,SELL,TYPE_C,PASSIVE,HIT_BID,23662.8,23664.15,NIFTY13APR2623700PE,23700.0,PE,102.2,102.2,102.08,102.36,105.0,100.0,0.048984,0.048864,ws,ws,type_c_ladder,type_c_ladder,False,False,0.1154,-0.1562,65,0.0,strategy_S9-148__TYPE_C:NIFTY:2026-04-13T10:06:47:SHORT
2026-04-13,10:07:30,2026-04-13,10:07:47,NIFTY,BUY,TYPE_C,PASSIVE,HIT_BID,23673.25,23671.7,NIFTY13APR2623650CE,23650.0,CE,80.65,79.35,80.57,79.46,85.0,75.0,0.062073,0.062933,ws,ws,type_c_ladder,type_c_ladder,False,False,0.0846,-0.1091,65,-84.5,strategy_S9-148__TYPE_C:NIFTY:2026-04-13T10:07:30:LONG
2026-04-13,10:08:01,2026-04-13,10:08:04,NIFTY,BUY,TYPE_C,PASSIVE,HIT_BID,23675.8,23668.6,NIFTY13APR2623650CE,23650.0,CE,81.5,80.1,81.38,80.18,85.0,80.0,0.061406,0.062344,ws,ws,type_c_ladder,type_c_ladder,False,False,0.1167,-0.08,65,-91.0,strategy_S9-148__TYPE_C:NIFTY:2026-04-13T10:08:01:LONG
2026-04-13,10:08:15,2026-04-13,10:08:32,NIFTY,SELL,TYPE_C,PASSIVE,HIT_BID,23664.1,23664.05,NIFTY13APR2623700PE,23700.0,PE,101.15,101.05,100.9,101.25,105.0,100.0,0.049505,0.049419,ws,ws,type_c_ladder,type_c_ladder,False,False,0.2526,-0.2045,65,-6.5,strategy_S9-148__TYPE_C:NIFTY:2026-04-13T10:08:15:SHORT
2026-04-13,10:09:19,2026-04-13,10:10:08,NIFTY,BUY,TYPE_C,PASSIVE,HIT_BID,23669.4,23670.1,NIFTY13APR2623650CE,23650.0,CE,79.85,78.5,79.8,78.66,80.0,75.0,0.062696,0.063613,ws,ws,type_c_ladder,type_c_ladder,False,False,0.05,-0.1619,65,-87.75,strategy_S9-148__TYPE_C:NIFTY:2026-04-13T10:09:19:LONG
2026-04-13,10:10:45,2026-04-13,10:10:54,NIFTY,BUY,TYPE_C,PASSIVE,HIT_BID,23677.65,23672.55,NIFTY13APR2623650CE,23650.0,CE,83.0,80.65,82.9,80.84,85.0,80.0,0.060277,0.06192,ws,ws,type_c_ladder,type_c_ladder,False,False,0.0973,-0.1905,65,-152.75,strategy_S9-148__TYPE_C:NIFTY:2026-04-13T10:10:45:LONG
2026-04-13,10:11:01,2026-04-13,10:11:31,NIFTY,SELL,TYPE_C,PASSIVE,HIT_BID,23669.4,23667.5,NIFTY13APR2623700PE,23700.0,PE,98.1,99.55,97.95,99.7,100.0,95.0,0.05102,0.050163,ws,ws,type_c_ladder,type_c_ladder,False,False,0.15,-0.1538,65,94.25,strategy_S9-148__TYPE_C:NIFTY:2026-04-13T10:11:01:SHORT
2026-04-13,10:12:02,2026-04-13,10:12:12,NIFTY,BUY,TYPE_C,PASSIVE,HIT_BID,23678.4,23673.65,NIFTY13APR2623650CE,23650.0,CE,80.85,81.55,80.74,81.63,85.0,80.0,0.06192,0.061237,ws,ws,type_c_ladder,type_c_ladder,False,False,0.1077,-0.0842,65,45.5,strategy_S9-148__TYPE_C:NIFTY:2026-04-13T10:12:02:LONG
2026-04-13,10:12:28,2026-04-13,10:12:35,NIFTY,BUY,TYPE_C,PASSIVE,HIT_BID,23682.05,23676.9,NIFTY13APR2623650CE,23650.0,CE,85.0,80.15,84.95,80.19,85.0,80.0,0.058841,0.062305,ws,ws,type_c_ladder,type_c_ladder,False,False,0.0496,-0.04,65,-315.25,strategy_S9-148__TYPE_C:NIFTY:2026-04-13T10:12:28:LONG
2026-04-13,10:13:48,2026-04-13,10:13:55,NIFTY,SELL,TYPE_C,PASSIVE,HIT_BID,23665.8,23669.25,NIFTY13APR2623700PE,23700.0,PE,97.6,97.05,97.42,97.16,100.0,95.0,0.051295,0.051467,ws,ws,type_c_ladder,type_c_ladder,False,False,0.18,-0.1143,65,-35.75,strategy_S9-148__TYPE_C:NIFTY:2026-04-13T10:13:48:SHORT
2026-04-13,10:14:02,2026-04-13,10:14:29,NIFTY,SELL,TYPE_C,PASSIVE,HIT_BID,23661.7,23658.55,NIFTY13APR2623700PE,23700.0,PE,99.7,101.5,99.67,101.58,100.0,100.0,0.050213,0.049188,ws,ws,type_c_ladder,type_c_ladder,False,False,0.0312,-0.075,65,117.0,strategy_S9-148__TYPE_C:NIFTY:2026-04-13T10:14:02:SHORT
2026-04-13,10:15:12,2026-04-13,10:15:35,NIFTY,SELL,TYPE_C,PASSIVE,HIT_BID,23648.4,23649.1,NIFTY13APR2623650PE,23650.0,PE,77.45,77.45,77.4,77.59,80.0,75.0,0.064641,0.064454,ws,ws,type_c_ladder,type_c_ladder,False,False,0.0533,-0.1375,65,0.0,strategy_S9-148__TYPE_C:NIFTY:2026-04-13T10:15:12:SHORT
2026-04-13,10:15:46,2026-04-13,10:15:53,NIFTY,SELL,TYPE_C,PASSIVE,HIT_BID,23644.0,23647.9,NIFTY13APR2623650PE,23650.0,PE,81.2,79.0,81.18,79.12,85.0,75.0,0.061652,0.063211,ws,ws,type_c_ladder,type_c_ladder,False,False,0.016,-0.1222,65,-143.0,strategy_S9-148__TYPE_C:NIFTY:2026-04-13T10:15:46:SHORT
2026-04-13,10:16:52,2026-04-13,10:17:21,NIFTY,SELL,TYPE_C,PASSIVE,HIT_BID,23640.4,23639.75,NIFTY13APR2623650PE,23650.0,PE,81.4,81.65,81.31,81.66,85.0,80.0,0.061463,0.0612,ws,ws,type_c_ladder,type_c_ladder,False,False,0.0929,-0.0095,65,16.25,strategy_S9-148__TYPE_C:NIFTY:2026-04-13T10:16:52:SHORT
2026-04-13,10:18:10,2026-04-13,10:18:18,NIFTY,BUY,TYPE_C,PASSIVE,HIT_BID,23646.4,23644.35,NIFTY13APR2623600CE,23600.0,CE,87.95,88.2,87.89,88.32,90.0,85.0,0.056899,0.056609,ws,ws,type_c_ladder,type_c_ladder,False,False,0.06,-0.1176,65,16.25,strategy_S9-148__TYPE_C:NIFTY:2026-04-13T10:18:10:LONG
2026-04-13,10:18:53,2026-04-13,10:19:08,NIFTY,BUY,TYPE_C,PASSIVE,HIT_BID,23659.7,23660.7,NIFTY13APR2623650CE,23650.0,CE,68.5,70.75,68.39,70.84,70.0,70.0,0.073099,0.070572,ws,ws,type_c_ladder,type_c_ladder,False,False,0.112,-0.0909,65,146.25,strategy_S9-148__TYPE_C:NIFTY:2026-04-13T10:18:53:LONG
2026-04-13,10:19:37,2026-04-13,10:20:05,NIFTY,BUY,TYPE_C,PASSIVE,HIT_BID,23666.05,23671.5,NIFTY13APR2623650CE,23650.0,CE,73.55,75.65,73.47,75.8,75.0,75.0,0.06805,0.066007,ws,ws,type_c_ladder,type_c_ladder,False,False,0.0833,-0.1478,65,136.5,strategy_S9-148__TYPE_C:NIFTY:2026-04-13T10:19:37:LONG
2026-04-13,10:20:15,2026-04-13,10:20:44,NIFTY,BUY,TYPE_C,PASSIVE,HIT_BID,23676.25,23683.9,NIFTY13APR2623650CE,23650.0,CE,79.6,83.45,79.51,83.49,80.0,80.0,0.062873,0.059862,ws,ws,type_c_ladder,type_c_ladder,False,False,0.0913,-0.0429,65,250.25,strategy_S9-148__TYPE_C:NIFTY:2026-04-13T10:20:15:LONG
2026-04-13,10:21:00,2026-04-13,10:21:42,NIFTY,BUY,TYPE_C,PASSIVE,HIT_BID,23691.25,23705.5,NIFTY13APR2623650CE,23650.0,CE,85.55,104.3,85.45,104.37,90.0,100.0,0.058497,0.047893,ws,ws,type_c_ladder,type_c_ladder,False,False,0.0955,-0.0667,65,1218.75,strategy_S9-148__TYPE_C:NIFTY:2026-04-13T10:21:00:LONG
2026-04-13,10:22:00,2026-04-13,10:22:25,NIFTY,BUY,TYPE_C,PASSIVE,HIT_BID,23710.5,23710.45,NIFTY13APR2623700CE,23700.0,CE,80.2,77.5,80.17,77.66,85.0,75.0,0.062422,0.064433,ws,ws,type_c_ladder,type_c_ladder,False,False,0.0286,-0.16,65,-175.5,strategy_S9-148__TYPE_C:NIFTY:2026-04-13T10:22:00:LONG
2026-04-13,10:22:45,2026-04-13,10:23:13,NIFTY,BUY,TYPE_C,PASSIVE,HIT_BID,23713.3,23716.9,NIFTY13APR2623700CE,23700.0,CE,80.25,80.05,80.16,80.08,85.0,80.0,0.062383,0.062383,ws,ws,type_c_ladder,type_c_ladder,False,False,0.0923,-0.0308,65,-13.0,strategy_S9-148__TYPE_C:NIFTY:2026-04-13T10:22:45:LONG
2026-04-13,10:24:15,2026-04-13,10:24:30,NIFTY,BUY,TYPE_C,PASSIVE,HIT_BID,23717.75,23717.95,NIFTY13APR2623700CE,23700.0,CE,82.05,81.65,81.91,81.67,85.0,80.0,0.060994,0.061143,ws,ws,type_c_ladder,type_c_ladder,False,False,0.1406,-0.0227,65,-26.0,strategy_S9-148__TYPE_C:NIFTY:2026-04-13T10:24:15:LONG
2026-04-13,10:25:25,2026-04-13,10:25:39,NIFTY,SELL,TYPE_C,PASSIVE,HIT_BID,23705.9,23706.0,NIFTY13APR2623750PE,23750.0,PE,98.45,98.0,98.41,98.1,100.0,95.0,0.050865,0.050968,ws,ws,type_c_ladder,type_c_ladder,False,False,0.0429,-0.1,65,-29.25,strategy_S9-148__TYPE_C:NIFTY:2026-04-13T10:25:25:SHORT
2026-04-13,10:26:03,2026-04-13,10:26:21,NIFTY,SELL,TYPE_C,PASSIVE,HIT_BID,23705.95,23708.85,NIFTY13APR2623750PE,23750.0,PE,98.35,97.1,98.34,97.14,100.0,95.0,0.050878,0.051454,ws,ws,type_c_ladder,type_c_ladder,False,False,0.0052,-0.0375,65,-81.25,strategy_S9-148__TYPE_C:NIFTY:2026-04-13T10:26:03:SHORT
2026-04-13,10:26:50,2026-04-13,10:27:46,NIFTY,BUY,TYPE_C,PASSIVE,HIT_BID,23710.95,23724.7,NIFTY13APR2623700CE,23700.0,CE,78.4,84.85,78.33,85.03,80.0,80.0,0.063857,0.058858,ws,ws,type_c_ladder,type_c_ladder,False,False,0.072,-0.1778,65,419.25,strategy_S9-148__TYPE_C:NIFTY:2026-04-13T10:26:50:LONG
2026-04-13,10:28:25,2026-04-13,10:28:41,NIFTY,SELL,TYPE_C,PASSIVE,HIT_BID,23724.65,23723.45,NIFTY13APR2623750PE,23750.0,PE,91.65,90.75,91.55,90.88,95.0,90.0,0.054615,0.055051,ws,ws,type_c_ladder,type_c_ladder,False,False,0.1,-0.1286,65,-58.5,strategy_S9-148__TYPE_C:NIFTY:2026-04-13T10:28:25:SHORT
2026-04-13,10:29:03,2026-04-13,10:29:22,NIFTY,SELL,TYPE_C,PASSIVE,HIT_BID,23718.65,23719.25,NIFTY13APR2623750PE,23750.0,PE,92.75,93.95,92.64,93.96,95.0,90.0,0.053981,0.053177,ws,ws,type_c_ladder,type_c_ladder,False,False,0.1146,-0.0115,65,78.0,strategy_S9-148__TYPE_C:NIFTY:2026-04-13T10:29:03:SHORT
2026-04-13,10:30:25,2026-04-13,10:30:48,NIFTY,BUY,TYPE_C,PASSIVE,HIT_BID,23726.75,23724.55,NIFTY13APR2623700CE,23700.0,CE,81.1,81.85,81.08,81.92,85.0,80.0,0.06169,0.061031,ws,ws,type_c_ladder,type_c_ladder,False,False,0.02,-0.0682,65,48.75,strategy_S9-148__TYPE_C:NIFTY:2026-04-13T10:30:25:LONG
2026-04-13,10:31:32,2026-04-13,10:32:04,NIFTY,SELL,TYPE_C,PASSIVE,HIT_BID,23719.9,23718.1,NIFTY13APR2623750PE,23750.0,PE,91.8,91.6,91.74,91.72,95.0,90.0,0.05454,0.05454,ws,ws,type_c_ladder,type_c_ladder,False,False,0.0645,-0.12,65,-13.0,strategy_S9-148__TYPE_C:NIFTY:2026-04-13T10:31:32:SHORT
2026-04-13,10:32:45,2026-04-13,10:32:51,NIFTY,BUY,TYPE_C,PASSIVE,HIT_BID,23723.85,23720.9,NIFTY13APR2623700CE,23700.0,CE,81.2,80.8,81.11,80.95,85.0,80.0,0.061633,0.061786,ws,ws,type_c_ladder,type_c_ladder,False,False,0.0857,-0.15,65,-26.0,strategy_S9-148__TYPE_C:NIFTY:2026-04-13T10:32:45:LONG
2026-04-13,10:33:30,2026-04-13,10:33:52,NIFTY,SELL,TYPE_C,PASSIVE,HIT_BID,23716.15,23707.85,NIFTY13APR2623750PE,23750.0,PE,93.25,95.4,93.2,95.5,95.0,95.0,0.053677,0.052356,ws,ws,type_c_ladder,type_c_ladder,False,False,0.05,-0.1,65,139.75,strategy_S9-148__TYPE_C:NIFTY:2026-04-13T10:33:30:SHORT
2026-04-13,10:35:05,2026-04-13,10:35:29,NIFTY,BUY,TYPE_C,PASSIVE,HIT_BID,23717.2,23717.75,NIFTY13APR2623700CE,23700.0,CE,79.1,78.0,78.96,78.02,80.0,75.0,0.063291,0.064041,ws,ws,type_c_ladder,type_c_ladder,False,False,0.1368,-0.0231,65,-71.5,strategy_S9-148__TYPE_C:NIFTY:2026-04-13T10:35:05:LONG
2026-04-13,10:35:52,2026-04-13,10:36:45,NIFTY,SELL,TYPE_C,PASSIVE,HIT_BID,23713.15,23706.45,NIFTY13APR2623750PE,23750.0,PE,94.75,94.95,94.54,95.13,95.0,90.0,0.05284,0.052604,ws,ws,type_c_ladder,type_c_ladder,False,False,0.2115,-0.1778,65,13.0,strategy_S9-148__TYPE_C:NIFTY:2026-04-13T10:35:52:SHORT
2026-04-13,10:37:05,2026-04-13,10:37:30,NIFTY,SELL,TYPE_C,PASSIVE,HIT_BID,23702.95,23703.35,NIFTY13APR2623750PE,23750.0,PE,96.1,98.2,96.03,98.26,100.0,95.0,0.052097,0.050865,ws,ws,type_c_ladder,type_c_ladder,False,False,0.0658,-0.0556,65,136.5,strategy_S9-148__TYPE_C:NIFTY:2026-04-13T10:37:05:SHORT
2026-04-13,10:37:47,2026-04-13,10:38:09,NIFTY,BUY,TYPE_C,PASSIVE,HIT_BID,23716.15,23713.25,NIFTY13APR2623700CE,23700.0,CE,72.55,75.25,72.52,75.3,75.0,75.0,0.068989,0.066357,ws,ws,type_c_ladder,type_c_ladder,False,False,0.03,-0.0462,65,175.5,strategy_S9-148__TYPE_C:NIFTY:2026-04-13T10:37:47:LONG
2026-04-13,10:38:17,2026-04-13,10:38:29,NIFTY,SELL,TYPE_C,PASSIVE,HIT_BID,23708.4,23710.7,NIFTY13APR2623750PE,23750.0,PE,94.6,93.3,94.39,93.38,95.0,90.0,0.052924,0.053562,ws,ws,type_c_ladder,type_c_ladder,False,False,0.2109,-0.075,65,-84.5,strategy_S9-148__TYPE_C:NIFTY:2026-04-13T10:38:17:SHORT
2026-04-13,10:38:54,2026-04-13,10:39:04,NIFTY,SELL,TYPE_C,PASSIVE,HIT_BID,23705.2,23708.2,NIFTY13APR2623750PE,23750.0,PE,96.35,94.05,96.33,94.19,100.0,90.0,0.051935,0.053121,ws,ws,type_c_ladder,type_c_ladder,False,False,0.025,-0.135,65,-149.5,strategy_S9-148__TYPE_C:NIFTY:2026-04-13T10:38:54:SHORT
2026-04-13,10:39:18,2026-04-13,10:39:57,NIFTY,BUY,TYPE_C,PASSIVE,HIT_BID,23715.75,23729.1,NIFTY13APR2623700CE,23700.0,CE,78.6,82.65,78.56,82.82,80.0,80.0,0.063694,0.060423,ws,ws,type_c_ladder,type_c_ladder,False,False,0.0389,-0.1736,65,263.25,strategy_S9-148__TYPE_C:NIFTY:2026-04-13T10:39:18:LONG
2026-04-13,10:40:09,2026-04-13,10:40:14,NIFTY,BUY,TYPE_C,PASSIVE,HIT_BID,23734.6,23732.15,NIFTY13APR2623700CE,23700.0,CE,85.1,83.4,84.95,83.43,90.0,80.0,0.058858,0.059916,ws,ws,type_c_ladder,type_c_ladder,False,False,0.1473,-0.03,65,-110.5,strategy_S9-148__TYPE_C:NIFTY:2026-04-13T10:40:09:LONG
2026-04-13,10:41:41,2026-04-13,10:42:00,NIFTY,SELL,TYPE_C,PASSIVE,HIT_BID,23713.65,23707.0,NIFTY13APR2623750PE,23750.0,PE,98.0,93.05,97.95,93.11,100.0,90.0,0.051033,0.053691,ws,ws,type_c_ladder,type_c_ladder,False,False,0.048,-0.06,65,-321.75,strategy_S9-148__TYPE_C:NIFTY:2026-04-13T10:41:41:SHORT
2026-04-13,10:42:51,2026-04-13,10:43:10,NIFTY,SELL,TYPE_C,PASSIVE,HIT_BID,23702.75,23703.1,NIFTY13APR2623750PE,23750.0,PE,99.0,97.7,98.83,97.85,100.0,95.0,0.050556,0.051112,ws,ws,type_c_ladder,type_c_ladder,False,False,0.1744,-0.15,65,-84.5,strategy_S9-148__TYPE_C:NIFTY:2026-04-13T10:42:51:SHORT
2026-04-13,10:43:31,2026-04-13,10:44:13,NIFTY,BUY,TYPE_C,PASSIVE,HIT_BID,23710.1,23715.9,NIFTY13APR2623700CE,23700.0,CE,71.55,76.35,71.5,76.44,75.0,75.0,0.069979,0.065402,ws,ws,type_c_ladder,type_c_ladder,False,False,0.0489,-0.0857,65,312.0,strategy_S9-148__TYPE_C:NIFTY:2026-04-13T10:43:31:LONG
2026-04-13,10:44:50,2026-04-13,10:44:54,NIFTY,BUY,TYPE_C,PASSIVE,HIT_BID,23727.6,23725.55,NIFTY13APR2623700CE,23700.0,CE,78.75,76.85,78.56,77.02,80.0,75.0,0.063573,0.064977,ws,ws,type_c_ladder,type_c_ladder,False,False,0.1895,-0.168,65,-123.5,strategy_S9-148__TYPE_C:NIFTY:2026-04-13T10:44:50:LONG
2026-04-13,10:45:14,2026-04-13,10:45:28,NIFTY,BUY,TYPE_C,PASSIVE,HIT_BID,23732.5,23736.1,NIFTY13APR2623700CE,23700.0,CE,84.5,82.0,84.43,82.13,85.0,80.0,0.059242,0.06092,ws,ws,type_c_ladder,type_c_ladder,False,False,0.0667,-0.1286,65,-162.5,strategy_S9-148__TYPE_C:NIFTY:2026-04-13T10:45:14:LONG
2026-04-13,10:46:19,2026-04-13,10:47:00,NIFTY,BUY,TYPE_C,PASSIVE,HIT_BID,23738.05,23742.4,NIFTY13APR2623700CE,23700.0,CE,84.0,85.1,83.94,85.15,85.0,85.0,0.059559,0.058685,ws,ws,type_c_ladder,type_c_ladder,False,False,0.06,-0.0476,65,71.5,strategy_S9-148__TYPE_C:NIFTY:2026-04-13T10:46:19:LONG
2026-04-13,10:47:25,2026-04-13,10:47:46,NIFTY,SELL,TYPE_C,PASSIVE,HIT_BID,23736.15,23732.2,NIFTY13APR2623750PE,23750.0,PE,81.25,81.9,81.15,81.98,85.0,80.0,0.061614,0.060957,ws,ws,type_c_ladder,type_c_ladder,False,False,0.1,-0.0833,65,42.25,strategy_S9-148__TYPE_C:NIFTY:2026-04-13T10:47:25:SHORT
2026-04-13,10:48:03,2026-04-13,10:48:24,NIFTY,BUY,TYPE_C,PASSIVE,HIT_BID,23739.55,23741.15,NIFTY13APR2623700CE,23700.0,CE,83.7,84.3,83.63,84.49,85.0,80.0,0.059827,0.059224,ws,ws,type_c_ladder,type_c_ladder,False,False,0.0652,-0.1923,65,39.0,strategy_S9-148__TYPE_C:NIFTY:2026-04-13T10:48:03:LONG
2026-04-13,10:48:38,2026-04-13,10:48:49,NIFTY,BUY,TYPE_C,PASSIVE,HIT_BID,23745.4,23740.0,NIFTY13APR2623700CE,23700.0,CE,86.7,82.35,86.62,82.39,90.0,80.0,0.057753,0.060643,ws,ws,type_c_ladder,type_c_ladder,False,False,0.0761,-0.0364,65,-282.75,strategy_S9-148__TYPE_C:NIFTY:2026-04-13T10:48:38:LONG
2026-04-13,10:49:14,2026-04-13,10:49:25,NIFTY,SELL,TYPE_C,PASSIVE,HIT_BID,23729.85,23730.05,NIFTY13APR2623750PE,23750.0,PE,85.5,82.15,85.47,82.32,90.0,80.0,0.058548,0.06079,ws,ws,type_c_ladder,type_c_ladder,False,False,0.0333,-0.1667,65,-217.75,strategy_S9-148__TYPE_C:NIFTY:2026-04-13T10:49:14:SHORT
2026-04-13,10:50:09,2026-04-13,10:50:24,NIFTY,BUY,TYPE_C,PASSIVE,HIT_BID,23734.0,23734.3,NIFTY13APR2623700CE,23700.0,CE,81.25,79.55,81.06,79.66,85.0,75.0,0.061614,0.062794,ws,ws,type_c_ladder,type_c_ladder,False,False,0.1875,-0.1071,65,-110.5,strategy_S9-148__TYPE_C:NIFTY:2026-04-13T10:50:09:LONG
2026-04-13,10:50:41,2026-04-13,10:50:52,NIFTY,BUY,TYPE_C,PASSIVE,HIT_BID,23739.85,23738.45,NIFTY13APR2623700CE,23700.0,CE,84.55,84.3,84.45,84.41,85.0,80.0,0.059207,0.059259,ws,ws,type_c_ladder,type_c_ladder,False,False,0.1043,-0.105,65,-16.25,strategy_S9-148__TYPE_C:NIFTY:2026-04-13T10:50:41:LONG
2026-04-13,10:51:46,2026-04-13,10:52:12,NIFTY,SELL,TYPE_C,PASSIVE,HIT_BID,23734.3,23734.45,NIFTY13APR2623750PE,23750.0,PE,82.55,81.6,82.48,81.61,85.0,80.0,0.060643,0.061218,ws,ws,type_c_ladder,type_c_ladder,False,False,0.0667,-0.01,65,-61.75,strategy_S9-148__TYPE_C:NIFTY:2026-04-13T10:51:46:SHORT
2026-04-13,10:52:23,2026-04-13,10:52:40,NIFTY,BUY,TYPE_C,PASSIVE,HIT_BID,23744.2,23742.65,NIFTY13APR2623700CE,23700.0,CE,84.85,84.2,84.76,84.29,85.0,80.0,0.058997,0.05933,ws,ws,type_c_ladder,type_c_ladder,False,False,0.0857,-0.0923,65,-42.25,strategy_S9-148__TYPE_C:NIFTY:2026-04-13T10:52:23:LONG
2026-04-13,10:53:00,2026-04-13,10:53:11,NIFTY,BUY,TYPE_C,PASSIVE,HIT_BID,23748.2,23748.8,NIFTY13APR2623700CE,23700.0,CE,87.5,88.4,87.48,88.47,90.0,85.0,0.057225,0.056481,ws,ws,type_c_ladder,type_c_ladder,False,False,0.0167,-0.0667,65,58.5,strategy_S9-148__TYPE_C:NIFTY:2026-04-13T10:53:00:LONG
2026-04-13,10:53:16,2026-04-13,10:53:28,NIFTY,BUY,TYPE_C,PASSIVE,HIT_BID,23752.75,23748.6,NIFTY13APR2623750CE,23750.0,CE,63.0,62.3,62.91,62.3,65.0,60.0,0.079428,0.080225,ws,ws,type_c_ladder,type_c_ladder,False,False,0.0933,-0.0045,65,-45.5,strategy_S9-148__TYPE_C:NIFTY:2026-04-13T10:53:16:LONG
2026-04-13,10:54:32,2026-04-13,10:54:45,NIFTY,SELL,TYPE_C,PASSIVE,HIT_BID,23745.2,23745.25,NIFTY13APR2623750PE,23750.0,PE,75.55,75.2,75.41,75.27,80.0,75.0,0.066291,0.066401,ws,ws,type_c_ladder,type_c_ladder,False,False,0.1369,-0.0667,65,-22.75,strategy_S9-148__TYPE_C:NIFTY:2026-04-13T10:54:32:SHORT
2026-04-13,10:55:30,2026-04-13,10:55:44,NIFTY,BUY,TYPE_C,PASSIVE,HIT_BID,23750.35,23744.0,NIFTY13APR2623750CE,23750.0,CE,60.85,59.6,60.81,59.69,65.0,55.0,0.082203,0.083822,ws,ws,type_c_ladder,type_c_ladder,False,False,0.0406,-0.0875,65,-81.25,strategy_S9-148__TYPE_C:NIFTY:2026-04-13T10:55:30:LONG
2026-04-13,10:56:03,2026-04-13,10:56:22,NIFTY,BUY,TYPE_C,PASSIVE,HIT_BID,23751.95,23749.4,NIFTY13APR2623750CE,23750.0,CE,60.8,60.8,60.7,60.81,65.0,60.0,0.082372,0.082136,ws,ws,type_c_ladder,type_c_ladder,False,False,0.0988,-0.0071,65,0.0,strategy_S9-148__TYPE_C:NIFTY:2026-04-13T10:56:03:LONG
2026-04-13,10:56:55,2026-04-13,10:57:10,NIFTY,BUY,TYPE_C,PASSIVE,HIT_BID,23755.05,23755.7,NIFTY13APR2623750CE,23750.0,CE,63.7,67.45,63.6,67.49,65.0,65.0,0.078585,0.074019,ws,ws,type_c_ladder,type_c_ladder,False,False,0.1026,-0.0393,65,243.75,strategy_S9-148__TYPE_C:NIFTY:2026-04-13T10:56:55:LONG
2026-04-13,10:58:18,2026-04-13,10:59:40,NIFTY,SELL,TYPE_C,CONTROLLED,HIT_BID,23750.05,23737.6,NIFTY13APR2623800PE,23800.0,PE,100.2,108.05,100.07,108.27,105.0,105.0,0.04995,0.046221,ws,ws,type_c_ladder,type_c_ladder,True,False,0.1349,-0.2188,65,510.25,strategy_S9-148__TYPE_C:NIFTY:2026-04-13T10:58:18:SHORT
2026-04-13,10:59:45,2026-04-13,10:59:57,NIFTY,SELL,TYPE_C,PASSIVE,HIT_BID,23733.55,23738.8,NIFTY13APR2623750PE,23750.0,PE,77.35,74.45,77.28,74.47,80.0,70.0,0.064725,0.067069,ws,ws,type_c_ladder,type_c_ladder,False,False,0.0667,-0.0174,65,-188.5,strategy_S9-148__TYPE_C:NIFTY:2026-04-13T10:59:45:SHORT
2026-04-13,11:00:02,2026-04-13,11:00:07,NIFTY,BUY,TYPE_C,PASSIVE,HIT_BID,23741.45,23736.8,NIFTY13APR2623700CE,23700.0,CE,83.15,81.45,82.99,81.46,85.0,80.0,0.060205,0.061312,ws,ws,type_c_ladder,type_c_ladder,False,False,0.16,-0.0069,65,-110.5,strategy_S9-148__TYPE_C:NIFTY:2026-04-13T11:00:02:LONG
2026-04-13,11:01:40,2026-04-13,11:02:04,NIFTY,SELL,TYPE_C,PASSIVE,HIT_BID,23733.3,23734.7,NIFTY13APR2623750PE,23750.0,PE,78.5,78.1,78.48,78.15,80.0,75.0,0.063755,0.063939,ws,ws,type_c_ladder,type_c_ladder,False,False,0.0221,-0.0545,65,-26.0,strategy_S9-148__TYPE_C:NIFTY:2026-04-13T11:01:40:SHORT
2026-04-13,11:02:30,2026-04-13,11:02:37,NIFTY,BUY,TYPE_C,PASSIVE,HIT_BID,23737.6,23735.5,NIFTY13APR2623700CE,23700.0,CE,80.9,79.35,80.84,79.56,85.0,75.0,0.061862,0.062913,ws,ws,type_c_ladder,type_c_ladder,False,False,0.06,-0.2095,65,-100.75,strategy_S9-148__TYPE_C:NIFTY:2026-04-13T11:02:30:LONG
2026-04-13,11:03:04,2026-04-13,11:03:10,NIFTY,BUY,TYPE_C,PASSIVE,HIT_BID,23737.65,23735.6,NIFTY13APR2623700CE,23700.0,CE,82.1,80.4,81.94,80.59,85.0,80.0,0.060994,0.062112,ws,ws,type_c_ladder,type_c_ladder,False,False,0.163,-0.1857,65,-110.5,strategy_S9-148__TYPE_C:NIFTY:2026-04-13T11:03:04:LONG
2026-04-13,11:03:50,2026-04-13,11:04:00,NIFTY,SELL,TYPE_C,PASSIVE,HIT_BID,23734.55,23734.6,NIFTY13APR2623750PE,23750.0,PE,79.95,78.35,79.94,78.38,80.0,75.0,0.062617,0.063755,ws,ws,type_c_ladder,type_c_ladder,False,False,0.01,-0.03,65,-104.0,strategy_S9-148__TYPE_C:NIFTY:2026-04-13T11:03:50:SHORT
2026-04-13,11:05:17,2026-04-13,11:05:26,NIFTY,BUY,TYPE_C,PASSIVE,HIT_BID,23746.05,23744.55,NIFTY13APR2623700CE,23700.0,CE,85.35,84.9,85.34,84.99,90.0,80.0,0.058634,0.058858,ws,ws,type_c_ladder,type_c_ladder,False,False,0.0107,-0.0909,65,-29.25,strategy_S9-148__TYPE_C:NIFTY:2026-04-13T11:05:17:LONG
2026-04-13,11:05:46,2026-04-13,11:06:11,NIFTY,BUY,TYPE_C,PASSIVE,HIT_BID,23748.55,23748.4,NIFTY13APR2623700CE,23700.0,CE,88.15,85.8,88.03,85.9,90.0,85.0,0.056802,0.058224,ws,ws,type_c_ladder,type_c_ladder,False,False,0.1207,-0.1,65,-152.75,strategy_S9-148__TYPE_C:NIFTY:2026-04-13T11:05:46:LONG
2026-04-13,11:08:30,2026-04-13,11:08:53,NIFTY,BUY,TYPE_C,PASSIVE,HIT_BID,23745.75,23748.25,NIFTY13APR2623700CE,23700.0,CE,85.85,86.75,85.73,86.78,90.0,85.0,0.058309,0.05762,ws,ws,type_c_ladder,type_c_ladder,False,False,0.1176,-0.0333,65,58.5,strategy_S9-148__TYPE_C:NIFTY:2026-04-13T11:08:30:LONG
2026-04-13,11:09:21,2026-04-13,11:09:49,NIFTY,BUY,TYPE_C,PASSIVE,HIT_BID,23750.4,23750.7,NIFTY13APR2623750CE,23750.0,CE,59.85,60.1,59.83,60.2,60.0,60.0,0.083647,0.083126,ws,ws,type_c_ladder,type_c_ladder,False,False,0.0214,-0.0957,65,16.25,strategy_S9-148__TYPE_C:NIFTY:2026-04-13T11:09:21:LONG
2026-04-13,11:10:21,2026-04-13,11:11:27,NIFTY,SELL,TYPE_C,PASSIVE,HIT_BID,23747.5,23734.1,NIFTY13APR2623750PE,23750.0,PE,70.5,76.95,70.44,77.05,75.0,75.0,0.070998,0.064872,ws,ws,type_c_ladder,type_c_ladder,False,False,0.06,-0.0955,65,419.25,strategy_S9-148__TYPE_C:NIFTY:2026-04-13T11:10:21:SHORT
2026-04-13,11:12:05,2026-04-13,11:12:15,NIFTY,BUY,TYPE_C,PASSIVE,HIT_BID,23740.35,23739.45,NIFTY13APR2623700CE,23700.0,CE,81.55,82.15,81.52,82.17,85.0,80.0,0.061387,0.060772,ws,ws,type_c_ladder,type_c_ladder,False,False,0.0333,-0.017,65,39.0,strategy_S9-148__TYPE_C:NIFTY:2026-04-13T11:12:05:LONG
2026-04-13,11:12:45,2026-04-13,11:13:07,NIFTY,BUY,TYPE_C,PASSIVE,HIT_BID,23745.95,23745.65,NIFTY13APR2623700CE,23700.0,CE,84.8,84.55,84.67,84.61,85.0,80.0,0.059049,0.059067,ws,ws,type_c_ladder,type_c_ladder,False,False,0.1337,-0.0556,65,-16.25,strategy_S9-148__TYPE_C:NIFTY:2026-04-13T11:12:45:LONG
2026-04-13,11:14:45,2026-04-13,11:14:55,NIFTY,SELL,TYPE_C,PASSIVE,HIT_BID,23740.4,23742.9,NIFTY13APR2623750PE,23750.0,PE,74.65,72.8,74.6,72.89,75.0,70.0,0.067069,0.068611,ws,ws,type_c_ladder,type_c_ladder,False,False,0.0455,-0.0917,65,-120.25,strategy_S9-148__TYPE_C:NIFTY:2026-04-13T11:14:45:SHORT
2026-04-13,11:15:03,2026-04-13,11:15:31,NIFTY,BUY,TYPE_C,PASSIVE,HIT_BID,23745.1,23745.8,NIFTY13APR2623700CE,23700.0,CE,84.9,85.95,84.86,86.0,85.0,85.0,0.058962,0.058156,ws,ws,type_c_ladder,type_c_ladder,False,False,0.04,-0.0472,65,68.25,strategy_S9-148__TYPE_C:NIFTY:2026-04-13T11:15:03:LONG
2026-04-13,11:16:31,2026-04-13,11:16:44,NIFTY,BUY,TYPE_C,PASSIVE,HIT_BID,23750.7,23748.35,NIFTY13APR2623750CE,23750.0,CE,58.55,58.65,58.43,58.66,60.0,55.0,0.085507,0.085143,ws,ws,type_c_ladder,type_c_ladder,False,False,0.1179,-0.0129,65,6.5,strategy_S9-148__TYPE_C:NIFTY:2026-04-13T11:16:31:LONG
2026-04-13,11:18:02,2026-04-13,11:18:14,NIFTY,BUY,TYPE_C,PASSIVE,HIT_BID,23750.5,23748.2,NIFTY13APR2623750CE,23750.0,CE,59.45,58.55,59.44,58.61,60.0,55.0,0.084211,0.085324,ws,ws,type_c_ladder,type_c_ladder,False,False,0.0125,-0.0636,65,-58.5,strategy_S9-148__TYPE_C:NIFTY:2026-04-13T11:18:02:LONG
2026-04-13,11:19:51,2026-04-13,11:20:00,NIFTY,SELL,TYPE_C,PASSIVE,HIT_BID,23746.85,23746.9,NIFTY13APR2623750PE,23750.0,PE,69.75,68.3,69.68,68.33,70.0,65.0,0.071788,0.073099,ws,ws,type_c_ladder,type_c_ladder,False,False,0.0667,-0.0273,65,-94.25,strategy_S9-148__TYPE_C:NIFTY:2026-04-13T11:19:51:SHORT
2026-04-13,11:20:40,2026-04-13,11:21:33,NIFTY,SELL,TYPE_C,PASSIVE,HIT_BID,23744.1,23735.05,NIFTY13APR2623750PE,23750.0,PE,70.95,75.6,70.9,75.67,75.0,75.0,0.070572,0.066094,ws,ws,type_c_ladder,type_c_ladder,False,False,0.0481,-0.0667,65,302.25,strategy_S9-148__TYPE_C:NIFTY:2026-04-13T11:20:40:SHORT
2026-04-13,11:21:45,2026-04-13,11:21:59,NIFTY,BUY,TYPE_C,PASSIVE,HIT_BID,23737.5,23736.0,NIFTY13APR2623700CE,23700.0,CE,81.0,78.7,80.91,78.71,85.0,75.0,0.061824,0.063512,ws,ws,type_c_ladder,type_c_ladder,False,False,0.0948,-0.0143,65,-149.5,strategy_S9-148__TYPE_C:NIFTY:2026-04-13T11:21:45:LONG
2026-04-13,11:22:12,2026-04-13,11:23:34,NIFTY,BUY,TYPE_C,PASSIVE,HIT_BID,23742.25,23755.6,NIFTY13APR2623700CE,23700.0,CE,83.8,88.3,83.71,88.35,85.0,85.0,0.059701,0.056545,ws,ws,type_c_ladder,type_c_ladder,False,False,0.0886,-0.0526,65,292.5,strategy_S9-148__TYPE_C:NIFTY:2026-04-13T11:22:12:LONG
2026-04-13,11:23:49,2026-04-13,11:24:03,NIFTY,SELL,TYPE_C,PASSIVE,HIT_BID,23751.8,23751.0,NIFTY13APR2623800PE,23800.0,PE,96.35,95.3,96.14,95.45,100.0,95.0,0.051962,0.052411,ws,ws,type_c_ladder,type_c_ladder,False,False,0.2115,-0.15,65,-68.25,strategy_S9-148__TYPE_C:NIFTY:2026-04-13T11:23:49:SHORT
2026-04-13,11:24:30,2026-04-13,11:24:41,NIFTY,SELL,TYPE_C,PASSIVE,HIT_BID,23746.55,23745.85,NIFTY13APR2623750PE,23750.0,PE,68.55,68.2,68.5,68.24,70.0,65.0,0.073019,0.073233,ws,ws,type_c_ladder,type_c_ladder,False,False,0.0545,-0.0429,65,-22.75,strategy_S9-148__TYPE_C:NIFTY:2026-04-13T11:24:30:SHORT
2026-04-13,11:25:45,2026-04-13,11:26:07,NIFTY,BUY,TYPE_C,PASSIVE,HIT_BID,23754.3,23750.1,NIFTY13APR2623750CE,23750.0,CE,60.0,58.55,59.94,58.59,60.0,55.0,0.083438,0.085288,ws,ws,type_c_ladder,type_c_ladder,False,False,0.06,-0.042,65,-94.25,strategy_S9-148__TYPE_C:NIFTY:2026-04-13T11:25:45:LONG
2026-04-13,11:27:04,2026-04-13,11:27:33,NIFTY,SELL,TYPE_C,PASSIVE,HIT_BID,23747.6,23745.7,NIFTY13APR2623750PE,23750.0,PE,65.2,69.25,65.15,69.34,70.0,65.0,0.076805,0.072098,ws,ws,type_c_ladder,type_c_ladder,False,False,0.0476,-0.0917,65,263.25,strategy_S9-148__TYPE_C:NIFTY:2026-04-13T11:27:04:SHORT
2026-04-13,11:28:47,2026-04-13,11:29:08,NIFTY,BUY,TYPE_C,PASSIVE,HIT_BID,23747.8,23748.0,NIFTY13APR2623700CE,23700.0,CE,83.0,81.55,82.86,81.61,85.0,80.0,0.060314,0.061237,ws,ws,type_c_ladder,type_c_ladder,False,False,0.1429,-0.0632,65,-94.25,strategy_S9-148__TYPE_C:NIFTY:2026-04-13T11:28:47:LONG
2026-04-13,11:29:22,2026-04-13,11:29:34,NIFTY,SELL,TYPE_C,PASSIVE,HIT_BID,23741.8,23745.85,NIFTY13APR2623750PE,23750.0,PE,74.0,73.1,73.94,73.26,75.0,70.0,0.067636,0.068306,ws,ws,type_c_ladder,type_c_ladder,False,False,0.0563,-0.1636,65,-58.5,strategy_S9-148__TYPE_C:NIFTY:2026-04-13T11:29:22:SHORT
2026-04-13,11:29:58,2026-04-13,11:30:15,NIFTY,SELL,TYPE_C,PASSIVE,HIT_BID,23740.4,23742.5,NIFTY13APR2623750PE,23750.0,PE,74.65,73.65,74.54,73.7,75.0,70.0,0.067069,0.067797,ws,ws,type_c_ladder,type_c_ladder,False,False,0.1067,-0.0476,65,-65.0,strategy_S9-148__TYPE_C:NIFTY:2026-04-13T11:29:58:SHORT
2026-04-13,11:30:32,2026-04-13,11:30:53,NIFTY,BUY,TYPE_C,PASSIVE,HIT_BID,23744.25,23745.35,NIFTY13APR2623700CE,23700.0,CE,82.6,83.5,82.56,83.55,85.0,80.0,0.060624,0.059844,ws,ws,type_c_ladder,type_c_ladder,False,False,0.0449,-0.0545,65,58.5,strategy_S9-148__TYPE_C:NIFTY:2026-04-13T11:30:32:LONG
2026-04-13,11:31:01,2026-04-13,11:31:17,NIFTY,BUY,TYPE_C,PASSIVE,HIT_BID,23748.3,23748.35,NIFTY13APR2623700CE,23700.0,CE,83.7,82.4,83.68,82.45,85.0,80.0,0.059809,0.060624,ws,ws,type_c_ladder,type_c_ladder,False,False,0.0162,-0.05,65,-84.5,strategy_S9-148__TYPE_C:NIFTY:2026-04-13T11:31:01:LONG
2026-04-13,11:31:53,2026-04-13,11:32:12,NIFTY,SELL,TYPE_C,PASSIVE,HIT_BID,23740.7,23735.95,NIFTY13APR2623750PE,23750.0,PE,71.65,74.65,71.6,74.68,75.0,70.0,0.069857,0.06689,ws,ws,type_c_ladder,type_c_ladder,False,False,0.0462,-0.0323,65,195.0,strategy_S9-148__TYPE_C:NIFTY:2026-04-13T11:31:53:SHORT
2026-04-13,11:34:06,2026-04-13,11:34:20,NIFTY,BUY,TYPE_C,PASSIVE,HIT_BID,23736.1,23736.55,NIFTY13APR2623700CE,23700.0,CE,75.6,76.5,75.54,76.54,80.0,75.0,0.066225,0.065338,ws,ws,type_c_ladder,type_c_ladder,False,False,0.064,-0.04,65,58.5,strategy_S9-148__TYPE_C:NIFTY:2026-04-13T11:34:06:LONG
2026-04-13,11:35:05,2026-04-13,11:36:07,NIFTY,BUY,TYPE_C,PASSIVE,HIT_BID,23740.85,23751.8,NIFTY13APR2623700CE,23700.0,CE,79.75,84.9,79.62,85.0,80.0,80.0,0.062755,0.058824,ws,ws,type_c_ladder,type_c_ladder,False,False,0.1286,-0.1,65,334.75,strategy_S9-148__TYPE_C:NIFTY:2026-04-13T11:35:05:LONG
2026-04-13,11:36:45,2026-04-13,11:37:10,NIFTY,BUY,TYPE_C,PASSIVE,HIT_BID,23752.4,23752.85,NIFTY13APR2623750CE,23750.0,CE,56.9,58.6,56.81,58.61,60.0,55.0,0.087989,0.085215,ws,ws,type_c_ladder,type_c_ladder,False,False,0.0879,-0.0071,65,110.5,strategy_S9-148__TYPE_C:NIFTY:2026-04-13T11:36:45:LONG
2026-04-13,11:37:18,2026-04-13,11:37:28,NIFTY,BUY,TYPE_C,PASSIVE,HIT_BID,23757.9,23756.65,NIFTY13APR2623750CE,23750.0,CE,59.75,60.35,59.73,60.36,60.0,60.0,0.083787,0.082781,ws,ws,type_c_ladder,type_c_ladder,False,False,0.015,-0.0079,65,39.0,strategy_S9-148__TYPE_C:NIFTY:2026-04-13T11:37:18:LONG
2026-04-13,11:38:16,2026-04-13,11:38:44,NIFTY,BUY,TYPE_C,PASSIVE,HIT_BID,23764.55,23766.95,NIFTY13APR2623750CE,23750.0,CE,63.4,63.6,63.35,63.69,65.0,60.0,0.078927,0.078493,ws,ws,type_c_ladder,type_c_ladder,False,False,0.05,-0.09,65,13.0,strategy_S9-148__TYPE_C:NIFTY:2026-04-13T11:38:16:LONG
2026-04-13,11:39:10,2026-04-13,11:39:36,NIFTY,BUY,TYPE_C,CONTROLLED,HIT_BID,23767.75,23769.0,NIFTY13APR2623750CE,23750.0,CE,65.15,64.2,65.0,64.26,70.0,60.0,0.076864,0.077821,ws,ws,type_c_ladder,type_c_ladder,True,False,0.1479,-0.0556,65,-61.75,strategy_S9-148__TYPE_C:NIFTY:2026-04-13T11:39:10:LONG
2026-04-13,11:39:50,2026-04-13,11:39:57,NIFTY,SELL,TYPE_C,PASSIVE,HIT_BID,23762.0,23762.65,NIFTY13APR2623800PE,23800.0,PE,89.35,87.7,89.25,87.85,90.0,85.0,0.056038,0.056948,ws,ws,type_c_ladder,type_c_ladder,False,False,0.0985,-0.1481,65,-107.25,strategy_S9-148__TYPE_C:NIFTY:2026-04-13T11:39:50:SHORT
2026-04-13,11:40:00,2026-04-13,11:40:16,NIFTY,SELL,TYPE_C,PASSIVE,HIT_BID,23760.95,23762.3,NIFTY13APR2623800PE,23800.0,PE,87.75,86.75,87.59,86.9,90.0,85.0,0.057045,0.057554,ws,ws,type_c_ladder,type_c_ladder,False,False,0.1556,-0.15,65,-65.0,strategy_S9-148__TYPE_C:NIFTY:2026-04-13T11:40:00:SHORT
2026-04-13,11:41:01,2026-04-13,11:41:15,NIFTY,SELL,TYPE_C,PASSIVE,HIT_BID,23760.6,23757.8,NIFTY13APR2623800PE,23800.0,PE,87.35,88.85,87.26,89.01,90.0,85.0,0.057307,0.056196,ws,ws,type_c_ladder,type_c_ladder,False,False,0.0889,-0.1618,65,97.5,strategy_S9-148__TYPE_C:NIFTY:2026-04-13T11:41:01:SHORT
2026-04-13,11:44:11,2026-04-13,11:44:26,NIFTY,BUY,TYPE_C,PASSIVE,HIT_BID,23754.85,23755.55,NIFTY13APR2623750CE,23750.0,CE,56.8,57.05,56.78,57.15,60.0,55.0,0.088145,0.087566,ws,ws,type_c_ladder,type_c_ladder,False,False,0.019,-0.0961,65,16.25,strategy_S9-148__TYPE_C:NIFTY:2026-04-13T11:44:11:LONG
2026-04-13,11:44:46,2026-04-13,11:44:51,NIFTY,BUY,TYPE_C,PASSIVE,HIT_BID,23758.95,23756.7,NIFTY13APR2623750CE,23750.0,CE,59.95,58.75,59.87,58.84,60.0,55.0,0.083507,0.084962,ws,ws,type_c_ladder,type_c_ladder,False,False,0.0813,-0.0918,65,-78.0,strategy_S9-148__TYPE_C:NIFTY:2026-04-13T11:44:46:LONG
2026-04-13,11:45:25,2026-04-13,11:46:04,NIFTY,BUY,TYPE_C,PASSIVE,HIT_BID,23759.9,23761.0,NIFTY13APR2623750CE,23750.0,CE,59.15,64.05,59.15,64.18,60.0,60.0,0.084567,0.077973,ws,ws,type_c_ladder,type_c_ladder,False,False,0.0045,-0.1303,65,318.5,strategy_S9-148__TYPE_C:NIFTY:2026-04-13T11:45:25:LONG
2026-04-13,11:47:25,2026-04-13,11:47:45,NIFTY,SELL,TYPE_C,PASSIVE,HIT_BID,23758.55,23761.1,NIFTY13APR2623800PE,23800.0,PE,83.5,82.1,83.37,82.26,85.0,80.0,0.05997,0.060827,ws,ws,type_c_ladder,type_c_ladder,False,False,0.1296,-0.16,65,-91.0,strategy_S9-148__TYPE_C:NIFTY:2026-04-13T11:47:25:SHORT
2026-04-13,11:48:05,2026-04-13,11:48:56,NIFTY,BUY,TYPE_C,PASSIVE,HIT_BID,23764.65,23771.2,NIFTY13APR2623750CE,23750.0,CE,63.35,65.25,63.35,65.35,65.0,65.0,0.07902,0.07654,ws,ws,type_c_ladder,type_c_ladder,False,False,0.0043,-0.1,65,123.5,strategy_S9-148__TYPE_C:NIFTY:2026-04-13T11:48:05:LONG
2026-04-13,11:49:16,2026-04-13,11:49:23,NIFTY,BUY,TYPE_C,PASSIVE,HIT_BID,23775.5,23773.0,NIFTY13APR2623750CE,23750.0,CE,65.85,65.45,65.71,65.48,70.0,65.0,0.076017,0.076307,ws,ws,type_c_ladder,type_c_ladder,False,False,0.1397,-0.0269,65,-26.0,strategy_S9-148__TYPE_C:NIFTY:2026-04-13T11:49:16:LONG
2026-04-13,11:50:00,2026-04-13,11:51:13,NIFTY,BUY,TYPE_C,PASSIVE,HIT_BID,23778.5,23796.25,NIFTY13APR2623750CE,23750.0,CE,72.75,89.15,72.73,89.24,75.0,85.0,0.068799,0.056038,ws,ws,type_c_ladder,type_c_ladder,False,False,0.0225,-0.0938,65,1066.0,strategy_S9-148__TYPE_C:NIFTY:2026-04-13T11:50:00:LONG
2026-04-13,11:52:19,2026-04-13,11:52:36,NIFTY,SELL,TYPE_C,PASSIVE,HIT_BID,23787.25,23785.55,NIFTY13APR2623800PE,23800.0,PE,68.9,69.85,68.83,69.97,70.0,65.0,0.072648,0.071505,ws,ws,type_c_ladder,type_c_ladder,False,False,0.0667,-0.1154,65,61.75,strategy_S9-148__TYPE_C:NIFTY:2026-04-13T11:52:19:SHORT
2026-04-13,11:52:59,2026-04-13,11:53:10,NIFTY,SELL,TYPE_C,PASSIVE,HIT_BID,23781.35,23783.75,NIFTY13APR2623800PE,23800.0,PE,71.8,70.0,71.63,70.13,75.0,70.0,0.069735,0.071327,ws,ws,type_c_ladder,type_c_ladder,False,False,0.166,-0.1259,65,-117.0,strategy_S9-148__TYPE_C:NIFTY:2026-04-13T11:52:59:SHORT
2026-04-13,11:54:43,2026-04-13,11:55:15,NIFTY,BUY,TYPE_C,PASSIVE,HIT_BID,23792.95,23806.85,NIFTY13APR2623750CE,23750.0,CE,87.2,98.15,87.01,98.19,90.0,95.0,0.057405,0.050878,ws,ws,type_c_ladder,type_c_ladder,False,False,0.1875,-0.0417,65,711.75,strategy_S9-148__TYPE_C:NIFTY:2026-04-13T11:54:43:LONG
2026-04-13,11:55:30,2026-04-13,11:55:40,NIFTY,BUY,TYPE_C,PASSIVE,HIT_BID,23808.9,23808.65,NIFTY13APR2623800CE,23800.0,CE,66.8,65.6,66.79,65.73,70.0,65.0,0.074934,0.076132,ws,ws,type_c_ladder,type_c_ladder,False,False,0.0094,-0.1286,65,-78.0,strategy_S9-148__TYPE_C:NIFTY:2026-04-13T11:55:30:LONG
2026-04-13,11:56:16,2026-04-13,11:57:03,NIFTY,SELL,TYPE_C,PASSIVE,HIT_BID,23802.85,23795.9,NIFTY13APR2623850PE,23850.0,PE,88.85,92.05,88.72,92.2,90.0,90.0,0.056338,0.054259,ws,ws,type_c_ladder,type_c_ladder,False,False,0.125,-0.15,65,208.0,strategy_S9-148__TYPE_C:NIFTY:2026-04-13T11:56:16:SHORT
2026-04-13,11:57:47,2026-04-13,11:58:01,NIFTY,SELL,TYPE_C,PASSIVE,HIT_BID,23792.9,23793.65,NIFTY13APR2623800PE,23800.0,PE,63.35,63.65,63.23,63.66,65.0,60.0,0.079051,0.078462,ws,ws,type_c_ladder,type_c_ladder,False,False,0.1167,-0.0091,65,19.5,strategy_S9-148__TYPE_C:NIFTY:2026-04-13T11:57:47:SHORT
2026-04-13,11:59:28,2026-04-13,11:59:36,NIFTY,SELL,TYPE_C,PASSIVE,HIT_BID,23787.6,23788.65,NIFTY13APR2623800PE,23800.0,PE,68.45,66.5,68.29,66.54,70.0,65.0,0.07318,0.075131,ws,ws,type_c_ladder,type_c_ladder,False,False,0.1645,-0.04,65,-126.75,strategy_S9-148__TYPE_C:NIFTY:2026-04-13T11:59:28:SHORT
2026-04-13,12:00:35,2026-04-13,12:00:41,NIFTY,BUY,TYPE_C,PASSIVE,HIT_BID,23794.65,23792.65,NIFTY13APR2623750CE,23750.0,CE,84.85,83.05,84.82,83.1,85.0,80.0,0.058997,0.060168,ws,ws,type_c_ladder,type_c_ladder,False,False,0.0333,-0.05,65,-117.0,strategy_S9-148__TYPE_C:NIFTY:2026-04-13T12:00:35:LONG
2026-04-13,12:01:00,2026-04-13,12:01:07,NIFTY,BUY,TYPE_C,PASSIVE,HIT_BID,23793.75,23792.95,NIFTY13APR2623750CE,23750.0,CE,85.9,86.35,85.81,86.55,90.0,85.0,0.058292,0.057803,ws,ws,type_c_ladder,type_c_ladder,False,False,0.0909,-0.2,65,29.25,strategy_S9-148__TYPE_C:NIFTY:2026-04-13T12:01:00:LONG
2026-04-13,12:01:26,2026-04-13,12:02:01,NIFTY,SELL,TYPE_C,PASSIVE,HIT_BID,23787.95,23787.7,NIFTY13APR2623800PE,23800.0,PE,66.75,68.1,66.66,68.18,70.0,65.0,0.075019,0.073341,ws,ws,type_c_ladder,type_c_ladder,False,False,0.0914,-0.0783,65,87.75,strategy_S9-148__TYPE_C:NIFTY:2026-04-13T12:01:26:SHORT
2026-04-13,12:04:47,2026-04-13,12:07:19,NIFTY,BUY,TYPE_C,PASSIVE,HIT_BID,23788.5,23804.6,NIFTY13APR2623750CE,23750.0,CE,82.8,88.35,82.67,88.46,85.0,85.0,0.060441,0.056529,ws,ws,type_c_ladder,type_c_ladder,False,False,0.135,-0.1143,65,360.75,strategy_S9-148__TYPE_C:NIFTY:2026-04-13T12:04:47:LONG
2026-04-13,12:07:45,2026-04-13,12:08:15,NIFTY,SELL,TYPE_C,PASSIVE,HIT_BID,23801.7,23801.05,NIFTY13APR2623850PE,23850.0,PE,89.35,89.3,89.22,89.31,90.0,85.0,0.056007,0.055975,ws,ws,type_c_ladder,type_c_ladder,False,False,0.1286,-0.0125,65,-3.25,strategy_S9-148__TYPE_C:NIFTY:2026-04-13T12:07:45:SHORT
2026-04-13,12:08:42,2026-04-13,12:09:06,NIFTY,SELL,TYPE_C,CONTROLLED,HIT_BID,23798.55,23799.5,NIFTY13APR2623800PE,23800.0,PE,60.1,60.2,60.03,60.24,65.0,60.0,0.083264,0.082988,ws,ws,type_c_ladder,type_c_ladder,True,False,0.0692,-0.04,65,6.5,strategy_S9-148__TYPE_C:NIFTY:2026-04-13T12:08:42:SHORT
2026-04-13,12:10:05,2026-04-13,12:10:20,NIFTY,BUY,TYPE_C,PASSIVE,HIT_BID,23801.55,23800.85,NIFTY13APR2623800CE,23800.0,CE,59.45,60.15,59.43,60.29,60.0,60.0,0.084211,0.083022,ws,ws,type_c_ladder,type_c_ladder,False,False,0.0159,-0.1417,65,45.5,strategy_S9-148__TYPE_C:NIFTY:2026-04-13T12:10:05:LONG
2026-04-13,12:10:33,2026-04-13,12:10:41,NIFTY,BUY,TYPE_C,PASSIVE,HIT_BID,23805.05,23805.55,NIFTY13APR2623800CE,23800.0,CE,61.75,62.75,61.74,62.84,65.0,60.0,0.08107,0.079586,ws,ws,type_c_ladder,type_c_ladder,False,False,0.0132,-0.0929,65,65.0,strategy_S9-148__TYPE_C:NIFTY:2026-04-13T12:10:33:LONG
2026-04-13,12:10:49,2026-04-13,12:11:14,NIFTY,BUY,TYPE_C,PASSIVE,HIT_BID,23808.35,23808.55,NIFTY13APR2623800CE,23800.0,CE,63.5,61.8,63.47,61.89,65.0,60.0,0.078833,0.080775,ws,ws,type_c_ladder,type_c_ladder,False,False,0.03,-0.0908,65,-110.5,strategy_S9-148__TYPE_C:NIFTY:2026-04-13T12:10:49:LONG
2026-04-13,12:11:47,2026-04-13,12:11:55,NIFTY,SELL,TYPE_C,PASSIVE,HIT_BID,23801.0,23801.85,NIFTY13APR2623850PE,23850.0,PE,89.65,89.9,89.63,89.95,90.0,85.0,0.055804,0.055556,ws,ws,type_c_ladder,type_c_ladder,False,False,0.0167,-0.05,65,16.25,strategy_S9-148__TYPE_C:NIFTY:2026-04-13T12:11:47:SHORT
2026-04-13,12:12:27,2026-04-13,12:12:36,NIFTY,SELL,TYPE_C,PASSIVE,HIT_BID,23797.6,23799.05,NIFTY13APR2623800PE,23800.0,PE,61.3,58.75,61.23,58.75,65.0,55.0,0.081666,0.085034,ws,ws,type_c_ladder,type_c_ladder,False,False,0.0695,-0.0024,65,-165.75,strategy_S9-148__TYPE_C:NIFTY:2026-04-13T12:12:27:SHORT
2026-04-13,12:13:17,2026-04-13,12:14:41,NIFTY,BUY,TYPE_C,PASSIVE,HIT_BID,23806.15,23813.1,NIFTY13APR2623800CE,23800.0,CE,59.85,65.2,59.82,65.27,60.0,65.0,0.083647,0.076599,ws,ws,type_c_ladder,type_c_ladder,False,False,0.0286,-0.0711,65,347.75,strategy_S9-148__TYPE_C:NIFTY:2026-04-13T12:13:17:LONG
2026-04-13,12:14:45,2026-04-13,12:15:36,NIFTY,BUY,TYPE_C,PASSIVE,HIT_BID,23814.6,23816.3,NIFTY13APR2623800CE,23800.0,CE,66.0,66.8,65.86,66.82,70.0,65.0,0.075844,0.074794,ws,ws,type_c_ladder,type_c_ladder,False,False,0.1355,-0.02,65,52.0,strategy_S9-148__TYPE_C:NIFTY:2026-04-13T12:14:45:LONG
2026-04-13,12:15:45,2026-04-13,12:16:10,NIFTY,SELL,TYPE_C,PASSIVE,HIT_BID,23811.4,23811.4,NIFTY13APR2623850PE,23850.0,PE,82.55,82.6,82.48,82.72,85.0,80.0,0.060643,0.060459,ws,ws,type_c_ladder,type_c_ladder,False,False,0.0714,-0.12,65,3.25,strategy_S9-148__TYPE_C:NIFTY:2026-04-13T12:15:45:SHORT
2026-04-13,12:16:46,2026-04-13,12:16:50,NIFTY,BUY,TYPE_C,PASSIVE,HIT_BID,23814.7,23812.7,NIFTY13APR2623800CE,23800.0,CE,65.3,65.25,65.22,65.37,70.0,65.0,0.076628,0.076511,ws,ws,type_c_ladder,type_c_ladder,False,False,0.0833,-0.1226,65,-3.25,strategy_S9-148__TYPE_C:NIFTY:2026-04-13T12:16:46:LONG
2026-04-13,12:17:31,2026-04-13,12:17:47,NIFTY,SELL,TYPE_C,PASSIVE,HIT_BID,23811.9,23813.3,NIFTY13APR2623850PE,23850.0,PE,81.45,81.3,81.3,81.31,85.0,80.0,0.061463,0.061425,ws,ws,type_c_ladder,type_c_ladder,False,False,0.1548,-0.0089,65,-9.75,strategy_S9-148__TYPE_C:NIFTY:2026-04-13T12:17:31:SHORT
2026-04-13,12:18:09,2026-04-13,12:18:21,NIFTY,SELL,TYPE_C,PASSIVE,HIT_BID,23808.4,23808.75,NIFTY13APR2623850PE,23850.0,PE,82.2,84.25,82.06,84.4,85.0,80.0,0.060883,0.059277,ws,ws,type_c_ladder,type_c_ladder,False,False,0.1364,-0.1478,65,133.25,strategy_S9-148__TYPE_C:NIFTY:2026-04-13T12:18:09:SHORT
2026-04-13,12:18:33,2026-04-13,12:18:45,NIFTY,SELL,TYPE_C,PASSIVE,HIT_BID,23804.5,23807.05,NIFTY13APR2623850PE,23850.0,PE,84.5,82.85,84.41,82.98,85.0,80.0,0.059224,0.060295,ws,ws,type_c_ladder,type_c_ladder,False,False,0.0938,-0.1269,65,-107.25,strategy_S9-148__TYPE_C:NIFTY:2026-04-13T12:18:33:SHORT
2026-04-13,12:19:36,2026-04-13,12:20:13,NIFTY,BUY,TYPE_C,PASSIVE,HIT_BID,23810.2,23819.8,NIFTY13APR2623800CE,23800.0,CE,62.5,67.15,62.46,67.26,65.0,65.0,0.080096,0.074349,ws,ws,type_c_ladder,type_c_ladder,False,False,0.0365,-0.1073,65,302.25,strategy_S9-148__TYPE_C:NIFTY:2026-04-13T12:19:36:LONG
2026-04-13,12:21:34,2026-04-13,12:22:21,NIFTY,SELL,TYPE_C,PASSIVE,HIT_BID,23816.0,23806.05,NIFTY13APR2623850PE,23850.0,PE,79.15,84.9,79.13,84.99,80.0,80.0,0.063231,0.058806,ws,ws,type_c_ladder,type_c_ladder,False,False,0.0205,-0.0893,65,373.75,strategy_S9-148__TYPE_C:NIFTY:2026-04-13T12:21:34:SHORT
2026-04-13,12:22:35,2026-04-13,12:23:12,NIFTY,SELL,TYPE_C,PASSIVE,HIT_BID,23801.7,23799.5,NIFTY13APR2623850PE,23850.0,PE,86.25,86.95,86.14,87.09,90.0,85.0,0.058021,0.057455,ws,ws,type_c_ladder,type_c_ladder,False,False,0.1071,-0.1375,65,45.5,strategy_S9-148__TYPE_C:NIFTY:2026-04-13T12:22:35:SHORT
2026-04-13,12:23:53,2026-04-13,12:24:06,NIFTY,BUY,TYPE_C,PASSIVE,HIT_BID,23801.1,23799.35,NIFTY13APR2623800CE,23800.0,CE,59.95,59.95,59.93,60.08,60.0,55.0,0.083438,0.083264,ws,ws,type_c_ladder,type_c_ladder,False,False,0.0167,-0.1346,65,0.0,strategy_S9-148__TYPE_C:NIFTY:2026-04-13T12:23:53:LONG
2026-04-13,12:25:04,2026-04-13,12:25:22,NIFTY,BUY,TYPE_C,PASSIVE,HIT_BID,23805.7,23809.15,NIFTY13APR2623800CE,23800.0,CE,62.8,63.75,62.74,63.83,65.0,60.0,0.079713,0.078339,ws,ws,type_c_ladder,type_c_ladder,False,False,0.0583,-0.0833,65,61.75,strategy_S9-148__TYPE_C:NIFTY:2026-04-13T12:25:04:LONG
2026-04-13,12:26:16,2026-04-13,12:26:41,NIFTY,BUY,TYPE_C,PASSIVE,HIT_BID,23814.75,23815.15,NIFTY13APR2623800CE,23800.0,CE,64.25,66.2,64.11,66.3,65.0,65.0,0.077912,0.075415,ws,ws,type_c_ladder,type_c_ladder,False,False,0.135,-0.1014,65,126.75,strategy_S9-148__TYPE_C:NIFTY:2026-04-13T12:26:16:LONG
2026-04-13,12:26:47,2026-04-13,12:27:02,NIFTY,BUY,TYPE_C,PASSIVE,HIT_BID,23816.2,23824.5,NIFTY13APR2623800CE,23800.0,CE,66.45,71.1,66.45,71.28,70.0,70.0,0.07533,0.070225,ws,ws,type_c_ladder,type_c_ladder,False,False,0.0028,-0.175,65,302.25,strategy_S9-148__TYPE_C:NIFTY:2026-04-13T12:26:47:LONG
2026-04-13,12:27:35,2026-04-13,12:28:09,NIFTY,BUY,TYPE_C,PASSIVE,HIT_BID,23827.15,23830.55,NIFTY13APR2623800CE,23800.0,CE,74.3,76.0,74.14,76.15,75.0,75.0,0.067385,0.065703,ws,ws,type_c_ladder,type_c_ladder,False,False,0.16,-0.1515,65,110.5,strategy_S9-148__TYPE_C:NIFTY:2026-04-13T12:27:35:LONG
2026-04-13,12:28:43,2026-04-13,12:29:22,NIFTY,BUY,TYPE_C,PASSIVE,HIT_BID,23830.7,23833.95,NIFTY13APR2623800CE,23800.0,CE,75.8,74.65,75.71,74.78,80.0,70.0,0.06605,0.066912,ws,ws,type_c_ladder,type_c_ladder,False,False,0.0864,-0.135,65,-74.75,strategy_S9-148__TYPE_C:NIFTY:2026-04-13T12:28:43:LONG
2026-04-13,12:29:50,2026-04-13,12:30:10,NIFTY,BUY,TYPE_C,PASSIVE,HIT_BID,23835.4,23840.0,NIFTY13APR2623800CE,23800.0,CE,77.65,79.3,77.61,79.49,80.0,75.0,0.064433,0.062972,ws,ws,type_c_ladder,type_c_ladder,False,False,0.0435,-0.1905,65,107.25,strategy_S9-148__TYPE_C:NIFTY:2026-04-13T12:29:50:LONG
2026-04-13,12:31:44,2026-04-13,12:31:56,NIFTY,BUY,TYPE_C,PASSIVE,HIT_BID,23839.2,23837.7,NIFTY13APR2623800CE,23800.0,CE,79.45,76.7,79.28,76.71,80.0,75.0,0.063032,0.065168,ws,ws,type_c_ladder,type_c_ladder,False,False,0.1746,-0.0111,65,-178.75,strategy_S9-148__TYPE_C:NIFTY:2026-04-13T12:31:44:LONG
2026-04-13,12:32:30,2026-04-13,12:32:35,NIFTY,SELL,TYPE_C,PASSIVE,HIT_BID,23833.8,23835.7,NIFTY13APR2623850PE,23850.0,PE,64.8,64.7,64.79,64.84,65.0,60.0,0.07725,0.07719,ws,ws,type_c_ladder,type_c_ladder,False,False,0.0068,-0.1435,65,-6.5,strategy_S9-148__TYPE_C:NIFTY:2026-04-13T12:32:30:SHORT
2026-04-13,12:33:11,2026-04-13,12:33:19,NIFTY,SELL,TYPE_C,PASSIVE,HIT_BID,23833.1,23834.75,NIFTY13APR2623850PE,23850.0,PE,64.65,64.3,64.54,64.32,65.0,60.0,0.077429,0.0777,ws,ws,type_c_ladder,type_c_ladder,False,False,0.1125,-0.02,65,-22.75,strategy_S9-148__TYPE_C:NIFTY:2026-04-13T12:33:11:SHORT
2026-04-13,12:33:38,2026-04-13,12:33:57,NIFTY,SELL,TYPE_C,PASSIVE,HIT_BID,23830.65,23827.1,NIFTY13APR2623850PE,23850.0,PE,66.6,66.5,66.59,66.65,70.0,65.0,0.075103,0.075103,ws,ws,type_c_ladder,type_c_ladder,False,False,0.0071,-0.1486,65,-6.5,strategy_S9-148__TYPE_C:NIFTY:2026-04-13T12:33:38:SHORT
2026-04-13,12:34:16,2026-04-13,12:34:37,NIFTY,SELL,TYPE_C,PASSIVE,HIT_BID,23825.5,23829.2,NIFTY13APR2623850PE,23850.0,PE,67.45,68.15,67.31,68.16,70.0,65.0,0.074212,0.073287,ws,ws,type_c_ladder,type_c_ladder,False,False,0.1412,-0.0125,65,45.5,strategy_S9-148__TYPE_C:NIFTY:2026-04-13T12:34:16:SHORT
2026-04-13,12:36:29,2026-04-13,12:36:45,NIFTY,SELL,TYPE_C,PASSIVE,HIT_BID,23826.15,23824.75,NIFTY13APR2623850PE,23850.0,PE,69.4,69.5,69.35,69.57,70.0,65.0,0.07215,0.071865,ws,ws,type_c_ladder,type_c_ladder,False,False,0.0474,-0.0656,65,6.5,strategy_S9-148__TYPE_C:NIFTY:2026-04-13T12:36:29:SHORT
2026-04-13,12:37:30,2026-04-13,12:37:41,NIFTY,BUY,TYPE_C,PASSIVE,HIT_BID,23831.25,23830.15,NIFTY13APR2623800CE,23800.0,CE,72.0,73.05,71.87,73.25,75.0,70.0,0.069541,0.068353,ws,ws,type_c_ladder,type_c_ladder,False,False,0.1263,-0.1972,65,68.25,strategy_S9-148__TYPE_C:NIFTY:2026-04-13T12:37:30:LONG
2026-04-13,12:38:01,2026-04-13,12:38:41,NIFTY,BUY,TYPE_C,PASSIVE,HIT_BID,23834.45,23841.05,NIFTY13APR2623800CE,23800.0,CE,75.3,76.55,75.28,76.58,80.0,75.0,0.066489,0.065253,ws,ws,type_c_ladder,type_c_ladder,False,False,0.0162,-0.0273,65,81.25,strategy_S9-148__TYPE_C:NIFTY:2026-04-13T12:38:01:LONG
2026-04-13,12:39:15,2026-04-13,12:39:22,NIFTY,BUY,TYPE_C,PASSIVE,HIT_BID,23844.7,23844.0,NIFTY13APR2623800CE,23800.0,CE,77.55,78.05,77.48,78.17,80.0,75.0,0.064516,0.063959,ws,ws,type_c_ladder,type_c_ladder,False,False,0.0722,-0.1179,65,32.5,strategy_S9-148__TYPE_C:NIFTY:2026-04-13T12:39:15:LONG
2026-04-13,12:39:37,2026-04-13,12:39:51,NIFTY,SELL,TYPE_C,PASSIVE,HIT_BID,23836.4,23837.65,NIFTY13APR2623850PE,23850.0,PE,63.2,62.5,63.08,62.51,65.0,60.0,0.079208,0.079936,ws,ws,type_c_ladder,type_c_ladder,False,False,0.1167,-0.0083,65,-45.5,strategy_S9-148__TYPE_C:NIFTY:2026-04-13T12:39:37:SHORT
2026-04-13,12:40:24,2026-04-13,12:40:51,NIFTY,SELL,TYPE_C,PASSIVE,HIT_BID,23830.8,23826.85,NIFTY13APR2623850PE,23850.0,PE,66.2,67.7,66.07,67.83,70.0,65.0,0.075643,0.073746,ws,ws,type_c_ladder,type_c_ladder,False,False,0.1317,-0.1333,65,97.5,strategy_S9-148__TYPE_C:NIFTY:2026-04-13T12:40:24:SHORT
2026-04-13,12:41:30,2026-04-13,12:41:40,NIFTY,BUY,TYPE_C,PASSIVE,HIT_BID,23832.95,23833.15,NIFTY13APR2623800CE,23800.0,CE,73.35,73.3,73.21,73.3,75.0,70.0,0.068259,0.06819,ws,ws,type_c_ladder,type_c_ladder,False,False,0.1429,-0.0042,65,-3.25,strategy_S9-148__TYPE_C:NIFTY:2026-04-13T12:41:30:LONG
2026-04-13,12:42:05,2026-04-13,12:42:24,NIFTY,BUY,TYPE_C,PASSIVE,HIT_BID,23836.0,23836.3,NIFTY13APR2623800CE,23800.0,CE,74.65,74.1,74.53,74.28,75.0,70.0,0.067069,0.067385,ws,ws,type_c_ladder,type_c_ladder,False,False,0.12,-0.1754,65,-35.75,strategy_S9-148__TYPE_C:NIFTY:2026-04-13T12:42:05:LONG
2026-04-13,12:42:44,2026-04-13,12:43:11,NIFTY,BUY,TYPE_C,PASSIVE,HIT_BID,23840.0,23841.0,NIFTY13APR2623800CE,23800.0,CE,76.4,75.5,76.33,75.53,80.0,75.0,0.065552,0.066203,ws,ws,type_c_ladder,type_c_ladder,False,False,0.0686,-0.025,65,-58.5,strategy_S9-148__TYPE_C:NIFTY:2026-04-13T12:42:44:LONG
2026-04-13,12:43:38,2026-04-13,12:43:47,NIFTY,SELL,TYPE_C,PASSIVE,HIT_BID,23837.1,23839.15,NIFTY13APR2623850PE,23850.0,PE,62.0,62.25,61.92,62.26,65.0,60.0,0.080775,0.080225,ws,ws,type_c_ladder,type_c_ladder,False,False,0.0766,-0.01,65,16.25,strategy_S9-148__TYPE_C:NIFTY:2026-04-13T12:43:38:SHORT
2026-04-13,12:44:35,2026-04-13,12:44:41,NIFTY,BUY,TYPE_C,PASSIVE,HIT_BID,23842.0,23840.35,NIFTY13APR2623800CE,23800.0,CE,76.8,75.8,76.67,75.94,80.0,75.0,0.06521,0.065898,ws,ws,type_c_ladder,type_c_ladder,False,False,0.1306,-0.14,65,-65.0,strategy_S9-148__TYPE_C:NIFTY:2026-04-13T12:44:35:LONG
2026-04-13,12:45:45,2026-04-13,12:46:15,NIFTY,SELL,TYPE_C,PASSIVE,HIT_BID,23837.15,23829.55,NIFTY13APR2623850PE,23850.0,PE,62.8,68.45,62.74,68.56,65.0,65.0,0.079713,0.072966,ws,ws,type_c_ladder,type_c_ladder,False,False,0.0577,-0.1138,65,367.25,strategy_S9-148__TYPE_C:NIFTY:2026-04-13T12:45:45:SHORT
2026-04-13,12:46:30,2026-04-13,12:46:50,NIFTY,SELL,TYPE_C,PASSIVE,HIT_BID,23828.3,23828.45,NIFTY13APR2623850PE,23850.0,PE,66.1,65.9,66.05,65.99,70.0,65.0,0.0757,0.075815,ws,ws,type_c_ladder,type_c_ladder,False,False,0.05,-0.0857,65,-13.0,strategy_S9-148__TYPE_C:NIFTY:2026-04-13T12:46:30:SHORT
2026-04-13,12:47:45,2026-04-13,12:47:50,NIFTY,BUY,TYPE_C,PASSIVE,HIT_BID,23831.2,23828.1,NIFTY13APR2623800CE,23800.0,CE,73.15,72.05,73.0,72.06,75.0,70.0,0.068423,0.0693,ws,ws,type_c_ladder,type_c_ladder,False,False,0.1455,-0.0148,65,-71.5,strategy_S9-148__TYPE_C:NIFTY:2026-04-13T12:47:45:LONG
2026-04-13,12:48:13,2026-04-13,12:48:26,NIFTY,BUY,TYPE_C,PASSIVE,HIT_BID,23833.0,23831.2,NIFTY13APR2623800CE,23800.0,CE,74.85,73.05,74.84,73.07,75.0,70.0,0.06689,0.068376,ws,ws,type_c_ladder,type_c_ladder,False,False,0.0105,-0.0187,65,-117.0,strategy_S9-148__TYPE_C:NIFTY:2026-04-13T12:48:13:LONG
2026-04-13,12:49:13,2026-04-13,12:49:42,NIFTY,BUY,TYPE_C,PASSIVE,HIT_BID,23838.65,23838.9,NIFTY13APR2623800CE,23800.0,CE,74.15,73.8,74.01,73.84,75.0,70.0,0.067499,0.067728,ws,ws,type_c_ladder,type_c_ladder,False,False,0.1421,-0.0375,65,-22.75,strategy_S9-148__TYPE_C:NIFTY:2026-04-13T12:49:13:LONG
2026-04-13,12:49:45,2026-04-13,12:49:56,NIFTY,BUY,TYPE_C,PASSIVE,HIT_BID,23842.15,23840.75,NIFTY13APR2623800CE,23800.0,CE,73.85,73.85,73.75,73.9,75.0,70.0,0.067774,0.067636,ws,ws,type_c_ladder,type_c_ladder,False,False,0.0988,-0.05,65,0.0,strategy_S9-148__TYPE_C:NIFTY:2026-04-13T12:49:45:LONG
2026-04-13,12:51:46,2026-04-13,12:52:21,NIFTY,BUY,TYPE_C,PASSIVE,HIT_BID,23840.8,23840.6,NIFTY13APR2623800CE,23800.0,CE,72.95,73.05,72.9,73.06,75.0,70.0,0.068587,0.068353,ws,ws,type_c_ladder,type_c_ladder,False,False,0.05,-0.0071,65,6.5,strategy_S9-148__TYPE_C:NIFTY:2026-04-13T12:51:46:LONG
2026-04-13,12:52:53,2026-04-13,12:53:13,NIFTY,BUY,TYPE_C,PASSIVE,HIT_BID,23844.2,23840.75,NIFTY13APR2623800CE,23800.0,CE,74.15,71.9,74.01,71.97,75.0,70.0,0.067499,0.069469,ws,ws,type_c_ladder,type_c_ladder,False,False,0.1412,-0.0682,65,-146.25,strategy_S9-148__TYPE_C:NIFTY:2026-04-13T12:52:53:LONG
2026-04-13,12:53:38,2026-04-13,12:53:46,NIFTY,BUY,TYPE_C,PASSIVE,HIT_BID,23844.85,23842.1,NIFTY13APR2623800CE,23800.0,CE,73.45,73.05,73.31,73.09,75.0,70.0,0.068143,0.068376,ws,ws,type_c_ladder,type_c_ladder,False,False,0.1385,-0.0375,65,-26.0,strategy_S9-148__TYPE_C:NIFTY:2026-04-13T12:53:38:LONG
2026-04-13,12:54:30,2026-04-13,12:55:11,NIFTY,SELL,TYPE_C,PASSIVE,HIT_BID,23835.55,23819.4,NIFTY13APR2623850PE,23850.0,PE,67.8,70.85,67.79,70.89,70.0,70.0,0.073828,0.070522,ws,ws,type_c_ladder,type_c_ladder,False,False,0.0125,-0.0364,65,198.25,strategy_S9-148__TYPE_C:NIFTY:2026-04-13T12:54:30:SHORT
2026-04-13,12:56:18,2026-04-13,12:57:21,NIFTY,SELL,TYPE_C,PASSIVE,HIT_BID,23813.9,23783.95,NIFTY13APR2623850PE,23850.0,PE,73.95,92.85,73.91,92.92,75.0,90.0,0.067705,0.053792,ws,ws,type_c_ladder,type_c_ladder,False,False,0.0424,-0.0667,65,1228.5,strategy_S9-148__TYPE_C:NIFTY:2026-04-13T12:56:18:SHORT
2026-04-13,12:57:51,2026-04-13,12:58:45,NIFTY,BUY,TYPE_C,PASSIVE,HIT_BID,23800.65,23823.5,NIFTY13APR2623800CE,23800.0,CE,51.65,60.7,51.6,60.81,55.0,60.0,0.096852,0.082271,ws,ws,type_c_ladder,type_c_ladder,False,False,0.0488,-0.1113,65,588.25,strategy_S9-148__TYPE_C:NIFTY:2026-04-13T12:57:51:LONG
2026-04-13,12:59:06,2026-04-13,12:59:12,NIFTY,SELL,TYPE_C,PASSIVE,HIT_BID,23813.1,23814.65,NIFTY13APR2623850PE,23850.0,PE,79.7,77.9,79.6,77.97,80.0,75.0,0.062834,0.064144,ws,ws,type_c_ladder,type_c_ladder,False,False,0.1016,-0.0667,65,-117.0,strategy_S9-148__TYPE_C:NIFTY:2026-04-13T12:59:06:SHORT
2026-04-13,12:59:29,2026-04-13,12:59:47,NIFTY,SELL,TYPE_C,PASSIVE,HIT_BID,23810.2,23810.0,NIFTY13APR2623850PE,23850.0,PE,79.2,75.15,79.15,75.17,80.0,75.0,0.063211,0.066511,ws,ws,type_c_ladder,type_c_ladder,False,False,0.0545,-0.025,65,-263.25,strategy_S9-148__TYPE_C:NIFTY:2026-04-13T12:59:29:SHORT
2026-04-13,13:00:05,2026-04-13,13:00:47,NIFTY,SELL,TYPE_C,PASSIVE,HIT_BID,23803.0,23799.45,NIFTY13APR2623850PE,23850.0,PE,79.6,84.35,79.52,84.47,80.0,80.0,0.062913,0.059224,ws,ws,type_c_ladder,type_c_ladder,False,False,0.0833,-0.1239,65,308.75,strategy_S9-148__TYPE_C:NIFTY:2026-04-13T13:00:05:SHORT
2026-04-13,13:01:00,2026-04-13,13:01:38,NIFTY,BUY,TYPE_C,PASSIVE,HIT_BID,23809.15,23809.4,NIFTY13APR2623800CE,23800.0,CE,57.55,58.25,57.44,58.35,60.0,55.0,0.087032,0.08569,ws,ws,type_c_ladder,type_c_ladder,False,False,0.1097,-0.097,65,45.5,strategy_S9-148__TYPE_C:NIFTY:2026-04-13T13:01:00:LONG
2026-04-13,13:02:18,2026-04-13,13:02:36,NIFTY,SELL,TYPE_C,PASSIVE,HIT_BID,23805.25,23801.85,NIFTY13APR2623850PE,23850.0,PE,80.65,84.65,80.47,84.74,85.0,80.0,0.062073,0.059014,ws,ws,type_c_ladder,type_c_ladder,False,False,0.1833,-0.09,65,260.0,strategy_S9-148__TYPE_C:NIFTY:2026-04-13T13:02:18:SHORT
2026-04-13,13:02:45,2026-04-13,13:03:20,NIFTY,SELL,TYPE_C,PASSIVE,HIT_BID,23796.1,23776.6,NIFTY13APR2623800PE,23800.0,PE,58.25,67.3,58.16,67.42,60.0,65.0,0.085948,0.074184,ws,ws,type_c_ladder,type_c_ladder,False,False,0.0919,-0.1171,65,588.25,strategy_S9-148__TYPE_C:NIFTY:2026-04-13T13:02:45:SHORT
2026-04-13,13:04:00,2026-04-13,13:04:22,NIFTY,BUY,TYPE_C,PASSIVE,HIT_BID,23779.8,23784.85,NIFTY13APR2623750CE,23750.0,CE,67.45,69.2,67.35,69.23,70.0,65.0,0.074212,0.072176,ws,ws,type_c_ladder,type_c_ladder,False,False,0.1,-0.0273,65,113.75,strategy_S9-148__TYPE_C:NIFTY:2026-04-13T13:04:00:LONG
2026-04-13,13:05:15,2026-04-13,13:06:35,NIFTY,BUY,TYPE_C,PASSIVE,HIT_BID,23789.25,23803.7,NIFTY13APR2623750CE,23750.0,CE,72.65,79.8,72.46,79.81,75.0,75.0,0.068918,0.062598,ws,ws,type_c_ladder,type_c_ladder,False,False,0.1917,-0.0125,65,464.75,strategy_S9-148__TYPE_C:NIFTY:2026-04-13T13:05:15:LONG
2026-04-13,13:07:15,2026-04-13,13:07:54,NIFTY,BUY,TYPE_C,PASSIVE,HIT_BID,23806.2,23806.5,NIFTY13APR2623800CE,23800.0,CE,53.3,52.15,53.17,52.18,55.0,50.0,0.093941,0.095831,ws,ws,type_c_ladder,type_c_ladder,False,False,0.1279,-0.0343,65,-74.75,strategy_S9-148__TYPE_C:NIFTY:2026-04-13T13:07:15:LONG
2026-04-13,13:08:35,2026-04-13,13:09:23,NIFTY,BUY,TYPE_C,PASSIVE,HIT_BID,23808.3,23815.15,NIFTY13APR2623800CE,23800.0,CE,53.95,58.5,53.86,58.63,55.0,55.0,0.092764,0.085324,ws,ws,type_c_ladder,type_c_ladder,False,False,0.0857,-0.1294,65,295.75,strategy_S9-148__TYPE_C:NIFTY:2026-04-13T13:08:35:LONG
2026-04-13,13:10:03,2026-04-13,13:10:16,NIFTY,SELL,TYPE_C,PASSIVE,HIT_BID,23807.35,23805.85,NIFTY13APR2623850PE,23850.0,PE,80.0,80.2,79.9,80.38,80.0,80.0,0.062578,0.062247,ws,ws,type_c_ladder,type_c_ladder,False,False,0.1,-0.1802,65,13.0,strategy_S9-148__TYPE_C:NIFTY:2026-04-13T13:10:03:SHORT
2026-04-13,13:11:45,2026-04-13,13:12:29,NIFTY,BUY,TYPE_C,PASSIVE,HIT_BID,23811.1,23813.15,NIFTY13APR2623800CE,23800.0,CE,57.45,60.55,57.45,60.55,60.0,60.0,0.08707,0.082542,ws,ws,type_c_ladder,type_c_ladder,False,False,0.0013,-0.0025,65,201.5,strategy_S9-148__TYPE_C:NIFTY:2026-04-13T13:11:45:LONG
2026-04-13,13:12:51,2026-04-13,13:13:09,NIFTY,BUY,TYPE_C,PASSIVE,HIT_BID,23821.35,23820.15,NIFTY13APR2623800CE,23800.0,CE,61.9,60.3,61.76,60.32,65.0,60.0,0.080873,0.082816,ws,ws,type_c_ladder,type_c_ladder,False,False,0.1389,-0.0196,65,-104.0,strategy_S9-148__TYPE_C:NIFTY:2026-04-13T13:12:51:LONG
2026-04-13,13:13:50,2026-04-13,13:14:13,NIFTY,SELL,TYPE_C,PASSIVE,HIT_BID,23814.35,23809.65,NIFTY13APR2623850PE,23850.0,PE,72.5,75.25,72.4,75.42,75.0,75.0,0.069061,0.066357,ws,ws,type_c_ladder,type_c_ladder,False,False,0.1,-0.175,65,178.75,strategy_S9-148__TYPE_C:NIFTY:2026-04-13T13:13:50:SHORT
2026-04-13,13:14:47,2026-04-13,13:15:41,NIFTY,BUY,TYPE_C,PASSIVE,HIT_BID,23819.95,23825.45,NIFTY13APR2623800CE,23800.0,CE,61.0,64.95,60.92,65.02,65.0,60.0,0.082068,0.076864,ws,ws,type_c_ladder,type_c_ladder,False,False,0.0818,-0.0739,65,256.75,strategy_S9-148__TYPE_C:NIFTY:2026-04-13T13:14:47:LONG
2026-04-13,13:16:12,2026-04-13,13:16:17,NIFTY,SELL,TYPE_C,PASSIVE,HIT_BID,23814.0,23816.95,NIFTY13APR2623850PE,23850.0,PE,70.2,70.2,70.17,70.22,75.0,70.0,0.071327,0.071174,ws,ws,type_c_ladder,type_c_ladder,False,False,0.0286,-0.025,65,0.0,strategy_S9-148__TYPE_C:NIFTY:2026-04-13T13:16:12:SHORT
2026-04-13,13:17:00,2026-04-13,13:17:12,NIFTY,SELL,TYPE_C,PASSIVE,HIT_BID,23810.3,23811.55,NIFTY13APR2623850PE,23850.0,PE,72.85,75.05,72.8,75.14,75.0,75.0,0.068752,0.066556,ws,ws,type_c_ladder,type_c_ladder,False,False,0.0466,-0.09,65,143.0,strategy_S9-148__TYPE_C:NIFTY:2026-04-13T13:17:00:SHORT
2026-04-13,13:17:57,2026-04-13,13:18:05,NIFTY,SELL,TYPE_C,PASSIVE,HIT_BID,23806.7,23808.2,NIFTY13APR2623850PE,23850.0,PE,73.25,72.25,73.15,72.36,75.0,70.0,0.068353,0.069109,ws,ws,type_c_ladder,type_c_ladder,False,False,0.1,-0.1059,65,-65.0,strategy_S9-148__TYPE_C:NIFTY:2026-04-13T13:17:57:SHORT
2026-04-13,13:18:15,2026-04-13,13:19:17,NIFTY,BUY,TYPE_C,PASSIVE,HIT_BID,23818.35,23828.25,NIFTY13APR2623800CE,23800.0,CE,57.8,66.05,57.67,66.11,60.0,65.0,0.086618,0.075614,ws,ws,type_c_ladder,type_c_ladder,False,False,0.1263,-0.0587,65,536.25,strategy_S9-148__TYPE_C:NIFTY:2026-04-13T13:18:15:LONG
2026-04-13,13:19:48,2026-04-13,13:20:13,NIFTY,BUY,TYPE_C,PASSIVE,HIT_BID,23832.1,23836.2,NIFTY13APR2623800CE,23800.0,CE,64.35,64.45,64.35,64.48,65.0,60.0,0.07776,0.077489,ws,ws,type_c_ladder,type_c_ladder,False,False,0.0043,-0.03,65,6.5,strategy_S9-148__TYPE_C:NIFTY:2026-04-13T13:19:48:LONG
2026-04-13,13:21:30,2026-04-13,13:21:38,NIFTY,BUY,TYPE_C,PASSIVE,HIT_BID,23835.05,23829.95,NIFTY13APR2623800CE,23800.0,CE,65.5,64.8,65.35,64.83,70.0,60.0,0.076453,0.077071,ws,ws,type_c_ladder,type_c_ladder,False,False,0.1517,-0.0324,65,-45.5,strategy_S9-148__TYPE_C:NIFTY:2026-04-13T13:21:30:LONG
2026-04-13,13:22:45,2026-04-13,13:23:13,NIFTY,SELL,TYPE_C,PASSIVE,HIT_BID,23828.4,23823.35,NIFTY13APR2623850PE,23850.0,PE,60.35,61.0,60.33,61.01,65.0,60.0,0.082919,0.0819,ws,ws,type_c_ladder,type_c_ladder,False,False,0.0154,-0.01,65,42.25,strategy_S9-148__TYPE_C:NIFTY:2026-04-13T13:22:45:SHORT
2026-04-13,13:24:10,2026-04-13,13:24:37,NIFTY,SELL,TYPE_C,PASSIVE,HIT_BID,23825.05,23823.0,NIFTY13APR2623850PE,23850.0,PE,61.2,62.65,61.14,62.73,65.0,60.0,0.081766,0.079681,ws,ws,type_c_ladder,type_c_ladder,False,False,0.0588,-0.0788,65,94.25,strategy_S9-148__TYPE_C:NIFTY:2026-04-13T13:24:10:SHORT
2026-04-13,13:25:13,2026-04-13,13:25:38,NIFTY,BUY,TYPE_C,PASSIVE,HIT_BID,23829.9,23830.3,NIFTY13APR2623800CE,23800.0,CE,66.35,64.7,66.21,64.82,70.0,60.0,0.075443,0.07716,ws,ws,type_c_ladder,type_c_ladder,False,False,0.1435,-0.1211,65,-107.25,strategy_S9-148__TYPE_C:NIFTY:2026-04-13T13:25:13:LONG
2026-04-13,13:26:39,2026-04-13,13:26:55,NIFTY,SELL,TYPE_C,PASSIVE,HIT_BID,23823.25,23822.4,NIFTY13APR2623850PE,23850.0,PE,62.2,61.45,62.12,61.59,65.0,60.0,0.080451,0.081268,ws,ws,type_c_ladder,type_c_ladder,False,False,0.076,-0.1421,65,-48.75,strategy_S9-148__TYPE_C:NIFTY:2026-04-13T13:26:39:SHORT
2026-04-13,13:28:16,2026-04-13,13:28:32,NIFTY,BUY,TYPE_C,PASSIVE,HIT_BID,23826.1,23826.0,NIFTY13APR2623800CE,23800.0,CE,61.9,61.15,61.76,61.17,65.0,60.0,0.080873,0.081733,ws,ws,type_c_ladder,type_c_ladder,False,False,0.1409,-0.0243,65,-48.75,strategy_S9-148__TYPE_C:NIFTY:2026-04-13T13:28:16:LONG
2026-04-13,13:29:52,2026-04-13,13:30:16,NIFTY,SELL,TYPE_C,PASSIVE,HIT_BID,23825.25,23825.6,NIFTY13APR2623850PE,23850.0,PE,61.0,60.15,60.98,60.21,65.0,60.0,0.082034,0.082988,ws,ws,type_c_ladder,type_c_ladder,False,False,0.0226,-0.0585,65,-55.25,strategy_S9-148__TYPE_C:NIFTY:2026-04-13T13:29:52:SHORT
2026-04-13,13:30:31,2026-04-13,13:30:39,NIFTY,BUY,TYPE_C,PASSIVE,HIT_BID,23831.05,23830.35,NIFTY13APR2623800CE,23800.0,CE,66.4,62.8,66.29,62.92,70.0,60.0,0.075386,0.079491,ws,ws,type_c_ladder,type_c_ladder,False,False,0.1065,-0.1242,65,-234.0,strategy_S9-148__TYPE_C:NIFTY:2026-04-13T13:30:31:LONG
2026-04-13,13:31:30,2026-04-13,13:31:49,NIFTY,SELL,TYPE_C,PASSIVE,HIT_BID,23825.6,23828.05,NIFTY13APR2623850PE,23850.0,PE,60.25,57.95,60.19,58.06,65.0,55.0,0.083091,0.086133,ws,ws,type_c_ladder,type_c_ladder,False,False,0.06,-0.1143,65,-149.5,strategy_S9-148__TYPE_C:NIFTY:2026-04-13T13:31:30:SHORT
2026-04-13,13:32:01,2026-04-13,13:32:26,NIFTY,BUY,TYPE_C,PASSIVE,HIT_BID,23834.8,23833.85,NIFTY13APR2623800CE,23800.0,CE,66.1,64.95,65.94,65.05,70.0,60.0,0.075758,0.076864,ws,ws,type_c_ladder,type_c_ladder,False,False,0.16,-0.0968,65,-74.75,strategy_S9-148__TYPE_C:NIFTY:2026-04-13T13:32:01:LONG
2026-04-13,13:32:30,2026-04-13,13:32:43,NIFTY,BUY,TYPE_C,PASSIVE,HIT_BID,23834.4,23839.7,NIFTY13APR2623800CE,23800.0,CE,65.9,67.8,65.88,67.88,70.0,65.0,0.075959,0.073638,ws,ws,type_c_ladder,type_c_ladder,False,False,0.0225,-0.08,65,123.5,strategy_S9-148__TYPE_C:NIFTY:2026-04-13T13:32:30:LONG
2026-04-13,13:33:02,2026-04-13,13:33:37,NIFTY,BUY,TYPE_C,PASSIVE,HIT_BID,23842.55,23848.65,NIFTY13APR2623800CE,23800.0,CE,70.65,73.8,70.51,73.85,75.0,70.0,0.070847,0.067659,ws,ws,type_c_ladder,type_c_ladder,False,False,0.1385,-0.0522,65,204.75,strategy_S9-148__TYPE_C:NIFTY:2026-04-13T13:33:02:LONG
2026-04-13,13:34:22,2026-04-13,13:34:42,NIFTY,BUY,TYPE_C,PASSIVE,HIT_BID,23851.45,23850.75,NIFTY13APR2623850CE,23850.0,CE,45.5,45.3,45.4,45.3,50.0,45.0,0.110011,0.110254,ws,ws,type_c_ladder,type_c_ladder,False,False,0.0975,-0.0048,65,-13.0,strategy_S9-148__TYPE_C:NIFTY:2026-04-13T13:34:22:LONG
2026-04-13,13:35:09,2026-04-13,13:35:32,NIFTY,SELL,TYPE_C,PASSIVE,HIT_BID,23842.45,23842.15,NIFTY13APR2623850PE,23850.0,PE,47.7,46.85,47.65,46.9,50.0,45.0,0.104932,0.106553,ws,ws,type_c_ladder,type_c_ladder,False,False,0.0545,-0.0522,65,-55.25,strategy_S9-148__TYPE_C:NIFTY:2026-04-13T13:35:09:SHORT
2026-04-13,13:37:05,2026-04-13,13:37:45,NIFTY,BUY,TYPE_C,PASSIVE,HIT_BID,23850.15,23852.2,NIFTY13APR2623850CE,23850.0,CE,39.3,43.05,39.24,43.07,40.0,40.0,0.12747,0.116009,ws,ws,type_c_ladder,type_c_ladder,False,False,0.063,-0.0188,65,243.75,strategy_S9-148__TYPE_C:NIFTY:2026-04-13T13:37:05:LONG
2026-04-13,13:38:30,2026-04-13,13:39:15,NIFTY,SELL,TYPE_C,PASSIVE,HIT_BID,23851.05,23843.5,NIFTY13APR2623900PE,23900.0,PE,74.85,78.65,74.75,78.68,75.0,75.0,0.066867,0.063492,ws,ws,type_c_ladder,type_c_ladder,False,False,0.0955,-0.025,65,247.0,strategy_S9-148__TYPE_C:NIFTY:2026-04-13T13:38:30:SHORT
2026-04-13,13:40:45,2026-04-13,13:40:55,NIFTY,SELL,TYPE_C,PASSIVE,HIT_BID,23839.5,23839.6,NIFTY13APR2623850PE,23850.0,PE,50.15,49.6,50.08,49.65,55.0,45.0,0.09985,0.100654,ws,ws,type_c_ladder,type_c_ladder,False,False,0.0714,-0.054,65,-35.75,strategy_S9-148__TYPE_C:NIFTY:2026-04-13T13:40:45:SHORT
2026-04-13,13:41:33,2026-04-13,13:41:57,NIFTY,SELL,TYPE_C,PASSIVE,HIT_BID,23835.25,23834.1,NIFTY13APR2623850PE,23850.0,PE,49.75,48.25,49.61,48.26,50.0,45.0,0.100654,0.10352,ws,ws,type_c_ladder,type_c_ladder,False,False,0.1355,-0.0111,65,-97.5,strategy_S9-148__TYPE_C:NIFTY:2026-04-13T13:41:33:SHORT
2026-04-13,13:42:15,2026-04-13,13:42:24,NIFTY,BUY,TYPE_C,PASSIVE,HIT_BID,23839.6,23837.5,NIFTY13APR2623800CE,23800.0,CE,67.2,65.85,67.05,65.89,70.0,65.0,0.074488,0.075873,ws,ws,type_c_ladder,type_c_ladder,False,False,0.1456,-0.0448,65,-87.75,strategy_S9-148__TYPE_C:NIFTY:2026-04-13T13:42:15:LONG
2026-04-13,13:42:50,2026-04-13,13:42:55,NIFTY,SELL,TYPE_C,PASSIVE,HIT_BID,23831.6,23832.6,NIFTY13APR2623850PE,23850.0,PE,51.0,49.75,50.99,49.77,55.0,45.0,0.098135,0.100402,ws,ws,type_c_ladder,type_c_ladder,False,False,0.0071,-0.025,65,-81.25,strategy_S9-148__TYPE_C:NIFTY:2026-04-13T13:42:50:SHORT
2026-04-13,13:43:44,2026-04-13,13:44:10,NIFTY,BUY,TYPE_C,PASSIVE,HIT_BID,23838.8,23841.5,NIFTY13APR2623800CE,23800.0,CE,64.75,64.5,64.61,64.59,65.0,60.0,0.07731,0.077429,ws,ws,type_c_ladder,type_c_ladder,False,False,0.1355,-0.0923,65,-16.25,strategy_S9-148__TYPE_C:NIFTY:2026-04-13T13:43:44:LONG
2026-04-13,13:44:59,2026-04-13,13:45:06,NIFTY,SELL,TYPE_C,PASSIVE,HIT_BID,23835.45,23837.3,NIFTY13APR2623850PE,23850.0,PE,48.15,48.15,48.13,48.24,50.0,45.0,0.10395,0.103681,ws,ws,type_c_ladder,type_c_ladder,False,False,0.0231,-0.09,65,0.0,strategy_S9-148__TYPE_C:NIFTY:2026-04-13T13:44:59:SHORT
2026-04-13,13:45:15,2026-04-13,13:45:25,NIFTY,SELL,TYPE_C,PASSIVE,HIT_BID,23832.45,23834.05,NIFTY13APR2623850PE,23850.0,PE,52.85,51.6,52.76,51.65,55.0,50.0,0.094742,0.096805,ws,ws,type_c_ladder,type_c_ladder,False,False,0.0886,-0.05,65,-81.25,strategy_S9-148__TYPE_C:NIFTY:2026-04-13T13:45:15:SHORT
2026-04-13,13:45:45,2026-04-13,13:46:01,NIFTY,SELL,TYPE_C,PASSIVE,HIT_BID,23831.9,23834.3,NIFTY13APR2623850PE,23850.0,PE,53.2,51.95,53.08,52.08,55.0,50.0,0.094118,0.096108,ws,ws,type_c_ladder,type_c_ladder,False,False,0.1224,-0.1312,65,-81.25,strategy_S9-148__TYPE_C:NIFTY:2026-04-13T13:45:45:SHORT
2026-04-13,13:47:13,2026-04-13,13:47:19,NIFTY,BUY,TYPE_C,PASSIVE,HIT_BID,23837.05,23835.7,NIFTY13APR2623800CE,23800.0,CE,61.15,60.05,61.06,60.14,65.0,60.0,0.081833,0.08316,ws,ws,type_c_ladder,type_c_ladder,False,False,0.0947,-0.0875,65,-71.5,strategy_S9-148__TYPE_C:NIFTY:2026-04-13T13:47:13:LONG
2026-04-13,13:48:02,2026-04-13,13:48:05,NIFTY,SELL,TYPE_C,PASSIVE,HIT_BID,23832.65,23833.35,NIFTY13APR2623850PE,23850.0,PE,53.1,53.95,53.02,54.06,55.0,50.0,0.094295,0.09255,ws,ws,type_c_ladder,type_c_ladder,False,False,0.0808,-0.1105,65,55.25,strategy_S9-148__TYPE_C:NIFTY:2026-04-13T13:48:02:SHORT
2026-04-13,13:48:48,2026-04-13,13:49:22,NIFTY,BUY,TYPE_C,PASSIVE,HIT_BID,23837.1,23840.1,NIFTY13APR2623800CE,23800.0,CE,61.5,63.15,61.38,63.26,65.0,60.0,0.0814,0.079051,ws,ws,type_c_ladder,type_c_ladder,False,False,0.1192,-0.1119,65,107.25,strategy_S9-148__TYPE_C:NIFTY:2026-04-13T13:48:48:LONG
2026-04-13,13:50:34,2026-04-13,13:50:35,NIFTY,BUY,TYPE_C,PASSIVE,HIT_BID,23841.8,23839.65,NIFTY13APR2623800CE,23800.0,CE,65.2,65.3,65.07,65.36,70.0,65.0,0.076775,0.076453,ws,ws,type_c_ladder,type_c_ladder,False,False,0.1333,-0.064,65,6.5,strategy_S9-148__TYPE_C:NIFTY:2026-04-13T13:50:34:LONG
2026-04-13,13:50:52,2026-04-13,13:50:55,NIFTY,BUY,TYPE_C,PASSIVE,HIT_BID,23844.65,23840.35,NIFTY13APR2623800CE,23800.0,CE,66.3,66.7,66.11,66.89,70.0,65.0,0.075529,0.07485,ws,ws,type_c_ladder,type_c_ladder,False,False,0.1923,-0.1889,65,26.0,strategy_S9-148__TYPE_C:NIFTY:2026-04-13T13:50:52:LONG
2026-04-13,13:52:03,2026-04-13,13:52:16,NIFTY,BUY,TYPE_C,PASSIVE,HIT_BID,23847.3,23849.1,NIFTY13APR2623800CE,23800.0,CE,71.05,71.05,70.95,71.21,75.0,70.0,0.070472,0.070274,ws,ws,type_c_ladder,type_c_ladder,False,False,0.1,-0.1613,65,0.0,strategy_S9-148__TYPE_C:NIFTY:2026-04-13T13:52:03:LONG
2026-04-13,13:52:32,2026-04-13,13:53:23,NIFTY,BUY,TYPE_C,PASSIVE,HIT_BID,23864.3,23871.1,NIFTY13APR2623850CE,23850.0,CE,48.05,51.75,47.97,51.75,50.0,50.0,0.104167,0.096525,ws,ws,type_c_ladder,type_c_ladder,False,False,0.081,-0.0034,65,240.5,strategy_S9-148__TYPE_C:NIFTY:2026-04-13T13:52:32:LONG
2026-04-13,13:53:30,2026-04-13,13:53:54,NIFTY,SELL,TYPE_C,PASSIVE,HIT_BID,23865.15,23865.5,NIFTY13APR2623900PE,23900.0,PE,60.15,59.55,60.14,59.6,65.0,55.0,0.083229,0.083822,ws,ws,type_c_ladder,type_c_ladder,False,False,0.0136,-0.0476,65,-39.0,strategy_S9-148__TYPE_C:NIFTY:2026-04-13T13:53:30:SHORT
2026-04-13,13:54:23,2026-04-13,13:54:41,NIFTY,BUY,TYPE_C,PASSIVE,HIT_BID,23875.15,23876.35,NIFTY13APR2623850CE,23850.0,CE,55.0,56.85,54.87,56.85,55.0,55.0,0.091033,0.087912,ws,ws,type_c_ladder,type_c_ladder,False,False,0.1275,-0.0014,65,120.25,strategy_S9-148__TYPE_C:NIFTY:2026-04-13T13:54:23:LONG
2026-04-13,13:54:55,2026-04-13,13:55:19,NIFTY,BUY,TYPE_C,PASSIVE,HIT_BID,23881.4,23878.7,NIFTY13APR2623850CE,23850.0,CE,61.35,56.3,61.21,56.31,65.0,55.0,0.081599,0.088771,ws,ws,type_c_ladder,type_c_ladder,False,False,0.1438,-0.0063,65,-328.25,strategy_S9-148__TYPE_C:NIFTY:2026-04-13T13:54:55:LONG
2026-04-13,13:55:36,2026-04-13,13:55:40,NIFTY,BUY,TYPE_C,PASSIVE,HIT_BID,23883.95,23882.65,NIFTY13APR2623850CE,23850.0,CE,61.25,61.1,61.2,61.11,65.0,60.0,0.081699,0.0818,ws,ws,type_c_ladder,type_c_ladder,False,False,0.0474,-0.0115,65,-9.75,strategy_S9-148__TYPE_C:NIFTY:2026-04-13T13:55:36:LONG
2026-04-13,13:55:51,2026-04-13,13:56:11,NIFTY,BUY,TYPE_C,PASSIVE,HIT_BID,23889.45,23888.55,NIFTY13APR2623850CE,23850.0,CE,62.6,62.8,62.51,62.91,65.0,60.0,0.08,0.079523,ws,ws,type_c_ladder,type_c_ladder,False,False,0.0947,-0.11,65,13.0,strategy_S9-148__TYPE_C:NIFTY:2026-04-13T13:55:51:LONG
2026-04-13,13:56:36,2026-04-13,13:57:04,NIFTY,BUY,TYPE_C,PASSIVE,HIT_BID,23894.65,23896.0,NIFTY13APR2623850CE,23850.0,CE,67.0,66.45,66.88,66.48,70.0,65.0,0.074738,0.075131,ws,ws,type_c_ladder,type_c_ladder,False,False,0.1214,-0.0316,65,-35.75,strategy_S9-148__TYPE_C:NIFTY:2026-04-13T13:56:36:LONG
2026-04-13,13:57:15,2026-04-13,13:57:44,NIFTY,BUY,TYPE_C,PASSIVE,HIT_BID,23900.85,23901.2,NIFTY13APR2623900CE,23900.0,CE,42.1,40.6,41.97,40.65,45.0,40.0,0.118977,0.122926,ws,ws,type_c_ladder,type_c_ladder,False,False,0.1316,-0.0472,65,-97.5,strategy_S9-148__TYPE_C:NIFTY:2026-04-13T13:57:15:LONG
2026-04-13,13:58:00,2026-04-13,13:58:05,NIFTY,SELL,TYPE_C,PASSIVE,HIT_BID,23898.05,23902.5,NIFTY13APR2623900PE,23900.0,PE,41.45,39.4,41.29,39.46,45.0,35.0,0.120992,0.126743,ws,ws,type_c_ladder,type_c_ladder,False,False,0.1627,-0.0615,65,-133.25,strategy_S9-148__TYPE_C:NIFTY:2026-04-13T13:58:00:SHORT
2026-04-13,13:58:17,2026-04-13,13:58:38,NIFTY,BUY,TYPE_C,PASSIVE,HIT_BID,23903.45,23902.3,NIFTY13APR2623900CE,23900.0,CE,41.9,40.0,41.88,40.0,45.0,40.0,0.119403,0.124922,ws,ws,type_c_ladder,type_c_ladder,False,False,0.0187,-0.0011,65,-123.5,strategy_S9-148__TYPE_C:NIFTY:2026-04-13T13:58:17:LONG
2026-04-13,13:58:55,2026-04-13,13:59:12,NIFTY,SELL,TYPE_C,PASSIVE,HIT_BID,23897.0,23896.45,NIFTY13APR2623900PE,23900.0,PE,42.25,40.6,42.22,40.69,45.0,40.0,0.118483,0.122926,ws,ws,type_c_ladder,type_c_ladder,False,False,0.0317,-0.0882,65,-107.25,strategy_S9-148__TYPE_C:NIFTY:2026-04-13T13:58:55:SHORT
2026-04-13,13:59:30,2026-04-13,13:59:53,NIFTY,SELL,TYPE_C,PASSIVE,HIT_BID,23892.25,23894.95,NIFTY13APR2623900PE,23900.0,PE,43.45,42.5,43.34,42.5,45.0,40.0,0.115274,0.117509,ws,ws,type_c_ladder,type_c_ladder,False,False,0.1121,-0.0045,65,-61.75,strategy_S9-148__TYPE_C:NIFTY:2026-04-13T13:59:30:SHORT
2026-04-13,14:00:21,2026-04-13,14:00:38,NIFTY,SELL,TYPE_C,PASSIVE,HIT_BID,23889.75,23891.25,NIFTY13APR2623900PE,23900.0,PE,45.65,44.0,45.55,44.06,50.0,40.0,0.109649,0.113507,ws,ws,type_c_ladder,type_c_ladder,False,False,0.0959,-0.0611,65,-107.25,strategy_S9-148__TYPE_C:NIFTY:2026-04-13T14:00:21:SHORT
2026-04-13,14:01:00,2026-04-13,14:01:01,NIFTY,SELL,TYPE_C,PASSIVE,HIT_BID,23887.65,23891.2,NIFTY13APR2623900PE,23900.0,PE,43.4,43.05,43.35,43.1,45.0,40.0,0.115407,0.116009,ws,ws,type_c_ladder,type_c_ladder,False,False,0.0464,-0.0545,65,-22.75,strategy_S9-148__TYPE_C:NIFTY:2026-04-13T14:01:00:SHORT
2026-04-13,14:01:23,2026-04-13,14:01:34,NIFTY,BUY,TYPE_C,PASSIVE,HIT_BID,23894.7,23892.55,NIFTY13APR2623850CE,23850.0,CE,66.0,64.75,65.86,64.78,70.0,60.0,0.075901,0.07719,ws,ws,type_c_ladder,type_c_ladder,False,False,0.1371,-0.025,65,-81.25,strategy_S9-148__TYPE_C:NIFTY:2026-04-13T14:01:23:LONG
2026-04-13,14:02:15,2026-04-13,14:02:20,NIFTY,BUY,TYPE_C,PASSIVE,HIT_BID,23893.95,23891.75,NIFTY13APR2623850CE,23850.0,CE,62.35,61.55,62.27,61.7,65.0,60.0,0.080289,0.081103,ws,ws,type_c_ladder,type_c_ladder,False,False,0.075,-0.1529,65,-52.0,strategy_S9-148__TYPE_C:NIFTY:2026-04-13T14:02:15:LONG
2026-04-13,14:02:30,2026-04-13,14:02:37,NIFTY,SELL,TYPE_C,PASSIVE,HIT_BID,23887.75,23889.6,NIFTY13APR2623900PE,23900.0,PE,42.1,41.95,42.07,41.98,45.0,40.0,0.118906,0.119048,ws,ws,type_c_ladder,type_c_ladder,False,False,0.0286,-0.0261,65,-9.75,strategy_S9-148__TYPE_C:NIFTY:2026-04-13T14:02:30:SHORT
2026-04-13,14:02:47,2026-04-13,14:02:55,NIFTY,SELL,TYPE_C,PASSIVE,HIT_BID,23886.6,23886.95,NIFTY13APR2623900PE,23900.0,PE,44.25,44.45,44.22,44.52,45.0,40.0,0.113058,0.112296,ws,ws,type_c_ladder,type_c_ladder,False,False,0.0312,-0.075,65,13.0,strategy_S9-148__TYPE_C:NIFTY:2026-04-13T14:02:47:SHORT
2026-04-13,14:03:30,2026-04-13,14:03:55,NIFTY,SELL,TYPE_C,PASSIVE,HIT_BID,23885.15,23883.9,NIFTY13APR2623900PE,23900.0,PE,45.8,44.3,45.79,44.39,50.0,40.0,0.10923,0.112676,ws,ws,type_c_ladder,type_c_ladder,False,False,0.01,-0.0913,65,-97.5,strategy_S9-148__TYPE_C:NIFTY:2026-04-13T14:03:30:SHORT
2026-04-13,14:05:43,2026-04-13,14:05:45,NIFTY,SELL,TYPE_C,PASSIVE,HIT_BID,23883.1,23885.75,NIFTY13APR2623900PE,23900.0,PE,44.15,43.8,44.09,43.89,45.0,40.0,0.113443,0.114025,ws,ws,type_c_ladder,type_c_ladder,False,False,0.0609,-0.0944,65,-22.75,strategy_S9-148__TYPE_C:NIFTY:2026-04-13T14:05:43:SHORT
2026-04-13,14:06:59,2026-04-13,14:07:25,NIFTY,SELL,TYPE_C,PASSIVE,HIT_BID,23862.5,23860.3,NIFTY13APR2623900PE,23900.0,PE,59.5,57.7,59.41,57.82,60.0,55.0,0.084104,0.086505,ws,ws,type_c_ladder,type_c_ladder,False,False,0.0905,-0.12,65,-117.0,strategy_S9-148__TYPE_C:NIFTY:2026-04-13T14:06:59:SHORT
2026-04-13,14:08:15,2026-04-13,14:08:27,NIFTY,BUY,TYPE_C,PASSIVE,HIT_BID,23867.35,23870.35,NIFTY13APR2623850CE,23850.0,CE,45.25,46.15,45.12,46.21,50.0,45.0,0.110681,0.108167,ws,ws,type_c_ladder,type_c_ladder,False,False,0.1324,-0.0607,65,58.5,strategy_S9-148__TYPE_C:NIFTY:2026-04-13T14:08:15:LONG
2026-04-13,14:09:26,2026-04-13,14:09:47,NIFTY,SELL,TYPE_C,PASSIVE,HIT_BID,23862.2,23856.3,NIFTY13APR2623900PE,23900.0,PE,57.75,62.65,57.71,62.67,60.0,60.0,0.086693,0.079681,ws,ws,type_c_ladder,type_c_ladder,False,False,0.0389,-0.0222,65,318.5,strategy_S9-148__TYPE_C:NIFTY:2026-04-13T14:09:26:SHORT
2026-04-13,14:10:02,2026-04-13,14:10:15,NIFTY,SELL,TYPE_C,PASSIVE,HIT_BID,23852.15,23846.7,NIFTY13APR2623900PE,23900.0,PE,65.15,69.15,65.05,69.34,70.0,65.0,0.076894,0.072202,ws,ws,type_c_ladder,type_c_ladder,False,False,0.1047,-0.1857,65,260.0,strategy_S9-148__TYPE_C:NIFTY:2026-04-13T14:10:02:SHORT
2026-04-13,14:11:14,2026-04-13,14:11:16,NIFTY,SELL,TYPE_C,PASSIVE,HIT_BID,23844.1,23847.05,NIFTY13APR2623850PE,23850.0,PE,39.0,38.5,38.98,38.58,40.0,35.0,0.128287,0.129702,ws,ws,type_c_ladder,type_c_ladder,False,False,0.025,-0.075,65,-32.5,strategy_S9-148__TYPE_C:NIFTY:2026-04-13T14:11:14:SHORT
2026-04-13,14:11:39,2026-04-13,14:12:06,NIFTY,SELL,TYPE_C,PASSIVE,HIT_BID,23842.7,23838.55,NIFTY13APR2623850PE,23850.0,PE,41.4,45.45,41.38,45.49,45.0,45.0,0.120919,0.10983,ws,ws,type_c_ladder,type_c_ladder,False,False,0.0179,-0.0402,65,263.25,strategy_S9-148__TYPE_C:NIFTY:2026-04-13T14:11:39:SHORT
2026-04-13,14:12:40,2026-04-13,14:13:06,NIFTY,BUY,TYPE_C,PASSIVE,HIT_BID,23843.4,23846.3,NIFTY13APR2623800CE,23800.0,CE,60.25,59.8,60.17,59.91,65.0,55.0,0.083126,0.083507,ws,ws,type_c_ladder,type_c_ladder,False,False,0.075,-0.1091,65,-29.25,strategy_S9-148__TYPE_C:NIFTY:2026-04-13T14:12:40:LONG
2026-04-13,14:13:36,2026-04-13,14:13:55,NIFTY,BUY,TYPE_C,PASSIVE,HIT_BID,23846.15,23848.85,NIFTY13APR2623800CE,23800.0,CE,60.7,62.65,60.63,62.77,65.0,60.0,0.082474,0.079681,ws,ws,type_c_ladder,type_c_ladder,False,False,0.0667,-0.1217,65,126.75,strategy_S9-148__TYPE_C:NIFTY:2026-04-13T14:13:36:LONG
2026-04-13,14:15:00,2026-04-13,14:15:06,NIFTY,BUY,TYPE_C,PASSIVE,HIT_BID,23854.75,23853.05,NIFTY13APR2623850CE,23850.0,CE,34.85,33.6,34.78,33.71,35.0,30.0,0.143781,0.148478,ws,ws,type_c_ladder,type_c_ladder,False,False,0.0717,-0.1087,65,-81.25,strategy_S9-148__TYPE_C:NIFTY:2026-04-13T14:15:00:LONG
2026-04-13,14:15:19,2026-04-13,14:15:25,NIFTY,BUY,TYPE_C,PASSIVE,HIT_BID,23858.75,23855.85,NIFTY13APR2623850CE,23850.0,CE,38.95,37.5,38.91,37.59,40.0,35.0,0.128617,0.133156,ws,ws,type_c_ladder,type_c_ladder,False,False,0.0426,-0.0909,65,-94.25,strategy_S9-148__TYPE_C:NIFTY:2026-04-13T14:15:19:LONG
2026-04-13,14:15:47,2026-04-13,14:16:05,NIFTY,SELL,TYPE_C,PASSIVE,HIT_BID,23848.3,23841.65,NIFTY13APR2623850PE,23850.0,PE,39.85,40.8,39.78,40.81,40.0,40.0,0.125707,0.122399,ws,ws,type_c_ladder,type_c_ladder,False,False,0.0742,-0.0118,65,61.75,strategy_S9-148__TYPE_C:NIFTY:2026-04-13T14:15:47:SHORT
2026-04-13,14:16:50,2026-04-13,14:17:16,NIFTY,SELL,TYPE_C,PASSIVE,HIT_BID,23841.05,23840.5,NIFTY13APR2623850PE,23850.0,PE,40.95,36.5,40.88,36.54,45.0,35.0,0.122324,0.136893,ws,ws,type_c_ladder,type_c_ladder,False,False,0.0721,-0.0417,65,-289.25,strategy_S9-148__TYPE_C:NIFTY:2026-04-13T14:16:50:SHORT
2026-04-13,14:17:43,2026-04-13,14:18:46,NIFTY,BUY,TYPE_C,PASSIVE,HIT_BID,23846.6,23860.8,NIFTY13APR2623800CE,23800.0,CE,63.4,71.5,63.24,71.51,65.0,70.0,0.078989,0.069832,ws,ws,type_c_ladder,type_c_ladder,False,False,0.1585,-0.0111,65,526.5,strategy_S9-148__TYPE_C:NIFTY:2026-04-13T14:17:43:LONG
2026-04-13,14:19:03,2026-04-13,14:19:16,NIFTY,SELL,TYPE_C,PASSIVE,HIT_BID,23846.2,23845.2,NIFTY13APR2623850PE,23850.0,PE,35.25,34.3,35.23,34.4,40.0,30.0,0.142045,0.14556,ws,ws,type_c_ladder,type_c_ladder,False,False,0.0221,-0.0967,65,-61.75,strategy_S9-148__TYPE_C:NIFTY:2026-04-13T14:19:03:SHORT
2026-04-13,14:20:00,2026-04-13,14:20:23,NIFTY,BUY,TYPE_C,PASSIVE,HIT_BID,23856.0,23857.45,NIFTY13APR2623850CE,23850.0,CE,35.95,36.65,35.91,36.78,40.0,35.0,0.139373,0.136147,ws,ws,type_c_ladder,type_c_ladder,False,False,0.0433,-0.1262,65,45.5,strategy_S9-148__TYPE_C:NIFTY:2026-04-13T14:20:00:LONG
2026-04-13,14:21:00,2026-04-13,14:21:15,NIFTY,SELL,TYPE_C,PASSIVE,HIT_BID,23855.9,23857.25,NIFTY13APR2623900PE,23900.0,PE,63.8,63.1,63.64,63.16,65.0,60.0,0.078493,0.079114,ws,ws,type_c_ladder,type_c_ladder,False,False,0.1605,-0.0571,65,-45.5,strategy_S9-148__TYPE_C:NIFTY:2026-04-13T14:21:00:SHORT
2026-04-13,14:22:04,2026-04-13,14:22:35,NIFTY,SELL,TYPE_C,PASSIVE,HIT_BID,23854.6,23854.2,NIFTY13APR2623900PE,23900.0,PE,63.75,62.5,63.67,62.53,65.0,60.0,0.078555,0.079936,ws,ws,type_c_ladder,type_c_ladder,False,False,0.0824,-0.0286,65,-81.25,strategy_S9-148__TYPE_C:NIFTY:2026-04-13T14:22:04:SHORT
2026-04-13,14:22:45,2026-04-13,14:23:03,NIFTY,BUY,TYPE_C,PASSIVE,HIT_BID,23857.95,23863.45,NIFTY13APR2623850CE,23850.0,CE,34.15,38.35,34.06,38.4,35.0,35.0,0.146735,0.130293,ws,ws,type_c_ladder,type_c_ladder,False,False,0.0891,-0.046,65,273.0,strategy_S9-148__TYPE_C:NIFTY:2026-04-13T14:22:45:LONG
2026-04-13,14:23:15,2026-04-13,14:23:26,NIFTY,BUY,TYPE_C,PASSIVE,HIT_BID,23868.5,23866.35,NIFTY13APR2623850CE,23850.0,CE,39.75,40.3,39.65,40.31,40.0,40.0,0.125945,0.123916,ws,ws,type_c_ladder,type_c_ladder,False,False,0.096,-0.0129,65,35.75,strategy_S9-148__TYPE_C:NIFTY:2026-04-13T14:23:15:LONG
2026-04-13,14:24:03,2026-04-13,14:24:22,NIFTY,SELL,TYPE_C,PASSIVE,HIT_BID,23861.55,23858.1,NIFTY13APR2623900PE,23900.0,PE,56.2,57.7,56.17,57.75,60.0,55.0,0.089087,0.086543,ws,ws,type_c_ladder,type_c_ladder,False,False,0.0256,-0.0488,65,97.5,strategy_S9-148__TYPE_C:NIFTY:2026-04-13T14:24:03:SHORT
2026-04-13,14:25:08,2026-04-13,14:25:20,NIFTY,BUY,TYPE_C,PASSIVE,HIT_BID,23867.65,23865.8,NIFTY13APR2623850CE,23850.0,CE,40.35,39.7,40.27,39.78,45.0,35.0,0.124069,0.125786,ws,ws,type_c_ladder,type_c_ladder,False,False,0.0821,-0.0762,65,-42.25,strategy_S9-148__TYPE_C:NIFTY:2026-04-13T14:25:08:LONG
2026-04-13,14:25:35,2026-04-13,14:25:57,NIFTY,BUY,TYPE_C,PASSIVE,HIT_BID,23873.05,23872.95,NIFTY13APR2623850CE,23850.0,CE,44.65,43.85,44.56,43.91,45.0,40.0,0.112108,0.11383,ws,ws,type_c_ladder,type_c_ladder,False,False,0.0875,-0.0611,65,-52.0,strategy_S9-148__TYPE_C:NIFTY:2026-04-13T14:25:35:LONG
2026-04-13,14:26:36,2026-04-13,14:26:40,NIFTY,SELL,TYPE_C,PASSIVE,HIT_BID,23867.4,23871.4,NIFTY13APR2623900PE,23900.0,PE,47.85,45.35,47.82,45.47,50.0,45.0,0.104657,0.110072,ws,ws,type_c_ladder,type_c_ladder,False,False,0.0255,-0.1188,65,-162.5,strategy_S9-148__TYPE_C:NIFTY:2026-04-13T14:26:36:SHORT
2026-04-13,14:26:58,2026-04-13,14:27:06,NIFTY,BUY,TYPE_C,PASSIVE,HIT_BID,23877.15,23875.15,NIFTY13APR2623850CE,23850.0,CE,47.3,46.65,47.21,46.67,50.0,45.0,0.10582,0.107066,ws,ws,type_c_ladder,type_c_ladder,False,False,0.0896,-0.0214,65,-42.25,strategy_S9-148__TYPE_C:NIFTY:2026-04-13T14:26:58:LONG
2026-04-13,14:27:31,2026-04-13,14:27:51,NIFTY,BUY,TYPE_C,PASSIVE,HIT_BID,23877.7,23879.9,NIFTY13APR2623850CE,23850.0,CE,48.2,49.8,48.13,49.81,50.0,45.0,0.103896,0.100301,ws,ws,type_c_ladder,type_c_ladder,False,False,0.072,-0.0111,65,104.0,strategy_S9-148__TYPE_C:NIFTY:2026-04-13T14:27:31:LONG
2026-04-13,14:28:44,2026-04-13,14:28:59,NIFTY,SELL,TYPE_C,PASSIVE,HIT_BID,23873.65,23874.45,NIFTY13APR2623900PE,23900.0,PE,42.65,43.0,42.64,43.14,45.0,40.0,0.117371,0.116077,ws,ws,type_c_ladder,type_c_ladder,False,False,0.0077,-0.1433,65,22.75,strategy_S9-148__TYPE_C:NIFTY:2026-04-13T14:28:44:SHORT
2026-04-13,14:29:03,2026-04-13,14:29:20,NIFTY,SELL,TYPE_C,PASSIVE,HIT_BID,23871.95,23870.5,NIFTY13APR2623900PE,23900.0,PE,45.55,46.45,45.45,46.55,50.0,45.0,0.109951,0.107469,ws,ws,type_c_ladder,type_c_ladder,False,False,0.1021,-0.1,65,58.5,strategy_S9-148__TYPE_C:NIFTY:2026-04-13T14:29:03:SHORT
2026-04-13,14:29:34,2026-04-13,14:29:41,NIFTY,SELL,TYPE_C,PASSIVE,HIT_BID,23867.55,23869.4,NIFTY13APR2623900PE,23900.0,PE,49.25,49.6,49.17,49.63,50.0,45.0,0.101626,0.100705,ws,ws,type_c_ladder,type_c_ladder,False,False,0.0789,-0.0333,65,22.75,strategy_S9-148__TYPE_C:NIFTY:2026-04-13T14:29:34:SHORT
2026-04-13,14:30:00,2026-04-13,14:30:01,NIFTY,SELL,TYPE_C,PASSIVE,HIT_BID,23865.45,23868.5,NIFTY13APR2623900PE,23900.0,PE,47.9,47.3,47.89,47.39,50.0,45.0,0.104548,0.105597,ws,ws,type_c_ladder,type_c_ladder,False,False,0.0096,-0.092,65,-39.0,strategy_S9-148__TYPE_C:NIFTY:2026-04-13T14:30:00:SHORT
2026-04-13,14:30:15,2026-04-13,14:31:06,NIFTY,BUY,TYPE_C,PASSIVE,HIT_BID,23879.35,23887.4,NIFTY13APR2623850CE,23850.0,CE,48.3,52.05,48.23,52.15,50.0,50.0,0.103681,0.095923,ws,ws,type_c_ladder,type_c_ladder,False,False,0.0656,-0.1038,65,243.75,strategy_S9-148__TYPE_C:NIFTY:2026-04-13T14:30:15:LONG
2026-04-13,14:31:22,2026-04-13,14:31:25,NIFTY,SELL,TYPE_C,PASSIVE,HIT_BID,23878.55,23881.15,NIFTY13APR2623900PE,23900.0,PE,36.0,36.05,35.91,36.13,40.0,35.0,0.139082,0.138504,ws,ws,type_c_ladder,type_c_ladder,False,False,0.0876,-0.0829,65,3.25,strategy_S9-148__TYPE_C:NIFTY:2026-04-13T14:31:22:SHORT
2026-04-13,14:32:45,2026-04-13,14:33:02,NIFTY,BUY,TYPE_C,PASSIVE,HIT_BID,23885.5,23885.1,NIFTY13APR2623850CE,23850.0,CE,53.15,53.15,53.08,53.27,55.0,50.0,0.094206,0.093897,ws,ws,type_c_ladder,type_c_ladder,False,False,0.075,-0.1233,65,0.0,strategy_S9-148__TYPE_C:NIFTY:2026-04-13T14:32:45:LONG
2026-04-13,14:33:16,2026-04-13,14:33:43,NIFTY,BUY,TYPE_C,PASSIVE,HIT_BID,23888.25,23888.5,NIFTY13APR2623850CE,23850.0,CE,53.65,59.25,53.61,59.35,55.0,55.0,0.093327,0.084282,ws,ws,type_c_ladder,type_c_ladder,False,False,0.0409,-0.105,65,364.0,strategy_S9-148__TYPE_C:NIFTY:2026-04-13T14:33:16:LONG
2026-04-13,14:34:58,2026-04-13,14:35:25,NIFTY,SELL,TYPE_C,PASSIVE,HIT_BID,23880.65,23877.75,NIFTY13APR2623900PE,23900.0,PE,33.85,36.3,33.76,36.38,35.0,35.0,0.147929,0.137457,ws,ws,type_c_ladder,type_c_ladder,False,False,0.0909,-0.0796,65,159.25,strategy_S9-148__TYPE_C:NIFTY:2026-04-13T14:34:58:SHORT
2026-04-13,14:35:46,2026-04-13,14:36:04,NIFTY,BUY,TYPE_C,PASSIVE,HIT_BID,23882.0,23882.95,NIFTY13APR2623850CE,23850.0,CE,52.1,52.35,52.02,52.45,55.0,50.0,0.096108,0.095374,ws,ws,type_c_ladder,type_c_ladder,False,False,0.075,-0.105,65,16.25,strategy_S9-148__TYPE_C:NIFTY:2026-04-13T14:35:46:LONG
2026-04-13,14:36:41,2026-04-13,14:36:56,NIFTY,SELL,TYPE_C,PASSIVE,HIT_BID,23880.1,23882.1,NIFTY13APR2623900PE,23900.0,PE,34.8,35.05,34.78,35.14,35.0,35.0,0.143885,0.14245,ws,ws,type_c_ladder,type_c_ladder,False,False,0.0167,-0.0922,65,16.25,strategy_S9-148__TYPE_C:NIFTY:2026-04-13T14:36:41:SHORT
2026-04-13,14:37:31,2026-04-13,14:37:57,NIFTY,SELL,TYPE_C,PASSIVE,HIT_BID,23877.7,23878.7,NIFTY13APR2623900PE,23900.0,PE,35.8,33.15,35.79,33.23,40.0,30.0,0.139762,0.150602,ws,ws,type_c_ladder,type_c_ladder,False,False,0.0143,-0.0753,65,-172.25,strategy_S9-148__TYPE_C:NIFTY:2026-04-13T14:37:31:SHORT
2026-04-13,14:38:15,2026-04-13,14:38:35,NIFTY,BUY,TYPE_C,PASSIVE,HIT_BID,23890.5,23895.9,NIFTY13APR2623850CE,23850.0,CE,54.6,54.0,54.59,54.05,55.0,50.0,0.091743,0.09255,ws,ws,type_c_ladder,type_c_ladder,False,False,0.0074,-0.0498,65,-39.0,strategy_S9-148__TYPE_C:NIFTY:2026-04-13T14:38:15:LONG
2026-04-13,14:39:14,2026-04-13,14:39:46,NIFTY,SELL,TYPE_C,PASSIVE,HIT_BID,23887.0,23882.65,NIFTY13APR2623900PE,23900.0,PE,32.95,35.95,32.86,36.04,35.0,35.0,0.151976,0.138793,ws,ws,type_c_ladder,type_c_ladder,False,False,0.091,-0.0935,65,195.0,strategy_S9-148__TYPE_C:NIFTY:2026-04-13T14:39:14:SHORT
2026-04-13,14:40:00,2026-04-13,14:40:20,NIFTY,SELL,TYPE_C,PASSIVE,HIT_BID,23870.65,23872.55,NIFTY13APR2623900PE,23900.0,PE,44.0,44.9,43.96,44.98,45.0,40.0,0.113766,0.111173,ws,ws,type_c_ladder,type_c_ladder,False,False,0.0444,-0.075,65,58.5,strategy_S9-148__TYPE_C:NIFTY:2026-04-13T14:40:00:SHORT
2026-04-13,14:41:17,2026-04-13,14:41:43,NIFTY,BUY,TYPE_C,PASSIVE,HIT_BID,23877.85,23878.15,NIFTY13APR2623850CE,23850.0,CE,39.1,40.2,39.04,40.25,40.0,40.0,0.128123,0.124224,ws,ws,type_c_ladder,type_c_ladder,False,False,0.0608,-0.0455,65,71.5,strategy_S9-148__TYPE_C:NIFTY:2026-04-13T14:41:17:LONG
2026-04-13,14:42:30,2026-04-13,14:42:55,NIFTY,SELL,TYPE_C,PASSIVE,HIT_BID,23869.45,23867.85,NIFTY13APR2623900PE,23900.0,PE,47.85,47.7,47.71,47.72,50.0,45.0,0.104657,0.104712,ws,ws,type_c_ladder,type_c_ladder,False,False,0.1355,-0.0167,65,-9.75,strategy_S9-148__TYPE_C:NIFTY:2026-04-13T14:42:30:SHORT
2026-04-13,14:43:00,2026-04-13,14:43:07,NIFTY,SELL,TYPE_C,PASSIVE,HIT_BID,23864.75,23867.35,NIFTY13APR2623900PE,23900.0,PE,51.85,48.55,51.7,48.65,55.0,45.0,0.096572,0.102828,ws,ws,type_c_ladder,type_c_ladder,False,False,0.1469,-0.0955,65,-214.5,strategy_S9-148__TYPE_C:NIFTY:2026-04-13T14:43:00:SHORT
2026-04-13,14:43:16,2026-04-13,14:43:32,NIFTY,SELL,TYPE_C,PASSIVE,HIT_BID,23862.3,23860.15,NIFTY13APR2623900PE,23900.0,PE,53.65,55.05,53.51,55.11,55.0,55.0,0.093327,0.090703,ws,ws,type_c_ladder,type_c_ladder,False,False,0.1395,-0.0643,65,91.0,strategy_S9-148__TYPE_C:NIFTY:2026-04-13T14:43:16:SHORT
2026-04-13,14:44:07,2026-04-13,14:44:17,NIFTY,SELL,TYPE_C,PASSIVE,HIT_BID,23855.75,23857.9,NIFTY13APR2623900PE,23900.0,PE,57.55,56.95,57.46,56.96,60.0,55.0,0.086994,0.087758,ws,ws,type_c_ladder,type_c_ladder,False,False,0.0938,-0.0101,65,-39.0,strategy_S9-148__TYPE_C:NIFTY:2026-04-13T14:44:07:SHORT
2026-04-13,14:44:35,2026-04-13,14:44:50,NIFTY,BUY,TYPE_C,PASSIVE,HIT_BID,23863.15,23869.55,NIFTY13APR2623850CE,23850.0,CE,26.95,30.4,26.88,30.42,30.0,30.0,0.185874,0.164204,ws,ws,type_c_ladder,type_c_ladder,False,False,0.0723,-0.0204,65,224.25,strategy_S9-148__TYPE_C:NIFTY:2026-04-13T14:44:35:LONG
2026-04-13,14:45:30,2026-04-13,14:45:35,NIFTY,SELL,TYPE_C,PASSIVE,HIT_BID,23854.6,23858.1,NIFTY13APR2623900PE,23900.0,PE,48.5,47.85,48.49,47.86,50.0,45.0,0.103199,0.104439,ws,ws,type_c_ladder,type_c_ladder,False,False,0.0114,-0.0071,65,-42.25,strategy_S9-148__TYPE_C:NIFTY:2026-04-13T14:45:30:SHORT
2026-04-13,14:45:50,2026-04-13,14:46:24,NIFTY,BUY,TYPE_C,PASSIVE,HIT_BID,23864.8,23872.55,NIFTY13APR2623850CE,23850.0,CE,29.3,32.05,29.28,32.08,30.0,30.0,0.17094,0.155642,ws,ws,type_c_ladder,type_c_ladder,False,False,0.0156,-0.0289,65,178.75,strategy_S9-148__TYPE_C:NIFTY:2026-04-13T14:45:50:LONG
2026-04-13,14:47:20,2026-04-13,14:47:25,NIFTY,SELL,TYPE_C,PASSIVE,HIT_BID,23867.5,23869.6,NIFTY13APR2623900PE,23900.0,PE,46.15,45.85,46.12,45.86,50.0,45.0,0.108519,0.108932,ws,ws,type_c_ladder,type_c_ladder,False,False,0.0339,-0.0111,65,-19.5,strategy_S9-148__TYPE_C:NIFTY:2026-04-13T14:47:20:SHORT
2026-04-13,14:48:18,2026-04-13,14:49:34,NIFTY,BUY,TYPE_C,PASSIVE,HIT_BID,23872.2,23885.5,NIFTY13APR2623850CE,23850.0,CE,31.1,43.75,31.08,43.8,35.0,40.0,0.161031,0.114155,ws,ws,type_c_ladder,type_c_ladder,False,False,0.0154,-0.05,65,822.25,strategy_S9-148__TYPE_C:NIFTY:2026-04-13T14:48:18:LONG
2026-04-13,14:50:24,2026-04-13,14:50:33,NIFTY,SELL,TYPE_C,PASSIVE,HIT_BID,23879.8,23879.25,NIFTY13APR2623900PE,23900.0,PE,29.8,28.9,29.8,28.96,30.0,25.0,0.167926,0.172712,ws,ws,type_c_ladder,type_c_ladder,False,False,0.0026,-0.0647,65,-58.5,strategy_S9-148__TYPE_C:NIFTY:2026-04-13T14:50:24:SHORT
2026-04-13,14:51:17,2026-04-13,14:51:29,NIFTY,BUY,TYPE_C,PASSIVE,HIT_BID,23883.85,23882.5,NIFTY13APR2623850CE,23850.0,CE,44.3,44.15,44.21,44.24,45.0,40.0,0.112994,0.113122,ws,ws,type_c_ladder,type_c_ladder,False,False,0.0875,-0.0867,65,-9.75,strategy_S9-148__TYPE_C:NIFTY:2026-04-13T14:51:17:LONG
2026-04-13,14:51:40,2026-04-13,14:52:05,NIFTY,BUY,TYPE_C,PASSIVE,HIT_BID,23887.8,23885.6,NIFTY13APR2623850CE,23850.0,CE,46.9,46.65,46.84,46.71,50.0,45.0,0.106781,0.107009,ws,ws,type_c_ladder,type_c_ladder,False,False,0.0623,-0.0643,65,-16.25,strategy_S9-148__TYPE_C:NIFTY:2026-04-13T14:51:40:LONG
2026-04-13,14:52:26,2026-04-13,14:52:49,NIFTY,BUY,TYPE_C,PASSIVE,HIT_BID,23889.75,23889.85,NIFTY13APR2623850CE,23850.0,CE,48.75,47.65,48.61,47.74,50.0,45.0,0.102722,0.104822,ws,ws,type_c_ladder,type_c_ladder,False,False,0.1437,-0.0895,65,-71.5,strategy_S9-148__TYPE_C:NIFTY:2026-04-13T14:52:26:LONG
2026-04-13,14:53:22,2026-04-13,14:53:31,NIFTY,SELL,TYPE_C,PASSIVE,HIT_BID,23882.25,23884.4,NIFTY13APR2623900PE,23900.0,PE,28.2,25.0,28.11,25.04,30.0,25.0,0.17762,0.1998,ws,ws,type_c_ladder,type_c_ladder,False,False,0.0912,-0.0448,65,-208.0,strategy_S9-148__TYPE_C:NIFTY:2026-04-13T14:53:22:SHORT
2026-04-13,14:54:30,2026-04-13,14:54:48,NIFTY,SELL,TYPE_C,PASSIVE,HIT_BID,23876.75,23880.85,NIFTY13APR2623900PE,23900.0,PE,28.8,26.05,28.77,26.15,30.0,25.0,0.173913,0.191571,ws,ws,type_c_ladder,type_c_ladder,False,False,0.0308,-0.0957,65,-178.75,strategy_S9-148__TYPE_C:NIFTY:2026-04-13T14:54:30:SHORT
2026-04-13,14:55:03,2026-04-13,14:55:25,NIFTY,BUY,TYPE_C,PASSIVE,HIT_BID,23889.25,23893.5,NIFTY13APR2623850CE,23850.0,CE,48.1,52.6,48.06,52.71,50.0,50.0,0.104058,0.094877,ws,ws,type_c_ladder,type_c_ladder,False,False,0.0444,-0.1105,65,292.5,strategy_S9-148__TYPE_C:NIFTY:2026-04-13T14:55:03:LONG
2026-04-13,14:56:09,2026-04-13,14:56:18,NIFTY,SELL,TYPE_C,PASSIVE,HIT_BID,23887.35,23889.7,NIFTY13APR2623900PE,23900.0,PE,22.8,21.05,22.77,21.1,25.0,20.0,0.21978,0.236967,ws,ws,type_c_ladder,type_c_ladder,False,False,0.0345,-0.0474,65,-113.75,strategy_S9-148__TYPE_C:NIFTY:2026-04-13T14:56:09:SHORT
2026-04-13,14:56:30,2026-04-13,14:56:42,NIFTY,SELL,TYPE_C,PASSIVE,HIT_BID,23886.1,23886.6,NIFTY13APR2623900PE,23900.0,PE,23.05,22.45,23.01,22.49,25.0,20.0,0.217391,0.222222,ws,ws,type_c_ladder,type_c_ladder,False,False,0.0415,-0.0354,65,-39.0,strategy_S9-148__TYPE_C:NIFTY:2026-04-13T14:56:30:SHORT
2026-04-13,14:57:00,2026-04-13,14:57:06,NIFTY,SELL,TYPE_C,PASSIVE,HIT_BID,23884.35,23885.3,NIFTY13APR2623900PE,23900.0,PE,23.8,22.3,23.75,22.35,25.0,20.0,0.210305,0.223964,ws,ws,type_c_ladder,type_c_ladder,False,False,0.0494,-0.0466,65,-97.5,strategy_S9-148__TYPE_C:NIFTY:2026-04-13T14:57:00:SHORT
2026-04-13,14:57:31,2026-04-13,14:57:55,NIFTY,SELL,TYPE_C,PASSIVE,HIT_BID,23883.45,23884.55,NIFTY13APR2623900PE,23900.0,PE,21.65,20.2,21.63,20.23,25.0,20.0,0.231214,0.246914,ws,ws,type_c_ladder,type_c_ladder,False,False,0.02,-0.0333,65,-94.25,strategy_S9-148__TYPE_C:NIFTY:2026-04-13T14:57:31:SHORT
2026-04-13,14:58:32,2026-04-13,14:58:54,NIFTY,BUY,TYPE_C,PASSIVE,HIT_BID,23891.9,23895.1,NIFTY13APR2623850CE,23850.0,CE,46.05,50.9,46.01,50.98,50.0,50.0,0.108696,0.098135,ws,ws,type_c_ladder,type_c_ladder,False,False,0.0444,-0.0846,65,315.25,strategy_S9-148__TYPE_C:NIFTY:2026-04-13T14:58:32:LONG
2026-04-13,14:59:38,2026-04-13,15:01:07,NIFTY,SELL,TYPE_C,PASSIVE,HIT_BID,23888.75,23844.3,NIFTY13APR2623900PE,23900.0,PE,21.7,55.75,21.61,55.81,25.0,55.0,0.230947,0.089526,ws,ws,type_c_ladder,type_c_ladder,False,False,0.0923,-0.0556,65,2213.25,strategy_S9-148__TYPE_C:NIFTY:2026-04-13T14:59:38:SHORT
2026-04-13,15:01:30,2026-04-13,15:01:47,NIFTY,SELL,TYPE_C,PASSIVE,HIT_BID,23834.7,23828.35,NIFTY13APR2623850PE,23850.0,PE,20.65,24.1,20.6,24.11,25.0,20.0,0.242424,0.207254,ws,ws,type_c_ladder,type_c_ladder,False,False,0.0469,-0.0071,65,224.25,strategy_S9-148__TYPE_C:NIFTY:2026-04-13T15:01:30:SHORT
2026-04-13,15:02:06,2026-04-13,15:02:40,NIFTY,BUY,TYPE_C,PASSIVE,HIT_BID,23845.5,23860.9,NIFTY13APR2623800CE,23800.0,CE,51.75,55.2,51.6,55.29,55.0,55.0,0.096805,0.090375,ws,ws,type_c_ladder,type_c_ladder,False,False,0.1455,-0.0929,65,224.25,strategy_S9-148__TYPE_C:NIFTY:2026-04-13T15:02:06:LONG
2026-04-13,15:02:49,2026-04-13,15:03:13,NIFTY,BUY,TYPE_C,PASSIVE,HIT_BID,23867.4,23880.4,NIFTY13APR2623850CE,23850.0,CE,14.55,22.45,14.48,22.52,15.0,20.0,0.344828,0.222222,ws,ws,type_c_ladder,type_c_ladder,False,False,0.0711,-0.072,65,513.5,strategy_S9-148__TYPE_C:NIFTY:2026-04-13T15:02:49:LONG
2026-04-13,15:03:52,2026-04-13,15:04:07,NIFTY,SELL,TYPE_C,PASSIVE,HIT_BID,23870.95,23863.35,NIFTY13APR2623900PE,23900.0,PE,40.9,41.9,40.83,41.95,45.0,40.0,0.122474,0.119119,ws,ws,type_c_ladder,type_c_ladder,False,False,0.072,-0.0545,65,65.0,strategy_S9-148__TYPE_C:NIFTY:2026-04-13T15:03:52:SHORT
2026-04-13,15:04:15,2026-04-13,15:05:04,NIFTY,SELL,TYPE_C,PASSIVE,HIT_BID,23855.2,23843.1,NIFTY13APR2623900PE,23900.0,PE,43.65,51.45,43.56,51.49,45.0,50.0,0.114745,0.09704,ws,ws,type_c_ladder,type_c_ladder,False,False,0.0889,-0.0375,65,507.0,strategy_S9-148__TYPE_C:NIFTY:2026-04-13T15:04:15:SHORT
2026-04-13,15:05:20,2026-04-13,15:05:54,NIFTY,SELL,TYPE_C,PASSIVE,HIT_BID,23832.85,23833.75,NIFTY13APR2623850PE,23850.0,PE,12.1,12.05,12.05,12.11,15.0,10.0,0.414079,0.413223,ws,ws,type_c_ladder,type_c_ladder,False,False,0.0482,-0.064,65,-3.25,strategy_S9-148__TYPE_C:NIFTY:2026-04-13T15:05:20:SHORT
2026-04-13,15:06:02,2026-04-13,15:06:45,NIFTY,BUY,TYPE_C,PASSIVE,HIT_BID,23844.9,23860.6,NIFTY13APR2623800CE,23800.0,CE,48.25,51.85,48.12,51.89,50.0,50.0,0.103788,0.096293,ws,ws,type_c_ladder,type_c_ladder,False,False,0.1327,-0.0409,65,234.0,strategy_S9-148__TYPE_C:NIFTY:2026-04-13T15:06:02:LONG
2026-04-13,15:07:03,2026-04-13,15:07:08,NIFTY,BUY,TYPE_C,CONTROLLED,HIT_BID,23865.0,23861.15,NIFTY13APR2623850CE,23850.0,CE,810.0,770.0,807.1,770.81,810.0,770.0,0.006192,0.006472,ws,ws,type_c_ladder,type_c_ladder,True,False,2.9042,-0.8052,65,-2600.0,strategy_S9-148__TYPE_C:NIFTY:2026-04-13T15:07:03:LONG
2026-04-13,15:07:15,2026-04-13,15:08:07,NIFTY,SELL,TYPE_C,PASSIVE,HIT_BID,23852.85,23832.5,NIFTY13APR2623900PE,23900.0,PE,54.45,62.1,54.38,62.23,55.0,60.0,0.091996,0.080386,ws,ws,type_c_ladder,type_c_ladder,False,False,0.0735,-0.1333,65,497.25,strategy_S9-148__TYPE_C:NIFTY:2026-04-13T15:07:15:SHORT
2026-04-13,15:08:21,2026-04-13,15:08:40,NIFTY,BUY,TYPE_C,PASSIVE,HIT_BID,23842.5,23845.7,NIFTY13APR2623800CE,23800.0,CE,42.15,40.0,42.07,40.04,45.0,40.0,0.118906,0.124844,ws,ws,type_c_ladder,type_c_ladder,False,False,0.0795,-0.0417,65,-139.75,strategy_S9-148__TYPE_C:NIFTY:2026-04-13T15:08:21:LONG
2026-04-13,15:11:07,2026-04-13,15:11:23,NIFTY,SELL,TYPE_C,PASSIVE,HIT_BID,23834.7,23833.85,NIFTY13APR2623850PE,23850.0,PE,18.05,16.35,18.02,16.37,20.0,15.0,0.277778,0.304878,ws,ws,type_c_ladder,type_c_ladder,False,False,0.0283,-0.0244,65,-110.5,strategy_S9-148__TYPE_C:NIFTY:2026-04-13T15:11:07:SHORT
2026-04-13,15:12:36,2026-04-13,15:12:48,NIFTY,BUY,TYPE_C,PASSIVE,HIT_BID,23853.0,23852.9,NIFTY13APR2623850CE,23850.0,CE,175.0,220.0,173.35,223.95,175.0,220.0,0.028986,0.022472,ws,ws,type_c_ladder,type_c_ladder,False,False,1.6499,-3.9464,65,2925.0,strategy_S9-148__TYPE_C:NIFTY:2026-04-13T15:12:36:LONG
2026-04-13,15:13:00,2026-04-13,15:14:12,NIFTY,SELL,TYPE_C,PASSIVE,HIT_BID,23843.7,23830.6,NIFTY13APR2623850PE,23850.0,PE,14.0,14.35,13.92,14.42,15.0,10.0,0.358423,0.347222,ws,ws,type_c_ladder,type_c_ladder,False,False,0.0793,-0.0748,65,22.75,strategy_S9-148__TYPE_C:NIFTY:2026-04-13T15:13:00:SHORT
2026-04-13,15:14:33,2026-04-13,15:14:56,NIFTY,BUY,TYPE_C,PASSIVE,HIT_BID,23837.25,23845.35,NIFTY13APR2623800CE,23800.0,CE,38.2,39.6,38.16,39.61,40.0,35.0,0.131062,0.126103,ws,ws,type_c_ladder,type_c_ladder,False,False,0.0419,-0.0118,65,91.0,strategy_S9-148__TYPE_C:NIFTY:2026-04-13T15:14:33:LONG
2026-04-13,15:16:54,2026-04-13,15:17:44,NIFTY,SELL,TYPE_C,PASSIVE,HIT_BID,23832.1,23827.6,NIFTY13APR2623850PE,23850.0,PE,12.35,12.5,12.35,12.54,15.0,10.0,0.40568,0.398406,ws,ws,type_c_ladder,type_c_ladder,False,False,0.0034,-0.0409,65,9.75,strategy_S9-148__TYPE_C:NIFTY:2026-04-13T15:16:54:SHORT
2026-04-13,15:18:00,2026-04-13,15:18:15,NIFTY,BUY,TYPE_C,PASSIVE,HIT_BID,23835.05,23837.4,NIFTY13APR2623800CE,23800.0,CE,39.25,39.5,39.23,39.51,40.0,35.0,0.127551,0.126422,ws,ws,type_c_ladder,type_c_ladder,False,False,0.0176,-0.0095,65,16.25,strategy_S9-148__TYPE_C:NIFTY:2026-04-13T15:18:00:LONG
2026-04-13,15:19:37,2026-04-13,15:20:26,NIFTY,SELL,TYPE_C,PASSIVE,HIT_BID,23832.55,23823.6,NIFTY13APR2623850PE,23850.0,PE,11.55,13.75,11.52,13.83,15.0,10.0,0.434783,0.362319,ws,ws,type_c_ladder,type_c_ladder,False,False,0.0296,-0.0817,65,143.0,strategy_S9-148__TYPE_C:NIFTY:2026-04-13T15:19:37:SHORT
2026-04-13,15:20:56,2026-04-13,15:21:22,NIFTY,BUY,TYPE_C,PASSIVE,HIT_BID,23830.15,23830.55,NIFTY13APR2623800CE,23800.0,CE,39.0,39.25,38.86,39.32,40.0,35.0,0.128452,0.127226,ws,ws,type_c_ladder,type_c_ladder,False,False,0.1394,-0.0711,65,16.25,strategy_S9-148__TYPE_C:NIFTY:2026-04-13T15:20:56:LONG
2026-04-13,15:22:30,2026-04-13,15:22:34,NIFTY,BUY,TYPE_C,PASSIVE,HIT_BID,23831.7,23829.1,NIFTY13APR2623800CE,23800.0,CE,39.7,40.3,39.59,40.36,40.0,40.0,0.126183,0.123916,ws,ws,type_c_ladder,type_c_ladder,False,False,0.1125,-0.0629,65,39.0,strategy_S9-148__TYPE_C:NIFTY:2026-04-13T15:22:30:LONG
2026-04-13,15:22:48,2026-04-13,15:23:45,NIFTY,SELL,TYPE_C,PASSIVE,HIT_BID,23826.25,23820.2,NIFTY13APR2623850PE,23850.0,PE,10.85,11.6,10.83,11.64,15.0,10.0,0.461894,0.430108,ws,ws,type_c_ladder,type_c_ladder,False,False,0.0172,-0.0389,65,48.75,strategy_S9-148__TYPE_C:NIFTY:2026-04-13T15:22:48:SHORT
2026-04-13,15:24:45,2026-04-13,15:25:04,NIFTY,BUY,TYPE_C,PASSIVE,HIT_BID,23823.35,23820.3,NIFTY13APR2623800CE,23800.0,CE,40.4,39.6,40.4,39.64,45.0,35.0,0.123839,0.126024,ws,ws,type_c_ladder,type_c_ladder,False,False,0.0044,-0.0421,65,-52.0,strategy_S9-148__TYPE_C:NIFTY:2026-04-13T15:24:45:LONG
2026-04-15,09:18:03,2026-04-15,09:18:16,NIFTY,SELL,TYPE_C,PASSIVE,HIT_BID,24225.15,24228.0,NIFTY21APR2624250PE,24250.0,PE,223.9,219.7,223.8,220.02,225.0,215.0,0.022339,0.022738,ws,ws,type_c_ladder,type_c_ladder,False,False,0.1,-0.32,65,-273.0,strategy_S9-148__TYPE_C:NIFTY:2026-04-15T09:18:03:SHORT
2026-04-15,09:18:43,2026-04-15,09:18:55,NIFTY,BUY,TYPE_C,PASSIVE,HIT_BID,24237.05,24234.8,NIFTY21APR2624200CE,24200.0,CE,248.2,250.4,248.12,250.49,250.0,250.0,0.020153,0.01996,ws,ws,type_c_ladder,type_c_ladder,False,False,0.075,-0.0889,65,143.0,strategy_S9-148__TYPE_C:NIFTY:2026-04-15T09:18:43:LONG
2026-04-15,09:19:45,2026-04-15,09:20:10,NIFTY,BUY,TYPE_C,PASSIVE,HIT_BID,24233.45,24232.35,NIFTY21APR2624200CE,24200.0,CE,247.7,245.05,247.62,245.59,250.0,245.0,0.020192,0.020379,ws,ws,type_c_ladder,type_c_ladder,False,False,0.075,-0.54,65,-172.25,strategy_S9-148__TYPE_C:NIFTY:2026-04-15T09:19:45:LONG
2026-04-15,09:20:40,2026-04-15,09:20:49,NIFTY,SELL,TYPE_C,PASSIVE,HIT_BID,24227.85,24231.45,NIFTY21APR2624250PE,24250.0,PE,218.2,215.0,218.03,215.44,220.0,215.0,0.022925,0.023232,ws,ws,type_c_ladder,type_c_ladder,False,False,0.1667,-0.4362,65,-208.0,strategy_S9-148__TYPE_C:NIFTY:2026-04-15T09:20:40:SHORT
2026-04-15,09:21:26,2026-04-15,09:21:50,NIFTY,SELL,TYPE_C,PASSIVE,HIT_BID,24226.5,24223.25,NIFTY21APR2624250PE,24250.0,PE,219.35,223.05,218.95,223.4,220.0,220.0,0.022821,0.022391,ws,ws,type_c_ladder,type_c_ladder,False,False,0.4,-0.35,65,240.5,strategy_S9-148__TYPE_C:NIFTY:2026-04-15T09:21:26:SHORT
2026-04-15,09:22:00,2026-04-15,09:22:10,NIFTY,SELL,TYPE_C,PASSIVE,HIT_BID,24217.7,24220.95,NIFTY21APR2624250PE,24250.0,PE,225.8,223.75,225.62,223.82,230.0,220.0,0.022158,0.022341,ws,ws,type_c_ladder,type_c_ladder,False,False,0.18,-0.0667,65,-133.25,strategy_S9-148__TYPE_C:NIFTY:2026-04-15T09:22:00:SHORT
2026-04-15,09:22:29,2026-04-15,09:22:37,NIFTY,BUY,TYPE_C,PASSIVE,HIT_BID,24228.7,24223.05,NIFTY21APR2624200CE,24200.0,CE,247.65,245.7,247.35,245.83,250.0,245.0,0.020206,0.020338,ws,ws,type_c_ladder,type_c_ladder,False,False,0.3,-0.1333,65,-126.75,strategy_S9-148__TYPE_C:NIFTY:2026-04-15T09:22:29:LONG
2026-04-15,09:24:15,2026-04-15,09:24:54,NIFTY,SELL,TYPE_C,PASSIVE,HIT_BID,24220.05,24211.9,NIFTY21APR2624250PE,24250.0,PE,225.8,229.15,225.6,229.21,230.0,225.0,0.022163,0.021796,ws,ws,type_c_ladder,type_c_ladder,False,False,0.2,-0.0588,65,217.75,strategy_S9-148__TYPE_C:NIFTY:2026-04-15T09:24:15:SHORT
2026-04-15,09:25:30,2026-04-15,09:25:50,NIFTY,SELL,TYPE_C,PASSIVE,HIT_BID,24205.8,24207.3,NIFTY21APR2624250PE,24250.0,PE,230.0,230.2,229.65,230.33,230.0,230.0,0.021756,0.021711,ws,ws,type_c_ladder,type_c_ladder,False,False,0.3465,-0.1333,65,13.0,strategy_S9-148__TYPE_C:NIFTY:2026-04-15T09:25:30:SHORT
2026-04-15,09:26:50,2026-04-15,09:26:55,NIFTY,BUY,TYPE_C,PASSIVE,HIT_BID,24210.5,24207.35,NIFTY21APR2624200CE,24200.0,CE,239.85,239.25,239.39,239.28,240.0,235.0,0.020868,0.020883,ws,ws,type_c_ladder,type_c_ladder,False,False,0.4565,-0.0292,65,-39.0,strategy_S9-148__TYPE_C:NIFTY:2026-04-15T09:26:50:LONG
2026-04-15,09:27:15,2026-04-15,09:27:38,NIFTY,SELL,TYPE_C,PASSIVE,HIT_BID,24205.0,24197.85,NIFTY21APR2624250PE,24250.0,PE,235.0,239.35,234.95,239.43,235.0,235.0,0.021279,0.020875,ws,ws,type_c_ladder,type_c_ladder,False,False,0.0454,-0.075,65,282.75,strategy_S9-148__TYPE_C:NIFTY:2026-04-15T09:27:15:SHORT
2026-04-15,09:28:00,2026-04-15,09:28:19,NIFTY,SELL,TYPE_C,PASSIVE,HIT_BID,24189.5,24190.3,NIFTY21APR2624200PE,24200.0,PE,221.45,221.35,221.16,221.66,225.0,220.0,0.022604,0.022571,ws,ws,type_c_ladder,type_c_ladder,False,False,0.2857,-0.315,65,-6.5,strategy_S9-148__TYPE_C:NIFTY:2026-04-15T09:28:00:SHORT
2026-04-15,09:30:15,2026-04-15,09:30:35,NIFTY,SELL,TYPE_C,PASSIVE,HIT_BID,24185.85,24181.45,NIFTY21APR2624200PE,24200.0,PE,223.9,229.55,223.82,229.57,225.0,225.0,0.022336,0.021763,ws,ws,type_c_ladder,type_c_ladder,False,False,0.08,-0.0154,65,367.25,strategy_S9-148__TYPE_C:NIFTY:2026-04-15T09:30:15:SHORT
2026-04-15,09:31:11,2026-04-15,09:31:20,NIFTY,SELL,TYPE_C,PASSIVE,HIT_BID,24179.65,24179.35,NIFTY21APR2624200PE,24200.0,PE,230.0,232.0,229.85,232.29,230.0,230.0,0.021756,0.021538,ws,ws,type_c_ladder,type_c_ladder,False,False,0.15,-0.2903,65,130.0,strategy_S9-148__TYPE_C:NIFTY:2026-04-15T09:31:11:SHORT
2026-04-15,09:31:30,2026-04-15,09:31:36,NIFTY,SELL,TYPE_C,PASSIVE,HIT_BID,24174.75,24179.2,NIFTY21APR2624200PE,24200.0,PE,231.95,231.4,231.6,231.7,235.0,230.0,0.021575,0.021587,ws,ws,type_c_ladder,type_c_ladder,False,False,0.35,-0.3,65,-35.75,strategy_S9-148__TYPE_C:NIFTY:2026-04-15T09:31:30:SHORT
2026-04-15,09:33:01,2026-04-15,09:33:11,NIFTY,BUY,TYPE_C,PASSIVE,HIT_BID,24186.4,24181.55,NIFTY21APR2624150CE,24150.0,CE,262.5,260.45,262.04,260.65,265.0,260.0,0.019066,0.019179,ws,ws,type_c_ladder,type_c_ladder,False,False,0.4583,-0.2,65,-133.25,strategy_S9-148__TYPE_C:NIFTY:2026-04-15T09:33:01:LONG
2026-04-15,09:33:36,2026-04-15,09:33:41,NIFTY,SELL,TYPE_C,PASSIVE,HIT_BID,24171.55,24175.3,NIFTY21APR2624200PE,24200.0,PE,236.3,234.0,236.02,234.36,240.0,230.0,0.021175,0.021345,ws,ws,type_c_ladder,type_c_ladder,False,False,0.28,-0.3571,65,-149.5,strategy_S9-148__TYPE_C:NIFTY:2026-04-15T09:33:36:SHORT
2026-04-15,09:34:11,2026-04-15,09:34:38,NIFTY,SELL,TYPE_C,PASSIVE,HIT_BID,24174.3,24169.25,NIFTY21APR2624200PE,24200.0,PE,234.45,237.15,234.37,237.28,235.0,235.0,0.021349,0.021073,ws,ws,type_c_ladder,type_c_ladder,False,False,0.0833,-0.125,65,175.5,strategy_S9-148__TYPE_C:NIFTY:2026-04-15T09:34:11:SHORT
2026-04-15,09:35:17,2026-04-15,09:35:25,NIFTY,SELL,TYPE_C,PASSIVE,HIT_BID,24167.35,24171.15,NIFTY21APR2624200PE,24200.0,PE,239.4,236.55,238.9,236.63,240.0,235.0,0.02091,0.021128,ws,ws,type_c_ladder,type_c_ladder,False,False,0.5,-0.08,65,-185.25,strategy_S9-148__TYPE_C:NIFTY:2026-04-15T09:35:17:SHORT
2026-04-15,09:36:23,2026-04-15,09:36:35,NIFTY,BUY,TYPE_C,PASSIVE,HIT_BID,24177.1,24177.3,NIFTY21APR2624150CE,24150.0,CE,261.0,260.15,260.71,260.4,265.0,260.0,0.019168,0.019201,ws,ws,type_c_ladder,type_c_ladder,False,False,0.2867,-0.25,65,-55.25,strategy_S9-148__TYPE_C:NIFTY:2026-04-15T09:36:23:LONG
2026-04-15,09:37:50,2026-04-15,09:37:55,NIFTY,BUY,TYPE_C,PASSIVE,HIT_BID,24175.9,24172.55,NIFTY21APR2624150CE,24150.0,CE,261.4,260.85,261.2,260.89,265.0,260.0,0.019142,0.019166,ws,ws,type_c_ladder,type_c_ladder,False,False,0.2,-0.0417,65,-35.75,strategy_S9-148__TYPE_C:NIFTY:2026-04-15T09:37:50:LONG
2026-04-15,09:38:16,2026-04-15,09:39:15,NIFTY,SELL,TYPE_C,PASSIVE,HIT_BID,24168.95,24149.95,NIFTY21APR2624200PE,24200.0,PE,241.85,253.75,241.72,253.78,245.0,250.0,0.020691,0.019697,ws,ws,type_c_ladder,type_c_ladder,False,False,0.1333,-0.0267,65,773.5,strategy_S9-148__TYPE_C:NIFTY:2026-04-15T09:38:16:SHORT
2026-04-15,09:39:30,2026-04-15,09:39:37,NIFTY,BUY,TYPE_C,PASSIVE,HIT_BID,24157.25,24155.2,NIFTY21APR2624150CE,24150.0,CE,253.65,253.8,253.5,253.96,255.0,250.0,0.01972,0.019679,ws,ws,type_c_ladder,type_c_ladder,False,False,0.15,-0.1571,65,9.75,strategy_S9-148__TYPE_C:NIFTY:2026-04-15T09:39:30:LONG
2026-04-15,09:40:30,2026-04-15,09:40:49,NIFTY,BUY,TYPE_C,PASSIVE,HIT_BID,24160.45,24169.85,NIFTY21APR2624150CE,24150.0,CE,254.15,257.7,253.96,257.93,255.0,255.0,0.019685,0.019385,ws,ws,type_c_ladder,type_c_ladder,False,False,0.1875,-0.225,65,230.75,strategy_S9-148__TYPE_C:NIFTY:2026-04-15T09:40:30:LONG
2026-04-15,09:41:06,2026-04-15,09:41:49,NIFTY,BUY,TYPE_C,PASSIVE,HIT_BID,24176.7,24178.25,NIFTY21APR2624150CE,24150.0,CE,260.0,262.0,259.68,262.2,260.0,260.0,0.019244,0.019075,ws,ws,type_c_ladder,type_c_ladder,False,False,0.3239,-0.2,65,130.0,strategy_S9-148__TYPE_C:NIFTY:2026-04-15T09:41:06:LONG
2026-04-15,09:42:01,2026-04-15,09:42:24,NIFTY,BUY,TYPE_C,PASSIVE,HIT_BID,24182.3,24185.5,NIFTY21APR2624150CE,24150.0,CE,261.95,263.5,261.87,263.82,265.0,260.0,0.019102,0.018957,ws,ws,type_c_ladder,type_c_ladder,False,False,0.08,-0.3182,65,100.75,strategy_S9-148__TYPE_C:NIFTY:2026-04-15T09:42:01:LONG
2026-04-15,09:42:56,2026-04-15,09:44:26,NIFTY,BUY,TYPE_C,PASSIVE,HIT_BID,24187.55,24212.15,NIFTY21APR2624150CE,24150.0,CE,266.35,273.9,265.92,274.23,270.0,270.0,0.018795,0.018238,ws,ws,type_c_ladder,type_c_ladder,False,False,0.4333,-0.3333,65,490.75,strategy_S9-148__TYPE_C:NIFTY:2026-04-15T09:42:56:LONG
2026-04-15,09:45:15,2026-04-15,09:45:28,NIFTY,BUY,TYPE_C,PASSIVE,HIT_BID,24217.8,24215.2,NIFTY21APR2624200CE,24200.0,CE,248.25,247.15,248.01,247.61,250.0,245.0,0.020165,0.020208,ws,ws,type_c_ladder,type_c_ladder,False,False,0.24,-0.4583,65,-71.5,strategy_S9-148__TYPE_C:NIFTY:2026-04-15T09:45:15:LONG
2026-04-15,09:46:01,2026-04-15,09:46:26,NIFTY,BUY,TYPE_C,PASSIVE,HIT_BID,24222.9,24223.0,NIFTY21APR2624200CE,24200.0,CE,249.9,248.7,249.47,248.83,250.0,245.0,0.020026,0.02009,ws,ws,type_c_ladder,type_c_ladder,False,False,0.4286,-0.1313,65,-78.0,strategy_S9-148__TYPE_C:NIFTY:2026-04-15T09:46:01:LONG
2026-04-15,09:46:56,2026-04-15,09:47:10,NIFTY,BUY,TYPE_C,PASSIVE,HIT_BID,24225.2,24222.7,NIFTY21APR2624200CE,24200.0,CE,250.1,249.15,250.07,249.23,255.0,245.0,0.020004,0.020048,ws,ws,type_c_ladder,type_c_ladder,False,False,0.0273,-0.0833,65,-61.75,strategy_S9-148__TYPE_C:NIFTY:2026-04-15T09:46:56:LONG
2026-04-15,09:47:45,2026-04-15,09:47:51,NIFTY,SELL,TYPE_C,PASSIVE,HIT_BID,24215.95,24219.15,NIFTY21APR2624250PE,24250.0,PE,238.6,236.35,238.38,236.4,240.0,235.0,0.020975,0.021142,ws,ws,type_c_ladder,type_c_ladder,False,False,0.225,-0.0529,65,-146.25,strategy_S9-148__TYPE_C:NIFTY:2026-04-15T09:47:45:SHORT
2026-04-15,09:48:05,2026-04-15,09:48:50,NIFTY,SELL,TYPE_C,PASSIVE,HIT_BID,24212.9,24202.3,NIFTY21APR2624250PE,24250.0,PE,239.9,244.65,239.71,244.93,240.0,240.0,0.020855,0.020414,ws,ws,type_c_ladder,type_c_ladder,False,False,0.1895,-0.275,65,308.75,strategy_S9-148__TYPE_C:NIFTY:2026-04-15T09:48:05:SHORT
2026-04-15,09:49:38,2026-04-15,09:49:44,NIFTY,SELL,TYPE_C,PASSIVE,HIT_BID,24196.25,24199.85,NIFTY21APR2624200PE,24200.0,PE,222.85,222.4,222.7,222.78,225.0,220.0,0.022464,0.022459,ws,ws,type_c_ladder,type_c_ladder,False,False,0.1467,-0.375,65,-29.25,strategy_S9-148__TYPE_C:NIFTY:2026-04-15T09:49:38:SHORT
2026-04-15,09:49:56,2026-04-15,09:50:15,NIFTY,SELL,TYPE_C,PASSIVE,HIT_BID,24194.15,24195.45,NIFTY21APR2624200PE,24200.0,PE,225.45,225.45,225.26,225.5,230.0,225.0,0.02219,0.022151,ws,ws,type_c_ladder,type_c_ladder,False,False,0.1944,-0.0458,65,0.0,strategy_S9-148__TYPE_C:NIFTY:2026-04-15T09:49:56:SHORT
2026-04-15,09:50:31,2026-04-15,09:51:01,NIFTY,SELL,TYPE_C,PASSIVE,HIT_BID,24191.0,24189.95,NIFTY21APR2624200PE,24200.0,PE,229.7,230.15,229.45,230.39,230.0,230.0,0.021794,0.021699,ws,ws,type_c_ladder,type_c_ladder,False,False,0.25,-0.2406,65,29.25,strategy_S9-148__TYPE_C:NIFTY:2026-04-15T09:50:31:SHORT
2026-04-15,09:51:20,2026-04-15,09:51:41,NIFTY,BUY,TYPE_C,PASSIVE,HIT_BID,24196.85,24194.3,NIFTY21APR2624150CE,24150.0,CE,264.8,264.2,264.28,264.52,265.0,260.0,0.018905,0.018911,ws,ws,type_c_ladder,type_c_ladder,False,False,0.52,-0.32,65,-39.0,strategy_S9-148__TYPE_C:NIFTY:2026-04-15T09:51:20:LONG
2026-04-15,09:52:06,2026-04-15,09:52:40,NIFTY,BUY,TYPE_C,PASSIVE,HIT_BID,24199.8,24205.85,NIFTY21APR2624150CE,24150.0,CE,267.4,269.7,267.01,270.07,270.0,265.0,0.018721,0.018517,ws,ws,type_c_ladder,type_c_ladder,False,False,0.39,-0.3656,65,149.5,strategy_S9-148__TYPE_C:NIFTY:2026-04-15T09:52:06:LONG
2026-04-15,09:53:01,2026-04-15,09:53:10,NIFTY,BUY,TYPE_C,PASSIVE,HIT_BID,24209.75,24207.9,NIFTY21APR2624200CE,24200.0,CE,242.95,240.55,242.85,240.66,245.0,240.0,0.020604,0.020779,ws,ws,type_c_ladder,type_c_ladder,False,False,0.1,-0.1125,65,-156.0,strategy_S9-148__TYPE_C:NIFTY:2026-04-15T09:53:01:LONG
2026-04-15,09:53:50,2026-04-15,09:54:07,NIFTY,BUY,TYPE_C,PASSIVE,HIT_BID,24213.05,24211.3,NIFTY21APR2624200CE,24200.0,CE,242.2,241.2,242.03,241.5,245.0,240.0,0.020668,0.020706,ws,ws,type_c_ladder,type_c_ladder,False,False,0.175,-0.3025,65,-65.0,strategy_S9-148__TYPE_C:NIFTY:2026-04-15T09:53:50:LONG
2026-04-15,09:54:15,2026-04-15,09:54:27,NIFTY,BUY,TYPE_C,PASSIVE,HIT_BID,24216.25,24216.9,NIFTY21APR2624200CE,24200.0,CE,244.25,244.2,244.16,244.48,245.0,240.0,0.020492,0.020454,ws,ws,type_c_ladder,type_c_ladder,False,False,0.0909,-0.2778,65,-3.25,strategy_S9-148__TYPE_C:NIFTY:2026-04-15T09:54:15:LONG
2026-04-15,09:55:07,2026-04-15,09:55:14,NIFTY,SELL,TYPE_C,PASSIVE,HIT_BID,24211.35,24217.2,NIFTY21APR2624250PE,24250.0,PE,240.9,238.2,240.71,238.25,245.0,235.0,0.020775,0.020978,ws,ws,type_c_ladder,type_c_ladder,False,False,0.1875,-0.05,65,-175.5,strategy_S9-148__TYPE_C:NIFTY:2026-04-15T09:55:07:SHORT
2026-04-15,09:55:24,2026-04-15,09:55:36,NIFTY,BUY,TYPE_C,PASSIVE,HIT_BID,24218.3,24215.8,NIFTY21APR2624200CE,24200.0,CE,244.8,244.6,244.5,244.68,245.0,240.0,0.020442,0.020425,ws,ws,type_c_ladder,type_c_ladder,False,False,0.3,-0.08,65,-13.0,strategy_S9-148__TYPE_C:NIFTY:2026-04-15T09:55:24:LONG
2026-04-15,09:55:50,2026-04-15,09:56:00,NIFTY,BUY,TYPE_C,PASSIVE,HIT_BID,24220.05,24219.5,NIFTY21APR2624200CE,24200.0,CE,246.45,247.75,246.35,247.9,250.0,245.0,0.020305,0.020159,ws,ws,type_c_ladder,type_c_ladder,False,False,0.0952,-0.1467,65,84.5,strategy_S9-148__TYPE_C:NIFTY:2026-04-15T09:55:50:LONG
2026-04-15,09:57:31,2026-04-15,09:57:39,NIFTY,BUY,TYPE_C,PASSIVE,HIT_BID,24223.85,24221.4,NIFTY21APR2624200CE,24200.0,CE,249.35,247.15,249.19,247.26,250.0,245.0,0.020076,0.020208,ws,ws,type_c_ladder,type_c_ladder,False,False,0.16,-0.11,65,-143.0,strategy_S9-148__TYPE_C:NIFTY:2026-04-15T09:57:31:LONG
2026-04-15,09:58:42,2026-04-15,09:58:50,NIFTY,SELL,TYPE_C,PASSIVE,HIT_BID,24206.9,24209.6,NIFTY21APR2624250PE,24250.0,PE,241.0,239.25,240.92,239.4,245.0,235.0,0.020771,0.020886,ws,ws,type_c_ladder,type_c_ladder,False,False,0.0846,-0.15,65,-113.75,strategy_S9-148__TYPE_C:NIFTY:2026-04-15T09:58:42:SHORT
2026-04-15,09:59:40,2026-04-15,10:00:42,NIFTY,BUY,TYPE_C,PASSIVE,HIT_BID,24214.55,24220.8,NIFTY21APR2624200CE,24200.0,CE,243.9,247.0,243.58,247.3,245.0,245.0,0.020525,0.020218,ws,ws,type_c_ladder,type_c_ladder,False,False,0.32,-0.3049,65,201.5,strategy_S9-148__TYPE_C:NIFTY:2026-04-15T09:59:40:LONG
2026-04-15,10:01:13,2026-04-15,10:01:32,NIFTY,BUY,TYPE_C,PASSIVE,HIT_BID,24224.45,24227.5,NIFTY21APR2624200CE,24200.0,CE,248.0,248.45,247.54,248.69,250.0,245.0,0.020182,0.020103,ws,ws,type_c_ladder,type_c_ladder,False,False,0.4625,-0.2357,65,29.25,strategy_S9-148__TYPE_C:NIFTY:2026-04-15T10:01:13:LONG
2026-04-15,10:02:24,2026-04-15,10:02:36,NIFTY,SELL,TYPE_C,PASSIVE,HIT_BID,24216.85,24216.7,NIFTY21APR2624250PE,24250.0,PE,238.55,238.3,238.49,238.35,240.0,235.0,0.02098,0.020967,ws,ws,type_c_ladder,type_c_ladder,False,False,0.0643,-0.05,65,-16.25,strategy_S9-148__TYPE_C:NIFTY:2026-04-15T10:02:24:SHORT
2026-04-15,10:04:00,2026-04-15,10:04:55,NIFTY,BUY,TYPE_C,PASSIVE,HIT_BID,24226.2,24230.9,NIFTY21APR2624200CE,24200.0,CE,247.5,249.2,247.4,249.41,250.0,245.0,0.020216,0.020052,ws,ws,type_c_ladder,type_c_ladder,False,False,0.1,-0.2143,65,110.5,strategy_S9-148__TYPE_C:NIFTY:2026-04-15T10:04:00:LONG
2026-04-15,10:05:01,2026-04-15,10:05:30,NIFTY,BUY,TYPE_C,PASSIVE,HIT_BID,24235.0,24234.85,NIFTY21APR2624200CE,24200.0,CE,251.0,252.8,250.52,252.98,255.0,250.0,0.01994,0.019757,ws,ws,type_c_ladder,type_c_ladder,False,False,0.4783,-0.1833,65,117.0,strategy_S9-148__TYPE_C:NIFTY:2026-04-15T10:05:01:LONG
2026-04-15,10:06:35,2026-04-15,10:06:44,NIFTY,BUY,TYPE_C,PASSIVE,HIT_BID,24241.35,24237.75,NIFTY21APR2624200CE,24200.0,CE,255.0,252.8,254.58,252.85,255.0,250.0,0.019625,0.019761,ws,ws,type_c_ladder,type_c_ladder,False,False,0.4171,-0.05,65,-143.0,strategy_S9-148__TYPE_C:NIFTY:2026-04-15T10:06:35:LONG
2026-04-15,10:07:00,2026-04-15,10:07:20,NIFTY,BUY,TYPE_C,PASSIVE,HIT_BID,24243.1,24244.1,NIFTY21APR2624200CE,24200.0,CE,255.05,256.4,254.88,256.64,260.0,255.0,0.019617,0.019486,ws,ws,type_c_ladder,type_c_ladder,False,False,0.175,-0.24,65,87.75,strategy_S9-148__TYPE_C:NIFTY:2026-04-15T10:07:00:LONG
2026-04-15,10:07:46,2026-04-15,10:07:50,NIFTY,SELL,TYPE_C,PASSIVE,HIT_BID,24239.4,24241.2,NIFTY21APR2624250PE,24250.0,PE,223.4,222.75,223.28,223.03,225.0,220.0,0.022406,0.022416,ws,ws,type_c_ladder,type_c_ladder,False,False,0.125,-0.2786,65,-42.25,strategy_S9-148__TYPE_C:NIFTY:2026-04-15T10:07:46:SHORT
2026-04-15,10:08:22,2026-04-15,10:08:49,NIFTY,SELL,TYPE_C,PASSIVE,HIT_BID,24236.65,24235.65,NIFTY21APR2624250PE,24250.0,PE,224.2,225.75,224.02,226.11,225.0,225.0,0.022311,0.022129,ws,ws,type_c_ladder,type_c_ladder,False,False,0.181,-0.36,65,100.75,strategy_S9-148__TYPE_C:NIFTY:2026-04-15T10:08:22:SHORT
2026-04-15,10:09:17,2026-04-15,10:09:20,NIFTY,SELL,TYPE_C,CONTROLLED,HIT_BID,24233.1,24235.3,NIFTY21APR2624250PE,24250.0,PE,225.2,226.0,224.91,226.06,230.0,225.0,0.022222,0.022102,ws,ws,type_c_ladder,type_c_ladder,True,False,0.2857,-0.0643,65,52.0,strategy_S9-148__TYPE_C:NIFTY:2026-04-15T10:09:17:SHORT
2026-04-15,10:10:17,2026-04-15,10:11:06,NIFTY,BUY,TYPE_C,CONTROLLED,HIT_BID,24239.6,24249.7,NIFTY21APR2624200CE,24200.0,CE,255.4,258.7,255.03,259.0,260.0,255.0,0.019596,0.019309,ws,ws,type_c_ladder,type_c_ladder,True,False,0.375,-0.3,65,214.5,strategy_S9-148__TYPE_C:NIFTY:2026-04-15T10:10:17:LONG
2026-04-15,10:11:27,2026-04-15,10:11:31,NIFTY,SELL,TYPE_C,PASSIVE,HIT_BID,24240.3,24243.7,NIFTY21APR2624250PE,24250.0,PE,221.35,220.25,221.02,220.56,225.0,220.0,0.022614,0.022676,ws,ws,type_c_ladder,type_c_ladder,False,False,0.3333,-0.3125,65,-71.5,strategy_S9-148__TYPE_C:NIFTY:2026-04-15T10:11:27:SHORT
2026-04-15,10:12:15,2026-04-15,10:12:40,NIFTY,BUY,TYPE_C,PASSIVE,HIT_BID,24247.35,24248.6,NIFTY21APR2624200CE,24200.0,CE,259.9,258.9,259.43,259.07,260.0,255.0,0.019259,0.01929,ws,ws,type_c_ladder,type_c_ladder,False,False,0.4681,-0.1714,65,-65.0,strategy_S9-148__TYPE_C:NIFTY:2026-04-15T10:12:15:LONG
2026-04-15,10:13:40,2026-04-15,10:13:50,NIFTY,SELL,TYPE_C,PASSIVE,HIT_BID,24243.5,24242.15,NIFTY21APR2624250PE,24250.0,PE,219.2,220.85,219.13,220.94,220.0,220.0,0.022834,0.022617,ws,ws,type_c_ladder,type_c_ladder,False,False,0.0692,-0.09,65,107.25,strategy_S9-148__TYPE_C:NIFTY:2026-04-15T10:13:40:SHORT
2026-04-15,10:14:19,2026-04-15,10:14:24,NIFTY,SELL,TYPE_C,PASSIVE,HIT_BID,24239.85,24241.25,NIFTY21APR2624250PE,24250.0,PE,219.85,219.0,219.81,219.36,220.0,215.0,0.022761,0.02281,ws,ws,type_c_ladder,type_c_ladder,False,False,0.0437,-0.36,65,-55.25,strategy_S9-148__TYPE_C:NIFTY:2026-04-15T10:14:19:SHORT
2026-04-15,10:15:54,2026-04-15,10:16:15,NIFTY,BUY,TYPE_C,PASSIVE,HIT_BID,24248.55,24248.3,NIFTY21APR2624200CE,24200.0,CE,259.0,257.25,258.47,257.67,260.0,255.0,0.019327,0.019417,ws,ws,type_c_ladder,type_c_ladder,False,False,0.5294,-0.4167,65,-113.75,strategy_S9-148__TYPE_C:NIFTY:2026-04-15T10:15:54:LONG
2026-04-15,10:16:31,2026-04-15,10:16:43,NIFTY,BUY,TYPE_C,PASSIVE,HIT_BID,24249.2,24249.4,NIFTY21APR2624200CE,24200.0,CE,258.0,257.75,257.79,257.94,260.0,255.0,0.019397,0.019389,ws,ws,type_c_ladder,type_c_ladder,False,False,0.2077,-0.1875,65,-16.25,strategy_S9-148__TYPE_C:NIFTY:2026-04-15T10:16:31:LONG
2026-04-15,10:16:45,2026-04-15,10:17:00,NIFTY,BUY,TYPE_C,PASSIVE,HIT_BID,24251.35,24251.65,NIFTY21APR2624250CE,24250.0,CE,230.45,229.7,230.38,229.98,235.0,225.0,0.021701,0.021744,ws,ws,type_c_ladder,type_c_ladder,False,False,0.0667,-0.2812,65,-48.75,strategy_S9-148__TYPE_C:NIFTY:2026-04-15T10:16:45:LONG
2026-04-15,10:18:05,2026-04-15,10:18:10,NIFTY,BUY,TYPE_C,PASSIVE,HIT_BID,24255.15,24252.65,NIFTY21APR2624250CE,24250.0,CE,230.4,229.15,230.25,229.18,235.0,225.0,0.021718,0.021805,ws,ws,type_c_ladder,type_c_ladder,False,False,0.15,-0.0273,65,-81.25,strategy_S9-148__TYPE_C:NIFTY:2026-04-15T10:18:05:LONG
2026-04-15,10:18:35,2026-04-15,10:18:54,NIFTY,BUY,TYPE_C,PASSIVE,HIT_BID,24255.5,24255.15,NIFTY21APR2624250CE,24250.0,CE,231.0,233.3,230.58,233.54,235.0,230.0,0.021666,0.021406,ws,ws,type_c_ladder,type_c_ladder,False,False,0.419,-0.2444,65,149.5,strategy_S9-148__TYPE_C:NIFTY:2026-04-15T10:18:35:LONG
2026-04-15,10:19:04,2026-04-15,10:19:14,NIFTY,BUY,TYPE_C,PASSIVE,HIT_BID,24262.9,24258.5,NIFTY21APR2624250CE,24250.0,CE,236.9,236.75,236.76,236.92,240.0,235.0,0.021128,0.021097,ws,ws,type_c_ladder,type_c_ladder,False,False,0.1429,-0.1667,65,-9.75,strategy_S9-148__TYPE_C:NIFTY:2026-04-15T10:19:04:LONG
2026-04-15,10:19:50,2026-04-15,10:20:12,NIFTY,BUY,TYPE_C,PASSIVE,HIT_BID,24262.3,24260.4,NIFTY21APR2624250CE,24250.0,CE,237.7,238.0,237.54,238.34,240.0,235.0,0.021044,0.020986,ws,ws,type_c_ladder,type_c_ladder,False,False,0.16,-0.3393,65,19.5,strategy_S9-148__TYPE_C:NIFTY:2026-04-15T10:19:50:LONG
2026-04-15,10:20:45,2026-04-15,10:21:03,NIFTY,BUY,TYPE_C,PASSIVE,HIT_BID,24264.25,24260.9,NIFTY21APR2624250CE,24250.0,CE,240.0,238.3,239.75,238.48,240.0,235.0,0.020844,0.02096,ws,ws,type_c_ladder,type_c_ladder,False,False,0.249,-0.1765,65,-110.5,strategy_S9-148__TYPE_C:NIFTY:2026-04-15T10:20:45:LONG
2026-04-15,10:21:15,2026-04-15,10:21:28,NIFTY,SELL,TYPE_C,PASSIVE,HIT_BID,24259.25,24261.35,NIFTY21APR2624300PE,24300.0,PE,233.9,234.05,233.77,234.37,235.0,230.0,0.021395,0.021345,ws,ws,type_c_ladder,type_c_ladder,False,False,0.1333,-0.32,65,9.75,strategy_S9-148__TYPE_C:NIFTY:2026-04-15T10:21:15:SHORT
2026-04-15,10:21:55,2026-04-15,10:22:35,NIFTY,SELL,TYPE_C,PASSIVE,HIT_BID,24259.55,24251.65,NIFTY21APR2624300PE,24300.0,PE,235.7,238.7,235.44,239.03,240.0,235.0,0.021229,0.020923,ws,ws,type_c_ladder,type_c_ladder,False,False,0.2625,-0.33,65,195.0,strategy_S9-148__TYPE_C:NIFTY:2026-04-15T10:21:55:SHORT
2026-04-15,10:22:45,2026-04-15,10:23:02,NIFTY,BUY,TYPE_C,PASSIVE,HIT_BID,24255.65,24259.65,NIFTY21APR2624250CE,24250.0,CE,235.5,236.15,235.24,236.26,240.0,235.0,0.021252,0.021155,ws,ws,type_c_ladder,type_c_ladder,False,False,0.2625,-0.1143,65,42.25,strategy_S9-148__TYPE_C:NIFTY:2026-04-15T10:22:45:LONG
2026-04-15,10:23:20,2026-04-15,10:24:04,NIFTY,BUY,TYPE_C,PASSIVE,HIT_BID,24263.5,24267.1,NIFTY21APR2624250CE,24250.0,CE,237.9,241.0,237.87,241.29,240.0,240.0,0.021022,0.02073,ws,ws,type_c_ladder,type_c_ladder,False,False,0.0286,-0.2947,65,201.5,strategy_S9-148__TYPE_C:NIFTY:2026-04-15T10:23:20:LONG
2026-04-15,10:25:21,2026-04-15,10:25:44,NIFTY,SELL,TYPE_C,PASSIVE,HIT_BID,24262.2,24260.6,NIFTY21APR2624300PE,24300.0,PE,235.1,235.6,235.0,235.74,240.0,235.0,0.021286,0.021198,ws,ws,type_c_ladder,type_c_ladder,False,False,0.1,-0.1375,65,32.5,strategy_S9-148__TYPE_C:NIFTY:2026-04-15T10:25:21:SHORT
2026-04-15,10:27:00,2026-04-15,10:27:06,NIFTY,SELL,TYPE_C,PASSIVE,HIT_BID,24260.35,24261.6,NIFTY21APR2624300PE,24300.0,PE,236.45,235.0,236.39,235.3,240.0,235.0,0.021169,0.021256,ws,ws,type_c_ladder,type_c_ladder,False,False,0.0556,-0.3,65,-94.25,strategy_S9-148__TYPE_C:NIFTY:2026-04-15T10:27:00:SHORT
2026-04-15,10:27:47,2026-04-15,10:28:10,NIFTY,BUY,TYPE_C,PASSIVE,HIT_BID,24266.7,24262.3,NIFTY21APR2624250CE,24250.0,CE,240.5,238.75,240.14,239.16,245.0,235.0,0.020809,0.020918,ws,ws,type_c_ladder,type_c_ladder,False,False,0.36,-0.4125,65,-113.75,strategy_S9-148__TYPE_C:NIFTY:2026-04-15T10:27:47:LONG
2026-04-15,10:28:20,2026-04-15,10:28:23,NIFTY,SELL,TYPE_C,PASSIVE,HIT_BID,24259.4,24262.6,NIFTY21APR2624300PE,24300.0,PE,235.3,235.35,235.18,235.5,240.0,235.0,0.021261,0.021231,ws,ws,type_c_ladder,type_c_ladder,False,False,0.125,-0.15,65,3.25,strategy_S9-148__TYPE_C:NIFTY:2026-04-15T10:28:20:SHORT
2026-04-15,10:29:02,2026-04-15,10:29:23,NIFTY,SELL,TYPE_C,PASSIVE,HIT_BID,24260.4,24261.45,NIFTY21APR2624300PE,24300.0,PE,236.55,236.0,236.12,236.15,240.0,235.0,0.021162,0.021166,ws,ws,type_c_ladder,type_c_ladder,False,False,0.4321,-0.15,65,-35.75,strategy_S9-148__TYPE_C:NIFTY:2026-04-15T10:29:02:SHORT
2026-04-15,10:30:07,2026-04-15,10:30:52,NIFTY,BUY,TYPE_C,PASSIVE,HIT_BID,24265.05,24270.7,NIFTY21APR2624250CE,24250.0,CE,239.5,243.0,239.36,243.3,240.0,240.0,0.020899,0.020555,ws,ws,type_c_ladder,type_c_ladder,False,False,0.1429,-0.3,65,227.5,strategy_S9-148__TYPE_C:NIFTY:2026-04-15T10:30:07:LONG
2026-04-15,10:31:30,2026-04-15,10:31:50,NIFTY,SELL,TYPE_C,PASSIVE,HIT_BID,24267.05,24265.45,NIFTY21APR2624300PE,24300.0,PE,233.05,233.4,232.99,233.83,235.0,230.0,0.021471,0.021397,ws,ws,type_c_ladder,type_c_ladder,False,False,0.0583,-0.4342,65,22.75,strategy_S9-148__TYPE_C:NIFTY:2026-04-15T10:31:30:SHORT
2026-04-15,10:32:02,2026-04-15,10:32:17,NIFTY,SELL,TYPE_C,PASSIVE,HIT_BID,24260.15,24259.5,NIFTY21APR2624300PE,24300.0,PE,234.55,234.5,234.47,234.78,235.0,230.0,0.021338,0.021306,ws,ws,type_c_ladder,type_c_ladder,False,False,0.075,-0.2833,65,-3.25,strategy_S9-148__TYPE_C:NIFTY:2026-04-15T10:32:02:SHORT
2026-04-15,10:34:45,2026-04-15,10:34:57,NIFTY,SELL,TYPE_C,PASSIVE,HIT_BID,24257.0,24260.55,NIFTY21APR2624300PE,24300.0,PE,237.45,235.7,237.17,236.02,240.0,235.0,0.021073,0.021195,ws,ws,type_c_ladder,type_c_ladder,False,False,0.28,-0.32,65,-113.75,strategy_S9-148__TYPE_C:NIFTY:2026-04-15T10:34:45:SHORT
2026-04-15,10:35:42,2026-04-15,10:35:50,NIFTY,SELL,TYPE_C,PASSIVE,HIT_BID,24257.65,24258.85,NIFTY21APR2624300PE,24300.0,PE,236.75,236.45,236.69,236.69,240.0,235.0,0.021142,0.021122,ws,ws,type_c_ladder,type_c_ladder,False,False,0.0556,-0.2444,65,-19.5,strategy_S9-148__TYPE_C:NIFTY:2026-04-15T10:35:42:SHORT
2026-04-15,10:36:45,2026-04-15,10:37:34,NIFTY,SELL,TYPE_C,PASSIVE,HIT_BID,24254.05,24249.25,NIFTY21APR2624300PE,24300.0,PE,239.7,240.2,239.35,240.32,240.0,240.0,0.020879,0.020807,ws,ws,type_c_ladder,type_c_ladder,False,False,0.35,-0.12,65,32.5,strategy_S9-148__TYPE_C:NIFTY:2026-04-15T10:36:45:SHORT
2026-04-15,10:37:50,2026-04-15,10:38:04,NIFTY,BUY,TYPE_C,PASSIVE,HIT_BID,24254.3,24251.5,NIFTY21APR2624250CE,24250.0,CE,232.7,232.0,232.6,232.29,235.0,230.0,0.021501,0.021533,ws,ws,type_c_ladder,type_c_ladder,False,False,0.1,-0.2933,65,-45.5,strategy_S9-148__TYPE_C:NIFTY:2026-04-15T10:37:50:LONG
2026-04-15,10:39:15,2026-04-15,10:39:43,NIFTY,SELL,TYPE_C,PASSIVE,HIT_BID,24249.45,24246.9,NIFTY21APR2624250PE,24250.0,PE,215.45,217.5,215.34,217.93,220.0,215.0,0.023232,0.022962,ws,ws,type_c_ladder,type_c_ladder,False,False,0.1125,-0.4333,65,133.25,strategy_S9-148__TYPE_C:NIFTY:2026-04-15T10:39:15:SHORT
2026-04-15,10:40:28,2026-04-15,10:40:40,NIFTY,BUY,TYPE_C,PASSIVE,HIT_BID,24247.9,24245.65,NIFTY21APR2624200CE,24200.0,CE,258.5,259.1,258.38,259.5,260.0,255.0,0.019361,0.019275,ws,ws,type_c_ladder,type_c_ladder,False,False,0.1212,-0.4,65,39.0,strategy_S9-148__TYPE_C:NIFTY:2026-04-15T10:40:28:LONG
2026-04-15,10:41:44,2026-04-15,10:41:49,NIFTY,SELL,TYPE_C,PASSIVE,HIT_BID,24243.45,24245.1,NIFTY21APR2624250PE,24250.0,PE,217.9,217.3,217.76,217.43,220.0,215.0,0.02297,0.022989,ws,ws,type_c_ladder,type_c_ladder,False,False,0.1406,-0.1333,65,-39.0,strategy_S9-148__TYPE_C:NIFTY:2026-04-15T10:41:44:SHORT
2026-04-15,10:42:22,2026-04-15,10:42:41,NIFTY,BUY,TYPE_C,PASSIVE,HIT_BID,24247.7,24249.2,NIFTY21APR2624200CE,24200.0,CE,260.2,260.1,259.93,260.15,265.0,260.0,0.019236,0.019205,ws,ws,type_c_ladder,type_c_ladder,False,False,0.275,-0.05,65,-6.5,strategy_S9-148__TYPE_C:NIFTY:2026-04-15T10:42:22:LONG
2026-04-15,10:43:05,2026-04-15,10:43:10,NIFTY,BUY,TYPE_C,PASSIVE,HIT_BID,24251.45,24248.6,NIFTY21APR2624250CE,24250.0,CE,231.75,230.8,231.42,230.92,235.0,230.0,0.021601,0.02165,ws,ws,type_c_ladder,type_c_ladder,False,False,0.33,-0.12,65,-61.75,strategy_S9-148__TYPE_C:NIFTY:2026-04-15T10:43:05:LONG
2026-04-15,10:43:47,2026-04-15,10:44:01,NIFTY,SELL,TYPE_C,PASSIVE,HIT_BID,24246.85,24246.6,NIFTY21APR2624250PE,24250.0,PE,217.1,218.35,216.76,218.57,220.0,215.0,0.023055,0.022878,ws,ws,type_c_ladder,type_c_ladder,False,False,0.3375,-0.2222,65,81.25,strategy_S9-148__TYPE_C:NIFTY:2026-04-15T10:43:47:SHORT
2026-04-15,10:44:16,2026-04-15,10:44:35,NIFTY,SELL,TYPE_C,PASSIVE,HIT_BID,24239.35,24237.7,NIFTY21APR2624250PE,24250.0,PE,221.35,220.75,221.17,221.14,225.0,220.0,0.022614,0.022627,ws,ws,type_c_ladder,type_c_ladder,False,False,0.1786,-0.3857,65,-39.0,strategy_S9-148__TYPE_C:NIFTY:2026-04-15T10:44:16:SHORT
2026-04-15,10:44:58,2026-04-15,10:45:01,NIFTY,BUY,TYPE_C,PASSIVE,HIT_BID,24244.15,24239.85,NIFTY21APR2624200CE,24200.0,CE,256.5,256.0,256.49,256.12,260.0,255.0,0.019512,0.019526,ws,ws,type_c_ladder,type_c_ladder,False,False,0.0061,-0.1239,65,-32.5,strategy_S9-148__TYPE_C:NIFTY:2026-04-15T10:44:58:LONG
2026-04-15,10:45:15,2026-04-15,10:45:37,NIFTY,BUY,TYPE_C,PASSIVE,HIT_BID,24244.2,24244.8,NIFTY21APR2624200CE,24200.0,CE,257.5,259.45,257.38,259.58,260.0,255.0,0.019438,0.019264,ws,ws,type_c_ladder,type_c_ladder,False,False,0.1222,-0.1333,65,126.75,strategy_S9-148__TYPE_C:NIFTY:2026-04-15T10:45:15:LONG
2026-04-15,10:46:35,2026-04-15,10:47:00,NIFTY,BUY,TYPE_C,PASSIVE,HIT_BID,24247.95,24247.0,NIFTY21APR2624200CE,24200.0,CE,258.8,257.5,258.44,257.62,260.0,255.0,0.019337,0.019404,ws,ws,type_c_ladder,type_c_ladder,False,False,0.36,-0.1167,65,-84.5,strategy_S9-148__TYPE_C:NIFTY:2026-04-15T10:46:35:LONG
2026-04-15,10:47:50,2026-04-15,10:48:03,NIFTY,BUY,TYPE_C,PASSIVE,HIT_BID,24248.6,24246.85,NIFTY21APR2624200CE,24200.0,CE,258.0,256.5,257.94,256.51,260.0,255.0,0.019385,0.019482,ws,ws,type_c_ladder,type_c_ladder,False,False,0.06,-0.0079,65,-97.5,strategy_S9-148__TYPE_C:NIFTY:2026-04-15T10:47:50:LONG
2026-04-15,10:48:16,2026-04-15,10:48:40,NIFTY,BUY,TYPE_C,PASSIVE,HIT_BID,24248.6,24247.2,NIFTY21APR2624200CE,24200.0,CE,258.45,260.0,258.42,260.27,260.0,260.0,0.019354,0.019212,ws,ws,type_c_ladder,type_c_ladder,False,False,0.0333,-0.275,65,100.75,strategy_S9-148__TYPE_C:NIFTY:2026-04-15T10:48:16:LONG
2026-04-15,10:50:08,2026-04-15,10:50:17,NIFTY,SELL,TYPE_C,PASSIVE,HIT_BID,24246.4,24246.6,NIFTY21APR2624250PE,24250.0,PE,217.65,216.8,217.46,217.14,220.0,215.0,0.022986,0.023041,ws,ws,type_c_ladder,type_c_ladder,False,False,0.1875,-0.3429,65,-55.25,strategy_S9-148__TYPE_C:NIFTY:2026-04-15T10:50:08:SHORT
2026-04-15,10:50:30,2026-04-15,10:51:02,NIFTY,SELL,TYPE_C,PASSIVE,HIT_BID,24233.6,24229.25,NIFTY21APR2624250PE,24250.0,PE,223.9,224.7,223.79,224.98,225.0,220.0,0.022359,0.02223,ws,ws,type_c_ladder,type_c_ladder,False,False,0.11,-0.2812,65,52.0,strategy_S9-148__TYPE_C:NIFTY:2026-04-15T10:50:30:SHORT
2026-04-15,10:51:30,2026-04-15,10:51:40,NIFTY,SELL,TYPE_C,PASSIVE,HIT_BID,24224.2,24224.4,NIFTY21APR2624250PE,24250.0,PE,226.75,225.3,226.57,225.5,230.0,225.0,0.022075,0.022168,ws,ws,type_c_ladder,type_c_ladder,False,False,0.175,-0.2,65,-94.25,strategy_S9-148__TYPE_C:NIFTY:2026-04-15T10:51:30:SHORT
2026-04-15,10:52:30,2026-04-15,10:52:50,NIFTY,SELL,TYPE_C,PASSIVE,HIT_BID,24225.35,24225.65,NIFTY21APR2624250PE,24250.0,PE,228.45,228.1,228.24,228.57,230.0,225.0,0.021911,0.021896,ws,ws,type_c_ladder,type_c_ladder,False,False,0.2143,-0.4667,65,-22.75,strategy_S9-148__TYPE_C:NIFTY:2026-04-15T10:52:30:SHORT
2026-04-15,10:53:00,2026-04-15,10:53:14,NIFTY,SELL,TYPE_C,PASSIVE,HIT_BID,24222.05,24222.5,NIFTY21APR2624250PE,24250.0,PE,230.6,230.9,230.37,231.24,235.0,230.0,0.021706,0.021633,ws,ws,type_c_ladder,type_c_ladder,False,False,0.2333,-0.3375,65,19.5,strategy_S9-148__TYPE_C:NIFTY:2026-04-15T10:53:00:SHORT
2026-04-15,10:53:33,2026-04-15,10:54:07,NIFTY,SELL,TYPE_C,PASSIVE,HIT_BID,24213.65,24210.55,NIFTY21APR2624250PE,24250.0,PE,233.0,237.65,232.77,237.92,235.0,235.0,0.021471,0.021017,ws,ws,type_c_ladder,type_c_ladder,False,False,0.2319,-0.2692,65,302.25,strategy_S9-148__TYPE_C:NIFTY:2026-04-15T10:53:33:SHORT
2026-04-15,10:54:30,2026-04-15,10:54:57,NIFTY,BUY,TYPE_C,CONTROLLED,HIT_BID,24217.75,24221.3,NIFTY21APR2624200CE,24200.0,CE,245.25,246.0,244.9,246.22,250.0,245.0,0.020414,0.020307,ws,ws,type_c_ladder,type_c_ladder,True,False,0.3467,-0.2192,65,48.75,strategy_S9-148__TYPE_C:NIFTY:2026-04-15T10:54:30:LONG
2026-04-15,10:55:19,2026-04-15,10:55:40,NIFTY,BUY,TYPE_C,PASSIVE,HIT_BID,24225.05,24224.55,NIFTY21APR2624200CE,24200.0,CE,248.7,246.15,248.23,246.22,250.0,245.0,0.020127,0.020294,ws,ws,type_c_ladder,type_c_ladder,False,False,0.4714,-0.075,65,-165.75,strategy_S9-148__TYPE_C:NIFTY:2026-04-15T10:55:19:LONG
2026-04-15,10:56:22,2026-04-15,10:56:29,NIFTY,SELL,TYPE_C,PASSIVE,HIT_BID,24222.25,24225.05,NIFTY21APR2624250PE,24250.0,PE,232.4,230.2,232.28,230.35,235.0,230.0,0.021533,0.021699,ws,ws,type_c_ladder,type_c_ladder,False,False,0.12,-0.15,65,-143.0,strategy_S9-148__TYPE_C:NIFTY:2026-04-15T10:56:22:SHORT
2026-04-15,10:56:42,2026-04-15,10:56:50,NIFTY,SELL,TYPE_C,PASSIVE,HIT_BID,24220.3,24221.2,NIFTY21APR2624250PE,24250.0,PE,233.45,233.4,233.27,233.79,235.0,230.0,0.021443,0.021397,ws,ws,type_c_ladder,type_c_ladder,False,False,0.1833,-0.3929,65,-3.25,strategy_S9-148__TYPE_C:NIFTY:2026-04-15T10:56:42:SHORT
2026-04-15,10:57:50,2026-04-15,10:58:06,NIFTY,BUY,TYPE_C,PASSIVE,HIT_BID,24229.95,24231.55,NIFTY21APR2624200CE,24200.0,CE,248.6,249.2,248.5,249.42,250.0,245.0,0.020125,0.020042,ws,ws,type_c_ladder,type_c_ladder,False,False,0.1,-0.22,65,39.0,strategy_S9-148__TYPE_C:NIFTY:2026-04-15T10:57:50:LONG
2026-04-15,10:59:30,2026-04-15,10:59:35,NIFTY,SELL,TYPE_C,PASSIVE,HIT_BID,24220.0,24221.3,NIFTY21APR2624250PE,24250.0,PE,232.35,231.4,232.29,231.7,235.0,230.0,0.021535,0.021589,ws,ws,type_c_ladder,type_c_ladder,False,False,0.0583,-0.3,65,-61.75,strategy_S9-148__TYPE_C:NIFTY:2026-04-15T10:59:30:SHORT
2026-04-15,10:59:45,2026-04-15,11:00:31,NIFTY,SELL,TYPE_C,PASSIVE,HIT_BID,24218.8,24206.05,NIFTY21APR2624250PE,24250.0,PE,232.0,236.75,231.82,237.22,235.0,235.0,0.021563,0.021093,ws,ws,type_c_ladder,type_c_ladder,False,False,0.1786,-0.4737,65,308.75,strategy_S9-148__TYPE_C:NIFTY:2026-04-15T10:59:45:SHORT
2026-04-15,11:01:37,2026-04-15,11:01:52,NIFTY,BUY,TYPE_C,PASSIVE,HIT_BID,24211.15,24210.3,NIFTY21APR2624200CE,24200.0,CE,243.0,242.5,242.65,242.7,245.0,240.0,0.020597,0.020608,ws,ws,type_c_ladder,type_c_ladder,False,False,0.3462,-0.2037,65,-32.5,strategy_S9-148__TYPE_C:NIFTY:2026-04-15T11:01:37:LONG
2026-04-15,11:02:02,2026-04-15,11:02:15,NIFTY,BUY,TYPE_C,PASSIVE,HIT_BID,24215.25,24212.45,NIFTY21APR2624200CE,24200.0,CE,242.8,243.35,242.48,243.76,245.0,240.0,0.020608,0.020519,ws,ws,type_c_ladder,type_c_ladder,False,False,0.3182,-0.4105,65,35.75,strategy_S9-148__TYPE_C:NIFTY:2026-04-15T11:02:02:LONG
2026-04-15,11:03:18,2026-04-15,11:03:43,NIFTY,SELL,TYPE_C,PASSIVE,HIT_BID,24207.0,24207.95,NIFTY21APR2624250PE,24250.0,PE,236.0,236.25,235.71,236.32,240.0,235.0,0.021211,0.02116,ws,ws,type_c_ladder,type_c_ladder,False,False,0.2933,-0.0667,65,16.25,strategy_S9-148__TYPE_C:NIFTY:2026-04-15T11:03:18:SHORT
2026-04-15,11:05:23,2026-04-15,11:05:30,NIFTY,SELL,TYPE_C,PASSIVE,HIT_BID,24208.0,24208.15,NIFTY21APR2624250PE,24250.0,PE,238.0,236.95,237.76,237.15,240.0,235.0,0.021019,0.021079,ws,ws,type_c_ladder,type_c_ladder,False,False,0.24,-0.2,65,-68.25,strategy_S9-148__TYPE_C:NIFTY:2026-04-15T11:05:23:SHORT
2026-04-15,11:05:48,2026-04-15,11:05:57,NIFTY,SELL,TYPE_C,PASSIVE,HIT_BID,24206.15,24207.2,NIFTY21APR2624250PE,24250.0,PE,238.4,238.55,238.18,238.73,240.0,235.0,0.020991,0.020936,ws,ws,type_c_ladder,type_c_ladder,False,False,0.2182,-0.1833,65,9.75,strategy_S9-148__TYPE_C:NIFTY:2026-04-15T11:05:48:SHORT
2026-04-15,11:06:05,2026-04-15,11:06:35,NIFTY,SELL,TYPE_C,PASSIVE,HIT_BID,24204.85,24197.9,NIFTY21APR2624250PE,24250.0,PE,239.55,241.0,239.35,241.4,240.0,240.0,0.020896,0.020721,ws,ws,type_c_ladder,type_c_ladder,False,False,0.2,-0.4,65,94.25,strategy_S9-148__TYPE_C:NIFTY:2026-04-15T11:06:05:SHORT
2026-04-15,11:07:10,2026-04-15,11:07:50,NIFTY,SELL,TYPE_C,PASSIVE,HIT_BID,24192.65,24190.75,NIFTY21APR2624200PE,24200.0,PE,221.85,222.4,221.52,222.64,225.0,220.0,0.022563,0.022459,ws,ws,type_c_ladder,type_c_ladder,False,False,0.3333,-0.2423,65,35.75,strategy_S9-148__TYPE_C:NIFTY:2026-04-15T11:07:10:SHORT
2026-04-15,11:08:30,2026-04-15,11:09:10,NIFTY,BUY,TYPE_C,PASSIVE,HIT_BID,24196.0,24197.6,NIFTY21APR2624150CE,24150.0,CE,265.25,264.25,265.05,264.31,270.0,260.0,0.018864,0.018902,ws,ws,type_c_ladder,type_c_ladder,False,False,0.2,-0.0611,65,-65.0,strategy_S9-148__TYPE_C:NIFTY:2026-04-15T11:08:30:LONG
2026-04-15,11:09:36,2026-04-15,11:10:11,NIFTY,SELL,TYPE_C,PASSIVE,HIT_BID,24192.9,24188.6,NIFTY21APR2624200PE,24200.0,PE,224.9,227.05,224.75,227.34,225.0,225.0,0.022242,0.022002,ws,ws,type_c_ladder,type_c_ladder,False,False,0.15,-0.2857,65,139.75,strategy_S9-148__TYPE_C:NIFTY:2026-04-15T11:09:36:SHORT
2026-04-15,11:10:36,2026-04-15,11:11:05,NIFTY,SELL,TYPE_C,PASSIVE,HIT_BID,24185.2,24179.75,NIFTY21APR2624200PE,24200.0,PE,228.9,232.75,228.53,233.06,230.0,230.0,0.021865,0.021464,ws,ws,type_c_ladder,type_c_ladder,False,False,0.3706,-0.3091,65,250.25,strategy_S9-148__TYPE_C:NIFTY:2026-04-15T11:10:36:SHORT
2026-04-15,11:11:53,2026-04-15,11:12:22,NIFTY,BUY,TYPE_C,PASSIVE,HIT_BID,24186.2,24189.4,NIFTY21APR2624150CE,24150.0,CE,259.7,260.7,259.31,260.98,260.0,260.0,0.019272,0.019159,ws,ws,type_c_ladder,type_c_ladder,False,False,0.3889,-0.275,65,65.0,strategy_S9-148__TYPE_C:NIFTY:2026-04-15T11:11:53:LONG
2026-04-15,11:12:45,2026-04-15,11:13:02,NIFTY,SELL,TYPE_C,PASSIVE,HIT_BID,24186.7,24186.85,NIFTY21APR2624200PE,24200.0,PE,228.0,228.1,227.78,228.25,230.0,225.0,0.021944,0.021899,ws,ws,type_c_ladder,type_c_ladder,False,False,0.22,-0.15,65,6.5,strategy_S9-148__TYPE_C:NIFTY:2026-04-15T11:12:45:SHORT
2026-04-15,11:13:23,2026-04-15,11:13:31,NIFTY,SELL,TYPE_C,CONTROLLED,HIT_BID,24181.8,24182.65,NIFTY21APR2624200PE,24200.0,PE,230.3,228.45,229.97,228.59,235.0,225.0,0.021734,0.02186,ws,ws,type_c_ladder,type_c_ladder,True,False,0.3333,-0.1435,65,-120.25,strategy_S9-148__TYPE_C:NIFTY:2026-04-15T11:13:23:SHORT
2026-04-15,11:14:20,2026-04-15,11:14:49,NIFTY,BUY,TYPE_C,PASSIVE,HIT_BID,24188.4,24189.6,NIFTY21APR2624150CE,24150.0,CE,260.35,260.4,260.19,260.78,265.0,260.0,0.01922,0.019183,ws,ws,type_c_ladder,type_c_ladder,False,False,0.16,-0.3824,65,3.25,strategy_S9-148__TYPE_C:NIFTY:2026-04-15T11:14:20:LONG
2026-04-15,11:15:00,2026-04-15,11:15:20,NIFTY,SELL,TYPE_C,PASSIVE,HIT_BID,24183.55,24178.25,NIFTY21APR2624200PE,24200.0,PE,231.0,234.75,230.52,234.9,235.0,230.0,0.021668,0.021279,ws,ws,type_c_ladder,type_c_ladder,False,False,0.4752,-0.15,65,243.75,strategy_S9-148__TYPE_C:NIFTY:2026-04-15T11:15:00:SHORT
2026-04-15,11:15:55,2026-04-15,11:16:34,NIFTY,BUY,TYPE_C,PASSIVE,HIT_BID,24182.15,24186.75,NIFTY21APR2624150CE,24150.0,CE,260.1,260.25,260.05,260.45,265.0,260.0,0.019233,0.019198,ws,ws,type_c_ladder,type_c_ladder,False,False,0.05,-0.2,65,9.75,strategy_S9-148__TYPE_C:NIFTY:2026-04-15T11:15:55:LONG
2026-04-15,11:16:46,2026-04-15,11:17:57,NIFTY,BUY,TYPE_C,PASSIVE,HIT_BID,24189.8,24198.15,NIFTY21APR2624150CE,24150.0,CE,260.65,264.4,260.43,264.83,265.0,260.0,0.019203,0.018889,ws,ws,type_c_ladder,type_c_ladder,False,False,0.22,-0.4286,65,243.75,strategy_S9-148__TYPE_C:NIFTY:2026-04-15T11:16:46:LONG
2026-04-15,11:18:18,2026-04-15,11:18:41,NIFTY,BUY,TYPE_C,PASSIVE,HIT_BID,24202.5,24204.55,NIFTY21APR2624200CE,24200.0,CE,238.0,238.65,237.53,238.7,240.0,235.0,0.02103,0.020936,ws,ws,type_c_ladder,type_c_ladder,False,False,0.4738,-0.0467,65,42.25,strategy_S9-148__TYPE_C:NIFTY:2026-04-15T11:18:18:LONG
2026-04-15,11:19:29,2026-04-15,11:19:50,NIFTY,SELL,TYPE_C,PASSIVE,HIT_BID,24192.8,24188.9,NIFTY21APR2624200PE,24200.0,PE,228.0,230.0,227.61,230.35,230.0,230.0,0.021949,0.021716,ws,ws,type_c_ladder,type_c_ladder,False,False,0.3946,-0.35,65,130.0,strategy_S9-148__TYPE_C:NIFTY:2026-04-15T11:19:29:SHORT
2026-04-15,11:20:31,2026-04-15,11:20:45,NIFTY,BUY,TYPE_C,PASSIVE,HIT_BID,24191.5,24191.4,NIFTY21APR2624150CE,24150.0,CE,262.85,263.7,262.7,263.72,265.0,260.0,0.019035,0.018938,ws,ws,type_c_ladder,type_c_ladder,False,False,0.15,-0.0167,65,55.25,strategy_S9-148__TYPE_C:NIFTY:2026-04-15T11:20:31:LONG
2026-04-15,11:21:32,2026-04-15,11:21:38,NIFTY,BUY,TYPE_C,PASSIVE,HIT_BID,24195.5,24194.45,NIFTY21APR2624150CE,24150.0,CE,265.5,265.05,265.2,265.32,270.0,265.0,0.018854,0.018845,ws,ws,type_c_ladder,type_c_ladder,False,False,0.3,-0.275,65,-29.25,strategy_S9-148__TYPE_C:NIFTY:2026-04-15T11:21:32:LONG
2026-04-15,11:22:02,2026-04-15,11:22:46,NIFTY,BUY,TYPE_C,PASSIVE,HIT_BID,24197.2,24203.65,NIFTY21APR2624150CE,24150.0,CE,266.55,267.45,266.47,267.48,270.0,265.0,0.018776,0.018676,ws,ws,type_c_ladder,type_c_ladder,False,False,0.0833,-0.0324,65,58.5,strategy_S9-148__TYPE_C:NIFTY:2026-04-15T11:22:02:LONG
2026-04-15,11:23:35,2026-04-15,11:23:50,NIFTY,SELL,TYPE_C,PASSIVE,HIT_BID,24197.75,24198.0,NIFTY21APR2624200PE,24200.0,PE,226.55,226.45,226.16,226.72,230.0,225.0,0.02209,0.02206,ws,ws,type_c_ladder,type_c_ladder,False,False,0.3863,-0.2667,65,-6.5,strategy_S9-148__TYPE_C:NIFTY:2026-04-15T11:23:35:SHORT
2026-04-15,11:24:32,2026-04-15,11:25:04,NIFTY,BUY,TYPE_C,PASSIVE,HIT_BID,24197.15,24199.6,NIFTY21APR2624150CE,24150.0,CE,266.5,266.95,266.2,267.27,270.0,265.0,0.018778,0.018716,ws,ws,type_c_ladder,type_c_ladder,False,False,0.3,-0.32,65,29.25,strategy_S9-148__TYPE_C:NIFTY:2026-04-15T11:24:32:LONG
2026-04-15,11:25:16,2026-04-15,11:25:50,NIFTY,SELL,TYPE_C,PASSIVE,HIT_BID,24193.95,24192.25,NIFTY21APR2624200PE,24200.0,PE,227.4,224.5,227.27,224.77,230.0,220.0,0.022014,0.022252,ws,ws,type_c_ladder,type_c_ladder,False,False,0.132,-0.2667,65,-188.5,strategy_S9-148__TYPE_C:NIFTY:2026-04-15T11:25:16:SHORT
2026-04-15,11:26:00,2026-04-15,11:26:20,NIFTY,SELL,TYPE_C,PASSIVE,HIT_BID,24189.25,24188.8,NIFTY21APR2624200PE,24200.0,PE,226.6,228.15,226.48,228.4,230.0,225.0,0.022087,0.021891,ws,ws,type_c_ladder,type_c_ladder,False,False,0.1227,-0.25,65,100.75,strategy_S9-148__TYPE_C:NIFTY:2026-04-15T11:26:00:SHORT
2026-04-15,11:26:32,2026-04-15,11:26:50,NIFTY,SELL,TYPE_C,PASSIVE,HIT_BID,24185.25,24182.55,NIFTY21APR2624200PE,24200.0,PE,229.15,230.45,228.9,230.85,230.0,230.0,0.021839,0.021673,ws,ws,type_c_ladder,type_c_ladder,False,False,0.25,-0.4,65,84.5,strategy_S9-148__TYPE_C:NIFTY:2026-04-15T11:26:32:SHORT
2026-04-15,11:27:33,2026-04-15,11:28:27,NIFTY,BUY,TYPE_C,PASSIVE,HIT_BID,24186.4,24193.1,NIFTY21APR2624150CE,24150.0,CE,263.35,264.4,262.84,264.58,265.0,260.0,0.019006,0.018891,ws,ws,type_c_ladder,type_c_ladder,False,False,0.5133,-0.1833,65,68.25,strategy_S9-148__TYPE_C:NIFTY:2026-04-15T11:27:33:LONG
2026-04-15,11:28:30,2026-04-15,11:28:50,NIFTY,SELL,TYPE_C,PASSIVE,HIT_BID,24186.95,24188.6,NIFTY21APR2624200PE,24200.0,PE,229.9,228.15,229.78,228.5,230.0,225.0,0.021768,0.021889,ws,ws,type_c_ladder,type_c_ladder,False,False,0.12,-0.35,65,-113.75,strategy_S9-148__TYPE_C:NIFTY:2026-04-15T11:28:30:SHORT
2026-04-15,11:29:34,2026-04-15,11:29:44,NIFTY,SELL,TYPE_C,PASSIVE,HIT_BID,24186.15,24188.35,NIFTY21APR2624200PE,24200.0,PE,228.35,228.05,228.22,228.21,230.0,225.0,0.021908,0.021906,ws,ws,type_c_ladder,type_c_ladder,False,False,0.125,-0.16,65,-19.5,strategy_S9-148__TYPE_C:NIFTY:2026-04-15T11:29:34:SHORT
2026-04-15,11:30:13,2026-04-15,11:30:16,NIFTY,SELL,TYPE_C,PASSIVE,HIT_BID,24185.2,24187.4,NIFTY21APR2624200PE,24200.0,PE,228.7,228.1,228.57,228.32,230.0,225.0,0.021872,0.021899,ws,ws,type_c_ladder,type_c_ladder,False,False,0.125,-0.225,65,-39.0,strategy_S9-148__TYPE_C:NIFTY:2026-04-15T11:30:13:SHORT
2026-04-15,11:30:35,2026-04-15,11:30:45,NIFTY,BUY,TYPE_C,PASSIVE,HIT_BID,24196.1,24192.95,NIFTY21APR2624150CE,24150.0,CE,266.55,265.4,266.12,265.71,270.0,265.0,0.018781,0.018825,ws,ws,type_c_ladder,type_c_ladder,False,False,0.4333,-0.3111,65,-74.75,strategy_S9-148__TYPE_C:NIFTY:2026-04-15T11:30:35:LONG
2026-04-15,11:31:05,2026-04-15,11:31:30,NIFTY,SELL,TYPE_C,PASSIVE,HIT_BID,24187.9,24187.9,NIFTY21APR2624200PE,24200.0,PE,227.8,228.0,227.75,228.25,230.0,225.0,0.021976,0.021911,ws,ws,type_c_ladder,type_c_ladder,False,False,0.0478,-0.25,65,13.0,strategy_S9-148__TYPE_C:NIFTY:2026-04-15T11:31:05:SHORT
2026-04-15,11:31:50,2026-04-15,11:32:08,NIFTY,BUY,TYPE_C,PASSIVE,HIT_BID,24191.65,24189.95,NIFTY21APR2624150CE,24150.0,CE,264.75,264.1,264.13,264.4,265.0,260.0,0.018909,0.018913,ws,ws,type_c_ladder,type_c_ladder,False,False,0.6158,-0.3,65,-42.25,strategy_S9-148__TYPE_C:NIFTY:2026-04-15T11:31:50:LONG
2026-04-15,11:32:45,2026-04-15,11:32:50,NIFTY,SELL,TYPE_C,PASSIVE,HIT_BID,24187.35,24188.8,NIFTY21APR2624200PE,24200.0,PE,229.0,228.4,228.77,228.74,230.0,225.0,0.021846,0.021867,ws,ws,type_c_ladder,type_c_ladder,False,False,0.2289,-0.3446,65,-39.0,strategy_S9-148__TYPE_C:NIFTY:2026-04-15T11:32:45:SHORT
2026-04-15,11:33:16,2026-04-15,11:33:33,NIFTY,SELL,TYPE_C,PASSIVE,HIT_BID,24186.4,24188.5,NIFTY21APR2624200PE,24200.0,PE,228.5,227.5,228.02,227.65,230.0,225.0,0.021908,0.021968,ws,ws,type_c_ladder,type_c_ladder,False,False,0.4783,-0.15,65,-65.0,strategy_S9-148__TYPE_C:NIFTY:2026-04-15T11:33:16:SHORT
2026-04-15,11:34:32,2026-04-15,11:34:57,NIFTY,BUY,TYPE_C,PASSIVE,HIT_BID,24188.7,24188.45,NIFTY21APR2624150CE,24150.0,CE,264.15,262.1,263.97,262.47,265.0,260.0,0.018939,0.019057,ws,ws,type_c_ladder,type_c_ladder,False,False,0.18,-0.3667,65,-133.25,strategy_S9-148__TYPE_C:NIFTY:2026-04-15T11:34:32:LONG
2026-04-15,11:35:20,2026-04-15,11:36:18,NIFTY,BUY,TYPE_C,PASSIVE,HIT_BID,24192.7,24195.2,NIFTY21APR2624150CE,24150.0,CE,264.8,266.2,264.63,266.63,265.0,265.0,0.0189,0.018762,ws,ws,type_c_ladder,type_c_ladder,False,False,0.1667,-0.4286,65,91.0,strategy_S9-148__TYPE_C:NIFTY:2026-04-15T11:35:20:LONG
2026-04-15,11:36:30,2026-04-15,11:36:40,NIFTY,BUY,TYPE_C,PASSIVE,HIT_BID,24198.05,24196.85,NIFTY21APR2624150CE,24150.0,CE,267.35,266.15,267.11,266.27,270.0,265.0,0.018725,0.018769,ws,ws,type_c_ladder,type_c_ladder,False,False,0.2364,-0.125,65,-78.0,strategy_S9-148__TYPE_C:NIFTY:2026-04-15T11:36:30:LONG
2026-04-15,11:37:24,2026-04-15,11:37:47,NIFTY,BUY,TYPE_C,PASSIVE,HIT_BID,24202.4,24200.4,NIFTY21APR2624200CE,24200.0,CE,239.1,239.0,238.77,239.48,240.0,235.0,0.020934,0.020899,ws,ws,type_c_ladder,type_c_ladder,False,False,0.3333,-0.4821,65,-6.5,strategy_S9-148__TYPE_C:NIFTY:2026-04-15T11:37:24:LONG
2026-04-15,11:40:45,2026-04-15,11:40:54,NIFTY,SELL,TYPE_C,PASSIVE,HIT_BID,24194.85,24195.75,NIFTY21APR2624200PE,24200.0,PE,224.75,222.5,224.66,222.57,225.0,220.0,0.022269,0.022447,ws,ws,type_c_ladder,type_c_ladder,False,False,0.09,-0.0667,65,-146.25,strategy_S9-148__TYPE_C:NIFTY:2026-04-15T11:40:45:SHORT
2026-04-15,11:43:30,2026-04-15,11:43:47,NIFTY,BUY,TYPE_C,PASSIVE,HIT_BID,24207.3,24205.95,NIFTY21APR2624200CE,24200.0,CE,243.15,243.15,242.81,243.6,245.0,240.0,0.02058,0.020542,ws,ws,type_c_ladder,type_c_ladder,False,False,0.3429,-0.45,65,0.0,strategy_S9-148__TYPE_C:NIFTY:2026-04-15T11:43:30:LONG
2026-04-15,11:44:35,2026-04-15,11:45:14,NIFTY,BUY,TYPE_C,PASSIVE,HIT_BID,24209.35,24210.4,NIFTY21APR2624200CE,24200.0,CE,243.0,243.55,242.56,243.88,245.0,240.0,0.020595,0.020504,ws,ws,type_c_ladder,type_c_ladder,False,False,0.4395,-0.3273,65,35.75,strategy_S9-148__TYPE_C:NIFTY:2026-04-15T11:44:35:LONG
2026-04-15,11:45:30,2026-04-15,11:45:50,NIFTY,SELL,TYPE_C,PASSIVE,HIT_BID,24207.35,24204.85,NIFTY21APR2624250PE,24250.0,PE,239.3,240.9,239.26,241.02,240.0,240.0,0.020903,0.020732,ws,ws,type_c_ladder,type_c_ladder,False,False,0.04,-0.1222,65,104.0,strategy_S9-148__TYPE_C:NIFTY:2026-04-15T11:45:30:SHORT
2026-04-15,11:48:01,2026-04-15,11:49:15,NIFTY,BUY,TYPE_C,PASSIVE,HIT_BID,24209.8,24217.75,NIFTY21APR2624200CE,24200.0,CE,244.5,249.15,244.46,249.59,245.0,245.0,0.02046,0.020044,ws,ws,type_c_ladder,type_c_ladder,False,False,0.0446,-0.4364,65,302.25,strategy_S9-148__TYPE_C:NIFTY:2026-04-15T11:48:01:LONG
2026-04-15,11:50:05,2026-04-15,11:50:30,NIFTY,BUY,TYPE_C,PASSIVE,HIT_BID,24222.3,24222.05,NIFTY21APR2624200CE,24200.0,CE,250.0,249.3,249.73,249.53,250.0,245.0,0.020012,0.020036,ws,ws,type_c_ladder,type_c_ladder,False,False,0.2714,-0.2273,65,-45.5,strategy_S9-148__TYPE_C:NIFTY:2026-04-15T11:50:05:LONG
2026-04-15,11:51:04,2026-04-15,11:51:05,NIFTY,SELL,TYPE_C,PASSIVE,HIT_BID,24218.5,24220.4,NIFTY21APR2624250PE,24250.0,PE,227.2,227.6,227.09,227.87,230.0,225.0,0.022029,0.021949,ws,ws,type_c_ladder,type_c_ladder,False,False,0.1125,-0.2667,65,26.0,strategy_S9-148__TYPE_C:NIFTY:2026-04-15T11:51:04:SHORT
2026-04-15,11:51:30,2026-04-15,11:51:41,NIFTY,BUY,TYPE_C,PASSIVE,HIT_BID,24224.15,24222.6,NIFTY21APR2624200CE,24200.0,CE,251.85,250.0,251.83,250.39,255.0,250.0,0.019871,0.019978,ws,ws,type_c_ladder,type_c_ladder,False,False,0.0205,-0.3915,65,-120.25,strategy_S9-148__TYPE_C:NIFTY:2026-04-15T11:51:30:LONG
2026-04-15,11:52:45,2026-04-15,11:52:50,NIFTY,SELL,TYPE_C,PASSIVE,HIT_BID,24219.7,24221.35,NIFTY21APR2624250PE,24250.0,PE,229.0,229.1,228.86,229.28,230.0,225.0,0.021844,0.021813,ws,ws,type_c_ladder,type_c_ladder,False,False,0.1429,-0.1786,65,6.5,strategy_S9-148__TYPE_C:NIFTY:2026-04-15T11:52:45:SHORT
2026-04-15,11:53:00,2026-04-15,11:53:53,NIFTY,SELL,TYPE_C,PASSIVE,HIT_BID,24218.85,24217.15,NIFTY21APR2624250PE,24250.0,PE,229.05,229.15,228.99,229.55,230.0,225.0,0.021839,0.021796,ws,ws,type_c_ladder,type_c_ladder,False,False,0.0571,-0.4048,65,6.5,strategy_S9-148__TYPE_C:NIFTY:2026-04-15T11:53:00:SHORT
2026-04-15,11:54:26,2026-04-15,11:54:54,NIFTY,BUY,TYPE_C,PASSIVE,HIT_BID,24221.1,24222.8,NIFTY21APR2624200CE,24200.0,CE,249.45,249.45,249.28,249.52,250.0,245.0,0.020062,0.02002,ws,ws,type_c_ladder,type_c_ladder,False,False,0.1687,-0.0667,65,0.0,strategy_S9-148__TYPE_C:NIFTY:2026-04-15T11:54:26:LONG
2026-04-15,11:55:50,2026-04-15,11:56:01,NIFTY,SELL,TYPE_C,PASSIVE,HIT_BID,24218.6,24221.7,NIFTY21APR2624250PE,24250.0,PE,226.55,226.15,226.45,226.26,230.0,225.0,0.022082,0.022087,ws,ws,type_c_ladder,type_c_ladder,False,False,0.1,-0.108,65,-26.0,strategy_S9-148__TYPE_C:NIFTY:2026-04-15T11:55:50:SHORT
2026-04-15,11:56:15,2026-04-15,11:56:27,NIFTY,SELL,TYPE_C,PASSIVE,HIT_BID,24220.35,24221.1,NIFTY21APR2624250PE,24250.0,PE,226.75,225.6,226.49,225.87,230.0,225.0,0.022073,0.022141,ws,ws,type_c_ladder,type_c_ladder,False,False,0.2571,-0.27,65,-74.75,strategy_S9-148__TYPE_C:NIFTY:2026-04-15T11:56:15:SHORT
2026-04-15,11:56:50,2026-04-15,11:57:05,NIFTY,SELL,TYPE_C,PASSIVE,HIT_BID,24219.25,24220.05,NIFTY21APR2624250PE,24250.0,PE,227.1,227.35,227.0,227.37,230.0,225.0,0.022034,0.021985,ws,ws,type_c_ladder,type_c_ladder,False,False,0.1,-0.015,65,16.25,strategy_S9-148__TYPE_C:NIFTY:2026-04-15T11:56:50:SHORT
2026-04-15,11:58:00,2026-04-15,11:58:05,NIFTY,SELL,TYPE_C,PASSIVE,HIT_BID,24215.25,24218.0,NIFTY21APR2624250PE,24250.0,PE,229.0,228.45,228.91,228.55,230.0,225.0,0.021839,0.021867,ws,ws,type_c_ladder,type_c_ladder,False,False,0.088,-0.1,65,-35.75,strategy_S9-148__TYPE_C:NIFTY:2026-04-15T11:58:00:SHORT
2026-04-15,11:58:16,2026-04-15,11:58:20,NIFTY,SELL,TYPE_C,PASSIVE,HIT_BID,24214.8,24216.95,NIFTY21APR2624250PE,24250.0,PE,230.0,228.4,229.8,228.46,230.0,225.0,0.021751,0.021872,ws,ws,type_c_ladder,type_c_ladder,False,False,0.2,-0.0615,65,-104.0,strategy_S9-148__TYPE_C:NIFTY:2026-04-15T11:58:16:SHORT
2026-04-15,12:00:05,2026-04-15,12:00:30,NIFTY,BUY,TYPE_C,PASSIVE,HIT_BID,24220.35,24221.7,NIFTY21APR2624200CE,24200.0,CE,248.0,249.65,247.52,249.98,250.0,245.0,0.020182,0.020014,ws,ws,type_c_ladder,type_c_ladder,False,False,0.4808,-0.3267,65,107.25,strategy_S9-148__TYPE_C:NIFTY:2026-04-15T12:00:05:LONG
2026-04-15,12:00:50,2026-04-15,12:01:10,NIFTY,BUY,TYPE_C,PASSIVE,HIT_BID,24223.7,24224.6,NIFTY21APR2624200CE,24200.0,CE,250.0,249.25,249.98,249.59,250.0,245.0,0.02001,0.020044,ws,ws,type_c_ladder,type_c_ladder,False,False,0.0203,-0.3429,65,-48.75,strategy_S9-148__TYPE_C:NIFTY:2026-04-15T12:00:50:LONG
2026-04-15,12:02:54,2026-04-15,12:03:10,NIFTY,BUY,TYPE_C,PASSIVE,HIT_BID,24224.65,24226.05,NIFTY21APR2624200CE,24200.0,CE,248.9,249.45,248.85,249.48,250.0,245.0,0.020092,0.020022,ws,ws,type_c_ladder,type_c_ladder,False,False,0.05,-0.029,65,35.75,strategy_S9-148__TYPE_C:NIFTY:2026-04-15T12:02:54:LONG
2026-04-15,12:04:31,2026-04-15,12:04:56,NIFTY,BUY,TYPE_C,PASSIVE,HIT_BID,24227.5,24228.75,NIFTY21APR2624200CE,24200.0,CE,250.0,251.6,249.64,251.8,250.0,250.0,0.020016,0.019857,ws,ws,type_c_ladder,type_c_ladder,False,False,0.3636,-0.2,65,104.0,strategy_S9-148__TYPE_C:NIFTY:2026-04-15T12:04:31:LONG
2026-04-15,12:06:11,2026-04-15,12:06:20,NIFTY,SELL,TYPE_C,PASSIVE,HIT_BID,24223.05,24224.95,NIFTY21APR2624250PE,24250.0,PE,225.75,225.5,225.36,225.68,230.0,225.0,0.022173,0.022146,ws,ws,type_c_ladder,type_c_ladder,False,False,0.3889,-0.1833,65,-16.25,strategy_S9-148__TYPE_C:NIFTY:2026-04-15T12:06:11:SHORT
2026-04-15,12:06:50,2026-04-15,12:06:57,NIFTY,BUY,TYPE_C,PASSIVE,HIT_BID,24229.05,24223.9,NIFTY21APR2624200CE,24200.0,CE,251.7,250.75,251.53,251.0,255.0,250.0,0.019881,0.019926,ws,ws,type_c_ladder,type_c_ladder,False,False,0.1714,-0.2471,65,-61.75,strategy_S9-148__TYPE_C:NIFTY:2026-04-15T12:06:50:LONG
2026-04-15,12:07:20,2026-04-15,12:07:20,NIFTY,SELL,TYPE_C,CONTROLLED,HIT_BID,24222.6,24224.3,NIFTY21APR2624250PE,24250.0,PE,225.4,224.9,225.09,225.09,230.0,220.0,0.022207,0.022207,ws,ws,type_c_ladder,type_c_ladder,True,False,0.3077,-0.1923,65,-32.5,strategy_S9-148__TYPE_C:NIFTY:2026-04-15T12:07:20:SHORT
2026-04-15,12:07:59,2026-04-15,12:08:05,NIFTY,SELL,TYPE_C,PASSIVE,HIT_BID,24221.85,24224.35,NIFTY21APR2624250PE,24250.0,PE,225.6,225.5,225.38,225.64,230.0,225.0,0.02218,0.022156,ws,ws,type_c_ladder,type_c_ladder,False,False,0.2188,-0.14,65,-6.5,strategy_S9-148__TYPE_C:NIFTY:2026-04-15T12:07:59:SHORT
2026-04-15,12:08:17,2026-04-15,12:08:20,NIFTY,SELL,TYPE_C,PASSIVE,HIT_BID,24220.8,24222.5,NIFTY21APR2624250PE,24250.0,PE,226.05,226.0,225.95,226.03,230.0,225.0,0.022124,0.022121,ws,ws,type_c_ladder,type_c_ladder,False,False,0.097,-0.025,65,-3.25,strategy_S9-148__TYPE_C:NIFTY:2026-04-15T12:08:17:SHORT
2026-04-15,12:09:01,2026-04-15,12:09:07,NIFTY,BUY,TYPE_C,PASSIVE,HIT_BID,24224.6,24222.65,NIFTY21APR2624200CE,24200.0,CE,251.0,250.5,250.73,250.66,255.0,250.0,0.019934,0.019946,ws,ws,type_c_ladder,type_c_ladder,False,False,0.2705,-0.1615,65,-32.5,strategy_S9-148__TYPE_C:NIFTY:2026-04-15T12:09:01:LONG
2026-04-15,12:09:20,2026-04-15,12:09:41,NIFTY,BUY,TYPE_C,PASSIVE,HIT_BID,24225.7,24224.75,NIFTY21APR2624200CE,24200.0,CE,251.25,250.7,251.15,250.76,255.0,250.0,0.019908,0.019926,ws,ws,type_c_ladder,type_c_ladder,False,False,0.1,-0.0643,65,-35.75,strategy_S9-148__TYPE_C:NIFTY:2026-04-15T12:09:20:LONG
2026-04-15,12:10:05,2026-04-15,12:10:44,NIFTY,BUY,TYPE_C,PASSIVE,HIT_BID,24227.3,24229.3,NIFTY21APR2624200CE,24200.0,CE,250.95,252.55,250.72,252.58,255.0,250.0,0.019942,0.01979,ws,ws,type_c_ladder,type_c_ladder,False,False,0.225,-0.0286,65,104.0,strategy_S9-148__TYPE_C:NIFTY:2026-04-15T12:10:05:LONG
2026-04-15,12:11:05,2026-04-15,12:11:16,NIFTY,BUY,TYPE_C,PASSIVE,HIT_BID,24233.5,24232.6,NIFTY21APR2624200CE,24200.0,CE,252.25,252.35,252.14,252.57,255.0,250.0,0.019828,0.01979,ws,ws,type_c_ladder,type_c_ladder,False,False,0.1125,-0.2182,65,6.5,strategy_S9-148__TYPE_C:NIFTY:2026-04-15T12:11:05:LONG
2026-04-15,12:11:50,2026-04-15,12:11:58,NIFTY,BUY,TYPE_C,PASSIVE,HIT_BID,24234.8,24232.35,NIFTY21APR2624200CE,24200.0,CE,251.9,251.75,251.86,251.95,255.0,250.0,0.019857,0.019837,ws,ws,type_c_ladder,type_c_ladder,False,False,0.0364,-0.2,65,-9.75,strategy_S9-148__TYPE_C:NIFTY:2026-04-15T12:11:50:LONG
2026-04-15,12:12:20,2026-04-15,12:12:31,NIFTY,SELL,TYPE_C,PASSIVE,HIT_BID,24230.05,24231.6,NIFTY21APR2624250PE,24250.0,PE,224.2,222.8,223.92,223.12,225.0,220.0,0.022316,0.022422,ws,ws,type_c_ladder,type_c_ladder,False,False,0.2833,-0.32,65,-91.0,strategy_S9-148__TYPE_C:NIFTY:2026-04-15T12:12:20:SHORT
2026-04-15,12:13:06,2026-04-15,12:13:20,NIFTY,SELL,TYPE_C,PASSIVE,HIT_BID,24229.15,24228.45,NIFTY21APR2624250PE,24250.0,PE,222.35,223.7,222.1,224.08,225.0,220.0,0.02251,0.022326,ws,ws,type_c_ladder,type_c_ladder,False,False,0.2455,-0.3846,65,87.75,strategy_S9-148__TYPE_C:NIFTY:2026-04-15T12:13:06:SHORT
2026-04-15,12:14:13,2026-04-15,12:14:20,NIFTY,SELL,TYPE_C,CONTROLLED,HIT_BID,24224.95,24227.65,NIFTY21APR2624250PE,24250.0,PE,225.1,224.4,224.75,224.65,230.0,220.0,0.022237,0.022257,ws,ws,type_c_ladder,type_c_ladder,True,False,0.35,-0.25,65,-45.5,strategy_S9-148__TYPE_C:NIFTY:2026-04-15T12:14:13:SHORT
2026-04-15,12:15:50,2026-04-15,12:16:15,NIFTY,BUY,TYPE_C,PASSIVE,HIT_BID,24231.55,24231.15,NIFTY21APR2624200CE,24200.0,CE,251.85,252.05,251.46,252.12,255.0,250.0,0.019875,0.019822,ws,ws,type_c_ladder,type_c_ladder,False,False,0.3929,-0.0727,65,13.0,strategy_S9-148__TYPE_C:NIFTY:2026-04-15T12:15:50:LONG
2026-04-15,12:16:50,2026-04-15,12:17:12,NIFTY,BUY,TYPE_C,PASSIVE,HIT_BID,24233.25,24229.05,NIFTY21APR2624200CE,24200.0,CE,251.3,251.55,251.05,251.72,255.0,250.0,0.01992,0.019859,ws,ws,type_c_ladder,type_c_ladder,False,False,0.25,-0.1687,65,16.25,strategy_S9-148__TYPE_C:NIFTY:2026-04-15T12:16:50:LONG
2026-04-15,12:17:42,2026-04-15,12:18:35,NIFTY,SELL,TYPE_C,PASSIVE,HIT_BID,24228.6,24218.2,NIFTY21APR2624250PE,24250.0,PE,224.9,230.7,224.7,230.96,225.0,230.0,0.022249,0.021659,ws,ws,type_c_ladder,type_c_ladder,False,False,0.2,-0.2647,65,377.0,strategy_S9-148__TYPE_C:NIFTY:2026-04-15T12:17:42:SHORT
2026-04-15,12:20:00,2026-04-15,12:20:05,NIFTY,SELL,TYPE_C,PASSIVE,HIT_BID,24216.05,24217.5,NIFTY21APR2624250PE,24250.0,PE,230.45,231.4,230.2,231.6,235.0,230.0,0.02172,0.021596,ws,ws,type_c_ladder,type_c_ladder,False,False,0.25,-0.2,65,61.75,strategy_S9-148__TYPE_C:NIFTY:2026-04-15T12:20:00:SHORT
2026-04-15,12:20:32,2026-04-15,12:20:39,NIFTY,BUY,TYPE_C,PASSIVE,HIT_BID,24222.2,24220.4,NIFTY21APR2624200CE,24200.0,CE,247.0,245.15,246.56,245.22,250.0,245.0,0.020261,0.020385,ws,ws,type_c_ladder,type_c_ladder,False,False,0.4422,-0.0735,65,-120.25,strategy_S9-148__TYPE_C:NIFTY:2026-04-15T12:20:32:LONG
2026-04-15,12:21:24,2026-04-15,12:21:43,NIFTY,SELL,TYPE_C,PASSIVE,HIT_BID,24213.75,24207.5,NIFTY21APR2624250PE,24250.0,PE,234.0,237.0,233.52,237.35,235.0,235.0,0.02139,0.021073,ws,ws,type_c_ladder,type_c_ladder,False,False,0.4826,-0.35,65,195.0,strategy_S9-148__TYPE_C:NIFTY:2026-04-15T12:21:24:SHORT
2026-04-15,12:22:12,2026-04-15,12:22:20,NIFTY,SELL,TYPE_C,PASSIVE,HIT_BID,24204.2,24206.25,NIFTY21APR2624250PE,24250.0,PE,239.8,239.75,239.47,239.79,240.0,235.0,0.02087,0.020849,ws,ws,type_c_ladder,type_c_ladder,False,False,0.3273,-0.0375,65,-3.25,strategy_S9-148__TYPE_C:NIFTY:2026-04-15T12:22:12:SHORT
2026-04-15,12:23:06,2026-04-15,12:23:44,NIFTY,BUY,TYPE_C,PASSIVE,HIT_BID,24206.3,24209.6,NIFTY21APR2624200CE,24200.0,CE,238.15,239.7,237.88,239.85,240.0,235.0,0.021013,0.020846,ws,ws,type_c_ladder,type_c_ladder,False,False,0.2667,-0.15,65,100.75,strategy_S9-148__TYPE_C:NIFTY:2026-04-15T12:23:06:LONG
2026-04-15,12:24:03,2026-04-15,12:24:55,NIFTY,BUY,TYPE_C,PASSIVE,HIT_BID,24212.6,24222.65,NIFTY21APR2624200CE,24200.0,CE,240.2,242.2,240.06,242.46,245.0,240.0,0.020822,0.020619,ws,ws,type_c_ladder,type_c_ladder,False,False,0.1408,-0.2625,65,130.0,strategy_S9-148__TYPE_C:NIFTY:2026-04-15T12:24:03:LONG
2026-04-15,12:27:15,2026-04-15,12:27:49,NIFTY,BUY,TYPE_C,PASSIVE,HIT_BID,24226.2,24228.1,NIFTY21APR2624200CE,24200.0,CE,246.9,247.2,246.62,247.5,250.0,245.0,0.020274,0.020212,ws,ws,type_c_ladder,type_c_ladder,False,False,0.275,-0.3,65,19.5,strategy_S9-148__TYPE_C:NIFTY:2026-04-15T12:27:15:LONG
2026-04-15,12:28:07,2026-04-15,12:28:35,NIFTY,SELL,TYPE_C,PASSIVE,HIT_BID,24224.45,24224.1,NIFTY21APR2624250PE,24250.0,PE,226.7,227.15,226.66,227.25,230.0,225.0,0.022077,0.021997,ws,ws,type_c_ladder,type_c_ladder,False,False,0.0409,-0.1,65,29.25,strategy_S9-148__TYPE_C:NIFTY:2026-04-15T12:28:07:SHORT
2026-04-15,12:29:55,2026-04-15,12:30:05,NIFTY,SELL,TYPE_C,PASSIVE,HIT_BID,24220.4,24221.8,NIFTY21APR2624250PE,24250.0,PE,229.4,230.05,229.29,230.09,230.0,230.0,0.021805,0.021718,ws,ws,type_c_ladder,type_c_ladder,False,False,0.1125,-0.0437,65,42.25,strategy_S9-148__TYPE_C:NIFTY:2026-04-15T12:29:55:SHORT
2026-04-15,12:30:41,2026-04-15,12:31:01,NIFTY,SELL,TYPE_C,PASSIVE,HIT_BID,24218.2,24215.6,NIFTY21APR2624250PE,24250.0,PE,230.1,230.6,229.87,230.82,235.0,230.0,0.021758,0.021664,ws,ws,type_c_ladder,type_c_ladder,False,False,0.2276,-0.2222,65,32.5,strategy_S9-148__TYPE_C:NIFTY:2026-04-15T12:30:41:SHORT
2026-04-15,12:32:47,2026-04-15,12:32:50,NIFTY,SELL,TYPE_C,PASSIVE,HIT_BID,24213.05,24214.55,NIFTY21APR2624250PE,24250.0,PE,234.2,233.85,233.99,233.89,235.0,230.0,0.021361,0.021361,ws,ws,type_c_ladder,type_c_ladder,False,False,0.2143,-0.0375,65,-22.75,strategy_S9-148__TYPE_C:NIFTY:2026-04-15T12:32:47:SHORT
2026-04-15,12:33:18,2026-04-15,12:33:43,NIFTY,BUY,TYPE_C,PASSIVE,HIT_BID,24217.05,24217.45,NIFTY21APR2624200CE,24200.0,CE,240.45,239.0,240.27,239.05,245.0,235.0,0.020814,0.020905,ws,ws,type_c_ladder,type_c_ladder,False,False,0.1841,-0.05,65,-94.25,strategy_S9-148__TYPE_C:NIFTY:2026-04-15T12:33:18:LONG
2026-04-15,12:34:02,2026-04-15,12:34:19,NIFTY,SELL,TYPE_C,PASSIVE,HIT_BID,24214.65,24215.1,NIFTY21APR2624250PE,24250.0,PE,233.7,232.7,233.49,232.78,235.0,230.0,0.021411,0.02148,ws,ws,type_c_ladder,type_c_ladder,False,False,0.21,-0.075,65,-65.0,strategy_S9-148__TYPE_C:NIFTY:2026-04-15T12:34:02:SHORT
2026-04-15,12:34:30,2026-04-15,12:34:46,NIFTY,SELL,TYPE_C,PASSIVE,HIT_BID,24213.75,24215.4,NIFTY21APR2624250PE,24250.0,PE,233.95,232.1,233.89,232.27,235.0,230.0,0.02139,0.021519,ws,ws,type_c_ladder,type_c_ladder,False,False,0.0571,-0.1667,65,-120.25,strategy_S9-148__TYPE_C:NIFTY:2026-04-15T12:34:30:SHORT
2026-04-15,12:35:25,2026-04-15,12:36:26,NIFTY,BUY,TYPE_C,PASSIVE,HIT_BID,24219.1,24227.0,NIFTY21APR2624200CE,24200.0,CE,242.8,245.1,242.67,245.58,245.0,245.0,0.020602,0.020377,ws,ws,type_c_ladder,type_c_ladder,False,False,0.1304,-0.4813,65,149.5,strategy_S9-148__TYPE_C:NIFTY:2026-04-15T12:35:25:LONG
2026-04-15,12:36:47,2026-04-15,12:37:02,NIFTY,BUY,TYPE_C,PASSIVE,HIT_BID,24229.25,24229.5,NIFTY21APR2624200CE,24200.0,CE,244.55,245.0,244.45,245.35,245.0,245.0,0.020456,0.020383,ws,ws,type_c_ladder,type_c_ladder,False,False,0.1042,-0.3508,65,29.25,strategy_S9-148__TYPE_C:NIFTY:2026-04-15T12:36:47:LONG
2026-04-15,12:38:26,2026-04-15,12:38:51,NIFTY,BUY,TYPE_C,PASSIVE,HIT_BID,24234.05,24234.35,NIFTY21APR2624200CE,24200.0,CE,247.5,248.55,247.15,249.06,250.0,245.0,0.02022,0.020092,ws,ws,type_c_ladder,type_c_ladder,False,False,0.35,-0.51,65,68.25,strategy_S9-148__TYPE_C:NIFTY:2026-04-15T12:38:26:LONG
2026-04-15,12:39:05,2026-04-15,12:39:25,NIFTY,BUY,TYPE_C,PASSIVE,HIT_BID,24235.9,24235.15,NIFTY21APR2624200CE,24200.0,CE,249.7,248.15,249.4,248.28,250.0,245.0,0.020048,0.020133,ws,ws,type_c_ladder,type_c_ladder,False,False,0.3,-0.129,65,-100.75,strategy_S9-148__TYPE_C:NIFTY:2026-04-15T12:39:05:LONG
2026-04-15,12:40:15,2026-04-15,12:40:49,NIFTY,SELL,TYPE_C,PASSIVE,HIT_BID,24231.0,24230.2,NIFTY21APR2624250PE,24250.0,PE,227.0,226.55,226.69,226.82,230.0,225.0,0.022043,0.022043,ws,ws,type_c_ladder,type_c_ladder,False,False,0.3111,-0.275,65,-29.25,strategy_S9-148__TYPE_C:NIFTY:2026-04-15T12:40:15:SHORT
2026-04-15,12:41:17,2026-04-15,12:41:29,NIFTY,BUY,TYPE_C,PASSIVE,HIT_BID,24233.2,24230.4,NIFTY21APR2624200CE,24200.0,CE,248.5,247.55,248.17,247.81,250.0,245.0,0.020135,0.020173,ws,ws,type_c_ladder,type_c_ladder,False,False,0.3306,-0.2625,65,-61.75,strategy_S9-148__TYPE_C:NIFTY:2026-04-15T12:41:17:LONG
2026-04-15,12:42:43,2026-04-15,12:43:01,NIFTY,SELL,TYPE_C,PASSIVE,HIT_BID,24222.2,24219.35,NIFTY21APR2624250PE,24250.0,PE,228.4,228.9,228.05,229.12,230.0,225.0,0.021911,0.021822,ws,ws,type_c_ladder,type_c_ladder,False,False,0.35,-0.225,65,32.5,strategy_S9-148__TYPE_C:NIFTY:2026-04-15T12:42:43:SHORT
2026-04-15,12:43:46,2026-04-15,12:44:19,NIFTY,BUY,TYPE_C,PASSIVE,HIT_BID,24223.0,24225.05,NIFTY21APR2624200CE,24200.0,CE,245.0,244.3,244.57,244.42,245.0,240.0,0.020429,0.020452,ws,ws,type_c_ladder,type_c_ladder,False,False,0.4286,-0.1167,65,-45.5,strategy_S9-148__TYPE_C:NIFTY:2026-04-15T12:43:46:LONG
2026-04-15,12:44:32,2026-04-15,12:44:55,NIFTY,BUY,TYPE_C,PASSIVE,HIT_BID,24228.5,24230.95,NIFTY21APR2624200CE,24200.0,CE,246.8,245.05,246.64,245.41,250.0,245.0,0.020284,0.020385,ws,ws,type_c_ladder,type_c_ladder,False,False,0.1579,-0.36,65,-113.75,strategy_S9-148__TYPE_C:NIFTY:2026-04-15T12:44:32:LONG
2026-04-15,12:45:31,2026-04-15,12:45:56,NIFTY,BUY,TYPE_C,PASSIVE,HIT_BID,24231.35,24233.1,NIFTY21APR2624200CE,24200.0,CE,245.45,247.15,245.43,247.24,250.0,245.0,0.020373,0.020206,ws,ws,type_c_ladder,type_c_ladder,False,False,0.025,-0.0923,65,110.5,strategy_S9-148__TYPE_C:NIFTY:2026-04-15T12:45:31:LONG
2026-04-15,12:46:39,2026-04-15,12:46:50,NIFTY,SELL,TYPE_C,PASSIVE,HIT_BID,24227.4,24229.4,NIFTY21APR2624250PE,24250.0,PE,227.6,226.8,227.43,227.1,230.0,225.0,0.021985,0.022022,ws,ws,type_c_ladder,type_c_ladder,False,False,0.175,-0.3,65,-52.0,strategy_S9-148__TYPE_C:NIFTY:2026-04-15T12:46:39:SHORT
2026-04-15,12:47:12,2026-04-15,12:47:35,NIFTY,SELL,TYPE_C,PASSIVE,HIT_BID,24222.5,24221.8,NIFTY21APR2624250PE,24250.0,PE,230.65,232.2,230.45,232.33,235.0,230.0,0.021697,0.02151,ws,ws,type_c_ladder,type_c_ladder,False,False,0.2,-0.1333,65,100.75,strategy_S9-148__TYPE_C:NIFTY:2026-04-15T12:47:12:SHORT
2026-04-15,12:47:58,2026-04-15,12:48:21,NIFTY,SELL,TYPE_C,PASSIVE,HIT_BID,24217.8,24212.85,NIFTY21APR2624250PE,24250.0,PE,233.35,237.0,232.95,237.15,235.0,235.0,0.021448,0.021081,ws,ws,type_c_ladder,type_c_ladder,False,False,0.4,-0.15,65,237.25,strategy_S9-148__TYPE_C:NIFTY:2026-04-15T12:47:58:SHORT
2026-04-15,12:49:04,2026-04-15,12:49:20,NIFTY,SELL,TYPE_C,PASSIVE,HIT_BID,24212.45,24214.25,NIFTY21APR2624250PE,24250.0,PE,237.35,236.5,237.3,236.6,240.0,235.0,0.021073,0.021119,ws,ws,type_c_ladder,type_c_ladder,False,False,0.0529,-0.1,65,-55.25,strategy_S9-148__TYPE_C:NIFTY:2026-04-15T12:49:04:SHORT
2026-04-15,12:49:55,2026-04-15,12:50:22,NIFTY,BUY,TYPE_C,PASSIVE,HIT_BID,24217.1,24218.5,NIFTY21APR2624200CE,24200.0,CE,237.95,237.85,237.91,238.2,240.0,235.0,0.021024,0.021004,ws,ws,type_c_ladder,type_c_ladder,False,False,0.0357,-0.35,65,-6.5,strategy_S9-148__TYPE_C:NIFTY:2026-04-15T12:49:55:LONG
2026-04-15,12:51:15,2026-04-15,12:51:28,NIFTY,BUY,TYPE_C,CONTROLLED,HIT_BID,24226.2,24225.2,NIFTY21APR2624200CE,24200.0,CE,240.3,241.25,239.99,241.55,245.0,240.0,0.020831,0.020704,ws,ws,type_c_ladder,type_c_ladder,True,False,0.3109,-0.3,65,61.75,strategy_S9-148__TYPE_C:NIFTY:2026-04-15T12:51:15:LONG
2026-04-15,12:51:35,2026-04-15,12:51:52,NIFTY,BUY,TYPE_C,PASSIVE,HIT_BID,24230.55,24232.15,NIFTY21APR2624200CE,24200.0,CE,243.0,244.5,242.8,244.71,245.0,240.0,0.020593,0.020429,ws,ws,type_c_ladder,type_c_ladder,False,False,0.2,-0.2105,65,97.5,strategy_S9-148__TYPE_C:NIFTY:2026-04-15T12:51:35:LONG
2026-04-15,12:52:22,2026-04-15,12:53:05,NIFTY,SELL,TYPE_C,PASSIVE,HIT_BID,24223.2,24221.7,NIFTY21APR2624250PE,24250.0,PE,230.95,232.8,230.72,233.09,235.0,230.0,0.021676,0.021457,ws,ws,type_c_ladder,type_c_ladder,False,False,0.2292,-0.2912,65,120.25,strategy_S9-148__TYPE_C:NIFTY:2026-04-15T12:52:22:SHORT
2026-04-15,12:53:15,2026-04-15,12:53:35,NIFTY,SELL,TYPE_C,PASSIVE,HIT_BID,24219.35,24214.0,NIFTY21APR2624250PE,24250.0,PE,234.0,237.35,233.88,237.41,235.0,235.0,0.021379,0.021042,ws,ws,type_c_ladder,type_c_ladder,False,False,0.125,-0.0635,65,217.75,strategy_S9-148__TYPE_C:NIFTY:2026-04-15T12:53:15:SHORT
2026-04-15,12:53:48,2026-04-15,12:54:00,NIFTY,SELL,TYPE_C,PASSIVE,HIT_BID,24207.35,24207.85,NIFTY21APR2624250PE,24250.0,PE,240.6,240.1,240.35,240.19,245.0,240.0,0.020803,0.020803,ws,ws,type_c_ladder,type_c_ladder,False,False,0.25,-0.0909,65,-32.5,strategy_S9-148__TYPE_C:NIFTY:2026-04-15T12:53:48:SHORT
2026-04-15,12:54:50,2026-04-15,12:55:10,NIFTY,BUY,TYPE_C,PASSIVE,HIT_BID,24213.6,24213.0,NIFTY21APR2624200CE,24200.0,CE,233.8,233.65,233.47,233.7,235.0,230.0,0.021409,0.021395,ws,ws,type_c_ladder,type_c_ladder,False,False,0.3333,-0.05,65,-9.75,strategy_S9-148__TYPE_C:NIFTY:2026-04-15T12:54:50:LONG
2026-04-15,12:55:22,2026-04-15,12:55:29,NIFTY,BUY,TYPE_C,CONTROLLED,HIT_BID,24215.75,24214.05,NIFTY21APR2624200CE,24200.0,CE,235.4,234.7,235.1,234.72,240.0,230.0,0.021265,0.021297,ws,ws,type_c_ladder,type_c_ladder,True,False,0.3,-0.0183,65,-45.5,strategy_S9-148__TYPE_C:NIFTY:2026-04-15T12:55:22:LONG
2026-04-15,12:55:50,2026-04-15,12:55:58,NIFTY,BUY,TYPE_C,PASSIVE,HIT_BID,24216.55,24214.2,NIFTY21APR2624200CE,24200.0,CE,235.5,234.0,235.44,234.37,240.0,230.0,0.021243,0.021345,ws,ws,type_c_ladder,type_c_ladder,False,False,0.0625,-0.371,65,-97.5,strategy_S9-148__TYPE_C:NIFTY:2026-04-15T12:55:50:LONG
2026-04-15,12:56:45,2026-04-15,12:57:09,NIFTY,BUY,TYPE_C,PASSIVE,HIT_BID,24215.6,24217.05,NIFTY21APR2624200CE,24200.0,CE,235.45,236.3,235.4,236.49,240.0,235.0,0.02124,0.021148,ws,ws,type_c_ladder,type_c_ladder,False,False,0.0476,-0.1923,65,55.25,strategy_S9-148__TYPE_C:NIFTY:2026-04-15T12:56:45:LONG
2026-04-15,12:57:50,2026-04-15,12:57:56,NIFTY,BUY,TYPE_C,PASSIVE,HIT_BID,24218.65,24216.25,NIFTY21APR2624200CE,24200.0,CE,235.95,235.55,235.83,235.65,240.0,235.0,0.021211,0.021218,ws,ws,type_c_ladder,type_c_ladder,False,False,0.1167,-0.1,65,-26.0,strategy_S9-148__TYPE_C:NIFTY:2026-04-15T12:57:50:LONG
2026-04-15,12:59:26,2026-04-15,12:59:35,NIFTY,SELL,TYPE_C,PASSIVE,HIT_BID,24208.2,24209.7,NIFTY21APR2624250PE,24250.0,PE,241.3,241.6,241.11,241.95,245.0,240.0,0.020743,0.02067,ws,ws,type_c_ladder,type_c_ladder,False,False,0.1875,-0.35,65,19.5,strategy_S9-148__TYPE_C:NIFTY:2026-04-15T12:59:26:SHORT
2026-04-15,13:00:04,2026-04-15,13:01:20,NIFTY,SELL,TYPE_C,PASSIVE,HIT_BID,24206.6,24201.95,NIFTY21APR2624250PE,24250.0,PE,242.55,244.45,242.13,244.5,245.0,240.0,0.020638,0.020435,ws,ws,type_c_ladder,type_c_ladder,False,False,0.4231,-0.0529,65,123.5,strategy_S9-148__TYPE_C:NIFTY:2026-04-15T13:00:04:SHORT
2026-04-15,13:01:31,2026-04-15,13:02:22,NIFTY,BUY,TYPE_C,PASSIVE,HIT_BID,24205.05,24211.2,NIFTY21APR2624200CE,24200.0,CE,232.35,233.8,231.94,234.18,235.0,230.0,0.02154,0.021361,ws,ws,type_c_ladder,type_c_ladder,False,False,0.4091,-0.3826,65,94.25,strategy_S9-148__TYPE_C:NIFTY:2026-04-15T13:01:31:LONG
2026-04-15,13:02:45,2026-04-15,13:03:05,NIFTY,BUY,TYPE_C,PASSIVE,HIT_BID,24213.1,24215.7,NIFTY21APR2624200CE,24200.0,CE,235.65,235.9,235.53,235.98,240.0,235.0,0.02124,0.021182,ws,ws,type_c_ladder,type_c_ladder,False,False,0.125,-0.08,65,16.25,strategy_S9-148__TYPE_C:NIFTY:2026-04-15T13:02:45:LONG
2026-04-15,13:03:30,2026-04-15,13:03:41,NIFTY,BUY,TYPE_C,PASSIVE,HIT_BID,24216.75,24215.95,NIFTY21APR2624200CE,24200.0,CE,236.75,236.55,236.31,236.8,240.0,235.0,0.021139,0.021113,ws,ws,type_c_ladder,type_c_ladder,False,False,0.4412,-0.2475,65,-13.0,strategy_S9-148__TYPE_C:NIFTY:2026-04-15T13:03:30:LONG
2026-04-15,13:04:32,2026-04-15,13:04:35,NIFTY,SELL,TYPE_C,PASSIVE,HIT_BID,24211.2,24212.3,NIFTY21APR2624250PE,24250.0,PE,238.1,237.35,237.74,237.58,240.0,235.0,0.021019,0.02105,ws,ws,type_c_ladder,type_c_ladder,False,False,0.36,-0.2333,65,-48.75,strategy_S9-148__TYPE_C:NIFTY:2026-04-15T13:04:32:SHORT
2026-04-15,13:05:41,2026-04-15,13:05:50,NIFTY,SELL,TYPE_C,PASSIVE,HIT_BID,24209.0,24210.1,NIFTY21APR2624250PE,24250.0,PE,239.25,238.9,238.96,238.95,240.0,235.0,0.020916,0.020925,ws,ws,type_c_ladder,type_c_ladder,False,False,0.2909,-0.05,65,-22.75,strategy_S9-148__TYPE_C:NIFTY:2026-04-15T13:05:41:SHORT
2026-04-15,13:06:15,2026-04-15,13:06:17,NIFTY,SELL,TYPE_C,PASSIVE,HIT_BID,24206.7,24208.0,NIFTY21APR2624250PE,24250.0,PE,240.25,239.65,240.24,239.73,245.0,235.0,0.020822,0.020853,ws,ws,type_c_ladder,type_c_ladder,False,False,0.008,-0.0833,65,-39.0,strategy_S9-148__TYPE_C:NIFTY:2026-04-15T13:06:15:SHORT
2026-04-15,13:07:45,2026-04-15,13:07:50,NIFTY,SELL,TYPE_C,PASSIVE,HIT_BID,24205.95,24206.55,NIFTY21APR2624250PE,24250.0,PE,242.55,242.95,242.42,243.28,245.0,240.0,0.020633,0.020559,ws,ws,type_c_ladder,type_c_ladder,False,False,0.1286,-0.3333,65,26.0,strategy_S9-148__TYPE_C:NIFTY:2026-04-15T13:07:45:SHORT
2026-04-15,13:08:12,2026-04-15,13:08:31,NIFTY,SELL,TYPE_C,PASSIVE,HIT_BID,24204.6,24204.65,NIFTY21APR2624250PE,24250.0,PE,243.3,243.4,243.03,243.49,245.0,240.0,0.020568,0.020523,ws,ws,type_c_ladder,type_c_ladder,False,False,0.2667,-0.09,65,6.5,strategy_S9-148__TYPE_C:NIFTY:2026-04-15T13:08:12:SHORT
2026-04-15,13:09:01,2026-04-15,13:09:33,NIFTY,BUY,TYPE_C,PASSIVE,HIT_BID,24208.0,24210.7,NIFTY21APR2624200CE,24200.0,CE,234.25,235.55,233.97,235.58,235.0,235.0,0.021363,0.021216,ws,ws,type_c_ladder,type_c_ladder,False,False,0.28,-0.0321,65,84.5,strategy_S9-148__TYPE_C:NIFTY:2026-04-15T13:09:01:LONG
2026-04-15,13:10:05,2026-04-15,13:10:13,NIFTY,BUY,TYPE_C,PASSIVE,HIT_BID,24213.9,24212.7,NIFTY21APR2624200CE,24200.0,CE,237.0,236.95,236.93,237.07,240.0,235.0,0.021104,0.021079,ws,ws,type_c_ladder,type_c_ladder,False,False,0.075,-0.125,65,-3.25,strategy_S9-148__TYPE_C:NIFTY:2026-04-15T13:10:05:LONG
2026-04-15,13:10:35,2026-04-15,13:10:43,NIFTY,BUY,TYPE_C,PASSIVE,HIT_BID,24214.75,24213.2,NIFTY21APR2624200CE,24200.0,CE,237.35,236.6,236.97,236.84,240.0,235.0,0.021088,0.021106,ws,ws,type_c_ladder,type_c_ladder,False,False,0.3824,-0.24,65,-48.75,strategy_S9-148__TYPE_C:NIFTY:2026-04-15T13:10:35:LONG
2026-04-15,13:11:01,2026-04-15,13:11:13,NIFTY,BUY,TYPE_C,PASSIVE,HIT_BID,24215.0,24213.25,NIFTY21APR2624200CE,24200.0,CE,237.2,236.6,237.16,236.8,240.0,235.0,0.021081,0.021113,ws,ws,type_c_ladder,type_c_ladder,False,False,0.0441,-0.2025,65,-39.0,strategy_S9-148__TYPE_C:NIFTY:2026-04-15T13:11:01:LONG
2026-04-15,13:11:47,2026-04-15,13:12:49,NIFTY,BUY,TYPE_C,PASSIVE,HIT_BID,24215.55,24220.6,NIFTY21APR2624200CE,24200.0,CE,237.85,241.3,237.68,241.5,240.0,240.0,0.021044,0.020698,ws,ws,type_c_ladder,type_c_ladder,False,False,0.1667,-0.2,65,224.25,strategy_S9-148__TYPE_C:NIFTY:2026-04-15T13:11:47:LONG
2026-04-15,13:13:16,2026-04-15,13:13:20,NIFTY,SELL,TYPE_C,PASSIVE,HIT_BID,24219.3,24220.65,NIFTY21APR2624250PE,24250.0,PE,230.7,229.65,230.34,229.8,235.0,225.0,0.021694,0.021756,ws,ws,type_c_ladder,type_c_ladder,False,False,0.36,-0.15,65,-68.25,strategy_S9-148__TYPE_C:NIFTY:2026-04-15T13:13:16:SHORT
2026-04-15,13:13:30,2026-04-15,13:13:35,NIFTY,SELL,TYPE_C,PASSIVE,HIT_BID,24217.85,24218.9,NIFTY21APR2624250PE,24250.0,PE,232.1,230.95,232.02,231.32,235.0,230.0,0.021566,0.021626,ws,ws,type_c_ladder,type_c_ladder,False,False,0.0833,-0.3667,65,-74.75,strategy_S9-148__TYPE_C:NIFTY:2026-04-15T13:13:30:SHORT
2026-04-15,13:15:31,2026-04-15,13:15:56,NIFTY,SELL,TYPE_C,PASSIVE,HIT_BID,24217.6,24217.65,NIFTY21APR2624250PE,24250.0,PE,231.7,229.0,231.6,229.09,235.0,225.0,0.021601,0.021817,ws,ws,type_c_ladder,type_c_ladder,False,False,0.0964,-0.0875,65,-175.5,strategy_S9-148__TYPE_C:NIFTY:2026-04-15T13:15:31:SHORT
2026-04-15,13:16:30,2026-04-15,13:17:15,NIFTY,BUY,TYPE_C,PASSIVE,HIT_BID,24221.25,24225.15,NIFTY21APR2624200CE,24200.0,CE,240.8,239.45,240.43,239.88,245.0,235.0,0.020784,0.020857,ws,ws,type_c_ladder,type_c_ladder,False,False,0.375,-0.4278,65,-87.75,strategy_S9-148__TYPE_C:NIFTY:2026-04-15T13:16:30:LONG
2026-04-15,13:17:50,2026-04-15,13:18:02,NIFTY,BUY,TYPE_C,PASSIVE,HIT_BID,24226.75,24226.95,NIFTY21APR2624200CE,24200.0,CE,241.0,241.1,240.85,241.44,245.0,240.0,0.02076,0.020719,ws,ws,type_c_ladder,type_c_ladder,False,False,0.15,-0.342,65,6.5,strategy_S9-148__TYPE_C:NIFTY:2026-04-15T13:17:50:LONG
2026-04-15,13:18:37,2026-04-15,13:19:02,NIFTY,BUY,TYPE_C,PASSIVE,HIT_BID,24229.35,24228.8,NIFTY21APR2624200CE,24200.0,CE,242.15,241.5,241.99,242.01,245.0,240.0,0.020663,0.020678,ws,ws,type_c_ladder,type_c_ladder,False,False,0.1556,-0.5077,65,-42.25,strategy_S9-148__TYPE_C:NIFTY:2026-04-15T13:18:37:LONG
2026-04-15,13:19:15,2026-04-15,13:19:54,NIFTY,BUY,TYPE_C,PASSIVE,HIT_BID,24231.25,24232.45,NIFTY21APR2624200CE,24200.0,CE,242.9,244.1,242.85,244.22,245.0,240.0,0.020593,0.020473,ws,ws,type_c_ladder,type_c_ladder,False,False,0.0526,-0.125,65,78.0,strategy_S9-148__TYPE_C:NIFTY:2026-04-15T13:19:15:LONG
2026-04-15,13:20:00,2026-04-15,13:20:13,NIFTY,BUY,TYPE_C,PASSIVE,HIT_BID,24234.3,24237.25,NIFTY21APR2624200CE,24200.0,CE,244.7,245.8,244.48,245.97,245.0,245.0,0.020456,0.020333,ws,ws,type_c_ladder,type_c_ladder,False,False,0.22,-0.1667,65,71.5,strategy_S9-148__TYPE_C:NIFTY:2026-04-15T13:20:00:LONG
2026-04-15,13:21:16,2026-04-15,13:21:35,NIFTY,SELL,TYPE_C,PASSIVE,HIT_BID,24230.95,24227.4,NIFTY21APR2624250PE,24250.0,PE,225.55,226.45,225.27,226.52,230.0,225.0,0.022185,0.022075,ws,ws,type_c_ladder,type_c_ladder,False,False,0.28,-0.0667,65,58.5,strategy_S9-148__TYPE_C:NIFTY:2026-04-15T13:21:16:SHORT
2026-04-15,13:21:55,2026-04-15,13:22:31,NIFTY,SELL,TYPE_C,PASSIVE,HIT_BID,24222.9,24214.2,NIFTY21APR2624250PE,24250.0,PE,228.4,231.8,228.31,231.98,230.0,230.0,0.021908,0.021549,ws,ws,type_c_ladder,type_c_ladder,False,False,0.0875,-0.18,65,221.0,strategy_S9-148__TYPE_C:NIFTY:2026-04-15T13:21:55:SHORT
2026-04-15,13:24:18,2026-04-15,13:24:20,NIFTY,SELL,TYPE_C,PASSIVE,HIT_BID,24201.6,24203.45,NIFTY21APR2624250PE,24250.0,PE,239.85,239.7,239.82,239.82,240.0,235.0,0.020855,0.020833,ws,ws,type_c_ladder,type_c_ladder,False,False,0.025,-0.12,65,-9.75,strategy_S9-148__TYPE_C:NIFTY:2026-04-15T13:24:18:SHORT
2026-04-15,13:25:21,2026-04-15,13:25:39,NIFTY,BUY,TYPE_C,PASSIVE,HIT_BID,24201.8,24200.5,NIFTY21APR2624200CE,24200.0,CE,226.75,226.0,226.55,226.21,230.0,225.0,0.022077,0.022107,ws,ws,type_c_ladder,type_c_ladder,False,False,0.1964,-0.2083,65,-48.75,strategy_S9-148__TYPE_C:NIFTY:2026-04-15T13:25:21:LONG
2026-04-15,13:26:01,2026-04-15,13:26:11,NIFTY,BUY,TYPE_C,PASSIVE,HIT_BID,24200.35,24198.9,NIFTY21APR2624200CE,24200.0,CE,224.7,225.15,224.31,225.27,225.0,225.0,0.022274,0.02219,ws,ws,type_c_ladder,type_c_ladder,False,False,0.3886,-0.1167,65,29.25,strategy_S9-148__TYPE_C:NIFTY:2026-04-15T13:26:01:LONG
2026-04-15,13:26:42,2026-04-15,13:26:56,NIFTY,SELL,TYPE_C,PASSIVE,HIT_BID,24197.15,24198.4,NIFTY21APR2624200PE,24200.0,PE,223.9,221.1,223.81,221.53,225.0,220.0,0.022351,0.022586,ws,ws,type_c_ladder,type_c_ladder,False,False,0.0923,-0.4278,65,-182.0,strategy_S9-148__TYPE_C:NIFTY:2026-04-15T13:26:42:SHORT
2026-04-15,13:27:17,2026-04-15,13:27:50,NIFTY,BUY,TYPE_C,PASSIVE,HIT_BID,24201.65,24202.3,NIFTY21APR2624200CE,24200.0,CE,228.35,228.15,228.25,228.3,230.0,225.0,0.021918,0.021891,ws,ws,type_c_ladder,type_c_ladder,False,False,0.1,-0.15,65,-13.0,strategy_S9-148__TYPE_C:NIFTY:2026-04-15T13:27:17:LONG
2026-04-15,13:28:15,2026-04-15,13:28:23,NIFTY,SELL,TYPE_C,PASSIVE,HIT_BID,24199.65,24201.5,NIFTY21APR2624200PE,24200.0,PE,221.15,222.7,220.95,222.78,225.0,220.0,0.022624,0.022432,ws,ws,type_c_ladder,type_c_ladder,False,False,0.2,-0.08,65,100.75,strategy_S9-148__TYPE_C:NIFTY:2026-04-15T13:28:15:SHORT
2026-04-15,13:28:55,2026-04-15,13:29:05,NIFTY,SELL,TYPE_C,PASSIVE,HIT_BID,24199.1,24198.95,NIFTY21APR2624200PE,24200.0,PE,224.0,224.55,223.85,224.57,225.0,220.0,0.022331,0.022244,ws,ws,type_c_ladder,type_c_ladder,False,False,0.1507,-0.0171,65,35.75,strategy_S9-148__TYPE_C:NIFTY:2026-04-15T13:28:55:SHORT
2026-04-15,13:30:10,2026-04-15,13:30:35,NIFTY,SELL,TYPE_C,PASSIVE,HIT_BID,24194.65,24192.75,NIFTY21APR2624200PE,24200.0,PE,224.6,226.45,224.38,226.49,225.0,225.0,0.022287,0.022053,ws,ws,type_c_ladder,type_c_ladder,False,False,0.2222,-0.0419,65,120.25,strategy_S9-148__TYPE_C:NIFTY:2026-04-15T13:30:10:SHORT
2026-04-15,13:31:16,2026-04-15,13:33:15,NIFTY,BUY,TYPE_C,CONTROLLED,HIT_BID,24197.2,24216.95,NIFTY21APR2624150CE,24150.0,CE,255.25,264.8,254.83,265.12,260.0,260.0,0.019608,0.018863,ws,ws,type_c_ladder,type_c_ladder,True,False,0.4167,-0.3208,65,620.75,strategy_S9-148__TYPE_C:NIFTY:2026-04-15T13:31:16:LONG
2026-04-15,13:33:31,2026-04-15,13:33:56,NIFTY,BUY,TYPE_C,PASSIVE,HIT_BID,24219.8,24219.85,NIFTY21APR2624200CE,24200.0,CE,236.55,236.85,236.3,236.88,240.0,235.0,0.021157,0.021104,ws,ws,type_c_ladder,type_c_ladder,False,False,0.2455,-0.0321,65,19.5,strategy_S9-148__TYPE_C:NIFTY:2026-04-15T13:33:31:LONG
2026-04-15,13:34:15,2026-04-15,13:34:20,NIFTY,SELL,TYPE_C,PASSIVE,HIT_BID,24217.05,24217.8,NIFTY21APR2624250PE,24250.0,PE,234.0,233.45,233.9,233.76,235.0,230.0,0.021377,0.0214,ws,ws,type_c_ladder,type_c_ladder,False,False,0.1,-0.3143,65,-35.75,strategy_S9-148__TYPE_C:NIFTY:2026-04-15T13:34:15:SHORT
2026-04-15,13:34:36,2026-04-15,13:35:20,NIFTY,SELL,TYPE_C,PASSIVE,HIT_BID,24215.6,24210.5,NIFTY21APR2624250PE,24250.0,PE,235.9,234.7,235.56,234.94,240.0,230.0,0.021218,0.021286,ws,ws,type_c_ladder,type_c_ladder,False,False,0.3438,-0.24,65,-78.0,strategy_S9-148__TYPE_C:NIFTY:2026-04-15T13:34:36:SHORT
2026-04-15,13:36:00,2026-04-15,13:36:23,NIFTY,BUY,TYPE_C,PASSIVE,HIT_BID,24218.7,24220.0,NIFTY21APR2624200CE,24200.0,CE,239.55,238.45,239.22,238.72,240.0,235.0,0.020894,0.020945,ws,ws,type_c_ladder,type_c_ladder,False,False,0.3333,-0.275,65,-71.5,strategy_S9-148__TYPE_C:NIFTY:2026-04-15T13:36:00:LONG
2026-04-15,13:36:50,2026-04-15,13:36:59,NIFTY,BUY,TYPE_C,PASSIVE,HIT_BID,24223.15,24221.0,NIFTY21APR2624200CE,24200.0,CE,238.4,237.05,238.11,237.12,240.0,235.0,0.020989,0.021088,ws,ws,type_c_ladder,type_c_ladder,False,False,0.2917,-0.0714,65,-87.75,strategy_S9-148__TYPE_C:NIFTY:2026-04-15T13:36:50:LONG
2026-04-15,13:37:50,2026-04-15,13:38:01,NIFTY,SELL,TYPE_C,PASSIVE,HIT_BID,24213.8,24215.55,NIFTY21APR2624250PE,24250.0,PE,232.15,232.45,231.93,232.85,235.0,230.0,0.021559,0.021485,ws,ws,type_c_ladder,type_c_ladder,False,False,0.225,-0.4,65,19.5,strategy_S9-148__TYPE_C:NIFTY:2026-04-15T13:37:50:SHORT
2026-04-15,13:38:46,2026-04-15,13:39:45,NIFTY,SELL,TYPE_C,PASSIVE,HIT_BID,24210.6,24193.75,NIFTY21APR2624250PE,24250.0,PE,234.6,246.45,234.45,246.51,235.0,245.0,0.021327,0.02027,ws,ws,type_c_ladder,type_c_ladder,False,False,0.15,-0.0563,65,770.25,strategy_S9-148__TYPE_C:NIFTY:2026-04-15T13:38:46:SHORT
2026-04-15,13:40:10,2026-04-15,13:40:17,NIFTY,SELL,TYPE_C,PASSIVE,HIT_BID,24192.6,24193.9,NIFTY21APR2624200PE,24200.0,PE,226.0,223.4,225.97,223.57,230.0,220.0,0.022143,0.022356,ws,ws,type_c_ladder,type_c_ladder,False,False,0.0333,-0.1667,65,-169.0,strategy_S9-148__TYPE_C:NIFTY:2026-04-15T13:40:10:SHORT
2026-04-15,13:40:31,2026-04-15,13:41:11,NIFTY,BUY,TYPE_C,PASSIVE,HIT_BID,24201.5,24204.3,NIFTY21APR2624200CE,24200.0,CE,227.25,227.0,226.88,227.04,230.0,225.0,0.022026,0.022002,ws,ws,type_c_ladder,type_c_ladder,False,False,0.3684,-0.0435,65,-16.25,strategy_S9-148__TYPE_C:NIFTY:2026-04-15T13:40:31:LONG
2026-04-15,13:41:30,2026-04-15,13:41:39,NIFTY,BUY,TYPE_C,PASSIVE,HIT_BID,24208.25,24207.5,NIFTY21APR2624200CE,24200.0,CE,230.2,229.55,230.03,229.82,235.0,225.0,0.021741,0.021763,ws,ws,type_c_ladder,type_c_ladder,False,False,0.1687,-0.2667,65,-42.25,strategy_S9-148__TYPE_C:NIFTY:2026-04-15T13:41:30:LONG
2026-04-15,13:42:04,2026-04-15,13:42:34,NIFTY,BUY,TYPE_C,PASSIVE,HIT_BID,24211.2,24214.35,NIFTY21APR2624200CE,24200.0,CE,230.5,231.35,230.38,231.55,235.0,230.0,0.021718,0.021594,ws,ws,type_c_ladder,type_c_ladder,False,False,0.1196,-0.2,65,55.25,strategy_S9-148__TYPE_C:NIFTY:2026-04-15T13:42:04:LONG
2026-04-15,13:43:14,2026-04-15,13:43:26,NIFTY,SELL,TYPE_C,PASSIVE,HIT_BID,24211.0,24213.0,NIFTY21APR2624250PE,24250.0,PE,236.35,233.95,235.88,234.18,240.0,230.0,0.021182,0.021356,ws,ws,type_c_ladder,type_c_ladder,False,False,0.4667,-0.2333,65,-156.0,strategy_S9-148__TYPE_C:NIFTY:2026-04-15T13:43:14:SHORT
2026-04-15,13:44:20,2026-04-15,13:44:40,NIFTY,BUY,TYPE_C,PASSIVE,HIT_BID,24216.05,24215.9,NIFTY21APR2624200CE,24200.0,CE,233.65,233.55,233.59,233.61,235.0,230.0,0.021418,0.021395,ws,ws,type_c_ladder,type_c_ladder,False,False,0.0571,-0.06,65,-6.5,strategy_S9-148__TYPE_C:NIFTY:2026-04-15T13:44:20:LONG
2026-04-15,13:46:33,2026-04-15,13:46:45,NIFTY,SELL,TYPE_C,PASSIVE,HIT_BID,24213.05,24212.95,NIFTY21APR2624250PE,24250.0,PE,234.05,233.85,233.63,234.18,235.0,230.0,0.021386,0.021363,ws,ws,type_c_ladder,type_c_ladder,False,False,0.4167,-0.3333,65,-13.0,strategy_S9-148__TYPE_C:NIFTY:2026-04-15T13:46:33:SHORT
2026-04-15,13:47:10,2026-04-15,13:47:16,NIFTY,SELL,TYPE_C,PASSIVE,HIT_BID,24206.85,24208.35,NIFTY21APR2624250PE,24250.0,PE,236.5,236.15,236.25,236.34,240.0,235.0,0.021162,0.021153,ws,ws,type_c_ladder,type_c_ladder,False,False,0.25,-0.1875,65,-22.75,strategy_S9-148__TYPE_C:NIFTY:2026-04-15T13:47:10:SHORT
2026-04-15,13:48:17,2026-04-15,13:48:30,NIFTY,SELL,TYPE_C,PASSIVE,HIT_BID,24205.5,24207.45,NIFTY21APR2624250PE,24250.0,PE,237.0,237.15,236.8,237.29,240.0,235.0,0.02111,0.021057,ws,ws,type_c_ladder,type_c_ladder,False,False,0.2,-0.1412,65,9.75,strategy_S9-148__TYPE_C:NIFTY:2026-04-15T13:48:17:SHORT
2026-04-15,13:49:05,2026-04-15,13:49:35,NIFTY,SELL,TYPE_C,PASSIVE,HIT_BID,24204.05,24202.6,NIFTY21APR2624250PE,24250.0,PE,236.55,238.45,236.48,238.8,240.0,235.0,0.021155,0.020949,ws,ws,type_c_ladder,type_c_ladder,False,False,0.0667,-0.35,65,123.5,strategy_S9-148__TYPE_C:NIFTY:2026-04-15T13:49:05:SHORT
2026-04-15,13:50:45,2026-04-15,13:51:05,NIFTY,BUY,TYPE_C,PASSIVE,HIT_BID,24209.0,24208.8,NIFTY21APR2624200CE,24200.0,CE,232.95,233.55,232.9,233.71,235.0,230.0,0.02148,0.0214,ws,ws,type_c_ladder,type_c_ladder,False,False,0.05,-0.16,65,39.0,strategy_S9-148__TYPE_C:NIFTY:2026-04-15T13:50:45:LONG
2026-04-15,13:51:35,2026-04-15,13:51:45,NIFTY,BUY,TYPE_C,PASSIVE,HIT_BID,24210.1,24209.4,NIFTY21APR2624200CE,24200.0,CE,233.0,233.2,232.74,233.3,235.0,230.0,0.021475,0.021422,ws,ws,type_c_ladder,type_c_ladder,False,False,0.2625,-0.1,65,13.0,strategy_S9-148__TYPE_C:NIFTY:2026-04-15T13:51:35:LONG
2026-04-15,13:52:31,2026-04-15,13:52:50,NIFTY,SELL,TYPE_C,PASSIVE,HIT_BID,24203.15,24201.7,NIFTY21APR2624250PE,24250.0,PE,238.0,238.6,237.78,238.88,240.0,235.0,0.021028,0.02094,ws,ws,type_c_ladder,type_c_ladder,False,False,0.225,-0.28,65,39.0,strategy_S9-148__TYPE_C:NIFTY:2026-04-15T13:52:31:SHORT
2026-04-15,13:53:23,2026-04-15,13:53:35,NIFTY,SELL,TYPE_C,PASSIVE,HIT_BID,24196.1,24197.2,NIFTY21APR2624200PE,24200.0,PE,218.6,217.35,218.45,217.72,220.0,215.0,0.022899,0.022978,ws,ws,type_c_ladder,type_c_ladder,False,False,0.15,-0.375,65,-81.25,strategy_S9-148__TYPE_C:NIFTY:2026-04-15T13:53:23:SHORT
2026-04-15,13:54:06,2026-04-15,13:54:28,NIFTY,BUY,TYPE_C,PASSIVE,HIT_BID,24202.45,24200.85,NIFTY21APR2624200CE,24200.0,CE,231.8,230.65,231.63,230.74,235.0,230.0,0.021589,0.021671,ws,ws,type_c_ladder,type_c_ladder,False,False,0.1714,-0.09,65,-74.75,strategy_S9-148__TYPE_C:NIFTY:2026-04-15T13:54:06:LONG
2026-04-15,13:55:50,2026-04-15,13:56:15,NIFTY,BUY,TYPE_C,PASSIVE,HIT_BID,24205.75,24206.05,NIFTY21APR2624200CE,24200.0,CE,233.15,233.45,233.06,233.91,235.0,230.0,0.021471,0.021395,ws,ws,type_c_ladder,type_c_ladder,False,False,0.0868,-0.4643,65,19.5,strategy_S9-148__TYPE_C:NIFTY:2026-04-15T13:55:50:LONG
2026-04-15,13:56:30,2026-04-15,13:57:12,NIFTY,BUY,TYPE_C,PASSIVE,HIT_BID,24214.55,24216.75,NIFTY21APR2624200CE,24200.0,CE,237.0,237.2,236.61,237.45,240.0,235.0,0.021117,0.021057,ws,ws,type_c_ladder,type_c_ladder,False,False,0.393,-0.25,65,13.0,strategy_S9-148__TYPE_C:NIFTY:2026-04-15T13:56:30:LONG
2026-04-15,13:58:10,2026-04-15,13:58:27,NIFTY,SELL,TYPE_C,PASSIVE,HIT_BID,24213.05,24214.7,NIFTY21APR2624250PE,24250.0,PE,231.95,231.15,231.68,231.33,235.0,230.0,0.021575,0.021612,ws,ws,type_c_ladder,type_c_ladder,False,False,0.2667,-0.1778,65,-52.0,strategy_S9-148__TYPE_C:NIFTY:2026-04-15T13:58:10:SHORT
2026-04-15,13:58:45,2026-04-15,13:59:10,NIFTY,BUY,TYPE_C,PASSIVE,HIT_BID,24216.9,24217.15,NIFTY21APR2624200CE,24200.0,CE,238.9,236.75,238.7,236.81,240.0,235.0,0.020947,0.021115,ws,ws,type_c_ladder,type_c_ladder,False,False,0.2,-0.0571,65,-139.75,strategy_S9-148__TYPE_C:NIFTY:2026-04-15T13:58:45:LONG
2026-04-15,13:59:32,2026-04-15,13:59:50,NIFTY,BUY,TYPE_C,PASSIVE,HIT_BID,24218.9,24219.5,NIFTY21APR2624200CE,24200.0,CE,237.3,239.05,237.12,239.35,240.0,235.0,0.021086,0.020892,ws,ws,type_c_ladder,type_c_ladder,False,False,0.175,-0.3,65,113.75,strategy_S9-148__TYPE_C:NIFTY:2026-04-15T13:59:32:LONG
2026-04-15,14:00:16,2026-04-15,14:00:44,NIFTY,BUY,TYPE_C,PASSIVE,HIT_BID,24224.2,24225.7,NIFTY21APR2624200CE,24200.0,CE,239.8,240.65,239.57,240.75,240.0,240.0,0.02087,0.020768,ws,ws,type_c_ladder,type_c_ladder,False,False,0.225,-0.1,65,55.25,strategy_S9-148__TYPE_C:NIFTY:2026-04-15T14:00:16:LONG
2026-04-15,14:03:46,2026-04-15,14:04:02,NIFTY,BUY,TYPE_C,PASSIVE,HIT_BID,24227.9,24227.1,NIFTY21APR2624200CE,24200.0,CE,243.7,244.1,243.62,244.21,245.0,240.0,0.020525,0.020469,ws,ws,type_c_ladder,type_c_ladder,False,False,0.0824,-0.1094,65,26.0,strategy_S9-148__TYPE_C:NIFTY:2026-04-15T14:03:46:LONG
2026-04-15,14:10:17,2026-04-15,14:10:35,NIFTY,SELL,TYPE_C,PASSIVE,HIT_BID,24223.15,24223.1,NIFTY21APR2624250PE,24250.0,PE,224.5,225.65,224.33,225.65,225.0,225.0,0.022297,0.022141,ws,ws,type_c_ladder,type_c_ladder,False,False,0.1667,-0.0029,65,74.75,strategy_S9-148__TYPE_C:NIFTY:2026-04-15T14:10:17:SHORT
2026-04-15,14:12:01,2026-04-15,14:13:09,NIFTY,BUY,TYPE_C,PASSIVE,HIT_BID,24228.35,24235.7,NIFTY21APR2624200CE,24200.0,CE,241.4,245.6,241.36,245.76,245.0,245.0,0.020725,0.020342,ws,ws,type_c_ladder,type_c_ladder,False,False,0.0375,-0.1647,65,273.0,strategy_S9-148__TYPE_C:NIFTY:2026-04-15T14:12:01:LONG
2026-04-15,14:13:46,2026-04-15,14:13:58,NIFTY,SELL,TYPE_C,PASSIVE,HIT_BID,24230.45,24233.0,NIFTY21APR2624250PE,24250.0,PE,223.0,222.2,222.63,222.26,225.0,220.0,0.022442,0.022474,ws,ws,type_c_ladder,type_c_ladder,False,False,0.368,-0.0569,65,-52.0,strategy_S9-148__TYPE_C:NIFTY:2026-04-15T14:13:46:SHORT
2026-04-15,14:14:45,2026-04-15,14:15:00,NIFTY,SELL,TYPE_C,PASSIVE,HIT_BID,24227.4,24227.2,NIFTY21APR2624250PE,24250.0,PE,222.4,222.65,222.22,222.81,225.0,220.0,0.0225,0.022434,ws,ws,type_c_ladder,type_c_ladder,False,False,0.175,-0.1607,65,16.25,strategy_S9-148__TYPE_C:NIFTY:2026-04-15T14:14:45:SHORT
2026-04-15,14:15:55,2026-04-15,14:16:16,NIFTY,SELL,TYPE_C,PASSIVE,HIT_BID,24219.7,24221.45,NIFTY21APR2624250PE,24250.0,PE,227.2,225.0,227.02,225.37,230.0,225.0,0.022022,0.022202,ws,ws,type_c_ladder,type_c_ladder,False,False,0.18,-0.3707,65,-143.0,strategy_S9-148__TYPE_C:NIFTY:2026-04-15T14:15:55:SHORT
2026-04-15,14:16:31,2026-04-15,14:17:51,NIFTY,BUY,TYPE_C,PASSIVE,HIT_BID,24222.95,24230.0,NIFTY21APR2624200CE,24200.0,CE,239.15,240.6,238.86,240.8,240.0,240.0,0.020929,0.020768,ws,ws,type_c_ladder,type_c_ladder,False,False,0.2857,-0.2,65,94.25,strategy_S9-148__TYPE_C:NIFTY:2026-04-15T14:16:31:LONG
2026-04-15,14:18:00,2026-04-15,14:18:02,NIFTY,SELL,TYPE_C,PASSIVE,HIT_BID,24227.95,24230.25,NIFTY21APR2624250PE,24250.0,PE,223.1,222.15,222.73,222.25,225.0,220.0,0.022432,0.022492,ws,ws,type_c_ladder,type_c_ladder,False,False,0.371,-0.1,65,-61.75,strategy_S9-148__TYPE_C:NIFTY:2026-04-15T14:18:00:SHORT
2026-04-15,14:18:17,2026-04-15,14:18:20,NIFTY,SELL,TYPE_C,PASSIVE,HIT_BID,24225.1,24226.55,NIFTY21APR2624250PE,24250.0,PE,225.35,224.4,225.31,224.65,230.0,220.0,0.022205,0.022257,ws,ws,type_c_ladder,type_c_ladder,False,False,0.0389,-0.25,65,-61.75,strategy_S9-148__TYPE_C:NIFTY:2026-04-15T14:18:17:SHORT
2026-04-15,14:19:56,2026-04-15,14:21:14,NIFTY,BUY,TYPE_C,PASSIVE,HIT_BID,24226.5,24233.3,NIFTY21APR2624200CE,24200.0,CE,240.65,242.1,240.56,242.44,245.0,240.0,0.02079,0.020633,ws,ws,type_c_ladder,type_c_ladder,False,False,0.0857,-0.3375,65,94.25,strategy_S9-148__TYPE_C:NIFTY:2026-04-15T14:19:56:LONG
2026-04-15,14:21:47,2026-04-15,14:22:13,NIFTY,BUY,TYPE_C,PASSIVE,HIT_BID,24235.1,24239.0,NIFTY21APR2624200CE,24200.0,CE,244.1,245.6,244.03,245.64,245.0,245.0,0.020504,0.020342,ws,ws,type_c_ladder,type_c_ladder,False,False,0.0667,-0.0381,65,97.5,strategy_S9-148__TYPE_C:NIFTY:2026-04-15T14:21:47:LONG
2026-04-15,14:22:40,2026-04-15,14:22:46,NIFTY,SELL,TYPE_C,CONTROLLED,HIT_BID,24231.7,24232.25,NIFTY21APR2624250PE,24250.0,PE,220.15,219.95,219.92,220.03,225.0,215.0,0.02273,0.02272,ws,ws,type_c_ladder,type_c_ladder,True,False,0.2333,-0.0833,65,-13.0,strategy_S9-148__TYPE_C:NIFTY:2026-04-15T14:22:40:SHORT
2026-04-15,14:23:20,2026-04-15,14:23:51,NIFTY,SELL,TYPE_C,PASSIVE,HIT_BID,24228.75,24224.2,NIFTY21APR2624250PE,24250.0,PE,221.4,222.65,221.22,222.83,225.0,220.0,0.022594,0.022437,ws,ws,type_c_ladder,type_c_ladder,False,False,0.175,-0.1778,65,81.25,strategy_S9-148__TYPE_C:NIFTY:2026-04-15T14:23:20:SHORT
2026-04-15,14:24:14,2026-04-15,14:24:35,NIFTY,SELL,TYPE_C,PASSIVE,HIT_BID,24220.15,24219.35,NIFTY21APR2624250PE,24250.0,PE,222.95,223.5,222.84,223.81,225.0,220.0,0.022447,0.022344,ws,ws,type_c_ladder,type_c_ladder,False,False,0.1143,-0.3056,65,35.75,strategy_S9-148__TYPE_C:NIFTY:2026-04-15T14:24:14:SHORT
2026-04-15,14:24:50,2026-04-15,14:25:11,NIFTY,SELL,TYPE_C,PASSIVE,HIT_BID,24214.45,24217.05,NIFTY21APR2624250PE,24250.0,PE,224.55,223.65,224.47,224.05,225.0,220.0,0.022289,0.022331,ws,ws,type_c_ladder,type_c_ladder,False,False,0.0818,-0.4,65,-58.5,strategy_S9-148__TYPE_C:NIFTY:2026-04-15T14:24:50:SHORT
2026-04-15,14:25:16,2026-04-15,14:25:43,NIFTY,BUY,TYPE_C,PASSIVE,HIT_BID,24222.0,24223.35,NIFTY21APR2624200CE,24200.0,CE,242.0,240.4,241.59,240.73,245.0,240.0,0.02068,0.020777,ws,ws,type_c_ladder,type_c_ladder,False,False,0.4125,-0.3333,65,-104.0,strategy_S9-148__TYPE_C:NIFTY:2026-04-15T14:25:16:LONG
2026-04-15,14:26:00,2026-04-15,14:26:22,NIFTY,BUY,TYPE_C,PASSIVE,HIT_BID,24227.15,24226.75,NIFTY21APR2624200CE,24200.0,CE,242.8,242.2,242.55,242.32,245.0,240.0,0.020614,0.020633,ws,ws,type_c_ladder,type_c_ladder,False,False,0.25,-0.125,65,-39.0,strategy_S9-148__TYPE_C:NIFTY:2026-04-15T14:26:00:LONG
2026-04-15,14:26:31,2026-04-15,14:27:30,NIFTY,BUY,TYPE_C,PASSIVE,HIT_BID,24228.8,24234.15,NIFTY21APR2624200CE,24200.0,CE,243.45,243.5,243.06,243.72,245.0,240.0,0.020557,0.020517,ws,ws,type_c_ladder,type_c_ladder,False,False,0.3857,-0.2222,65,3.25,strategy_S9-148__TYPE_C:NIFTY:2026-04-15T14:26:31:LONG
2026-04-15,14:28:03,2026-04-15,14:28:12,NIFTY,SELL,TYPE_C,PASSIVE,HIT_BID,24231.95,24232.65,NIFTY21APR2624250PE,24250.0,PE,220.6,221.05,220.33,221.25,225.0,220.0,0.022681,0.022599,ws,ws,type_c_ladder,type_c_ladder,False,False,0.2714,-0.2,65,29.25,strategy_S9-148__TYPE_C:NIFTY:2026-04-15T14:28:03:SHORT
2026-04-15,14:28:17,2026-04-15,14:28:35,NIFTY,SELL,TYPE_C,PASSIVE,HIT_BID,24229.35,24229.3,NIFTY21APR2624250PE,24250.0,PE,220.75,221.25,220.66,221.26,225.0,220.0,0.022671,0.022586,ws,ws,type_c_ladder,type_c_ladder,False,False,0.0941,-0.0132,65,32.5,strategy_S9-148__TYPE_C:NIFTY:2026-04-15T14:28:17:SHORT
2026-04-15,14:29:57,2026-04-15,14:30:35,NIFTY,BUY,TYPE_C,PASSIVE,HIT_BID,24233.6,24235.7,NIFTY21APR2624200CE,24200.0,CE,244.3,246.85,244.06,247.22,245.0,245.0,0.020481,0.020237,ws,ws,type_c_ladder,type_c_ladder,False,False,0.245,-0.375,65,165.75,strategy_S9-148__TYPE_C:NIFTY:2026-04-15T14:29:57:LONG
2026-04-15,14:31:04,2026-04-15,14:31:05,NIFTY,SELL,TYPE_C,PASSIVE,HIT_BID,24232.5,24234.55,NIFTY21APR2624250PE,24250.0,PE,216.4,216.05,216.19,216.3,220.0,215.0,0.023132,0.023116,ws,ws,type_c_ladder,type_c_ladder,False,False,0.2143,-0.25,65,-22.75,strategy_S9-148__TYPE_C:NIFTY:2026-04-15T14:31:04:SHORT
2026-04-15,14:32:50,2026-04-15,14:33:16,NIFTY,SELL,TYPE_C,PASSIVE,HIT_BID,24230.0,24229.65,NIFTY21APR2624250PE,24250.0,PE,222.8,221.1,222.43,221.43,225.0,220.0,0.022469,0.022594,ws,ws,type_c_ladder,type_c_ladder,False,False,0.3667,-0.3273,65,-110.5,strategy_S9-148__TYPE_C:NIFTY:2026-04-15T14:32:50:SHORT
2026-04-15,14:34:15,2026-04-15,14:34:55,NIFTY,BUY,TYPE_C,PASSIVE,HIT_BID,24233.75,24234.2,NIFTY21APR2624200CE,24200.0,CE,242.5,242.25,242.32,242.42,245.0,240.0,0.020638,0.020625,ws,ws,type_c_ladder,type_c_ladder,False,False,0.18,-0.1685,65,-16.25,strategy_S9-148__TYPE_C:NIFTY:2026-04-15T14:34:15:LONG
2026-04-15,14:35:41,2026-04-15,14:35:50,NIFTY,SELL,TYPE_C,PASSIVE,HIT_BID,24232.05,24232.1,NIFTY21APR2624250PE,24250.0,PE,221.0,221.05,220.82,221.15,225.0,220.0,0.022635,0.022591,ws,ws,type_c_ladder,type_c_ladder,False,False,0.1786,-0.1,65,3.25,strategy_S9-148__TYPE_C:NIFTY:2026-04-15T14:35:41:SHORT
2026-04-15,14:36:36,2026-04-15,14:36:50,NIFTY,SELL,TYPE_C,PASSIVE,HIT_BID,24231.65,24231.7,NIFTY21APR2624250PE,24250.0,PE,221.75,222.15,221.66,222.4,225.0,220.0,0.022568,0.022485,ws,ws,type_c_ladder,type_c_ladder,False,False,0.0923,-0.2455,65,26.0,strategy_S9-148__TYPE_C:NIFTY:2026-04-15T14:36:36:SHORT
2026-04-15,14:37:04,2026-04-15,14:37:45,NIFTY,SELL,TYPE_C,PASSIVE,HIT_BID,24228.2,24224.05,NIFTY21APR2624250PE,24250.0,PE,222.95,224.0,222.7,224.24,225.0,220.0,0.022452,0.022297,ws,ws,type_c_ladder,type_c_ladder,False,False,0.25,-0.2391,65,68.25,strategy_S9-148__TYPE_C:NIFTY:2026-04-15T14:37:04:SHORT
2026-04-15,14:38:24,2026-04-15,14:38:35,NIFTY,BUY,TYPE_C,PASSIVE,HIT_BID,24228.0,24224.95,NIFTY21APR2624200CE,24200.0,CE,236.5,235.85,236.37,235.91,240.0,235.0,0.021148,0.021189,ws,ws,type_c_ladder,type_c_ladder,False,False,0.1312,-0.0625,65,-42.25,strategy_S9-148__TYPE_C:NIFTY:2026-04-15T14:38:24:LONG
2026-04-15,14:38:57,2026-04-15,14:39:05,NIFTY,SELL,TYPE_C,PASSIVE,HIT_BID,24221.1,24221.75,NIFTY21APR2624250PE,24250.0,PE,226.55,226.25,226.27,226.44,230.0,225.0,0.022095,0.022077,ws,ws,type_c_ladder,type_c_ladder,False,False,0.28,-0.1929,65,-19.5,strategy_S9-148__TYPE_C:NIFTY:2026-04-15T14:38:57:SHORT
2026-04-15,14:39:50,2026-04-15,14:40:35,NIFTY,BUY,TYPE_C,PASSIVE,HIT_BID,24225.05,24226.7,NIFTY21APR2624200CE,24200.0,CE,235.5,235.65,235.35,235.67,240.0,235.0,0.021243,0.021207,ws,ws,type_c_ladder,type_c_ladder,False,False,0.15,-0.0179,65,9.75,strategy_S9-148__TYPE_C:NIFTY:2026-04-15T14:39:50:LONG
2026-04-15,14:40:45,2026-04-15,14:41:10,NIFTY,BUY,TYPE_C,PASSIVE,HIT_BID,24228.6,24228.8,NIFTY21APR2624200CE,24200.0,CE,236.0,235.75,235.72,235.78,240.0,235.0,0.021204,0.021207,ws,ws,type_c_ladder,type_c_ladder,False,False,0.2769,-0.025,65,-16.25,strategy_S9-148__TYPE_C:NIFTY:2026-04-15T14:40:45:LONG
2026-04-15,14:41:35,2026-04-15,14:42:00,NIFTY,BUY,TYPE_C,PASSIVE,HIT_BID,24231.05,24230.05,NIFTY21APR2624200CE,24200.0,CE,237.6,237.5,237.45,237.75,240.0,235.0,0.021057,0.021039,ws,ws,type_c_ladder,type_c_ladder,False,False,0.15,-0.25,65,-6.5,strategy_S9-148__TYPE_C:NIFTY:2026-04-15T14:41:35:LONG
2026-04-15,14:42:20,2026-04-15,14:43:21,NIFTY,BUY,TYPE_C,PASSIVE,HIT_BID,24231.35,24233.1,NIFTY21APR2624200CE,24200.0,CE,237.4,239.85,237.12,240.15,240.0,235.0,0.021077,0.020827,ws,ws,type_c_ladder,type_c_ladder,False,False,0.2844,-0.3,65,159.25,strategy_S9-148__TYPE_C:NIFTY:2026-04-15T14:42:20:LONG
2026-04-15,14:43:38,2026-04-15,14:43:51,NIFTY,BUY,TYPE_C,PASSIVE,HIT_BID,24235.4,24233.5,NIFTY21APR2624200CE,24200.0,CE,241.35,240.5,241.29,240.81,245.0,240.0,0.020734,0.020768,ws,ws,type_c_ladder,type_c_ladder,False,False,0.0571,-0.3125,65,-55.25,strategy_S9-148__TYPE_C:NIFTY:2026-04-15T14:43:38:LONG
2026-04-15,14:45:05,2026-04-15,14:45:30,NIFTY,BUY,TYPE_C,PASSIVE,HIT_BID,24235.7,24235.8,NIFTY21APR2624200CE,24200.0,CE,244.85,244.0,244.78,244.05,245.0,240.0,0.020444,0.020479,ws,ws,type_c_ladder,type_c_ladder,False,False,0.0743,-0.0545,65,-55.25,strategy_S9-148__TYPE_C:NIFTY:2026-04-15T14:45:05:LONG
2026-04-15,14:45:50,2026-04-15,14:45:57,NIFTY,SELL,TYPE_C,PASSIVE,HIT_BID,24232.45,24234.15,NIFTY21APR2624250PE,24250.0,PE,226.9,226.3,226.6,226.59,230.0,225.0,0.022058,0.022075,ws,ws,type_c_ladder,type_c_ladder,False,False,0.3,-0.2909,65,-39.0,strategy_S9-148__TYPE_C:NIFTY:2026-04-15T14:45:50:SHORT
2026-04-15,14:47:28,2026-04-15,14:48:17,NIFTY,BUY,TYPE_C,PASSIVE,HIT_BID,24236.95,24239.0,NIFTY21APR2624200CE,24200.0,CE,243.0,244.25,242.6,244.29,245.0,240.0,0.020595,0.020465,ws,ws,type_c_ladder,type_c_ladder,False,False,0.396,-0.0375,65,81.25,strategy_S9-148__TYPE_C:NIFTY:2026-04-15T14:47:28:LONG
2026-04-15,14:49:01,2026-04-15,14:49:20,NIFTY,BUY,TYPE_C,PASSIVE,HIT_BID,24238.85,24239.55,NIFTY21APR2624200CE,24200.0,CE,243.95,245.4,243.93,245.65,245.0,245.0,0.020502,0.020354,ws,ws,type_c_ladder,type_c_ladder,False,False,0.0187,-0.25,65,94.25,strategy_S9-148__TYPE_C:NIFTY:2026-04-15T14:49:01:LONG
2026-04-15,14:50:20,2026-04-15,14:50:31,NIFTY,SELL,TYPE_C,PASSIVE,HIT_BID,24237.55,24238.35,NIFTY21APR2624250PE,24250.0,PE,223.0,222.85,222.74,222.88,225.0,220.0,0.022442,0.022434,ws,ws,type_c_ladder,type_c_ladder,False,False,0.2588,-0.025,65,-9.75,strategy_S9-148__TYPE_C:NIFTY:2026-04-15T14:50:20:SHORT
2026-04-15,14:51:15,2026-04-15,14:53:02,NIFTY,BUY,TYPE_C,PASSIVE,HIT_BID,24243.65,24259.25,NIFTY21APR2624200CE,24200.0,CE,251.2,255.7,251.1,256.12,255.0,255.0,0.019924,0.019531,ws,ws,type_c_ladder,type_c_ladder,False,False,0.1,-0.4235,65,292.5,strategy_S9-148__TYPE_C:NIFTY:2026-04-15T14:51:15:LONG
2026-04-15,14:53:59,2026-04-15,14:54:20,NIFTY,SELL,TYPE_C,PASSIVE,HIT_BID,24247.6,24249.75,NIFTY21APR2624250PE,24250.0,PE,215.65,215.5,215.54,215.84,220.0,215.0,0.023205,0.02318,ws,ws,type_c_ladder,type_c_ladder,False,False,0.1077,-0.3429,65,-9.75,strategy_S9-148__TYPE_C:NIFTY:2026-04-15T14:53:59:SHORT
2026-04-15,14:55:15,2026-04-15,14:55:20,NIFTY,SELL,TYPE_C,PASSIVE,HIT_BID,24243.6,24247.85,NIFTY21APR2624250PE,24250.0,PE,217.0,215.75,216.72,215.79,220.0,215.0,0.02306,0.023156,ws,ws,type_c_ladder,type_c_ladder,False,False,0.28,-0.0389,65,-81.25,strategy_S9-148__TYPE_C:NIFTY:2026-04-15T14:55:15:SHORT
2026-04-15,14:56:15,2026-04-15,14:56:28,NIFTY,SELL,TYPE_C,PASSIVE,HIT_BID,24240.4,24242.4,NIFTY21APR2624250PE,24250.0,PE,217.0,217.0,216.95,217.22,220.0,215.0,0.023065,0.023018,ws,ws,type_c_ladder,type_c_ladder,False,False,0.05,-0.225,65,0.0,strategy_S9-148__TYPE_C:NIFTY:2026-04-15T14:56:15:SHORT
2026-04-15,14:56:46,2026-04-15,14:57:12,NIFTY,BUY,TYPE_C,PASSIVE,HIT_BID,24244.85,24250.65,NIFTY21APR2624200CE,24200.0,CE,250.65,253.3,250.55,253.63,255.0,250.0,0.019966,0.019718,ws,ws,type_c_ladder,type_c_ladder,False,False,0.1038,-0.33,65,172.25,strategy_S9-148__TYPE_C:NIFTY:2026-04-15T14:56:46:LONG
2026-04-15,14:57:30,2026-04-15,14:57:51,NIFTY,BUY,TYPE_C,PASSIVE,HIT_BID,24255.85,24253.65,NIFTY21APR2624250CE,24250.0,CE,226.4,225.15,226.23,225.28,230.0,225.0,0.022107,0.022178,ws,ws,type_c_ladder,type_c_ladder,False,False,0.1688,-0.1286,65,-81.25,strategy_S9-148__TYPE_C:NIFTY:2026-04-15T14:57:30:LONG
2026-04-15,14:59:01,2026-04-15,14:59:43,NIFTY,BUY,TYPE_C,PASSIVE,HIT_BID,24258.7,24260.95,NIFTY21APR2624250CE,24250.0,CE,226.55,226.5,226.54,226.57,230.0,225.0,0.022075,0.022056,ws,ws,type_c_ladder,type_c_ladder,False,False,0.0056,-0.0667,65,-3.25,strategy_S9-148__TYPE_C:NIFTY:2026-04-15T14:59:01:LONG
2026-04-15,15:00:11,2026-04-15,15:00:19,NIFTY,BUY,TYPE_C,PASSIVE,HIT_BID,24265.75,24263.0,NIFTY21APR2624250CE,24250.0,CE,226.95,225.7,226.83,225.73,230.0,225.0,0.022046,0.022141,ws,ws,type_c_ladder,type_c_ladder,False,False,0.12,-0.0312,65,-81.25,strategy_S9-148__TYPE_C:NIFTY:2026-04-15T15:00:11:LONG
2026-04-15,15:00:34,2026-04-15,15:01:00,NIFTY,SELL,TYPE_C,PASSIVE,HIT_BID,24248.35,24238.6,NIFTY21APR2624250PE,24250.0,PE,219.0,220.25,218.57,220.55,220.0,220.0,0.022855,0.022678,ws,ws,type_c_ladder,type_c_ladder,False,False,0.4316,-0.3,65,81.25,strategy_S9-148__TYPE_C:NIFTY:2026-04-15T15:00:34:SHORT
2026-04-15,15:02:03,2026-04-15,15:02:09,NIFTY,BUY,TYPE_C,PASSIVE,HIT_BID,24242.9,24241.15,NIFTY21APR2624200CE,24200.0,CE,241.4,238.9,241.3,239.15,245.0,235.0,0.020721,0.020905,ws,ws,type_c_ladder,type_c_ladder,False,False,0.1,-0.2538,65,-162.5,strategy_S9-148__TYPE_C:NIFTY:2026-04-15T15:02:03:LONG
2026-04-15,15:02:35,2026-04-15,15:02:55,NIFTY,BUY,TYPE_C,PASSIVE,HIT_BID,24243.4,24243.0,NIFTY21APR2624200CE,24200.0,CE,242.7,242.0,242.37,242.09,245.0,240.0,0.020619,0.020655,ws,ws,type_c_ladder,type_c_ladder,False,False,0.3333,-0.0879,65,-45.5,strategy_S9-148__TYPE_C:NIFTY:2026-04-15T15:02:35:LONG
2026-04-15,15:03:07,2026-04-15,15:03:15,NIFTY,BUY,TYPE_C,PASSIVE,HIT_BID,24246.8,24245.8,NIFTY21APR2624200CE,24200.0,CE,243.0,243.35,242.66,243.5,245.0,240.0,0.020591,0.020528,ws,ws,type_c_ladder,type_c_ladder,False,False,0.3375,-0.15,65,22.75,strategy_S9-148__TYPE_C:NIFTY:2026-04-15T15:03:07:LONG
2026-04-15,15:05:00,2026-04-15,15:05:32,NIFTY,BUY,TYPE_C,PASSIVE,HIT_BID,24246.55,24247.65,NIFTY21APR2624200CE,24200.0,CE,244.5,244.0,244.34,244.11,245.0,240.0,0.020467,0.020475,ws,ws,type_c_ladder,type_c_ladder,False,False,0.1636,-0.1103,65,-32.5,strategy_S9-148__TYPE_C:NIFTY:2026-04-15T15:05:00:LONG
2026-04-15,15:06:18,2026-04-15,15:06:42,NIFTY,SELL,TYPE_C,PASSIVE,HIT_BID,24244.7,24244.8,NIFTY21APR2624250PE,24250.0,PE,223.0,223.0,222.93,223.21,225.0,220.0,0.022439,0.022406,ws,ws,type_c_ladder,type_c_ladder,False,False,0.07,-0.2087,65,0.0,strategy_S9-148__TYPE_C:NIFTY:2026-04-15T15:06:18:SHORT
2026-04-15,15:07:26,2026-04-15,15:07:50,NIFTY,SELL,TYPE_C,PASSIVE,HIT_BID,24236.5,24233.3,NIFTY21APR2624250PE,24250.0,PE,228.8,231.7,228.71,232.02,230.0,230.0,0.021872,0.021559,ws,ws,type_c_ladder,type_c_ladder,False,False,0.0923,-0.3214,65,188.5,strategy_S9-148__TYPE_C:NIFTY:2026-04-15T15:07:26:SHORT
2026-04-15,15:09:31,2026-04-15,15:09:59,NIFTY,BUY,TYPE_C,PASSIVE,HIT_BID,24238.85,24239.0,NIFTY21APR2624200CE,24200.0,CE,236.5,235.9,236.29,236.17,240.0,235.0,0.021153,0.021173,ws,ws,type_c_ladder,type_c_ladder,False,False,0.2083,-0.2692,65,-39.0,strategy_S9-148__TYPE_C:NIFTY:2026-04-15T15:09:31:LONG
2026-04-15,15:11:15,2026-04-15,15:11:24,NIFTY,SELL,TYPE_C,PASSIVE,HIT_BID,24233.4,24235.0,NIFTY21APR2624250PE,24250.0,PE,234.6,234.15,234.38,234.44,235.0,230.0,0.021333,0.021329,ws,ws,type_c_ladder,type_c_ladder,False,False,0.225,-0.2912,65,-29.25,strategy_S9-148__TYPE_C:NIFTY:2026-04-15T15:11:15:SHORT
2026-04-15,15:11:54,2026-04-15,15:12:10,NIFTY,SELL,TYPE_C,PASSIVE,HIT_BID,24232.75,24232.8,NIFTY21APR2624250PE,24250.0,PE,233.55,232.2,233.38,232.53,235.0,230.0,0.021434,0.021515,ws,ws,type_c_ladder,type_c_ladder,False,False,0.1719,-0.3333,65,-87.75,strategy_S9-148__TYPE_C:NIFTY:2026-04-15T15:11:54:SHORT
2026-04-15,15:12:21,2026-04-15,15:12:45,NIFTY,SELL,TYPE_C,PASSIVE,HIT_BID,24229.6,24227.65,NIFTY21APR2624250PE,24250.0,PE,233.0,232.65,232.69,232.8,235.0,230.0,0.021478,0.021471,ws,ws,type_c_ladder,type_c_ladder,False,False,0.3059,-0.15,65,-22.75,strategy_S9-148__TYPE_C:NIFTY:2026-04-15T15:12:21:SHORT
2026-04-15,15:14:03,2026-04-15,15:14:29,NIFTY,BUY,TYPE_C,PASSIVE,HIT_BID,24228.4,24228.55,NIFTY21APR2624200CE,24200.0,CE,237.0,236.75,236.83,236.88,240.0,235.0,0.021106,0.021097,ws,ws,type_c_ladder,type_c_ladder,False,False,0.1714,-0.125,65,-16.25,strategy_S9-148__TYPE_C:NIFTY:2026-04-15T15:14:03:LONG
2026-04-15,15:15:06,2026-04-15,15:15:21,NIFTY,SELL,TYPE_C,PASSIVE,HIT_BID,24225.65,24225.65,NIFTY21APR2624250PE,24250.0,PE,235.0,230.95,234.74,231.12,235.0,230.0,0.02129,0.021626,ws,ws,type_c_ladder,type_c_ladder,False,False,0.2625,-0.1667,65,-263.25,strategy_S9-148__TYPE_C:NIFTY:2026-04-15T15:15:06:SHORT
2026-04-15,15:16:21,2026-04-15,15:16:41,NIFTY,SELL,TYPE_C,PASSIVE,HIT_BID,24223.15,24224.2,NIFTY21APR2624250PE,24250.0,PE,232.65,232.1,232.49,232.19,235.0,230.0,0.021515,0.021529,ws,ws,type_c_ladder,type_c_ladder,False,False,0.1579,-0.09,65,-35.75,strategy_S9-148__TYPE_C:NIFTY:2026-04-15T15:16:21:SHORT
2026-04-15,15:17:30,2026-04-15,15:17:36,NIFTY,BUY,TYPE_C,PASSIVE,HIT_BID,24229.15,24228.15,NIFTY21APR2624200CE,24200.0,CE,236.45,236.35,236.4,236.4,240.0,235.0,0.021166,0.021135,ws,ws,type_c_ladder,type_c_ladder,False,False,0.05,-0.05,65,-6.5,strategy_S9-148__TYPE_C:NIFTY:2026-04-15T15:17:30:LONG
2026-04-15,15:19:29,2026-04-15,15:19:50,NIFTY,SELL,TYPE_C,PASSIVE,HIT_BID,24225.7,24225.2,NIFTY21APR2624250PE,24250.0,PE,233.55,234.6,233.32,234.9,235.0,230.0,0.021422,0.02129,ws,ws,type_c_ladder,type_c_ladder,False,False,0.225,-0.3,65,68.25,strategy_S9-148__TYPE_C:NIFTY:2026-04-15T15:19:29:SHORT
2026-04-15,15:20:17,2026-04-15,15:20:35,NIFTY,BUY,TYPE_C,PASSIVE,HIT_BID,24228.95,24226.6,NIFTY21APR2624200CE,24200.0,CE,236.0,235.1,235.75,235.26,240.0,235.0,0.0212,0.021249,ws,ws,type_c_ladder,type_c_ladder,False,False,0.2464,-0.1647,65,-58.5,strategy_S9-148__TYPE_C:NIFTY:2026-04-15T15:20:17:LONG
2026-04-15,15:23:18,2026-04-15,15:23:36,NIFTY,SELL,TYPE_C,PASSIVE,HIT_BID,24222.3,24220.95,NIFTY21APR2624250PE,24250.0,PE,234.35,235.05,234.33,235.25,235.0,235.0,0.021338,0.021259,ws,ws,type_c_ladder,type_c_ladder,False,False,0.0167,-0.2,65,45.5,strategy_S9-148__TYPE_C:NIFTY:2026-04-15T15:23:18:SHORT
