Entry_Date,Entry_Time,Exit_Date,Exit_Time,Underlying_Symbol,Strategy_Direction,Execution_Mode,Entry_Label,Exit_Label,Underlying_Entry_Price,Underlying_Exit_Price,Option_Symbol,Option_Strike,Option_Type,Option_Entry_Price,Option_Exit_Price,Entry_Fair_Value,Exit_Fair_Value,Entry_Limit_Price,Exit_Limit_Price,Entry_Spread_Pct,Exit_Spread_Pct,Entry_Quote_Source,Exit_Quote_Source,Entry_Pricing_Mode,Exit_Pricing_Mode,Entry_Repriced,Exit_Repriced,Entry_Slippage_vs_Fair,Exit_Slippage_vs_Fair,Qty,PnL,Trade_ID
2026-04-13,09:18:22,2026-04-13,09:18:40,NIFTY,SELL,TYPE_F,BOOK_ENTRY_1,BOOK_EXIT_1,23564.4,23564.25,NIFTY13APR2623600PE,23600.0,PE,101.9,102.8,105.0,100.0,105.0,100.0,0.002456,0.002914,ws,ws,book_ladder,book_ladder,False,False,-3.1,2.8,65,58.5,strategy_S9-148__TYPE_F:NIFTY:2026-04-13T09:18:22:SHORT
2026-04-13,09:19:09,2026-04-13,09:19:14,NIFTY,BUY,TYPE_F,BOOK_ENTRY_1,BOOK_EXIT_1,23575.7,23571.15,NIFTY13APR2623550CE,23550.0,CE,106.25,104.15,110.0,100.0,110.0,100.0,0.002828,0.001918,ws,ws,book_ladder,book_ladder,False,False,-3.75,4.15,65,-136.5,strategy_S9-148__TYPE_F:NIFTY:2026-04-13T09:19:09:LONG
2026-04-13,09:19:30,2026-04-13,09:19:46,NIFTY,BUY,TYPE_F,BOOK_ENTRY_1,BOOK_EXIT_1,23577.0,23580.3,NIFTY13APR2623550CE,23550.0,CE,105.3,107.5,110.0,105.0,110.0,105.0,0.001901,0.002323,ws,ws,book_ladder,book_ladder,False,False,-4.7,2.5,65,143.0,strategy_S9-148__TYPE_F:NIFTY:2026-04-13T09:19:30:LONG
2026-04-13,09:20:38,2026-04-13,09:20:52,NIFTY,BUY,TYPE_F,BOOK_ENTRY_1,BOOK_EXIT_1,23583.8,23578.3,NIFTY13APR2623550CE,23550.0,CE,105.0,100.55,105.0,100.0,105.0,100.0,0.001907,0.000497,ws,ws,book_ladder,book_ladder,False,False,0.0,0.55,65,-289.25,strategy_S9-148__TYPE_F:NIFTY:2026-04-13T09:20:38:LONG
2026-04-13,09:21:25,2026-04-13,09:21:44,NIFTY,BUY,TYPE_F,BOOK_ENTRY_1,BOOK_EXIT_1,23585.65,23586.05,NIFTY13APR2623550CE,23550.0,CE,105.5,105.25,110.0,105.0,110.0,105.0,0.002848,0.001424,ws,ws,book_ladder,book_ladder,False,False,-4.5,0.25,65,-16.25,strategy_S9-148__TYPE_F:NIFTY:2026-04-13T09:21:25:LONG
2026-04-13,09:22:30,2026-04-13,09:22:36,NIFTY,SELL,TYPE_F,BOOK_ENTRY_1,BOOK_EXIT_1,23575.95,23579.6,NIFTY13APR2623600PE,23600.0,PE,99.95,97.25,100.0,95.0,100.0,95.0,0.001502,0.002054,ws,ws,book_ladder,book_ladder,False,False,-0.05,2.25,65,-175.5,strategy_S9-148__TYPE_F:NIFTY:2026-04-13T09:22:30:SHORT
2026-04-13,09:23:08,2026-04-13,09:23:23,NIFTY,BUY,TYPE_F,BOOK_ENTRY_1,BOOK_EXIT_1,23584.4,23582.65,NIFTY13APR2623550CE,23550.0,CE,102.25,103.85,105.0,100.0,105.0,100.0,0.002448,0.002404,ws,ws,book_ladder,book_ladder,False,False,-2.75,3.85,65,104.0,strategy_S9-148__TYPE_F:NIFTY:2026-04-13T09:23:08:LONG
2026-04-13,09:23:51,2026-04-13,09:24:07,NIFTY,BUY,TYPE_F,BOOK_ENTRY_1,BOOK_EXIT_1,23591.85,23582.8,NIFTY13APR2623550CE,23550.0,CE,106.0,101.3,110.0,100.0,110.0,100.0,0.000472,0.002465,ws,ws,book_ladder,book_ladder,False,False,-4.0,1.3,65,-305.5,strategy_S9-148__TYPE_F:NIFTY:2026-04-13T09:23:51:LONG
2026-04-13,09:24:41,2026-04-13,09:24:55,NIFTY,BUY,TYPE_F,BOOK_ENTRY_1,BOOK_EXIT_1,23587.4,23585.5,NIFTY13APR2623550CE,23550.0,CE,105.7,103.1,110.0,100.0,110.0,100.0,0.002842,0.002422,ws,ws,book_ladder,book_ladder,False,False,-4.3,3.1,65,-169.0,strategy_S9-148__TYPE_F:NIFTY:2026-04-13T09:24:41:LONG
2026-04-13,09:25:15,2026-04-13,09:25:49,NIFTY,BUY,TYPE_F,BOOK_ENTRY_1,BOOK_EXIT_1,23591.65,23596.85,NIFTY13APR2623550CE,23550.0,CE,104.85,109.65,105.0,105.0,105.0,105.0,0.002387,0.002732,ws,ws,book_ladder,book_ladder,False,False,-0.15,4.65,65,312.0,strategy_S9-148__TYPE_F:NIFTY:2026-04-13T09:25:15:LONG
2026-04-13,09:28:06,2026-04-13,09:28:15,NIFTY,SELL,TYPE_F,BOOK_ENTRY_1,BOOK_EXIT_1,23593.35,23593.7,NIFTY13APR2623600PE,23600.0,PE,88.0,91.4,90.0,90.0,90.0,90.0,0.003415,0.00164,ws,ws,book_ladder,book_ladder,False,False,-2.0,1.4,65,221.0,strategy_S9-148__TYPE_F:NIFTY:2026-04-13T09:28:06:SHORT
2026-04-13,09:29:17,2026-04-13,09:29:45,NIFTY,BUY,TYPE_F,BOOK_ENTRY_1,BOOK_EXIT_1,23599.3,23606.5,NIFTY13APR2623550CE,23550.0,CE,103.85,108.8,105.0,105.0,105.0,105.0,0.001928,0.002295,ws,ws,book_ladder,book_ladder,False,False,-1.15,3.8,65,321.75,strategy_S9-148__TYPE_F:NIFTY:2026-04-13T09:29:17:LONG
2026-04-13,09:30:23,2026-04-13,09:30:30,NIFTY,SELL,TYPE_F,BOOK_ENTRY_1,BOOK_EXIT_1,23590.55,23595.55,NIFTY13APR2623600PE,23600.0,PE,91.15,90.75,95.0,90.0,95.0,90.0,0.002746,0.002751,ws,ws,book_ladder,book_ladder,False,False,-3.85,0.75,65,-26.0,strategy_S9-148__TYPE_F:NIFTY:2026-04-13T09:30:23:SHORT
2026-04-13,09:31:03,2026-04-13,09:31:22,NIFTY,SELL,TYPE_F,BOOK_ENTRY_1,BOOK_EXIT_1,23586.95,23593.45,NIFTY13APR2623600PE,23600.0,PE,92.45,92.05,95.0,90.0,95.0,90.0,0.002708,0.001628,ws,ws,book_ladder,book_ladder,False,False,-2.55,2.05,65,-26.0,strategy_S9-148__TYPE_F:NIFTY:2026-04-13T09:31:03:SHORT
2026-04-13,09:31:46,2026-04-13,09:31:56,NIFTY,BUY,TYPE_F,BOOK_ENTRY_1,BOOK_EXIT_1,23596.85,23593.75,NIFTY13APR2623550CE,23550.0,CE,102.35,100.5,105.0,100.0,105.0,100.0,0.002446,0.002484,ws,ws,book_ladder,book_ladder,False,False,-2.65,0.5,65,-120.25,strategy_S9-148__TYPE_F:NIFTY:2026-04-13T09:31:46:LONG
2026-04-13,09:32:18,2026-04-13,09:32:32,NIFTY,BUY,TYPE_F,BOOK_ENTRY_1,BOOK_EXIT_1,23602.3,23603.7,NIFTY13APR2623600CE,23600.0,CE,75.9,77.65,80.0,75.0,80.0,75.0,0.002639,0.00193,ws,ws,book_ladder,book_ladder,False,False,-4.1,2.65,65,113.75,strategy_S9-148__TYPE_F:NIFTY:2026-04-13T09:32:18:LONG
2026-04-13,09:32:45,2026-04-13,09:33:10,NIFTY,BUY,TYPE_F,BOOK_ENTRY_1,BOOK_EXIT_1,23613.35,23607.1,NIFTY13APR2623600CE,23600.0,CE,81.0,79.7,85.0,75.0,85.0,75.0,0.000617,0.002506,ws,ws,book_ladder,book_ladder,False,False,-4.0,4.7,65,-84.5,strategy_S9-148__TYPE_F:NIFTY:2026-04-13T09:32:45:LONG
2026-04-13,09:33:43,2026-04-13,09:33:58,NIFTY,BUY,TYPE_F,BOOK_ENTRY_1,BOOK_EXIT_1,23612.65,23610.3,NIFTY13APR2623600CE,23600.0,CE,80.95,82.4,85.0,80.0,85.0,80.0,0.002474,0.002424,ws,ws,book_ladder,book_ladder,False,False,-4.05,2.4,65,94.25,strategy_S9-148__TYPE_F:NIFTY:2026-04-13T09:33:43:LONG
2026-04-13,09:34:40,2026-04-13,09:34:52,NIFTY,BUY,TYPE_F,BOOK_ENTRY_1,BOOK_EXIT_1,23615.8,23612.95,NIFTY13APR2623600CE,23600.0,CE,84.65,81.5,85.0,80.0,85.0,80.0,0.002365,0.002451,ws,ws,book_ladder,book_ladder,False,False,-0.35,1.5,65,-204.75,strategy_S9-148__TYPE_F:NIFTY:2026-04-13T09:34:40:LONG
2026-04-13,09:35:15,2026-04-13,09:36:16,NIFTY,SELL,TYPE_F,BOOK_ENTRY_1,BOOK_EXIT_1,23606.95,23587.55,NIFTY13APR2623650PE,23650.0,PE,111.25,123.35,115.0,120.0,115.0,120.0,0.0027,0.002429,ws,ws,book_ladder,book_ladder,False,False,-3.75,3.35,65,786.5,strategy_S9-148__TYPE_F:NIFTY:2026-04-13T09:35:15:SHORT
2026-04-13,09:36:47,2026-04-13,09:37:04,NIFTY,SELL,TYPE_F,BOOK_ENTRY_1,BOOK_EXIT_1,23582.8,23583.45,NIFTY13APR2623600PE,23600.0,PE,93.6,92.75,95.0,90.0,95.0,90.0,0.002675,0.001616,ws,ws,book_ladder,book_ladder,False,False,-1.4,2.75,65,-55.25,strategy_S9-148__TYPE_F:NIFTY:2026-04-13T09:36:47:SHORT
2026-04-13,09:37:16,2026-04-13,09:37:25,NIFTY,BUY,TYPE_F,BOOK_ENTRY_1,BOOK_EXIT_1,23588.4,23584.45,NIFTY13APR2623550CE,23550.0,CE,96.2,92.15,100.0,90.0,100.0,90.0,0.002602,0.002168,ws,ws,book_ladder,book_ladder,False,False,-3.8,2.15,65,-263.25,strategy_S9-148__TYPE_F:NIFTY:2026-04-13T09:37:16:LONG
2026-04-13,09:38:36,2026-04-13,09:38:41,NIFTY,BUY,TYPE_F,BOOK_ENTRY_1,BOOK_EXIT_1,23592.55,23590.0,NIFTY13APR2623550CE,23550.0,CE,97.4,97.2,100.0,95.0,100.0,95.0,0.002055,0.002055,ws,ws,book_ladder,book_ladder,False,False,-2.6,2.2,65,-13.0,strategy_S9-148__TYPE_F:NIFTY:2026-04-13T09:38:36:LONG
2026-04-13,09:39:02,2026-04-13,09:39:25,NIFTY,BUY,TYPE_F,BOOK_ENTRY_1,BOOK_EXIT_1,23593.1,23593.3,NIFTY13APR2623550CE,23550.0,CE,95.3,97.45,100.0,95.0,100.0,95.0,0.002101,0.003074,ws,ws,book_ladder,book_ladder,False,False,-4.7,2.45,65,139.75,strategy_S9-148__TYPE_F:NIFTY:2026-04-13T09:39:02:LONG
2026-04-13,09:41:00,2026-04-13,09:42:44,NIFTY,BUY,TYPE_F,BOOK_ENTRY_1,BOOK_EXIT_1,23596.2,23635.1,NIFTY13APR2623550CE,23550.0,CE,98.65,127.65,100.0,125.0,100.0,125.0,0.001522,0.002738,ws,ws,book_ladder,book_ladder,False,False,-1.35,2.65,65,1885.0,strategy_S9-148__TYPE_F:NIFTY:2026-04-13T09:41:00:LONG
2026-04-13,09:43:01,2026-04-13,09:43:15,NIFTY,SELL,TYPE_F,BOOK_ENTRY_1,BOOK_EXIT_1,23620.2,23629.75,NIFTY13APR2623650PE,23650.0,PE,98.9,97.55,100.0,95.0,100.0,95.0,0.003038,0.003071,ws,ws,book_ladder,book_ladder,False,False,-1.1,2.55,65,-87.75,strategy_S9-148__TYPE_F:NIFTY:2026-04-13T09:43:01:SHORT
2026-04-13,09:44:27,2026-04-13,09:44:45,NIFTY,SELL,TYPE_F,BOOK_ENTRY_1,BOOK_EXIT_1,23629.85,23631.9,NIFTY13APR2623650PE,23650.0,PE,96.65,92.8,100.0,90.0,100.0,90.0,0.002071,0.002153,ws,ws,book_ladder,book_ladder,False,False,-3.35,2.8,65,-250.25,strategy_S9-148__TYPE_F:NIFTY:2026-04-13T09:44:27:SHORT
2026-04-13,09:45:30,2026-04-13,09:45:55,NIFTY,SELL,TYPE_F,BOOK_ENTRY_1,BOOK_EXIT_1,23624.75,23618.1,NIFTY13APR2623650PE,23650.0,PE,98.1,98.15,100.0,95.0,100.0,95.0,0.003063,0.003052,ws,ws,book_ladder,book_ladder,False,False,-1.9,3.15,65,3.25,strategy_S9-148__TYPE_F:NIFTY:2026-04-13T09:45:30:SHORT
2026-04-13,09:46:43,2026-04-13,09:47:04,NIFTY,BUY,TYPE_F,BOOK_ENTRY_1,BOOK_EXIT_1,23627.55,23628.4,NIFTY13APR2623600CE,23600.0,CE,88.15,91.45,90.0,90.0,90.0,90.0,0.002271,0.002185,ws,ws,book_ladder,book_ladder,False,False,-1.85,1.45,65,214.5,strategy_S9-148__TYPE_F:NIFTY:2026-04-13T09:46:43:LONG
2026-04-13,09:47:15,2026-04-13,09:47:31,NIFTY,BUY,TYPE_F,BOOK_ENTRY_1,BOOK_EXIT_1,23633.6,23633.1,NIFTY13APR2623600CE,23600.0,CE,95.2,93.05,100.0,90.0,100.0,90.0,0.001577,0.002683,ws,ws,book_ladder,book_ladder,False,False,-4.8,3.05,65,-139.75,strategy_S9-148__TYPE_F:NIFTY:2026-04-13T09:47:15:LONG
2026-04-13,09:59:15,2026-04-13,09:59:28,NIFTY,BUY,TYPE_F,BOOK_ENTRY_1,BOOK_EXIT_1,23673.1,23670.0,NIFTY13APR2623650CE,23650.0,CE,83.9,81.75,85.0,80.0,85.0,80.0,0.001789,0.002443,ws,ws,book_ladder,book_ladder,False,False,-1.1,1.75,65,-139.75,strategy_S9-148__TYPE_F:NIFTY:2026-04-13T09:59:15:LONG
2026-04-13,10:00:19,2026-04-13,10:00:46,NIFTY,SELL,TYPE_F,BOOK_ENTRY_1,BOOK_EXIT_1,23663.8,23655.65,NIFTY13APR2623700PE,23700.0,PE,102.1,103.05,105.0,100.0,105.0,100.0,0.002943,0.001939,ws,ws,book_ladder,book_ladder,False,False,-2.9,3.05,65,61.75,strategy_S9-148__TYPE_F:NIFTY:2026-04-13T10:00:19:SHORT
2026-04-13,10:01:31,2026-04-13,10:02:06,NIFTY,BUY,TYPE_F,BOOK_ENTRY_1,BOOK_EXIT_1,23663.5,23673.75,NIFTY13APR2623650CE,23650.0,CE,78.7,84.1,80.0,80.0,80.0,80.0,0.001908,0.002375,ws,ws,book_ladder,book_ladder,False,False,-1.3,4.1,65,351.0,strategy_S9-148__TYPE_F:NIFTY:2026-04-13T10:01:31:LONG
2026-04-13,10:02:51,2026-04-13,10:02:58,NIFTY,BUY,TYPE_F,BOOK_ENTRY_1,BOOK_EXIT_1,23675.1,23671.85,NIFTY13APR2623650CE,23650.0,CE,81.75,82.2,85.0,80.0,85.0,80.0,0.000612,0.00243,ws,ws,book_ladder,book_ladder,False,False,-3.25,2.2,65,29.25,strategy_S9-148__TYPE_F:NIFTY:2026-04-13T10:02:51:LONG
2026-04-13,10:03:30,2026-04-13,10:03:39,NIFTY,BUY,TYPE_F,BOOK_ENTRY_1,BOOK_EXIT_1,23677.35,23673.85,NIFTY13APR2623650CE,23650.0,CE,83.7,81.45,85.0,80.0,85.0,80.0,0.002991,0.002452,ws,ws,book_ladder,book_ladder,False,False,-1.3,1.45,65,-146.25,strategy_S9-148__TYPE_F:NIFTY:2026-04-13T10:03:30:LONG
2026-04-13,10:03:46,2026-04-13,10:03:56,NIFTY,SELL,TYPE_F,BOOK_ENTRY_1,BOOK_EXIT_1,23668.45,23668.2,NIFTY13APR2623700PE,23700.0,PE,99.5,99.95,100.0,95.0,100.0,95.0,0.002012,0.001999,ws,ws,book_ladder,book_ladder,False,False,-0.5,4.95,65,29.25,strategy_S9-148__TYPE_F:NIFTY:2026-04-13T10:03:46:SHORT
2026-04-13,10:04:02,2026-04-13,10:04:21,NIFTY,SELL,TYPE_F,BOOK_ENTRY_1,BOOK_EXIT_1,23663.3,23667.0,NIFTY13APR2623700PE,23700.0,PE,101.85,100.6,105.0,100.0,105.0,100.0,0.002458,0.002978,ws,ws,book_ladder,book_ladder,False,False,-3.15,0.6,65,-81.25,strategy_S9-148__TYPE_F:NIFTY:2026-04-13T10:04:02:SHORT
2026-04-13,10:05:02,2026-04-13,10:05:28,NIFTY,BUY,TYPE_F,BOOK_ENTRY_1,BOOK_EXIT_1,23673.4,23672.75,NIFTY13APR2623650CE,23650.0,CE,81.95,82.2,85.0,80.0,85.0,80.0,0.003055,0.001823,ws,ws,book_ladder,book_ladder,False,False,-3.05,2.2,65,16.25,strategy_S9-148__TYPE_F:NIFTY:2026-04-13T10:05:02:LONG
2026-04-13,10:05:45,2026-04-13,10:05:47,NIFTY,BUY,TYPE_F,BOOK_ENTRY_1,BOOK_EXIT_1,23675.7,23671.2,NIFTY13APR2623650CE,23650.0,CE,80.8,81.65,85.0,80.0,85.0,80.0,0.003099,0.002446,ws,ws,book_ladder,book_ladder,False,False,-4.2,1.65,65,55.25,strategy_S9-148__TYPE_F:NIFTY:2026-04-13T10:05:45:LONG
2026-04-13,10:06:47,2026-04-13,10:07:05,NIFTY,SELL,TYPE_F,BOOK_ENTRY_1,BOOK_EXIT_1,23662.8,23664.15,NIFTY13APR2623700PE,23700.0,PE,102.2,102.2,105.0,100.0,105.0,100.0,0.002449,0.002443,ws,ws,book_ladder,book_ladder,False,False,-2.8,2.2,65,0.0,strategy_S9-148__TYPE_F:NIFTY:2026-04-13T10:06:47:SHORT
2026-04-13,10:07:30,2026-04-13,10:07:47,NIFTY,BUY,TYPE_F,BOOK_ENTRY_1,BOOK_EXIT_1,23673.25,23671.7,NIFTY13APR2623650CE,23650.0,CE,80.65,79.35,85.0,75.0,85.0,75.0,0.002483,0.002517,ws,ws,book_ladder,book_ladder,False,False,-4.35,4.35,65,-84.5,strategy_S9-148__TYPE_F:NIFTY:2026-04-13T10:07:30:LONG
2026-04-13,10:08:01,2026-04-13,10:08:04,NIFTY,BUY,TYPE_F,BOOK_ENTRY_1,BOOK_EXIT_1,23675.8,23668.6,NIFTY13APR2623650CE,23650.0,CE,81.5,80.1,85.0,80.0,85.0,80.0,0.001842,0.002494,ws,ws,book_ladder,book_ladder,False,False,-3.5,0.1,65,-91.0,strategy_S9-148__TYPE_F:NIFTY:2026-04-13T10:08:01:LONG
2026-04-13,10:08:15,2026-04-13,10:08:32,NIFTY,SELL,TYPE_F,BOOK_ENTRY_1,BOOK_EXIT_1,23664.1,23664.05,NIFTY13APR2623700PE,23700.0,PE,101.15,101.05,105.0,100.0,105.0,100.0,0.00297,0.002471,ws,ws,book_ladder,book_ladder,False,False,-3.85,1.05,65,-6.5,strategy_S9-148__TYPE_F:NIFTY:2026-04-13T10:08:15:SHORT
2026-04-13,10:09:19,2026-04-13,10:10:08,NIFTY,BUY,TYPE_F,BOOK_ENTRY_1,BOOK_EXIT_1,23669.4,23670.1,NIFTY13APR2623650CE,23650.0,CE,79.85,78.5,80.0,75.0,80.0,75.0,0.002508,0.002545,ws,ws,book_ladder,book_ladder,False,False,-0.15,3.5,65,-87.75,strategy_S9-148__TYPE_F:NIFTY:2026-04-13T10:09:19:LONG
2026-04-13,10:10:45,2026-04-13,10:10:54,NIFTY,BUY,TYPE_F,BOOK_ENTRY_1,BOOK_EXIT_1,23677.65,23672.55,NIFTY13APR2623650CE,23650.0,CE,83.0,80.65,85.0,80.0,85.0,80.0,0.001206,0.002477,ws,ws,book_ladder,book_ladder,False,False,-2.0,0.65,65,-152.75,strategy_S9-148__TYPE_F:NIFTY:2026-04-13T10:10:45:LONG
2026-04-13,10:11:01,2026-04-13,10:11:31,NIFTY,SELL,TYPE_F,BOOK_ENTRY_1,BOOK_EXIT_1,23669.4,23667.5,NIFTY13APR2623700PE,23700.0,PE,98.1,99.55,100.0,95.0,100.0,95.0,0.002041,0.002508,ws,ws,book_ladder,book_ladder,False,False,-1.9,4.55,65,94.25,strategy_S9-148__TYPE_F:NIFTY:2026-04-13T10:11:01:SHORT
2026-04-13,10:12:02,2026-04-13,10:12:12,NIFTY,BUY,TYPE_F,BOOK_ENTRY_1,BOOK_EXIT_1,23678.4,23673.65,NIFTY13APR2623650CE,23650.0,CE,80.85,81.55,85.0,80.0,85.0,80.0,0.002477,0.002449,ws,ws,book_ladder,book_ladder,False,False,-4.15,1.55,65,45.5,strategy_S9-148__TYPE_F:NIFTY:2026-04-13T10:12:02:LONG
2026-04-13,10:12:28,2026-04-13,10:12:35,NIFTY,BUY,TYPE_F,BOOK_ENTRY_1,BOOK_EXIT_1,23682.05,23676.9,NIFTY13APR2623650CE,23650.0,CE,85.0,80.15,85.0,80.0,85.0,80.0,0.000588,0.002492,ws,ws,book_ladder,book_ladder,False,False,0.0,0.15,65,-315.25,strategy_S9-148__TYPE_F:NIFTY:2026-04-13T10:12:28:LONG
2026-04-13,10:13:48,2026-04-13,10:13:55,NIFTY,SELL,TYPE_F,BOOK_ENTRY_1,BOOK_EXIT_1,23665.8,23669.25,NIFTY13APR2623700PE,23700.0,PE,97.6,97.05,100.0,95.0,100.0,95.0,0.002565,0.002059,ws,ws,book_ladder,book_ladder,False,False,-2.4,2.05,65,-35.75,strategy_S9-148__TYPE_F:NIFTY:2026-04-13T10:13:48:SHORT
2026-04-13,10:14:02,2026-04-13,10:14:29,NIFTY,SELL,TYPE_F,BOOK_ENTRY_1,BOOK_EXIT_1,23661.7,23658.55,NIFTY13APR2623700PE,23700.0,PE,99.7,101.5,100.0,100.0,100.0,100.0,0.002511,0.002951,ws,ws,book_ladder,book_ladder,False,False,-0.3,1.5,65,117.0,strategy_S9-148__TYPE_F:NIFTY:2026-04-13T10:14:02:SHORT
2026-04-13,10:15:12,2026-04-13,10:15:35,NIFTY,SELL,TYPE_F,BOOK_ENTRY_1,BOOK_EXIT_1,23648.4,23649.1,NIFTY13APR2623650PE,23650.0,PE,77.45,77.45,80.0,75.0,80.0,75.0,0.002586,0.003223,ws,ws,book_ladder,book_ladder,False,False,-2.55,2.45,65,0.0,strategy_S9-148__TYPE_F:NIFTY:2026-04-13T10:15:12:SHORT
2026-04-13,10:15:46,2026-04-13,10:15:53,NIFTY,SELL,TYPE_F,BOOK_ENTRY_1,BOOK_EXIT_1,23644.0,23647.9,NIFTY13APR2623650PE,23650.0,PE,81.2,79.0,85.0,75.0,85.0,75.0,0.002466,0.002528,ws,ws,book_ladder,book_ladder,False,False,-3.8,4.0,65,-143.0,strategy_S9-148__TYPE_F:NIFTY:2026-04-13T10:15:46:SHORT
2026-04-13,10:16:52,2026-04-13,10:17:21,NIFTY,SELL,TYPE_F,BOOK_ENTRY_1,BOOK_EXIT_1,23640.4,23639.75,NIFTY13APR2623650PE,23650.0,PE,81.4,81.65,85.0,80.0,85.0,80.0,0.001229,0.001224,ws,ws,book_ladder,book_ladder,False,False,-3.6,1.65,65,16.25,strategy_S9-148__TYPE_F:NIFTY:2026-04-13T10:16:52:SHORT
2026-04-13,10:18:10,2026-04-13,10:18:18,NIFTY,BUY,TYPE_F,BOOK_ENTRY_1,BOOK_EXIT_1,23646.4,23644.35,NIFTY13APR2623600CE,23600.0,CE,87.95,88.2,90.0,85.0,90.0,85.0,0.001707,0.00283,ws,ws,book_ladder,book_ladder,False,False,-2.05,3.2,65,16.25,strategy_S9-148__TYPE_F:NIFTY:2026-04-13T10:18:10:LONG
2026-04-13,10:18:53,2026-04-13,10:19:08,NIFTY,BUY,TYPE_F,BOOK_ENTRY_1,BOOK_EXIT_1,23659.7,23660.7,NIFTY13APR2623650CE,23650.0,CE,68.5,70.75,70.0,70.0,70.0,70.0,0.002924,0.002823,ws,ws,book_ladder,book_ladder,False,False,-1.5,0.75,65,146.25,strategy_S9-148__TYPE_F:NIFTY:2026-04-13T10:18:53:LONG
2026-04-13,10:19:37,2026-04-13,10:20:05,NIFTY,BUY,TYPE_F,BOOK_ENTRY_1,BOOK_EXIT_1,23666.05,23671.5,NIFTY13APR2623650CE,23650.0,CE,73.55,75.65,75.0,75.0,75.0,75.0,0.002042,0.00264,ws,ws,book_ladder,book_ladder,False,False,-1.45,0.65,65,136.5,strategy_S9-148__TYPE_F:NIFTY:2026-04-13T10:19:37:LONG
2026-04-13,10:20:15,2026-04-13,10:20:44,NIFTY,BUY,TYPE_F,BOOK_ENTRY_1,BOOK_EXIT_1,23676.25,23683.9,NIFTY13APR2623650CE,23650.0,CE,79.6,83.45,80.0,80.0,80.0,80.0,0.001886,0.001796,ws,ws,book_ladder,book_ladder,False,False,-0.4,3.45,65,250.25,strategy_S9-148__TYPE_F:NIFTY:2026-04-13T10:20:15:LONG
2026-04-13,10:21:00,2026-04-13,10:21:42,NIFTY,BUY,TYPE_F,BOOK_ENTRY_1,BOOK_EXIT_1,23691.25,23705.5,NIFTY13APR2623650CE,23650.0,CE,85.55,104.3,90.0,100.0,90.0,100.0,0.001755,0.001916,ws,ws,book_ladder,book_ladder,False,False,-4.45,4.3,65,1218.75,strategy_S9-148__TYPE_F:NIFTY:2026-04-13T10:21:00:LONG
2026-04-13,10:22:00,2026-04-13,10:22:25,NIFTY,BUY,TYPE_F,BOOK_ENTRY_1,BOOK_EXIT_1,23710.5,23710.45,NIFTY13APR2623700CE,23700.0,CE,80.2,77.5,85.0,75.0,85.0,75.0,0.002497,0.002577,ws,ws,book_ladder,book_ladder,False,False,-4.8,2.5,65,-175.5,strategy_S9-148__TYPE_F:NIFTY:2026-04-13T10:22:00:LONG
2026-04-13,10:22:45,2026-04-13,10:23:13,NIFTY,BUY,TYPE_F,BOOK_ENTRY_1,BOOK_EXIT_1,23713.3,23716.9,NIFTY13APR2623700CE,23700.0,CE,80.25,80.05,85.0,80.0,85.0,80.0,0.002495,0.002495,ws,ws,book_ladder,book_ladder,False,False,-4.75,0.05,65,-13.0,strategy_S9-148__TYPE_F:NIFTY:2026-04-13T10:22:45:LONG
2026-04-13,10:24:15,2026-04-13,10:24:30,NIFTY,BUY,TYPE_F,BOOK_ENTRY_1,BOOK_EXIT_1,23717.75,23717.95,NIFTY13APR2623700CE,23700.0,CE,82.05,81.65,85.0,80.0,85.0,80.0,0.00183,0.003057,ws,ws,book_ladder,book_ladder,False,False,-2.95,1.65,65,-26.0,strategy_S9-148__TYPE_F:NIFTY:2026-04-13T10:24:15:LONG
2026-04-13,10:25:25,2026-04-13,10:25:39,NIFTY,SELL,TYPE_F,BOOK_ENTRY_1,BOOK_EXIT_1,23705.9,23706.0,NIFTY13APR2623750PE,23750.0,PE,98.45,98.0,100.0,95.0,100.0,95.0,0.003052,0.002039,ws,ws,book_ladder,book_ladder,False,False,-1.55,3.0,65,-29.25,strategy_S9-148__TYPE_F:NIFTY:2026-04-13T10:25:25:SHORT
2026-04-13,10:26:03,2026-04-13,10:26:21,NIFTY,SELL,TYPE_F,BOOK_ENTRY_1,BOOK_EXIT_1,23705.95,23708.85,NIFTY13APR2623750PE,23750.0,PE,98.35,97.1,100.0,95.0,100.0,95.0,0.001526,0.001544,ws,ws,book_ladder,book_ladder,False,False,-1.65,2.1,65,-81.25,strategy_S9-148__TYPE_F:NIFTY:2026-04-13T10:26:03:SHORT
2026-04-13,10:26:50,2026-04-13,10:27:46,NIFTY,BUY,TYPE_F,BOOK_ENTRY_1,BOOK_EXIT_1,23710.95,23724.7,NIFTY13APR2623700CE,23700.0,CE,78.4,84.85,80.0,80.0,80.0,80.0,0.002554,0.002354,ws,ws,book_ladder,book_ladder,False,False,-1.6,4.85,65,419.25,strategy_S9-148__TYPE_F:NIFTY:2026-04-13T10:26:50:LONG
2026-04-13,10:28:25,2026-04-13,10:28:41,NIFTY,SELL,TYPE_F,BOOK_ENTRY_1,BOOK_EXIT_1,23724.65,23723.45,NIFTY13APR2623750PE,23750.0,PE,91.65,90.75,95.0,90.0,95.0,90.0,0.002185,0.001652,ws,ws,book_ladder,book_ladder,False,False,-3.35,0.75,65,-58.5,strategy_S9-148__TYPE_F:NIFTY:2026-04-13T10:28:25:SHORT
2026-04-13,10:29:03,2026-04-13,10:29:22,NIFTY,SELL,TYPE_F,BOOK_ENTRY_1,BOOK_EXIT_1,23718.65,23719.25,NIFTY13APR2623750PE,23750.0,PE,92.75,93.95,95.0,90.0,95.0,90.0,0.002699,0.001595,ws,ws,book_ladder,book_ladder,False,False,-2.25,3.95,65,78.0,strategy_S9-148__TYPE_F:NIFTY:2026-04-13T10:29:03:SHORT
2026-04-13,10:30:25,2026-04-13,10:30:48,NIFTY,BUY,TYPE_F,BOOK_ENTRY_1,BOOK_EXIT_1,23726.75,23724.55,NIFTY13APR2623700CE,23700.0,CE,81.1,81.85,85.0,80.0,85.0,80.0,0.001234,0.001831,ws,ws,book_ladder,book_ladder,False,False,-3.9,1.85,65,48.75,strategy_S9-148__TYPE_F:NIFTY:2026-04-13T10:30:25:LONG
2026-04-13,10:31:32,2026-04-13,10:32:04,NIFTY,SELL,TYPE_F,BOOK_ENTRY_1,BOOK_EXIT_1,23719.9,23718.1,NIFTY13APR2623750PE,23750.0,PE,91.8,91.6,95.0,90.0,95.0,90.0,0.002727,0.001636,ws,ws,book_ladder,book_ladder,False,False,-3.2,1.6,65,-13.0,strategy_S9-148__TYPE_F:NIFTY:2026-04-13T10:31:32:SHORT
2026-04-13,10:32:45,2026-04-13,10:32:51,NIFTY,BUY,TYPE_F,BOOK_ENTRY_1,BOOK_EXIT_1,23723.85,23720.9,NIFTY13APR2623700CE,23700.0,CE,81.2,80.8,85.0,80.0,85.0,80.0,0.001849,0.003089,ws,ws,book_ladder,book_ladder,False,False,-3.8,0.8,65,-26.0,strategy_S9-148__TYPE_F:NIFTY:2026-04-13T10:32:45:LONG
2026-04-13,10:33:30,2026-04-13,10:33:52,NIFTY,SELL,TYPE_F,BOOK_ENTRY_1,BOOK_EXIT_1,23716.15,23707.85,NIFTY13APR2623750PE,23750.0,PE,93.25,95.4,95.0,95.0,95.0,95.0,0.002147,0.002094,ws,ws,book_ladder,book_ladder,False,False,-1.75,0.4,65,139.75,strategy_S9-148__TYPE_F:NIFTY:2026-04-13T10:33:30:SHORT
2026-04-13,10:35:05,2026-04-13,10:35:29,NIFTY,BUY,TYPE_F,BOOK_ENTRY_1,BOOK_EXIT_1,23717.2,23717.75,NIFTY13APR2623700CE,23700.0,CE,79.1,78.0,80.0,75.0,80.0,75.0,0.002532,0.001921,ws,ws,book_ladder,book_ladder,False,False,-0.9,3.0,65,-71.5,strategy_S9-148__TYPE_F:NIFTY:2026-04-13T10:35:05:LONG
2026-04-13,10:35:52,2026-04-13,10:36:45,NIFTY,SELL,TYPE_F,BOOK_ENTRY_1,BOOK_EXIT_1,23713.15,23706.45,NIFTY13APR2623750PE,23750.0,PE,94.75,94.95,95.0,90.0,95.0,90.0,0.002642,0.002104,ws,ws,book_ladder,book_ladder,False,False,-0.25,4.95,65,13.0,strategy_S9-148__TYPE_F:NIFTY:2026-04-13T10:35:52:SHORT
2026-04-13,10:37:05,2026-04-13,10:37:30,NIFTY,SELL,TYPE_F,BOOK_ENTRY_1,BOOK_EXIT_1,23702.95,23703.35,NIFTY13APR2623750PE,23750.0,PE,96.1,98.2,100.0,95.0,100.0,95.0,0.002605,0.002035,ws,ws,book_ladder,book_ladder,False,False,-3.9,3.2,65,136.5,strategy_S9-148__TYPE_F:NIFTY:2026-04-13T10:37:05:SHORT
2026-04-13,10:37:47,2026-04-13,10:38:09,NIFTY,BUY,TYPE_F,BOOK_ENTRY_1,BOOK_EXIT_1,23716.15,23713.25,NIFTY13APR2623700CE,23700.0,CE,72.55,75.25,75.0,75.0,75.0,75.0,0.00207,0.002654,ws,ws,book_ladder,book_ladder,False,False,-2.45,0.25,65,175.5,strategy_S9-148__TYPE_F:NIFTY:2026-04-13T10:37:47:LONG
2026-04-13,10:38:17,2026-04-13,10:38:29,NIFTY,SELL,TYPE_F,BOOK_ENTRY_1,BOOK_EXIT_1,23708.4,23710.7,NIFTY13APR2623750PE,23750.0,PE,94.6,93.3,95.0,90.0,95.0,90.0,0.002646,0.001071,ws,ws,book_ladder,book_ladder,False,False,-0.4,3.3,65,-84.5,strategy_S9-148__TYPE_F:NIFTY:2026-04-13T10:38:17:SHORT
2026-04-13,10:38:54,2026-04-13,10:39:04,NIFTY,SELL,TYPE_F,BOOK_ENTRY_1,BOOK_EXIT_1,23705.2,23708.2,NIFTY13APR2623750PE,23750.0,PE,96.35,94.05,100.0,90.0,100.0,90.0,0.001558,0.001594,ws,ws,book_ladder,book_ladder,False,False,-3.65,4.05,65,-149.5,strategy_S9-148__TYPE_F:NIFTY:2026-04-13T10:38:54:SHORT
2026-04-13,10:39:18,2026-04-13,10:39:57,NIFTY,BUY,TYPE_F,BOOK_ENTRY_1,BOOK_EXIT_1,23715.75,23729.1,NIFTY13APR2623700CE,23700.0,CE,78.6,82.65,80.0,80.0,80.0,80.0,0.002548,0.002417,ws,ws,book_ladder,book_ladder,False,False,-1.4,2.65,65,263.25,strategy_S9-148__TYPE_F:NIFTY:2026-04-13T10:39:18:LONG
2026-04-13,10:41:41,2026-04-13,10:42:00,NIFTY,SELL,TYPE_F,BOOK_ENTRY_1,BOOK_EXIT_1,23713.65,23707.0,NIFTY13APR2623750PE,23750.0,PE,98.0,93.05,100.0,90.0,100.0,90.0,0.00051,0.001611,ws,ws,book_ladder,book_ladder,False,False,-2.0,3.05,65,-321.75,strategy_S9-148__TYPE_F:NIFTY:2026-04-13T10:41:41:SHORT
2026-04-13,10:42:51,2026-04-13,10:43:10,NIFTY,SELL,TYPE_F,BOOK_ENTRY_1,BOOK_EXIT_1,23702.75,23703.1,NIFTY13APR2623750PE,23750.0,PE,99.0,97.7,100.0,95.0,100.0,95.0,0.002022,0.002556,ws,ws,book_ladder,book_ladder,False,False,-1.0,2.7,65,-84.5,strategy_S9-148__TYPE_F:NIFTY:2026-04-13T10:42:51:SHORT
2026-04-13,10:43:31,2026-04-13,10:44:13,NIFTY,BUY,TYPE_F,BOOK_ENTRY_1,BOOK_EXIT_1,23710.1,23715.9,NIFTY13APR2623700CE,23700.0,CE,71.55,76.35,75.0,75.0,75.0,75.0,0.002799,0.002616,ws,ws,book_ladder,book_ladder,False,False,-3.45,1.35,65,312.0,strategy_S9-148__TYPE_F:NIFTY:2026-04-13T10:43:31:LONG
2026-04-13,10:44:50,2026-04-13,10:44:54,NIFTY,BUY,TYPE_F,BOOK_ENTRY_1,BOOK_EXIT_1,23727.6,23725.55,NIFTY13APR2623700CE,23700.0,CE,78.75,76.85,80.0,75.0,80.0,75.0,0.002543,0.002599,ws,ws,book_ladder,book_ladder,False,False,-1.25,1.85,65,-123.5,strategy_S9-148__TYPE_F:NIFTY:2026-04-13T10:44:50:LONG
2026-04-13,10:45:14,2026-04-13,10:45:28,NIFTY,BUY,TYPE_F,BOOK_ENTRY_1,BOOK_EXIT_1,23732.5,23736.1,NIFTY13APR2623700CE,23700.0,CE,84.5,82.0,85.0,80.0,85.0,80.0,0.00237,0.001828,ws,ws,book_ladder,book_ladder,False,False,-0.5,2.0,65,-162.5,strategy_S9-148__TYPE_F:NIFTY:2026-04-13T10:45:14:LONG
2026-04-13,10:46:19,2026-04-13,10:47:00,NIFTY,BUY,TYPE_F,BOOK_ENTRY_1,BOOK_EXIT_1,23738.05,23742.4,NIFTY13APR2623700CE,23700.0,CE,84.0,85.1,85.0,85.0,85.0,85.0,0.001191,0.002347,ws,ws,book_ladder,book_ladder,False,False,-1.0,0.1,65,71.5,strategy_S9-148__TYPE_F:NIFTY:2026-04-13T10:46:19:LONG
2026-04-13,10:47:25,2026-04-13,10:47:46,NIFTY,SELL,TYPE_F,BOOK_ENTRY_1,BOOK_EXIT_1,23736.15,23732.2,NIFTY13APR2623750PE,23750.0,PE,81.25,81.9,85.0,80.0,85.0,80.0,0.002465,0.003048,ws,ws,book_ladder,book_ladder,False,False,-3.75,1.9,65,42.25,strategy_S9-148__TYPE_F:NIFTY:2026-04-13T10:47:25:SHORT
2026-04-13,10:48:03,2026-04-13,10:48:24,NIFTY,BUY,TYPE_F,BOOK_ENTRY_1,BOOK_EXIT_1,23739.55,23741.15,NIFTY13APR2623700CE,23700.0,CE,83.7,84.3,85.0,80.0,85.0,80.0,0.002991,0.002961,ws,ws,book_ladder,book_ladder,False,False,-1.3,4.3,65,39.0,strategy_S9-148__TYPE_F:NIFTY:2026-04-13T10:48:03:LONG
2026-04-13,10:48:38,2026-04-13,10:48:49,NIFTY,BUY,TYPE_F,BOOK_ENTRY_1,BOOK_EXIT_1,23745.4,23740.0,NIFTY13APR2623700CE,23700.0,CE,86.7,82.35,90.0,80.0,90.0,80.0,0.002888,0.002426,ws,ws,book_ladder,book_ladder,False,False,-3.3,2.35,65,-282.75,strategy_S9-148__TYPE_F:NIFTY:2026-04-13T10:48:38:LONG
2026-04-13,10:49:14,2026-04-13,10:49:25,NIFTY,SELL,TYPE_F,BOOK_ENTRY_1,BOOK_EXIT_1,23729.85,23730.05,NIFTY13APR2623750PE,23750.0,PE,85.5,82.15,90.0,80.0,90.0,80.0,0.002342,0.002432,ws,ws,book_ladder,book_ladder,False,False,-4.5,2.15,65,-217.75,strategy_S9-148__TYPE_F:NIFTY:2026-04-13T10:49:14:SHORT
2026-04-13,10:50:09,2026-04-13,10:50:24,NIFTY,BUY,TYPE_F,BOOK_ENTRY_1,BOOK_EXIT_1,23734.0,23734.3,NIFTY13APR2623700CE,23700.0,CE,81.25,79.55,85.0,75.0,85.0,75.0,0.002465,0.001884,ws,ws,book_ladder,book_ladder,False,False,-3.75,4.55,65,-110.5,strategy_S9-148__TYPE_F:NIFTY:2026-04-13T10:50:09:LONG
2026-04-13,10:50:41,2026-04-13,10:50:52,NIFTY,BUY,TYPE_F,BOOK_ENTRY_1,BOOK_EXIT_1,23739.85,23738.45,NIFTY13APR2623700CE,23700.0,CE,84.55,84.3,85.0,80.0,85.0,80.0,0.002368,0.001778,ws,ws,book_ladder,book_ladder,False,False,-0.45,4.3,65,-16.25,strategy_S9-148__TYPE_F:NIFTY:2026-04-13T10:50:41:LONG
2026-04-13,10:51:46,2026-04-13,10:52:12,NIFTY,SELL,TYPE_F,BOOK_ENTRY_1,BOOK_EXIT_1,23734.3,23734.45,NIFTY13APR2623750PE,23750.0,PE,82.55,81.6,85.0,80.0,85.0,80.0,0.002426,0.001837,ws,ws,book_ladder,book_ladder,False,False,-2.45,1.6,65,-61.75,strategy_S9-148__TYPE_F:NIFTY:2026-04-13T10:51:46:SHORT
2026-04-13,10:52:23,2026-04-13,10:52:40,NIFTY,BUY,TYPE_F,BOOK_ENTRY_1,BOOK_EXIT_1,23744.2,23742.65,NIFTY13APR2623700CE,23700.0,CE,84.85,84.2,85.0,80.0,85.0,80.0,0.00236,0.00178,ws,ws,book_ladder,book_ladder,False,False,-0.15,4.2,65,-42.25,strategy_S9-148__TYPE_F:NIFTY:2026-04-13T10:52:23:LONG
2026-04-13,10:53:00,2026-04-13,10:53:11,NIFTY,BUY,TYPE_F,BOOK_ENTRY_1,BOOK_EXIT_1,23748.2,23748.8,NIFTY13APR2623700CE,23700.0,CE,87.5,88.4,90.0,85.0,90.0,85.0,0.002861,0.002824,ws,ws,book_ladder,book_ladder,False,False,-2.5,3.4,65,58.5,strategy_S9-148__TYPE_F:NIFTY:2026-04-13T10:53:00:LONG
2026-04-13,10:53:16,2026-04-13,10:53:28,NIFTY,BUY,TYPE_F,BOOK_ENTRY_1,BOOK_EXIT_1,23752.75,23748.6,NIFTY13APR2623750CE,23750.0,CE,63.0,62.3,65.0,60.0,65.0,60.0,0.001589,0.000802,ws,ws,book_ladder,book_ladder,False,False,-2.0,2.3,65,-45.5,strategy_S9-148__TYPE_F:NIFTY:2026-04-13T10:53:16:LONG
2026-04-13,10:54:32,2026-04-13,10:54:45,NIFTY,SELL,TYPE_F,BOOK_ENTRY_1,BOOK_EXIT_1,23745.2,23745.25,NIFTY13APR2623750PE,23750.0,PE,75.55,75.2,80.0,75.0,80.0,75.0,0.003315,0.002656,ws,ws,book_ladder,book_ladder,False,False,-4.45,0.2,65,-22.75,strategy_S9-148__TYPE_F:NIFTY:2026-04-13T10:54:32:SHORT
2026-04-13,10:55:30,2026-04-13,10:55:44,NIFTY,BUY,TYPE_F,BOOK_ENTRY_1,BOOK_EXIT_1,23750.35,23744.0,NIFTY13APR2623750CE,23750.0,CE,60.85,59.6,65.0,55.0,65.0,55.0,0.000822,0.001676,ws,ws,book_ladder,book_ladder,False,False,-4.15,4.6,65,-81.25,strategy_S9-148__TYPE_F:NIFTY:2026-04-13T10:55:30:LONG
2026-04-13,10:56:03,2026-04-13,10:56:22,NIFTY,BUY,TYPE_F,BOOK_ENTRY_1,BOOK_EXIT_1,23751.95,23749.4,NIFTY13APR2623750CE,23750.0,CE,60.8,60.8,65.0,60.0,65.0,60.0,0.003295,0.002464,ws,ws,book_ladder,book_ladder,False,False,-4.2,0.8,65,0.0,strategy_S9-148__TYPE_F:NIFTY:2026-04-13T10:56:03:LONG
2026-04-13,10:56:55,2026-04-13,10:57:10,NIFTY,BUY,TYPE_F,BOOK_ENTRY_1,BOOK_EXIT_1,23755.05,23755.7,NIFTY13APR2623750CE,23750.0,CE,63.7,67.45,65.0,65.0,65.0,65.0,0.002358,0.002961,ws,ws,book_ladder,book_ladder,False,False,-1.3,2.45,65,243.75,strategy_S9-148__TYPE_F:NIFTY:2026-04-13T10:56:55:LONG
2026-04-13,10:58:18,2026-04-13,10:59:40,NIFTY,SELL,TYPE_F,BOOK_ENTRY_1,BOOK_EXIT_1,23750.05,23737.6,NIFTY13APR2623800PE,23800.0,PE,100.2,108.05,105.0,105.0,105.0,105.0,0.001998,0.002311,ws,ws,book_ladder,book_ladder,False,False,-4.8,3.05,65,510.25,strategy_S9-148__TYPE_F:NIFTY:2026-04-13T10:58:18:SHORT
2026-04-13,10:59:45,2026-04-13,10:59:57,NIFTY,SELL,TYPE_F,BOOK_ENTRY_1,BOOK_EXIT_1,23733.55,23738.8,NIFTY13APR2623750PE,23750.0,PE,77.35,74.45,80.0,70.0,80.0,70.0,0.002589,0.002683,ws,ws,book_ladder,book_ladder,False,False,-2.65,4.45,65,-188.5,strategy_S9-148__TYPE_F:NIFTY:2026-04-13T10:59:45:SHORT
2026-04-13,11:00:02,2026-04-13,11:00:07,NIFTY,BUY,TYPE_F,BOOK_ENTRY_1,BOOK_EXIT_1,23741.45,23736.8,NIFTY13APR2623700CE,23700.0,CE,83.15,81.45,85.0,80.0,85.0,80.0,0.002408,0.002452,ws,ws,book_ladder,book_ladder,False,False,-1.85,1.45,65,-110.5,strategy_S9-148__TYPE_F:NIFTY:2026-04-13T11:00:02:LONG
2026-04-13,11:01:40,2026-04-13,11:02:04,NIFTY,SELL,TYPE_F,BOOK_ENTRY_1,BOOK_EXIT_1,23733.3,23734.7,NIFTY13APR2623750PE,23750.0,PE,78.5,78.1,80.0,75.0,80.0,75.0,0.001913,0.002558,ws,ws,book_ladder,book_ladder,False,False,-1.5,3.1,65,-26.0,strategy_S9-148__TYPE_F:NIFTY:2026-04-13T11:01:40:SHORT
2026-04-13,11:02:30,2026-04-13,11:02:37,NIFTY,BUY,TYPE_F,BOOK_ENTRY_1,BOOK_EXIT_1,23737.6,23735.5,NIFTY13APR2623700CE,23700.0,CE,80.9,79.35,85.0,75.0,85.0,75.0,0.001856,0.003146,ws,ws,book_ladder,book_ladder,False,False,-4.1,4.35,65,-100.75,strategy_S9-148__TYPE_F:NIFTY:2026-04-13T11:02:30:LONG
2026-04-13,11:03:04,2026-04-13,11:03:10,NIFTY,BUY,TYPE_F,BOOK_ENTRY_1,BOOK_EXIT_1,23737.65,23735.6,NIFTY13APR2623700CE,23700.0,CE,82.1,80.4,85.0,80.0,85.0,80.0,0.00305,0.002484,ws,ws,book_ladder,book_ladder,False,False,-2.9,0.4,65,-110.5,strategy_S9-148__TYPE_F:NIFTY:2026-04-13T11:03:04:LONG
2026-04-13,11:03:50,2026-04-13,11:04:00,NIFTY,SELL,TYPE_F,BOOK_ENTRY_1,BOOK_EXIT_1,23734.55,23734.6,NIFTY13APR2623750PE,23750.0,PE,79.95,78.35,80.0,75.0,80.0,75.0,0.002505,0.001913,ws,ws,book_ladder,book_ladder,False,False,-0.05,3.35,65,-104.0,strategy_S9-148__TYPE_F:NIFTY:2026-04-13T11:03:50:SHORT
2026-04-13,11:05:17,2026-04-13,11:05:26,NIFTY,BUY,TYPE_F,BOOK_ENTRY_1,BOOK_EXIT_1,23746.05,23744.55,NIFTY13APR2623700CE,23700.0,CE,85.35,84.9,90.0,80.0,90.0,80.0,0.001759,0.001177,ws,ws,book_ladder,book_ladder,False,False,-4.65,4.9,65,-29.25,strategy_S9-148__TYPE_F:NIFTY:2026-04-13T11:05:17:LONG
2026-04-13,11:05:46,2026-04-13,11:06:11,NIFTY,BUY,TYPE_F,BOOK_ENTRY_1,BOOK_EXIT_1,23748.55,23748.4,NIFTY13APR2623700CE,23700.0,CE,88.15,85.8,90.0,85.0,90.0,85.0,0.00284,0.001747,ws,ws,book_ladder,book_ladder,False,False,-1.85,0.8,65,-152.75,strategy_S9-148__TYPE_F:NIFTY:2026-04-13T11:05:46:LONG
2026-04-13,11:08:30,2026-04-13,11:08:53,NIFTY,BUY,TYPE_F,BOOK_ENTRY_1,BOOK_EXIT_1,23745.75,23748.25,NIFTY13APR2623700CE,23700.0,CE,85.85,86.75,90.0,85.0,90.0,85.0,0.002332,0.000576,ws,ws,book_ladder,book_ladder,False,False,-4.15,1.75,65,58.5,strategy_S9-148__TYPE_F:NIFTY:2026-04-13T11:08:30:LONG
2026-04-13,11:09:21,2026-04-13,11:09:49,NIFTY,BUY,TYPE_F,BOOK_ENTRY_1,BOOK_EXIT_1,23750.4,23750.7,NIFTY13APR2623750CE,23750.0,CE,59.85,60.1,60.0,60.0,60.0,60.0,0.002509,0.001663,ws,ws,book_ladder,book_ladder,False,False,-0.15,0.1,65,16.25,strategy_S9-148__TYPE_F:NIFTY:2026-04-13T11:09:21:LONG
2026-04-13,11:10:21,2026-04-13,11:11:27,NIFTY,SELL,TYPE_F,BOOK_ENTRY_1,BOOK_EXIT_1,23747.5,23734.1,NIFTY13APR2623750PE,23750.0,PE,70.5,76.95,75.0,75.0,75.0,75.0,0.00213,0.003244,ws,ws,book_ladder,book_ladder,False,False,-4.5,1.95,65,419.25,strategy_S9-148__TYPE_F:NIFTY:2026-04-13T11:10:21:SHORT
2026-04-13,11:12:05,2026-04-13,11:12:15,NIFTY,BUY,TYPE_F,BOOK_ENTRY_1,BOOK_EXIT_1,23740.35,23739.45,NIFTY13APR2623700CE,23700.0,CE,81.55,82.15,85.0,80.0,85.0,80.0,0.002455,0.003039,ws,ws,book_ladder,book_ladder,False,False,-3.45,2.15,65,39.0,strategy_S9-148__TYPE_F:NIFTY:2026-04-13T11:12:05:LONG
2026-04-13,11:12:45,2026-04-13,11:13:07,NIFTY,BUY,TYPE_F,BOOK_ENTRY_1,BOOK_EXIT_1,23745.95,23745.65,NIFTY13APR2623700CE,23700.0,CE,84.8,84.55,85.0,80.0,85.0,80.0,0.002952,0.002363,ws,ws,book_ladder,book_ladder,False,False,-0.2,4.55,65,-16.25,strategy_S9-148__TYPE_F:NIFTY:2026-04-13T11:12:45:LONG
2026-04-13,11:14:45,2026-04-13,11:14:55,NIFTY,SELL,TYPE_F,BOOK_ENTRY_1,BOOK_EXIT_1,23740.4,23742.9,NIFTY13APR2623750PE,23750.0,PE,74.65,72.8,75.0,70.0,75.0,70.0,0.002683,0.002058,ws,ws,book_ladder,book_ladder,False,False,-0.35,2.8,65,-120.25,strategy_S9-148__TYPE_F:NIFTY:2026-04-13T11:14:45:SHORT
2026-04-13,11:15:03,2026-04-13,11:15:31,NIFTY,BUY,TYPE_F,BOOK_ENTRY_1,BOOK_EXIT_1,23745.1,23745.8,NIFTY13APR2623700CE,23700.0,CE,84.9,85.95,85.0,85.0,85.0,85.0,0.002358,0.000582,ws,ws,book_ladder,book_ladder,False,False,-0.1,0.95,65,68.25,strategy_S9-148__TYPE_F:NIFTY:2026-04-13T11:15:03:LONG
2026-04-13,11:16:31,2026-04-13,11:16:44,NIFTY,BUY,TYPE_F,BOOK_ENTRY_1,BOOK_EXIT_1,23750.7,23748.35,NIFTY13APR2623750CE,23750.0,CE,58.55,58.65,60.0,55.0,60.0,55.0,0.002565,0.002554,ws,ws,book_ladder,book_ladder,False,False,-1.45,3.65,65,6.5,strategy_S9-148__TYPE_F:NIFTY:2026-04-13T11:16:31:LONG
2026-04-13,11:18:02,2026-04-13,11:18:14,NIFTY,BUY,TYPE_F,BOOK_ENTRY_1,BOOK_EXIT_1,23750.5,23748.2,NIFTY13APR2623750CE,23750.0,CE,59.45,58.55,60.0,55.0,60.0,55.0,0.002526,0.001706,ws,ws,book_ladder,book_ladder,False,False,-0.55,3.55,65,-58.5,strategy_S9-148__TYPE_F:NIFTY:2026-04-13T11:18:02:LONG
2026-04-13,11:19:51,2026-04-13,11:20:00,NIFTY,SELL,TYPE_F,BOOK_ENTRY_1,BOOK_EXIT_1,23746.85,23746.9,NIFTY13APR2623750PE,23750.0,PE,69.75,68.3,70.0,65.0,70.0,65.0,0.002872,0.002924,ws,ws,book_ladder,book_ladder,False,False,-0.25,3.3,65,-94.25,strategy_S9-148__TYPE_F:NIFTY:2026-04-13T11:19:51:SHORT
2026-04-13,11:20:40,2026-04-13,11:21:33,NIFTY,SELL,TYPE_F,BOOK_ENTRY_1,BOOK_EXIT_1,23744.1,23735.05,NIFTY13APR2623750PE,23750.0,PE,70.95,75.6,75.0,75.0,75.0,75.0,0.002823,0.001322,ws,ws,book_ladder,book_ladder,False,False,-4.05,0.6,65,302.25,strategy_S9-148__TYPE_F:NIFTY:2026-04-13T11:20:40:SHORT
2026-04-13,11:21:45,2026-04-13,11:21:59,NIFTY,BUY,TYPE_F,BOOK_ENTRY_1,BOOK_EXIT_1,23737.5,23736.0,NIFTY13APR2623700CE,23700.0,CE,81.0,78.7,85.0,75.0,85.0,75.0,0.003091,0.000635,ws,ws,book_ladder,book_ladder,False,False,-4.0,3.7,65,-149.5,strategy_S9-148__TYPE_F:NIFTY:2026-04-13T11:21:45:LONG
2026-04-13,11:22:12,2026-04-13,11:23:34,NIFTY,BUY,TYPE_F,BOOK_ENTRY_1,BOOK_EXIT_1,23742.25,23755.6,NIFTY13APR2623700CE,23700.0,CE,83.8,88.3,85.0,85.0,85.0,85.0,0.001194,0.002827,ws,ws,book_ladder,book_ladder,False,False,-1.2,3.3,65,292.5,strategy_S9-148__TYPE_F:NIFTY:2026-04-13T11:22:12:LONG
2026-04-13,11:23:49,2026-04-13,11:24:03,NIFTY,SELL,TYPE_F,BOOK_ENTRY_1,BOOK_EXIT_1,23751.8,23751.0,NIFTY13APR2623800PE,23800.0,PE,96.35,95.3,100.0,95.0,100.0,95.0,0.002598,0.002096,ws,ws,book_ladder,book_ladder,False,False,-3.65,0.3,65,-68.25,strategy_S9-148__TYPE_F:NIFTY:2026-04-13T11:23:49:SHORT
2026-04-13,11:24:30,2026-04-13,11:24:41,NIFTY,SELL,TYPE_F,BOOK_ENTRY_1,BOOK_EXIT_1,23746.55,23745.85,NIFTY13APR2623750PE,23750.0,PE,68.55,68.2,70.0,65.0,70.0,65.0,0.002191,0.002197,ws,ws,book_ladder,book_ladder,False,False,-1.45,3.2,65,-22.75,strategy_S9-148__TYPE_F:NIFTY:2026-04-13T11:24:30:SHORT
2026-04-13,11:25:45,2026-04-13,11:26:07,NIFTY,BUY,TYPE_F,BOOK_ENTRY_1,BOOK_EXIT_1,23754.3,23750.1,NIFTY13APR2623750CE,23750.0,CE,60.0,58.55,60.0,55.0,60.0,55.0,0.002503,0.002559,ws,ws,book_ladder,book_ladder,False,False,0.0,3.55,65,-94.25,strategy_S9-148__TYPE_F:NIFTY:2026-04-13T11:25:45:LONG
2026-04-13,11:27:04,2026-04-13,11:27:33,NIFTY,SELL,TYPE_F,BOOK_ENTRY_1,BOOK_EXIT_1,23747.6,23745.7,NIFTY13APR2623750PE,23750.0,PE,65.2,69.25,70.0,65.0,70.0,65.0,0.003072,0.002884,ws,ws,book_ladder,book_ladder,False,False,-4.8,4.25,65,263.25,strategy_S9-148__TYPE_F:NIFTY:2026-04-13T11:27:04:SHORT
2026-04-13,11:28:47,2026-04-13,11:29:08,NIFTY,BUY,TYPE_F,BOOK_ENTRY_1,BOOK_EXIT_1,23747.8,23748.0,NIFTY13APR2623700CE,23700.0,CE,83.0,81.55,85.0,80.0,85.0,80.0,0.002413,0.002449,ws,ws,book_ladder,book_ladder,False,False,-2.0,1.55,65,-94.25,strategy_S9-148__TYPE_F:NIFTY:2026-04-13T11:28:47:LONG
2026-04-13,11:29:22,2026-04-13,11:29:34,NIFTY,SELL,TYPE_F,BOOK_ENTRY_1,BOOK_EXIT_1,23741.8,23745.85,NIFTY13APR2623750PE,23750.0,PE,74.0,73.1,75.0,70.0,75.0,70.0,0.002029,0.002732,ws,ws,book_ladder,book_ladder,False,False,-1.0,3.1,65,-58.5,strategy_S9-148__TYPE_F:NIFTY:2026-04-13T11:29:22:SHORT
2026-04-13,11:29:58,2026-04-13,11:30:15,NIFTY,SELL,TYPE_F,BOOK_ENTRY_1,BOOK_EXIT_1,23740.4,23742.5,NIFTY13APR2623750PE,23750.0,PE,74.65,73.65,75.0,70.0,75.0,70.0,0.002683,0.002712,ws,ws,book_ladder,book_ladder,False,False,-0.35,3.65,65,-65.0,strategy_S9-148__TYPE_F:NIFTY:2026-04-13T11:29:58:SHORT
2026-04-13,11:30:32,2026-04-13,11:30:53,NIFTY,BUY,TYPE_F,BOOK_ENTRY_1,BOOK_EXIT_1,23744.25,23745.35,NIFTY13APR2623700CE,23700.0,CE,82.6,83.5,85.0,80.0,85.0,80.0,0.003031,0.001197,ws,ws,book_ladder,book_ladder,False,False,-2.4,3.5,65,58.5,strategy_S9-148__TYPE_F:NIFTY:2026-04-13T11:30:32:LONG
2026-04-13,11:31:01,2026-04-13,11:31:17,NIFTY,BUY,TYPE_F,BOOK_ENTRY_1,BOOK_EXIT_1,23748.3,23748.35,NIFTY13APR2623700CE,23700.0,CE,83.7,82.4,85.0,80.0,85.0,80.0,0.002392,0.001819,ws,ws,book_ladder,book_ladder,False,False,-1.3,2.4,65,-84.5,strategy_S9-148__TYPE_F:NIFTY:2026-04-13T11:31:01:LONG
2026-04-13,11:31:53,2026-04-13,11:32:12,NIFTY,SELL,TYPE_F,BOOK_ENTRY_1,BOOK_EXIT_1,23740.7,23735.95,NIFTY13APR2623750PE,23750.0,PE,71.65,74.65,75.0,70.0,75.0,70.0,0.002096,0.002676,ws,ws,book_ladder,book_ladder,False,False,-3.35,4.65,65,195.0,strategy_S9-148__TYPE_F:NIFTY:2026-04-13T11:31:53:SHORT
2026-04-13,11:34:06,2026-04-13,11:34:20,NIFTY,BUY,TYPE_F,BOOK_ENTRY_1,BOOK_EXIT_1,23736.1,23736.55,NIFTY13APR2623700CE,23700.0,CE,75.6,76.5,80.0,75.0,80.0,75.0,0.002649,0.000653,ws,ws,book_ladder,book_ladder,False,False,-4.4,1.5,65,58.5,strategy_S9-148__TYPE_F:NIFTY:2026-04-13T11:34:06:LONG
2026-04-13,11:35:05,2026-04-13,11:36:07,NIFTY,BUY,TYPE_F,BOOK_ENTRY_1,BOOK_EXIT_1,23740.85,23751.8,NIFTY13APR2623700CE,23700.0,CE,79.75,84.9,80.0,80.0,80.0,80.0,0.001883,0.002353,ws,ws,book_ladder,book_ladder,False,False,-0.25,4.9,65,334.75,strategy_S9-148__TYPE_F:NIFTY:2026-04-13T11:35:05:LONG
2026-04-13,11:36:45,2026-04-13,11:37:10,NIFTY,BUY,TYPE_F,BOOK_ENTRY_1,BOOK_EXIT_1,23752.4,23752.85,NIFTY13APR2623750CE,23750.0,CE,56.9,58.6,60.0,55.0,60.0,55.0,0.00264,0.002556,ws,ws,book_ladder,book_ladder,False,False,-3.1,3.6,65,110.5,strategy_S9-148__TYPE_F:NIFTY:2026-04-13T11:36:45:LONG
2026-04-13,11:37:18,2026-04-13,11:37:28,NIFTY,BUY,TYPE_F,BOOK_ENTRY_1,BOOK_EXIT_1,23757.9,23756.65,NIFTY13APR2623750CE,23750.0,CE,59.75,60.35,60.0,60.0,60.0,60.0,0.002514,0.001656,ws,ws,book_ladder,book_ladder,False,False,-0.25,0.35,65,39.0,strategy_S9-148__TYPE_F:NIFTY:2026-04-13T11:37:18:LONG
2026-04-13,11:38:16,2026-04-13,11:38:44,NIFTY,BUY,TYPE_F,BOOK_ENTRY_1,BOOK_EXIT_1,23764.55,23766.95,NIFTY13APR2623750CE,23750.0,CE,63.4,63.6,65.0,60.0,65.0,60.0,0.001579,0.00314,ws,ws,book_ladder,book_ladder,False,False,-1.6,3.6,65,13.0,strategy_S9-148__TYPE_F:NIFTY:2026-04-13T11:38:16:LONG
2026-04-13,11:39:10,2026-04-13,11:39:36,NIFTY,BUY,TYPE_F,BOOK_ENTRY_1,BOOK_EXIT_1,23767.75,23769.0,NIFTY13APR2623750CE,23750.0,CE,65.15,64.2,70.0,60.0,70.0,60.0,0.003075,0.001556,ws,ws,book_ladder,book_ladder,False,False,-4.85,4.2,65,-61.75,strategy_S9-148__TYPE_F:NIFTY:2026-04-13T11:39:10:LONG
2026-04-13,11:39:50,2026-04-13,11:39:57,NIFTY,SELL,TYPE_F,BOOK_ENTRY_1,BOOK_EXIT_1,23762.0,23762.65,NIFTY13APR2623800PE,23800.0,PE,89.35,87.7,90.0,85.0,90.0,85.0,0.002802,0.002278,ws,ws,book_ladder,book_ladder,False,False,-0.65,2.7,65,-107.25,strategy_S9-148__TYPE_F:NIFTY:2026-04-13T11:39:50:SHORT
2026-04-13,11:40:00,2026-04-13,11:40:16,NIFTY,SELL,TYPE_F,BOOK_ENTRY_1,BOOK_EXIT_1,23760.95,23762.3,NIFTY13APR2623800PE,23800.0,PE,87.75,86.75,90.0,85.0,90.0,85.0,0.002282,0.002878,ws,ws,book_ladder,book_ladder,False,False,-2.25,1.75,65,-65.0,strategy_S9-148__TYPE_F:NIFTY:2026-04-13T11:40:00:SHORT
2026-04-13,11:41:01,2026-04-13,11:41:15,NIFTY,SELL,TYPE_F,BOOK_ENTRY_1,BOOK_EXIT_1,23760.6,23757.8,NIFTY13APR2623800PE,23800.0,PE,87.35,88.85,90.0,85.0,90.0,85.0,0.002292,0.00281,ws,ws,book_ladder,book_ladder,False,False,-2.65,3.85,65,97.5,strategy_S9-148__TYPE_F:NIFTY:2026-04-13T11:41:01:SHORT
2026-04-13,11:44:11,2026-04-13,11:44:26,NIFTY,BUY,TYPE_F,BOOK_ENTRY_1,BOOK_EXIT_1,23754.85,23755.55,NIFTY13APR2623750CE,23750.0,CE,56.8,57.05,60.0,55.0,60.0,55.0,0.002644,0.001751,ws,ws,book_ladder,book_ladder,False,False,-3.2,2.05,65,16.25,strategy_S9-148__TYPE_F:NIFTY:2026-04-13T11:44:11:LONG
2026-04-13,11:44:46,2026-04-13,11:44:51,NIFTY,BUY,TYPE_F,BOOK_ENTRY_1,BOOK_EXIT_1,23758.95,23756.7,NIFTY13APR2623750CE,23750.0,CE,59.95,58.75,60.0,55.0,60.0,55.0,0.002505,0.003398,ws,ws,book_ladder,book_ladder,False,False,-0.05,3.75,65,-78.0,strategy_S9-148__TYPE_F:NIFTY:2026-04-13T11:44:46:LONG
2026-04-13,11:45:25,2026-04-13,11:46:04,NIFTY,BUY,TYPE_F,BOOK_ENTRY_1,BOOK_EXIT_1,23759.9,23761.0,NIFTY13APR2623750CE,23750.0,CE,59.15,64.05,60.0,60.0,60.0,60.0,0.000846,0.002339,ws,ws,book_ladder,book_ladder,False,False,-0.85,4.05,65,318.5,strategy_S9-148__TYPE_F:NIFTY:2026-04-13T11:45:25:LONG
2026-04-13,11:47:25,2026-04-13,11:47:45,NIFTY,SELL,TYPE_F,BOOK_ENTRY_1,BOOK_EXIT_1,23758.55,23761.1,NIFTY13APR2623800PE,23800.0,PE,83.5,82.1,85.0,80.0,85.0,80.0,0.002999,0.002433,ws,ws,book_ladder,book_ladder,False,False,-1.5,2.1,65,-91.0,strategy_S9-148__TYPE_F:NIFTY:2026-04-13T11:47:25:SHORT
2026-04-13,11:48:05,2026-04-13,11:48:56,NIFTY,BUY,TYPE_F,BOOK_ENTRY_1,BOOK_EXIT_1,23764.65,23771.2,NIFTY13APR2623750CE,23750.0,CE,63.35,65.25,65.0,65.0,65.0,65.0,0.002371,0.002296,ws,ws,book_ladder,book_ladder,False,False,-1.65,0.25,65,123.5,strategy_S9-148__TYPE_F:NIFTY:2026-04-13T11:48:05:LONG
2026-04-13,11:49:16,2026-04-13,11:49:23,NIFTY,BUY,TYPE_F,BOOK_ENTRY_1,BOOK_EXIT_1,23775.5,23773.0,NIFTY13APR2623750CE,23750.0,CE,65.85,65.45,70.0,65.0,70.0,65.0,0.002281,0.002289,ws,ws,book_ladder,book_ladder,False,False,-4.15,0.45,65,-26.0,strategy_S9-148__TYPE_F:NIFTY:2026-04-13T11:49:16:LONG
2026-04-13,11:50:00,2026-04-13,11:51:13,NIFTY,BUY,TYPE_F,BOOK_ENTRY_1,BOOK_EXIT_1,23778.5,23796.25,NIFTY13APR2623750CE,23750.0,CE,72.75,89.15,75.0,85.0,75.0,85.0,0.002064,0.001681,ws,ws,book_ladder,book_ladder,False,False,-2.25,4.15,65,1066.0,strategy_S9-148__TYPE_F:NIFTY:2026-04-13T11:50:00:LONG
2026-04-13,11:52:19,2026-04-13,11:52:36,NIFTY,SELL,TYPE_F,BOOK_ENTRY_1,BOOK_EXIT_1,23787.25,23785.55,NIFTY13APR2623800PE,23800.0,PE,70.7,69.85,75.0,65.0,75.0,65.0,0.002833,0.002145,ws,ws,book_ladder,book_ladder,False,False,-4.3,4.85,65,-55.25,strategy_S9-148__TYPE_F:NIFTY:2026-04-13T11:52:19:SHORT
2026-04-13,11:52:59,2026-04-13,11:53:10,NIFTY,SELL,TYPE_F,BOOK_ENTRY_1,BOOK_EXIT_1,23781.35,23783.75,NIFTY13APR2623800PE,23800.0,PE,71.8,70.0,75.0,70.0,75.0,70.0,0.002789,0.002853,ws,ws,book_ladder,book_ladder,False,False,-3.2,0.0,65,-117.0,strategy_S9-148__TYPE_F:NIFTY:2026-04-13T11:52:59:SHORT
2026-04-13,11:54:43,2026-04-13,11:55:15,NIFTY,BUY,TYPE_F,BOOK_ENTRY_1,BOOK_EXIT_1,23792.95,23806.85,NIFTY13APR2623750CE,23750.0,CE,87.2,98.15,90.0,95.0,90.0,95.0,0.002296,0.002544,ws,ws,book_ladder,book_ladder,False,False,-2.8,3.15,65,711.75,strategy_S9-148__TYPE_F:NIFTY:2026-04-13T11:54:43:LONG
2026-04-13,11:55:30,2026-04-13,11:55:40,NIFTY,BUY,TYPE_F,BOOK_ENTRY_1,BOOK_EXIT_1,23808.9,23808.65,NIFTY13APR2623800CE,23800.0,CE,66.8,65.6,70.0,65.0,70.0,65.0,0.002248,0.002284,ws,ws,book_ladder,book_ladder,False,False,-3.2,0.6,65,-78.0,strategy_S9-148__TYPE_F:NIFTY:2026-04-13T11:55:30:LONG
2026-04-13,11:56:16,2026-04-13,11:57:03,NIFTY,SELL,TYPE_F,BOOK_ENTRY_1,BOOK_EXIT_1,23802.85,23795.9,NIFTY13APR2623850PE,23850.0,PE,88.85,92.05,90.0,90.0,90.0,90.0,0.002254,0.00217,ws,ws,book_ladder,book_ladder,False,False,-1.15,2.05,65,208.0,strategy_S9-148__TYPE_F:NIFTY:2026-04-13T11:56:16:SHORT
2026-04-13,11:57:47,2026-04-13,11:58:01,NIFTY,SELL,TYPE_F,BOOK_ENTRY_1,BOOK_EXIT_1,23792.9,23793.65,NIFTY13APR2623800PE,23800.0,PE,63.35,63.65,65.0,60.0,65.0,60.0,0.003162,0.002354,ws,ws,book_ladder,book_ladder,False,False,-1.65,3.65,65,19.5,strategy_S9-148__TYPE_F:NIFTY:2026-04-13T11:57:47:SHORT
2026-04-13,11:59:28,2026-04-13,11:59:36,NIFTY,SELL,TYPE_F,BOOK_ENTRY_1,BOOK_EXIT_1,23787.6,23788.65,NIFTY13APR2623800PE,23800.0,PE,68.45,66.5,70.0,65.0,70.0,65.0,0.003659,0.001503,ws,ws,book_ladder,book_ladder,False,False,-1.55,1.5,65,-126.75,strategy_S9-148__TYPE_F:NIFTY:2026-04-13T11:59:28:SHORT
2026-04-13,12:00:35,2026-04-13,12:00:41,NIFTY,BUY,TYPE_F,BOOK_ENTRY_1,BOOK_EXIT_1,23794.65,23792.65,NIFTY13APR2623750CE,23750.0,CE,84.85,83.05,85.0,80.0,85.0,80.0,0.00236,0.001203,ws,ws,book_ladder,book_ladder,False,False,-0.15,3.05,65,-117.0,strategy_S9-148__TYPE_F:NIFTY:2026-04-13T12:00:35:LONG
2026-04-13,12:01:00,2026-04-13,12:01:07,NIFTY,BUY,TYPE_F,BOOK_ENTRY_1,BOOK_EXIT_1,23793.75,23792.95,NIFTY13APR2623750CE,23750.0,CE,85.9,86.35,90.0,85.0,90.0,85.0,0.002915,0.003468,ws,ws,book_ladder,book_ladder,False,False,-4.1,1.35,65,29.25,strategy_S9-148__TYPE_F:NIFTY:2026-04-13T12:01:00:LONG
2026-04-13,12:01:26,2026-04-13,12:02:01,NIFTY,SELL,TYPE_F,BOOK_ENTRY_1,BOOK_EXIT_1,23787.95,23787.7,NIFTY13APR2623800PE,23800.0,PE,66.75,68.1,70.0,65.0,70.0,65.0,0.003001,0.0022,ws,ws,book_ladder,book_ladder,False,False,-3.25,3.1,65,87.75,strategy_S9-148__TYPE_F:NIFTY:2026-04-13T12:01:26:SHORT
2026-04-13,12:04:47,2026-04-13,12:07:19,NIFTY,BUY,TYPE_F,BOOK_ENTRY_1,BOOK_EXIT_1,23788.5,23804.6,NIFTY13APR2623750CE,23750.0,CE,82.8,88.35,85.0,85.0,85.0,85.0,0.001813,0.002261,ws,ws,book_ladder,book_ladder,False,False,-2.2,3.35,65,360.75,strategy_S9-148__TYPE_F:NIFTY:2026-04-13T12:04:47:LONG
2026-04-13,12:07:45,2026-04-13,12:08:15,NIFTY,SELL,TYPE_F,BOOK_ENTRY_1,BOOK_EXIT_1,23801.7,23801.05,NIFTY13APR2623850PE,23850.0,PE,89.35,89.3,90.0,85.0,90.0,85.0,0.00168,0.00056,ws,ws,book_ladder,book_ladder,False,False,-0.65,4.3,65,-3.25,strategy_S9-148__TYPE_F:NIFTY:2026-04-13T12:07:45:SHORT
2026-04-13,12:08:42,2026-04-13,12:09:06,NIFTY,SELL,TYPE_F,BOOK_ENTRY_1,BOOK_EXIT_1,23798.55,23799.5,NIFTY13APR2623800PE,23800.0,PE,60.1,60.2,65.0,60.0,65.0,60.0,0.001665,0.00166,ws,ws,book_ladder,book_ladder,False,False,-4.9,0.2,65,6.5,strategy_S9-148__TYPE_F:NIFTY:2026-04-13T12:08:42:SHORT
2026-04-13,12:10:05,2026-04-13,12:10:20,NIFTY,BUY,TYPE_F,BOOK_ENTRY_1,BOOK_EXIT_1,23801.55,23800.85,NIFTY13APR2623800CE,23800.0,CE,59.45,60.15,60.0,60.0,60.0,60.0,0.002526,0.002491,ws,ws,book_ladder,book_ladder,False,False,-0.55,0.15,65,45.5,strategy_S9-148__TYPE_F:NIFTY:2026-04-13T12:10:05:LONG
2026-04-13,12:10:33,2026-04-13,12:10:41,NIFTY,BUY,TYPE_F,BOOK_ENTRY_1,BOOK_EXIT_1,23805.05,23805.55,NIFTY13APR2623800CE,23800.0,CE,61.75,62.75,65.0,60.0,65.0,60.0,0.002432,0.002388,ws,ws,book_ladder,book_ladder,False,False,-3.25,2.75,65,65.0,strategy_S9-148__TYPE_F:NIFTY:2026-04-13T12:10:33:LONG
2026-04-13,12:10:49,2026-04-13,12:11:14,NIFTY,BUY,TYPE_F,BOOK_ENTRY_1,BOOK_EXIT_1,23808.35,23808.55,NIFTY13APR2623800CE,23800.0,CE,63.5,61.8,65.0,60.0,65.0,60.0,0.002365,0.003231,ws,ws,book_ladder,book_ladder,False,False,-1.5,1.8,65,-110.5,strategy_S9-148__TYPE_F:NIFTY:2026-04-13T12:10:49:LONG
2026-04-13,12:11:47,2026-04-13,12:11:55,NIFTY,SELL,TYPE_F,BOOK_ENTRY_1,BOOK_EXIT_1,23801.0,23801.85,NIFTY13APR2623850PE,23850.0,PE,89.65,89.9,90.0,85.0,90.0,85.0,0.001116,0.002222,ws,ws,book_ladder,book_ladder,False,False,-0.35,4.9,65,16.25,strategy_S9-148__TYPE_F:NIFTY:2026-04-13T12:11:47:SHORT
2026-04-13,12:12:27,2026-04-13,12:12:36,NIFTY,SELL,TYPE_F,BOOK_ENTRY_1,BOOK_EXIT_1,23797.6,23799.05,NIFTY13APR2623800PE,23800.0,PE,61.3,58.75,65.0,55.0,65.0,55.0,0.00245,0.001701,ws,ws,book_ladder,book_ladder,False,False,-3.7,3.75,65,-165.75,strategy_S9-148__TYPE_F:NIFTY:2026-04-13T12:12:27:SHORT
2026-04-13,12:13:17,2026-04-13,12:14:41,NIFTY,BUY,TYPE_F,BOOK_ENTRY_1,BOOK_EXIT_1,23806.15,23813.1,NIFTY13APR2623800CE,23800.0,CE,59.85,65.2,60.0,65.0,60.0,65.0,0.002509,0.002298,ws,ws,book_ladder,book_ladder,False,False,-0.15,0.2,65,347.75,strategy_S9-148__TYPE_F:NIFTY:2026-04-13T12:13:17:LONG
2026-04-13,12:14:45,2026-04-13,12:15:36,NIFTY,BUY,TYPE_F,BOOK_ENTRY_1,BOOK_EXIT_1,23814.6,23816.3,NIFTY13APR2623800CE,23800.0,CE,66.0,66.8,70.0,65.0,70.0,65.0,0.002275,0.001496,ws,ws,book_ladder,book_ladder,False,False,-4.0,1.8,65,52.0,strategy_S9-148__TYPE_F:NIFTY:2026-04-13T12:14:45:LONG
2026-04-13,12:15:45,2026-04-13,12:16:10,NIFTY,SELL,TYPE_F,BOOK_ENTRY_1,BOOK_EXIT_1,23811.4,23811.4,NIFTY13APR2623850PE,23850.0,PE,82.55,82.6,85.0,80.0,85.0,80.0,0.002426,0.002418,ws,ws,book_ladder,book_ladder,False,False,-2.45,2.6,65,3.25,strategy_S9-148__TYPE_F:NIFTY:2026-04-13T12:15:45:SHORT
2026-04-13,12:16:46,2026-04-13,12:16:50,NIFTY,BUY,TYPE_F,BOOK_ENTRY_1,BOOK_EXIT_1,23814.7,23812.7,NIFTY13APR2623800CE,23800.0,CE,65.3,65.25,70.0,65.0,70.0,65.0,0.001533,0.00306,ws,ws,book_ladder,book_ladder,False,False,-4.7,0.25,65,-3.25,strategy_S9-148__TYPE_F:NIFTY:2026-04-13T12:16:46:LONG
2026-04-13,12:17:31,2026-04-13,12:17:47,NIFTY,SELL,TYPE_F,BOOK_ENTRY_1,BOOK_EXIT_1,23811.9,23813.3,NIFTY13APR2623850PE,23850.0,PE,81.45,81.3,85.0,80.0,85.0,80.0,0.002459,0.002457,ws,ws,book_ladder,book_ladder,False,False,-3.55,1.3,65,-9.75,strategy_S9-148__TYPE_F:NIFTY:2026-04-13T12:17:31:SHORT
2026-04-13,12:18:09,2026-04-13,12:18:21,NIFTY,SELL,TYPE_F,BOOK_ENTRY_1,BOOK_EXIT_1,23808.4,23808.75,NIFTY13APR2623850PE,23850.0,PE,82.2,84.25,85.0,80.0,85.0,80.0,0.001826,0.002371,ws,ws,book_ladder,book_ladder,False,False,-2.8,4.25,65,133.25,strategy_S9-148__TYPE_F:NIFTY:2026-04-13T12:18:09:SHORT
2026-04-13,12:18:33,2026-04-13,12:18:45,NIFTY,SELL,TYPE_F,BOOK_ENTRY_1,BOOK_EXIT_1,23804.5,23807.05,NIFTY13APR2623850PE,23850.0,PE,84.5,82.85,85.0,80.0,85.0,80.0,0.001777,0.001809,ws,ws,book_ladder,book_ladder,False,False,-0.5,2.85,65,-107.25,strategy_S9-148__TYPE_F:NIFTY:2026-04-13T12:18:33:SHORT
2026-04-13,12:19:36,2026-04-13,12:20:13,NIFTY,BUY,TYPE_F,BOOK_ENTRY_1,BOOK_EXIT_1,23810.2,23819.8,NIFTY13APR2623800CE,23800.0,CE,62.5,67.15,65.0,65.0,65.0,65.0,0.002403,0.002974,ws,ws,book_ladder,book_ladder,False,False,-2.5,2.15,65,302.25,strategy_S9-148__TYPE_F:NIFTY:2026-04-13T12:19:36:LONG
2026-04-13,12:21:34,2026-04-13,12:22:21,NIFTY,SELL,TYPE_F,BOOK_ENTRY_1,BOOK_EXIT_1,23816.0,23806.05,NIFTY13APR2623850PE,23850.0,PE,79.15,84.9,80.0,80.0,80.0,80.0,0.001897,0.00294,ws,ws,book_ladder,book_ladder,False,False,-0.85,4.9,65,373.75,strategy_S9-148__TYPE_F:NIFTY:2026-04-13T12:21:34:SHORT
2026-04-13,12:22:35,2026-04-13,12:23:12,NIFTY,SELL,TYPE_F,BOOK_ENTRY_1,BOOK_EXIT_1,23801.7,23799.5,NIFTY13APR2623850PE,23850.0,PE,86.25,86.95,90.0,85.0,90.0,85.0,0.001741,0.001724,ws,ws,book_ladder,book_ladder,False,False,-3.75,1.95,65,45.5,strategy_S9-148__TYPE_F:NIFTY:2026-04-13T12:22:35:SHORT
2026-04-13,12:23:53,2026-04-13,12:24:06,NIFTY,BUY,TYPE_F,BOOK_ENTRY_1,BOOK_EXIT_1,23801.1,23799.35,NIFTY13APR2623800CE,23800.0,CE,59.95,59.95,60.0,55.0,60.0,55.0,0.000834,0.003331,ws,ws,book_ladder,book_ladder,False,False,-0.05,4.95,65,0.0,strategy_S9-148__TYPE_F:NIFTY:2026-04-13T12:23:53:LONG
2026-04-13,12:25:04,2026-04-13,12:25:22,NIFTY,BUY,TYPE_F,BOOK_ENTRY_1,BOOK_EXIT_1,23805.7,23809.15,NIFTY13APR2623800CE,23800.0,CE,62.8,63.75,65.0,60.0,65.0,60.0,0.002391,0.00235,ws,ws,book_ladder,book_ladder,False,False,-2.2,3.75,65,61.75,strategy_S9-148__TYPE_F:NIFTY:2026-04-13T12:25:04:LONG
2026-04-13,12:26:16,2026-04-13,12:26:41,NIFTY,BUY,TYPE_F,BOOK_ENTRY_1,BOOK_EXIT_1,23814.75,23815.15,NIFTY13APR2623800CE,23800.0,CE,64.25,66.2,65.0,65.0,65.0,65.0,0.002337,0.003017,ws,ws,book_ladder,book_ladder,False,False,-0.75,1.2,65,126.75,strategy_S9-148__TYPE_F:NIFTY:2026-04-13T12:26:16:LONG
2026-04-13,12:26:47,2026-04-13,12:27:02,NIFTY,BUY,TYPE_F,BOOK_ENTRY_1,BOOK_EXIT_1,23816.2,23824.5,NIFTY13APR2623800CE,23800.0,CE,66.45,71.1,70.0,70.0,70.0,70.0,0.00226,0.002809,ws,ws,book_ladder,book_ladder,False,False,-3.55,1.1,65,302.25,strategy_S9-148__TYPE_F:NIFTY:2026-04-13T12:26:47:LONG
2026-04-13,12:27:35,2026-04-13,12:28:09,NIFTY,BUY,TYPE_F,BOOK_ENTRY_1,BOOK_EXIT_1,23827.15,23830.55,NIFTY13APR2623800CE,23800.0,CE,74.3,76.0,75.0,75.0,75.0,75.0,0.002695,0.002628,ws,ws,book_ladder,book_ladder,False,False,-0.7,1.0,65,110.5,strategy_S9-148__TYPE_F:NIFTY:2026-04-13T12:27:35:LONG
2026-04-13,12:28:43,2026-04-13,12:29:22,NIFTY,BUY,TYPE_F,BOOK_ENTRY_1,BOOK_EXIT_1,23830.7,23833.95,NIFTY13APR2623800CE,23800.0,CE,75.8,74.65,80.0,70.0,80.0,70.0,0.002642,0.002007,ws,ws,book_ladder,book_ladder,False,False,-4.2,4.65,65,-74.75,strategy_S9-148__TYPE_F:NIFTY:2026-04-13T12:28:43:LONG
2026-04-13,12:29:50,2026-04-13,12:30:10,NIFTY,BUY,TYPE_F,BOOK_ENTRY_1,BOOK_EXIT_1,23835.4,23840.0,NIFTY13APR2623800CE,23800.0,CE,77.65,79.3,80.0,75.0,80.0,75.0,0.001289,0.002519,ws,ws,book_ladder,book_ladder,False,False,-2.35,4.3,65,107.25,strategy_S9-148__TYPE_F:NIFTY:2026-04-13T12:29:50:LONG
2026-04-13,12:31:44,2026-04-13,12:31:56,NIFTY,BUY,TYPE_F,BOOK_ENTRY_1,BOOK_EXIT_1,23839.2,23837.7,NIFTY13APR2623800CE,23800.0,CE,79.45,76.7,80.0,75.0,80.0,75.0,0.003152,0.000652,ws,ws,book_ladder,book_ladder,False,False,-0.55,1.7,65,-178.75,strategy_S9-148__TYPE_F:NIFTY:2026-04-13T12:31:44:LONG
2026-04-13,12:32:30,2026-04-13,12:32:35,NIFTY,SELL,TYPE_F,BOOK_ENTRY_1,BOOK_EXIT_1,23833.8,23835.7,NIFTY13APR2623850PE,23850.0,PE,64.8,64.7,65.0,60.0,65.0,60.0,0.002317,0.002316,ws,ws,book_ladder,book_ladder,False,False,-0.2,4.7,65,-6.5,strategy_S9-148__TYPE_F:NIFTY:2026-04-13T12:32:30:SHORT
2026-04-13,12:33:11,2026-04-13,12:33:19,NIFTY,SELL,TYPE_F,BOOK_ENTRY_1,BOOK_EXIT_1,23833.1,23834.75,NIFTY13APR2623850PE,23850.0,PE,64.65,64.3,65.0,60.0,65.0,60.0,0.002323,0.001554,ws,ws,book_ladder,book_ladder,False,False,-0.35,4.3,65,-22.75,strategy_S9-148__TYPE_F:NIFTY:2026-04-13T12:33:11:SHORT
2026-04-13,12:33:38,2026-04-13,12:33:57,NIFTY,SELL,TYPE_F,BOOK_ENTRY_1,BOOK_EXIT_1,23830.65,23827.1,NIFTY13APR2623850PE,23850.0,PE,66.6,66.5,70.0,65.0,70.0,65.0,0.000751,0.002253,ws,ws,book_ladder,book_ladder,False,False,-3.4,1.5,65,-6.5,strategy_S9-148__TYPE_F:NIFTY:2026-04-13T12:33:38:SHORT
2026-04-13,12:34:16,2026-04-13,12:34:37,NIFTY,SELL,TYPE_F,BOOK_ENTRY_1,BOOK_EXIT_1,23825.5,23829.2,NIFTY13APR2623850PE,23850.0,PE,67.45,68.15,70.0,65.0,70.0,65.0,0.002226,0.002199,ws,ws,book_ladder,book_ladder,False,False,-2.55,3.15,65,45.5,strategy_S9-148__TYPE_F:NIFTY:2026-04-13T12:34:16:SHORT
2026-04-13,12:36:29,2026-04-13,12:36:45,NIFTY,SELL,TYPE_F,BOOK_ENTRY_1,BOOK_EXIT_1,23826.15,23824.75,NIFTY13APR2623850PE,23850.0,PE,69.4,69.5,70.0,65.0,70.0,65.0,0.002886,0.002156,ws,ws,book_ladder,book_ladder,False,False,-0.6,4.5,65,6.5,strategy_S9-148__TYPE_F:NIFTY:2026-04-13T12:36:29:SHORT
2026-04-13,12:37:30,2026-04-13,12:37:41,NIFTY,BUY,TYPE_F,BOOK_ENTRY_1,BOOK_EXIT_1,23831.25,23830.15,NIFTY13APR2623800CE,23800.0,CE,72.0,73.05,75.0,70.0,75.0,70.0,0.002782,0.002734,ws,ws,book_ladder,book_ladder,False,False,-3.0,3.05,65,68.25,strategy_S9-148__TYPE_F:NIFTY:2026-04-13T12:37:30:LONG
2026-04-13,12:38:01,2026-04-13,12:38:41,NIFTY,BUY,TYPE_F,BOOK_ENTRY_1,BOOK_EXIT_1,23834.45,23841.05,NIFTY13APR2623800CE,23800.0,CE,75.3,76.55,80.0,75.0,80.0,75.0,0.00266,0.001958,ws,ws,book_ladder,book_ladder,False,False,-4.7,1.55,65,81.25,strategy_S9-148__TYPE_F:NIFTY:2026-04-13T12:38:01:LONG
2026-04-13,12:39:15,2026-04-13,12:39:22,NIFTY,BUY,TYPE_F,BOOK_ENTRY_1,BOOK_EXIT_1,23844.7,23844.0,NIFTY13APR2623800CE,23800.0,CE,77.55,78.05,80.0,75.0,80.0,75.0,0.00129,0.003198,ws,ws,book_ladder,book_ladder,False,False,-2.45,3.05,65,32.5,strategy_S9-148__TYPE_F:NIFTY:2026-04-13T12:39:15:LONG
2026-04-13,12:39:37,2026-04-13,12:39:51,NIFTY,SELL,TYPE_F,BOOK_ENTRY_1,BOOK_EXIT_1,23836.4,23837.65,NIFTY13APR2623850PE,23850.0,PE,63.2,62.5,65.0,60.0,65.0,60.0,0.002376,0.001599,ws,ws,book_ladder,book_ladder,False,False,-1.8,2.5,65,-45.5,strategy_S9-148__TYPE_F:NIFTY:2026-04-13T12:39:37:SHORT
2026-04-13,12:40:24,2026-04-13,12:40:51,NIFTY,SELL,TYPE_F,BOOK_ENTRY_1,BOOK_EXIT_1,23830.8,23826.85,NIFTY13APR2623850PE,23850.0,PE,66.2,67.7,70.0,65.0,70.0,65.0,0.003026,0.00295,ws,ws,book_ladder,book_ladder,False,False,-3.8,2.7,65,97.5,strategy_S9-148__TYPE_F:NIFTY:2026-04-13T12:40:24:SHORT
2026-04-13,12:41:30,2026-04-13,12:41:40,NIFTY,BUY,TYPE_F,BOOK_ENTRY_1,BOOK_EXIT_1,23832.95,23833.15,NIFTY13APR2623800CE,23800.0,CE,73.35,73.3,75.0,70.0,75.0,70.0,0.00273,0.000682,ws,ws,book_ladder,book_ladder,False,False,-1.65,3.3,65,-3.25,strategy_S9-148__TYPE_F:NIFTY:2026-04-13T12:41:30:LONG
2026-04-13,12:42:05,2026-04-13,12:42:24,NIFTY,BUY,TYPE_F,BOOK_ENTRY_1,BOOK_EXIT_1,23836.0,23836.3,NIFTY13APR2623800CE,23800.0,CE,74.65,74.1,75.0,70.0,75.0,70.0,0.002683,0.002695,ws,ws,book_ladder,book_ladder,False,False,-0.35,4.1,65,-35.75,strategy_S9-148__TYPE_F:NIFTY:2026-04-13T12:42:05:LONG
2026-04-13,12:42:44,2026-04-13,12:43:11,NIFTY,BUY,TYPE_F,BOOK_ENTRY_1,BOOK_EXIT_1,23840.0,23841.0,NIFTY13APR2623800CE,23800.0,CE,76.4,75.5,80.0,75.0,80.0,75.0,0.003278,0.000662,ws,ws,book_ladder,book_ladder,False,False,-3.6,0.5,65,-58.5,strategy_S9-148__TYPE_F:NIFTY:2026-04-13T12:42:44:LONG
2026-04-13,12:43:38,2026-04-13,12:43:47,NIFTY,SELL,TYPE_F,BOOK_ENTRY_1,BOOK_EXIT_1,23837.1,23839.15,NIFTY13APR2623850PE,23850.0,PE,62.0,62.25,65.0,60.0,65.0,60.0,0.003231,0.002407,ws,ws,book_ladder,book_ladder,False,False,-3.0,2.25,65,16.25,strategy_S9-148__TYPE_F:NIFTY:2026-04-13T12:43:38:SHORT
2026-04-13,12:44:35,2026-04-13,12:44:41,NIFTY,BUY,TYPE_F,BOOK_ENTRY_1,BOOK_EXIT_1,23842.0,23840.35,NIFTY13APR2623800CE,23800.0,CE,76.8,75.8,80.0,75.0,80.0,75.0,0.003261,0.001977,ws,ws,book_ladder,book_ladder,False,False,-3.2,0.8,65,-65.0,strategy_S9-148__TYPE_F:NIFTY:2026-04-13T12:44:35:LONG
2026-04-13,12:45:45,2026-04-13,12:46:15,NIFTY,SELL,TYPE_F,BOOK_ENTRY_1,BOOK_EXIT_1,23837.15,23829.55,NIFTY13APR2623850PE,23850.0,PE,62.8,68.45,65.0,65.0,65.0,65.0,0.002391,0.002189,ws,ws,book_ladder,book_ladder,False,False,-2.2,3.45,65,367.25,strategy_S9-148__TYPE_F:NIFTY:2026-04-13T12:45:45:SHORT
2026-04-13,12:46:30,2026-04-13,12:46:50,NIFTY,SELL,TYPE_F,BOOK_ENTRY_1,BOOK_EXIT_1,23828.3,23828.45,NIFTY13APR2623850PE,23850.0,PE,66.1,65.9,70.0,65.0,70.0,65.0,0.001514,0.001516,ws,ws,book_ladder,book_ladder,False,False,-3.9,0.9,65,-13.0,strategy_S9-148__TYPE_F:NIFTY:2026-04-13T12:46:30:SHORT
2026-04-13,12:47:45,2026-04-13,12:47:50,NIFTY,BUY,TYPE_F,BOOK_ENTRY_1,BOOK_EXIT_1,23831.2,23828.1,NIFTY13APR2623800CE,23800.0,CE,73.15,72.05,75.0,70.0,75.0,70.0,0.002053,0.002772,ws,ws,book_ladder,book_ladder,False,False,-1.85,2.05,65,-71.5,strategy_S9-148__TYPE_F:NIFTY:2026-04-13T12:47:45:LONG
2026-04-13,12:48:13,2026-04-13,12:48:26,NIFTY,BUY,TYPE_F,BOOK_ENTRY_1,BOOK_EXIT_1,23833.0,23831.2,NIFTY13APR2623800CE,23800.0,CE,74.85,73.05,75.0,70.0,75.0,70.0,0.002676,0.002051,ws,ws,book_ladder,book_ladder,False,False,-0.15,3.05,65,-117.0,strategy_S9-148__TYPE_F:NIFTY:2026-04-13T12:48:13:LONG
2026-04-13,12:49:13,2026-04-13,12:49:42,NIFTY,BUY,TYPE_F,BOOK_ENTRY_1,BOOK_EXIT_1,23838.65,23838.9,NIFTY13APR2623800CE,23800.0,CE,74.15,73.8,75.0,70.0,75.0,70.0,0.002025,0.000677,ws,ws,book_ladder,book_ladder,False,False,-0.85,3.8,65,-22.75,strategy_S9-148__TYPE_F:NIFTY:2026-04-13T12:49:13:LONG
2026-04-13,12:49:45,2026-04-13,12:49:56,NIFTY,BUY,TYPE_F,BOOK_ENTRY_1,BOOK_EXIT_1,23842.15,23840.75,NIFTY13APR2623800CE,23800.0,CE,73.85,73.85,75.0,70.0,75.0,70.0,0.002033,0.002029,ws,ws,book_ladder,book_ladder,False,False,-1.15,3.85,65,0.0,strategy_S9-148__TYPE_F:NIFTY:2026-04-13T12:49:45:LONG
2026-04-13,12:51:46,2026-04-13,12:52:21,NIFTY,BUY,TYPE_F,BOOK_ENTRY_1,BOOK_EXIT_1,23840.8,23840.6,NIFTY13APR2623800CE,23800.0,CE,72.95,73.05,75.0,70.0,75.0,70.0,0.001372,0.002734,ws,ws,book_ladder,book_ladder,False,False,-2.05,3.05,65,6.5,strategy_S9-148__TYPE_F:NIFTY:2026-04-13T12:51:46:LONG
2026-04-13,12:52:53,2026-04-13,12:53:13,NIFTY,BUY,TYPE_F,BOOK_ENTRY_1,BOOK_EXIT_1,23844.2,23840.75,NIFTY13APR2623800CE,23800.0,CE,74.15,71.9,75.0,70.0,75.0,70.0,0.002025,0.002084,ws,ws,book_ladder,book_ladder,False,False,-0.85,1.9,65,-146.25,strategy_S9-148__TYPE_F:NIFTY:2026-04-13T12:52:53:LONG
2026-04-13,12:53:38,2026-04-13,12:53:46,NIFTY,BUY,TYPE_F,BOOK_ENTRY_1,BOOK_EXIT_1,23844.85,23842.1,NIFTY13APR2623800CE,23800.0,CE,73.45,73.05,75.0,70.0,75.0,70.0,0.002044,0.002051,ws,ws,book_ladder,book_ladder,False,False,-1.55,3.05,65,-26.0,strategy_S9-148__TYPE_F:NIFTY:2026-04-13T12:53:38:LONG
2026-04-13,12:54:30,2026-04-13,12:55:11,NIFTY,SELL,TYPE_F,BOOK_ENTRY_1,BOOK_EXIT_1,23835.55,23819.4,NIFTY13APR2623850PE,23850.0,PE,67.8,70.85,70.0,70.0,70.0,70.0,0.002215,0.00141,ws,ws,book_ladder,book_ladder,False,False,-2.2,0.85,65,198.25,strategy_S9-148__TYPE_F:NIFTY:2026-04-13T12:54:30:SHORT
2026-04-13,12:56:18,2026-04-13,12:57:21,NIFTY,SELL,TYPE_F,BOOK_ENTRY_1,BOOK_EXIT_1,23813.9,23783.95,NIFTY13APR2623850PE,23850.0,PE,73.95,92.85,75.0,90.0,75.0,90.0,0.002708,0.002152,ws,ws,book_ladder,book_ladder,False,False,-1.05,2.85,65,1228.5,strategy_S9-148__TYPE_F:NIFTY:2026-04-13T12:56:18:SHORT
2026-04-13,12:57:51,2026-04-13,12:58:45,NIFTY,BUY,TYPE_F,BOOK_ENTRY_1,BOOK_EXIT_1,23800.65,23823.5,NIFTY13APR2623800CE,23800.0,CE,51.65,60.7,55.0,60.0,55.0,60.0,0.000969,0.002468,ws,ws,book_ladder,book_ladder,False,False,-3.35,0.7,65,588.25,strategy_S9-148__TYPE_F:NIFTY:2026-04-13T12:57:51:LONG
2026-04-13,12:59:06,2026-04-13,12:59:12,NIFTY,SELL,TYPE_F,BOOK_ENTRY_1,BOOK_EXIT_1,23813.1,23814.65,NIFTY13APR2623850PE,23850.0,PE,79.7,77.9,80.0,75.0,80.0,75.0,0.003142,0.001283,ws,ws,book_ladder,book_ladder,False,False,-0.3,2.9,65,-117.0,strategy_S9-148__TYPE_F:NIFTY:2026-04-13T12:59:06:SHORT
2026-04-13,12:59:29,2026-04-13,12:59:47,NIFTY,SELL,TYPE_F,BOOK_ENTRY_1,BOOK_EXIT_1,23810.2,23810.0,NIFTY13APR2623850PE,23850.0,PE,79.2,75.15,80.0,75.0,80.0,75.0,0.002528,0.000665,ws,ws,book_ladder,book_ladder,False,False,-0.8,0.15,65,-263.25,strategy_S9-148__TYPE_F:NIFTY:2026-04-13T12:59:29:SHORT
2026-04-13,13:00:05,2026-04-13,13:00:47,NIFTY,SELL,TYPE_F,BOOK_ENTRY_1,BOOK_EXIT_1,23803.0,23799.45,NIFTY13APR2623850PE,23850.0,PE,79.6,84.35,80.0,80.0,80.0,80.0,0.003146,0.001777,ws,ws,book_ladder,book_ladder,False,False,-0.4,4.35,65,308.75,strategy_S9-148__TYPE_F:NIFTY:2026-04-13T13:00:05:SHORT
2026-04-13,13:01:00,2026-04-13,13:01:38,NIFTY,BUY,TYPE_F,BOOK_ENTRY_1,BOOK_EXIT_1,23809.15,23809.4,NIFTY13APR2623800CE,23800.0,CE,57.55,58.25,60.0,55.0,60.0,55.0,0.003481,0.003428,ws,ws,book_ladder,book_ladder,False,False,-2.45,3.25,65,45.5,strategy_S9-148__TYPE_F:NIFTY:2026-04-13T13:01:00:LONG
2026-04-13,13:02:18,2026-04-13,13:02:36,NIFTY,SELL,TYPE_F,BOOK_ENTRY_1,BOOK_EXIT_1,23805.25,23801.85,NIFTY13APR2623850PE,23850.0,PE,80.65,84.65,85.0,80.0,85.0,80.0,0.002483,0.00177,ws,ws,book_ladder,book_ladder,False,False,-4.35,4.65,65,260.0,strategy_S9-148__TYPE_F:NIFTY:2026-04-13T13:02:18:SHORT
2026-04-13,13:02:45,2026-04-13,13:03:20,NIFTY,SELL,TYPE_F,BOOK_ENTRY_1,BOOK_EXIT_1,23796.1,23776.6,NIFTY13APR2623800PE,23800.0,PE,58.25,67.3,60.0,65.0,60.0,65.0,0.002578,0.002967,ws,ws,book_ladder,book_ladder,False,False,-1.75,2.3,65,588.25,strategy_S9-148__TYPE_F:NIFTY:2026-04-13T13:02:45:SHORT
2026-04-13,13:04:00,2026-04-13,13:04:22,NIFTY,BUY,TYPE_F,BOOK_ENTRY_1,BOOK_EXIT_1,23779.8,23784.85,NIFTY13APR2623750CE,23750.0,CE,67.45,69.2,70.0,65.0,70.0,65.0,0.002226,0.002165,ws,ws,book_ladder,book_ladder,False,False,-2.55,4.2,65,113.75,strategy_S9-148__TYPE_F:NIFTY:2026-04-13T13:04:00:LONG
2026-04-13,13:05:15,2026-04-13,13:06:35,NIFTY,BUY,TYPE_F,BOOK_ENTRY_1,BOOK_EXIT_1,23789.25,23803.7,NIFTY13APR2623750CE,23750.0,CE,72.65,79.8,75.0,75.0,75.0,75.0,0.002757,0.001878,ws,ws,book_ladder,book_ladder,False,False,-2.35,4.8,65,464.75,strategy_S9-148__TYPE_F:NIFTY:2026-04-13T13:05:15:LONG
2026-04-13,13:07:15,2026-04-13,13:07:54,NIFTY,BUY,TYPE_F,BOOK_ENTRY_1,BOOK_EXIT_1,23806.2,23806.5,NIFTY13APR2623800CE,23800.0,CE,53.3,52.15,55.0,50.0,55.0,50.0,0.002818,0.000958,ws,ws,book_ladder,book_ladder,False,False,-1.7,2.15,65,-74.75,strategy_S9-148__TYPE_F:NIFTY:2026-04-13T13:07:15:LONG
2026-04-13,13:08:35,2026-04-13,13:09:23,NIFTY,BUY,TYPE_F,BOOK_ENTRY_1,BOOK_EXIT_1,23808.3,23815.15,NIFTY13APR2623800CE,23800.0,CE,53.95,58.5,55.0,55.0,55.0,55.0,0.001855,0.003413,ws,ws,book_ladder,book_ladder,False,False,-1.05,3.5,65,295.75,strategy_S9-148__TYPE_F:NIFTY:2026-04-13T13:08:35:LONG
2026-04-13,13:10:03,2026-04-13,13:10:16,NIFTY,SELL,TYPE_F,BOOK_ENTRY_1,BOOK_EXIT_1,23807.35,23805.85,NIFTY13APR2623850PE,23850.0,PE,80.0,80.2,80.0,80.0,80.0,80.0,0.002503,0.003112,ws,ws,book_ladder,book_ladder,False,False,0.0,0.2,65,13.0,strategy_S9-148__TYPE_F:NIFTY:2026-04-13T13:10:03:SHORT
2026-04-13,13:11:45,2026-04-13,13:12:29,NIFTY,BUY,TYPE_F,BOOK_ENTRY_1,BOOK_EXIT_1,23811.1,23813.15,NIFTY13APR2623800CE,23800.0,CE,57.45,60.55,60.0,60.0,60.0,60.0,0.000871,0.000825,ws,ws,book_ladder,book_ladder,False,False,-2.55,0.55,65,201.5,strategy_S9-148__TYPE_F:NIFTY:2026-04-13T13:11:45:LONG
2026-04-13,13:12:51,2026-04-13,13:13:09,NIFTY,BUY,TYPE_F,BOOK_ENTRY_1,BOOK_EXIT_1,23821.35,23820.15,NIFTY13APR2623800CE,23800.0,CE,61.9,60.3,65.0,60.0,65.0,60.0,0.002426,0.002484,ws,ws,book_ladder,book_ladder,False,False,-3.1,0.3,65,-104.0,strategy_S9-148__TYPE_F:NIFTY:2026-04-13T13:12:51:LONG
2026-04-13,13:13:50,2026-04-13,13:14:13,NIFTY,SELL,TYPE_F,BOOK_ENTRY_1,BOOK_EXIT_1,23814.35,23809.65,NIFTY13APR2623850PE,23850.0,PE,72.5,75.25,75.0,75.0,75.0,75.0,0.002762,0.002654,ws,ws,book_ladder,book_ladder,False,False,-2.5,0.25,65,178.75,strategy_S9-148__TYPE_F:NIFTY:2026-04-13T13:13:50:SHORT
2026-04-13,13:14:47,2026-04-13,13:15:41,NIFTY,BUY,TYPE_F,BOOK_ENTRY_1,BOOK_EXIT_1,23819.95,23825.45,NIFTY13APR2623800CE,23800.0,CE,61.0,64.95,65.0,60.0,65.0,60.0,0.002462,0.003075,ws,ws,book_ladder,book_ladder,False,False,-4.0,4.95,65,256.75,strategy_S9-148__TYPE_F:NIFTY:2026-04-13T13:14:47:LONG
2026-04-13,13:16:12,2026-04-13,13:16:17,NIFTY,SELL,TYPE_F,BOOK_ENTRY_1,BOOK_EXIT_1,23814.0,23816.95,NIFTY13APR2623850PE,23850.0,PE,70.2,70.2,75.0,70.0,75.0,70.0,0.002853,0.001423,ws,ws,book_ladder,book_ladder,False,False,-4.8,0.2,65,0.0,strategy_S9-148__TYPE_F:NIFTY:2026-04-13T13:16:12:SHORT
2026-04-13,13:17:00,2026-04-13,13:17:12,NIFTY,SELL,TYPE_F,BOOK_ENTRY_1,BOOK_EXIT_1,23810.3,23811.55,NIFTY13APR2623850PE,23850.0,PE,72.85,75.05,75.0,75.0,75.0,75.0,0.003438,0.001997,ws,ws,book_ladder,book_ladder,False,False,-2.15,0.05,65,143.0,strategy_S9-148__TYPE_F:NIFTY:2026-04-13T13:17:00:SHORT
2026-04-13,13:17:57,2026-04-13,13:18:05,NIFTY,SELL,TYPE_F,BOOK_ENTRY_1,BOOK_EXIT_1,23806.7,23808.2,NIFTY13APR2623850PE,23850.0,PE,73.25,72.25,75.0,70.0,75.0,70.0,0.002734,0.002764,ws,ws,book_ladder,book_ladder,False,False,-1.75,2.25,65,-65.0,strategy_S9-148__TYPE_F:NIFTY:2026-04-13T13:17:57:SHORT
2026-04-13,13:18:15,2026-04-13,13:19:17,NIFTY,BUY,TYPE_F,BOOK_ENTRY_1,BOOK_EXIT_1,23818.35,23828.25,NIFTY13APR2623800CE,23800.0,CE,57.8,66.05,60.0,65.0,60.0,65.0,0.002599,0.002268,ws,ws,book_ladder,book_ladder,False,False,-2.2,1.05,65,536.25,strategy_S9-148__TYPE_F:NIFTY:2026-04-13T13:18:15:LONG
2026-04-13,13:19:48,2026-04-13,13:20:13,NIFTY,BUY,TYPE_F,BOOK_ENTRY_1,BOOK_EXIT_1,23832.1,23836.2,NIFTY13APR2623800CE,23800.0,CE,64.35,64.45,65.0,60.0,65.0,60.0,0.001555,0.002325,ws,ws,book_ladder,book_ladder,False,False,-0.65,4.45,65,6.5,strategy_S9-148__TYPE_F:NIFTY:2026-04-13T13:19:48:LONG
2026-04-13,13:21:30,2026-04-13,13:21:38,NIFTY,BUY,TYPE_F,BOOK_ENTRY_1,BOOK_EXIT_1,23835.05,23829.95,NIFTY13APR2623800CE,23800.0,CE,65.5,64.8,70.0,60.0,70.0,60.0,0.003058,0.002312,ws,ws,book_ladder,book_ladder,False,False,-4.5,4.8,65,-45.5,strategy_S9-148__TYPE_F:NIFTY:2026-04-13T13:21:30:LONG
2026-04-13,13:22:45,2026-04-13,13:23:13,NIFTY,SELL,TYPE_F,BOOK_ENTRY_1,BOOK_EXIT_1,23828.4,23823.35,NIFTY13APR2623850PE,23850.0,PE,60.35,61.0,65.0,60.0,65.0,60.0,0.001658,0.001638,ws,ws,book_ladder,book_ladder,False,False,-4.65,1.0,65,42.25,strategy_S9-148__TYPE_F:NIFTY:2026-04-13T13:22:45:SHORT
2026-04-13,13:24:10,2026-04-13,13:24:37,NIFTY,SELL,TYPE_F,BOOK_ENTRY_1,BOOK_EXIT_1,23825.05,23823.0,NIFTY13APR2623850PE,23850.0,PE,61.2,62.65,65.0,60.0,65.0,60.0,0.001635,0.003187,ws,ws,book_ladder,book_ladder,False,False,-3.8,2.65,65,94.25,strategy_S9-148__TYPE_F:NIFTY:2026-04-13T13:24:10:SHORT
2026-04-13,13:25:13,2026-04-13,13:25:38,NIFTY,BUY,TYPE_F,BOOK_ENTRY_1,BOOK_EXIT_1,23829.9,23830.3,NIFTY13APR2623800CE,23800.0,CE,66.35,64.7,70.0,60.0,70.0,60.0,0.002263,0.003086,ws,ws,book_ladder,book_ladder,False,False,-3.65,4.7,65,-107.25,strategy_S9-148__TYPE_F:NIFTY:2026-04-13T13:25:13:LONG
2026-04-13,13:26:39,2026-04-13,13:26:55,NIFTY,SELL,TYPE_F,BOOK_ENTRY_1,BOOK_EXIT_1,23823.25,23822.4,NIFTY13APR2623850PE,23850.0,PE,62.2,61.45,65.0,60.0,65.0,60.0,0.001609,0.002438,ws,ws,book_ladder,book_ladder,False,False,-2.8,1.45,65,-48.75,strategy_S9-148__TYPE_F:NIFTY:2026-04-13T13:26:39:SHORT
2026-04-13,13:28:16,2026-04-13,13:28:32,NIFTY,BUY,TYPE_F,BOOK_ENTRY_1,BOOK_EXIT_1,23826.1,23826.0,NIFTY13APR2623800CE,23800.0,CE,61.9,61.15,65.0,60.0,65.0,60.0,0.002426,0.000817,ws,ws,book_ladder,book_ladder,False,False,-3.1,1.15,65,-48.75,strategy_S9-148__TYPE_F:NIFTY:2026-04-13T13:28:16:LONG
2026-04-13,13:29:52,2026-04-13,13:30:16,NIFTY,SELL,TYPE_F,BOOK_ENTRY_1,BOOK_EXIT_1,23825.25,23825.6,NIFTY13APR2623850PE,23850.0,PE,61.0,60.15,65.0,60.0,65.0,60.0,0.001641,0.00332,ws,ws,book_ladder,book_ladder,False,False,-4.0,0.15,65,-55.25,strategy_S9-148__TYPE_F:NIFTY:2026-04-13T13:29:52:SHORT
2026-04-13,13:30:31,2026-04-13,13:30:39,NIFTY,BUY,TYPE_F,BOOK_ENTRY_1,BOOK_EXIT_1,23831.05,23830.35,NIFTY13APR2623800CE,23800.0,CE,66.4,62.8,70.0,60.0,70.0,60.0,0.002262,0.00318,ws,ws,book_ladder,book_ladder,False,False,-3.6,2.8,65,-234.0,strategy_S9-148__TYPE_F:NIFTY:2026-04-13T13:30:31:LONG
2026-04-13,13:31:30,2026-04-13,13:31:49,NIFTY,SELL,TYPE_F,BOOK_ENTRY_1,BOOK_EXIT_1,23825.6,23828.05,NIFTY13APR2623850PE,23850.0,PE,60.25,57.95,65.0,55.0,65.0,55.0,0.002493,0.003445,ws,ws,book_ladder,book_ladder,False,False,-4.75,2.95,65,-149.5,strategy_S9-148__TYPE_F:NIFTY:2026-04-13T13:31:30:SHORT
2026-04-13,13:32:01,2026-04-13,13:32:26,NIFTY,BUY,TYPE_F,BOOK_ENTRY_1,BOOK_EXIT_1,23834.8,23833.85,NIFTY13APR2623800CE,23800.0,CE,66.1,64.95,70.0,60.0,70.0,60.0,0.00303,0.003075,ws,ws,book_ladder,book_ladder,False,False,-3.9,4.95,65,-74.75,strategy_S9-148__TYPE_F:NIFTY:2026-04-13T13:32:01:LONG
2026-04-13,13:32:30,2026-04-13,13:32:43,NIFTY,BUY,TYPE_F,BOOK_ENTRY_1,BOOK_EXIT_1,23834.4,23839.7,NIFTY13APR2623800CE,23800.0,CE,65.9,67.8,70.0,65.0,70.0,65.0,0.002279,0.002946,ws,ws,book_ladder,book_ladder,False,False,-4.1,2.8,65,123.5,strategy_S9-148__TYPE_F:NIFTY:2026-04-13T13:32:30:LONG
2026-04-13,13:33:02,2026-04-13,13:33:37,NIFTY,BUY,TYPE_F,BOOK_ENTRY_1,BOOK_EXIT_1,23842.55,23848.65,NIFTY13APR2623800CE,23800.0,CE,70.65,73.8,75.0,70.0,75.0,70.0,0.002125,0.002706,ws,ws,book_ladder,book_ladder,False,False,-4.35,3.8,65,204.75,strategy_S9-148__TYPE_F:NIFTY:2026-04-13T13:33:02:LONG
2026-04-13,13:34:22,2026-04-13,13:34:42,NIFTY,BUY,TYPE_F,BOOK_ENTRY_1,BOOK_EXIT_1,23851.45,23850.75,NIFTY13APR2623850CE,23850.0,CE,45.5,45.3,50.0,45.0,50.0,45.0,0.0022,0.002205,ws,ws,book_ladder,book_ladder,False,False,-4.5,0.3,65,-13.0,strategy_S9-148__TYPE_F:NIFTY:2026-04-13T13:34:22:LONG
2026-04-13,13:35:09,2026-04-13,13:35:32,NIFTY,SELL,TYPE_F,BOOK_ENTRY_1,BOOK_EXIT_1,23842.45,23842.15,NIFTY13APR2623850PE,23850.0,PE,47.7,46.85,50.0,45.0,50.0,45.0,0.002099,0.003197,ws,ws,book_ladder,book_ladder,False,False,-2.3,1.85,65,-55.25,strategy_S9-148__TYPE_F:NIFTY:2026-04-13T13:35:09:SHORT
2026-04-13,13:37:05,2026-04-13,13:37:45,NIFTY,BUY,TYPE_F,BOOK_ENTRY_1,BOOK_EXIT_1,23850.15,23852.2,NIFTY13APR2623850CE,23850.0,CE,39.3,43.05,40.0,40.0,40.0,40.0,0.003824,0.00232,ws,ws,book_ladder,book_ladder,False,False,-0.7,3.05,65,243.75,strategy_S9-148__TYPE_F:NIFTY:2026-04-13T13:37:05:LONG
2026-04-13,13:38:30,2026-04-13,13:39:15,NIFTY,SELL,TYPE_F,BOOK_ENTRY_1,BOOK_EXIT_1,23851.05,23843.5,NIFTY13APR2623900PE,23900.0,PE,74.85,78.65,75.0,75.0,75.0,75.0,0.002006,0.00254,ws,ws,book_ladder,book_ladder,False,False,-0.15,3.65,65,247.0,strategy_S9-148__TYPE_F:NIFTY:2026-04-13T13:38:30:SHORT
2026-04-13,13:40:45,2026-04-13,13:40:55,NIFTY,SELL,TYPE_F,BOOK_ENTRY_1,BOOK_EXIT_1,23839.5,23839.6,NIFTY13APR2623850PE,23850.0,PE,50.15,49.6,55.0,45.0,55.0,45.0,0.002996,0.00302,ws,ws,book_ladder,book_ladder,False,False,-4.85,4.6,65,-35.75,strategy_S9-148__TYPE_F:NIFTY:2026-04-13T13:40:45:SHORT
2026-04-13,13:41:33,2026-04-13,13:41:57,NIFTY,SELL,TYPE_F,BOOK_ENTRY_1,BOOK_EXIT_1,23835.25,23834.1,NIFTY13APR2623850PE,23850.0,PE,49.75,48.25,50.0,45.0,50.0,45.0,0.00302,0.00207,ws,ws,book_ladder,book_ladder,False,False,-0.25,3.25,65,-97.5,strategy_S9-148__TYPE_F:NIFTY:2026-04-13T13:41:33:SHORT
2026-04-13,13:42:15,2026-04-13,13:42:24,NIFTY,BUY,TYPE_F,BOOK_ENTRY_1,BOOK_EXIT_1,23839.6,23837.5,NIFTY13APR2623800CE,23800.0,CE,67.2,65.85,70.0,65.0,70.0,65.0,0.002235,0.001517,ws,ws,book_ladder,book_ladder,False,False,-2.8,0.85,65,-87.75,strategy_S9-148__TYPE_F:NIFTY:2026-04-13T13:42:15:LONG
2026-04-13,13:42:50,2026-04-13,13:42:55,NIFTY,SELL,TYPE_F,BOOK_ENTRY_1,BOOK_EXIT_1,23831.6,23832.6,NIFTY13APR2623850PE,23850.0,PE,51.0,49.75,55.0,45.0,55.0,45.0,0.001963,0.002008,ws,ws,book_ladder,book_ladder,False,False,-4.0,4.75,65,-81.25,strategy_S9-148__TYPE_F:NIFTY:2026-04-13T13:42:50:SHORT
2026-04-13,13:43:44,2026-04-13,13:44:10,NIFTY,BUY,TYPE_F,BOOK_ENTRY_1,BOOK_EXIT_1,23838.8,23841.5,NIFTY13APR2623800CE,23800.0,CE,64.75,64.5,65.0,60.0,65.0,60.0,0.002319,0.002323,ws,ws,book_ladder,book_ladder,False,False,-0.25,4.5,65,-16.25,strategy_S9-148__TYPE_F:NIFTY:2026-04-13T13:43:44:LONG
2026-04-13,13:44:59,2026-04-13,13:45:06,NIFTY,SELL,TYPE_F,BOOK_ENTRY_1,BOOK_EXIT_1,23835.45,23837.3,NIFTY13APR2623850PE,23850.0,PE,48.15,48.15,50.0,45.0,50.0,45.0,0.002079,0.00311,ws,ws,book_ladder,book_ladder,False,False,-1.85,3.15,65,0.0,strategy_S9-148__TYPE_F:NIFTY:2026-04-13T13:44:59:SHORT
2026-04-13,13:45:15,2026-04-13,13:45:25,NIFTY,SELL,TYPE_F,BOOK_ENTRY_1,BOOK_EXIT_1,23832.45,23834.05,NIFTY13APR2623850PE,23850.0,PE,52.85,51.6,55.0,50.0,55.0,50.0,0.002842,0.001936,ws,ws,book_ladder,book_ladder,False,False,-2.15,1.6,65,-81.25,strategy_S9-148__TYPE_F:NIFTY:2026-04-13T13:45:15:SHORT
2026-04-13,13:45:45,2026-04-13,13:46:01,NIFTY,SELL,TYPE_F,BOOK_ENTRY_1,BOOK_EXIT_1,23831.9,23834.3,NIFTY13APR2623850PE,23850.0,PE,53.2,51.95,55.0,50.0,55.0,50.0,0.002824,0.002883,ws,ws,book_ladder,book_ladder,False,False,-1.8,1.95,65,-81.25,strategy_S9-148__TYPE_F:NIFTY:2026-04-13T13:45:45:SHORT
2026-04-13,13:47:13,2026-04-13,13:47:19,NIFTY,BUY,TYPE_F,BOOK_ENTRY_1,BOOK_EXIT_1,23837.05,23835.7,NIFTY13APR2623800CE,23800.0,CE,61.15,60.05,65.0,60.0,65.0,60.0,0.001637,0.002495,ws,ws,book_ladder,book_ladder,False,False,-3.85,0.05,65,-71.5,strategy_S9-148__TYPE_F:NIFTY:2026-04-13T13:47:13:LONG
2026-04-13,13:48:02,2026-04-13,13:48:05,NIFTY,SELL,TYPE_F,BOOK_ENTRY_1,BOOK_EXIT_1,23832.65,23833.35,NIFTY13APR2623850PE,23850.0,PE,53.1,53.95,55.0,50.0,55.0,50.0,0.002829,0.002776,ws,ws,book_ladder,book_ladder,False,False,-1.9,3.95,65,55.25,strategy_S9-148__TYPE_F:NIFTY:2026-04-13T13:48:02:SHORT
2026-04-13,13:48:48,2026-04-13,13:49:22,NIFTY,BUY,TYPE_F,BOOK_ENTRY_1,BOOK_EXIT_1,23837.1,23840.1,NIFTY13APR2623800CE,23800.0,CE,61.5,63.15,65.0,60.0,65.0,60.0,0.002442,0.003162,ws,ws,book_ladder,book_ladder,False,False,-3.5,3.15,65,107.25,strategy_S9-148__TYPE_F:NIFTY:2026-04-13T13:48:48:LONG
2026-04-13,13:50:34,2026-04-13,13:50:35,NIFTY,BUY,TYPE_F,BOOK_ENTRY_1,BOOK_EXIT_1,23841.8,23839.65,NIFTY13APR2623800CE,23800.0,CE,65.2,65.3,70.0,65.0,70.0,65.0,0.002303,0.003058,ws,ws,book_ladder,book_ladder,False,False,-4.8,0.3,65,6.5,strategy_S9-148__TYPE_F:NIFTY:2026-04-13T13:50:34:LONG
2026-04-13,13:50:52,2026-04-13,13:50:55,NIFTY,BUY,TYPE_F,BOOK_ENTRY_1,BOOK_EXIT_1,23844.65,23840.35,NIFTY13APR2623800CE,23800.0,CE,66.3,66.7,70.0,65.0,70.0,65.0,0.003021,0.002994,ws,ws,book_ladder,book_ladder,False,False,-3.7,1.7,65,26.0,strategy_S9-148__TYPE_F:NIFTY:2026-04-13T13:50:52:LONG
2026-04-13,13:52:03,2026-04-13,13:52:16,NIFTY,BUY,TYPE_F,BOOK_ENTRY_1,BOOK_EXIT_1,23847.3,23849.1,NIFTY13APR2623800CE,23800.0,CE,71.05,71.05,75.0,70.0,75.0,70.0,0.002819,0.002811,ws,ws,book_ladder,book_ladder,False,False,-3.95,1.05,65,0.0,strategy_S9-148__TYPE_F:NIFTY:2026-04-13T13:52:03:LONG
2026-04-13,13:52:32,2026-04-13,13:53:23,NIFTY,BUY,TYPE_F,BOOK_ENTRY_1,BOOK_EXIT_1,23864.3,23871.1,NIFTY13APR2623850CE,23850.0,CE,48.05,51.75,50.0,50.0,50.0,50.0,0.002083,0.001931,ws,ws,book_ladder,book_ladder,False,False,-1.95,1.75,65,240.5,strategy_S9-148__TYPE_F:NIFTY:2026-04-13T13:52:32:LONG
2026-04-13,13:53:30,2026-04-13,13:53:54,NIFTY,SELL,TYPE_F,BOOK_ENTRY_1,BOOK_EXIT_1,23865.15,23865.5,NIFTY13APR2623900PE,23900.0,PE,60.15,59.55,65.0,55.0,65.0,55.0,0.002497,0.003353,ws,ws,book_ladder,book_ladder,False,False,-4.85,4.55,65,-39.0,strategy_S9-148__TYPE_F:NIFTY:2026-04-13T13:53:30:SHORT
2026-04-13,13:54:23,2026-04-13,13:54:41,NIFTY,BUY,TYPE_F,BOOK_ENTRY_1,BOOK_EXIT_1,23875.15,23876.35,NIFTY13APR2623850CE,23850.0,CE,55.0,56.85,55.0,55.0,55.0,55.0,0.002731,0.000879,ws,ws,book_ladder,book_ladder,False,False,0.0,1.85,65,120.25,strategy_S9-148__TYPE_F:NIFTY:2026-04-13T13:54:23:LONG
2026-04-13,13:54:55,2026-04-13,13:55:19,NIFTY,BUY,TYPE_F,BOOK_ENTRY_1,BOOK_EXIT_1,23881.4,23878.7,NIFTY13APR2623850CE,23850.0,CE,61.35,56.3,65.0,55.0,65.0,55.0,0.002448,0.000888,ws,ws,book_ladder,book_ladder,False,False,-3.65,1.3,65,-328.25,strategy_S9-148__TYPE_F:NIFTY:2026-04-13T13:54:55:LONG
2026-04-13,13:55:36,2026-04-13,13:55:40,NIFTY,BUY,TYPE_F,BOOK_ENTRY_1,BOOK_EXIT_1,23883.95,23882.65,NIFTY13APR2623850CE,23850.0,CE,61.25,61.1,65.0,60.0,65.0,60.0,0.001634,0.000818,ws,ws,book_ladder,book_ladder,False,False,-3.75,1.1,65,-9.75,strategy_S9-148__TYPE_F:NIFTY:2026-04-13T13:55:36:LONG
2026-04-13,13:55:51,2026-04-13,13:56:11,NIFTY,BUY,TYPE_F,BOOK_ENTRY_1,BOOK_EXIT_1,23889.45,23888.55,NIFTY13APR2623850CE,23850.0,CE,62.6,62.8,65.0,60.0,65.0,60.0,0.0032,0.002386,ws,ws,book_ladder,book_ladder,False,False,-2.4,2.8,65,13.0,strategy_S9-148__TYPE_F:NIFTY:2026-04-13T13:55:51:LONG
2026-04-13,13:56:36,2026-04-13,13:57:04,NIFTY,BUY,TYPE_F,BOOK_ENTRY_1,BOOK_EXIT_1,23894.65,23896.0,NIFTY13APR2623850CE,23850.0,CE,67.0,66.45,70.0,65.0,70.0,65.0,0.00299,0.003005,ws,ws,book_ladder,book_ladder,False,False,-3.0,1.45,65,-35.75,strategy_S9-148__TYPE_F:NIFTY:2026-04-13T13:56:36:LONG
2026-04-13,13:57:15,2026-04-13,13:57:44,NIFTY,BUY,TYPE_F,BOOK_ENTRY_1,BOOK_EXIT_1,23900.85,23901.2,NIFTY13APR2623900CE,23900.0,CE,42.1,40.6,45.0,40.0,45.0,40.0,0.003569,0.003688,ws,ws,book_ladder,book_ladder,False,False,-2.9,0.6,65,-97.5,strategy_S9-148__TYPE_F:NIFTY:2026-04-13T13:57:15:LONG
2026-04-13,13:58:00,2026-04-13,13:58:05,NIFTY,SELL,TYPE_F,BOOK_ENTRY_1,BOOK_EXIT_1,23898.05,23902.5,NIFTY13APR2623900PE,23900.0,PE,41.45,39.4,45.0,35.0,45.0,35.0,0.00605,0.002535,ws,ws,book_ladder,book_ladder,False,False,-3.55,4.4,65,-133.25,strategy_S9-148__TYPE_F:NIFTY:2026-04-13T13:58:00:SHORT
2026-04-13,13:58:17,2026-04-13,13:58:38,NIFTY,BUY,TYPE_F,BOOK_ENTRY_1,BOOK_EXIT_1,23903.45,23902.3,NIFTY13APR2623900CE,23900.0,CE,41.9,40.0,45.0,40.0,45.0,40.0,0.001194,0.001249,ws,ws,book_ladder,book_ladder,False,False,-3.1,0.0,65,-123.5,strategy_S9-148__TYPE_F:NIFTY:2026-04-13T13:58:17:LONG
2026-04-13,13:58:55,2026-04-13,13:59:12,NIFTY,SELL,TYPE_F,BOOK_ENTRY_1,BOOK_EXIT_1,23897.0,23896.45,NIFTY13APR2623900PE,23900.0,PE,42.25,40.6,45.0,40.0,45.0,40.0,0.00237,0.003688,ws,ws,book_ladder,book_ladder,False,False,-2.75,0.6,65,-107.25,strategy_S9-148__TYPE_F:NIFTY:2026-04-13T13:58:55:SHORT
2026-04-13,13:59:30,2026-04-13,13:59:53,NIFTY,SELL,TYPE_F,BOOK_ENTRY_1,BOOK_EXIT_1,23892.25,23894.95,NIFTY13APR2623900PE,23900.0,PE,43.45,42.5,45.0,40.0,45.0,40.0,0.003458,0.00235,ws,ws,book_ladder,book_ladder,False,False,-1.55,2.5,65,-61.75,strategy_S9-148__TYPE_F:NIFTY:2026-04-13T13:59:30:SHORT
2026-04-13,14:00:21,2026-04-13,14:00:38,NIFTY,SELL,TYPE_F,BOOK_ENTRY_1,BOOK_EXIT_1,23889.75,23891.25,NIFTY13APR2623900PE,23900.0,PE,45.65,44.0,50.0,40.0,50.0,40.0,0.002193,0.00227,ws,ws,book_ladder,book_ladder,False,False,-4.35,4.0,65,-107.25,strategy_S9-148__TYPE_F:NIFTY:2026-04-13T14:00:21:SHORT
2026-04-13,14:01:00,2026-04-13,14:01:01,NIFTY,SELL,TYPE_F,BOOK_ENTRY_1,BOOK_EXIT_1,23887.65,23891.2,NIFTY13APR2623900PE,23900.0,PE,43.4,43.05,45.0,40.0,45.0,40.0,0.003462,0.00232,ws,ws,book_ladder,book_ladder,False,False,-1.6,3.05,65,-22.75,strategy_S9-148__TYPE_F:NIFTY:2026-04-13T14:01:00:SHORT
2026-04-13,14:01:23,2026-04-13,14:01:34,NIFTY,BUY,TYPE_F,BOOK_ENTRY_1,BOOK_EXIT_1,23894.7,23892.55,NIFTY13APR2623850CE,23850.0,CE,66.0,64.75,70.0,60.0,70.0,60.0,0.003795,0.000772,ws,ws,book_ladder,book_ladder,False,False,-4.0,4.75,65,-81.25,strategy_S9-148__TYPE_F:NIFTY:2026-04-13T14:01:23:LONG
2026-04-13,14:02:15,2026-04-13,14:02:20,NIFTY,BUY,TYPE_F,BOOK_ENTRY_1,BOOK_EXIT_1,23893.95,23891.75,NIFTY13APR2623850CE,23850.0,CE,62.35,61.55,65.0,60.0,65.0,60.0,0.002409,0.003244,ws,ws,book_ladder,book_ladder,False,False,-2.65,1.55,65,-52.0,strategy_S9-148__TYPE_F:NIFTY:2026-04-13T14:02:15:LONG
2026-04-13,14:02:30,2026-04-13,14:02:37,NIFTY,SELL,TYPE_F,BOOK_ENTRY_1,BOOK_EXIT_1,23887.75,23889.6,NIFTY13APR2623900PE,23900.0,PE,42.1,41.95,45.0,40.0,45.0,40.0,0.002378,0.002381,ws,ws,book_ladder,book_ladder,False,False,-2.9,1.95,65,-9.75,strategy_S9-148__TYPE_F:NIFTY:2026-04-13T14:02:30:SHORT
2026-04-13,14:02:47,2026-04-13,14:02:55,NIFTY,SELL,TYPE_F,BOOK_ENTRY_1,BOOK_EXIT_1,23886.6,23886.95,NIFTY13APR2623900PE,23900.0,PE,44.25,44.45,45.0,40.0,45.0,40.0,0.001131,0.003369,ws,ws,book_ladder,book_ladder,False,False,-0.75,4.45,65,13.0,strategy_S9-148__TYPE_F:NIFTY:2026-04-13T14:02:47:SHORT
2026-04-13,14:03:30,2026-04-13,14:03:55,NIFTY,SELL,TYPE_F,BOOK_ENTRY_1,BOOK_EXIT_1,23885.15,23883.9,NIFTY13APR2623900PE,23900.0,PE,45.8,44.3,50.0,40.0,50.0,40.0,0.001092,0.00338,ws,ws,book_ladder,book_ladder,False,False,-4.2,4.3,65,-97.5,strategy_S9-148__TYPE_F:NIFTY:2026-04-13T14:03:30:SHORT
2026-04-13,14:05:43,2026-04-13,14:05:45,NIFTY,SELL,TYPE_F,BOOK_ENTRY_1,BOOK_EXIT_1,23883.1,23885.75,NIFTY13APR2623900PE,23900.0,PE,44.15,43.8,45.0,40.0,45.0,40.0,0.003403,0.002281,ws,ws,book_ladder,book_ladder,False,False,-0.85,3.8,65,-22.75,strategy_S9-148__TYPE_F:NIFTY:2026-04-13T14:05:43:SHORT
2026-04-13,14:06:59,2026-04-13,14:07:25,NIFTY,SELL,TYPE_F,BOOK_ENTRY_1,BOOK_EXIT_1,23862.5,23860.3,NIFTY13APR2623900PE,23900.0,PE,59.5,57.7,60.0,55.0,60.0,55.0,0.001682,0.00346,ws,ws,book_ladder,book_ladder,False,False,-0.5,2.7,65,-117.0,strategy_S9-148__TYPE_F:NIFTY:2026-04-13T14:06:59:SHORT
2026-04-13,14:08:15,2026-04-13,14:08:27,NIFTY,BUY,TYPE_F,BOOK_ENTRY_1,BOOK_EXIT_1,23867.35,23870.35,NIFTY13APR2623850CE,23850.0,CE,45.25,46.15,50.0,45.0,50.0,45.0,0.00332,0.003245,ws,ws,book_ladder,book_ladder,False,False,-4.75,1.15,65,58.5,strategy_S9-148__TYPE_F:NIFTY:2026-04-13T14:08:15:LONG
2026-04-13,14:09:26,2026-04-13,14:09:47,NIFTY,SELL,TYPE_F,BOOK_ENTRY_1,BOOK_EXIT_1,23862.2,23856.3,NIFTY13APR2623900PE,23900.0,PE,57.75,62.65,60.0,60.0,60.0,60.0,0.002601,0.003187,ws,ws,book_ladder,book_ladder,False,False,-2.25,2.65,65,318.5,strategy_S9-148__TYPE_F:NIFTY:2026-04-13T14:09:26:SHORT
2026-04-13,14:11:14,2026-04-13,14:11:16,NIFTY,SELL,TYPE_F,BOOK_ENTRY_1,BOOK_EXIT_1,23844.1,23847.05,NIFTY13APR2623850PE,23850.0,PE,39.0,38.5,40.0,35.0,40.0,35.0,0.001283,0.002594,ws,ws,book_ladder,book_ladder,False,False,-1.0,3.5,65,-32.5,strategy_S9-148__TYPE_F:NIFTY:2026-04-13T14:11:14:SHORT
2026-04-13,14:11:39,2026-04-13,14:12:06,NIFTY,SELL,TYPE_F,BOOK_ENTRY_1,BOOK_EXIT_1,23842.7,23838.55,NIFTY13APR2623850PE,23850.0,PE,41.4,45.45,45.0,45.0,45.0,45.0,0.002418,0.003295,ws,ws,book_ladder,book_ladder,False,False,-3.6,0.45,65,263.25,strategy_S9-148__TYPE_F:NIFTY:2026-04-13T14:11:39:SHORT
2026-04-13,14:12:40,2026-04-13,14:13:06,NIFTY,BUY,TYPE_F,BOOK_ENTRY_1,BOOK_EXIT_1,23843.4,23846.3,NIFTY13APR2623800CE,23800.0,CE,60.25,59.8,65.0,55.0,65.0,55.0,0.003325,0.002505,ws,ws,book_ladder,book_ladder,False,False,-4.75,4.8,65,-29.25,strategy_S9-148__TYPE_F:NIFTY:2026-04-13T14:12:40:LONG
2026-04-13,14:13:36,2026-04-13,14:13:55,NIFTY,BUY,TYPE_F,BOOK_ENTRY_1,BOOK_EXIT_1,23846.15,23848.85,NIFTY13APR2623800CE,23800.0,CE,60.7,62.65,65.0,60.0,65.0,60.0,0.002474,0.003187,ws,ws,book_ladder,book_ladder,False,False,-4.3,2.65,65,126.75,strategy_S9-148__TYPE_F:NIFTY:2026-04-13T14:13:36:LONG
2026-04-13,14:15:00,2026-04-13,14:15:06,NIFTY,BUY,TYPE_F,BOOK_ENTRY_1,BOOK_EXIT_1,23854.75,23853.05,NIFTY13APR2623850CE,23850.0,CE,34.85,33.6,35.0,30.0,35.0,30.0,0.004313,0.004454,ws,ws,book_ladder,book_ladder,False,False,-0.15,3.6,65,-81.25,strategy_S9-148__TYPE_F:NIFTY:2026-04-13T14:15:00:LONG
2026-04-13,14:15:19,2026-04-13,14:15:25,NIFTY,BUY,TYPE_F,BOOK_ENTRY_1,BOOK_EXIT_1,23858.75,23855.85,NIFTY13APR2623850CE,23850.0,CE,38.95,37.5,40.0,35.0,40.0,35.0,0.003859,0.002663,ws,ws,book_ladder,book_ladder,False,False,-1.05,2.5,65,-94.25,strategy_S9-148__TYPE_F:NIFTY:2026-04-13T14:15:19:LONG
2026-04-13,14:15:47,2026-04-13,14:16:05,NIFTY,SELL,TYPE_F,BOOK_ENTRY_1,BOOK_EXIT_1,23848.3,23841.65,NIFTY13APR2623850PE,23850.0,PE,39.85,40.8,40.0,40.0,40.0,40.0,0.003771,0.002448,ws,ws,book_ladder,book_ladder,False,False,-0.15,0.8,65,61.75,strategy_S9-148__TYPE_F:NIFTY:2026-04-13T14:15:47:SHORT
2026-04-13,14:16:50,2026-04-13,14:17:16,NIFTY,SELL,TYPE_F,BOOK_ENTRY_1,BOOK_EXIT_1,23841.05,23840.5,NIFTY13APR2623850PE,23850.0,PE,40.95,36.5,45.0,35.0,45.0,35.0,0.00367,0.001369,ws,ws,book_ladder,book_ladder,False,False,-4.05,1.5,65,-289.25,strategy_S9-148__TYPE_F:NIFTY:2026-04-13T14:16:50:SHORT
2026-04-13,14:17:43,2026-04-13,14:18:46,NIFTY,BUY,TYPE_F,BOOK_ENTRY_1,BOOK_EXIT_1,23846.6,23860.8,NIFTY13APR2623800CE,23800.0,CE,63.4,71.5,65.0,70.0,65.0,70.0,0.00316,0.002793,ws,ws,book_ladder,book_ladder,False,False,-1.6,1.5,65,526.5,strategy_S9-148__TYPE_F:NIFTY:2026-04-13T14:17:43:LONG
2026-04-13,14:19:03,2026-04-13,14:19:16,NIFTY,SELL,TYPE_F,BOOK_ENTRY_1,BOOK_EXIT_1,23846.2,23845.2,NIFTY13APR2623850PE,23850.0,PE,35.25,34.3,40.0,30.0,40.0,30.0,0.002841,0.002911,ws,ws,book_ladder,book_ladder,False,False,-4.75,4.3,65,-61.75,strategy_S9-148__TYPE_F:NIFTY:2026-04-13T14:19:03:SHORT
2026-04-13,14:20:00,2026-04-13,14:20:23,NIFTY,BUY,TYPE_F,BOOK_ENTRY_1,BOOK_EXIT_1,23856.0,23857.45,NIFTY13APR2623850CE,23850.0,CE,35.95,36.65,40.0,35.0,40.0,35.0,0.004181,0.004084,ws,ws,book_ladder,book_ladder,False,False,-4.05,1.65,65,45.5,strategy_S9-148__TYPE_F:NIFTY:2026-04-13T14:20:00:LONG
2026-04-13,14:21:00,2026-04-13,14:21:15,NIFTY,SELL,TYPE_F,BOOK_ENTRY_1,BOOK_EXIT_1,23855.9,23857.25,NIFTY13APR2623900PE,23900.0,PE,63.8,63.1,65.0,60.0,65.0,60.0,0.00314,0.003165,ws,ws,book_ladder,book_ladder,False,False,-1.2,3.1,65,-45.5,strategy_S9-148__TYPE_F:NIFTY:2026-04-13T14:21:00:SHORT
2026-04-13,14:22:04,2026-04-13,14:22:35,NIFTY,SELL,TYPE_F,BOOK_ENTRY_1,BOOK_EXIT_1,23854.6,23854.2,NIFTY13APR2623900PE,23900.0,PE,63.75,62.5,65.0,60.0,65.0,60.0,0.003142,0.001599,ws,ws,book_ladder,book_ladder,False,False,-1.25,2.5,65,-81.25,strategy_S9-148__TYPE_F:NIFTY:2026-04-13T14:22:04:SHORT
2026-04-13,14:22:45,2026-04-13,14:23:03,NIFTY,BUY,TYPE_F,BOOK_ENTRY_1,BOOK_EXIT_1,23857.95,23863.45,NIFTY13APR2623850CE,23850.0,CE,34.15,38.35,35.0,35.0,35.0,35.0,0.004402,0.001303,ws,ws,book_ladder,book_ladder,False,False,-0.85,3.35,65,273.0,strategy_S9-148__TYPE_F:NIFTY:2026-04-13T14:22:45:LONG
2026-04-13,14:23:15,2026-04-13,14:23:26,NIFTY,BUY,TYPE_F,BOOK_ENTRY_1,BOOK_EXIT_1,23868.5,23866.35,NIFTY13APR2623850CE,23850.0,CE,39.75,40.3,40.0,40.0,40.0,40.0,0.002519,0.002478,ws,ws,book_ladder,book_ladder,False,False,-0.25,0.3,65,35.75,strategy_S9-148__TYPE_F:NIFTY:2026-04-13T14:23:15:LONG
2026-04-13,14:24:03,2026-04-13,14:24:22,NIFTY,SELL,TYPE_F,BOOK_ENTRY_1,BOOK_EXIT_1,23861.55,23858.1,NIFTY13APR2623900PE,23900.0,PE,56.2,57.7,60.0,55.0,60.0,55.0,0.002673,0.002596,ws,ws,book_ladder,book_ladder,False,False,-3.8,2.7,65,97.5,strategy_S9-148__TYPE_F:NIFTY:2026-04-13T14:24:03:SHORT
2026-04-13,14:25:08,2026-04-13,14:25:20,NIFTY,BUY,TYPE_F,BOOK_ENTRY_1,BOOK_EXIT_1,23867.65,23865.8,NIFTY13APR2623850CE,23850.0,CE,40.35,39.7,45.0,35.0,45.0,35.0,0.002481,0.002516,ws,ws,book_ladder,book_ladder,False,False,-4.65,4.7,65,-42.25,strategy_S9-148__TYPE_F:NIFTY:2026-04-13T14:25:08:LONG
2026-04-13,14:25:35,2026-04-13,14:25:57,NIFTY,BUY,TYPE_F,BOOK_ENTRY_1,BOOK_EXIT_1,23873.05,23872.95,NIFTY13APR2623850CE,23850.0,CE,44.65,43.85,45.0,40.0,45.0,40.0,0.002242,0.003415,ws,ws,book_ladder,book_ladder,False,False,-0.35,3.85,65,-52.0,strategy_S9-148__TYPE_F:NIFTY:2026-04-13T14:25:35:LONG
2026-04-13,14:26:36,2026-04-13,14:26:40,NIFTY,SELL,TYPE_F,BOOK_ENTRY_1,BOOK_EXIT_1,23867.4,23871.4,NIFTY13APR2623900PE,23900.0,PE,47.85,45.35,50.0,45.0,50.0,45.0,0.00314,0.003302,ws,ws,book_ladder,book_ladder,False,False,-2.15,0.35,65,-162.5,strategy_S9-148__TYPE_F:NIFTY:2026-04-13T14:26:36:SHORT
2026-04-13,14:26:58,2026-04-13,14:27:06,NIFTY,BUY,TYPE_F,BOOK_ENTRY_1,BOOK_EXIT_1,23877.15,23875.15,NIFTY13APR2623850CE,23850.0,CE,47.3,46.65,50.0,45.0,50.0,45.0,0.002116,0.002141,ws,ws,book_ladder,book_ladder,False,False,-2.7,1.65,65,-42.25,strategy_S9-148__TYPE_F:NIFTY:2026-04-13T14:26:58:LONG
2026-04-13,14:27:31,2026-04-13,14:27:51,NIFTY,BUY,TYPE_F,BOOK_ENTRY_1,BOOK_EXIT_1,23877.7,23879.9,NIFTY13APR2623850CE,23850.0,CE,48.2,49.8,50.0,45.0,50.0,45.0,0.003117,0.002006,ws,ws,book_ladder,book_ladder,False,False,-1.8,4.8,65,104.0,strategy_S9-148__TYPE_F:NIFTY:2026-04-13T14:27:31:LONG
2026-04-13,14:28:44,2026-04-13,14:28:59,NIFTY,SELL,TYPE_F,BOOK_ENTRY_1,BOOK_EXIT_1,23873.65,23874.45,NIFTY13APR2623900PE,23900.0,PE,42.65,43.0,45.0,40.0,45.0,40.0,0.002347,0.003482,ws,ws,book_ladder,book_ladder,False,False,-2.35,3.0,65,22.75,strategy_S9-148__TYPE_F:NIFTY:2026-04-13T14:28:44:SHORT
2026-04-13,14:29:03,2026-04-13,14:29:20,NIFTY,SELL,TYPE_F,BOOK_ENTRY_1,BOOK_EXIT_1,23871.95,23870.5,NIFTY13APR2623900PE,23900.0,PE,45.55,46.45,50.0,45.0,50.0,45.0,0.003299,0.003224,ws,ws,book_ladder,book_ladder,False,False,-4.45,1.45,65,58.5,strategy_S9-148__TYPE_F:NIFTY:2026-04-13T14:29:03:SHORT
2026-04-13,14:29:34,2026-04-13,14:29:41,NIFTY,SELL,TYPE_F,BOOK_ENTRY_1,BOOK_EXIT_1,23867.55,23869.4,NIFTY13APR2623900PE,23900.0,PE,49.25,49.6,50.0,45.0,50.0,45.0,0.002033,0.002014,ws,ws,book_ladder,book_ladder,False,False,-0.75,4.6,65,22.75,strategy_S9-148__TYPE_F:NIFTY:2026-04-13T14:29:34:SHORT
2026-04-13,14:30:00,2026-04-13,14:30:01,NIFTY,SELL,TYPE_F,BOOK_ENTRY_1,BOOK_EXIT_1,23865.45,23868.5,NIFTY13APR2623900PE,23900.0,PE,47.9,47.3,50.0,45.0,50.0,45.0,0.003136,0.002112,ws,ws,book_ladder,book_ladder,False,False,-2.1,2.3,65,-39.0,strategy_S9-148__TYPE_F:NIFTY:2026-04-13T14:30:00:SHORT
2026-04-13,14:30:15,2026-04-13,14:31:06,NIFTY,BUY,TYPE_F,BOOK_ENTRY_1,BOOK_EXIT_1,23879.35,23887.4,NIFTY13APR2623850CE,23850.0,CE,48.3,52.05,50.0,50.0,50.0,50.0,0.00311,0.002878,ws,ws,book_ladder,book_ladder,False,False,-1.7,2.05,65,243.75,strategy_S9-148__TYPE_F:NIFTY:2026-04-13T14:30:15:LONG
2026-04-13,14:31:22,2026-04-13,14:31:25,NIFTY,SELL,TYPE_F,BOOK_ENTRY_1,BOOK_EXIT_1,23878.55,23881.15,NIFTY13APR2623900PE,23900.0,PE,36.0,36.05,40.0,35.0,40.0,35.0,0.002782,0.00277,ws,ws,book_ladder,book_ladder,False,False,-4.0,1.05,65,3.25,strategy_S9-148__TYPE_F:NIFTY:2026-04-13T14:31:22:SHORT
2026-04-13,14:32:45,2026-04-13,14:33:02,NIFTY,BUY,TYPE_F,BOOK_ENTRY_1,BOOK_EXIT_1,23885.5,23885.1,NIFTY13APR2623850CE,23850.0,CE,53.15,53.15,55.0,50.0,55.0,50.0,0.002826,0.003756,ws,ws,book_ladder,book_ladder,False,False,-1.85,3.15,65,0.0,strategy_S9-148__TYPE_F:NIFTY:2026-04-13T14:32:45:LONG
2026-04-13,14:33:16,2026-04-13,14:33:43,NIFTY,BUY,TYPE_F,BOOK_ENTRY_1,BOOK_EXIT_1,23888.25,23888.5,NIFTY13APR2623850CE,23850.0,CE,53.65,59.25,55.0,55.0,55.0,55.0,0.0028,0.002528,ws,ws,book_ladder,book_ladder,False,False,-1.35,4.25,65,364.0,strategy_S9-148__TYPE_F:NIFTY:2026-04-13T14:33:16:LONG
2026-04-13,14:34:58,2026-04-13,14:35:25,NIFTY,SELL,TYPE_F,BOOK_ENTRY_1,BOOK_EXIT_1,23880.65,23877.75,NIFTY13APR2623900PE,23900.0,PE,33.85,36.3,35.0,35.0,35.0,35.0,0.002959,0.004124,ws,ws,book_ladder,book_ladder,False,False,-1.15,1.3,65,159.25,strategy_S9-148__TYPE_F:NIFTY:2026-04-13T14:34:58:SHORT
2026-04-13,14:35:46,2026-04-13,14:36:04,NIFTY,BUY,TYPE_F,BOOK_ENTRY_1,BOOK_EXIT_1,23882.0,23882.95,NIFTY13APR2623850CE,23850.0,CE,52.1,52.35,55.0,50.0,55.0,50.0,0.002883,0.002861,ws,ws,book_ladder,book_ladder,False,False,-2.9,2.35,65,16.25,strategy_S9-148__TYPE_F:NIFTY:2026-04-13T14:35:46:LONG
2026-04-13,14:36:41,2026-04-13,14:36:56,NIFTY,SELL,TYPE_F,BOOK_ENTRY_1,BOOK_EXIT_1,23880.1,23882.1,NIFTY13APR2623900PE,23900.0,PE,34.8,35.05,35.0,35.0,35.0,35.0,0.002878,0.002849,ws,ws,book_ladder,book_ladder,False,False,-0.2,0.05,65,16.25,strategy_S9-148__TYPE_F:NIFTY:2026-04-13T14:36:41:SHORT
2026-04-13,14:37:31,2026-04-13,14:37:57,NIFTY,SELL,TYPE_F,BOOK_ENTRY_1,BOOK_EXIT_1,23877.7,23878.7,NIFTY13APR2623900PE,23900.0,PE,35.8,33.15,40.0,30.0,40.0,30.0,0.001398,0.003012,ws,ws,book_ladder,book_ladder,False,False,-4.2,3.15,65,-172.25,strategy_S9-148__TYPE_F:NIFTY:2026-04-13T14:37:31:SHORT
2026-04-13,14:38:15,2026-04-13,14:38:35,NIFTY,BUY,TYPE_F,BOOK_ENTRY_1,BOOK_EXIT_1,23890.5,23895.9,NIFTY13APR2623850CE,23850.0,CE,54.6,54.0,55.0,50.0,55.0,50.0,0.00367,0.000925,ws,ws,book_ladder,book_ladder,False,False,-0.4,4.0,65,-39.0,strategy_S9-148__TYPE_F:NIFTY:2026-04-13T14:38:15:LONG
2026-04-13,14:39:14,2026-04-13,14:39:46,NIFTY,SELL,TYPE_F,BOOK_ENTRY_1,BOOK_EXIT_1,23887.0,23882.65,NIFTY13APR2623900PE,23900.0,PE,32.95,35.95,35.0,35.0,35.0,35.0,0.00304,0.004164,ws,ws,book_ladder,book_ladder,False,False,-2.05,0.95,65,195.0,strategy_S9-148__TYPE_F:NIFTY:2026-04-13T14:39:14:SHORT
2026-04-13,14:40:00,2026-04-13,14:40:20,NIFTY,SELL,TYPE_F,BOOK_ENTRY_1,BOOK_EXIT_1,23870.65,23872.55,NIFTY13APR2623900PE,23900.0,PE,44.0,44.9,45.0,40.0,45.0,40.0,0.002275,0.003335,ws,ws,book_ladder,book_ladder,False,False,-1.0,4.9,65,58.5,strategy_S9-148__TYPE_F:NIFTY:2026-04-13T14:40:00:SHORT
2026-04-13,14:41:17,2026-04-13,14:41:43,NIFTY,BUY,TYPE_F,BOOK_ENTRY_1,BOOK_EXIT_1,23877.85,23878.15,NIFTY13APR2623850CE,23850.0,CE,39.1,40.2,40.0,40.0,40.0,40.0,0.003844,0.002484,ws,ws,book_ladder,book_ladder,False,False,-0.9,0.2,65,71.5,strategy_S9-148__TYPE_F:NIFTY:2026-04-13T14:41:17:LONG
2026-04-13,14:42:30,2026-04-13,14:42:55,NIFTY,SELL,TYPE_F,BOOK_ENTRY_1,BOOK_EXIT_1,23869.45,23867.85,NIFTY13APR2623900PE,23900.0,PE,47.85,47.7,50.0,45.0,50.0,45.0,0.00314,0.002094,ws,ws,book_ladder,book_ladder,False,False,-2.15,2.7,65,-9.75,strategy_S9-148__TYPE_F:NIFTY:2026-04-13T14:42:30:SHORT
2026-04-13,14:43:00,2026-04-13,14:43:07,NIFTY,SELL,TYPE_F,BOOK_ENTRY_1,BOOK_EXIT_1,23864.75,23867.35,NIFTY13APR2623900PE,23900.0,PE,51.85,48.55,55.0,45.0,55.0,45.0,0.002897,0.003085,ws,ws,book_ladder,book_ladder,False,False,-3.15,3.55,65,-214.5,strategy_S9-148__TYPE_F:NIFTY:2026-04-13T14:43:00:SHORT
2026-04-13,14:43:16,2026-04-13,14:43:32,NIFTY,SELL,TYPE_F,BOOK_ENTRY_1,BOOK_EXIT_1,23862.3,23860.15,NIFTY13APR2623900PE,23900.0,PE,53.65,55.05,55.0,55.0,55.0,55.0,0.0028,0.002721,ws,ws,book_ladder,book_ladder,False,False,-1.35,0.05,65,91.0,strategy_S9-148__TYPE_F:NIFTY:2026-04-13T14:43:16:SHORT
2026-04-13,14:44:07,2026-04-13,14:44:17,NIFTY,SELL,TYPE_F,BOOK_ENTRY_1,BOOK_EXIT_1,23855.75,23857.9,NIFTY13APR2623900PE,23900.0,PE,57.55,56.95,60.0,55.0,60.0,55.0,0.00261,0.000878,ws,ws,book_ladder,book_ladder,False,False,-2.45,1.95,65,-39.0,strategy_S9-148__TYPE_F:NIFTY:2026-04-13T14:44:07:SHORT
2026-04-13,14:44:35,2026-04-13,14:44:50,NIFTY,BUY,TYPE_F,BOOK_ENTRY_1,BOOK_EXIT_1,23863.15,23869.55,NIFTY13APR2623850CE,23850.0,CE,26.95,30.4,30.0,30.0,30.0,30.0,0.003717,0.003284,ws,ws,book_ladder,book_ladder,False,False,-3.05,0.4,65,224.25,strategy_S9-148__TYPE_F:NIFTY:2026-04-13T14:44:35:LONG
2026-04-13,14:45:30,2026-04-13,14:45:35,NIFTY,SELL,TYPE_F,BOOK_ENTRY_1,BOOK_EXIT_1,23854.6,23858.1,NIFTY13APR2623900PE,23900.0,PE,48.5,47.85,50.0,45.0,50.0,45.0,0.002064,0.001044,ws,ws,book_ladder,book_ladder,False,False,-1.5,2.85,65,-42.25,strategy_S9-148__TYPE_F:NIFTY:2026-04-13T14:45:30:SHORT
2026-04-13,14:45:50,2026-04-13,14:46:24,NIFTY,BUY,TYPE_F,BOOK_ENTRY_1,BOOK_EXIT_1,23864.8,23872.55,NIFTY13APR2623850CE,23850.0,CE,29.3,32.05,30.0,30.0,30.0,30.0,0.003419,0.004669,ws,ws,book_ladder,book_ladder,False,False,-0.7,2.05,65,178.75,strategy_S9-148__TYPE_F:NIFTY:2026-04-13T14:45:50:LONG
2026-04-13,14:47:20,2026-04-13,14:47:25,NIFTY,SELL,TYPE_F,BOOK_ENTRY_1,BOOK_EXIT_1,23867.5,23869.6,NIFTY13APR2623900PE,23900.0,PE,46.15,45.85,50.0,45.0,50.0,45.0,0.003256,0.002179,ws,ws,book_ladder,book_ladder,False,False,-3.85,0.85,65,-19.5,strategy_S9-148__TYPE_F:NIFTY:2026-04-13T14:47:20:SHORT
2026-04-13,14:48:18,2026-04-13,14:49:34,NIFTY,BUY,TYPE_F,BOOK_ENTRY_1,BOOK_EXIT_1,23872.2,23885.5,NIFTY13APR2623850CE,23850.0,CE,31.1,43.75,35.0,40.0,35.0,40.0,0.003221,0.002283,ws,ws,book_ladder,book_ladder,False,False,-3.9,3.75,65,822.25,strategy_S9-148__TYPE_F:NIFTY:2026-04-13T14:48:18:LONG
2026-04-13,14:50:24,2026-04-13,14:50:33,NIFTY,SELL,TYPE_F,BOOK_ENTRY_1,BOOK_EXIT_1,23879.8,23879.25,NIFTY13APR2623900PE,23900.0,PE,29.8,28.9,30.0,25.0,30.0,25.0,0.001679,0.003454,ws,ws,book_ladder,book_ladder,False,False,-0.2,3.9,65,-58.5,strategy_S9-148__TYPE_F:NIFTY:2026-04-13T14:50:24:SHORT
2026-04-13,14:51:17,2026-04-13,14:51:29,NIFTY,BUY,TYPE_F,BOOK_ENTRY_1,BOOK_EXIT_1,23883.85,23882.5,NIFTY13APR2623850CE,23850.0,CE,44.3,44.15,45.0,40.0,45.0,40.0,0.00226,0.002262,ws,ws,book_ladder,book_ladder,False,False,-0.7,4.15,65,-9.75,strategy_S9-148__TYPE_F:NIFTY:2026-04-13T14:51:17:LONG
2026-04-13,14:51:40,2026-04-13,14:52:05,NIFTY,BUY,TYPE_F,BOOK_ENTRY_1,BOOK_EXIT_1,23887.8,23885.6,NIFTY13APR2623850CE,23850.0,CE,46.9,46.65,50.0,45.0,50.0,45.0,0.003203,0.00321,ws,ws,book_ladder,book_ladder,False,False,-3.1,1.65,65,-16.25,strategy_S9-148__TYPE_F:NIFTY:2026-04-13T14:51:40:LONG
2026-04-13,14:52:26,2026-04-13,14:52:49,NIFTY,BUY,TYPE_F,BOOK_ENTRY_1,BOOK_EXIT_1,23889.75,23889.85,NIFTY13APR2623850CE,23850.0,CE,48.75,47.65,50.0,45.0,50.0,45.0,0.003082,0.002096,ws,ws,book_ladder,book_ladder,False,False,-1.25,2.65,65,-71.5,strategy_S9-148__TYPE_F:NIFTY:2026-04-13T14:52:26:LONG
2026-04-13,14:53:22,2026-04-13,14:53:31,NIFTY,SELL,TYPE_F,BOOK_ENTRY_1,BOOK_EXIT_1,23882.25,23884.4,NIFTY13APR2623900PE,23900.0,PE,28.2,25.0,30.0,25.0,30.0,25.0,0.003552,0.001998,ws,ws,book_ladder,book_ladder,False,False,-1.8,0.0,65,-208.0,strategy_S9-148__TYPE_F:NIFTY:2026-04-13T14:53:22:SHORT
2026-04-13,14:54:30,2026-04-13,14:54:48,NIFTY,SELL,TYPE_F,BOOK_ENTRY_1,BOOK_EXIT_1,23876.75,23880.85,NIFTY13APR2623900PE,23900.0,PE,28.8,26.05,30.0,25.0,30.0,25.0,0.003478,0.003831,ws,ws,book_ladder,book_ladder,False,False,-1.2,1.05,65,-178.75,strategy_S9-148__TYPE_F:NIFTY:2026-04-13T14:54:30:SHORT
2026-04-13,14:55:03,2026-04-13,14:55:25,NIFTY,BUY,TYPE_F,BOOK_ENTRY_1,BOOK_EXIT_1,23889.25,23893.5,NIFTY13APR2623850CE,23850.0,CE,48.1,52.6,50.0,50.0,50.0,50.0,0.002081,0.003795,ws,ws,book_ladder,book_ladder,False,False,-1.9,2.6,65,292.5,strategy_S9-148__TYPE_F:NIFTY:2026-04-13T14:55:03:LONG
2026-04-13,14:56:09,2026-04-13,14:56:18,NIFTY,SELL,TYPE_F,BOOK_ENTRY_1,BOOK_EXIT_1,23887.35,23889.7,NIFTY13APR2623900PE,23900.0,PE,22.8,21.05,25.0,20.0,25.0,20.0,0.004396,0.004739,ws,ws,book_ladder,book_ladder,False,False,-2.2,1.05,65,-113.75,strategy_S9-148__TYPE_F:NIFTY:2026-04-13T14:56:09:SHORT
2026-04-13,14:56:30,2026-04-13,14:56:42,NIFTY,SELL,TYPE_F,BOOK_ENTRY_1,BOOK_EXIT_1,23886.1,23886.6,NIFTY13APR2623900PE,23900.0,PE,23.05,22.45,25.0,20.0,25.0,20.0,0.004348,0.004444,ws,ws,book_ladder,book_ladder,False,False,-1.95,2.45,65,-39.0,strategy_S9-148__TYPE_F:NIFTY:2026-04-13T14:56:30:SHORT
2026-04-13,14:57:00,2026-04-13,14:57:06,NIFTY,SELL,TYPE_F,BOOK_ENTRY_1,BOOK_EXIT_1,23884.35,23885.3,NIFTY13APR2623900PE,23900.0,PE,23.8,22.3,25.0,20.0,25.0,20.0,0.002103,0.00224,ws,ws,book_ladder,book_ladder,False,False,-1.2,2.3,65,-97.5,strategy_S9-148__TYPE_F:NIFTY:2026-04-13T14:57:00:SHORT
2026-04-13,14:57:31,2026-04-13,14:57:55,NIFTY,SELL,TYPE_F,BOOK_ENTRY_1,BOOK_EXIT_1,23883.45,23884.55,NIFTY13APR2623900PE,23900.0,PE,21.65,20.2,25.0,20.0,25.0,20.0,0.002312,0.004938,ws,ws,book_ladder,book_ladder,False,False,-3.35,0.2,65,-94.25,strategy_S9-148__TYPE_F:NIFTY:2026-04-13T14:57:31:SHORT
2026-04-13,14:58:32,2026-04-13,14:58:54,NIFTY,BUY,TYPE_F,BOOK_ENTRY_1,BOOK_EXIT_1,23891.9,23895.1,NIFTY13APR2623850CE,23850.0,CE,46.05,50.9,50.0,50.0,50.0,50.0,0.002174,0.001963,ws,ws,book_ladder,book_ladder,False,False,-3.95,0.9,65,315.25,strategy_S9-148__TYPE_F:NIFTY:2026-04-13T14:58:32:LONG
2026-04-13,14:59:38,2026-04-13,15:01:07,NIFTY,SELL,TYPE_F,BOOK_ENTRY_1,BOOK_EXIT_1,23888.75,23844.3,NIFTY13APR2623900PE,23900.0,PE,21.7,55.75,25.0,55.0,25.0,55.0,0.004619,0.003581,ws,ws,book_ladder,book_ladder,False,False,-3.3,0.75,65,2213.25,strategy_S9-148__TYPE_F:NIFTY:2026-04-13T14:59:38:SHORT
2026-04-13,15:01:30,2026-04-13,15:01:47,NIFTY,SELL,TYPE_F,BOOK_ENTRY_1,BOOK_EXIT_1,23834.7,23828.35,NIFTY13APR2623850PE,23850.0,PE,20.65,24.1,25.0,20.0,25.0,20.0,0.002424,0.002073,ws,ws,book_ladder,book_ladder,False,False,-4.35,4.1,65,224.25,strategy_S9-148__TYPE_F:NIFTY:2026-04-13T15:01:30:SHORT
2026-04-13,15:02:06,2026-04-13,15:02:40,NIFTY,BUY,TYPE_F,BOOK_ENTRY_1,BOOK_EXIT_1,23845.5,23860.9,NIFTY13APR2623800CE,23800.0,CE,51.75,55.2,55.0,55.0,55.0,55.0,0.003872,0.004519,ws,ws,book_ladder,book_ladder,False,False,-3.25,0.2,65,224.25,strategy_S9-148__TYPE_F:NIFTY:2026-04-13T15:02:06:LONG
2026-04-13,15:02:49,2026-04-13,15:03:13,NIFTY,BUY,TYPE_F,BOOK_ENTRY_1,BOOK_EXIT_1,23867.4,23880.4,NIFTY13APR2623850CE,23850.0,CE,14.55,22.45,15.0,20.0,15.0,20.0,0.006897,0.004444,ws,ws,book_ladder,book_ladder,False,False,-0.45,2.45,65,513.5,strategy_S9-148__TYPE_F:NIFTY:2026-04-13T15:02:49:LONG
2026-04-13,15:03:52,2026-04-13,15:04:07,NIFTY,SELL,TYPE_F,BOOK_ENTRY_1,BOOK_EXIT_1,23870.95,23863.35,NIFTY13APR2623900PE,23900.0,PE,40.9,41.9,45.0,40.0,45.0,40.0,0.003674,0.003574,ws,ws,book_ladder,book_ladder,False,False,-4.1,1.9,65,65.0,strategy_S9-148__TYPE_F:NIFTY:2026-04-13T15:03:52:SHORT
2026-04-13,15:04:15,2026-04-13,15:05:04,NIFTY,SELL,TYPE_F,BOOK_ENTRY_1,BOOK_EXIT_1,23855.2,23843.1,NIFTY13APR2623900PE,23900.0,PE,43.65,51.45,45.0,50.0,45.0,50.0,0.003442,0.002911,ws,ws,book_ladder,book_ladder,False,False,-1.35,1.45,65,507.0,strategy_S9-148__TYPE_F:NIFTY:2026-04-13T15:04:15:SHORT
2026-04-13,15:05:20,2026-04-13,15:05:54,NIFTY,SELL,TYPE_F,BOOK_ENTRY_1,BOOK_EXIT_1,23832.85,23833.75,NIFTY13APR2623850PE,23850.0,PE,12.1,12.05,15.0,10.0,15.0,10.0,0.004141,0.008264,ws,ws,book_ladder,book_ladder,False,False,-2.9,2.05,65,-3.25,strategy_S9-148__TYPE_F:NIFTY:2026-04-13T15:05:20:SHORT
2026-04-13,15:06:02,2026-04-13,15:06:45,NIFTY,BUY,TYPE_F,BOOK_ENTRY_1,BOOK_EXIT_1,23844.9,23860.6,NIFTY13APR2623800CE,23800.0,CE,48.25,51.85,50.0,50.0,50.0,50.0,0.003114,0.002889,ws,ws,book_ladder,book_ladder,False,False,-1.75,1.85,65,234.0,strategy_S9-148__TYPE_F:NIFTY:2026-04-13T15:06:02:LONG
2026-04-13,15:07:15,2026-04-13,15:08:07,NIFTY,SELL,TYPE_F,BOOK_ENTRY_1,BOOK_EXIT_1,23852.85,23832.5,NIFTY13APR2623900PE,23900.0,PE,54.45,62.1,55.0,60.0,55.0,60.0,0.00368,0.003215,ws,ws,book_ladder,book_ladder,False,False,-0.55,2.1,65,497.25,strategy_S9-148__TYPE_F:NIFTY:2026-04-13T15:07:15:SHORT
2026-04-13,15:08:21,2026-04-13,15:08:40,NIFTY,BUY,TYPE_F,BOOK_ENTRY_1,BOOK_EXIT_1,23842.5,23845.7,NIFTY13APR2623800CE,23800.0,CE,42.15,40.0,45.0,40.0,45.0,40.0,0.004756,0.002497,ws,ws,book_ladder,book_ladder,False,False,-2.85,0.0,65,-139.75,strategy_S9-148__TYPE_F:NIFTY:2026-04-13T15:08:21:LONG
2026-04-13,15:11:07,2026-04-13,15:11:23,NIFTY,SELL,TYPE_F,BOOK_ENTRY_1,BOOK_EXIT_1,23834.7,23833.85,NIFTY13APR2623850PE,23850.0,PE,18.05,16.35,20.0,15.0,20.0,15.0,0.005556,0.006098,ws,ws,book_ladder,book_ladder,False,False,-1.95,1.35,65,-110.5,strategy_S9-148__TYPE_F:NIFTY:2026-04-13T15:11:07:SHORT
2026-04-13,15:13:00,2026-04-13,15:14:12,NIFTY,SELL,TYPE_F,BOOK_ENTRY_1,BOOK_EXIT_1,23843.7,23830.6,NIFTY13APR2623850PE,23850.0,PE,14.0,14.35,15.0,10.0,15.0,10.0,0.007168,0.006944,ws,ws,book_ladder,book_ladder,False,False,-1.0,4.35,65,22.75,strategy_S9-148__TYPE_F:NIFTY:2026-04-13T15:13:00:SHORT
2026-04-13,15:14:33,2026-04-13,15:14:56,NIFTY,BUY,TYPE_F,BOOK_ENTRY_1,BOOK_EXIT_1,23837.25,23845.35,NIFTY13APR2623800CE,23800.0,CE,38.2,39.6,40.0,35.0,40.0,35.0,0.002621,0.002522,ws,ws,book_ladder,book_ladder,False,False,-1.8,4.6,65,91.0,strategy_S9-148__TYPE_F:NIFTY:2026-04-13T15:14:33:LONG
2026-04-13,15:16:54,2026-04-13,15:17:44,NIFTY,SELL,TYPE_F,BOOK_ENTRY_1,BOOK_EXIT_1,23832.1,23827.6,NIFTY13APR2623850PE,23850.0,PE,12.35,12.5,15.0,10.0,15.0,10.0,0.004057,0.007968,ws,ws,book_ladder,book_ladder,False,False,-2.65,2.5,65,9.75,strategy_S9-148__TYPE_F:NIFTY:2026-04-13T15:16:54:SHORT
2026-04-13,15:18:00,2026-04-13,15:18:15,NIFTY,BUY,TYPE_F,BOOK_ENTRY_1,BOOK_EXIT_1,23835.05,23837.4,NIFTY13APR2623800CE,23800.0,CE,39.25,39.5,40.0,35.0,40.0,35.0,0.002551,0.002528,ws,ws,book_ladder,book_ladder,False,False,-0.75,4.5,65,16.25,strategy_S9-148__TYPE_F:NIFTY:2026-04-13T15:18:00:LONG
2026-04-13,15:19:37,2026-04-13,15:20:26,NIFTY,SELL,TYPE_F,BOOK_ENTRY_1,BOOK_EXIT_1,23832.55,23823.6,NIFTY13APR2623850PE,23850.0,PE,11.55,13.75,15.0,10.0,15.0,10.0,0.008696,0.007246,ws,ws,book_ladder,book_ladder,False,False,-3.45,3.75,65,143.0,strategy_S9-148__TYPE_F:NIFTY:2026-04-13T15:19:37:SHORT
2026-04-13,15:20:56,2026-04-13,15:21:22,NIFTY,BUY,TYPE_F,BOOK_ENTRY_1,BOOK_EXIT_1,23830.15,23830.55,NIFTY13APR2623800CE,23800.0,CE,39.0,39.25,40.0,35.0,40.0,35.0,0.003854,0.002545,ws,ws,book_ladder,book_ladder,False,False,-1.0,4.25,65,16.25,strategy_S9-148__TYPE_F:NIFTY:2026-04-13T15:20:56:LONG
2026-04-13,15:22:30,2026-04-13,15:22:34,NIFTY,BUY,TYPE_F,BOOK_ENTRY_1,BOOK_EXIT_1,23831.7,23829.1,NIFTY13APR2623800CE,23800.0,CE,39.7,40.3,40.0,40.0,40.0,40.0,0.003785,0.002478,ws,ws,book_ladder,book_ladder,False,False,-0.3,0.3,65,39.0,strategy_S9-148__TYPE_F:NIFTY:2026-04-13T15:22:30:LONG
2026-04-13,15:22:48,2026-04-13,15:23:45,NIFTY,SELL,TYPE_F,BOOK_ENTRY_1,BOOK_EXIT_1,23826.25,23820.2,NIFTY13APR2623850PE,23850.0,PE,10.85,11.6,15.0,10.0,15.0,10.0,0.004619,0.004301,ws,ws,book_ladder,book_ladder,False,False,-4.15,1.6,65,48.75,strategy_S9-148__TYPE_F:NIFTY:2026-04-13T15:22:48:SHORT
2026-04-13,15:24:45,2026-04-13,15:25:04,NIFTY,BUY,TYPE_F,BOOK_ENTRY_1,BOOK_EXIT_1,23823.35,23820.3,NIFTY13APR2623800CE,23800.0,CE,40.4,39.6,45.0,35.0,45.0,35.0,0.001238,0.003781,ws,ws,book_ladder,book_ladder,False,False,-4.6,4.6,65,-52.0,strategy_S9-148__TYPE_F:NIFTY:2026-04-13T15:24:45:LONG
2026-04-15,09:18:03,2026-04-15,09:18:16,NIFTY,SELL,TYPE_F,BOOK_ENTRY_1,BOOK_EXIT_1,24225.15,24228.0,NIFTY21APR2624250PE,24250.0,PE,223.9,219.7,225.0,215.0,225.0,215.0,0.00067,0.001819,ws,ws,book_ladder,book_ladder,False,False,-1.1,4.7,65,-273.0,strategy_S9-148__TYPE_F:NIFTY:2026-04-15T09:18:03:SHORT
2026-04-15,09:18:43,2026-04-15,09:18:55,NIFTY,BUY,TYPE_F,BOOK_ENTRY_1,BOOK_EXIT_1,24237.05,24234.8,NIFTY21APR2624200CE,24200.0,CE,248.2,250.4,250.0,250.0,250.0,250.0,0.000806,0.000798,ws,ws,book_ladder,book_ladder,False,False,-1.8,0.4,65,143.0,strategy_S9-148__TYPE_F:NIFTY:2026-04-15T09:18:43:LONG
2026-04-15,09:19:45,2026-04-15,09:20:10,NIFTY,BUY,TYPE_F,BOOK_ENTRY_1,BOOK_EXIT_1,24233.45,24232.35,NIFTY21APR2624200CE,24200.0,CE,247.7,245.05,250.0,245.0,250.0,245.0,0.000606,0.002445,ws,ws,book_ladder,book_ladder,False,False,-2.3,0.05,65,-172.25,strategy_S9-148__TYPE_F:NIFTY:2026-04-15T09:19:45:LONG
2026-04-15,09:20:40,2026-04-15,09:20:49,NIFTY,SELL,TYPE_F,BOOK_ENTRY_1,BOOK_EXIT_1,24227.85,24231.45,NIFTY21APR2624250PE,24250.0,PE,218.2,215.0,220.0,215.0,220.0,215.0,0.000917,0.002091,ws,ws,book_ladder,book_ladder,False,False,-1.8,0.0,65,-208.0,strategy_S9-148__TYPE_F:NIFTY:2026-04-15T09:20:40:SHORT
2026-04-15,09:21:26,2026-04-15,09:21:50,NIFTY,SELL,TYPE_F,BOOK_ENTRY_1,BOOK_EXIT_1,24226.5,24223.25,NIFTY21APR2624250PE,24250.0,PE,219.35,223.05,220.0,220.0,220.0,220.0,0.002282,0.002239,ws,ws,book_ladder,book_ladder,False,False,-0.65,3.05,65,240.5,strategy_S9-148__TYPE_F:NIFTY:2026-04-15T09:21:26:SHORT
2026-04-15,09:22:00,2026-04-15,09:22:10,NIFTY,SELL,TYPE_F,BOOK_ENTRY_1,BOOK_EXIT_1,24217.7,24220.95,NIFTY21APR2624250PE,24250.0,PE,225.8,223.75,230.0,220.0,230.0,220.0,0.001329,0.000447,ws,ws,book_ladder,book_ladder,False,False,-4.2,3.75,65,-133.25,strategy_S9-148__TYPE_F:NIFTY:2026-04-15T09:22:00:SHORT
2026-04-15,09:22:29,2026-04-15,09:22:37,NIFTY,BUY,TYPE_F,BOOK_ENTRY_1,BOOK_EXIT_1,24228.7,24223.05,NIFTY21APR2624200CE,24200.0,CE,247.65,245.7,250.0,245.0,250.0,245.0,0.001616,0.00122,ws,ws,book_ladder,book_ladder,False,False,-2.35,0.7,65,-126.75,strategy_S9-148__TYPE_F:NIFTY:2026-04-15T09:22:29:LONG
2026-04-15,09:24:15,2026-04-15,09:24:54,NIFTY,SELL,TYPE_F,BOOK_ENTRY_1,BOOK_EXIT_1,24220.05,24211.9,NIFTY21APR2624250PE,24250.0,PE,225.8,229.15,230.0,225.0,230.0,225.0,0.001773,0.00218,ws,ws,book_ladder,book_ladder,False,False,-4.2,4.15,65,217.75,strategy_S9-148__TYPE_F:NIFTY:2026-04-15T09:24:15:SHORT
2026-04-15,09:25:30,2026-04-15,09:25:50,NIFTY,SELL,TYPE_F,BOOK_ENTRY_1,BOOK_EXIT_1,24205.8,24207.3,NIFTY21APR2624250PE,24250.0,PE,230.0,230.2,230.0,230.0,230.0,230.0,0.001523,0.000868,ws,ws,book_ladder,book_ladder,False,False,0.0,0.2,65,13.0,strategy_S9-148__TYPE_F:NIFTY:2026-04-15T09:25:30:SHORT
2026-04-15,09:26:50,2026-04-15,09:26:55,NIFTY,BUY,TYPE_F,BOOK_ENTRY_1,BOOK_EXIT_1,24210.5,24207.35,NIFTY21APR2624200CE,24200.0,CE,239.85,239.25,240.0,235.0,240.0,235.0,0.002087,0.001462,ws,ws,book_ladder,book_ladder,False,False,-0.15,4.25,65,-39.0,strategy_S9-148__TYPE_F:NIFTY:2026-04-15T09:26:50:LONG
2026-04-15,09:27:15,2026-04-15,09:27:38,NIFTY,SELL,TYPE_F,BOOK_ENTRY_1,BOOK_EXIT_1,24205.0,24197.85,NIFTY21APR2624250PE,24250.0,PE,235.0,239.35,235.0,235.0,235.0,235.0,0.000213,0.001461,ws,ws,book_ladder,book_ladder,False,False,0.0,4.35,65,282.75,strategy_S9-148__TYPE_F:NIFTY:2026-04-15T09:27:15:SHORT
2026-04-15,09:28:00,2026-04-15,09:28:19,NIFTY,SELL,TYPE_F,BOOK_ENTRY_1,BOOK_EXIT_1,24189.5,24190.3,NIFTY21APR2624200PE,24200.0,PE,221.45,221.35,225.0,220.0,225.0,220.0,0.00226,0.00158,ws,ws,book_ladder,book_ladder,False,False,-3.55,1.35,65,-6.5,strategy_S9-148__TYPE_F:NIFTY:2026-04-15T09:28:00:SHORT
2026-04-15,09:30:15,2026-04-15,09:30:35,NIFTY,SELL,TYPE_F,BOOK_ENTRY_1,BOOK_EXIT_1,24185.85,24181.45,NIFTY21APR2624200PE,24200.0,PE,223.9,229.55,225.0,225.0,225.0,225.0,0.000447,0.001741,ws,ws,book_ladder,book_ladder,False,False,-1.1,4.55,65,367.25,strategy_S9-148__TYPE_F:NIFTY:2026-04-15T09:30:15:SHORT
2026-04-15,09:31:11,2026-04-15,09:31:20,NIFTY,SELL,TYPE_F,BOOK_ENTRY_1,BOOK_EXIT_1,24179.65,24179.35,NIFTY21APR2624200PE,24200.0,PE,230.0,232.0,230.0,230.0,230.0,230.0,0.001523,0.001292,ws,ws,book_ladder,book_ladder,False,False,0.0,2.0,65,130.0,strategy_S9-148__TYPE_F:NIFTY:2026-04-15T09:31:11:SHORT
2026-04-15,09:31:30,2026-04-15,09:31:36,NIFTY,SELL,TYPE_F,BOOK_ENTRY_1,BOOK_EXIT_1,24174.75,24179.2,NIFTY21APR2624200PE,24200.0,PE,231.95,231.4,235.0,230.0,235.0,230.0,0.001726,0.001943,ws,ws,book_ladder,book_ladder,False,False,-3.05,1.4,65,-35.75,strategy_S9-148__TYPE_F:NIFTY:2026-04-15T09:31:30:SHORT
2026-04-15,09:33:01,2026-04-15,09:33:11,NIFTY,BUY,TYPE_F,BOOK_ENTRY_1,BOOK_EXIT_1,24186.4,24181.55,NIFTY21APR2624150CE,24150.0,CE,262.5,260.45,265.0,260.0,265.0,260.0,0.001907,0.001918,ws,ws,book_ladder,book_ladder,False,False,-2.5,0.45,65,-133.25,strategy_S9-148__TYPE_F:NIFTY:2026-04-15T09:33:01:LONG
2026-04-15,09:33:36,2026-04-15,09:33:41,NIFTY,SELL,TYPE_F,BOOK_ENTRY_1,BOOK_EXIT_1,24171.55,24175.3,NIFTY21APR2624200PE,24200.0,PE,236.3,234.0,240.0,230.0,240.0,230.0,0.001482,0.002134,ws,ws,book_ladder,book_ladder,False,False,-3.7,4.0,65,-149.5,strategy_S9-148__TYPE_F:NIFTY:2026-04-15T09:33:36:SHORT
2026-04-15,09:34:11,2026-04-15,09:34:38,NIFTY,SELL,TYPE_F,BOOK_ENTRY_1,BOOK_EXIT_1,24174.3,24169.25,NIFTY21APR2624200PE,24200.0,PE,234.45,237.15,235.0,235.0,235.0,235.0,0.002135,0.001054,ws,ws,book_ladder,book_ladder,False,False,-0.55,2.15,65,175.5,strategy_S9-148__TYPE_F:NIFTY:2026-04-15T09:34:11:SHORT
2026-04-15,09:35:17,2026-04-15,09:35:25,NIFTY,SELL,TYPE_F,BOOK_ENTRY_1,BOOK_EXIT_1,24167.35,24171.15,NIFTY21APR2624200PE,24200.0,PE,239.4,236.55,240.0,235.0,240.0,235.0,0.0023,0.000845,ws,ws,book_ladder,book_ladder,False,False,-0.6,1.55,65,-185.25,strategy_S9-148__TYPE_F:NIFTY:2026-04-15T09:35:17:SHORT
2026-04-15,09:36:23,2026-04-15,09:36:35,NIFTY,BUY,TYPE_F,BOOK_ENTRY_1,BOOK_EXIT_1,24177.1,24177.3,NIFTY21APR2624150CE,24150.0,CE,261.0,260.15,265.0,260.0,265.0,260.0,0.00115,0.00192,ws,ws,book_ladder,book_ladder,False,False,-4.0,0.15,65,-55.25,strategy_S9-148__TYPE_F:NIFTY:2026-04-15T09:36:23:LONG
2026-04-15,09:37:50,2026-04-15,09:37:55,NIFTY,BUY,TYPE_F,BOOK_ENTRY_1,BOOK_EXIT_1,24175.9,24172.55,NIFTY21APR2624150CE,24150.0,CE,261.4,260.85,265.0,260.0,265.0,260.0,0.001531,0.000192,ws,ws,book_ladder,book_ladder,False,False,-3.6,0.85,65,-35.75,strategy_S9-148__TYPE_F:NIFTY:2026-04-15T09:37:50:LONG
2026-04-15,09:38:16,2026-04-15,09:39:15,NIFTY,SELL,TYPE_F,BOOK_ENTRY_1,BOOK_EXIT_1,24168.95,24149.95,NIFTY21APR2624200PE,24200.0,PE,241.85,253.75,245.0,250.0,245.0,250.0,0.001655,0.000788,ws,ws,book_ladder,book_ladder,False,False,-3.15,3.75,65,773.5,strategy_S9-148__TYPE_F:NIFTY:2026-04-15T09:38:16:SHORT
2026-04-15,09:39:30,2026-04-15,09:39:37,NIFTY,BUY,TYPE_F,BOOK_ENTRY_1,BOOK_EXIT_1,24157.25,24155.2,NIFTY21APR2624150CE,24150.0,CE,253.65,253.8,255.0,250.0,255.0,250.0,0.000789,0.002165,ws,ws,book_ladder,book_ladder,False,False,-1.35,3.8,65,9.75,strategy_S9-148__TYPE_F:NIFTY:2026-04-15T09:39:30:LONG
2026-04-15,09:40:30,2026-04-15,09:40:49,NIFTY,BUY,TYPE_F,BOOK_ENTRY_1,BOOK_EXIT_1,24160.45,24169.85,NIFTY21APR2624150CE,24150.0,CE,254.15,257.7,255.0,255.0,255.0,255.0,0.001181,0.001745,ws,ws,book_ladder,book_ladder,False,False,-0.85,2.7,65,230.75,strategy_S9-148__TYPE_F:NIFTY:2026-04-15T09:40:30:LONG
2026-04-15,09:41:06,2026-04-15,09:41:49,NIFTY,BUY,TYPE_F,BOOK_ENTRY_1,BOOK_EXIT_1,24176.7,24178.25,NIFTY21APR2624150CE,24150.0,CE,260.0,262.0,260.0,260.0,260.0,260.0,0.001347,0.000954,ws,ws,book_ladder,book_ladder,False,False,0.0,2.0,65,130.0,strategy_S9-148__TYPE_F:NIFTY:2026-04-15T09:41:06:LONG
2026-04-15,09:42:01,2026-04-15,09:42:24,NIFTY,BUY,TYPE_F,BOOK_ENTRY_1,BOOK_EXIT_1,24182.3,24185.5,NIFTY21APR2624150CE,24150.0,CE,261.95,263.5,265.0,260.0,265.0,260.0,0.001528,0.001896,ws,ws,book_ladder,book_ladder,False,False,-3.05,3.5,65,100.75,strategy_S9-148__TYPE_F:NIFTY:2026-04-15T09:42:01:LONG
2026-04-15,09:42:56,2026-04-15,09:44:26,NIFTY,BUY,TYPE_F,BOOK_ENTRY_1,BOOK_EXIT_1,24187.55,24212.15,NIFTY21APR2624150CE,24150.0,CE,266.35,273.9,270.0,270.0,270.0,270.0,0.002443,0.001824,ws,ws,book_ladder,book_ladder,False,False,-3.65,3.9,65,490.75,strategy_S9-148__TYPE_F:NIFTY:2026-04-15T09:42:56:LONG
2026-04-15,09:45:15,2026-04-15,09:45:28,NIFTY,BUY,TYPE_F,BOOK_ENTRY_1,BOOK_EXIT_1,24217.8,24215.2,NIFTY21APR2624200CE,24200.0,CE,248.25,247.15,250.0,245.0,250.0,245.0,0.00242,0.002223,ws,ws,book_ladder,book_ladder,False,False,-1.75,2.15,65,-71.5,strategy_S9-148__TYPE_F:NIFTY:2026-04-15T09:45:15:LONG
2026-04-15,09:46:01,2026-04-15,09:46:26,NIFTY,BUY,TYPE_F,BOOK_ENTRY_1,BOOK_EXIT_1,24222.9,24223.0,NIFTY21APR2624200CE,24200.0,CE,249.9,248.7,250.0,245.0,250.0,245.0,0.001802,0.001406,ws,ws,book_ladder,book_ladder,False,False,-0.1,3.7,65,-78.0,strategy_S9-148__TYPE_F:NIFTY:2026-04-15T09:46:01:LONG
2026-04-15,09:47:45,2026-04-15,09:47:51,NIFTY,SELL,TYPE_F,BOOK_ENTRY_1,BOOK_EXIT_1,24215.95,24219.15,NIFTY21APR2624250PE,24250.0,PE,238.6,236.35,240.0,235.0,240.0,235.0,0.001888,0.001268,ws,ws,book_ladder,book_ladder,False,False,-1.4,1.35,65,-146.25,strategy_S9-148__TYPE_F:NIFTY:2026-04-15T09:47:45:SHORT
2026-04-15,09:48:05,2026-04-15,09:48:50,NIFTY,SELL,TYPE_F,BOOK_ENTRY_1,BOOK_EXIT_1,24212.9,24202.3,NIFTY21APR2624250PE,24250.0,PE,239.9,244.65,240.0,240.0,240.0,240.0,0.001251,0.002246,ws,ws,book_ladder,book_ladder,False,False,-0.1,4.65,65,308.75,strategy_S9-148__TYPE_F:NIFTY:2026-04-15T09:48:05:SHORT
2026-04-15,09:49:38,2026-04-15,09:49:44,NIFTY,SELL,TYPE_F,BOOK_ENTRY_1,BOOK_EXIT_1,24196.25,24199.85,NIFTY21APR2624200PE,24200.0,PE,222.85,222.4,225.0,220.0,225.0,220.0,0.002471,0.002021,ws,ws,book_ladder,book_ladder,False,False,-2.15,2.4,65,-29.25,strategy_S9-148__TYPE_F:NIFTY:2026-04-15T09:49:38:SHORT
2026-04-15,09:49:56,2026-04-15,09:50:15,NIFTY,SELL,TYPE_F,BOOK_ENTRY_1,BOOK_EXIT_1,24194.15,24195.45,NIFTY21APR2624200PE,24200.0,PE,225.45,225.45,230.0,225.0,230.0,225.0,0.00111,0.002437,ws,ws,book_ladder,book_ladder,False,False,-4.55,0.45,65,0.0,strategy_S9-148__TYPE_F:NIFTY:2026-04-15T09:49:56:SHORT
2026-04-15,09:50:31,2026-04-15,09:51:01,NIFTY,SELL,TYPE_F,BOOK_ENTRY_1,BOOK_EXIT_1,24191.0,24189.95,NIFTY21APR2624200PE,24200.0,PE,229.7,230.15,230.0,230.0,230.0,230.0,0.002397,0.002387,ws,ws,book_ladder,book_ladder,False,False,-0.3,0.15,65,29.25,strategy_S9-148__TYPE_F:NIFTY:2026-04-15T09:50:31:SHORT
2026-04-15,09:51:20,2026-04-15,09:51:41,NIFTY,BUY,TYPE_F,BOOK_ENTRY_1,BOOK_EXIT_1,24196.85,24194.3,NIFTY21APR2624150CE,24150.0,CE,264.8,264.2,265.0,260.0,265.0,260.0,0.002458,0.001513,ws,ws,book_ladder,book_ladder,False,False,-0.2,4.2,65,-39.0,strategy_S9-148__TYPE_F:NIFTY:2026-04-15T09:51:20:LONG
2026-04-15,09:52:06,2026-04-15,09:52:40,NIFTY,BUY,TYPE_F,BOOK_ENTRY_1,BOOK_EXIT_1,24199.8,24205.85,NIFTY21APR2624150CE,24150.0,CE,267.4,269.7,270.0,265.0,270.0,265.0,0.002434,0.002407,ws,ws,book_ladder,book_ladder,False,False,-2.6,4.7,65,149.5,strategy_S9-148__TYPE_F:NIFTY:2026-04-15T09:52:06:LONG
2026-04-15,09:53:01,2026-04-15,09:53:10,NIFTY,BUY,TYPE_F,BOOK_ENTRY_1,BOOK_EXIT_1,24209.75,24207.9,NIFTY21APR2624200CE,24200.0,CE,242.95,240.55,245.0,240.0,245.0,240.0,0.002266,0.000623,ws,ws,book_ladder,book_ladder,False,False,-2.05,0.55,65,-156.0,strategy_S9-148__TYPE_F:NIFTY:2026-04-15T09:53:01:LONG
2026-04-15,09:53:50,2026-04-15,09:54:07,NIFTY,BUY,TYPE_F,BOOK_ENTRY_1,BOOK_EXIT_1,24213.05,24211.3,NIFTY21APR2624200CE,24200.0,CE,242.2,241.2,245.0,240.0,245.0,240.0,0.002273,0.002278,ws,ws,book_ladder,book_ladder,False,False,-2.8,1.2,65,-65.0,strategy_S9-148__TYPE_F:NIFTY:2026-04-15T09:53:50:LONG
2026-04-15,09:54:15,2026-04-15,09:54:27,NIFTY,BUY,TYPE_F,BOOK_ENTRY_1,BOOK_EXIT_1,24216.25,24216.9,NIFTY21APR2624200CE,24200.0,CE,244.25,244.2,245.0,240.0,245.0,240.0,0.002049,0.002045,ws,ws,book_ladder,book_ladder,False,False,-0.75,4.2,65,-3.25,strategy_S9-148__TYPE_F:NIFTY:2026-04-15T09:54:15:LONG
2026-04-15,09:55:07,2026-04-15,09:55:14,NIFTY,SELL,TYPE_F,BOOK_ENTRY_1,BOOK_EXIT_1,24211.35,24217.2,NIFTY21APR2624250PE,24250.0,PE,240.9,238.2,245.0,235.0,245.0,235.0,0.00187,0.001259,ws,ws,book_ladder,book_ladder,False,False,-4.1,3.2,65,-175.5,strategy_S9-148__TYPE_F:NIFTY:2026-04-15T09:55:07:SHORT
2026-04-15,09:55:24,2026-04-15,09:55:36,NIFTY,BUY,TYPE_F,BOOK_ENTRY_1,BOOK_EXIT_1,24218.3,24215.8,NIFTY21APR2624200CE,24200.0,CE,244.8,244.6,245.0,240.0,245.0,240.0,0.001635,0.001634,ws,ws,book_ladder,book_ladder,False,False,-0.2,4.6,65,-13.0,strategy_S9-148__TYPE_F:NIFTY:2026-04-15T09:55:24:LONG
2026-04-15,09:55:50,2026-04-15,09:56:00,NIFTY,BUY,TYPE_F,BOOK_ENTRY_1,BOOK_EXIT_1,24220.05,24219.5,NIFTY21APR2624200CE,24200.0,CE,246.45,247.75,250.0,245.0,250.0,245.0,0.001624,0.002218,ws,ws,book_ladder,book_ladder,False,False,-3.55,2.75,65,84.5,strategy_S9-148__TYPE_F:NIFTY:2026-04-15T09:55:50:LONG
2026-04-15,09:57:31,2026-04-15,09:57:39,NIFTY,BUY,TYPE_F,BOOK_ENTRY_1,BOOK_EXIT_1,24223.85,24221.4,NIFTY21APR2624200CE,24200.0,CE,249.35,247.15,250.0,245.0,250.0,245.0,0.002409,0.002223,ws,ws,book_ladder,book_ladder,False,False,-0.65,2.15,65,-143.0,strategy_S9-148__TYPE_F:NIFTY:2026-04-15T09:57:31:LONG
2026-04-15,09:58:42,2026-04-15,09:58:50,NIFTY,SELL,TYPE_F,BOOK_ENTRY_1,BOOK_EXIT_1,24206.9,24209.6,NIFTY21APR2624250PE,24250.0,PE,241.0,239.25,245.0,235.0,245.0,235.0,0.002285,0.001253,ws,ws,book_ladder,book_ladder,False,False,-4.0,4.25,65,-113.75,strategy_S9-148__TYPE_F:NIFTY:2026-04-15T09:58:42:SHORT
2026-04-15,09:59:40,2026-04-15,10:00:42,NIFTY,BUY,TYPE_F,BOOK_ENTRY_1,BOOK_EXIT_1,24214.55,24220.8,NIFTY21APR2624200CE,24200.0,CE,243.9,247.0,245.0,245.0,245.0,245.0,0.002463,0.002426,ws,ws,book_ladder,book_ladder,False,False,-1.1,2.0,65,201.5,strategy_S9-148__TYPE_F:NIFTY:2026-04-15T09:59:40:LONG
2026-04-15,10:01:13,2026-04-15,10:01:32,NIFTY,BUY,TYPE_F,BOOK_ENTRY_1,BOOK_EXIT_1,24224.45,24227.5,NIFTY21APR2624200CE,24200.0,CE,248.0,248.45,250.0,245.0,250.0,245.0,0.002018,0.002211,ws,ws,book_ladder,book_ladder,False,False,-2.0,3.45,65,29.25,strategy_S9-148__TYPE_F:NIFTY:2026-04-15T10:01:13:LONG
2026-04-15,10:02:24,2026-04-15,10:02:36,NIFTY,SELL,TYPE_F,BOOK_ENTRY_1,BOOK_EXIT_1,24216.85,24216.7,NIFTY21APR2624250PE,24250.0,PE,238.55,238.3,240.0,235.0,240.0,235.0,0.001888,0.001468,ws,ws,book_ladder,book_ladder,False,False,-1.45,3.3,65,-16.25,strategy_S9-148__TYPE_F:NIFTY:2026-04-15T10:02:24:SHORT
2026-04-15,10:04:00,2026-04-15,10:04:55,NIFTY,BUY,TYPE_F,BOOK_ENTRY_1,BOOK_EXIT_1,24226.2,24230.9,NIFTY21APR2624200CE,24200.0,CE,247.5,249.2,250.0,245.0,250.0,245.0,0.001415,0.001203,ws,ws,book_ladder,book_ladder,False,False,-2.5,4.2,65,110.5,strategy_S9-148__TYPE_F:NIFTY:2026-04-15T10:04:00:LONG
2026-04-15,10:05:01,2026-04-15,10:05:30,NIFTY,BUY,TYPE_F,BOOK_ENTRY_1,BOOK_EXIT_1,24235.0,24234.85,NIFTY21APR2624200CE,24200.0,CE,251.0,252.8,255.0,250.0,255.0,250.0,0.001994,0.002173,ws,ws,book_ladder,book_ladder,False,False,-4.0,2.8,65,117.0,strategy_S9-148__TYPE_F:NIFTY:2026-04-15T10:05:01:LONG
2026-04-15,10:06:35,2026-04-15,10:06:44,NIFTY,BUY,TYPE_F,BOOK_ENTRY_1,BOOK_EXIT_1,24241.35,24237.75,NIFTY21APR2624200CE,24200.0,CE,255.0,252.8,255.0,250.0,255.0,250.0,0.001766,0.001778,ws,ws,book_ladder,book_ladder,False,False,0.0,2.8,65,-143.0,strategy_S9-148__TYPE_F:NIFTY:2026-04-15T10:06:35:LONG
2026-04-15,10:07:46,2026-04-15,10:07:50,NIFTY,SELL,TYPE_F,BOOK_ENTRY_1,BOOK_EXIT_1,24239.4,24241.2,NIFTY21APR2624250PE,24250.0,PE,223.4,222.75,225.0,220.0,225.0,220.0,0.002241,0.00269,ws,ws,book_ladder,book_ladder,False,False,-1.6,2.75,65,-42.25,strategy_S9-148__TYPE_F:NIFTY:2026-04-15T10:07:46:SHORT
2026-04-15,10:08:22,2026-04-15,10:08:49,NIFTY,SELL,TYPE_F,BOOK_ENTRY_1,BOOK_EXIT_1,24236.65,24235.65,NIFTY21APR2624250PE,24250.0,PE,224.65,225.75,225.0,225.0,225.0,225.0,0.001782,0.00177,ws,ws,book_ladder,book_ladder,False,False,-0.35,0.75,65,71.5,strategy_S9-148__TYPE_F:NIFTY:2026-04-15T10:08:22:SHORT
2026-04-15,10:10:17,2026-04-15,10:11:06,NIFTY,BUY,TYPE_F,BOOK_ENTRY_1,BOOK_EXIT_1,24239.6,24249.7,NIFTY21APR2624200CE,24200.0,CE,255.4,258.7,260.0,255.0,260.0,255.0,0.00196,0.001931,ws,ws,book_ladder,book_ladder,False,False,-4.6,3.7,65,214.5,strategy_S9-148__TYPE_F:NIFTY:2026-04-15T10:10:17:LONG
2026-04-15,10:11:27,2026-04-15,10:11:31,NIFTY,SELL,TYPE_F,BOOK_ENTRY_1,BOOK_EXIT_1,24240.3,24243.7,NIFTY21APR2624250PE,24250.0,PE,221.35,220.25,225.0,220.0,225.0,220.0,0.002261,0.002268,ws,ws,book_ladder,book_ladder,False,False,-3.65,0.25,65,-71.5,strategy_S9-148__TYPE_F:NIFTY:2026-04-15T10:11:27:SHORT
2026-04-15,10:12:15,2026-04-15,10:12:40,NIFTY,BUY,TYPE_F,BOOK_ENTRY_1,BOOK_EXIT_1,24247.35,24248.6,NIFTY21APR2624200CE,24200.0,CE,259.9,258.9,260.0,255.0,260.0,255.0,0.002118,0.002315,ws,ws,book_ladder,book_ladder,False,False,-0.1,3.9,65,-65.0,strategy_S9-148__TYPE_F:NIFTY:2026-04-15T10:12:15:LONG
2026-04-15,10:13:40,2026-04-15,10:13:50,NIFTY,SELL,TYPE_F,BOOK_ENTRY_1,BOOK_EXIT_1,24243.5,24242.15,NIFTY21APR2624250PE,24250.0,PE,219.2,220.85,220.0,220.0,220.0,220.0,0.002055,0.002036,ws,ws,book_ladder,book_ladder,False,False,-0.8,0.85,65,107.25,strategy_S9-148__TYPE_F:NIFTY:2026-04-15T10:13:40:SHORT
2026-04-15,10:14:19,2026-04-15,10:14:24,NIFTY,SELL,TYPE_F,BOOK_ENTRY_1,BOOK_EXIT_1,24239.85,24241.25,NIFTY21APR2624250PE,24250.0,PE,219.85,219.0,220.0,215.0,220.0,215.0,0.001593,0.001825,ws,ws,book_ladder,book_ladder,False,False,-0.15,4.0,65,-55.25,strategy_S9-148__TYPE_F:NIFTY:2026-04-15T10:14:19:SHORT
2026-04-15,10:15:54,2026-04-15,10:16:15,NIFTY,BUY,TYPE_F,BOOK_ENTRY_1,BOOK_EXIT_1,24248.55,24248.3,NIFTY21APR2624200CE,24200.0,CE,259.0,257.25,260.0,255.0,260.0,255.0,0.002319,0.001942,ws,ws,book_ladder,book_ladder,False,False,-1.0,2.25,65,-113.75,strategy_S9-148__TYPE_F:NIFTY:2026-04-15T10:15:54:LONG
2026-04-15,10:16:31,2026-04-15,10:16:43,NIFTY,BUY,TYPE_F,BOOK_ENTRY_1,BOOK_EXIT_1,24249.2,24249.4,NIFTY21APR2624200CE,24200.0,CE,258.0,257.75,260.0,255.0,260.0,255.0,0.001746,0.000969,ws,ws,book_ladder,book_ladder,False,False,-2.0,2.75,65,-16.25,strategy_S9-148__TYPE_F:NIFTY:2026-04-15T10:16:31:LONG
2026-04-15,10:16:45,2026-04-15,10:17:00,NIFTY,BUY,TYPE_F,BOOK_ENTRY_1,BOOK_EXIT_1,24251.35,24251.65,NIFTY21APR2624250CE,24250.0,CE,230.45,229.7,235.0,225.0,235.0,225.0,0.000434,0.002174,ws,ws,book_ladder,book_ladder,False,False,-4.55,4.7,65,-48.75,strategy_S9-148__TYPE_F:NIFTY:2026-04-15T10:16:45:LONG
2026-04-15,10:18:05,2026-04-15,10:18:10,NIFTY,BUY,TYPE_F,BOOK_ENTRY_1,BOOK_EXIT_1,24255.15,24252.65,NIFTY21APR2624250CE,24250.0,CE,230.4,229.15,235.0,225.0,235.0,225.0,0.00152,0.001308,ws,ws,book_ladder,book_ladder,False,False,-4.6,4.15,65,-81.25,strategy_S9-148__TYPE_F:NIFTY:2026-04-15T10:18:05:LONG
2026-04-15,10:18:35,2026-04-15,10:18:54,NIFTY,BUY,TYPE_F,BOOK_ENTRY_1,BOOK_EXIT_1,24255.5,24255.15,NIFTY21APR2624250CE,24250.0,CE,231.0,233.3,235.0,230.0,235.0,230.0,0.00195,0.002355,ws,ws,book_ladder,book_ladder,False,False,-4.0,3.3,65,149.5,strategy_S9-148__TYPE_F:NIFTY:2026-04-15T10:18:35:LONG
2026-04-15,10:19:04,2026-04-15,10:19:14,NIFTY,BUY,TYPE_F,BOOK_ENTRY_1,BOOK_EXIT_1,24262.9,24258.5,NIFTY21APR2624250CE,24250.0,CE,236.9,236.75,240.0,235.0,240.0,235.0,0.002113,0.00211,ws,ws,book_ladder,book_ladder,False,False,-3.1,1.75,65,-9.75,strategy_S9-148__TYPE_F:NIFTY:2026-04-15T10:19:04:LONG
2026-04-15,10:19:50,2026-04-15,10:20:12,NIFTY,BUY,TYPE_F,BOOK_ENTRY_1,BOOK_EXIT_1,24262.3,24260.4,NIFTY21APR2624250CE,24250.0,CE,237.7,238.0,240.0,235.0,240.0,235.0,0.000842,0.002099,ws,ws,book_ladder,book_ladder,False,False,-2.3,3.0,65,19.5,strategy_S9-148__TYPE_F:NIFTY:2026-04-15T10:19:50:LONG
2026-04-15,10:20:45,2026-04-15,10:21:03,NIFTY,BUY,TYPE_F,BOOK_ENTRY_1,BOOK_EXIT_1,24264.25,24260.9,NIFTY21APR2624250CE,24250.0,CE,240.0,238.3,240.0,235.0,240.0,235.0,0.001042,0.002096,ws,ws,book_ladder,book_ladder,False,False,0.0,3.3,65,-110.5,strategy_S9-148__TYPE_F:NIFTY:2026-04-15T10:20:45:LONG
2026-04-15,10:21:15,2026-04-15,10:21:28,NIFTY,SELL,TYPE_F,BOOK_ENTRY_1,BOOK_EXIT_1,24259.25,24261.35,NIFTY21APR2624300PE,24300.0,PE,233.9,234.05,235.0,230.0,235.0,230.0,0.001712,0.001708,ws,ws,book_ladder,book_ladder,False,False,-1.1,4.05,65,9.75,strategy_S9-148__TYPE_F:NIFTY:2026-04-15T10:21:15:SHORT
2026-04-15,10:21:55,2026-04-15,10:22:35,NIFTY,SELL,TYPE_F,BOOK_ENTRY_1,BOOK_EXIT_1,24259.55,24251.65,NIFTY21APR2624300PE,24300.0,PE,235.7,238.7,240.0,235.0,240.0,235.0,0.001486,0.002301,ws,ws,book_ladder,book_ladder,False,False,-4.3,3.7,65,195.0,strategy_S9-148__TYPE_F:NIFTY:2026-04-15T10:21:55:SHORT
2026-04-15,10:22:45,2026-04-15,10:23:02,NIFTY,BUY,TYPE_F,BOOK_ENTRY_1,BOOK_EXIT_1,24255.65,24259.65,NIFTY21APR2624250CE,24250.0,CE,235.5,236.15,240.0,235.0,240.0,235.0,0.001913,0.001692,ws,ws,book_ladder,book_ladder,False,False,-4.5,1.15,65,42.25,strategy_S9-148__TYPE_F:NIFTY:2026-04-15T10:22:45:LONG
2026-04-15,10:23:20,2026-04-15,10:24:04,NIFTY,BUY,TYPE_F,BOOK_ENTRY_1,BOOK_EXIT_1,24263.5,24267.1,NIFTY21APR2624250CE,24250.0,CE,237.9,241.0,240.0,240.0,240.0,240.0,0.00042,0.001658,ws,ws,book_ladder,book_ladder,False,False,-2.1,1.0,65,201.5,strategy_S9-148__TYPE_F:NIFTY:2026-04-15T10:23:20:LONG
2026-04-15,10:27:00,2026-04-15,10:27:06,NIFTY,SELL,TYPE_F,BOOK_ENTRY_1,BOOK_EXIT_1,24260.35,24261.6,NIFTY21APR2624300PE,24300.0,PE,236.45,235.0,240.0,235.0,240.0,235.0,0.002117,0.001913,ws,ws,book_ladder,book_ladder,False,False,-3.55,0.0,65,-94.25,strategy_S9-148__TYPE_F:NIFTY:2026-04-15T10:27:00:SHORT
2026-04-15,10:27:47,2026-04-15,10:28:10,NIFTY,BUY,TYPE_F,BOOK_ENTRY_1,BOOK_EXIT_1,24266.7,24262.3,NIFTY21APR2624250CE,24250.0,CE,240.5,238.75,245.0,235.0,245.0,235.0,0.001873,0.002301,ws,ws,book_ladder,book_ladder,False,False,-4.5,3.75,65,-113.75,strategy_S9-148__TYPE_F:NIFTY:2026-04-15T10:27:47:LONG
2026-04-15,10:28:20,2026-04-15,10:28:23,NIFTY,SELL,TYPE_F,BOOK_ENTRY_1,BOOK_EXIT_1,24259.4,24262.6,NIFTY21APR2624300PE,24300.0,PE,235.3,235.35,240.0,235.0,240.0,235.0,0.001063,0.001274,ws,ws,book_ladder,book_ladder,False,False,-4.7,0.35,65,3.25,strategy_S9-148__TYPE_F:NIFTY:2026-04-15T10:28:20:SHORT
2026-04-15,10:29:02,2026-04-15,10:29:23,NIFTY,SELL,TYPE_F,BOOK_ENTRY_1,BOOK_EXIT_1,24260.4,24261.45,NIFTY21APR2624300PE,24300.0,PE,236.55,236.0,240.0,235.0,240.0,235.0,0.002328,0.001905,ws,ws,book_ladder,book_ladder,False,False,-3.45,1.0,65,-35.75,strategy_S9-148__TYPE_F:NIFTY:2026-04-15T10:29:02:SHORT
2026-04-15,10:30:07,2026-04-15,10:30:52,NIFTY,BUY,TYPE_F,BOOK_ENTRY_1,BOOK_EXIT_1,24265.05,24270.7,NIFTY21APR2624250CE,24250.0,CE,239.5,243.0,240.0,240.0,240.0,240.0,0.00209,0.002055,ws,ws,book_ladder,book_ladder,False,False,-0.5,3.0,65,227.5,strategy_S9-148__TYPE_F:NIFTY:2026-04-15T10:30:07:LONG
2026-04-15,10:31:30,2026-04-15,10:31:50,NIFTY,SELL,TYPE_F,BOOK_ENTRY_1,BOOK_EXIT_1,24267.05,24265.45,NIFTY21APR2624300PE,24300.0,PE,233.05,233.4,235.0,230.0,235.0,230.0,0.001503,0.002354,ws,ws,book_ladder,book_ladder,False,False,-1.95,3.4,65,22.75,strategy_S9-148__TYPE_F:NIFTY:2026-04-15T10:31:30:SHORT
2026-04-15,10:32:02,2026-04-15,10:32:17,NIFTY,SELL,TYPE_F,BOOK_ENTRY_1,BOOK_EXIT_1,24260.15,24259.5,NIFTY21APR2624300PE,24300.0,PE,234.55,234.5,235.0,230.0,235.0,230.0,0.00192,0.001491,ws,ws,book_ladder,book_ladder,False,False,-0.45,4.5,65,-3.25,strategy_S9-148__TYPE_F:NIFTY:2026-04-15T10:32:02:SHORT
2026-04-15,10:34:45,2026-04-15,10:34:57,NIFTY,SELL,TYPE_F,BOOK_ENTRY_1,BOOK_EXIT_1,24257.0,24260.55,NIFTY21APR2624300PE,24300.0,PE,237.45,235.7,240.0,235.0,240.0,235.0,0.001475,0.001696,ws,ws,book_ladder,book_ladder,False,False,-2.55,0.7,65,-113.75,strategy_S9-148__TYPE_F:NIFTY:2026-04-15T10:34:45:SHORT
2026-04-15,10:35:42,2026-04-15,10:35:50,NIFTY,SELL,TYPE_F,BOOK_ENTRY_1,BOOK_EXIT_1,24257.65,24258.85,NIFTY21APR2624300PE,24300.0,PE,236.75,236.45,240.0,235.0,240.0,235.0,0.002114,0.002323,ws,ws,book_ladder,book_ladder,False,False,-3.25,1.45,65,-19.5,strategy_S9-148__TYPE_F:NIFTY:2026-04-15T10:35:42:SHORT
2026-04-15,10:36:45,2026-04-15,10:37:34,NIFTY,SELL,TYPE_F,BOOK_ENTRY_1,BOOK_EXIT_1,24254.05,24249.25,NIFTY21APR2624300PE,24300.0,PE,239.7,240.2,240.0,240.0,240.0,240.0,0.001879,0.000832,ws,ws,book_ladder,book_ladder,False,False,-0.3,0.2,65,32.5,strategy_S9-148__TYPE_F:NIFTY:2026-04-15T10:36:45:SHORT
2026-04-15,10:37:50,2026-04-15,10:38:04,NIFTY,BUY,TYPE_F,BOOK_ENTRY_1,BOOK_EXIT_1,24254.3,24251.5,NIFTY21APR2624250CE,24250.0,CE,232.7,232.0,235.0,230.0,235.0,230.0,0.00129,0.001723,ws,ws,book_ladder,book_ladder,False,False,-2.3,2.0,65,-45.5,strategy_S9-148__TYPE_F:NIFTY:2026-04-15T10:37:50:LONG
2026-04-15,10:39:15,2026-04-15,10:39:43,NIFTY,SELL,TYPE_F,BOOK_ENTRY_1,BOOK_EXIT_1,24249.45,24246.9,NIFTY21APR2624250PE,24250.0,PE,215.45,217.5,220.0,215.0,220.0,215.0,0.002091,0.002296,ws,ws,book_ladder,book_ladder,False,False,-4.55,2.5,65,133.25,strategy_S9-148__TYPE_F:NIFTY:2026-04-15T10:39:15:SHORT
2026-04-15,10:40:28,2026-04-15,10:40:40,NIFTY,BUY,TYPE_F,BOOK_ENTRY_1,BOOK_EXIT_1,24247.9,24245.65,NIFTY21APR2624200CE,24200.0,CE,258.5,259.1,260.0,255.0,260.0,255.0,0.001936,0.002313,ws,ws,book_ladder,book_ladder,False,False,-1.5,4.1,65,39.0,strategy_S9-148__TYPE_F:NIFTY:2026-04-15T10:40:28:LONG
2026-04-15,10:41:44,2026-04-15,10:41:49,NIFTY,SELL,TYPE_F,BOOK_ENTRY_1,BOOK_EXIT_1,24243.45,24245.1,NIFTY21APR2624250PE,24250.0,PE,217.9,217.3,220.0,215.0,220.0,215.0,0.002067,0.001839,ws,ws,book_ladder,book_ladder,False,False,-2.1,2.3,65,-39.0,strategy_S9-148__TYPE_F:NIFTY:2026-04-15T10:41:44:SHORT
2026-04-15,10:43:05,2026-04-15,10:43:10,NIFTY,BUY,TYPE_F,BOOK_ENTRY_1,BOOK_EXIT_1,24251.45,24248.6,NIFTY21APR2624250CE,24250.0,CE,231.75,230.8,235.0,230.0,235.0,230.0,0.002376,0.001299,ws,ws,book_ladder,book_ladder,False,False,-3.25,0.8,65,-61.75,strategy_S9-148__TYPE_F:NIFTY:2026-04-15T10:43:05:LONG
2026-04-15,10:43:47,2026-04-15,10:44:01,NIFTY,SELL,TYPE_F,BOOK_ENTRY_1,BOOK_EXIT_1,24246.85,24246.6,NIFTY21APR2624250PE,24250.0,PE,217.1,218.35,220.0,215.0,220.0,215.0,0.002075,0.00183,ws,ws,book_ladder,book_ladder,False,False,-2.9,3.35,65,81.25,strategy_S9-148__TYPE_F:NIFTY:2026-04-15T10:43:47:SHORT
2026-04-15,10:44:16,2026-04-15,10:44:35,NIFTY,SELL,TYPE_F,BOOK_ENTRY_1,BOOK_EXIT_1,24239.35,24237.7,NIFTY21APR2624250PE,24250.0,PE,221.35,220.75,225.0,220.0,225.0,220.0,0.002261,0.002036,ws,ws,book_ladder,book_ladder,False,False,-3.65,0.75,65,-39.0,strategy_S9-148__TYPE_F:NIFTY:2026-04-15T10:44:16:SHORT
2026-04-15,10:44:58,2026-04-15,10:45:01,NIFTY,BUY,TYPE_F,BOOK_ENTRY_1,BOOK_EXIT_1,24244.15,24239.85,NIFTY21APR2624200CE,24200.0,CE,256.5,256.0,260.0,255.0,260.0,255.0,0.001951,0.000586,ws,ws,book_ladder,book_ladder,False,False,-3.5,1.0,65,-32.5,strategy_S9-148__TYPE_F:NIFTY:2026-04-15T10:44:58:LONG
2026-04-15,10:45:15,2026-04-15,10:45:37,NIFTY,BUY,TYPE_F,BOOK_ENTRY_1,BOOK_EXIT_1,24244.2,24244.8,NIFTY21APR2624200CE,24200.0,CE,257.5,259.45,260.0,255.0,260.0,255.0,0.002138,0.000771,ws,ws,book_ladder,book_ladder,False,False,-2.5,4.45,65,126.75,strategy_S9-148__TYPE_F:NIFTY:2026-04-15T10:45:15:LONG
2026-04-15,10:46:35,2026-04-15,10:47:00,NIFTY,BUY,TYPE_F,BOOK_ENTRY_1,BOOK_EXIT_1,24247.95,24247.0,NIFTY21APR2624200CE,24200.0,CE,258.8,257.5,260.0,255.0,260.0,255.0,0.00174,0.001358,ws,ws,book_ladder,book_ladder,False,False,-1.2,2.5,65,-84.5,strategy_S9-148__TYPE_F:NIFTY:2026-04-15T10:46:35:LONG
2026-04-15,10:47:50,2026-04-15,10:48:03,NIFTY,BUY,TYPE_F,BOOK_ENTRY_1,BOOK_EXIT_1,24248.6,24246.85,NIFTY21APR2624200CE,24200.0,CE,258.0,256.5,260.0,255.0,260.0,255.0,0.000582,0.001169,ws,ws,book_ladder,book_ladder,False,False,-2.0,1.5,65,-97.5,strategy_S9-148__TYPE_F:NIFTY:2026-04-15T10:47:50:LONG
2026-04-15,10:48:16,2026-04-15,10:48:40,NIFTY,BUY,TYPE_F,BOOK_ENTRY_1,BOOK_EXIT_1,24248.6,24247.2,NIFTY21APR2624200CE,24200.0,CE,258.45,260.0,260.0,260.0,260.0,260.0,0.000774,0.001921,ws,ws,book_ladder,book_ladder,False,False,-1.55,0.0,65,100.75,strategy_S9-148__TYPE_F:NIFTY:2026-04-15T10:48:16:LONG
2026-04-15,10:50:08,2026-04-15,10:50:17,NIFTY,SELL,TYPE_F,BOOK_ENTRY_1,BOOK_EXIT_1,24246.4,24246.6,NIFTY21APR2624250PE,24250.0,PE,217.65,216.8,220.0,215.0,220.0,215.0,0.001149,0.001843,ws,ws,book_ladder,book_ladder,False,False,-2.35,1.8,65,-55.25,strategy_S9-148__TYPE_F:NIFTY:2026-04-15T10:50:08:SHORT
2026-04-15,10:50:30,2026-04-15,10:51:02,NIFTY,SELL,TYPE_F,BOOK_ENTRY_1,BOOK_EXIT_1,24233.6,24229.25,NIFTY21APR2624250PE,24250.0,PE,223.9,224.7,225.0,220.0,225.0,220.0,0.002459,0.002001,ws,ws,book_ladder,book_ladder,False,False,-1.1,4.7,65,52.0,strategy_S9-148__TYPE_F:NIFTY:2026-04-15T10:50:30:SHORT
2026-04-15,10:51:30,2026-04-15,10:51:40,NIFTY,SELL,TYPE_F,BOOK_ENTRY_1,BOOK_EXIT_1,24224.2,24224.4,NIFTY21APR2624250PE,24250.0,PE,226.75,225.3,230.0,225.0,230.0,225.0,0.002208,0.002217,ws,ws,book_ladder,book_ladder,False,False,-3.25,0.3,65,-94.25,strategy_S9-148__TYPE_F:NIFTY:2026-04-15T10:51:30:SHORT
2026-04-15,10:52:30,2026-04-15,10:52:50,NIFTY,SELL,TYPE_F,BOOK_ENTRY_1,BOOK_EXIT_1,24225.35,24225.65,NIFTY21APR2624250PE,24250.0,PE,228.45,228.1,230.0,225.0,230.0,225.0,0.002191,0.00219,ws,ws,book_ladder,book_ladder,False,False,-1.55,3.1,65,-22.75,strategy_S9-148__TYPE_F:NIFTY:2026-04-15T10:52:30:SHORT
2026-04-15,10:53:00,2026-04-15,10:53:14,NIFTY,SELL,TYPE_F,BOOK_ENTRY_1,BOOK_EXIT_1,24222.05,24222.5,NIFTY21APR2624250PE,24250.0,PE,230.6,230.9,235.0,230.0,235.0,230.0,0.002171,0.001947,ws,ws,book_ladder,book_ladder,False,False,-4.4,0.9,65,19.5,strategy_S9-148__TYPE_F:NIFTY:2026-04-15T10:53:00:SHORT
2026-04-15,10:53:33,2026-04-15,10:54:07,NIFTY,SELL,TYPE_F,BOOK_ENTRY_1,BOOK_EXIT_1,24213.65,24210.55,NIFTY21APR2624250PE,24250.0,PE,233.0,237.65,235.0,235.0,235.0,235.0,0.001074,0.002102,ws,ws,book_ladder,book_ladder,False,False,-2.0,2.65,65,302.25,strategy_S9-148__TYPE_F:NIFTY:2026-04-15T10:53:33:SHORT
2026-04-15,10:55:19,2026-04-15,10:55:40,NIFTY,BUY,TYPE_F,BOOK_ENTRY_1,BOOK_EXIT_1,24225.05,24224.55,NIFTY21APR2624200CE,24200.0,CE,249.55,246.15,250.0,245.0,250.0,245.0,0.002407,0.001826,ws,ws,book_ladder,book_ladder,False,False,-0.45,1.15,65,-221.0,strategy_S9-148__TYPE_F:NIFTY:2026-04-15T10:55:19:LONG
2026-04-15,10:56:22,2026-04-15,10:56:29,NIFTY,SELL,TYPE_F,BOOK_ENTRY_1,BOOK_EXIT_1,24222.25,24225.05,NIFTY21APR2624250PE,24250.0,PE,232.4,230.2,235.0,230.0,235.0,230.0,0.001723,0.001953,ws,ws,book_ladder,book_ladder,False,False,-2.6,0.2,65,-143.0,strategy_S9-148__TYPE_F:NIFTY:2026-04-15T10:56:22:SHORT
2026-04-15,10:56:42,2026-04-15,10:56:50,NIFTY,SELL,TYPE_F,BOOK_ENTRY_1,BOOK_EXIT_1,24220.3,24221.2,NIFTY21APR2624250PE,24250.0,PE,233.45,233.4,235.0,230.0,235.0,230.0,0.002359,0.002354,ws,ws,book_ladder,book_ladder,False,False,-1.55,3.4,65,-3.25,strategy_S9-148__TYPE_F:NIFTY:2026-04-15T10:56:42:SHORT
2026-04-15,10:57:50,2026-04-15,10:58:06,NIFTY,BUY,TYPE_F,BOOK_ENTRY_1,BOOK_EXIT_1,24229.95,24231.55,NIFTY21APR2624200CE,24200.0,CE,248.6,249.2,250.0,245.0,250.0,245.0,0.001207,0.002205,ws,ws,book_ladder,book_ladder,False,False,-1.4,4.2,65,39.0,strategy_S9-148__TYPE_F:NIFTY:2026-04-15T10:57:50:LONG
2026-04-15,10:59:30,2026-04-15,10:59:35,NIFTY,SELL,TYPE_F,BOOK_ENTRY_1,BOOK_EXIT_1,24220.0,24221.3,NIFTY21APR2624250PE,24250.0,PE,232.35,231.4,235.0,230.0,235.0,230.0,0.001507,0.001727,ws,ws,book_ladder,book_ladder,False,False,-2.65,1.4,65,-61.75,strategy_S9-148__TYPE_F:NIFTY:2026-04-15T10:59:30:SHORT
2026-04-15,10:59:45,2026-04-15,11:00:31,NIFTY,SELL,TYPE_F,BOOK_ENTRY_1,BOOK_EXIT_1,24218.8,24206.05,NIFTY21APR2624250PE,24250.0,PE,232.0,236.75,235.0,235.0,235.0,235.0,0.001078,0.002531,ws,ws,book_ladder,book_ladder,False,False,-3.0,1.75,65,308.75,strategy_S9-148__TYPE_F:NIFTY:2026-04-15T10:59:45:SHORT
2026-04-15,11:01:37,2026-04-15,11:01:52,NIFTY,BUY,TYPE_F,BOOK_ENTRY_1,BOOK_EXIT_1,24211.15,24210.3,NIFTY21APR2624200CE,24200.0,CE,243.0,242.5,245.0,240.0,245.0,240.0,0.00206,0.00103,ws,ws,book_ladder,book_ladder,False,False,-2.0,2.5,65,-32.5,strategy_S9-148__TYPE_F:NIFTY:2026-04-15T11:01:37:LONG
2026-04-15,11:02:02,2026-04-15,11:02:15,NIFTY,BUY,TYPE_F,BOOK_ENTRY_1,BOOK_EXIT_1,24215.25,24212.45,NIFTY21APR2624200CE,24200.0,CE,242.8,243.35,245.0,240.0,245.0,240.0,0.001443,0.002667,ws,ws,book_ladder,book_ladder,False,False,-2.2,3.35,65,35.75,strategy_S9-148__TYPE_F:NIFTY:2026-04-15T11:02:02:LONG
2026-04-15,11:03:18,2026-04-15,11:03:43,NIFTY,SELL,TYPE_F,BOOK_ENTRY_1,BOOK_EXIT_1,24207.0,24207.95,NIFTY21APR2624250PE,24250.0,PE,236.0,236.25,240.0,235.0,240.0,235.0,0.002333,0.000423,ws,ws,book_ladder,book_ladder,False,False,-4.0,1.25,65,16.25,strategy_S9-148__TYPE_F:NIFTY:2026-04-15T11:03:18:SHORT
2026-04-15,11:05:23,2026-04-15,11:05:30,NIFTY,SELL,TYPE_F,BOOK_ENTRY_1,BOOK_EXIT_1,24208.0,24208.15,NIFTY21APR2624250PE,24250.0,PE,238.0,236.95,240.0,235.0,240.0,235.0,0.001051,0.002108,ws,ws,book_ladder,book_ladder,False,False,-2.0,1.95,65,-68.25,strategy_S9-148__TYPE_F:NIFTY:2026-04-15T11:05:23:SHORT
2026-04-15,11:05:48,2026-04-15,11:05:57,NIFTY,SELL,TYPE_F,BOOK_ENTRY_1,BOOK_EXIT_1,24206.15,24207.2,NIFTY21APR2624250PE,24250.0,PE,238.4,238.55,240.0,235.0,240.0,235.0,0.001679,0.002303,ws,ws,book_ladder,book_ladder,False,False,-1.6,3.55,65,9.75,strategy_S9-148__TYPE_F:NIFTY:2026-04-15T11:05:48:SHORT
2026-04-15,11:06:05,2026-04-15,11:06:35,NIFTY,SELL,TYPE_F,BOOK_ENTRY_1,BOOK_EXIT_1,24204.85,24197.9,NIFTY21APR2624250PE,24250.0,PE,239.55,241.0,240.0,240.0,240.0,240.0,0.002299,0.002487,ws,ws,book_ladder,book_ladder,False,False,-0.45,1.0,65,94.25,strategy_S9-148__TYPE_F:NIFTY:2026-04-15T11:06:05:SHORT
2026-04-15,11:07:10,2026-04-15,11:07:50,NIFTY,SELL,TYPE_F,BOOK_ENTRY_1,BOOK_EXIT_1,24192.65,24190.75,NIFTY21APR2624200PE,24200.0,PE,221.85,222.4,225.0,220.0,225.0,220.0,0.002256,0.002021,ws,ws,book_ladder,book_ladder,False,False,-3.15,2.4,65,35.75,strategy_S9-148__TYPE_F:NIFTY:2026-04-15T11:07:10:SHORT
2026-04-15,11:09:36,2026-04-15,11:10:11,NIFTY,SELL,TYPE_F,BOOK_ENTRY_1,BOOK_EXIT_1,24192.9,24188.6,NIFTY21APR2624200PE,24200.0,PE,224.9,227.05,225.0,225.0,225.0,225.0,0.00089,0.00176,ws,ws,book_ladder,book_ladder,False,False,-0.1,2.05,65,139.75,strategy_S9-148__TYPE_F:NIFTY:2026-04-15T11:09:36:SHORT
2026-04-15,11:10:36,2026-04-15,11:11:05,NIFTY,SELL,TYPE_F,BOOK_ENTRY_1,BOOK_EXIT_1,24185.2,24179.75,NIFTY21APR2624200PE,24200.0,PE,228.9,232.75,230.0,230.0,230.0,230.0,0.001968,0.001717,ws,ws,book_ladder,book_ladder,False,False,-1.1,2.75,65,250.25,strategy_S9-148__TYPE_F:NIFTY:2026-04-15T11:10:36:SHORT
2026-04-15,11:11:53,2026-04-15,11:12:22,NIFTY,BUY,TYPE_F,BOOK_ENTRY_1,BOOK_EXIT_1,24186.2,24189.4,NIFTY21APR2624150CE,24150.0,CE,259.7,260.7,260.0,260.0,260.0,260.0,0.001927,0.002107,ws,ws,book_ladder,book_ladder,False,False,-0.3,0.7,65,65.0,strategy_S9-148__TYPE_F:NIFTY:2026-04-15T11:11:53:LONG
2026-04-15,11:12:45,2026-04-15,11:13:02,NIFTY,SELL,TYPE_F,BOOK_ENTRY_1,BOOK_EXIT_1,24186.7,24186.85,NIFTY21APR2624200PE,24200.0,PE,228.0,228.1,230.0,225.0,230.0,225.0,0.001317,0.001971,ws,ws,book_ladder,book_ladder,False,False,-2.0,3.1,65,6.5,strategy_S9-148__TYPE_F:NIFTY:2026-04-15T11:12:45:SHORT
2026-04-15,11:14:20,2026-04-15,11:14:49,NIFTY,BUY,TYPE_F,BOOK_ENTRY_1,BOOK_EXIT_1,24188.4,24189.6,NIFTY21APR2624150CE,24150.0,CE,260.35,260.4,265.0,260.0,265.0,260.0,0.001538,0.001918,ws,ws,book_ladder,book_ladder,False,False,-4.65,0.4,65,3.25,strategy_S9-148__TYPE_F:NIFTY:2026-04-15T11:14:20:LONG
2026-04-15,11:15:00,2026-04-15,11:15:20,NIFTY,SELL,TYPE_F,BOOK_ENTRY_1,BOOK_EXIT_1,24183.55,24178.25,NIFTY21APR2624200PE,24200.0,PE,231.0,234.75,235.0,230.0,235.0,230.0,0.002167,0.001915,ws,ws,book_ladder,book_ladder,False,False,-4.0,4.75,65,243.75,strategy_S9-148__TYPE_F:NIFTY:2026-04-15T11:15:00:SHORT
2026-04-15,11:16:46,2026-04-15,11:17:57,NIFTY,BUY,TYPE_F,BOOK_ENTRY_1,BOOK_EXIT_1,24189.8,24198.15,NIFTY21APR2624150CE,24150.0,CE,260.65,264.4,265.0,260.0,265.0,260.0,0.002112,0.002267,ws,ws,book_ladder,book_ladder,False,False,-4.35,4.4,65,243.75,strategy_S9-148__TYPE_F:NIFTY:2026-04-15T11:16:46:LONG
2026-04-15,11:18:18,2026-04-15,11:18:41,NIFTY,BUY,TYPE_F,BOOK_ENTRY_1,BOOK_EXIT_1,24202.5,24204.55,NIFTY21APR2624200CE,24200.0,CE,238.0,238.65,240.0,235.0,240.0,235.0,0.002103,0.001466,ws,ws,book_ladder,book_ladder,False,False,-2.0,3.65,65,42.25,strategy_S9-148__TYPE_F:NIFTY:2026-04-15T11:18:18:LONG
2026-04-15,11:19:29,2026-04-15,11:19:50,NIFTY,SELL,TYPE_F,BOOK_ENTRY_1,BOOK_EXIT_1,24192.8,24188.9,NIFTY21APR2624200PE,24200.0,PE,228.0,230.0,230.0,230.0,230.0,230.0,0.001756,0.002172,ws,ws,book_ladder,book_ladder,False,False,-2.0,0.0,65,130.0,strategy_S9-148__TYPE_F:NIFTY:2026-04-15T11:19:29:SHORT
2026-04-15,11:20:31,2026-04-15,11:20:45,NIFTY,BUY,TYPE_F,BOOK_ENTRY_1,BOOK_EXIT_1,24191.5,24191.4,NIFTY21APR2624150CE,24150.0,CE,262.85,263.7,265.0,260.0,265.0,260.0,0.001332,0.002462,ws,ws,book_ladder,book_ladder,False,False,-2.15,3.7,65,55.25,strategy_S9-148__TYPE_F:NIFTY:2026-04-15T11:20:31:LONG
2026-04-15,11:21:32,2026-04-15,11:21:38,NIFTY,BUY,TYPE_F,BOOK_ENTRY_1,BOOK_EXIT_1,24195.5,24194.45,NIFTY21APR2624150CE,24150.0,CE,265.5,265.05,270.0,265.0,270.0,265.0,0.002262,0.002073,ws,ws,book_ladder,book_ladder,False,False,-4.5,0.05,65,-29.25,strategy_S9-148__TYPE_F:NIFTY:2026-04-15T11:21:32:LONG
2026-04-15,11:22:02,2026-04-15,11:22:46,NIFTY,BUY,TYPE_F,BOOK_ENTRY_1,BOOK_EXIT_1,24197.2,24203.65,NIFTY21APR2624150CE,24150.0,CE,266.55,267.45,270.0,265.0,270.0,265.0,0.001878,0.002054,ws,ws,book_ladder,book_ladder,False,False,-3.45,2.45,65,58.5,strategy_S9-148__TYPE_F:NIFTY:2026-04-15T11:22:02:LONG
2026-04-15,11:23:35,2026-04-15,11:23:50,NIFTY,SELL,TYPE_F,BOOK_ENTRY_1,BOOK_EXIT_1,24197.75,24198.0,NIFTY21APR2624200PE,24200.0,PE,226.55,226.45,230.0,225.0,230.0,225.0,0.001767,0.001765,ws,ws,book_ladder,book_ladder,False,False,-3.45,1.45,65,-6.5,strategy_S9-148__TYPE_F:NIFTY:2026-04-15T11:23:35:SHORT
2026-04-15,11:24:32,2026-04-15,11:25:04,NIFTY,BUY,TYPE_F,BOOK_ENTRY_1,BOOK_EXIT_1,24197.15,24199.6,NIFTY21APR2624150CE,24150.0,CE,266.5,266.95,270.0,265.0,270.0,265.0,0.00169,0.001497,ws,ws,book_ladder,book_ladder,False,False,-3.5,1.95,65,29.25,strategy_S9-148__TYPE_F:NIFTY:2026-04-15T11:24:32:LONG
2026-04-15,11:25:16,2026-04-15,11:25:50,NIFTY,SELL,TYPE_F,BOOK_ENTRY_1,BOOK_EXIT_1,24193.95,24192.25,NIFTY21APR2624200PE,24200.0,PE,227.4,224.5,230.0,220.0,230.0,220.0,0.002422,0.00178,ws,ws,book_ladder,book_ladder,False,False,-2.6,4.5,65,-188.5,strategy_S9-148__TYPE_F:NIFTY:2026-04-15T11:25:16:SHORT
2026-04-15,11:26:00,2026-04-15,11:26:20,NIFTY,SELL,TYPE_F,BOOK_ENTRY_1,BOOK_EXIT_1,24189.25,24188.8,NIFTY21APR2624200PE,24200.0,PE,226.6,228.15,230.0,225.0,230.0,225.0,0.001988,0.002189,ws,ws,book_ladder,book_ladder,False,False,-3.4,3.15,65,100.75,strategy_S9-148__TYPE_F:NIFTY:2026-04-15T11:26:00:SHORT
2026-04-15,11:26:32,2026-04-15,11:26:50,NIFTY,SELL,TYPE_F,BOOK_ENTRY_1,BOOK_EXIT_1,24185.25,24182.55,NIFTY21APR2624200PE,24200.0,PE,229.15,230.45,230.0,230.0,230.0,230.0,0.001747,0.002167,ws,ws,book_ladder,book_ladder,False,False,-0.85,0.45,65,84.5,strategy_S9-148__TYPE_F:NIFTY:2026-04-15T11:26:32:SHORT
2026-04-15,11:27:33,2026-04-15,11:28:27,NIFTY,BUY,TYPE_F,BOOK_ENTRY_1,BOOK_EXIT_1,24186.4,24193.1,NIFTY21APR2624150CE,24150.0,CE,263.35,264.4,265.0,260.0,265.0,260.0,0.002091,0.002078,ws,ws,book_ladder,book_ladder,False,False,-1.65,4.4,65,68.25,strategy_S9-148__TYPE_F:NIFTY:2026-04-15T11:27:33:LONG
2026-04-15,11:28:30,2026-04-15,11:28:50,NIFTY,SELL,TYPE_F,BOOK_ENTRY_1,BOOK_EXIT_1,24186.95,24188.6,NIFTY21APR2624200PE,24200.0,PE,229.9,228.15,230.0,225.0,230.0,225.0,0.001741,0.002408,ws,ws,book_ladder,book_ladder,False,False,-0.1,3.15,65,-113.75,strategy_S9-148__TYPE_F:NIFTY:2026-04-15T11:28:30:SHORT
2026-04-15,11:29:34,2026-04-15,11:29:44,NIFTY,SELL,TYPE_F,BOOK_ENTRY_1,BOOK_EXIT_1,24186.15,24188.35,NIFTY21APR2624200PE,24200.0,PE,228.35,228.05,230.0,225.0,230.0,225.0,0.001095,0.001752,ws,ws,book_ladder,book_ladder,False,False,-1.65,3.05,65,-19.5,strategy_S9-148__TYPE_F:NIFTY:2026-04-15T11:29:34:SHORT
2026-04-15,11:30:13,2026-04-15,11:30:16,NIFTY,SELL,TYPE_F,BOOK_ENTRY_1,BOOK_EXIT_1,24185.2,24187.4,NIFTY21APR2624200PE,24200.0,PE,228.7,228.1,230.0,225.0,230.0,225.0,0.000875,0.001971,ws,ws,book_ladder,book_ladder,False,False,-1.3,3.1,65,-39.0,strategy_S9-148__TYPE_F:NIFTY:2026-04-15T11:30:13:SHORT
2026-04-15,11:30:35,2026-04-15,11:30:45,NIFTY,BUY,TYPE_F,BOOK_ENTRY_1,BOOK_EXIT_1,24196.1,24192.95,NIFTY21APR2624150CE,24150.0,CE,266.55,265.4,270.0,265.0,270.0,265.0,0.002442,0.001506,ws,ws,book_ladder,book_ladder,False,False,-3.45,0.4,65,-74.75,strategy_S9-148__TYPE_F:NIFTY:2026-04-15T11:30:35:LONG
2026-04-15,11:31:05,2026-04-15,11:31:30,NIFTY,SELL,TYPE_F,BOOK_ENTRY_1,BOOK_EXIT_1,24187.9,24187.9,NIFTY21APR2624200PE,24200.0,PE,227.8,228.0,230.0,225.0,230.0,225.0,0.002417,0.001753,ws,ws,book_ladder,book_ladder,False,False,-2.2,3.0,65,13.0,strategy_S9-148__TYPE_F:NIFTY:2026-04-15T11:31:05:SHORT
2026-04-15,11:31:50,2026-04-15,11:32:08,NIFTY,BUY,TYPE_F,BOOK_ENTRY_1,BOOK_EXIT_1,24191.65,24189.95,NIFTY21APR2624150CE,24150.0,CE,264.75,264.1,265.0,260.0,265.0,260.0,0.002458,0.00208,ws,ws,book_ladder,book_ladder,False,False,-0.25,4.1,65,-42.25,strategy_S9-148__TYPE_F:NIFTY:2026-04-15T11:31:50:LONG
2026-04-15,11:32:45,2026-04-15,11:32:50,NIFTY,SELL,TYPE_F,BOOK_ENTRY_1,BOOK_EXIT_1,24187.35,24188.8,NIFTY21APR2624200PE,24200.0,PE,229.0,228.4,230.0,225.0,230.0,225.0,0.001092,0.002187,ws,ws,book_ladder,book_ladder,False,False,-1.0,3.4,65,-39.0,strategy_S9-148__TYPE_F:NIFTY:2026-04-15T11:32:45:SHORT
2026-04-15,11:33:16,2026-04-15,11:33:33,NIFTY,SELL,TYPE_F,BOOK_ENTRY_1,BOOK_EXIT_1,24186.4,24188.5,NIFTY21APR2624200PE,24200.0,PE,228.5,227.5,230.0,225.0,230.0,225.0,0.00241,0.000879,ws,ws,book_ladder,book_ladder,False,False,-1.5,2.5,65,-65.0,strategy_S9-148__TYPE_F:NIFTY:2026-04-15T11:33:16:SHORT
2026-04-15,11:34:32,2026-04-15,11:34:57,NIFTY,BUY,TYPE_F,BOOK_ENTRY_1,BOOK_EXIT_1,24188.7,24188.45,NIFTY21APR2624150CE,24150.0,CE,264.15,262.1,265.0,260.0,265.0,260.0,0.001136,0.002096,ws,ws,book_ladder,book_ladder,False,False,-0.85,2.1,65,-133.25,strategy_S9-148__TYPE_F:NIFTY:2026-04-15T11:34:32:LONG
2026-04-15,11:35:20,2026-04-15,11:36:18,NIFTY,BUY,TYPE_F,BOOK_ENTRY_1,BOOK_EXIT_1,24192.7,24195.2,NIFTY21APR2624150CE,24150.0,CE,264.8,266.2,265.0,265.0,265.0,265.0,0.00189,0.002251,ws,ws,book_ladder,book_ladder,False,False,-0.2,1.2,65,91.0,strategy_S9-148__TYPE_F:NIFTY:2026-04-15T11:35:20:LONG
2026-04-15,11:36:30,2026-04-15,11:36:40,NIFTY,BUY,TYPE_F,BOOK_ENTRY_1,BOOK_EXIT_1,24198.05,24196.85,NIFTY21APR2624150CE,24150.0,CE,267.35,266.15,270.0,265.0,270.0,265.0,0.002434,0.001877,ws,ws,book_ladder,book_ladder,False,False,-2.65,1.15,65,-78.0,strategy_S9-148__TYPE_F:NIFTY:2026-04-15T11:36:30:LONG
2026-04-15,11:37:24,2026-04-15,11:37:47,NIFTY,BUY,TYPE_F,BOOK_ENTRY_1,BOOK_EXIT_1,24202.4,24200.4,NIFTY21APR2624200CE,24200.0,CE,239.1,239.0,240.0,235.0,240.0,235.0,0.002093,0.00209,ws,ws,book_ladder,book_ladder,False,False,-0.9,4.0,65,-6.5,strategy_S9-148__TYPE_F:NIFTY:2026-04-15T11:37:24:LONG
2026-04-15,11:40:45,2026-04-15,11:40:54,NIFTY,SELL,TYPE_F,BOOK_ENTRY_1,BOOK_EXIT_1,24194.85,24195.75,NIFTY21APR2624200PE,24200.0,PE,224.75,222.5,225.0,220.0,225.0,220.0,0.002004,0.002245,ws,ws,book_ladder,book_ladder,False,False,-0.25,2.5,65,-146.25,strategy_S9-148__TYPE_F:NIFTY:2026-04-15T11:40:45:SHORT
2026-04-15,11:43:30,2026-04-15,11:43:47,NIFTY,BUY,TYPE_F,BOOK_ENTRY_1,BOOK_EXIT_1,24207.3,24205.95,NIFTY21APR2624200CE,24200.0,CE,243.15,243.15,245.0,240.0,245.0,240.0,0.001646,0.002054,ws,ws,book_ladder,book_ladder,False,False,-1.85,3.15,65,0.0,strategy_S9-148__TYPE_F:NIFTY:2026-04-15T11:43:30:LONG
2026-04-15,11:44:35,2026-04-15,11:45:14,NIFTY,BUY,TYPE_F,BOOK_ENTRY_1,BOOK_EXIT_1,24209.35,24210.4,NIFTY21APR2624200CE,24200.0,CE,243.0,243.55,245.0,240.0,245.0,240.0,0.001854,0.002461,ws,ws,book_ladder,book_ladder,False,False,-2.0,3.55,65,35.75,strategy_S9-148__TYPE_F:NIFTY:2026-04-15T11:44:35:LONG
2026-04-15,11:45:30,2026-04-15,11:45:50,NIFTY,SELL,TYPE_F,BOOK_ENTRY_1,BOOK_EXIT_1,24207.35,24204.85,NIFTY21APR2624250PE,24250.0,PE,239.3,240.9,240.0,240.0,240.0,240.0,0.000836,0.002281,ws,ws,book_ladder,book_ladder,False,False,-0.7,0.9,65,104.0,strategy_S9-148__TYPE_F:NIFTY:2026-04-15T11:45:30:SHORT
2026-04-15,11:48:01,2026-04-15,11:49:15,NIFTY,BUY,TYPE_F,BOOK_ENTRY_1,BOOK_EXIT_1,24209.8,24217.75,NIFTY21APR2624200CE,24200.0,CE,244.5,249.15,245.0,245.0,245.0,245.0,0.001023,0.002405,ws,ws,book_ladder,book_ladder,False,False,-0.5,4.15,65,302.25,strategy_S9-148__TYPE_F:NIFTY:2026-04-15T11:48:01:LONG
2026-04-15,11:50:05,2026-04-15,11:50:30,NIFTY,BUY,TYPE_F,BOOK_ENTRY_1,BOOK_EXIT_1,24222.3,24222.05,NIFTY21APR2624200CE,24200.0,CE,250.0,249.3,250.0,245.0,250.0,245.0,0.001201,0.002004,ws,ws,book_ladder,book_ladder,False,False,0.0,4.3,65,-45.5,strategy_S9-148__TYPE_F:NIFTY:2026-04-15T11:50:05:LONG
2026-04-15,11:51:04,2026-04-15,11:51:05,NIFTY,SELL,TYPE_F,BOOK_ENTRY_1,BOOK_EXIT_1,24218.5,24220.4,NIFTY21APR2624250PE,24250.0,PE,227.2,227.6,230.0,225.0,230.0,225.0,0.001983,0.001756,ws,ws,book_ladder,book_ladder,False,False,-2.8,2.6,65,26.0,strategy_S9-148__TYPE_F:NIFTY:2026-04-15T11:51:04:SHORT
2026-04-15,11:51:30,2026-04-15,11:51:41,NIFTY,BUY,TYPE_F,BOOK_ENTRY_1,BOOK_EXIT_1,24224.15,24222.6,NIFTY21APR2624200CE,24200.0,CE,251.85,250.0,255.0,250.0,255.0,250.0,0.001788,0.002198,ws,ws,book_ladder,book_ladder,False,False,-3.15,0.0,65,-120.25,strategy_S9-148__TYPE_F:NIFTY:2026-04-15T11:51:30:LONG
2026-04-15,11:52:45,2026-04-15,11:52:50,NIFTY,SELL,TYPE_F,BOOK_ENTRY_1,BOOK_EXIT_1,24219.7,24221.35,NIFTY21APR2624250PE,24250.0,PE,229.0,229.1,230.0,225.0,230.0,225.0,0.000874,0.001091,ws,ws,book_ladder,book_ladder,False,False,-1.0,4.1,65,6.5,strategy_S9-148__TYPE_F:NIFTY:2026-04-15T11:52:45:SHORT
2026-04-15,11:53:00,2026-04-15,11:53:53,NIFTY,SELL,TYPE_F,BOOK_ENTRY_1,BOOK_EXIT_1,24218.85,24217.15,NIFTY21APR2624250PE,24250.0,PE,229.05,229.15,230.0,225.0,230.0,225.0,0.000874,0.00218,ws,ws,book_ladder,book_ladder,False,False,-0.95,4.15,65,6.5,strategy_S9-148__TYPE_F:NIFTY:2026-04-15T11:53:00:SHORT
2026-04-15,11:54:26,2026-04-15,11:54:54,NIFTY,BUY,TYPE_F,BOOK_ENTRY_1,BOOK_EXIT_1,24221.1,24222.8,NIFTY21APR2624200CE,24200.0,CE,249.45,249.45,250.0,245.0,250.0,245.0,0.001806,0.002402,ws,ws,book_ladder,book_ladder,False,False,-0.55,4.45,65,0.0,strategy_S9-148__TYPE_F:NIFTY:2026-04-15T11:54:26:LONG
2026-04-15,11:55:50,2026-04-15,11:56:01,NIFTY,SELL,TYPE_F,BOOK_ENTRY_1,BOOK_EXIT_1,24218.6,24221.7,NIFTY21APR2624250PE,24250.0,PE,226.55,226.15,230.0,225.0,230.0,225.0,0.001104,0.001988,ws,ws,book_ladder,book_ladder,False,False,-3.45,1.15,65,-26.0,strategy_S9-148__TYPE_F:NIFTY:2026-04-15T11:55:50:SHORT
2026-04-15,11:56:15,2026-04-15,11:56:27,NIFTY,SELL,TYPE_F,BOOK_ENTRY_1,BOOK_EXIT_1,24220.35,24221.1,NIFTY21APR2624250PE,24250.0,PE,226.75,225.6,230.0,225.0,230.0,225.0,0.001987,0.001993,ws,ws,book_ladder,book_ladder,False,False,-3.25,0.6,65,-74.75,strategy_S9-148__TYPE_F:NIFTY:2026-04-15T11:56:15:SHORT
2026-04-15,11:56:50,2026-04-15,11:57:05,NIFTY,SELL,TYPE_F,BOOK_ENTRY_1,BOOK_EXIT_1,24219.25,24220.05,NIFTY21APR2624250PE,24250.0,PE,227.1,227.35,230.0,225.0,230.0,225.0,0.001542,0.00066,ws,ws,book_ladder,book_ladder,False,False,-2.9,2.35,65,16.25,strategy_S9-148__TYPE_F:NIFTY:2026-04-15T11:56:50:SHORT
2026-04-15,11:58:00,2026-04-15,11:58:05,NIFTY,SELL,TYPE_F,BOOK_ENTRY_1,BOOK_EXIT_1,24215.25,24218.0,NIFTY21APR2624250PE,24250.0,PE,229.0,228.45,230.0,225.0,230.0,225.0,0.000437,0.001749,ws,ws,book_ladder,book_ladder,False,False,-1.0,3.45,65,-35.75,strategy_S9-148__TYPE_F:NIFTY:2026-04-15T11:58:00:SHORT
2026-04-15,11:58:16,2026-04-15,11:58:20,NIFTY,SELL,TYPE_F,BOOK_ENTRY_1,BOOK_EXIT_1,24214.8,24216.95,NIFTY21APR2624250PE,24250.0,PE,230.0,228.4,230.0,225.0,230.0,225.0,0.001088,0.00175,ws,ws,book_ladder,book_ladder,False,False,0.0,3.4,65,-104.0,strategy_S9-148__TYPE_F:NIFTY:2026-04-15T11:58:16:SHORT
2026-04-15,12:00:05,2026-04-15,12:00:30,NIFTY,BUY,TYPE_F,BOOK_ENTRY_1,BOOK_EXIT_1,24220.35,24221.7,NIFTY21APR2624200CE,24200.0,CE,248.0,249.65,250.0,245.0,250.0,245.0,0.002018,0.001401,ws,ws,book_ladder,book_ladder,False,False,-2.0,4.65,65,107.25,strategy_S9-148__TYPE_F:NIFTY:2026-04-15T12:00:05:LONG
2026-04-15,12:00:50,2026-04-15,12:01:10,NIFTY,BUY,TYPE_F,BOOK_ENTRY_1,BOOK_EXIT_1,24223.7,24224.6,NIFTY21APR2624200CE,24200.0,CE,250.0,249.25,250.0,245.0,250.0,245.0,0.001001,0.001604,ws,ws,book_ladder,book_ladder,False,False,0.0,4.25,65,-48.75,strategy_S9-148__TYPE_F:NIFTY:2026-04-15T12:00:50:LONG
2026-04-15,12:02:54,2026-04-15,12:03:10,NIFTY,BUY,TYPE_F,BOOK_ENTRY_1,BOOK_EXIT_1,24224.65,24226.05,NIFTY21APR2624200CE,24200.0,CE,248.9,249.45,250.0,245.0,250.0,245.0,0.000402,0.002202,ws,ws,book_ladder,book_ladder,False,False,-1.1,4.45,65,35.75,strategy_S9-148__TYPE_F:NIFTY:2026-04-15T12:02:54:LONG
2026-04-15,12:04:31,2026-04-15,12:04:56,NIFTY,BUY,TYPE_F,BOOK_ENTRY_1,BOOK_EXIT_1,24227.5,24228.75,NIFTY21APR2624200CE,24200.0,CE,250.0,251.6,250.0,250.0,250.0,250.0,0.001601,0.001589,ws,ws,book_ladder,book_ladder,False,False,0.0,1.6,65,104.0,strategy_S9-148__TYPE_F:NIFTY:2026-04-15T12:04:31:LONG
2026-04-15,12:06:11,2026-04-15,12:06:20,NIFTY,SELL,TYPE_F,BOOK_ENTRY_1,BOOK_EXIT_1,24223.05,24224.95,NIFTY21APR2624250PE,24250.0,PE,225.75,225.5,230.0,225.0,230.0,225.0,0.002217,0.002436,ws,ws,book_ladder,book_ladder,False,False,-4.25,0.5,65,-16.25,strategy_S9-148__TYPE_F:NIFTY:2026-04-15T12:06:11:SHORT
2026-04-15,12:06:50,2026-04-15,12:06:57,NIFTY,BUY,TYPE_F,BOOK_ENTRY_1,BOOK_EXIT_1,24229.05,24223.9,NIFTY21APR2624200CE,24200.0,CE,251.7,250.75,255.0,250.0,255.0,250.0,0.00159,0.001395,ws,ws,book_ladder,book_ladder,False,False,-3.3,0.75,65,-61.75,strategy_S9-148__TYPE_F:NIFTY:2026-04-15T12:06:50:LONG
2026-04-15,12:07:20,2026-04-15,12:07:20,NIFTY,SELL,TYPE_F,BOOK_ENTRY_1,BOOK_EXIT_2,24222.6,24224.3,NIFTY21APR2624250PE,24250.0,PE,225.4,224.9,230.0,225.0,230.0,220.0,0.002221,0.002221,ws,ws,book_ladder,book_ladder,False,True,-4.6,-0.1,65,-32.5,strategy_S9-148__TYPE_F:NIFTY:2026-04-15T12:07:20:SHORT
2026-04-15,12:07:59,2026-04-15,12:08:05,NIFTY,SELL,TYPE_F,BOOK_ENTRY_1,BOOK_EXIT_1,24221.85,24224.35,NIFTY21APR2624250PE,24250.0,PE,225.6,225.5,230.0,225.0,230.0,225.0,0.001553,0.001551,ws,ws,book_ladder,book_ladder,False,False,-4.4,0.5,65,-6.5,strategy_S9-148__TYPE_F:NIFTY:2026-04-15T12:07:59:SHORT
2026-04-15,12:08:17,2026-04-15,12:08:20,NIFTY,SELL,TYPE_F,BOOK_ENTRY_1,BOOK_EXIT_1,24220.8,24222.5,NIFTY21APR2624250PE,24250.0,PE,226.05,226.0,230.0,225.0,230.0,225.0,0.000442,0.000221,ws,ws,book_ladder,book_ladder,False,False,-3.95,1.0,65,-3.25,strategy_S9-148__TYPE_F:NIFTY:2026-04-15T12:08:17:SHORT
2026-04-15,12:09:01,2026-04-15,12:09:07,NIFTY,BUY,TYPE_F,BOOK_ENTRY_1,BOOK_EXIT_1,24224.6,24222.65,NIFTY21APR2624200CE,24200.0,CE,251.0,250.5,255.0,250.0,255.0,250.0,0.001395,0.001396,ws,ws,book_ladder,book_ladder,False,False,-4.0,0.5,65,-32.5,strategy_S9-148__TYPE_F:NIFTY:2026-04-15T12:09:01:LONG
2026-04-15,12:09:20,2026-04-15,12:09:41,NIFTY,BUY,TYPE_F,BOOK_ENTRY_1,BOOK_EXIT_1,24225.7,24224.75,NIFTY21APR2624200CE,24200.0,CE,251.25,250.7,255.0,250.0,255.0,250.0,0.000796,0.001793,ws,ws,book_ladder,book_ladder,False,False,-3.75,0.7,65,-35.75,strategy_S9-148__TYPE_F:NIFTY:2026-04-15T12:09:20:LONG
2026-04-15,12:10:05,2026-04-15,12:10:44,NIFTY,BUY,TYPE_F,BOOK_ENTRY_1,BOOK_EXIT_1,24227.3,24229.3,NIFTY21APR2624200CE,24200.0,CE,250.95,252.55,255.0,250.0,255.0,250.0,0.001795,0.000792,ws,ws,book_ladder,book_ladder,False,False,-4.05,2.55,65,104.0,strategy_S9-148__TYPE_F:NIFTY:2026-04-15T12:10:05:LONG
2026-04-15,12:11:05,2026-04-15,12:11:16,NIFTY,BUY,TYPE_F,BOOK_ENTRY_1,BOOK_EXIT_1,24233.5,24232.6,NIFTY21APR2624200CE,24200.0,CE,252.25,252.35,255.0,250.0,255.0,250.0,0.000595,0.002375,ws,ws,book_ladder,book_ladder,False,False,-2.75,2.35,65,6.5,strategy_S9-148__TYPE_F:NIFTY:2026-04-15T12:11:05:LONG
2026-04-15,12:11:50,2026-04-15,12:11:58,NIFTY,BUY,TYPE_F,BOOK_ENTRY_1,BOOK_EXIT_1,24234.8,24232.35,NIFTY21APR2624200CE,24200.0,CE,251.9,251.75,255.0,250.0,255.0,250.0,0.000794,0.00238,ws,ws,book_ladder,book_ladder,False,False,-3.1,1.75,65,-9.75,strategy_S9-148__TYPE_F:NIFTY:2026-04-15T12:11:50:LONG
2026-04-15,12:12:20,2026-04-15,12:12:31,NIFTY,SELL,TYPE_F,BOOK_ENTRY_1,BOOK_EXIT_1,24230.05,24231.6,NIFTY21APR2624250PE,24250.0,PE,224.2,222.8,225.0,220.0,225.0,220.0,0.001339,0.001794,ws,ws,book_ladder,book_ladder,False,False,-0.8,2.8,65,-91.0,strategy_S9-148__TYPE_F:NIFTY:2026-04-15T12:12:20:SHORT
2026-04-15,12:13:06,2026-04-15,12:13:20,NIFTY,SELL,TYPE_F,BOOK_ENTRY_1,BOOK_EXIT_1,24229.15,24228.45,NIFTY21APR2624250PE,24250.0,PE,222.35,223.7,225.0,220.0,225.0,220.0,0.002026,0.002233,ws,ws,book_ladder,book_ladder,False,False,-2.65,3.7,65,87.75,strategy_S9-148__TYPE_F:NIFTY:2026-04-15T12:13:06:SHORT
2026-04-15,12:15:50,2026-04-15,12:16:15,NIFTY,BUY,TYPE_F,BOOK_ENTRY_1,BOOK_EXIT_1,24231.55,24231.15,NIFTY21APR2624200CE,24200.0,CE,251.85,252.05,255.0,250.0,255.0,250.0,0.002186,0.001586,ws,ws,book_ladder,book_ladder,False,False,-3.15,2.05,65,13.0,strategy_S9-148__TYPE_F:NIFTY:2026-04-15T12:15:50:LONG
2026-04-15,12:16:50,2026-04-15,12:17:12,NIFTY,BUY,TYPE_F,BOOK_ENTRY_1,BOOK_EXIT_1,24233.25,24229.05,NIFTY21APR2624200CE,24200.0,CE,251.3,251.55,255.0,250.0,255.0,250.0,0.00239,0.001787,ws,ws,book_ladder,book_ladder,False,False,-3.7,1.55,65,16.25,strategy_S9-148__TYPE_F:NIFTY:2026-04-15T12:16:50:LONG
2026-04-15,12:17:42,2026-04-15,12:18:35,NIFTY,SELL,TYPE_F,BOOK_ENTRY_1,BOOK_EXIT_1,24228.6,24218.2,NIFTY21APR2624250PE,24250.0,PE,224.9,230.7,225.0,230.0,225.0,230.0,0.001557,0.0013,ws,ws,book_ladder,book_ladder,False,False,-0.1,0.7,65,377.0,strategy_S9-148__TYPE_F:NIFTY:2026-04-15T12:17:42:SHORT
2026-04-15,12:20:00,2026-04-15,12:20:05,NIFTY,SELL,TYPE_F,BOOK_ENTRY_1,BOOK_EXIT_1,24216.05,24217.5,NIFTY21APR2624250PE,24250.0,PE,230.45,231.4,235.0,230.0,235.0,230.0,0.002172,0.00108,ws,ws,book_ladder,book_ladder,False,False,-4.55,1.4,65,61.75,strategy_S9-148__TYPE_F:NIFTY:2026-04-15T12:20:00:SHORT
2026-04-15,12:20:32,2026-04-15,12:20:39,NIFTY,BUY,TYPE_F,BOOK_ENTRY_1,BOOK_EXIT_1,24222.2,24220.4,NIFTY21APR2624200CE,24200.0,CE,247.0,245.15,250.0,245.0,250.0,245.0,0.001824,0.001019,ws,ws,book_ladder,book_ladder,False,False,-3.0,0.15,65,-120.25,strategy_S9-148__TYPE_F:NIFTY:2026-04-15T12:20:32:LONG
2026-04-15,12:21:24,2026-04-15,12:21:43,NIFTY,SELL,TYPE_F,BOOK_ENTRY_1,BOOK_EXIT_1,24213.75,24207.5,NIFTY21APR2624250PE,24250.0,PE,234.0,237.0,235.0,235.0,235.0,235.0,0.002139,0.002318,ws,ws,book_ladder,book_ladder,False,False,-1.0,2.0,65,195.0,strategy_S9-148__TYPE_F:NIFTY:2026-04-15T12:21:24:SHORT
2026-04-15,12:22:12,2026-04-15,12:22:20,NIFTY,SELL,TYPE_F,BOOK_ENTRY_1,BOOK_EXIT_1,24204.2,24206.25,NIFTY21APR2624250PE,24250.0,PE,239.8,239.75,240.0,235.0,240.0,235.0,0.001878,0.000625,ws,ws,book_ladder,book_ladder,False,False,-0.2,4.75,65,-3.25,strategy_S9-148__TYPE_F:NIFTY:2026-04-15T12:22:12:SHORT
2026-04-15,12:23:06,2026-04-15,12:23:44,NIFTY,BUY,TYPE_F,BOOK_ENTRY_1,BOOK_EXIT_1,24206.3,24209.6,NIFTY21APR2624200CE,24200.0,CE,238.15,239.7,240.0,235.0,240.0,235.0,0.001681,0.001251,ws,ws,book_ladder,book_ladder,False,False,-1.85,4.7,65,100.75,strategy_S9-148__TYPE_F:NIFTY:2026-04-15T12:23:06:LONG
2026-04-15,12:24:03,2026-04-15,12:24:55,NIFTY,BUY,TYPE_F,BOOK_ENTRY_1,BOOK_EXIT_1,24212.6,24222.65,NIFTY21APR2624200CE,24200.0,CE,240.2,242.2,245.0,240.0,245.0,240.0,0.000625,0.002474,ws,ws,book_ladder,book_ladder,False,False,-4.8,2.2,65,130.0,strategy_S9-148__TYPE_F:NIFTY:2026-04-15T12:24:03:LONG
2026-04-15,12:27:15,2026-04-15,12:27:49,NIFTY,BUY,TYPE_F,BOOK_ENTRY_1,BOOK_EXIT_1,24226.2,24228.1,NIFTY21APR2624200CE,24200.0,CE,246.9,247.2,250.0,245.0,250.0,245.0,0.00223,0.001415,ws,ws,book_ladder,book_ladder,False,False,-3.1,2.2,65,19.5,strategy_S9-148__TYPE_F:NIFTY:2026-04-15T12:27:15:LONG
2026-04-15,12:28:07,2026-04-15,12:28:35,NIFTY,SELL,TYPE_F,BOOK_ENTRY_1,BOOK_EXIT_1,24224.45,24224.1,NIFTY21APR2624250PE,24250.0,PE,226.7,227.15,230.0,225.0,230.0,225.0,0.001987,0.00132,ws,ws,book_ladder,book_ladder,False,False,-3.3,2.15,65,29.25,strategy_S9-148__TYPE_F:NIFTY:2026-04-15T12:28:07:SHORT
2026-04-15,12:29:55,2026-04-15,12:30:05,NIFTY,SELL,TYPE_F,BOOK_ENTRY_1,BOOK_EXIT_1,24220.4,24221.8,NIFTY21APR2624250PE,24250.0,PE,229.4,230.05,230.0,230.0,230.0,230.0,0.000872,0.00152,ws,ws,book_ladder,book_ladder,False,False,-0.6,0.05,65,42.25,strategy_S9-148__TYPE_F:NIFTY:2026-04-15T12:29:55:SHORT
2026-04-15,12:32:47,2026-04-15,12:32:50,NIFTY,SELL,TYPE_F,BOOK_ENTRY_1,BOOK_EXIT_1,24213.05,24214.55,NIFTY21APR2624250PE,24250.0,PE,234.2,233.85,235.0,230.0,235.0,230.0,0.001068,0.001922,ws,ws,book_ladder,book_ladder,False,False,-0.8,3.85,65,-22.75,strategy_S9-148__TYPE_F:NIFTY:2026-04-15T12:32:47:SHORT
2026-04-15,12:33:18,2026-04-15,12:33:43,NIFTY,BUY,TYPE_F,BOOK_ENTRY_1,BOOK_EXIT_1,24217.05,24217.45,NIFTY21APR2624200CE,24200.0,CE,240.45,239.0,245.0,235.0,245.0,235.0,0.001873,0.001463,ws,ws,book_ladder,book_ladder,False,False,-4.55,4.0,65,-94.25,strategy_S9-148__TYPE_F:NIFTY:2026-04-15T12:33:18:LONG
2026-04-15,12:34:02,2026-04-15,12:34:19,NIFTY,SELL,TYPE_F,BOOK_ENTRY_1,BOOK_EXIT_1,24214.65,24215.1,NIFTY21APR2624250PE,24250.0,PE,233.7,232.7,235.0,230.0,235.0,230.0,0.001499,0.000644,ws,ws,book_ladder,book_ladder,False,False,-1.3,2.7,65,-65.0,strategy_S9-148__TYPE_F:NIFTY:2026-04-15T12:34:02:SHORT
2026-04-15,12:34:30,2026-04-15,12:34:46,NIFTY,SELL,TYPE_F,BOOK_ENTRY_1,BOOK_EXIT_1,24213.75,24215.4,NIFTY21APR2624250PE,24250.0,PE,233.95,232.1,235.0,230.0,235.0,230.0,0.001711,0.002152,ws,ws,book_ladder,book_ladder,False,False,-1.05,2.1,65,-120.25,strategy_S9-148__TYPE_F:NIFTY:2026-04-15T12:34:30:SHORT
2026-04-15,12:35:25,2026-04-15,12:36:26,NIFTY,BUY,TYPE_F,BOOK_ENTRY_1,BOOK_EXIT_1,24219.1,24227.0,NIFTY21APR2624200CE,24200.0,CE,242.8,245.1,245.0,245.0,245.0,245.0,0.000824,0.002241,ws,ws,book_ladder,book_ladder,False,False,-2.2,0.1,65,149.5,strategy_S9-148__TYPE_F:NIFTY:2026-04-15T12:35:25:LONG
2026-04-15,12:36:47,2026-04-15,12:37:02,NIFTY,BUY,TYPE_F,BOOK_ENTRY_1,BOOK_EXIT_1,24229.25,24229.5,NIFTY21APR2624200CE,24200.0,CE,244.55,245.0,245.0,245.0,245.0,245.0,0.001023,0.002446,ws,ws,book_ladder,book_ladder,False,False,-0.45,0.0,65,29.25,strategy_S9-148__TYPE_F:NIFTY:2026-04-15T12:36:47:LONG
2026-04-15,12:38:26,2026-04-15,12:38:51,NIFTY,BUY,TYPE_F,BOOK_ENTRY_1,BOOK_EXIT_1,24234.05,24234.35,NIFTY21APR2624200CE,24200.0,CE,247.5,248.55,250.0,245.0,250.0,245.0,0.00182,0.002411,ws,ws,book_ladder,book_ladder,False,False,-2.5,3.55,65,68.25,strategy_S9-148__TYPE_F:NIFTY:2026-04-15T12:38:26:LONG
2026-04-15,12:39:05,2026-04-15,12:39:25,NIFTY,BUY,TYPE_F,BOOK_ENTRY_1,BOOK_EXIT_1,24235.9,24235.15,NIFTY21APR2624200CE,24200.0,CE,249.7,248.15,250.0,245.0,250.0,245.0,0.002406,0.001611,ws,ws,book_ladder,book_ladder,False,False,-0.3,3.15,65,-100.75,strategy_S9-148__TYPE_F:NIFTY:2026-04-15T12:39:05:LONG
2026-04-15,12:40:15,2026-04-15,12:40:49,NIFTY,SELL,TYPE_F,BOOK_ENTRY_1,BOOK_EXIT_1,24231.0,24230.2,NIFTY21APR2624250PE,24250.0,PE,227.0,226.55,230.0,225.0,230.0,225.0,0.001543,0.002425,ws,ws,book_ladder,book_ladder,False,False,-3.0,1.55,65,-29.25,strategy_S9-148__TYPE_F:NIFTY:2026-04-15T12:40:15:SHORT
2026-04-15,12:41:17,2026-04-15,12:41:29,NIFTY,BUY,TYPE_F,BOOK_ENTRY_1,BOOK_EXIT_1,24233.2,24230.4,NIFTY21APR2624200CE,24200.0,CE,248.5,247.55,250.0,245.0,250.0,245.0,0.001409,0.002421,ws,ws,book_ladder,book_ladder,False,False,-1.5,2.55,65,-61.75,strategy_S9-148__TYPE_F:NIFTY:2026-04-15T12:41:17:LONG
2026-04-15,12:42:43,2026-04-15,12:43:01,NIFTY,SELL,TYPE_F,BOOK_ENTRY_1,BOOK_EXIT_1,24222.2,24219.35,NIFTY21APR2624250PE,24250.0,PE,228.4,228.9,230.0,225.0,230.0,225.0,0.001753,0.001964,ws,ws,book_ladder,book_ladder,False,False,-1.6,3.9,65,32.5,strategy_S9-148__TYPE_F:NIFTY:2026-04-15T12:42:43:SHORT
2026-04-15,12:43:46,2026-04-15,12:44:19,NIFTY,BUY,TYPE_F,BOOK_ENTRY_1,BOOK_EXIT_1,24223.0,24225.05,NIFTY21APR2624200CE,24200.0,CE,245.0,244.3,245.0,240.0,245.0,240.0,0.002043,0.001432,ws,ws,book_ladder,book_ladder,False,False,0.0,4.3,65,-45.5,strategy_S9-148__TYPE_F:NIFTY:2026-04-15T12:43:46:LONG
2026-04-15,12:44:32,2026-04-15,12:44:55,NIFTY,BUY,TYPE_F,BOOK_ENTRY_1,BOOK_EXIT_1,24228.5,24230.95,NIFTY21APR2624200CE,24200.0,CE,246.8,245.05,250.0,245.0,250.0,245.0,0.002434,0.001835,ws,ws,book_ladder,book_ladder,False,False,-3.2,0.05,65,-113.75,strategy_S9-148__TYPE_F:NIFTY:2026-04-15T12:44:32:LONG
2026-04-15,12:45:31,2026-04-15,12:45:56,NIFTY,BUY,TYPE_F,BOOK_ENTRY_1,BOOK_EXIT_1,24231.35,24233.1,NIFTY21APR2624200CE,24200.0,CE,245.45,247.15,250.0,245.0,250.0,245.0,0.000204,0.002425,ws,ws,book_ladder,book_ladder,False,False,-4.55,2.15,65,110.5,strategy_S9-148__TYPE_F:NIFTY:2026-04-15T12:45:31:LONG
2026-04-15,12:46:39,2026-04-15,12:46:50,NIFTY,SELL,TYPE_F,BOOK_ENTRY_1,BOOK_EXIT_1,24227.4,24229.4,NIFTY21APR2624250PE,24250.0,PE,227.6,226.8,230.0,225.0,230.0,225.0,0.001539,0.002202,ws,ws,book_ladder,book_ladder,False,False,-2.4,1.8,65,-52.0,strategy_S9-148__TYPE_F:NIFTY:2026-04-15T12:46:39:SHORT
2026-04-15,12:47:12,2026-04-15,12:47:35,NIFTY,SELL,TYPE_F,BOOK_ENTRY_1,BOOK_EXIT_1,24222.5,24221.8,NIFTY21APR2624250PE,24250.0,PE,230.65,232.2,235.0,230.0,235.0,230.0,0.001736,0.002151,ws,ws,book_ladder,book_ladder,False,False,-4.35,2.2,65,100.75,strategy_S9-148__TYPE_F:NIFTY:2026-04-15T12:47:12:SHORT
2026-04-15,12:47:58,2026-04-15,12:48:21,NIFTY,SELL,TYPE_F,BOOK_ENTRY_1,BOOK_EXIT_1,24217.8,24212.85,NIFTY21APR2624250PE,24250.0,PE,233.35,237.0,235.0,235.0,235.0,235.0,0.00193,0.001476,ws,ws,book_ladder,book_ladder,False,False,-1.65,2.0,65,237.25,strategy_S9-148__TYPE_F:NIFTY:2026-04-15T12:47:58:SHORT
2026-04-15,12:49:04,2026-04-15,12:49:20,NIFTY,SELL,TYPE_F,BOOK_ENTRY_1,BOOK_EXIT_1,24212.45,24214.25,NIFTY21APR2624250PE,24250.0,PE,237.35,236.5,240.0,235.0,240.0,235.0,0.000632,0.002112,ws,ws,book_ladder,book_ladder,False,False,-2.65,1.5,65,-55.25,strategy_S9-148__TYPE_F:NIFTY:2026-04-15T12:49:04:SHORT
2026-04-15,12:49:55,2026-04-15,12:50:22,NIFTY,BUY,TYPE_F,BOOK_ENTRY_1,BOOK_EXIT_1,24217.1,24218.5,NIFTY21APR2624200CE,24200.0,CE,237.95,237.85,240.0,235.0,240.0,235.0,0.001051,0.00168,ws,ws,book_ladder,book_ladder,False,False,-2.05,2.85,65,-6.5,strategy_S9-148__TYPE_F:NIFTY:2026-04-15T12:49:55:LONG
2026-04-15,12:51:35,2026-04-15,12:51:52,NIFTY,BUY,TYPE_F,BOOK_ENTRY_1,BOOK_EXIT_1,24230.55,24232.15,NIFTY21APR2624200CE,24200.0,CE,243.0,244.5,245.0,240.0,245.0,240.0,0.001647,0.002043,ws,ws,book_ladder,book_ladder,False,False,-2.0,4.5,65,97.5,strategy_S9-148__TYPE_F:NIFTY:2026-04-15T12:51:35:LONG
2026-04-15,12:52:22,2026-04-15,12:53:05,NIFTY,SELL,TYPE_F,BOOK_ENTRY_1,BOOK_EXIT_1,24223.2,24221.7,NIFTY21APR2624250PE,24250.0,PE,230.95,232.8,235.0,230.0,235.0,230.0,0.002384,0.001931,ws,ws,book_ladder,book_ladder,False,False,-4.05,2.8,65,120.25,strategy_S9-148__TYPE_F:NIFTY:2026-04-15T12:52:22:SHORT
2026-04-15,12:53:15,2026-04-15,12:53:35,NIFTY,SELL,TYPE_F,BOOK_ENTRY_1,BOOK_EXIT_1,24219.35,24214.0,NIFTY21APR2624250PE,24250.0,PE,234.0,237.35,235.0,235.0,235.0,235.0,0.001069,0.002315,ws,ws,book_ladder,book_ladder,False,False,-1.0,2.35,65,217.75,strategy_S9-148__TYPE_F:NIFTY:2026-04-15T12:53:15:SHORT
2026-04-15,12:53:48,2026-04-15,12:54:00,NIFTY,SELL,TYPE_F,BOOK_ENTRY_1,BOOK_EXIT_1,24207.35,24207.85,NIFTY21APR2624250PE,24250.0,PE,240.6,240.1,245.0,240.0,245.0,240.0,0.00208,0.00208,ws,ws,book_ladder,book_ladder,False,False,-4.4,0.1,65,-32.5,strategy_S9-148__TYPE_F:NIFTY:2026-04-15T12:53:48:SHORT
2026-04-15,12:54:50,2026-04-15,12:55:10,NIFTY,BUY,TYPE_F,BOOK_ENTRY_1,BOOK_EXIT_1,24213.6,24213.0,NIFTY21APR2624200CE,24200.0,CE,233.8,233.65,235.0,230.0,235.0,230.0,0.002141,0.000428,ws,ws,book_ladder,book_ladder,False,False,-1.2,3.65,65,-9.75,strategy_S9-148__TYPE_F:NIFTY:2026-04-15T12:54:50:LONG
2026-04-15,12:55:22,2026-04-15,12:55:29,NIFTY,BUY,TYPE_F,BOOK_ENTRY_1,BOOK_EXIT_1,24215.75,24214.05,NIFTY21APR2624200CE,24200.0,CE,235.4,234.7,240.0,230.0,240.0,230.0,0.002339,0.000639,ws,ws,book_ladder,book_ladder,False,False,-4.6,4.7,65,-45.5,strategy_S9-148__TYPE_F:NIFTY:2026-04-15T12:55:22:LONG
2026-04-15,12:55:50,2026-04-15,12:55:58,NIFTY,BUY,TYPE_F,BOOK_ENTRY_1,BOOK_EXIT_1,24216.55,24214.2,NIFTY21APR2624200CE,24200.0,CE,235.5,234.0,240.0,230.0,240.0,230.0,0.001062,0.002134,ws,ws,book_ladder,book_ladder,False,False,-4.5,4.0,65,-97.5,strategy_S9-148__TYPE_F:NIFTY:2026-04-15T12:55:50:LONG
2026-04-15,12:56:45,2026-04-15,12:57:09,NIFTY,BUY,TYPE_F,BOOK_ENTRY_1,BOOK_EXIT_1,24215.6,24217.05,NIFTY21APR2624200CE,24200.0,CE,235.45,236.3,240.0,235.0,240.0,235.0,0.000425,0.001057,ws,ws,book_ladder,book_ladder,False,False,-4.55,1.3,65,55.25,strategy_S9-148__TYPE_F:NIFTY:2026-04-15T12:56:45:LONG
2026-04-15,12:57:50,2026-04-15,12:57:56,NIFTY,BUY,TYPE_F,BOOK_ENTRY_1,BOOK_EXIT_1,24218.65,24216.25,NIFTY21APR2624200CE,24200.0,CE,235.95,235.55,240.0,235.0,240.0,235.0,0.001909,0.000849,ws,ws,book_ladder,book_ladder,False,False,-4.05,0.55,65,-26.0,strategy_S9-148__TYPE_F:NIFTY:2026-04-15T12:57:50:LONG
2026-04-15,12:59:26,2026-04-15,12:59:35,NIFTY,SELL,TYPE_F,BOOK_ENTRY_1,BOOK_EXIT_1,24208.2,24209.7,NIFTY21APR2624250PE,24250.0,PE,241.3,241.6,245.0,240.0,245.0,240.0,0.002074,0.00248,ws,ws,book_ladder,book_ladder,False,False,-3.7,1.6,65,19.5,strategy_S9-148__TYPE_F:NIFTY:2026-04-15T12:59:26:SHORT
2026-04-15,13:00:04,2026-04-15,13:01:20,NIFTY,SELL,TYPE_F,BOOK_ENTRY_1,BOOK_EXIT_1,24206.6,24201.95,NIFTY21APR2624250PE,24250.0,PE,242.55,244.45,245.0,240.0,245.0,240.0,0.00227,0.001839,ws,ws,book_ladder,book_ladder,False,False,-2.45,4.45,65,123.5,strategy_S9-148__TYPE_F:NIFTY:2026-04-15T13:00:04:SHORT
2026-04-15,13:01:31,2026-04-15,13:02:22,NIFTY,BUY,TYPE_F,BOOK_ENTRY_1,BOOK_EXIT_1,24205.05,24211.2,NIFTY21APR2624200CE,24200.0,CE,232.35,233.8,235.0,230.0,235.0,230.0,0.001939,0.00235,ws,ws,book_ladder,book_ladder,False,False,-2.65,3.8,65,94.25,strategy_S9-148__TYPE_F:NIFTY:2026-04-15T13:01:31:LONG
2026-04-15,13:02:45,2026-04-15,13:03:05,NIFTY,BUY,TYPE_F,BOOK_ENTRY_1,BOOK_EXIT_1,24213.1,24215.7,NIFTY21APR2624200CE,24200.0,CE,235.65,235.9,240.0,235.0,240.0,235.0,0.002124,0.001271,ws,ws,book_ladder,book_ladder,False,False,-4.35,0.9,65,16.25,strategy_S9-148__TYPE_F:NIFTY:2026-04-15T13:02:45:LONG
2026-04-15,13:03:30,2026-04-15,13:03:41,NIFTY,BUY,TYPE_F,BOOK_ENTRY_1,BOOK_EXIT_1,24216.75,24215.95,NIFTY21APR2624200CE,24200.0,CE,236.75,236.55,240.0,235.0,240.0,235.0,0.001903,0.002322,ws,ws,book_ladder,book_ladder,False,False,-3.25,1.55,65,-13.0,strategy_S9-148__TYPE_F:NIFTY:2026-04-15T13:03:30:LONG
2026-04-15,13:04:32,2026-04-15,13:04:35,NIFTY,SELL,TYPE_F,BOOK_ENTRY_1,BOOK_EXIT_1,24211.2,24212.3,NIFTY21APR2624250PE,24250.0,PE,238.1,237.35,240.0,235.0,240.0,235.0,0.001892,0.001474,ws,ws,book_ladder,book_ladder,False,False,-1.9,2.35,65,-48.75,strategy_S9-148__TYPE_F:NIFTY:2026-04-15T13:04:32:SHORT
2026-04-15,13:05:41,2026-04-15,13:05:50,NIFTY,SELL,TYPE_F,BOOK_ENTRY_1,BOOK_EXIT_1,24209.0,24210.1,NIFTY21APR2624250PE,24250.0,PE,239.25,238.9,240.0,235.0,240.0,235.0,0.001673,0.000418,ws,ws,book_ladder,book_ladder,False,False,-0.75,3.9,65,-22.75,strategy_S9-148__TYPE_F:NIFTY:2026-04-15T13:05:41:SHORT
2026-04-15,13:06:15,2026-04-15,13:06:17,NIFTY,SELL,TYPE_F,BOOK_ENTRY_1,BOOK_EXIT_1,24206.7,24208.0,NIFTY21APR2624250PE,24250.0,PE,240.25,239.65,245.0,235.0,245.0,235.0,0.001041,0.001043,ws,ws,book_ladder,book_ladder,False,False,-4.75,4.65,65,-39.0,strategy_S9-148__TYPE_F:NIFTY:2026-04-15T13:06:15:SHORT
2026-04-15,13:07:45,2026-04-15,13:07:50,NIFTY,SELL,TYPE_F,BOOK_ENTRY_1,BOOK_EXIT_1,24205.95,24206.55,NIFTY21APR2624250PE,24250.0,PE,242.55,242.95,245.0,240.0,245.0,240.0,0.001857,0.002056,ws,ws,book_ladder,book_ladder,False,False,-2.45,2.95,65,26.0,strategy_S9-148__TYPE_F:NIFTY:2026-04-15T13:07:45:SHORT
2026-04-15,13:08:12,2026-04-15,13:08:31,NIFTY,SELL,TYPE_F,BOOK_ENTRY_1,BOOK_EXIT_1,24204.6,24204.65,NIFTY21APR2624250PE,24250.0,PE,243.3,243.4,245.0,240.0,245.0,240.0,0.001645,0.001847,ws,ws,book_ladder,book_ladder,False,False,-1.7,3.4,65,6.5,strategy_S9-148__TYPE_F:NIFTY:2026-04-15T13:08:12:SHORT
2026-04-15,13:09:01,2026-04-15,13:09:33,NIFTY,BUY,TYPE_F,BOOK_ENTRY_1,BOOK_EXIT_1,24208.0,24210.7,NIFTY21APR2624200CE,24200.0,CE,234.25,235.55,235.0,235.0,235.0,235.0,0.001709,0.001061,ws,ws,book_ladder,book_ladder,False,False,-0.75,0.55,65,84.5,strategy_S9-148__TYPE_F:NIFTY:2026-04-15T13:09:01:LONG
2026-04-15,13:10:05,2026-04-15,13:10:13,NIFTY,BUY,TYPE_F,BOOK_ENTRY_1,BOOK_EXIT_1,24213.9,24212.7,NIFTY21APR2624200CE,24200.0,CE,237.0,236.95,240.0,235.0,240.0,235.0,0.000633,0.002108,ws,ws,book_ladder,book_ladder,False,False,-3.0,1.95,65,-3.25,strategy_S9-148__TYPE_F:NIFTY:2026-04-15T13:10:05:LONG
2026-04-15,13:10:35,2026-04-15,13:10:43,NIFTY,BUY,TYPE_F,BOOK_ENTRY_1,BOOK_EXIT_1,24214.75,24213.2,NIFTY21APR2624200CE,24200.0,CE,237.35,236.6,240.0,235.0,240.0,235.0,0.002109,0.002533,ws,ws,book_ladder,book_ladder,False,False,-2.65,1.6,65,-48.75,strategy_S9-148__TYPE_F:NIFTY:2026-04-15T13:10:35:LONG
2026-04-15,13:11:01,2026-04-15,13:11:13,NIFTY,BUY,TYPE_F,BOOK_ENTRY_1,BOOK_EXIT_1,24215.0,24213.25,NIFTY21APR2624200CE,24200.0,CE,237.2,236.6,240.0,235.0,240.0,235.0,0.000211,0.0019,ws,ws,book_ladder,book_ladder,False,False,-2.8,1.6,65,-39.0,strategy_S9-148__TYPE_F:NIFTY:2026-04-15T13:11:01:LONG
2026-04-15,13:11:47,2026-04-15,13:12:49,NIFTY,BUY,TYPE_F,BOOK_ENTRY_1,BOOK_EXIT_1,24215.55,24220.6,NIFTY21APR2624200CE,24200.0,CE,237.85,241.3,240.0,240.0,240.0,240.0,0.002104,0.002277,ws,ws,book_ladder,book_ladder,False,False,-2.15,1.3,65,224.25,strategy_S9-148__TYPE_F:NIFTY:2026-04-15T13:11:47:LONG
2026-04-15,13:13:16,2026-04-15,13:13:20,NIFTY,SELL,TYPE_F,BOOK_ENTRY_1,BOOK_EXIT_1,24219.3,24220.65,NIFTY21APR2624250PE,24250.0,PE,230.7,229.65,235.0,225.0,235.0,225.0,0.001952,0.001523,ws,ws,book_ladder,book_ladder,False,False,-4.3,4.65,65,-68.25,strategy_S9-148__TYPE_F:NIFTY:2026-04-15T13:13:16:SHORT
2026-04-15,13:13:30,2026-04-15,13:13:35,NIFTY,SELL,TYPE_F,BOOK_ENTRY_1,BOOK_EXIT_1,24217.85,24218.9,NIFTY21APR2624250PE,24250.0,PE,232.1,230.95,235.0,230.0,235.0,230.0,0.002157,0.002163,ws,ws,book_ladder,book_ladder,False,False,-2.9,0.95,65,-74.75,strategy_S9-148__TYPE_F:NIFTY:2026-04-15T13:13:30:SHORT
2026-04-15,13:15:31,2026-04-15,13:15:56,NIFTY,SELL,TYPE_F,BOOK_ENTRY_1,BOOK_EXIT_1,24217.6,24217.65,NIFTY21APR2624250PE,24250.0,PE,231.7,229.0,235.0,225.0,235.0,225.0,0.001944,0.001527,ws,ws,book_ladder,book_ladder,False,False,-3.3,4.0,65,-175.5,strategy_S9-148__TYPE_F:NIFTY:2026-04-15T13:15:31:SHORT
2026-04-15,13:16:30,2026-04-15,13:17:15,NIFTY,BUY,TYPE_F,BOOK_ENTRY_1,BOOK_EXIT_1,24221.25,24225.15,NIFTY21APR2624200CE,24200.0,CE,240.8,239.45,245.0,235.0,245.0,235.0,0.001871,0.002294,ws,ws,book_ladder,book_ladder,False,False,-4.2,4.45,65,-87.75,strategy_S9-148__TYPE_F:NIFTY:2026-04-15T13:16:30:LONG
2026-04-15,13:17:50,2026-04-15,13:18:02,NIFTY,BUY,TYPE_F,BOOK_ENTRY_1,BOOK_EXIT_1,24226.75,24226.95,NIFTY21APR2624200CE,24200.0,CE,241.0,241.1,245.0,240.0,245.0,240.0,0.001246,0.001865,ws,ws,book_ladder,book_ladder,False,False,-4.0,1.1,65,6.5,strategy_S9-148__TYPE_F:NIFTY:2026-04-15T13:17:50:LONG
2026-04-15,13:18:37,2026-04-15,13:19:02,NIFTY,BUY,TYPE_F,BOOK_ENTRY_1,BOOK_EXIT_1,24229.35,24228.8,NIFTY21APR2624200CE,24200.0,CE,242.15,241.5,245.0,240.0,245.0,240.0,0.001446,0.002481,ws,ws,book_ladder,book_ladder,False,False,-2.85,1.5,65,-42.25,strategy_S9-148__TYPE_F:NIFTY:2026-04-15T13:18:37:LONG
2026-04-15,13:19:15,2026-04-15,13:19:54,NIFTY,BUY,TYPE_F,BOOK_ENTRY_1,BOOK_EXIT_1,24231.25,24232.45,NIFTY21APR2624200CE,24200.0,CE,242.9,244.1,245.0,240.0,245.0,240.0,0.000824,0.001024,ws,ws,book_ladder,book_ladder,False,False,-2.1,4.1,65,78.0,strategy_S9-148__TYPE_F:NIFTY:2026-04-15T13:19:15:LONG
2026-04-15,13:20:00,2026-04-15,13:20:13,NIFTY,BUY,TYPE_F,BOOK_ENTRY_1,BOOK_EXIT_1,24234.3,24237.25,NIFTY21APR2624200CE,24200.0,CE,244.7,245.8,245.0,245.0,245.0,245.0,0.00225,0.000813,ws,ws,book_ladder,book_ladder,False,False,-0.3,0.8,65,71.5,strategy_S9-148__TYPE_F:NIFTY:2026-04-15T13:20:00:LONG
2026-04-15,13:21:16,2026-04-15,13:21:35,NIFTY,SELL,TYPE_F,BOOK_ENTRY_1,BOOK_EXIT_1,24230.95,24227.4,NIFTY21APR2624250PE,24250.0,PE,225.55,226.45,230.0,225.0,230.0,225.0,0.001553,0.000442,ws,ws,book_ladder,book_ladder,False,False,-4.45,1.45,65,58.5,strategy_S9-148__TYPE_F:NIFTY:2026-04-15T13:21:16:SHORT
2026-04-15,13:21:55,2026-04-15,13:22:31,NIFTY,SELL,TYPE_F,BOOK_ENTRY_1,BOOK_EXIT_1,24222.9,24214.2,NIFTY21APR2624250PE,24250.0,PE,228.4,231.8,230.0,230.0,230.0,230.0,0.001534,0.001939,ws,ws,book_ladder,book_ladder,False,False,-1.6,1.8,65,221.0,strategy_S9-148__TYPE_F:NIFTY:2026-04-15T13:21:55:SHORT
2026-04-15,13:24:18,2026-04-15,13:24:20,NIFTY,SELL,TYPE_F,BOOK_ENTRY_1,BOOK_EXIT_1,24201.6,24203.45,NIFTY21APR2624250PE,24250.0,PE,239.85,239.7,240.0,235.0,240.0,235.0,0.000834,0.0025,ws,ws,book_ladder,book_ladder,False,False,-0.15,4.7,65,-9.75,strategy_S9-148__TYPE_F:NIFTY:2026-04-15T13:24:18:SHORT
2026-04-15,13:25:21,2026-04-15,13:25:39,NIFTY,BUY,TYPE_F,BOOK_ENTRY_1,BOOK_EXIT_1,24201.8,24200.5,NIFTY21APR2624200CE,24200.0,CE,226.75,226.0,230.0,225.0,230.0,225.0,0.002429,0.001547,ws,ws,book_ladder,book_ladder,False,False,-3.25,1.0,65,-48.75,strategy_S9-148__TYPE_F:NIFTY:2026-04-15T13:25:21:LONG
2026-04-15,13:26:01,2026-04-15,13:26:11,NIFTY,BUY,TYPE_F,BOOK_ENTRY_1,BOOK_EXIT_1,24200.35,24198.9,NIFTY21APR2624200CE,24200.0,CE,224.7,225.15,225.0,225.0,225.0,225.0,0.002005,0.001553,ws,ws,book_ladder,book_ladder,False,False,-0.3,0.15,65,29.25,strategy_S9-148__TYPE_F:NIFTY:2026-04-15T13:26:01:LONG
2026-04-15,13:26:42,2026-04-15,13:26:56,NIFTY,SELL,TYPE_F,BOOK_ENTRY_1,BOOK_EXIT_1,24197.15,24198.4,NIFTY21APR2624200PE,24200.0,PE,223.9,221.1,225.0,220.0,225.0,220.0,0.001788,0.002484,ws,ws,book_ladder,book_ladder,False,False,-1.1,1.1,65,-182.0,strategy_S9-148__TYPE_F:NIFTY:2026-04-15T13:26:42:SHORT
2026-04-15,13:27:17,2026-04-15,13:27:50,NIFTY,BUY,TYPE_F,BOOK_ENTRY_1,BOOK_EXIT_1,24201.65,24202.3,NIFTY21APR2624200CE,24200.0,CE,228.35,228.15,230.0,225.0,230.0,225.0,0.001973,0.002189,ws,ws,book_ladder,book_ladder,False,False,-1.65,3.15,65,-13.0,strategy_S9-148__TYPE_F:NIFTY:2026-04-15T13:27:17:LONG
2026-04-15,13:28:15,2026-04-15,13:28:23,NIFTY,SELL,TYPE_F,BOOK_ENTRY_1,BOOK_EXIT_1,24199.65,24201.5,NIFTY21APR2624200PE,24200.0,PE,221.15,222.7,225.0,220.0,225.0,220.0,0.001357,0.001795,ws,ws,book_ladder,book_ladder,False,False,-3.85,2.7,65,100.75,strategy_S9-148__TYPE_F:NIFTY:2026-04-15T13:28:15:SHORT
2026-04-15,13:28:55,2026-04-15,13:29:05,NIFTY,SELL,TYPE_F,BOOK_ENTRY_1,BOOK_EXIT_1,24199.1,24198.95,NIFTY21APR2624200PE,24200.0,PE,224.0,224.55,225.0,220.0,225.0,220.0,0.000893,0.002002,ws,ws,book_ladder,book_ladder,False,False,-1.0,4.55,65,35.75,strategy_S9-148__TYPE_F:NIFTY:2026-04-15T13:28:55:SHORT
2026-04-15,13:30:10,2026-04-15,13:30:35,NIFTY,SELL,TYPE_F,BOOK_ENTRY_1,BOOK_EXIT_1,24194.65,24192.75,NIFTY21APR2624200PE,24200.0,PE,224.6,226.45,225.0,225.0,225.0,225.0,0.002229,0.002426,ws,ws,book_ladder,book_ladder,False,False,-0.4,1.45,65,120.25,strategy_S9-148__TYPE_F:NIFTY:2026-04-15T13:30:10:SHORT
2026-04-15,13:33:31,2026-04-15,13:33:56,NIFTY,BUY,TYPE_F,BOOK_ENTRY_1,BOOK_EXIT_1,24219.8,24219.85,NIFTY21APR2624200CE,24200.0,CE,236.55,236.85,240.0,235.0,240.0,235.0,0.001904,0.000633,ws,ws,book_ladder,book_ladder,False,False,-3.45,1.85,65,19.5,strategy_S9-148__TYPE_F:NIFTY:2026-04-15T13:33:31:LONG
2026-04-15,13:34:15,2026-04-15,13:34:20,NIFTY,SELL,TYPE_F,BOOK_ENTRY_1,BOOK_EXIT_1,24217.05,24217.8,NIFTY21APR2624250PE,24250.0,PE,234.0,233.45,235.0,230.0,235.0,230.0,0.000855,0.001712,ws,ws,book_ladder,book_ladder,False,False,-1.0,3.45,65,-35.75,strategy_S9-148__TYPE_F:NIFTY:2026-04-15T13:34:15:SHORT
2026-04-15,13:34:36,2026-04-15,13:35:20,NIFTY,SELL,TYPE_F,BOOK_ENTRY_1,BOOK_EXIT_1,24215.6,24210.5,NIFTY21APR2624250PE,24250.0,PE,235.9,234.7,240.0,230.0,240.0,230.0,0.002122,0.001703,ws,ws,book_ladder,book_ladder,False,False,-4.1,4.7,65,-78.0,strategy_S9-148__TYPE_F:NIFTY:2026-04-15T13:34:36:SHORT
2026-04-15,13:36:00,2026-04-15,13:36:23,NIFTY,BUY,TYPE_F,BOOK_ENTRY_1,BOOK_EXIT_1,24218.7,24220.0,NIFTY21APR2624200CE,24200.0,CE,239.55,238.45,240.0,235.0,240.0,235.0,0.002089,0.002304,ws,ws,book_ladder,book_ladder,False,False,-0.45,3.45,65,-71.5,strategy_S9-148__TYPE_F:NIFTY:2026-04-15T13:36:00:LONG
2026-04-15,13:36:50,2026-04-15,13:36:59,NIFTY,BUY,TYPE_F,BOOK_ENTRY_1,BOOK_EXIT_1,24223.15,24221.0,NIFTY21APR2624200CE,24200.0,CE,238.4,237.05,240.0,235.0,240.0,235.0,0.001469,0.000422,ws,ws,book_ladder,book_ladder,False,False,-1.6,2.05,65,-87.75,strategy_S9-148__TYPE_F:NIFTY:2026-04-15T13:36:50:LONG
2026-04-15,13:37:50,2026-04-15,13:38:01,NIFTY,SELL,TYPE_F,BOOK_ENTRY_1,BOOK_EXIT_1,24213.8,24215.55,NIFTY21APR2624250PE,24250.0,PE,232.15,232.45,235.0,230.0,235.0,230.0,0.00194,0.002363,ws,ws,book_ladder,book_ladder,False,False,-2.85,2.45,65,19.5,strategy_S9-148__TYPE_F:NIFTY:2026-04-15T13:37:50:SHORT
2026-04-15,13:38:46,2026-04-15,13:39:45,NIFTY,SELL,TYPE_F,BOOK_ENTRY_1,BOOK_EXIT_1,24210.6,24193.75,NIFTY21APR2624250PE,24250.0,PE,234.6,246.45,235.0,245.0,235.0,245.0,0.00128,0.001824,ws,ws,book_ladder,book_ladder,False,False,-0.4,1.45,65,770.25,strategy_S9-148__TYPE_F:NIFTY:2026-04-15T13:38:46:SHORT
2026-04-15,13:40:10,2026-04-15,13:40:17,NIFTY,SELL,TYPE_F,BOOK_ENTRY_1,BOOK_EXIT_1,24192.6,24193.9,NIFTY21APR2624200PE,24200.0,PE,226.0,223.4,230.0,220.0,230.0,220.0,0.001771,0.002236,ws,ws,book_ladder,book_ladder,False,False,-4.0,3.4,65,-169.0,strategy_S9-148__TYPE_F:NIFTY:2026-04-15T13:40:10:SHORT
2026-04-15,13:40:31,2026-04-15,13:41:11,NIFTY,BUY,TYPE_F,BOOK_ENTRY_1,BOOK_EXIT_1,24201.5,24204.3,NIFTY21APR2624200CE,24200.0,CE,227.25,227.0,230.0,225.0,230.0,225.0,0.002203,0.0022,ws,ws,book_ladder,book_ladder,False,False,-2.75,2.0,65,-16.25,strategy_S9-148__TYPE_F:NIFTY:2026-04-15T13:40:31:LONG
2026-04-15,13:42:04,2026-04-15,13:42:34,NIFTY,BUY,TYPE_F,BOOK_ENTRY_1,BOOK_EXIT_1,24211.2,24214.35,NIFTY21APR2624200CE,24200.0,CE,230.5,231.35,235.0,230.0,235.0,230.0,0.002389,0.001727,ws,ws,book_ladder,book_ladder,False,False,-4.5,1.35,65,55.25,strategy_S9-148__TYPE_F:NIFTY:2026-04-15T13:42:04:LONG
2026-04-15,13:43:14,2026-04-15,13:43:26,NIFTY,SELL,TYPE_F,BOOK_ENTRY_1,BOOK_EXIT_1,24211.0,24213.0,NIFTY21APR2624250PE,24250.0,PE,236.35,233.95,240.0,230.0,240.0,230.0,0.002542,0.001495,ws,ws,book_ladder,book_ladder,False,False,-3.65,3.95,65,-156.0,strategy_S9-148__TYPE_F:NIFTY:2026-04-15T13:43:14:SHORT
2026-04-15,13:44:20,2026-04-15,13:44:40,NIFTY,BUY,TYPE_F,BOOK_ENTRY_1,BOOK_EXIT_1,24216.05,24215.9,NIFTY21APR2624200CE,24200.0,CE,233.65,233.55,235.0,230.0,235.0,230.0,0.001713,0.001284,ws,ws,book_ladder,book_ladder,False,False,-1.35,3.55,65,-6.5,strategy_S9-148__TYPE_F:NIFTY:2026-04-15T13:44:20:LONG
2026-04-15,13:46:33,2026-04-15,13:46:45,NIFTY,SELL,TYPE_F,BOOK_ENTRY_1,BOOK_EXIT_1,24213.05,24212.95,NIFTY21APR2624250PE,24250.0,PE,234.05,233.85,235.0,230.0,235.0,230.0,0.002139,0.001709,ws,ws,book_ladder,book_ladder,False,False,-0.95,3.85,65,-13.0,strategy_S9-148__TYPE_F:NIFTY:2026-04-15T13:46:33:SHORT
2026-04-15,13:47:10,2026-04-15,13:47:16,NIFTY,SELL,TYPE_F,BOOK_ENTRY_1,BOOK_EXIT_1,24206.85,24208.35,NIFTY21APR2624250PE,24250.0,PE,236.5,236.15,240.0,235.0,240.0,235.0,0.001905,0.001904,ws,ws,book_ladder,book_ladder,False,False,-3.5,1.15,65,-22.75,strategy_S9-148__TYPE_F:NIFTY:2026-04-15T13:47:10:SHORT
2026-04-15,13:48:17,2026-04-15,13:48:30,NIFTY,SELL,TYPE_F,BOOK_ENTRY_1,BOOK_EXIT_1,24205.5,24207.45,NIFTY21APR2624250PE,24250.0,PE,237.0,237.15,240.0,235.0,240.0,235.0,0.001267,0.002527,ws,ws,book_ladder,book_ladder,False,False,-3.0,2.15,65,9.75,strategy_S9-148__TYPE_F:NIFTY:2026-04-15T13:48:17:SHORT
2026-04-15,13:49:05,2026-04-15,13:49:35,NIFTY,SELL,TYPE_F,BOOK_ENTRY_1,BOOK_EXIT_1,24204.05,24202.6,NIFTY21APR2624250PE,24250.0,PE,236.55,238.45,240.0,235.0,240.0,235.0,0.001692,0.001885,ws,ws,book_ladder,book_ladder,False,False,-3.45,3.45,65,123.5,strategy_S9-148__TYPE_F:NIFTY:2026-04-15T13:49:05:SHORT
2026-04-15,13:50:45,2026-04-15,13:51:05,NIFTY,BUY,TYPE_F,BOOK_ENTRY_1,BOOK_EXIT_1,24209.0,24208.8,NIFTY21APR2624200CE,24200.0,CE,232.95,233.55,235.0,230.0,235.0,230.0,0.001504,0.000856,ws,ws,book_ladder,book_ladder,False,False,-2.05,3.55,65,39.0,strategy_S9-148__TYPE_F:NIFTY:2026-04-15T13:50:45:LONG
2026-04-15,13:51:35,2026-04-15,13:51:45,NIFTY,BUY,TYPE_F,BOOK_ENTRY_1,BOOK_EXIT_1,24210.1,24209.4,NIFTY21APR2624200CE,24200.0,CE,233.0,233.2,235.0,230.0,235.0,230.0,0.001503,0.001714,ws,ws,book_ladder,book_ladder,False,False,-2.0,3.2,65,13.0,strategy_S9-148__TYPE_F:NIFTY:2026-04-15T13:51:35:LONG
2026-04-15,13:52:31,2026-04-15,13:52:50,NIFTY,SELL,TYPE_F,BOOK_ENTRY_1,BOOK_EXIT_1,24203.15,24201.7,NIFTY21APR2624250PE,24250.0,PE,238.0,238.6,240.0,235.0,240.0,235.0,0.001893,0.001466,ws,ws,book_ladder,book_ladder,False,False,-2.0,3.6,65,39.0,strategy_S9-148__TYPE_F:NIFTY:2026-04-15T13:52:31:SHORT
2026-04-15,13:53:23,2026-04-15,13:53:35,NIFTY,SELL,TYPE_F,BOOK_ENTRY_1,BOOK_EXIT_1,24196.1,24197.2,NIFTY21APR2624200PE,24200.0,PE,218.6,217.35,220.0,215.0,220.0,215.0,0.00229,0.002298,ws,ws,book_ladder,book_ladder,False,False,-1.4,2.35,65,-81.25,strategy_S9-148__TYPE_F:NIFTY:2026-04-15T13:53:23:SHORT
2026-04-15,13:54:06,2026-04-15,13:54:28,NIFTY,BUY,TYPE_F,BOOK_ENTRY_1,BOOK_EXIT_1,24202.45,24200.85,NIFTY21APR2624200CE,24200.0,CE,231.8,230.65,235.0,230.0,235.0,230.0,0.001727,0.00065,ws,ws,book_ladder,book_ladder,False,False,-3.2,0.65,65,-74.75,strategy_S9-148__TYPE_F:NIFTY:2026-04-15T13:54:06:LONG
2026-04-15,13:55:50,2026-04-15,13:56:15,NIFTY,BUY,TYPE_F,BOOK_ENTRY_1,BOOK_EXIT_1,24205.75,24206.05,NIFTY21APR2624200CE,24200.0,CE,233.15,233.45,235.0,230.0,235.0,230.0,0.002362,0.002139,ws,ws,book_ladder,book_ladder,False,False,-1.85,3.45,65,19.5,strategy_S9-148__TYPE_F:NIFTY:2026-04-15T13:55:50:LONG
2026-04-15,13:56:30,2026-04-15,13:57:12,NIFTY,BUY,TYPE_F,BOOK_ENTRY_1,BOOK_EXIT_1,24214.55,24216.75,NIFTY21APR2624200CE,24200.0,CE,237.0,237.2,240.0,235.0,240.0,235.0,0.001901,0.002106,ws,ws,book_ladder,book_ladder,False,False,-3.0,2.2,65,13.0,strategy_S9-148__TYPE_F:NIFTY:2026-04-15T13:56:30:LONG
2026-04-15,13:58:10,2026-04-15,13:58:27,NIFTY,SELL,TYPE_F,BOOK_ENTRY_1,BOOK_EXIT_1,24213.05,24214.7,NIFTY21APR2624250PE,24250.0,PE,231.95,231.15,235.0,230.0,235.0,230.0,0.001726,0.001729,ws,ws,book_ladder,book_ladder,False,False,-3.05,1.15,65,-52.0,strategy_S9-148__TYPE_F:NIFTY:2026-04-15T13:58:10:SHORT
2026-04-15,13:58:45,2026-04-15,13:59:10,NIFTY,BUY,TYPE_F,BOOK_ENTRY_1,BOOK_EXIT_1,24216.9,24217.15,NIFTY21APR2624200CE,24200.0,CE,238.9,236.75,240.0,235.0,240.0,235.0,0.001676,0.000422,ws,ws,book_ladder,book_ladder,False,False,-1.1,1.75,65,-139.75,strategy_S9-148__TYPE_F:NIFTY:2026-04-15T13:58:45:LONG
2026-04-15,13:59:32,2026-04-15,13:59:50,NIFTY,BUY,TYPE_F,BOOK_ENTRY_1,BOOK_EXIT_1,24218.9,24219.5,NIFTY21APR2624200CE,24200.0,CE,237.3,239.05,240.0,235.0,240.0,235.0,0.001476,0.002298,ws,ws,book_ladder,book_ladder,False,False,-2.7,4.05,65,113.75,strategy_S9-148__TYPE_F:NIFTY:2026-04-15T13:59:32:LONG
2026-04-15,14:00:16,2026-04-15,14:00:44,NIFTY,BUY,TYPE_F,BOOK_ENTRY_1,BOOK_EXIT_1,24224.2,24225.7,NIFTY21APR2624200CE,24200.0,CE,239.8,240.65,240.0,240.0,240.0,240.0,0.001878,0.000831,ws,ws,book_ladder,book_ladder,False,False,-0.2,0.65,65,55.25,strategy_S9-148__TYPE_F:NIFTY:2026-04-15T14:00:16:LONG
2026-04-15,14:03:46,2026-04-15,14:04:02,NIFTY,BUY,TYPE_F,BOOK_ENTRY_1,BOOK_EXIT_1,24227.9,24227.1,NIFTY21APR2624200CE,24200.0,CE,243.7,244.1,245.0,240.0,245.0,240.0,0.000821,0.001433,ws,ws,book_ladder,book_ladder,False,False,-1.3,4.1,65,26.0,strategy_S9-148__TYPE_F:NIFTY:2026-04-15T14:03:46:LONG
2026-04-15,14:10:17,2026-04-15,14:10:35,NIFTY,SELL,TYPE_F,BOOK_ENTRY_1,BOOK_EXIT_1,24223.15,24223.1,NIFTY21APR2624250PE,24250.0,PE,224.5,225.65,225.0,225.0,225.0,225.0,0.00223,0.00155,ws,ws,book_ladder,book_ladder,False,False,-0.5,0.65,65,74.75,strategy_S9-148__TYPE_F:NIFTY:2026-04-15T14:10:17:SHORT
2026-04-15,14:12:01,2026-04-15,14:13:09,NIFTY,BUY,TYPE_F,BOOK_ENTRY_1,BOOK_EXIT_1,24228.35,24235.7,NIFTY21APR2624200CE,24200.0,CE,241.4,245.6,245.0,245.0,245.0,245.0,0.001244,0.001627,ws,ws,book_ladder,book_ladder,False,False,-3.6,0.6,65,273.0,strategy_S9-148__TYPE_F:NIFTY:2026-04-15T14:12:01:LONG
2026-04-15,14:13:46,2026-04-15,14:13:58,NIFTY,SELL,TYPE_F,BOOK_ENTRY_1,BOOK_EXIT_1,24230.45,24233.0,NIFTY21APR2624250PE,24250.0,PE,223.0,222.2,225.0,220.0,225.0,220.0,0.001795,0.002472,ws,ws,book_ladder,book_ladder,False,False,-2.0,2.2,65,-52.0,strategy_S9-148__TYPE_F:NIFTY:2026-04-15T14:13:46:SHORT
2026-04-15,14:14:45,2026-04-15,14:15:00,NIFTY,SELL,TYPE_F,BOOK_ENTRY_1,BOOK_EXIT_1,24227.4,24227.2,NIFTY21APR2624250PE,24250.0,PE,222.4,222.65,225.0,220.0,225.0,220.0,0.001575,0.002019,ws,ws,book_ladder,book_ladder,False,False,-2.6,2.65,65,16.25,strategy_S9-148__TYPE_F:NIFTY:2026-04-15T14:14:45:SHORT
2026-04-15,14:15:55,2026-04-15,14:16:16,NIFTY,SELL,TYPE_F,BOOK_ENTRY_1,BOOK_EXIT_1,24219.7,24221.45,NIFTY21APR2624250PE,24250.0,PE,227.2,225.0,230.0,225.0,230.0,225.0,0.001321,0.001776,ws,ws,book_ladder,book_ladder,False,False,-2.8,0.0,65,-143.0,strategy_S9-148__TYPE_F:NIFTY:2026-04-15T14:15:55:SHORT
2026-04-15,14:16:31,2026-04-15,14:17:51,NIFTY,BUY,TYPE_F,BOOK_ENTRY_1,BOOK_EXIT_1,24222.95,24230.0,NIFTY21APR2624200CE,24200.0,CE,239.15,240.6,240.0,240.0,240.0,240.0,0.002093,0.001246,ws,ws,book_ladder,book_ladder,False,False,-0.85,0.6,65,94.25,strategy_S9-148__TYPE_F:NIFTY:2026-04-15T14:16:31:LONG
2026-04-15,14:18:00,2026-04-15,14:18:02,NIFTY,SELL,TYPE_F,BOOK_ENTRY_1,BOOK_EXIT_1,24227.95,24230.25,NIFTY21APR2624250PE,24250.0,PE,223.1,222.15,225.0,220.0,225.0,220.0,0.001795,0.00135,ws,ws,book_ladder,book_ladder,False,False,-1.9,2.15,65,-61.75,strategy_S9-148__TYPE_F:NIFTY:2026-04-15T14:18:00:SHORT
2026-04-15,14:18:17,2026-04-15,14:18:20,NIFTY,SELL,TYPE_F,BOOK_ENTRY_1,BOOK_EXIT_1,24225.1,24226.55,NIFTY21APR2624250PE,24250.0,PE,225.35,224.4,230.0,220.0,230.0,220.0,0.001554,0.002226,ws,ws,book_ladder,book_ladder,False,False,-4.65,4.4,65,-61.75,strategy_S9-148__TYPE_F:NIFTY:2026-04-15T14:18:17:SHORT
2026-04-15,14:19:56,2026-04-15,14:21:14,NIFTY,BUY,TYPE_F,BOOK_ENTRY_1,BOOK_EXIT_1,24226.5,24233.3,NIFTY21APR2624200CE,24200.0,CE,240.65,242.1,245.0,240.0,245.0,240.0,0.001247,0.001857,ws,ws,book_ladder,book_ladder,False,False,-4.35,2.1,65,94.25,strategy_S9-148__TYPE_F:NIFTY:2026-04-15T14:19:56:LONG
2026-04-15,14:21:47,2026-04-15,14:22:13,NIFTY,BUY,TYPE_F,BOOK_ENTRY_1,BOOK_EXIT_1,24235.1,24239.0,NIFTY21APR2624200CE,24200.0,CE,244.1,245.6,245.0,245.0,245.0,245.0,0.00205,0.001627,ws,ws,book_ladder,book_ladder,False,False,-0.9,0.6,65,97.5,strategy_S9-148__TYPE_F:NIFTY:2026-04-15T14:21:47:LONG
2026-04-15,14:23:20,2026-04-15,14:23:51,NIFTY,SELL,TYPE_F,BOOK_ENTRY_1,BOOK_EXIT_1,24228.75,24224.2,NIFTY21APR2624250PE,24250.0,PE,221.4,222.65,225.0,220.0,225.0,220.0,0.000904,0.001795,ws,ws,book_ladder,book_ladder,False,False,-3.6,2.65,65,81.25,strategy_S9-148__TYPE_F:NIFTY:2026-04-15T14:23:20:SHORT
2026-04-15,14:24:14,2026-04-15,14:24:35,NIFTY,SELL,TYPE_F,BOOK_ENTRY_1,BOOK_EXIT_1,24220.15,24219.35,NIFTY21APR2624250PE,24250.0,PE,222.95,223.5,225.0,220.0,225.0,220.0,0.001796,0.002458,ws,ws,book_ladder,book_ladder,False,False,-2.05,3.5,65,35.75,strategy_S9-148__TYPE_F:NIFTY:2026-04-15T14:24:14:SHORT
2026-04-15,14:24:50,2026-04-15,14:25:11,NIFTY,SELL,TYPE_F,BOOK_ENTRY_1,BOOK_EXIT_1,24214.45,24217.05,NIFTY21APR2624250PE,24250.0,PE,224.55,223.65,225.0,220.0,225.0,220.0,0.002006,0.002233,ws,ws,book_ladder,book_ladder,False,False,-0.45,3.65,65,-58.5,strategy_S9-148__TYPE_F:NIFTY:2026-04-15T14:24:50:SHORT
2026-04-15,14:25:16,2026-04-15,14:25:43,NIFTY,BUY,TYPE_F,BOOK_ENTRY_1,BOOK_EXIT_1,24222.0,24223.35,NIFTY21APR2624200CE,24200.0,CE,242.0,240.4,245.0,240.0,245.0,240.0,0.001861,0.002078,ws,ws,book_ladder,book_ladder,False,False,-3.0,0.4,65,-104.0,strategy_S9-148__TYPE_F:NIFTY:2026-04-15T14:25:16:LONG
2026-04-15,14:26:00,2026-04-15,14:26:22,NIFTY,BUY,TYPE_F,BOOK_ENTRY_1,BOOK_EXIT_1,24227.15,24226.75,NIFTY21APR2624200CE,24200.0,CE,242.8,242.2,245.0,240.0,245.0,240.0,0.002061,0.001032,ws,ws,book_ladder,book_ladder,False,False,-2.2,2.2,65,-39.0,strategy_S9-148__TYPE_F:NIFTY:2026-04-15T14:26:00:LONG
2026-04-15,14:26:31,2026-04-15,14:27:30,NIFTY,BUY,TYPE_F,BOOK_ENTRY_1,BOOK_EXIT_1,24228.8,24234.15,NIFTY21APR2624200CE,24200.0,CE,243.45,243.5,245.0,240.0,245.0,240.0,0.00185,0.001641,ws,ws,book_ladder,book_ladder,False,False,-1.55,3.5,65,3.25,strategy_S9-148__TYPE_F:NIFTY:2026-04-15T14:26:31:LONG
2026-04-15,14:28:03,2026-04-15,14:28:12,NIFTY,SELL,TYPE_F,BOOK_ENTRY_1,BOOK_EXIT_1,24231.95,24232.65,NIFTY21APR2624250PE,24250.0,PE,220.6,221.05,225.0,220.0,225.0,220.0,0.001361,0.001808,ws,ws,book_ladder,book_ladder,False,False,-4.4,1.05,65,29.25,strategy_S9-148__TYPE_F:NIFTY:2026-04-15T14:28:03:SHORT
2026-04-15,14:28:17,2026-04-15,14:28:35,NIFTY,SELL,TYPE_F,BOOK_ENTRY_1,BOOK_EXIT_1,24229.35,24229.3,NIFTY21APR2624250PE,24250.0,PE,220.75,221.25,225.0,220.0,225.0,220.0,0.001814,0.001129,ws,ws,book_ladder,book_ladder,False,False,-4.25,1.25,65,32.5,strategy_S9-148__TYPE_F:NIFTY:2026-04-15T14:28:17:SHORT
2026-04-15,14:29:57,2026-04-15,14:30:35,NIFTY,BUY,TYPE_F,BOOK_ENTRY_1,BOOK_EXIT_1,24233.6,24235.7,NIFTY21APR2624200CE,24200.0,CE,244.3,246.85,245.0,245.0,245.0,245.0,0.001434,0.001821,ws,ws,book_ladder,book_ladder,False,False,-0.7,1.85,65,165.75,strategy_S9-148__TYPE_F:NIFTY:2026-04-15T14:29:57:LONG
2026-04-15,14:31:04,2026-04-15,14:31:05,NIFTY,SELL,TYPE_F,BOOK_ENTRY_1,BOOK_EXIT_1,24232.5,24234.55,NIFTY21APR2624250PE,24250.0,PE,216.4,216.05,220.0,215.0,220.0,215.0,0.002313,0.002312,ws,ws,book_ladder,book_ladder,False,False,-3.6,1.05,65,-22.75,strategy_S9-148__TYPE_F:NIFTY:2026-04-15T14:31:04:SHORT
2026-04-15,14:32:50,2026-04-15,14:33:16,NIFTY,SELL,TYPE_F,BOOK_ENTRY_1,BOOK_EXIT_1,24230.0,24229.65,NIFTY21APR2624250PE,24250.0,PE,222.8,221.1,225.0,220.0,225.0,220.0,0.002472,0.001808,ws,ws,book_ladder,book_ladder,False,False,-2.2,1.1,65,-110.5,strategy_S9-148__TYPE_F:NIFTY:2026-04-15T14:32:50:SHORT
2026-04-15,14:34:15,2026-04-15,14:34:55,NIFTY,BUY,TYPE_F,BOOK_ENTRY_1,BOOK_EXIT_1,24233.75,24234.2,NIFTY21APR2624200CE,24200.0,CE,242.5,242.25,245.0,240.0,245.0,240.0,0.001857,0.001444,ws,ws,book_ladder,book_ladder,False,False,-2.5,2.25,65,-16.25,strategy_S9-148__TYPE_F:NIFTY:2026-04-15T14:34:15:LONG
2026-04-15,14:35:41,2026-04-15,14:35:50,NIFTY,SELL,TYPE_F,BOOK_ENTRY_1,BOOK_EXIT_1,24232.05,24232.1,NIFTY21APR2624250PE,24250.0,PE,221.0,221.05,225.0,220.0,225.0,220.0,0.000905,0.002485,ws,ws,book_ladder,book_ladder,False,False,-4.0,1.05,65,3.25,strategy_S9-148__TYPE_F:NIFTY:2026-04-15T14:35:41:SHORT
2026-04-15,14:36:36,2026-04-15,14:36:50,NIFTY,SELL,TYPE_F,BOOK_ENTRY_1,BOOK_EXIT_1,24231.65,24231.7,NIFTY21APR2624250PE,24250.0,PE,221.75,222.15,225.0,220.0,225.0,220.0,0.001805,0.002024,ws,ws,book_ladder,book_ladder,False,False,-3.25,2.15,65,26.0,strategy_S9-148__TYPE_F:NIFTY:2026-04-15T14:36:36:SHORT
2026-04-15,14:37:04,2026-04-15,14:37:45,NIFTY,SELL,TYPE_F,BOOK_ENTRY_1,BOOK_EXIT_1,24228.2,24224.05,NIFTY21APR2624250PE,24250.0,PE,222.95,224.0,225.0,220.0,225.0,220.0,0.002245,0.00223,ws,ws,book_ladder,book_ladder,False,False,-2.05,4.0,65,68.25,strategy_S9-148__TYPE_F:NIFTY:2026-04-15T14:37:04:SHORT
2026-04-15,14:38:24,2026-04-15,14:38:35,NIFTY,BUY,TYPE_F,BOOK_ENTRY_1,BOOK_EXIT_1,24228.0,24224.95,NIFTY21APR2624200CE,24200.0,CE,236.5,235.85,240.0,235.0,240.0,235.0,0.000634,0.001059,ws,ws,book_ladder,book_ladder,False,False,-3.5,0.85,65,-42.25,strategy_S9-148__TYPE_F:NIFTY:2026-04-15T14:38:24:LONG
2026-04-15,14:38:57,2026-04-15,14:39:05,NIFTY,SELL,TYPE_F,BOOK_ENTRY_1,BOOK_EXIT_1,24221.1,24221.75,NIFTY21APR2624250PE,24250.0,PE,226.55,226.25,230.0,225.0,230.0,225.0,0.002209,0.001987,ws,ws,book_ladder,book_ladder,False,False,-3.45,1.25,65,-19.5,strategy_S9-148__TYPE_F:NIFTY:2026-04-15T14:38:57:SHORT
2026-04-15,14:39:50,2026-04-15,14:40:35,NIFTY,BUY,TYPE_F,BOOK_ENTRY_1,BOOK_EXIT_1,24225.05,24226.7,NIFTY21APR2624200CE,24200.0,CE,235.5,235.65,240.0,235.0,240.0,235.0,0.001062,0.00106,ws,ws,book_ladder,book_ladder,False,False,-4.5,0.65,65,9.75,strategy_S9-148__TYPE_F:NIFTY:2026-04-15T14:39:50:LONG
2026-04-15,14:40:45,2026-04-15,14:41:10,NIFTY,BUY,TYPE_F,BOOK_ENTRY_1,BOOK_EXIT_1,24228.6,24228.8,NIFTY21APR2624200CE,24200.0,CE,236.0,235.75,240.0,235.0,240.0,235.0,0.001696,0.000212,ws,ws,book_ladder,book_ladder,False,False,-4.0,0.75,65,-16.25,strategy_S9-148__TYPE_F:NIFTY:2026-04-15T14:40:45:LONG
2026-04-15,14:41:35,2026-04-15,14:42:00,NIFTY,BUY,TYPE_F,BOOK_ENTRY_1,BOOK_EXIT_1,24231.05,24230.05,NIFTY21APR2624200CE,24200.0,CE,237.6,237.5,240.0,235.0,240.0,235.0,0.001263,0.001262,ws,ws,book_ladder,book_ladder,False,False,-2.4,2.5,65,-6.5,strategy_S9-148__TYPE_F:NIFTY:2026-04-15T14:41:35:LONG
2026-04-15,14:42:20,2026-04-15,14:43:21,NIFTY,BUY,TYPE_F,BOOK_ENTRY_1,BOOK_EXIT_1,24231.35,24233.1,NIFTY21APR2624200CE,24200.0,CE,237.4,239.85,240.0,235.0,240.0,235.0,0.001475,0.001874,ws,ws,book_ladder,book_ladder,False,False,-2.6,4.85,65,159.25,strategy_S9-148__TYPE_F:NIFTY:2026-04-15T14:42:20:LONG
2026-04-15,14:43:38,2026-04-15,14:43:51,NIFTY,BUY,TYPE_F,BOOK_ENTRY_1,BOOK_EXIT_1,24235.4,24233.5,NIFTY21APR2624200CE,24200.0,CE,241.35,240.5,245.0,240.0,245.0,240.0,0.001659,0.002077,ws,ws,book_ladder,book_ladder,False,False,-3.65,0.5,65,-55.25,strategy_S9-148__TYPE_F:NIFTY:2026-04-15T14:43:38:LONG
2026-04-15,14:45:05,2026-04-15,14:45:30,NIFTY,BUY,TYPE_F,BOOK_ENTRY_1,BOOK_EXIT_1,24235.7,24235.8,NIFTY21APR2624200CE,24200.0,CE,244.85,244.0,245.0,240.0,245.0,240.0,0.002249,0.001229,ws,ws,book_ladder,book_ladder,False,False,-0.15,4.0,65,-55.25,strategy_S9-148__TYPE_F:NIFTY:2026-04-15T14:45:05:LONG
2026-04-15,14:45:50,2026-04-15,14:45:57,NIFTY,SELL,TYPE_F,BOOK_ENTRY_1,BOOK_EXIT_1,24232.45,24234.15,NIFTY21APR2624250PE,24250.0,PE,226.9,226.3,230.0,225.0,230.0,225.0,0.001985,0.001766,ws,ws,book_ladder,book_ladder,False,False,-3.1,1.3,65,-39.0,strategy_S9-148__TYPE_F:NIFTY:2026-04-15T14:45:50:SHORT
2026-04-15,14:47:28,2026-04-15,14:48:17,NIFTY,BUY,TYPE_F,BOOK_ENTRY_1,BOOK_EXIT_1,24236.95,24239.0,NIFTY21APR2624200CE,24200.0,CE,243.0,244.25,245.0,240.0,245.0,240.0,0.001854,0.000614,ws,ws,book_ladder,book_ladder,False,False,-2.0,4.25,65,81.25,strategy_S9-148__TYPE_F:NIFTY:2026-04-15T14:47:28:LONG
2026-04-15,14:49:01,2026-04-15,14:49:20,NIFTY,BUY,TYPE_F,BOOK_ENTRY_1,BOOK_EXIT_1,24238.85,24239.55,NIFTY21APR2624200CE,24200.0,CE,243.95,245.4,245.0,245.0,245.0,245.0,0.000615,0.002035,ws,ws,book_ladder,book_ladder,False,False,-1.05,0.4,65,94.25,strategy_S9-148__TYPE_F:NIFTY:2026-04-15T14:49:01:LONG
2026-04-15,14:50:20,2026-04-15,14:50:31,NIFTY,SELL,TYPE_F,BOOK_ENTRY_1,BOOK_EXIT_1,24237.55,24238.35,NIFTY21APR2624250PE,24250.0,PE,223.0,222.85,225.0,220.0,225.0,220.0,0.001795,0.000224,ws,ws,book_ladder,book_ladder,False,False,-2.0,2.85,65,-9.75,strategy_S9-148__TYPE_F:NIFTY:2026-04-15T14:50:20:SHORT
2026-04-15,14:51:15,2026-04-15,14:53:02,NIFTY,BUY,TYPE_F,BOOK_ENTRY_1,BOOK_EXIT_1,24243.65,24259.25,NIFTY21APR2624200CE,24200.0,CE,251.2,255.7,255.0,255.0,255.0,255.0,0.001992,0.002344,ws,ws,book_ladder,book_ladder,False,False,-3.8,0.7,65,292.5,strategy_S9-148__TYPE_F:NIFTY:2026-04-15T14:51:15:LONG
2026-04-15,14:53:59,2026-04-15,14:54:20,NIFTY,SELL,TYPE_F,BOOK_ENTRY_1,BOOK_EXIT_1,24247.6,24249.75,NIFTY21APR2624250PE,24250.0,PE,215.65,215.5,220.0,215.0,220.0,215.0,0.001624,0.001854,ws,ws,book_ladder,book_ladder,False,False,-4.35,0.5,65,-9.75,strategy_S9-148__TYPE_F:NIFTY:2026-04-15T14:53:59:SHORT
2026-04-15,14:55:15,2026-04-15,14:55:20,NIFTY,SELL,TYPE_F,BOOK_ENTRY_1,BOOK_EXIT_1,24243.6,24247.85,NIFTY21APR2624250PE,24250.0,PE,217.0,215.75,220.0,215.0,220.0,215.0,0.001614,0.001621,ws,ws,book_ladder,book_ladder,False,False,-3.0,0.75,65,-81.25,strategy_S9-148__TYPE_F:NIFTY:2026-04-15T14:55:15:SHORT
2026-04-15,14:56:15,2026-04-15,14:56:28,NIFTY,SELL,TYPE_F,BOOK_ENTRY_1,BOOK_EXIT_1,24240.4,24242.4,NIFTY21APR2624250PE,24250.0,PE,217.0,217.0,220.0,215.0,220.0,215.0,0.002076,0.002072,ws,ws,book_ladder,book_ladder,False,False,-3.0,2.0,65,0.0,strategy_S9-148__TYPE_F:NIFTY:2026-04-15T14:56:15:SHORT
2026-04-15,14:56:46,2026-04-15,14:57:12,NIFTY,BUY,TYPE_F,BOOK_ENTRY_1,BOOK_EXIT_1,24244.85,24250.65,NIFTY21APR2624200CE,24200.0,CE,250.65,253.3,255.0,250.0,255.0,250.0,0.001797,0.002169,ws,ws,book_ladder,book_ladder,False,False,-4.35,3.3,65,172.25,strategy_S9-148__TYPE_F:NIFTY:2026-04-15T14:56:46:LONG
2026-04-15,14:57:30,2026-04-15,14:57:51,NIFTY,BUY,TYPE_F,BOOK_ENTRY_1,BOOK_EXIT_1,24255.85,24253.65,NIFTY21APR2624250CE,24250.0,CE,226.4,225.15,230.0,225.0,230.0,225.0,0.00199,0.002661,ws,ws,book_ladder,book_ladder,False,False,-3.6,0.15,65,-81.25,strategy_S9-148__TYPE_F:NIFTY:2026-04-15T14:57:30:LONG
2026-04-15,14:59:01,2026-04-15,14:59:43,NIFTY,BUY,TYPE_F,BOOK_ENTRY_1,BOOK_EXIT_1,24258.7,24260.95,NIFTY21APR2624250CE,24250.0,CE,226.55,225.7,230.0,225.0,230.0,225.0,0.000442,0.00155,ws,ws,book_ladder,book_ladder,False,False,-3.45,0.7,65,-55.25,strategy_S9-148__TYPE_F:NIFTY:2026-04-15T14:59:01:LONG
2026-04-15,15:00:11,2026-04-15,15:00:19,NIFTY,BUY,TYPE_F,BOOK_ENTRY_1,BOOK_EXIT_1,24265.75,24263.0,NIFTY21APR2624250CE,24250.0,CE,226.95,225.7,230.0,225.0,230.0,225.0,0.001323,0.001107,ws,ws,book_ladder,book_ladder,False,False,-3.05,0.7,65,-81.25,strategy_S9-148__TYPE_F:NIFTY:2026-04-15T15:00:11:LONG
2026-04-15,15:00:34,2026-04-15,15:01:00,NIFTY,SELL,TYPE_F,BOOK_ENTRY_1,BOOK_EXIT_1,24248.35,24238.6,NIFTY21APR2624250PE,24250.0,PE,219.0,220.25,220.0,220.0,220.0,220.0,0.002057,0.002041,ws,ws,book_ladder,book_ladder,False,False,-1.0,0.25,65,81.25,strategy_S9-148__TYPE_F:NIFTY:2026-04-15T15:00:34:SHORT
2026-04-15,15:02:03,2026-04-15,15:02:09,NIFTY,BUY,TYPE_F,BOOK_ENTRY_1,BOOK_EXIT_1,24242.9,24241.15,NIFTY21APR2624200CE,24200.0,CE,241.4,238.9,245.0,235.0,245.0,235.0,0.000829,0.0023,ws,ws,book_ladder,book_ladder,False,False,-3.6,3.9,65,-162.5,strategy_S9-148__TYPE_F:NIFTY:2026-04-15T15:02:03:LONG
2026-04-15,15:02:35,2026-04-15,15:02:55,NIFTY,BUY,TYPE_F,BOOK_ENTRY_1,BOOK_EXIT_1,24243.4,24243.0,NIFTY21APR2624200CE,24200.0,CE,242.7,242.0,245.0,240.0,245.0,240.0,0.001649,0.00062,ws,ws,book_ladder,book_ladder,False,False,-2.3,2.0,65,-45.5,strategy_S9-148__TYPE_F:NIFTY:2026-04-15T15:02:35:LONG
2026-04-15,15:03:07,2026-04-15,15:03:15,NIFTY,BUY,TYPE_F,BOOK_ENTRY_1,BOOK_EXIT_1,24246.8,24245.8,NIFTY21APR2624200CE,24200.0,CE,243.0,243.35,245.0,240.0,245.0,240.0,0.001441,0.001847,ws,ws,book_ladder,book_ladder,False,False,-2.0,3.35,65,22.75,strategy_S9-148__TYPE_F:NIFTY:2026-04-15T15:03:07:LONG
2026-04-15,15:05:00,2026-04-15,15:05:32,NIFTY,BUY,TYPE_F,BOOK_ENTRY_1,BOOK_EXIT_1,24246.55,24247.65,NIFTY21APR2624200CE,24200.0,CE,244.5,244.0,245.0,240.0,245.0,240.0,0.001637,0.001638,ws,ws,book_ladder,book_ladder,False,False,-0.5,4.0,65,-32.5,strategy_S9-148__TYPE_F:NIFTY:2026-04-15T15:05:00:LONG
2026-04-15,15:06:18,2026-04-15,15:06:42,NIFTY,SELL,TYPE_F,BOOK_ENTRY_1,BOOK_EXIT_1,24244.7,24244.8,NIFTY21APR2624250PE,24250.0,PE,223.0,223.0,225.0,220.0,225.0,220.0,0.001571,0.001344,ws,ws,book_ladder,book_ladder,False,False,-2.0,3.0,65,0.0,strategy_S9-148__TYPE_F:NIFTY:2026-04-15T15:06:18:SHORT
2026-04-15,15:07:26,2026-04-15,15:07:50,NIFTY,SELL,TYPE_F,BOOK_ENTRY_1,BOOK_EXIT_1,24236.5,24233.3,NIFTY21APR2624250PE,24250.0,PE,228.8,231.7,230.0,230.0,230.0,230.0,0.00175,0.00194,ws,ws,book_ladder,book_ladder,False,False,-1.2,1.7,65,188.5,strategy_S9-148__TYPE_F:NIFTY:2026-04-15T15:07:26:SHORT
2026-04-15,15:09:31,2026-04-15,15:09:59,NIFTY,BUY,TYPE_F,BOOK_ENTRY_1,BOOK_EXIT_1,24238.85,24239.0,NIFTY21APR2624200CE,24200.0,CE,236.5,235.9,240.0,235.0,240.0,235.0,0.001058,0.002117,ws,ws,book_ladder,book_ladder,False,False,-3.5,0.9,65,-39.0,strategy_S9-148__TYPE_F:NIFTY:2026-04-15T15:09:31:LONG
2026-04-15,15:11:15,2026-04-15,15:11:24,NIFTY,SELL,TYPE_F,BOOK_ENTRY_1,BOOK_EXIT_1,24233.4,24235.0,NIFTY21APR2624250PE,24250.0,PE,234.6,234.15,235.0,230.0,235.0,230.0,0.00192,0.002346,ws,ws,book_ladder,book_ladder,False,False,-0.4,4.15,65,-29.25,strategy_S9-148__TYPE_F:NIFTY:2026-04-15T15:11:15:SHORT
2026-04-15,15:11:54,2026-04-15,15:12:10,NIFTY,SELL,TYPE_F,BOOK_ENTRY_1,BOOK_EXIT_1,24232.75,24232.8,NIFTY21APR2624250PE,24250.0,PE,233.55,232.2,235.0,230.0,235.0,230.0,0.002358,0.001721,ws,ws,book_ladder,book_ladder,False,False,-1.45,2.2,65,-87.75,strategy_S9-148__TYPE_F:NIFTY:2026-04-15T15:11:54:SHORT
2026-04-15,15:12:21,2026-04-15,15:12:45,NIFTY,SELL,TYPE_F,BOOK_ENTRY_1,BOOK_EXIT_1,24229.6,24227.65,NIFTY21APR2624250PE,24250.0,PE,233.0,232.65,235.0,230.0,235.0,230.0,0.001718,0.001932,ws,ws,book_ladder,book_ladder,False,False,-2.0,2.65,65,-22.75,strategy_S9-148__TYPE_F:NIFTY:2026-04-15T15:12:21:SHORT
2026-04-15,15:14:03,2026-04-15,15:14:29,NIFTY,BUY,TYPE_F,BOOK_ENTRY_1,BOOK_EXIT_1,24228.4,24228.55,NIFTY21APR2624200CE,24200.0,CE,237.0,236.75,240.0,235.0,240.0,235.0,0.000844,0.00211,ws,ws,book_ladder,book_ladder,False,False,-3.0,1.75,65,-16.25,strategy_S9-148__TYPE_F:NIFTY:2026-04-15T15:14:03:LONG
2026-04-15,15:15:06,2026-04-15,15:15:21,NIFTY,SELL,TYPE_F,BOOK_ENTRY_1,BOOK_EXIT_1,24225.65,24225.65,NIFTY21APR2624250PE,24250.0,PE,235.0,230.95,235.0,230.0,235.0,230.0,0.001277,0.002163,ws,ws,book_ladder,book_ladder,False,False,0.0,0.95,65,-263.25,strategy_S9-148__TYPE_F:NIFTY:2026-04-15T15:15:06:SHORT
2026-04-15,15:16:21,2026-04-15,15:16:41,NIFTY,SELL,TYPE_F,BOOK_ENTRY_1,BOOK_EXIT_1,24223.15,24224.2,NIFTY21APR2624250PE,24250.0,PE,232.65,232.1,235.0,230.0,235.0,230.0,0.002151,0.001292,ws,ws,book_ladder,book_ladder,False,False,-2.35,2.1,65,-35.75,strategy_S9-148__TYPE_F:NIFTY:2026-04-15T15:16:21:SHORT
2026-04-15,15:17:30,2026-04-15,15:17:36,NIFTY,BUY,TYPE_F,BOOK_ENTRY_1,BOOK_EXIT_1,24229.15,24228.15,NIFTY21APR2624200CE,24200.0,CE,236.45,236.35,240.0,235.0,240.0,235.0,0.001905,0.001902,ws,ws,book_ladder,book_ladder,False,False,-3.55,1.35,65,-6.5,strategy_S9-148__TYPE_F:NIFTY:2026-04-15T15:17:30:LONG
2026-04-15,15:19:29,2026-04-15,15:19:50,NIFTY,SELL,TYPE_F,BOOK_ENTRY_1,BOOK_EXIT_1,24225.7,24225.2,NIFTY21APR2624250PE,24250.0,PE,233.55,234.6,235.0,230.0,235.0,230.0,0.001285,0.002129,ws,ws,book_ladder,book_ladder,False,False,-1.45,4.6,65,68.25,strategy_S9-148__TYPE_F:NIFTY:2026-04-15T15:19:29:SHORT
2026-04-15,15:20:17,2026-04-15,15:20:35,NIFTY,BUY,TYPE_F,BOOK_ENTRY_1,BOOK_EXIT_1,24228.95,24226.6,NIFTY21APR2624200CE,24200.0,CE,236.0,235.1,240.0,235.0,240.0,235.0,0.001272,0.0017,ws,ws,book_ladder,book_ladder,False,False,-4.0,0.1,65,-58.5,strategy_S9-148__TYPE_F:NIFTY:2026-04-15T15:20:17:LONG
2026-04-15,15:23:18,2026-04-15,15:23:36,NIFTY,SELL,TYPE_F,BOOK_ENTRY_1,BOOK_EXIT_1,24222.3,24220.95,NIFTY21APR2624250PE,24250.0,PE,234.35,235.05,235.0,235.0,235.0,235.0,0.000213,0.001276,ws,ws,book_ladder,book_ladder,False,False,-0.65,0.05,65,45.5,strategy_S9-148__TYPE_F:NIFTY:2026-04-15T15:23:18:SHORT
