Entry_Date,Entry_Time,Exit_Date,Exit_Time,Underlying_Symbol,Strategy_Direction,Execution_Mode,Entry_Label,Exit_Label,Underlying_Entry_Price,Underlying_Exit_Price,Option_Symbol,Option_Strike,Option_Type,Option_Entry_Price,Option_Exit_Price,Entry_Fair_Value,Exit_Fair_Value,Entry_Limit_Price,Exit_Limit_Price,Entry_Spread_Pct,Exit_Spread_Pct,Entry_Quote_Source,Exit_Quote_Source,Entry_Pricing_Mode,Exit_Pricing_Mode,Entry_Repriced,Exit_Repriced,Entry_Slippage_vs_Fair,Exit_Slippage_vs_Fair,Qty,PnL,Trade_ID
2026-04-16,09:18:31,2026-04-16,09:18:42,NIFTY,SELL,TYPE_B,PASSIVE,HIT_BID,24370.25,24370.05,NIFTY21APR2624400PE,24400.0,PE,220.05,218.1,219.7,218.12,225.0,215.0,0.022745,0.022904,ws,ws,type_b_ladder,type_b_ladder,False,False,0.35,-0.016,65,-126.75,strategy_S9-149__TYPE_B:NIFTY:2026-04-16T09:18:31:SHORT
2026-04-16,09:19:03,2026-04-16,09:19:20,NIFTY,BUY,TYPE_B,PASSIVE,HIT_BID,24379.0,24382.6,NIFTY21APR2624350CE,24350.0,CE,195.7,198.65,195.63,198.88,200.0,195.0,0.025575,0.025141,ws,ws,type_b_ladder,type_b_ladder,False,False,0.0667,-0.225,65,191.75,strategy_S9-149__TYPE_B:NIFTY:2026-04-16T09:19:03:LONG
2026-04-16,09:19:30,2026-04-16,09:19:55,NIFTY,BUY,TYPE_B,PASSIVE,HIT_BID,24387.65,24386.85,NIFTY21APR2624350CE,24350.0,CE,199.1,200.0,198.85,200.21,200.0,200.0,0.025135,0.024978,ws,ws,type_b_ladder,type_b_ladder,False,False,0.25,-0.21,65,58.5,strategy_S9-149__TYPE_B:NIFTY:2026-04-16T09:19:30:LONG
2026-04-16,09:20:00,2026-04-16,09:20:12,NIFTY,BUY,TYPE_B,PASSIVE,HIT_BID,24390.8,24389.45,NIFTY21APR2624350CE,24350.0,CE,202.8,206.1,202.41,206.39,205.0,205.0,0.024685,0.024231,ws,ws,type_b_ladder,type_b_ladder,False,False,0.3947,-0.2857,65,214.5,strategy_S9-149__TYPE_B:NIFTY:2026-04-16T09:20:00:LONG
2026-04-16,09:20:21,2026-04-16,09:20:26,NIFTY,BUY,TYPE_B,PASSIVE,HIT_BID,24395.95,24392.05,NIFTY21APR2624350CE,24350.0,CE,206.55,205.35,206.53,205.5,210.0,205.0,0.024219,0.024322,ws,ws,type_b_ladder,type_b_ladder,False,False,0.0222,-0.15,65,-78.0,strategy_S9-149__TYPE_B:NIFTY:2026-04-16T09:20:21:LONG
2026-04-16,09:20:41,2026-04-16,09:20:52,NIFTY,SELL,TYPE_B,PASSIVE,HIT_BID,24386.45,24389.65,NIFTY21APR2624400PE,24400.0,PE,208.6,208.15,208.48,208.43,210.0,205.0,0.023978,0.024001,ws,ws,type_b_ladder,type_b_ladder,False,False,0.1222,-0.28,65,-29.25,strategy_S9-149__TYPE_B:NIFTY:2026-04-16T09:20:41:SHORT
2026-04-16,09:23:11,2026-04-16,09:23:33,NIFTY,SELL,TYPE_B,PASSIVE,HIT_BID,24382.45,24383.75,NIFTY21APR2624400PE,24400.0,PE,209.1,206.6,208.86,206.91,210.0,205.0,0.023932,0.024178,ws,ws,type_b_ladder,type_b_ladder,False,False,0.2406,-0.313,65,-162.5,strategy_S9-149__TYPE_B:NIFTY:2026-04-16T09:23:11:SHORT
2026-04-16,09:24:20,2026-04-16,09:24:45,NIFTY,SELL,TYPE_B,PASSIVE,HIT_BID,24380.05,24375.75,NIFTY21APR2624400PE,24400.0,PE,209.1,208.45,209.09,208.66,210.0,205.0,0.023929,0.023966,ws,ws,type_b_ladder,type_b_ladder,False,False,0.0125,-0.21,65,-42.25,strategy_S9-149__TYPE_B:NIFTY:2026-04-16T09:24:20:SHORT
2026-04-16,09:24:51,2026-04-16,09:25:50,NIFTY,BUY,TYPE_B,PASSIVE,HIT_BID,24381.65,24397.55,NIFTY21APR2624350CE,24350.0,CE,197.9,207.45,197.87,207.65,200.0,205.0,0.025281,0.024088,ws,ws,type_b_ladder,type_b_ladder,False,False,0.0323,-0.2,65,620.75,strategy_S9-149__TYPE_B:NIFTY:2026-04-16T09:24:51:LONG
2026-04-16,09:26:00,2026-04-16,09:26:06,NIFTY,SELL,TYPE_B,PASSIVE,HIT_BID,24393.75,24397.2,NIFTY21APR2624400PE,24400.0,PE,199.95,198.3,199.78,198.34,200.0,195.0,0.025022,0.025211,ws,ws,type_b_ladder,type_b_ladder,False,False,0.1667,-0.0357,65,-107.25,strategy_S9-149__TYPE_B:NIFTY:2026-04-16T09:26:00:SHORT
2026-04-16,09:26:10,2026-04-16,09:26:56,NIFTY,SELL,TYPE_B,PASSIVE,HIT_BID,24392.95,24386.7,NIFTY21APR2624400PE,24400.0,PE,197.75,199.5,197.65,199.94,200.0,195.0,0.025304,0.025031,ws,ws,type_b_ladder,type_b_ladder,False,False,0.1,-0.4423,65,113.75,strategy_S9-149__TYPE_B:NIFTY:2026-04-16T09:26:10:SHORT
2026-04-16,09:27:12,2026-04-16,09:27:38,NIFTY,BUY,TYPE_B,PASSIVE,HIT_BID,24394.0,24393.45,NIFTY21APR2624350CE,24350.0,CE,207.6,205.45,207.36,205.72,210.0,205.0,0.024114,0.024313,ws,ws,type_b_ladder,type_b_ladder,False,False,0.2353,-0.2667,65,-139.75,strategy_S9-149__TYPE_B:NIFTY:2026-04-16T09:27:12:LONG
2026-04-16,09:27:50,2026-04-16,09:28:13,NIFTY,SELL,TYPE_B,PASSIVE,HIT_BID,24388.65,24383.1,NIFTY21APR2624400PE,24400.0,PE,198.8,203.95,198.66,204.08,200.0,200.0,0.025173,0.024492,ws,ws,type_b_ladder,type_b_ladder,False,False,0.14,-0.1333,65,334.75,strategy_S9-149__TYPE_B:NIFTY:2026-04-16T09:27:50:SHORT
2026-04-16,09:28:56,2026-04-16,09:29:15,NIFTY,BUY,TYPE_B,PASSIVE,HIT_BID,24389.6,24390.35,NIFTY21APR2624350CE,24350.0,CE,204.45,205.6,204.05,205.96,205.0,205.0,0.024489,0.02429,ws,ws,type_b_ladder,type_b_ladder,False,False,0.3972,-0.3571,65,74.75,strategy_S9-149__TYPE_B:NIFTY:2026-04-16T09:28:56:LONG
2026-04-16,09:29:24,2026-04-16,09:29:31,NIFTY,SELL,TYPE_B,PASSIVE,HIT_BID,24384.85,24389.95,NIFTY21APR2624400PE,24400.0,PE,199.1,199.6,198.87,199.66,200.0,195.0,0.025138,0.025041,ws,ws,type_b_ladder,type_b_ladder,False,False,0.2316,-0.06,65,32.5,strategy_S9-149__TYPE_B:NIFTY:2026-04-16T09:29:24:SHORT
2026-04-16,09:29:50,2026-04-16,09:30:03,NIFTY,SELL,TYPE_B,PASSIVE,HIT_BID,24387.8,24388.2,NIFTY21APR2624400PE,24400.0,PE,200.95,200.75,200.85,200.79,205.0,200.0,0.024903,0.0249,ws,ws,type_b_ladder,type_b_ladder,False,False,0.1,-0.0375,65,-13.0,strategy_S9-149__TYPE_B:NIFTY:2026-04-16T09:29:50:SHORT
2026-04-16,09:31:36,2026-04-16,09:32:15,NIFTY,SELL,TYPE_B,PASSIVE,HIT_BID,24381.5,24376.25,NIFTY21APR2624400PE,24400.0,PE,204.65,207.75,204.54,207.97,205.0,205.0,0.024447,0.024038,ws,ws,type_b_ladder,type_b_ladder,False,False,0.1071,-0.225,65,201.5,strategy_S9-149__TYPE_B:NIFTY:2026-04-16T09:31:36:SHORT
2026-04-16,09:32:31,2026-04-16,09:32:52,NIFTY,SELL,TYPE_B,PASSIVE,HIT_BID,24370.3,24369.5,NIFTY21APR2624400PE,24400.0,PE,210.3,211.35,209.86,211.74,215.0,210.0,0.023804,0.023632,ws,ws,type_b_ladder,type_b_ladder,False,False,0.4412,-0.3857,65,68.25,strategy_S9-149__TYPE_B:NIFTY:2026-04-16T09:32:31:SHORT
2026-04-16,09:33:00,2026-04-16,09:33:05,NIFTY,SELL,TYPE_B,PASSIVE,HIT_BID,24364.4,24367.2,NIFTY21APR2624400PE,24400.0,PE,215.0,214.1,214.7,214.18,215.0,210.0,0.023272,0.023348,ws,ws,type_b_ladder,type_b_ladder,False,False,0.298,-0.08,65,-58.5,strategy_S9-149__TYPE_B:NIFTY:2026-04-16T09:33:00:SHORT
2026-04-16,09:33:20,2026-04-16,09:33:53,NIFTY,SELL,TYPE_B,PASSIVE,HIT_BID,24365.8,24362.4,NIFTY21APR2624400PE,24400.0,PE,214.75,216.15,214.63,216.31,215.0,215.0,0.023307,0.023111,ws,ws,type_b_ladder,type_b_ladder,False,False,0.1227,-0.16,65,91.0,strategy_S9-149__TYPE_B:NIFTY:2026-04-16T09:33:20:SHORT
2026-04-16,09:34:18,2026-04-16,09:34:39,NIFTY,SELL,TYPE_B,PASSIVE,HIT_BID,24353.7,24358.55,NIFTY21APR2624400PE,24400.0,PE,216.0,216.3,215.85,216.47,220.0,215.0,0.023156,0.023089,ws,ws,type_b_ladder,type_b_ladder,False,False,0.1488,-0.1667,65,19.5,strategy_S9-149__TYPE_B:NIFTY:2026-04-16T09:34:18:SHORT
2026-04-16,09:35:01,2026-04-16,09:35:08,NIFTY,BUY,TYPE_B,PASSIVE,HIT_BID,24360.2,24357.1,NIFTY21APR2624350CE,24350.0,CE,189.75,188.1,189.63,188.44,190.0,185.0,0.026375,0.026553,ws,ws,type_b_ladder,type_b_ladder,False,False,0.1167,-0.3407,65,-107.25,strategy_S9-149__TYPE_B:NIFTY:2026-04-16T09:35:01:LONG
2026-04-16,09:35:22,2026-04-16,09:35:31,NIFTY,SELL,TYPE_B,PASSIVE,HIT_BID,24355.05,24356.65,NIFTY21APR2624400PE,24400.0,PE,218.5,217.0,218.2,217.2,220.0,215.0,0.02291,0.02302,ws,ws,type_b_ladder,type_b_ladder,False,False,0.3,-0.2,65,-97.5,strategy_S9-149__TYPE_B:NIFTY:2026-04-16T09:35:22:SHORT
2026-04-16,09:36:10,2026-04-16,09:36:29,NIFTY,BUY,TYPE_B,PASSIVE,HIT_BID,24359.55,24359.85,NIFTY21APR2624350CE,24350.0,CE,189.3,188.9,189.1,189.12,190.0,185.0,0.026445,0.026441,ws,ws,type_b_ladder,type_b_ladder,False,False,0.2045,-0.2222,65,-26.0,strategy_S9-149__TYPE_B:NIFTY:2026-04-16T09:36:10:LONG
2026-04-16,09:36:42,2026-04-16,09:36:47,NIFTY,SELL,TYPE_B,PASSIVE,HIT_BID,24354.45,24358.15,NIFTY21APR2624400PE,24400.0,PE,220.6,218.95,220.56,219.13,225.0,215.0,0.022683,0.02281,ws,ws,type_b_ladder,type_b_ladder,False,False,0.0437,-0.1818,65,-107.25,strategy_S9-149__TYPE_B:NIFTY:2026-04-16T09:36:42:SHORT
2026-04-16,09:37:05,2026-04-16,09:38:52,NIFTY,SELL,TYPE_B,PASSIVE,HIT_BID,24354.25,24315.6,NIFTY21APR2624400PE,24400.0,PE,220.95,242.6,220.79,242.88,225.0,240.0,0.02264,0.020587,ws,ws,type_b_ladder,type_b_ladder,False,False,0.16,-0.275,65,1407.25,strategy_S9-149__TYPE_B:NIFTY:2026-04-16T09:37:05:SHORT
2026-04-16,09:39:09,2026-04-16,09:39:17,NIFTY,SELL,TYPE_B,PASSIVE,HIT_BID,24309.45,24311.25,NIFTY21APR2624350PE,24350.0,PE,218.0,220.3,217.92,220.55,220.0,220.0,0.022946,0.022671,ws,ws,type_b_ladder,type_b_ladder,False,False,0.0769,-0.25,65,149.5,strategy_S9-149__TYPE_B:NIFTY:2026-04-16T09:39:09:SHORT
2026-04-16,09:39:30,2026-04-16,09:39:52,NIFTY,BUY,TYPE_B,PASSIVE,HIT_BID,24322.25,24325.1,NIFTY21APR2624300CE,24300.0,CE,201.6,203.05,201.51,203.29,205.0,200.0,0.024829,0.024597,ws,ws,type_b_ladder,type_b_ladder,False,False,0.09,-0.2423,65,94.25,strategy_S9-149__TYPE_B:NIFTY:2026-04-16T09:39:30:LONG
2026-04-16,09:40:07,2026-04-16,09:40:22,NIFTY,BUY,TYPE_B,PASSIVE,HIT_BID,24330.05,24330.75,NIFTY21APR2624300CE,24300.0,CE,201.9,202.5,201.64,202.83,205.0,200.0,0.024786,0.024661,ws,ws,type_b_ladder,type_b_ladder,False,False,0.2625,-0.3333,65,39.0,strategy_S9-149__TYPE_B:NIFTY:2026-04-16T09:40:07:LONG
2026-04-16,09:40:33,2026-04-16,09:41:15,NIFTY,SELL,TYPE_B,PASSIVE,HIT_BID,24324.65,24312.1,NIFTY21APR2624350PE,24350.0,PE,212.0,219.65,211.81,219.97,215.0,215.0,0.023613,0.02274,ws,ws,type_b_ladder,type_b_ladder,False,False,0.1923,-0.315,65,497.25,strategy_S9-149__TYPE_B:NIFTY:2026-04-16T09:40:33:SHORT
2026-04-16,09:41:38,2026-04-16,09:41:40,NIFTY,SELL,TYPE_B,PASSIVE,HIT_BID,24308.7,24311.05,NIFTY21APR2624350PE,24350.0,PE,220.25,220.55,220.13,220.58,225.0,220.0,0.022727,0.022647,ws,ws,type_b_ladder,type_b_ladder,False,False,0.1154,-0.0257,65,19.5,strategy_S9-149__TYPE_B:NIFTY:2026-04-16T09:41:38:SHORT
2026-04-16,09:42:16,2026-04-16,09:42:24,NIFTY,BUY,TYPE_B,PASSIVE,HIT_BID,24313.4,24309.2,NIFTY21APR2624300CE,24300.0,CE,197.25,194.35,196.83,194.5,200.0,190.0,0.025377,0.025697,ws,ws,type_b_ladder,type_b_ladder,False,False,0.4179,-0.15,65,-188.5,strategy_S9-149__TYPE_B:NIFTY:2026-04-16T09:42:16:LONG
2026-04-16,09:42:48,2026-04-16,09:43:00,NIFTY,SELL,TYPE_B,PASSIVE,HIT_BID,24306.15,24305.4,NIFTY21APR2624350PE,24350.0,PE,222.55,221.5,222.3,221.84,225.0,220.0,0.022492,0.02255,ws,ws,type_b_ladder,type_b_ladder,False,False,0.25,-0.3375,65,-68.25,strategy_S9-149__TYPE_B:NIFTY:2026-04-16T09:42:48:SHORT
2026-04-16,09:43:25,2026-04-16,09:43:34,NIFTY,BUY,TYPE_B,PASSIVE,HIT_BID,24309.7,24305.2,NIFTY21APR2624300CE,24300.0,CE,195.1,192.75,194.97,192.96,200.0,190.0,0.025644,0.02591,ws,ws,type_b_ladder,type_b_ladder,False,False,0.125,-0.21,65,-152.75,strategy_S9-149__TYPE_B:NIFTY:2026-04-16T09:43:25:LONG
2026-04-16,09:44:01,2026-04-16,09:44:07,NIFTY,BUY,TYPE_B,PASSIVE,HIT_BID,24305.8,24303.35,NIFTY21APR2624300CE,24300.0,CE,193.85,194.1,193.81,194.5,195.0,190.0,0.025816,0.02573,ws,ws,type_b_ladder,type_b_ladder,False,False,0.0389,-0.405,65,16.25,strategy_S9-149__TYPE_B:NIFTY:2026-04-16T09:44:01:LONG
2026-04-16,09:45:22,2026-04-16,09:45:35,NIFTY,SELL,TYPE_B,PASSIVE,HIT_BID,24298.5,24299.3,NIFTY21APR2624300PE,24300.0,PE,204.6,203.35,204.21,203.52,205.0,200.0,0.024468,0.024555,ws,ws,type_b_ladder,type_b_ladder,False,False,0.3889,-0.1719,65,-81.25,strategy_S9-149__TYPE_B:NIFTY:2026-04-16T09:45:22:SHORT
2026-04-16,09:45:50,2026-04-16,09:47:03,NIFTY,BUY,TYPE_B,PASSIVE,HIT_BID,24303.65,24326.1,NIFTY21APR2624300CE,24300.0,CE,192.0,199.2,191.75,199.32,195.0,195.0,0.026062,0.025085,ws,ws,type_b_ladder,type_b_ladder,False,False,0.2538,-0.125,65,468.0,strategy_S9-149__TYPE_B:NIFTY:2026-04-16T09:45:50:LONG
2026-04-16,09:48:02,2026-04-16,09:48:08,NIFTY,SELL,TYPE_B,PASSIVE,HIT_BID,24317.1,24319.9,NIFTY21APR2624350PE,24350.0,PE,216.25,213.65,215.98,213.82,220.0,210.0,0.023145,0.023381,ws,ws,type_b_ladder,type_b_ladder,False,False,0.27,-0.1714,65,-169.0,strategy_S9-149__TYPE_B:NIFTY:2026-04-16T09:48:02:SHORT
2026-04-16,09:48:27,2026-04-16,09:48:47,NIFTY,BUY,TYPE_B,PASSIVE,HIT_BID,24330.55,24325.4,NIFTY21APR2624300CE,24300.0,CE,201.0,199.9,200.81,200.1,205.0,195.0,0.024888,0.024994,ws,ws,type_b_ladder,type_b_ladder,False,False,0.1921,-0.2,65,-71.5,strategy_S9-149__TYPE_B:NIFTY:2026-04-16T09:48:27:LONG
2026-04-16,09:50:10,2026-04-16,09:50:19,NIFTY,SELL,TYPE_B,PASSIVE,HIT_BID,24324.7,24327.7,NIFTY21APR2624350PE,24350.0,PE,210.8,208.6,210.58,208.65,215.0,205.0,0.023742,0.023958,ws,ws,type_b_ladder,type_b_ladder,False,False,0.2182,-0.0462,65,-143.0,strategy_S9-149__TYPE_B:NIFTY:2026-04-16T09:50:10:SHORT
2026-04-16,09:50:50,2026-04-16,09:50:55,NIFTY,BUY,TYPE_B,PASSIVE,HIT_BID,24333.55,24328.85,NIFTY21APR2624300CE,24300.0,CE,203.5,202.65,203.29,202.97,205.0,200.0,0.024588,0.024643,ws,ws,type_b_ladder,type_b_ladder,False,False,0.2118,-0.3182,65,-55.25,strategy_S9-149__TYPE_B:NIFTY:2026-04-16T09:50:50:LONG
2026-04-16,09:51:26,2026-04-16,09:51:45,NIFTY,SELL,TYPE_B,PASSIVE,HIT_BID,24317.0,24318.8,NIFTY21APR2624350PE,24350.0,PE,215.45,215.1,215.22,215.3,220.0,215.0,0.023223,0.023223,ws,ws,type_b_ladder,type_b_ladder,False,False,0.225,-0.2,65,-22.75,strategy_S9-149__TYPE_B:NIFTY:2026-04-16T09:51:26:SHORT
2026-04-16,09:51:50,2026-04-16,09:52:01,NIFTY,BUY,TYPE_B,PASSIVE,HIT_BID,24324.1,24327.5,NIFTY21APR2624300CE,24300.0,CE,201.15,201.6,200.99,201.72,205.0,200.0,0.024885,0.024774,ws,ws,type_b_ladder,type_b_ladder,False,False,0.1607,-0.12,65,29.25,strategy_S9-149__TYPE_B:NIFTY:2026-04-16T09:51:50:LONG
2026-04-16,09:52:10,2026-04-16,09:52:27,NIFTY,BUY,TYPE_B,PASSIVE,HIT_BID,24331.45,24333.55,NIFTY21APR2624300CE,24300.0,CE,201.65,203.0,201.5,203.31,205.0,200.0,0.024814,0.024609,ws,ws,type_b_ladder,type_b_ladder,False,False,0.15,-0.3083,65,87.75,strategy_S9-149__TYPE_B:NIFTY:2026-04-16T09:52:10:LONG
2026-04-16,09:53:06,2026-04-16,09:54:18,NIFTY,SELL,TYPE_B,PASSIVE,HIT_BID,24323.75,24306.45,NIFTY21APR2624350PE,24350.0,PE,211.9,222.0,211.55,222.31,215.0,220.0,0.023621,0.022495,ws,ws,type_b_ladder,type_b_ladder,False,False,0.35,-0.308,65,656.5,strategy_S9-149__TYPE_B:NIFTY:2026-04-16T09:53:06:SHORT
2026-04-16,09:54:30,2026-04-16,09:54:56,NIFTY,BUY,TYPE_B,PASSIVE,HIT_BID,24312.05,24316.45,NIFTY21APR2624300CE,24300.0,CE,194.35,194.7,194.12,194.76,195.0,190.0,0.02575,0.025657,ws,ws,type_b_ladder,type_b_ladder,False,False,0.2333,-0.0636,65,22.75,strategy_S9-149__TYPE_B:NIFTY:2026-04-16T09:54:30:LONG
2026-04-16,09:55:04,2026-04-16,09:55:21,NIFTY,SELL,TYPE_B,PASSIVE,HIT_BID,24308.3,24306.55,NIFTY21APR2624350PE,24350.0,PE,222.0,222.15,221.68,222.44,225.0,220.0,0.02254,0.022479,ws,ws,type_b_ladder,type_b_ladder,False,False,0.3182,-0.2912,65,9.75,strategy_S9-149__TYPE_B:NIFTY:2026-04-16T09:55:04:SHORT
2026-04-16,09:55:30,2026-04-16,09:55:40,NIFTY,SELL,TYPE_B,PASSIVE,HIT_BID,24303.55,24305.95,NIFTY21APR2624350PE,24350.0,PE,222.65,222.1,222.51,222.25,225.0,220.0,0.022474,0.022497,ws,ws,type_b_ladder,type_b_ladder,False,False,0.14,-0.15,65,-35.75,strategy_S9-149__TYPE_B:NIFTY:2026-04-16T09:55:30:SHORT
2026-04-16,09:55:50,2026-04-16,09:55:58,NIFTY,SELL,TYPE_B,PASSIVE,HIT_BID,24300.75,24303.0,NIFTY21APR2624350PE,24350.0,PE,223.9,222.5,223.79,222.64,225.0,220.0,0.022354,0.022454,ws,ws,type_b_ladder,type_b_ladder,False,False,0.1125,-0.14,65,-91.0,strategy_S9-149__TYPE_B:NIFTY:2026-04-16T09:55:50:SHORT
2026-04-16,09:56:20,2026-04-16,09:56:37,NIFTY,SELL,TYPE_B,PASSIVE,HIT_BID,24294.15,24296.55,NIFTY21APR2624300PE,24300.0,PE,204.65,204.6,204.55,204.69,205.0,200.0,0.024453,0.02442,ws,ws,type_b_ladder,type_b_ladder,False,False,0.1,-0.0857,65,-3.25,strategy_S9-149__TYPE_B:NIFTY:2026-04-16T09:56:20:SHORT
2026-04-16,09:57:05,2026-04-16,09:57:47,NIFTY,SELL,TYPE_B,PASSIVE,HIT_BID,24291.7,24281.55,NIFTY21APR2624300PE,24300.0,PE,207.0,209.9,206.73,210.16,210.0,205.0,0.024181,0.023801,ws,ws,type_b_ladder,type_b_ladder,False,False,0.27,-0.2625,65,188.5,strategy_S9-149__TYPE_B:NIFTY:2026-04-16T09:57:05:SHORT
2026-04-16,09:58:06,2026-04-16,09:58:16,NIFTY,SELL,TYPE_B,PASSIVE,HIT_BID,24277.25,24277.9,NIFTY21APR2624300PE,24300.0,PE,213.35,213.95,213.0,214.41,215.0,210.0,0.023463,0.023343,ws,ws,type_b_ladder,type_b_ladder,False,False,0.3462,-0.4615,65,39.0,strategy_S9-149__TYPE_B:NIFTY:2026-04-16T09:58:06:SHORT
2026-04-16,09:58:31,2026-04-16,09:58:55,NIFTY,BUY,TYPE_B,PASSIVE,HIT_BID,24283.35,24281.85,NIFTY21APR2624250CE,24250.0,CE,208.7,209.3,208.57,209.37,210.0,205.0,0.023972,0.023861,ws,ws,type_b_ladder,type_b_ladder,False,False,0.125,-0.0658,65,39.0,strategy_S9-149__TYPE_B:NIFTY:2026-04-16T09:58:31:LONG
2026-04-16,09:59:21,2026-04-16,09:59:41,NIFTY,SELL,TYPE_B,PASSIVE,HIT_BID,24280.0,24278.55,NIFTY21APR2624300PE,24300.0,PE,213.4,217.2,213.24,217.43,215.0,215.0,0.023441,0.022996,ws,ws,type_b_ladder,type_b_ladder,False,False,0.16,-0.225,65,247.0,strategy_S9-149__TYPE_B:NIFTY:2026-04-16T09:59:21:SHORT
2026-04-16,09:59:50,2026-04-16,10:00:16,NIFTY,SELL,TYPE_B,PASSIVE,HIT_BID,24272.7,24273.75,NIFTY21APR2624300PE,24300.0,PE,217.65,214.9,217.43,214.92,220.0,210.0,0.022996,0.02324,ws,ws,type_b_ladder,type_b_ladder,False,False,0.225,-0.0227,65,-178.75,strategy_S9-149__TYPE_B:NIFTY:2026-04-16T09:59:50:SHORT
2026-04-16,10:01:21,2026-04-16,10:01:31,NIFTY,SELL,TYPE_B,PASSIVE,HIT_BID,24270.0,24269.0,NIFTY21APR2624300PE,24300.0,PE,218.6,217.2,218.43,217.29,220.0,215.0,0.022899,0.023007,ws,ws,type_b_ladder,type_b_ladder,False,False,0.1667,-0.0938,65,-91.0,strategy_S9-149__TYPE_B:NIFTY:2026-04-16T10:01:21:SHORT
2026-04-16,10:02:10,2026-04-16,10:02:17,NIFTY,BUY,TYPE_B,PASSIVE,HIT_BID,24290.2,24287.95,NIFTY21APR2624250CE,24250.0,CE,213.7,211.5,213.28,211.88,215.0,210.0,0.023422,0.023616,ws,ws,type_b_ladder,type_b_ladder,False,False,0.4219,-0.375,65,-143.0,strategy_S9-149__TYPE_B:NIFTY:2026-04-16T10:02:10:LONG
2026-04-16,10:02:50,2026-04-16,10:02:56,NIFTY,SELL,TYPE_B,PASSIVE,HIT_BID,24285.35,24287.8,NIFTY21APR2624300PE,24300.0,PE,209.7,207.75,209.37,207.8,210.0,205.0,0.023866,0.024047,ws,ws,type_b_ladder,type_b_ladder,False,False,0.3333,-0.05,65,-126.75,strategy_S9-149__TYPE_B:NIFTY:2026-04-16T10:02:50:SHORT
2026-04-16,10:03:00,2026-04-16,10:03:20,NIFTY,BUY,TYPE_B,PASSIVE,HIT_BID,24290.4,24286.4,NIFTY21APR2624250CE,24250.0,CE,212.85,210.05,212.61,210.29,215.0,210.0,0.023521,0.023781,ws,ws,type_b_ladder,type_b_ladder,False,False,0.2444,-0.24,65,-182.0,strategy_S9-149__TYPE_B:NIFTY:2026-04-16T10:03:00:LONG
2026-04-16,10:03:30,2026-04-16,10:03:36,NIFTY,SELL,TYPE_B,PASSIVE,HIT_BID,24281.85,24284.05,NIFTY21APR2624300PE,24300.0,PE,210.9,210.45,210.72,210.72,215.0,210.0,0.023733,0.023733,ws,ws,type_b_ladder,type_b_ladder,False,False,0.18,-0.27,65,-29.25,strategy_S9-149__TYPE_B:NIFTY:2026-04-16T10:03:30:SHORT
2026-04-16,10:04:00,2026-04-16,10:04:28,NIFTY,BUY,TYPE_B,PASSIVE,HIT_BID,24288.1,24288.4,NIFTY21APR2624250CE,24250.0,CE,211.6,211.0,211.28,211.27,215.0,210.0,0.023655,0.023674,ws,ws,type_b_ladder,type_b_ladder,False,False,0.3214,-0.2667,65,-39.0,strategy_S9-149__TYPE_B:NIFTY:2026-04-16T10:04:00:LONG
2026-04-16,10:04:40,2026-04-16,10:05:03,NIFTY,BUY,TYPE_B,PASSIVE,HIT_BID,24294.45,24299.2,NIFTY21APR2624250CE,24250.0,CE,214.75,215.6,214.5,215.86,215.0,215.0,0.02331,0.023167,ws,ws,type_b_ladder,type_b_ladder,False,False,0.25,-0.2625,65,55.25,strategy_S9-149__TYPE_B:NIFTY:2026-04-16T10:04:40:LONG
2026-04-16,10:06:15,2026-04-16,10:06:30,NIFTY,SELL,TYPE_B,PASSIVE,HIT_BID,24293.65,24291.2,NIFTY21APR2624300PE,24300.0,PE,204.05,206.45,203.82,206.58,205.0,205.0,0.024534,0.024193,ws,ws,type_b_ladder,type_b_ladder,False,False,0.2273,-0.1286,65,156.0,strategy_S9-149__TYPE_B:NIFTY:2026-04-16T10:06:15:SHORT
2026-04-16,10:06:51,2026-04-16,10:07:26,NIFTY,SELL,TYPE_B,PASSIVE,HIT_BID,24287.9,24283.9,NIFTY21APR2624300PE,24300.0,PE,205.65,207.7,205.54,207.85,210.0,205.0,0.024337,0.024047,ws,ws,type_b_ladder,type_b_ladder,False,False,0.1143,-0.15,65,133.25,strategy_S9-149__TYPE_B:NIFTY:2026-04-16T10:06:51:SHORT
2026-04-16,10:07:41,2026-04-16,10:08:16,NIFTY,BUY,TYPE_B,PASSIVE,HIT_BID,24291.2,24302.15,NIFTY21APR2624250CE,24250.0,CE,214.85,218.05,214.61,218.08,215.0,215.0,0.023288,0.022912,ws,ws,type_b_ladder,type_b_ladder,False,False,0.24,-0.0269,65,208.0,strategy_S9-149__TYPE_B:NIFTY:2026-04-16T10:07:41:LONG
2026-04-16,10:08:33,2026-04-16,10:08:42,NIFTY,BUY,TYPE_B,PASSIVE,HIT_BID,24307.8,24306.9,NIFTY21APR2624300CE,24300.0,CE,191.55,192.0,191.32,192.31,195.0,190.0,0.026134,0.026008,ws,ws,type_b_ladder,type_b_ladder,False,False,0.225,-0.3077,65,29.25,strategy_S9-149__TYPE_B:NIFTY:2026-04-16T10:08:33:LONG
2026-04-16,10:09:00,2026-04-16,10:09:15,NIFTY,BUY,TYPE_B,PASSIVE,HIT_BID,24309.25,24308.0,NIFTY21APR2624300CE,24300.0,CE,193.3,191.35,193.15,191.44,195.0,191.35,0.0259,0.002349,ws,ws,type_b_ladder,type_b_ladder,False,False,0.1538,-0.0947,65,-126.75,strategy_S9-149__TYPE_B:NIFTY:2026-04-16T10:09:00:LONG
2026-04-16,10:09:45,2026-04-16,10:09:58,NIFTY,SELL,TYPE_B,PASSIVE,HIT_BID,24305.2,24307.75,NIFTY21APR2624350PE,24350.0,PE,222.85,220.95,222.72,221.0,225.0,220.0,0.022457,0.022604,ws,ws,type_b_ladder,type_b_ladder,False,False,0.1333,-0.0455,65,-123.5,strategy_S9-149__TYPE_B:NIFTY:2026-04-16T10:09:45:SHORT
2026-04-16,10:10:19,2026-04-16,10:10:40,NIFTY,BUY,TYPE_B,PASSIVE,HIT_BID,24313.1,24316.95,NIFTY21APR2624300CE,24300.0,CE,194.4,196.5,194.11,196.83,195.0,195.0,0.02575,0.025416,ws,ws,type_b_ladder,type_b_ladder,False,False,0.2864,-0.3273,65,136.5,strategy_S9-149__TYPE_B:NIFTY:2026-04-16T10:10:19:LONG
2026-04-16,10:10:54,2026-04-16,10:10:56,NIFTY,SELL,TYPE_B,PASSIVE,HIT_BID,24314.55,24315.95,NIFTY21APR2624350PE,24350.0,PE,218.2,216.85,217.81,217.04,220.0,215.0,0.022938,0.023034,ws,ws,type_b_ladder,type_b_ladder,False,False,0.3857,-0.1875,65,-87.75,strategy_S9-149__TYPE_B:NIFTY:2026-04-16T10:10:54:SHORT
2026-04-16,10:12:10,2026-04-16,10:12:45,NIFTY,SELL,TYPE_B,PASSIVE,HIT_BID,24311.1,24297.55,NIFTY21APR2624350PE,24350.0,PE,220.65,224.4,220.37,224.67,225.0,220.0,0.022683,0.022264,ws,ws,type_b_ladder,type_b_ladder,False,False,0.2812,-0.2676,65,243.75,strategy_S9-149__TYPE_B:NIFTY:2026-04-16T10:12:10:SHORT
2026-04-16,10:13:03,2026-04-16,10:13:55,NIFTY,BUY,TYPE_B,PASSIVE,HIT_BID,24300.75,24308.35,NIFTY21APR2624300CE,24300.0,CE,192.9,194.45,192.63,194.69,195.0,190.0,0.02594,0.025687,ws,ws,type_b_ladder,type_b_ladder,False,False,0.2667,-0.2353,65,100.75,strategy_S9-149__TYPE_B:NIFTY:2026-04-16T10:13:03:LONG
2026-04-16,10:14:11,2026-04-16,10:14:24,NIFTY,SELL,TYPE_B,PASSIVE,HIT_BID,24304.75,24307.2,NIFTY21APR2624350PE,24350.0,PE,220.2,217.75,220.13,217.79,225.0,215.0,0.022727,0.022936,ws,ws,type_b_ladder,type_b_ladder,False,False,0.0667,-0.0417,65,-159.25,strategy_S9-149__TYPE_B:NIFTY:2026-04-16T10:14:11:SHORT
2026-04-16,10:15:31,2026-04-16,10:15:55,NIFTY,SELL,TYPE_B,PASSIVE,HIT_BID,24302.55,24297.65,NIFTY21APR2624350PE,24350.0,PE,222.8,224.9,222.65,224.94,225.0,220.0,0.022459,0.02223,ws,ws,type_b_ladder,type_b_ladder,False,False,0.15,-0.0357,65,136.5,strategy_S9-149__TYPE_B:NIFTY:2026-04-16T10:15:31:SHORT
2026-04-16,10:16:20,2026-04-16,10:16:32,NIFTY,SELL,TYPE_B,PASSIVE,HIT_BID,24294.25,24295.55,NIFTY21APR2624300PE,24300.0,PE,200.25,198.65,200.03,198.77,205.0,195.0,0.024984,0.02516,ws,ws,type_b_ladder,type_b_ladder,False,False,0.2177,-0.12,65,-104.0,strategy_S9-149__TYPE_B:NIFTY:2026-04-16T10:16:20:SHORT
2026-04-16,10:16:40,2026-04-16,10:17:00,NIFTY,BUY,TYPE_B,PASSIVE,HIT_BID,24307.6,24311.2,NIFTY21APR2624300CE,24300.0,CE,193.0,191.8,192.73,192.01,195.0,190.0,0.025927,0.026042,ws,ws,type_b_ladder,type_b_ladder,False,False,0.2705,-0.2087,65,-78.0,strategy_S9-149__TYPE_B:NIFTY:2026-04-16T10:16:40:LONG
2026-04-16,10:17:11,2026-04-16,10:17:34,NIFTY,SELL,TYPE_B,PASSIVE,HIT_BID,24308.25,24303.75,NIFTY21APR2624350PE,24350.0,PE,220.3,217.4,220.18,217.49,225.0,215.0,0.022709,0.022981,ws,ws,type_b_ladder,type_b_ladder,False,False,0.125,-0.0875,65,-188.5,strategy_S9-149__TYPE_B:NIFTY:2026-04-16T10:17:11:SHORT
2026-04-16,10:17:46,2026-04-16,10:17:55,NIFTY,BUY,TYPE_B,PASSIVE,HIT_BID,24304.9,24301.5,NIFTY21APR2624300CE,24300.0,CE,192.6,190.85,192.52,191.15,195.0,190.0,0.025977,0.026171,ws,ws,type_b_ladder,type_b_ladder,False,False,0.0833,-0.3,65,-113.75,strategy_S9-149__TYPE_B:NIFTY:2026-04-16T10:17:46:LONG
2026-04-16,10:18:14,2026-04-16,10:18:37,NIFTY,BUY,TYPE_B,PASSIVE,HIT_BID,24309.15,24315.15,NIFTY21APR2624300CE,24300.0,CE,193.9,193.15,193.7,193.23,195.0,190.0,0.025816,0.02586,ws,ws,type_b_ladder,type_b_ladder,False,False,0.2045,-0.0842,65,-48.75,strategy_S9-149__TYPE_B:NIFTY:2026-04-16T10:18:14:LONG
2026-04-16,10:18:51,2026-04-16,10:19:16,NIFTY,BUY,TYPE_B,PASSIVE,HIT_BID,24320.25,24323.5,NIFTY21APR2624300CE,24300.0,CE,195.6,195.15,195.34,195.53,200.0,195.0,0.025592,0.025592,ws,ws,type_b_ladder,type_b_ladder,False,False,0.2605,-0.3808,65,-29.25,strategy_S9-149__TYPE_B:NIFTY:2026-04-16T10:18:51:LONG
2026-04-16,10:19:41,2026-04-16,10:19:59,NIFTY,SELL,TYPE_B,PASSIVE,HIT_BID,24321.2,24309.7,NIFTY21APR2624350PE,24350.0,PE,213.55,217.0,213.4,217.4,215.0,215.0,0.023436,0.023015,ws,ws,type_b_ladder,type_b_ladder,False,False,0.15,-0.4,65,224.25,strategy_S9-149__TYPE_B:NIFTY:2026-04-16T10:19:41:SHORT
2026-04-16,10:24:13,2026-04-16,10:27:01,NIFTY,BUY,TYPE_B,PASSIVE,HIT_BID,24309.55,24314.3,NIFTY21APR2624300CE,24300.0,CE,190.2,193.2,190.16,193.39,195.0,190.0,0.026316,0.02585,ws,ws,type_b_ladder,type_b_ladder,False,False,0.0444,-0.1853,65,195.0,strategy_S9-149__TYPE_B:NIFTY:2026-04-16T10:24:13:LONG
2026-04-16,10:27:37,2026-04-16,10:29:19,NIFTY,SELL,TYPE_B,PASSIVE,HIT_BID,24308.5,24304.45,NIFTY21APR2624350PE,24350.0,PE,215.3,216.85,215.18,217.12,220.0,215.0,0.02325,0.023036,ws,ws,type_b_ladder,type_b_ladder,False,False,0.1154,-0.2667,65,100.75,strategy_S9-149__TYPE_B:NIFTY:2026-04-16T10:27:37:SHORT
2026-04-16,10:30:21,2026-04-16,10:31:01,NIFTY,BUY,TYPE_B,PASSIVE,HIT_BID,24305.55,24306.25,NIFTY21APR2624300CE,24300.0,CE,186.7,185.9,186.35,186.22,190.0,185.0,0.02681,0.02686,ws,ws,type_b_ladder,type_b_ladder,False,False,0.35,-0.3191,65,-52.0,strategy_S9-149__TYPE_B:NIFTY:2026-04-16T10:30:21:LONG
2026-04-16,10:39:15,2026-04-16,10:39:32,NIFTY,SELL,TYPE_B,PASSIVE,HIT_BID,24302.8,24297.2,NIFTY21APR2624350PE,24350.0,PE,221.0,220.6,220.72,220.72,225.0,220.0,0.022645,0.022645,ws,ws,type_b_ladder,type_b_ladder,False,False,0.2769,-0.1231,65,-26.0,strategy_S9-149__TYPE_B:NIFTY:2026-04-16T10:39:15:SHORT
2026-04-16,10:41:06,2026-04-16,10:41:11,NIFTY,SELL,TYPE_B,PASSIVE,HIT_BID,24298.5,24301.15,NIFTY21APR2624300PE,24300.0,PE,196.35,195.3,196.29,195.35,200.0,195.0,0.025487,0.025595,ws,ws,type_b_ladder,type_b_ladder,False,False,0.0565,-0.05,65,-68.25,strategy_S9-149__TYPE_B:NIFTY:2026-04-16T10:41:06:SHORT
2026-04-16,10:41:29,2026-04-16,10:41:41,NIFTY,BUY,TYPE_B,PASSIVE,HIT_BID,24305.5,24304.8,NIFTY21APR2624300CE,24300.0,CE,187.25,187.5,186.92,187.78,190.0,185.0,0.026731,0.026635,ws,ws,type_b_ladder,type_b_ladder,False,False,0.3333,-0.2769,65,16.25,strategy_S9-149__TYPE_B:NIFTY:2026-04-16T10:41:29:LONG
2026-04-16,10:41:51,2026-04-16,10:42:16,NIFTY,BUY,TYPE_B,PASSIVE,HIT_BID,24309.2,24309.5,NIFTY21APR2624300CE,24300.0,CE,189.9,187.85,189.86,187.96,190.0,185.0,0.026354,0.026606,ws,ws,type_b_ladder,type_b_ladder,False,False,0.0438,-0.1091,65,-133.25,strategy_S9-149__TYPE_B:NIFTY:2026-04-16T10:41:51:LONG
2026-04-16,10:42:30,2026-04-16,10:42:50,NIFTY,BUY,TYPE_B,PASSIVE,HIT_BID,24312.0,24313.75,NIFTY21APR2624300CE,24300.0,CE,190.35,191.1,190.23,191.49,195.0,190.0,0.026298,0.026137,ws,ws,type_b_ladder,type_b_ladder,False,False,0.1167,-0.3897,65,48.75,strategy_S9-149__TYPE_B:NIFTY:2026-04-16T10:42:30:LONG
2026-04-16,10:43:10,2026-04-16,10:43:23,NIFTY,SELL,TYPE_B,PASSIVE,HIT_BID,24310.75,24313.65,NIFTY21APR2624350PE,24350.0,PE,213.0,211.35,212.9,211.68,215.0,210.0,0.023491,0.023629,ws,ws,type_b_ladder,type_b_ladder,False,False,0.1,-0.3333,65,-107.25,strategy_S9-149__TYPE_B:NIFTY:2026-04-16T10:43:10:SHORT
2026-04-16,10:44:32,2026-04-16,10:44:37,NIFTY,BUY,TYPE_B,PASSIVE,HIT_BID,24315.05,24313.25,NIFTY21APR2624300CE,24300.0,CE,191.05,190.05,191.02,190.38,195.0,190.0,0.026178,0.026281,ws,ws,type_b_ladder,type_b_ladder,False,False,0.0333,-0.3333,65,-65.0,strategy_S9-149__TYPE_B:NIFTY:2026-04-16T10:44:32:LONG
2026-04-16,10:44:43,2026-04-16,10:44:56,NIFTY,SELL,TYPE_B,PASSIVE,HIT_BID,24310.3,24309.4,NIFTY21APR2624350PE,24350.0,PE,212.5,211.75,212.42,212.05,215.0,210.0,0.023557,0.023588,ws,ws,type_b_ladder,type_b_ladder,False,False,0.0833,-0.3,65,-48.75,strategy_S9-149__TYPE_B:NIFTY:2026-04-16T10:44:43:SHORT
2026-04-16,10:45:13,2026-04-16,10:45:40,NIFTY,BUY,TYPE_B,PASSIVE,HIT_BID,24315.35,24315.65,NIFTY21APR2624300CE,24300.0,CE,190.8,192.0,190.76,192.18,195.0,190.0,0.026223,0.026015,ws,ws,type_b_ladder,type_b_ladder,False,False,0.0417,-0.1846,65,78.0,strategy_S9-149__TYPE_B:NIFTY:2026-04-16T10:45:13:LONG
2026-04-16,10:47:30,2026-04-16,10:47:48,NIFTY,BUY,TYPE_B,PASSIVE,HIT_BID,24320.3,24319.0,NIFTY21APR2624300CE,24300.0,CE,193.25,193.3,193.07,193.34,195.0,190.0,0.0259,0.025853,ws,ws,type_b_ladder,type_b_ladder,False,False,0.1778,-0.04,65,3.25,strategy_S9-149__TYPE_B:NIFTY:2026-04-16T10:47:30:LONG
2026-04-16,10:47:51,2026-04-16,10:47:57,NIFTY,SELL,TYPE_B,PASSIVE,HIT_BID,24316.95,24320.0,NIFTY21APR2624350PE,24350.0,PE,207.95,207.6,207.69,207.69,210.0,205.0,0.024064,0.024064,ws,ws,type_b_ladder,type_b_ladder,False,False,0.2625,-0.0875,65,-22.75,strategy_S9-149__TYPE_B:NIFTY:2026-04-16T10:47:51:SHORT
2026-04-16,10:48:11,2026-04-16,10:48:21,NIFTY,BUY,TYPE_B,PASSIVE,HIT_BID,24325.7,24325.4,NIFTY21APR2624300CE,24300.0,CE,194.8,194.35,194.62,194.43,195.0,190.0,0.025681,0.0257,ws,ws,type_b_ladder,type_b_ladder,False,False,0.1778,-0.08,65,-29.25,strategy_S9-149__TYPE_B:NIFTY:2026-04-16T10:48:11:LONG
2026-04-16,10:48:48,2026-04-16,10:49:13,NIFTY,SELL,TYPE_B,PASSIVE,HIT_BID,24319.5,24319.9,NIFTY21APR2624350PE,24350.0,PE,208.75,208.0,208.67,208.12,210.0,205.0,0.023972,0.02403,ws,ws,type_b_ladder,type_b_ladder,False,False,0.0778,-0.1154,65,-48.75,strategy_S9-149__TYPE_B:NIFTY:2026-04-16T10:48:48:SHORT
2026-04-16,10:49:21,2026-04-16,10:49:48,NIFTY,SELL,TYPE_B,PASSIVE,HIT_BID,24318.0,24314.15,NIFTY21APR2624350PE,24350.0,PE,208.1,207.55,207.72,207.68,210.0,205.0,0.024053,0.024079,ws,ws,type_b_ladder,type_b_ladder,False,False,0.375,-0.125,65,-35.75,strategy_S9-149__TYPE_B:NIFTY:2026-04-16T10:49:21:SHORT
2026-04-16,10:50:11,2026-04-16,10:50:17,NIFTY,SELL,TYPE_B,PASSIVE,HIT_BID,24313.1,24315.25,NIFTY21APR2624350PE,24350.0,PE,208.8,208.55,208.51,208.61,210.0,205.0,0.023969,0.023949,ws,ws,type_b_ladder,type_b_ladder,False,False,0.2857,-0.0562,65,-16.25,strategy_S9-149__TYPE_B:NIFTY:2026-04-16T10:50:11:SHORT
2026-04-16,10:51:01,2026-04-16,10:51:16,NIFTY,BUY,TYPE_B,PASSIVE,HIT_BID,24317.25,24315.25,NIFTY21APR2624300CE,24300.0,CE,192.9,191.1,192.68,191.44,195.0,190.0,0.025944,0.026134,ws,ws,type_b_ladder,type_b_ladder,False,False,0.2188,-0.3375,65,-117.0,strategy_S9-149__TYPE_B:NIFTY:2026-04-16T10:51:01:LONG
2026-04-16,10:52:00,2026-04-16,10:52:21,NIFTY,SELL,TYPE_B,PASSIVE,HIT_BID,24313.55,24313.8,NIFTY21APR2624350PE,24350.0,PE,209.2,208.85,209.05,208.9,210.0,205.0,0.023912,0.023935,ws,ws,type_b_ladder,type_b_ladder,False,False,0.15,-0.05,65,-22.75,strategy_S9-149__TYPE_B:NIFTY:2026-04-16T10:52:00:SHORT
2026-04-16,10:52:56,2026-04-16,10:53:06,NIFTY,SELL,TYPE_B,PASSIVE,HIT_BID,24313.65,24315.7,NIFTY21APR2624350PE,24350.0,PE,209.6,209.35,209.32,209.5,210.0,205.0,0.023883,0.023866,ws,ws,type_b_ladder,type_b_ladder,False,False,0.2778,-0.15,65,-16.25,strategy_S9-149__TYPE_B:NIFTY:2026-04-16T10:52:56:SHORT
2026-04-16,10:53:50,2026-04-16,10:54:15,NIFTY,SELL,TYPE_B,PASSIVE,HIT_BID,24315.75,24316.45,NIFTY21APR2624350PE,24350.0,PE,208.2,208.35,207.78,208.38,210.0,205.0,0.024041,0.023992,ws,ws,type_b_ladder,type_b_ladder,False,False,0.4179,-0.0333,65,9.75,strategy_S9-149__TYPE_B:NIFTY:2026-04-16T10:53:50:SHORT
2026-04-16,10:54:33,2026-04-16,10:54:40,NIFTY,SELL,TYPE_B,PASSIVE,HIT_BID,24313.95,24313.9,NIFTY21APR2624350PE,24350.0,PE,210.0,208.75,209.83,208.81,210.0,205.0,0.023821,0.023943,ws,ws,type_b_ladder,type_b_ladder,False,False,0.1667,-0.06,65,-81.25,strategy_S9-149__TYPE_B:NIFTY:2026-04-16T10:54:33:SHORT
2026-04-16,10:55:20,2026-04-16,10:55:59,NIFTY,SELL,TYPE_B,PASSIVE,HIT_BID,24313.05,24311.35,NIFTY21APR2624350PE,24350.0,PE,210.0,211.9,209.74,211.97,210.0,210.0,0.023835,0.023571,ws,ws,type_b_ladder,type_b_ladder,False,False,0.2625,-0.075,65,123.5,strategy_S9-149__TYPE_B:NIFTY:2026-04-16T10:55:20:SHORT
2026-04-16,10:56:11,2026-04-16,10:56:15,NIFTY,SELL,TYPE_B,PASSIVE,HIT_BID,24308.4,24311.05,NIFTY21APR2624350PE,24350.0,PE,212.8,212.6,212.43,212.68,215.0,210.0,0.023521,0.02351,ws,ws,type_b_ladder,type_b_ladder,False,False,0.3682,-0.075,65,-13.0,strategy_S9-149__TYPE_B:NIFTY:2026-04-16T10:56:11:SHORT
2026-04-16,10:56:23,2026-04-16,10:57:00,NIFTY,SELL,TYPE_B,PASSIVE,HIT_BID,24307.05,24304.95,NIFTY21APR2624350PE,24350.0,PE,213.35,215.45,213.12,215.51,215.0,215.0,0.02346,0.023191,ws,ws,type_b_ladder,type_b_ladder,False,False,0.225,-0.06,65,136.5,strategy_S9-149__TYPE_B:NIFTY:2026-04-16T10:56:23:SHORT
2026-04-16,10:57:10,2026-04-16,10:57:15,NIFTY,BUY,TYPE_B,PASSIVE,HIT_BID,24309.65,24309.2,NIFTY21APR2624300CE,24300.0,CE,188.65,188.4,188.52,188.5,190.0,185.0,0.026536,0.026508,ws,ws,type_b_ladder,type_b_ladder,False,False,0.1324,-0.1038,65,-16.25,strategy_S9-149__TYPE_B:NIFTY:2026-04-16T10:57:10:LONG
2026-04-16,10:57:30,2026-04-16,10:57:52,NIFTY,BUY,TYPE_B,PASSIVE,HIT_BID,24311.05,24311.15,NIFTY21APR2624300CE,24300.0,CE,189.0,189.4,188.81,189.43,190.0,185.0,0.026469,0.026382,ws,ws,type_b_ladder,type_b_ladder,False,False,0.1901,-0.0278,65,26.0,strategy_S9-149__TYPE_B:NIFTY:2026-04-16T10:57:30:LONG
2026-04-16,10:58:48,2026-04-16,10:59:13,NIFTY,SELL,TYPE_B,PASSIVE,HIT_BID,24304.9,24304.65,NIFTY21APR2624350PE,24350.0,PE,214.85,214.7,214.81,214.95,215.0,210.0,0.023299,0.023261,ws,ws,type_b_ladder,type_b_ladder,False,False,0.0385,-0.25,65,-9.75,strategy_S9-149__TYPE_B:NIFTY:2026-04-16T10:58:48:SHORT
2026-04-16,11:00:02,2026-04-16,11:00:30,NIFTY,BUY,TYPE_B,PASSIVE,HIT_BID,24311.15,24311.15,NIFTY21APR2624300CE,24300.0,CE,188.25,188.25,188.21,188.51,190.0,185.0,0.026571,0.026536,ws,ws,type_b_ladder,type_b_ladder,False,False,0.0375,-0.2625,65,0.0,strategy_S9-149__TYPE_B:NIFTY:2026-04-16T11:00:02:LONG
2026-04-16,11:00:41,2026-04-16,11:00:45,NIFTY,BUY,TYPE_B,PASSIVE,HIT_BID,24315.65,24313.95,NIFTY21APR2624300CE,24300.0,CE,189.75,188.6,189.52,188.69,190.0,185.0,0.026375,0.026483,ws,ws,type_b_ladder,type_b_ladder,False,False,0.2333,-0.0889,65,-74.75,strategy_S9-149__TYPE_B:NIFTY:2026-04-16T11:00:41:LONG
2026-04-16,11:01:20,2026-04-16,11:01:36,NIFTY,BUY,TYPE_B,PASSIVE,HIT_BID,24318.85,24320.25,NIFTY21APR2624300CE,24300.0,CE,192.85,193.55,192.67,193.84,195.0,190.0,0.025954,0.025806,ws,ws,type_b_ladder,type_b_ladder,False,False,0.1778,-0.2933,65,45.5,strategy_S9-149__TYPE_B:NIFTY:2026-04-16T11:01:20:LONG
2026-04-16,11:01:50,2026-04-16,11:02:08,NIFTY,SELL,TYPE_B,PASSIVE,HIT_BID,24314.5,24316.65,NIFTY21APR2624350PE,24350.0,PE,208.95,208.15,208.91,208.25,210.0,205.0,0.023952,0.024004,ws,ws,type_b_ladder,type_b_ladder,False,False,0.0381,-0.1,65,-52.0,strategy_S9-149__TYPE_B:NIFTY:2026-04-16T11:01:50:SHORT
2026-04-16,11:02:21,2026-04-16,11:02:33,NIFTY,SELL,TYPE_B,PASSIVE,HIT_BID,24313.3,24316.9,NIFTY21APR2624350PE,24350.0,PE,209.9,209.0,209.85,209.28,210.0,205.0,0.023827,0.023906,ws,ws,type_b_ladder,type_b_ladder,False,False,0.05,-0.2769,65,-58.5,strategy_S9-149__TYPE_B:NIFTY:2026-04-16T11:02:21:SHORT
2026-04-16,11:02:49,2026-04-16,11:03:20,NIFTY,BUY,TYPE_B,PASSIVE,HIT_BID,24320.5,24321.95,NIFTY21APR2624300CE,24300.0,CE,191.65,192.6,191.6,192.68,195.0,190.0,0.02611,0.025934,ws,ws,type_b_ladder,type_b_ladder,False,False,0.05,-0.0762,65,61.75,strategy_S9-149__TYPE_B:NIFTY:2026-04-16T11:02:49:LONG
2026-04-16,11:03:51,2026-04-16,11:03:59,NIFTY,BUY,TYPE_B,PASSIVE,HIT_BID,24326.75,24324.3,NIFTY21APR2624300CE,24300.0,CE,194.5,193.9,194.47,193.97,195.0,190.0,0.02571,0.02576,ws,ws,type_b_ladder,type_b_ladder,False,False,0.034,-0.0667,65,-39.0,strategy_S9-149__TYPE_B:NIFTY:2026-04-16T11:03:51:LONG
2026-04-16,11:04:24,2026-04-16,11:04:36,NIFTY,BUY,TYPE_B,PASSIVE,HIT_BID,24329.4,24327.15,NIFTY21APR2624300CE,24300.0,CE,194.25,194.0,194.15,194.09,195.0,190.0,0.025763,0.025763,ws,ws,type_b_ladder,type_b_ladder,False,False,0.0955,-0.09,65,-16.25,strategy_S9-149__TYPE_B:NIFTY:2026-04-16T11:04:24:LONG
2026-04-16,11:04:54,2026-04-16,11:05:06,NIFTY,SELL,TYPE_B,PASSIVE,HIT_BID,24319.55,24325.6,NIFTY21APR2624350PE,24350.0,PE,205.5,204.25,205.13,204.28,210.0,200.0,0.024361,0.024453,ws,ws,type_b_ladder,type_b_ladder,False,False,0.3667,-0.0321,65,-81.25,strategy_S9-149__TYPE_B:NIFTY:2026-04-16T11:04:54:SHORT
2026-04-16,11:05:53,2026-04-16,11:05:58,NIFTY,BUY,TYPE_B,PASSIVE,HIT_BID,24327.35,24324.3,NIFTY21APR2624300CE,24300.0,CE,195.0,194.8,194.8,195.05,195.0,190.0,0.025654,0.025644,ws,ws,type_b_ladder,type_b_ladder,False,False,0.1968,-0.25,65,-13.0,strategy_S9-149__TYPE_B:NIFTY:2026-04-16T11:05:53:LONG
2026-04-16,11:07:08,2026-04-16,11:07:33,NIFTY,SELL,TYPE_B,PASSIVE,HIT_BID,24319.25,24317.25,NIFTY21APR2624350PE,24350.0,PE,204.9,204.05,204.56,204.41,205.0,200.0,0.024426,0.024477,ws,ws,type_b_ladder,type_b_ladder,False,False,0.3429,-0.36,65,-55.25,strategy_S9-149__TYPE_B:NIFTY:2026-04-16T11:07:08:SHORT
2026-04-16,11:07:50,2026-04-16,11:08:15,NIFTY,SELL,TYPE_B,PASSIVE,HIT_BID,24310.05,24310.0,NIFTY21APR2624350PE,24350.0,PE,206.2,208.8,206.16,208.96,210.0,205.0,0.024272,0.023921,ws,ws,type_b_ladder,type_b_ladder,False,False,0.0444,-0.162,65,169.0,strategy_S9-149__TYPE_B:NIFTY:2026-04-16T11:07:50:SHORT
2026-04-16,11:08:37,2026-04-16,11:08:58,NIFTY,BUY,TYPE_B,PASSIVE,HIT_BID,24320.65,24328.85,NIFTY21APR2624300CE,24300.0,CE,192.9,194.1,192.67,194.32,195.0,190.0,0.025944,0.025733,ws,ws,type_b_ladder,type_b_ladder,False,False,0.2333,-0.2222,65,78.0,strategy_S9-149__TYPE_B:NIFTY:2026-04-16T11:08:37:LONG
2026-04-16,11:09:10,2026-04-16,11:09:22,NIFTY,BUY,TYPE_B,PASSIVE,HIT_BID,24333.2,24331.35,NIFTY21APR2624300CE,24300.0,CE,195.4,195.15,195.2,195.2,200.0,195.0,0.025605,0.025615,ws,ws,type_b_ladder,type_b_ladder,False,False,0.2,-0.0455,65,-16.25,strategy_S9-149__TYPE_B:NIFTY:2026-04-16T11:09:10:LONG
2026-04-16,11:09:43,2026-04-16,11:11:15,NIFTY,SELL,TYPE_B,PASSIVE,HIT_BID,24326.3,24310.7,NIFTY21APR2624350PE,24350.0,PE,203.4,207.4,202.94,207.57,205.0,205.0,0.024612,0.024082,ws,ws,type_b_ladder,type_b_ladder,False,False,0.4615,-0.1687,65,260.0,strategy_S9-149__TYPE_B:NIFTY:2026-04-16T11:09:43:SHORT
2026-04-16,11:12:40,2026-04-16,11:13:17,NIFTY,SELL,TYPE_B,PASSIVE,HIT_BID,24312.15,24307.0,NIFTY21APR2624350PE,24350.0,PE,209.9,211.4,209.86,211.66,210.0,210.0,0.023844,0.023627,ws,ws,type_b_ladder,type_b_ladder,False,False,0.0444,-0.2625,65,97.5,strategy_S9-149__TYPE_B:NIFTY:2026-04-16T11:12:40:SHORT
2026-04-16,11:13:21,2026-04-16,11:13:47,NIFTY,BUY,TYPE_B,PASSIVE,HIT_BID,24308.6,24313.4,NIFTY21APR2624300CE,24300.0,CE,187.4,187.0,187.15,187.28,190.0,185.0,0.026709,0.026717,ws,ws,type_b_ladder,type_b_ladder,False,False,0.25,-0.2821,65,-26.0,strategy_S9-149__TYPE_B:NIFTY:2026-04-16T11:13:21:LONG
2026-04-16,11:14:27,2026-04-16,11:14:33,NIFTY,BUY,TYPE_B,PASSIVE,HIT_BID,24316.65,24314.15,NIFTY21APR2624300CE,24300.0,CE,187.5,187.4,187.3,187.47,190.0,185.0,0.026688,0.026667,ws,ws,type_b_ladder,type_b_ladder,False,False,0.2,-0.0667,65,-6.5,strategy_S9-149__TYPE_B:NIFTY:2026-04-16T11:14:27:LONG
2026-04-16,11:15:08,2026-04-16,11:15:15,NIFTY,BUY,TYPE_B,PASSIVE,HIT_BID,24317.3,24318.3,NIFTY21APR2624300CE,24300.0,CE,189.65,188.8,189.49,188.96,190.0,185.0,0.026389,0.026455,ws,ws,type_b_ladder,type_b_ladder,False,False,0.1556,-0.1571,65,-55.25,strategy_S9-149__TYPE_B:NIFTY:2026-04-16T11:15:08:LONG
2026-04-16,11:15:41,2026-04-16,11:16:10,NIFTY,SELL,TYPE_B,PASSIVE,HIT_BID,24315.2,24304.25,NIFTY21APR2624350PE,24350.0,PE,210.0,214.2,209.94,214.26,210.0,210.0,0.023829,0.023318,ws,ws,type_b_ladder,type_b_ladder,False,False,0.0636,-0.0643,65,273.0,strategy_S9-149__TYPE_B:NIFTY:2026-04-16T11:15:41:SHORT
2026-04-16,11:16:53,2026-04-16,11:16:56,NIFTY,BUY,TYPE_B,PASSIVE,HIT_BID,24305.35,24303.95,NIFTY21APR2624300CE,24300.0,CE,184.55,183.05,184.53,183.38,185.0,180.0,0.027097,0.027285,ws,ws,type_b_ladder,type_b_ladder,False,False,0.025,-0.3294,65,-97.5,strategy_S9-149__TYPE_B:NIFTY:2026-04-16T11:16:53:LONG
2026-04-16,11:17:02,2026-04-16,11:17:19,NIFTY,SELL,TYPE_B,PASSIVE,HIT_BID,24296.8,24299.95,NIFTY21APR2624300PE,24300.0,PE,194.85,192.2,194.43,192.54,195.0,190.0,0.02569,0.025984,ws,ws,type_b_ladder,type_b_ladder,False,False,0.4235,-0.3375,65,-172.25,strategy_S9-149__TYPE_B:NIFTY:2026-04-16T11:17:02:SHORT
2026-04-16,11:17:41,2026-04-16,11:18:06,NIFTY,SELL,TYPE_B,PASSIVE,HIT_BID,24297.55,24298.15,NIFTY21APR2624300PE,24300.0,PE,193.6,194.15,193.21,194.24,195.0,190.0,0.025856,0.02573,ws,ws,type_b_ladder,type_b_ladder,False,False,0.3857,-0.0875,65,35.75,strategy_S9-149__TYPE_B:NIFTY:2026-04-16T11:17:41:SHORT
2026-04-16,11:18:10,2026-04-16,11:18:23,NIFTY,BUY,TYPE_B,PASSIVE,HIT_BID,24303.1,24302.3,NIFTY21APR2624300CE,24300.0,CE,183.8,183.3,183.65,183.33,185.0,180.0,0.027226,0.027255,ws,ws,type_b_ladder,type_b_ladder,False,False,0.15,-0.0316,65,-32.5,strategy_S9-149__TYPE_B:NIFTY:2026-04-16T11:18:10:LONG
2026-04-16,11:18:33,2026-04-16,11:18:48,NIFTY,BUY,TYPE_B,PASSIVE,HIT_BID,24307.15,24305.8,NIFTY21APR2624300CE,24300.0,CE,184.75,184.45,184.72,184.57,185.0,180.0,0.027071,0.027089,ws,ws,type_b_ladder,type_b_ladder,False,False,0.0333,-0.125,65,-19.5,strategy_S9-149__TYPE_B:NIFTY:2026-04-16T11:18:33:LONG
2026-04-16,11:19:11,2026-04-16,11:19:51,NIFTY,BUY,TYPE_B,PASSIVE,HIT_BID,24309.1,24317.6,NIFTY21APR2624300CE,24300.0,CE,185.2,187.0,185.15,187.02,190.0,185.0,0.027027,0.026709,ws,ws,type_b_ladder,type_b_ladder,False,False,0.0522,-0.0182,65,117.0,strategy_S9-149__TYPE_B:NIFTY:2026-04-16T11:19:11:LONG
2026-04-16,11:20:01,2026-04-16,11:20:12,NIFTY,BUY,TYPE_B,PASSIVE,HIT_BID,24319.85,24317.55,NIFTY21APR2624300CE,24300.0,CE,188.45,187.6,188.42,187.7,190.0,185.0,0.02656,0.026624,ws,ws,type_b_ladder,type_b_ladder,False,False,0.0308,-0.1,65,-55.25,strategy_S9-149__TYPE_B:NIFTY:2026-04-16T11:20:01:LONG
2026-04-16,11:20:40,2026-04-16,11:20:55,NIFTY,BUY,TYPE_B,PASSIVE,HIT_BID,24323.9,24323.7,NIFTY21APR2624300CE,24300.0,CE,189.75,188.6,189.69,188.89,190.0,185.0,0.026368,0.026483,ws,ws,type_b_ladder,type_b_ladder,False,False,0.0625,-0.2909,65,-74.75,strategy_S9-149__TYPE_B:NIFTY:2026-04-16T11:20:40:LONG
2026-04-16,11:22:14,2026-04-16,11:22:26,NIFTY,SELL,TYPE_B,PASSIVE,HIT_BID,24308.6,24306.25,NIFTY21APR2624350PE,24350.0,PE,209.75,209.0,209.56,209.28,210.0,205.0,0.023866,0.023898,ws,ws,type_b_ladder,type_b_ladder,False,False,0.1875,-0.2812,65,-48.75,strategy_S9-149__TYPE_B:NIFTY:2026-04-16T11:22:14:SHORT
2026-04-16,11:22:45,2026-04-16,11:23:08,NIFTY,SELL,TYPE_B,PASSIVE,HIT_BID,24302.75,24302.4,NIFTY21APR2624350PE,24350.0,PE,211.0,211.0,210.83,211.13,215.0,210.0,0.023708,0.023685,ws,ws,type_b_ladder,type_b_ladder,False,False,0.1684,-0.1333,65,0.0,strategy_S9-149__TYPE_B:NIFTY:2026-04-16T11:22:45:SHORT
2026-04-16,11:23:11,2026-04-16,11:23:24,NIFTY,SELL,TYPE_B,PASSIVE,HIT_BID,24297.9,24301.9,NIFTY21APR2624300PE,24300.0,PE,186.55,186.35,186.32,186.66,190.0,185.0,0.026824,0.026806,ws,ws,type_b_ladder,type_b_ladder,False,False,0.225,-0.3063,65,-13.0,strategy_S9-149__TYPE_B:NIFTY:2026-04-16T11:23:11:SHORT
2026-04-16,11:23:53,2026-04-16,11:24:00,NIFTY,SELL,TYPE_B,PASSIVE,HIT_BID,24295.8,24299.0,NIFTY21APR2624300PE,24300.0,PE,189.7,189.0,189.38,189.23,190.0,185.0,0.026382,0.026431,ws,ws,type_b_ladder,type_b_ladder,False,False,0.3167,-0.2333,65,-45.5,strategy_S9-149__TYPE_B:NIFTY:2026-04-16T11:23:53:SHORT
2026-04-16,11:24:26,2026-04-16,11:24:51,NIFTY,SELL,TYPE_B,PASSIVE,HIT_BID,24295.15,24298.0,NIFTY21APR2624300PE,24300.0,PE,189.3,191.3,189.24,191.4,190.0,190.0,0.026431,0.026123,ws,ws,type_b_ladder,type_b_ladder,False,False,0.0625,-0.1,65,130.0,strategy_S9-149__TYPE_B:NIFTY:2026-04-16T11:24:26:SHORT
2026-04-16,11:25:12,2026-04-16,11:25:17,NIFTY,SELL,TYPE_B,PASSIVE,HIT_BID,24296.3,24299.05,NIFTY21APR2624300PE,24300.0,PE,192.0,192.35,191.87,192.42,195.0,190.0,0.026069,0.025971,ws,ws,type_b_ladder,type_b_ladder,False,False,0.1333,-0.07,65,22.75,strategy_S9-149__TYPE_B:NIFTY:2026-04-16T11:25:12:SHORT
2026-04-16,11:26:04,2026-04-16,11:26:49,NIFTY,SELL,TYPE_B,PASSIVE,HIT_BID,24292.15,24286.9,NIFTY21APR2624300PE,24300.0,PE,196.0,201.45,195.6,201.58,200.0,200.0,0.02554,0.024811,ws,ws,type_b_ladder,type_b_ladder,False,False,0.4034,-0.1286,65,354.25,strategy_S9-149__TYPE_B:NIFTY:2026-04-16T11:26:04:SHORT
2026-04-16,11:32:50,2026-04-16,11:33:00,NIFTY,BUY,TYPE_B,PASSIVE,HIT_BID,24295.65,24296.55,NIFTY21APR2624250CE,24250.0,CE,205.3,205.2,205.12,205.57,210.0,205.0,0.024375,0.02434,ws,ws,type_b_ladder,type_b_ladder,False,False,0.175,-0.3682,65,-6.5,strategy_S9-149__TYPE_B:NIFTY:2026-04-16T11:32:50:LONG
2026-04-16,11:34:54,2026-04-16,11:35:00,NIFTY,BUY,TYPE_B,PASSIVE,HIT_BID,24300.85,24299.0,NIFTY21APR2624300CE,24300.0,CE,178.95,176.55,178.63,176.65,180.0,175.0,0.027968,0.028293,ws,ws,type_b_ladder,type_b_ladder,False,False,0.3167,-0.0972,65,-156.0,strategy_S9-149__TYPE_B:NIFTY:2026-04-16T11:34:54:LONG
2026-04-16,11:36:31,2026-04-16,11:36:38,NIFTY,BUY,TYPE_B,PASSIVE,HIT_BID,24300.15,24298.7,NIFTY21APR2624300CE,24300.0,CE,178.0,177.75,177.88,177.79,180.0,175.0,0.028114,0.02811,ws,ws,type_b_ladder,type_b_ladder,False,False,0.125,-0.0417,65,-16.25,strategy_S9-149__TYPE_B:NIFTY:2026-04-16T11:36:31:LONG
2026-04-16,11:37:00,2026-04-16,11:37:05,NIFTY,SELL,TYPE_B,PASSIVE,HIT_BID,24295.15,24297.65,NIFTY21APR2624300PE,24300.0,PE,194.4,194.15,194.11,194.3,195.0,190.0,0.025743,0.025733,ws,ws,type_b_ladder,type_b_ladder,False,False,0.2917,-0.15,65,-16.25,strategy_S9-149__TYPE_B:NIFTY:2026-04-16T11:37:00:SHORT
2026-04-16,11:37:22,2026-04-16,11:37:37,NIFTY,SELL,TYPE_B,PASSIVE,HIT_BID,24295.1,24295.05,NIFTY21APR2624300PE,24300.0,PE,195.15,195.4,195.09,195.6,200.0,195.0,0.025644,0.025569,ws,ws,type_b_ladder,type_b_ladder,False,False,0.0583,-0.2,65,16.25,strategy_S9-149__TYPE_B:NIFTY:2026-04-16T11:37:22:SHORT
2026-04-16,11:37:44,2026-04-16,11:38:21,NIFTY,SELL,TYPE_B,PASSIVE,HIT_BID,24292.35,24285.05,NIFTY21APR2624300PE,24300.0,PE,197.0,200.5,196.64,200.57,200.0,200.0,0.025407,0.024913,ws,ws,type_b_ladder,type_b_ladder,False,False,0.3551,-0.0727,65,227.5,strategy_S9-149__TYPE_B:NIFTY:2026-04-16T11:37:44:SHORT
2026-04-16,11:38:50,2026-04-16,11:38:57,NIFTY,SELL,TYPE_B,PASSIVE,HIT_BID,24279.85,24284.45,NIFTY21APR2624300PE,24300.0,PE,205.05,203.8,204.72,204.18,210.0,200.0,0.024411,0.024507,ws,ws,type_b_ladder,type_b_ladder,False,False,0.3273,-0.375,65,-81.25,strategy_S9-149__TYPE_B:NIFTY:2026-04-16T11:38:50:SHORT
2026-04-16,11:39:25,2026-04-16,11:39:49,NIFTY,SELL,TYPE_B,PASSIVE,HIT_BID,24272.2,24271.8,NIFTY21APR2624300PE,24300.0,PE,209.0,207.1,208.67,207.32,210.0,205.0,0.023946,0.024123,ws,ws,type_b_ladder,type_b_ladder,False,False,0.3298,-0.225,65,-123.5,strategy_S9-149__TYPE_B:NIFTY:2026-04-16T11:39:25:SHORT
2026-04-16,11:39:56,2026-04-16,11:40:08,NIFTY,BUY,TYPE_B,PASSIVE,HIT_BID,24280.2,24275.85,NIFTY21APR2624250CE,24250.0,CE,195.0,193.0,194.81,193.23,195.0,190.0,0.025671,0.025883,ws,ws,type_b_ladder,type_b_ladder,False,False,0.1929,-0.2333,65,-130.0,strategy_S9-149__TYPE_B:NIFTY:2026-04-16T11:39:56:LONG
2026-04-16,11:41:10,2026-04-16,11:41:12,NIFTY,SELL,TYPE_B,PASSIVE,HIT_BID,24270.75,24274.25,NIFTY21APR2624300PE,24300.0,PE,208.4,208.0,208.17,208.17,210.0,205.0,0.024015,0.024015,ws,ws,type_b_ladder,type_b_ladder,False,False,0.2286,-0.1714,65,-26.0,strategy_S9-149__TYPE_B:NIFTY:2026-04-16T11:41:10:SHORT
2026-04-16,11:41:20,2026-04-16,11:41:39,NIFTY,SELL,TYPE_B,PASSIVE,HIT_BID,24267.35,24266.6,NIFTY21APR2624300PE,24300.0,PE,209.6,207.7,209.34,207.77,210.0,205.0,0.023881,0.02405,ws,ws,type_b_ladder,type_b_ladder,False,False,0.2605,-0.0667,65,-123.5,strategy_S9-149__TYPE_B:NIFTY:2026-04-16T11:41:20:SHORT
2026-04-16,11:42:07,2026-04-16,11:43:03,NIFTY,SELL,TYPE_B,PASSIVE,HIT_BID,24265.55,24264.0,NIFTY21APR2624300PE,24300.0,PE,209.2,209.25,209.16,209.6,210.0,205.0,0.023923,0.023866,ws,ws,type_b_ladder,type_b_ladder,False,False,0.0444,-0.35,65,3.25,strategy_S9-149__TYPE_B:NIFTY:2026-04-16T11:42:07:SHORT
2026-04-16,11:43:42,2026-04-16,11:44:01,NIFTY,BUY,TYPE_B,PASSIVE,HIT_BID,24268.85,24264.85,NIFTY21APR2624250CE,24250.0,CE,191.35,190.3,191.02,190.55,195.0,190.0,0.026157,0.026254,ws,ws,type_b_ladder,type_b_ladder,False,False,0.3273,-0.25,65,-68.25,strategy_S9-149__TYPE_B:NIFTY:2026-04-16T11:43:42:LONG
2026-04-16,11:44:10,2026-04-16,11:44:35,NIFTY,SELL,TYPE_B,PASSIVE,HIT_BID,24262.2,24258.5,NIFTY21APR2624300PE,24300.0,PE,214.7,215.1,214.59,215.29,215.0,215.0,0.023305,0.023218,ws,ws,type_b_ladder,type_b_ladder,False,False,0.1125,-0.1923,65,26.0,strategy_S9-149__TYPE_B:NIFTY:2026-04-16T11:44:10:SHORT
2026-04-16,11:45:00,2026-04-16,11:46:30,NIFTY,SELL,TYPE_B,PASSIVE,HIT_BID,24254.3,24242.1,NIFTY21APR2624300PE,24300.0,PE,219.0,228.95,218.57,229.19,220.0,225.0,0.022855,0.02182,ws,ws,type_b_ladder,type_b_ladder,False,False,0.4297,-0.24,65,646.75,strategy_S9-149__TYPE_B:NIFTY:2026-04-16T11:45:00:SHORT
2026-04-16,11:46:51,2026-04-16,11:47:11,NIFTY,SELL,TYPE_B,PASSIVE,HIT_BID,24237.8,24229.2,NIFTY21APR2624250PE,24250.0,PE,208.0,209.5,207.9,209.52,210.0,205.0,0.02405,0.023861,ws,ws,type_b_ladder,type_b_ladder,False,False,0.1,-0.02,65,97.5,strategy_S9-149__TYPE_B:NIFTY:2026-04-16T11:46:51:SHORT
2026-04-16,11:47:35,2026-04-16,11:48:35,NIFTY,SELL,TYPE_B,PASSIVE,HIT_BID,24226.2,24219.25,NIFTY21APR2624250PE,24250.0,PE,213.0,212.7,212.65,212.82,215.0,210.0,0.023499,0.023493,ws,ws,type_b_ladder,type_b_ladder,False,False,0.3494,-0.125,65,-19.5,strategy_S9-149__TYPE_B:NIFTY:2026-04-16T11:47:35:SHORT
2026-04-16,11:48:53,2026-04-16,11:49:40,NIFTY,BUY,TYPE_B,PASSIVE,HIT_BID,24222.35,24242.3,NIFTY21APR2624200CE,24200.0,CE,199.8,206.0,199.55,206.19,200.0,205.0,0.025044,0.02426,ws,ws,type_b_ladder,type_b_ladder,False,False,0.25,-0.1939,65,403.0,strategy_S9-149__TYPE_B:NIFTY:2026-04-16T11:48:53:LONG
2026-04-16,11:49:52,2026-04-16,11:50:00,NIFTY,BUY,TYPE_B,PASSIVE,HIT_BID,24244.85,24241.2,NIFTY21APR2624200CE,24200.0,CE,207.65,204.55,207.32,204.62,210.0,200.0,0.024102,0.024423,ws,ws,type_b_ladder,type_b_ladder,False,False,0.3273,-0.07,65,-201.5,strategy_S9-149__TYPE_B:NIFTY:2026-04-16T11:49:52:LONG
2026-04-16,11:50:16,2026-04-16,11:50:37,NIFTY,SELL,TYPE_B,PASSIVE,HIT_BID,24237.1,24234.8,NIFTY21APR2624250PE,24250.0,PE,208.25,208.55,207.95,208.8,210.0,205.0,0.024033,0.023952,ws,ws,type_b_ladder,type_b_ladder,False,False,0.3,-0.25,65,19.5,strategy_S9-149__TYPE_B:NIFTY:2026-04-16T11:50:16:SHORT
2026-04-16,11:50:55,2026-04-16,11:51:14,NIFTY,SELL,TYPE_B,PASSIVE,HIT_BID,24230.4,24223.0,NIFTY21APR2624250PE,24250.0,PE,212.5,212.3,212.28,212.48,215.0,210.0,0.023554,0.023527,ws,ws,type_b_ladder,type_b_ladder,False,False,0.225,-0.18,65,-13.0,strategy_S9-149__TYPE_B:NIFTY:2026-04-16T11:50:55:SHORT
2026-04-16,11:52:10,2026-04-16,11:52:17,NIFTY,SELL,TYPE_B,PASSIVE,HIT_BID,24218.4,24221.75,NIFTY21APR2624250PE,24250.0,PE,212.7,211.3,212.32,211.41,215.0,210.0,0.023532,0.023638,ws,ws,type_b_ladder,type_b_ladder,False,False,0.3825,-0.1125,65,-91.0,strategy_S9-149__TYPE_B:NIFTY:2026-04-16T11:52:10:SHORT
2026-04-16,11:52:30,2026-04-16,11:52:51,NIFTY,BUY,TYPE_B,PASSIVE,HIT_BID,24229.7,24231.5,NIFTY21APR2624200CE,24200.0,CE,199.55,199.5,199.54,199.52,200.0,195.0,0.02506,0.02505,ws,ws,type_b_ladder,type_b_ladder,False,False,0.0063,-0.0222,65,-3.25,strategy_S9-149__TYPE_B:NIFTY:2026-04-16T11:52:30:LONG
2026-04-16,11:53:29,2026-04-16,11:53:41,NIFTY,BUY,TYPE_B,PASSIVE,HIT_BID,24234.7,24233.55,NIFTY21APR2624200CE,24200.0,CE,201.25,202.25,201.11,202.5,205.0,200.0,0.024866,0.024691,ws,ws,type_b_ladder,type_b_ladder,False,False,0.14,-0.25,65,65.0,strategy_S9-149__TYPE_B:NIFTY:2026-04-16T11:53:29:LONG
2026-04-16,11:54:10,2026-04-16,11:54:17,NIFTY,BUY,TYPE_B,PASSIVE,HIT_BID,24236.85,24234.15,NIFTY21APR2624200CE,24200.0,CE,203.1,202.9,203.07,203.2,205.0,200.0,0.024634,0.024618,ws,ws,type_b_ladder,type_b_ladder,False,False,0.025,-0.3,65,-13.0,strategy_S9-149__TYPE_B:NIFTY:2026-04-16T11:54:10:LONG
2026-04-16,11:54:26,2026-04-16,11:54:44,NIFTY,SELL,TYPE_B,PASSIVE,HIT_BID,24229.35,24228.7,NIFTY21APR2624250PE,24250.0,PE,208.0,205.0,207.66,205.1,210.0,205.0,0.024062,0.024372,ws,ws,type_b_ladder,type_b_ladder,False,False,0.3429,-0.1,65,-195.0,strategy_S9-149__TYPE_B:NIFTY:2026-04-16T11:54:26:SHORT
2026-04-16,11:54:50,2026-04-16,11:55:02,NIFTY,BUY,TYPE_B,PASSIVE,HIT_BID,24235.95,24235.1,NIFTY21APR2624200CE,24200.0,CE,203.0,202.1,202.7,202.24,205.0,200.0,0.024658,0.024722,ws,ws,type_b_ladder,type_b_ladder,False,False,0.3,-0.1385,65,-58.5,strategy_S9-149__TYPE_B:NIFTY:2026-04-16T11:54:50:LONG
2026-04-16,11:55:21,2026-04-16,11:55:36,NIFTY,SELL,TYPE_B,PASSIVE,HIT_BID,24231.35,24234.0,NIFTY21APR2624250PE,24250.0,PE,207.0,207.6,206.83,207.88,210.0,205.0,0.024178,0.024064,ws,ws,type_b_ladder,type_b_ladder,False,False,0.1714,-0.28,65,39.0,strategy_S9-149__TYPE_B:NIFTY:2026-04-16T11:55:21:SHORT
2026-04-16,11:55:46,2026-04-16,11:56:13,NIFTY,SELL,TYPE_B,PASSIVE,HIT_BID,24228.9,24226.9,NIFTY21APR2624250PE,24250.0,PE,209.0,212.15,208.94,212.47,210.0,210.0,0.023952,0.023549,ws,ws,type_b_ladder,type_b_ladder,False,False,0.0556,-0.3182,65,204.75,strategy_S9-149__TYPE_B:NIFTY:2026-04-16T11:55:46:SHORT
2026-04-16,11:56:53,2026-04-16,11:57:21,NIFTY,SELL,TYPE_B,PASSIVE,HIT_BID,24224.5,24220.85,NIFTY21APR2624250PE,24250.0,PE,215.0,215.85,214.88,216.08,215.0,215.0,0.023277,0.023151,ws,ws,type_b_ladder,type_b_ladder,False,False,0.125,-0.2273,65,55.25,strategy_S9-149__TYPE_B:NIFTY:2026-04-16T11:56:53:SHORT
2026-04-16,11:57:40,2026-04-16,11:58:23,NIFTY,SELL,TYPE_B,PASSIVE,HIT_BID,24216.7,24203.15,NIFTY21APR2624250PE,24250.0,PE,222.0,224.15,221.5,224.28,225.0,220.0,0.02255,0.022294,ws,ws,type_b_ladder,type_b_ladder,False,False,0.5013,-0.125,65,139.75,strategy_S9-149__TYPE_B:NIFTY:2026-04-16T11:57:40:SHORT
2026-04-16,11:58:51,2026-04-16,11:59:03,NIFTY,BUY,TYPE_B,PASSIVE,HIT_BID,24205.55,24203.95,NIFTY21APR2624200CE,24200.0,CE,191.7,191.3,191.25,191.63,195.0,190.0,0.02612,0.026106,ws,ws,type_b_ladder,type_b_ladder,False,False,0.4529,-0.3273,65,-26.0,strategy_S9-149__TYPE_B:NIFTY:2026-04-16T11:58:51:LONG
2026-04-16,11:59:10,2026-04-16,11:59:22,NIFTY,BUY,TYPE_B,PASSIVE,HIT_BID,24206.65,24208.2,NIFTY21APR2624200CE,24200.0,CE,192.45,191.5,192.25,191.7,195.0,190.0,0.026011,0.026082,ws,ws,type_b_ladder,type_b_ladder,False,False,0.1969,-0.2,65,-61.75,strategy_S9-149__TYPE_B:NIFTY:2026-04-16T11:59:10:LONG
2026-04-16,11:59:40,2026-04-16,12:00:28,NIFTY,SELL,TYPE_B,PASSIVE,HIT_BID,24204.8,24179.5,NIFTY21APR2624250PE,24250.0,PE,227.0,240.75,226.61,241.0,230.0,240.0,0.022048,0.020747,ws,ws,type_b_ladder,type_b_ladder,False,False,0.3867,-0.25,65,893.75,strategy_S9-149__TYPE_B:NIFTY:2026-04-16T11:59:40:SHORT
2026-04-16,12:00:45,2026-04-16,12:00:51,NIFTY,SELL,TYPE_B,PASSIVE,HIT_BID,24176.5,24181.25,NIFTY21APR2624200PE,24200.0,PE,216.85,216.3,216.76,216.51,220.0,215.0,0.023087,0.023103,ws,ws,type_b_ladder,type_b_ladder,False,False,0.0917,-0.2125,65,-35.75,strategy_S9-149__TYPE_B:NIFTY:2026-04-16T12:00:45:SHORT
2026-04-16,12:01:45,2026-04-16,12:02:06,NIFTY,SELL,TYPE_B,PASSIVE,HIT_BID,24174.6,24169.5,NIFTY21APR2624200PE,24200.0,PE,221.45,224.4,221.18,224.6,225.0,220.0,0.022601,0.022269,ws,ws,type_b_ladder,type_b_ladder,False,False,0.27,-0.2045,65,191.75,strategy_S9-149__TYPE_B:NIFTY:2026-04-16T12:01:45:SHORT
2026-04-16,12:02:22,2026-04-16,12:02:39,NIFTY,SELL,TYPE_B,PASSIVE,HIT_BID,24166.65,24168.2,NIFTY21APR2624200PE,24200.0,PE,226.75,224.15,226.51,224.31,230.0,220.0,0.02207,0.022279,ws,ws,type_b_ladder,type_b_ladder,False,False,0.24,-0.1571,65,-169.0,strategy_S9-149__TYPE_B:NIFTY:2026-04-16T12:02:22:SHORT
2026-04-16,12:03:19,2026-04-16,12:03:26,NIFTY,BUY,TYPE_B,PASSIVE,HIT_BID,24171.8,24169.15,NIFTY21APR2624150CE,24150.0,CE,204.1,203.75,204.07,204.08,205.0,200.0,0.024513,0.02451,ws,ws,type_b_ladder,type_b_ladder,False,False,0.0312,-0.3333,65,-22.75,strategy_S9-149__TYPE_B:NIFTY:2026-04-16T12:03:19:LONG
2026-04-16,12:04:18,2026-04-16,12:04:51,NIFTY,SELL,TYPE_B,PASSIVE,HIT_BID,24165.05,24161.5,NIFTY21APR2624200PE,24200.0,PE,227.05,228.55,226.95,228.56,230.0,225.0,0.022048,0.021856,ws,ws,type_b_ladder,type_b_ladder,False,False,0.1031,-0.0078,65,97.5,strategy_S9-149__TYPE_B:NIFTY:2026-04-16T12:04:18:SHORT
2026-04-16,12:05:06,2026-04-16,12:05:21,NIFTY,SELL,TYPE_B,PASSIVE,HIT_BID,24156.15,24157.3,NIFTY21APR2624200PE,24200.0,PE,228.95,227.7,228.58,227.79,230.0,225.0,0.021863,0.021937,ws,ws,type_b_ladder,type_b_ladder,False,False,0.3667,-0.09,65,-81.25,strategy_S9-149__TYPE_B:NIFTY:2026-04-16T12:05:06:SHORT
2026-04-16,12:05:40,2026-04-16,12:05:45,NIFTY,SELL,TYPE_B,PASSIVE,HIT_BID,24154.6,24156.85,NIFTY21APR2624200PE,24200.0,PE,228.5,226.35,228.26,226.43,230.0,225.0,0.021896,0.02207,ws,ws,type_b_ladder,type_b_ladder,False,False,0.24,-0.08,65,-139.75,strategy_S9-149__TYPE_B:NIFTY:2026-04-16T12:05:40:SHORT
2026-04-16,12:05:58,2026-04-16,12:06:11,NIFTY,BUY,TYPE_B,PASSIVE,HIT_BID,24159.95,24160.75,NIFTY21APR2624150CE,24150.0,CE,201.3,199.25,201.01,199.51,205.0,195.0,0.024863,0.025075,ws,ws,type_b_ladder,type_b_ladder,False,False,0.2857,-0.2571,65,-133.25,strategy_S9-149__TYPE_B:NIFTY:2026-04-16T12:05:58:LONG
2026-04-16,12:06:28,2026-04-16,12:06:52,NIFTY,BUY,TYPE_B,PASSIVE,HIT_BID,24163.95,24167.05,NIFTY21APR2624150CE,24150.0,CE,200.75,202.7,200.52,202.78,205.0,200.0,0.024928,0.024637,ws,ws,type_b_ladder,type_b_ladder,False,False,0.2333,-0.0769,65,126.75,strategy_S9-149__TYPE_B:NIFTY:2026-04-16T12:06:28:LONG
2026-04-16,12:07:34,2026-04-16,12:08:04,NIFTY,SELL,TYPE_B,PASSIVE,HIT_BID,24161.0,24156.85,NIFTY21APR2624200PE,24200.0,PE,227.2,228.95,226.79,229.18,230.0,225.0,0.022034,0.021817,ws,ws,type_b_ladder,type_b_ladder,False,False,0.4125,-0.225,65,113.75,strategy_S9-149__TYPE_B:NIFTY:2026-04-16T12:07:34:SHORT
2026-04-16,12:08:27,2026-04-16,12:08:33,NIFTY,SELL,TYPE_B,PASSIVE,HIT_BID,24153.8,24156.3,NIFTY21APR2624200PE,24200.0,PE,230.0,227.05,229.95,227.13,230.0,225.0,0.021741,0.021997,ws,ws,type_b_ladder,type_b_ladder,False,False,0.0474,-0.0769,65,-191.75,strategy_S9-149__TYPE_B:NIFTY:2026-04-16T12:08:27:SHORT
2026-04-16,12:08:51,2026-04-16,12:09:41,NIFTY,BUY,TYPE_B,PASSIVE,HIT_BID,24162.15,24174.05,NIFTY21APR2624150CE,24150.0,CE,197.55,201.55,197.51,201.72,200.0,200.0,0.025323,0.024777,ws,ws,type_b_ladder,type_b_ladder,False,False,0.04,-0.1667,65,260.0,strategy_S9-149__TYPE_B:NIFTY:2026-04-16T12:08:51:LONG
2026-04-16,12:09:50,2026-04-16,12:09:57,NIFTY,SELL,TYPE_B,PASSIVE,HIT_BID,24169.4,24173.95,NIFTY21APR2624200PE,24200.0,PE,220.0,217.65,219.7,217.85,220.0,215.0,0.022756,0.022949,ws,ws,type_b_ladder,type_b_ladder,False,False,0.3025,-0.2045,65,-152.75,strategy_S9-149__TYPE_B:NIFTY:2026-04-16T12:09:50:SHORT
2026-04-16,12:10:24,2026-04-16,12:10:31,NIFTY,BUY,TYPE_B,PASSIVE,HIT_BID,24175.9,24172.7,NIFTY21APR2624150CE,24150.0,CE,204.85,202.55,204.7,202.62,205.0,200.0,0.024426,0.024658,ws,ws,type_b_ladder,type_b_ladder,False,False,0.15,-0.075,65,-149.5,strategy_S9-149__TYPE_B:NIFTY:2026-04-16T12:10:24:LONG
2026-04-16,12:10:46,2026-04-16,12:11:58,NIFTY,BUY,TYPE_B,PASSIVE,HIT_BID,24175.5,24185.95,NIFTY21APR2624150CE,24150.0,CE,203.1,206.3,203.07,206.41,205.0,205.0,0.024646,0.02421,ws,ws,type_b_ladder,type_b_ladder,False,False,0.03,-0.1125,65,208.0,strategy_S9-149__TYPE_B:NIFTY:2026-04-16T12:10:46:LONG
2026-04-16,12:12:13,2026-04-16,12:12:22,NIFTY,BUY,TYPE_B,PASSIVE,HIT_BID,24188.2,24187.6,NIFTY21APR2624150CE,24150.0,CE,207.0,207.75,206.79,208.08,210.0,205.0,0.024172,0.024038,ws,ws,type_b_ladder,type_b_ladder,False,False,0.2143,-0.3333,65,48.75,strategy_S9-149__TYPE_B:NIFTY:2026-04-16T12:12:13:LONG
2026-04-16,12:12:32,2026-04-16,12:13:08,NIFTY,SELL,TYPE_B,PASSIVE,HIT_BID,24179.1,24175.35,NIFTY21APR2624200PE,24200.0,PE,214.5,217.05,214.35,217.09,215.0,215.0,0.023326,0.023015,ws,ws,type_b_ladder,type_b_ladder,False,False,0.15,-0.04,65,165.75,strategy_S9-149__TYPE_B:NIFTY:2026-04-16T12:12:32:SHORT
2026-04-16,12:13:50,2026-04-16,12:14:05,NIFTY,BUY,TYPE_B,PASSIVE,HIT_BID,24177.85,24179.35,NIFTY21APR2624150CE,24150.0,CE,205.45,206.3,205.23,206.44,210.0,205.0,0.024352,0.024216,ws,ws,type_b_ladder,type_b_ladder,False,False,0.2222,-0.14,65,55.25,strategy_S9-149__TYPE_B:NIFTY:2026-04-16T12:13:50:LONG
2026-04-16,12:14:30,2026-04-16,12:14:36,NIFTY,BUY,TYPE_B,PASSIVE,HIT_BID,24184.35,24183.1,NIFTY21APR2624150CE,24150.0,CE,207.9,207.85,207.42,208.05,210.0,205.0,0.024079,0.024027,ws,ws,type_b_ladder,type_b_ladder,False,False,0.4833,-0.2,65,-3.25,strategy_S9-149__TYPE_B:NIFTY:2026-04-16T12:14:30:LONG
2026-04-16,12:14:48,2026-04-16,12:14:59,NIFTY,BUY,TYPE_B,PASSIVE,HIT_BID,24187.0,24184.9,NIFTY21APR2624150CE,24150.0,CE,208.45,208.7,208.44,208.76,210.0,205.0,0.023995,0.023949,ws,ws,type_b_ladder,type_b_ladder,False,False,0.0115,-0.0563,65,16.25,strategy_S9-149__TYPE_B:NIFTY:2026-04-16T12:14:48:LONG
2026-04-16,12:15:53,2026-04-16,12:16:37,NIFTY,SELL,TYPE_B,PASSIVE,HIT_BID,24182.7,24172.65,NIFTY21APR2624200PE,24200.0,PE,213.35,215.9,213.29,216.12,215.0,215.0,0.02346,0.023135,ws,ws,type_b_ladder,type_b_ladder,False,False,0.0643,-0.225,65,165.75,strategy_S9-149__TYPE_B:NIFTY:2026-04-16T12:15:53:SHORT
2026-04-16,12:17:12,2026-04-16,12:17:25,NIFTY,SELL,TYPE_B,PASSIVE,HIT_BID,24171.0,24170.45,NIFTY21APR2624200PE,24200.0,PE,218.0,218.5,217.68,218.61,220.0,215.0,0.022954,0.02286,ws,ws,type_b_ladder,type_b_ladder,False,False,0.3221,-0.1125,65,32.5,strategy_S9-149__TYPE_B:NIFTY:2026-04-16T12:17:12:SHORT
2026-04-16,12:17:57,2026-04-16,12:18:31,NIFTY,SELL,TYPE_B,PASSIVE,HIT_BID,24164.6,24161.7,NIFTY21APR2624200PE,24200.0,PE,221.3,221.2,221.19,221.41,225.0,220.0,0.022619,0.022573,ws,ws,type_b_ladder,type_b_ladder,False,False,0.1111,-0.2143,65,-6.5,strategy_S9-149__TYPE_B:NIFTY:2026-04-16T12:17:57:SHORT
2026-04-16,12:18:49,2026-04-16,12:19:12,NIFTY,BUY,TYPE_B,PASSIVE,HIT_BID,24167.7,24173.8,NIFTY21APR2624150CE,24150.0,CE,204.0,205.65,203.73,205.99,205.0,205.0,0.024534,0.024287,ws,ws,type_b_ladder,type_b_ladder,False,False,0.2737,-0.3358,65,107.25,strategy_S9-149__TYPE_B:NIFTY:2026-04-16T12:18:49:LONG
2026-04-16,12:19:23,2026-04-16,12:19:26,NIFTY,BUY,TYPE_B,PASSIVE,HIT_BID,24176.45,24174.25,NIFTY21APR2624150CE,24150.0,CE,205.6,204.55,205.33,204.78,210.0,200.0,0.024346,0.024417,ws,ws,type_b_ladder,type_b_ladder,False,False,0.27,-0.225,65,-68.25,strategy_S9-149__TYPE_B:NIFTY:2026-04-16T12:19:23:LONG
2026-04-16,12:19:30,2026-04-16,12:19:43,NIFTY,SELL,TYPE_B,PASSIVE,HIT_BID,24171.5,24170.7,NIFTY21APR2624200PE,24200.0,PE,217.5,216.35,217.21,216.37,220.0,215.0,0.02301,0.023087,ws,ws,type_b_ladder,type_b_ladder,False,False,0.2909,-0.0237,65,-74.75,strategy_S9-149__TYPE_B:NIFTY:2026-04-16T12:19:30:SHORT
2026-04-16,12:19:52,2026-04-16,12:20:21,NIFTY,BUY,TYPE_B,PASSIVE,HIT_BID,24175.45,24180.85,NIFTY21APR2624150CE,24150.0,CE,205.1,206.15,204.94,206.2,210.0,205.0,0.024402,0.024228,ws,ws,type_b_ladder,type_b_ladder,False,False,0.16,-0.0529,65,68.25,strategy_S9-149__TYPE_B:NIFTY:2026-04-16T12:19:52:LONG
2026-04-16,12:20:41,2026-04-16,12:21:00,NIFTY,SELL,TYPE_B,PASSIVE,HIT_BID,24175.1,24176.85,NIFTY21APR2624200PE,24200.0,PE,214.5,214.55,214.13,214.64,215.0,210.0,0.023332,0.02328,ws,ws,type_b_ladder,type_b_ladder,False,False,0.3667,-0.09,65,3.25,strategy_S9-149__TYPE_B:NIFTY:2026-04-16T12:20:41:SHORT
2026-04-16,12:21:16,2026-04-16,12:21:26,NIFTY,SELL,TYPE_B,PASSIVE,HIT_BID,24174.65,24175.65,NIFTY21APR2624200PE,24200.0,PE,215.65,213.7,215.57,214.1,220.0,210.0,0.02321,0.02337,ws,ws,type_b_ladder,type_b_ladder,False,False,0.0818,-0.4,65,-126.75,strategy_S9-149__TYPE_B:NIFTY:2026-04-16T12:21:16:SHORT
2026-04-16,12:22:00,2026-04-16,12:22:13,NIFTY,BUY,TYPE_B,PASSIVE,HIT_BID,24178.85,24177.9,NIFTY21APR2624150CE,24150.0,CE,207.75,207.7,207.68,207.79,210.0,205.0,0.024085,0.024056,ws,ws,type_b_ladder,type_b_ladder,False,False,0.0667,-0.09,65,-3.25,strategy_S9-149__TYPE_B:NIFTY:2026-04-16T12:22:00:LONG
2026-04-16,12:22:20,2026-04-16,12:23:01,NIFTY,SELL,TYPE_B,PASSIVE,HIT_BID,24173.6,24169.65,NIFTY21APR2624200PE,24200.0,PE,214.9,217.2,214.79,217.38,215.0,215.0,0.023286,0.023007,ws,ws,type_b_ladder,type_b_ladder,False,False,0.1065,-0.1786,65,149.5,strategy_S9-149__TYPE_B:NIFTY:2026-04-16T12:22:20:SHORT
2026-04-16,12:23:10,2026-04-16,12:23:20,NIFTY,BUY,TYPE_B,PASSIVE,HIT_BID,24173.25,24172.35,NIFTY21APR2624150CE,24150.0,CE,203.55,203.45,203.48,203.63,205.0,200.0,0.024591,0.024552,ws,ws,type_b_ladder,type_b_ladder,False,False,0.0692,-0.1818,65,-6.5,strategy_S9-149__TYPE_B:NIFTY:2026-04-16T12:23:10:LONG
2026-04-16,12:23:30,2026-04-16,12:24:13,NIFTY,SELL,TYPE_B,PASSIVE,HIT_BID,24166.15,24157.3,NIFTY21APR2624200PE,24200.0,PE,220.6,224.35,220.35,224.46,225.0,220.0,0.022691,0.022262,ws,ws,type_b_ladder,type_b_ladder,False,False,0.25,-0.1111,65,243.75,strategy_S9-149__TYPE_B:NIFTY:2026-04-16T12:23:30:SHORT
2026-04-16,12:24:39,2026-04-16,12:24:45,NIFTY,SELL,TYPE_B,PASSIVE,HIT_BID,24153.4,24154.1,NIFTY21APR2624200PE,24200.0,PE,228.8,228.1,228.72,228.22,230.0,225.0,0.021879,0.021903,ws,ws,type_b_ladder,type_b_ladder,False,False,0.0825,-0.1167,65,-45.5,strategy_S9-149__TYPE_B:NIFTY:2026-04-16T12:24:39:SHORT
2026-04-16,12:25:35,2026-04-16,12:26:00,NIFTY,BUY,TYPE_B,PASSIVE,HIT_BID,24164.3,24164.4,NIFTY21APR2624150CE,24150.0,CE,201.45,201.1,201.12,201.12,205.0,200.0,0.024842,0.024848,ws,ws,type_b_ladder,type_b_ladder,False,False,0.3281,-0.0217,65,-22.75,strategy_S9-149__TYPE_B:NIFTY:2026-04-16T12:25:35:LONG
2026-04-16,12:26:18,2026-04-16,12:26:35,NIFTY,SELL,TYPE_B,PASSIVE,HIT_BID,24161.4,24162.1,NIFTY21APR2624200PE,24200.0,PE,223.65,220.9,223.59,221.22,225.0,220.0,0.022376,0.022609,ws,ws,type_b_ladder,type_b_ladder,False,False,0.0571,-0.3214,65,-178.75,strategy_S9-149__TYPE_B:NIFTY:2026-04-16T12:26:18:SHORT
2026-04-16,12:26:50,2026-04-16,12:26:57,NIFTY,BUY,TYPE_B,PASSIVE,HIT_BID,24168.9,24166.3,NIFTY21APR2624150CE,24150.0,CE,201.75,199.6,201.57,199.63,205.0,195.0,0.024805,0.025044,ws,ws,type_b_ladder,type_b_ladder,False,False,0.175,-0.0333,65,-139.75,strategy_S9-149__TYPE_B:NIFTY:2026-04-16T12:26:50:LONG
2026-04-16,12:27:14,2026-04-16,12:27:52,NIFTY,SELL,TYPE_B,PASSIVE,HIT_BID,24163.1,24161.7,NIFTY21APR2624200PE,24200.0,PE,223.65,222.0,223.26,222.26,225.0,220.0,0.022379,0.0225,ws,ws,type_b_ladder,type_b_ladder,False,False,0.3857,-0.2571,65,-107.25,strategy_S9-149__TYPE_B:NIFTY:2026-04-16T12:27:14:SHORT
2026-04-16,12:28:30,2026-04-16,12:28:43,NIFTY,SELL,TYPE_B,PASSIVE,HIT_BID,24160.55,24161.5,NIFTY21APR2624200PE,24200.0,PE,224.0,221.4,223.7,221.82,225.0,220.0,0.022336,0.022558,ws,ws,type_b_ladder,type_b_ladder,False,False,0.2975,-0.4167,65,-169.0,strategy_S9-149__TYPE_B:NIFTY:2026-04-16T12:28:30:SHORT
2026-04-16,12:29:01,2026-04-16,12:29:06,NIFTY,BUY,TYPE_B,PASSIVE,HIT_BID,24164.1,24162.2,NIFTY21APR2624150CE,24150.0,CE,199.75,198.2,199.67,198.25,200.0,195.0,0.025044,0.025221,ws,ws,type_b_ladder,type_b_ladder,False,False,0.08,-0.05,65,-100.75,strategy_S9-149__TYPE_B:NIFTY:2026-04-16T12:29:01:LONG
2026-04-16,12:30:21,2026-04-16,12:30:27,NIFTY,SELL,TYPE_B,PASSIVE,HIT_BID,24158.1,24162.55,NIFTY21APR2624200PE,24200.0,PE,226.35,221.75,226.33,222.02,230.0,220.0,0.022104,0.022528,ws,ws,type_b_ladder,type_b_ladder,False,False,0.0231,-0.2667,65,-299.0,strategy_S9-149__TYPE_B:NIFTY:2026-04-16T12:30:21:SHORT
2026-04-16,12:30:30,2026-04-16,12:30:37,NIFTY,BUY,TYPE_B,PASSIVE,HIT_BID,24165.4,24164.1,NIFTY21APR2624150CE,24150.0,CE,197.4,196.05,197.08,196.11,200.0,195.0,0.025352,0.025481,ws,ws,type_b_ladder,type_b_ladder,False,False,0.3208,-0.0583,65,-87.75,strategy_S9-149__TYPE_B:NIFTY:2026-04-16T12:30:30:LONG
2026-04-16,12:31:50,2026-04-16,12:32:25,NIFTY,BUY,TYPE_B,PASSIVE,HIT_BID,24162.3,24167.5,NIFTY21APR2624150CE,24150.0,CE,196.0,199.55,195.87,199.56,200.0,195.0,0.025533,0.025028,ws,ws,type_b_ladder,type_b_ladder,False,False,0.1273,-0.008,65,230.75,strategy_S9-149__TYPE_B:NIFTY:2026-04-16T12:31:50:LONG
2026-04-16,12:32:50,2026-04-16,12:32:56,NIFTY,SELL,TYPE_B,PASSIVE,HIT_BID,24162.65,24166.8,NIFTY21APR2624200PE,24200.0,PE,222.2,219.35,222.17,219.51,225.0,215.0,0.022523,0.022774,ws,ws,type_b_ladder,type_b_ladder,False,False,0.0333,-0.16,65,-185.25,strategy_S9-149__TYPE_B:NIFTY:2026-04-16T12:32:50:SHORT
2026-04-16,12:33:30,2026-04-16,12:33:40,NIFTY,SELL,TYPE_B,PASSIVE,HIT_BID,24152.7,24154.65,NIFTY21APR2624200PE,24200.0,PE,227.0,225.9,226.97,226.11,230.0,225.0,0.022034,0.022109,ws,ws,type_b_ladder,type_b_ladder,False,False,0.03,-0.2143,65,-71.5,strategy_S9-149__TYPE_B:NIFTY:2026-04-16T12:33:30:SHORT
2026-04-16,12:33:54,2026-04-16,12:33:58,NIFTY,BUY,TYPE_B,PASSIVE,HIT_BID,24158.45,24156.15,NIFTY21APR2624150CE,24150.0,CE,195.75,195.15,195.66,195.37,200.0,195.0,0.025562,0.025595,ws,ws,type_b_ladder,type_b_ladder,False,False,0.0857,-0.22,65,-39.0,strategy_S9-149__TYPE_B:NIFTY:2026-04-16T12:33:54:LONG
2026-04-16,12:34:40,2026-04-16,12:35:16,NIFTY,SELL,TYPE_B,PASSIVE,HIT_BID,24142.7,24139.4,NIFTY21APR2624150PE,24150.0,PE,204.95,206.0,204.8,206.1,205.0,205.0,0.02442,0.024263,ws,ws,type_b_ladder,type_b_ladder,False,False,0.1455,-0.101,65,68.25,strategy_S9-149__TYPE_B:NIFTY:2026-04-16T12:34:40:SHORT
2026-04-16,12:35:45,2026-04-16,12:35:55,NIFTY,BUY,TYPE_B,PASSIVE,HIT_BID,24144.05,24144.15,NIFTY21APR2624100CE,24100.0,CE,215.6,215.0,215.42,215.04,220.0,215.0,0.023207,0.023242,ws,ws,type_b_ladder,type_b_ladder,False,False,0.1846,-0.0417,65,-39.0,strategy_S9-149__TYPE_B:NIFTY:2026-04-16T12:35:45:LONG
2026-04-16,12:36:27,2026-04-16,12:36:31,NIFTY,SELL,TYPE_B,PASSIVE,HIT_BID,24136.9,24138.7,NIFTY21APR2624150PE,24150.0,PE,212.4,211.85,212.04,212.0,215.0,210.0,0.023568,0.023577,ws,ws,type_b_ladder,type_b_ladder,False,False,0.3571,-0.15,65,-35.75,strategy_S9-149__TYPE_B:NIFTY:2026-04-16T12:36:27:SHORT
2026-04-16,12:36:45,2026-04-16,12:37:09,NIFTY,SELL,TYPE_B,PASSIVE,HIT_BID,24135.55,24134.75,NIFTY21APR2624150PE,24150.0,PE,214.8,214.8,214.6,214.89,215.0,210.0,0.023299,0.023253,ws,ws,type_b_ladder,type_b_ladder,False,False,0.2,-0.09,65,0.0,strategy_S9-149__TYPE_B:NIFTY:2026-04-16T12:36:45:SHORT
2026-04-16,12:37:13,2026-04-16,12:37:38,NIFTY,BUY,TYPE_B,PASSIVE,HIT_BID,24136.3,24136.45,NIFTY21APR2624100CE,24100.0,CE,212.3,212.35,212.13,212.69,215.0,210.0,0.023568,0.023513,ws,ws,type_b_ladder,type_b_ladder,False,False,0.1688,-0.3375,65,3.25,strategy_S9-149__TYPE_B:NIFTY:2026-04-16T12:37:13:LONG
2026-04-16,12:38:20,2026-04-16,12:39:33,NIFTY,BUY,TYPE_B,PASSIVE,HIT_BID,24137.15,24154.3,NIFTY21APR2624100CE,24100.0,CE,214.75,219.1,214.57,219.15,215.0,215.0,0.023305,0.022795,ws,ws,type_b_ladder,type_b_ladder,False,False,0.1778,-0.0455,65,282.75,strategy_S9-149__TYPE_B:NIFTY:2026-04-16T12:38:20:LONG
2026-04-16,12:39:40,2026-04-16,12:39:48,NIFTY,SELL,TYPE_B,PASSIVE,HIT_BID,24152.7,24155.7,NIFTY21APR2624200PE,24200.0,PE,231.4,228.9,231.07,229.2,235.0,225.0,0.021631,0.02182,ws,ws,type_b_ladder,type_b_ladder,False,False,0.3333,-0.3,65,-162.5,strategy_S9-149__TYPE_B:NIFTY:2026-04-16T12:39:40:SHORT
2026-04-16,12:40:06,2026-04-16,12:40:18,NIFTY,BUY,TYPE_B,PASSIVE,HIT_BID,24160.0,24158.85,NIFTY21APR2624150CE,24150.0,CE,195.45,195.35,195.21,195.37,200.0,195.0,0.025611,0.025566,ws,ws,type_b_ladder,type_b_ladder,False,False,0.2357,-0.0153,65,-6.5,strategy_S9-149__TYPE_B:NIFTY:2026-04-16T12:40:06:LONG
2026-04-16,12:40:22,2026-04-16,12:40:47,NIFTY,SELL,TYPE_B,PASSIVE,HIT_BID,24154.55,24156.5,NIFTY21APR2624200PE,24200.0,PE,228.35,228.0,228.05,228.18,230.0,225.0,0.021918,0.021911,ws,ws,type_b_ladder,type_b_ladder,False,False,0.3,-0.1818,65,-22.75,strategy_S9-149__TYPE_B:NIFTY:2026-04-16T12:40:22:SHORT
2026-04-16,12:41:00,2026-04-16,12:41:06,NIFTY,BUY,TYPE_B,PASSIVE,HIT_BID,24158.85,24157.1,NIFTY21APR2624150CE,24150.0,CE,197.1,196.4,197.05,196.7,200.0,195.0,0.025394,0.025436,ws,ws,type_b_ladder,type_b_ladder,False,False,0.05,-0.3,65,-45.5,strategy_S9-149__TYPE_B:NIFTY:2026-04-16T12:41:00:LONG
2026-04-16,12:41:31,2026-04-16,12:41:52,NIFTY,BUY,TYPE_B,PASSIVE,HIT_BID,24160.45,24161.35,NIFTY21APR2624150CE,24150.0,CE,196.85,195.7,196.45,195.99,200.0,195.0,0.025429,0.025526,ws,ws,type_b_ladder,type_b_ladder,False,False,0.3971,-0.2917,65,-74.75,strategy_S9-149__TYPE_B:NIFTY:2026-04-16T12:41:31:LONG
2026-04-16,12:42:03,2026-04-16,12:42:16,NIFTY,SELL,TYPE_B,PASSIVE,HIT_BID,24158.5,24160.15,NIFTY21APR2624200PE,24200.0,PE,227.9,224.25,227.81,224.45,230.0,220.0,0.021961,0.022274,ws,ws,type_b_ladder,type_b_ladder,False,False,0.09,-0.2045,65,-237.25,strategy_S9-149__TYPE_B:NIFTY:2026-04-16T12:42:03:SHORT
2026-04-16,12:42:21,2026-04-16,12:42:46,NIFTY,BUY,TYPE_B,PASSIVE,HIT_BID,24164.7,24163.3,NIFTY21APR2624150CE,24150.0,CE,195.8,196.75,195.47,196.87,200.0,195.0,0.025559,0.025387,ws,ws,type_b_ladder,type_b_ladder,False,False,0.3348,-0.1176,65,61.75,strategy_S9-149__TYPE_B:NIFTY:2026-04-16T12:42:21:LONG
2026-04-16,12:42:51,2026-04-16,12:43:20,NIFTY,BUY,TYPE_B,PASSIVE,HIT_BID,24166.05,24167.3,NIFTY21APR2624150CE,24150.0,CE,197.85,197.0,197.58,197.26,200.0,195.0,0.025291,0.025355,ws,ws,type_b_ladder,type_b_ladder,False,False,0.2667,-0.2605,65,-55.25,strategy_S9-149__TYPE_B:NIFTY:2026-04-16T12:42:51:LONG
2026-04-16,12:44:22,2026-04-16,12:45:00,NIFTY,SELL,TYPE_B,PASSIVE,HIT_BID,24158.1,24140.8,NIFTY21APR2624200PE,24200.0,PE,224.35,232.1,224.27,232.28,225.0,230.0,0.022306,0.021519,ws,ws,type_b_ladder,type_b_ladder,False,False,0.08,-0.1818,65,503.75,strategy_S9-149__TYPE_B:NIFTY:2026-04-16T12:44:22:SHORT
2026-04-16,12:45:37,2026-04-16,12:45:45,NIFTY,SELL,TYPE_B,PASSIVE,HIT_BID,24130.9,24134.3,NIFTY21APR2624150PE,24150.0,PE,209.7,209.15,209.59,209.26,210.0,205.0,0.023866,0.023878,ws,ws,type_b_ladder,type_b_ladder,False,False,0.1091,-0.1111,65,-35.75,strategy_S9-149__TYPE_B:NIFTY:2026-04-16T12:45:37:SHORT
2026-04-16,12:46:14,2026-04-16,12:46:53,NIFTY,BUY,TYPE_B,PASSIVE,HIT_BID,24145.9,24151.3,NIFTY21APR2624100CE,24100.0,CE,218.5,219.2,218.31,219.34,220.0,215.0,0.022907,0.022802,ws,ws,type_b_ladder,type_b_ladder,False,False,0.1929,-0.1393,65,45.5,strategy_S9-149__TYPE_B:NIFTY:2026-04-16T12:46:14:LONG
2026-04-16,12:47:11,2026-04-16,12:47:17,NIFTY,SELL,TYPE_B,PASSIVE,HIT_BID,24145.65,24149.3,NIFTY21APR2624150PE,24150.0,PE,203.9,203.15,203.69,203.38,205.0,200.0,0.024537,0.024585,ws,ws,type_b_ladder,type_b_ladder,False,False,0.2143,-0.225,65,-48.75,strategy_S9-149__TYPE_B:NIFTY:2026-04-16T12:47:11:SHORT
2026-04-16,12:47:22,2026-04-16,12:47:34,NIFTY,SELL,TYPE_B,PASSIVE,HIT_BID,24144.3,24145.75,NIFTY21APR2624150PE,24150.0,PE,204.75,205.15,204.39,205.2,205.0,205.0,0.024444,0.024355,ws,ws,type_b_ladder,type_b_ladder,False,False,0.3636,-0.05,65,26.0,strategy_S9-149__TYPE_B:NIFTY:2026-04-16T12:47:22:SHORT
2026-04-16,12:47:41,2026-04-16,12:48:11,NIFTY,SELL,TYPE_B,PASSIVE,HIT_BID,24140.25,24137.75,NIFTY21APR2624150PE,24150.0,PE,207.05,207.0,206.77,207.27,210.0,205.0,0.024169,0.024128,ws,ws,type_b_ladder,type_b_ladder,False,False,0.28,-0.2667,65,-3.25,strategy_S9-149__TYPE_B:NIFTY:2026-04-16T12:47:41:SHORT
2026-04-16,12:48:51,2026-04-16,12:49:01,NIFTY,SELL,TYPE_B,PASSIVE,HIT_BID,24135.8,24136.75,NIFTY21APR2624150PE,24150.0,PE,207.95,207.7,207.56,207.9,210.0,205.0,0.02407,0.02405,ws,ws,type_b_ladder,type_b_ladder,False,False,0.3937,-0.2,65,-16.25,strategy_S9-149__TYPE_B:NIFTY:2026-04-16T12:48:51:SHORT
2026-04-16,12:50:58,2026-04-16,12:51:17,NIFTY,SELL,TYPE_B,PASSIVE,HIT_BID,24133.35,24131.9,NIFTY21APR2624150PE,24150.0,PE,209.8,208.9,209.39,208.91,210.0,205.0,0.023858,0.023932,ws,ws,type_b_ladder,type_b_ladder,False,False,0.4071,-0.0125,65,-58.5,strategy_S9-149__TYPE_B:NIFTY:2026-04-16T12:50:58:SHORT
2026-04-16,12:51:47,2026-04-16,12:52:00,NIFTY,BUY,TYPE_B,PASSIVE,HIT_BID,24140.75,24142.3,NIFTY21APR2624100CE,24100.0,CE,214.0,213.05,213.78,213.46,215.0,210.0,0.023384,0.023444,ws,ws,type_b_ladder,type_b_ladder,False,False,0.2188,-0.4091,65,-61.75,strategy_S9-149__TYPE_B:NIFTY:2026-04-16T12:51:47:LONG
2026-04-16,12:52:48,2026-04-16,12:52:56,NIFTY,BUY,TYPE_B,PASSIVE,HIT_BID,24147.95,24146.5,NIFTY21APR2624100CE,24100.0,CE,215.6,215.45,215.35,215.61,220.0,215.0,0.023218,0.023186,ws,ws,type_b_ladder,type_b_ladder,False,False,0.25,-0.16,65,-9.75,strategy_S9-149__TYPE_B:NIFTY:2026-04-16T12:52:48:LONG
2026-04-16,12:53:10,2026-04-16,12:53:33,NIFTY,BUY,TYPE_B,PASSIVE,HIT_BID,24150.7,24155.0,NIFTY21APR2624150CE,24150.0,CE,190.25,191.55,190.11,191.7,195.0,190.0,0.026305,0.026076,ws,ws,type_b_ladder,type_b_ladder,False,False,0.14,-0.15,65,84.5,strategy_S9-149__TYPE_B:NIFTY:2026-04-16T12:53:10:LONG
2026-04-16,12:53:40,2026-04-16,12:54:50,NIFTY,SELL,TYPE_B,PASSIVE,HIT_BID,24150.1,24127.45,NIFTY21APR2624200PE,24200.0,PE,227.6,237.1,227.36,237.34,230.0,235.0,0.02199,0.021068,ws,ws,type_b_ladder,type_b_ladder,False,False,0.2423,-0.2357,65,617.5,strategy_S9-149__TYPE_B:NIFTY:2026-04-16T12:53:40:SHORT
2026-04-16,12:55:00,2026-04-16,12:55:18,NIFTY,SELL,TYPE_B,PASSIVE,HIT_BID,24122.75,24125.5,NIFTY21APR2624150PE,24150.0,PE,211.25,210.65,211.24,210.73,215.0,210.0,0.02368,0.023716,ws,ws,type_b_ladder,type_b_ladder,False,False,0.0125,-0.0808,65,-39.0,strategy_S9-149__TYPE_B:NIFTY:2026-04-16T12:55:00:SHORT
2026-04-16,12:56:11,2026-04-16,12:56:21,NIFTY,SELL,TYPE_B,PASSIVE,HIT_BID,24120.05,24122.2,NIFTY21APR2624150PE,24150.0,PE,214.35,213.8,214.2,213.92,215.0,210.0,0.023343,0.023362,ws,ws,type_b_ladder,type_b_ladder,False,False,0.15,-0.12,65,-35.75,strategy_S9-149__TYPE_B:NIFTY:2026-04-16T12:56:11:SHORT
2026-04-16,12:56:35,2026-04-16,12:56:59,NIFTY,BUY,TYPE_B,PASSIVE,HIT_BID,24125.6,24125.2,NIFTY21APR2624100CE,24100.0,CE,206.45,205.0,206.43,205.12,210.0,205.0,0.024231,0.024364,ws,ws,type_b_ladder,type_b_ladder,False,False,0.02,-0.1184,65,-94.25,strategy_S9-149__TYPE_B:NIFTY:2026-04-16T12:56:35:LONG
2026-04-16,12:57:33,2026-04-16,12:57:51,NIFTY,SELL,TYPE_B,PASSIVE,HIT_BID,24120.9,24120.55,NIFTY21APR2624150PE,24150.0,PE,213.95,212.15,213.87,212.23,215.0,210.0,0.023397,0.023543,ws,ws,type_b_ladder,type_b_ladder,False,False,0.0833,-0.0818,65,-117.0,strategy_S9-149__TYPE_B:NIFTY:2026-04-16T12:57:33:SHORT
2026-04-16,12:58:10,2026-04-16,12:58:20,NIFTY,BUY,TYPE_B,PASSIVE,HIT_BID,24127.8,24126.2,NIFTY21APR2624100CE,24100.0,CE,206.35,205.75,206.01,205.96,210.0,205.0,0.024257,0.024287,ws,ws,type_b_ladder,type_b_ladder,False,False,0.3375,-0.2143,65,-39.0,strategy_S9-149__TYPE_B:NIFTY:2026-04-16T12:58:10:LONG
2026-04-16,12:59:01,2026-04-16,12:59:31,NIFTY,BUY,TYPE_B,PASSIVE,HIT_BID,24130.3,24134.95,NIFTY21APR2624100CE,24100.0,CE,206.65,207.5,206.51,207.55,210.0,205.0,0.024219,0.024091,ws,ws,type_b_ladder,type_b_ladder,False,False,0.1391,-0.05,65,55.25,strategy_S9-149__TYPE_B:NIFTY:2026-04-16T12:59:01:LONG
2026-04-16,12:59:45,2026-04-16,13:00:56,NIFTY,BUY,TYPE_B,PASSIVE,HIT_BID,24137.8,24147.45,NIFTY21APR2624100CE,24100.0,CE,209.9,215.7,209.88,215.96,210.0,215.0,0.023841,0.023156,ws,ws,type_b_ladder,type_b_ladder,False,False,0.0159,-0.2625,65,377.0,strategy_S9-149__TYPE_B:NIFTY:2026-04-16T12:59:45:LONG
2026-04-16,13:01:01,2026-04-16,13:01:28,NIFTY,SELL,TYPE_B,PASSIVE,HIT_BID,24141.2,24141.45,NIFTY21APR2624150PE,24150.0,PE,203.4,204.05,203.27,204.23,205.0,200.0,0.024603,0.024477,ws,ws,type_b_ladder,type_b_ladder,False,False,0.1312,-0.18,65,42.25,strategy_S9-149__TYPE_B:NIFTY:2026-04-16T13:01:01:SHORT
2026-04-16,13:01:31,2026-04-16,13:01:35,NIFTY,SELL,TYPE_B,PASSIVE,HIT_BID,24138.7,24140.05,NIFTY21APR2624150PE,24150.0,PE,204.65,204.3,204.58,204.46,205.0,200.0,0.02445,0.024441,ws,ws,type_b_ladder,type_b_ladder,False,False,0.0667,-0.1571,65,-22.75,strategy_S9-149__TYPE_B:NIFTY:2026-04-16T13:01:31:SHORT
2026-04-16,13:03:09,2026-04-16,13:03:18,NIFTY,BUY,TYPE_B,PASSIVE,HIT_BID,24143.2,24140.45,NIFTY21APR2624100CE,24100.0,CE,212.55,211.4,212.51,211.54,215.0,210.0,0.023538,0.023643,ws,ws,type_b_ladder,type_b_ladder,False,False,0.0417,-0.1364,65,-74.75,strategy_S9-149__TYPE_B:NIFTY:2026-04-16T13:03:09:LONG
2026-04-16,13:03:34,2026-04-16,13:03:59,NIFTY,BUY,TYPE_B,PASSIVE,HIT_BID,24146.7,24150.3,NIFTY21APR2624100CE,24100.0,CE,214.8,217.2,214.46,217.58,215.0,215.0,0.023302,0.022996,ws,ws,type_b_ladder,type_b_ladder,False,False,0.3375,-0.3812,65,156.0,strategy_S9-149__TYPE_B:NIFTY:2026-04-16T13:03:34:LONG
2026-04-16,13:04:29,2026-04-16,13:04:37,NIFTY,SELL,TYPE_B,PASSIVE,HIT_BID,24144.7,24145.3,NIFTY21APR2624150PE,24150.0,PE,201.95,201.7,201.83,201.97,205.0,200.0,0.02478,0.024768,ws,ws,type_b_ladder,type_b_ladder,False,False,0.1167,-0.2692,65,-16.25,strategy_S9-149__TYPE_B:NIFTY:2026-04-16T13:04:29:SHORT
2026-04-16,13:05:01,2026-04-16,13:05:37,NIFTY,BUY,TYPE_B,PASSIVE,HIT_BID,24150.6,24154.5,NIFTY21APR2624150CE,24150.0,CE,189.7,190.0,189.44,190.33,190.0,190.0,0.026382,0.026288,ws,ws,type_b_ladder,type_b_ladder,False,False,0.2625,-0.3333,65,19.5,strategy_S9-149__TYPE_B:NIFTY:2026-04-16T13:05:01:LONG
2026-04-16,13:06:14,2026-04-16,13:06:46,NIFTY,SELL,TYPE_B,PASSIVE,HIT_BID,24151.05,24131.5,NIFTY21APR2624200PE,24200.0,PE,225.25,233.15,225.0,233.26,230.0,230.0,0.022222,0.021427,ws,ws,type_b_ladder,type_b_ladder,False,False,0.25,-0.1091,65,513.5,strategy_S9-149__TYPE_B:NIFTY:2026-04-16T13:06:14:SHORT
2026-04-16,13:07:07,2026-04-16,13:07:10,NIFTY,SELL,TYPE_B,PASSIVE,HIT_BID,24128.55,24131.35,NIFTY21APR2624150PE,24150.0,PE,206.2,205.0,206.09,205.11,210.0,205.0,0.024272,0.024366,ws,ws,type_b_ladder,type_b_ladder,False,False,0.1143,-0.1143,65,-78.0,strategy_S9-149__TYPE_B:NIFTY:2026-04-16T13:07:07:SHORT
2026-04-16,13:07:30,2026-04-16,13:07:43,NIFTY,SELL,TYPE_B,PASSIVE,HIT_BID,24126.9,24128.95,NIFTY21APR2624150PE,24150.0,PE,205.9,205.95,205.72,206.32,210.0,205.0,0.024316,0.024251,ws,ws,type_b_ladder,type_b_ladder,False,False,0.1833,-0.375,65,3.25,strategy_S9-149__TYPE_B:NIFTY:2026-04-16T13:07:30:SHORT
2026-04-16,13:09:00,2026-04-16,13:09:50,NIFTY,SELL,TYPE_B,PASSIVE,HIT_BID,24129.25,24120.15,NIFTY21APR2624150PE,24150.0,PE,206.45,210.25,206.05,210.51,210.0,210.0,0.024245,0.023753,ws,ws,type_b_ladder,type_b_ladder,False,False,0.4,-0.2647,65,247.0,strategy_S9-149__TYPE_B:NIFTY:2026-04-16T13:09:00:SHORT
2026-04-16,13:10:23,2026-04-16,13:10:28,NIFTY,BUY,TYPE_B,PASSIVE,HIT_BID,24121.4,24119.3,NIFTY21APR2624100CE,24100.0,CE,205.75,204.65,205.56,204.66,210.0,200.0,0.024328,0.024405,ws,ws,type_b_ladder,type_b_ladder,False,False,0.1929,-0.0064,65,-71.5,strategy_S9-149__TYPE_B:NIFTY:2026-04-16T13:10:23:LONG
2026-04-16,13:10:38,2026-04-16,13:11:11,NIFTY,SELL,TYPE_B,PASSIVE,HIT_BID,24117.3,24112.35,NIFTY21APR2624150PE,24150.0,PE,212.25,217.65,212.05,218.0,215.0,215.0,0.023577,0.022952,ws,ws,type_b_ladder,type_b_ladder,False,False,0.2,-0.35,65,351.0,strategy_S9-149__TYPE_B:NIFTY:2026-04-16T13:10:38:SHORT
2026-04-16,13:11:39,2026-04-16,13:12:18,NIFTY,BUY,TYPE_B,PASSIVE,HIT_BID,24116.85,24118.85,NIFTY21APR2624100CE,24100.0,CE,204.8,203.55,204.6,203.58,205.0,200.0,0.024438,0.024558,ws,ws,type_b_ladder,type_b_ladder,False,False,0.2,-0.0333,65,-81.25,strategy_S9-149__TYPE_B:NIFTY:2026-04-16T13:11:39:LONG
2026-04-16,13:12:26,2026-04-16,13:12:35,NIFTY,SELL,TYPE_B,PASSIVE,HIT_BID,24116.15,24116.6,NIFTY21APR2624150PE,24150.0,PE,215.8,214.75,215.63,214.81,220.0,210.0,0.023194,0.023259,ws,ws,type_b_ladder,type_b_ladder,False,False,0.1731,-0.0563,65,-68.25,strategy_S9-149__TYPE_B:NIFTY:2026-04-16T13:12:26:SHORT
2026-04-16,13:12:55,2026-04-16,13:12:59,NIFTY,BUY,TYPE_B,PASSIVE,HIT_BID,24122.85,24119.9,NIFTY21APR2624100CE,24100.0,CE,204.95,204.0,204.88,204.1,205.0,200.0,0.024417,0.024495,ws,ws,type_b_ladder,type_b_ladder,False,False,0.07,-0.1,65,-61.75,strategy_S9-149__TYPE_B:NIFTY:2026-04-16T13:12:55:LONG
2026-04-16,13:13:13,2026-04-16,13:13:21,NIFTY,BUY,TYPE_B,PASSIVE,HIT_BID,24123.15,24120.55,NIFTY21APR2624100CE,24100.0,CE,205.8,203.85,205.35,204.03,210.0,200.0,0.024325,0.024501,ws,ws,type_b_ladder,type_b_ladder,False,False,0.45,-0.18,65,-126.75,strategy_S9-149__TYPE_B:NIFTY:2026-04-16T13:13:13:LONG
2026-04-16,13:13:30,2026-04-16,13:13:44,NIFTY,BUY,TYPE_B,PASSIVE,HIT_BID,24123.5,24124.1,NIFTY21APR2624100CE,24100.0,CE,204.9,204.1,204.46,204.19,205.0,200.0,0.024432,0.024486,ws,ws,type_b_ladder,type_b_ladder,False,False,0.4423,-0.0857,65,-52.0,strategy_S9-149__TYPE_B:NIFTY:2026-04-16T13:13:30:LONG
2026-04-16,13:13:55,2026-04-16,13:14:10,NIFTY,SELL,TYPE_B,PASSIVE,HIT_BID,24117.8,24120.95,NIFTY21APR2624150PE,24150.0,PE,210.7,209.45,210.62,209.6,215.0,205.0,0.023756,0.023846,ws,ws,type_b_ladder,type_b_ladder,False,False,0.0818,-0.15,65,-81.25,strategy_S9-149__TYPE_B:NIFTY:2026-04-16T13:13:55:SHORT
2026-04-16,13:15:30,2026-04-16,13:16:02,NIFTY,BUY,TYPE_B,PASSIVE,HIT_BID,24122.6,24123.7,NIFTY21APR2624100CE,24100.0,CE,202.95,203.95,202.53,204.01,205.0,200.0,0.024664,0.024504,ws,ws,type_b_ladder,type_b_ladder,False,False,0.4154,-0.0571,65,65.0,strategy_S9-149__TYPE_B:NIFTY:2026-04-16T13:15:30:LONG
2026-04-16,13:16:37,2026-04-16,13:16:49,NIFTY,BUY,TYPE_B,PASSIVE,HIT_BID,24124.1,24122.15,NIFTY21APR2624100CE,24100.0,CE,202.2,201.3,201.82,201.32,205.0,200.0,0.024756,0.024832,ws,ws,type_b_ladder,type_b_ladder,False,False,0.378,-0.0167,65,-58.5,strategy_S9-149__TYPE_B:NIFTY:2026-04-16T13:16:37:LONG
2026-04-16,13:17:10,2026-04-16,13:17:31,NIFTY,SELL,TYPE_B,PASSIVE,HIT_BID,24118.15,24114.9,NIFTY21APR2624150PE,24150.0,PE,213.25,213.6,213.12,214.03,215.0,210.0,0.023466,0.023381,ws,ws,type_b_ladder,type_b_ladder,False,False,0.1273,-0.4286,65,22.75,strategy_S9-149__TYPE_B:NIFTY:2026-04-16T13:17:10:SHORT
2026-04-16,13:17:42,2026-04-16,13:18:18,NIFTY,BUY,TYPE_B,PASSIVE,HIT_BID,24120.55,24129.3,NIFTY21APR2624100CE,24100.0,CE,200.8,203.6,200.71,203.77,205.0,200.0,0.024913,0.024534,ws,ws,type_b_ladder,type_b_ladder,False,False,0.0857,-0.1714,65,182.0,strategy_S9-149__TYPE_B:NIFTY:2026-04-16T13:17:42:LONG
2026-04-16,13:18:40,2026-04-16,13:18:57,NIFTY,BUY,TYPE_B,PASSIVE,HIT_BID,24132.35,24131.3,NIFTY21APR2624100CE,24100.0,CE,205.0,204.05,204.72,204.3,205.0,200.0,0.02442,0.024486,ws,ws,type_b_ladder,type_b_ladder,False,False,0.2812,-0.2538,65,-61.75,strategy_S9-149__TYPE_B:NIFTY:2026-04-16T13:18:40:LONG
2026-04-16,13:19:00,2026-04-16,13:19:09,NIFTY,SELL,TYPE_B,PASSIVE,HIT_BID,24130.3,24131.95,NIFTY21APR2624150PE,24150.0,PE,208.35,206.65,207.97,206.81,210.0,205.0,0.024024,0.024175,ws,ws,type_b_ladder,type_b_ladder,False,False,0.3789,-0.1556,65,-110.5,strategy_S9-149__TYPE_B:NIFTY:2026-04-16T13:19:00:SHORT
2026-04-16,13:19:24,2026-04-16,13:19:33,NIFTY,BUY,TYPE_B,PASSIVE,HIT_BID,24137.85,24134.9,NIFTY21APR2624100CE,24100.0,CE,208.0,205.75,207.59,205.9,210.0,205.0,0.024064,0.024275,ws,ws,type_b_ladder,type_b_ladder,False,False,0.41,-0.15,65,-146.25,strategy_S9-149__TYPE_B:NIFTY:2026-04-16T13:19:24:LONG
2026-04-16,13:20:02,2026-04-16,13:20:05,NIFTY,BUY,TYPE_B,PASSIVE,HIT_BID,24138.5,24136.15,NIFTY21APR2624100CE,24100.0,CE,207.45,206.55,207.38,206.9,210.0,205.0,0.024131,0.024184,ws,ws,type_b_ladder,type_b_ladder,False,False,0.0667,-0.35,65,-58.5,strategy_S9-149__TYPE_B:NIFTY:2026-04-16T13:20:02:LONG
2026-04-16,13:20:13,2026-04-16,13:20:23,NIFTY,BUY,TYPE_B,PASSIVE,HIT_BID,24140.7,24136.6,NIFTY21APR2624100CE,24100.0,CE,208.2,206.0,208.19,206.28,210.0,205.0,0.024021,0.024254,ws,ws,type_b_ladder,type_b_ladder,False,False,0.0118,-0.2765,65,-143.0,strategy_S9-149__TYPE_B:NIFTY:2026-04-16T13:20:13:LONG
2026-04-16,13:20:40,2026-04-16,13:20:58,NIFTY,SELL,TYPE_B,PASSIVE,HIT_BID,24130.8,24133.15,NIFTY21APR2624150PE,24150.0,PE,207.0,206.5,206.76,206.63,210.0,205.0,0.024181,0.02419,ws,ws,type_b_ladder,type_b_ladder,False,False,0.2382,-0.1333,65,-32.5,strategy_S9-149__TYPE_B:NIFTY:2026-04-16T13:20:40:SHORT
2026-04-16,13:22:02,2026-04-16,13:22:34,NIFTY,BUY,TYPE_B,PASSIVE,HIT_BID,24136.1,24139.85,NIFTY21APR2624100CE,24100.0,CE,207.2,209.05,207.02,209.21,210.0,205.0,0.02416,0.023895,ws,ws,type_b_ladder,type_b_ladder,False,False,0.1842,-0.16,65,120.25,strategy_S9-149__TYPE_B:NIFTY:2026-04-16T13:22:02:LONG
2026-04-16,13:22:55,2026-04-16,13:24:25,NIFTY,SELL,TYPE_B,PASSIVE,HIT_BID,24133.75,24106.45,NIFTY21APR2624150PE,24150.0,PE,206.5,218.6,206.2,218.65,210.0,215.0,0.024239,0.022855,ws,ws,type_b_ladder,type_b_ladder,False,False,0.3,-0.0538,65,786.5,strategy_S9-149__TYPE_B:NIFTY:2026-04-16T13:22:55:SHORT
2026-04-16,13:25:10,2026-04-16,13:25:22,NIFTY,SELL,TYPE_B,PASSIVE,HIT_BID,24103.7,24106.45,NIFTY21APR2624150PE,24150.0,PE,223.35,219.45,223.11,219.49,225.0,215.0,0.022414,0.022769,ws,ws,type_b_ladder,type_b_ladder,False,False,0.2357,-0.0429,65,-253.5,strategy_S9-149__TYPE_B:NIFTY:2026-04-16T13:25:10:SHORT
2026-04-16,13:25:43,2026-04-16,13:25:53,NIFTY,BUY,TYPE_B,PASSIVE,HIT_BID,24111.2,24110.6,NIFTY21APR2624100CE,24100.0,CE,195.95,194.2,195.82,194.51,200.0,190.0,0.025546,0.025723,ws,ws,type_b_ladder,type_b_ladder,False,False,0.1286,-0.3063,65,-113.75,strategy_S9-149__TYPE_B:NIFTY:2026-04-16T13:25:43:LONG
2026-04-16,13:26:09,2026-04-16,13:26:23,NIFTY,BUY,TYPE_B,PASSIVE,HIT_BID,24113.1,24113.9,NIFTY21APR2624100CE,24100.0,CE,195.8,194.2,195.71,194.4,200.0,190.0,0.025562,0.02572,ws,ws,type_b_ladder,type_b_ladder,False,False,0.0923,-0.2,65,-104.0,strategy_S9-149__TYPE_B:NIFTY:2026-04-16T13:26:09:LONG
2026-04-16,13:26:31,2026-04-16,13:26:37,NIFTY,SELL,TYPE_B,PASSIVE,HIT_BID,24109.95,24112.2,NIFTY21APR2624150PE,24150.0,PE,220.0,218.35,219.77,218.55,220.0,215.0,0.022753,0.022873,ws,ws,type_b_ladder,type_b_ladder,False,False,0.2308,-0.2045,65,-107.25,strategy_S9-149__TYPE_B:NIFTY:2026-04-16T13:26:31:SHORT
2026-04-16,13:26:40,2026-04-16,13:26:52,NIFTY,SELL,TYPE_B,PASSIVE,HIT_BID,24109.85,24109.35,NIFTY21APR2624150PE,24150.0,PE,219.7,218.95,219.5,219.18,220.0,215.0,0.022774,0.022813,ws,ws,type_b_ladder,type_b_ladder,False,False,0.2,-0.225,65,-48.75,strategy_S9-149__TYPE_B:NIFTY:2026-04-16T13:26:40:SHORT
2026-04-16,13:27:05,2026-04-16,13:27:08,NIFTY,BUY,TYPE_B,PASSIVE,HIT_BID,24113.9,24109.5,NIFTY21APR2624100CE,24100.0,CE,192.2,191.25,192.12,191.4,195.0,190.0,0.026025,0.026123,ws,ws,type_b_ladder,type_b_ladder,False,False,0.075,-0.15,65,-61.75,strategy_S9-149__TYPE_B:NIFTY:2026-04-16T13:27:05:LONG
2026-04-16,13:27:40,2026-04-16,13:27:50,NIFTY,BUY,TYPE_B,PASSIVE,HIT_BID,24110.6,24108.2,NIFTY21APR2624100CE,24100.0,CE,192.15,191.45,191.92,191.56,195.0,190.0,0.026055,0.026096,ws,ws,type_b_ladder,type_b_ladder,False,False,0.2273,-0.1143,65,-45.5,strategy_S9-149__TYPE_B:NIFTY:2026-04-16T13:27:40:LONG
2026-04-16,13:28:00,2026-04-16,13:29:07,NIFTY,BUY,TYPE_B,PASSIVE,HIT_BID,24112.1,24120.8,NIFTY21APR2624100CE,24100.0,CE,193.95,197.7,193.86,197.79,195.0,195.0,0.02579,0.025272,ws,ws,type_b_ladder,type_b_ladder,False,False,0.09,-0.0875,65,243.75,strategy_S9-149__TYPE_B:NIFTY:2026-04-16T13:28:00:LONG
2026-04-16,13:29:36,2026-04-16,13:29:44,NIFTY,SELL,TYPE_B,PASSIVE,HIT_BID,24118.05,24120.5,NIFTY21APR2624150PE,24150.0,PE,215.35,214.4,215.22,214.78,220.0,210.0,0.02324,0.023296,ws,ws,type_b_ladder,type_b_ladder,False,False,0.1333,-0.375,65,-61.75,strategy_S9-149__TYPE_B:NIFTY:2026-04-16T13:29:36:SHORT
2026-04-16,13:29:53,2026-04-16,13:30:01,NIFTY,SELL,TYPE_B,PASSIVE,HIT_BID,24115.75,24117.75,NIFTY21APR2624150PE,24150.0,PE,216.15,215.05,216.08,215.1,220.0,215.0,0.023151,0.023232,ws,ws,type_b_ladder,type_b_ladder,False,False,0.07,-0.05,65,-71.5,strategy_S9-149__TYPE_B:NIFTY:2026-04-16T13:29:53:SHORT
2026-04-16,13:30:25,2026-04-16,13:30:32,NIFTY,BUY,TYPE_B,PASSIVE,HIT_BID,24123.25,24119.9,NIFTY21APR2624100CE,24100.0,CE,198.5,197.1,198.47,197.25,200.0,195.0,0.025211,0.025358,ws,ws,type_b_ladder,type_b_ladder,False,False,0.0318,-0.1465,65,-91.0,strategy_S9-149__TYPE_B:NIFTY:2026-04-16T13:30:25:LONG
2026-04-16,13:31:05,2026-04-16,13:31:23,NIFTY,SELL,TYPE_B,PASSIVE,HIT_BID,24116.55,24118.0,NIFTY21APR2624150PE,24150.0,PE,216.65,215.05,216.5,215.25,220.0,215.0,0.023095,0.023232,ws,ws,type_b_ladder,type_b_ladder,False,False,0.15,-0.2,65,-104.0,strategy_S9-149__TYPE_B:NIFTY:2026-04-16T13:31:05:SHORT
2026-04-16,13:31:47,2026-04-16,13:32:20,NIFTY,BUY,TYPE_B,PASSIVE,HIT_BID,24120.7,24124.05,NIFTY21APR2624100CE,24100.0,CE,197.95,198.6,197.92,198.65,200.0,195.0,0.025284,0.025154,ws,ws,type_b_ladder,type_b_ladder,False,False,0.0308,-0.0538,65,42.25,strategy_S9-149__TYPE_B:NIFTY:2026-04-16T13:31:47:LONG
2026-04-16,13:33:31,2026-04-16,13:33:40,NIFTY,SELL,TYPE_B,PASSIVE,HIT_BID,24120.75,24124.5,NIFTY21APR2624150PE,24150.0,PE,214.3,212.25,214.0,212.3,215.0,210.0,0.023354,0.023538,ws,ws,type_b_ladder,type_b_ladder,False,False,0.3,-0.05,65,-133.25,strategy_S9-149__TYPE_B:NIFTY:2026-04-16T13:33:31:SHORT
2026-04-16,13:33:53,2026-04-16,13:34:09,NIFTY,BUY,TYPE_B,PASSIVE,HIT_BID,24126.65,24125.8,NIFTY21APR2624100CE,24100.0,CE,198.65,201.05,198.64,201.32,200.0,200.0,0.025179,0.024848,ws,ws,type_b_ladder,type_b_ladder,False,False,0.01,-0.2667,65,156.0,strategy_S9-149__TYPE_B:NIFTY:2026-04-16T13:33:53:LONG
2026-04-16,13:34:11,2026-04-16,13:34:25,NIFTY,BUY,TYPE_B,PASSIVE,HIT_BID,24128.3,24125.65,NIFTY21APR2624100CE,24100.0,CE,201.1,199.1,201.04,199.17,205.0,195.0,0.024885,0.025082,ws,ws,type_b_ladder,type_b_ladder,False,False,0.0583,-0.0714,65,-130.0,strategy_S9-149__TYPE_B:NIFTY:2026-04-16T13:34:11:LONG
2026-04-16,13:34:34,2026-04-16,13:34:46,NIFTY,SELL,TYPE_B,PASSIVE,HIT_BID,24121.85,24125.55,NIFTY21APR2624150PE,24150.0,PE,211.0,210.95,210.81,211.11,215.0,210.0,0.023714,0.023683,ws,ws,type_b_ladder,type_b_ladder,False,False,0.1909,-0.1556,65,-3.25,strategy_S9-149__TYPE_B:NIFTY:2026-04-16T13:34:34:SHORT
2026-04-16,13:35:10,2026-04-16,13:35:35,NIFTY,SELL,TYPE_B,PASSIVE,HIT_BID,24121.35,24123.75,NIFTY21APR2624150PE,24150.0,PE,212.0,211.6,211.93,211.96,215.0,210.0,0.023593,0.023602,ws,ws,type_b_ladder,type_b_ladder,False,False,0.075,-0.3636,65,-26.0,strategy_S9-149__TYPE_B:NIFTY:2026-04-16T13:35:10:SHORT
2026-04-16,13:36:20,2026-04-16,13:36:27,NIFTY,BUY,TYPE_B,PASSIVE,HIT_BID,24125.35,24121.8,NIFTY21APR2624100CE,24100.0,CE,199.65,197.55,199.57,197.6,200.0,195.0,0.025063,0.025291,ws,ws,type_b_ladder,type_b_ladder,False,False,0.0818,-0.05,65,-136.5,strategy_S9-149__TYPE_B:NIFTY:2026-04-16T13:36:20:LONG
2026-04-16,13:37:27,2026-04-16,13:37:32,NIFTY,SELL,TYPE_B,PASSIVE,HIT_BID,24118.55,24121.9,NIFTY21APR2624150PE,24150.0,PE,214.7,212.2,214.64,212.41,215.0,210.0,0.023307,0.02354,ws,ws,type_b_ladder,type_b_ladder,False,False,0.0583,-0.2105,65,-162.5,strategy_S9-149__TYPE_B:NIFTY:2026-04-16T13:37:27:SHORT
2026-04-16,13:38:05,2026-04-16,13:38:10,NIFTY,SELL,TYPE_B,PASSIVE,HIT_BID,24118.1,24120.85,NIFTY21APR2624150PE,24150.0,PE,215.7,215.0,215.6,215.17,220.0,215.0,0.023202,0.023234,ws,ws,type_b_ladder,type_b_ladder,False,False,0.1,-0.1667,65,-45.5,strategy_S9-149__TYPE_B:NIFTY:2026-04-16T13:38:05:SHORT
2026-04-16,13:38:40,2026-04-16,13:38:43,NIFTY,SELL,TYPE_B,PASSIVE,HIT_BID,24119.05,24121.85,NIFTY21APR2624150PE,24150.0,PE,214.3,213.25,214.2,213.35,215.0,210.0,0.023354,0.023427,ws,ws,type_b_ladder,type_b_ladder,False,False,0.1,-0.0955,65,-68.25,strategy_S9-149__TYPE_B:NIFTY:2026-04-16T13:38:40:SHORT
2026-04-16,13:39:08,2026-04-16,13:39:18,NIFTY,BUY,TYPE_B,PASSIVE,HIT_BID,24123.85,24122.3,NIFTY21APR2624100CE,24100.0,CE,199.95,199.0,199.61,199.06,200.0,195.0,0.025028,0.02511,ws,ws,type_b_ladder,type_b_ladder,False,False,0.3408,-0.0625,65,-61.75,strategy_S9-149__TYPE_B:NIFTY:2026-04-16T13:39:08:LONG
2026-04-16,13:39:30,2026-04-16,13:39:44,NIFTY,BUY,TYPE_B,PASSIVE,HIT_BID,24125.3,24122.45,NIFTY21APR2624100CE,24100.0,CE,199.95,199.25,199.89,199.37,200.0,195.0,0.025034,0.025072,ws,ws,type_b_ladder,type_b_ladder,False,False,0.0643,-0.1167,65,-45.5,strategy_S9-149__TYPE_B:NIFTY:2026-04-16T13:39:30:LONG
2026-04-16,13:40:15,2026-04-16,13:40:26,NIFTY,SELL,TYPE_B,PASSIVE,HIT_BID,24122.7,24124.2,NIFTY21APR2624150PE,24150.0,PE,212.6,211.3,212.54,211.38,215.0,210.0,0.023535,0.023655,ws,ws,type_b_ladder,type_b_ladder,False,False,0.06,-0.075,65,-84.5,strategy_S9-149__TYPE_B:NIFTY:2026-04-16T13:40:15:SHORT
2026-04-16,13:41:00,2026-04-16,13:41:04,NIFTY,BUY,TYPE_B,PASSIVE,HIT_BID,24127.0,24124.05,NIFTY21APR2624100CE,24100.0,CE,199.45,199.15,199.4,199.22,200.0,195.0,0.025072,0.025082,ws,ws,type_b_ladder,type_b_ladder,False,False,0.0481,-0.0667,65,-19.5,strategy_S9-149__TYPE_B:NIFTY:2026-04-16T13:41:00:LONG
2026-04-16,13:41:11,2026-04-16,13:41:23,NIFTY,SELL,TYPE_B,PASSIVE,HIT_BID,24122.6,24124.6,NIFTY21APR2624150PE,24150.0,PE,212.55,212.0,212.43,212.2,215.0,210.0,0.023543,0.023557,ws,ws,type_b_ladder,type_b_ladder,False,False,0.1167,-0.2,65,-35.75,strategy_S9-149__TYPE_B:NIFTY:2026-04-16T13:41:11:SHORT
2026-04-16,13:41:30,2026-04-16,13:41:54,NIFTY,BUY,TYPE_B,PASSIVE,HIT_BID,24126.5,24130.6,NIFTY21APR2624100CE,24100.0,CE,202.2,203.2,201.97,203.24,205.0,200.0,0.024752,0.024585,ws,ws,type_b_ladder,type_b_ladder,False,False,0.225,-0.0438,65,65.0,strategy_S9-149__TYPE_B:NIFTY:2026-04-16T13:41:30:LONG
2026-04-16,13:42:16,2026-04-16,13:42:21,NIFTY,BUY,TYPE_B,PASSIVE,HIT_BID,24133.45,24131.3,NIFTY21APR2624100CE,24100.0,CE,204.95,204.3,204.9,204.34,205.0,200.0,0.024408,0.024447,ws,ws,type_b_ladder,type_b_ladder,False,False,0.05,-0.0375,65,-42.25,strategy_S9-149__TYPE_B:NIFTY:2026-04-16T13:42:16:LONG
2026-04-16,13:42:32,2026-04-16,13:42:57,NIFTY,BUY,TYPE_B,PASSIVE,HIT_BID,24134.85,24135.05,NIFTY21APR2624100CE,24100.0,CE,206.0,204.5,205.7,204.69,210.0,200.0,0.024292,0.024429,ws,ws,type_b_ladder,type_b_ladder,False,False,0.2956,-0.1909,65,-97.5,strategy_S9-149__TYPE_B:NIFTY:2026-04-16T13:42:32:LONG
2026-04-16,13:43:10,2026-04-16,13:43:41,NIFTY,BUY,TYPE_B,PASSIVE,HIT_BID,24135.6,24135.4,NIFTY21APR2624100CE,24100.0,CE,206.65,206.05,206.37,206.11,210.0,205.0,0.024219,0.024251,ws,ws,type_b_ladder,type_b_ladder,False,False,0.28,-0.0625,65,-39.0,strategy_S9-149__TYPE_B:NIFTY:2026-04-16T13:43:10:LONG
2026-04-16,13:44:14,2026-04-16,13:44:36,NIFTY,BUY,TYPE_B,PASSIVE,HIT_BID,24137.55,24136.9,NIFTY21APR2624100CE,24100.0,CE,207.75,208.05,207.48,208.38,210.0,205.0,0.024085,0.024012,ws,ws,type_b_ladder,type_b_ladder,False,False,0.2667,-0.3333,65,19.5,strategy_S9-149__TYPE_B:NIFTY:2026-04-16T13:44:14:LONG
2026-04-16,13:44:41,2026-04-16,13:44:53,NIFTY,SELL,TYPE_B,PASSIVE,HIT_BID,24136.1,24137.7,NIFTY21APR2624150PE,24150.0,PE,205.65,204.05,205.41,204.26,210.0,200.0,0.024331,0.024474,ws,ws,type_b_ladder,type_b_ladder,False,False,0.24,-0.2083,65,-104.0,strategy_S9-149__TYPE_B:NIFTY:2026-04-16T13:44:41:SHORT
2026-04-16,13:45:19,2026-04-16,13:45:44,NIFTY,BUY,TYPE_B,PASSIVE,HIT_BID,24141.9,24143.4,NIFTY21APR2624100CE,24100.0,CE,209.85,210.1,209.38,210.15,210.0,210.0,0.023855,0.023778,ws,ws,type_b_ladder,type_b_ladder,False,False,0.4722,-0.0467,65,16.25,strategy_S9-149__TYPE_B:NIFTY:2026-04-16T13:45:19:LONG
2026-04-16,13:46:12,2026-04-16,13:46:17,NIFTY,SELL,TYPE_B,PASSIVE,HIT_BID,24144.2,24146.35,NIFTY21APR2624150PE,24150.0,PE,199.6,198.55,199.3,198.67,200.0,195.0,0.025078,0.025154,ws,ws,type_b_ladder,type_b_ladder,False,False,0.3,-0.1184,65,-68.25,strategy_S9-149__TYPE_B:NIFTY:2026-04-16T13:46:12:SHORT
2026-04-16,13:46:31,2026-04-16,13:46:56,NIFTY,BUY,TYPE_B,PASSIVE,HIT_BID,24148.35,24148.4,NIFTY21APR2624100CE,24100.0,CE,212.3,212.65,212.15,212.97,215.0,210.0,0.023565,0.023491,ws,ws,type_b_ladder,type_b_ladder,False,False,0.15,-0.32,65,22.75,strategy_S9-149__TYPE_B:NIFTY:2026-04-16T13:46:31:LONG
2026-04-16,13:47:25,2026-04-16,13:47:42,NIFTY,SELL,TYPE_B,PASSIVE,HIT_BID,24145.85,24144.15,NIFTY21APR2624150PE,24150.0,PE,199.85,202.2,199.75,202.28,200.0,200.0,0.025047,0.024713,ws,ws,type_b_ladder,type_b_ladder,False,False,0.1038,-0.075,65,152.75,strategy_S9-149__TYPE_B:NIFTY:2026-04-16T13:47:25:SHORT
2026-04-16,13:48:13,2026-04-16,13:48:45,NIFTY,BUY,TYPE_B,PASSIVE,HIT_BID,24146.9,24147.05,NIFTY21APR2624100CE,24100.0,CE,211.3,211.95,211.26,212.05,215.0,210.0,0.02368,0.023574,ws,ws,type_b_ladder,type_b_ladder,False,False,0.04,-0.1,65,42.25,strategy_S9-149__TYPE_B:NIFTY:2026-04-16T13:48:13:LONG
2026-04-16,13:48:55,2026-04-16,13:49:16,NIFTY,BUY,TYPE_B,PASSIVE,HIT_BID,24149.8,24149.4,NIFTY21APR2624100CE,24100.0,CE,213.8,213.85,213.74,213.86,215.0,210.0,0.023392,0.023373,ws,ws,type_b_ladder,type_b_ladder,False,False,0.0636,-0.013,65,3.25,strategy_S9-149__TYPE_B:NIFTY:2026-04-16T13:48:55:LONG
2026-04-16,13:50:03,2026-04-16,13:51:21,NIFTY,BUY,TYPE_B,PASSIVE,HIT_BID,24152.45,24177.05,NIFTY21APR2624150CE,24150.0,CE,187.65,199.1,187.39,199.17,190.0,195.0,0.026677,0.0251,ws,ws,type_b_ladder,type_b_ladder,False,False,0.2571,-0.0667,65,744.25,strategy_S9-149__TYPE_B:NIFTY:2026-04-16T13:50:03:LONG
2026-04-16,13:51:46,2026-04-16,13:52:17,NIFTY,SELL,TYPE_B,PASSIVE,HIT_BID,24174.15,24166.45,NIFTY21APR2624200PE,24200.0,PE,206.9,210.7,206.71,210.8,210.0,210.0,0.02419,0.023708,ws,ws,type_b_ladder,type_b_ladder,False,False,0.1913,-0.1,65,247.0,strategy_S9-149__TYPE_B:NIFTY:2026-04-16T13:51:46:SHORT
2026-04-16,13:52:41,2026-04-16,13:52:48,NIFTY,SELL,TYPE_B,PASSIVE,HIT_BID,24163.5,24169.15,NIFTY21APR2624200PE,24200.0,PE,213.0,209.15,212.71,209.3,215.0,205.0,0.023491,0.023889,ws,ws,type_b_ladder,type_b_ladder,False,False,0.2942,-0.15,65,-250.25,strategy_S9-149__TYPE_B:NIFTY:2026-04-16T13:52:41:SHORT
2026-04-16,13:53:21,2026-04-16,13:53:25,NIFTY,SELL,TYPE_B,PASSIVE,HIT_BID,24162.9,24167.5,NIFTY21APR2624200PE,24200.0,PE,211.15,209.2,210.9,209.35,215.0,205.0,0.023699,0.023878,ws,ws,type_b_ladder,type_b_ladder,False,False,0.2516,-0.15,65,-126.75,strategy_S9-149__TYPE_B:NIFTY:2026-04-16T13:53:21:SHORT
2026-04-16,13:54:01,2026-04-16,13:54:16,NIFTY,BUY,TYPE_B,PASSIVE,HIT_BID,24171.55,24169.6,NIFTY21APR2624150CE,24150.0,CE,197.2,196.1,197.16,196.38,200.0,195.0,0.025381,0.025471,ws,ws,type_b_ladder,type_b_ladder,False,False,0.04,-0.28,65,-71.5,strategy_S9-149__TYPE_B:NIFTY:2026-04-16T13:54:01:LONG
2026-04-16,13:54:32,2026-04-16,13:55:02,NIFTY,BUY,TYPE_B,PASSIVE,HIT_BID,24172.9,24182.2,NIFTY21APR2624150CE,24150.0,CE,195.8,197.9,195.76,198.28,200.0,195.0,0.025566,0.025237,ws,ws,type_b_ladder,type_b_ladder,False,False,0.0409,-0.375,65,136.5,strategy_S9-149__TYPE_B:NIFTY:2026-04-16T13:54:32:LONG
2026-04-16,13:55:10,2026-04-16,13:55:22,NIFTY,SELL,TYPE_B,PASSIVE,HIT_BID,24178.95,24182.7,NIFTY21APR2624200PE,24200.0,PE,208.0,206.0,207.88,206.13,210.0,205.0,0.024047,0.02426,ws,ws,type_b_ladder,type_b_ladder,False,False,0.12,-0.1273,65,-130.0,strategy_S9-149__TYPE_B:NIFTY:2026-04-16T13:55:10:SHORT
2026-04-16,13:55:50,2026-04-16,13:56:08,NIFTY,SELL,TYPE_B,PASSIVE,HIT_BID,24184.05,24179.4,NIFTY21APR2624200PE,24200.0,PE,206.7,208.55,206.49,208.72,210.0,205.0,0.024204,0.023955,ws,ws,type_b_ladder,type_b_ladder,False,False,0.2083,-0.175,65,120.25,strategy_S9-149__TYPE_B:NIFTY:2026-04-16T13:55:50:SHORT
2026-04-16,13:56:35,2026-04-16,13:56:43,NIFTY,SELL,TYPE_B,PASSIVE,HIT_BID,24173.5,24175.8,NIFTY21APR2624200PE,24200.0,PE,209.6,208.55,209.39,208.71,210.0,205.0,0.023872,0.023952,ws,ws,type_b_ladder,type_b_ladder,False,False,0.2125,-0.16,65,-68.25,strategy_S9-149__TYPE_B:NIFTY:2026-04-16T13:56:35:SHORT
2026-04-16,13:57:40,2026-04-16,13:57:45,NIFTY,BUY,TYPE_B,PASSIVE,HIT_BID,24187.55,24184.8,NIFTY21APR2624150CE,24150.0,CE,197.35,196.0,197.31,196.23,200.0,195.0,0.025349,0.025491,ws,ws,type_b_ladder,type_b_ladder,False,False,0.04,-0.2318,65,-87.75,strategy_S9-149__TYPE_B:NIFTY:2026-04-16T13:57:40:LONG
2026-04-16,13:57:50,2026-04-16,13:58:02,NIFTY,SELL,TYPE_B,PASSIVE,HIT_BID,24181.75,24177.3,NIFTY21APR2624200PE,24200.0,PE,208.0,208.15,207.91,208.29,210.0,205.0,0.024059,0.02401,ws,ws,type_b_ladder,type_b_ladder,False,False,0.0875,-0.1429,65,9.75,strategy_S9-149__TYPE_B:NIFTY:2026-04-16T13:57:50:SHORT
2026-04-16,13:58:12,2026-04-16,13:58:15,NIFTY,BUY,TYPE_B,PASSIVE,HIT_BID,24185.8,24181.5,NIFTY21APR2624150CE,24150.0,CE,197.7,195.0,197.5,195.14,200.0,195.0,0.025313,0.025628,ws,ws,type_b_ladder,type_b_ladder,False,False,0.1969,-0.1371,65,-175.5,strategy_S9-149__TYPE_B:NIFTY:2026-04-16T13:58:12:LONG
2026-04-16,13:58:30,2026-04-16,13:58:58,NIFTY,SELL,TYPE_B,PASSIVE,HIT_BID,24172.0,24169.4,NIFTY21APR2624200PE,24200.0,PE,208.45,210.3,208.35,210.64,210.0,210.0,0.023998,0.023745,ws,ws,type_b_ladder,type_b_ladder,False,False,0.1,-0.3438,65,120.25,strategy_S9-149__TYPE_B:NIFTY:2026-04-16T13:58:30:SHORT
2026-04-16,13:59:10,2026-04-16,13:59:37,NIFTY,BUY,TYPE_B,PASSIVE,HIT_BID,24174.0,24180.95,NIFTY21APR2624150CE,24150.0,CE,194.05,197.0,193.96,197.19,195.0,195.0,0.025773,0.025358,ws,ws,type_b_ladder,type_b_ladder,False,False,0.0889,-0.1909,65,191.75,strategy_S9-149__TYPE_B:NIFTY:2026-04-16T13:59:10:LONG
2026-04-16,14:00:44,2026-04-16,14:00:51,NIFTY,SELL,TYPE_B,PASSIVE,HIT_BID,24178.45,24177.55,NIFTY21APR2624200PE,24200.0,PE,208.3,207.7,208.18,208.04,210.0,205.0,0.024018,0.024047,ws,ws,type_b_ladder,type_b_ladder,False,False,0.125,-0.3375,65,-39.0,strategy_S9-149__TYPE_B:NIFTY:2026-04-16T14:00:44:SHORT
2026-04-16,14:01:30,2026-04-16,14:01:41,NIFTY,SELL,TYPE_B,PASSIVE,HIT_BID,24177.7,24179.75,NIFTY21APR2624200PE,24200.0,PE,206.05,204.0,206.0,204.25,210.0,200.0,0.024278,0.024495,ws,ws,type_b_ladder,type_b_ladder,False,False,0.05,-0.2461,65,-133.25,strategy_S9-149__TYPE_B:NIFTY:2026-04-16T14:01:30:SHORT
2026-04-16,14:01:55,2026-04-16,14:02:10,NIFTY,SELL,TYPE_B,PASSIVE,HIT_BID,24177.95,24174.05,NIFTY21APR2624200PE,24200.0,PE,206.1,209.05,205.92,209.17,210.0,205.0,0.024278,0.023895,ws,ws,type_b_ladder,type_b_ladder,False,False,0.18,-0.12,65,191.75,strategy_S9-149__TYPE_B:NIFTY:2026-04-16T14:01:55:SHORT
2026-04-16,14:02:43,2026-04-16,14:02:51,NIFTY,SELL,TYPE_B,PASSIVE,HIT_BID,24173.95,24170.1,NIFTY21APR2624200PE,24200.0,PE,207.9,211.05,207.75,211.18,210.0,210.0,0.024067,0.023663,ws,ws,type_b_ladder,type_b_ladder,False,False,0.15,-0.125,65,204.75,strategy_S9-149__TYPE_B:NIFTY:2026-04-16T14:02:43:SHORT
2026-04-16,14:03:00,2026-04-16,14:03:11,NIFTY,SELL,TYPE_B,PASSIVE,HIT_BID,24159.65,24163.3,NIFTY21APR2624200PE,24200.0,PE,214.3,214.1,214.02,214.24,215.0,210.0,0.023359,0.023326,ws,ws,type_b_ladder,type_b_ladder,False,False,0.2778,-0.1429,65,-13.0,strategy_S9-149__TYPE_B:NIFTY:2026-04-16T14:03:00:SHORT
2026-04-16,14:03:36,2026-04-16,14:03:43,NIFTY,SELL,TYPE_B,PASSIVE,HIT_BID,24140.8,24145.95,NIFTY21APR2624150PE,24150.0,PE,200.8,200.05,200.67,200.44,205.0,200.0,0.024925,0.024966,ws,ws,type_b_ladder,type_b_ladder,False,False,0.1333,-0.3857,65,-48.75,strategy_S9-149__TYPE_B:NIFTY:2026-04-16T14:03:36:SHORT
2026-04-16,14:04:00,2026-04-16,14:04:10,NIFTY,SELL,TYPE_B,PASSIVE,HIT_BID,24138.3,24144.1,NIFTY21APR2624150PE,24150.0,PE,200.75,198.1,200.52,198.23,205.0,195.0,0.024931,0.025227,ws,ws,type_b_ladder,type_b_ladder,False,False,0.2286,-0.1333,65,-172.25,strategy_S9-149__TYPE_B:NIFTY:2026-04-16T14:04:00:SHORT
2026-04-16,14:04:21,2026-04-16,14:04:26,NIFTY,BUY,TYPE_B,PASSIVE,HIT_BID,24147.95,24145.3,NIFTY21APR2624100CE,24100.0,CE,208.35,208.0,207.93,208.16,210.0,205.0,0.024027,0.024027,ws,ws,type_b_ladder,type_b_ladder,False,False,0.4231,-0.1636,65,-22.75,strategy_S9-149__TYPE_B:NIFTY:2026-04-16T14:04:21:LONG
2026-04-16,14:05:14,2026-04-16,14:05:38,NIFTY,SELL,TYPE_B,PASSIVE,HIT_BID,24139.9,24138.55,NIFTY21APR2624150PE,24150.0,PE,201.0,205.5,200.66,205.7,205.0,205.0,0.024897,0.024307,ws,ws,type_b_ladder,type_b_ladder,False,False,0.3436,-0.2,65,292.5,strategy_S9-149__TYPE_B:NIFTY:2026-04-16T14:05:14:SHORT
2026-04-16,14:05:55,2026-04-16,14:06:20,NIFTY,BUY,TYPE_B,PASSIVE,HIT_BID,24141.9,24148.3,NIFTY21APR2624100CE,24100.0,CE,204.85,207.4,204.54,207.62,205.0,205.0,0.024429,0.024079,ws,ws,type_b_ladder,type_b_ladder,False,False,0.3063,-0.2206,65,165.75,strategy_S9-149__TYPE_B:NIFTY:2026-04-16T14:05:55:LONG
2026-04-16,14:06:42,2026-04-16,14:06:59,NIFTY,SELL,TYPE_B,PASSIVE,HIT_BID,24146.25,24146.05,NIFTY21APR2624150PE,24150.0,PE,199.35,199.65,199.04,199.73,200.0,195.0,0.025104,0.025019,ws,ws,type_b_ladder,type_b_ladder,False,False,0.3111,-0.0842,65,19.5,strategy_S9-149__TYPE_B:NIFTY:2026-04-16T14:06:42:SHORT
2026-04-16,14:07:28,2026-04-16,14:07:46,NIFTY,BUY,TYPE_B,PASSIVE,HIT_BID,24153.5,24156.2,NIFTY21APR2624150CE,24150.0,CE,184.3,185.45,184.2,185.83,185.0,185.0,0.027159,0.026932,ws,ws,type_b_ladder,type_b_ladder,False,False,0.1,-0.381,65,74.75,strategy_S9-149__TYPE_B:NIFTY:2026-04-16T14:07:28:LONG
2026-04-16,14:08:00,2026-04-16,14:08:18,NIFTY,SELL,TYPE_B,PASSIVE,HIT_BID,24149.6,24147.8,NIFTY21APR2624150PE,24150.0,PE,197.55,196.65,197.42,196.66,200.0,195.0,0.025336,0.025423,ws,ws,type_b_ladder,type_b_ladder,False,False,0.1333,-0.0056,65,-58.5,strategy_S9-149__TYPE_B:NIFTY:2026-04-16T14:08:00:SHORT
2026-04-16,14:09:22,2026-04-16,14:09:26,NIFTY,BUY,TYPE_B,PASSIVE,HIT_BID,24153.9,24151.7,NIFTY21APR2624150CE,24150.0,CE,182.6,181.9,182.47,182.04,185.0,180.0,0.027412,0.027476,ws,ws,type_b_ladder,type_b_ladder,False,False,0.1333,-0.1432,65,-45.5,strategy_S9-149__TYPE_B:NIFTY:2026-04-16T14:09:22:LONG
2026-04-16,14:09:47,2026-04-16,14:10:15,NIFTY,BUY,TYPE_B,PASSIVE,HIT_BID,24154.9,24155.25,NIFTY21APR2624150CE,24150.0,CE,183.75,183.15,183.72,183.32,185.0,180.0,0.027233,0.02727,ws,ws,type_b_ladder,type_b_ladder,False,False,0.025,-0.1667,65,-39.0,strategy_S9-149__TYPE_B:NIFTY:2026-04-16T14:09:47:LONG
2026-04-16,14:10:55,2026-04-16,14:11:00,NIFTY,SELL,TYPE_B,PASSIVE,HIT_BID,24153.6,24157.0,NIFTY21APR2624200PE,24200.0,PE,219.75,217.2,219.6,217.51,220.0,215.0,0.022763,0.022999,ws,ws,type_b_ladder,type_b_ladder,False,False,0.15,-0.3077,65,-165.75,strategy_S9-149__TYPE_B:NIFTY:2026-04-16T14:10:55:SHORT
2026-04-16,14:11:18,2026-04-16,14:11:26,NIFTY,BUY,TYPE_B,PASSIVE,HIT_BID,24165.5,24162.75,NIFTY21APR2624150CE,24150.0,CE,190.75,188.7,190.52,188.88,195.0,185.0,0.026236,0.026469,ws,ws,type_b_ladder,type_b_ladder,False,False,0.2333,-0.1778,65,-133.25,strategy_S9-149__TYPE_B:NIFTY:2026-04-16T14:11:18:LONG
2026-04-16,14:11:50,2026-04-16,14:12:07,NIFTY,BUY,TYPE_B,PASSIVE,HIT_BID,24163.45,24162.65,NIFTY21APR2624150CE,24150.0,CE,188.35,187.8,188.06,187.85,190.0,185.0,0.026575,0.026603,ws,ws,type_b_ladder,type_b_ladder,False,False,0.2857,-0.05,65,-35.75,strategy_S9-149__TYPE_B:NIFTY:2026-04-16T14:11:50:LONG
2026-04-16,14:12:11,2026-04-16,14:12:26,NIFTY,BUY,TYPE_B,PASSIVE,HIT_BID,24165.5,24163.4,NIFTY21APR2624150CE,24150.0,CE,188.45,189.4,188.35,189.49,190.0,185.0,0.026553,0.026382,ws,ws,type_b_ladder,type_b_ladder,False,False,0.1,-0.0875,65,61.75,strategy_S9-149__TYPE_B:NIFTY:2026-04-16T14:12:11:LONG
2026-04-16,14:12:51,2026-04-16,14:12:56,NIFTY,SELL,TYPE_B,PASSIVE,HIT_BID,24160.55,24163.6,NIFTY21APR2624200PE,24200.0,PE,212.75,212.2,212.68,212.6,215.0,210.0,0.02351,0.023535,ws,ws,type_b_ladder,type_b_ladder,False,False,0.075,-0.4,65,-35.75,strategy_S9-149__TYPE_B:NIFTY:2026-04-16T14:12:51:SHORT
2026-04-16,14:13:00,2026-04-16,14:13:15,NIFTY,BUY,TYPE_B,PASSIVE,HIT_BID,24166.55,24168.55,NIFTY21APR2624150CE,24150.0,CE,192.6,189.4,192.57,189.49,195.0,185.0,0.025967,0.026364,ws,ws,type_b_ladder,type_b_ladder,False,False,0.03,-0.0938,65,-208.0,strategy_S9-149__TYPE_B:NIFTY:2026-04-16T14:13:00:LONG
2026-04-16,14:14:06,2026-04-16,14:14:15,NIFTY,BUY,TYPE_B,PASSIVE,HIT_BID,24173.25,24171.8,NIFTY21APR2624150CE,24150.0,CE,192.45,191.05,192.38,191.08,195.0,190.0,0.025988,0.026151,ws,ws,type_b_ladder,type_b_ladder,False,False,0.0667,-0.0273,65,-91.0,strategy_S9-149__TYPE_B:NIFTY:2026-04-16T14:14:06:LONG
2026-04-16,14:14:23,2026-04-16,14:14:47,NIFTY,SELL,TYPE_B,PASSIVE,HIT_BID,24166.85,24167.2,NIFTY21APR2624200PE,24200.0,PE,212.15,213.65,212.12,213.74,215.0,210.0,0.023588,0.023384,ws,ws,type_b_ladder,type_b_ladder,False,False,0.0333,-0.0875,65,97.5,strategy_S9-149__TYPE_B:NIFTY:2026-04-16T14:14:23:SHORT
2026-04-16,14:14:52,2026-04-16,14:15:03,NIFTY,BUY,TYPE_B,PASSIVE,HIT_BID,24168.15,24165.9,NIFTY21APR2624150CE,24150.0,CE,190.45,189.45,190.43,189.69,195.0,185.0,0.026261,0.026364,ws,ws,type_b_ladder,type_b_ladder,False,False,0.024,-0.24,65,-65.0,strategy_S9-149__TYPE_B:NIFTY:2026-04-16T14:14:52:LONG
2026-04-16,14:15:12,2026-04-16,14:15:15,NIFTY,SELL,TYPE_B,PASSIVE,HIT_BID,24162.9,24164.9,NIFTY21APR2624200PE,24200.0,PE,216.25,215.15,215.93,215.36,220.0,215.0,0.023145,0.02321,ws,ws,type_b_ladder,type_b_ladder,False,False,0.3214,-0.2139,65,-71.5,strategy_S9-149__TYPE_B:NIFTY:2026-04-16T14:15:12:SHORT
2026-04-16,14:15:35,2026-04-16,14:15:50,NIFTY,SELL,TYPE_B,PASSIVE,HIT_BID,24161.35,24163.4,NIFTY21APR2624200PE,24200.0,PE,217.0,214.1,216.71,214.19,220.0,210.0,0.02306,0.023332,ws,ws,type_b_ladder,type_b_ladder,False,False,0.2917,-0.0889,65,-188.5,strategy_S9-149__TYPE_B:NIFTY:2026-04-16T14:15:35:SHORT
2026-04-16,14:16:01,2026-04-16,14:16:23,NIFTY,BUY,TYPE_B,PASSIVE,HIT_BID,24166.5,24161.55,NIFTY21APR2624150CE,24150.0,CE,191.25,187.75,191.17,187.95,195.0,185.0,0.026168,0.026603,ws,ws,type_b_ladder,type_b_ladder,False,False,0.0778,-0.2,65,-227.5,strategy_S9-149__TYPE_B:NIFTY:2026-04-16T14:16:01:LONG
2026-04-16,14:16:48,2026-04-16,14:17:01,NIFTY,BUY,TYPE_B,PASSIVE,HIT_BID,24168.05,24163.25,NIFTY21APR2624150CE,24150.0,CE,188.15,186.45,187.91,186.6,190.0,185.0,0.026596,0.026795,ws,ws,type_b_ladder,type_b_ladder,False,False,0.24,-0.15,65,-110.5,strategy_S9-149__TYPE_B:NIFTY:2026-04-16T14:16:48:LONG
2026-04-16,14:17:43,2026-04-16,14:18:07,NIFTY,SELL,TYPE_B,PASSIVE,HIT_BID,24162.25,24160.8,NIFTY21APR2624200PE,24200.0,PE,217.0,215.0,216.9,215.15,220.0,215.0,0.023049,0.023229,ws,ws,type_b_ladder,type_b_ladder,False,False,0.105,-0.1522,65,-130.0,strategy_S9-149__TYPE_B:NIFTY:2026-04-16T14:17:43:SHORT
2026-04-16,14:19:25,2026-04-16,14:19:27,NIFTY,SELL,TYPE_B,PASSIVE,HIT_BID,24161.45,24163.3,NIFTY21APR2624200PE,24200.0,PE,216.8,216.8,216.67,216.8,220.0,215.0,0.023084,0.023052,ws,ws,type_b_ladder,type_b_ladder,False,False,0.1333,-0.0031,65,0.0,strategy_S9-149__TYPE_B:NIFTY:2026-04-16T14:19:25:SHORT
2026-04-16,14:19:44,2026-04-16,14:19:54,NIFTY,BUY,TYPE_B,PASSIVE,HIT_BID,24166.35,24166.0,NIFTY21APR2624150CE,24150.0,CE,188.65,189.9,188.58,189.94,190.0,185.0,0.026515,0.026302,ws,ws,type_b_ladder,type_b_ladder,False,False,0.0692,-0.0364,65,81.25,strategy_S9-149__TYPE_B:NIFTY:2026-04-16T14:19:44:LONG
2026-04-16,14:20:03,2026-04-16,14:20:16,NIFTY,SELL,TYPE_B,PASSIVE,HIT_BID,24161.35,24163.35,NIFTY21APR2624200PE,24200.0,PE,215.7,214.0,215.66,214.24,220.0,210.0,0.023199,0.023348,ws,ws,type_b_ladder,type_b_ladder,False,False,0.0437,-0.24,65,-110.5,strategy_S9-149__TYPE_B:NIFTY:2026-04-16T14:20:03:SHORT
2026-04-16,14:20:38,2026-04-16,14:20:48,NIFTY,BUY,TYPE_B,PASSIVE,HIT_BID,24169.5,24167.45,NIFTY21APR2624150CE,24150.0,CE,190.7,188.15,190.54,188.32,195.0,185.0,0.026233,0.026546,ws,ws,type_b_ladder,type_b_ladder,False,False,0.1571,-0.1714,65,-165.75,strategy_S9-149__TYPE_B:NIFTY:2026-04-16T14:20:38:LONG
2026-04-16,14:20:54,2026-04-16,14:21:01,NIFTY,SELL,TYPE_B,PASSIVE,HIT_BID,24163.8,24166.4,NIFTY21APR2624200PE,24200.0,PE,215.3,214.75,215.01,215.21,220.0,210.0,0.02325,0.023253,ws,ws,type_b_ladder,type_b_ladder,False,False,0.2857,-0.4583,65,-35.75,strategy_S9-149__TYPE_B:NIFTY:2026-04-16T14:20:54:SHORT
2026-04-16,14:21:23,2026-04-16,14:21:25,NIFTY,SELL,TYPE_B,PASSIVE,HIT_BID,24162.9,24164.25,NIFTY21APR2624200PE,24200.0,PE,215.3,214.0,215.25,214.19,220.0,210.0,0.02325,0.02334,ws,ws,type_b_ladder,type_b_ladder,False,False,0.0455,-0.1875,65,-84.5,strategy_S9-149__TYPE_B:NIFTY:2026-04-16T14:21:23:SHORT
2026-04-16,14:22:02,2026-04-16,14:22:24,NIFTY,BUY,TYPE_B,PASSIVE,HIT_BID,24166.25,24166.2,NIFTY21APR2624150CE,24150.0,CE,189.65,190.6,189.57,190.69,190.0,190.0,0.026382,0.026209,ws,ws,type_b_ladder,type_b_ladder,False,False,0.0833,-0.0875,65,61.75,strategy_S9-149__TYPE_B:NIFTY:2026-04-16T14:22:02:LONG
2026-04-16,14:22:40,2026-04-16,14:23:01,NIFTY,BUY,TYPE_B,PASSIVE,HIT_BID,24169.65,24169.15,NIFTY21APR2624150CE,24150.0,CE,192.45,192.1,192.34,192.36,195.0,190.0,0.026008,0.026004,ws,ws,type_b_ladder,type_b_ladder,False,False,0.1143,-0.2625,65,-22.75,strategy_S9-149__TYPE_B:NIFTY:2026-04-16T14:22:40:LONG
2026-04-16,14:23:56,2026-04-16,14:24:31,NIFTY,SELL,TYPE_B,PASSIVE,HIT_BID,24167.1,24158.7,NIFTY21APR2624200PE,24200.0,PE,214.5,220.05,214.22,220.37,215.0,220.0,0.023337,0.022696,ws,ws,type_b_ladder,type_b_ladder,False,False,0.2778,-0.3235,65,360.75,strategy_S9-149__TYPE_B:NIFTY:2026-04-16T14:23:56:SHORT
2026-04-16,14:24:53,2026-04-16,14:25:15,NIFTY,BUY,TYPE_B,PASSIVE,HIT_BID,24161.75,24165.7,NIFTY21APR2624150CE,24150.0,CE,187.2,187.95,187.04,188.13,190.0,185.0,0.026734,0.026582,ws,ws,type_b_ladder,type_b_ladder,False,False,0.1556,-0.18,65,48.75,strategy_S9-149__TYPE_B:NIFTY:2026-04-16T14:24:53:LONG
2026-04-16,14:25:31,2026-04-16,14:25:55,NIFTY,BUY,TYPE_B,PASSIVE,HIT_BID,24170.4,24170.85,NIFTY21APR2624150CE,24150.0,CE,190.8,192.05,190.71,192.12,195.0,190.0,0.02623,0.026028,ws,ws,type_b_ladder,type_b_ladder,False,False,0.0875,-0.0667,65,81.25,strategy_S9-149__TYPE_B:NIFTY:2026-04-16T14:25:31:LONG
2026-04-16,14:26:12,2026-04-16,14:27:04,NIFTY,BUY,TYPE_B,PASSIVE,HIT_BID,24173.1,24179.25,NIFTY21APR2624150CE,24150.0,CE,195.55,197.35,195.53,197.45,200.0,195.0,0.025572,0.025307,ws,ws,type_b_ladder,type_b_ladder,False,False,0.0167,-0.0964,65,117.0,strategy_S9-149__TYPE_B:NIFTY:2026-04-16T14:26:12:LONG
2026-04-16,14:27:22,2026-04-16,14:27:44,NIFTY,BUY,TYPE_B,PASSIVE,HIT_BID,24182.05,24181.0,NIFTY21APR2624150CE,24150.0,CE,198.95,198.2,198.93,198.38,200.0,195.0,0.025148,0.025208,ws,ws,type_b_ladder,type_b_ladder,False,False,0.0167,-0.18,65,-48.75,strategy_S9-149__TYPE_B:NIFTY:2026-04-16T14:27:22:LONG
2026-04-16,14:28:22,2026-04-16,14:28:50,NIFTY,SELL,TYPE_B,PASSIVE,HIT_BID,24178.7,24177.35,NIFTY21APR2624200PE,24200.0,PE,203.8,205.2,203.62,205.22,205.0,205.0,0.024555,0.024349,ws,ws,type_b_ladder,type_b_ladder,False,False,0.175,-0.0217,65,91.0,strategy_S9-149__TYPE_B:NIFTY:2026-04-16T14:28:22:SHORT
2026-04-16,14:29:20,2026-04-16,14:29:40,NIFTY,SELL,TYPE_B,PASSIVE,HIT_BID,24173.8,24176.85,NIFTY21APR2624200PE,24200.0,PE,205.45,203.15,205.23,203.42,210.0,200.0,0.024358,0.024591,ws,ws,type_b_ladder,type_b_ladder,False,False,0.2227,-0.2722,65,-149.5,strategy_S9-149__TYPE_B:NIFTY:2026-04-16T14:29:20:SHORT
2026-04-16,14:29:50,2026-04-16,14:30:43,NIFTY,BUY,TYPE_B,PASSIVE,HIT_BID,24182.7,24193.65,NIFTY21APR2624150CE,24150.0,CE,199.65,205.45,199.5,205.78,200.0,205.0,0.02506,0.02431,ws,ws,type_b_ladder,type_b_ladder,False,False,0.15,-0.3316,65,377.0,strategy_S9-149__TYPE_B:NIFTY:2026-04-16T14:29:50:LONG
2026-04-16,14:31:00,2026-04-16,14:31:19,NIFTY,BUY,TYPE_B,PASSIVE,HIT_BID,24196.35,24199.9,NIFTY21APR2624150CE,24150.0,CE,207.05,209.5,207.04,209.61,210.0,205.0,0.024152,0.023841,ws,ws,type_b_ladder,type_b_ladder,False,False,0.0071,-0.1125,65,159.25,strategy_S9-149__TYPE_B:NIFTY:2026-04-16T14:31:00:LONG
2026-04-16,14:31:32,2026-04-16,14:32:17,NIFTY,BUY,TYPE_B,PASSIVE,HIT_BID,24203.45,24207.35,NIFTY21APR2624200CE,24200.0,CE,185.1,186.75,184.77,186.8,190.0,185.0,0.027042,0.026756,ws,ws,type_b_ladder,type_b_ladder,False,False,0.3333,-0.0476,65,107.25,strategy_S9-149__TYPE_B:NIFTY:2026-04-16T14:31:32:LONG
2026-04-16,14:33:00,2026-04-16,14:33:16,NIFTY,BUY,TYPE_B,PASSIVE,HIT_BID,24211.35,24214.2,NIFTY21APR2624200CE,24200.0,CE,192.4,192.9,192.18,193.12,195.0,190.0,0.026004,0.025887,ws,ws,type_b_ladder,type_b_ladder,False,False,0.2188,-0.225,65,32.5,strategy_S9-149__TYPE_B:NIFTY:2026-04-16T14:33:00:LONG
2026-04-16,14:33:39,2026-04-16,14:33:47,NIFTY,SELL,TYPE_B,PASSIVE,HIT_BID,24205.8,24207.8,NIFTY21APR2624250PE,24250.0,PE,215.55,215.25,215.44,215.36,220.0,215.0,0.023218,0.023221,ws,ws,type_b_ladder,type_b_ladder,False,False,0.1143,-0.1125,65,-19.5,strategy_S9-149__TYPE_B:NIFTY:2026-04-16T14:33:39:SHORT
2026-04-16,14:34:31,2026-04-16,14:34:45,NIFTY,SELL,TYPE_B,PASSIVE,HIT_BID,24209.55,24212.25,NIFTY21APR2624250PE,24250.0,PE,210.9,209.6,210.53,209.69,215.0,205.0,0.023733,0.023844,ws,ws,type_b_ladder,type_b_ladder,False,False,0.3724,-0.0857,65,-84.5,strategy_S9-149__TYPE_B:NIFTY:2026-04-16T14:34:31:SHORT
2026-04-16,14:34:50,2026-04-16,14:35:10,NIFTY,BUY,TYPE_B,PASSIVE,HIT_BID,24215.6,24221.9,NIFTY21APR2624200CE,24200.0,CE,196.15,198.5,195.84,198.62,200.0,195.0,0.02552,0.025167,ws,ws,type_b_ladder,type_b_ladder,False,False,0.315,-0.1167,65,152.75,strategy_S9-149__TYPE_B:NIFTY:2026-04-16T14:34:50:LONG
2026-04-16,14:35:35,2026-04-16,14:35:47,NIFTY,SELL,TYPE_B,PASSIVE,HIT_BID,24219.15,24221.45,NIFTY21APR2624250PE,24250.0,PE,206.95,206.3,206.8,206.43,210.0,205.0,0.024187,0.024228,ws,ws,type_b_ladder,type_b_ladder,False,False,0.15,-0.1286,65,-42.25,strategy_S9-149__TYPE_B:NIFTY:2026-04-16T14:35:35:SHORT
2026-04-16,14:35:59,2026-04-16,14:36:17,NIFTY,SELL,TYPE_B,PASSIVE,HIT_BID,24216.1,24214.2,NIFTY21APR2624250PE,24250.0,PE,207.95,207.4,207.93,207.51,210.0,205.0,0.024062,0.024088,ws,ws,type_b_ladder,type_b_ladder,False,False,0.02,-0.1077,65,-35.75,strategy_S9-149__TYPE_B:NIFTY:2026-04-16T14:35:59:SHORT
2026-04-16,14:37:01,2026-04-16,14:37:40,NIFTY,BUY,TYPE_B,PASSIVE,HIT_BID,24218.45,24222.8,NIFTY21APR2624200CE,24200.0,CE,193.9,193.4,193.7,193.5,195.0,190.0,0.025813,0.025826,ws,ws,type_b_ladder,type_b_ladder,False,False,0.2,-0.1,65,-32.5,strategy_S9-149__TYPE_B:NIFTY:2026-04-16T14:37:01:LONG
2026-04-16,14:39:10,2026-04-16,14:39:28,NIFTY,SELL,TYPE_B,PASSIVE,HIT_BID,24217.75,24217.35,NIFTY21APR2624250PE,24250.0,PE,203.75,201.6,203.45,201.9,205.0,200.0,0.024567,0.024777,ws,ws,type_b_ladder,type_b_ladder,False,False,0.3,-0.3,65,-139.75,strategy_S9-149__TYPE_B:NIFTY:2026-04-16T14:39:10:SHORT
2026-04-16,14:39:33,2026-04-16,14:39:50,NIFTY,BUY,TYPE_B,PASSIVE,HIT_BID,24222.0,24222.3,NIFTY21APR2624200CE,24200.0,CE,192.95,192.9,192.78,192.99,195.0,190.0,0.025937,0.025893,ws,ws,type_b_ladder,type_b_ladder,False,False,0.175,-0.0889,65,-3.25,strategy_S9-149__TYPE_B:NIFTY:2026-04-16T14:39:33:LONG
2026-04-16,14:40:32,2026-04-16,14:40:48,NIFTY,BUY,TYPE_B,PASSIVE,HIT_BID,24227.25,24226.5,NIFTY21APR2624200CE,24200.0,CE,196.95,195.5,196.7,195.56,200.0,195.0,0.025407,0.025549,ws,ws,type_b_ladder,type_b_ladder,False,False,0.25,-0.0571,65,-94.25,strategy_S9-149__TYPE_B:NIFTY:2026-04-16T14:40:32:LONG
2026-04-16,14:42:00,2026-04-16,14:42:18,NIFTY,BUY,TYPE_B,PASSIVE,HIT_BID,24229.8,24230.35,NIFTY21APR2624200CE,24200.0,CE,198.45,197.75,198.18,197.86,200.0,195.0,0.025224,0.025259,ws,ws,type_b_ladder,type_b_ladder,False,False,0.27,-0.1091,65,-45.5,strategy_S9-149__TYPE_B:NIFTY:2026-04-16T14:42:00:LONG
2026-04-16,14:42:44,2026-04-16,14:43:12,NIFTY,SELL,TYPE_B,PASSIVE,HIT_BID,24227.35,24227.25,NIFTY21APR2624250PE,24250.0,PE,196.45,195.45,196.26,195.56,200.0,195.0,0.025481,0.025553,ws,ws,type_b_ladder,type_b_ladder,False,False,0.1875,-0.1125,65,-65.0,strategy_S9-149__TYPE_B:NIFTY:2026-04-16T14:42:44:SHORT
2026-04-16,14:43:20,2026-04-16,14:43:35,NIFTY,BUY,TYPE_B,PASSIVE,HIT_BID,24231.05,24230.5,NIFTY21APR2624200CE,24200.0,CE,198.95,196.5,198.91,196.56,200.0,195.0,0.025151,0.025419,ws,ws,type_b_ladder,type_b_ladder,False,False,0.0429,-0.0615,65,-159.25,strategy_S9-149__TYPE_B:NIFTY:2026-04-16T14:43:20:LONG
2026-04-16,14:43:40,2026-04-16,14:43:49,NIFTY,BUY,TYPE_B,PASSIVE,HIT_BID,24232.5,24230.05,NIFTY21APR2624200CE,24200.0,CE,197.3,197.0,197.17,197.25,200.0,195.0,0.025368,0.025358,ws,ws,type_b_ladder,type_b_ladder,False,False,0.1333,-0.2528,65,-19.5,strategy_S9-149__TYPE_B:NIFTY:2026-04-16T14:43:40:LONG
2026-04-16,14:44:23,2026-04-16,14:44:46,NIFTY,SELL,TYPE_B,PASSIVE,HIT_BID,24222.7,24216.6,NIFTY21APR2624250PE,24250.0,PE,201.05,205.0,200.89,205.09,205.0,205.0,0.024891,0.024361,ws,ws,type_b_ladder,type_b_ladder,False,False,0.1556,-0.0938,65,256.75,strategy_S9-149__TYPE_B:NIFTY:2026-04-16T14:44:23:SHORT
2026-04-16,14:45:10,2026-04-16,14:45:34,NIFTY,BUY,TYPE_B,PASSIVE,HIT_BID,24233.8,24236.85,NIFTY21APR2624200CE,24200.0,CE,197.25,197.85,196.97,197.93,200.0,195.0,0.025374,0.025249,ws,ws,type_b_ladder,type_b_ladder,False,False,0.28,-0.0778,65,39.0,strategy_S9-149__TYPE_B:NIFTY:2026-04-16T14:45:10:LONG
2026-04-16,14:45:40,2026-04-16,14:45:56,NIFTY,BUY,TYPE_B,PASSIVE,HIT_BID,24238.85,24238.5,NIFTY21APR2624200CE,24200.0,CE,198.0,198.05,197.8,198.22,200.0,195.0,0.025272,0.025221,ws,ws,type_b_ladder,type_b_ladder,False,False,0.2,-0.1714,65,3.25,strategy_S9-149__TYPE_B:NIFTY:2026-04-16T14:45:40:LONG
2026-04-16,14:47:20,2026-04-16,14:47:43,NIFTY,BUY,TYPE_B,PASSIVE,HIT_BID,24234.35,24233.45,NIFTY21APR2624200CE,24200.0,CE,197.5,196.9,197.3,197.19,200.0,195.0,0.025339,0.025368,ws,ws,type_b_ladder,type_b_ladder,False,False,0.2,-0.2857,65,-39.0,strategy_S9-149__TYPE_B:NIFTY:2026-04-16T14:47:20:LONG
2026-04-16,14:47:55,2026-04-16,14:48:08,NIFTY,SELL,TYPE_B,PASSIVE,HIT_BID,24232.0,24234.4,NIFTY21APR2624250PE,24250.0,PE,194.0,192.2,193.6,192.35,195.0,190.0,0.025803,0.025994,ws,ws,type_b_ladder,type_b_ladder,False,False,0.3971,-0.1457,65,-117.0,strategy_S9-149__TYPE_B:NIFTY:2026-04-16T14:47:55:SHORT
2026-04-16,14:49:12,2026-04-16,14:49:30,NIFTY,SELL,TYPE_B,PASSIVE,HIT_BID,24232.2,24230.4,NIFTY21APR2624250PE,24250.0,PE,195.25,193.8,195.07,193.85,200.0,190.0,0.025628,0.02578,ws,ws,type_b_ladder,type_b_ladder,False,False,0.18,-0.0529,65,-94.25,strategy_S9-149__TYPE_B:NIFTY:2026-04-16T14:49:12:SHORT
2026-04-16,14:50:01,2026-04-16,14:50:34,NIFTY,BUY,TYPE_B,PASSIVE,HIT_BID,24236.0,24242.2,NIFTY21APR2624200CE,24200.0,CE,198.9,199.05,198.72,199.1,200.0,195.0,0.02516,0.025094,ws,ws,type_b_ladder,type_b_ladder,False,False,0.175,-0.0533,65,9.75,strategy_S9-149__TYPE_B:NIFTY:2026-04-16T14:50:01:LONG
2026-04-16,14:50:43,2026-04-16,14:51:23,NIFTY,SELL,TYPE_B,PASSIVE,HIT_BID,24239.9,24238.15,NIFTY21APR2624250PE,24250.0,PE,193.8,192.35,193.43,192.39,195.0,190.0,0.02583,0.025967,ws,ws,type_b_ladder,type_b_ladder,False,False,0.3682,-0.0364,65,-94.25,strategy_S9-149__TYPE_B:NIFTY:2026-04-16T14:50:43:SHORT
2026-04-16,14:51:40,2026-04-16,14:52:15,NIFTY,BUY,TYPE_B,PASSIVE,HIT_BID,24240.85,24241.55,NIFTY21APR2624200CE,24200.0,CE,201.6,202.55,201.28,202.68,205.0,200.0,0.024826,0.024664,ws,ws,type_b_ladder,type_b_ladder,False,False,0.3238,-0.1312,65,61.75,strategy_S9-149__TYPE_B:NIFTY:2026-04-16T14:51:40:LONG
2026-04-16,14:53:01,2026-04-16,14:53:12,NIFTY,SELL,TYPE_B,PASSIVE,HIT_BID,24234.5,24231.1,NIFTY21APR2624250PE,24250.0,PE,195.3,195.5,194.98,195.68,200.0,195.0,0.025631,0.025553,ws,ws,type_b_ladder,type_b_ladder,False,False,0.3214,-0.175,65,13.0,strategy_S9-149__TYPE_B:NIFTY:2026-04-16T14:53:01:SHORT
2026-04-16,14:54:02,2026-04-16,14:54:11,NIFTY,SELL,TYPE_B,PASSIVE,HIT_BID,24231.5,24233.85,NIFTY21APR2624250PE,24250.0,PE,191.75,192.85,191.53,192.87,195.0,190.0,0.026106,0.025903,ws,ws,type_b_ladder,type_b_ladder,False,False,0.225,-0.0219,65,71.5,strategy_S9-149__TYPE_B:NIFTY:2026-04-16T14:54:02:SHORT
2026-04-16,14:54:40,2026-04-16,14:54:59,NIFTY,BUY,TYPE_B,PASSIVE,HIT_BID,24235.6,24240.75,NIFTY21APR2624200CE,24200.0,CE,198.15,197.65,198.02,197.69,200.0,195.0,0.025259,0.025275,ws,ws,type_b_ladder,type_b_ladder,False,False,0.1333,-0.0437,65,-32.5,strategy_S9-149__TYPE_B:NIFTY:2026-04-16T14:54:40:LONG
2026-04-16,14:55:52,2026-04-16,14:56:16,NIFTY,SELL,TYPE_B,PASSIVE,HIT_BID,24233.85,24231.15,NIFTY21APR2624250PE,24250.0,PE,194.8,195.45,194.73,195.65,195.0,195.0,0.025694,0.025559,ws,ws,type_b_ladder,type_b_ladder,False,False,0.0667,-0.2,65,42.25,strategy_S9-149__TYPE_B:NIFTY:2026-04-16T14:55:52:SHORT
2026-04-16,14:56:52,2026-04-16,14:57:06,NIFTY,SELL,TYPE_B,PASSIVE,HIT_BID,24228.55,24229.45,NIFTY21APR2624250PE,24250.0,PE,199.2,198.55,199.17,198.71,200.0,195.0,0.025132,0.025164,ws,ws,type_b_ladder,type_b_ladder,False,False,0.0333,-0.1636,65,-42.25,strategy_S9-149__TYPE_B:NIFTY:2026-04-16T14:56:52:SHORT
2026-04-16,14:57:22,2026-04-16,14:57:44,NIFTY,BUY,TYPE_B,PASSIVE,HIT_BID,24233.35,24227.05,NIFTY21APR2624200CE,24200.0,CE,193.6,193.1,193.51,193.35,195.0,190.0,0.02585,0.02587,ws,ws,type_b_ladder,type_b_ladder,False,False,0.0875,-0.2545,65,-32.5,strategy_S9-149__TYPE_B:NIFTY:2026-04-16T14:57:22:LONG
2026-04-16,14:57:50,2026-04-16,14:58:00,NIFTY,SELL,TYPE_B,PASSIVE,HIT_BID,24219.0,24220.55,NIFTY21APR2624250PE,24250.0,PE,201.9,200.55,201.77,200.59,205.0,200.0,0.024789,0.024919,ws,ws,type_b_ladder,type_b_ladder,False,False,0.1333,-0.0444,65,-87.75,strategy_S9-149__TYPE_B:NIFTY:2026-04-16T14:57:50:SHORT
2026-04-16,14:58:24,2026-04-16,14:59:22,NIFTY,BUY,TYPE_B,PASSIVE,HIT_BID,24223.75,24228.0,NIFTY21APR2624200CE,24200.0,CE,190.7,193.25,190.55,193.54,195.0,190.0,0.026243,0.025843,ws,ws,type_b_ladder,type_b_ladder,False,False,0.15,-0.2864,65,165.75,strategy_S9-149__TYPE_B:NIFTY:2026-04-16T14:58:24:LONG
2026-04-16,15:00:03,2026-04-16,15:00:15,NIFTY,BUY,TYPE_B,PASSIVE,HIT_BID,24234.6,24235.4,NIFTY21APR2624200CE,24200.0,CE,195.0,195.9,194.93,196.25,195.0,195.0,0.025654,0.025491,ws,ws,type_b_ladder,type_b_ladder,False,False,0.0727,-0.3478,65,58.5,strategy_S9-149__TYPE_B:NIFTY:2026-04-16T15:00:03:LONG
2026-04-16,15:00:42,2026-04-16,15:00:57,NIFTY,SELL,TYPE_B,PASSIVE,HIT_BID,24229.05,24206.3,NIFTY21APR2624250PE,24250.0,PE,197.85,205.85,197.66,206.07,200.0,205.0,0.025294,0.024263,ws,ws,type_b_ladder,type_b_ladder,False,False,0.1944,-0.225,65,520.0,strategy_S9-149__TYPE_B:NIFTY:2026-04-16T15:00:42:SHORT
2026-04-16,15:01:14,2026-04-16,15:01:19,NIFTY,SELL,TYPE_B,PASSIVE,HIT_BID,24188.55,24194.5,NIFTY21APR2624200PE,24200.0,PE,188.9,186.45,188.83,186.66,190.0,185.0,0.026504,0.026785,ws,ws,type_b_ladder,type_b_ladder,False,False,0.0667,-0.2143,65,-159.25,strategy_S9-149__TYPE_B:NIFTY:2026-04-16T15:01:14:SHORT
2026-04-16,15:01:45,2026-04-16,15:01:52,NIFTY,SELL,TYPE_B,PASSIVE,HIT_BID,24190.75,24195.7,NIFTY21APR2624200PE,24200.0,PE,186.5,184.7,186.46,184.87,190.0,180.0,0.026838,0.027056,ws,ws,type_b_ladder,type_b_ladder,False,False,0.04,-0.1667,65,-117.0,strategy_S9-149__TYPE_B:NIFTY:2026-04-16T15:01:45:SHORT
2026-04-16,15:02:20,2026-04-16,15:02:35,NIFTY,BUY,TYPE_B,PASSIVE,HIT_BID,24201.95,24213.15,NIFTY21APR2624200CE,24200.0,CE,181.0,182.8,180.71,183.0,185.0,180.0,0.027647,0.027322,ws,ws,type_b_ladder,type_b_ladder,False,False,0.2895,-0.2,65,117.0,strategy_S9-149__TYPE_B:NIFTY:2026-04-16T15:02:20:LONG
2026-04-16,15:03:09,2026-04-16,15:03:16,NIFTY,BUY,TYPE_B,PASSIVE,HIT_BID,24222.0,24218.35,NIFTY21APR2624200CE,24200.0,CE,184.35,183.5,184.15,183.65,185.0,180.0,0.027144,0.027226,ws,ws,type_b_ladder,type_b_ladder,False,False,0.2,-0.15,65,-55.25,strategy_S9-149__TYPE_B:NIFTY:2026-04-16T15:03:09:LONG
2026-04-16,15:04:01,2026-04-16,15:04:21,NIFTY,BUY,TYPE_B,PASSIVE,HIT_BID,24221.05,24223.45,NIFTY21APR2624200CE,24200.0,CE,185.55,189.05,185.38,189.11,190.0,185.0,0.026972,0.02642,ws,ws,type_b_ladder,type_b_ladder,False,False,0.175,-0.0571,65,227.5,strategy_S9-149__TYPE_B:NIFTY:2026-04-16T15:04:01:LONG
2026-04-16,15:04:43,2026-04-16,15:05:03,NIFTY,SELL,TYPE_B,PASSIVE,HIT_BID,24219.4,24206.85,NIFTY21APR2624250PE,24250.0,PE,204.8,209.35,204.77,209.54,205.0,205.0,0.024426,0.023869,ws,ws,type_b_ladder,type_b_ladder,False,False,0.0333,-0.1875,65,295.75,strategy_S9-149__TYPE_B:NIFTY:2026-04-16T15:04:43:SHORT
2026-04-16,15:05:20,2026-04-16,15:05:47,NIFTY,SELL,TYPE_B,PASSIVE,HIT_BID,24202.0,24196.75,NIFTY21APR2624250PE,24250.0,PE,211.05,211.35,210.97,211.66,215.0,210.0,0.023714,0.023635,ws,ws,type_b_ladder,type_b_ladder,False,False,0.08,-0.3111,65,19.5,strategy_S9-149__TYPE_B:NIFTY:2026-04-16T15:05:20:SHORT
2026-04-16,15:06:16,2026-04-16,15:06:26,NIFTY,BUY,TYPE_B,PASSIVE,HIT_BID,24203.85,24201.7,NIFTY21APR2624200CE,24200.0,CE,183.25,182.85,183.1,182.97,185.0,180.0,0.027307,0.027315,ws,ws,type_b_ladder,type_b_ladder,False,False,0.15,-0.1167,65,-26.0,strategy_S9-149__TYPE_B:NIFTY:2026-04-16T15:06:16:LONG
2026-04-16,15:06:42,2026-04-16,15:07:03,NIFTY,SELL,TYPE_B,PASSIVE,HIT_BID,24198.4,24198.35,NIFTY21APR2624200PE,24200.0,PE,188.8,191.15,188.7,191.29,190.0,190.0,0.026497,0.026147,ws,ws,type_b_ladder,type_b_ladder,False,False,0.1,-0.1385,65,152.75,strategy_S9-149__TYPE_B:NIFTY:2026-04-16T15:06:42:SHORT
2026-04-16,15:07:20,2026-04-16,15:07:35,NIFTY,SELL,TYPE_B,PASSIVE,HIT_BID,24195.3,24192.9,NIFTY21APR2624200PE,24200.0,PE,194.25,192.9,194.2,193.0,195.0,190.0,0.025753,0.025883,ws,ws,type_b_ladder,type_b_ladder,False,False,0.05,-0.1048,65,-87.75,strategy_S9-149__TYPE_B:NIFTY:2026-04-16T15:07:20:SHORT
2026-04-16,15:08:04,2026-04-16,15:08:35,NIFTY,SELL,TYPE_B,PASSIVE,HIT_BID,24188.8,24179.35,NIFTY21APR2624200PE,24200.0,PE,195.3,201.1,195.3,201.31,200.0,200.0,0.025621,0.024842,ws,ws,type_b_ladder,type_b_ladder,False,False,0.0019,-0.21,65,377.0,strategy_S9-149__TYPE_B:NIFTY:2026-04-16T15:08:04:SHORT
2026-04-16,15:08:50,2026-04-16,15:09:17,NIFTY,SELL,TYPE_B,PASSIVE,HIT_BID,24170.5,24169.8,NIFTY21APR2624200PE,24200.0,PE,204.35,203.8,204.21,204.03,205.0,200.0,0.024489,0.024519,ws,ws,type_b_ladder,type_b_ladder,False,False,0.14,-0.2292,65,-35.75,strategy_S9-149__TYPE_B:NIFTY:2026-04-16T15:08:50:SHORT
2026-04-16,15:09:45,2026-04-16,15:09:52,NIFTY,SELL,TYPE_B,PASSIVE,HIT_BID,24165.3,24169.95,NIFTY21APR2624200PE,24200.0,PE,204.85,204.65,204.68,204.91,205.0,200.0,0.024429,0.024411,ws,ws,type_b_ladder,type_b_ladder,False,False,0.175,-0.2625,65,-13.0,strategy_S9-149__TYPE_B:NIFTY:2026-04-16T15:09:45:SHORT
2026-04-16,15:10:08,2026-04-16,15:10:37,NIFTY,BUY,TYPE_B,PASSIVE,HIT_BID,24174.9,24190.0,NIFTY21APR2624150CE,24150.0,CE,199.45,202.5,199.43,202.75,200.0,200.0,0.025075,0.024667,ws,ws,type_b_ladder,type_b_ladder,False,False,0.02,-0.25,65,198.25,strategy_S9-149__TYPE_B:NIFTY:2026-04-16T15:10:08:LONG
2026-04-16,15:11:10,2026-04-16,15:11:20,NIFTY,BUY,TYPE_B,PASSIVE,HIT_BID,24199.25,24195.3,NIFTY21APR2624150CE,24150.0,CE,203.7,202.05,203.44,202.18,205.0,200.0,0.024567,0.024731,ws,ws,type_b_ladder,type_b_ladder,False,False,0.2625,-0.125,65,-107.25,strategy_S9-149__TYPE_B:NIFTY:2026-04-16T15:11:10:LONG
2026-04-16,15:11:52,2026-04-16,15:12:14,NIFTY,BUY,TYPE_B,PASSIVE,HIT_BID,24199.9,24198.3,NIFTY21APR2624150CE,24150.0,CE,204.85,203.65,204.74,203.82,205.0,200.0,0.024435,0.024531,ws,ws,type_b_ladder,type_b_ladder,False,False,0.1125,-0.175,65,-78.0,strategy_S9-149__TYPE_B:NIFTY:2026-04-16T15:11:52:LONG
2026-04-16,15:12:37,2026-04-16,15:12:42,NIFTY,SELL,TYPE_B,PASSIVE,HIT_BID,24195.45,24198.5,NIFTY21APR2624200PE,24200.0,PE,198.3,196.65,198.12,197.08,200.0,195.0,0.025227,0.025394,ws,ws,type_b_ladder,type_b_ladder,False,False,0.1833,-0.4333,65,-107.25,strategy_S9-149__TYPE_B:NIFTY:2026-04-16T15:12:37:SHORT
2026-04-16,15:13:32,2026-04-16,15:13:56,NIFTY,SELL,TYPE_B,PASSIVE,HIT_BID,24196.5,24191.25,NIFTY21APR2624200PE,24200.0,PE,197.9,198.0,197.73,198.18,200.0,195.0,0.025281,0.02524,ws,ws,type_b_ladder,type_b_ladder,False,False,0.1667,-0.1829,65,6.5,strategy_S9-149__TYPE_B:NIFTY:2026-04-16T15:13:32:SHORT
2026-04-16,15:14:20,2026-04-16,15:14:50,NIFTY,SELL,TYPE_B,PASSIVE,HIT_BID,24188.15,24187.0,NIFTY21APR2624200PE,24200.0,PE,198.9,197.35,198.88,197.63,200.0,195.0,0.025145,0.025316,ws,ws,type_b_ladder,type_b_ladder,False,False,0.025,-0.2837,65,-100.75,strategy_S9-149__TYPE_B:NIFTY:2026-04-16T15:14:20:SHORT
2026-04-16,15:15:00,2026-04-16,15:15:18,NIFTY,SELL,TYPE_B,PASSIVE,HIT_BID,24182.6,24181.5,NIFTY21APR2624200PE,24200.0,PE,197.9,197.45,197.8,197.5,200.0,195.0,0.025278,0.025304,ws,ws,type_b_ladder,type_b_ladder,False,False,0.1,-0.0462,65,-29.25,strategy_S9-149__TYPE_B:NIFTY:2026-04-16T15:15:00:SHORT
2026-04-16,15:15:30,2026-04-16,15:15:50,NIFTY,BUY,TYPE_B,PASSIVE,HIT_BID,24187.95,24193.35,NIFTY21APR2624150CE,24150.0,CE,208.45,208.8,208.28,209.02,210.0,205.0,0.024007,0.023918,ws,ws,type_b_ladder,type_b_ladder,False,False,0.175,-0.2174,65,22.75,strategy_S9-149__TYPE_B:NIFTY:2026-04-16T15:15:30:LONG
2026-04-16,15:16:21,2026-04-16,15:16:46,NIFTY,SELL,TYPE_B,PASSIVE,HIT_BID,24195.2,24195.0,NIFTY21APR2624200PE,24200.0,PE,196.25,195.05,196.16,195.19,200.0,195.0,0.025487,0.025605,ws,ws,type_b_ladder,type_b_ladder,False,False,0.09,-0.1385,65,-78.0,strategy_S9-149__TYPE_B:NIFTY:2026-04-16T15:16:21:SHORT
2026-04-16,15:17:22,2026-04-16,15:17:27,NIFTY,SELL,TYPE_B,PASSIVE,HIT_BID,24192.9,24197.65,NIFTY21APR2624200PE,24200.0,PE,195.45,195.5,195.13,195.57,200.0,195.0,0.025605,0.025569,ws,ws,type_b_ladder,type_b_ladder,False,False,0.3182,-0.0667,65,3.25,strategy_S9-149__TYPE_B:NIFTY:2026-04-16T15:17:22:SHORT
2026-04-16,15:17:40,2026-04-16,15:17:51,NIFTY,SELL,TYPE_B,PASSIVE,HIT_BID,24194.1,24195.9,NIFTY21APR2624200PE,24200.0,PE,198.65,197.25,198.5,197.45,200.0,195.0,0.025189,0.025329,ws,ws,type_b_ladder,type_b_ladder,False,False,0.15,-0.2,65,-91.0,strategy_S9-149__TYPE_B:NIFTY:2026-04-16T15:17:40:SHORT
2026-04-16,15:18:10,2026-04-16,15:18:55,NIFTY,SELL,TYPE_B,PASSIVE,HIT_BID,24191.8,24180.8,NIFTY21APR2624200PE,24200.0,PE,198.4,197.0,198.12,197.09,200.0,195.0,0.02523,0.025371,ws,ws,type_b_ladder,type_b_ladder,False,False,0.2812,-0.0938,65,-91.0,strategy_S9-149__TYPE_B:NIFTY:2026-04-16T15:18:10:SHORT
2026-04-16,15:19:16,2026-04-16,15:19:25,NIFTY,BUY,TYPE_B,PASSIVE,HIT_BID,24183.2,24182.15,NIFTY21APR2624150CE,24150.0,CE,208.7,208.0,208.53,208.33,210.0,205.0,0.023987,0.024015,ws,ws,type_b_ladder,type_b_ladder,False,False,0.1731,-0.3273,65,-45.5,strategy_S9-149__TYPE_B:NIFTY:2026-04-16T15:19:16:LONG
2026-04-16,15:19:32,2026-04-16,15:19:57,NIFTY,SELL,TYPE_B,PASSIVE,HIT_BID,24178.55,24181.05,NIFTY21APR2624200PE,24200.0,PE,197.0,196.2,196.86,196.4,200.0,195.0,0.02539,0.025455,ws,ws,type_b_ladder,type_b_ladder,False,False,0.1393,-0.2,65,-52.0,strategy_S9-149__TYPE_B:NIFTY:2026-04-16T15:19:32:SHORT
2026-04-16,15:20:24,2026-04-16,15:20:45,NIFTY,BUY,TYPE_B,PASSIVE,HIT_BID,24191.85,24194.6,NIFTY21APR2624150CE,24150.0,CE,209.7,209.4,209.39,209.65,210.0,205.0,0.023869,0.023858,ws,ws,type_b_ladder,type_b_ladder,False,False,0.3094,-0.2471,65,-19.5,strategy_S9-149__TYPE_B:NIFTY:2026-04-16T15:20:24:LONG
2026-04-16,15:21:55,2026-04-16,15:22:06,NIFTY,BUY,TYPE_B,PASSIVE,HIT_BID,24195.15,24194.4,NIFTY21APR2624150CE,24150.0,CE,208.05,205.65,207.95,205.95,210.0,205.0,0.024053,0.024281,ws,ws,type_b_ladder,type_b_ladder,False,False,0.1,-0.2962,65,-156.0,strategy_S9-149__TYPE_B:NIFTY:2026-04-16T15:21:55:LONG
2026-04-16,15:22:34,2026-04-16,15:22:59,NIFTY,BUY,TYPE_B,PASSIVE,HIT_BID,24196.4,24196.2,NIFTY21APR2624150CE,24150.0,CE,205.95,206.25,205.71,206.66,210.0,205.0,0.024304,0.024216,ws,ws,type_b_ladder,type_b_ladder,False,False,0.2382,-0.405,65,19.5,strategy_S9-149__TYPE_B:NIFTY:2026-04-16T15:22:34:LONG
2026-04-16,15:24:26,2026-04-16,15:24:33,NIFTY,BUY,TYPE_B,PASSIVE,HIT_BID,24198.6,24196.2,NIFTY21APR2624150CE,24150.0,CE,205.85,205.3,205.73,205.35,210.0,205.0,0.02431,0.024346,ws,ws,type_b_ladder,type_b_ladder,False,False,0.1167,-0.05,65,-35.75,strategy_S9-149__TYPE_B:NIFTY:2026-04-16T15:24:26:LONG
