Entry_Date,Entry_Time,Exit_Date,Exit_Time,Underlying_Symbol,Strategy_Direction,Underlying_Entry_Price,Underlying_Exit_Price,Option_Symbol,Option_Strike,Option_Type,Option_Entry_Price,Option_Exit_Price,Entry_Fair_Value,Exit_Fair_Value,Entry_Limit_Price,Exit_Limit_Price,Entry_Spread_Pct,Exit_Spread_Pct,Entry_Quote_Source,Exit_Quote_Source,Entry_Pricing_Mode,Exit_Pricing_Mode,Entry_Repriced,Exit_Repriced,Entry_Slippage_vs_Fair,Exit_Slippage_vs_Fair,Qty,PnL,Trade_ID
2026-04-07,09:18:00,2026-04-07,09:18:01,NIFTY,BUY,22775.75,22768.15,NIFTY07APR2622750CE,22750.0,CE,106.0,105.75,110.0,105.0,110.0,105.0,0.002361,0.002361,ws,ws,book_ladder,book_ladder,False,False,-4.0,0.75,65,-16.25,strategy_S9-150:NIFTY:2026-04-07T09:18:00:LONG
2026-04-07,09:18:15,2026-04-07,09:18:33,NIFTY,BUY,22780.35,22776.2,NIFTY07APR2622750CE,22750.0,CE,112.95,110.1,115.0,110.0,115.0,110.0,0.00266,0.002268,ws,ws,book_ladder,book_ladder,False,False,-2.05,0.1,65,-185.25,strategy_S9-150:NIFTY:2026-04-07T09:18:15:LONG
2026-04-07,09:20:08,2026-04-07,09:20:11,NIFTY,SELL,22758.75,22773.0,NIFTY07APR2622800PE,22800.0,PE,126.5,118.65,130.0,115.0,130.0,115.0,0.001582,0.001684,ws,ws,book_ladder,book_ladder,False,False,-3.5,3.65,65,-510.25,strategy_S9-150:NIFTY:2026-04-07T09:20:08:SHORT
2026-04-07,09:21:50,2026-04-07,09:22:15,NIFTY,BUY,22785.1,22797.9,NIFTY07APR2622750CE,22750.0,CE,111.9,120.75,115.0,120.0,115.0,120.0,0.001341,0.002068,ws,ws,book_ladder,book_ladder,False,False,-3.1,0.75,65,575.25,strategy_S9-150:NIFTY:2026-04-07T09:21:50:LONG
2026-04-07,09:22:30,2026-04-07,09:23:11,NIFTY,BUY,22811.95,22821.8,NIFTY07APR2622800CE,22800.0,CE,99.6,107.5,100.0,105.0,100.0,105.0,0.002513,0.002787,ws,ws,book_ladder,book_ladder,False,False,-0.4,2.5,65,513.5,strategy_S9-150:NIFTY:2026-04-07T09:22:30:LONG
2026-04-07,09:23:32,2026-04-07,09:23:53,NIFTY,SELL,22794.85,22805.35,NIFTY07APR2622800PE,22800.0,PE,109.4,105.85,110.0,105.0,110.0,105.0,0.002746,0.002359,ws,ws,book_ladder,book_ladder,False,False,-0.6,0.85,65,-230.75,strategy_S9-150:NIFTY:2026-04-07T09:23:32:SHORT
2026-04-07,09:24:16,2026-04-07,09:24:20,NIFTY,BUY,22819.65,22811.7,NIFTY07APR2622800CE,22800.0,CE,105.95,104.35,110.0,100.0,110.0,100.0,0.002836,0.002871,ws,ws,book_ladder,book_ladder,False,False,-4.05,4.35,65,-104.0,strategy_S9-150:NIFTY:2026-04-07T09:24:16:LONG
2026-04-07,09:24:50,2026-04-07,09:24:53,NIFTY,BUY,22819.8,22813.85,NIFTY07APR2622800CE,22800.0,CE,104.05,103.65,105.0,100.0,105.0,100.0,0.002887,0.002409,ws,ws,book_ladder,book_ladder,False,False,-0.95,3.65,65,-26.0,strategy_S9-150:NIFTY:2026-04-07T09:24:50:LONG
2026-04-07,09:25:47,2026-04-07,09:25:51,NIFTY,BUY,22821.75,22816.45,NIFTY07APR2622800CE,22800.0,CE,104.85,105.95,105.0,105.0,105.0,105.0,0.001909,0.002828,ws,ws,book_ladder,book_ladder,False,False,-0.15,0.95,65,71.5,strategy_S9-150:NIFTY:2026-04-07T09:25:47:LONG
2026-04-07,09:26:10,2026-04-07,09:27:08,NIFTY,BUY,22831.5,22865.9,NIFTY07APR2622800CE,22800.0,CE,107.95,136.9,110.0,135.0,110.0,135.0,0.002319,0.002553,ws,ws,book_ladder,book_ladder,False,False,-2.05,1.9,65,1881.75,strategy_S9-150:NIFTY:2026-04-07T09:26:10:LONG
2026-04-07,09:27:35,2026-04-07,09:27:53,NIFTY,BUY,22882.85,22880.05,NIFTY07APR2622850CE,22850.0,CE,124.45,121.5,125.0,120.0,125.0,120.0,0.002816,0.002466,ws,ws,book_ladder,book_ladder,False,False,-0.55,1.5,65,-191.75,strategy_S9-150:NIFTY:2026-04-07T09:27:35:LONG
2026-04-07,09:28:45,2026-04-07,09:28:53,NIFTY,BUY,22882.6,22881.15,NIFTY07APR2622850CE,22850.0,CE,125.55,122.15,130.0,120.0,130.0,120.0,0.002392,0.002861,ws,ws,book_ladder,book_ladder,False,False,-4.45,2.15,65,-221.0,strategy_S9-150:NIFTY:2026-04-07T09:28:45:LONG
2026-04-07,09:29:30,2026-04-07,09:29:42,NIFTY,BUY,22890.55,22886.95,NIFTY07APR2622850CE,22850.0,CE,131.85,125.45,135.0,125.0,135.0,125.0,0.002278,0.002786,ws,ws,book_ladder,book_ladder,False,False,-3.15,0.45,65,-416.0,strategy_S9-150:NIFTY:2026-04-07T09:29:30:LONG
2026-04-07,09:30:00,2026-04-07,09:30:20,NIFTY,BUY,22891.45,22893.0,NIFTY07APR2622850CE,22850.0,CE,129.0,125.85,130.0,125.0,130.0,125.0,0.003106,0.001985,ws,ws,book_ladder,book_ladder,False,False,-1.0,0.85,65,-204.75,strategy_S9-150:NIFTY:2026-04-07T09:30:00:LONG
2026-04-07,09:30:32,2026-04-07,09:30:57,NIFTY,BUY,22900.65,22898.1,NIFTY07APR2622900CE,22900.0,CE,109.4,105.0,110.0,105.0,110.0,105.0,0.002288,0.001428,ws,ws,book_ladder,book_ladder,False,False,-0.6,0.0,65,-286.0,strategy_S9-150:NIFTY:2026-04-07T09:30:32:LONG
2026-04-07,09:31:00,2026-04-07,09:31:02,NIFTY,BUY,22900.05,22888.25,NIFTY07APR2622900CE,22900.0,CE,106.4,98.4,110.0,95.0,110.0,95.0,0.002824,0.000508,ws,ws,book_ladder,book_ladder,False,False,-3.6,3.4,65,-520.0,strategy_S9-150:NIFTY:2026-04-07T09:31:00:LONG
2026-04-07,09:31:55,2026-04-07,09:32:25,NIFTY,SELL,22879.55,22871.95,NIFTY07APR2622900PE,22900.0,PE,124.75,128.25,125.0,125.0,125.0,125.0,0.002408,0.002725,ws,ws,book_ladder,book_ladder,False,False,-0.25,3.25,65,227.5,strategy_S9-150:NIFTY:2026-04-07T09:31:55:SHORT
2026-04-07,09:34:19,2026-04-07,09:34:26,NIFTY,SELL,22861.9,22867.2,NIFTY07APR2622900PE,22900.0,PE,131.85,129.95,135.0,130.0,135.0,125.0,0.003038,0.00269,ws,ws,book_ladder,book_ladder,False,True,-3.15,-0.05,65,-123.5,strategy_S9-150:NIFTY:2026-04-07T09:34:19:SHORT
2026-04-07,09:35:11,2026-04-07,09:35:30,NIFTY,SELL,22853.5,22852.8,NIFTY07APR2622900PE,22900.0,PE,137.5,135.25,140.0,135.0,140.0,135.0,0.000728,0.002216,ws,ws,book_ladder,book_ladder,False,False,-2.5,0.25,65,-146.25,strategy_S9-150:NIFTY:2026-04-07T09:35:11:SHORT
2026-04-07,09:36:31,2026-04-07,09:37:20,NIFTY,BUY,22850.2,22872.75,NIFTY07APR2622850CE,22850.0,CE,102.3,115.05,105.0,115.0,105.0,115.0,0.001957,0.002604,ws,ws,book_ladder,book_ladder,False,False,-2.7,0.05,65,828.75,strategy_S9-150:NIFTY:2026-04-07T09:36:31:LONG
2026-04-07,09:38:00,2026-04-07,09:38:09,NIFTY,BUY,22869.5,22865.5,NIFTY07APR2622850CE,22850.0,CE,115.35,112.15,120.0,110.0,120.0,110.0,0.003039,0.002671,ws,ws,book_ladder,book_ladder,False,False,-4.65,2.15,65,-208.0,strategy_S9-150:NIFTY:2026-04-07T09:38:00:LONG
2026-04-07,09:38:33,2026-04-07,09:38:46,NIFTY,SELL,22855.25,22853.3,NIFTY07APR2622900PE,22900.0,PE,133.75,140.15,135.0,140.0,135.0,140.0,0.002246,0.002138,ws,ws,book_ladder,book_ladder,False,False,-1.25,0.15,65,416.0,strategy_S9-150:NIFTY:2026-04-07T09:38:33:SHORT
2026-04-07,09:40:03,2026-04-07,09:40:22,NIFTY,BUY,22860.35,22861.6,NIFTY07APR2622850CE,22850.0,CE,106.6,104.05,110.0,100.0,110.0,100.0,0.002818,0.002879,ws,ws,book_ladder,book_ladder,False,False,-3.4,4.05,65,-165.75,strategy_S9-150:NIFTY:2026-04-07T09:40:03:LONG
2026-04-07,09:40:52,2026-04-07,09:40:55,NIFTY,BUY,22864.8,22862.35,NIFTY07APR2622850CE,22850.0,CE,107.8,106.0,110.0,105.0,110.0,105.0,0.002787,0.002826,ws,ws,book_ladder,book_ladder,False,False,-2.2,1.0,65,-117.0,strategy_S9-150:NIFTY:2026-04-07T09:40:52:LONG
2026-04-07,09:41:33,2026-04-07,09:42:20,NIFTY,SELL,22855.05,22835.85,NIFTY07APR2622900PE,22900.0,PE,135.85,143.7,140.0,140.0,140.0,140.0,0.002211,0.00278,ws,ws,book_ladder,book_ladder,False,False,-4.15,3.7,65,510.25,strategy_S9-150:NIFTY:2026-04-07T09:41:33:SHORT
2026-04-07,09:43:06,2026-04-07,09:43:24,NIFTY,SELL,22827.9,22813.25,NIFTY07APR2622850PE,22850.0,PE,120.2,129.5,125.0,125.0,125.0,125.0,0.001665,0.002314,ws,ws,book_ladder,book_ladder,False,False,-4.8,4.5,65,604.5,strategy_S9-150:NIFTY:2026-04-07T09:43:06:SHORT
2026-04-07,09:43:52,2026-04-07,09:44:08,NIFTY,SELL,22800.45,22803.35,NIFTY07APR2622850PE,22850.0,PE,134.25,133.6,135.0,130.0,135.0,130.0,0.001118,0.001496,ws,ws,book_ladder,book_ladder,False,False,-0.75,3.6,65,-42.25,strategy_S9-150:NIFTY:2026-04-07T09:43:52:SHORT
2026-04-07,09:45:49,2026-04-07,09:46:15,NIFTY,BUY,22820.65,22827.7,NIFTY07APR2622800CE,22800.0,CE,110.65,113.65,115.0,110.0,115.0,110.0,0.003168,0.001758,ws,ws,book_ladder,book_ladder,False,False,-4.35,3.65,65,195.0,strategy_S9-150:NIFTY:2026-04-07T09:45:49:LONG
2026-04-07,09:47:05,2026-04-07,09:47:55,NIFTY,BUY,22835.8,22851.7,NIFTY07APR2622800CE,22800.0,CE,118.65,126.85,120.0,125.0,120.0,125.0,0.002109,0.002755,ws,ws,book_ladder,book_ladder,False,False,-1.35,1.85,65,533.0,strategy_S9-150:NIFTY:2026-04-07T09:47:05:LONG
2026-04-07,09:48:05,2026-04-07,09:48:15,NIFTY,BUY,22860.65,22860.85,NIFTY07APR2622850CE,22850.0,CE,103.95,105.0,105.0,105.0,105.0,105.0,0.002408,0.000476,ws,ws,book_ladder,book_ladder,False,False,-1.05,0.0,65,68.25,strategy_S9-150:NIFTY:2026-04-07T09:48:05:LONG
2026-04-07,09:48:30,2026-04-07,09:48:46,NIFTY,SELL,22841.6,22831.5,NIFTY07APR2622850PE,22850.0,PE,111.1,113.55,115.0,110.0,115.0,110.0,0.002704,0.002639,ws,ws,book_ladder,book_ladder,False,False,-3.9,3.55,65,159.25,strategy_S9-150:NIFTY:2026-04-07T09:48:30:SHORT
2026-04-07,09:49:05,2026-04-07,09:49:25,NIFTY,SELL,22821.85,22816.85,NIFTY07APR2622850PE,22850.0,PE,117.35,119.7,120.0,115.0,120.0,115.0,0.002987,0.003336,ws,ws,book_ladder,book_ladder,False,False,-2.65,4.7,65,152.75,strategy_S9-150:NIFTY:2026-04-07T09:49:05:SHORT
2026-04-07,09:50:16,2026-04-07,09:50:24,NIFTY,BUY,22823.25,22814.95,NIFTY07APR2622800CE,22800.0,CE,110.75,106.55,115.0,105.0,115.0,105.0,0.001355,0.002344,ws,ws,book_ladder,book_ladder,False,False,-4.25,1.55,65,-273.0,strategy_S9-150:NIFTY:2026-04-07T09:50:16:LONG
2026-04-07,09:50:43,2026-04-07,09:51:07,NIFTY,BUY,22825.8,22833.4,NIFTY07APR2622800CE,22800.0,CE,112.6,116.9,115.0,115.0,115.0,115.0,0.002668,0.001282,ws,ws,book_ladder,book_ladder,False,False,-2.4,1.9,65,279.5,strategy_S9-150:NIFTY:2026-04-07T09:50:43:LONG
2026-04-07,09:51:15,2026-04-07,09:51:30,NIFTY,SELL,22820.1,22828.05,NIFTY07APR2622850PE,22850.0,PE,117.5,112.3,120.0,110.0,120.0,110.0,0.002983,0.002224,ws,ws,book_ladder,book_ladder,False,False,-2.5,2.3,65,-338.0,strategy_S9-150:NIFTY:2026-04-07T09:51:15:SHORT
2026-04-07,09:52:00,2026-04-07,09:52:23,NIFTY,BUY,22843.55,22843.8,NIFTY07APR2622800CE,22800.0,CE,121.35,121.6,125.0,120.0,125.0,120.0,0.001649,0.001643,ws,ws,book_ladder,book_ladder,False,False,-3.65,1.6,65,16.25,strategy_S9-150:NIFTY:2026-04-07T09:52:00:LONG
2026-04-07,09:53:02,2026-04-07,09:53:19,NIFTY,SELL,22830.15,22831.8,NIFTY07APR2622850PE,22850.0,PE,111.4,111.45,115.0,110.0,115.0,110.0,0.002697,0.002241,ws,ws,book_ladder,book_ladder,False,False,-3.6,1.45,65,3.25,strategy_S9-150:NIFTY:2026-04-07T09:53:02:SHORT
2026-04-07,09:53:50,2026-04-07,09:54:20,NIFTY,BUY,22839.9,22847.85,NIFTY07APR2622800CE,22800.0,CE,120.85,123.9,125.0,120.0,125.0,120.0,0.002071,0.002016,ws,ws,book_ladder,book_ladder,False,False,-4.15,3.9,65,198.25,strategy_S9-150:NIFTY:2026-04-07T09:53:50:LONG
2026-04-07,09:55:28,2026-04-07,09:55:33,NIFTY,BUY,22860.1,22852.75,NIFTY07APR2622850CE,22850.0,CE,105.4,102.6,110.0,100.0,110.0,100.0,0.002375,0.000974,ws,ws,book_ladder,book_ladder,False,False,-4.6,2.6,65,-182.0,strategy_S9-150:NIFTY:2026-04-07T09:55:28:LONG
2026-04-07,09:56:28,2026-04-07,09:56:42,NIFTY,SELL,22848.35,22847.05,NIFTY07APR2622850PE,22850.0,PE,101.5,101.8,105.0,100.0,105.0,100.0,0.002466,0.002453,ws,ws,book_ladder,book_ladder,False,False,-3.5,1.8,65,19.5,strategy_S9-150:NIFTY:2026-04-07T09:56:28:SHORT
2026-04-07,09:58:32,2026-04-07,09:59:07,NIFTY,BUY,22869.7,22877.45,NIFTY07APR2622850CE,22850.0,CE,105.85,113.35,110.0,110.0,110.0,110.0,0.002365,0.002203,ws,ws,book_ladder,book_ladder,False,False,-4.15,3.35,65,487.5,strategy_S9-150:NIFTY:2026-04-07T09:58:32:LONG
2026-04-07,09:59:43,2026-04-07,09:59:57,NIFTY,BUY,22887.85,22885.75,NIFTY07APR2622850CE,22850.0,CE,119.7,117.3,120.0,115.0,120.0,115.0,0.001254,0.002554,ws,ws,book_ladder,book_ladder,False,False,-0.3,2.3,65,-156.0,strategy_S9-150:NIFTY:2026-04-07T09:59:43:LONG
2026-04-07,10:00:47,2026-04-07,10:01:32,NIFTY,BUY,22886.75,22917.2,NIFTY07APR2622850CE,22850.0,CE,118.0,137.7,120.0,135.0,120.0,135.0,0.002546,0.002539,ws,ws,book_ladder,book_ladder,False,False,-2.0,2.7,65,1280.5,strategy_S9-150:NIFTY:2026-04-07T10:00:47:LONG
2026-04-07,10:02:05,2026-04-07,10:02:16,NIFTY,SELL,22898.45,22902.15,NIFTY07APR2622900PE,22900.0,PE,99.75,99.8,100.0,95.0,100.0,95.0,0.001505,0.002502,ws,ws,book_ladder,book_ladder,False,False,-0.25,4.8,65,3.25,strategy_S9-150:NIFTY:2026-04-07T10:02:05:SHORT
2026-04-07,10:03:03,2026-04-07,10:03:16,NIFTY,SELL,22897.0,22889.7,NIFTY07APR2622900PE,22900.0,PE,102.15,104.05,105.0,100.0,105.0,100.0,0.00245,0.00192,ws,ws,book_ladder,book_ladder,False,False,-2.85,4.05,65,123.5,strategy_S9-150:NIFTY:2026-04-07T10:03:03:SHORT
2026-04-07,10:03:46,2026-04-07,10:04:02,NIFTY,BUY,22903.8,22906.7,NIFTY07APR2622900CE,22900.0,CE,102.0,101.0,105.0,100.0,105.0,100.0,0.001472,0.002472,ws,ws,book_ladder,book_ladder,False,False,-3.0,1.0,65,-65.0,strategy_S9-150:NIFTY:2026-04-07T10:03:46:LONG
2026-04-07,10:04:16,2026-04-07,10:04:41,NIFTY,BUY,22914.25,22913.75,NIFTY07APR2622900CE,22900.0,CE,105.35,105.55,110.0,105.0,110.0,105.0,0.002376,0.002366,ws,ws,book_ladder,book_ladder,False,False,-4.65,0.55,65,13.0,strategy_S9-150:NIFTY:2026-04-07T10:04:16:LONG
2026-04-07,10:05:01,2026-04-07,10:05:06,NIFTY,BUY,22914.7,22913.25,NIFTY07APR2622900CE,22900.0,CE,105.25,104.0,110.0,100.0,110.0,100.0,0.002854,0.001921,ws,ws,book_ladder,book_ladder,False,False,-4.75,4.0,65,-81.25,strategy_S9-150:NIFTY:2026-04-07T10:05:01:LONG
2026-04-07,10:05:17,2026-04-07,10:05:41,NIFTY,BUY,22919.4,22925.55,NIFTY07APR2622900CE,22900.0,CE,108.45,109.55,110.0,105.0,110.0,105.0,0.002308,0.001824,ws,ws,book_ladder,book_ladder,False,False,-1.55,4.55,65,71.5,strategy_S9-150:NIFTY:2026-04-07T10:05:17:LONG
2026-04-07,10:06:01,2026-04-07,10:06:30,NIFTY,SELL,22915.3,22899.9,NIFTY07APR2622950PE,22950.0,PE,116.25,124.8,120.0,120.0,120.0,120.0,0.001722,0.002801,ws,ws,book_ladder,book_ladder,False,False,-3.75,4.8,65,555.75,strategy_S9-150:NIFTY:2026-04-07T10:06:01:SHORT
2026-04-07,10:08:44,2026-04-07,10:08:56,NIFTY,SELL,22900.55,22901.1,NIFTY07APR2622950PE,22950.0,PE,124.7,123.55,125.0,120.0,125.0,120.0,0.001204,0.002021,ws,ws,book_ladder,book_ladder,False,False,-0.3,3.55,65,-74.75,strategy_S9-150:NIFTY:2026-04-07T10:08:44:SHORT
2026-04-07,10:09:36,2026-04-07,10:09:52,NIFTY,SELL,22898.7,22898.6,NIFTY07APR2622900PE,22900.0,PE,98.1,95.45,100.0,95.0,100.0,95.0,0.002041,0.002093,ws,ws,book_ladder,book_ladder,False,False,-1.9,0.45,65,-172.25,strategy_S9-150:NIFTY:2026-04-07T10:09:36:SHORT
2026-04-07,10:10:11,2026-04-07,10:10:24,NIFTY,SELL,22891.0,22892.75,NIFTY07APR2622900PE,22900.0,PE,99.55,99.4,100.0,95.0,100.0,95.0,0.002514,0.003014,ws,ws,book_ladder,book_ladder,False,False,-0.45,4.4,65,-9.75,strategy_S9-150:NIFTY:2026-04-07T10:10:11:SHORT
2026-04-07,10:10:47,2026-04-07,10:11:06,NIFTY,BUY,22902.05,22901.65,NIFTY07APR2622900CE,22900.0,CE,97.65,95.75,100.0,95.0,100.0,95.0,0.002563,0.002608,ws,ws,book_ladder,book_ladder,False,False,-2.35,0.75,65,-123.5,strategy_S9-150:NIFTY:2026-04-07T10:10:47:LONG
2026-04-07,10:11:30,2026-04-07,10:11:45,NIFTY,BUY,22905.2,22908.1,NIFTY07APR2622900CE,22900.0,CE,97.9,100.85,100.0,100.0,100.0,100.0,0.003069,0.001981,ws,ws,book_ladder,book_ladder,False,False,-2.1,0.85,65,191.75,strategy_S9-150:NIFTY:2026-04-07T10:11:30:LONG
2026-04-07,10:12:00,2026-04-07,10:12:22,NIFTY,BUY,22911.6,22912.0,NIFTY07APR2622900CE,22900.0,CE,102.4,102.45,105.0,100.0,105.0,100.0,0.002444,0.002437,ws,ws,book_ladder,book_ladder,False,False,-2.6,2.45,65,3.25,strategy_S9-150:NIFTY:2026-04-07T10:12:00:LONG
2026-04-07,10:12:50,2026-04-07,10:12:55,NIFTY,SELL,22906.95,22908.45,NIFTY07APR2622950PE,22950.0,PE,119.7,116.7,120.0,115.0,120.0,115.0,0.002509,0.001285,ws,ws,book_ladder,book_ladder,False,False,-0.3,1.7,65,-195.0,strategy_S9-150:NIFTY:2026-04-07T10:12:50:SHORT
2026-04-07,10:13:17,2026-04-07,10:13:28,NIFTY,SELL,22904.7,22904.55,NIFTY07APR2622950PE,22950.0,PE,120.4,121.0,125.0,120.0,125.0,120.0,0.002495,0.002476,ws,ws,book_ladder,book_ladder,False,False,-4.6,1.0,65,39.0,strategy_S9-150:NIFTY:2026-04-07T10:13:17:SHORT
2026-04-07,10:14:32,2026-04-07,10:14:53,NIFTY,BUY,22911.35,22920.4,NIFTY07APR2622900CE,22900.0,CE,100.0,106.85,100.0,105.0,100.0,105.0,0.001001,0.002804,ws,ws,book_ladder,book_ladder,False,False,0.0,1.85,65,445.25,strategy_S9-150:NIFTY:2026-04-07T10:14:32:LONG
2026-04-07,10:15:17,2026-04-07,10:15:51,NIFTY,BUY,22922.55,22924.45,NIFTY07APR2622900CE,22900.0,CE,106.0,106.95,110.0,105.0,110.0,105.0,0.002361,0.002801,ws,ws,book_ladder,book_ladder,False,False,-4.0,1.95,65,61.75,strategy_S9-150:NIFTY:2026-04-07T10:15:17:LONG
2026-04-07,10:16:15,2026-04-07,10:16:22,NIFTY,SELL,22919.05,22921.75,NIFTY07APR2622950PE,22950.0,PE,114.35,110.1,115.0,110.0,115.0,110.0,0.002189,0.002721,ws,ws,book_ladder,book_ladder,False,False,-0.65,0.1,65,-276.25,strategy_S9-150:NIFTY:2026-04-07T10:16:15:SHORT
2026-04-07,10:16:58,2026-04-07,10:17:22,NIFTY,BUY,22931.1,22937.7,NIFTY07APR2622900CE,22900.0,CE,111.15,113.05,115.0,110.0,115.0,110.0,0.00135,0.00265,ws,ws,book_ladder,book_ladder,False,False,-3.85,3.05,65,123.5,strategy_S9-150:NIFTY:2026-04-07T10:16:58:LONG
2026-04-07,10:17:46,2026-04-07,10:18:02,NIFTY,BUY,22943.3,22947.55,NIFTY07APR2622900CE,22900.0,CE,117.6,120.95,120.0,120.0,120.0,120.0,0.002128,0.002477,ws,ws,book_ladder,book_ladder,False,False,-2.4,0.95,65,217.75,strategy_S9-150:NIFTY:2026-04-07T10:17:46:LONG
2026-04-07,10:18:45,2026-04-07,10:19:08,NIFTY,SELL,22933.4,22930.35,NIFTY07APR2622950PE,22950.0,PE,103.85,102.45,105.0,100.0,105.0,100.0,0.00241,0.002437,ws,ws,book_ladder,book_ladder,False,False,-1.15,2.45,65,-91.0,strategy_S9-150:NIFTY:2026-04-07T10:18:45:SHORT
2026-04-07,10:19:27,2026-04-07,10:19:48,NIFTY,BUY,22946.9,22943.0,NIFTY07APR2622900CE,22900.0,CE,116.65,115.45,120.0,115.0,120.0,115.0,0.001716,0.002595,ws,ws,book_ladder,book_ladder,False,False,-3.35,0.45,65,-78.0,strategy_S9-150:NIFTY:2026-04-07T10:19:27:LONG
2026-04-07,10:20:04,2026-04-07,10:20:25,NIFTY,BUY,22949.15,22958.05,NIFTY07APR2622900CE,22900.0,CE,119.9,125.0,120.0,125.0,120.0,125.0,0.000417,0.001599,ws,ws,book_ladder,book_ladder,False,False,-0.1,0.0,65,331.5,strategy_S9-150:NIFTY:2026-04-07T10:20:04:LONG
2026-04-07,10:21:20,2026-04-07,10:21:30,NIFTY,SELL,22925.65,22924.1,NIFTY07APR2622950PE,22950.0,PE,103.2,105.35,105.0,105.0,105.0,105.0,0.002425,0.003317,ws,ws,book_ladder,book_ladder,False,False,-1.8,0.35,65,139.75,strategy_S9-150:NIFTY:2026-04-07T10:21:20:SHORT
2026-04-07,10:22:23,2026-04-07,10:22:29,NIFTY,SELL,22917.75,22924.25,NIFTY07APR2622950PE,22950.0,PE,106.4,106.95,110.0,105.0,110.0,105.0,0.003295,0.002335,ws,ws,book_ladder,book_ladder,False,False,-3.6,1.95,65,35.75,strategy_S9-150:NIFTY:2026-04-07T10:22:23:SHORT
2026-04-07,10:23:21,2026-04-07,10:23:29,NIFTY,SELL,22917.35,22919.9,NIFTY07APR2622950PE,22950.0,PE,109.5,106.8,110.0,105.0,110.0,105.0,0.001828,0.001871,ws,ws,book_ladder,book_ladder,False,False,-0.5,1.8,65,-175.5,strategy_S9-150:NIFTY:2026-04-07T10:23:21:SHORT
2026-04-07,10:24:00,2026-04-07,10:24:26,NIFTY,BUY,22928.45,22934.75,NIFTY07APR2622900CE,22900.0,CE,106.5,109.85,110.0,105.0,110.0,105.0,0.00235,0.002727,ws,ws,book_ladder,book_ladder,False,False,-3.5,4.85,65,217.75,strategy_S9-150:NIFTY:2026-04-07T10:24:00:LONG
2026-04-07,10:25:04,2026-04-07,10:25:17,NIFTY,SELL,22925.0,22925.95,NIFTY07APR2622950PE,22950.0,PE,104.15,103.85,105.0,100.0,105.0,100.0,0.002403,0.001443,ws,ws,book_ladder,book_ladder,False,False,-0.85,3.85,65,-19.5,strategy_S9-150:NIFTY:2026-04-07T10:25:04:SHORT
2026-04-07,10:25:33,2026-04-07,10:25:57,NIFTY,BUY,22932.9,22932.65,NIFTY07APR2622900CE,22900.0,CE,109.65,108.25,110.0,105.0,110.0,105.0,0.002283,0.002307,ws,ws,book_ladder,book_ladder,False,False,-0.35,3.25,65,-91.0,strategy_S9-150:NIFTY:2026-04-07T10:25:33:LONG
2026-04-07,10:26:15,2026-04-07,10:26:36,NIFTY,BUY,22935.4,22941.45,NIFTY07APR2622900CE,22900.0,CE,111.3,111.35,115.0,110.0,115.0,110.0,0.002249,0.002243,ws,ws,book_ladder,book_ladder,False,False,-3.7,1.35,65,3.25,strategy_S9-150:NIFTY:2026-04-07T10:26:15:LONG
2026-04-07,10:27:16,2026-04-07,10:27:41,NIFTY,BUY,22939.65,22939.25,NIFTY07APR2622900CE,22900.0,CE,111.85,110.35,115.0,110.0,115.0,110.0,0.000447,0.001811,ws,ws,book_ladder,book_ladder,False,False,-3.15,0.35,65,-97.5,strategy_S9-150:NIFTY:2026-04-07T10:27:16:LONG
2026-04-07,10:27:56,2026-04-07,10:28:20,NIFTY,BUY,22941.75,22942.75,NIFTY07APR2622900CE,22900.0,CE,114.35,112.6,115.0,110.0,115.0,110.0,0.003065,0.002218,ws,ws,book_ladder,book_ladder,False,False,-0.65,2.6,65,-113.75,strategy_S9-150:NIFTY:2026-04-07T10:27:56:LONG
2026-04-07,10:29:00,2026-04-07,10:29:06,NIFTY,BUY,22945.05,22943.8,NIFTY07APR2622900CE,22900.0,CE,113.95,112.4,115.0,110.0,115.0,110.0,0.001757,0.002222,ws,ws,book_ladder,book_ladder,False,False,-1.05,2.4,65,-100.75,strategy_S9-150:NIFTY:2026-04-07T10:29:00:LONG
2026-04-07,10:29:30,2026-04-07,10:29:48,NIFTY,BUY,22945.45,22943.3,NIFTY07APR2622900CE,22900.0,CE,112.05,112.15,115.0,110.0,115.0,110.0,0.001787,0.001782,ws,ws,book_ladder,book_ladder,False,False,-2.95,2.15,65,6.5,strategy_S9-150:NIFTY:2026-04-07T10:29:30:LONG
2026-04-07,10:30:15,2026-04-07,10:30:27,NIFTY,SELL,22941.45,22942.2,NIFTY07APR2622950PE,22950.0,PE,93.5,92.1,95.0,90.0,95.0,90.0,0.002677,0.002169,ws,ws,book_ladder,book_ladder,False,False,-1.5,2.1,65,-91.0,strategy_S9-150:NIFTY:2026-04-07T10:30:15:SHORT
2026-04-07,10:30:49,2026-04-07,10:31:11,NIFTY,SELL,22938.75,22931.7,NIFTY07APR2622950PE,22950.0,PE,94.85,97.95,95.0,95.0,95.0,95.0,0.001583,0.002549,ws,ws,book_ladder,book_ladder,False,False,-0.15,2.95,65,201.5,strategy_S9-150:NIFTY:2026-04-07T10:30:49:SHORT
2026-04-07,10:32:00,2026-04-07,10:33:00,NIFTY,BUY,22943.0,22946.1,NIFTY07APR2622900CE,22900.0,CE,112.3,111.9,115.0,110.0,115.0,110.0,0.002229,0.001786,ws,ws,book_ladder,book_ladder,False,False,-2.7,1.9,65,-26.0,strategy_S9-150:NIFTY:2026-04-07T10:32:00:LONG
2026-04-07,10:33:36,2026-04-07,10:33:46,NIFTY,SELL,22943.1,22945.7,NIFTY07APR2622950PE,22950.0,PE,94.1,91.45,95.0,90.0,95.0,90.0,0.002128,0.001639,ws,ws,book_ladder,book_ladder,False,False,-0.9,1.45,65,-172.25,strategy_S9-150:NIFTY:2026-04-07T10:33:36:SHORT
2026-04-07,10:34:36,2026-04-07,10:35:02,NIFTY,SELL,22939.55,22917.65,NIFTY07APR2622950PE,22950.0,PE,95.15,105.45,100.0,105.0,100.0,105.0,0.002104,0.001895,ws,ws,book_ladder,book_ladder,False,False,-4.85,0.45,65,669.5,strategy_S9-150:NIFTY:2026-04-07T10:34:36:SHORT
2026-04-07,10:36:30,2026-04-07,10:36:59,NIFTY,SELL,22904.9,22892.8,NIFTY07APR2622950PE,22950.0,PE,111.65,118.95,115.0,115.0,115.0,115.0,0.002242,0.0021,ws,ws,book_ladder,book_ladder,False,False,-3.35,3.95,65,474.5,strategy_S9-150:NIFTY:2026-04-07T10:36:30:SHORT
2026-04-07,10:37:16,2026-04-07,10:38:33,NIFTY,BUY,22903.95,22923.15,NIFTY07APR2622900CE,22900.0,CE,89.5,98.95,90.0,95.0,90.0,95.0,0.002237,0.003027,ws,ws,book_ladder,book_ladder,False,False,-0.5,3.95,65,614.25,strategy_S9-150:NIFTY:2026-04-07T10:37:16:LONG
2026-04-07,10:39:05,2026-04-07,10:39:11,NIFTY,BUY,22926.6,22924.6,NIFTY07APR2622900CE,22900.0,CE,101.0,98.55,105.0,95.0,105.0,95.0,0.002975,0.002534,ws,ws,book_ladder,book_ladder,False,False,-4.0,3.55,65,-159.25,strategy_S9-150:NIFTY:2026-04-07T10:39:05:LONG
2026-04-07,10:39:52,2026-04-07,10:40:39,NIFTY,BUY,22929.45,22936.75,NIFTY07APR2622900CE,22900.0,CE,104.35,104.25,105.0,100.0,105.0,100.0,0.001918,0.002395,ws,ws,book_ladder,book_ladder,False,False,-0.65,4.25,65,-6.5,strategy_S9-150:NIFTY:2026-04-07T10:39:52:LONG
2026-04-07,10:40:58,2026-04-07,10:42:15,NIFTY,BUY,22943.3,22956.4,NIFTY07APR2622900CE,22900.0,CE,112.8,120.0,115.0,120.0,115.0,120.0,0.002219,0.001665,ws,ws,book_ladder,book_ladder,False,False,-2.2,0.0,65,468.0,strategy_S9-150:NIFTY:2026-04-07T10:40:58:LONG
2026-04-07,10:42:49,2026-04-07,10:42:55,NIFTY,BUY,22960.75,22958.1,NIFTY07APR2622950CE,22950.0,CE,93.7,93.8,95.0,90.0,95.0,90.0,0.001068,0.00213,ws,ws,book_ladder,book_ladder,False,False,-1.3,3.8,65,6.5,strategy_S9-150:NIFTY:2026-04-07T10:42:49:LONG
2026-04-07,10:43:46,2026-04-07,10:44:05,NIFTY,BUY,22962.35,22961.55,NIFTY07APR2622950CE,22950.0,CE,95.4,90.75,100.0,90.0,100.0,90.0,0.001574,0.001652,ws,ws,book_ladder,book_ladder,False,False,-4.6,0.75,65,-302.25,strategy_S9-150:NIFTY:2026-04-07T10:43:46:LONG
2026-04-07,10:44:23,2026-04-07,10:44:35,NIFTY,SELL,22958.6,22957.85,NIFTY07APR2623000PE,23000.0,PE,109.5,107.6,110.0,105.0,110.0,105.0,0.002286,0.002784,ws,ws,book_ladder,book_ladder,False,False,-0.5,2.6,65,-123.5,strategy_S9-150:NIFTY:2026-04-07T10:44:23:SHORT
2026-04-07,10:45:53,2026-04-07,10:46:40,NIFTY,SELL,22955.6,22949.75,NIFTY07APR2623000PE,23000.0,PE,109.65,112.25,110.0,110.0,110.0,110.0,0.003197,0.001335,ws,ws,book_ladder,book_ladder,False,False,-0.35,2.25,65,169.0,strategy_S9-150:NIFTY:2026-04-07T10:45:53:SHORT
2026-04-07,10:48:30,2026-04-07,10:48:55,NIFTY,BUY,22952.8,22953.05,NIFTY07APR2622950CE,22950.0,CE,86.3,88.5,90.0,85.0,90.0,85.0,0.003482,0.002821,ws,ws,book_ladder,book_ladder,False,False,-3.7,3.5,65,143.0,strategy_S9-150:NIFTY:2026-04-07T10:48:30:LONG
2026-04-07,10:49:00,2026-04-07,10:49:07,NIFTY,BUY,22954.95,22952.8,NIFTY07APR2622950CE,22950.0,CE,87.5,85.75,90.0,85.0,90.0,85.0,0.002861,0.00233,ws,ws,book_ladder,book_ladder,False,False,-2.5,0.75,65,-113.75,strategy_S9-150:NIFTY:2026-04-07T10:49:00:LONG
2026-04-07,10:49:15,2026-04-07,10:49:30,NIFTY,SELL,22931.55,22930.4,NIFTY07APR2622950PE,22950.0,PE,93.7,92.9,95.0,90.0,95.0,90.0,0.002137,0.001076,ws,ws,book_ladder,book_ladder,False,False,-1.3,2.9,65,-52.0,strategy_S9-150:NIFTY:2026-04-07T10:49:15:SHORT
2026-04-07,10:50:10,2026-04-07,10:50:29,NIFTY,SELL,22927.6,22920.15,NIFTY07APR2622950PE,22950.0,PE,98.55,100.8,100.0,100.0,100.0,100.0,0.003049,0.001982,ws,ws,book_ladder,book_ladder,False,False,-1.45,0.8,65,146.25,strategy_S9-150:NIFTY:2026-04-07T10:50:10:SHORT
2026-04-07,10:51:14,2026-04-07,10:51:20,NIFTY,SELL,22909.5,22911.7,NIFTY07APR2622950PE,22950.0,PE,107.2,104.15,110.0,100.0,110.0,100.0,0.002802,0.001918,ws,ws,book_ladder,book_ladder,False,False,-2.8,4.15,65,-198.25,strategy_S9-150:NIFTY:2026-04-07T10:51:14:SHORT
2026-04-07,10:51:50,2026-04-07,10:52:05,NIFTY,BUY,22929.95,22925.35,NIFTY07APR2622900CE,22900.0,CE,102.0,97.1,105.0,95.0,105.0,95.0,0.002454,0.002058,ws,ws,book_ladder,book_ladder,False,False,-3.0,2.1,65,-318.5,strategy_S9-150:NIFTY:2026-04-07T10:51:50:LONG
2026-04-07,10:52:28,2026-04-07,10:52:30,NIFTY,SELL,22920.35,22923.35,NIFTY07APR2622950PE,22950.0,PE,103.0,101.3,105.0,100.0,105.0,100.0,0.002917,0.000987,ws,ws,book_ladder,book_ladder,False,False,-2.0,1.3,65,-110.5,strategy_S9-150:NIFTY:2026-04-07T10:52:28:SHORT
2026-04-07,10:52:50,2026-04-07,10:53:00,NIFTY,SELL,22918.05,22917.0,NIFTY07APR2622950PE,22950.0,PE,105.7,107.15,110.0,105.0,110.0,105.0,0.000947,0.00233,ws,ws,book_ladder,book_ladder,False,False,-4.3,2.15,65,94.25,strategy_S9-150:NIFTY:2026-04-07T10:52:50:SHORT
2026-04-07,10:53:15,2026-04-07,10:54:16,NIFTY,SELL,22910.2,22871.4,NIFTY07APR2622950PE,22950.0,PE,110.8,136.1,115.0,135.0,115.0,135.0,0.002259,0.002202,ws,ws,book_ladder,book_ladder,False,False,-4.2,1.1,65,1644.5,strategy_S9-150:NIFTY:2026-04-07T10:53:15:SHORT
2026-04-07,10:55:08,2026-04-07,10:55:34,NIFTY,BUY,22886.9,22898.1,NIFTY07APR2622850CE,22850.0,CE,103.15,112.15,105.0,110.0,105.0,110.0,0.002427,0.001782,ws,ws,book_ladder,book_ladder,False,False,-1.85,2.15,65,585.0,strategy_S9-150:NIFTY:2026-04-07T10:55:08:LONG
2026-04-07,10:55:52,2026-04-07,10:56:30,NIFTY,SELL,22879.7,22873.7,NIFTY07APR2622900PE,22900.0,PE,103.1,106.65,105.0,105.0,105.0,105.0,0.002914,0.001874,ws,ws,book_ladder,book_ladder,False,False,-1.9,1.65,65,230.75,strategy_S9-150:NIFTY:2026-04-07T10:55:52:SHORT
2026-04-07,10:56:45,2026-04-07,10:57:00,NIFTY,SELL,22869.7,22868.65,NIFTY07APR2622900PE,22900.0,PE,108.9,106.9,110.0,105.0,110.0,105.0,0.002298,0.000935,ws,ws,book_ladder,book_ladder,False,False,-1.1,1.9,65,-130.0,strategy_S9-150:NIFTY:2026-04-07T10:56:45:SHORT
2026-04-07,10:57:56,2026-04-07,10:58:46,NIFTY,SELL,22858.5,22846.7,NIFTY07APR2622900PE,22900.0,PE,109.25,116.05,110.0,115.0,110.0,115.0,0.00275,0.002582,ws,ws,book_ladder,book_ladder,False,False,-0.75,1.05,65,442.0,strategy_S9-150:NIFTY:2026-04-07T10:57:56:SHORT
2026-04-07,10:59:09,2026-04-07,10:59:28,NIFTY,SELL,22842.0,22841.5,NIFTY07APR2622850PE,22850.0,PE,89.65,90.95,90.0,90.0,90.0,90.0,0.002793,0.001099,ws,ws,book_ladder,book_ladder,False,False,-0.35,0.95,65,84.5,strategy_S9-150:NIFTY:2026-04-07T10:59:09:SHORT
2026-04-07,10:59:46,2026-04-07,10:59:52,NIFTY,BUY,22852.6,22845.25,NIFTY07APR2622850CE,22850.0,CE,81.6,80.55,85.0,80.0,85.0,80.0,0.002454,0.00248,ws,ws,book_ladder,book_ladder,False,False,-3.4,0.55,65,-68.25,strategy_S9-150:NIFTY:2026-04-07T10:59:46:LONG
2026-04-07,11:00:04,2026-04-07,11:00:15,NIFTY,SELL,22841.4,22836.2,NIFTY07APR2622850PE,22850.0,PE,91.7,93.6,95.0,90.0,95.0,90.0,0.00273,0.002667,ws,ws,book_ladder,book_ladder,False,False,-3.3,3.6,65,123.5,strategy_S9-150:NIFTY:2026-04-07T11:00:04:SHORT
2026-04-07,11:01:16,2026-04-07,11:01:39,NIFTY,BUY,22838.95,22849.15,NIFTY07APR2622800CE,22800.0,CE,101.3,105.6,105.0,105.0,105.0,105.0,0.002471,0.002365,ws,ws,book_ladder,book_ladder,False,False,-3.7,0.6,65,279.5,strategy_S9-150:NIFTY:2026-04-07T11:01:16:LONG
2026-04-07,11:02:07,2026-04-07,11:02:16,NIFTY,BUY,22855.1,22848.5,NIFTY07APR2622850CE,22850.0,CE,81.0,79.9,85.0,75.0,85.0,75.0,0.001854,0.003124,ws,ws,book_ladder,book_ladder,False,False,-4.0,4.9,65,-71.5,strategy_S9-150:NIFTY:2026-04-07T11:02:07:LONG
2026-04-07,11:02:45,2026-04-07,11:02:51,NIFTY,BUY,22858.7,22856.2,NIFTY07APR2622850CE,22850.0,CE,82.75,81.5,85.0,80.0,85.0,80.0,0.003026,0.001839,ws,ws,book_ladder,book_ladder,False,False,-2.25,1.5,65,-81.25,strategy_S9-150:NIFTY:2026-04-07T11:02:45:LONG
2026-04-07,11:03:46,2026-04-07,11:03:52,NIFTY,BUY,22857.0,22855.05,NIFTY07APR2622850CE,22850.0,CE,82.15,80.65,85.0,80.0,85.0,80.0,0.001828,0.003095,ws,ws,book_ladder,book_ladder,False,False,-2.85,0.65,65,-97.5,strategy_S9-150:NIFTY:2026-04-07T11:03:46:LONG
2026-04-07,11:04:00,2026-04-07,11:04:10,NIFTY,BUY,22860.75,22858.9,NIFTY07APR2622850CE,22850.0,CE,84.9,80.95,85.0,80.0,85.0,80.0,0.001768,0.002468,ws,ws,book_ladder,book_ladder,False,False,-0.1,0.95,65,-256.75,strategy_S9-150:NIFTY:2026-04-07T11:04:00:LONG
2026-04-07,11:05:06,2026-04-07,11:05:15,NIFTY,SELL,22846.15,22848.75,NIFTY07APR2622850PE,22850.0,PE,85.35,85.4,90.0,85.0,90.0,85.0,0.001172,0.00117,ws,ws,book_ladder,book_ladder,False,False,-4.65,0.4,65,3.25,strategy_S9-150:NIFTY:2026-04-07T11:05:06:SHORT
2026-04-07,11:05:30,2026-04-07,11:05:59,NIFTY,BUY,22859.8,22864.55,NIFTY07APR2622850CE,22850.0,CE,85.6,89.9,90.0,85.0,90.0,85.0,0.002339,0.001112,ws,ws,book_ladder,book_ladder,False,False,-4.4,4.9,65,279.5,strategy_S9-150:NIFTY:2026-04-07T11:05:30:LONG
2026-04-07,11:06:15,2026-04-07,11:06:17,NIFTY,BUY,22872.1,22865.35,NIFTY07APR2622850CE,22850.0,CE,89.1,87.2,90.0,85.0,90.0,85.0,0.00281,0.002863,ws,ws,book_ladder,book_ladder,False,False,-0.9,2.2,65,-123.5,strategy_S9-150:NIFTY:2026-04-07T11:06:15:LONG
2026-04-07,11:07:22,2026-04-07,11:07:37,NIFTY,BUY,22869.95,22870.75,NIFTY07APR2622850CE,22850.0,CE,87.3,90.6,90.0,90.0,90.0,90.0,0.003442,0.002205,ws,ws,book_ladder,book_ladder,False,False,-2.7,0.6,65,214.5,strategy_S9-150:NIFTY:2026-04-07T11:07:22:LONG
2026-04-07,11:08:09,2026-04-07,11:08:24,NIFTY,BUY,22877.75,22883.45,NIFTY07APR2622850CE,22850.0,CE,96.6,96.45,100.0,95.0,100.0,95.0,0.002591,0.002589,ws,ws,book_ladder,book_ladder,False,False,-3.4,1.45,65,-9.75,strategy_S9-150:NIFTY:2026-04-07T11:08:09:LONG
2026-04-07,11:09:00,2026-04-07,11:09:05,NIFTY,BUY,22885.9,22883.9,NIFTY07APR2622850CE,22850.0,CE,97.85,96.45,100.0,95.0,100.0,95.0,0.001534,0.002589,ws,ws,book_ladder,book_ladder,False,False,-2.15,1.45,65,-91.0,strategy_S9-150:NIFTY:2026-04-07T11:09:00:LONG
2026-04-07,11:09:17,2026-04-07,11:09:30,NIFTY,SELL,22877.25,22865.2,NIFTY07APR2622900PE,22900.0,PE,96.4,102.95,100.0,100.0,100.0,100.0,0.001038,0.00291,ws,ws,book_ladder,book_ladder,False,False,-3.6,2.95,65,425.75,strategy_S9-150:NIFTY:2026-04-07T11:09:17:SHORT
2026-04-07,11:10:15,2026-04-07,11:10:40,NIFTY,BUY,22870.95,22875.05,NIFTY07APR2622850CE,22850.0,CE,93.25,93.0,95.0,90.0,95.0,90.0,0.002147,0.002685,ws,ws,book_ladder,book_ladder,False,False,-1.75,3.0,65,-16.25,strategy_S9-150:NIFTY:2026-04-07T11:10:15:LONG
2026-04-07,11:10:51,2026-04-07,11:11:00,NIFTY,SELL,22865.2,22864.95,NIFTY07APR2622900PE,22900.0,PE,102.1,102.85,105.0,100.0,105.0,100.0,0.00147,0.003397,ws,ws,book_ladder,book_ladder,False,False,-2.9,2.85,65,48.75,strategy_S9-150:NIFTY:2026-04-07T11:10:51:SHORT
2026-04-07,11:12:53,2026-04-07,11:12:57,NIFTY,SELL,22856.0,22858.3,NIFTY07APR2622900PE,22900.0,PE,109.15,107.0,110.0,105.0,110.0,105.0,0.002293,0.0028,ws,ws,book_ladder,book_ladder,False,False,-0.85,2.0,65,-139.75,strategy_S9-150:NIFTY:2026-04-07T11:12:53:SHORT
2026-04-07,11:13:02,2026-04-07,11:13:08,NIFTY,BUY,22867.1,22860.2,NIFTY07APR2622850CE,22850.0,CE,88.45,85.4,90.0,85.0,90.0,85.0,0.00283,0.001755,ws,ws,book_ladder,book_ladder,False,False,-1.55,0.4,65,-198.25,strategy_S9-150:NIFTY:2026-04-07T11:13:02:LONG
2026-04-07,11:13:45,2026-04-07,11:13:57,NIFTY,SELL,22851.8,22854.35,NIFTY07APR2622900PE,22900.0,PE,108.9,107.5,110.0,105.0,110.0,105.0,0.002298,0.002323,ws,ws,book_ladder,book_ladder,False,False,-1.1,2.5,65,-91.0,strategy_S9-150:NIFTY:2026-04-07T11:13:45:SHORT
2026-04-07,11:14:55,2026-04-07,11:15:06,NIFTY,BUY,22860.55,22858.65,NIFTY07APR2622850CE,22850.0,CE,83.15,82.15,85.0,80.0,85.0,80.0,0.001203,0.002432,ws,ws,book_ladder,book_ladder,False,False,-1.85,2.15,65,-65.0,strategy_S9-150:NIFTY:2026-04-07T11:14:55:LONG
2026-04-07,11:15:46,2026-04-07,11:16:00,NIFTY,BUY,22864.5,22877.05,NIFTY07APR2622850CE,22850.0,CE,85.9,90.5,90.0,90.0,90.0,90.0,0.001748,0.001104,ws,ws,book_ladder,book_ladder,False,False,-4.1,0.5,65,299.0,strategy_S9-150:NIFTY:2026-04-07T11:15:46:LONG
2026-04-07,11:16:43,2026-04-07,11:16:51,NIFTY,BUY,22882.85,22879.55,NIFTY07APR2622850CE,22850.0,CE,92.45,91.05,95.0,90.0,95.0,90.0,0.002708,0.001646,ws,ws,book_ladder,book_ladder,False,False,-2.55,1.05,65,-91.0,strategy_S9-150:NIFTY:2026-04-07T11:16:43:LONG
2026-04-07,11:18:00,2026-04-07,11:18:35,NIFTY,BUY,22891.0,22899.55,NIFTY07APR2622850CE,22850.0,CE,97.8,102.55,100.0,100.0,100.0,100.0,0.001535,0.001462,ws,ws,book_ladder,book_ladder,False,False,-2.2,2.55,65,308.75,strategy_S9-150:NIFTY:2026-04-07T11:18:00:LONG
2026-04-07,11:18:50,2026-04-07,11:19:00,NIFTY,SELL,22886.25,22889.1,NIFTY07APR2622900PE,22900.0,PE,90.2,89.75,95.0,85.0,95.0,85.0,0.00222,0.002226,ws,ws,book_ladder,book_ladder,False,False,-4.8,4.75,65,-29.25,strategy_S9-150:NIFTY:2026-04-07T11:18:50:SHORT
2026-04-07,11:20:45,2026-04-07,11:20:51,NIFTY,SELL,22888.35,22889.95,NIFTY07APR2622900PE,22900.0,PE,84.95,83.5,85.0,80.0,85.0,80.0,0.002357,0.002392,ws,ws,book_ladder,book_ladder,False,False,-0.05,3.5,65,-94.25,strategy_S9-150:NIFTY:2026-04-07T11:20:45:SHORT
2026-04-07,11:21:25,2026-04-07,11:21:46,NIFTY,BUY,22899.15,22901.45,NIFTY07APR2622850CE,22850.0,CE,103.95,106.0,105.0,105.0,105.0,105.0,0.002408,0.002356,ws,ws,book_ladder,book_ladder,False,False,-1.05,1.0,65,133.25,strategy_S9-150:NIFTY:2026-04-07T11:21:25:LONG
2026-04-07,11:22:00,2026-04-07,11:22:08,NIFTY,BUY,22913.0,22912.3,NIFTY07APR2622900CE,22900.0,CE,83.9,83.9,85.0,80.0,85.0,80.0,0.002387,0.002975,ws,ws,book_ladder,book_ladder,False,False,-1.1,3.9,65,0.0,strategy_S9-150:NIFTY:2026-04-07T11:22:00:LONG
2026-04-07,11:22:30,2026-04-07,11:22:54,NIFTY,BUY,22917.65,22922.5,NIFTY07APR2622900CE,22900.0,CE,85.75,92.85,90.0,90.0,90.0,90.0,0.00292,0.001614,ws,ws,book_ladder,book_ladder,False,False,-4.25,2.85,65,461.5,strategy_S9-150:NIFTY:2026-04-07T11:22:30:LONG
2026-04-07,11:23:46,2026-04-07,11:23:58,NIFTY,SELL,22913.2,22915.55,NIFTY07APR2622950PE,22950.0,PE,99.85,98.05,100.0,95.0,100.0,95.0,0.001002,0.002038,ws,ws,book_ladder,book_ladder,False,False,-0.15,3.05,65,-117.0,strategy_S9-150:NIFTY:2026-04-07T11:23:46:SHORT
2026-04-07,11:24:19,2026-04-07,11:24:54,NIFTY,BUY,22920.45,22924.85,NIFTY07APR2622900CE,22900.0,CE,88.95,89.8,90.0,85.0,90.0,85.0,0.002251,0.001113,ws,ws,book_ladder,book_ladder,False,False,-1.05,4.8,65,55.25,strategy_S9-150:NIFTY:2026-04-07T11:24:19:LONG
2026-04-07,11:25:00,2026-04-07,11:25:02,NIFTY,BUY,22928.8,22923.55,NIFTY07APR2622900CE,22900.0,CE,91.8,88.0,95.0,85.0,95.0,85.0,0.002181,0.001136,ws,ws,book_ladder,book_ladder,False,False,-3.2,3.0,65,-247.0,strategy_S9-150:NIFTY:2026-04-07T11:25:00:LONG
2026-04-07,11:25:48,2026-04-07,11:25:57,NIFTY,SELL,22922.4,22923.25,NIFTY07APR2622950PE,22950.0,PE,95.3,93.1,100.0,90.0,100.0,90.0,0.00105,0.00161,ws,ws,book_ladder,book_ladder,False,False,-4.7,3.1,65,-143.0,strategy_S9-150:NIFTY:2026-04-07T11:25:48:SHORT
2026-04-07,11:26:30,2026-04-07,11:27:05,NIFTY,BUY,22930.55,22931.75,NIFTY07APR2622900CE,22900.0,CE,95.2,95.0,100.0,95.0,100.0,95.0,0.00263,0.002628,ws,ws,book_ladder,book_ladder,False,False,-4.8,0.0,65,-13.0,strategy_S9-150:NIFTY:2026-04-07T11:26:30:LONG
2026-04-07,11:27:16,2026-04-07,11:27:30,NIFTY,BUY,22943.25,22939.0,NIFTY07APR2622900CE,22900.0,CE,101.7,100.6,105.0,100.0,105.0,100.0,0.001969,0.00149,ws,ws,book_ladder,book_ladder,False,False,-3.3,0.6,65,-71.5,strategy_S9-150:NIFTY:2026-04-07T11:27:16:LONG
2026-04-07,11:27:48,2026-04-07,11:27:52,NIFTY,BUY,22944.1,22937.05,NIFTY07APR2622900CE,22900.0,CE,99.4,95.85,100.0,95.0,100.0,95.0,0.002014,0.002084,ws,ws,book_ladder,book_ladder,False,False,-0.6,0.85,65,-230.75,strategy_S9-150:NIFTY:2026-04-07T11:27:48:LONG
2026-04-07,11:28:19,2026-04-07,11:28:38,NIFTY,SELL,22935.25,22931.1,NIFTY07APR2622950PE,22950.0,PE,87.65,90.0,90.0,90.0,90.0,90.0,0.001713,0.00222,ws,ws,book_ladder,book_ladder,False,False,-2.35,0.0,65,152.75,strategy_S9-150:NIFTY:2026-04-07T11:28:19:SHORT
2026-04-07,11:29:00,2026-04-07,11:29:25,NIFTY,BUY,22940.65,22940.05,NIFTY07APR2622900CE,22900.0,CE,99.0,98.0,100.0,95.0,100.0,95.0,0.003035,0.002039,ws,ws,book_ladder,book_ladder,False,False,-1.0,3.0,65,-65.0,strategy_S9-150:NIFTY:2026-04-07T11:29:00:LONG
2026-04-07,11:29:42,2026-04-07,11:29:55,NIFTY,BUY,22944.3,22943.75,NIFTY07APR2622900CE,22900.0,CE,101.4,100.6,105.0,100.0,105.0,100.0,0.002469,0.002482,ws,ws,book_ladder,book_ladder,False,False,-3.6,0.6,65,-52.0,strategy_S9-150:NIFTY:2026-04-07T11:29:42:LONG
2026-04-07,11:30:15,2026-04-07,11:30:28,NIFTY,SELL,22938.3,22934.95,NIFTY07APR2622950PE,22950.0,PE,83.3,83.35,85.0,80.0,85.0,80.0,0.001802,0.001199,ws,ws,book_ladder,book_ladder,False,False,-1.7,3.35,65,3.25,strategy_S9-150:NIFTY:2026-04-07T11:30:15:SHORT
2026-04-07,11:31:44,2026-04-07,11:31:47,NIFTY,SELL,22933.8,22935.9,NIFTY07APR2622950PE,22950.0,PE,85.95,86.0,90.0,85.0,90.0,85.0,0.002913,0.002903,ws,ws,book_ladder,book_ladder,False,False,-4.05,1.0,65,3.25,strategy_S9-150:NIFTY:2026-04-07T11:31:44:SHORT
2026-04-07,11:32:35,2026-04-07,11:32:45,NIFTY,BUY,22942.8,22937.5,NIFTY07APR2622900CE,22900.0,CE,101.45,97.9,105.0,95.0,105.0,95.0,0.000986,0.00255,ws,ws,book_ladder,book_ladder,False,False,-3.55,2.9,65,-230.75,strategy_S9-150:NIFTY:2026-04-07T11:32:35:LONG
2026-04-07,11:33:00,2026-04-07,11:33:09,NIFTY,BUY,22942.8,22940.45,NIFTY07APR2622900CE,22900.0,CE,101.4,100.2,105.0,100.0,105.0,100.0,0.002469,0.001496,ws,ws,book_ladder,book_ladder,False,False,-3.6,0.2,65,-78.0,strategy_S9-150:NIFTY:2026-04-07T11:33:00:LONG
2026-04-07,11:33:23,2026-04-07,11:33:29,NIFTY,SELL,22934.15,22936.95,NIFTY07APR2622950PE,22950.0,PE,84.3,84.05,85.0,80.0,85.0,80.0,0.002375,0.00297,ws,ws,book_ladder,book_ladder,False,False,-0.7,4.05,65,-16.25,strategy_S9-150:NIFTY:2026-04-07T11:33:23:SHORT
2026-04-07,11:34:37,2026-04-07,11:34:41,NIFTY,SELL,22935.25,22939.95,NIFTY07APR2622950PE,22950.0,PE,84.75,85.2,85.0,85.0,85.0,85.0,0.002363,0.00293,ws,ws,book_ladder,book_ladder,False,False,-0.25,0.2,65,29.25,strategy_S9-150:NIFTY:2026-04-07T11:34:37:SHORT
2026-04-07,11:34:56,2026-04-07,11:35:09,NIFTY,BUY,22942.25,22942.0,NIFTY07APR2622900CE,22900.0,CE,102.05,99.2,105.0,95.0,105.0,95.0,0.001962,0.002517,ws,ws,book_ladder,book_ladder,False,False,-2.95,4.2,65,-185.25,strategy_S9-150:NIFTY:2026-04-07T11:34:56:LONG
2026-04-07,11:35:20,2026-04-07,11:35:30,NIFTY,SELL,22936.6,22936.55,NIFTY07APR2622950PE,22950.0,PE,84.75,83.95,85.0,80.0,85.0,80.0,0.001181,0.002974,ws,ws,book_ladder,book_ladder,False,False,-0.25,3.95,65,-52.0,strategy_S9-150:NIFTY:2026-04-07T11:35:20:SHORT
2026-04-07,11:36:15,2026-04-07,11:36:30,NIFTY,SELL,22934.9,22935.75,NIFTY07APR2622950PE,22950.0,PE,85.55,85.0,90.0,85.0,90.0,85.0,0.002927,0.00235,ws,ws,book_ladder,book_ladder,False,False,-4.45,0.0,65,-35.75,strategy_S9-150:NIFTY:2026-04-07T11:36:15:SHORT
2026-04-07,11:37:39,2026-04-07,11:37:49,NIFTY,SELL,22927.75,22930.05,NIFTY07APR2622950PE,22950.0,PE,87.95,87.05,90.0,85.0,90.0,85.0,0.002847,0.002295,ws,ws,book_ladder,book_ladder,False,False,-2.05,2.05,65,-58.5,strategy_S9-150:NIFTY:2026-04-07T11:37:39:SHORT
2026-04-07,11:38:20,2026-04-07,11:39:22,NIFTY,BUY,22934.75,22952.8,NIFTY07APR2622900CE,22900.0,CE,95.45,108.8,100.0,105.0,100.0,105.0,0.002623,0.001837,ws,ws,book_ladder,book_ladder,False,False,-4.55,3.8,65,867.75,strategy_S9-150:NIFTY:2026-04-07T11:38:20:LONG
2026-04-07,11:40:05,2026-04-07,11:40:30,NIFTY,SELL,22940.55,22932.6,NIFTY07APR2622950PE,22950.0,PE,80.9,84.9,85.0,80.0,85.0,80.0,0.003095,0.001765,ws,ws,book_ladder,book_ladder,False,False,-4.1,4.9,65,260.0,strategy_S9-150:NIFTY:2026-04-07T11:40:05:SHORT
2026-04-07,11:40:56,2026-04-07,11:41:34,NIFTY,SELL,22922.85,22915.75,NIFTY07APR2622950PE,22950.0,PE,87.05,92.3,90.0,90.0,90.0,90.0,0.002876,0.002705,ws,ws,book_ladder,book_ladder,False,False,-2.95,2.3,65,341.25,strategy_S9-150:NIFTY:2026-04-07T11:40:56:SHORT
2026-04-07,11:41:45,2026-04-07,11:42:12,NIFTY,BUY,22922.5,22927.6,NIFTY07APR2622900CE,22900.0,CE,88.05,88.95,90.0,85.0,90.0,85.0,0.002843,0.002246,ws,ws,book_ladder,book_ladder,False,False,-1.95,3.95,65,58.5,strategy_S9-150:NIFTY:2026-04-07T11:41:45:LONG
2026-04-07,11:43:00,2026-04-07,11:43:17,NIFTY,BUY,22930.0,22930.45,NIFTY07APR2622900CE,22900.0,CE,91.65,91.8,95.0,90.0,95.0,90.0,0.002185,0.001089,ws,ws,book_ladder,book_ladder,False,False,-3.35,1.8,65,9.75,strategy_S9-150:NIFTY:2026-04-07T11:43:00:LONG
2026-04-07,11:43:54,2026-04-07,11:44:00,NIFTY,SELL,22920.7,22922.9,NIFTY07APR2622950PE,22950.0,PE,92.65,93.5,95.0,90.0,95.0,90.0,0.002702,0.001603,ws,ws,book_ladder,book_ladder,False,False,-2.35,3.5,65,55.25,strategy_S9-150:NIFTY:2026-04-07T11:43:54:SHORT
2026-04-07,11:45:19,2026-04-07,11:45:30,NIFTY,SELL,22919.35,22918.1,NIFTY07APR2622950PE,22950.0,PE,93.6,94.0,95.0,90.0,95.0,90.0,0.00321,0.002656,ws,ws,book_ladder,book_ladder,False,False,-1.4,4.0,65,26.0,strategy_S9-150:NIFTY:2026-04-07T11:45:19:SHORT
2026-04-07,11:45:49,2026-04-07,11:46:10,NIFTY,BUY,22924.25,22926.3,NIFTY07APR2622900CE,22900.0,CE,87.35,88.7,90.0,85.0,90.0,85.0,0.001719,0.002252,ws,ws,book_ladder,book_ladder,False,False,-2.65,3.7,65,87.75,strategy_S9-150:NIFTY:2026-04-07T11:45:49:LONG
2026-04-07,11:46:40,2026-04-07,11:47:16,NIFTY,SELL,22918.25,22909.6,NIFTY07APR2622950PE,22950.0,PE,93.65,98.25,95.0,95.0,95.0,95.0,0.001603,0.002541,ws,ws,book_ladder,book_ladder,False,False,-1.35,3.25,65,299.0,strategy_S9-150:NIFTY:2026-04-07T11:46:40:SHORT
2026-04-07,11:48:07,2026-04-07,11:48:30,NIFTY,SELL,22905.85,22906.6,NIFTY07APR2622950PE,22950.0,PE,100.9,102.05,105.0,100.0,105.0,100.0,0.002481,0.002447,ws,ws,book_ladder,book_ladder,False,False,-4.1,2.05,65,74.75,strategy_S9-150:NIFTY:2026-04-07T11:48:07:SHORT
2026-04-07,11:48:49,2026-04-07,11:48:57,NIFTY,BUY,22919.6,22917.85,NIFTY07APR2622900CE,22900.0,CE,82.7,82.85,85.0,80.0,85.0,80.0,0.003028,0.003013,ws,ws,book_ladder,book_ladder,False,False,-2.3,2.85,65,9.75,strategy_S9-150:NIFTY:2026-04-07T11:48:49:LONG
2026-04-07,11:49:19,2026-04-07,11:49:29,NIFTY,BUY,22925.8,22923.1,NIFTY07APR2622900CE,22900.0,CE,85.05,83.65,90.0,80.0,90.0,80.0,0.000588,0.002984,ws,ws,book_ladder,book_ladder,False,False,-4.95,3.65,65,-91.0,strategy_S9-150:NIFTY:2026-04-07T11:49:19:LONG
2026-04-07,11:51:05,2026-04-07,11:51:16,NIFTY,SELL,22917.1,22919.8,NIFTY07APR2622950PE,22950.0,PE,94.0,92.6,95.0,90.0,95.0,90.0,0.002663,0.002157,ws,ws,book_ladder,book_ladder,False,False,-1.0,2.6,65,-91.0,strategy_S9-150:NIFTY:2026-04-07T11:51:05:SHORT
2026-04-07,11:51:30,2026-04-07,11:51:53,NIFTY,BUY,22922.75,22928.6,NIFTY07APR2622900CE,22900.0,CE,83.25,85.9,85.0,85.0,85.0,85.0,0.002405,0.002326,ws,ws,book_ladder,book_ladder,False,False,-1.75,0.9,65,172.25,strategy_S9-150:NIFTY:2026-04-07T11:51:30:LONG
2026-04-07,11:53:30,2026-04-07,11:53:36,NIFTY,BUY,22931.9,22929.6,NIFTY07APR2622900CE,22900.0,CE,88.4,87.0,90.0,85.0,90.0,85.0,0.002832,0.002296,ws,ws,book_ladder,book_ladder,False,False,-1.6,2.0,65,-91.0,strategy_S9-150:NIFTY:2026-04-07T11:53:30:LONG
2026-04-07,11:54:30,2026-04-07,11:54:57,NIFTY,BUY,22932.45,22941.65,NIFTY07APR2622900CE,22900.0,CE,89.7,97.15,90.0,95.0,90.0,95.0,0.002232,0.00257,ws,ws,book_ladder,book_ladder,False,False,-0.3,2.15,65,484.25,strategy_S9-150:NIFTY:2026-04-07T11:54:30:LONG
2026-04-07,11:55:00,2026-04-07,11:55:37,NIFTY,BUY,22944.35,22955.35,NIFTY07APR2622900CE,22900.0,CE,99.25,106.7,100.0,105.0,100.0,105.0,0.001512,0.002808,ws,ws,book_ladder,book_ladder,False,False,-0.75,1.7,65,484.25,strategy_S9-150:NIFTY:2026-04-07T11:55:00:LONG
2026-04-07,11:56:00,2026-04-07,11:56:16,NIFTY,BUY,22957.6,22962.75,NIFTY07APR2622950CE,22950.0,CE,80.75,83.3,85.0,80.0,85.0,80.0,0.003722,0.002398,ws,ws,book_ladder,book_ladder,False,False,-4.25,3.3,65,165.75,strategy_S9-150:NIFTY:2026-04-07T11:56:00:LONG
2026-04-07,11:56:44,2026-04-07,11:57:08,NIFTY,BUY,22971.8,22981.0,NIFTY07APR2622950CE,22950.0,CE,87.65,97.2,90.0,95.0,90.0,95.0,0.002284,0.003082,ws,ws,book_ladder,book_ladder,False,False,-2.35,2.2,65,620.75,strategy_S9-150:NIFTY:2026-04-07T11:56:44:LONG
2026-04-07,11:57:30,2026-04-07,11:57:42,NIFTY,BUY,22983.15,22986.9,NIFTY07APR2622950CE,22950.0,CE,96.85,99.5,100.0,95.0,100.0,95.0,0.002067,0.002008,ws,ws,book_ladder,book_ladder,False,False,-3.15,4.5,65,172.25,strategy_S9-150:NIFTY:2026-04-07T11:57:30:LONG
2026-04-07,11:58:25,2026-04-07,11:58:45,NIFTY,SELL,22978.85,22978.4,NIFTY07APR2623000PE,23000.0,PE,84.45,83.15,85.0,80.0,85.0,80.0,0.000592,0.003002,ws,ws,book_ladder,book_ladder,False,False,-0.55,3.15,65,-84.5,strategy_S9-150:NIFTY:2026-04-07T11:58:25:SHORT
2026-04-07,11:59:00,2026-04-07,11:59:07,NIFTY,BUY,22983.8,22982.75,NIFTY07APR2622950CE,22950.0,CE,96.65,95.85,100.0,95.0,100.0,95.0,0.00259,0.003125,ws,ws,book_ladder,book_ladder,False,False,-3.35,0.85,65,-52.0,strategy_S9-150:NIFTY:2026-04-07T11:59:00:LONG
2026-04-07,11:59:30,2026-04-07,11:59:38,NIFTY,BUY,22988.9,22986.85,NIFTY07APR2622950CE,22950.0,CE,100.3,99.05,105.0,95.0,105.0,95.0,0.002496,0.001513,ws,ws,book_ladder,book_ladder,False,False,-4.7,4.05,65,-81.25,strategy_S9-150:NIFTY:2026-04-07T11:59:30:LONG
2026-04-07,12:00:27,2026-04-07,12:00:56,NIFTY,SELL,22982.7,22973.25,NIFTY07APR2623000PE,23000.0,PE,78.8,82.9,80.0,80.0,80.0,80.0,0.003178,0.003612,ws,ws,book_ladder,book_ladder,False,False,-1.2,2.9,65,266.5,strategy_S9-150:NIFTY:2026-04-07T12:00:27:SHORT
2026-04-07,12:01:16,2026-04-07,12:01:30,NIFTY,SELL,22971.5,22974.9,NIFTY07APR2623000PE,23000.0,PE,84.75,82.25,85.0,80.0,85.0,80.0,0.002954,0.002429,ws,ws,book_ladder,book_ladder,False,False,-0.25,2.25,65,-162.5,strategy_S9-150:NIFTY:2026-04-07T12:01:16:SHORT
2026-04-07,12:01:46,2026-04-07,12:02:30,NIFTY,SELL,22970.8,22956.5,NIFTY07APR2623000PE,23000.0,PE,84.0,91.35,85.0,90.0,85.0,90.0,0.001787,0.002733,ws,ws,book_ladder,book_ladder,False,False,-1.0,1.35,65,477.75,strategy_S9-150:NIFTY:2026-04-07T12:01:46:SHORT
2026-04-07,12:03:10,2026-04-07,12:03:30,NIFTY,SELL,22951.2,22948.45,NIFTY07APR2623000PE,23000.0,PE,95.8,102.15,100.0,100.0,100.0,100.0,0.003136,0.002933,ws,ws,book_ladder,book_ladder,False,False,-4.2,2.15,65,412.75,strategy_S9-150:NIFTY:2026-04-07T12:03:10:SHORT
2026-04-07,12:05:11,2026-04-07,12:05:27,NIFTY,SELL,22939.25,22929.95,NIFTY07APR2622950PE,22950.0,PE,76.6,83.2,80.0,80.0,80.0,80.0,0.002614,0.003,ws,ws,book_ladder,book_ladder,False,False,-3.4,3.2,65,429.0,strategy_S9-150:NIFTY:2026-04-07T12:05:11:SHORT
2026-04-07,12:06:05,2026-04-07,12:06:16,NIFTY,SELL,22933.6,22936.15,NIFTY07APR2622950PE,22950.0,PE,81.1,80.65,85.0,80.0,85.0,80.0,0.002469,0.002477,ws,ws,book_ladder,book_ladder,False,False,-3.9,0.65,65,-29.25,strategy_S9-150:NIFTY:2026-04-07T12:06:05:SHORT
2026-04-07,12:07:00,2026-04-07,12:07:24,NIFTY,BUY,22942.95,22938.9,NIFTY07APR2622900CE,22900.0,CE,96.35,92.15,100.0,90.0,100.0,90.0,0.002598,0.002168,ws,ws,book_ladder,book_ladder,False,False,-3.65,2.15,65,-273.0,strategy_S9-150:NIFTY:2026-04-07T12:07:00:LONG
2026-04-07,12:08:30,2026-04-07,12:08:50,NIFTY,BUY,22944.25,22945.3,NIFTY07APR2622900CE,22900.0,CE,95.25,98.85,100.0,95.0,100.0,95.0,0.003155,0.002526,ws,ws,book_ladder,book_ladder,False,False,-4.75,3.85,65,234.0,strategy_S9-150:NIFTY:2026-04-07T12:08:30:LONG
2026-04-07,12:09:46,2026-04-07,12:09:55,NIFTY,BUY,22949.45,22948.55,NIFTY07APR2622900CE,22900.0,CE,98.3,101.0,100.0,100.0,100.0,100.0,0.002546,0.002472,ws,ws,book_ladder,book_ladder,False,False,-1.7,1.0,65,175.5,strategy_S9-150:NIFTY:2026-04-07T12:09:46:LONG
2026-04-07,12:10:10,2026-04-07,12:10:19,NIFTY,SELL,22934.7,22938.95,NIFTY07APR2622950PE,22950.0,PE,77.9,77.0,80.0,75.0,80.0,75.0,0.002571,0.001946,ws,ws,book_ladder,book_ladder,False,False,-2.1,2.0,65,-58.5,strategy_S9-150:NIFTY:2026-04-07T12:10:10:SHORT
2026-04-07,12:11:04,2026-04-07,12:11:34,NIFTY,SELL,22935.1,22927.85,NIFTY07APR2622950PE,22950.0,PE,77.15,81.55,80.0,80.0,80.0,80.0,0.001946,0.003061,ws,ws,book_ladder,book_ladder,False,False,-2.85,1.55,65,286.0,strategy_S9-150:NIFTY:2026-04-07T12:11:04:SHORT
2026-04-07,12:12:06,2026-04-07,12:12:26,NIFTY,SELL,22916.3,22912.05,NIFTY07APR2622950PE,22950.0,PE,90.45,95.3,95.0,95.0,95.0,95.0,0.002214,0.003143,ws,ws,book_ladder,book_ladder,False,False,-4.55,0.3,65,315.25,strategy_S9-150:NIFTY:2026-04-07T12:12:06:SHORT
2026-04-07,12:12:51,2026-04-07,12:12:57,NIFTY,BUY,22928.35,22925.85,NIFTY07APR2622900CE,22900.0,CE,86.25,83.4,90.0,80.0,90.0,80.0,0.002322,0.002993,ws,ws,book_ladder,book_ladder,False,False,-3.75,3.4,65,-185.25,strategy_S9-150:NIFTY:2026-04-07T12:12:51:LONG
2026-04-07,12:13:30,2026-04-07,12:13:55,NIFTY,BUY,22937.55,22942.7,NIFTY07APR2622900CE,22900.0,CE,89.5,92.45,90.0,90.0,90.0,90.0,0.001677,0.002161,ws,ws,book_ladder,book_ladder,False,False,-0.5,2.45,65,191.75,strategy_S9-150:NIFTY:2026-04-07T12:13:30:LONG
2026-04-07,12:14:46,2026-04-07,12:14:54,NIFTY,BUY,22944.1,22942.0,NIFTY07APR2622900CE,22900.0,CE,93.0,92.4,95.0,90.0,95.0,90.0,0.002153,0.002162,ws,ws,book_ladder,book_ladder,False,False,-2.0,2.4,65,-39.0,strategy_S9-150:NIFTY:2026-04-07T12:14:46:LONG
2026-04-07,12:15:16,2026-04-07,12:15:40,NIFTY,BUY,22944.55,22944.8,NIFTY07APR2622900CE,22900.0,CE,93.15,92.2,95.0,90.0,95.0,90.0,0.002149,0.002167,ws,ws,book_ladder,book_ladder,False,False,-1.85,2.2,65,-61.75,strategy_S9-150:NIFTY:2026-04-07T12:15:16:LONG
2026-04-07,12:16:30,2026-04-07,12:16:43,NIFTY,SELL,22930.6,22928.05,NIFTY07APR2622950PE,22950.0,PE,81.5,81.35,85.0,80.0,85.0,80.0,0.001842,0.001842,ws,ws,book_ladder,book_ladder,False,False,-3.5,1.35,65,-9.75,strategy_S9-150:NIFTY:2026-04-07T12:16:30:SHORT
2026-04-07,12:17:14,2026-04-07,12:17:25,NIFTY,BUY,22941.2,22940.5,NIFTY07APR2622900CE,22900.0,CE,91.55,90.85,95.0,90.0,95.0,90.0,0.002734,0.002748,ws,ws,book_ladder,book_ladder,False,False,-3.45,0.85,65,-45.5,strategy_S9-150:NIFTY:2026-04-07T12:17:14:LONG
2026-04-07,12:18:15,2026-04-07,12:18:20,NIFTY,BUY,22941.4,22939.0,NIFTY07APR2622900CE,22900.0,CE,90.85,89.25,95.0,85.0,95.0,85.0,0.002756,0.002797,ws,ws,book_ladder,book_ladder,False,False,-4.15,4.25,65,-104.0,strategy_S9-150:NIFTY:2026-04-07T12:18:15:LONG
2026-04-07,12:18:32,2026-04-07,12:19:12,NIFTY,SELL,22934.9,22925.55,NIFTY07APR2622950PE,22950.0,PE,79.0,82.3,80.0,80.0,80.0,80.0,0.001267,0.001214,ws,ws,book_ladder,book_ladder,False,False,-1.0,2.3,65,214.5,strategy_S9-150:NIFTY:2026-04-07T12:18:32:SHORT
2026-04-07,12:19:30,2026-04-07,12:19:59,NIFTY,BUY,22929.75,22930.15,NIFTY07APR2622900CE,22900.0,CE,83.1,83.65,85.0,80.0,85.0,80.0,0.001807,0.001792,ws,ws,book_ladder,book_ladder,False,False,-1.9,3.65,65,35.75,strategy_S9-150:NIFTY:2026-04-07T12:19:30:LONG
2026-04-07,12:20:25,2026-04-07,12:20:45,NIFTY,SELL,22927.05,22929.0,NIFTY07APR2622950PE,22950.0,PE,84.1,80.05,85.0,80.0,85.0,80.0,0.002381,0.001872,ws,ws,book_ladder,book_ladder,False,False,-0.9,0.05,65,-263.25,strategy_S9-150:NIFTY:2026-04-07T12:20:25:SHORT
2026-04-07,12:21:42,2026-04-07,12:21:50,NIFTY,SELL,22923.3,22911.6,NIFTY07APR2622950PE,22950.0,PE,85.3,90.7,90.0,90.0,90.0,90.0,0.00176,0.000551,ws,ws,book_ladder,book_ladder,False,False,-4.7,0.7,65,351.0,strategy_S9-150:NIFTY:2026-04-07T12:21:42:SHORT
2026-04-07,12:22:35,2026-04-07,12:22:48,NIFTY,BUY,22915.45,22912.9,NIFTY07APR2622900CE,22900.0,CE,73.15,74.15,75.0,70.0,75.0,70.0,0.003423,0.002021,ws,ws,book_ladder,book_ladder,False,False,-1.85,4.15,65,65.0,strategy_S9-150:NIFTY:2026-04-07T12:22:35:LONG
2026-04-07,12:23:00,2026-04-07,12:23:06,NIFTY,BUY,22916.2,22911.75,NIFTY07APR2622900CE,22900.0,CE,75.0,73.8,75.0,70.0,75.0,70.0,0.001334,0.00203,ws,ws,book_ladder,book_ladder,False,False,0.0,3.8,65,-78.0,strategy_S9-150:NIFTY:2026-04-07T12:23:00:LONG
2026-04-07,12:23:53,2026-04-07,12:24:00,NIFTY,SELL,22906.65,22909.1,NIFTY07APR2622950PE,22950.0,PE,95.95,95.05,100.0,95.0,100.0,95.0,0.002087,0.001052,ws,ws,book_ladder,book_ladder,False,False,-4.05,0.05,65,-58.5,strategy_S9-150:NIFTY:2026-04-07T12:23:53:SHORT
2026-04-07,12:24:45,2026-04-07,12:24:56,NIFTY,BUY,22914.4,22911.2,NIFTY07APR2622900CE,22900.0,CE,74.1,71.65,75.0,70.0,75.0,70.0,0.002703,0.000698,ws,ws,book_ladder,book_ladder,False,False,-0.9,1.65,65,-159.25,strategy_S9-150:NIFTY:2026-04-07T12:24:45:LONG
2026-04-07,12:25:15,2026-04-07,12:25:59,NIFTY,BUY,22917.25,22919.75,NIFTY07APR2622900CE,22900.0,CE,76.45,77.4,80.0,75.0,80.0,75.0,0.001964,0.002581,ws,ws,book_ladder,book_ladder,False,False,-3.55,2.4,65,61.75,strategy_S9-150:NIFTY:2026-04-07T12:25:15:LONG
2026-04-07,12:28:15,2026-04-07,12:28:47,NIFTY,BUY,22915.95,22924.1,NIFTY07APR2622900CE,22900.0,CE,78.25,80.55,80.0,80.0,80.0,80.0,0.001919,0.003099,ws,ws,book_ladder,book_ladder,False,False,-1.75,0.55,65,149.5,strategy_S9-150:NIFTY:2026-04-07T12:28:15:LONG
2026-04-07,12:30:03,2026-04-07,12:30:20,NIFTY,BUY,22927.7,22930.4,NIFTY07APR2622900CE,22900.0,CE,84.85,85.95,85.0,85.0,85.0,85.0,0.00236,0.002324,ws,ws,book_ladder,book_ladder,False,False,-0.15,0.95,65,71.5,strategy_S9-150:NIFTY:2026-04-07T12:30:03:LONG
2026-04-07,12:31:30,2026-04-07,12:31:52,NIFTY,BUY,22934.4,22940.05,NIFTY07APR2622900CE,22900.0,CE,86.75,89.6,90.0,85.0,90.0,85.0,0.002308,0.00223,ws,ws,book_ladder,book_ladder,False,False,-3.25,4.6,65,185.25,strategy_S9-150:NIFTY:2026-04-07T12:31:30:LONG
2026-04-07,12:32:47,2026-04-07,12:33:15,NIFTY,SELL,22935.9,22930.75,NIFTY07APR2622950PE,22950.0,PE,73.7,76.95,75.0,75.0,75.0,75.0,0.002037,0.003244,ws,ws,book_ladder,book_ladder,False,False,-1.3,1.95,65,211.25,strategy_S9-150:NIFTY:2026-04-07T12:32:47:SHORT
2026-04-07,12:33:53,2026-04-07,12:34:11,NIFTY,SELL,22926.4,22930.05,NIFTY07APR2622950PE,22950.0,PE,79.35,76.35,80.0,75.0,80.0,75.0,0.002524,0.001309,ws,ws,book_ladder,book_ladder,False,False,-0.65,1.35,65,-195.0,strategy_S9-150:NIFTY:2026-04-07T12:33:53:SHORT
2026-04-07,12:34:30,2026-04-07,12:34:50,NIFTY,BUY,22935.8,22935.8,NIFTY07APR2622900CE,22900.0,CE,87.4,85.3,90.0,85.0,90.0,85.0,0.001718,0.002927,ws,ws,book_ladder,book_ladder,False,False,-2.6,0.3,65,-136.5,strategy_S9-150:NIFTY:2026-04-07T12:34:30:LONG
2026-04-07,12:36:34,2026-04-07,12:36:52,NIFTY,SELL,22933.55,22929.4,NIFTY07APR2622950PE,22950.0,PE,77.1,80.8,80.0,80.0,80.0,80.0,0.003248,0.003089,ws,ws,book_ladder,book_ladder,False,False,-2.9,0.8,65,240.5,strategy_S9-150:NIFTY:2026-04-07T12:36:34:SHORT
2026-04-07,12:37:21,2026-04-07,12:38:08,NIFTY,BUY,22936.05,22940.05,NIFTY07APR2622900CE,22900.0,CE,86.8,91.0,90.0,90.0,90.0,90.0,0.00173,0.002195,ws,ws,book_ladder,book_ladder,False,False,-3.2,1.0,65,273.0,strategy_S9-150:NIFTY:2026-04-07T12:37:21:LONG
2026-04-07,12:38:37,2026-04-07,12:38:52,NIFTY,SELL,22931.75,22935.0,NIFTY07APR2622950PE,22950.0,PE,75.0,73.55,75.0,70.0,75.0,70.0,0.002002,0.002037,ws,ws,book_ladder,book_ladder,False,False,0.0,3.55,65,-94.25,strategy_S9-150:NIFTY:2026-04-07T12:38:37:SHORT
2026-04-07,12:39:32,2026-04-07,12:40:23,NIFTY,BUY,22940.8,22950.05,NIFTY07APR2622900CE,22900.0,CE,88.65,91.0,90.0,90.0,90.0,90.0,0.002259,0.002743,ws,ws,book_ladder,book_ladder,False,False,-1.35,1.0,65,152.75,strategy_S9-150:NIFTY:2026-04-07T12:39:32:LONG
2026-04-07,12:42:16,2026-04-07,12:42:35,NIFTY,SELL,22943.65,22941.75,NIFTY07APR2622950PE,22950.0,PE,69.25,69.75,70.0,65.0,70.0,65.0,0.002892,0.001433,ws,ws,book_ladder,book_ladder,False,False,-0.75,4.75,65,32.5,strategy_S9-150:NIFTY:2026-04-07T12:42:16:SHORT
2026-04-07,12:42:46,2026-04-07,12:43:04,NIFTY,SELL,22938.4,22936.25,NIFTY07APR2622950PE,22950.0,PE,70.25,71.15,75.0,70.0,75.0,70.0,0.001425,0.002807,ws,ws,book_ladder,book_ladder,False,False,-4.75,1.15,65,58.5,strategy_S9-150:NIFTY:2026-04-07T12:42:46:SHORT
2026-04-07,12:43:32,2026-04-07,12:43:40,NIFTY,BUY,22941.55,22941.45,NIFTY07APR2622900CE,22900.0,CE,89.15,90.45,90.0,90.0,90.0,90.0,0.001684,0.00276,ws,ws,book_ladder,book_ladder,False,False,-0.85,0.45,65,84.5,strategy_S9-150:NIFTY:2026-04-07T12:43:32:LONG
2026-04-07,12:44:00,2026-04-07,12:44:11,NIFTY,BUY,22946.5,22948.4,NIFTY07APR2622900CE,22900.0,CE,93.55,93.0,95.0,90.0,95.0,90.0,0.002676,0.002148,ws,ws,book_ladder,book_ladder,False,False,-1.45,3.0,65,-35.75,strategy_S9-150:NIFTY:2026-04-07T12:44:00:LONG
2026-04-07,12:46:40,2026-04-07,12:47:00,NIFTY,SELL,22941.85,22940.85,NIFTY07APR2622950PE,22950.0,PE,69.0,69.7,70.0,65.0,70.0,65.0,0.002176,0.002865,ws,ws,book_ladder,book_ladder,False,False,-1.0,4.7,65,45.5,strategy_S9-150:NIFTY:2026-04-07T12:46:40:SHORT
2026-04-07,12:47:16,2026-04-07,12:47:36,NIFTY,SELL,22938.05,22934.15,NIFTY07APR2622950PE,22950.0,PE,69.2,71.2,70.0,70.0,70.0,70.0,0.00217,0.002805,ws,ws,book_ladder,book_ladder,False,False,-0.8,1.2,65,130.0,strategy_S9-150:NIFTY:2026-04-07T12:47:16:SHORT
2026-04-07,12:48:14,2026-04-07,12:48:47,NIFTY,BUY,22940.95,22944.15,NIFTY07APR2622900CE,22900.0,CE,88.05,90.65,90.0,90.0,90.0,90.0,0.002843,0.002204,ws,ws,book_ladder,book_ladder,False,False,-1.95,0.65,65,169.0,strategy_S9-150:NIFTY:2026-04-07T12:48:14:LONG
2026-04-07,12:49:08,2026-04-07,12:49:20,NIFTY,BUY,22948.3,22944.85,NIFTY07APR2622900CE,22900.0,CE,91.0,89.05,95.0,85.0,95.0,85.0,0.002751,0.002243,ws,ws,book_ladder,book_ladder,False,False,-4.0,4.05,65,-126.75,strategy_S9-150:NIFTY:2026-04-07T12:49:08:LONG
2026-04-07,12:49:30,2026-04-07,12:49:37,NIFTY,BUY,22948.5,22944.35,NIFTY07APR2622900CE,22900.0,CE,90.65,86.75,95.0,85.0,95.0,85.0,0.001656,0.002303,ws,ws,book_ladder,book_ladder,False,False,-4.35,1.75,65,-253.5,strategy_S9-150:NIFTY:2026-04-07T12:49:30:LONG
2026-04-07,12:50:18,2026-04-07,12:50:21,NIFTY,BUY,22950.95,22945.4,NIFTY07APR2622950CE,22950.0,CE,65.55,62.15,70.0,60.0,70.0,60.0,0.002291,0.002411,ws,ws,book_ladder,book_ladder,False,False,-4.45,2.15,65,-221.0,strategy_S9-150:NIFTY:2026-04-07T12:50:18:LONG
2026-04-07,12:50:45,2026-04-07,12:50:50,NIFTY,BUY,22951.1,22948.7,NIFTY07APR2622950CE,22950.0,CE,63.8,63.75,65.0,60.0,65.0,60.0,0.002354,0.003132,ws,ws,book_ladder,book_ladder,False,False,-1.2,3.75,65,-3.25,strategy_S9-150:NIFTY:2026-04-07T12:50:45:LONG
2026-04-07,12:51:40,2026-04-07,12:52:22,NIFTY,SELL,22943.05,22927.15,NIFTY07APR2622950PE,22950.0,PE,70.2,78.65,75.0,75.0,75.0,75.0,0.001426,0.001905,ws,ws,book_ladder,book_ladder,False,False,-4.8,3.65,65,549.25,strategy_S9-150:NIFTY:2026-04-07T12:51:40:SHORT
2026-04-07,12:53:01,2026-04-07,12:53:20,NIFTY,BUY,22931.9,22936.6,NIFTY07APR2622900CE,22900.0,CE,80.5,80.2,85.0,80.0,85.0,80.0,0.002488,0.003112,ws,ws,book_ladder,book_ladder,False,False,-4.5,0.2,65,-19.5,strategy_S9-150:NIFTY:2026-04-07T12:53:01:LONG
2026-04-07,12:53:30,2026-04-07,12:53:36,NIFTY,BUY,22940.8,22936.5,NIFTY07APR2622900CE,22900.0,CE,82.5,80.4,85.0,80.0,85.0,80.0,0.002427,0.001243,ws,ws,book_ladder,book_ladder,False,False,-2.5,0.4,65,-136.5,strategy_S9-150:NIFTY:2026-04-07T12:53:30:LONG
2026-04-07,12:55:21,2026-04-07,12:55:29,NIFTY,BUY,22943.25,22941.25,NIFTY07APR2622900CE,22900.0,CE,87.35,84.15,90.0,80.0,90.0,80.0,0.002292,0.002374,ws,ws,book_ladder,book_ladder,False,False,-2.65,4.15,65,-208.0,strategy_S9-150:NIFTY:2026-04-07T12:55:21:LONG
2026-04-07,12:55:47,2026-04-07,12:55:56,NIFTY,BUY,22944.15,22941.65,NIFTY07APR2622900CE,22900.0,CE,87.3,86.3,90.0,85.0,90.0,85.0,0.002294,0.002893,ws,ws,book_ladder,book_ladder,False,False,-2.7,1.3,65,-65.0,strategy_S9-150:NIFTY:2026-04-07T12:55:47:LONG
2026-04-07,12:58:48,2026-04-07,12:58:56,NIFTY,SELL,22921.5,22925.5,NIFTY07APR2622950PE,22950.0,PE,78.35,77.45,80.0,75.0,80.0,75.0,0.001277,0.003223,ws,ws,book_ladder,book_ladder,False,False,-1.65,2.45,65,-58.5,strategy_S9-150:NIFTY:2026-04-07T12:58:48:SHORT
2026-04-07,12:59:38,2026-04-07,12:59:46,NIFTY,SELL,22917.15,22917.45,NIFTY07APR2622950PE,22950.0,PE,80.7,81.45,85.0,80.0,85.0,80.0,0.003103,0.002452,ws,ws,book_ladder,book_ladder,False,False,-4.3,1.45,65,48.75,strategy_S9-150:NIFTY:2026-04-07T12:59:38:SHORT
2026-04-07,13:01:40,2026-04-07,13:01:42,NIFTY,SELL,22915.8,22919.95,NIFTY07APR2622950PE,22950.0,PE,83.55,82.7,85.0,80.0,85.0,80.0,0.002397,0.003018,ws,ws,book_ladder,book_ladder,False,False,-1.45,2.7,65,-55.25,strategy_S9-150:NIFTY:2026-04-07T13:01:40:SHORT
2026-04-07,13:02:01,2026-04-07,13:02:16,NIFTY,SELL,22911.55,22911.6,NIFTY07APR2622950PE,22950.0,PE,82.8,87.45,85.0,85.0,85.0,85.0,0.001208,0.002284,ws,ws,book_ladder,book_ladder,False,False,-2.2,2.45,65,302.25,strategy_S9-150:NIFTY:2026-04-07T13:02:01:SHORT
2026-04-07,13:02:45,2026-04-07,13:03:25,NIFTY,BUY,22923.7,22937.9,NIFTY07APR2622900CE,22900.0,CE,72.4,79.95,75.0,75.0,75.0,75.0,0.002074,0.001874,ws,ws,book_ladder,book_ladder,False,False,-2.6,4.95,65,490.75,strategy_S9-150:NIFTY:2026-04-07T13:02:45:LONG
2026-04-07,13:05:19,2026-04-07,13:05:34,NIFTY,SELL,22932.7,22932.6,NIFTY07APR2622950PE,22950.0,PE,70.6,66.45,75.0,65.0,75.0,65.0,0.002837,0.003005,ws,ws,book_ladder,book_ladder,False,False,-4.4,1.45,65,-269.75,strategy_S9-150:NIFTY:2026-04-07T13:05:19:SHORT
2026-04-07,13:05:49,2026-04-07,13:06:14,NIFTY,SELL,22928.7,22923.35,NIFTY07APR2622950PE,22950.0,PE,70.5,73.55,75.0,70.0,75.0,70.0,0.002841,0.003393,ws,ws,book_ladder,book_ladder,False,False,-4.5,3.55,65,198.25,strategy_S9-150:NIFTY:2026-04-07T13:05:49:SHORT
2026-04-07,13:06:45,2026-04-07,13:06:55,NIFTY,BUY,22925.1,22922.6,NIFTY07APR2622900CE,22900.0,CE,72.1,70.95,75.0,70.0,75.0,70.0,0.001388,0.002112,ws,ws,book_ladder,book_ladder,False,False,-2.9,0.95,65,-74.75,strategy_S9-150:NIFTY:2026-04-07T13:06:45:LONG
2026-04-07,13:07:47,2026-04-07,13:07:54,NIFTY,SELL,22919.7,22921.95,NIFTY07APR2622950PE,22950.0,PE,75.4,73.7,80.0,70.0,80.0,70.0,0.002656,0.00271,ws,ws,book_ladder,book_ladder,False,False,-4.6,3.7,65,-110.5,strategy_S9-150:NIFTY:2026-04-07T13:07:47:SHORT
2026-04-07,13:08:15,2026-04-07,13:08:33,NIFTY,SELL,22918.25,22918.9,NIFTY07APR2622950PE,22950.0,PE,77.4,80.5,80.0,80.0,80.0,80.0,0.001293,0.001862,ws,ws,book_ladder,book_ladder,False,False,-2.6,0.5,65,201.5,strategy_S9-150:NIFTY:2026-04-07T13:08:15:SHORT
2026-04-07,13:09:17,2026-04-07,13:09:31,NIFTY,SELL,22915.8,22914.8,NIFTY07APR2622950PE,22950.0,PE,75.9,76.9,80.0,75.0,80.0,75.0,0.001318,0.001949,ws,ws,book_ladder,book_ladder,False,False,-4.1,1.9,65,65.0,strategy_S9-150:NIFTY:2026-04-07T13:09:17:SHORT
2026-04-07,13:09:47,2026-04-07,13:09:56,NIFTY,SELL,22911.55,22913.65,NIFTY07APR2622950PE,22950.0,PE,77.5,77.6,80.0,75.0,80.0,75.0,0.001291,0.002574,ws,ws,book_ladder,book_ladder,False,False,-2.5,2.6,65,6.5,strategy_S9-150:NIFTY:2026-04-07T13:09:47:SHORT
2026-04-07,13:10:58,2026-04-07,13:11:42,NIFTY,BUY,22915.65,22928.85,NIFTY07APR2622900CE,22900.0,CE,71.35,68.9,75.0,65.0,75.0,65.0,0.002807,0.00145,ws,ws,book_ladder,book_ladder,False,False,-3.65,3.9,65,-159.25,strategy_S9-150:NIFTY:2026-04-07T13:10:58:LONG
2026-04-07,13:12:45,2026-04-07,13:12:56,NIFTY,BUY,22931.05,22929.45,NIFTY07APR2622900CE,22900.0,CE,70.4,69.0,75.0,65.0,75.0,65.0,0.002133,0.002894,ws,ws,book_ladder,book_ladder,False,False,-4.6,4.0,65,-91.0,strategy_S9-150:NIFTY:2026-04-07T13:12:45:LONG
2026-04-07,13:13:00,2026-04-07,13:14:28,NIFTY,BUY,22932.8,22951.55,NIFTY07APR2622900CE,22900.0,CE,70.3,89.45,75.0,85.0,75.0,85.0,0.002849,0.002791,ws,ws,book_ladder,book_ladder,False,False,-4.7,4.45,65,1244.75,strategy_S9-150:NIFTY:2026-04-07T13:13:00:LONG
2026-04-07,13:14:55,2026-04-07,13:15:15,NIFTY,SELL,22939.15,22943.85,NIFTY07APR2622950PE,22950.0,PE,60.6,60.15,65.0,60.0,65.0,60.0,0.002478,0.002491,ws,ws,book_ladder,book_ladder,False,False,-4.4,0.15,65,-29.25,strategy_S9-150:NIFTY:2026-04-07T13:14:55:SHORT
2026-04-07,13:16:04,2026-04-07,13:16:25,NIFTY,BUY,22948.35,22952.6,NIFTY07APR2622900CE,22900.0,CE,86.4,86.0,90.0,85.0,90.0,85.0,0.002317,0.002903,ws,ws,book_ladder,book_ladder,False,False,-3.6,1.0,65,-26.0,strategy_S9-150:NIFTY:2026-04-07T13:16:04:LONG
2026-04-07,13:17:00,2026-04-07,13:17:24,NIFTY,BUY,22955.4,22954.05,NIFTY07APR2622950CE,22950.0,CE,61.7,59.25,65.0,55.0,65.0,55.0,0.003247,0.002528,ws,ws,book_ladder,book_ladder,False,False,-3.3,4.25,65,-159.25,strategy_S9-150:NIFTY:2026-04-07T13:17:00:LONG
2026-04-07,13:18:00,2026-04-07,13:19:05,NIFTY,BUY,22958.55,22965.2,NIFTY07APR2622950CE,22950.0,CE,61.25,67.25,65.0,65.0,65.0,65.0,0.000817,0.00297,ws,ws,book_ladder,book_ladder,False,False,-3.75,2.25,65,390.0,strategy_S9-150:NIFTY:2026-04-07T13:18:00:LONG
2026-04-07,13:19:36,2026-04-07,13:19:54,NIFTY,BUY,22968.45,22968.3,NIFTY07APR2622950CE,22950.0,CE,69.05,69.2,70.0,65.0,70.0,65.0,0.002175,0.003606,ws,ws,book_ladder,book_ladder,False,False,-0.95,4.2,65,9.75,strategy_S9-150:NIFTY:2026-04-07T13:19:36:LONG
2026-04-07,13:20:38,2026-04-07,13:20:52,NIFTY,SELL,22954.65,22956.4,NIFTY07APR2623000PE,23000.0,PE,81.35,80.65,85.0,80.0,85.0,80.0,0.002462,0.003095,ws,ws,book_ladder,book_ladder,False,False,-3.65,0.65,65,-45.5,strategy_S9-150:NIFTY:2026-04-07T13:20:38:SHORT
2026-04-07,13:22:00,2026-04-07,13:22:18,NIFTY,BUY,22965.5,22962.85,NIFTY07APR2622950CE,22950.0,CE,64.3,63.7,65.0,60.0,65.0,60.0,0.003115,0.002352,ws,ws,book_ladder,book_ladder,False,False,-0.7,3.7,65,-39.0,strategy_S9-150:NIFTY:2026-04-07T13:22:00:LONG
2026-04-07,13:22:58,2026-04-07,13:23:07,NIFTY,BUY,22966.65,22964.75,NIFTY07APR2622950CE,22950.0,CE,65.15,65.55,70.0,65.0,70.0,65.0,0.003075,0.002286,ws,ws,book_ladder,book_ladder,False,False,-4.85,0.55,65,26.0,strategy_S9-150:NIFTY:2026-04-07T13:22:58:LONG
2026-04-07,13:23:15,2026-04-07,13:23:40,NIFTY,SELL,22960.95,22953.2,NIFTY07APR2623000PE,23000.0,PE,80.0,84.0,80.0,80.0,80.0,80.0,0.002503,0.002972,ws,ws,book_ladder,book_ladder,False,False,0.0,4.0,65,260.0,strategy_S9-150:NIFTY:2026-04-07T13:23:15:SHORT
2026-04-07,13:24:21,2026-04-07,13:24:45,NIFTY,SELL,22952.55,22953.8,NIFTY07APR2623000PE,23000.0,PE,85.2,84.2,90.0,80.0,90.0,80.0,0.002939,0.002965,ws,ws,book_ladder,book_ladder,False,False,-4.8,4.2,65,-65.0,strategy_S9-150:NIFTY:2026-04-07T13:24:21:SHORT
2026-04-07,13:25:40,2026-04-07,13:25:57,NIFTY,SELL,22950.9,22952.2,NIFTY07APR2623000PE,23000.0,PE,86.0,87.9,90.0,85.0,90.0,85.0,0.000582,0.00284,ws,ws,book_ladder,book_ladder,False,False,-4.0,2.9,65,123.5,strategy_S9-150:NIFTY:2026-04-07T13:25:40:SHORT
2026-04-07,13:26:07,2026-04-07,13:26:31,NIFTY,SELL,22941.8,22936.8,NIFTY07APR2622950PE,22950.0,PE,58.5,62.95,60.0,60.0,60.0,60.0,0.001711,0.00238,ws,ws,book_ladder,book_ladder,False,False,-1.5,2.95,65,289.25,strategy_S9-150:NIFTY:2026-04-07T13:26:07:SHORT
2026-04-07,13:27:30,2026-04-07,13:27:50,NIFTY,BUY,22947.25,22949.85,NIFTY07APR2622900CE,22900.0,CE,79.0,80.85,80.0,80.0,80.0,80.0,0.00317,0.001854,ws,ws,book_ladder,book_ladder,False,False,-1.0,0.85,65,120.25,strategy_S9-150:NIFTY:2026-04-07T13:27:30:LONG
2026-04-07,13:28:30,2026-04-07,13:28:41,NIFTY,BUY,22951.15,22948.95,NIFTY07APR2622950CE,22950.0,CE,53.6,54.8,55.0,50.0,55.0,50.0,0.000933,0.002733,ws,ws,book_ladder,book_ladder,False,False,-1.4,4.8,65,78.0,strategy_S9-150:NIFTY:2026-04-07T13:28:30:LONG
2026-04-07,13:28:53,2026-04-07,13:29:37,NIFTY,BUY,22952.45,22958.7,NIFTY07APR2622950CE,22950.0,CE,55.8,58.1,60.0,55.0,60.0,55.0,0.001794,0.00172,ws,ws,book_ladder,book_ladder,False,False,-4.2,3.1,65,149.5,strategy_S9-150:NIFTY:2026-04-07T13:28:53:LONG
2026-04-07,13:30:15,2026-04-07,13:31:38,NIFTY,BUY,22965.7,22989.8,NIFTY07APR2622950CE,22950.0,CE,65.0,79.2,65.0,75.0,65.0,75.0,0.003082,0.002522,ws,ws,book_ladder,book_ladder,False,False,0.0,4.2,65,923.0,strategy_S9-150:NIFTY:2026-04-07T13:30:15:LONG
2026-04-07,13:32:15,2026-04-07,13:32:52,NIFTY,BUY,22995.45,23017.05,NIFTY07APR2622950CE,22950.0,CE,85.45,100.05,90.0,100.0,90.0,100.0,0.00293,0.002496,ws,ws,book_ladder,book_ladder,False,False,-4.55,0.05,65,949.0,strategy_S9-150:NIFTY:2026-04-07T13:32:15:LONG
2026-04-07,13:33:00,2026-04-07,13:33:21,NIFTY,BUY,23024.35,23035.45,NIFTY07APR2623000CE,23000.0,CE,74.3,86.65,75.0,85.0,75.0,85.0,0.002021,0.002881,ws,ws,book_ladder,book_ladder,False,False,-0.7,1.65,65,802.75,strategy_S9-150:NIFTY:2026-04-07T13:33:00:LONG
2026-04-07,13:34:35,2026-04-07,13:34:53,NIFTY,SELL,23013.4,23008.7,NIFTY07APR2623050PE,23050.0,PE,71.55,74.05,75.0,70.0,75.0,70.0,0.000699,0.002697,ws,ws,book_ladder,book_ladder,False,False,-3.45,4.05,65,162.5,strategy_S9-150:NIFTY:2026-04-07T13:34:35:SHORT
2026-04-07,13:35:19,2026-04-07,13:35:28,NIFTY,BUY,23019.75,23018.2,NIFTY07APR2623000CE,23000.0,CE,72.75,70.35,75.0,70.0,75.0,70.0,0.003442,0.002839,ws,ws,book_ladder,book_ladder,False,False,-2.25,0.35,65,-156.0,strategy_S9-150:NIFTY:2026-04-07T13:35:19:LONG
2026-04-07,13:36:17,2026-04-07,13:36:40,NIFTY,SELL,23014.15,23008.15,NIFTY07APR2623050PE,23050.0,PE,72.25,74.05,75.0,70.0,75.0,70.0,0.002772,0.002024,ws,ws,book_ladder,book_ladder,False,False,-2.75,4.05,65,117.0,strategy_S9-150:NIFTY:2026-04-07T13:36:17:SHORT
2026-04-07,13:36:48,2026-04-07,13:37:10,NIFTY,BUY,23020.05,23026.65,NIFTY07APR2623000CE,23000.0,CE,71.75,76.65,75.0,75.0,75.0,75.0,0.002791,0.003256,ws,ws,book_ladder,book_ladder,False,False,-3.25,1.65,65,318.5,strategy_S9-150:NIFTY:2026-04-07T13:36:48:LONG
2026-04-07,13:37:33,2026-04-07,13:37:36,NIFTY,BUY,23025.95,23022.7,NIFTY07APR2623000CE,23000.0,CE,75.75,73.1,80.0,70.0,80.0,70.0,0.001982,0.003414,ws,ws,book_ladder,book_ladder,False,False,-4.25,3.1,65,-172.25,strategy_S9-150:NIFTY:2026-04-07T13:37:33:LONG
2026-04-07,13:38:45,2026-04-07,13:38:57,NIFTY,BUY,23022.6,23021.3,NIFTY07APR2623000CE,23000.0,CE,74.95,74.65,75.0,70.0,75.0,70.0,0.002003,0.002676,ws,ws,book_ladder,book_ladder,False,False,-0.05,4.65,65,-19.5,strategy_S9-150:NIFTY:2026-04-07T13:38:45:LONG
2026-04-07,13:39:15,2026-04-07,13:39:41,NIFTY,BUY,23024.4,23026.3,NIFTY07APR2623000CE,23000.0,CE,74.95,76.0,75.0,75.0,75.0,75.0,0.002003,0.003284,ws,ws,book_ladder,book_ladder,False,False,-0.05,1.0,65,68.25,strategy_S9-150:NIFTY:2026-04-07T13:39:15:LONG
2026-04-07,13:39:49,2026-04-07,13:40:08,NIFTY,BUY,23030.2,23028.9,NIFTY07APR2623000CE,23000.0,CE,77.75,74.65,80.0,70.0,80.0,70.0,0.002576,0.002007,ws,ws,book_ladder,book_ladder,False,False,-2.25,4.65,65,-201.5,strategy_S9-150:NIFTY:2026-04-07T13:39:49:LONG
2026-04-07,13:40:30,2026-04-07,13:40:45,NIFTY,SELL,23024.8,23019.85,NIFTY07APR2623050PE,23050.0,PE,65.15,67.1,70.0,65.0,70.0,65.0,0.002305,0.002976,ws,ws,book_ladder,book_ladder,False,False,-4.85,2.1,65,126.75,strategy_S9-150:NIFTY:2026-04-07T13:40:30:SHORT
2026-04-07,13:42:05,2026-04-07,13:42:43,NIFTY,BUY,23037.8,23051.7,NIFTY07APR2623000CE,23000.0,CE,76.1,86.65,80.0,85.0,80.0,85.0,0.002632,0.003456,ws,ws,book_ladder,book_ladder,False,False,-3.9,1.65,65,685.75,strategy_S9-150:NIFTY:2026-04-07T13:42:05:LONG
2026-04-07,13:43:09,2026-04-07,13:43:25,NIFTY,BUY,23058.35,23058.35,NIFTY07APR2623050CE,23050.0,CE,63.75,62.45,65.0,60.0,65.0,60.0,0.002356,0.002399,ws,ws,book_ladder,book_ladder,False,False,-1.25,2.45,65,-84.5,strategy_S9-150:NIFTY:2026-04-07T13:43:09:LONG
2026-04-07,13:43:48,2026-04-07,13:43:56,NIFTY,SELL,23047.6,23051.7,NIFTY07APR2623050PE,23050.0,PE,49.2,48.05,50.0,45.0,50.0,45.0,0.003053,0.003117,ws,ws,book_ladder,book_ladder,False,False,-0.8,3.05,65,-74.75,strategy_S9-150:NIFTY:2026-04-07T13:43:48:SHORT
2026-04-07,13:47:00,2026-04-07,13:47:07,NIFTY,BUY,23063.35,23058.45,NIFTY07APR2623050CE,23050.0,CE,68.4,64.0,70.0,60.0,70.0,60.0,0.002928,0.002341,ws,ws,book_ladder,book_ladder,False,False,-1.6,4.0,65,-286.0,strategy_S9-150:NIFTY:2026-04-07T13:47:00:LONG
2026-04-07,13:47:54,2026-04-07,13:48:30,NIFTY,SELL,23048.1,23032.45,NIFTY07APR2623050PE,23050.0,PE,47.45,55.85,50.0,55.0,50.0,55.0,0.003166,0.003575,ws,ws,book_ladder,book_ladder,False,False,-2.55,0.85,65,546.0,strategy_S9-150:NIFTY:2026-04-07T13:47:54:SHORT
2026-04-07,13:48:49,2026-04-07,13:48:55,NIFTY,BUY,23046.1,23043.8,NIFTY07APR2623000CE,23000.0,CE,84.9,84.0,85.0,80.0,85.0,80.0,0.002949,0.002972,ws,ws,book_ladder,book_ladder,False,False,-0.1,4.0,65,-58.5,strategy_S9-150:NIFTY:2026-04-07T13:48:49:LONG
2026-04-07,13:49:32,2026-04-07,13:50:00,NIFTY,SELL,23024.45,23022.2,NIFTY07APR2623050PE,23050.0,PE,57.95,62.5,60.0,60.0,60.0,60.0,0.002592,0.0008,ws,ws,book_ladder,book_ladder,False,False,-2.05,2.5,65,295.75,strategy_S9-150:NIFTY:2026-04-07T13:49:32:SHORT
2026-04-07,13:50:32,2026-04-07,13:51:00,NIFTY,SELL,23004.25,23000.95,NIFTY07APR2623050PE,23050.0,PE,75.0,75.75,75.0,75.0,75.0,75.0,0.002002,0.001319,ws,ws,book_ladder,book_ladder,False,False,0.0,0.75,65,48.75,strategy_S9-150:NIFTY:2026-04-07T13:50:32:SHORT
2026-04-07,13:51:15,2026-04-07,13:51:47,NIFTY,BUY,23011.15,23022.2,NIFTY07APR2623000CE,23000.0,CE,61.1,70.1,65.0,70.0,65.0,70.0,0.003279,0.002849,ws,ws,book_ladder,book_ladder,False,False,-3.9,0.1,65,585.0,strategy_S9-150:NIFTY:2026-04-07T13:51:15:LONG
2026-04-07,13:52:51,2026-04-07,13:53:05,NIFTY,BUY,23030.2,23034.8,NIFTY07APR2623000CE,23000.0,CE,76.8,77.55,80.0,75.0,80.0,75.0,0.002608,0.002576,ws,ws,book_ladder,book_ladder,False,False,-3.2,2.55,65,48.75,strategy_S9-150:NIFTY:2026-04-07T13:52:51:LONG
2026-04-07,13:53:52,2026-04-07,13:54:02,NIFTY,BUY,23035.2,23031.9,NIFTY07APR2623000CE,23000.0,CE,76.25,73.55,80.0,70.0,80.0,70.0,0.001969,0.002716,ws,ws,book_ladder,book_ladder,False,False,-3.75,3.55,65,-175.5,strategy_S9-150:NIFTY:2026-04-07T13:53:52:LONG
2026-04-07,13:54:15,2026-04-07,13:54:27,NIFTY,BUY,23039.65,23042.7,NIFTY07APR2623000CE,23000.0,CE,81.45,80.2,85.0,80.0,85.0,80.0,0.002459,0.003112,ws,ws,book_ladder,book_ladder,False,False,-3.55,0.2,65,-81.25,strategy_S9-150:NIFTY:2026-04-07T13:54:15:LONG
2026-04-07,13:54:57,2026-04-07,13:55:13,NIFTY,SELL,23027.3,23031.05,NIFTY07APR2623050PE,23050.0,PE,59.05,57.65,60.0,55.0,60.0,55.0,0.001695,0.003463,ws,ws,book_ladder,book_ladder,False,False,-0.95,2.65,65,-91.0,strategy_S9-150:NIFTY:2026-04-07T13:54:57:SHORT
2026-04-07,13:55:41,2026-04-07,13:56:42,NIFTY,SELL,23026.7,23011.55,NIFTY07APR2623050PE,23050.0,PE,60.7,70.4,65.0,70.0,65.0,70.0,0.001649,0.002837,ws,ws,book_ladder,book_ladder,False,False,-4.3,0.4,65,630.5,strategy_S9-150:NIFTY:2026-04-07T13:55:41:SHORT
2026-04-07,13:57:08,2026-04-07,13:57:49,NIFTY,SELL,23007.45,22977.2,NIFTY07APR2623050PE,23050.0,PE,73.35,95.25,75.0,95.0,75.0,95.0,0.00273,0.003145,ws,ws,book_ladder,book_ladder,False,False,-1.65,0.25,65,1423.5,strategy_S9-150:NIFTY:2026-04-07T13:57:08:SHORT
2026-04-07,13:58:26,2026-04-07,13:58:30,NIFTY,SELL,22975.05,22979.0,NIFTY07APR2623000PE,23000.0,PE,67.5,66.8,70.0,65.0,70.0,65.0,0.002967,0.002243,ws,ws,book_ladder,book_ladder,False,False,-2.5,1.8,65,-45.5,strategy_S9-150:NIFTY:2026-04-07T13:58:26:SHORT
2026-04-07,13:58:45,2026-04-07,13:59:00,NIFTY,SELL,22968.35,22966.8,NIFTY07APR2623000PE,23000.0,PE,68.1,73.6,70.0,70.0,70.0,70.0,0.003678,0.002714,ws,ws,book_ladder,book_ladder,False,False,-1.9,3.6,65,357.5,strategy_S9-150:NIFTY:2026-04-07T13:58:45:SHORT
2026-04-07,13:59:15,2026-04-07,13:59:30,NIFTY,SELL,22964.25,22969.4,NIFTY07APR2623000PE,23000.0,PE,72.55,70.25,75.0,70.0,75.0,70.0,0.004144,0.002843,ws,ws,book_ladder,book_ladder,False,False,-2.45,0.25,65,-149.5,strategy_S9-150:NIFTY:2026-04-07T13:59:15:SHORT
2026-04-07,14:00:21,2026-04-07,14:00:35,NIFTY,BUY,22993.7,22988.65,NIFTY07APR2622950CE,22950.0,CE,75.65,72.3,80.0,70.0,80.0,70.0,0.002647,0.002762,ws,ws,book_ladder,book_ladder,False,False,-4.35,2.3,65,-217.75,strategy_S9-150:NIFTY:2026-04-07T14:00:21:LONG
2026-04-07,14:01:49,2026-04-07,14:02:06,NIFTY,BUY,22996.45,22998.4,NIFTY07APR2622950CE,22950.0,CE,74.0,76.7,75.0,75.0,75.0,75.0,0.002706,0.003254,ws,ws,book_ladder,book_ladder,False,False,-1.0,1.7,65,175.5,strategy_S9-150:NIFTY:2026-04-07T14:01:49:LONG
2026-04-07,14:02:15,2026-04-07,14:02:28,NIFTY,BUY,23002.2,23004.1,NIFTY07APR2623000CE,23000.0,CE,49.15,51.0,50.0,50.0,50.0,50.0,0.003057,0.002937,ws,ws,book_ladder,book_ladder,False,False,-0.85,1.0,65,120.25,strategy_S9-150:NIFTY:2026-04-07T14:02:15:LONG
2026-04-07,14:03:49,2026-04-07,14:03:56,NIFTY,BUY,23020.55,23013.65,NIFTY07APR2623000CE,23000.0,CE,60.2,59.4,65.0,55.0,65.0,55.0,0.003328,0.001682,ws,ws,book_ladder,book_ladder,False,False,-4.8,4.4,65,-52.0,strategy_S9-150:NIFTY:2026-04-07T14:03:49:LONG
2026-04-07,14:04:30,2026-04-07,14:04:48,NIFTY,BUY,23015.65,23013.9,NIFTY07APR2623000CE,23000.0,CE,57.7,56.75,60.0,55.0,60.0,55.0,0.002603,0.003518,ws,ws,book_ladder,book_ladder,False,False,-2.3,1.75,65,-61.75,strategy_S9-150:NIFTY:2026-04-07T14:04:30:LONG
2026-04-07,14:06:19,2026-04-07,14:06:27,NIFTY,BUY,23021.75,23016.9,NIFTY07APR2623000CE,23000.0,CE,61.8,61.45,65.0,60.0,65.0,60.0,0.003241,0.001626,ws,ws,book_ladder,book_ladder,False,False,-3.2,1.45,65,-22.75,strategy_S9-150:NIFTY:2026-04-07T14:06:19:LONG
2026-04-07,14:07:15,2026-04-07,14:07:32,NIFTY,SELL,23003.65,23007.7,NIFTY07APR2623050PE,23050.0,PE,70.4,69.5,75.0,65.0,75.0,65.0,0.00071,0.002874,ws,ws,book_ladder,book_ladder,False,False,-4.6,4.5,65,-58.5,strategy_S9-150:NIFTY:2026-04-07T14:07:15:SHORT
2026-04-07,14:07:45,2026-04-07,14:08:02,NIFTY,SELL,23003.05,23000.9,NIFTY07APR2623050PE,23050.0,PE,74.15,76.3,75.0,75.0,75.0,75.0,0.002701,0.002618,ws,ws,book_ladder,book_ladder,False,False,-0.85,1.3,65,139.75,strategy_S9-150:NIFTY:2026-04-07T14:07:45:SHORT
2026-04-07,14:08:16,2026-04-07,14:08:26,NIFTY,BUY,23009.25,23008.9,NIFTY07APR2623000CE,23000.0,CE,50.9,51.65,55.0,50.0,55.0,50.0,0.002951,0.0029,ws,ws,book_ladder,book_ladder,False,False,-4.1,1.65,65,48.75,strategy_S9-150:NIFTY:2026-04-07T14:08:16:LONG
2026-04-07,14:08:34,2026-04-07,14:08:41,NIFTY,BUY,23013.7,23012.05,NIFTY07APR2623000CE,23000.0,CE,53.4,52.5,55.0,50.0,55.0,50.0,0.003752,0.002853,ws,ws,book_ladder,book_ladder,False,False,-1.6,2.5,65,-58.5,strategy_S9-150:NIFTY:2026-04-07T14:08:34:LONG
2026-04-07,14:08:49,2026-04-07,14:09:01,NIFTY,BUY,23015.3,23013.35,NIFTY07APR2623000CE,23000.0,CE,54.05,52.0,55.0,50.0,55.0,50.0,0.002779,0.000961,ws,ws,book_ladder,book_ladder,False,False,-0.95,2.0,65,-133.25,strategy_S9-150:NIFTY:2026-04-07T14:08:49:LONG
2026-04-07,14:09:15,2026-04-07,14:09:34,NIFTY,SELL,23006.75,23008.95,NIFTY07APR2623050PE,23050.0,PE,70.35,68.2,75.0,65.0,75.0,65.0,0.001422,0.002197,ws,ws,book_ladder,book_ladder,False,False,-4.65,3.2,65,-139.75,strategy_S9-150:NIFTY:2026-04-07T14:09:15:SHORT
2026-04-07,14:09:45,2026-04-07,14:10:09,NIFTY,BUY,23012.25,23009.95,NIFTY07APR2623000CE,23000.0,CE,52.7,51.0,55.0,50.0,55.0,50.0,0.00285,0.001959,ws,ws,book_ladder,book_ladder,False,False,-2.3,1.0,65,-110.5,strategy_S9-150:NIFTY:2026-04-07T14:09:45:LONG
2026-04-07,14:10:50,2026-04-07,14:11:15,NIFTY,SELL,23008.6,23005.05,NIFTY07APR2623050PE,23050.0,PE,67.7,70.95,70.0,70.0,70.0,70.0,0.002959,0.003517,ws,ws,book_ladder,book_ladder,False,False,-2.3,0.95,65,211.25,strategy_S9-150:NIFTY:2026-04-07T14:10:50:SHORT
2026-04-07,14:11:35,2026-04-07,14:11:42,NIFTY,BUY,23015.5,23010.45,NIFTY07APR2623000CE,23000.0,CE,52.9,51.9,55.0,50.0,55.0,50.0,0.00284,0.002886,ws,ws,book_ladder,book_ladder,False,False,-2.1,1.9,65,-65.0,strategy_S9-150:NIFTY:2026-04-07T14:11:35:LONG
2026-04-07,14:13:10,2026-04-07,14:13:24,NIFTY,SELL,22994.9,22994.7,NIFTY07APR2623000PE,23000.0,PE,45.35,45.35,50.0,45.0,50.0,45.0,0.002208,0.002203,ws,ws,book_ladder,book_ladder,False,False,-4.65,0.35,65,0.0,strategy_S9-150:NIFTY:2026-04-07T14:13:10:SHORT
2026-04-07,14:14:30,2026-04-07,14:14:40,NIFTY,BUY,23009.6,23004.9,NIFTY07APR2623000CE,23000.0,CE,49.5,49.4,50.0,45.0,50.0,45.0,0.001011,0.002022,ws,ws,book_ladder,book_ladder,False,False,-0.5,4.4,65,-6.5,strategy_S9-150:NIFTY:2026-04-07T14:14:30:LONG
2026-04-07,14:15:00,2026-04-07,14:15:29,NIFTY,BUY,23014.55,23019.2,NIFTY07APR2623000CE,23000.0,CE,52.8,55.1,55.0,55.0,55.0,55.0,0.001896,0.002719,ws,ws,book_ladder,book_ladder,False,False,-2.2,0.1,65,149.5,strategy_S9-150:NIFTY:2026-04-07T14:15:00:LONG
2026-04-07,14:16:39,2026-04-07,14:16:48,NIFTY,BUY,23026.15,23018.55,NIFTY07APR2623000CE,23000.0,CE,55.45,54.95,60.0,50.0,60.0,50.0,0.002709,0.002726,ws,ws,book_ladder,book_ladder,False,False,-4.55,4.95,65,-32.5,strategy_S9-150:NIFTY:2026-04-07T14:16:39:LONG
2026-04-07,14:17:00,2026-04-07,14:17:15,NIFTY,SELL,23008.85,23001.25,NIFTY07APR2623050PE,23050.0,PE,68.4,72.85,70.0,70.0,70.0,70.0,0.003662,0.002742,ws,ws,book_ladder,book_ladder,False,False,-1.6,2.85,65,289.25,strategy_S9-150:NIFTY:2026-04-07T14:17:00:SHORT
2026-04-07,14:18:35,2026-04-07,14:18:45,NIFTY,SELL,22998.8,23000.55,NIFTY07APR2623000PE,23000.0,PE,42.15,38.3,45.0,35.0,45.0,35.0,0.003565,0.001305,ws,ws,book_ladder,book_ladder,False,False,-2.85,3.3,65,-250.25,strategy_S9-150:NIFTY:2026-04-07T14:18:35:SHORT
2026-04-07,14:19:06,2026-04-07,14:19:19,NIFTY,SELL,22996.65,23000.5,NIFTY07APR2623000PE,23000.0,PE,40.45,38.95,45.0,35.0,45.0,35.0,0.003715,0.003844,ws,ws,book_ladder,book_ladder,False,False,-4.55,3.95,65,-97.5,strategy_S9-150:NIFTY:2026-04-07T14:19:06:SHORT
2026-04-07,14:19:46,2026-04-07,14:19:55,NIFTY,BUY,23007.15,23004.4,NIFTY07APR2623000CE,23000.0,CE,44.95,43.9,45.0,40.0,45.0,40.0,0.002227,0.003411,ws,ws,book_ladder,book_ladder,False,False,-0.05,3.9,65,-68.25,strategy_S9-150:NIFTY:2026-04-07T14:19:46:LONG
2026-04-07,14:20:43,2026-04-07,14:20:49,NIFTY,SELL,22990.1,22995.05,NIFTY07APR2623000PE,23000.0,PE,45.0,43.1,45.0,40.0,45.0,40.0,0.001112,0.002317,ws,ws,book_ladder,book_ladder,False,False,0.0,3.1,65,-123.5,strategy_S9-150:NIFTY:2026-04-07T14:20:43:SHORT
2026-04-07,14:21:45,2026-04-07,14:21:56,NIFTY,BUY,23004.0,23002.85,NIFTY07APR2623000CE,23000.0,CE,41.15,41.15,45.0,40.0,45.0,40.0,0.002433,0.003639,ws,ws,book_ladder,book_ladder,False,False,-3.85,1.15,65,0.0,strategy_S9-150:NIFTY:2026-04-07T14:21:45:LONG
2026-04-07,14:22:17,2026-04-07,14:22:37,NIFTY,BUY,23005.7,23006.35,NIFTY07APR2623000CE,23000.0,CE,44.1,41.75,45.0,40.0,45.0,40.0,0.003407,0.002392,ws,ws,book_ladder,book_ladder,False,False,-0.9,1.75,65,-152.75,strategy_S9-150:NIFTY:2026-04-07T14:22:17:LONG
2026-04-07,14:23:00,2026-04-07,14:23:08,NIFTY,BUY,23010.3,23008.3,NIFTY07APR2623000CE,23000.0,CE,47.8,45.0,50.0,45.0,50.0,45.0,0.001047,0.00222,ws,ws,book_ladder,book_ladder,False,False,-2.2,0.0,65,-182.0,strategy_S9-150:NIFTY:2026-04-07T14:23:00:LONG
2026-04-07,14:23:51,2026-04-07,14:24:00,NIFTY,SELL,22996.75,22990.55,NIFTY07APR2623000PE,23000.0,PE,38.7,43.85,40.0,40.0,40.0,40.0,0.002587,0.003415,ws,ws,book_ladder,book_ladder,False,False,-1.3,3.85,65,334.75,strategy_S9-150:NIFTY:2026-04-07T14:23:51:SHORT
2026-04-07,14:24:46,2026-04-07,14:25:10,NIFTY,BUY,22998.3,23005.1,NIFTY07APR2622950CE,22950.0,CE,66.9,75.1,70.0,75.0,70.0,75.0,0.002994,0.00266,ws,ws,book_ladder,book_ladder,False,False,-3.1,0.1,65,533.0,strategy_S9-150:NIFTY:2026-04-07T14:24:46:LONG
2026-04-07,14:26:51,2026-04-07,14:26:56,NIFTY,BUY,23014.6,23010.6,NIFTY07APR2623000CE,23000.0,CE,47.55,44.6,50.0,40.0,50.0,40.0,0.00316,0.003358,ws,ws,book_ladder,book_ladder,False,False,-2.45,4.6,65,-191.75,strategy_S9-150:NIFTY:2026-04-07T14:26:51:LONG
2026-04-07,14:27:22,2026-04-07,14:27:43,NIFTY,BUY,23014.85,23019.0,NIFTY07APR2623000CE,23000.0,CE,47.8,51.95,50.0,50.0,50.0,50.0,0.002094,0.001923,ws,ws,book_ladder,book_ladder,False,False,-2.2,1.95,65,269.75,strategy_S9-150:NIFTY:2026-04-07T14:27:22:LONG
2026-04-07,14:29:35,2026-04-07,14:29:49,NIFTY,SELL,23015.9,23014.7,NIFTY07APR2623050PE,23050.0,PE,56.55,54.55,60.0,50.0,60.0,50.0,0.002656,0.00366,ws,ws,book_ladder,book_ladder,False,False,-3.45,4.55,65,-130.0,strategy_S9-150:NIFTY:2026-04-07T14:29:35:SHORT
2026-04-07,14:30:53,2026-04-07,14:31:07,NIFTY,BUY,23021.5,23015.95,NIFTY07APR2623000CE,23000.0,CE,51.55,49.5,55.0,45.0,55.0,45.0,0.002914,0.002018,ws,ws,book_ladder,book_ladder,False,False,-3.45,4.5,65,-133.25,strategy_S9-150:NIFTY:2026-04-07T14:30:53:LONG
2026-04-07,14:31:34,2026-04-07,14:32:05,NIFTY,BUY,23032.2,23043.55,NIFTY07APR2623000CE,23000.0,CE,62.0,68.6,65.0,65.0,65.0,65.0,0.003231,0.001457,ws,ws,book_ladder,book_ladder,False,False,-3.0,3.6,65,429.0,strategy_S9-150:NIFTY:2026-04-07T14:31:34:LONG
2026-04-07,14:34:32,2026-04-07,14:35:00,NIFTY,SELL,23040.5,23036.05,NIFTY07APR2623050PE,23050.0,PE,36.9,36.45,40.0,35.0,40.0,35.0,0.004073,0.004107,ws,ws,book_ladder,book_ladder,False,False,-3.1,1.45,65,-29.25,strategy_S9-150:NIFTY:2026-04-07T14:34:32:SHORT
2026-04-07,14:35:15,2026-04-07,14:35:19,NIFTY,SELL,23029.2,23032.3,NIFTY07APR2623050PE,23050.0,PE,39.85,38.95,40.0,35.0,40.0,35.0,0.003771,0.001283,ws,ws,book_ladder,book_ladder,False,False,-0.15,3.95,65,-58.5,strategy_S9-150:NIFTY:2026-04-07T14:35:15:SHORT
2026-04-07,14:36:12,2026-04-07,14:36:30,NIFTY,SELL,23009.7,23001.75,NIFTY07APR2623050PE,23050.0,PE,52.85,58.65,55.0,55.0,55.0,55.0,0.002842,0.003404,ws,ws,book_ladder,book_ladder,False,False,-2.15,3.65,65,377.0,strategy_S9-150:NIFTY:2026-04-07T14:36:12:SHORT
2026-04-07,14:36:54,2026-04-07,14:36:57,NIFTY,BUY,23012.15,23008.85,NIFTY07APR2623000CE,23000.0,CE,40.95,39.5,45.0,35.0,45.0,35.0,0.002445,0.00379,ws,ws,book_ladder,book_ladder,False,False,-4.05,4.5,65,-94.25,strategy_S9-150:NIFTY:2026-04-07T14:36:54:LONG
2026-04-07,14:38:23,2026-04-07,14:38:55,NIFTY,BUY,23012.55,23016.75,NIFTY07APR2623000CE,23000.0,CE,39.05,39.7,40.0,35.0,40.0,35.0,0.002564,0.005025,ws,ws,book_ladder,book_ladder,False,False,-0.95,4.7,65,42.25,strategy_S9-150:NIFTY:2026-04-07T14:38:23:LONG
2026-04-07,14:39:31,2026-04-07,14:39:38,NIFTY,BUY,23017.3,23011.8,NIFTY07APR2623000CE,23000.0,CE,39.45,39.3,40.0,35.0,40.0,35.0,0.002538,0.002541,ws,ws,book_ladder,book_ladder,False,False,-0.55,4.3,65,-9.75,strategy_S9-150:NIFTY:2026-04-07T14:39:31:LONG
2026-04-07,14:39:50,2026-04-07,14:40:08,NIFTY,SELL,23007.65,23007.3,NIFTY07APR2623050PE,23050.0,PE,57.8,59.2,60.0,55.0,60.0,55.0,0.002599,0.002531,ws,ws,book_ladder,book_ladder,False,False,-2.2,4.2,65,91.0,strategy_S9-150:NIFTY:2026-04-07T14:39:50:SHORT
2026-04-07,14:40:34,2026-04-07,14:40:50,NIFTY,BUY,23018.5,23014.85,NIFTY07APR2623000CE,23000.0,CE,40.7,39.8,45.0,35.0,45.0,35.0,0.00246,0.003762,ws,ws,book_ladder,book_ladder,False,False,-4.3,4.8,65,-58.5,strategy_S9-150:NIFTY:2026-04-07T14:40:34:LONG
2026-04-07,14:41:47,2026-04-07,14:41:58,NIFTY,BUY,23016.3,23012.4,NIFTY07APR2623000CE,23000.0,CE,38.05,38.9,40.0,35.0,40.0,35.0,0.002632,0.003849,ws,ws,book_ladder,book_ladder,False,False,-1.95,3.9,65,55.25,strategy_S9-150:NIFTY:2026-04-07T14:41:47:LONG
2026-04-07,14:42:15,2026-04-07,14:42:21,NIFTY,BUY,23017.6,23013.85,NIFTY07APR2623000CE,23000.0,CE,39.5,37.2,40.0,35.0,40.0,35.0,0.002535,0.004024,ws,ws,book_ladder,book_ladder,False,False,-0.5,2.2,65,-149.5,strategy_S9-150:NIFTY:2026-04-07T14:42:15:LONG
2026-04-07,14:42:45,2026-04-07,14:42:56,NIFTY,BUY,23021.45,23019.55,NIFTY07APR2623000CE,23000.0,CE,40.85,38.8,45.0,35.0,45.0,35.0,0.003679,0.002574,ws,ws,book_ladder,book_ladder,False,False,-4.15,3.8,65,-133.25,strategy_S9-150:NIFTY:2026-04-07T14:42:45:LONG
2026-04-07,14:43:47,2026-04-07,14:44:04,NIFTY,SELL,23011.15,23015.1,NIFTY07APR2623050PE,23050.0,PE,49.3,47.35,50.0,45.0,50.0,45.0,0.003047,0.00211,ws,ws,book_ladder,book_ladder,False,False,-0.7,2.35,65,-126.75,strategy_S9-150:NIFTY:2026-04-07T14:43:47:SHORT
2026-04-07,14:44:16,2026-04-07,14:44:38,NIFTY,BUY,23024.75,23029.25,NIFTY07APR2623000CE,23000.0,CE,44.0,48.8,45.0,45.0,45.0,45.0,0.003415,0.003069,ws,ws,book_ladder,book_ladder,False,False,-1.0,3.8,65,312.0,strategy_S9-150:NIFTY:2026-04-07T14:44:16:LONG
2026-04-07,14:45:53,2026-04-07,14:46:21,NIFTY,BUY,23032.55,23036.2,NIFTY07APR2623000CE,23000.0,CE,46.9,51.4,50.0,50.0,50.0,50.0,0.003203,0.002914,ws,ws,book_ladder,book_ladder,False,False,-3.1,1.4,65,292.5,strategy_S9-150:NIFTY:2026-04-07T14:45:53:LONG
2026-04-07,14:46:33,2026-04-07,14:46:44,NIFTY,SELL,23027.2,23028.7,NIFTY07APR2623050PE,23050.0,PE,39.65,39.5,40.0,35.0,40.0,35.0,0.002525,0.00379,ws,ws,book_ladder,book_ladder,False,False,-0.35,4.5,65,-9.75,strategy_S9-150:NIFTY:2026-04-07T14:46:33:SHORT
2026-04-07,14:47:14,2026-04-07,14:47:21,NIFTY,SELL,23024.1,23028.35,NIFTY07APR2623050PE,23050.0,PE,38.65,36.75,40.0,35.0,40.0,35.0,0.003889,0.002717,ws,ws,book_ladder,book_ladder,False,False,-1.35,1.75,65,-123.5,strategy_S9-150:NIFTY:2026-04-07T14:47:14:SHORT
2026-04-07,14:47:30,2026-04-07,14:47:43,NIFTY,BUY,23035.05,23035.7,NIFTY07APR2623000CE,23000.0,CE,51.6,52.5,55.0,50.0,55.0,50.0,0.00194,0.001903,ws,ws,book_ladder,book_ladder,False,False,-3.4,2.5,65,58.5,strategy_S9-150:NIFTY:2026-04-07T14:47:30:LONG
2026-04-07,14:48:00,2026-04-07,14:48:29,NIFTY,BUY,23042.0,23049.15,NIFTY07APR2623000CE,23000.0,CE,55.3,64.0,60.0,60.0,60.0,60.0,0.002716,0.00312,ws,ws,book_ladder,book_ladder,False,False,-4.7,4.0,65,565.5,strategy_S9-150:NIFTY:2026-04-07T14:48:00:LONG
2026-04-07,14:50:30,2026-04-07,14:50:59,NIFTY,BUY,23051.2,23055.5,NIFTY07APR2623050CE,23050.0,CE,29.25,33.1,30.0,30.0,30.0,30.0,0.003425,0.003017,ws,ws,book_ladder,book_ladder,False,False,-0.75,3.1,65,250.25,strategy_S9-150:NIFTY:2026-04-07T14:50:30:LONG
2026-04-07,14:51:01,2026-04-07,14:51:14,NIFTY,BUY,23059.2,23058.95,NIFTY07APR2623050CE,23050.0,CE,35.5,36.45,40.0,35.0,40.0,35.0,0.002821,0.004107,ws,ws,book_ladder,book_ladder,False,False,-4.5,1.45,65,61.75,strategy_S9-150:NIFTY:2026-04-07T14:51:01:LONG
2026-04-07,14:51:37,2026-04-07,14:51:43,NIFTY,SELL,23047.1,23053.5,NIFTY07APR2623050PE,23050.0,PE,19.75,17.8,20.0,15.0,20.0,15.0,0.002535,0.002805,ws,ws,book_ladder,book_ladder,False,False,-0.25,2.8,65,-126.75,strategy_S9-150:NIFTY:2026-04-07T14:51:37:SHORT
2026-04-07,14:52:06,2026-04-07,14:52:16,NIFTY,SELL,23048.45,23048.75,NIFTY07APR2623050PE,23050.0,PE,17.85,20.7,20.0,20.0,20.0,20.0,0.002805,0.002413,ws,ws,book_ladder,book_ladder,False,False,-2.15,0.7,65,185.25,strategy_S9-150:NIFTY:2026-04-07T14:52:06:SHORT
2026-04-07,14:52:45,2026-04-07,14:52:55,NIFTY,BUY,23058.15,23056.6,NIFTY07APR2623050CE,23050.0,CE,33.95,34.25,35.0,30.0,35.0,30.0,0.00295,0.00437,ws,ws,book_ladder,book_ladder,False,False,-1.05,4.25,65,19.5,strategy_S9-150:NIFTY:2026-04-07T14:52:45:LONG
2026-04-07,14:53:20,2026-04-07,14:53:27,NIFTY,BUY,23062.3,23061.2,NIFTY07APR2623050CE,23050.0,CE,34.55,34.65,35.0,30.0,35.0,30.0,0.002899,0.001442,ws,ws,book_ladder,book_ladder,False,False,-0.45,4.65,65,6.5,strategy_S9-150:NIFTY:2026-04-07T14:53:20:LONG
2026-04-07,14:53:32,2026-04-07,14:53:42,NIFTY,BUY,23064.0,23061.85,NIFTY07APR2623050CE,23050.0,CE,36.2,34.45,40.0,30.0,40.0,30.0,0.002766,0.002899,ws,ws,book_ladder,book_ladder,False,False,-3.8,4.45,65,-113.75,strategy_S9-150:NIFTY:2026-04-07T14:53:32:LONG
2026-04-07,14:54:35,2026-04-07,14:54:45,NIFTY,SELL,23057.6,23059.8,NIFTY07APR2623100PE,23100.0,PE,41.7,41.6,45.0,40.0,45.0,40.0,0.002401,0.003599,ws,ws,book_ladder,book_ladder,False,False,-3.3,1.6,65,-6.5,strategy_S9-150:NIFTY:2026-04-07T14:54:35:SHORT
2026-04-07,14:55:04,2026-04-07,14:55:27,NIFTY,BUY,23071.15,23078.9,NIFTY07APR2623050CE,23050.0,CE,43.6,47.6,45.0,45.0,45.0,45.0,0.003446,0.004193,ws,ws,book_ladder,book_ladder,False,False,-1.4,2.6,65,260.0,strategy_S9-150:NIFTY:2026-04-07T14:55:04:LONG
2026-04-07,14:56:00,2026-04-07,14:56:58,NIFTY,BUY,23088.65,23093.85,NIFTY07APR2623050CE,23050.0,CE,53.95,57.05,55.0,55.0,55.0,55.0,0.001855,0.002626,ws,ws,book_ladder,book_ladder,False,False,-1.05,2.05,65,201.5,strategy_S9-150:NIFTY:2026-04-07T14:56:00:LONG
2026-04-07,14:57:15,2026-04-07,14:57:38,NIFTY,BUY,23096.35,23097.75,NIFTY07APR2623050CE,23050.0,CE,58.55,57.1,60.0,55.0,60.0,55.0,0.002565,0.00175,ws,ws,book_ladder,book_ladder,False,False,-1.45,2.1,65,-94.25,strategy_S9-150:NIFTY:2026-04-07T14:57:15:LONG
2026-04-07,14:58:17,2026-04-07,14:58:26,NIFTY,SELL,23086.35,23090.35,NIFTY07APR2623100PE,23100.0,PE,25.5,21.6,30.0,20.0,30.0,20.0,0.003929,0.004619,ws,ws,book_ladder,book_ladder,False,False,-4.5,1.6,65,-253.5,strategy_S9-150:NIFTY:2026-04-07T14:58:17:SHORT
2026-04-07,14:58:54,2026-04-07,14:59:00,NIFTY,SELL,23085.05,23092.2,NIFTY07APR2623100PE,23100.0,PE,24.5,23.15,25.0,20.0,25.0,20.0,0.002043,0.00431,ws,ws,book_ladder,book_ladder,False,False,-0.5,3.15,65,-87.75,strategy_S9-150:NIFTY:2026-04-07T14:58:54:SHORT
2026-04-07,14:59:20,2026-04-07,14:59:30,NIFTY,SELL,23084.7,23089.85,NIFTY07APR2623100PE,23100.0,PE,20.25,21.7,25.0,20.0,25.0,20.0,0.002472,0.004598,ws,ws,book_ladder,book_ladder,False,False,-4.75,1.7,65,94.25,strategy_S9-150:NIFTY:2026-04-07T14:59:20:SHORT
2026-04-07,14:59:49,2026-04-07,15:00:06,NIFTY,BUY,23097.7,23094.1,NIFTY07APR2623050CE,23050.0,CE,55.45,50.5,60.0,50.0,60.0,50.0,0.002709,0.003953,ws,ws,book_ladder,book_ladder,False,False,-4.55,0.5,65,-321.75,strategy_S9-150:NIFTY:2026-04-07T14:59:49:LONG
2026-04-07,15:00:15,2026-04-07,15:00:30,NIFTY,SELL,23087.65,23083.55,NIFTY07APR2623100PE,23100.0,PE,23.4,25.85,25.0,25.0,25.0,25.0,0.006431,0.003861,ws,ws,book_ladder,book_ladder,False,False,-1.6,0.85,65,159.25,strategy_S9-150:NIFTY:2026-04-07T15:00:15:SHORT
2026-04-07,15:00:49,2026-04-07,15:01:08,NIFTY,BUY,23108.0,23108.65,NIFTY07APR2623100CE,23100.0,CE,24.75,21.35,25.0,20.0,25.0,20.0,0.006079,0.004673,ws,ws,book_ladder,book_ladder,False,False,-0.25,1.35,65,-221.0,strategy_S9-150:NIFTY:2026-04-07T15:00:49:LONG
2026-04-07,15:01:49,2026-04-07,15:01:55,NIFTY,BUY,23113.4,23111.9,NIFTY07APR2623100CE,23100.0,CE,21.6,21.4,25.0,20.0,25.0,20.0,0.002317,0.002334,ws,ws,book_ladder,book_ladder,False,False,-3.4,1.4,65,-13.0,strategy_S9-150:NIFTY:2026-04-07T15:01:49:LONG
2026-04-07,15:02:11,2026-04-07,15:02:25,NIFTY,BUY,23119.4,23118.8,NIFTY07APR2623100CE,23100.0,CE,26.3,25.05,30.0,25.0,30.0,25.0,0.00572,0.003984,ws,ws,book_ladder,book_ladder,False,False,-3.7,0.05,65,-81.25,strategy_S9-150:NIFTY:2026-04-07T15:02:11:LONG
2026-04-07,15:04:30,2026-04-07,15:04:37,NIFTY,BUY,23123.6,23120.6,NIFTY07APR2623100CE,23100.0,CE,22.5,25.25,25.0,25.0,25.0,25.0,0.002225,0.003953,ws,ws,book_ladder,book_ladder,False,False,-2.5,0.25,65,178.75,strategy_S9-150:NIFTY:2026-04-07T15:04:30:LONG
2026-04-07,15:05:18,2026-04-07,15:05:30,NIFTY,SELL,23115.7,23109.8,NIFTY07APR2623150PE,23150.0,PE,30.45,34.7,35.0,30.0,35.0,30.0,0.003289,0.002878,ws,ws,book_ladder,book_ladder,False,False,-4.55,4.7,65,276.25,strategy_S9-150:NIFTY:2026-04-07T15:05:18:SHORT
2026-04-07,15:06:31,2026-04-07,15:06:47,NIFTY,BUY,23127.85,23120.55,NIFTY07APR2623100CE,23100.0,CE,22.45,23.95,25.0,20.0,25.0,20.0,0.004464,0.004167,ws,ws,book_ladder,book_ladder,False,False,-2.55,3.95,65,97.5,strategy_S9-150:NIFTY:2026-04-07T15:06:31:LONG
2026-04-07,15:07:00,2026-04-07,15:07:25,NIFTY,BUY,23128.15,23128.5,NIFTY07APR2623100CE,23100.0,CE,26.25,30.25,30.0,30.0,30.0,30.0,0.003817,0.0033,ws,ws,book_ladder,book_ladder,False,False,-3.75,0.25,65,260.0,strategy_S9-150:NIFTY:2026-04-07T15:07:00:LONG
2026-04-07,15:08:16,2026-04-07,15:08:30,NIFTY,SELL,23122.5,23125.15,NIFTY07APR2623150PE,23150.0,PE,27.0,29.15,30.0,25.0,30.0,25.0,0.003711,0.003425,ws,ws,book_ladder,book_ladder,False,False,-3.0,4.15,65,139.75,strategy_S9-150:NIFTY:2026-04-07T15:08:16:SHORT
2026-04-07,15:09:17,2026-04-07,15:09:21,NIFTY,SELL,23115.15,23118.45,NIFTY07APR2623150PE,23150.0,PE,28.8,28.45,30.0,25.0,30.0,25.0,0.003478,0.005259,ws,ws,book_ladder,book_ladder,False,False,-1.2,3.45,65,-22.75,strategy_S9-150:NIFTY:2026-04-07T15:09:17:SHORT
2026-04-07,15:12:16,2026-04-07,15:12:30,NIFTY,SELL,23116.0,23120.45,NIFTY07APR2623150PE,23150.0,PE,32.6,32.75,35.0,30.0,35.0,30.0,0.003072,0.003049,ws,ws,book_ladder,book_ladder,False,False,-2.4,2.75,65,9.75,strategy_S9-150:NIFTY:2026-04-07T15:12:16:SHORT
2026-04-07,15:13:55,2026-04-07,15:14:01,NIFTY,SELL,23104.7,23106.9,NIFTY07APR2623150PE,23150.0,PE,40.9,43.3,45.0,40.0,45.0,40.0,0.003674,0.001154,ws,ws,book_ladder,book_ladder,False,False,-4.1,3.3,65,156.0,strategy_S9-150:NIFTY:2026-04-07T15:13:55:SHORT
2026-04-07,15:15:30,2026-04-07,15:15:55,NIFTY,BUY,23115.35,23112.45,NIFTY07APR2623100CE,23100.0,CE,17.1,17.15,20.0,15.0,20.0,15.0,0.005865,0.005814,ws,ws,book_ladder,book_ladder,False,False,-2.9,2.15,65,3.25,strategy_S9-150:NIFTY:2026-04-07T15:15:30:LONG
2026-04-07,15:16:00,2026-04-07,15:16:13,NIFTY,BUY,23118.65,23115.05,NIFTY07APR2623100CE,23100.0,CE,16.85,20.2,20.0,20.0,20.0,20.0,0.005952,0.002472,ws,ws,book_ladder,book_ladder,False,False,-3.15,0.2,65,217.75,strategy_S9-150:NIFTY:2026-04-07T15:16:00:LONG
2026-04-07,15:17:46,2026-04-07,15:18:57,NIFTY,BUY,23116.35,23133.75,NIFTY07APR2623100CE,23100.0,CE,19.75,23.1,20.0,20.0,20.0,20.0,0.002535,0.006472,ws,ws,book_ladder,book_ladder,False,False,-0.25,3.1,65,217.75,strategy_S9-150:NIFTY:2026-04-07T15:17:46:LONG
2026-04-07,15:19:37,2026-04-07,15:19:51,NIFTY,SELL,23125.55,23127.1,NIFTY07APR2623150PE,23150.0,PE,28.6,28.45,30.0,25.0,30.0,25.0,0.005259,0.003509,ws,ws,book_ladder,book_ladder,False,False,-1.4,3.45,65,-9.75,strategy_S9-150:NIFTY:2026-04-07T15:19:37:SHORT
2026-04-07,15:21:00,2026-04-07,15:21:14,NIFTY,BUY,23141.0,23137.15,NIFTY07APR2623100CE,23100.0,CE,23.1,23.7,25.0,20.0,25.0,20.0,0.004338,0.004211,ws,ws,book_ladder,book_ladder,False,False,-1.9,3.7,65,39.0,strategy_S9-150:NIFTY:2026-04-07T15:21:00:LONG
2026-04-07,15:21:30,2026-04-07,15:21:35,NIFTY,BUY,23143.5,23135.65,NIFTY07APR2623100CE,23100.0,CE,23.95,23.15,25.0,20.0,25.0,20.0,0.00209,0.006459,ws,ws,book_ladder,book_ladder,False,False,-1.05,3.15,65,-52.0,strategy_S9-150:NIFTY:2026-04-07T15:21:30:LONG
2026-04-07,15:21:47,2026-04-07,15:22:00,NIFTY,SELL,23126.7,23131.95,NIFTY07APR2623150PE,23150.0,PE,29.0,28.35,30.0,25.0,30.0,25.0,0.003454,0.001762,ws,ws,book_ladder,book_ladder,False,False,-1.0,3.35,65,-42.25,strategy_S9-150:NIFTY:2026-04-07T15:21:47:SHORT
2026-04-07,15:24:30,2026-04-07,15:24:50,NIFTY,BUY,23138.95,23134.7,NIFTY07APR2623100CE,23100.0,CE,22.3,22.55,25.0,20.0,25.0,20.0,0.002245,0.004425,ws,ws,book_ladder,book_ladder,False,False,-2.7,2.55,65,16.25,strategy_S9-150:NIFTY:2026-04-07T15:24:30:LONG
2026-04-07,15:25:00,2026-04-07,15:25:08,NIFTY,BUY,23140.9,23134.5,NIFTY07APR2623100CE,23100.0,CE,23.35,22.9,25.0,20.0,25.0,20.0,0.006445,0.004357,ws,ws,book_ladder,book_ladder,False,False,-1.65,2.9,65,-29.25,strategy_S9-150:NIFTY:2026-04-07T15:25:00:LONG
2026-04-08,09:19:06,2026-04-08,09:19:20,NIFTY,SELL,23890.5,23895.9,NIFTY13APR2623900PE,23900.0,PE,255.95,255.25,260.0,255.0,260.0,255.0,0.002151,0.002152,ws,ws,book_ladder,book_ladder,False,False,-4.05,0.25,65,-45.5,strategy_S9-150:NIFTY:2026-04-08T09:19:06:SHORT
2026-04-08,09:20:14,2026-04-08,09:20:36,NIFTY,BUY,23917.4,23919.2,NIFTY13APR2623900CE,23900.0,CE,245.65,242.2,250.0,240.0,250.0,240.0,0.002445,0.002474,ws,ws,book_ladder,book_ladder,False,False,-4.35,2.2,65,-224.25,strategy_S9-150:NIFTY:2026-04-08T09:20:14:LONG
2026-04-08,09:22:25,2026-04-08,09:22:45,NIFTY,SELL,23899.85,23894.2,NIFTY13APR2623900PE,23900.0,PE,250.5,243.6,255.0,240.0,255.0,240.0,0.001998,0.001231,ws,ws,book_ladder,book_ladder,False,False,-4.5,3.6,65,-448.5,strategy_S9-150:NIFTY:2026-04-08T09:22:25:SHORT
2026-04-08,09:23:00,2026-04-08,09:23:05,NIFTY,SELL,23889.6,23894.3,NIFTY13APR2623900PE,23900.0,PE,245.8,245.55,250.0,245.0,250.0,245.0,0.00224,0.001831,ws,ws,book_ladder,book_ladder,False,False,-4.2,0.55,65,-16.25,strategy_S9-150:NIFTY:2026-04-08T09:23:00:SHORT
2026-04-08,09:23:21,2026-04-08,09:23:43,NIFTY,SELL,23886.75,23880.15,NIFTY13APR2623900PE,23900.0,PE,248.25,254.05,250.0,250.0,250.0,250.0,0.001814,0.002359,ws,ws,book_ladder,book_ladder,False,False,-1.75,4.05,65,377.0,strategy_S9-150:NIFTY:2026-04-08T09:23:21:SHORT
2026-04-08,09:24:11,2026-04-08,09:24:17,NIFTY,SELL,23868.95,23874.85,NIFTY13APR2623900PE,23900.0,PE,259.6,257.25,260.0,255.0,260.0,255.0,0.001928,0.002524,ws,ws,book_ladder,book_ladder,False,False,-0.4,2.25,65,-152.75,strategy_S9-150:NIFTY:2026-04-08T09:24:11:SHORT
2026-04-08,09:24:43,2026-04-08,09:24:55,NIFTY,SELL,23863.5,23865.95,NIFTY13APR2623900PE,23900.0,PE,260.45,260.2,265.0,260.0,265.0,260.0,0.002499,0.002303,ws,ws,book_ladder,book_ladder,False,False,-4.55,0.2,65,-16.25,strategy_S9-150:NIFTY:2026-04-08T09:24:43:SHORT
2026-04-08,09:25:31,2026-04-08,09:25:42,NIFTY,SELL,23860.95,23860.15,NIFTY13APR2623900PE,23900.0,PE,261.45,262.3,265.0,260.0,265.0,260.0,0.002681,0.002095,ws,ws,book_ladder,book_ladder,False,False,-3.55,2.3,65,55.25,strategy_S9-150:NIFTY:2026-04-08T09:25:31:SHORT
2026-04-08,09:26:49,2026-04-08,09:27:09,NIFTY,BUY,23866.55,23881.5,NIFTY13APR2623850CE,23850.0,CE,251.6,255.95,255.0,255.0,255.0,255.0,0.002188,0.002341,ws,ws,book_ladder,book_ladder,False,False,-3.4,0.95,65,282.75,strategy_S9-150:NIFTY:2026-04-08T09:26:49:LONG
2026-04-08,09:27:31,2026-04-08,09:27:56,NIFTY,BUY,23889.8,23887.65,NIFTY13APR2623850CE,23850.0,CE,260.0,258.2,260.0,255.0,260.0,255.0,0.002503,0.000968,ws,ws,book_ladder,book_ladder,False,False,0.0,3.2,65,-117.0,strategy_S9-150:NIFTY:2026-04-08T09:27:31:LONG
2026-04-08,09:28:23,2026-04-08,09:28:35,NIFTY,SELL,23876.7,23880.9,NIFTY13APR2623900PE,23900.0,PE,252.9,252.95,255.0,250.0,255.0,250.0,0.001781,0.001975,ws,ws,book_ladder,book_ladder,False,False,-2.1,2.95,65,3.25,strategy_S9-150:NIFTY:2026-04-08T09:28:23:SHORT
2026-04-08,09:29:12,2026-04-08,09:29:25,NIFTY,SELL,23866.95,23871.6,NIFTY13APR2623900PE,23900.0,PE,258.55,258.75,260.0,255.0,260.0,255.0,0.00213,0.000966,ws,ws,book_ladder,book_ladder,False,False,-1.45,3.75,65,13.0,strategy_S9-150:NIFTY:2026-04-08T09:29:12:SHORT
2026-04-08,09:29:58,2026-04-08,09:30:10,NIFTY,BUY,23878.4,23876.7,NIFTY13APR2623850CE,23850.0,CE,252.45,254.1,255.0,250.0,255.0,250.0,0.00238,0.002162,ws,ws,book_ladder,book_ladder,False,False,-2.55,4.1,65,107.25,strategy_S9-150:NIFTY:2026-04-08T09:29:58:LONG
2026-04-08,09:30:30,2026-04-08,09:30:59,NIFTY,BUY,23890.3,23897.9,NIFTY13APR2623850CE,23850.0,CE,258.7,261.25,260.0,260.0,260.0,260.0,0.002516,0.002103,ws,ws,book_ladder,book_ladder,False,False,-1.3,1.25,65,165.75,strategy_S9-150:NIFTY:2026-04-08T09:30:30:LONG
2026-04-08,09:31:15,2026-04-08,09:31:36,NIFTY,BUY,23902.25,23900.5,NIFTY13APR2623900CE,23900.0,CE,236.3,236.05,240.0,235.0,240.0,235.0,0.001906,0.002327,ws,ws,book_ladder,book_ladder,False,False,-3.7,1.05,65,-16.25,strategy_S9-150:NIFTY:2026-04-08T09:31:15:LONG
2026-04-08,09:32:01,2026-04-08,09:32:06,NIFTY,SELL,23895.75,23901.95,NIFTY13APR2623900PE,23900.0,PE,240.95,239.45,245.0,235.0,245.0,235.0,0.002077,0.002086,ws,ws,book_ladder,book_ladder,False,False,-4.05,4.45,65,-97.5,strategy_S9-150:NIFTY:2026-04-08T09:32:01:SHORT
2026-04-08,09:32:34,2026-04-08,09:32:40,NIFTY,SELL,23895.75,23899.75,NIFTY13APR2623900PE,23900.0,PE,240.65,239.2,245.0,235.0,245.0,235.0,0.00208,0.002505,ws,ws,book_ladder,book_ladder,False,False,-4.35,4.2,65,-94.25,strategy_S9-150:NIFTY:2026-04-08T09:32:34:SHORT
2026-04-08,09:32:50,2026-04-08,09:33:31,NIFTY,SELL,23894.05,23887.85,NIFTY13APR2623900PE,23900.0,PE,240.45,243.4,245.0,240.0,245.0,240.0,0.00229,0.001642,ws,ws,book_ladder,book_ladder,False,False,-4.55,3.4,65,191.75,strategy_S9-150:NIFTY:2026-04-08T09:32:50:SHORT
2026-04-08,09:35:10,2026-04-08,09:35:17,NIFTY,BUY,23890.7,23887.1,NIFTY13APR2623850CE,23850.0,CE,258.95,257.35,260.0,255.0,260.0,255.0,0.002126,0.000389,ws,ws,book_ladder,book_ladder,False,False,-1.05,2.35,65,-104.0,strategy_S9-150:NIFTY:2026-04-08T09:35:10:LONG
2026-04-08,09:35:41,2026-04-08,09:36:00,NIFTY,BUY,23892.55,23891.0,NIFTY13APR2623850CE,23850.0,CE,259.85,259.0,260.0,255.0,260.0,255.0,0.002505,0.001736,ws,ws,book_ladder,book_ladder,False,False,-0.15,4.0,65,-55.25,strategy_S9-150:NIFTY:2026-04-08T09:35:41:LONG
2026-04-08,09:36:25,2026-04-08,09:36:39,NIFTY,BUY,23896.65,23896.15,NIFTY13APR2623850CE,23850.0,CE,261.75,261.4,265.0,260.0,265.0,260.0,0.002295,0.002674,ws,ws,book_ladder,book_ladder,False,False,-3.25,1.4,65,-22.75,strategy_S9-150:NIFTY:2026-04-08T09:36:25:LONG
2026-04-08,09:37:10,2026-04-08,09:37:35,NIFTY,BUY,23901.35,23907.05,NIFTY13APR2623900CE,23900.0,CE,235.6,240.6,240.0,240.0,240.0,240.0,0.00255,0.002283,ws,ws,book_ladder,book_ladder,False,False,-4.4,0.6,65,325.0,strategy_S9-150:NIFTY:2026-04-08T09:37:10:LONG
2026-04-08,09:38:45,2026-04-08,09:39:10,NIFTY,SELL,23899.85,23902.65,NIFTY13APR2623900PE,23900.0,PE,235.85,230.65,240.0,230.0,240.0,230.0,0.001485,0.002598,ws,ws,book_ladder,book_ladder,False,False,-4.15,0.65,65,-338.0,strategy_S9-150:NIFTY:2026-04-08T09:38:45:SHORT
2026-04-08,09:39:47,2026-04-08,09:40:26,NIFTY,BUY,23913.45,23915.4,NIFTY13APR2623900CE,23900.0,CE,240.4,241.5,245.0,240.0,245.0,240.0,0.001874,0.002068,ws,ws,book_ladder,book_ladder,False,False,-4.6,1.5,65,71.5,strategy_S9-150:NIFTY:2026-04-08T09:39:47:LONG
2026-04-08,09:41:50,2026-04-08,09:41:56,NIFTY,SELL,23901.95,23904.95,NIFTY13APR2623950PE,23950.0,PE,253.65,253.0,255.0,250.0,255.0,250.0,0.002171,0.00158,ws,ws,book_ladder,book_ladder,False,False,-1.35,3.0,65,-42.25,strategy_S9-150:NIFTY:2026-04-08T09:41:50:SHORT
2026-04-08,09:42:18,2026-04-08,09:42:35,NIFTY,SELL,23904.25,23903.95,NIFTY13APR2623950PE,23950.0,PE,252.4,253.85,255.0,250.0,255.0,250.0,0.002181,0.002754,ws,ws,book_ladder,book_ladder,False,False,-2.6,3.85,65,94.25,strategy_S9-150:NIFTY:2026-04-08T09:42:18:SHORT
2026-04-08,09:43:02,2026-04-08,09:43:12,NIFTY,BUY,23907.25,23905.35,NIFTY13APR2623900CE,23900.0,CE,238.85,238.6,240.0,235.0,240.0,235.0,0.002305,0.001675,ws,ws,book_ladder,book_ladder,False,False,-1.15,3.6,65,-16.25,strategy_S9-150:NIFTY:2026-04-08T09:43:02:LONG
2026-04-08,09:43:23,2026-04-08,09:43:34,NIFTY,BUY,23912.6,23912.5,NIFTY13APR2623900CE,23900.0,CE,241.7,240.0,245.0,240.0,245.0,240.0,0.001864,0.001873,ws,ws,book_ladder,book_ladder,False,False,-3.3,0.0,65,-110.5,strategy_S9-150:NIFTY:2026-04-08T09:43:23:LONG
2026-04-08,09:44:30,2026-04-08,09:44:32,NIFTY,BUY,23920.5,23915.35,NIFTY13APR2623900CE,23900.0,CE,242.75,240.8,245.0,240.0,245.0,240.0,0.002475,0.002074,ws,ws,book_ladder,book_ladder,False,False,-2.25,0.8,65,-126.75,strategy_S9-150:NIFTY:2026-04-08T09:44:30:LONG
2026-04-08,09:45:01,2026-04-08,09:45:18,NIFTY,BUY,23924.05,23926.8,NIFTY13APR2623900CE,23900.0,CE,244.05,246.0,245.0,245.0,245.0,245.0,0.00164,0.00203,ws,ws,book_ladder,book_ladder,False,False,-0.95,1.0,65,126.75,strategy_S9-150:NIFTY:2026-04-08T09:45:01:LONG
2026-04-08,09:45:59,2026-04-08,09:46:29,NIFTY,BUY,23934.55,23942.75,NIFTY13APR2623900CE,23900.0,CE,248.85,253.5,250.0,250.0,250.0,250.0,0.001609,0.002561,ws,ws,book_ladder,book_ladder,False,False,-1.15,3.5,65,302.25,strategy_S9-150:NIFTY:2026-04-08T09:45:59:LONG
2026-04-08,09:46:52,2026-04-08,09:46:57,NIFTY,BUY,23946.15,23941.1,NIFTY13APR2623900CE,23900.0,CE,256.0,254.05,260.0,250.0,260.0,250.0,0.001955,0.002359,ws,ws,book_ladder,book_ladder,False,False,-4.0,4.05,65,-126.75,strategy_S9-150:NIFTY:2026-04-08T09:46:52:LONG
2026-04-08,09:47:19,2026-04-08,09:47:26,NIFTY,BUY,23950.35,23947.0,NIFTY13APR2623950CE,23950.0,CE,230.5,228.65,235.0,225.0,235.0,225.0,0.002389,0.002403,ws,ws,book_ladder,book_ladder,False,False,-4.5,3.65,65,-120.25,strategy_S9-150:NIFTY:2026-04-08T09:47:19:LONG
2026-04-08,09:48:00,2026-04-08,09:48:24,NIFTY,BUY,23948.95,23947.85,NIFTY13APR2623900CE,23900.0,CE,257.65,255.7,260.0,255.0,260.0,255.0,0.002331,0.002344,ws,ws,book_ladder,book_ladder,False,False,-2.35,0.7,65,-126.75,strategy_S9-150:NIFTY:2026-04-08T09:48:00:LONG
2026-04-08,09:48:45,2026-04-08,09:48:58,NIFTY,BUY,23957.4,23956.1,NIFTY13APR2623950CE,23950.0,CE,232.0,232.0,235.0,230.0,235.0,230.0,0.001294,0.001292,ws,ws,book_ladder,book_ladder,False,False,-3.0,2.0,65,0.0,strategy_S9-150:NIFTY:2026-04-08T09:48:45:LONG
2026-04-08,09:49:36,2026-04-08,09:50:04,NIFTY,SELL,23946.65,23947.0,NIFTY13APR2623950PE,23950.0,PE,229.8,229.35,230.0,225.0,230.0,225.0,0.001088,0.001743,ws,ws,book_ladder,book_ladder,False,False,-0.2,4.35,65,-29.25,strategy_S9-150:NIFTY:2026-04-08T09:49:36:SHORT
2026-04-08,09:50:18,2026-04-08,09:50:26,NIFTY,BUY,23951.25,23949.2,NIFTY13APR2623950CE,23950.0,CE,231.0,230.5,235.0,230.0,235.0,230.0,0.002601,0.002167,ws,ws,book_ladder,book_ladder,False,False,-4.0,0.5,65,-32.5,strategy_S9-150:NIFTY:2026-04-08T09:50:18:LONG
2026-04-08,09:50:30,2026-04-08,09:50:51,NIFTY,BUY,23953.1,23953.9,NIFTY13APR2623950CE,23950.0,CE,230.9,232.65,235.0,230.0,235.0,230.0,0.002385,0.002576,ws,ws,book_ladder,book_ladder,False,False,-4.1,2.65,65,113.75,strategy_S9-150:NIFTY:2026-04-08T09:50:30:LONG
2026-04-08,09:51:01,2026-04-08,09:51:11,NIFTY,SELL,23947.9,23953.5,NIFTY13APR2623950PE,23950.0,PE,229.4,225.75,230.0,225.0,230.0,225.0,0.001745,0.001991,ws,ws,book_ladder,book_ladder,False,False,-0.6,0.75,65,-237.25,strategy_S9-150:NIFTY:2026-04-08T09:51:01:SHORT
2026-04-08,09:51:34,2026-04-08,09:51:50,NIFTY,SELL,23947.75,23951.1,NIFTY13APR2623950PE,23950.0,PE,228.35,227.95,230.0,225.0,230.0,225.0,0.002192,0.001096,ws,ws,book_ladder,book_ladder,False,False,-1.65,2.95,65,-26.0,strategy_S9-150:NIFTY:2026-04-08T09:51:34:SHORT
2026-04-08,09:53:34,2026-04-08,09:54:18,NIFTY,SELL,23937.6,23920.7,NIFTY13APR2623950PE,23950.0,PE,234.75,242.55,235.0,240.0,235.0,240.0,0.001919,0.000618,ws,ws,book_ladder,book_ladder,False,False,-0.25,2.55,65,507.0,strategy_S9-150:NIFTY:2026-04-08T09:53:34:SHORT
2026-04-08,09:55:45,2026-04-08,09:56:10,NIFTY,BUY,23935.9,23932.9,NIFTY13APR2623900CE,23900.0,CE,248.55,245.4,250.0,245.0,250.0,245.0,0.001409,0.002035,ws,ws,book_ladder,book_ladder,False,False,-1.45,0.4,65,-204.75,strategy_S9-150:NIFTY:2026-04-08T09:55:45:LONG
2026-04-08,09:56:21,2026-04-08,09:56:33,NIFTY,BUY,23935.7,23932.3,NIFTY13APR2623900CE,23900.0,CE,247.05,247.8,250.0,245.0,250.0,245.0,0.002026,0.002016,ws,ws,book_ladder,book_ladder,False,False,-2.95,2.8,65,48.75,strategy_S9-150:NIFTY:2026-04-08T09:56:21:LONG
2026-04-08,09:57:01,2026-04-08,09:57:17,NIFTY,SELL,23925.35,23926.25,NIFTY13APR2623950PE,23950.0,PE,239.6,241.25,240.0,240.0,240.0,240.0,0.002089,0.002484,ws,ws,book_ladder,book_ladder,False,False,-0.4,1.25,65,107.25,strategy_S9-150:NIFTY:2026-04-08T09:57:01:SHORT
2026-04-08,09:58:22,2026-04-08,09:58:32,NIFTY,BUY,23932.15,23926.85,NIFTY13APR2623900CE,23900.0,CE,248.0,246.55,250.0,245.0,250.0,245.0,0.00222,0.001824,ws,ws,book_ladder,book_ladder,False,False,-2.0,1.55,65,-94.25,strategy_S9-150:NIFTY:2026-04-08T09:58:22:LONG
2026-04-08,09:59:36,2026-04-08,09:59:50,NIFTY,SELL,23895.3,23895.45,NIFTY13APR2623900PE,23900.0,PE,231.0,232.05,235.0,230.0,235.0,230.0,0.002384,0.002367,ws,ws,book_ladder,book_ladder,False,False,-4.0,2.05,65,68.25,strategy_S9-150:NIFTY:2026-04-08T09:59:36:SHORT
2026-04-08,10:00:13,2026-04-08,10:00:23,NIFTY,BUY,23911.65,23910.55,NIFTY13APR2623900CE,23900.0,CE,237.45,238.4,240.0,235.0,240.0,235.0,0.002108,0.002095,ws,ws,book_ladder,book_ladder,False,False,-2.55,3.4,65,61.75,strategy_S9-150:NIFTY:2026-04-08T10:00:13:LONG
2026-04-08,10:00:49,2026-04-08,10:00:57,NIFTY,SELL,23905.45,23907.0,NIFTY13APR2623950PE,23950.0,PE,254.1,253.25,255.0,250.0,255.0,250.0,0.002364,0.001381,ws,ws,book_ladder,book_ladder,False,False,-0.9,3.25,65,-55.25,strategy_S9-150:NIFTY:2026-04-08T10:00:49:SHORT
2026-04-08,10:03:57,2026-04-08,10:04:02,NIFTY,SELL,23904.15,23907.95,NIFTY13APR2623950PE,23950.0,PE,254.4,253.2,255.0,250.0,255.0,250.0,0.002558,0.002564,ws,ws,book_ladder,book_ladder,False,False,-0.6,3.2,65,-78.0,strategy_S9-150:NIFTY:2026-04-08T10:03:57:SHORT
2026-04-08,10:04:35,2026-04-08,10:04:55,NIFTY,SELL,23896.8,23899.6,NIFTY13APR2623900PE,23900.0,PE,231.95,231.45,235.0,230.0,235.0,230.0,0.002374,0.001942,ws,ws,book_ladder,book_ladder,False,False,-3.05,1.45,65,-32.5,strategy_S9-150:NIFTY:2026-04-08T10:04:35:SHORT
2026-04-08,10:05:18,2026-04-08,10:06:07,NIFTY,BUY,23908.75,23930.25,NIFTY13APR2623900CE,23900.0,CE,237.8,243.6,240.0,240.0,240.0,240.0,0.002316,0.001436,ws,ws,book_ladder,book_ladder,False,False,-2.2,3.6,65,377.0,strategy_S9-150:NIFTY:2026-04-08T10:05:18:LONG
2026-04-08,10:06:30,2026-04-08,10:06:43,NIFTY,SELL,23914.8,23915.45,NIFTY13APR2623950PE,23950.0,PE,244.95,246.85,245.0,245.0,245.0,245.0,0.001021,0.001012,ws,ws,book_ladder,book_ladder,False,False,-0.05,1.85,65,123.5,strategy_S9-150:NIFTY:2026-04-08T10:06:30:SHORT
2026-04-08,10:07:23,2026-04-08,10:07:36,NIFTY,SELL,23902.85,23905.7,NIFTY13APR2623950PE,23950.0,PE,254.7,252.4,255.0,250.0,255.0,250.0,0.002555,0.002177,ws,ws,book_ladder,book_ladder,False,False,-0.3,2.4,65,-149.5,strategy_S9-150:NIFTY:2026-04-08T10:07:23:SHORT
2026-04-08,10:07:52,2026-04-08,10:08:05,NIFTY,SELL,23896.95,23895.7,NIFTY13APR2623900PE,23900.0,PE,231.95,231.35,235.0,230.0,235.0,230.0,0.001078,0.001943,ws,ws,book_ladder,book_ladder,False,False,-3.05,1.35,65,-39.0,strategy_S9-150:NIFTY:2026-04-08T10:07:52:SHORT
2026-04-08,10:08:49,2026-04-08,10:08:55,NIFTY,BUY,23905.3,23902.05,NIFTY13APR2623900CE,23900.0,CE,235.0,232.75,235.0,230.0,235.0,230.0,0.00213,0.001932,ws,ws,book_ladder,book_ladder,False,False,0.0,2.75,65,-146.25,strategy_S9-150:NIFTY:2026-04-08T10:08:49:LONG
2026-04-08,10:10:13,2026-04-08,10:10:25,NIFTY,SELL,23891.6,23889.85,NIFTY13APR2623900PE,23900.0,PE,234.4,234.3,235.0,230.0,235.0,230.0,0.000427,0.002558,ws,ws,book_ladder,book_ladder,False,False,-0.6,4.3,65,-6.5,strategy_S9-150:NIFTY:2026-04-08T10:10:13:SHORT
2026-04-08,10:10:49,2026-04-08,10:10:55,NIFTY,SELL,23890.5,23891.8,NIFTY13APR2623900PE,23900.0,PE,234.0,233.8,235.0,230.0,235.0,230.0,0.001711,0.001923,ws,ws,book_ladder,book_ladder,False,False,-1.0,3.8,65,-13.0,strategy_S9-150:NIFTY:2026-04-08T10:10:49:SHORT
2026-04-08,10:11:20,2026-04-08,10:11:27,NIFTY,BUY,23898.75,23892.95,NIFTY13APR2623850CE,23850.0,CE,256.8,256.5,260.0,255.0,260.0,255.0,0.002144,0.002142,ws,ws,book_ladder,book_ladder,False,False,-3.2,1.5,65,-19.5,strategy_S9-150:NIFTY:2026-04-08T10:11:20:LONG
2026-04-08,10:12:15,2026-04-08,10:12:21,NIFTY,BUY,23899.8,23897.25,NIFTY13APR2623850CE,23850.0,CE,259.3,258.15,260.0,255.0,260.0,255.0,0.002123,0.002322,ws,ws,book_ladder,book_ladder,False,False,-0.7,3.15,65,-74.75,strategy_S9-150:NIFTY:2026-04-08T10:12:15:LONG
2026-04-08,10:12:38,2026-04-08,10:12:46,NIFTY,BUY,23903.4,23899.35,NIFTY13APR2623900CE,23900.0,CE,233.15,231.15,235.0,230.0,235.0,230.0,0.000429,0.000649,ws,ws,book_ladder,book_ladder,False,False,-1.85,1.15,65,-130.0,strategy_S9-150:NIFTY:2026-04-08T10:12:38:LONG
2026-04-08,10:13:36,2026-04-08,10:14:05,NIFTY,SELL,23889.6,23889.15,NIFTY13APR2623900PE,23900.0,PE,233.9,234.65,235.0,230.0,235.0,230.0,0.00214,0.001278,ws,ws,book_ladder,book_ladder,False,False,-1.1,4.65,65,48.75,strategy_S9-150:NIFTY:2026-04-08T10:13:36:SHORT
2026-04-08,10:15:00,2026-04-08,10:15:25,NIFTY,SELL,23879.5,23880.2,NIFTY13APR2623900PE,23900.0,PE,238.0,238.35,240.0,235.0,240.0,235.0,0.000841,0.002514,ws,ws,book_ladder,book_ladder,False,False,-2.0,3.35,65,22.75,strategy_S9-150:NIFTY:2026-04-08T10:15:00:SHORT
2026-04-08,10:15:31,2026-04-08,10:15:48,NIFTY,SELL,23872.7,23872.1,NIFTY13APR2623900PE,23900.0,PE,243.95,242.0,245.0,240.0,245.0,240.0,0.002668,0.001445,ws,ws,book_ladder,book_ladder,False,False,-1.05,2.0,65,-126.75,strategy_S9-150:NIFTY:2026-04-08T10:15:31:SHORT
2026-04-08,10:17:15,2026-04-08,10:17:36,NIFTY,BUY,23880.05,23886.7,NIFTY13APR2623850CE,23850.0,CE,248.8,250.85,250.0,250.0,250.0,250.0,0.002012,0.002588,ws,ws,book_ladder,book_ladder,False,False,-1.2,0.85,65,133.25,strategy_S9-150:NIFTY:2026-04-08T10:17:15:LONG
2026-04-08,10:18:07,2026-04-08,10:18:24,NIFTY,BUY,23891.45,23897.9,NIFTY13APR2623850CE,23850.0,CE,254.9,257.0,255.0,255.0,255.0,255.0,0.002553,0.001944,ws,ws,book_ladder,book_ladder,False,False,-0.1,2.0,65,136.5,strategy_S9-150:NIFTY:2026-04-08T10:18:07:LONG
2026-04-08,10:20:00,2026-04-08,10:20:19,NIFTY,BUY,23906.55,23910.9,NIFTY13APR2623900CE,23900.0,CE,232.55,236.0,235.0,235.0,235.0,235.0,0.001937,0.00275,ws,ws,book_ladder,book_ladder,False,False,-2.45,1.0,65,224.25,strategy_S9-150:NIFTY:2026-04-08T10:20:00:LONG
2026-04-08,10:21:19,2026-04-08,10:21:40,NIFTY,SELL,23896.35,23894.45,NIFTY13APR2623900PE,23900.0,PE,229.6,230.45,230.0,230.0,230.0,230.0,0.001962,0.002384,ws,ws,book_ladder,book_ladder,False,False,-0.4,0.45,65,55.25,strategy_S9-150:NIFTY:2026-04-08T10:21:19:SHORT
2026-04-08,10:22:04,2026-04-08,10:22:31,NIFTY,SELL,23885.45,23881.45,NIFTY13APR2623900PE,23900.0,PE,235.6,237.55,240.0,235.0,240.0,235.0,0.00255,0.002313,ws,ws,book_ladder,book_ladder,False,False,-4.4,2.55,65,126.75,strategy_S9-150:NIFTY:2026-04-08T10:22:04:SHORT
2026-04-08,10:23:00,2026-04-08,10:23:37,NIFTY,BUY,23884.8,23889.8,NIFTY13APR2623850CE,23850.0,CE,251.65,252.35,255.0,250.0,255.0,250.0,0.002188,0.002177,ws,ws,book_ladder,book_ladder,False,False,-3.35,2.35,65,45.5,strategy_S9-150:NIFTY:2026-04-08T10:23:00:LONG
2026-04-08,10:24:00,2026-04-08,10:24:35,NIFTY,BUY,23895.3,23898.4,NIFTY13APR2623850CE,23850.0,CE,256.0,255.45,260.0,255.0,260.0,255.0,0.000586,0.002151,ws,ws,book_ladder,book_ladder,False,False,-4.0,0.45,65,-35.75,strategy_S9-150:NIFTY:2026-04-08T10:24:00:LONG
2026-04-08,10:25:02,2026-04-08,10:25:21,NIFTY,SELL,23888.8,23886.05,NIFTY13APR2623900PE,23900.0,PE,233.7,233.1,235.0,230.0,235.0,230.0,0.001499,0.001929,ws,ws,book_ladder,book_ladder,False,False,-1.3,3.1,65,-39.0,strategy_S9-150:NIFTY:2026-04-08T10:25:02:SHORT
2026-04-08,10:25:58,2026-04-08,10:26:05,NIFTY,BUY,23889.95,23888.15,NIFTY13APR2623850CE,23850.0,CE,253.4,251.1,255.0,250.0,255.0,250.0,0.001975,0.002387,ws,ws,book_ladder,book_ladder,False,False,-1.6,1.1,65,-149.5,strategy_S9-150:NIFTY:2026-04-08T10:25:58:LONG
2026-04-08,10:27:20,2026-04-08,10:27:30,NIFTY,BUY,23890.85,23888.45,NIFTY13APR2623850CE,23850.0,CE,253.0,253.65,255.0,250.0,255.0,250.0,0.000989,0.001773,ws,ws,book_ladder,book_ladder,False,False,-2.0,3.65,65,42.25,strategy_S9-150:NIFTY:2026-04-08T10:27:20:LONG
2026-04-08,10:27:47,2026-04-08,10:28:12,NIFTY,BUY,23893.75,23897.1,NIFTY13APR2623850CE,23850.0,CE,254.35,255.15,255.0,255.0,255.0,255.0,0.002559,0.002153,ws,ws,book_ladder,book_ladder,False,False,-0.65,0.15,65,52.0,strategy_S9-150:NIFTY:2026-04-08T10:27:47:LONG
2026-04-08,10:28:52,2026-04-08,10:29:14,NIFTY,BUY,23903.65,23911.4,NIFTY13APR2623900CE,23900.0,CE,232.0,235.55,235.0,235.0,235.0,235.0,0.001726,0.00212,ws,ws,book_ladder,book_ladder,False,False,-3.0,0.55,65,230.75,strategy_S9-150:NIFTY:2026-04-08T10:28:52:LONG
2026-04-08,10:30:35,2026-04-08,10:30:44,NIFTY,BUY,23914.6,23910.9,NIFTY13APR2623900CE,23900.0,CE,235.95,234.6,240.0,230.0,240.0,230.0,0.002546,0.002342,ws,ws,book_ladder,book_ladder,False,False,-4.05,4.6,65,-87.75,strategy_S9-150:NIFTY:2026-04-08T10:30:35:LONG
2026-04-08,10:31:01,2026-04-08,10:31:08,NIFTY,BUY,23917.05,23914.85,NIFTY13APR2623900CE,23900.0,CE,237.25,234.3,240.0,230.0,240.0,230.0,0.002532,0.002132,ws,ws,book_ladder,book_ladder,False,False,-2.75,4.3,65,-191.75,strategy_S9-150:NIFTY:2026-04-08T10:31:01:LONG
2026-04-08,10:32:00,2026-04-08,10:32:30,NIFTY,BUY,23919.05,23920.55,NIFTY13APR2623900CE,23900.0,CE,237.6,237.45,240.0,235.0,240.0,235.0,0.002317,0.002314,ws,ws,book_ladder,book_ladder,False,False,-2.4,2.45,65,-9.75,strategy_S9-150:NIFTY:2026-04-08T10:32:00:LONG
2026-04-08,10:33:17,2026-04-08,10:33:23,NIFTY,BUY,23922.0,23919.5,NIFTY13APR2623900CE,23900.0,CE,238.65,238.15,240.0,235.0,240.0,235.0,0.002517,0.001888,ws,ws,book_ladder,book_ladder,False,False,-1.35,3.15,65,-32.5,strategy_S9-150:NIFTY:2026-04-08T10:33:17:LONG
2026-04-08,10:33:33,2026-04-08,10:33:51,NIFTY,BUY,23923.5,23926.45,NIFTY13APR2623900CE,23900.0,CE,239.9,239.6,240.0,235.0,240.0,235.0,0.001251,0.001251,ws,ws,book_ladder,book_ladder,False,False,-0.1,4.6,65,-19.5,strategy_S9-150:NIFTY:2026-04-08T10:33:33:LONG
2026-04-08,10:35:39,2026-04-08,10:35:53,NIFTY,SELL,23915.55,23912.75,NIFTY13APR2623950PE,23950.0,PE,239.0,242.55,240.0,240.0,240.0,240.0,0.001047,0.001442,ws,ws,book_ladder,book_ladder,False,False,-1.0,2.55,65,230.75,strategy_S9-150:NIFTY:2026-04-08T10:35:39:SHORT
2026-04-08,10:36:46,2026-04-08,10:37:05,NIFTY,SELL,23906.35,23906.8,NIFTY13APR2623950PE,23950.0,PE,244.0,243.7,245.0,240.0,245.0,240.0,0.002051,0.00205,ws,ws,book_ladder,book_ladder,False,False,-1.0,3.7,65,-19.5,strategy_S9-150:NIFTY:2026-04-08T10:36:46:SHORT
2026-04-08,10:37:31,2026-04-08,10:38:17,NIFTY,BUY,23910.35,23927.0,NIFTY13APR2623900CE,23900.0,CE,231.8,237.4,235.0,235.0,235.0,235.0,0.000647,0.001894,ws,ws,book_ladder,book_ladder,False,False,-3.2,2.4,65,364.0,strategy_S9-150:NIFTY:2026-04-08T10:37:31:LONG
2026-04-08,10:38:31,2026-04-08,10:39:10,NIFTY,SELL,23919.15,23913.0,NIFTY13APR2623950PE,23950.0,PE,236.85,239.8,240.0,240.0,240.0,235.0,0.001902,0.002499,ws,ws,book_ladder,book_ladder,False,True,-3.15,-0.2,65,191.75,strategy_S9-150:NIFTY:2026-04-08T10:38:31:SHORT
2026-04-08,10:39:52,2026-04-08,10:40:02,NIFTY,BUY,23921.35,23919.75,NIFTY13APR2623900CE,23900.0,CE,233.5,233.15,235.0,230.0,235.0,230.0,0.002144,0.002356,ws,ws,book_ladder,book_ladder,False,False,-1.5,3.15,65,-22.75,strategy_S9-150:NIFTY:2026-04-08T10:39:52:LONG
2026-04-08,10:40:24,2026-04-08,10:40:35,NIFTY,SELL,23914.7,23915.8,NIFTY13APR2623950PE,23950.0,PE,239.3,240.35,240.0,240.0,240.0,240.0,0.001045,0.001663,ws,ws,book_ladder,book_ladder,False,False,-0.7,0.35,65,68.25,strategy_S9-150:NIFTY:2026-04-08T10:40:24:SHORT
2026-04-08,10:40:46,2026-04-08,10:41:05,NIFTY,SELL,23908.7,23909.85,NIFTY13APR2623950PE,23950.0,PE,242.9,244.3,245.0,240.0,245.0,240.0,0.001236,0.00184,ws,ws,book_ladder,book_ladder,False,False,-2.1,4.3,65,91.0,strategy_S9-150:NIFTY:2026-04-08T10:40:46:SHORT
2026-04-08,10:41:57,2026-04-08,10:42:16,NIFTY,BUY,23917.45,23919.2,NIFTY13APR2623900CE,23900.0,CE,231.95,231.8,235.0,230.0,235.0,230.0,0.002374,0.001939,ws,ws,book_ladder,book_ladder,False,False,-3.05,1.8,65,-9.75,strategy_S9-150:NIFTY:2026-04-08T10:41:57:LONG
2026-04-08,10:43:24,2026-04-08,10:44:35,NIFTY,BUY,23925.3,23947.4,NIFTY13APR2623900CE,23900.0,CE,233.65,244.65,235.0,240.0,235.0,240.0,0.001713,0.001225,ws,ws,book_ladder,book_ladder,False,False,-1.35,4.65,65,715.0,strategy_S9-150:NIFTY:2026-04-08T10:43:24:LONG
2026-04-08,10:46:03,2026-04-08,10:46:25,NIFTY,SELL,23939.1,23936.15,NIFTY13APR2623950PE,23950.0,PE,223.0,223.0,225.0,220.0,225.0,220.0,0.001571,0.001344,ws,ws,book_ladder,book_ladder,False,False,-2.0,3.0,65,0.0,strategy_S9-150:NIFTY:2026-04-08T10:46:03:SHORT
2026-04-08,10:47:02,2026-04-08,10:47:18,NIFTY,BUY,23945.85,23942.15,NIFTY13APR2623900CE,23900.0,CE,247.9,248.8,250.0,245.0,250.0,245.0,0.001615,0.001807,ws,ws,book_ladder,book_ladder,False,False,-2.1,3.8,65,58.5,strategy_S9-150:NIFTY:2026-04-08T10:47:02:LONG
2026-04-08,10:48:52,2026-04-08,10:49:01,NIFTY,BUY,23954.0,23950.15,NIFTY13APR2623950CE,23950.0,CE,227.3,225.8,230.0,225.0,230.0,225.0,0.001761,0.002212,ws,ws,book_ladder,book_ladder,False,False,-2.7,0.8,65,-97.5,strategy_S9-150:NIFTY:2026-04-08T10:48:52:LONG
2026-04-08,10:49:15,2026-04-08,10:49:35,NIFTY,SELL,23938.3,23927.85,NIFTY13APR2623950PE,23950.0,PE,218.55,224.4,220.0,220.0,220.0,220.0,0.001374,0.000668,ws,ws,book_ladder,book_ladder,False,False,-1.45,4.4,65,380.25,strategy_S9-150:NIFTY:2026-04-08T10:49:15:SHORT
2026-04-08,10:50:20,2026-04-08,10:50:33,NIFTY,BUY,23943.4,23939.5,NIFTY13APR2623900CE,23900.0,CE,248.95,246.9,250.0,245.0,250.0,245.0,0.001608,0.001214,ws,ws,book_ladder,book_ladder,False,False,-1.05,1.9,65,-133.25,strategy_S9-150:NIFTY:2026-04-08T10:50:20:LONG
2026-04-08,10:50:50,2026-04-08,10:51:07,NIFTY,BUY,23945.2,23942.65,NIFTY13APR2623900CE,23900.0,CE,248.5,248.7,250.0,245.0,250.0,245.0,0.001813,0.002008,ws,ws,book_ladder,book_ladder,False,False,-1.5,3.7,65,13.0,strategy_S9-150:NIFTY:2026-04-08T10:50:50:LONG
2026-04-08,10:51:56,2026-04-08,10:52:05,NIFTY,SELL,23936.0,23940.3,NIFTY13APR2623950PE,23950.0,PE,222.65,220.1,225.0,220.0,225.0,220.0,0.002473,0.002269,ws,ws,book_ladder,book_ladder,False,False,-2.35,0.1,65,-165.75,strategy_S9-150:NIFTY:2026-04-08T10:51:56:SHORT
2026-04-08,10:53:13,2026-04-08,10:53:36,NIFTY,BUY,23954.8,23954.9,NIFTY13APR2623950CE,23950.0,CE,227.0,227.0,230.0,225.0,230.0,225.0,0.001543,0.001321,ws,ws,book_ladder,book_ladder,False,False,-3.0,2.0,65,0.0,strategy_S9-150:NIFTY:2026-04-08T10:53:13:LONG
2026-04-08,10:54:26,2026-04-08,10:55:01,NIFTY,BUY,23961.9,23966.1,NIFTY13APR2623950CE,23950.0,CE,229.5,233.6,230.0,230.0,230.0,230.0,0.000872,0.002352,ws,ws,book_ladder,book_ladder,False,False,-0.5,3.6,65,266.5,strategy_S9-150:NIFTY:2026-04-08T10:54:26:LONG
2026-04-08,10:55:45,2026-04-08,10:56:01,NIFTY,BUY,23970.45,23967.2,NIFTY13APR2623950CE,23950.0,CE,232.05,231.5,235.0,230.0,235.0,230.0,0.002589,0.002373,ws,ws,book_ladder,book_ladder,False,False,-2.95,1.5,65,-35.75,strategy_S9-150:NIFTY:2026-04-08T10:55:45:LONG
2026-04-08,10:56:24,2026-04-08,10:57:41,NIFTY,BUY,23970.6,23977.9,NIFTY13APR2623950CE,23950.0,CE,232.8,236.5,235.0,235.0,235.0,235.0,0.002365,0.002112,ws,ws,book_ladder,book_ladder,False,False,-2.2,1.5,65,240.5,strategy_S9-150:NIFTY:2026-04-08T10:56:24:LONG
2026-04-08,10:58:42,2026-04-08,10:59:07,NIFTY,BUY,23980.55,23979.85,NIFTY13APR2623950CE,23950.0,CE,237.0,236.5,240.0,235.0,240.0,235.0,0.002112,0.002534,ws,ws,book_ladder,book_ladder,False,False,-3.0,1.5,65,-32.5,strategy_S9-150:NIFTY:2026-04-08T10:58:42:LONG
2026-04-08,10:59:18,2026-04-08,10:59:24,NIFTY,SELL,23976.55,23980.65,NIFTY13APR2624000PE,24000.0,PE,223.2,222.2,225.0,220.0,225.0,220.0,0.000896,0.00045,ws,ws,book_ladder,book_ladder,False,False,-1.8,2.2,65,-65.0,strategy_S9-150:NIFTY:2026-04-08T10:59:18:SHORT
2026-04-08,11:00:17,2026-04-08,11:00:33,NIFTY,BUY,23985.8,23984.05,NIFTY13APR2623950CE,23950.0,CE,238.65,238.15,240.0,235.0,240.0,235.0,0.001678,0.002097,ws,ws,book_ladder,book_ladder,False,False,-1.35,3.15,65,-32.5,strategy_S9-150:NIFTY:2026-04-08T11:00:17:LONG
2026-04-08,11:01:10,2026-04-08,11:01:37,NIFTY,BUY,23988.85,23993.9,NIFTY13APR2623950CE,23950.0,CE,240.65,246.05,245.0,245.0,245.0,245.0,0.002496,0.002233,ws,ws,book_ladder,book_ladder,False,False,-4.35,1.05,65,351.0,strategy_S9-150:NIFTY:2026-04-08T11:01:10:LONG
2026-04-08,11:02:00,2026-04-08,11:02:25,NIFTY,BUY,23997.35,23996.4,NIFTY13APR2623950CE,23950.0,CE,247.55,245.35,250.0,245.0,250.0,245.0,0.002224,0.002442,ws,ws,book_ladder,book_ladder,False,False,-2.45,0.35,65,-143.0,strategy_S9-150:NIFTY:2026-04-08T11:02:00:LONG
2026-04-08,11:02:46,2026-04-08,11:03:15,NIFTY,SELL,23993.55,23993.15,NIFTY13APR2624000PE,24000.0,PE,217.2,218.3,220.0,215.0,220.0,215.0,0.000921,0.002059,ws,ws,book_ladder,book_ladder,False,False,-2.8,3.3,65,71.5,strategy_S9-150:NIFTY:2026-04-08T11:02:46:SHORT
2026-04-08,11:04:27,2026-04-08,11:04:37,NIFTY,SELL,23989.85,23991.95,NIFTY13APR2624000PE,24000.0,PE,217.15,217.45,220.0,215.0,220.0,215.0,0.001152,0.002067,ws,ws,book_ladder,book_ladder,False,False,-2.85,2.45,65,19.5,strategy_S9-150:NIFTY:2026-04-08T11:04:27:SHORT
2026-04-08,11:04:48,2026-04-08,11:04:55,NIFTY,SELL,23988.25,23990.85,NIFTY13APR2624000PE,24000.0,PE,219.4,218.1,220.0,215.0,220.0,215.0,0.001825,0.001375,ws,ws,book_ladder,book_ladder,False,False,-0.6,3.1,65,-84.5,strategy_S9-150:NIFTY:2026-04-08T11:04:48:SHORT
2026-04-08,11:05:03,2026-04-08,11:05:21,NIFTY,BUY,23993.65,23994.6,NIFTY13APR2623950CE,23950.0,CE,244.7,244.55,245.0,240.0,245.0,240.0,0.001227,0.001838,ws,ws,book_ladder,book_ladder,False,False,-0.3,4.55,65,-9.75,strategy_S9-150:NIFTY:2026-04-08T11:05:03:LONG
2026-04-08,11:05:34,2026-04-08,11:05:59,NIFTY,BUY,23998.75,23998.3,NIFTY13APR2623950CE,23950.0,CE,247.25,246.65,250.0,245.0,250.0,245.0,0.001619,0.002025,ws,ws,book_ladder,book_ladder,False,False,-2.75,1.65,65,-39.0,strategy_S9-150:NIFTY:2026-04-08T11:05:34:LONG
2026-04-08,11:06:20,2026-04-08,11:06:35,NIFTY,SELL,23993.0,23992.1,NIFTY13APR2624000PE,24000.0,PE,215.7,216.0,220.0,215.0,220.0,215.0,0.001624,0.000694,ws,ws,book_ladder,book_ladder,False,False,-4.3,1.0,65,19.5,strategy_S9-150:NIFTY:2026-04-08T11:06:20:SHORT
2026-04-08,11:07:31,2026-04-08,11:07:57,NIFTY,SELL,23989.35,23989.25,NIFTY13APR2624000PE,24000.0,PE,216.8,217.8,220.0,215.0,220.0,215.0,0.002078,0.000918,ws,ws,book_ladder,book_ladder,False,False,-3.2,2.8,65,65.0,strategy_S9-150:NIFTY:2026-04-08T11:07:31:SHORT
2026-04-08,11:08:36,2026-04-08,11:08:50,NIFTY,SELL,23987.15,23987.4,NIFTY13APR2624000PE,24000.0,PE,217.95,217.5,220.0,215.0,220.0,215.0,0.002297,0.001837,ws,ws,book_ladder,book_ladder,False,False,-2.05,2.5,65,-29.25,strategy_S9-150:NIFTY:2026-04-08T11:08:36:SHORT
2026-04-08,11:09:57,2026-04-08,11:10:22,NIFTY,BUY,23992.25,23991.35,NIFTY13APR2623950CE,23950.0,CE,240.4,240.05,245.0,240.0,245.0,240.0,0.001457,0.001457,ws,ws,book_ladder,book_ladder,False,False,-4.6,0.05,65,-22.75,strategy_S9-150:NIFTY:2026-04-08T11:09:57:LONG
2026-04-08,11:10:45,2026-04-08,11:11:51,NIFTY,BUY,23993.8,24001.85,NIFTY13APR2623950CE,23950.0,CE,240.6,244.5,245.0,240.0,245.0,240.0,0.001872,0.001226,ws,ws,book_ladder,book_ladder,False,False,-4.4,4.5,65,253.5,strategy_S9-150:NIFTY:2026-04-08T11:10:45:LONG
2026-04-08,11:12:59,2026-04-08,11:13:26,NIFTY,SELL,23996.3,23987.2,NIFTY13APR2624000PE,24000.0,PE,214.65,216.5,215.0,215.0,215.0,215.0,0.002099,0.001846,ws,ws,book_ladder,book_ladder,False,False,-0.35,1.5,65,120.25,strategy_S9-150:NIFTY:2026-04-08T11:12:59:SHORT
2026-04-08,11:13:50,2026-04-08,11:14:15,NIFTY,BUY,23991.55,23992.45,NIFTY13APR2623950CE,23950.0,CE,237.8,238.5,240.0,235.0,240.0,235.0,0.002105,0.002303,ws,ws,book_ladder,book_ladder,False,False,-2.2,3.5,65,45.5,strategy_S9-150:NIFTY:2026-04-08T11:13:50:LONG
2026-04-08,11:15:03,2026-04-08,11:15:20,NIFTY,BUY,23994.0,23993.5,NIFTY13APR2623950CE,23950.0,CE,239.9,239.3,240.0,235.0,240.0,235.0,0.001669,0.002087,ws,ws,book_ladder,book_ladder,False,False,-0.1,4.3,65,-39.0,strategy_S9-150:NIFTY:2026-04-08T11:15:03:LONG
2026-04-08,11:15:50,2026-04-08,11:17:09,NIFTY,BUY,23996.65,24010.95,NIFTY13APR2623950CE,23950.0,CE,240.8,247.2,245.0,245.0,245.0,245.0,0.002079,0.001617,ws,ws,book_ladder,book_ladder,False,False,-4.2,2.2,65,416.0,strategy_S9-150:NIFTY:2026-04-08T11:15:50:LONG
2026-04-08,11:17:35,2026-04-08,11:17:50,NIFTY,SELL,24005.4,24004.95,NIFTY13APR2624050PE,24050.0,PE,232.45,232.15,235.0,230.0,235.0,230.0,0.001507,0.001722,ws,ws,book_ladder,book_ladder,False,False,-2.55,2.15,65,-19.5,strategy_S9-150:NIFTY:2026-04-08T11:17:35:SHORT
2026-04-08,11:18:07,2026-04-08,11:18:38,NIFTY,SELL,23997.9,23996.55,NIFTY13APR2624000PE,24000.0,PE,212.3,215.05,215.0,215.0,215.0,215.0,0.001414,0.000465,ws,ws,book_ladder,book_ladder,False,False,-2.7,0.05,65,178.75,strategy_S9-150:NIFTY:2026-04-08T11:18:07:SHORT
2026-04-08,11:19:07,2026-04-08,11:19:20,NIFTY,SELL,23994.05,23993.8,NIFTY13APR2624000PE,24000.0,PE,217.0,216.3,220.0,215.0,220.0,215.0,0.000691,0.002309,ws,ws,book_ladder,book_ladder,False,False,-3.0,1.3,65,-45.5,strategy_S9-150:NIFTY:2026-04-08T11:19:07:SHORT
2026-04-08,11:19:36,2026-04-08,11:20:37,NIFTY,BUY,23998.55,24003.4,NIFTY13APR2623950CE,23950.0,CE,240.8,243.5,245.0,240.0,245.0,240.0,0.001871,0.002256,ws,ws,book_ladder,book_ladder,False,False,-4.2,3.5,65,175.5,strategy_S9-150:NIFTY:2026-04-08T11:19:36:LONG
2026-04-08,11:20:45,2026-04-08,11:21:23,NIFTY,BUY,24008.55,24010.5,NIFTY13APR2624000CE,24000.0,CE,218.0,218.55,220.0,215.0,220.0,215.0,0.002296,0.002057,ws,ws,book_ladder,book_ladder,False,False,-2.0,3.55,65,35.75,strategy_S9-150:NIFTY:2026-04-08T11:20:45:LONG
2026-04-08,11:22:02,2026-04-08,11:22:15,NIFTY,SELL,24005.9,24008.15,NIFTY13APR2624050PE,24050.0,PE,231.7,232.35,235.0,230.0,235.0,230.0,0.001296,0.001935,ws,ws,book_ladder,book_ladder,False,False,-3.3,2.35,65,42.25,strategy_S9-150:NIFTY:2026-04-08T11:22:02:SHORT
2026-04-08,11:23:01,2026-04-08,11:23:06,NIFTY,SELL,23998.9,24001.3,NIFTY13APR2624000PE,24000.0,PE,212.05,212.15,215.0,210.0,215.0,210.0,0.000236,0.001178,ws,ws,book_ladder,book_ladder,False,False,-2.95,2.15,65,6.5,strategy_S9-150:NIFTY:2026-04-08T11:23:01:SHORT
2026-04-08,11:23:40,2026-04-08,11:24:05,NIFTY,BUY,24007.95,24011.3,NIFTY13APR2624000CE,24000.0,CE,217.5,219.35,220.0,215.0,220.0,215.0,0.00161,0.002504,ws,ws,book_ladder,book_ladder,False,False,-2.5,4.35,65,120.25,strategy_S9-150:NIFTY:2026-04-08T11:23:40:LONG
2026-04-08,11:24:49,2026-04-08,11:25:08,NIFTY,SELL,24003.7,24004.15,NIFTY13APR2624050PE,24050.0,PE,233.0,232.5,235.0,230.0,235.0,230.0,0.002363,0.002148,ws,ws,book_ladder,book_ladder,False,False,-2.0,2.5,65,-32.5,strategy_S9-150:NIFTY:2026-04-08T11:24:49:SHORT
2026-04-08,11:25:15,2026-04-08,11:26:20,NIFTY,SELL,24000.1,23986.75,NIFTY13APR2624050PE,24050.0,PE,235.0,241.2,235.0,240.0,235.0,240.0,0.001704,0.002071,ws,ws,book_ladder,book_ladder,False,False,0.0,1.2,65,403.0,strategy_S9-150:NIFTY:2026-04-08T11:25:15:SHORT
2026-04-08,11:26:46,2026-04-08,11:27:13,NIFTY,SELL,23982.5,23982.2,NIFTY13APR2624000PE,24000.0,PE,218.5,217.7,220.0,215.0,220.0,215.0,0.002291,0.002294,ws,ws,book_ladder,book_ladder,False,False,-1.5,2.7,65,-52.0,strategy_S9-150:NIFTY:2026-04-08T11:26:46:SHORT
2026-04-08,11:28:27,2026-04-08,11:28:35,NIFTY,SELL,23976.65,23978.45,NIFTY13APR2624000PE,24000.0,PE,220.35,220.1,225.0,220.0,225.0,220.0,0.002044,0.002042,ws,ws,book_ladder,book_ladder,False,False,-4.65,0.1,65,-16.25,strategy_S9-150:NIFTY:2026-04-08T11:28:27:SHORT
2026-04-08,11:29:24,2026-04-08,11:29:42,NIFTY,BUY,23983.2,23984.2,NIFTY13APR2623950CE,23950.0,CE,237.85,236.1,240.0,235.0,240.0,235.0,0.002315,0.001904,ws,ws,book_ladder,book_ladder,False,False,-2.15,1.1,65,-113.75,strategy_S9-150:NIFTY:2026-04-08T11:29:24:LONG
2026-04-08,11:30:06,2026-04-08,11:30:30,NIFTY,SELL,23979.1,23978.6,NIFTY13APR2624000PE,24000.0,PE,217.55,217.45,220.0,215.0,220.0,215.0,0.00184,0.00069,ws,ws,book_ladder,book_ladder,False,False,-2.45,2.45,65,-6.5,strategy_S9-150:NIFTY:2026-04-08T11:30:06:SHORT
2026-04-08,11:31:41,2026-04-08,11:32:12,NIFTY,SELL,23973.75,23970.75,NIFTY13APR2624000PE,24000.0,PE,218.05,220.0,220.0,220.0,220.0,220.0,0.000229,0.001363,ws,ws,book_ladder,book_ladder,False,False,-1.95,0.0,65,126.75,strategy_S9-150:NIFTY:2026-04-08T11:31:41:SHORT
2026-04-08,11:32:32,2026-04-08,11:32:46,NIFTY,SELL,23968.35,23968.7,NIFTY13APR2624000PE,24000.0,PE,220.4,219.8,225.0,215.0,225.0,215.0,0.002499,0.001137,ws,ws,book_ladder,book_ladder,False,False,-4.6,4.8,65,-39.0,strategy_S9-150:NIFTY:2026-04-08T11:32:32:SHORT
2026-04-08,11:33:00,2026-04-08,11:33:40,NIFTY,BUY,23974.35,23978.9,NIFTY13APR2623950CE,23950.0,CE,233.5,234.1,235.0,230.0,235.0,230.0,0.001715,0.002134,ws,ws,book_ladder,book_ladder,False,False,-1.5,4.1,65,39.0,strategy_S9-150:NIFTY:2026-04-08T11:33:00:LONG
2026-04-08,11:34:15,2026-04-08,11:35:00,NIFTY,SELL,23973.8,23968.95,NIFTY13APR2624000PE,24000.0,PE,220.85,221.35,225.0,220.0,225.0,220.0,0.002493,0.002256,ws,ws,book_ladder,book_ladder,False,False,-4.15,1.35,65,32.5,strategy_S9-150:NIFTY:2026-04-08T11:34:15:SHORT
2026-04-08,11:35:17,2026-04-08,11:35:26,NIFTY,BUY,23975.6,23973.25,NIFTY13APR2623950CE,23950.0,CE,231.6,231.45,235.0,230.0,235.0,230.0,0.001296,0.001727,ws,ws,book_ladder,book_ladder,False,False,-3.4,1.45,65,-9.75,strategy_S9-150:NIFTY:2026-04-08T11:35:17:LONG
2026-04-08,11:35:30,2026-04-08,11:35:40,NIFTY,BUY,23977.25,23975.15,NIFTY13APR2623950CE,23950.0,CE,233.8,230.8,235.0,230.0,235.0,230.0,0.002141,0.000866,ws,ws,book_ladder,book_ladder,False,False,-1.2,0.8,65,-195.0,strategy_S9-150:NIFTY:2026-04-08T11:35:30:LONG
2026-04-08,11:36:34,2026-04-08,11:36:45,NIFTY,BUY,23979.8,23978.35,NIFTY13APR2623950CE,23950.0,CE,232.35,232.4,235.0,230.0,235.0,230.0,0.001723,0.001934,ws,ws,book_ladder,book_ladder,False,False,-2.65,2.4,65,3.25,strategy_S9-150:NIFTY:2026-04-08T11:36:34:LONG
2026-04-08,11:37:00,2026-04-08,11:37:10,NIFTY,BUY,23980.0,23978.7,NIFTY13APR2623950CE,23950.0,CE,233.5,231.6,235.0,230.0,235.0,230.0,0.002144,0.001941,ws,ws,book_ladder,book_ladder,False,False,-1.5,1.6,65,-123.5,strategy_S9-150:NIFTY:2026-04-08T11:37:00:LONG
2026-04-08,11:37:32,2026-04-08,11:38:17,NIFTY,SELL,23972.15,23965.2,NIFTY13APR2624000PE,24000.0,PE,220.9,223.95,225.0,220.0,225.0,220.0,0.001812,0.00223,ws,ws,book_ladder,book_ladder,False,False,-4.1,3.95,65,198.25,strategy_S9-150:NIFTY:2026-04-08T11:37:32:SHORT
2026-04-08,11:38:39,2026-04-08,11:39:06,NIFTY,SELL,23956.5,23952.5,NIFTY13APR2624000PE,24000.0,PE,227.0,228.95,230.0,225.0,230.0,225.0,0.001102,0.001528,ws,ws,book_ladder,book_ladder,False,False,-3.0,3.95,65,126.75,strategy_S9-150:NIFTY:2026-04-08T11:38:39:SHORT
2026-04-08,11:39:40,2026-04-08,11:40:11,NIFTY,BUY,23962.6,23962.4,NIFTY13APR2623950CE,23950.0,CE,223.85,223.6,225.0,220.0,225.0,220.0,0.002012,0.00201,ws,ws,book_ladder,book_ladder,False,False,-1.15,3.6,65,-16.25,strategy_S9-150:NIFTY:2026-04-08T11:39:40:LONG
2026-04-08,11:41:03,2026-04-08,11:41:17,NIFTY,SELL,23956.5,23959.45,NIFTY13APR2624000PE,24000.0,PE,226.0,225.15,230.0,225.0,230.0,225.0,0.001107,0.001775,ws,ws,book_ladder,book_ladder,False,False,-4.0,0.15,65,-55.25,strategy_S9-150:NIFTY:2026-04-08T11:41:03:SHORT
2026-04-08,11:42:10,2026-04-08,11:42:37,NIFTY,BUY,23966.9,23975.15,NIFTY13APR2623950CE,23950.0,CE,227.9,231.0,230.0,230.0,230.0,230.0,0.002196,0.001946,ws,ws,book_ladder,book_ladder,False,False,-2.1,1.0,65,201.5,strategy_S9-150:NIFTY:2026-04-08T11:42:10:LONG
2026-04-08,11:43:00,2026-04-08,11:43:28,NIFTY,BUY,23980.8,23984.8,NIFTY13APR2623950CE,23950.0,CE,233.1,236.0,235.0,235.0,235.0,235.0,0.001932,0.001482,ws,ws,book_ladder,book_ladder,False,False,-1.9,1.0,65,188.5,strategy_S9-150:NIFTY:2026-04-08T11:43:00:LONG
2026-04-08,11:45:15,2026-04-08,11:45:27,NIFTY,BUY,23991.45,23988.9,NIFTY13APR2623950CE,23950.0,CE,238.0,238.3,240.0,235.0,240.0,235.0,0.002314,0.002096,ws,ws,book_ladder,book_ladder,False,False,-2.0,3.3,65,19.5,strategy_S9-150:NIFTY:2026-04-08T11:45:15:LONG
2026-04-08,11:45:55,2026-04-08,11:46:23,NIFTY,BUY,23991.3,23994.5,NIFTY13APR2623950CE,23950.0,CE,239.2,240.4,240.0,240.0,240.0,240.0,0.001674,0.00187,ws,ws,book_ladder,book_ladder,False,False,-0.8,0.4,65,78.0,strategy_S9-150:NIFTY:2026-04-08T11:45:55:LONG
2026-04-08,11:47:10,2026-04-08,11:47:45,NIFTY,SELL,23987.65,23985.9,NIFTY13APR2624000PE,24000.0,PE,214.2,216.15,215.0,215.0,215.0,215.0,0.001168,0.001618,ws,ws,book_ladder,book_ladder,False,False,-0.8,1.15,65,126.75,strategy_S9-150:NIFTY:2026-04-08T11:47:10:SHORT
2026-04-08,11:49:40,2026-04-08,11:49:56,NIFTY,BUY,23986.9,23984.75,NIFTY13APR2623950CE,23950.0,CE,234.8,234.8,235.0,230.0,235.0,230.0,0.001492,0.00234,ws,ws,book_ladder,book_ladder,False,False,-0.2,4.8,65,0.0,strategy_S9-150:NIFTY:2026-04-08T11:49:40:LONG
2026-04-08,11:50:15,2026-04-08,11:51:05,NIFTY,SELL,23975.1,23963.25,NIFTY13APR2624000PE,24000.0,PE,217.4,224.7,220.0,220.0,220.0,220.0,0.001842,0.002001,ws,ws,book_ladder,book_ladder,False,False,-2.6,4.7,65,474.5,strategy_S9-150:NIFTY:2026-04-08T11:50:15:SHORT
2026-04-08,11:51:21,2026-04-08,11:52:00,NIFTY,SELL,23957.45,23936.8,NIFTY13APR2624000PE,24000.0,PE,226.9,234.5,230.0,230.0,230.0,230.0,0.002427,0.00213,ws,ws,book_ladder,book_ladder,False,False,-3.1,4.5,65,494.0,strategy_S9-150:NIFTY:2026-04-08T11:51:21:SHORT
2026-04-08,11:52:51,2026-04-08,11:53:06,NIFTY,BUY,23957.45,23954.7,NIFTY13APR2623950CE,23950.0,CE,219.1,219.55,220.0,215.0,220.0,215.0,0.001142,0.002048,ws,ws,book_ladder,book_ladder,False,False,-0.9,4.55,65,29.25,strategy_S9-150:NIFTY:2026-04-08T11:52:51:LONG
2026-04-08,11:53:50,2026-04-08,11:54:04,NIFTY,SELL,23944.6,23948.45,NIFTY13APR2623950PE,23950.0,PE,211.0,210.0,215.0,210.0,215.0,210.0,0.000474,0.002141,ws,ws,book_ladder,book_ladder,False,False,-4.0,0.0,65,-65.0,strategy_S9-150:NIFTY:2026-04-08T11:53:50:SHORT
2026-04-08,11:54:45,2026-04-08,11:54:58,NIFTY,BUY,23954.1,23950.75,NIFTY13APR2623950CE,23950.0,CE,218.85,220.4,220.0,220.0,220.0,220.0,0.001601,0.00204,ws,ws,book_ladder,book_ladder,False,False,-1.15,0.4,65,100.75,strategy_S9-150:NIFTY:2026-04-08T11:54:45:LONG
2026-04-08,11:55:16,2026-04-08,11:55:47,NIFTY,SELL,23941.55,23932.85,NIFTY13APR2623950PE,23950.0,PE,212.35,216.5,215.0,215.0,215.0,215.0,0.002121,0.002307,ws,ws,book_ladder,book_ladder,False,False,-2.65,1.5,65,269.75,strategy_S9-150:NIFTY:2026-04-08T11:55:16:SHORT
2026-04-08,11:56:47,2026-04-08,11:57:17,NIFTY,BUY,23942.4,23944.8,NIFTY13APR2623900CE,23900.0,CE,243.2,244.5,245.0,240.0,245.0,240.0,0.000823,0.002247,ws,ws,book_ladder,book_ladder,False,False,-1.8,4.5,65,84.5,strategy_S9-150:NIFTY:2026-04-08T11:56:47:LONG
2026-04-08,11:57:55,2026-04-08,11:58:15,NIFTY,SELL,23942.4,23934.4,NIFTY13APR2623950PE,23950.0,PE,212.75,214.6,215.0,210.0,215.0,210.0,0.001882,0.00256,ws,ws,book_ladder,book_ladder,False,False,-2.25,4.6,65,120.25,strategy_S9-150:NIFTY:2026-04-08T11:57:55:SHORT
2026-04-08,11:59:06,2026-04-08,11:59:36,NIFTY,SELL,23931.95,23929.1,NIFTY13APR2623950PE,23950.0,PE,217.0,218.5,220.0,215.0,220.0,215.0,0.001153,0.002286,ws,ws,book_ladder,book_ladder,False,False,-3.0,3.5,65,97.5,strategy_S9-150:NIFTY:2026-04-08T11:59:06:SHORT
2026-04-08,12:00:31,2026-04-08,12:00:38,NIFTY,SELL,23920.85,23925.8,NIFTY13APR2623950PE,23950.0,PE,219.8,218.85,220.0,215.0,220.0,215.0,0.002277,0.002282,ws,ws,book_ladder,book_ladder,False,False,-0.2,3.85,65,-61.75,strategy_S9-150:NIFTY:2026-04-08T12:00:31:SHORT
2026-04-08,12:00:50,2026-04-08,12:01:08,NIFTY,BUY,23934.25,23932.2,NIFTY13APR2623900CE,23900.0,CE,240.7,240.5,245.0,240.0,245.0,240.0,0.002496,0.002077,ws,ws,book_ladder,book_ladder,False,False,-4.3,0.5,65,-13.0,strategy_S9-150:NIFTY:2026-04-08T12:00:50:LONG
2026-04-08,12:01:41,2026-04-08,12:02:25,NIFTY,BUY,23936.35,23942.1,NIFTY13APR2623900CE,23900.0,CE,242.0,245.45,245.0,245.0,245.0,245.0,0.001447,0.002238,ws,ws,book_ladder,book_ladder,False,False,-3.0,0.45,65,224.25,strategy_S9-150:NIFTY:2026-04-08T12:01:41:LONG
2026-04-08,12:03:10,2026-04-08,12:03:46,NIFTY,BUY,23949.2,23954.25,NIFTY13APR2623900CE,23900.0,CE,247.0,250.05,250.0,250.0,250.0,250.0,0.001013,0.001998,ws,ws,book_ladder,book_ladder,False,False,-3.0,0.05,65,198.25,strategy_S9-150:NIFTY:2026-04-08T12:03:10:LONG
2026-04-08,12:04:15,2026-04-08,12:04:24,NIFTY,SELL,23948.85,23953.55,NIFTY13APR2623950PE,23950.0,PE,211.35,209.55,215.0,205.0,215.0,205.0,0.00071,0.001669,ws,ws,book_ladder,book_ladder,False,False,-3.65,4.55,65,-117.0,strategy_S9-150:NIFTY:2026-04-08T12:04:15:SHORT
2026-04-08,12:04:45,2026-04-08,12:04:57,NIFTY,SELL,23949.45,23950.9,NIFTY13APR2623950PE,23950.0,PE,209.9,209.3,210.0,205.0,210.0,205.0,0.001669,0.000955,ws,ws,book_ladder,book_ladder,False,False,-0.1,4.3,65,-39.0,strategy_S9-150:NIFTY:2026-04-08T12:04:45:SHORT
2026-04-08,12:05:15,2026-04-08,12:06:26,NIFTY,BUY,23958.6,23965.0,NIFTY13APR2623950CE,23950.0,CE,223.85,226.1,225.0,225.0,225.0,225.0,0.002012,0.001988,ws,ws,book_ladder,book_ladder,False,False,-1.15,1.1,65,146.25,strategy_S9-150:NIFTY:2026-04-08T12:05:15:LONG
2026-04-08,12:06:30,2026-04-08,12:06:37,NIFTY,BUY,23968.2,23965.35,NIFTY13APR2623950CE,23950.0,CE,227.7,226.15,230.0,225.0,230.0,225.0,0.002639,0.002208,ws,ws,book_ladder,book_ladder,False,False,-2.3,1.15,65,-100.75,strategy_S9-150:NIFTY:2026-04-08T12:06:30:LONG
2026-04-08,12:06:57,2026-04-08,12:07:10,NIFTY,SELL,23959.55,23960.4,NIFTY13APR2624000PE,24000.0,PE,227.5,227.25,230.0,225.0,230.0,225.0,0.00176,0.001759,ws,ws,book_ladder,book_ladder,False,False,-2.5,2.25,65,-16.25,strategy_S9-150:NIFTY:2026-04-08T12:06:57:SHORT
2026-04-08,12:07:30,2026-04-08,12:07:55,NIFTY,BUY,23965.0,23965.45,NIFTY13APR2623950CE,23950.0,CE,225.4,225.2,230.0,225.0,230.0,225.0,0.001554,0.002218,ws,ws,book_ladder,book_ladder,False,False,-4.6,0.2,65,-13.0,strategy_S9-150:NIFTY:2026-04-08T12:07:30:LONG
2026-04-08,12:08:04,2026-04-08,12:08:29,NIFTY,BUY,23967.95,23966.85,NIFTY13APR2623950CE,23950.0,CE,225.9,226.6,230.0,225.0,230.0,225.0,0.001994,0.001543,ws,ws,book_ladder,book_ladder,False,False,-4.1,1.6,65,45.5,strategy_S9-150:NIFTY:2026-04-08T12:08:04:LONG
2026-04-08,12:08:30,2026-04-08,12:08:51,NIFTY,BUY,23968.7,23966.95,NIFTY13APR2623950CE,23950.0,CE,226.95,225.45,230.0,225.0,230.0,225.0,0.001543,0.002437,ws,ws,book_ladder,book_ladder,False,False,-3.05,0.45,65,-97.5,strategy_S9-150:NIFTY:2026-04-08T12:08:30:LONG
2026-04-08,12:09:51,2026-04-08,12:10:00,NIFTY,BUY,23970.65,23966.95,NIFTY13APR2623950CE,23950.0,CE,226.75,226.95,230.0,225.0,230.0,225.0,0.000882,0.001981,ws,ws,book_ladder,book_ladder,False,False,-3.25,1.95,65,13.0,strategy_S9-150:NIFTY:2026-04-08T12:09:51:LONG
2026-04-08,12:11:47,2026-04-08,12:11:55,NIFTY,SELL,23962.85,23964.3,NIFTY13APR2624000PE,24000.0,PE,226.55,224.55,230.0,220.0,230.0,220.0,0.001546,0.001557,ws,ws,book_ladder,book_ladder,False,False,-3.45,4.55,65,-130.0,strategy_S9-150:NIFTY:2026-04-08T12:11:47:SHORT
2026-04-08,12:12:11,2026-04-08,12:12:20,NIFTY,SELL,23961.0,23962.5,NIFTY13APR2624000PE,24000.0,PE,227.1,226.7,230.0,225.0,230.0,225.0,0.002425,0.001322,ws,ws,book_ladder,book_ladder,False,False,-2.9,1.7,65,-26.0,strategy_S9-150:NIFTY:2026-04-08T12:12:11:SHORT
2026-04-08,12:12:48,2026-04-08,12:12:56,NIFTY,BUY,23964.65,23965.35,NIFTY13APR2623950CE,23950.0,CE,226.55,226.3,230.0,225.0,230.0,225.0,0.001988,0.001766,ws,ws,book_ladder,book_ladder,False,False,-3.45,1.3,65,-16.25,strategy_S9-150:NIFTY:2026-04-08T12:12:48:LONG
2026-04-08,12:15:45,2026-04-08,12:15:50,NIFTY,SELL,23959.25,23961.95,NIFTY13APR2624000PE,24000.0,PE,227.85,226.25,230.0,225.0,230.0,225.0,0.002417,0.001325,ws,ws,book_ladder,book_ladder,False,False,-2.15,1.25,65,-104.0,strategy_S9-150:NIFTY:2026-04-08T12:15:45:SHORT
2026-04-08,12:16:35,2026-04-08,12:16:40,NIFTY,SELL,23960.45,23960.8,NIFTY13APR2624000PE,24000.0,PE,227.75,226.75,230.0,225.0,230.0,225.0,0.001538,0.002423,ws,ws,book_ladder,book_ladder,False,False,-2.25,1.75,65,-65.0,strategy_S9-150:NIFTY:2026-04-08T12:16:35:SHORT
2026-04-08,12:17:40,2026-04-08,12:18:05,NIFTY,BUY,23965.95,23965.95,NIFTY13APR2623950CE,23950.0,CE,226.35,225.85,230.0,225.0,230.0,225.0,0.002211,0.00199,ws,ws,book_ladder,book_ladder,False,False,-3.65,0.85,65,-32.5,strategy_S9-150:NIFTY:2026-04-08T12:17:40:LONG
2026-04-08,12:21:10,2026-04-08,12:21:21,NIFTY,BUY,23967.1,23964.2,NIFTY13APR2623950CE,23950.0,CE,225.75,224.35,230.0,220.0,230.0,220.0,0.002439,0.002449,ws,ws,book_ladder,book_ladder,False,False,-4.25,4.35,65,-91.0,strategy_S9-150:NIFTY:2026-04-08T12:21:10:LONG
2026-04-08,12:23:00,2026-04-08,12:23:25,NIFTY,BUY,23968.5,23968.2,NIFTY13APR2623950CE,23950.0,CE,225.45,224.95,230.0,225.0,230.0,220.0,0.001554,0.001777,ws,ws,book_ladder,book_ladder,False,True,-4.55,-0.05,65,-32.5,strategy_S9-150:NIFTY:2026-04-08T12:23:00:LONG
2026-04-08,12:23:54,2026-04-08,12:24:22,NIFTY,BUY,23970.45,23970.5,NIFTY13APR2623950CE,23950.0,CE,225.85,225.9,230.0,225.0,230.0,225.0,0.001551,0.002211,ws,ws,book_ladder,book_ladder,False,False,-4.15,0.9,65,3.25,strategy_S9-150:NIFTY:2026-04-08T12:23:54:LONG
2026-04-08,12:25:20,2026-04-08,12:25:28,NIFTY,BUY,23973.4,23970.5,NIFTY13APR2623950CE,23950.0,CE,226.35,225.35,230.0,225.0,230.0,225.0,0.002433,0.001773,ws,ws,book_ladder,book_ladder,False,False,-3.65,0.35,65,-65.0,strategy_S9-150:NIFTY:2026-04-08T12:25:20:LONG
2026-04-08,12:25:50,2026-04-08,12:25:54,NIFTY,BUY,23973.4,23970.25,NIFTY13APR2623950CE,23950.0,CE,227.0,225.6,230.0,225.0,230.0,225.0,0.001543,0.001771,ws,ws,book_ladder,book_ladder,False,False,-3.0,0.6,65,-91.0,strategy_S9-150:NIFTY:2026-04-08T12:25:50:LONG
2026-04-08,12:26:07,2026-04-08,12:26:32,NIFTY,SELL,23968.25,23965.95,NIFTY13APR2624000PE,24000.0,PE,224.0,226.6,225.0,225.0,225.0,225.0,0.00134,0.001103,ws,ws,book_ladder,book_ladder,False,False,-1.0,1.6,65,169.0,strategy_S9-150:NIFTY:2026-04-08T12:26:07:SHORT
2026-04-08,12:28:36,2026-04-08,12:29:00,NIFTY,SELL,23961.05,23961.4,NIFTY13APR2624000PE,24000.0,PE,226.35,226.5,230.0,225.0,230.0,225.0,0.002211,0.001985,ws,ws,book_ladder,book_ladder,False,False,-3.65,1.5,65,9.75,strategy_S9-150:NIFTY:2026-04-08T12:28:36:SHORT
2026-04-08,12:29:26,2026-04-08,12:30:25,NIFTY,SELL,23959.5,23946.8,NIFTY13APR2624000PE,24000.0,PE,228.6,236.8,230.0,235.0,230.0,235.0,0.00219,0.002531,ws,ws,book_ladder,book_ladder,False,False,-1.4,1.8,65,533.0,strategy_S9-150:NIFTY:2026-04-08T12:29:26:SHORT
2026-04-08,12:30:44,2026-04-08,12:31:55,NIFTY,SELL,23940.8,23915.35,NIFTY13APR2623950PE,23950.0,PE,215.4,228.35,220.0,225.0,220.0,225.0,0.001859,0.001969,ws,ws,book_ladder,book_ladder,False,False,-4.6,3.35,65,841.75,strategy_S9-150:NIFTY:2026-04-08T12:30:44:SHORT
2026-04-08,12:32:19,2026-04-08,12:32:25,NIFTY,SELL,23911.35,23913.6,NIFTY13APR2623950PE,23950.0,PE,236.0,232.0,240.0,230.0,240.0,230.0,0.001909,0.001938,ws,ws,book_ladder,book_ladder,False,False,-4.0,2.0,65,-260.0,strategy_S9-150:NIFTY:2026-04-08T12:32:19:SHORT
2026-04-08,12:33:04,2026-04-08,12:33:28,NIFTY,SELL,23905.15,23904.6,NIFTY13APR2623950PE,23950.0,PE,237.9,234.0,240.0,230.0,240.0,230.0,0.002104,0.001921,ws,ws,book_ladder,book_ladder,False,False,-2.1,4.0,65,-253.5,strategy_S9-150:NIFTY:2026-04-08T12:33:04:SHORT
2026-04-08,12:33:45,2026-04-08,12:33:52,NIFTY,BUY,23908.0,23906.45,NIFTY13APR2623900CE,23900.0,CE,225.55,224.5,230.0,220.0,230.0,220.0,0.001109,0.002225,ws,ws,book_ladder,book_ladder,False,False,-4.45,4.5,65,-68.25,strategy_S9-150:NIFTY:2026-04-08T12:33:45:LONG
2026-04-08,12:34:45,2026-04-08,12:35:22,NIFTY,BUY,23911.45,23920.2,NIFTY13APR2623900CE,23900.0,CE,226.6,229.85,230.0,230.0,230.0,225.0,0.000441,0.002173,ws,ws,book_ladder,book_ladder,False,True,-3.4,-0.15,65,211.25,strategy_S9-150:NIFTY:2026-04-08T12:34:45:LONG
2026-04-08,12:37:05,2026-04-08,12:37:34,NIFTY,BUY,23926.5,23929.95,NIFTY13APR2623900CE,23900.0,CE,233.0,234.6,235.0,230.0,235.0,230.0,0.000429,0.002129,ws,ws,book_ladder,book_ladder,False,False,-2.0,4.6,65,104.0,strategy_S9-150:NIFTY:2026-04-08T12:37:05:LONG
2026-04-08,12:37:45,2026-04-08,12:37:52,NIFTY,SELL,23922.5,23923.35,NIFTY13APR2623950PE,23950.0,PE,228.2,226.9,230.0,225.0,230.0,225.0,0.001974,0.002421,ws,ws,book_ladder,book_ladder,False,False,-1.8,1.9,65,-84.5,strategy_S9-150:NIFTY:2026-04-08T12:37:45:SHORT
2026-04-08,12:38:38,2026-04-08,12:38:55,NIFTY,SELL,23913.7,23913.4,NIFTY13APR2623950PE,23950.0,PE,233.25,232.2,235.0,230.0,235.0,230.0,0.002361,0.002366,ws,ws,book_ladder,book_ladder,False,False,-1.75,2.2,65,-68.25,strategy_S9-150:NIFTY:2026-04-08T12:38:38:SHORT
2026-04-08,12:39:34,2026-04-08,12:40:00,NIFTY,BUY,23915.75,23922.0,NIFTY13APR2623900CE,23900.0,CE,228.75,230.2,230.0,230.0,230.0,230.0,0.001969,0.001085,ws,ws,book_ladder,book_ladder,False,False,-1.25,0.2,65,94.25,strategy_S9-150:NIFTY:2026-04-08T12:39:34:LONG
2026-04-08,12:40:15,2026-04-08,12:40:23,NIFTY,BUY,23924.95,23921.85,NIFTY13APR2623900CE,23900.0,CE,230.85,229.1,235.0,225.0,235.0,225.0,0.001951,0.00218,ws,ws,book_ladder,book_ladder,False,False,-4.15,4.1,65,-113.75,strategy_S9-150:NIFTY:2026-04-08T12:40:15:LONG
2026-04-08,12:40:46,2026-04-08,12:40:55,NIFTY,SELL,23916.85,23919.4,NIFTY13APR2623950PE,23950.0,PE,231.0,228.55,235.0,225.0,235.0,225.0,0.0013,0.002404,ws,ws,book_ladder,book_ladder,False,False,-4.0,3.55,65,-159.25,strategy_S9-150:NIFTY:2026-04-08T12:40:46:SHORT
2026-04-08,12:41:24,2026-04-08,12:41:28,NIFTY,SELL,23916.25,23920.05,NIFTY13APR2623950PE,23950.0,PE,229.55,227.7,230.0,225.0,230.0,225.0,0.002399,0.001974,ws,ws,book_ladder,book_ladder,False,False,-0.45,2.7,65,-120.25,strategy_S9-150:NIFTY:2026-04-08T12:41:24:SHORT
2026-04-08,12:42:00,2026-04-08,12:42:12,NIFTY,BUY,23926.65,23923.35,NIFTY13APR2623900CE,23900.0,CE,233.7,231.2,235.0,230.0,235.0,230.0,0.002142,0.002376,ws,ws,book_ladder,book_ladder,False,False,-1.3,1.2,65,-162.5,strategy_S9-150:NIFTY:2026-04-08T12:42:00:LONG
2026-04-08,12:42:41,2026-04-08,12:43:16,NIFTY,BUY,23924.05,23932.95,NIFTY13APR2623900CE,23900.0,CE,232.6,236.7,235.0,235.0,235.0,235.0,0.002367,0.002321,ws,ws,book_ladder,book_ladder,False,False,-2.4,1.7,65,266.5,strategy_S9-150:NIFTY:2026-04-08T12:42:41:LONG
2026-04-08,12:43:45,2026-04-08,12:44:30,NIFTY,BUY,23941.65,23947.0,NIFTY13APR2623900CE,23900.0,CE,239.8,240.5,240.0,240.0,240.0,240.0,0.002296,0.002284,ws,ws,book_ladder,book_ladder,False,False,-0.2,0.5,65,45.5,strategy_S9-150:NIFTY:2026-04-08T12:43:45:LONG
2026-04-08,12:44:55,2026-04-08,12:45:00,NIFTY,BUY,23948.45,23945.1,NIFTY13APR2623900CE,23900.0,CE,242.05,241.2,245.0,240.0,245.0,240.0,0.001861,0.002484,ws,ws,book_ladder,book_ladder,False,False,-2.95,1.2,65,-55.25,strategy_S9-150:NIFTY:2026-04-08T12:44:55:LONG
2026-04-08,12:45:18,2026-04-08,12:45:30,NIFTY,SELL,23939.2,23938.25,NIFTY13APR2623950PE,23950.0,PE,215.9,215.5,220.0,215.0,220.0,215.0,0.000927,0.002086,ws,ws,book_ladder,book_ladder,False,False,-4.1,0.5,65,-26.0,strategy_S9-150:NIFTY:2026-04-08T12:45:18:SHORT
2026-04-08,12:47:30,2026-04-08,12:47:35,NIFTY,BUY,23941.4,23939.4,NIFTY13APR2623900CE,23900.0,CE,243.0,242.15,245.0,240.0,245.0,240.0,0.001647,0.002063,ws,ws,book_ladder,book_ladder,False,False,-2.0,2.15,65,-55.25,strategy_S9-150:NIFTY:2026-04-08T12:47:30:LONG
2026-04-08,12:47:50,2026-04-08,12:47:55,NIFTY,BUY,23942.3,23939.45,NIFTY13APR2623900CE,23900.0,CE,243.7,242.9,245.0,240.0,245.0,240.0,0.001848,0.002262,ws,ws,book_ladder,book_ladder,False,False,-1.3,2.9,65,-52.0,strategy_S9-150:NIFTY:2026-04-08T12:47:50:LONG
2026-04-08,12:49:00,2026-04-08,12:49:32,NIFTY,BUY,23942.1,23944.65,NIFTY13APR2623900CE,23900.0,CE,242.5,244.25,245.0,240.0,245.0,240.0,0.001444,0.001636,ws,ws,book_ladder,book_ladder,False,False,-2.5,4.25,65,113.75,strategy_S9-150:NIFTY:2026-04-08T12:49:00:LONG
2026-04-08,12:49:45,2026-04-08,12:50:24,NIFTY,BUY,23949.55,23956.65,NIFTY13APR2623900CE,23900.0,CE,245.9,250.2,250.0,250.0,250.0,250.0,0.001221,0.002395,ws,ws,book_ladder,book_ladder,False,False,-4.1,0.2,65,279.5,strategy_S9-150:NIFTY:2026-04-08T12:49:45:LONG
2026-04-08,12:50:45,2026-04-08,12:51:06,NIFTY,BUY,23957.3,23954.0,NIFTY13APR2623950CE,23950.0,CE,222.3,220.5,225.0,220.0,225.0,220.0,0.002252,0.002039,ws,ws,book_ladder,book_ladder,False,False,-2.7,0.5,65,-117.0,strategy_S9-150:NIFTY:2026-04-08T12:50:45:LONG
2026-04-08,12:51:15,2026-04-08,12:51:21,NIFTY,SELL,23950.85,23953.7,NIFTY13APR2624000PE,24000.0,PE,230.0,229.0,230.0,225.0,230.0,225.0,0.001523,0.002181,ws,ws,book_ladder,book_ladder,False,False,0.0,4.0,65,-65.0,strategy_S9-150:NIFTY:2026-04-08T12:51:15:SHORT
2026-04-08,12:51:45,2026-04-08,12:52:08,NIFTY,SELL,23952.05,23948.45,NIFTY13APR2624000PE,24000.0,PE,230.0,230.7,230.0,230.0,230.0,230.0,0.002176,0.001083,ws,ws,book_ladder,book_ladder,False,False,0.0,0.7,65,45.5,strategy_S9-150:NIFTY:2026-04-08T12:51:45:SHORT
2026-04-08,12:53:00,2026-04-08,12:53:10,NIFTY,SELL,23948.1,23947.15,NIFTY13APR2623950PE,23950.0,PE,208.0,206.4,210.0,205.0,210.0,205.0,0.001684,0.002178,ws,ws,book_ladder,book_ladder,False,False,-2.0,1.4,65,-104.0,strategy_S9-150:NIFTY:2026-04-08T12:53:00:SHORT
2026-04-08,12:57:23,2026-04-08,12:57:46,NIFTY,BUY,23975.4,23974.35,NIFTY13APR2623950CE,23950.0,CE,218.45,230.4,220.0,230.0,220.0,230.0,0.002062,0.002168,ws,ws,book_ladder,book_ladder,False,False,-1.55,0.4,65,776.75,strategy_S9-150:NIFTY:2026-04-08T12:57:23:LONG
2026-04-08,12:58:15,2026-04-08,12:58:41,NIFTY,BUY,23977.85,23977.7,NIFTY13APR2623950CE,23950.0,CE,233.15,232.85,235.0,230.0,235.0,230.0,0.001717,0.001502,ws,ws,book_ladder,book_ladder,False,False,-1.85,2.85,65,-19.5,strategy_S9-150:NIFTY:2026-04-08T12:58:15:LONG
2026-04-08,13:00:32,2026-04-08,13:00:50,NIFTY,SELL,23973.3,23969.95,NIFTY13APR2624000PE,24000.0,PE,219.35,221.0,220.0,220.0,220.0,220.0,0.000912,0.001808,ws,ws,book_ladder,book_ladder,False,False,-0.65,1.0,65,107.25,strategy_S9-150:NIFTY:2026-04-08T13:00:32:SHORT
2026-04-08,13:01:16,2026-04-08,13:01:18,NIFTY,SELL,23965.6,23968.7,NIFTY13APR2624000PE,24000.0,PE,222.15,221.7,225.0,220.0,225.0,220.0,0.002479,0.002703,ws,ws,book_ladder,book_ladder,False,False,-2.85,1.7,65,-29.25,strategy_S9-150:NIFTY:2026-04-08T13:01:16:SHORT
2026-04-08,13:01:34,2026-04-08,13:01:47,NIFTY,SELL,23961.95,23960.75,NIFTY13APR2624000PE,24000.0,PE,223.6,223.8,225.0,220.0,225.0,220.0,0.002463,0.000893,ws,ws,book_ladder,book_ladder,False,False,-1.4,3.8,65,13.0,strategy_S9-150:NIFTY:2026-04-08T13:01:34:SHORT
2026-04-08,13:02:42,2026-04-08,13:02:54,NIFTY,BUY,23971.65,23967.55,NIFTY13APR2623950CE,23950.0,CE,228.25,227.55,230.0,225.0,230.0,225.0,0.002193,0.001976,ws,ws,book_ladder,book_ladder,False,False,-1.75,2.55,65,-45.5,strategy_S9-150:NIFTY:2026-04-08T13:02:42:LONG
2026-04-08,13:03:12,2026-04-08,13:03:21,NIFTY,BUY,23971.9,23968.35,NIFTY13APR2623950CE,23950.0,CE,228.8,228.2,230.0,225.0,230.0,225.0,0.001969,0.001314,ws,ws,book_ladder,book_ladder,False,False,-1.2,3.2,65,-39.0,strategy_S9-150:NIFTY:2026-04-08T13:03:12:LONG
2026-04-08,13:04:03,2026-04-08,13:04:19,NIFTY,SELL,23963.2,23963.95,NIFTY13APR2624000PE,24000.0,PE,223.65,223.8,225.0,220.0,225.0,220.0,0.001342,0.002009,ws,ws,book_ladder,book_ladder,False,False,-1.35,3.8,65,9.75,strategy_S9-150:NIFTY:2026-04-08T13:04:03:SHORT
2026-04-08,13:04:36,2026-04-08,13:04:45,NIFTY,SELL,23959.8,23963.95,NIFTY13APR2624000PE,24000.0,PE,224.95,223.15,225.0,220.0,225.0,220.0,0.001557,0.002462,ws,ws,book_ladder,book_ladder,False,False,-0.05,3.15,65,-117.0,strategy_S9-150:NIFTY:2026-04-08T13:04:36:SHORT
2026-04-08,13:06:19,2026-04-08,13:06:28,NIFTY,SELL,23956.8,23959.5,NIFTY13APR2624000PE,24000.0,PE,225.8,223.4,230.0,220.0,230.0,220.0,0.002439,0.002012,ws,ws,book_ladder,book_ladder,False,False,-4.2,3.4,65,-156.0,strategy_S9-150:NIFTY:2026-04-08T13:06:19:SHORT
2026-04-08,13:08:01,2026-04-08,13:08:13,NIFTY,SELL,23951.4,23952.35,NIFTY13APR2624000PE,24000.0,PE,228.6,230.85,230.0,230.0,230.0,230.0,0.00197,0.001299,ws,ws,book_ladder,book_ladder,False,False,-1.4,0.85,65,146.25,strategy_S9-150:NIFTY:2026-04-08T13:08:01:SHORT
2026-04-08,13:08:32,2026-04-08,13:08:52,NIFTY,BUY,23957.8,23964.55,NIFTY13APR2623950CE,23950.0,CE,221.8,223.85,225.0,220.0,225.0,220.0,0.001579,0.001785,ws,ws,book_ladder,book_ladder,False,False,-3.2,3.85,65,133.25,strategy_S9-150:NIFTY:2026-04-08T13:08:32:LONG
2026-04-08,13:09:54,2026-04-08,13:10:05,NIFTY,SELL,23963.0,23965.05,NIFTY13APR2624000PE,24000.0,PE,226.25,225.55,230.0,225.0,230.0,225.0,0.001106,0.002436,ws,ws,book_ladder,book_ladder,False,False,-3.75,0.55,65,-45.5,strategy_S9-150:NIFTY:2026-04-08T13:09:54:SHORT
2026-04-08,13:10:47,2026-04-08,13:10:56,NIFTY,BUY,23976.05,23974.25,NIFTY13APR2623950CE,23950.0,CE,227.15,225.7,230.0,225.0,230.0,225.0,0.001101,0.001992,ws,ws,book_ladder,book_ladder,False,False,-2.85,0.7,65,-94.25,strategy_S9-150:NIFTY:2026-04-08T13:10:47:LONG
2026-04-08,13:11:15,2026-04-08,13:11:21,NIFTY,BUY,23983.1,23977.85,NIFTY13APR2623950CE,23950.0,CE,230.0,228.9,230.0,225.0,230.0,225.0,0.00087,0.001528,ws,ws,book_ladder,book_ladder,False,False,0.0,3.9,65,-71.5,strategy_S9-150:NIFTY:2026-04-08T13:11:15:LONG
2026-04-08,13:11:47,2026-04-08,13:12:46,NIFTY,BUY,23980.15,23983.75,NIFTY13APR2623950CE,23950.0,CE,229.45,230.2,230.0,230.0,230.0,230.0,0.0024,0.00217,ws,ws,book_ladder,book_ladder,False,False,-0.55,0.2,65,48.75,strategy_S9-150:NIFTY:2026-04-08T13:11:47:LONG
2026-04-08,13:13:21,2026-04-08,13:13:30,NIFTY,SELL,23972.55,23974.6,NIFTY13APR2624000PE,24000.0,PE,222.3,222.35,225.0,220.0,225.0,220.0,0.002477,0.002022,ws,ws,book_ladder,book_ladder,False,False,-2.7,2.35,65,3.25,strategy_S9-150:NIFTY:2026-04-08T13:13:21:SHORT
2026-04-08,13:14:25,2026-04-08,13:14:45,NIFTY,BUY,23973.4,23972.5,NIFTY13APR2623950CE,23950.0,CE,227.95,226.05,230.0,225.0,230.0,225.0,0.001537,0.001989,ws,ws,book_ladder,book_ladder,False,False,-2.05,1.05,65,-123.5,strategy_S9-150:NIFTY:2026-04-08T13:14:25:LONG
2026-04-08,13:15:32,2026-04-08,13:15:40,NIFTY,SELL,23968.1,23967.65,NIFTY13APR2624000PE,24000.0,PE,225.0,223.45,225.0,220.0,225.0,220.0,0.001557,0.001789,ws,ws,book_ladder,book_ladder,False,False,0.0,3.45,65,-100.75,strategy_S9-150:NIFTY:2026-04-08T13:15:32:SHORT
2026-04-08,13:16:21,2026-04-08,13:17:01,NIFTY,BUY,23977.2,23980.25,NIFTY13APR2623950CE,23950.0,CE,230.7,229.65,235.0,225.0,235.0,225.0,0.001952,0.001088,ws,ws,book_ladder,book_ladder,False,False,-4.3,4.65,65,-68.25,strategy_S9-150:NIFTY:2026-04-08T13:16:21:LONG
2026-04-08,13:17:50,2026-04-08,13:18:45,NIFTY,BUY,23984.3,23987.65,NIFTY13APR2623950CE,23950.0,CE,230.75,232.1,235.0,230.0,235.0,230.0,0.001084,0.002367,ws,ws,book_ladder,book_ladder,False,False,-4.25,2.1,65,87.75,strategy_S9-150:NIFTY:2026-04-08T13:17:50:LONG
2026-04-08,13:19:04,2026-04-08,13:19:20,NIFTY,SELL,23972.95,23976.25,NIFTY13APR2624000PE,24000.0,PE,221.35,220.8,225.0,220.0,225.0,220.0,0.001356,0.000905,ws,ws,book_ladder,book_ladder,False,False,-3.65,0.8,65,-35.75,strategy_S9-150:NIFTY:2026-04-08T13:19:04:SHORT
2026-04-08,13:20:31,2026-04-08,13:20:55,NIFTY,SELL,23971.55,23972.15,NIFTY13APR2624000PE,24000.0,PE,223.55,223.2,225.0,220.0,225.0,220.0,0.002463,0.002685,ws,ws,book_ladder,book_ladder,False,False,-1.45,3.2,65,-22.75,strategy_S9-150:NIFTY:2026-04-08T13:20:31:SHORT
2026-04-08,13:21:30,2026-04-08,13:21:40,NIFTY,BUY,23977.3,23975.25,NIFTY13APR2623950CE,23950.0,CE,228.5,226.2,230.0,225.0,230.0,225.0,0.00241,0.002208,ws,ws,book_ladder,book_ladder,False,False,-1.5,1.2,65,-149.5,strategy_S9-150:NIFTY:2026-04-08T13:21:30:LONG
2026-04-08,13:21:56,2026-04-08,13:22:05,NIFTY,SELL,23971.85,23973.1,NIFTY13APR2624000PE,24000.0,PE,221.95,221.3,225.0,220.0,225.0,220.0,0.00203,0.002708,ws,ws,book_ladder,book_ladder,False,False,-3.05,1.3,65,-42.25,strategy_S9-150:NIFTY:2026-04-08T13:21:56:SHORT
2026-04-08,13:22:39,2026-04-08,13:22:49,NIFTY,BUY,23980.15,23979.05,NIFTY13APR2623950CE,23950.0,CE,229.45,228.9,230.0,225.0,230.0,225.0,0.001963,0.0024,ws,ws,book_ladder,book_ladder,False,False,-0.55,3.9,65,-35.75,strategy_S9-150:NIFTY:2026-04-08T13:22:39:LONG
2026-04-08,13:23:10,2026-04-08,13:23:15,NIFTY,BUY,23983.2,23981.2,NIFTY13APR2623950CE,23950.0,CE,230.7,230.0,235.0,230.0,235.0,230.0,0.00217,0.002172,ws,ws,book_ladder,book_ladder,False,False,-4.3,0.0,65,-45.5,strategy_S9-150:NIFTY:2026-04-08T13:23:10:LONG
2026-04-08,13:23:44,2026-04-08,13:24:04,NIFTY,BUY,23984.6,23982.1,NIFTY13APR2623950CE,23950.0,CE,231.0,229.3,235.0,225.0,235.0,225.0,0.000866,0.000654,ws,ws,book_ladder,book_ladder,False,False,-4.0,4.3,65,-110.5,strategy_S9-150:NIFTY:2026-04-08T13:23:44:LONG
2026-04-08,13:25:45,2026-04-08,13:26:08,NIFTY,BUY,23986.3,23989.3,NIFTY13APR2623950CE,23950.0,CE,231.0,235.9,235.0,235.0,235.0,235.0,0.001733,0.002117,ws,ws,book_ladder,book_ladder,False,False,-4.0,0.9,65,318.5,strategy_S9-150:NIFTY:2026-04-08T13:25:45:LONG
2026-04-08,13:26:50,2026-04-08,13:27:31,NIFTY,BUY,23994.15,23996.35,NIFTY13APR2623950CE,23950.0,CE,235.5,238.6,240.0,235.0,240.0,235.0,0.002125,0.002302,ws,ws,book_ladder,book_ladder,False,False,-4.5,3.6,65,201.5,strategy_S9-150:NIFTY:2026-04-08T13:26:50:LONG
2026-04-08,13:28:26,2026-04-08,13:28:35,NIFTY,SELL,23989.75,23992.65,NIFTY13APR2624000PE,24000.0,PE,215.0,215.0,215.0,215.0,215.0,215.0,0.002095,0.00093,ws,ws,book_ladder,book_ladder,False,False,0.0,0.0,65,0.0,strategy_S9-150:NIFTY:2026-04-08T13:28:26:SHORT
2026-04-08,13:29:17,2026-04-08,13:29:42,NIFTY,BUY,23997.8,23998.0,NIFTY13APR2623950CE,23950.0,CE,236.0,237.35,240.0,235.0,240.0,235.0,0.000636,0.001474,ws,ws,book_ladder,book_ladder,False,False,-4.0,2.35,65,87.75,strategy_S9-150:NIFTY:2026-04-08T13:29:17:LONG
2026-04-08,13:31:16,2026-04-08,13:31:47,NIFTY,SELL,23987.3,23987.0,NIFTY13APR2624000PE,24000.0,PE,216.85,217.25,220.0,215.0,220.0,215.0,0.002077,0.002528,ws,ws,book_ladder,book_ladder,False,False,-3.15,2.25,65,26.0,strategy_S9-150:NIFTY:2026-04-08T13:31:16:SHORT
2026-04-08,13:32:08,2026-04-08,13:32:53,NIFTY,BUY,23992.55,23994.7,NIFTY13APR2623950CE,23950.0,CE,237.4,237.05,240.0,235.0,240.0,235.0,0.002319,0.002107,ws,ws,book_ladder,book_ladder,False,False,-2.6,2.05,65,-22.75,strategy_S9-150:NIFTY:2026-04-08T13:32:08:LONG
2026-04-08,13:33:01,2026-04-08,13:33:10,NIFTY,SELL,23989.0,23992.55,NIFTY13APR2624000PE,24000.0,PE,214.65,213.35,215.0,210.0,215.0,210.0,0.002099,0.002107,ws,ws,book_ladder,book_ladder,False,False,-0.35,3.35,65,-84.5,strategy_S9-150:NIFTY:2026-04-08T13:33:01:SHORT
2026-04-08,13:33:46,2026-04-08,13:34:05,NIFTY,SELL,23989.35,23987.45,NIFTY13APR2624000PE,24000.0,PE,215.5,215.75,220.0,215.0,220.0,215.0,0.001858,0.002315,ws,ws,book_ladder,book_ladder,False,False,-4.5,0.75,65,16.25,strategy_S9-150:NIFTY:2026-04-08T13:33:46:SHORT
2026-04-08,13:34:55,2026-04-08,13:35:11,NIFTY,BUY,23995.35,23994.9,NIFTY13APR2623950CE,23950.0,CE,236.6,237.25,240.0,235.0,240.0,235.0,0.002327,0.002526,ws,ws,book_ladder,book_ladder,False,False,-3.4,2.25,65,42.25,strategy_S9-150:NIFTY:2026-04-08T13:34:55:LONG
2026-04-08,13:36:20,2026-04-08,13:36:41,NIFTY,BUY,24000.75,24008.9,NIFTY13APR2624000CE,24000.0,CE,209.95,216.45,210.0,215.0,210.0,215.0,0.002384,0.002077,ws,ws,book_ladder,book_ladder,False,False,-0.05,1.45,65,422.5,strategy_S9-150:NIFTY:2026-04-08T13:36:20:LONG
2026-04-08,13:37:20,2026-04-08,13:37:36,NIFTY,BUY,24012.65,24010.3,NIFTY13APR2624000CE,24000.0,CE,216.75,218.0,220.0,215.0,220.0,215.0,0.002309,0.002062,ws,ws,book_ladder,book_ladder,False,False,-3.25,3.0,65,81.25,strategy_S9-150:NIFTY:2026-04-08T13:37:20:LONG
2026-04-08,13:38:06,2026-04-08,13:38:15,NIFTY,SELL,24003.9,24008.2,NIFTY13APR2624050PE,24050.0,PE,232.05,231.15,235.0,230.0,235.0,230.0,0.000647,0.001729,ws,ws,book_ladder,book_ladder,False,False,-2.95,1.15,65,-58.5,strategy_S9-150:NIFTY:2026-04-08T13:38:06:SHORT
2026-04-08,13:39:00,2026-04-08,13:39:30,NIFTY,BUY,24018.35,24022.75,NIFTY13APR2624000CE,24000.0,CE,223.15,226.25,225.0,225.0,225.0,225.0,0.002468,0.002428,ws,ws,book_ladder,book_ladder,False,False,-1.85,1.25,65,201.5,strategy_S9-150:NIFTY:2026-04-08T13:39:00:LONG
2026-04-08,13:40:09,2026-04-08,13:41:27,NIFTY,SELL,24012.15,23983.05,NIFTY13APR2624050PE,24050.0,PE,229.0,241.85,230.0,240.0,230.0,240.0,0.001092,0.002272,ws,ws,book_ladder,book_ladder,False,False,-1.0,1.85,65,835.25,strategy_S9-150:NIFTY:2026-04-08T13:40:09:SHORT
2026-04-08,13:42:13,2026-04-08,13:42:33,NIFTY,SELL,23980.9,23981.65,NIFTY13APR2624000PE,24000.0,PE,217.4,216.95,220.0,215.0,220.0,215.0,0.001842,0.001842,ws,ws,book_ladder,book_ladder,False,False,-2.6,1.95,65,-29.25,strategy_S9-150:NIFTY:2026-04-08T13:42:13:SHORT
2026-04-08,13:42:51,2026-04-08,13:43:05,NIFTY,BUY,23988.95,23991.7,NIFTY13APR2623950CE,23950.0,CE,237.7,240.1,240.0,240.0,240.0,240.0,0.001263,0.001041,ws,ws,book_ladder,book_ladder,False,False,-2.3,0.1,65,156.0,strategy_S9-150:NIFTY:2026-04-08T13:42:51:LONG
2026-04-08,13:44:01,2026-04-08,13:44:17,NIFTY,SELL,23981.7,23979.4,NIFTY13APR2624000PE,24000.0,PE,215.85,218.6,220.0,215.0,220.0,215.0,0.002551,0.001828,ws,ws,book_ladder,book_ladder,False,False,-4.15,3.6,65,178.75,strategy_S9-150:NIFTY:2026-04-08T13:44:01:SHORT
2026-04-08,13:45:00,2026-04-08,13:45:14,NIFTY,SELL,23974.85,23978.2,NIFTY13APR2624000PE,24000.0,PE,219.0,217.3,220.0,215.0,220.0,215.0,0.002286,0.001839,ws,ws,book_ladder,book_ladder,False,False,-1.0,2.3,65,-110.5,strategy_S9-150:NIFTY:2026-04-08T13:45:00:SHORT
2026-04-08,13:45:32,2026-04-08,13:45:55,NIFTY,BUY,23983.35,23987.7,NIFTY13APR2623950CE,23950.0,CE,235.75,234.85,240.0,235.0,240.0,230.0,0.001273,0.002339,ws,ws,book_ladder,book_ladder,False,True,-4.25,-0.15,65,-58.5,strategy_S9-150:NIFTY:2026-04-08T13:45:32:LONG
2026-04-08,13:46:40,2026-04-08,13:46:55,NIFTY,SELL,23977.75,23973.6,NIFTY13APR2624000PE,24000.0,PE,217.45,218.15,220.0,215.0,220.0,215.0,0.002302,0.002747,ws,ws,book_ladder,book_ladder,False,False,-2.55,3.15,65,45.5,strategy_S9-150:NIFTY:2026-04-08T13:46:40:SHORT
2026-04-08,13:47:53,2026-04-08,13:48:13,NIFTY,SELL,23970.6,23971.3,NIFTY13APR2624000PE,24000.0,PE,219.9,219.05,220.0,215.0,220.0,215.0,0.002732,0.002508,ws,ws,book_ladder,book_ladder,False,False,-0.1,4.05,65,-55.25,strategy_S9-150:NIFTY:2026-04-08T13:47:53:SHORT
2026-04-08,13:48:16,2026-04-08,13:48:26,NIFTY,BUY,23975.45,23978.95,NIFTY13APR2623950CE,23950.0,CE,231.3,232.3,235.0,230.0,235.0,230.0,0.001298,0.00172,ws,ws,book_ladder,book_ladder,False,False,-3.7,2.3,65,65.0,strategy_S9-150:NIFTY:2026-04-08T13:48:16:LONG
2026-04-08,13:49:25,2026-04-08,13:49:31,NIFTY,BUY,23977.05,23974.55,NIFTY13APR2623950CE,23950.0,CE,232.0,231.1,235.0,230.0,235.0,230.0,0.001726,0.002593,ws,ws,book_ladder,book_ladder,False,False,-3.0,1.1,65,-58.5,strategy_S9-150:NIFTY:2026-04-08T13:49:25:LONG
2026-04-08,13:50:03,2026-04-08,13:50:15,NIFTY,BUY,23980.05,23982.55,NIFTY13APR2623950CE,23950.0,CE,234.35,235.8,235.0,235.0,235.0,235.0,0.001495,0.00233,ws,ws,book_ladder,book_ladder,False,False,-0.65,0.8,65,94.25,strategy_S9-150:NIFTY:2026-04-08T13:50:03:LONG
2026-04-08,13:50:52,2026-04-08,13:50:55,NIFTY,BUY,23982.4,23981.55,NIFTY13APR2623950CE,23950.0,CE,236.0,234.55,240.0,230.0,240.0,230.0,0.001909,0.002342,ws,ws,book_ladder,book_ladder,False,False,-4.0,4.55,65,-94.25,strategy_S9-150:NIFTY:2026-04-08T13:50:52:LONG
2026-04-08,13:51:08,2026-04-08,13:51:28,NIFTY,BUY,23984.4,23982.15,NIFTY13APR2623950CE,23950.0,CE,235.55,234.95,240.0,235.0,240.0,230.0,0.001912,0.002126,ws,ws,book_ladder,book_ladder,False,True,-4.45,-0.05,65,-39.0,strategy_S9-150:NIFTY:2026-04-08T13:51:08:LONG
2026-04-08,13:52:03,2026-04-08,13:52:50,NIFTY,SELL,23977.25,23966.6,NIFTY13APR2624000PE,24000.0,PE,216.6,220.4,220.0,220.0,220.0,220.0,0.00208,0.001813,ws,ws,book_ladder,book_ladder,False,False,-3.4,0.4,65,247.0,strategy_S9-150:NIFTY:2026-04-08T13:52:03:SHORT
2026-04-08,13:53:06,2026-04-08,13:53:34,NIFTY,SELL,23960.75,23956.9,NIFTY13APR2624000PE,24000.0,PE,224.45,225.4,225.0,225.0,225.0,225.0,0.001784,0.002658,ws,ws,book_ladder,book_ladder,False,False,-0.55,0.4,65,61.75,strategy_S9-150:NIFTY:2026-04-08T13:53:06:SHORT
2026-04-08,13:53:57,2026-04-08,13:54:20,NIFTY,BUY,23966.15,23967.3,NIFTY13APR2623950CE,23950.0,CE,228.65,227.65,230.0,225.0,230.0,225.0,0.002189,0.001756,ws,ws,book_ladder,book_ladder,False,False,-1.35,2.65,65,-65.0,strategy_S9-150:NIFTY:2026-04-08T13:53:57:LONG
2026-04-08,13:54:51,2026-04-08,13:54:55,NIFTY,SELL,23960.25,23963.7,NIFTY13APR2624000PE,24000.0,PE,226.65,225.2,230.0,225.0,230.0,225.0,0.001987,0.001996,ws,ws,book_ladder,book_ladder,False,False,-3.35,0.2,65,-94.25,strategy_S9-150:NIFTY:2026-04-08T13:54:51:SHORT
2026-04-08,13:56:00,2026-04-08,13:57:07,NIFTY,BUY,23971.6,23982.55,NIFTY13APR2623950CE,23950.0,CE,229.5,236.8,230.0,235.0,230.0,235.0,0.00109,0.00232,ws,ws,book_ladder,book_ladder,False,False,-0.5,1.8,65,474.5,strategy_S9-150:NIFTY:2026-04-08T13:56:00:LONG
2026-04-08,13:58:45,2026-04-08,13:58:46,NIFTY,BUY,23984.5,23981.85,NIFTY13APR2623950CE,23950.0,CE,235.8,235.45,240.0,235.0,240.0,235.0,0.001485,0.001485,ws,ws,book_ladder,book_ladder,False,False,-4.2,0.45,65,-22.75,strategy_S9-150:NIFTY:2026-04-08T13:58:45:LONG
2026-04-08,13:59:45,2026-04-08,13:59:59,NIFTY,BUY,23987.45,23985.5,NIFTY13APR2623950CE,23950.0,CE,236.3,236.05,240.0,235.0,240.0,235.0,0.00127,0.002116,ws,ws,book_ladder,book_ladder,False,False,-3.7,1.05,65,-16.25,strategy_S9-150:NIFTY:2026-04-08T13:59:45:LONG
2026-04-08,14:00:24,2026-04-08,14:00:35,NIFTY,SELL,23973.25,23970.4,NIFTY13APR2624000PE,24000.0,PE,217.0,219.95,220.0,220.0,220.0,215.0,0.000691,0.002044,ws,ws,book_ladder,book_ladder,False,True,-3.0,-0.05,65,191.75,strategy_S9-150:NIFTY:2026-04-08T14:00:24:SHORT
2026-04-08,14:01:56,2026-04-08,14:02:06,NIFTY,BUY,23978.15,23977.5,NIFTY13APR2623950CE,23950.0,CE,233.8,232.6,235.0,230.0,235.0,230.0,0.001927,0.002362,ws,ws,book_ladder,book_ladder,False,False,-1.2,2.6,65,-78.0,strategy_S9-150:NIFTY:2026-04-08T14:01:56:LONG
2026-04-08,14:03:45,2026-04-08,14:04:02,NIFTY,BUY,23975.6,23973.55,NIFTY13APR2623950CE,23950.0,CE,233.3,231.5,235.0,230.0,235.0,230.0,0.001501,0.002588,ws,ws,book_ladder,book_ladder,False,False,-1.7,1.5,65,-117.0,strategy_S9-150:NIFTY:2026-04-08T14:03:45:LONG
2026-04-08,14:05:16,2026-04-08,14:05:27,NIFTY,SELL,23964.1,23965.4,NIFTY13APR2624000PE,24000.0,PE,222.5,220.25,225.0,220.0,225.0,220.0,0.00225,0.002268,ws,ws,book_ladder,book_ladder,False,False,-2.5,0.25,65,-146.25,strategy_S9-150:NIFTY:2026-04-08T14:05:16:SHORT
2026-04-08,14:06:15,2026-04-08,14:06:47,NIFTY,SELL,23962.55,23957.9,NIFTY13APR2624000PE,24000.0,PE,222.0,229.5,225.0,225.0,225.0,225.0,0.002481,0.001306,ws,ws,book_ladder,book_ladder,False,False,-3.0,4.5,65,487.5,strategy_S9-150:NIFTY:2026-04-08T14:06:15:SHORT
2026-04-08,14:07:15,2026-04-08,14:07:43,NIFTY,BUY,23958.85,23959.05,NIFTY13APR2623950CE,23950.0,CE,226.55,226.05,230.0,225.0,230.0,225.0,0.001546,0.001989,ws,ws,book_ladder,book_ladder,False,False,-3.45,1.05,65,-32.5,strategy_S9-150:NIFTY:2026-04-08T14:07:15:LONG
2026-04-08,14:08:32,2026-04-08,14:08:44,NIFTY,BUY,23966.05,23962.15,NIFTY13APR2623950CE,23950.0,CE,227.4,226.35,230.0,225.0,230.0,225.0,0.002201,0.002207,ws,ws,book_ladder,book_ladder,False,False,-2.6,1.35,65,-68.25,strategy_S9-150:NIFTY:2026-04-08T14:08:32:LONG
2026-04-08,14:09:15,2026-04-08,14:09:24,NIFTY,SELL,23958.0,23960.1,NIFTY13APR2624000PE,24000.0,PE,229.5,226.05,230.0,225.0,230.0,225.0,0.001308,0.001989,ws,ws,book_ladder,book_ladder,False,False,-0.5,1.05,65,-224.25,strategy_S9-150:NIFTY:2026-04-08T14:09:15:SHORT
2026-04-08,14:12:07,2026-04-08,14:12:40,NIFTY,BUY,23968.55,23975.4,NIFTY13APR2623950CE,23950.0,CE,228.55,230.15,230.0,230.0,230.0,230.0,0.00219,0.001953,ws,ws,book_ladder,book_ladder,False,False,-1.45,0.15,65,104.0,strategy_S9-150:NIFTY:2026-04-08T14:12:07:LONG
2026-04-08,14:13:06,2026-04-08,14:13:38,NIFTY,SELL,23965.25,23953.45,NIFTY13APR2624000PE,24000.0,PE,227.85,234.15,230.0,230.0,230.0,230.0,0.001098,0.002559,ws,ws,book_ladder,book_ladder,False,False,-2.15,4.15,65,409.5,strategy_S9-150:NIFTY:2026-04-08T14:13:06:SHORT
2026-04-08,14:14:43,2026-04-08,14:14:55,NIFTY,SELL,23945.0,23946.6,NIFTY13APR2623950PE,23950.0,PE,212.15,210.45,215.0,210.0,215.0,210.0,0.001415,0.002136,ws,ws,book_ladder,book_ladder,False,False,-2.85,0.45,65,-110.5,strategy_S9-150:NIFTY:2026-04-08T14:14:43:SHORT
2026-04-08,14:15:47,2026-04-08,14:15:59,NIFTY,BUY,23957.9,23954.75,NIFTY13APR2623950CE,23950.0,CE,224.95,226.9,225.0,225.0,225.0,225.0,0.001112,0.002201,ws,ws,book_ladder,book_ladder,False,False,-0.05,1.9,65,126.75,strategy_S9-150:NIFTY:2026-04-08T14:15:47:LONG
2026-04-08,14:18:21,2026-04-08,14:18:38,NIFTY,SELL,23947.95,23949.6,NIFTY13APR2623950PE,23950.0,PE,208.0,207.4,210.0,205.0,210.0,205.0,0.001443,0.001686,ws,ws,book_ladder,book_ladder,False,False,-2.0,2.4,65,-39.0,strategy_S9-150:NIFTY:2026-04-08T14:18:21:SHORT
2026-04-08,14:19:29,2026-04-08,14:20:01,NIFTY,BUY,23958.55,23962.9,NIFTY13APR2623950CE,23950.0,CE,231.0,231.6,235.0,230.0,235.0,230.0,0.00065,0.001726,ws,ws,book_ladder,book_ladder,False,False,-4.0,1.6,65,39.0,strategy_S9-150:NIFTY:2026-04-08T14:19:29:LONG
2026-04-08,14:20:17,2026-04-08,14:20:21,NIFTY,BUY,23969.0,23966.7,NIFTY13APR2623950CE,23950.0,CE,233.0,232.3,235.0,230.0,235.0,230.0,0.002148,0.00215,ws,ws,book_ladder,book_ladder,False,False,-2.0,2.3,65,-45.5,strategy_S9-150:NIFTY:2026-04-08T14:20:17:LONG
2026-04-08,14:21:00,2026-04-08,14:21:34,NIFTY,BUY,23973.1,23981.05,NIFTY13APR2623950CE,23950.0,CE,234.65,237.95,235.0,235.0,235.0,235.0,0.002347,0.001889,ws,ws,book_ladder,book_ladder,False,False,-0.35,2.95,65,214.5,strategy_S9-150:NIFTY:2026-04-08T14:21:00:LONG
2026-04-08,14:23:34,2026-04-08,14:23:50,NIFTY,SELL,23972.65,23971.4,NIFTY13APR2624000PE,24000.0,PE,219.45,218.4,220.0,215.0,220.0,215.0,0.001824,0.001601,ws,ws,book_ladder,book_ladder,False,False,-0.55,3.4,65,-68.25,strategy_S9-150:NIFTY:2026-04-08T14:23:34:SHORT
2026-04-08,14:25:05,2026-04-08,14:25:26,NIFTY,BUY,23979.65,23978.15,NIFTY13APR2623950CE,23950.0,CE,237.5,237.75,240.0,235.0,240.0,235.0,0.002318,0.002101,ws,ws,book_ladder,book_ladder,False,False,-2.5,2.75,65,16.25,strategy_S9-150:NIFTY:2026-04-08T14:25:05:LONG
2026-04-08,14:25:40,2026-04-08,14:25:56,NIFTY,BUY,23983.75,23985.2,NIFTY13APR2623950CE,23950.0,CE,239.5,239.35,240.0,235.0,240.0,235.0,0.002299,0.002087,ws,ws,book_ladder,book_ladder,False,False,-0.5,4.35,65,-9.75,strategy_S9-150:NIFTY:2026-04-08T14:25:40:LONG
2026-04-08,14:27:40,2026-04-08,14:27:44,NIFTY,BUY,23982.7,23979.9,NIFTY13APR2623950CE,23950.0,CE,237.2,236.85,240.0,235.0,240.0,235.0,0.00211,0.002109,ws,ws,book_ladder,book_ladder,False,False,-2.8,1.85,65,-22.75,strategy_S9-150:NIFTY:2026-04-08T14:27:40:LONG
2026-04-08,14:28:15,2026-04-08,14:28:31,NIFTY,BUY,23983.2,23982.15,NIFTY13APR2623950CE,23950.0,CE,239.0,237.45,240.0,235.0,240.0,235.0,0.001256,0.002314,ws,ws,book_ladder,book_ladder,False,False,-1.0,2.45,65,-100.75,strategy_S9-150:NIFTY:2026-04-08T14:28:15:LONG
2026-04-08,14:29:45,2026-04-08,14:29:50,NIFTY,BUY,23982.3,23978.15,NIFTY13APR2623950CE,23950.0,CE,238.65,236.95,240.0,235.0,240.0,235.0,0.002307,0.002529,ws,ws,book_ladder,book_ladder,False,False,-1.35,1.95,65,-110.5,strategy_S9-150:NIFTY:2026-04-08T14:29:45:LONG
2026-04-08,14:31:23,2026-04-08,14:31:40,NIFTY,BUY,23983.1,23981.35,NIFTY13APR2623950CE,23950.0,CE,243.0,243.0,245.0,240.0,245.0,240.0,0.002266,0.002055,ws,ws,book_ladder,book_ladder,False,False,-2.0,3.0,65,0.0,strategy_S9-150:NIFTY:2026-04-08T14:31:23:LONG
2026-04-08,14:32:00,2026-04-08,14:32:00,NIFTY,BUY,23983.9,23980.45,NIFTY13APR2623950CE,23950.0,CE,242.75,242.3,245.0,240.0,245.0,240.0,0.002268,0.002267,ws,ws,book_ladder,book_ladder,False,False,-2.25,2.3,65,-29.25,strategy_S9-150:NIFTY:2026-04-08T14:32:00:LONG
2026-04-08,14:32:15,2026-04-08,14:32:25,NIFTY,BUY,23986.5,23985.0,NIFTY13APR2623950CE,23950.0,CE,244.3,242.0,245.0,240.0,245.0,240.0,0.002254,0.001652,ws,ws,book_ladder,book_ladder,False,False,-0.7,2.0,65,-149.5,strategy_S9-150:NIFTY:2026-04-08T14:32:15:LONG
2026-04-08,14:34:14,2026-04-08,14:34:18,NIFTY,SELL,23977.95,23980.3,NIFTY13APR2624000PE,24000.0,PE,215.35,215.15,220.0,215.0,220.0,215.0,0.001627,0.000697,ws,ws,book_ladder,book_ladder,False,False,-4.65,0.15,65,-13.0,strategy_S9-150:NIFTY:2026-04-08T14:34:14:SHORT
2026-04-08,14:34:32,2026-04-08,14:34:45,NIFTY,SELL,23977.4,23979.15,NIFTY13APR2624000PE,24000.0,PE,214.95,215.05,215.0,215.0,215.0,215.0,0.000465,0.001626,ws,ws,book_ladder,book_ladder,False,False,-0.05,0.05,65,6.5,strategy_S9-150:NIFTY:2026-04-08T14:34:32:SHORT
2026-04-08,14:35:30,2026-04-08,14:36:15,NIFTY,BUY,23981.85,23986.8,NIFTY13APR2623950CE,23950.0,CE,240.8,242.4,245.0,240.0,245.0,240.0,0.002079,0.001649,ws,ws,book_ladder,book_ladder,False,False,-4.2,2.4,65,104.0,strategy_S9-150:NIFTY:2026-04-08T14:35:30:LONG
2026-04-08,14:37:06,2026-04-08,14:37:15,NIFTY,SELL,23980.7,23983.75,NIFTY13APR2624000PE,24000.0,PE,211.75,211.1,215.0,210.0,215.0,210.0,0.002127,0.002129,ws,ws,book_ladder,book_ladder,False,False,-3.25,1.1,65,-42.25,strategy_S9-150:NIFTY:2026-04-08T14:37:06:SHORT
2026-04-08,14:37:32,2026-04-08,14:37:51,NIFTY,SELL,23979.6,23981.4,NIFTY13APR2624000PE,24000.0,PE,213.25,212.5,215.0,210.0,215.0,210.0,0.002112,0.00235,ws,ws,book_ladder,book_ladder,False,False,-1.75,2.5,65,-48.75,strategy_S9-150:NIFTY:2026-04-08T14:37:32:SHORT
2026-04-08,14:38:34,2026-04-08,14:38:50,NIFTY,SELL,23979.5,23977.8,NIFTY13APR2624000PE,24000.0,PE,213.05,214.0,215.0,210.0,215.0,210.0,0.000939,0.001867,ws,ws,book_ladder,book_ladder,False,False,-1.95,4.0,65,61.75,strategy_S9-150:NIFTY:2026-04-08T14:38:34:SHORT
2026-04-08,14:40:08,2026-04-08,14:40:22,NIFTY,BUY,23983.5,23980.55,NIFTY13APR2623950CE,23950.0,CE,242.5,242.3,245.0,240.0,245.0,240.0,0.002064,0.002267,ws,ws,book_ladder,book_ladder,False,False,-2.5,2.3,65,-13.0,strategy_S9-150:NIFTY:2026-04-08T14:40:08:LONG
2026-04-08,14:41:16,2026-04-08,14:41:33,NIFTY,SELL,23978.7,23979.8,NIFTY13APR2624000PE,24000.0,PE,212.95,212.2,215.0,210.0,215.0,210.0,0.00141,0.002118,ws,ws,book_ladder,book_ladder,False,False,-2.05,2.2,65,-48.75,strategy_S9-150:NIFTY:2026-04-08T14:41:16:SHORT
2026-04-08,14:41:50,2026-04-08,14:42:56,NIFTY,BUY,23984.55,23998.15,NIFTY13APR2623950CE,23950.0,CE,242.55,249.7,245.0,245.0,245.0,245.0,0.001651,0.0026,ws,ws,book_ladder,book_ladder,False,False,-2.45,4.7,65,464.75,strategy_S9-150:NIFTY:2026-04-08T14:41:50:LONG
2026-04-08,14:43:17,2026-04-08,14:43:26,NIFTY,BUY,24002.5,24000.7,NIFTY13APR2624000CE,24000.0,CE,222.9,222.0,225.0,220.0,225.0,220.0,0.002021,0.002025,ws,ws,book_ladder,book_ladder,False,False,-2.1,2.0,65,-58.5,strategy_S9-150:NIFTY:2026-04-08T14:43:17:LONG
2026-04-08,14:44:22,2026-04-08,14:44:35,NIFTY,SELL,23996.35,23998.15,NIFTY13APR2624000PE,24000.0,PE,207.05,207.4,210.0,205.0,210.0,205.0,0.002176,0.002648,ws,ws,book_ladder,book_ladder,False,False,-2.95,2.4,65,22.75,strategy_S9-150:NIFTY:2026-04-08T14:44:22:SHORT
2026-04-08,14:44:47,2026-04-08,14:44:59,NIFTY,BUY,24002.7,23998.9,NIFTY13APR2624000CE,24000.0,CE,224.0,223.65,225.0,220.0,225.0,220.0,0.001117,0.002233,ws,ws,book_ladder,book_ladder,False,False,-1.0,3.65,65,-22.75,strategy_S9-150:NIFTY:2026-04-08T14:44:47:LONG
2026-04-08,14:45:40,2026-04-08,14:45:58,NIFTY,BUY,24003.9,24001.35,NIFTY13APR2624000CE,24000.0,CE,226.35,229.8,230.0,230.0,230.0,225.0,0.00199,0.002608,ws,ws,book_ladder,book_ladder,False,True,-3.65,-0.2,65,224.25,strategy_S9-150:NIFTY:2026-04-08T14:45:40:LONG
2026-04-08,14:46:48,2026-04-08,14:47:02,NIFTY,SELL,23995.2,23998.5,NIFTY13APR2624000PE,24000.0,PE,206.4,205.75,210.0,205.0,210.0,205.0,0.001697,0.001942,ws,ws,book_ladder,book_ladder,False,False,-3.6,0.75,65,-42.25,strategy_S9-150:NIFTY:2026-04-08T14:46:48:SHORT
2026-04-08,14:47:35,2026-04-08,14:48:12,NIFTY,BUY,24008.0,24013.45,NIFTY13APR2624000CE,24000.0,CE,227.9,231.1,230.0,230.0,230.0,230.0,0.002196,0.002161,ws,ws,book_ladder,book_ladder,False,False,-2.1,1.1,65,208.0,strategy_S9-150:NIFTY:2026-04-08T14:47:35:LONG
2026-04-08,14:48:38,2026-04-08,14:48:58,NIFTY,SELL,24004.45,24001.7,NIFTY13APR2624050PE,24050.0,PE,222.95,223.2,225.0,220.0,225.0,220.0,0.002245,0.001791,ws,ws,book_ladder,book_ladder,False,False,-2.05,3.2,65,16.25,strategy_S9-150:NIFTY:2026-04-08T14:48:38:SHORT
2026-04-08,14:49:30,2026-04-08,14:49:57,NIFTY,SELL,23999.4,23986.45,NIFTY13APR2624000PE,24000.0,PE,202.25,209.0,205.0,205.0,205.0,205.0,0.001237,0.001912,ws,ws,book_ladder,book_ladder,False,False,-2.75,4.0,65,438.75,strategy_S9-150:NIFTY:2026-04-08T14:49:30:SHORT
2026-04-08,14:50:31,2026-04-08,14:50:50,NIFTY,SELL,23980.6,23977.3,NIFTY13APR2624000PE,24000.0,PE,213.15,213.95,215.0,210.0,215.0,210.0,0.001643,0.002567,ws,ws,book_ladder,book_ladder,False,False,-1.85,3.95,65,52.0,strategy_S9-150:NIFTY:2026-04-08T14:50:31:SHORT
2026-04-08,14:51:15,2026-04-08,14:51:21,NIFTY,BUY,23990.45,23987.75,NIFTY13APR2623950CE,23950.0,CE,243.8,241.75,245.0,240.0,245.0,240.0,0.002258,0.00186,ws,ws,book_ladder,book_ladder,False,False,-1.2,1.75,65,-133.25,strategy_S9-150:NIFTY:2026-04-08T14:51:15:LONG
2026-04-08,14:53:25,2026-04-08,14:53:52,NIFTY,BUY,23985.9,23986.35,NIFTY13APR2623950CE,23950.0,CE,242.25,240.9,245.0,240.0,245.0,240.0,0.002273,0.001452,ws,ws,book_ladder,book_ladder,False,False,-2.75,0.9,65,-87.75,strategy_S9-150:NIFTY:2026-04-08T14:53:25:LONG
2026-04-08,14:54:15,2026-04-08,14:54:28,NIFTY,SELL,23980.4,23983.15,NIFTY13APR2624000PE,24000.0,PE,213.55,212.15,215.0,210.0,215.0,210.0,0.002344,0.002119,ws,ws,book_ladder,book_ladder,False,False,-1.45,2.15,65,-91.0,strategy_S9-150:NIFTY:2026-04-08T14:54:15:SHORT
2026-04-08,14:55:00,2026-04-08,14:55:01,NIFTY,BUY,23988.5,23985.65,NIFTY13APR2623950CE,23950.0,CE,241.95,241.0,245.0,240.0,245.0,240.0,0.002483,0.001244,ws,ws,book_ladder,book_ladder,False,False,-3.05,1.0,65,-61.75,strategy_S9-150:NIFTY:2026-04-08T14:55:00:LONG
2026-04-08,14:55:25,2026-04-08,14:55:33,NIFTY,BUY,23989.35,23985.35,NIFTY13APR2623950CE,23950.0,CE,242.4,239.95,245.0,240.0,245.0,235.0,0.001652,0.00229,ws,ws,book_ladder,book_ladder,False,True,-2.6,-0.05,65,-159.25,strategy_S9-150:NIFTY:2026-04-08T14:55:25:LONG
2026-04-08,14:55:45,2026-04-08,14:56:12,NIFTY,BUY,23988.5,23992.35,NIFTY13APR2623950CE,23950.0,CE,242.35,244.0,245.0,240.0,245.0,240.0,0.000413,0.001229,ws,ws,book_ladder,book_ladder,False,False,-2.65,4.0,65,107.25,strategy_S9-150:NIFTY:2026-04-08T14:55:45:LONG
2026-04-08,14:57:12,2026-04-08,14:57:14,NIFTY,SELL,23986.35,23988.9,NIFTY13APR2624000PE,24000.0,PE,210.85,210.4,215.0,210.0,215.0,210.0,0.002136,0.001899,ws,ws,book_ladder,book_ladder,False,False,-4.15,0.4,65,-29.25,strategy_S9-150:NIFTY:2026-04-08T14:57:12:SHORT
2026-04-08,14:57:35,2026-04-08,14:57:42,NIFTY,BUY,23996.4,23993.7,NIFTY13APR2623950CE,23950.0,CE,244.05,244.45,245.0,240.0,245.0,240.0,0.001846,0.001839,ws,ws,book_ladder,book_ladder,False,False,-0.95,4.45,65,26.0,strategy_S9-150:NIFTY:2026-04-08T14:57:35:LONG
2026-04-08,14:58:05,2026-04-08,14:58:14,NIFTY,BUY,23994.55,23992.55,NIFTY13APR2623950CE,23950.0,CE,244.9,243.25,245.0,240.0,245.0,240.0,0.001635,0.002053,ws,ws,book_ladder,book_ladder,False,False,-0.1,3.25,65,-107.25,strategy_S9-150:NIFTY:2026-04-08T14:58:05:LONG
2026-04-08,14:59:30,2026-04-08,14:59:50,NIFTY,BUY,23999.6,24000.1,NIFTY13APR2623950CE,23950.0,CE,246.8,248.3,250.0,245.0,250.0,245.0,0.002231,0.001811,ws,ws,book_ladder,book_ladder,False,False,-3.2,3.3,65,97.5,strategy_S9-150:NIFTY:2026-04-08T14:59:30:LONG
2026-04-08,15:00:10,2026-04-08,15:00:30,NIFTY,SELL,23988.95,23969.35,NIFTY13APR2624000PE,24000.0,PE,210.35,218.95,215.0,215.0,215.0,215.0,0.002142,0.002509,ws,ws,book_ladder,book_ladder,False,False,-4.65,3.95,65,559.0,strategy_S9-150:NIFTY:2026-04-08T15:00:10:SHORT
2026-04-08,15:01:05,2026-04-08,15:01:15,NIFTY,SELL,23961.9,23961.65,NIFTY13APR2624000PE,24000.0,PE,220.55,223.45,225.0,220.0,225.0,220.0,0.002497,0.002012,ws,ws,book_ladder,book_ladder,False,False,-4.45,3.45,65,188.5,strategy_S9-150:NIFTY:2026-04-08T15:01:05:SHORT
2026-04-08,15:01:58,2026-04-08,15:02:09,NIFTY,BUY,23970.05,23969.8,NIFTY13APR2623950CE,23950.0,CE,232.4,230.3,235.0,230.0,235.0,230.0,0.002154,0.001735,ws,ws,book_ladder,book_ladder,False,False,-2.6,0.3,65,-136.5,strategy_S9-150:NIFTY:2026-04-08T15:01:58:LONG
2026-04-08,15:02:21,2026-04-08,15:03:26,NIFTY,BUY,23975.55,23994.1,NIFTY13APR2623950CE,23950.0,CE,234.8,239.55,235.0,235.0,235.0,235.0,0.002345,0.002502,ws,ws,book_ladder,book_ladder,False,False,-0.2,4.55,65,308.75,strategy_S9-150:NIFTY:2026-04-08T15:02:21:LONG
2026-04-08,15:05:15,2026-04-08,15:05:59,NIFTY,BUY,23994.95,24006.4,NIFTY13APR2623950CE,23950.0,CE,242.25,247.45,245.0,245.0,245.0,245.0,0.002066,0.00222,ws,ws,book_ladder,book_ladder,False,False,-2.75,2.45,65,338.0,strategy_S9-150:NIFTY:2026-04-08T15:05:15:LONG
2026-04-08,15:06:23,2026-04-08,15:06:37,NIFTY,BUY,24009.95,24008.95,NIFTY13APR2624000CE,24000.0,CE,222.5,222.3,225.0,220.0,225.0,220.0,0.001799,0.001124,ws,ws,book_ladder,book_ladder,False,False,-2.5,2.3,65,-13.0,strategy_S9-150:NIFTY:2026-04-08T15:06:23:LONG
2026-04-08,15:07:45,2026-04-08,15:08:30,NIFTY,SELL,24006.0,24002.6,NIFTY13APR2624050PE,24050.0,PE,227.95,230.6,230.0,230.0,230.0,230.0,0.002196,0.001733,ws,ws,book_ladder,book_ladder,False,False,-2.05,0.6,65,172.25,strategy_S9-150:NIFTY:2026-04-08T15:07:45:SHORT
2026-04-08,15:08:52,2026-04-08,15:09:05,NIFTY,SELL,23998.55,23999.35,NIFTY13APR2624000PE,24000.0,PE,205.8,206.9,210.0,205.0,210.0,205.0,0.001946,0.002173,ws,ws,book_ladder,book_ladder,False,False,-4.2,1.9,65,71.5,strategy_S9-150:NIFTY:2026-04-08T15:08:52:SHORT
2026-04-08,15:10:57,2026-04-08,15:11:16,NIFTY,BUY,24005.0,24005.1,NIFTY13APR2624000CE,24000.0,CE,221.75,220.65,225.0,220.0,225.0,220.0,0.001805,0.002263,ws,ws,book_ladder,book_ladder,False,False,-3.25,0.65,65,-71.5,strategy_S9-150:NIFTY:2026-04-08T15:10:57:LONG
2026-04-08,15:11:35,2026-04-08,15:11:48,NIFTY,SELL,23999.45,24000.05,NIFTY13APR2624000PE,24000.0,PE,208.75,207.65,210.0,205.0,210.0,205.0,0.002398,0.001684,ws,ws,book_ladder,book_ladder,False,False,-1.25,2.65,65,-71.5,strategy_S9-150:NIFTY:2026-04-08T15:11:35:SHORT
2026-04-08,15:12:25,2026-04-08,15:12:31,NIFTY,SELL,23995.8,23999.85,NIFTY13APR2624000PE,24000.0,PE,208.8,208.3,210.0,205.0,210.0,205.0,0.002157,0.001679,ws,ws,book_ladder,book_ladder,False,False,-1.2,3.3,65,-32.5,strategy_S9-150:NIFTY:2026-04-08T15:12:25:SHORT
2026-04-08,15:12:46,2026-04-08,15:13:34,NIFTY,BUY,24002.75,24003.75,NIFTY13APR2624000CE,24000.0,CE,219.8,220.0,220.0,220.0,220.0,220.0,0.001821,0.00159,ws,ws,book_ladder,book_ladder,False,False,-0.2,0.0,65,13.0,strategy_S9-150:NIFTY:2026-04-08T15:12:46:LONG
2026-04-08,15:13:52,2026-04-08,15:14:15,NIFTY,SELL,23997.95,23995.75,NIFTY13APR2624000PE,24000.0,PE,208.7,211.6,210.0,210.0,210.0,210.0,0.00024,0.001653,ws,ws,book_ladder,book_ladder,False,False,-1.3,1.6,65,188.5,strategy_S9-150:NIFTY:2026-04-08T15:13:52:SHORT
2026-04-08,15:14:37,2026-04-08,15:14:54,NIFTY,SELL,23991.05,23991.8,NIFTY13APR2624000PE,24000.0,PE,214.5,211.2,215.0,210.0,215.0,210.0,0.002334,0.001183,ws,ws,book_ladder,book_ladder,False,False,-0.5,1.2,65,-214.5,strategy_S9-150:NIFTY:2026-04-08T15:14:37:SHORT
2026-04-08,15:15:00,2026-04-08,15:15:07,NIFTY,BUY,23998.1,23991.8,NIFTY13APR2623950CE,23950.0,CE,243.9,240.75,245.0,240.0,245.0,240.0,0.002052,0.001867,ws,ws,book_ladder,book_ladder,False,False,-1.1,0.75,65,-204.75,strategy_S9-150:NIFTY:2026-04-08T15:15:00:LONG
2026-04-08,15:16:30,2026-04-08,15:16:38,NIFTY,BUY,23991.5,23989.25,NIFTY13APR2623950CE,23950.0,CE,243.15,242.1,245.0,240.0,245.0,240.0,0.001852,0.002269,ws,ws,book_ladder,book_ladder,False,False,-1.85,2.1,65,-68.25,strategy_S9-150:NIFTY:2026-04-08T15:16:30:LONG
2026-04-08,15:17:01,2026-04-08,15:17:27,NIFTY,BUY,23992.2,23992.4,NIFTY13APR2623950CE,23950.0,CE,242.9,243.1,245.0,240.0,245.0,240.0,0.002267,0.002465,ws,ws,book_ladder,book_ladder,False,False,-2.1,3.1,65,13.0,strategy_S9-150:NIFTY:2026-04-08T15:17:01:LONG
2026-04-08,15:17:30,2026-04-08,15:17:55,NIFTY,BUY,23994.6,23993.3,NIFTY13APR2623950CE,23950.0,CE,243.45,243.15,245.0,240.0,245.0,240.0,0.002262,0.001644,ws,ws,book_ladder,book_ladder,False,False,-1.55,3.15,65,-19.5,strategy_S9-150:NIFTY:2026-04-08T15:17:30:LONG
2026-04-08,15:18:15,2026-04-08,15:18:35,NIFTY,BUY,23995.0,23993.15,NIFTY13APR2623950CE,23950.0,CE,244.2,244.0,245.0,240.0,245.0,240.0,0.000819,0.00266,ws,ws,book_ladder,book_ladder,False,False,-0.8,4.0,65,-13.0,strategy_S9-150:NIFTY:2026-04-08T15:18:15:LONG
2026-04-08,15:20:56,2026-04-08,15:21:13,NIFTY,BUY,24000.35,23996.7,NIFTY13APR2624000CE,24000.0,CE,218.95,216.6,220.0,215.0,220.0,215.0,0.002057,0.002536,ws,ws,book_ladder,book_ladder,False,False,-1.05,1.6,65,-152.75,strategy_S9-150:NIFTY:2026-04-08T15:20:56:LONG
2026-04-08,15:22:31,2026-04-08,15:23:25,NIFTY,BUY,23998.9,24000.3,NIFTY13APR2623950CE,23950.0,CE,243.0,244.2,245.0,240.0,245.0,240.0,0.001235,0.000819,ws,ws,book_ladder,book_ladder,False,False,-2.0,4.2,65,78.0,strategy_S9-150:NIFTY:2026-04-08T15:22:31:LONG
2026-04-08,15:24:30,2026-04-08,15:24:35,NIFTY,BUY,24003.2,24001.05,NIFTY13APR2624000CE,24000.0,CE,216.0,215.85,220.0,215.0,220.0,215.0,0.001854,0.001158,ws,ws,book_ladder,book_ladder,False,False,-4.0,0.85,65,-9.75,strategy_S9-150:NIFTY:2026-04-08T15:24:30:LONG
2026-04-08,15:24:47,2026-04-08,15:25:05,NIFTY,BUY,24004.55,24003.1,NIFTY13APR2624000CE,24000.0,CE,216.3,216.35,220.0,215.0,220.0,215.0,0.002314,0.000693,ws,ws,book_ladder,book_ladder,False,False,-3.7,1.35,65,3.25,strategy_S9-150:NIFTY:2026-04-08T15:24:47:LONG
2026-04-10,09:18:49,2026-04-10,09:19:00,NIFTY,SELL,23945.75,23945.3,NIFTY13APR2623950PE,23950.0,PE,166.8,166.15,170.0,165.0,170.0,165.0,0.002701,0.001504,ws,ws,book_ladder,book_ladder,False,False,-3.2,1.15,65,-42.25,strategy_S9-150:NIFTY:2026-04-10T09:18:49:SHORT
2026-04-10,09:19:28,2026-04-10,09:19:46,NIFTY,BUY,23963.35,23962.8,NIFTY13APR2623950CE,23950.0,CE,162.05,160.4,165.0,160.0,165.0,160.0,0.002162,0.00218,ws,ws,book_ladder,book_ladder,False,False,-2.95,0.4,65,-107.25,strategy_S9-150:NIFTY:2026-04-10T09:19:28:LONG
2026-04-10,09:20:15,2026-04-10,09:20:21,NIFTY,BUY,23976.85,23970.6,NIFTY13APR2623950CE,23950.0,CE,168.2,163.25,170.0,160.0,170.0,160.0,0.002381,0.002447,ws,ws,book_ladder,book_ladder,False,False,-1.8,3.25,65,-321.75,strategy_S9-150:NIFTY:2026-04-10T09:20:15:LONG
2026-04-10,09:20:37,2026-04-10,09:20:55,NIFTY,SELL,23959.5,23959.7,NIFTY13APR2624000PE,24000.0,PE,184.0,182.0,185.0,180.0,185.0,180.0,0.001088,0.002195,ws,ws,book_ladder,book_ladder,False,False,-1.0,2.0,65,-130.0,strategy_S9-150:NIFTY:2026-04-10T09:20:37:SHORT
2026-04-10,09:21:25,2026-04-10,09:21:40,NIFTY,SELL,23958.2,23958.2,NIFTY13APR2624000PE,24000.0,PE,182.95,182.0,185.0,180.0,185.0,180.0,0.002737,0.002743,ws,ws,book_ladder,book_ladder,False,False,-2.05,2.0,65,-61.75,strategy_S9-150:NIFTY:2026-04-10T09:21:25:SHORT
2026-04-10,09:21:56,2026-04-10,09:22:13,NIFTY,SELL,23953.75,23953.45,NIFTY13APR2624000PE,24000.0,PE,184.3,181.65,185.0,180.0,185.0,180.0,0.002445,0.001925,ws,ws,book_ladder,book_ladder,False,False,-0.7,1.65,65,-172.25,strategy_S9-150:NIFTY:2026-04-10T09:21:56:SHORT
2026-04-10,09:22:30,2026-04-10,09:23:00,NIFTY,SELL,23950.35,23951.8,NIFTY13APR2624000PE,24000.0,PE,183.55,183.6,185.0,180.0,185.0,180.0,0.001363,0.002176,ws,ws,book_ladder,book_ladder,False,False,-1.45,3.6,65,3.25,strategy_S9-150:NIFTY:2026-04-10T09:22:30:SHORT
2026-04-10,09:23:16,2026-04-10,09:23:45,NIFTY,SELL,23942.8,23943.25,NIFTY13APR2623950PE,23950.0,PE,161.9,161.9,165.0,160.0,165.0,160.0,0.002164,0.002468,ws,ws,book_ladder,book_ladder,False,False,-3.1,1.9,65,0.0,strategy_S9-150:NIFTY:2026-04-10T09:23:16:SHORT
2026-04-10,09:24:08,2026-04-10,09:25:00,NIFTY,SELL,23937.7,23922.8,NIFTY13APR2623950PE,23950.0,PE,163.05,169.85,165.0,165.0,165.0,165.0,0.002456,0.000883,ws,ws,book_ladder,book_ladder,False,False,-1.95,4.85,65,442.0,strategy_S9-150:NIFTY:2026-04-10T09:24:08:SHORT
2026-04-10,09:25:24,2026-04-10,09:25:56,NIFTY,BUY,23931.45,23939.7,NIFTY13APR2623900CE,23900.0,CE,181.7,183.7,185.0,180.0,185.0,180.0,0.001652,0.001903,ws,ws,book_ladder,book_ladder,False,False,-3.3,3.7,65,130.0,strategy_S9-150:NIFTY:2026-04-10T09:25:24:LONG
2026-04-10,09:26:17,2026-04-10,09:26:41,NIFTY,SELL,23921.4,23919.6,NIFTY13APR2623950PE,23950.0,PE,171.45,173.7,175.0,170.0,175.0,170.0,0.002628,0.002874,ws,ws,book_ladder,book_ladder,False,False,-3.55,3.7,65,146.25,strategy_S9-150:NIFTY:2026-04-10T09:26:17:SHORT
2026-04-10,09:27:01,2026-04-10,09:27:12,NIFTY,SELL,23911.25,23915.0,NIFTY13APR2623950PE,23950.0,PE,178.15,175.3,180.0,175.0,180.0,175.0,0.002811,0.00171,ws,ws,book_ladder,book_ladder,False,False,-1.85,0.3,65,-185.25,strategy_S9-150:NIFTY:2026-04-10T09:27:01:SHORT
2026-04-10,09:28:29,2026-04-10,09:29:02,NIFTY,BUY,23916.05,23925.5,NIFTY13APR2623900CE,23900.0,CE,178.45,179.55,180.0,175.0,180.0,175.0,0.001683,0.002503,ws,ws,book_ladder,book_ladder,False,False,-1.55,4.55,65,71.5,strategy_S9-150:NIFTY:2026-04-10T09:28:29:LONG
2026-04-10,09:29:30,2026-04-10,09:29:43,NIFTY,BUY,23932.1,23930.55,NIFTY13APR2623900CE,23900.0,CE,182.1,181.0,185.0,180.0,185.0,180.0,0.002199,0.002483,ws,ws,book_ladder,book_ladder,False,False,-2.9,1.0,65,-71.5,strategy_S9-150:NIFTY:2026-04-10T09:29:30:LONG
2026-04-10,09:29:49,2026-04-10,09:30:13,NIFTY,BUY,23934.35,23937.75,NIFTY13APR2623900CE,23900.0,CE,181.15,182.5,185.0,180.0,185.0,180.0,0.002487,0.002463,ws,ws,book_ladder,book_ladder,False,False,-3.85,2.5,65,87.75,strategy_S9-150:NIFTY:2026-04-10T09:29:49:LONG
2026-04-10,09:30:49,2026-04-10,09:30:53,NIFTY,BUY,23945.7,23942.45,NIFTY13APR2623900CE,23900.0,CE,187.6,185.4,190.0,185.0,190.0,185.0,0.002402,0.002693,ws,ws,book_ladder,book_ladder,False,False,-2.4,0.4,65,-143.0,strategy_S9-150:NIFTY:2026-04-10T09:30:49:LONG
2026-04-10,09:31:00,2026-04-10,09:31:20,NIFTY,BUY,23949.65,23946.65,NIFTY13APR2623900CE,23900.0,CE,187.4,184.5,190.0,180.0,190.0,180.0,0.002404,0.002436,ws,ws,book_ladder,book_ladder,False,False,-2.6,4.5,65,-188.5,strategy_S9-150:NIFTY:2026-04-10T09:31:00:LONG
2026-04-10,09:32:02,2026-04-10,09:32:11,NIFTY,SELL,23934.6,23935.8,NIFTY13APR2623950PE,23950.0,PE,170.9,169.3,175.0,165.0,175.0,165.0,0.002637,0.00236,ws,ws,book_ladder,book_ladder,False,False,-4.1,4.3,65,-104.0,strategy_S9-150:NIFTY:2026-04-10T09:32:02:SHORT
2026-04-10,09:32:46,2026-04-10,09:33:07,NIFTY,BUY,23943.35,23945.4,NIFTY13APR2623900CE,23900.0,CE,184.5,186.4,185.0,185.0,185.0,185.0,0.001356,0.002679,ws,ws,book_ladder,book_ladder,False,False,-0.5,1.4,65,123.5,strategy_S9-150:NIFTY:2026-04-10T09:32:46:LONG
2026-04-10,09:33:23,2026-04-10,09:33:44,NIFTY,BUY,23952.7,23953.55,NIFTY13APR2623950CE,23950.0,CE,163.9,163.45,165.0,160.0,165.0,160.0,0.002443,0.002139,ws,ws,book_ladder,book_ladder,False,False,-1.1,3.45,65,-29.25,strategy_S9-150:NIFTY:2026-04-10T09:33:23:LONG
2026-04-10,09:34:15,2026-04-10,09:34:20,NIFTY,BUY,23955.5,23953.9,NIFTY13APR2623950CE,23950.0,CE,164.1,163.45,165.0,160.0,165.0,160.0,0.002135,0.001528,ws,ws,book_ladder,book_ladder,False,False,-0.9,3.45,65,-42.25,strategy_S9-150:NIFTY:2026-04-10T09:34:15:LONG
2026-04-10,09:34:46,2026-04-10,09:35:16,NIFTY,SELL,23948.8,23941.45,NIFTY13APR2623950PE,23950.0,PE,160.95,163.55,165.0,160.0,165.0,160.0,0.001866,0.001222,ws,ws,book_ladder,book_ladder,False,False,-4.05,3.55,65,169.0,strategy_S9-150:NIFTY:2026-04-10T09:34:46:SHORT
2026-04-10,09:35:41,2026-04-10,09:36:00,NIFTY,SELL,23929.7,23927.9,NIFTY13APR2623950PE,23950.0,PE,168.6,170.8,170.0,170.0,170.0,170.0,0.002673,0.002631,ws,ws,book_ladder,book_ladder,False,False,-1.4,0.8,65,143.0,strategy_S9-150:NIFTY:2026-04-10T09:35:41:SHORT
2026-04-10,09:36:36,2026-04-10,09:36:48,NIFTY,SELL,23923.5,23924.4,NIFTY13APR2623950PE,23950.0,PE,172.9,170.2,175.0,170.0,175.0,170.0,0.002316,0.00264,ws,ws,book_ladder,book_ladder,False,False,-2.1,0.2,65,-175.5,strategy_S9-150:NIFTY:2026-04-10T09:36:36:SHORT
2026-04-10,09:37:30,2026-04-10,09:38:15,NIFTY,BUY,23931.35,23936.65,NIFTY13APR2623900CE,23900.0,CE,179.25,181.6,180.0,180.0,180.0,180.0,0.002234,0.002475,ws,ws,book_ladder,book_ladder,False,False,-0.75,1.6,65,152.75,strategy_S9-150:NIFTY:2026-04-10T09:37:30:LONG
2026-04-10,09:38:30,2026-04-10,09:38:35,NIFTY,BUY,23940.5,23937.65,NIFTY13APR2623900CE,23900.0,CE,183.6,181.6,185.0,180.0,185.0,180.0,0.00109,0.0022,ws,ws,book_ladder,book_ladder,False,False,-1.4,1.6,65,-130.0,strategy_S9-150:NIFTY:2026-04-10T09:38:30:LONG
2026-04-10,09:39:30,2026-04-10,09:39:58,NIFTY,BUY,23937.35,23937.2,NIFTY13APR2623900CE,23900.0,CE,183.15,183.05,185.0,180.0,185.0,180.0,0.00246,0.002728,ws,ws,book_ladder,book_ladder,False,False,-1.85,3.05,65,-6.5,strategy_S9-150:NIFTY:2026-04-10T09:39:30:LONG
2026-04-10,09:40:15,2026-04-10,09:40:42,NIFTY,BUY,23941.25,23941.7,NIFTY13APR2623900CE,23900.0,CE,183.75,183.9,185.0,180.0,185.0,180.0,0.002179,0.001901,ws,ws,book_ladder,book_ladder,False,False,-1.25,3.9,65,9.75,strategy_S9-150:NIFTY:2026-04-10T09:40:15:LONG
2026-04-10,09:41:31,2026-04-10,09:41:36,NIFTY,SELL,23937.4,23939.6,NIFTY13APR2623950PE,23950.0,PE,165.4,165.6,170.0,165.0,170.0,165.0,0.002421,0.002111,ws,ws,book_ladder,book_ladder,False,False,-4.6,0.6,65,13.0,strategy_S9-150:NIFTY:2026-04-10T09:41:31:SHORT
2026-04-10,09:42:30,2026-04-10,09:42:52,NIFTY,BUY,23947.1,23943.8,NIFTY13APR2623900CE,23900.0,CE,184.7,184.6,185.0,180.0,185.0,180.0,0.002439,0.001083,ws,ws,book_ladder,book_ladder,False,False,-0.3,4.6,65,-6.5,strategy_S9-150:NIFTY:2026-04-10T09:42:30:LONG
2026-04-10,09:43:00,2026-04-10,09:43:22,NIFTY,BUY,23951.35,23954.9,NIFTY13APR2623950CE,23950.0,CE,159.2,161.6,160.0,160.0,160.0,160.0,0.002201,0.002472,ws,ws,book_ladder,book_ladder,False,False,-0.8,1.6,65,156.0,strategy_S9-150:NIFTY:2026-04-10T09:43:00:LONG
2026-04-10,09:43:45,2026-04-10,09:43:52,NIFTY,BUY,23957.5,23954.7,NIFTY13APR2623950CE,23950.0,CE,163.65,162.45,165.0,160.0,165.0,160.0,0.002447,0.001538,ws,ws,book_ladder,book_ladder,False,False,-1.35,2.45,65,-78.0,strategy_S9-150:NIFTY:2026-04-10T09:43:45:LONG
2026-04-10,09:44:47,2026-04-10,09:45:00,NIFTY,SELL,23946.2,23949.3,NIFTY13APR2623950PE,23950.0,PE,161.25,158.9,165.0,155.0,165.0,155.0,0.002173,0.0022,ws,ws,book_ladder,book_ladder,False,False,-3.75,3.9,65,-152.75,strategy_S9-150:NIFTY:2026-04-10T09:44:47:SHORT
2026-04-10,09:45:20,2026-04-10,09:45:30,NIFTY,SELL,23946.1,23946.8,NIFTY13APR2623950PE,23950.0,PE,159.3,159.55,160.0,155.0,160.0,155.0,0.002514,0.002191,ws,ws,book_ladder,book_ladder,False,False,-0.7,4.55,65,16.25,strategy_S9-150:NIFTY:2026-04-10T09:45:20:SHORT
2026-04-10,09:46:00,2026-04-10,09:47:11,NIFTY,BUY,23953.4,23967.1,NIFTY13APR2623950CE,23950.0,CE,160.85,165.5,165.0,165.0,165.0,165.0,0.000933,0.002715,ws,ws,book_ladder,book_ladder,False,False,-4.15,0.5,65,302.25,strategy_S9-150:NIFTY:2026-04-10T09:46:00:LONG
2026-04-10,09:47:21,2026-04-10,09:48:09,NIFTY,BUY,23974.9,23980.9,NIFTY13APR2623950CE,23950.0,CE,170.6,172.0,175.0,170.0,175.0,170.0,0.002347,0.002323,ws,ws,book_ladder,book_ladder,False,False,-4.4,2.0,65,91.0,strategy_S9-150:NIFTY:2026-04-10T09:47:21:LONG
2026-04-10,09:48:23,2026-04-10,09:48:42,NIFTY,BUY,23985.2,23987.75,NIFTY13APR2623950CE,23950.0,CE,176.8,175.7,180.0,175.0,180.0,175.0,0.002265,0.002842,ws,ws,book_ladder,book_ladder,False,False,-3.2,0.7,65,-71.5,strategy_S9-150:NIFTY:2026-04-10T09:48:23:LONG
2026-04-10,09:49:04,2026-04-10,09:49:30,NIFTY,SELL,23975.75,23971.35,NIFTY13APR2624000PE,24000.0,PE,170.0,170.0,170.0,170.0,170.0,170.0,0.001766,0.002057,ws,ws,book_ladder,book_ladder,False,False,0.0,0.0,65,0.0,strategy_S9-150:NIFTY:2026-04-10T09:49:04:SHORT
2026-04-10,09:49:46,2026-04-10,09:49:50,NIFTY,BUY,23975.25,23972.25,NIFTY13APR2623950CE,23950.0,CE,169.85,169.5,170.0,165.0,170.0,165.0,0.002063,0.001179,ws,ws,book_ladder,book_ladder,False,False,-0.15,4.5,65,-22.75,strategy_S9-150:NIFTY:2026-04-10T09:49:46:LONG
2026-04-10,09:50:03,2026-04-10,09:50:42,NIFTY,BUY,23977.7,23980.75,NIFTY13APR2623950CE,23950.0,CE,171.7,173.3,175.0,170.0,175.0,170.0,0.001749,0.002305,ws,ws,book_ladder,book_ladder,False,False,-3.3,3.3,65,104.0,strategy_S9-150:NIFTY:2026-04-10T09:50:03:LONG
2026-04-10,09:51:28,2026-04-10,09:51:45,NIFTY,SELL,23975.0,23976.25,NIFTY13APR2624000PE,24000.0,PE,168.2,167.0,170.0,165.0,170.0,165.0,0.002381,0.001496,ws,ws,book_ladder,book_ladder,False,False,-1.8,2.0,65,-78.0,strategy_S9-150:NIFTY:2026-04-10T09:51:28:SHORT
2026-04-10,09:53:00,2026-04-10,09:53:17,NIFTY,BUY,23980.2,23978.25,NIFTY13APR2623950CE,23950.0,CE,171.5,170.7,175.0,170.0,175.0,170.0,0.002335,0.002341,ws,ws,book_ladder,book_ladder,False,False,-3.5,0.7,65,-52.0,strategy_S9-150:NIFTY:2026-04-10T09:53:00:LONG
2026-04-10,09:53:30,2026-04-10,09:53:42,NIFTY,BUY,23980.45,23978.8,NIFTY13APR2623950CE,23950.0,CE,172.0,172.65,175.0,170.0,175.0,170.0,0.002328,0.002025,ws,ws,book_ladder,book_ladder,False,False,-3.0,2.65,65,42.25,strategy_S9-150:NIFTY:2026-04-10T09:53:30:LONG
2026-04-10,09:53:55,2026-04-10,09:54:21,NIFTY,BUY,23982.0,23986.0,NIFTY13APR2623950CE,23950.0,CE,173.35,175.8,175.0,175.0,175.0,175.0,0.002021,0.002273,ws,ws,book_ladder,book_ladder,False,False,-1.65,0.8,65,159.25,strategy_S9-150:NIFTY:2026-04-10T09:53:55:LONG
2026-04-10,09:54:51,2026-04-10,09:55:24,NIFTY,BUY,23987.2,23989.35,NIFTY13APR2623950CE,23950.0,CE,177.0,176.45,180.0,175.0,180.0,175.0,0.001979,0.00283,ws,ws,book_ladder,book_ladder,False,False,-3.0,1.45,65,-35.75,strategy_S9-150:NIFTY:2026-04-10T09:54:51:LONG
2026-04-10,09:55:55,2026-04-10,09:56:00,NIFTY,SELL,23982.0,23983.75,NIFTY13APR2624000PE,24000.0,PE,164.75,164.5,165.0,160.0,165.0,160.0,0.002127,0.002429,ws,ws,book_ladder,book_ladder,False,False,-0.25,4.5,65,-16.25,strategy_S9-150:NIFTY:2026-04-10T09:55:55:SHORT
2026-04-10,09:57:00,2026-04-10,09:57:22,NIFTY,BUY,23986.45,23986.35,NIFTY13APR2623950CE,23950.0,CE,176.0,176.0,180.0,175.0,180.0,175.0,0.001991,0.000852,ws,ws,book_ladder,book_ladder,False,False,-4.0,1.0,65,0.0,strategy_S9-150:NIFTY:2026-04-10T09:57:00:LONG
2026-04-10,09:58:12,2026-04-10,09:58:23,NIFTY,BUY,23994.55,23992.85,NIFTY13APR2623950CE,23950.0,CE,179.7,178.45,180.0,175.0,180.0,175.0,0.002228,0.00028,ws,ws,book_ladder,book_ladder,False,False,-0.3,3.45,65,-81.25,strategy_S9-150:NIFTY:2026-04-10T09:58:12:LONG
2026-04-10,09:58:30,2026-04-10,09:58:45,NIFTY,BUY,23997.0,23994.2,NIFTY13APR2623950CE,23950.0,CE,179.5,177.95,180.0,175.0,180.0,175.0,0.001115,0.001965,ws,ws,book_ladder,book_ladder,False,False,-0.5,2.95,65,-100.75,strategy_S9-150:NIFTY:2026-04-10T09:58:30:LONG
2026-04-10,09:59:40,2026-04-10,09:59:45,NIFTY,SELL,23990.25,23992.45,NIFTY13APR2624000PE,24000.0,PE,161.8,160.85,165.0,160.0,165.0,160.0,0.002475,0.002174,ws,ws,book_ladder,book_ladder,False,False,-3.2,0.85,65,-61.75,strategy_S9-150:NIFTY:2026-04-10T09:59:40:SHORT
2026-04-10,10:00:25,2026-04-10,10:00:34,NIFTY,BUY,23996.05,23994.15,NIFTY13APR2623950CE,23950.0,CE,178.85,178.55,180.0,175.0,180.0,175.0,0.001399,0.002238,ws,ws,book_ladder,book_ladder,False,False,-1.15,3.55,65,-19.5,strategy_S9-150:NIFTY:2026-04-10T10:00:25:LONG
2026-04-10,10:01:52,2026-04-10,10:02:07,NIFTY,BUY,23999.85,23999.5,NIFTY13APR2623950CE,23950.0,CE,182.55,180.5,185.0,180.0,185.0,180.0,0.002194,0.00249,ws,ws,book_ladder,book_ladder,False,False,-2.45,0.5,65,-133.25,strategy_S9-150:NIFTY:2026-04-10T10:01:52:LONG
2026-04-10,10:02:43,2026-04-10,10:03:00,NIFTY,SELL,23987.5,23988.25,NIFTY13APR2624000PE,24000.0,PE,164.4,163.5,165.0,160.0,165.0,160.0,0.002436,0.002443,ws,ws,book_ladder,book_ladder,False,False,-0.6,3.5,65,-58.5,strategy_S9-150:NIFTY:2026-04-10T10:02:43:SHORT
2026-04-10,10:04:00,2026-04-10,10:04:35,NIFTY,SELL,23982.45,23978.15,NIFTY13APR2624000PE,24000.0,PE,167.0,167.3,170.0,165.0,170.0,165.0,0.001198,0.002686,ws,ws,book_ladder,book_ladder,False,False,-3.0,2.3,65,19.5,strategy_S9-150:NIFTY:2026-04-10T10:04:00:SHORT
2026-04-10,10:04:48,2026-04-10,10:05:00,NIFTY,SELL,23972.0,23973.95,NIFTY13APR2624000PE,24000.0,PE,169.25,168.6,170.0,165.0,170.0,165.0,0.002662,0.00237,ws,ws,book_ladder,book_ladder,False,False,-0.75,3.6,65,-42.25,strategy_S9-150:NIFTY:2026-04-10T10:04:48:SHORT
2026-04-10,10:05:48,2026-04-10,10:05:55,NIFTY,SELL,23917.7,23923.15,NIFTY13APR2623950PE,23950.0,PE,159.55,160.0,160.0,160.0,160.0,160.0,0.00251,0.002185,ws,ws,book_ladder,book_ladder,False,False,-0.45,0.0,65,29.25,strategy_S9-150:NIFTY:2026-04-10T10:05:48:SHORT
2026-04-10,10:06:15,2026-04-10,10:06:28,NIFTY,BUY,23941.9,23942.35,NIFTY13APR2623900CE,23900.0,CE,183.85,182.05,185.0,180.0,185.0,180.0,0.002723,0.002469,ws,ws,book_ladder,book_ladder,False,False,-1.15,2.05,65,-117.0,strategy_S9-150:NIFTY:2026-04-10T10:06:15:LONG
2026-04-10,10:07:00,2026-04-10,10:07:17,NIFTY,SELL,23937.4,23938.65,NIFTY13APR2623950PE,23950.0,PE,158.8,157.0,160.0,155.0,160.0,155.0,0.002522,0.002227,ws,ws,book_ladder,book_ladder,False,False,-1.2,2.0,65,-117.0,strategy_S9-150:NIFTY:2026-04-10T10:07:00:SHORT
2026-04-10,10:08:30,2026-04-10,10:08:38,NIFTY,BUY,23946.45,23944.2,NIFTY13APR2623900CE,23900.0,CE,183.0,182.75,185.0,180.0,185.0,180.0,0.002188,0.002459,ws,ws,book_ladder,book_ladder,False,False,-2.0,2.75,65,-16.25,strategy_S9-150:NIFTY:2026-04-10T10:08:30:LONG
2026-04-10,10:08:45,2026-04-10,10:08:53,NIFTY,BUY,23946.85,23945.0,NIFTY13APR2623900CE,23900.0,CE,183.7,183.15,185.0,180.0,185.0,180.0,0.001907,0.002454,ws,ws,book_ladder,book_ladder,False,False,-1.3,3.15,65,-35.75,strategy_S9-150:NIFTY:2026-04-10T10:08:45:LONG
2026-04-10,10:09:06,2026-04-10,10:09:28,NIFTY,BUY,23947.75,23958.8,NIFTY13APR2623900CE,23900.0,CE,184.5,188.55,185.0,185.0,185.0,185.0,0.001356,0.002384,ws,ws,book_ladder,book_ladder,False,False,-0.5,3.55,65,263.25,strategy_S9-150:NIFTY:2026-04-10T10:09:06:LONG
2026-04-10,10:10:22,2026-04-10,10:10:52,NIFTY,BUY,23963.95,23972.8,NIFTY13APR2623950CE,23950.0,CE,162.4,165.05,165.0,165.0,165.0,165.0,0.002157,0.002421,ws,ws,book_ladder,book_ladder,False,False,-2.6,0.05,65,172.25,strategy_S9-150:NIFTY:2026-04-10T10:10:22:LONG
2026-04-10,10:11:15,2026-04-10,10:11:22,NIFTY,BUY,23977.15,23975.1,NIFTY13APR2623950CE,23950.0,CE,166.5,165.4,170.0,165.0,170.0,165.0,0.002104,0.002717,ws,ws,book_ladder,book_ladder,False,False,-3.5,0.4,65,-71.5,strategy_S9-150:NIFTY:2026-04-10T10:11:15:LONG
2026-04-10,10:12:14,2026-04-10,10:13:01,NIFTY,BUY,23979.75,23984.05,NIFTY13APR2623950CE,23950.0,CE,168.55,169.2,170.0,165.0,170.0,165.0,0.002673,0.002656,ws,ws,book_ladder,book_ladder,False,False,-1.45,4.2,65,42.25,strategy_S9-150:NIFTY:2026-04-10T10:12:14:LONG
2026-04-10,10:13:15,2026-04-10,10:13:49,NIFTY,BUY,23987.65,23992.7,NIFTY13APR2623950CE,23950.0,CE,173.6,175.1,175.0,175.0,175.0,175.0,0.002307,0.002851,ws,ws,book_ladder,book_ladder,False,False,-1.4,0.1,65,97.5,strategy_S9-150:NIFTY:2026-04-10T10:13:15:LONG
2026-04-10,10:15:00,2026-04-10,10:15:26,NIFTY,BUY,23998.75,24004.25,NIFTY13APR2623950CE,23950.0,CE,180.8,182.9,185.0,180.0,185.0,180.0,0.002215,0.002185,ws,ws,book_ladder,book_ladder,False,False,-4.2,2.9,65,136.5,strategy_S9-150:NIFTY:2026-04-10T10:15:00:LONG
2026-04-10,10:16:52,2026-04-10,10:17:02,NIFTY,BUY,24012.45,24011.35,NIFTY13APR2624000CE,24000.0,CE,161.0,159.15,165.0,155.0,165.0,155.0,0.002488,0.00251,ws,ws,book_ladder,book_ladder,False,False,-4.0,4.15,65,-120.25,strategy_S9-150:NIFTY:2026-04-10T10:16:52:LONG
2026-04-10,10:17:15,2026-04-10,10:17:22,NIFTY,BUY,24018.65,24014.2,NIFTY13APR2624000CE,24000.0,CE,162.15,157.85,165.0,155.0,165.0,155.0,0.002779,0.001583,ws,ws,book_ladder,book_ladder,False,False,-2.85,2.85,65,-279.5,strategy_S9-150:NIFTY:2026-04-10T10:17:15:LONG
2026-04-10,10:18:01,2026-04-10,10:18:19,NIFTY,BUY,24011.75,24012.1,NIFTY13APR2624000CE,24000.0,CE,160.0,158.6,160.0,155.0,160.0,155.0,0.002503,0.002519,ws,ws,book_ladder,book_ladder,False,False,0.0,3.6,65,-91.0,strategy_S9-150:NIFTY:2026-04-10T10:18:01:LONG
2026-04-10,10:19:00,2026-04-10,10:19:19,NIFTY,BUY,24014.05,24011.25,NIFTY13APR2624000CE,24000.0,CE,159.65,157.8,160.0,155.0,160.0,155.0,0.002509,0.002216,ws,ws,book_ladder,book_ladder,False,False,-0.35,2.8,65,-120.25,strategy_S9-150:NIFTY:2026-04-10T10:19:00:LONG
2026-04-10,10:19:30,2026-04-10,10:19:41,NIFTY,BUY,24015.6,24012.05,NIFTY13APR2624000CE,24000.0,CE,161.25,158.85,165.0,155.0,165.0,155.0,0.002173,0.002515,ws,ws,book_ladder,book_ladder,False,False,-3.75,3.85,65,-156.0,strategy_S9-150:NIFTY:2026-04-10T10:19:30:LONG
2026-04-10,10:20:00,2026-04-10,10:20:39,NIFTY,BUY,24016.95,24017.9,NIFTY13APR2624000CE,24000.0,CE,161.0,162.3,165.0,160.0,165.0,160.0,0.001554,0.002769,ws,ws,book_ladder,book_ladder,False,False,-4.0,2.3,65,84.5,strategy_S9-150:NIFTY:2026-04-10T10:20:00:LONG
2026-04-10,10:21:20,2026-04-10,10:21:38,NIFTY,BUY,24021.25,24020.5,NIFTY13APR2624000CE,24000.0,CE,162.85,162.45,165.0,160.0,165.0,160.0,0.001536,0.002459,ws,ws,book_ladder,book_ladder,False,False,-2.15,2.45,65,-26.0,strategy_S9-150:NIFTY:2026-04-10T10:21:20:LONG
2026-04-10,10:22:58,2026-04-10,10:23:00,NIFTY,SELL,24015.65,24019.25,NIFTY13APR2624050PE,24050.0,PE,168.55,167.65,170.0,165.0,170.0,165.0,0.002079,0.002383,ws,ws,book_ladder,book_ladder,False,False,-1.45,2.65,65,-58.5,strategy_S9-150:NIFTY:2026-04-10T10:22:58:SHORT
2026-04-10,10:24:00,2026-04-10,10:24:05,NIFTY,BUY,24020.75,24017.7,NIFTY13APR2624000CE,24000.0,CE,164.4,163.4,165.0,160.0,165.0,160.0,0.002131,0.00275,ws,ws,book_ladder,book_ladder,False,False,-0.6,3.4,65,-65.0,strategy_S9-150:NIFTY:2026-04-10T10:24:00:LONG
2026-04-10,10:24:30,2026-04-10,10:24:36,NIFTY,BUY,24021.1,24017.55,NIFTY13APR2624000CE,24000.0,CE,163.85,162.85,165.0,160.0,165.0,160.0,0.002444,0.002147,ws,ws,book_ladder,book_ladder,False,False,-1.15,2.85,65,-65.0,strategy_S9-150:NIFTY:2026-04-10T10:24:30:LONG
2026-04-10,10:24:59,2026-04-10,10:25:55,NIFTY,BUY,24022.55,24031.3,NIFTY13APR2624000CE,24000.0,CE,164.85,168.0,165.0,165.0,165.0,165.0,0.001214,0.002081,ws,ws,book_ladder,book_ladder,False,False,-0.15,3.0,65,204.75,strategy_S9-150:NIFTY:2026-04-10T10:24:59:LONG
2026-04-10,10:26:20,2026-04-10,10:26:27,NIFTY,BUY,24035.0,24033.2,NIFTY13APR2624000CE,24000.0,CE,169.8,170.0,170.0,170.0,170.0,170.0,0.002358,0.00235,ws,ws,book_ladder,book_ladder,False,False,-0.2,0.0,65,13.0,strategy_S9-150:NIFTY:2026-04-10T10:26:20:LONG
2026-04-10,10:26:59,2026-04-10,10:27:15,NIFTY,SELL,24023.95,24023.8,NIFTY13APR2624050PE,24050.0,PE,163.8,165.3,165.0,165.0,165.0,165.0,0.001833,0.002719,ws,ws,book_ladder,book_ladder,False,False,-1.2,0.3,65,97.5,strategy_S9-150:NIFTY:2026-04-10T10:26:59:SHORT
2026-04-10,10:27:55,2026-04-10,10:28:43,NIFTY,SELL,24013.95,24009.55,NIFTY13APR2624050PE,24050.0,PE,169.0,171.1,170.0,170.0,170.0,170.0,0.002073,0.002335,ws,ws,book_ladder,book_ladder,False,False,-1.0,1.1,65,136.5,strategy_S9-150:NIFTY:2026-04-10T10:27:55:SHORT
2026-04-10,10:28:57,2026-04-10,10:29:00,NIFTY,SELL,24004.6,24007.1,NIFTY13APR2624050PE,24050.0,PE,172.95,172.4,175.0,170.0,175.0,170.0,0.001447,0.002607,ws,ws,book_ladder,book_ladder,False,False,-2.05,2.4,65,-35.75,strategy_S9-150:NIFTY:2026-04-10T10:28:57:SHORT
2026-04-10,10:29:56,2026-04-10,10:31:03,NIFTY,BUY,24008.45,24018.45,NIFTY13APR2624000CE,24000.0,CE,159.8,164.6,160.0,160.0,160.0,160.0,0.001879,0.002124,ws,ws,book_ladder,book_ladder,False,False,-0.2,4.6,65,312.0,strategy_S9-150:NIFTY:2026-04-10T10:29:56:LONG
2026-04-10,10:31:22,2026-04-10,10:31:35,NIFTY,BUY,24023.9,24019.4,NIFTY13APR2624000CE,24000.0,CE,166.4,164.6,170.0,160.0,170.0,160.0,0.002407,0.002124,ws,ws,book_ladder,book_ladder,False,False,-3.6,4.6,65,-117.0,strategy_S9-150:NIFTY:2026-04-10T10:31:22:LONG
2026-04-10,10:31:57,2026-04-10,10:32:00,NIFTY,SELL,24013.25,24016.45,NIFTY13APR2624050PE,24050.0,PE,168.6,168.7,170.0,165.0,170.0,165.0,0.002078,0.001777,ws,ws,book_ladder,book_ladder,False,False,-1.4,3.7,65,6.5,strategy_S9-150:NIFTY:2026-04-10T10:31:57:SHORT
2026-04-10,10:32:20,2026-04-10,10:32:37,NIFTY,SELL,24011.05,24008.25,NIFTY13APR2624050PE,24050.0,PE,168.85,169.35,170.0,165.0,170.0,165.0,0.002075,0.00118,ws,ws,book_ladder,book_ladder,False,False,-1.15,4.35,65,32.5,strategy_S9-150:NIFTY:2026-04-10T10:32:20:SHORT
2026-04-10,10:33:18,2026-04-10,10:33:40,NIFTY,SELL,24006.65,24002.75,NIFTY13APR2624050PE,24050.0,PE,172.0,173.55,175.0,170.0,175.0,170.0,0.000291,0.00259,ws,ws,book_ladder,book_ladder,False,False,-3.0,3.55,65,100.75,strategy_S9-150:NIFTY:2026-04-10T10:33:18:SHORT
2026-04-10,10:34:15,2026-04-10,10:35:26,NIFTY,BUY,24005.2,24023.55,NIFTY13APR2624000CE,24000.0,CE,158.85,164.05,160.0,160.0,160.0,160.0,0.00189,0.002435,ws,ws,book_ladder,book_ladder,False,False,-1.15,4.05,65,338.0,strategy_S9-150:NIFTY:2026-04-10T10:34:15:LONG
2026-04-10,10:35:48,2026-04-10,10:36:06,NIFTY,SELL,24018.95,24018.65,NIFTY13APR2624050PE,24050.0,PE,167.6,168.6,170.0,165.0,170.0,165.0,0.002389,0.001778,ws,ws,book_ladder,book_ladder,False,False,-2.4,3.6,65,65.0,strategy_S9-150:NIFTY:2026-04-10T10:35:48:SHORT
2026-04-10,10:36:30,2026-04-10,10:36:38,NIFTY,SELL,24014.7,24016.9,NIFTY13APR2624050PE,24050.0,PE,167.8,166.35,170.0,165.0,170.0,165.0,0.001193,0.000901,ws,ws,book_ladder,book_ladder,False,False,-2.2,1.35,65,-94.25,strategy_S9-150:NIFTY:2026-04-10T10:36:30:SHORT
2026-04-10,10:36:45,2026-04-10,10:36:57,NIFTY,BUY,24019.85,24018.95,NIFTY13APR2624000CE,24000.0,CE,164.3,163.0,165.0,160.0,165.0,160.0,0.000913,0.001226,ws,ws,book_ladder,book_ladder,False,False,-0.7,3.0,65,-84.5,strategy_S9-150:NIFTY:2026-04-10T10:36:45:LONG
2026-04-10,10:37:23,2026-04-10,10:37:30,NIFTY,SELL,24012.2,24011.9,NIFTY13APR2624050PE,24050.0,PE,169.45,171.7,170.0,170.0,170.0,170.0,0.002068,0.001746,ws,ws,book_ladder,book_ladder,False,False,-0.55,1.7,65,146.25,strategy_S9-150:NIFTY:2026-04-10T10:37:23:SHORT
2026-04-10,10:38:25,2026-04-10,10:38:30,NIFTY,SELL,24007.15,24009.0,NIFTY13APR2624050PE,24050.0,PE,170.9,171.45,175.0,170.0,175.0,170.0,0.002343,0.002621,ws,ws,book_ladder,book_ladder,False,False,-4.1,1.45,65,35.75,strategy_S9-150:NIFTY:2026-04-10T10:38:25:SHORT
2026-04-10,10:38:56,2026-04-10,10:39:00,NIFTY,SELL,24005.8,24008.35,NIFTY13APR2624050PE,24050.0,PE,172.25,171.55,175.0,170.0,175.0,170.0,0.002325,0.001456,ws,ws,book_ladder,book_ladder,False,False,-2.75,1.55,65,-45.5,strategy_S9-150:NIFTY:2026-04-10T10:38:56:SHORT
2026-04-10,10:40:30,2026-04-10,10:40:50,NIFTY,BUY,24011.75,24012.45,NIFTY13APR2624000CE,24000.0,CE,159.15,161.65,160.0,160.0,160.0,160.0,0.001572,0.002163,ws,ws,book_ladder,book_ladder,False,False,-0.85,1.65,65,162.5,strategy_S9-150:NIFTY:2026-04-10T10:40:30:LONG
2026-04-10,10:41:30,2026-04-10,10:41:48,NIFTY,SELL,24011.55,24010.15,NIFTY13APR2624050PE,24050.0,PE,170.95,171.9,175.0,170.0,175.0,170.0,0.002049,0.002614,ws,ws,book_ladder,book_ladder,False,False,-4.05,1.9,65,61.75,strategy_S9-150:NIFTY:2026-04-10T10:41:30:SHORT
2026-04-10,10:43:17,2026-04-10,10:43:35,NIFTY,BUY,24014.25,24013.55,NIFTY13APR2624000CE,24000.0,CE,160.6,159.55,165.0,155.0,165.0,155.0,0.001246,0.001879,ws,ws,book_ladder,book_ladder,False,False,-4.4,4.55,65,-68.25,strategy_S9-150:NIFTY:2026-04-10T10:43:17:LONG
2026-04-10,10:43:54,2026-04-10,10:44:00,NIFTY,SELL,24007.8,24010.2,NIFTY13APR2624050PE,24050.0,PE,171.85,172.15,175.0,170.0,175.0,170.0,0.002039,0.001451,ws,ws,book_ladder,book_ladder,False,False,-3.15,2.15,65,19.5,strategy_S9-150:NIFTY:2026-04-10T10:43:54:SHORT
2026-04-10,10:44:16,2026-04-10,10:44:30,NIFTY,SELL,24005.85,24007.5,NIFTY13APR2624050PE,24050.0,PE,172.95,172.3,175.0,170.0,175.0,170.0,0.001447,0.002029,ws,ws,book_ladder,book_ladder,False,False,-2.05,2.3,65,-42.25,strategy_S9-150:NIFTY:2026-04-10T10:44:16:SHORT
2026-04-10,10:45:00,2026-04-10,10:45:15,NIFTY,SELL,24003.65,24003.55,NIFTY13APR2624050PE,24050.0,PE,173.3,173.55,175.0,170.0,175.0,170.0,0.002311,0.002302,ws,ws,book_ladder,book_ladder,False,False,-1.7,3.55,65,16.25,strategy_S9-150:NIFTY:2026-04-10T10:45:00:SHORT
2026-04-10,10:45:31,2026-04-10,10:45:45,NIFTY,SELL,23998.6,23998.65,NIFTY13APR2624000PE,24000.0,PE,153.65,150.65,155.0,150.0,155.0,150.0,0.001954,0.001327,ws,ws,book_ladder,book_ladder,False,False,-1.35,0.65,65,-195.0,strategy_S9-150:NIFTY:2026-04-10T10:45:31:SHORT
2026-04-10,10:46:20,2026-04-10,10:46:35,NIFTY,BUY,24006.95,24004.5,NIFTY13APR2624000CE,24000.0,CE,155.75,155.0,160.0,155.0,160.0,155.0,0.000642,0.001934,ws,ws,book_ladder,book_ladder,False,False,-4.25,0.0,65,-48.75,strategy_S9-150:NIFTY:2026-04-10T10:46:20:LONG
2026-04-10,10:46:52,2026-04-10,10:47:00,NIFTY,SELL,23997.5,23996.9,NIFTY13APR2624000PE,24000.0,PE,151.4,152.35,155.0,150.0,155.0,150.0,0.001983,0.001967,ws,ws,book_ladder,book_ladder,False,False,-3.6,2.35,65,61.75,strategy_S9-150:NIFTY:2026-04-10T10:46:52:SHORT
2026-04-10,10:47:41,2026-04-10,10:48:16,NIFTY,BUY,24004.45,24004.45,NIFTY13APR2624000CE,24000.0,CE,156.0,154.8,160.0,150.0,160.0,150.0,0.002567,0.002581,ws,ws,book_ladder,book_ladder,False,False,-4.0,4.8,65,-78.0,strategy_S9-150:NIFTY:2026-04-10T10:47:41:LONG
2026-04-10,10:48:43,2026-04-10,10:49:00,NIFTY,SELL,23999.85,23996.6,NIFTY13APR2624000PE,24000.0,PE,151.0,152.4,155.0,150.0,155.0,150.0,0.002321,0.002294,ws,ws,book_ladder,book_ladder,False,False,-4.0,2.4,65,91.0,strategy_S9-150:NIFTY:2026-04-10T10:48:43:SHORT
2026-04-10,10:51:45,2026-04-10,10:51:54,NIFTY,BUY,23994.45,23993.05,NIFTY13APR2623950CE,23950.0,CE,177.6,177.0,180.0,175.0,180.0,175.0,0.002255,0.002257,ws,ws,book_ladder,book_ladder,False,False,-2.4,2.0,65,-39.0,strategy_S9-150:NIFTY:2026-04-10T10:51:45:LONG
2026-04-10,10:53:00,2026-04-10,10:53:14,NIFTY,BUY,23991.9,23989.45,NIFTY13APR2623950CE,23950.0,CE,175.95,176.0,180.0,175.0,180.0,175.0,0.000569,0.001987,ws,ws,book_ladder,book_ladder,False,False,-4.05,1.0,65,3.25,strategy_S9-150:NIFTY:2026-04-10T10:53:00:LONG
2026-04-10,10:55:17,2026-04-10,10:55:30,NIFTY,SELL,23985.05,23985.2,NIFTY13APR2624000PE,24000.0,PE,154.5,154.25,155.0,150.0,155.0,150.0,0.001944,0.002266,ws,ws,book_ladder,book_ladder,False,False,-0.5,4.25,65,-16.25,strategy_S9-150:NIFTY:2026-04-10T10:55:17:SHORT
2026-04-10,10:56:24,2026-04-10,10:56:30,NIFTY,SELL,23982.5,23983.5,NIFTY13APR2624000PE,24000.0,PE,157.65,156.65,160.0,155.0,160.0,155.0,0.00254,0.001913,ws,ws,book_ladder,book_ladder,False,False,-2.35,1.65,65,-65.0,strategy_S9-150:NIFTY:2026-04-10T10:56:24:SHORT
2026-04-10,10:57:00,2026-04-10,10:57:45,NIFTY,SELL,23979.75,23974.3,NIFTY13APR2624000PE,24000.0,PE,157.95,160.45,160.0,160.0,160.0,160.0,0.002536,0.002179,ws,ws,book_ladder,book_ladder,False,False,-2.05,0.45,65,162.5,strategy_S9-150:NIFTY:2026-04-10T10:57:00:SHORT
2026-04-10,10:58:18,2026-04-10,11:00:06,NIFTY,BUY,23975.85,23999.45,NIFTY13APR2623950CE,23950.0,CE,169.55,183.4,170.0,180.0,170.0,180.0,0.000885,0.002723,ws,ws,book_ladder,book_ladder,False,False,-0.45,3.4,65,900.25,strategy_S9-150:NIFTY:2026-04-10T10:58:18:LONG
2026-04-10,11:00:48,2026-04-10,11:00:57,NIFTY,SELL,23996.9,23999.2,NIFTY13APR2624000PE,24000.0,PE,151.75,149.1,155.0,145.0,155.0,145.0,0.001649,0.00067,ws,ws,book_ladder,book_ladder,False,False,-3.25,4.1,65,-172.25,strategy_S9-150:NIFTY:2026-04-10T11:00:48:SHORT
2026-04-10,11:01:15,2026-04-10,11:01:40,NIFTY,BUY,24006.25,24009.6,NIFTY13APR2624000CE,24000.0,CE,158.1,159.4,160.0,155.0,160.0,155.0,0.001266,0.001567,ws,ws,book_ladder,book_ladder,False,False,-1.9,4.4,65,84.5,strategy_S9-150:NIFTY:2026-04-10T11:01:15:LONG
2026-04-10,11:02:35,2026-04-10,11:03:16,NIFTY,SELL,24006.0,24000.85,NIFTY13APR2624050PE,24050.0,PE,172.3,176.5,175.0,175.0,175.0,175.0,0.002033,0.002264,ws,ws,book_ladder,book_ladder,False,False,-2.7,1.5,65,273.0,strategy_S9-150:NIFTY:2026-04-10T11:02:35:SHORT
2026-04-10,11:04:45,2026-04-10,11:04:52,NIFTY,BUY,24003.6,24001.8,NIFTY13APR2624000CE,24000.0,CE,156.35,156.15,160.0,155.0,160.0,155.0,0.002241,0.002239,ws,ws,book_ladder,book_ladder,False,False,-3.65,1.15,65,-13.0,strategy_S9-150:NIFTY:2026-04-10T11:04:45:LONG
2026-04-10,11:05:36,2026-04-10,11:05:56,NIFTY,SELL,23994.65,23997.35,NIFTY13APR2624000PE,24000.0,PE,153.0,152.1,155.0,150.0,155.0,150.0,0.000654,0.001314,ws,ws,book_ladder,book_ladder,False,False,-2.0,2.1,65,-58.5,strategy_S9-150:NIFTY:2026-04-10T11:05:36:SHORT
2026-04-10,11:08:00,2026-04-10,11:08:33,NIFTY,BUY,24000.4,24002.2,NIFTY13APR2624000CE,24000.0,CE,154.55,155.0,155.0,155.0,155.0,155.0,0.002592,0.002577,ws,ws,book_ladder,book_ladder,False,False,-0.45,0.0,65,29.25,strategy_S9-150:NIFTY:2026-04-10T11:08:00:LONG
2026-04-10,11:09:14,2026-04-10,11:09:36,NIFTY,BUY,24005.95,24007.05,NIFTY13APR2624000CE,24000.0,CE,157.45,158.05,160.0,155.0,160.0,155.0,0.002225,0.002528,ws,ws,book_ladder,book_ladder,False,False,-2.55,3.05,65,39.0,strategy_S9-150:NIFTY:2026-04-10T11:09:14:LONG
2026-04-10,11:09:45,2026-04-10,11:09:55,NIFTY,BUY,24010.75,24009.35,NIFTY13APR2624000CE,24000.0,CE,159.5,159.2,160.0,155.0,160.0,155.0,0.000941,0.002509,ws,ws,book_ladder,book_ladder,False,False,-0.5,4.2,65,-19.5,strategy_S9-150:NIFTY:2026-04-10T11:09:45:LONG
2026-04-10,11:10:53,2026-04-10,11:11:38,NIFTY,BUY,24011.45,24016.4,NIFTY13APR2624000CE,24000.0,CE,160.3,161.2,165.0,160.0,165.0,160.0,0.001873,0.00155,ws,ws,book_ladder,book_ladder,False,False,-4.7,1.2,65,58.5,strategy_S9-150:NIFTY:2026-04-10T11:10:53:LONG
2026-04-10,11:12:45,2026-04-10,11:12:51,NIFTY,BUY,24017.25,24015.35,NIFTY13APR2624000CE,24000.0,CE,161.45,161.0,165.0,160.0,165.0,160.0,0.002481,0.001862,ws,ws,book_ladder,book_ladder,False,False,-3.55,1.0,65,-29.25,strategy_S9-150:NIFTY:2026-04-10T11:12:45:LONG
2026-04-10,11:13:16,2026-04-10,11:13:28,NIFTY,BUY,24019.4,24018.7,NIFTY13APR2624000CE,24000.0,CE,162.25,160.7,165.0,160.0,165.0,160.0,0.002468,0.000933,ws,ws,book_ladder,book_ladder,False,False,-2.75,0.7,65,-100.75,strategy_S9-150:NIFTY:2026-04-10T11:13:16:LONG
2026-04-10,11:14:21,2026-04-10,11:14:29,NIFTY,SELL,24012.95,24014.35,NIFTY13APR2624050PE,24050.0,PE,168.55,167.7,170.0,165.0,170.0,165.0,0.001781,0.002382,ws,ws,book_ladder,book_ladder,False,False,-1.45,2.7,65,-55.25,strategy_S9-150:NIFTY:2026-04-10T11:14:21:SHORT
2026-04-10,11:14:50,2026-04-10,11:14:59,NIFTY,SELL,24010.7,24013.3,NIFTY13APR2624050PE,24050.0,PE,168.85,168.45,170.0,165.0,170.0,165.0,0.002372,0.002076,ws,ws,book_ladder,book_ladder,False,False,-1.15,3.45,65,-26.0,strategy_S9-150:NIFTY:2026-04-10T11:14:50:SHORT
2026-04-10,11:15:54,2026-04-10,11:16:30,NIFTY,SELL,24005.95,24002.65,NIFTY13APR2624050PE,24050.0,PE,169.9,170.2,170.0,170.0,170.0,170.0,0.000883,0.001468,ws,ws,book_ladder,book_ladder,False,False,-0.1,0.2,65,19.5,strategy_S9-150:NIFTY:2026-04-10T11:15:54:SHORT
2026-04-10,11:17:35,2026-04-10,11:18:15,NIFTY,SELL,23999.05,23988.85,NIFTY13APR2624000PE,24000.0,PE,147.65,153.0,150.0,150.0,150.0,150.0,0.002034,0.002611,ws,ws,book_ladder,book_ladder,False,False,-2.35,3.0,65,347.75,strategy_S9-150:NIFTY:2026-04-10T11:17:35:SHORT
2026-04-10,11:19:45,2026-04-10,11:20:12,NIFTY,BUY,23989.8,23993.9,NIFTY13APR2623950CE,23950.0,CE,175.95,178.05,180.0,175.0,180.0,175.0,0.001991,0.002524,ws,ws,book_ladder,book_ladder,False,False,-4.05,3.05,65,136.5,strategy_S9-150:NIFTY:2026-04-10T11:19:45:LONG
2026-04-10,11:20:15,2026-04-10,11:20:23,NIFTY,BUY,23996.5,23994.05,NIFTY13APR2623950CE,23950.0,CE,179.4,177.4,180.0,175.0,180.0,175.0,0.002512,0.002252,ws,ws,book_ladder,book_ladder,False,False,-0.6,2.4,65,-130.0,strategy_S9-150:NIFTY:2026-04-10T11:20:15:LONG
2026-04-10,11:20:56,2026-04-10,11:21:00,NIFTY,SELL,23991.4,23994.85,NIFTY13APR2624000PE,24000.0,PE,151.8,150.0,155.0,150.0,155.0,150.0,0.001978,0.000666,ws,ws,book_ladder,book_ladder,False,False,-3.2,0.0,65,-117.0,strategy_S9-150:NIFTY:2026-04-10T11:20:56:SHORT
2026-04-10,11:21:20,2026-04-10,11:21:32,NIFTY,SELL,23990.95,23991.95,NIFTY13APR2624000PE,24000.0,PE,152.0,153.2,155.0,150.0,155.0,150.0,0.001646,0.002608,ws,ws,book_ladder,book_ladder,False,False,-3.0,3.2,65,78.0,strategy_S9-150:NIFTY:2026-04-10T11:21:20:SHORT
2026-04-10,11:21:45,2026-04-10,11:21:55,NIFTY,BUY,23999.5,23999.15,NIFTY13APR2623950CE,23950.0,CE,180.6,180.05,185.0,180.0,185.0,180.0,0.002495,0.002496,ws,ws,book_ladder,book_ladder,False,False,-4.4,0.05,65,-35.75,strategy_S9-150:NIFTY:2026-04-10T11:21:45:LONG
2026-04-10,11:22:36,2026-04-10,11:22:50,NIFTY,BUY,23999.35,23998.95,NIFTY13APR2623950CE,23950.0,CE,180.8,181.5,185.0,180.0,185.0,180.0,0.001107,0.001927,ws,ws,book_ladder,book_ladder,False,False,-4.2,1.5,65,45.5,strategy_S9-150:NIFTY:2026-04-10T11:22:36:LONG
2026-04-10,11:24:15,2026-04-10,11:24:30,NIFTY,SELL,23992.8,23993.8,NIFTY13APR2624000PE,24000.0,PE,151.65,151.1,155.0,150.0,155.0,150.0,0.002641,0.002314,ws,ws,book_ladder,book_ladder,False,False,-3.35,1.1,65,-35.75,strategy_S9-150:NIFTY:2026-04-10T11:24:15:SHORT
2026-04-10,11:25:18,2026-04-10,11:25:28,NIFTY,BUY,24000.5,24000.7,NIFTY13APR2624000CE,24000.0,CE,151.45,153.1,155.0,150.0,155.0,150.0,0.001652,0.002609,ws,ws,book_ladder,book_ladder,False,False,-3.55,3.1,65,107.25,strategy_S9-150:NIFTY:2026-04-10T11:25:18:LONG
2026-04-10,11:26:00,2026-04-10,11:26:25,NIFTY,BUY,24003.55,24002.95,NIFTY13APR2624000CE,24000.0,CE,153.7,154.75,155.0,150.0,155.0,150.0,0.002606,0.001614,ws,ws,book_ladder,book_ladder,False,False,-1.3,4.75,65,68.25,strategy_S9-150:NIFTY:2026-04-10T11:26:00:LONG
2026-04-10,11:27:47,2026-04-10,11:29:00,NIFTY,SELL,24000.5,23987.6,NIFTY13APR2624050PE,24050.0,PE,172.3,177.05,175.0,175.0,175.0,175.0,0.001743,0.001693,ws,ws,book_ladder,book_ladder,False,False,-2.7,2.05,65,308.75,strategy_S9-150:NIFTY:2026-04-10T11:27:47:SHORT
2026-04-10,11:31:00,2026-04-10,11:31:11,NIFTY,BUY,23984.15,23983.3,NIFTY13APR2623950CE,23950.0,CE,178.35,177.55,180.0,175.0,180.0,175.0,0.002245,0.001969,ws,ws,book_ladder,book_ladder,False,False,-1.65,2.55,65,-52.0,strategy_S9-150:NIFTY:2026-04-10T11:31:00:LONG
2026-04-10,11:31:15,2026-04-10,11:31:40,NIFTY,BUY,23986.0,23992.55,NIFTY13APR2623950CE,23950.0,CE,177.05,179.65,180.0,175.0,180.0,175.0,0.002545,0.001946,ws,ws,book_ladder,book_ladder,False,False,-2.95,4.65,65,169.0,strategy_S9-150:NIFTY:2026-04-10T11:31:15:LONG
2026-04-10,11:32:07,2026-04-10,11:32:35,NIFTY,BUY,23997.05,23996.95,NIFTY13APR2623950CE,23950.0,CE,181.0,179.5,185.0,175.0,185.0,175.0,0.001659,0.000557,ws,ws,book_ladder,book_ladder,False,False,-4.0,4.5,65,-97.5,strategy_S9-150:NIFTY:2026-04-10T11:32:07:LONG
2026-04-10,11:33:16,2026-04-10,11:33:24,NIFTY,SELL,23993.65,23998.75,NIFTY13APR2624000PE,24000.0,PE,148.15,147.65,150.0,145.0,150.0,145.0,0.001689,0.002368,ws,ws,book_ladder,book_ladder,False,False,-1.85,2.65,65,-32.5,strategy_S9-150:NIFTY:2026-04-10T11:33:16:SHORT
2026-04-10,11:33:48,2026-04-10,11:33:52,NIFTY,BUY,24004.05,23999.7,NIFTY13APR2624000CE,24000.0,CE,151.35,150.5,155.0,150.0,155.0,150.0,0.001322,0.000996,ws,ws,book_ladder,book_ladder,False,False,-3.65,0.5,65,-55.25,strategy_S9-150:NIFTY:2026-04-10T11:33:48:LONG
2026-04-10,11:34:21,2026-04-10,11:34:32,NIFTY,BUY,24004.95,24003.9,NIFTY13APR2624000CE,24000.0,CE,150.2,150.25,155.0,150.0,155.0,150.0,0.001332,0.00133,ws,ws,book_ladder,book_ladder,False,False,-4.8,0.25,65,3.25,strategy_S9-150:NIFTY:2026-04-10T11:34:21:LONG
2026-04-10,11:35:15,2026-04-10,11:35:19,NIFTY,BUY,24006.7,24004.1,NIFTY13APR2624000CE,24000.0,CE,152.7,151.65,155.0,150.0,155.0,150.0,0.001311,0.002305,ws,ws,book_ladder,book_ladder,False,False,-2.3,1.65,65,-68.25,strategy_S9-150:NIFTY:2026-04-10T11:35:15:LONG
2026-04-10,11:35:31,2026-04-10,11:35:45,NIFTY,SELL,24001.65,24002.55,NIFTY13APR2624050PE,24050.0,PE,172.65,171.45,175.0,170.0,175.0,170.0,0.00232,0.001748,ws,ws,book_ladder,book_ladder,False,False,-2.35,1.45,65,-78.0,strategy_S9-150:NIFTY:2026-04-10T11:35:31:SHORT
2026-04-10,11:36:26,2026-04-10,11:38:00,NIFTY,SELL,23999.55,23984.05,NIFTY13APR2624000PE,24000.0,PE,147.4,154.55,150.0,150.0,150.0,150.0,0.001698,0.001616,ws,ws,book_ladder,book_ladder,False,False,-2.6,4.55,65,464.75,strategy_S9-150:NIFTY:2026-04-10T11:36:26:SHORT
2026-04-10,11:38:30,2026-04-10,11:38:35,NIFTY,BUY,23986.5,23983.35,NIFTY13APR2623950CE,23950.0,CE,173.3,172.6,175.0,170.0,175.0,170.0,0.001733,0.002026,ws,ws,book_ladder,book_ladder,False,False,-1.7,2.6,65,-45.5,strategy_S9-150:NIFTY:2026-04-10T11:38:30:LONG
2026-04-10,11:38:45,2026-04-10,11:39:30,NIFTY,BUY,23987.15,23995.95,NIFTY13APR2623950CE,23950.0,CE,173.75,177.25,175.0,175.0,175.0,175.0,0.002593,0.002536,ws,ws,book_ladder,book_ladder,False,False,-1.25,2.25,65,227.5,strategy_S9-150:NIFTY:2026-04-10T11:38:45:LONG
2026-04-10,11:41:00,2026-04-10,11:41:15,NIFTY,SELL,23982.0,23981.85,NIFTY13APR2624000PE,24000.0,PE,155.7,155.4,160.0,155.0,160.0,155.0,0.001607,0.00225,ws,ws,book_ladder,book_ladder,False,False,-4.3,0.4,65,-19.5,strategy_S9-150:NIFTY:2026-04-10T11:41:00:SHORT
2026-04-10,11:41:57,2026-04-10,11:42:03,NIFTY,SELL,23979.4,23981.7,NIFTY13APR2624000PE,24000.0,PE,157.0,155.35,160.0,155.0,160.0,155.0,0.000319,0.001929,ws,ws,book_ladder,book_ladder,False,False,-3.0,0.35,65,-107.25,strategy_S9-150:NIFTY:2026-04-10T11:41:57:SHORT
2026-04-10,11:42:25,2026-04-10,11:42:40,NIFTY,SELL,23975.1,23974.65,NIFTY13APR2624000PE,24000.0,PE,159.1,158.25,160.0,155.0,160.0,155.0,0.000629,0.002524,ws,ws,book_ladder,book_ladder,False,False,-0.9,3.25,65,-55.25,strategy_S9-150:NIFTY:2026-04-10T11:42:25:SHORT
2026-04-10,11:43:03,2026-04-10,11:43:15,NIFTY,SELL,23975.0,23973.35,NIFTY13APR2624000PE,24000.0,PE,159.6,159.15,160.0,155.0,160.0,155.0,0.002509,0.002824,ws,ws,book_ladder,book_ladder,False,False,-0.4,4.15,65,-29.25,strategy_S9-150:NIFTY:2026-04-10T11:43:03:SHORT
2026-04-10,11:43:33,2026-04-10,11:43:51,NIFTY,BUY,23981.25,23983.55,NIFTY13APR2623950CE,23950.0,CE,168.55,170.2,170.0,170.0,170.0,170.0,0.002079,0.001174,ws,ws,book_ladder,book_ladder,False,False,-1.45,0.2,65,107.25,strategy_S9-150:NIFTY:2026-04-10T11:43:33:LONG
2026-04-10,11:44:36,2026-04-10,11:44:44,NIFTY,SELL,23979.0,23980.9,NIFTY13APR2624000PE,24000.0,PE,156.8,156.9,160.0,155.0,160.0,155.0,0.002874,0.002546,ws,ws,book_ladder,book_ladder,False,False,-3.2,1.9,65,6.5,strategy_S9-150:NIFTY:2026-04-10T11:44:36:SHORT
2026-04-10,11:45:45,2026-04-10,11:45:55,NIFTY,BUY,23984.8,23984.25,NIFTY13APR2623950CE,23950.0,CE,170.7,170.9,175.0,170.0,175.0,170.0,0.002346,0.002338,ws,ws,book_ladder,book_ladder,False,False,-4.3,0.9,65,13.0,strategy_S9-150:NIFTY:2026-04-10T11:45:45:LONG
2026-04-10,11:46:00,2026-04-10,11:46:11,NIFTY,BUY,23986.6,23984.6,NIFTY13APR2623950CE,23950.0,CE,170.4,169.5,175.0,165.0,175.0,165.0,0.001762,0.001768,ws,ws,book_ladder,book_ladder,False,False,-4.6,4.5,65,-58.5,strategy_S9-150:NIFTY:2026-04-10T11:46:00:LONG
2026-04-10,11:46:45,2026-04-10,11:46:58,NIFTY,SELL,23981.1,23979.25,NIFTY13APR2624000PE,24000.0,PE,156.75,155.5,160.0,155.0,160.0,155.0,0.001916,0.002569,ws,ws,book_ladder,book_ladder,False,False,-3.25,0.5,65,-81.25,strategy_S9-150:NIFTY:2026-04-10T11:46:45:SHORT
2026-04-10,11:47:54,2026-04-10,11:48:12,NIFTY,SELL,23974.5,23956.85,NIFTY13APR2624000PE,24000.0,PE,159.35,167.8,160.0,165.0,160.0,165.0,0.002828,0.002975,ws,ws,book_ladder,book_ladder,False,False,-0.65,2.8,65,549.25,strategy_S9-150:NIFTY:2026-04-10T11:47:54:SHORT
2026-04-10,11:48:46,2026-04-10,11:48:57,NIFTY,BUY,23966.65,23964.2,NIFTY13APR2623950CE,23950.0,CE,163.65,161.75,165.0,160.0,165.0,160.0,0.001529,0.002161,ws,ws,book_ladder,book_ladder,False,False,-1.35,1.75,65,-123.5,strategy_S9-150:NIFTY:2026-04-10T11:48:46:LONG
2026-04-10,11:49:16,2026-04-10,11:49:30,NIFTY,SELL,23958.05,23956.35,NIFTY13APR2624000PE,24000.0,PE,169.35,170.2,170.0,170.0,170.0,170.0,0.002069,0.002933,ws,ws,book_ladder,book_ladder,False,False,-0.65,0.2,65,55.25,strategy_S9-150:NIFTY:2026-04-10T11:49:16:SHORT
2026-04-10,11:50:02,2026-04-10,11:50:50,NIFTY,BUY,23967.3,23979.2,NIFTY13APR2623950CE,23950.0,CE,162.75,167.75,165.0,165.0,165.0,165.0,0.001537,0.002084,ws,ws,book_ladder,book_ladder,False,False,-2.25,2.75,65,325.0,strategy_S9-150:NIFTY:2026-04-10T11:50:02:LONG
2026-04-10,11:51:04,2026-04-10,11:51:16,NIFTY,BUY,23985.05,23985.15,NIFTY13APR2623950CE,23950.0,CE,171.05,171.2,175.0,170.0,175.0,170.0,0.002048,0.002042,ws,ws,book_ladder,book_ladder,False,False,-3.95,1.2,65,9.75,strategy_S9-150:NIFTY:2026-04-10T11:51:04:LONG
2026-04-10,11:53:00,2026-04-10,11:53:27,NIFTY,SELL,23981.4,23980.95,NIFTY13APR2624000PE,24000.0,PE,156.35,156.3,160.0,155.0,160.0,155.0,0.002241,0.002237,ws,ws,book_ladder,book_ladder,False,False,-3.65,1.3,65,-3.25,strategy_S9-150:NIFTY:2026-04-10T11:53:00:SHORT
2026-04-10,11:53:38,2026-04-10,11:53:41,NIFTY,SELL,23977.4,23980.15,NIFTY13APR2624000PE,24000.0,PE,158.6,158.0,160.0,155.0,160.0,155.0,0.002209,0.002844,ws,ws,book_ladder,book_ladder,False,False,-1.4,3.0,65,-39.0,strategy_S9-150:NIFTY:2026-04-10T11:53:38:SHORT
2026-04-10,11:54:10,2026-04-10,11:54:30,NIFTY,SELL,23977.3,23979.45,NIFTY13APR2624000PE,24000.0,PE,159.6,157.6,160.0,155.0,160.0,155.0,0.002509,0.002218,ws,ws,book_ladder,book_ladder,False,False,-0.4,2.6,65,-130.0,strategy_S9-150:NIFTY:2026-04-10T11:54:10:SHORT
2026-04-10,11:55:00,2026-04-10,11:55:20,NIFTY,BUY,23983.85,23984.25,NIFTY13APR2623950CE,23950.0,CE,172.25,171.65,175.0,170.0,175.0,170.0,0.001452,0.002037,ws,ws,book_ladder,book_ladder,False,False,-2.75,1.65,65,-39.0,strategy_S9-150:NIFTY:2026-04-10T11:55:00:LONG
2026-04-10,11:55:38,2026-04-10,11:55:45,NIFTY,SELL,23979.45,23981.75,NIFTY13APR2624000PE,24000.0,PE,157.4,156.25,160.0,155.0,160.0,155.0,0.002545,0.002557,ws,ws,book_ladder,book_ladder,False,False,-2.6,1.25,65,-74.75,strategy_S9-150:NIFTY:2026-04-10T11:55:38:SHORT
2026-04-10,11:56:35,2026-04-10,11:56:51,NIFTY,BUY,23986.25,23984.65,NIFTY13APR2623950CE,23950.0,CE,172.35,171.4,175.0,170.0,175.0,170.0,0.002324,0.00204,ws,ws,book_ladder,book_ladder,False,False,-2.65,1.4,65,-61.75,strategy_S9-150:NIFTY:2026-04-10T11:56:35:LONG
2026-04-10,11:57:34,2026-04-10,11:57:37,NIFTY,BUY,23994.85,23991.6,NIFTY13APR2623950CE,23950.0,CE,174.7,174.9,175.0,175.0,175.0,170.0,0.002579,0.002855,ws,ws,book_ladder,book_ladder,False,True,-0.3,-0.1,65,13.0,strategy_S9-150:NIFTY:2026-04-10T11:57:34:LONG
2026-04-10,11:58:09,2026-04-10,11:58:15,NIFTY,SELL,23987.7,23989.6,NIFTY13APR2624000PE,24000.0,PE,153.7,153.1,155.0,150.0,155.0,150.0,0.002606,0.002283,ws,ws,book_ladder,book_ladder,False,False,-1.3,3.1,65,-39.0,strategy_S9-150:NIFTY:2026-04-10T11:58:09:SHORT
2026-04-10,12:01:30,2026-04-10,12:01:36,NIFTY,BUY,23994.25,23992.75,NIFTY13APR2623950CE,23950.0,CE,174.5,174.85,175.0,170.0,175.0,170.0,0.000573,0.000858,ws,ws,book_ladder,book_ladder,False,False,-0.5,4.85,65,22.75,strategy_S9-150:NIFTY:2026-04-10T12:01:30:LONG
2026-04-10,12:01:45,2026-04-10,12:02:25,NIFTY,BUY,23995.1,23995.65,NIFTY13APR2623950CE,23950.0,CE,175.8,175.7,180.0,175.0,180.0,175.0,0.001993,0.002558,ws,ws,book_ladder,book_ladder,False,False,-4.2,0.7,65,-6.5,strategy_S9-150:NIFTY:2026-04-10T12:01:45:LONG
2026-04-10,12:03:00,2026-04-10,12:03:28,NIFTY,BUY,23998.8,24003.95,NIFTY13APR2623950CE,23950.0,CE,177.4,180.6,180.0,180.0,180.0,180.0,0.002257,0.001936,ws,ws,book_ladder,book_ladder,False,False,-2.6,0.6,65,208.0,strategy_S9-150:NIFTY:2026-04-10T12:03:00:LONG
2026-04-10,12:06:59,2026-04-10,12:07:06,NIFTY,BUY,24012.25,24009.2,NIFTY13APR2624000CE,24000.0,CE,156.4,156.0,160.0,155.0,160.0,155.0,0.00224,0.002561,ws,ws,book_ladder,book_ladder,False,False,-3.6,1.0,65,-26.0,strategy_S9-150:NIFTY:2026-04-10T12:06:59:LONG
2026-04-10,12:07:42,2026-04-10,12:08:54,NIFTY,BUY,24009.3,24009.95,NIFTY13APR2624000CE,24000.0,CE,156.4,158.25,160.0,155.0,160.0,155.0,0.002881,0.002524,ws,ws,book_ladder,book_ladder,False,False,-3.6,3.25,65,120.25,strategy_S9-150:NIFTY:2026-04-10T12:07:42:LONG
2026-04-10,12:11:25,2026-04-10,12:11:30,NIFTY,SELL,24009.0,24011.4,NIFTY13APR2624050PE,24050.0,PE,165.65,165.3,170.0,165.0,170.0,165.0,0.00272,0.002719,ws,ws,book_ladder,book_ladder,False,False,-4.35,0.3,65,-22.75,strategy_S9-150:NIFTY:2026-04-10T12:11:25:SHORT
2026-04-10,12:12:00,2026-04-10,12:12:10,NIFTY,BUY,24012.65,24010.4,NIFTY13APR2624000CE,24000.0,CE,158.0,157.05,160.0,155.0,160.0,155.0,0.002535,0.002544,ws,ws,book_ladder,book_ladder,False,False,-2.0,2.05,65,-61.75,strategy_S9-150:NIFTY:2026-04-10T12:12:00:LONG
2026-04-10,12:12:56,2026-04-10,12:12:58,NIFTY,SELL,24008.65,24012.2,NIFTY13APR2624050PE,24050.0,PE,165.7,164.35,170.0,160.0,170.0,160.0,0.000906,0.002127,ws,ws,book_ladder,book_ladder,False,False,-4.3,4.35,65,-87.75,strategy_S9-150:NIFTY:2026-04-10T12:12:56:SHORT
2026-04-10,12:13:58,2026-04-10,12:14:25,NIFTY,BUY,24013.7,24017.75,NIFTY13APR2624000CE,24000.0,CE,158.0,159.4,160.0,155.0,160.0,155.0,0.000317,0.001567,ws,ws,book_ladder,book_ladder,False,False,-2.0,4.4,65,91.0,strategy_S9-150:NIFTY:2026-04-10T12:13:58:LONG
2026-04-10,12:14:45,2026-04-10,12:15:17,NIFTY,SELL,24009.9,24011.0,NIFTY13APR2624050PE,24050.0,PE,162.5,165.15,165.0,165.0,165.0,165.0,0.001232,0.002117,ws,ws,book_ladder,book_ladder,False,False,-2.5,0.15,65,172.25,strategy_S9-150:NIFTY:2026-04-10T12:14:45:SHORT
2026-04-10,12:15:35,2026-04-10,12:16:07,NIFTY,SELL,24006.55,23997.4,NIFTY13APR2624050PE,24050.0,PE,165.75,168.1,170.0,165.0,170.0,165.0,0.001509,0.001783,ws,ws,book_ladder,book_ladder,False,False,-4.25,3.1,65,152.75,strategy_S9-150:NIFTY:2026-04-10T12:15:35:SHORT
2026-04-10,12:17:00,2026-04-10,12:17:26,NIFTY,BUY,24002.6,24003.05,NIFTY13APR2624000CE,24000.0,CE,153.7,154.2,155.0,150.0,155.0,150.0,0.00228,0.001944,ws,ws,book_ladder,book_ladder,False,False,-1.3,4.2,65,32.5,strategy_S9-150:NIFTY:2026-04-10T12:17:00:LONG
2026-04-10,12:18:20,2026-04-10,12:18:45,NIFTY,SELL,23997.7,23993.35,NIFTY13APR2624000PE,24000.0,PE,144.8,145.45,145.0,145.0,145.0,145.0,0.00242,0.001717,ws,ws,book_ladder,book_ladder,False,False,-0.2,0.45,65,42.25,strategy_S9-150:NIFTY:2026-04-10T12:18:20:SHORT
2026-04-10,12:19:23,2026-04-10,12:20:18,NIFTY,BUY,24000.6,24001.8,NIFTY13APR2624000CE,24000.0,CE,150.6,152.25,155.0,150.0,155.0,150.0,0.002327,0.002624,ws,ws,book_ladder,book_ladder,False,False,-4.4,2.25,65,107.25,strategy_S9-150:NIFTY:2026-04-10T12:19:23:LONG
2026-04-10,12:21:11,2026-04-10,12:21:42,NIFTY,SELL,23998.45,23993.2,NIFTY13APR2624000PE,24000.0,PE,144.5,145.15,145.0,145.0,145.0,145.0,0.001039,0.001721,ws,ws,book_ladder,book_ladder,False,False,-0.5,0.15,65,42.25,strategy_S9-150:NIFTY:2026-04-10T12:21:11:SHORT
2026-04-10,12:22:30,2026-04-10,12:22:47,NIFTY,BUY,23998.55,23995.9,NIFTY13APR2623950CE,23950.0,CE,178.65,179.0,180.0,175.0,180.0,175.0,0.002242,0.002511,ws,ws,book_ladder,book_ladder,False,False,-1.35,4.0,65,22.75,strategy_S9-150:NIFTY:2026-04-10T12:22:30:LONG
2026-04-10,12:23:19,2026-04-10,12:24:47,NIFTY,BUY,24002.8,24018.35,NIFTY13APR2624000CE,24000.0,CE,154.45,159.7,155.0,155.0,155.0,155.0,0.002269,0.002502,ws,ws,book_ladder,book_ladder,False,False,-0.55,4.7,65,341.25,strategy_S9-150:NIFTY:2026-04-10T12:23:19:LONG
2026-04-10,12:25:00,2026-04-10,12:25:18,NIFTY,BUY,24021.65,24019.45,NIFTY13APR2624000CE,24000.0,CE,161.6,161.5,165.0,160.0,165.0,160.0,0.002168,0.002165,ws,ws,book_ladder,book_ladder,False,False,-3.4,1.5,65,-6.5,strategy_S9-150:NIFTY:2026-04-10T12:25:00:LONG
2026-04-10,12:25:30,2026-04-10,12:26:08,NIFTY,BUY,24022.75,24029.7,NIFTY13APR2624000CE,24000.0,CE,162.8,165.05,165.0,165.0,165.0,165.0,0.001229,0.001514,ws,ws,book_ladder,book_ladder,False,False,-2.2,0.05,65,146.25,strategy_S9-150:NIFTY:2026-04-10T12:25:30:LONG
2026-04-10,12:26:40,2026-04-10,12:27:15,NIFTY,SELL,24019.9,24013.4,NIFTY13APR2624050PE,24050.0,PE,156.45,159.5,160.0,155.0,160.0,155.0,0.000639,0.002192,ws,ws,book_ladder,book_ladder,False,False,-3.55,4.5,65,198.25,strategy_S9-150:NIFTY:2026-04-10T12:26:40:SHORT
2026-04-10,12:28:13,2026-04-10,12:28:30,NIFTY,SELL,24006.15,23998.5,NIFTY13APR2624050PE,24050.0,PE,163.1,166.4,165.0,165.0,165.0,165.0,0.002148,0.001801,ws,ws,book_ladder,book_ladder,False,False,-1.9,1.4,65,214.5,strategy_S9-150:NIFTY:2026-04-10T12:28:13:SHORT
2026-04-10,12:29:19,2026-04-10,12:29:41,NIFTY,BUY,24003.05,24005.05,NIFTY13APR2624000CE,24000.0,CE,154.3,153.6,155.0,150.0,155.0,150.0,0.001946,0.002276,ws,ws,book_ladder,book_ladder,False,False,-0.7,3.6,65,-45.5,strategy_S9-150:NIFTY:2026-04-10T12:29:19:LONG
2026-04-10,12:29:45,2026-04-10,12:30:08,NIFTY,BUY,24008.6,24008.85,NIFTY13APR2624000CE,24000.0,CE,155.1,156.0,160.0,155.0,160.0,155.0,0.000968,0.00032,ws,ws,book_ladder,book_ladder,False,False,-4.9,1.0,65,58.5,strategy_S9-150:NIFTY:2026-04-10T12:29:45:LONG
2026-04-10,12:30:38,2026-04-10,12:30:50,NIFTY,SELL,24003.3,24003.85,NIFTY13APR2624050PE,24050.0,PE,162.6,161.0,165.0,160.0,165.0,160.0,0.002155,0.001862,ws,ws,book_ladder,book_ladder,False,False,-2.4,1.0,65,-104.0,strategy_S9-150:NIFTY:2026-04-10T12:30:38:SHORT
2026-04-10,12:31:30,2026-04-10,12:31:35,NIFTY,BUY,24012.0,24009.8,NIFTY13APR2624000CE,24000.0,CE,157.55,156.5,160.0,155.0,160.0,155.0,0.00127,0.001277,ws,ws,book_ladder,book_ladder,False,False,-2.45,1.5,65,-68.25,strategy_S9-150:NIFTY:2026-04-10T12:31:30:LONG
2026-04-10,12:32:14,2026-04-10,12:32:19,NIFTY,SELL,24007.0,24009.75,NIFTY13APR2624050PE,24050.0,PE,161.95,161.2,165.0,160.0,165.0,160.0,0.001545,0.00124,ws,ws,book_ladder,book_ladder,False,False,-3.05,1.2,65,-48.75,strategy_S9-150:NIFTY:2026-04-10T12:32:14:SHORT
2026-04-10,12:32:30,2026-04-10,12:32:44,NIFTY,BUY,24014.0,24011.75,NIFTY13APR2624000CE,24000.0,CE,156.9,156.3,160.0,155.0,160.0,155.0,0.001595,0.001918,ws,ws,book_ladder,book_ladder,False,False,-3.1,1.3,65,-39.0,strategy_S9-150:NIFTY:2026-04-10T12:32:30:LONG
2026-04-10,12:33:11,2026-04-10,12:33:28,NIFTY,BUY,24013.45,24014.55,NIFTY13APR2624000CE,24000.0,CE,157.95,157.6,160.0,155.0,160.0,155.0,0.001901,0.001902,ws,ws,book_ladder,book_ladder,False,False,-2.05,2.6,65,-22.75,strategy_S9-150:NIFTY:2026-04-10T12:33:11:LONG
2026-04-10,12:33:52,2026-04-10,12:34:00,NIFTY,SELL,24004.35,24006.45,NIFTY13APR2624050PE,24050.0,PE,162.65,162.3,165.0,160.0,165.0,160.0,0.001846,0.002154,ws,ws,book_ladder,book_ladder,False,False,-2.35,2.3,65,-22.75,strategy_S9-150:NIFTY:2026-04-10T12:33:52:SHORT
2026-04-10,12:34:51,2026-04-10,12:35:00,NIFTY,SELL,23995.55,24000.95,NIFTY13APR2624000PE,24000.0,PE,140.1,139.25,145.0,135.0,145.0,135.0,0.000714,0.001077,ws,ws,book_ladder,book_ladder,False,False,-4.9,4.25,65,-55.25,strategy_S9-150:NIFTY:2026-04-10T12:34:51:SHORT
2026-04-10,12:35:43,2026-04-10,12:36:27,NIFTY,BUY,24006.4,24012.1,NIFTY13APR2624000CE,24000.0,CE,156.0,155.55,160.0,155.0,160.0,155.0,0.001283,0.002568,ws,ws,book_ladder,book_ladder,False,False,-4.0,0.55,65,-29.25,strategy_S9-150:NIFTY:2026-04-10T12:35:43:LONG
2026-04-10,12:36:48,2026-04-10,12:37:17,NIFTY,BUY,24015.1,24018.3,NIFTY13APR2624000CE,24000.0,CE,157.65,158.35,160.0,155.0,160.0,155.0,0.001905,0.001893,ws,ws,book_ladder,book_ladder,False,False,-2.35,3.35,65,45.5,strategy_S9-150:NIFTY:2026-04-10T12:36:48:LONG
2026-04-10,12:37:48,2026-04-10,12:38:00,NIFTY,SELL,24014.2,24016.2,NIFTY13APR2624050PE,24050.0,PE,160.7,160.35,165.0,160.0,165.0,160.0,0.001557,0.001558,ws,ws,book_ladder,book_ladder,False,False,-4.3,0.35,65,-22.75,strategy_S9-150:NIFTY:2026-04-10T12:37:48:SHORT
2026-04-10,12:38:21,2026-04-10,12:38:34,NIFTY,SELL,24010.35,24012.05,NIFTY13APR2624050PE,24050.0,PE,161.85,161.3,165.0,160.0,165.0,160.0,0.002165,0.002477,ws,ws,book_ladder,book_ladder,False,False,-3.15,1.3,65,-35.75,strategy_S9-150:NIFTY:2026-04-10T12:38:21:SHORT
2026-04-10,12:40:00,2026-04-10,12:40:25,NIFTY,BUY,24015.9,24015.5,NIFTY13APR2624000CE,24000.0,CE,156.55,157.65,160.0,155.0,160.0,155.0,0.001918,0.001585,ws,ws,book_ladder,book_ladder,False,False,-3.45,2.65,65,71.5,strategy_S9-150:NIFTY:2026-04-10T12:40:00:LONG
2026-04-10,12:40:30,2026-04-10,12:40:55,NIFTY,BUY,24017.75,24018.2,NIFTY13APR2624000CE,24000.0,CE,157.9,158.75,160.0,155.0,160.0,155.0,0.002536,0.002202,ws,ws,book_ladder,book_ladder,False,False,-2.1,3.75,65,55.25,strategy_S9-150:NIFTY:2026-04-10T12:40:30:LONG
2026-04-10,12:41:13,2026-04-10,12:41:23,NIFTY,BUY,24020.95,24020.65,NIFTY13APR2624000CE,24000.0,CE,159.45,159.6,160.0,155.0,160.0,155.0,0.001569,0.002503,ws,ws,book_ladder,book_ladder,False,False,-0.55,4.6,65,9.75,strategy_S9-150:NIFTY:2026-04-10T12:41:13:LONG
2026-04-10,12:42:03,2026-04-10,12:42:10,NIFTY,SELL,24012.05,24012.35,NIFTY13APR2624050PE,24050.0,PE,160.45,159.7,165.0,155.0,165.0,155.0,0.002184,0.002189,ws,ws,book_ladder,book_ladder,False,False,-4.55,4.7,65,-48.75,strategy_S9-150:NIFTY:2026-04-10T12:42:03:SHORT
2026-04-10,12:42:19,2026-04-10,12:42:48,NIFTY,BUY,24018.45,24018.85,NIFTY13APR2624000CE,24000.0,CE,158.7,158.6,160.0,155.0,160.0,155.0,0.001577,0.00189,ws,ws,book_ladder,book_ladder,False,False,-1.3,3.6,65,-6.5,strategy_S9-150:NIFTY:2026-04-10T12:42:19:LONG
2026-04-10,12:43:47,2026-04-10,12:44:15,NIFTY,SELL,24013.5,24006.65,NIFTY13APR2624050PE,24050.0,PE,160.9,163.05,165.0,160.0,165.0,160.0,0.001555,0.00245,ws,ws,book_ladder,book_ladder,False,False,-4.1,3.05,65,139.75,strategy_S9-150:NIFTY:2026-04-10T12:43:47:SHORT
2026-04-10,12:44:58,2026-04-10,12:45:13,NIFTY,SELL,24003.6,24003.8,NIFTY13APR2624050PE,24050.0,PE,164.9,165.65,165.0,165.0,165.0,165.0,0.00091,0.002111,ws,ws,book_ladder,book_ladder,False,False,-0.1,0.65,65,48.75,strategy_S9-150:NIFTY:2026-04-10T12:44:58:SHORT
2026-04-10,12:46:00,2026-04-10,12:46:04,NIFTY,BUY,24006.8,24004.15,NIFTY13APR2624000CE,24000.0,CE,151.65,150.9,155.0,150.0,155.0,150.0,0.00066,0.001655,ws,ws,book_ladder,book_ladder,False,False,-3.35,0.9,65,-48.75,strategy_S9-150:NIFTY:2026-04-10T12:46:00:LONG
2026-04-10,12:48:00,2026-04-10,12:48:29,NIFTY,BUY,24008.35,24011.55,NIFTY13APR2624000CE,24000.0,CE,152.95,154.3,155.0,150.0,155.0,150.0,0.002291,0.002589,ws,ws,book_ladder,book_ladder,False,False,-2.05,4.3,65,87.75,strategy_S9-150:NIFTY:2026-04-10T12:48:00:LONG
2026-04-10,12:48:36,2026-04-10,12:49:01,NIFTY,BUY,24017.35,24017.3,NIFTY13APR2624000CE,24000.0,CE,156.0,157.5,160.0,155.0,160.0,155.0,0.001604,0.00222,ws,ws,book_ladder,book_ladder,False,False,-4.0,2.5,65,97.5,strategy_S9-150:NIFTY:2026-04-10T12:48:36:LONG
2026-04-10,12:49:17,2026-04-10,12:49:30,NIFTY,SELL,24010.95,24011.0,NIFTY13APR2624050PE,24050.0,PE,161.8,162.1,165.0,160.0,165.0,160.0,0.002475,0.002157,ws,ws,book_ladder,book_ladder,False,False,-3.2,2.1,65,19.5,strategy_S9-150:NIFTY:2026-04-10T12:49:17:SHORT
2026-04-10,12:50:47,2026-04-10,12:51:00,NIFTY,SELL,24003.2,24000.55,NIFTY13APR2624050PE,24050.0,PE,166.85,168.65,170.0,165.0,170.0,165.0,0.0021,0.002073,ws,ws,book_ladder,book_ladder,False,False,-3.15,3.65,65,117.0,strategy_S9-150:NIFTY:2026-04-10T12:50:47:SHORT
2026-04-10,12:51:27,2026-04-10,12:51:54,NIFTY,SELL,23995.35,23993.95,NIFTY13APR2624000PE,24000.0,PE,144.0,142.35,145.0,140.0,145.0,140.0,0.001042,0.002105,ws,ws,book_ladder,book_ladder,False,False,-1.0,2.35,65,-107.25,strategy_S9-150:NIFTY:2026-04-10T12:51:27:SHORT
2026-04-10,12:52:18,2026-04-10,12:52:42,NIFTY,BUY,24001.7,24008.3,NIFTY13APR2624000CE,24000.0,CE,152.45,152.6,155.0,150.0,155.0,150.0,0.002298,0.00131,ws,ws,book_ladder,book_ladder,False,False,-2.55,2.6,65,9.75,strategy_S9-150:NIFTY:2026-04-10T12:52:18:LONG
2026-04-10,12:54:16,2026-04-10,12:54:30,NIFTY,SELL,23992.55,23993.95,NIFTY13APR2624000PE,24000.0,PE,143.25,142.0,145.0,140.0,145.0,140.0,0.002096,0.001759,ws,ws,book_ladder,book_ladder,False,False,-1.75,2.0,65,-81.25,strategy_S9-150:NIFTY:2026-04-10T12:54:16:SHORT
2026-04-10,12:55:00,2026-04-10,12:55:16,NIFTY,BUY,24001.6,24002.75,NIFTY13APR2624000CE,24000.0,CE,151.45,149.3,155.0,145.0,155.0,145.0,0.000991,0.001339,ws,ws,book_ladder,book_ladder,False,False,-3.55,4.3,65,-139.75,strategy_S9-150:NIFTY:2026-04-10T12:55:00:LONG
2026-04-10,12:57:16,2026-04-10,12:57:42,NIFTY,SELL,23996.6,23995.25,NIFTY13APR2624000PE,24000.0,PE,142.7,141.35,145.0,140.0,145.0,140.0,0.001403,0.001414,ws,ws,book_ladder,book_ladder,False,False,-2.3,1.35,65,-87.75,strategy_S9-150:NIFTY:2026-04-10T12:57:16:SHORT
2026-04-10,12:58:45,2026-04-10,12:59:10,NIFTY,BUY,24005.15,24005.6,NIFTY13APR2624000CE,24000.0,CE,150.9,151.7,155.0,150.0,155.0,150.0,0.00199,0.002633,ws,ws,book_ladder,book_ladder,False,False,-4.1,1.7,65,52.0,strategy_S9-150:NIFTY:2026-04-10T12:58:45:LONG
2026-04-10,13:00:15,2026-04-10,13:00:24,NIFTY,BUY,24006.8,24005.9,NIFTY13APR2624000CE,24000.0,CE,152.2,151.5,155.0,150.0,155.0,150.0,0.001315,0.001649,ws,ws,book_ladder,book_ladder,False,False,-2.8,1.5,65,-45.5,strategy_S9-150:NIFTY:2026-04-10T13:00:15:LONG
2026-04-10,13:01:11,2026-04-10,13:01:41,NIFTY,BUY,24010.3,24008.1,NIFTY13APR2624000CE,24000.0,CE,152.9,154.1,155.0,150.0,155.0,150.0,0.002292,0.001945,ws,ws,book_ladder,book_ladder,False,False,-2.1,4.1,65,78.0,strategy_S9-150:NIFTY:2026-04-10T13:01:11:LONG
2026-04-10,13:01:55,2026-04-10,13:02:00,NIFTY,SELL,24007.1,24009.7,NIFTY13APR2624050PE,24050.0,PE,161.8,161.4,165.0,160.0,165.0,160.0,0.002166,0.002475,ws,ws,book_ladder,book_ladder,False,False,-3.2,1.4,65,-26.0,strategy_S9-150:NIFTY:2026-04-10T13:01:55:SHORT
2026-04-10,13:02:47,2026-04-10,13:02:50,NIFTY,SELL,24005.55,24008.1,NIFTY13APR2624050PE,24050.0,PE,163.7,163.6,165.0,160.0,165.0,160.0,0.001528,0.001832,ws,ws,book_ladder,book_ladder,False,False,-1.3,3.6,65,-6.5,strategy_S9-150:NIFTY:2026-04-10T13:02:47:SHORT
2026-04-10,13:03:00,2026-04-10,13:03:05,NIFTY,BUY,24012.25,24009.55,NIFTY13APR2624000CE,24000.0,CE,153.2,153.3,155.0,150.0,155.0,150.0,0.002614,0.002606,ws,ws,book_ladder,book_ladder,False,False,-1.8,3.3,65,6.5,strategy_S9-150:NIFTY:2026-04-10T13:03:00:LONG
2026-04-10,13:03:15,2026-04-10,13:03:52,NIFTY,BUY,24013.6,24012.85,NIFTY13APR2624000CE,24000.0,CE,154.75,155.05,155.0,155.0,155.0,155.0,0.002588,0.002255,ws,ws,book_ladder,book_ladder,False,False,-0.25,0.05,65,19.5,strategy_S9-150:NIFTY:2026-04-10T13:03:15:LONG
2026-04-10,13:04:32,2026-04-10,13:04:43,NIFTY,SELL,24012.45,24013.45,NIFTY13APR2624050PE,24050.0,PE,160.0,159.65,160.0,155.0,160.0,155.0,0.00219,0.00219,ws,ws,book_ladder,book_ladder,False,False,0.0,4.65,65,-22.75,strategy_S9-150:NIFTY:2026-04-10T13:04:32:SHORT
2026-04-10,13:05:37,2026-04-10,13:06:00,NIFTY,SELL,24009.55,24010.5,NIFTY13APR2624050PE,24050.0,PE,161.5,161.15,165.0,160.0,165.0,160.0,0.00217,0.00186,ws,ws,book_ladder,book_ladder,False,False,-3.5,1.15,65,-22.75,strategy_S9-150:NIFTY:2026-04-10T13:05:37:SHORT
2026-04-10,13:06:28,2026-04-10,13:06:55,NIFTY,BUY,24013.9,24016.1,NIFTY13APR2624000CE,24000.0,CE,155.0,156.1,155.0,155.0,155.0,155.0,0.001614,0.0016,ws,ws,book_ladder,book_ladder,False,False,0.0,1.1,65,71.5,strategy_S9-150:NIFTY:2026-04-10T13:06:28:LONG
2026-04-10,13:07:00,2026-04-10,13:07:05,NIFTY,BUY,24017.95,24016.45,NIFTY13APR2624000CE,24000.0,CE,156.4,156.0,160.0,155.0,160.0,155.0,0.00128,0.002561,ws,ws,book_ladder,book_ladder,False,False,-3.6,1.0,65,-26.0,strategy_S9-150:NIFTY:2026-04-10T13:07:00:LONG
2026-04-10,13:08:30,2026-04-10,13:08:35,NIFTY,BUY,24019.1,24017.35,NIFTY13APR2624000CE,24000.0,CE,156.3,156.2,160.0,155.0,160.0,155.0,0.001921,0.002558,ws,ws,book_ladder,book_ladder,False,False,-3.7,1.2,65,-6.5,strategy_S9-150:NIFTY:2026-04-10T13:08:30:LONG
2026-04-10,13:08:45,2026-04-10,13:08:57,NIFTY,BUY,24019.7,24020.1,NIFTY13APR2624000CE,24000.0,CE,156.85,157.65,160.0,155.0,160.0,155.0,0.001595,0.001585,ws,ws,book_ladder,book_ladder,False,False,-3.15,2.65,65,52.0,strategy_S9-150:NIFTY:2026-04-10T13:08:45:LONG
2026-04-10,13:09:17,2026-04-10,13:09:30,NIFTY,SELL,24015.9,24016.9,NIFTY13APR2624050PE,24050.0,PE,158.65,158.25,160.0,155.0,160.0,155.0,0.002209,0.002209,ws,ws,book_ladder,book_ladder,False,False,-1.35,3.25,65,-26.0,strategy_S9-150:NIFTY:2026-04-10T13:09:17:SHORT
2026-04-10,13:10:00,2026-04-10,13:10:06,NIFTY,BUY,24021.4,24018.45,NIFTY13APR2624000CE,24000.0,CE,157.55,156.75,160.0,155.0,160.0,155.0,0.001588,0.00223,ws,ws,book_ladder,book_ladder,False,False,-2.45,1.75,65,-52.0,strategy_S9-150:NIFTY:2026-04-10T13:10:00:LONG
2026-04-10,13:10:26,2026-04-10,13:10:45,NIFTY,SELL,24015.0,24014.95,NIFTY13APR2624050PE,24050.0,PE,159.75,160.4,160.0,160.0,160.0,160.0,0.002507,0.002491,ws,ws,book_ladder,book_ladder,False,False,-0.25,0.4,65,42.25,strategy_S9-150:NIFTY:2026-04-10T13:10:26:SHORT
2026-04-10,13:11:46,2026-04-10,13:11:53,NIFTY,SELL,24011.55,24013.05,NIFTY13APR2624050PE,24050.0,PE,161.95,161.0,165.0,160.0,165.0,160.0,0.001545,0.000931,ws,ws,book_ladder,book_ladder,False,False,-3.05,1.0,65,-61.75,strategy_S9-150:NIFTY:2026-04-10T13:11:46:SHORT
2026-04-10,13:12:28,2026-04-10,13:12:45,NIFTY,SELL,24008.8,24007.55,NIFTY13APR2624050PE,24050.0,PE,162.25,164.7,165.0,160.0,165.0,160.0,0.000617,0.00182,ws,ws,book_ladder,book_ladder,False,False,-2.75,4.7,65,159.25,strategy_S9-150:NIFTY:2026-04-10T13:12:28:SHORT
2026-04-10,13:13:55,2026-04-10,13:14:00,NIFTY,SELL,24001.25,24002.1,NIFTY13APR2624050PE,24050.0,PE,168.0,167.75,170.0,165.0,170.0,165.0,0.001489,0.001787,ws,ws,book_ladder,book_ladder,False,False,-2.0,2.75,65,-16.25,strategy_S9-150:NIFTY:2026-04-10T13:13:55:SHORT
2026-04-10,13:14:45,2026-04-10,13:14:58,NIFTY,BUY,24005.1,24002.3,NIFTY13APR2624000CE,24000.0,CE,148.6,147.75,150.0,145.0,150.0,145.0,0.002021,0.002366,ws,ws,book_ladder,book_ladder,False,False,-1.4,2.75,65,-55.25,strategy_S9-150:NIFTY:2026-04-10T13:14:45:LONG
2026-04-10,13:15:15,2026-04-10,13:15:29,NIFTY,BUY,24005.65,24003.9,NIFTY13APR2624000CE,24000.0,CE,149.65,148.7,150.0,145.0,150.0,145.0,0.002007,0.00168,ws,ws,book_ladder,book_ladder,False,False,-0.35,3.7,65,-61.75,strategy_S9-150:NIFTY:2026-04-10T13:15:15:LONG
2026-04-10,13:16:00,2026-04-10,13:16:10,NIFTY,BUY,24006.35,24005.95,NIFTY13APR2624000CE,24000.0,CE,149.35,148.7,150.0,145.0,150.0,145.0,0.002346,0.002015,ws,ws,book_ladder,book_ladder,False,False,-0.65,3.7,65,-42.25,strategy_S9-150:NIFTY:2026-04-10T13:16:00:LONG
2026-04-10,13:17:22,2026-04-10,13:17:58,NIFTY,BUY,24007.2,24009.55,NIFTY13APR2624000CE,24000.0,CE,151.8,151.6,155.0,150.0,155.0,150.0,0.002308,0.002635,ws,ws,book_ladder,book_ladder,False,False,-3.2,1.6,65,-13.0,strategy_S9-150:NIFTY:2026-04-10T13:17:22:LONG
2026-04-10,13:18:26,2026-04-10,13:19:15,NIFTY,SELL,24006.05,24001.8,NIFTY13APR2624050PE,24050.0,PE,164.55,166.4,165.0,165.0,165.0,165.0,0.00152,0.001201,ws,ws,book_ladder,book_ladder,False,False,-0.45,1.4,65,120.25,strategy_S9-150:NIFTY:2026-04-10T13:18:26:SHORT
2026-04-10,13:20:08,2026-04-10,13:20:15,NIFTY,SELL,23997.35,23999.1,NIFTY13APR2624000PE,24000.0,PE,143.45,142.05,145.0,140.0,145.0,140.0,0.001046,0.00211,ws,ws,book_ladder,book_ladder,False,False,-1.55,2.05,65,-91.0,strategy_S9-150:NIFTY:2026-04-10T13:20:08:SHORT
2026-04-10,13:21:46,2026-04-10,13:21:55,NIFTY,BUY,24001.25,23999.25,NIFTY13APR2624000CE,24000.0,CE,147.85,147.5,150.0,145.0,150.0,145.0,0.001354,0.001693,ws,ws,book_ladder,book_ladder,False,False,-2.15,2.5,65,-22.75,strategy_S9-150:NIFTY:2026-04-10T13:21:46:LONG
2026-04-10,13:22:15,2026-04-10,13:22:21,NIFTY,BUY,24001.75,23999.7,NIFTY13APR2624000CE,24000.0,CE,147.6,147.7,150.0,145.0,150.0,145.0,0.002374,0.002029,ws,ws,book_ladder,book_ladder,False,False,-2.4,2.7,65,6.5,strategy_S9-150:NIFTY:2026-04-10T13:22:15:LONG
2026-04-10,13:22:30,2026-04-10,13:22:44,NIFTY,BUY,24003.35,24002.55,NIFTY13APR2624000CE,24000.0,CE,148.7,149.2,150.0,145.0,150.0,145.0,0.00202,0.002343,ws,ws,book_ladder,book_ladder,False,False,-1.3,4.2,65,32.5,strategy_S9-150:NIFTY:2026-04-10T13:22:30:LONG
2026-04-10,13:23:58,2026-04-10,13:24:09,NIFTY,SELL,23998.1,23998.45,NIFTY13APR2624000PE,24000.0,PE,143.0,142.05,145.0,140.0,145.0,140.0,0.00105,0.001407,ws,ws,book_ladder,book_ladder,False,False,-2.0,2.05,65,-61.75,strategy_S9-150:NIFTY:2026-04-10T13:23:58:SHORT
2026-04-10,13:24:30,2026-04-10,13:24:50,NIFTY,BUY,24000.55,24000.05,NIFTY13APR2624000CE,24000.0,CE,148.7,148.15,150.0,145.0,150.0,145.0,0.00202,0.001686,ws,ws,book_ladder,book_ladder,False,False,-1.3,3.15,65,-35.75,strategy_S9-150:NIFTY:2026-04-10T13:24:30:LONG
2026-04-10,13:26:00,2026-04-10,13:26:48,NIFTY,BUY,24002.1,24007.9,NIFTY13APR2624000CE,24000.0,CE,149.45,151.15,150.0,150.0,150.0,150.0,0.001674,0.002313,ws,ws,book_ladder,book_ladder,False,False,-0.55,1.15,65,110.5,strategy_S9-150:NIFTY:2026-04-10T13:26:00:LONG
2026-04-10,13:27:35,2026-04-10,13:27:53,NIFTY,SELL,24003.3,24003.3,NIFTY13APR2624050PE,24050.0,PE,164.45,165.85,165.0,165.0,165.0,165.0,0.000913,0.000904,ws,ws,book_ladder,book_ladder,False,False,-0.55,0.85,65,91.0,strategy_S9-150:NIFTY:2026-04-10T13:27:35:SHORT
2026-04-10,13:29:00,2026-04-10,13:29:23,NIFTY,BUY,24007.2,24006.9,NIFTY13APR2624000CE,24000.0,CE,150.4,149.9,155.0,145.0,155.0,145.0,0.001997,0.001333,ws,ws,book_ladder,book_ladder,False,False,-4.6,4.9,65,-32.5,strategy_S9-150:NIFTY:2026-04-10T13:29:00:LONG
2026-04-10,13:30:03,2026-04-10,13:30:27,NIFTY,BUY,24009.45,24007.25,NIFTY13APR2624000CE,24000.0,CE,151.0,150.55,155.0,150.0,155.0,150.0,0.001657,0.002322,ws,ws,book_ladder,book_ladder,False,False,-4.0,0.55,65,-29.25,strategy_S9-150:NIFTY:2026-04-10T13:30:03:LONG
2026-04-10,13:32:00,2026-04-10,13:32:12,NIFTY,BUY,24010.6,24009.7,NIFTY13APR2624000CE,24000.0,CE,151.2,151.35,155.0,150.0,155.0,150.0,0.000662,0.00231,ws,ws,book_ladder,book_ladder,False,False,-3.8,1.35,65,9.75,strategy_S9-150:NIFTY:2026-04-10T13:32:00:LONG
2026-04-10,13:32:29,2026-04-10,13:32:50,NIFTY,BUY,24013.05,24012.6,NIFTY13APR2624000CE,24000.0,CE,152.05,153.05,155.0,150.0,155.0,150.0,0.002305,0.00261,ws,ws,book_ladder,book_ladder,False,False,-2.95,3.05,65,65.0,strategy_S9-150:NIFTY:2026-04-10T13:32:29:LONG
2026-04-10,13:33:00,2026-04-10,13:33:12,NIFTY,BUY,24016.5,24013.85,NIFTY13APR2624000CE,24000.0,CE,154.7,153.5,155.0,150.0,155.0,150.0,0.001617,0.002278,ws,ws,book_ladder,book_ladder,False,False,-0.3,3.5,65,-78.0,strategy_S9-150:NIFTY:2026-04-10T13:33:00:LONG
2026-04-10,13:34:02,2026-04-10,13:34:16,NIFTY,SELL,24007.45,24006.25,NIFTY13APR2624050PE,24050.0,PE,164.8,164.5,165.0,160.0,165.0,160.0,0.002126,0.001822,ws,ws,book_ladder,book_ladder,False,False,-0.2,4.5,65,-19.5,strategy_S9-150:NIFTY:2026-04-10T13:34:02:SHORT
2026-04-10,13:34:55,2026-04-10,13:35:00,NIFTY,SELL,24003.75,24006.15,NIFTY13APR2624050PE,24050.0,PE,164.35,164.5,165.0,160.0,165.0,160.0,0.002132,0.001215,ws,ws,book_ladder,book_ladder,False,False,-0.65,4.5,65,9.75,strategy_S9-150:NIFTY:2026-04-10T13:34:55:SHORT
2026-04-10,13:35:47,2026-04-10,13:36:00,NIFTY,SELL,24003.85,24002.2,NIFTY13APR2624050PE,24050.0,PE,164.85,166.7,165.0,165.0,165.0,165.0,0.00091,0.002097,ws,ws,book_ladder,book_ladder,False,False,-0.15,1.7,65,120.25,strategy_S9-150:NIFTY:2026-04-10T13:35:47:SHORT
2026-04-10,13:36:20,2026-04-10,13:36:45,NIFTY,BUY,24008.95,24006.8,NIFTY13APR2624000CE,24000.0,CE,148.0,147.3,150.0,145.0,150.0,145.0,0.001352,0.002712,ws,ws,book_ladder,book_ladder,False,False,-2.0,2.3,65,-45.5,strategy_S9-150:NIFTY:2026-04-10T13:36:20:LONG
2026-04-10,13:37:35,2026-04-10,13:37:42,NIFTY,BUY,24008.3,24007.25,NIFTY13APR2624000CE,24000.0,CE,149.4,148.9,150.0,145.0,150.0,145.0,0.002345,0.002348,ws,ws,book_ladder,book_ladder,False,False,-0.6,3.9,65,-32.5,strategy_S9-150:NIFTY:2026-04-10T13:37:35:LONG
2026-04-10,13:37:51,2026-04-10,13:37:55,NIFTY,BUY,24009.45,24007.55,NIFTY13APR2624000CE,24000.0,CE,150.0,148.6,150.0,145.0,150.0,145.0,0.002336,0.002353,ws,ws,book_ladder,book_ladder,False,False,0.0,3.6,65,-91.0,strategy_S9-150:NIFTY:2026-04-10T13:37:51:LONG
2026-04-10,13:39:40,2026-04-10,13:40:27,NIFTY,BUY,24011.25,24013.35,NIFTY13APR2624000CE,24000.0,CE,151.5,154.2,155.0,150.0,155.0,150.0,0.002313,0.002267,ws,ws,book_ladder,book_ladder,False,False,-3.5,4.2,65,175.5,strategy_S9-150:NIFTY:2026-04-10T13:39:40:LONG
2026-04-10,13:41:00,2026-04-10,13:41:25,NIFTY,BUY,24015.25,24015.7,NIFTY13APR2624000CE,24000.0,CE,154.5,154.55,155.0,150.0,155.0,150.0,0.002592,0.002585,ws,ws,book_ladder,book_ladder,False,False,-0.5,4.55,65,3.25,strategy_S9-150:NIFTY:2026-04-10T13:41:00:LONG
2026-04-10,13:41:30,2026-04-10,13:41:54,NIFTY,BUY,24017.55,24016.95,NIFTY13APR2624000CE,24000.0,CE,156.1,155.1,160.0,155.0,160.0,155.0,0.001282,0.001932,ws,ws,book_ladder,book_ladder,False,False,-3.9,0.1,65,-65.0,strategy_S9-150:NIFTY:2026-04-10T13:41:30:LONG
2026-04-10,13:42:08,2026-04-10,13:42:21,NIFTY,BUY,24022.25,24022.0,NIFTY13APR2624000CE,24000.0,CE,157.6,158.85,160.0,155.0,160.0,155.0,0.001905,0.002201,ws,ws,book_ladder,book_ladder,False,False,-2.4,3.85,65,81.25,strategy_S9-150:NIFTY:2026-04-10T13:42:08:LONG
2026-04-10,13:43:45,2026-04-10,13:43:47,NIFTY,BUY,24025.3,24023.4,NIFTY13APR2624000CE,24000.0,CE,161.4,160.8,165.0,160.0,165.0,160.0,0.002171,0.002174,ws,ws,book_ladder,book_ladder,False,False,-3.6,0.8,65,-39.0,strategy_S9-150:NIFTY:2026-04-10T13:43:45:LONG
2026-04-10,13:45:32,2026-04-10,13:45:36,NIFTY,BUY,24025.3,24021.45,NIFTY13APR2624000CE,24000.0,CE,159.7,160.25,160.0,160.0,160.0,160.0,0.002194,0.002182,ws,ws,book_ladder,book_ladder,False,False,-0.3,0.25,65,35.75,strategy_S9-150:NIFTY:2026-04-10T13:45:32:LONG
2026-04-10,13:46:00,2026-04-10,13:46:17,NIFTY,BUY,24027.7,24022.45,NIFTY13APR2624000CE,24000.0,CE,163.4,163.3,165.0,160.0,165.0,160.0,0.002451,0.002752,ws,ws,book_ladder,book_ladder,False,False,-1.6,3.3,65,-6.5,strategy_S9-150:NIFTY:2026-04-10T13:46:00:LONG
2026-04-10,13:47:29,2026-04-10,13:47:30,NIFTY,SELL,24023.8,24026.05,NIFTY13APR2624050PE,24050.0,PE,153.2,153.1,155.0,150.0,155.0,150.0,0.001306,0.002283,ws,ws,book_ladder,book_ladder,False,False,-1.8,3.1,65,-6.5,strategy_S9-150:NIFTY:2026-04-10T13:47:29:SHORT
2026-04-10,13:48:02,2026-04-10,13:48:41,NIFTY,SELL,24021.0,24013.8,NIFTY13APR2624050PE,24050.0,PE,155.7,160.3,160.0,160.0,160.0,160.0,0.001929,0.002492,ws,ws,book_ladder,book_ladder,False,False,-4.3,0.3,65,299.0,strategy_S9-150:NIFTY:2026-04-10T13:48:02:SHORT
2026-04-10,13:50:14,2026-04-10,13:50:15,NIFTY,SELL,24006.45,24008.6,NIFTY13APR2624050PE,24050.0,PE,160.9,160.3,165.0,160.0,165.0,160.0,0.002178,0.002181,ws,ws,book_ladder,book_ladder,False,False,-4.1,0.3,65,-39.0,strategy_S9-150:NIFTY:2026-04-10T13:50:14:SHORT
2026-04-10,13:51:16,2026-04-10,13:51:37,NIFTY,SELL,24004.45,24006.5,NIFTY13APR2624050PE,24050.0,PE,159.6,159.3,160.0,155.0,160.0,155.0,0.001254,0.001881,ws,ws,book_ladder,book_ladder,False,False,-0.4,4.3,65,-19.5,strategy_S9-150:NIFTY:2026-04-10T13:51:16:SHORT
2026-04-10,13:51:58,2026-04-10,13:52:25,NIFTY,BUY,24015.05,24019.05,NIFTY13APR2624000CE,24000.0,CE,156.45,156.35,160.0,155.0,160.0,155.0,0.00256,0.002555,ws,ws,book_ladder,book_ladder,False,False,-3.55,1.35,65,-6.5,strategy_S9-150:NIFTY:2026-04-10T13:51:58:LONG
2026-04-10,13:53:45,2026-04-10,13:53:53,NIFTY,BUY,24021.0,24019.55,NIFTY13APR2624000CE,24000.0,CE,156.5,155.45,160.0,155.0,160.0,155.0,0.001919,0.00257,ws,ws,book_ladder,book_ladder,False,False,-3.5,0.45,65,-68.25,strategy_S9-150:NIFTY:2026-04-10T13:53:45:LONG
2026-04-10,13:56:30,2026-04-10,13:56:44,NIFTY,BUY,24022.3,24021.3,NIFTY13APR2624000CE,24000.0,CE,159.7,159.3,160.0,155.0,160.0,155.0,0.002508,0.002508,ws,ws,book_ladder,book_ladder,False,False,-0.3,4.3,65,-26.0,strategy_S9-150:NIFTY:2026-04-10T13:56:30:LONG
2026-04-10,13:57:05,2026-04-10,13:57:35,NIFTY,BUY,24022.85,24023.15,NIFTY13APR2624000CE,24000.0,CE,160.0,159.95,160.0,160.0,160.0,155.0,0.000938,0.002498,ws,ws,book_ladder,book_ladder,False,True,0.0,-0.05,65,-3.25,strategy_S9-150:NIFTY:2026-04-10T13:57:05:LONG
2026-04-10,13:57:52,2026-04-10,13:58:29,NIFTY,BUY,24025.55,24026.1,NIFTY13APR2624000CE,24000.0,CE,160.55,161.8,165.0,160.0,165.0,160.0,0.002807,0.002161,ws,ws,book_ladder,book_ladder,False,False,-4.45,1.8,65,81.25,strategy_S9-150:NIFTY:2026-04-10T13:57:52:LONG
2026-04-10,13:58:49,2026-04-10,13:59:25,NIFTY,BUY,24031.6,24035.4,NIFTY13APR2624000CE,24000.0,CE,166.65,168.0,170.0,165.0,170.0,165.0,0.002403,0.002081,ws,ws,book_ladder,book_ladder,False,False,-3.35,3.0,65,87.75,strategy_S9-150:NIFTY:2026-04-10T13:58:49:LONG
2026-04-10,13:59:30,2026-04-10,13:59:55,NIFTY,BUY,24036.95,24042.05,NIFTY13APR2624000CE,24000.0,CE,168.2,172.5,170.0,170.0,170.0,170.0,0.002381,0.001738,ws,ws,book_ladder,book_ladder,False,False,-1.8,2.5,65,279.5,strategy_S9-150:NIFTY:2026-04-10T13:59:30:LONG
2026-04-10,14:00:15,2026-04-10,14:00:24,NIFTY,BUY,24047.05,24045.45,NIFTY13APR2624000CE,24000.0,CE,176.25,174.25,180.0,170.0,180.0,170.0,0.002556,0.002579,ws,ws,book_ladder,book_ladder,False,False,-3.75,4.25,65,-130.0,strategy_S9-150:NIFTY:2026-04-10T14:00:15:LONG
2026-04-10,14:01:49,2026-04-10,14:02:12,NIFTY,BUY,24042.25,24040.3,NIFTY13APR2624000CE,24000.0,CE,173.0,172.85,175.0,170.0,175.0,170.0,0.002025,0.001734,ws,ws,book_ladder,book_ladder,False,False,-2.0,2.85,65,-9.75,strategy_S9-150:NIFTY:2026-04-10T14:01:49:LONG
2026-04-10,14:02:55,2026-04-10,14:03:00,NIFTY,SELL,24030.75,24032.8,NIFTY13APR2624050PE,24050.0,PE,146.3,145.1,150.0,145.0,150.0,145.0,0.002053,0.002753,ws,ws,book_ladder,book_ladder,False,False,-3.7,0.1,65,-78.0,strategy_S9-150:NIFTY:2026-04-10T14:02:55:SHORT
2026-04-10,14:03:36,2026-04-10,14:03:45,NIFTY,SELL,24029.25,24030.65,NIFTY13APR2624050PE,24050.0,PE,144.85,144.95,145.0,145.0,145.0,140.0,0.001727,0.002412,ws,ws,book_ladder,book_ladder,False,True,-0.15,-0.05,65,6.5,strategy_S9-150:NIFTY:2026-04-10T14:03:36:SHORT
2026-04-10,14:05:11,2026-04-10,14:05:20,NIFTY,BUY,24035.1,24036.1,NIFTY13APR2624000CE,24000.0,CE,169.85,168.75,170.0,165.0,170.0,165.0,0.002063,0.002072,ws,ws,book_ladder,book_ladder,False,False,-0.15,3.75,65,-71.5,strategy_S9-150:NIFTY:2026-04-10T14:05:11:LONG
2026-04-10,14:06:00,2026-04-10,14:06:06,NIFTY,BUY,24036.9,24034.1,NIFTY13APR2624000CE,24000.0,CE,169.4,168.1,170.0,165.0,170.0,165.0,0.00266,0.00208,ws,ws,book_ladder,book_ladder,False,False,-0.6,3.1,65,-84.5,strategy_S9-150:NIFTY:2026-04-10T14:06:00:LONG
2026-04-10,14:06:35,2026-04-10,14:06:43,NIFTY,SELL,24029.6,24030.3,NIFTY13APR2624050PE,24050.0,PE,143.85,144.6,145.0,140.0,145.0,140.0,0.002785,0.001727,ws,ws,book_ladder,book_ladder,False,False,-1.15,4.6,65,48.75,strategy_S9-150:NIFTY:2026-04-10T14:06:35:SHORT
2026-04-10,14:07:55,2026-04-10,14:08:00,NIFTY,SELL,24030.1,24032.55,NIFTY13APR2624050PE,24050.0,PE,145.6,144.9,150.0,140.0,150.0,140.0,0.002063,0.001724,ws,ws,book_ladder,book_ladder,False,False,-4.4,4.9,65,-45.5,strategy_S9-150:NIFTY:2026-04-10T14:07:55:SHORT
2026-04-10,14:08:17,2026-04-10,14:08:30,NIFTY,SELL,24028.75,24029.1,NIFTY13APR2624050PE,24050.0,PE,146.6,146.85,150.0,145.0,150.0,145.0,0.000341,0.00272,ws,ws,book_ladder,book_ladder,False,False,-3.4,1.85,65,16.25,strategy_S9-150:NIFTY:2026-04-10T14:08:17:SHORT
2026-04-10,14:09:38,2026-04-10,14:09:49,NIFTY,SELL,24025.45,24028.3,NIFTY13APR2624050PE,24050.0,PE,147.0,145.7,150.0,145.0,150.0,145.0,0.002043,0.001372,ws,ws,book_ladder,book_ladder,False,False,-3.0,0.7,65,-84.5,strategy_S9-150:NIFTY:2026-04-10T14:09:38:SHORT
2026-04-10,14:10:00,2026-04-10,14:10:18,NIFTY,BUY,24033.15,24033.95,NIFTY13APR2624000CE,24000.0,CE,167.1,166.0,170.0,165.0,170.0,165.0,0.002097,0.001204,ws,ws,book_ladder,book_ladder,False,False,-2.9,1.0,65,-71.5,strategy_S9-150:NIFTY:2026-04-10T14:10:00:LONG
2026-04-10,14:11:22,2026-04-10,14:11:41,NIFTY,BUY,24036.95,24036.15,NIFTY13APR2624000CE,24000.0,CE,167.75,167.5,170.0,165.0,170.0,165.0,0.001193,0.002087,ws,ws,book_ladder,book_ladder,False,False,-2.25,2.5,65,-16.25,strategy_S9-150:NIFTY:2026-04-10T14:11:22:LONG
2026-04-10,14:13:00,2026-04-10,14:13:31,NIFTY,BUY,24042.1,24045.05,NIFTY13APR2624000CE,24000.0,CE,171.0,172.0,175.0,170.0,175.0,170.0,0.002635,0.002323,ws,ws,book_ladder,book_ladder,False,False,-4.0,2.0,65,65.0,strategy_S9-150:NIFTY:2026-04-10T14:13:00:LONG
2026-04-10,14:14:25,2026-04-10,14:14:45,NIFTY,SELL,24023.85,24020.75,NIFTY13APR2624050PE,24050.0,PE,145.75,153.35,150.0,150.0,150.0,150.0,0.001717,0.000978,ws,ws,book_ladder,book_ladder,False,False,-4.25,3.35,65,494.0,strategy_S9-150:NIFTY:2026-04-10T14:14:25:SHORT
2026-04-10,14:15:08,2026-04-10,14:15:46,NIFTY,SELL,24013.25,23956.25,NIFTY13APR2624050PE,24050.0,PE,156.9,187.7,160.0,185.0,160.0,185.0,0.002233,0.002395,ws,ws,book_ladder,book_ladder,False,False,-3.1,2.7,65,2002.0,strategy_S9-150:NIFTY:2026-04-10T14:15:08:SHORT
2026-04-10,14:16:45,2026-04-10,14:17:00,NIFTY,SELL,23966.7,23964.75,NIFTY13APR2624000PE,24000.0,PE,159.35,161.65,160.0,160.0,160.0,160.0,0.002513,0.002163,ws,ws,book_ladder,book_ladder,False,False,-0.65,1.65,65,149.5,strategy_S9-150:NIFTY:2026-04-10T14:16:45:SHORT
2026-04-10,14:17:30,2026-04-10,14:17:52,NIFTY,BUY,23979.25,23990.2,NIFTY13APR2623950CE,23950.0,CE,158.95,164.9,160.0,165.0,160.0,160.0,0.001574,0.002423,ws,ws,book_ladder,book_ladder,False,True,-1.05,-0.1,65,386.75,strategy_S9-150:NIFTY:2026-04-10T14:17:30:LONG
2026-04-10,14:18:57,2026-04-10,14:19:01,NIFTY,BUY,23994.7,23992.4,NIFTY13APR2623950CE,23950.0,CE,168.2,166.15,170.0,165.0,170.0,165.0,0.002381,0.002405,ws,ws,book_ladder,book_ladder,False,False,-1.8,1.15,65,-133.25,strategy_S9-150:NIFTY:2026-04-10T14:18:57:LONG
2026-04-10,14:19:45,2026-04-10,14:20:26,NIFTY,BUY,23995.65,23996.45,NIFTY13APR2623950CE,23950.0,CE,168.9,167.25,170.0,165.0,170.0,165.0,0.002371,0.00209,ws,ws,book_ladder,book_ladder,False,False,-1.1,2.25,65,-107.25,strategy_S9-150:NIFTY:2026-04-10T14:19:45:LONG
2026-04-10,14:20:45,2026-04-10,14:21:10,NIFTY,BUY,23999.3,24001.3,NIFTY13APR2623950CE,23950.0,CE,170.95,169.05,175.0,165.0,175.0,165.0,0.002343,0.002363,ws,ws,book_ladder,book_ladder,False,False,-4.05,4.05,65,-123.5,strategy_S9-150:NIFTY:2026-04-10T14:20:45:LONG
2026-04-10,14:21:45,2026-04-10,14:22:10,NIFTY,BUY,24003.85,24002.75,NIFTY13APR2624000CE,24000.0,CE,143.75,143.15,145.0,140.0,145.0,140.0,0.002438,0.001396,ws,ws,book_ladder,book_ladder,False,False,-1.25,3.15,65,-39.0,strategy_S9-150:NIFTY:2026-04-10T14:21:45:LONG
2026-04-10,14:22:17,2026-04-10,14:22:45,NIFTY,SELL,23998.7,23998.6,NIFTY13APR2624000PE,24000.0,PE,142.8,144.65,145.0,140.0,145.0,140.0,0.002454,0.002417,ws,ws,book_ladder,book_ladder,False,False,-2.2,4.65,65,120.25,strategy_S9-150:NIFTY:2026-04-10T14:22:17:SHORT
2026-04-10,14:23:59,2026-04-10,14:24:15,NIFTY,SELL,23967.4,23962.9,NIFTY13APR2624000PE,24000.0,PE,159.7,161.55,160.0,160.0,160.0,160.0,0.002508,0.002782,ws,ws,book_ladder,book_ladder,False,False,-0.3,1.55,65,120.25,strategy_S9-150:NIFTY:2026-04-10T14:23:59:SHORT
2026-04-10,14:24:45,2026-04-10,14:25:13,NIFTY,SELL,23960.6,23956.15,NIFTY13APR2624000PE,24000.0,PE,164.0,166.6,165.0,165.0,165.0,165.0,0.001831,0.0009,ws,ws,book_ladder,book_ladder,False,False,-1.0,1.6,65,169.0,strategy_S9-150:NIFTY:2026-04-10T14:24:45:SHORT
2026-04-10,14:25:30,2026-04-10,14:25:43,NIFTY,SELL,23950.75,23953.0,NIFTY13APR2624000PE,24000.0,PE,174.2,170.55,175.0,170.0,175.0,170.0,0.002299,0.002635,ws,ws,book_ladder,book_ladder,False,False,-0.8,0.55,65,-237.25,strategy_S9-150:NIFTY:2026-04-10T14:25:30:SHORT
2026-04-10,14:26:49,2026-04-10,14:27:09,NIFTY,BUY,23960.0,23964.3,NIFTY13APR2623950CE,23950.0,CE,146.0,147.65,150.0,145.0,150.0,145.0,0.0024,0.002368,ws,ws,book_ladder,book_ladder,False,False,-4.0,2.65,65,107.25,strategy_S9-150:NIFTY:2026-04-10T14:26:49:LONG
2026-04-10,14:27:32,2026-04-10,14:27:45,NIFTY,SELL,23955.05,23950.25,NIFTY13APR2624000PE,24000.0,PE,169.75,171.1,170.0,170.0,170.0,170.0,0.002064,0.002627,ws,ws,book_ladder,book_ladder,False,False,-0.25,1.1,65,87.75,strategy_S9-150:NIFTY:2026-04-10T14:27:32:SHORT
2026-04-10,14:28:14,2026-04-10,14:28:26,NIFTY,BUY,23965.4,23962.75,NIFTY13APR2623950CE,23950.0,CE,148.6,146.65,150.0,145.0,150.0,145.0,0.002021,0.002384,ws,ws,book_ladder,book_ladder,False,False,-1.4,1.65,65,-126.75,strategy_S9-150:NIFTY:2026-04-10T14:28:14:LONG
2026-04-10,14:28:45,2026-04-10,14:28:55,NIFTY,BUY,23966.3,23963.1,NIFTY13APR2623950CE,23950.0,CE,148.3,146.95,150.0,145.0,150.0,145.0,0.001687,0.002039,ws,ws,book_ladder,book_ladder,False,False,-1.7,1.95,65,-87.75,strategy_S9-150:NIFTY:2026-04-10T14:28:45:LONG
2026-04-10,14:29:15,2026-04-10,14:29:26,NIFTY,BUY,23965.8,23964.15,NIFTY13APR2623950CE,23950.0,CE,146.5,146.75,150.0,145.0,150.0,145.0,0.002392,0.001362,ws,ws,book_ladder,book_ladder,False,False,-3.5,1.75,65,16.25,strategy_S9-150:NIFTY:2026-04-10T14:29:15:LONG
2026-04-10,14:30:40,2026-04-10,14:31:03,NIFTY,BUY,23971.9,23974.7,NIFTY13APR2623950CE,23950.0,CE,149.65,149.0,150.0,145.0,150.0,145.0,0.002007,0.001676,ws,ws,book_ladder,book_ladder,False,False,-0.35,4.0,65,-42.25,strategy_S9-150:NIFTY:2026-04-10T14:30:40:LONG
2026-04-10,14:32:00,2026-04-10,14:32:17,NIFTY,BUY,23976.4,23976.25,NIFTY13APR2623950CE,23950.0,CE,148.25,148.95,150.0,145.0,150.0,145.0,0.001688,0.002682,ws,ws,book_ladder,book_ladder,False,False,-1.75,3.95,65,45.5,strategy_S9-150:NIFTY:2026-04-10T14:32:00:LONG
2026-04-10,14:33:15,2026-04-10,14:33:30,NIFTY,BUY,23980.9,23984.8,NIFTY13APR2623950CE,23950.0,CE,154.55,157.7,155.0,155.0,155.0,155.0,0.002267,0.002217,ws,ws,book_ladder,book_ladder,False,False,-0.45,2.7,65,204.75,strategy_S9-150:NIFTY:2026-04-10T14:33:15:LONG
2026-04-10,14:34:05,2026-04-10,14:34:30,NIFTY,SELL,23977.4,23975.3,NIFTY13APR2624000PE,24000.0,PE,159.85,158.7,160.0,155.0,160.0,155.0,0.002505,0.002203,ws,ws,book_ladder,book_ladder,False,False,-0.15,3.7,65,-74.75,strategy_S9-150:NIFTY:2026-04-10T14:34:05:SHORT
2026-04-10,14:34:59,2026-04-10,14:35:15,NIFTY,SELL,23962.85,23961.2,NIFTY13APR2624000PE,24000.0,PE,158.95,157.6,160.0,155.0,160.0,155.0,0.002204,0.002535,ws,ws,book_ladder,book_ladder,False,False,-1.05,2.6,65,-87.75,strategy_S9-150:NIFTY:2026-04-10T14:34:59:SHORT
2026-04-10,14:35:36,2026-04-10,14:35:45,NIFTY,SELL,23955.75,23955.35,NIFTY13APR2624000PE,24000.0,PE,159.5,160.85,160.0,160.0,160.0,160.0,0.002197,0.001863,ws,ws,book_ladder,book_ladder,False,False,-0.5,0.85,65,87.75,strategy_S9-150:NIFTY:2026-04-10T14:35:36:SHORT
2026-04-10,14:36:16,2026-04-10,14:36:30,NIFTY,SELL,23950.45,23949.85,NIFTY13APR2624000PE,24000.0,PE,167.8,168.95,170.0,165.0,170.0,165.0,0.002387,0.00266,ws,ws,book_ladder,book_ladder,False,False,-2.2,3.95,65,74.75,strategy_S9-150:NIFTY:2026-04-10T14:36:16:SHORT
2026-04-10,14:36:46,2026-04-10,14:36:55,NIFTY,BUY,23961.0,23960.3,NIFTY13APR2623950CE,23950.0,CE,147.0,147.95,150.0,145.0,150.0,145.0,0.001361,0.001351,ws,ws,book_ladder,book_ladder,False,False,-3.0,2.95,65,61.75,strategy_S9-150:NIFTY:2026-04-10T14:36:46:LONG
2026-04-10,14:38:00,2026-04-10,14:38:27,NIFTY,BUY,23963.6,23963.95,NIFTY13APR2623950CE,23950.0,CE,148.4,147.65,150.0,145.0,150.0,145.0,0.002024,0.002368,ws,ws,book_ladder,book_ladder,False,False,-1.6,2.65,65,-48.75,strategy_S9-150:NIFTY:2026-04-10T14:38:00:LONG
2026-04-10,14:38:32,2026-04-10,14:39:08,NIFTY,BUY,23967.75,23969.5,NIFTY13APR2623950CE,23950.0,CE,150.85,150.95,155.0,150.0,155.0,150.0,0.002655,0.002316,ws,ws,book_ladder,book_ladder,False,False,-4.15,0.95,65,6.5,strategy_S9-150:NIFTY:2026-04-10T14:38:32:LONG
2026-04-10,14:39:22,2026-04-10,14:39:46,NIFTY,BUY,23975.95,23975.25,NIFTY13APR2623950CE,23950.0,CE,153.6,152.25,155.0,150.0,155.0,150.0,0.002608,0.001313,ws,ws,book_ladder,book_ladder,False,False,-1.4,2.25,65,-87.75,strategy_S9-150:NIFTY:2026-04-10T14:39:22:LONG
2026-04-10,14:41:45,2026-04-10,14:42:01,NIFTY,BUY,23979.1,23984.0,NIFTY13APR2623950CE,23950.0,CE,153.9,156.65,155.0,155.0,155.0,155.0,0.001951,0.002232,ws,ws,book_ladder,book_ladder,False,False,-1.1,1.65,65,178.75,strategy_S9-150:NIFTY:2026-04-10T14:41:45:LONG
2026-04-10,14:42:45,2026-04-10,14:43:14,NIFTY,BUY,23984.45,23981.45,NIFTY13APR2623950CE,23950.0,CE,159.65,157.6,160.0,155.0,160.0,155.0,0.001881,0.002535,ws,ws,book_ladder,book_ladder,False,False,-0.35,2.6,65,-133.25,strategy_S9-150:NIFTY:2026-04-10T14:42:45:LONG
2026-04-10,14:43:55,2026-04-10,14:44:10,NIFTY,SELL,23979.0,23979.85,NIFTY13APR2624000PE,24000.0,PE,158.1,158.05,160.0,155.0,160.0,155.0,0.002216,0.002528,ws,ws,book_ladder,book_ladder,False,False,-1.9,3.05,65,-3.25,strategy_S9-150:NIFTY:2026-04-10T14:43:55:SHORT
2026-04-10,14:44:30,2026-04-10,14:44:57,NIFTY,BUY,23981.8,23982.35,NIFTY13APR2623950CE,23950.0,CE,156.6,158.45,160.0,155.0,160.0,155.0,0.002237,0.001892,ws,ws,book_ladder,book_ladder,False,False,-3.4,3.45,65,120.25,strategy_S9-150:NIFTY:2026-04-10T14:44:30:LONG
2026-04-10,14:45:14,2026-04-10,14:45:48,NIFTY,SELL,23971.85,23966.4,NIFTY13APR2624000PE,24000.0,PE,161.6,162.25,165.0,160.0,165.0,160.0,0.002168,0.00154,ws,ws,book_ladder,book_ladder,False,False,-3.4,2.25,65,42.25,strategy_S9-150:NIFTY:2026-04-10T14:45:14:SHORT
2026-04-10,14:46:23,2026-04-10,14:46:40,NIFTY,BUY,23975.7,23973.15,NIFTY13APR2623950CE,23950.0,CE,159.45,155.85,160.0,155.0,160.0,155.0,0.002197,0.001282,ws,ws,book_ladder,book_ladder,False,False,-0.55,0.85,65,-234.0,strategy_S9-150:NIFTY:2026-04-10T14:46:23:LONG
2026-04-10,14:47:01,2026-04-10,14:47:21,NIFTY,SELL,23965.95,23959.6,NIFTY13APR2624000PE,24000.0,PE,163.75,163.4,165.0,160.0,165.0,160.0,0.001528,0.001834,ws,ws,book_ladder,book_ladder,False,False,-1.25,3.4,65,-22.75,strategy_S9-150:NIFTY:2026-04-10T14:47:01:SHORT
2026-04-10,14:47:45,2026-04-10,14:47:57,NIFTY,BUY,23965.65,23965.75,NIFTY13APR2623950CE,23950.0,CE,156.35,154.75,160.0,150.0,160.0,150.0,0.002241,0.001614,ws,ws,book_ladder,book_ladder,False,False,-3.65,4.75,65,-104.0,strategy_S9-150:NIFTY:2026-04-10T14:47:45:LONG
2026-04-10,14:49:12,2026-04-10,14:49:28,NIFTY,BUY,23978.05,24002.45,NIFTY13APR2623950CE,23950.0,CE,162.4,174.2,165.0,170.0,165.0,170.0,0.002466,0.00258,ws,ws,book_ladder,book_ladder,False,False,-2.6,4.2,65,767.0,strategy_S9-150:NIFTY:2026-04-10T14:49:12:LONG
2026-04-10,14:51:00,2026-04-10,14:51:15,NIFTY,SELL,23992.9,23994.95,NIFTY13APR2624000PE,24000.0,PE,147.65,145.65,150.0,145.0,150.0,145.0,0.002034,0.002058,ws,ws,book_ladder,book_ladder,False,False,-2.35,0.65,65,-130.0,strategy_S9-150:NIFTY:2026-04-10T14:51:00:SHORT
2026-04-10,14:51:33,2026-04-10,14:51:48,NIFTY,BUY,23999.5,23996.85,NIFTY13APR2623950CE,23950.0,CE,177.0,175.2,180.0,175.0,180.0,175.0,0.001696,0.001711,ws,ws,book_ladder,book_ladder,False,False,-3.0,0.2,65,-117.0,strategy_S9-150:NIFTY:2026-04-10T14:51:33:LONG
2026-04-10,14:52:45,2026-04-10,14:52:55,NIFTY,BUY,24004.95,23999.2,NIFTY13APR2624000CE,24000.0,CE,150.65,148.4,155.0,145.0,155.0,145.0,0.001661,0.000674,ws,ws,book_ladder,book_ladder,False,False,-4.35,3.4,65,-146.25,strategy_S9-150:NIFTY:2026-04-10T14:52:45:LONG
2026-04-10,14:53:26,2026-04-10,14:54:01,NIFTY,BUY,24000.5,24001.7,NIFTY13APR2624000CE,24000.0,CE,145.85,144.5,150.0,140.0,150.0,140.0,0.002403,0.000692,ws,ws,book_ladder,book_ladder,False,False,-4.15,4.5,65,-87.75,strategy_S9-150:NIFTY:2026-04-10T14:53:26:LONG
2026-04-10,14:54:44,2026-04-10,14:54:57,NIFTY,SELL,23995.5,23995.95,NIFTY13APR2624000PE,24000.0,PE,146.4,144.85,150.0,140.0,150.0,140.0,0.002051,0.002069,ws,ws,book_ladder,book_ladder,False,False,-3.6,4.85,65,-100.75,strategy_S9-150:NIFTY:2026-04-10T14:54:44:SHORT
2026-04-10,14:55:30,2026-04-10,14:55:40,NIFTY,BUY,24002.3,23999.9,NIFTY13APR2624000CE,24000.0,CE,144.85,146.3,145.0,145.0,145.0,145.0,0.002419,0.002389,ws,ws,book_ladder,book_ladder,False,False,-0.15,1.3,65,94.25,strategy_S9-150:NIFTY:2026-04-10T14:55:30:LONG
2026-04-10,14:57:00,2026-04-10,14:57:08,NIFTY,BUY,24004.05,23998.6,NIFTY13APR2624000CE,24000.0,CE,147.75,147.0,150.0,145.0,150.0,145.0,0.002372,0.002717,ws,ws,book_ladder,book_ladder,False,False,-2.25,2.0,65,-48.75,strategy_S9-150:NIFTY:2026-04-10T14:57:00:LONG
2026-04-10,14:58:20,2026-04-10,14:58:46,NIFTY,BUY,24004.1,24004.55,NIFTY13APR2624000CE,24000.0,CE,147.75,147.3,150.0,145.0,150.0,145.0,0.002372,0.000339,ws,ws,book_ladder,book_ladder,False,False,-2.25,2.3,65,-29.25,strategy_S9-150:NIFTY:2026-04-10T14:58:20:LONG
2026-04-10,14:59:28,2026-04-10,14:59:30,NIFTY,SELL,23999.55,24001.25,NIFTY13APR2624000PE,24000.0,PE,143.0,142.8,145.0,140.0,145.0,140.0,0.00035,0.002099,ws,ws,book_ladder,book_ladder,False,False,-2.0,2.8,65,-13.0,strategy_S9-150:NIFTY:2026-04-10T14:59:28:SHORT
2026-04-10,14:59:51,2026-04-10,15:00:00,NIFTY,SELL,23997.75,23997.8,NIFTY13APR2624000PE,24000.0,PE,143.45,143.9,145.0,140.0,145.0,140.0,0.001744,0.002083,ws,ws,book_ladder,book_ladder,False,False,-1.55,3.9,65,29.25,strategy_S9-150:NIFTY:2026-04-10T14:59:51:SHORT
2026-04-10,15:00:30,2026-04-10,15:01:55,NIFTY,BUY,24005.6,24020.6,NIFTY13APR2624000CE,24000.0,CE,148.75,152.3,150.0,150.0,150.0,150.0,0.002356,0.001968,ws,ws,book_ladder,book_ladder,False,False,-1.25,2.3,65,230.75,strategy_S9-150:NIFTY:2026-04-10T15:00:30:LONG
2026-04-10,15:02:30,2026-04-10,15:02:40,NIFTY,SELL,24012.3,24014.65,NIFTY13APR2624050PE,24050.0,PE,163.45,160.05,165.0,160.0,165.0,160.0,0.00245,0.002808,ws,ws,book_ladder,book_ladder,False,False,-1.55,0.05,65,-221.0,strategy_S9-150:NIFTY:2026-04-10T15:02:30:SHORT
2026-04-10,15:03:00,2026-04-10,15:04:11,NIFTY,BUY,24022.15,24030.65,NIFTY13APR2624000CE,24000.0,CE,153.85,160.85,155.0,160.0,155.0,160.0,0.002603,0.002174,ws,ws,book_ladder,book_ladder,False,False,-1.15,0.85,65,455.0,strategy_S9-150:NIFTY:2026-04-10T15:03:00:LONG
2026-04-10,15:05:00,2026-04-10,15:06:27,NIFTY,BUY,24037.05,24053.1,NIFTY13APR2624000CE,24000.0,CE,162.3,171.0,165.0,170.0,165.0,170.0,0.002159,0.001169,ws,ws,book_ladder,book_ladder,False,False,-2.7,1.0,65,565.5,strategy_S9-150:NIFTY:2026-04-10T15:05:00:LONG
2026-04-10,15:07:33,2026-04-10,15:08:27,NIFTY,BUY,24052.7,24058.25,NIFTY13APR2624050CE,24050.0,CE,144.6,146.25,145.0,145.0,145.0,145.0,0.002423,0.002049,ws,ws,book_ladder,book_ladder,False,False,-0.4,1.25,65,107.25,strategy_S9-150:NIFTY:2026-04-10T15:07:33:LONG
2026-04-10,15:10:01,2026-04-10,15:11:27,NIFTY,BUY,24061.5,24066.35,NIFTY13APR2624050CE,24050.0,CE,146.85,150.8,150.0,150.0,150.0,150.0,0.001704,0.002649,ws,ws,book_ladder,book_ladder,False,False,-3.15,0.8,65,256.75,strategy_S9-150:NIFTY:2026-04-10T15:10:01:LONG
2026-04-10,15:11:50,2026-04-10,15:12:10,NIFTY,BUY,24068.75,24071.15,NIFTY13APR2624050CE,24050.0,CE,154.2,154.65,155.0,150.0,155.0,150.0,0.002272,0.002906,ws,ws,book_ladder,book_ladder,False,False,-0.8,4.65,65,29.25,strategy_S9-150:NIFTY:2026-04-10T15:11:50:LONG
2026-04-10,15:12:35,2026-04-10,15:12:51,NIFTY,SELL,24066.45,24063.05,NIFTY13APR2624100PE,24100.0,PE,157.8,158.35,160.0,155.0,160.0,155.0,0.00222,0.002523,ws,ws,book_ladder,book_ladder,False,False,-2.2,3.35,65,35.75,strategy_S9-150:NIFTY:2026-04-10T15:12:35:SHORT
2026-04-10,15:14:01,2026-04-10,15:14:10,NIFTY,SELL,24058.75,24060.5,NIFTY13APR2624100PE,24100.0,PE,159.15,158.25,160.0,155.0,160.0,155.0,0.002202,0.002209,ws,ws,book_ladder,book_ladder,False,False,-0.85,3.25,65,-58.5,strategy_S9-150:NIFTY:2026-04-10T15:14:01:SHORT
2026-04-10,15:14:45,2026-04-10,15:15:06,NIFTY,SELL,24057.5,24058.6,NIFTY13APR2624100PE,24100.0,PE,160.25,160.5,165.0,160.0,165.0,160.0,0.001874,0.0028,ws,ws,book_ladder,book_ladder,False,False,-4.75,0.5,65,16.25,strategy_S9-150:NIFTY:2026-04-10T15:14:45:SHORT
2026-04-10,15:15:34,2026-04-10,15:16:06,NIFTY,SELL,24055.05,24049.55,NIFTY13APR2624100PE,24100.0,PE,163.45,165.5,165.0,165.0,165.0,165.0,0.001531,0.002414,ws,ws,book_ladder,book_ladder,False,False,-1.55,0.5,65,133.25,strategy_S9-150:NIFTY:2026-04-10T15:15:34:SHORT
2026-04-10,15:16:16,2026-04-10,15:16:35,NIFTY,BUY,24053.25,24053.15,NIFTY13APR2624050CE,24050.0,CE,146.4,146.4,150.0,145.0,150.0,145.0,0.002051,0.002729,ws,ws,book_ladder,book_ladder,False,False,-3.6,1.4,65,0.0,strategy_S9-150:NIFTY:2026-04-10T15:16:16:LONG
2026-04-10,15:16:59,2026-04-10,15:17:43,NIFTY,BUY,24057.7,24057.8,NIFTY13APR2624050CE,24050.0,CE,147.6,146.45,150.0,145.0,150.0,145.0,0.002035,0.001706,ws,ws,book_ladder,book_ladder,False,False,-2.4,1.45,65,-74.75,strategy_S9-150:NIFTY:2026-04-10T15:16:59:LONG
2026-04-10,15:18:00,2026-04-10,15:18:14,NIFTY,SELL,24054.8,24056.7,NIFTY13APR2624100PE,24100.0,PE,164.3,164.3,165.0,160.0,165.0,160.0,0.002438,0.002432,ws,ws,book_ladder,book_ladder,False,False,-0.7,4.3,65,0.0,strategy_S9-150:NIFTY:2026-04-10T15:18:00:SHORT
2026-04-10,15:18:50,2026-04-10,15:19:00,NIFTY,BUY,24060.6,24058.25,NIFTY13APR2624050CE,24050.0,CE,148.0,146.3,150.0,145.0,150.0,145.0,0.002368,0.002389,ws,ws,book_ladder,book_ladder,False,False,-2.0,1.3,65,-110.5,strategy_S9-150:NIFTY:2026-04-10T15:18:50:LONG
2026-04-10,15:19:45,2026-04-10,15:20:01,NIFTY,SELL,24054.95,24055.4,NIFTY13APR2624100PE,24100.0,PE,165.35,165.6,170.0,165.0,170.0,165.0,0.002119,0.001509,ws,ws,book_ladder,book_ladder,False,False,-4.65,0.6,65,16.25,strategy_S9-150:NIFTY:2026-04-10T15:19:45:SHORT
2026-04-10,15:20:15,2026-04-10,15:20:37,NIFTY,SELL,24051.8,24052.95,NIFTY13APR2624100PE,24100.0,PE,167.45,164.7,170.0,160.0,170.0,160.0,0.002691,0.002426,ws,ws,book_ladder,book_ladder,False,False,-2.55,4.7,65,-178.75,strategy_S9-150:NIFTY:2026-04-10T15:20:15:SHORT
2026-04-10,15:20:50,2026-04-10,15:20:57,NIFTY,BUY,24057.05,24055.0,NIFTY13APR2624050CE,24050.0,CE,144.25,143.15,145.0,140.0,145.0,140.0,0.002429,0.002442,ws,ws,book_ladder,book_ladder,False,False,-0.75,3.15,65,-71.5,strategy_S9-150:NIFTY:2026-04-10T15:20:50:LONG
2026-04-10,15:21:10,2026-04-10,15:21:30,NIFTY,BUY,24061.35,24057.95,NIFTY13APR2624050CE,24050.0,CE,143.1,145.0,145.0,145.0,145.0,145.0,0.000699,0.002755,ws,ws,book_ladder,book_ladder,False,False,-1.9,0.0,65,123.5,strategy_S9-150:NIFTY:2026-04-10T15:21:10:LONG
2026-04-10,15:24:01,2026-04-10,15:24:06,NIFTY,BUY,24060.55,24057.7,NIFTY13APR2624050CE,24050.0,CE,145.35,145.1,150.0,145.0,150.0,145.0,0.000688,0.001721,ws,ws,book_ladder,book_ladder,False,False,-4.65,0.1,65,-16.25,strategy_S9-150:NIFTY:2026-04-10T15:24:01:LONG
2026-04-10,15:24:46,2026-04-10,15:24:51,NIFTY,SELL,24055.45,24058.05,NIFTY13APR2624100PE,24100.0,PE,163.8,163.7,165.0,160.0,165.0,160.0,0.002751,0.001831,ws,ws,book_ladder,book_ladder,False,False,-1.2,3.7,65,-6.5,strategy_S9-150:NIFTY:2026-04-10T15:24:46:SHORT
2026-04-10,15:25:00,2026-04-10,15:25:10,NIFTY,SELL,24054.4,24056.55,NIFTY13APR2624100PE,24100.0,PE,164.2,164.1,165.0,160.0,165.0,160.0,0.000305,0.002435,ws,ws,book_ladder,book_ladder,False,False,-0.8,4.1,65,-6.5,strategy_S9-150:NIFTY:2026-04-10T15:25:00:SHORT
