Entry_Date,Entry_Time,Exit_Date,Exit_Time,Underlying_Symbol,Strategy_Direction,Execution_Mode,Entry_Label,Exit_Label,Underlying_Entry_Price,Underlying_Exit_Price,Option_Symbol,Option_Strike,Option_Type,Option_Entry_Price,Option_Exit_Price,Entry_Fair_Value,Exit_Fair_Value,Entry_Limit_Price,Exit_Limit_Price,Entry_Spread_Pct,Exit_Spread_Pct,Entry_Quote_Source,Exit_Quote_Source,Entry_Pricing_Mode,Exit_Pricing_Mode,Entry_Repriced,Exit_Repriced,Entry_Slippage_vs_Fair,Exit_Slippage_vs_Fair,Qty,PnL,Trade_ID
2026-04-13,09:59:15,2026-04-13,09:59:28,NIFTY,BUY,TYPE_A,MID_ENTRY,MICROPRICE_EXIT,23673.1,23670.0,NIFTY13APR2623650CE,23650.0,CE,83.9,81.75,83.86,81.81,85.0,80.0,0.059648,0.061087,ws,ws,type_a_ladder,type_a_ladder,False,False,0.0375,-0.0571,65,-139.75,strategy_S9-149__TYPE_A:NIFTY:2026-04-13T09:59:15:LONG
2026-04-13,10:00:14,2026-04-13,10:00:46,NIFTY,SELL,TYPE_A,MID_ENTRY,MICROPRICE_EXIT,23664.95,23655.65,NIFTY13APR2623700PE,23700.0,PE,102.35,103.05,102.16,103.18,105.0,100.0,0.048912,0.048473,ws,ws,type_a_ladder,type_a_ladder,False,False,0.1944,-0.1333,65,45.5,strategy_S9-149__TYPE_A:NIFTY:2026-04-13T10:00:14:SHORT
2026-04-13,10:01:28,2026-04-13,10:02:06,NIFTY,BUY,TYPE_A,MID_ENTRY,MICROPRICE_EXIT,23661.55,23673.75,NIFTY13APR2623650CE,23650.0,CE,78.0,84.1,77.92,84.12,80.0,80.0,0.064144,0.059382,ws,ws,type_a_ladder,type_a_ladder,False,False,0.0842,-0.02,65,396.5,strategy_S9-149__TYPE_A:NIFTY:2026-04-13T10:01:28:LONG
2026-04-13,10:02:30,2026-04-13,10:02:40,NIFTY,SELL,TYPE_A,MID_ENTRY,MICROPRICE_EXIT,23667.15,23672.0,NIFTY13APR2623700PE,23700.0,PE,100.0,98.4,99.91,98.53,100.0,95.0,0.050025,0.050749,ws,ws,type_a_ladder,type_a_ladder,False,False,0.092,-0.125,65,-104.0,strategy_S9-149__TYPE_A:NIFTY:2026-04-13T10:02:30:SHORT
2026-04-13,10:03:04,2026-04-13,10:03:11,NIFTY,SELL,TYPE_A,MID_ENTRY,MICROPRICE_EXIT,23669.8,23671.75,NIFTY13APR2623700PE,23700.0,PE,99.2,98.35,99.02,98.52,100.0,95.0,0.05048,0.050774,ws,ws,type_a_ladder,type_a_ladder,False,False,0.18,-0.1667,65,-55.25,strategy_S9-149__TYPE_A:NIFTY:2026-04-13T10:03:04:SHORT
2026-04-13,10:04:02,2026-04-13,10:04:21,NIFTY,SELL,TYPE_A,MID_ENTRY,MICROPRICE_EXIT,23663.3,23667.0,NIFTY13APR2623700PE,23700.0,PE,101.85,100.6,101.77,100.81,105.0,100.0,0.049152,0.049628,ws,ws,type_a_ladder,type_a_ladder,False,False,0.0833,-0.208,65,-81.25,strategy_S9-149__TYPE_A:NIFTY:2026-04-13T10:04:02:SHORT
2026-04-13,10:04:40,2026-04-13,10:04:47,NIFTY,SELL,TYPE_A,MID_ENTRY,MICROPRICE_EXIT,23655.55,23660.45,NIFTY13APR2623700PE,23700.0,PE,105.35,100.5,105.18,100.69,110.0,100.0,0.047517,0.049689,ws,ws,type_a_ladder,type_a_ladder,False,False,0.1667,-0.1932,65,-315.25,strategy_S9-149__TYPE_A:NIFTY:2026-04-13T10:04:40:SHORT
2026-04-13,10:04:52,2026-04-13,10:05:31,NIFTY,BUY,TYPE_A,MID_ENTRY,MICROPRICE_EXIT,23666.5,23671.15,NIFTY13APR2623650CE,23650.0,CE,76.75,79.7,76.67,79.83,80.0,75.0,0.065232,0.062657,ws,ws,type_a_ladder,type_a_ladder,False,False,0.0833,-0.1333,65,191.75,strategy_S9-149__TYPE_A:NIFTY:2026-04-13T10:04:52:LONG
2026-04-13,10:05:42,2026-04-13,10:05:47,NIFTY,BUY,TYPE_A,MID_ENTRY,MICROPRICE_EXIT,23673.7,23671.2,NIFTY13APR2623650CE,23650.0,CE,81.4,81.65,81.28,81.82,85.0,80.0,0.061482,0.061162,ws,ws,type_a_ladder,type_a_ladder,False,False,0.125,-0.1667,65,16.25,strategy_S9-149__TYPE_A:NIFTY:2026-04-13T10:05:42:LONG
2026-04-13,10:06:07,2026-04-13,10:06:20,NIFTY,SELL,TYPE_A,MID_ENTRY,MICROPRICE_EXIT,23667.6,23665.45,NIFTY13APR2623700PE,23700.0,PE,99.8,101.05,99.66,101.21,100.0,100.0,0.050163,0.049407,ws,ws,type_a_ladder,type_a_ladder,False,False,0.1389,-0.1615,65,81.25,strategy_S9-149__TYPE_A:NIFTY:2026-04-13T10:06:07:SHORT
2026-04-13,10:06:47,2026-04-13,10:07:05,NIFTY,SELL,TYPE_A,MID_ENTRY,MICROPRICE_EXIT,23662.8,23664.15,NIFTY13APR2623700PE,23700.0,PE,102.2,102.2,102.08,102.36,105.0,100.0,0.048984,0.048864,ws,ws,type_a_ladder,type_a_ladder,False,False,0.1154,-0.1562,65,0.0,strategy_S9-149__TYPE_A:NIFTY:2026-04-13T10:06:47:SHORT
2026-04-13,10:07:11,2026-04-13,10:07:17,NIFTY,SELL,TYPE_A,MID_ENTRY,MICROPRICE_EXIT,23658.85,23660.55,NIFTY13APR2623700PE,23700.0,PE,104.4,101.65,104.31,101.8,105.0,100.0,0.04795,0.049128,ws,ws,type_a_ladder,type_a_ladder,False,False,0.0909,-0.15,65,-178.75,strategy_S9-149__TYPE_A:NIFTY:2026-04-13T10:07:11:SHORT
2026-04-13,10:07:23,2026-04-13,10:07:47,NIFTY,BUY,TYPE_A,MID_ENTRY,MICROPRICE_EXIT,23671.55,23671.7,NIFTY13APR2623650CE,23650.0,CE,80.8,79.35,80.62,79.46,85.0,75.0,0.061958,0.062933,ws,ws,type_a_ladder,type_a_ladder,False,False,0.1765,-0.1091,65,-94.25,strategy_S9-149__TYPE_A:NIFTY:2026-04-13T10:07:23:LONG
2026-04-13,10:08:00,2026-04-13,10:08:04,NIFTY,BUY,TYPE_A,MID_ENTRY,MICROPRICE_EXIT,23675.25,23668.6,NIFTY13APR2623650CE,23650.0,CE,80.9,80.1,80.81,80.18,85.0,80.0,0.061881,0.062344,ws,ws,type_a_ladder,type_a_ladder,False,False,0.0857,-0.08,65,-52.0,strategy_S9-149__TYPE_A:NIFTY:2026-04-13T10:08:00:LONG
2026-04-13,10:08:15,2026-04-13,10:08:32,NIFTY,SELL,TYPE_A,MID_ENTRY,MICROPRICE_EXIT,23664.1,23664.05,NIFTY13APR2623700PE,23700.0,PE,101.15,101.05,100.9,101.25,105.0,100.0,0.049505,0.049419,ws,ws,type_a_ladder,type_a_ladder,False,False,0.2526,-0.2045,65,-6.5,strategy_S9-149__TYPE_A:NIFTY:2026-04-13T10:08:15:SHORT
2026-04-13,10:08:40,2026-04-13,10:09:05,NIFTY,BUY,TYPE_A,MID_ENTRY,MICROPRICE_EXIT,23668.1,23665.3,NIFTY13APR2623650CE,23650.0,CE,77.5,75.8,77.46,75.82,80.0,75.0,0.064537,0.065898,ws,ws,type_a_ladder,type_a_ladder,False,False,0.0389,-0.0214,65,-110.5,strategy_S9-149__TYPE_A:NIFTY:2026-04-13T10:08:40:LONG
2026-04-13,10:09:20,2026-04-13,10:10:08,NIFTY,BUY,TYPE_A,MID_ENTRY,MICROPRICE_EXIT,23672.8,23670.1,NIFTY13APR2623650CE,23650.0,CE,79.85,78.5,79.8,78.66,80.0,75.0,0.062696,0.063613,ws,ws,type_a_ladder,type_a_ladder,False,False,0.05,-0.1619,65,-87.75,strategy_S9-149__TYPE_A:NIFTY:2026-04-13T10:09:20:LONG
2026-04-13,10:10:10,2026-04-13,10:10:22,NIFTY,SELL,TYPE_A,MID_ENTRY,MICROPRICE_EXIT,23667.95,23673.95,NIFTY13APR2623700PE,23700.0,PE,99.9,96.0,99.76,96.02,100.0,95.0,0.050088,0.052029,ws,ws,type_a_ladder,type_a_ladder,False,False,0.14,-0.02,65,-253.5,strategy_S9-149__TYPE_A:NIFTY:2026-04-13T10:10:10:SHORT
2026-04-13,10:10:46,2026-04-13,10:10:54,NIFTY,BUY,TYPE_A,MID_ENTRY,MICROPRICE_EXIT,23678.3,23672.55,NIFTY13APR2623650CE,23650.0,CE,83.0,80.65,82.9,80.84,85.0,80.0,0.060277,0.06192,ws,ws,type_a_ladder,type_a_ladder,False,False,0.099,-0.1905,65,-152.75,strategy_S9-149__TYPE_A:NIFTY:2026-04-13T10:10:46:LONG
2026-04-13,10:11:21,2026-04-13,10:11:31,NIFTY,SELL,TYPE_A,MID_ENTRY,MICROPRICE_EXIT,23666.5,23667.5,NIFTY13APR2623700PE,23700.0,PE,99.75,99.55,99.65,99.7,100.0,95.0,0.050188,0.050163,ws,ws,type_a_ladder,type_a_ladder,False,False,0.0978,-0.1538,65,-13.0,strategy_S9-149__TYPE_A:NIFTY:2026-04-13T10:11:21:SHORT
2026-04-13,10:11:48,2026-04-13,10:12:12,NIFTY,BUY,TYPE_A,MID_ENTRY,MICROPRICE_EXIT,23674.55,23673.65,NIFTY13APR2623650CE,23650.0,CE,80.75,81.55,80.68,81.63,85.0,80.0,0.061996,0.061237,ws,ws,type_a_ladder,type_a_ladder,False,False,0.0714,-0.0842,65,52.0,strategy_S9-149__TYPE_A:NIFTY:2026-04-13T10:11:48:LONG
2026-04-13,10:12:27,2026-04-13,10:12:35,NIFTY,BUY,TYPE_A,MID_ENTRY,MICROPRICE_EXIT,23679.7,23676.9,NIFTY13APR2623650CE,23650.0,CE,83.3,80.15,83.17,80.19,85.0,80.0,0.060114,0.062305,ws,ws,type_a_ladder,type_a_ladder,False,False,0.125,-0.04,65,-204.75,strategy_S9-149__TYPE_A:NIFTY:2026-04-13T10:12:27:LONG
2026-04-13,10:12:45,2026-04-13,10:12:54,NIFTY,SELL,TYPE_A,MID_ENTRY,MICROPRICE_EXIT,23673.0,23676.5,NIFTY13APR2623700PE,23700.0,PE,94.0,92.6,93.75,92.63,95.0,90.0,0.053277,0.053937,ws,ws,type_a_ladder,type_a_ladder,False,False,0.2484,-0.0286,65,-91.0,strategy_S9-149__TYPE_A:NIFTY:2026-04-13T10:12:45:SHORT
2026-04-13,10:13:00,2026-04-13,10:13:12,NIFTY,BUY,TYPE_A,MID_ENTRY,MICROPRICE_EXIT,23678.4,23674.9,NIFTY13APR2623650CE,23650.0,CE,80.35,79.65,80.26,79.77,85.0,75.0,0.062305,0.062716,ws,ws,type_a_ladder,type_a_ladder,False,False,0.0947,-0.12,65,-45.5,strategy_S9-149__TYPE_A:NIFTY:2026-04-13T10:13:00:LONG
2026-04-13,10:13:48,2026-04-13,10:13:55,NIFTY,SELL,TYPE_A,MID_ENTRY,MICROPRICE_EXIT,23665.8,23669.25,NIFTY13APR2623700PE,23700.0,PE,97.6,97.05,97.42,97.16,100.0,95.0,0.051295,0.051467,ws,ws,type_a_ladder,type_a_ladder,False,False,0.18,-0.1143,65,-35.75,strategy_S9-149__TYPE_A:NIFTY:2026-04-13T10:13:48:SHORT
2026-04-13,10:14:02,2026-04-13,10:14:29,NIFTY,SELL,TYPE_A,MID_ENTRY,MICROPRICE_EXIT,23661.7,23658.55,NIFTY13APR2623700PE,23700.0,PE,99.7,101.5,99.67,101.58,100.0,100.0,0.050213,0.049188,ws,ws,type_a_ladder,type_a_ladder,False,False,0.0312,-0.075,65,117.0,strategy_S9-149__TYPE_A:NIFTY:2026-04-13T10:14:02:SHORT
2026-04-13,10:15:08,2026-04-13,10:15:35,NIFTY,SELL,TYPE_A,MID_ENTRY,MICROPRICE_EXIT,23650.45,23649.1,NIFTY13APR2623700PE,23700.0,PE,105.6,107.5,105.49,107.72,110.0,105.0,0.047416,0.046447,ws,ws,type_a_ladder,type_a_ladder,False,False,0.1105,-0.2182,65,123.5,strategy_S9-149__TYPE_A:NIFTY:2026-04-13T10:15:08:SHORT
2026-04-13,10:15:42,2026-04-13,10:15:53,NIFTY,SELL,TYPE_A,MID_ENTRY,MICROPRICE_EXIT,23644.9,23647.9,NIFTY13APR2623650PE,23650.0,PE,80.4,79.0,80.36,79.12,85.0,75.0,0.062267,0.063211,ws,ws,type_a_ladder,type_a_ladder,False,False,0.0385,-0.1222,65,-91.0,strategy_S9-149__TYPE_A:NIFTY:2026-04-13T10:15:42:SHORT
2026-04-13,10:16:52,2026-04-13,10:17:17,NIFTY,SELL,TYPE_A,MID_ENTRY,MICROPRICE_EXIT,23637.7,23637.9,NIFTY13APR2623650PE,23650.0,PE,81.4,80.9,81.31,81.01,85.0,80.0,0.061463,0.061709,ws,ws,type_a_ladder,type_a_ladder,False,False,0.0929,-0.1087,65,-32.5,strategy_S9-149__TYPE_A:NIFTY:2026-04-13T10:16:52:SHORT
2026-04-13,10:17:41,2026-04-13,10:17:50,NIFTY,BUY,TYPE_A,MID_ENTRY,MICROPRICE_EXIT,23642.85,23642.15,NIFTY13APR2623600CE,23600.0,CE,88.7,87.35,88.48,87.43,90.0,85.0,0.056449,0.057159,ws,ws,type_a_ladder,type_a_ladder,False,False,0.2241,-0.0833,65,-87.75,strategy_S9-149__TYPE_A:NIFTY:2026-04-13T10:17:41:LONG
2026-04-13,10:18:10,2026-04-13,10:18:18,NIFTY,BUY,TYPE_A,MID_ENTRY,MICROPRICE_EXIT,23646.4,23644.35,NIFTY13APR2623600CE,23600.0,CE,87.95,88.2,87.89,88.32,90.0,85.0,0.056899,0.056609,ws,ws,type_a_ladder,type_a_ladder,False,False,0.06,-0.1176,65,16.25,strategy_S9-149__TYPE_A:NIFTY:2026-04-13T10:18:10:LONG
2026-04-13,10:18:22,2026-04-13,10:18:31,NIFTY,BUY,TYPE_A,MID_ENTRY,MICROPRICE_EXIT,23648.85,23649.7,NIFTY13APR2623600CE,23600.0,CE,89.0,90.3,88.81,90.41,90.0,90.0,0.056243,0.055325,ws,ws,type_a_ladder,type_a_ladder,False,False,0.1897,-0.1125,65,84.5,strategy_S9-149__TYPE_A:NIFTY:2026-04-13T10:18:22:LONG
2026-04-13,10:18:40,2026-04-13,10:19:08,NIFTY,BUY,TYPE_A,MID_ENTRY,MICROPRICE_EXIT,23654.7,23660.7,NIFTY13APR2623650CE,23650.0,CE,66.7,70.75,66.69,70.84,70.0,70.0,0.075075,0.070572,ws,ws,type_a_ladder,type_a_ladder,False,False,0.0078,-0.0909,65,263.25,strategy_S9-149__TYPE_A:NIFTY:2026-04-13T10:18:40:LONG
2026-04-13,10:19:28,2026-04-13,10:20:05,NIFTY,BUY,TYPE_A,MID_ENTRY,MICROPRICE_EXIT,23664.25,23671.5,NIFTY13APR2623650CE,23650.0,CE,71.25,75.65,71.21,75.8,75.0,75.0,0.070274,0.066007,ws,ws,type_a_ladder,type_a_ladder,False,False,0.04,-0.1478,65,286.0,strategy_S9-149__TYPE_A:NIFTY:2026-04-13T10:19:28:LONG
2026-04-13,10:20:31,2026-04-13,10:20:44,NIFTY,BUY,TYPE_A,MID_ENTRY,MICROPRICE_EXIT,23682.45,23683.9,NIFTY13APR2623650CE,23650.0,CE,79.05,83.45,78.98,83.49,80.0,80.0,0.063311,0.059862,ws,ws,type_a_ladder,type_a_ladder,False,False,0.0737,-0.0429,65,286.0,strategy_S9-149__TYPE_A:NIFTY:2026-04-13T10:20:31:LONG
2026-04-13,10:21:00,2026-04-13,10:21:42,NIFTY,BUY,TYPE_A,MID_ENTRY,MICROPRICE_EXIT,23691.25,23705.5,NIFTY13APR2623650CE,23650.0,CE,85.55,104.3,85.45,104.37,90.0,100.0,0.058497,0.047893,ws,ws,type_a_ladder,type_a_ladder,False,False,0.0955,-0.0667,65,1218.75,strategy_S9-149__TYPE_A:NIFTY:2026-04-13T10:21:00:LONG
2026-04-13,10:22:00,2026-04-13,10:22:25,NIFTY,BUY,TYPE_A,MID_ENTRY,MICROPRICE_EXIT,23710.5,23710.45,NIFTY13APR2623700CE,23700.0,CE,80.2,77.5,80.17,77.66,85.0,75.0,0.062422,0.064433,ws,ws,type_a_ladder,type_a_ladder,False,False,0.0286,-0.16,65,-175.5,strategy_S9-149__TYPE_A:NIFTY:2026-04-13T10:22:00:LONG
2026-04-13,10:22:40,2026-04-13,10:23:13,NIFTY,BUY,TYPE_A,MID_ENTRY,MICROPRICE_EXIT,23712.5,23716.9,NIFTY13APR2623700CE,23700.0,CE,79.85,80.05,79.67,80.08,80.0,80.0,0.062716,0.062383,ws,ws,type_a_ladder,type_a_ladder,False,False,0.1754,-0.0308,65,13.0,strategy_S9-149__TYPE_A:NIFTY:2026-04-13T10:22:40:LONG
2026-04-13,10:23:20,2026-04-13,10:23:35,NIFTY,SELL,TYPE_A,MID_ENTRY,MICROPRICE_EXIT,23710.05,23709.8,NIFTY13APR2623750PE,23750.0,PE,99.3,97.65,99.24,97.81,100.0,95.0,0.050416,0.051138,ws,ws,type_a_ladder,type_a_ladder,False,False,0.0577,-0.1591,65,-107.25,strategy_S9-149__TYPE_A:NIFTY:2026-04-13T10:23:20:SHORT
2026-04-13,10:24:02,2026-04-13,10:24:30,NIFTY,BUY,TYPE_A,MID_ENTRY,MICROPRICE_EXIT,23715.35,23717.95,NIFTY13APR2623700CE,23700.0,CE,81.15,81.65,81.01,81.67,85.0,80.0,0.061671,0.061143,ws,ws,type_a_ladder,type_a_ladder,False,False,0.1444,-0.0227,65,32.5,strategy_S9-149__TYPE_A:NIFTY:2026-04-13T10:24:02:LONG
2026-04-13,10:25:25,2026-04-13,10:25:39,NIFTY,SELL,TYPE_A,MID_ENTRY,MICROPRICE_EXIT,23705.9,23706.0,NIFTY13APR2623750PE,23750.0,PE,98.45,98.0,98.41,98.1,100.0,95.0,0.050865,0.050968,ws,ws,type_a_ladder,type_a_ladder,False,False,0.0429,-0.1,65,-29.25,strategy_S9-149__TYPE_A:NIFTY:2026-04-13T10:25:25:SHORT
2026-04-13,10:26:02,2026-04-13,10:26:21,NIFTY,SELL,TYPE_A,MID_ENTRY,MICROPRICE_EXIT,23706.75,23708.85,NIFTY13APR2623750PE,23750.0,PE,97.2,97.1,97.18,97.14,100.0,95.0,0.051493,0.051454,ws,ws,type_a_ladder,type_a_ladder,False,False,0.0167,-0.0375,65,-6.5,strategy_S9-149__TYPE_A:NIFTY:2026-04-13T10:26:02:SHORT
2026-04-13,10:26:50,2026-04-13,10:27:46,NIFTY,BUY,TYPE_A,MID_ENTRY,BID_EXIT_STAGE1,23710.95,23724.7,NIFTY13APR2623700CE,23700.0,CE,78.4,84.85,78.33,85.03,80.0,80.0,0.063857,0.058858,ws,ws,type_a_ladder,type_a_ladder,False,True,0.072,-0.1778,65,419.25,strategy_S9-149__TYPE_A:NIFTY:2026-04-13T10:26:50:LONG
2026-04-13,10:28:12,2026-04-13,10:28:41,NIFTY,SELL,TYPE_A,MID_ENTRY,MICROPRICE_EXIT,23725.75,23723.45,NIFTY13APR2623750PE,23750.0,PE,90.0,90.75,89.93,90.88,90.0,90.0,0.055633,0.055051,ws,ws,type_a_ladder,type_a_ladder,False,False,0.0673,-0.1286,65,48.75,strategy_S9-149__TYPE_A:NIFTY:2026-04-13T10:28:12:SHORT
2026-04-13,10:29:03,2026-04-13,10:29:22,NIFTY,SELL,TYPE_A,MID_ENTRY,MICROPRICE_EXIT,23718.65,23719.25,NIFTY13APR2623750PE,23750.0,PE,92.75,93.95,92.64,93.96,95.0,90.0,0.053981,0.053177,ws,ws,type_a_ladder,type_a_ladder,False,False,0.1146,-0.0115,65,78.0,strategy_S9-149__TYPE_A:NIFTY:2026-04-13T10:29:03:SHORT
2026-04-13,10:29:39,2026-04-13,10:29:41,NIFTY,BUY,TYPE_A,MID_ENTRY,MICROPRICE_EXIT,23722.75,23721.6,NIFTY13APR2623700CE,23700.0,CE,81.5,80.95,81.35,81.0,85.0,80.0,0.061425,0.061671,ws,ws,type_a_ladder,type_a_ladder,False,False,0.1538,-0.05,65,-35.75,strategy_S9-149__TYPE_A:NIFTY:2026-04-13T10:29:39:LONG
2026-04-13,10:30:05,2026-04-13,10:30:12,NIFTY,BUY,TYPE_A,MID_ENTRY,MICROPRICE_EXIT,23723.5,23721.05,NIFTY13APR2623700CE,23700.0,CE,81.45,80.55,81.43,80.62,85.0,80.0,0.061425,0.062035,ws,ws,type_a_ladder,type_a_ladder,False,False,0.0214,-0.075,65,-58.5,strategy_S9-149__TYPE_A:NIFTY:2026-04-13T10:30:05:LONG
2026-04-13,10:30:20,2026-04-13,10:30:48,NIFTY,BUY,TYPE_A,MID_ENTRY,MICROPRICE_EXIT,23725.1,23724.55,NIFTY13APR2623700CE,23700.0,CE,82.35,81.85,82.31,81.92,85.0,80.0,0.060735,0.061031,ws,ws,type_a_ladder,type_a_ladder,False,False,0.0375,-0.0682,65,-32.5,strategy_S9-149__TYPE_A:NIFTY:2026-04-13T10:30:20:LONG
2026-04-13,10:31:10,2026-04-13,10:32:04,NIFTY,SELL,TYPE_A,MID_ENTRY,MICROPRICE_EXIT,23724.1,23718.1,NIFTY13APR2623750PE,23750.0,PE,91.6,91.6,91.52,91.72,95.0,90.0,0.05466,0.05454,ws,ws,type_a_ladder,type_a_ladder,False,False,0.0833,-0.12,65,0.0,strategy_S9-149__TYPE_A:NIFTY:2026-04-13T10:31:10:SHORT
2026-04-13,10:32:45,2026-04-13,10:32:51,NIFTY,BUY,TYPE_A,MID_ENTRY,MICROPRICE_EXIT,23723.85,23720.9,NIFTY13APR2623700CE,23700.0,CE,81.2,80.8,81.11,80.95,85.0,80.0,0.061633,0.061786,ws,ws,type_a_ladder,type_a_ladder,False,False,0.0857,-0.15,65,-26.0,strategy_S9-149__TYPE_A:NIFTY:2026-04-13T10:32:45:LONG
2026-04-13,10:33:20,2026-04-13,10:33:52,NIFTY,SELL,TYPE_A,MID_ENTRY,MICROPRICE_EXIT,23718.65,23707.85,NIFTY13APR2623750PE,23750.0,PE,92.6,95.4,92.58,95.5,95.0,95.0,0.054054,0.052356,ws,ws,type_a_ladder,type_a_ladder,False,False,0.0174,-0.1,65,182.0,strategy_S9-149__TYPE_A:NIFTY:2026-04-13T10:33:20:SHORT
2026-04-13,10:34:33,2026-04-13,10:34:50,NIFTY,BUY,TYPE_A,MID_ENTRY,MICROPRICE_EXIT,23716.45,23715.0,NIFTY13APR2623700CE,23700.0,CE,77.0,76.6,76.97,76.72,80.0,75.0,0.064998,0.065168,ws,ws,type_a_ladder,type_a_ladder,False,False,0.0333,-0.123,65,-26.0,strategy_S9-149__TYPE_A:NIFTY:2026-04-13T10:34:33:LONG
2026-04-13,10:35:12,2026-04-13,10:35:29,NIFTY,BUY,TYPE_A,MID_ENTRY,MICROPRICE_EXIT,23719.15,23717.75,NIFTY13APR2623700CE,23700.0,CE,80.25,78.0,80.2,78.02,85.0,75.0,0.062383,0.064041,ws,ws,type_a_ladder,type_a_ladder,False,False,0.05,-0.0231,65,-146.25,strategy_S9-149__TYPE_A:NIFTY:2026-04-13T10:35:12:LONG
2026-04-13,10:35:44,2026-04-13,10:36:45,NIFTY,SELL,TYPE_A,MID_ENTRY,BID_EXIT_STAGE1,23714.15,23706.45,NIFTY13APR2623750PE,23750.0,PE,94.2,94.95,94.04,95.13,95.0,90.0,0.053135,0.052604,ws,ws,type_a_ladder,type_a_ladder,False,True,0.16,-0.1778,65,48.75,strategy_S9-149__TYPE_A:NIFTY:2026-04-13T10:35:44:SHORT
2026-04-13,10:36:52,2026-04-13,10:36:58,NIFTY,BUY,TYPE_A,MID_ENTRY,MICROPRICE_EXIT,23709.3,23705.8,NIFTY13APR2623700CE,23700.0,CE,75.1,72.45,74.96,72.6,80.0,70.0,0.066644,0.068918,ws,ws,type_a_ladder,type_a_ladder,False,False,0.1375,-0.1455,65,-172.25,strategy_S9-149__TYPE_A:NIFTY:2026-04-13T10:36:52:LONG
2026-04-13,10:37:10,2026-04-13,10:37:35,NIFTY,SELL,TYPE_A,MID_ENTRY,MICROPRICE_EXIT,23702.3,23703.25,NIFTY13APR2623750PE,23750.0,PE,97.6,98.4,97.51,98.58,100.0,95.0,0.051256,0.050761,ws,ws,type_a_ladder,type_a_ladder,False,False,0.0857,-0.1833,65,52.0,strategy_S9-149__TYPE_A:NIFTY:2026-04-13T10:37:10:SHORT
2026-04-13,10:37:40,2026-04-13,10:38:09,NIFTY,BUY,TYPE_A,MID_ENTRY,MICROPRICE_EXIT,23712.3,23713.25,NIFTY13APR2623700CE,23700.0,CE,73.7,75.25,73.61,75.3,75.0,75.0,0.067889,0.066357,ws,ws,type_a_ladder,type_a_ladder,False,False,0.09,-0.0462,65,100.75,strategy_S9-149__TYPE_A:NIFTY:2026-04-13T10:37:40:LONG
2026-04-13,10:38:11,2026-04-13,10:38:29,NIFTY,SELL,TYPE_A,MID_ENTRY,MICROPRICE_EXIT,23711.05,23710.7,NIFTY13APR2623750PE,23750.0,PE,94.8,93.3,94.77,93.38,95.0,90.0,0.052784,0.053562,ws,ws,type_a_ladder,type_a_ladder,False,False,0.0308,-0.075,65,-97.5,strategy_S9-149__TYPE_A:NIFTY:2026-04-13T10:38:11:SHORT
2026-04-13,10:38:53,2026-04-13,10:39:04,NIFTY,SELL,TYPE_A,MID_ENTRY,MICROPRICE_EXIT,23705.65,23708.2,NIFTY13APR2623750PE,23750.0,PE,95.75,94.05,95.68,94.19,100.0,90.0,0.052288,0.053121,ws,ws,type_a_ladder,type_a_ladder,False,False,0.0667,-0.135,65,-110.5,strategy_S9-149__TYPE_A:NIFTY:2026-04-13T10:38:53:SHORT
2026-04-13,10:39:10,2026-04-13,10:39:55,NIFTY,BUY,TYPE_A,MID_ENTRY,MICROPRICE_EXIT,23713.55,23729.75,NIFTY13APR2623700CE,23700.0,CE,77.3,82.7,77.26,82.86,80.0,80.0,0.064746,0.060386,ws,ws,type_a_ladder,type_a_ladder,False,False,0.0375,-0.1571,65,351.0,strategy_S9-149__TYPE_A:NIFTY:2026-04-13T10:39:10:LONG
2026-04-13,10:40:09,2026-04-13,10:40:14,NIFTY,BUY,TYPE_A,MID_ENTRY,MICROPRICE_EXIT,23734.6,23732.15,NIFTY13APR2623700CE,23700.0,CE,84.55,83.4,84.5,83.43,85.0,80.0,0.059189,0.059916,ws,ws,type_a_ladder,type_a_ladder,False,False,0.0536,-0.03,65,-74.75,strategy_S9-149__TYPE_A:NIFTY:2026-04-13T10:40:09:LONG
2026-04-13,10:41:06,2026-04-13,10:41:16,NIFTY,SELL,TYPE_A,MID_ENTRY,MICROPRICE_EXIT,23731.25,23734.05,NIFTY13APR2623750PE,23750.0,PE,85.0,82.55,84.86,82.61,85.0,80.0,0.058875,0.060496,ws,ws,type_a_ladder,type_a_ladder,False,False,0.14,-0.0625,65,-159.25,strategy_S9-149__TYPE_A:NIFTY:2026-04-13T10:41:06:SHORT
2026-04-13,10:41:20,2026-04-13,10:41:35,NIFTY,BUY,TYPE_A,MID_ENTRY,MICROPRICE_EXIT,23735.95,23731.1,NIFTY13APR2623700CE,23700.0,CE,86.9,84.35,86.78,84.42,90.0,80.0,0.057604,0.059224,ws,ws,type_a_ladder,type_a_ladder,False,False,0.1167,-0.075,65,-165.75,strategy_S9-149__TYPE_A:NIFTY:2026-04-13T10:41:20:LONG
2026-04-13,10:41:40,2026-04-13,10:42:00,NIFTY,SELL,TYPE_A,MID_ENTRY,MICROPRICE_EXIT,23722.45,23707.0,NIFTY13APR2623750PE,23750.0,PE,90.5,93.05,90.49,93.11,95.0,90.0,0.05531,0.053691,ws,ws,type_a_ladder,type_a_ladder,False,False,0.0105,-0.06,65,165.75,strategy_S9-149__TYPE_A:NIFTY:2026-04-13T10:41:40:SHORT
2026-04-13,10:42:50,2026-04-13,10:43:10,NIFTY,SELL,TYPE_A,MID_ENTRY,MICROPRICE_EXIT,23703.6,23703.1,NIFTY13APR2623750PE,23750.0,PE,99.0,97.7,98.83,97.85,100.0,95.0,0.050556,0.051112,ws,ws,type_a_ladder,type_a_ladder,False,False,0.1744,-0.15,65,-84.5,strategy_S9-149__TYPE_A:NIFTY:2026-04-13T10:42:50:SHORT
2026-04-13,10:43:21,2026-04-13,10:44:13,NIFTY,BUY,TYPE_A,MID_ENTRY,MICROPRICE_EXIT,23707.95,23715.9,NIFTY13APR2623700CE,23700.0,CE,69.45,76.35,69.42,76.44,70.0,75.0,0.072098,0.065402,ws,ws,type_a_ladder,type_a_ladder,False,False,0.0269,-0.0857,65,448.5,strategy_S9-149__TYPE_A:NIFTY:2026-04-13T10:43:21:LONG
2026-04-13,10:44:40,2026-04-13,10:44:54,NIFTY,BUY,TYPE_A,MID_ENTRY,MICROPRICE_EXIT,23726.0,23725.55,NIFTY13APR2623700CE,23700.0,CE,77.75,76.85,77.72,77.02,80.0,75.0,0.064392,0.064977,ws,ws,type_a_ladder,type_a_ladder,False,False,0.0333,-0.168,65,-58.5,strategy_S9-149__TYPE_A:NIFTY:2026-04-13T10:44:40:LONG
2026-04-13,10:45:11,2026-04-13,10:45:28,NIFTY,BUY,TYPE_A,MID_ENTRY,MICROPRICE_EXIT,23730.35,23736.1,NIFTY13APR2623700CE,23700.0,CE,80.95,82.0,80.83,82.13,85.0,80.0,0.061824,0.06092,ws,ws,type_a_ladder,type_a_ladder,False,False,0.1227,-0.1286,65,68.25,strategy_S9-149__TYPE_A:NIFTY:2026-04-13T10:45:11:LONG
2026-04-13,10:46:19,2026-04-13,10:47:00,NIFTY,BUY,TYPE_A,MID_ENTRY,MICROPRICE_EXIT,23738.05,23742.4,NIFTY13APR2623700CE,23700.0,CE,84.0,85.1,83.94,85.15,85.0,85.0,0.059559,0.058685,ws,ws,type_a_ladder,type_a_ladder,False,False,0.06,-0.0476,65,71.5,strategy_S9-149__TYPE_A:NIFTY:2026-04-13T10:46:19:LONG
2026-04-13,10:47:27,2026-04-13,10:47:46,NIFTY,SELL,TYPE_A,MID_ENTRY,MICROPRICE_EXIT,23735.5,23732.2,NIFTY13APR2623750PE,23750.0,PE,81.95,81.9,81.9,81.98,85.0,80.0,0.06105,0.060957,ws,ws,type_a_ladder,type_a_ladder,False,False,0.0529,-0.0833,65,-3.25,strategy_S9-149__TYPE_A:NIFTY:2026-04-13T10:47:27:SHORT
2026-04-13,10:48:03,2026-04-13,10:48:24,NIFTY,BUY,TYPE_A,MID_ENTRY,MICROPRICE_EXIT,23739.55,23741.15,NIFTY13APR2623700CE,23700.0,CE,83.7,84.3,83.63,84.49,85.0,80.0,0.059827,0.059224,ws,ws,type_a_ladder,type_a_ladder,False,False,0.0652,-0.1923,65,39.0,strategy_S9-149__TYPE_A:NIFTY:2026-04-13T10:48:03:LONG
2026-04-13,10:48:40,2026-04-13,10:48:49,NIFTY,BUY,TYPE_A,MID_ENTRY,MICROPRICE_EXIT,23745.8,23740.0,NIFTY13APR2623700CE,23700.0,CE,87.0,82.35,86.86,82.39,90.0,80.0,0.057537,0.060643,ws,ws,type_a_ladder,type_a_ladder,False,False,0.1431,-0.0364,65,-302.25,strategy_S9-149__TYPE_A:NIFTY:2026-04-13T10:48:40:LONG
2026-04-13,10:49:05,2026-04-13,10:49:25,NIFTY,SELL,TYPE_A,MID_ENTRY,MICROPRICE_EXIT,23737.15,23730.05,NIFTY13APR2623750PE,23750.0,PE,81.5,82.15,81.38,82.32,85.0,80.0,0.061406,0.06079,ws,ws,type_a_ladder,type_a_ladder,False,False,0.12,-0.1667,65,42.25,strategy_S9-149__TYPE_A:NIFTY:2026-04-13T10:49:05:SHORT
2026-04-13,10:49:52,2026-04-13,10:49:59,NIFTY,BUY,TYPE_A,MID_ENTRY,MICROPRICE_EXIT,23733.5,23731.3,NIFTY13APR2623700CE,23700.0,CE,81.0,79.6,80.8,79.63,85.0,75.0,0.061805,0.062735,ws,ws,type_a_ladder,type_a_ladder,False,False,0.1975,-0.03,65,-91.0,strategy_S9-149__TYPE_A:NIFTY:2026-04-13T10:49:52:LONG
2026-04-13,10:50:12,2026-04-13,10:50:24,NIFTY,BUY,TYPE_A,MID_ENTRY,MICROPRICE_EXIT,23734.4,23734.3,NIFTY13APR2623700CE,23700.0,CE,80.85,79.55,80.79,79.66,85.0,75.0,0.06192,0.062794,ws,ws,type_a_ladder,type_a_ladder,False,False,0.0571,-0.1071,65,-84.5,strategy_S9-149__TYPE_A:NIFTY:2026-04-13T10:50:12:LONG
2026-04-13,10:50:37,2026-04-13,10:50:52,NIFTY,BUY,TYPE_A,MID_ENTRY,MICROPRICE_EXIT,23738.75,23738.45,NIFTY13APR2623700CE,23700.0,CE,82.95,84.3,82.79,84.41,85.0,80.0,0.060368,0.059259,ws,ws,type_a_ladder,type_a_ladder,False,False,0.16,-0.105,65,87.75,strategy_S9-149__TYPE_A:NIFTY:2026-04-13T10:50:37:LONG
2026-04-13,10:51:30,2026-04-13,10:51:42,NIFTY,SELL,TYPE_A,MID_ENTRY,MICROPRICE_EXIT,23735.4,23739.0,NIFTY13APR2623750PE,23750.0,PE,80.9,81.25,80.88,81.38,85.0,80.0,0.061862,0.061444,ws,ws,type_a_ladder,type_a_ladder,False,False,0.0214,-0.1324,65,22.75,strategy_S9-149__TYPE_A:NIFTY:2026-04-13T10:51:30:SHORT
2026-04-13,10:51:58,2026-04-13,10:52:15,NIFTY,SELL,TYPE_A,MID_ENTRY,MICROPRICE_EXIT,23733.8,23736.85,NIFTY13APR2623750PE,23750.0,PE,82.4,79.75,82.3,79.86,85.0,75.0,0.060735,0.062598,ws,ws,type_a_ladder,type_a_ladder,False,False,0.1,-0.1136,65,-172.25,strategy_S9-149__TYPE_A:NIFTY:2026-04-13T10:51:58:SHORT
2026-04-13,10:52:20,2026-04-13,10:52:40,NIFTY,BUY,TYPE_A,MID_ENTRY,MICROPRICE_EXIT,23737.85,23742.65,NIFTY13APR2623700CE,23700.0,CE,83.85,84.2,83.8,84.29,85.0,80.0,0.059701,0.05933,ws,ws,type_a_ladder,type_a_ladder,False,False,0.05,-0.0923,65,22.75,strategy_S9-149__TYPE_A:NIFTY:2026-04-13T10:52:20:LONG
2026-04-13,10:52:52,2026-04-13,10:53:11,NIFTY,BUY,TYPE_A,MID_ENTRY,MICROPRICE_EXIT,23744.9,23748.8,NIFTY13APR2623700CE,23700.0,CE,86.0,88.4,85.98,88.47,90.0,85.0,0.058156,0.056481,ws,ws,type_a_ladder,type_a_ladder,False,False,0.0212,-0.0667,65,156.0,strategy_S9-149__TYPE_A:NIFTY:2026-04-13T10:52:52:LONG
2026-04-13,10:53:20,2026-04-13,10:53:28,NIFTY,BUY,TYPE_A,MID_ENTRY,MICROPRICE_EXIT,23753.25,23748.6,NIFTY13APR2623750CE,23750.0,CE,62.15,62.3,62.09,62.3,65.0,60.0,0.080515,0.080225,ws,ws,type_a_ladder,type_a_ladder,False,False,0.0556,-0.0045,65,9.75,strategy_S9-149__TYPE_A:NIFTY:2026-04-13T10:53:20:LONG
2026-04-13,10:53:55,2026-04-13,10:54:05,NIFTY,SELL,TYPE_A,MID_ENTRY,MICROPRICE_EXIT,23741.9,23745.5,NIFTY13APR2623750PE,23750.0,PE,76.9,75.15,76.84,75.2,80.0,75.0,0.065083,0.066445,ws,ws,type_a_ladder,type_a_ladder,False,False,0.0643,-0.05,65,-113.75,strategy_S9-149__TYPE_A:NIFTY:2026-04-13T10:53:55:SHORT
2026-04-13,10:55:22,2026-04-13,10:55:44,NIFTY,BUY,TYPE_A,MID_ENTRY,MICROPRICE_EXIT,23748.05,23744.0,NIFTY13APR2623700CE,23700.0,CE,87.15,84.2,86.93,84.26,90.0,80.0,0.057455,0.059312,ws,ws,type_a_ladder,type_a_ladder,False,False,0.2177,-0.0649,65,-191.75,strategy_S9-149__TYPE_A:NIFTY:2026-04-13T10:55:22:LONG
2026-04-13,10:57:00,2026-04-13,10:57:10,NIFTY,BUY,TYPE_A,MID_ENTRY,MICROPRICE_EXIT,23755.25,23755.7,NIFTY13APR2623750CE,23750.0,CE,64.7,67.45,64.67,67.49,65.0,65.0,0.077369,0.074019,ws,ws,type_a_ladder,type_a_ladder,False,False,0.025,-0.0393,65,178.75,strategy_S9-149__TYPE_A:NIFTY:2026-04-13T10:57:00:LONG
2026-04-13,10:58:13,2026-04-13,10:59:40,NIFTY,SELL,TYPE_A,MID_ENTRY,MICROPRICE_EXIT,23752.65,23737.6,NIFTY13APR2623800PE,23800.0,PE,99.85,108.05,99.8,108.27,100.0,105.0,0.050138,0.046221,ws,ws,type_a_ladder,type_a_ladder,False,False,0.0547,-0.2188,65,533.0,strategy_S9-149__TYPE_A:NIFTY:2026-04-13T10:58:13:SHORT
2026-04-13,11:00:02,2026-04-13,11:00:07,NIFTY,BUY,TYPE_A,MID_ENTRY,MICROPRICE_EXIT,23741.45,23736.8,NIFTY13APR2623700CE,23700.0,CE,83.15,81.45,82.99,81.46,85.0,80.0,0.060205,0.061312,ws,ws,type_a_ladder,type_a_ladder,False,False,0.16,-0.0069,65,-110.5,strategy_S9-149__TYPE_A:NIFTY:2026-04-13T11:00:02:LONG
2026-04-13,11:00:10,2026-04-13,11:00:27,NIFTY,SELL,TYPE_A,MID_ENTRY,MICROPRICE_EXIT,23734.0,23734.25,NIFTY13APR2623750PE,23750.0,PE,77.8,77.15,77.71,77.2,80.0,75.0,0.06435,0.064746,ws,ws,type_a_ladder,type_a_ladder,False,False,0.09,-0.05,65,-42.25,strategy_S9-149__TYPE_A:NIFTY:2026-04-13T11:00:10:SHORT
2026-04-13,11:00:57,2026-04-13,11:01:10,NIFTY,BUY,TYPE_A,MID_ENTRY,MICROPRICE_EXIT,23736.95,23735.55,NIFTY13APR2623700CE,23700.0,CE,81.8,80.6,81.79,80.64,85.0,80.0,0.061143,0.061939,ws,ws,type_a_ladder,type_a_ladder,False,False,0.0083,-0.0417,65,-78.0,strategy_S9-149__TYPE_A:NIFTY:2026-04-13T11:00:57:LONG
2026-04-13,11:01:40,2026-04-13,11:02:04,NIFTY,SELL,TYPE_A,MID_ENTRY,MICROPRICE_EXIT,23733.3,23734.7,NIFTY13APR2623750PE,23750.0,PE,78.5,78.1,78.48,78.15,80.0,75.0,0.063755,0.063939,ws,ws,type_a_ladder,type_a_ladder,False,False,0.0221,-0.0545,65,-26.0,strategy_S9-149__TYPE_A:NIFTY:2026-04-13T11:01:40:SHORT
2026-04-13,11:03:03,2026-04-13,11:03:10,NIFTY,BUY,TYPE_A,MID_ENTRY,MICROPRICE_EXIT,23737.3,23735.6,NIFTY13APR2623700CE,23700.0,CE,80.8,81.05,80.78,81.07,85.0,80.0,0.06192,0.061614,ws,ws,type_a_ladder,type_a_ladder,False,False,0.0167,-0.0235,65,16.25,strategy_S9-149__TYPE_A:NIFTY:2026-04-13T11:03:03:LONG
2026-04-13,11:03:50,2026-04-13,11:04:00,NIFTY,SELL,TYPE_A,MID_ENTRY,MICROPRICE_EXIT,23734.55,23734.6,NIFTY13APR2623750PE,23750.0,PE,79.95,78.35,79.94,78.38,80.0,75.0,0.062617,0.063755,ws,ws,type_a_ladder,type_a_ladder,False,False,0.01,-0.03,65,-104.0,strategy_S9-149__TYPE_A:NIFTY:2026-04-13T11:03:50:SHORT
2026-04-13,11:04:41,2026-04-13,11:04:46,NIFTY,SELL,TYPE_A,MID_ENTRY,MICROPRICE_EXIT,23735.2,23737.35,NIFTY13APR2623750PE,23750.0,PE,78.55,79.25,78.48,79.42,80.0,75.0,0.063715,0.063012,ws,ws,type_a_ladder,type_a_ladder,False,False,0.0675,-0.175,65,45.5,strategy_S9-149__TYPE_A:NIFTY:2026-04-13T11:04:41:SHORT
2026-04-13,11:05:10,2026-04-13,11:05:26,NIFTY,BUY,TYPE_A,MID_ENTRY,MICROPRICE_EXIT,23743.2,23744.55,NIFTY13APR2623700CE,23700.0,CE,83.4,84.9,83.22,84.99,85.0,80.0,0.060024,0.058858,ws,ws,type_a_ladder,type_a_ladder,False,False,0.18,-0.0909,65,97.5,strategy_S9-149__TYPE_A:NIFTY:2026-04-13T11:05:10:LONG
2026-04-13,11:05:40,2026-04-13,11:06:11,NIFTY,BUY,TYPE_A,MID_ENTRY,MICROPRICE_EXIT,23747.0,23748.4,NIFTY13APR2623700CE,23700.0,CE,87.0,85.8,86.85,85.9,90.0,85.0,0.057521,0.058224,ws,ws,type_a_ladder,type_a_ladder,False,False,0.1493,-0.1,65,-78.0,strategy_S9-149__TYPE_A:NIFTY:2026-04-13T11:05:40:LONG
2026-04-13,11:06:20,2026-04-13,11:06:33,NIFTY,SELL,TYPE_A,MID_ENTRY,MICROPRICE_EXIT,23744.15,23744.85,NIFTY13APR2623750PE,23750.0,PE,74.6,73.85,74.5,74.0,75.0,70.0,0.067114,0.067613,ws,ws,type_a_ladder,type_a_ladder,False,False,0.096,-0.1474,65,-48.75,strategy_S9-149__TYPE_A:NIFTY:2026-04-13T11:06:20:SHORT
2026-04-13,11:06:42,2026-04-13,11:07:05,NIFTY,SELL,TYPE_A,MID_ENTRY,MICROPRICE_EXIT,23740.75,23740.35,NIFTY13APR2623750PE,23750.0,PE,74.75,74.35,74.57,74.47,75.0,70.0,0.066979,0.067182,ws,ws,type_a_ladder,type_a_ladder,False,False,0.1846,-0.12,65,-26.0,strategy_S9-149__TYPE_A:NIFTY:2026-04-13T11:06:42:SHORT
2026-04-13,11:07:20,2026-04-13,11:07:41,NIFTY,BUY,TYPE_A,MID_ENTRY,MICROPRICE_EXIT,23743.45,23743.4,NIFTY13APR2623700CE,23700.0,CE,84.95,83.85,84.86,83.93,85.0,80.0,0.058945,0.059559,ws,ws,type_a_ladder,type_a_ladder,False,False,0.0917,-0.0769,65,-71.5,strategy_S9-149__TYPE_A:NIFTY:2026-04-13T11:07:20:LONG
2026-04-13,11:08:30,2026-04-13,11:08:53,NIFTY,BUY,TYPE_A,MID_ENTRY,MICROPRICE_EXIT,23745.75,23748.25,NIFTY13APR2623700CE,23700.0,CE,85.85,86.75,85.73,86.78,90.0,85.0,0.058309,0.05762,ws,ws,type_a_ladder,type_a_ladder,False,False,0.1176,-0.0333,65,58.5,strategy_S9-149__TYPE_A:NIFTY:2026-04-13T11:08:30:LONG
2026-04-13,11:09:21,2026-04-13,11:09:49,NIFTY,BUY,TYPE_A,MID_ENTRY,MICROPRICE_EXIT,23750.4,23750.7,NIFTY13APR2623750CE,23750.0,CE,59.85,60.1,59.83,60.2,60.0,60.0,0.083647,0.083126,ws,ws,type_a_ladder,type_a_ladder,False,False,0.0214,-0.0957,65,16.25,strategy_S9-149__TYPE_A:NIFTY:2026-04-13T11:09:21:LONG
2026-04-13,11:10:08,2026-04-13,11:10:33,NIFTY,SELL,TYPE_A,MID_ENTRY,MICROPRICE_EXIT,23748.75,23749.85,NIFTY13APR2623750PE,23750.0,PE,68.7,70.85,68.64,70.92,70.0,70.0,0.072833,0.070497,ws,ws,type_a_ladder,type_a_ladder,False,False,0.06,-0.075,65,139.75,strategy_S9-149__TYPE_A:NIFTY:2026-04-13T11:10:08:SHORT
2026-04-13,11:10:44,2026-04-13,11:11:27,NIFTY,SELL,TYPE_A,MID_ENTRY,MICROPRICE_EXIT,23745.15,23734.1,NIFTY13APR2623750PE,23750.0,PE,73.5,76.95,73.49,77.05,75.0,75.0,0.06805,0.064872,ws,ws,type_a_ladder,type_a_ladder,False,False,0.0107,-0.0955,65,224.25,strategy_S9-149__TYPE_A:NIFTY:2026-04-13T11:10:44:SHORT
2026-04-13,11:11:34,2026-04-13,11:11:36,NIFTY,BUY,TYPE_A,MID_ENTRY,MICROPRICE_EXIT,23736.65,23733.25,NIFTY13APR2623700CE,23700.0,CE,78.55,77.85,78.5,77.85,80.0,75.0,0.063735,0.064164,ws,ws,type_a_ladder,type_a_ladder,False,False,0.0476,-0.0017,65,-45.5,strategy_S9-149__TYPE_A:NIFTY:2026-04-13T11:11:34:LONG
2026-04-13,11:12:05,2026-04-13,11:12:15,NIFTY,BUY,TYPE_A,MID_ENTRY,MICROPRICE_EXIT,23738.25,23739.45,NIFTY13APR2623700CE,23700.0,CE,81.55,82.15,81.52,82.17,85.0,80.0,0.061387,0.060772,ws,ws,type_a_ladder,type_a_ladder,False,False,0.0333,-0.017,65,39.0,strategy_S9-149__TYPE_A:NIFTY:2026-04-13T11:12:05:LONG
2026-04-13,11:12:24,2026-04-13,11:13:07,NIFTY,BUY,TYPE_A,MID_ENTRY,MICROPRICE_EXIT,23743.5,23745.65,NIFTY13APR2623700CE,23700.0,CE,82.35,84.55,82.32,84.61,85.0,80.0,0.06079,0.059067,ws,ws,type_a_ladder,type_a_ladder,False,False,0.0267,-0.0556,65,143.0,strategy_S9-149__TYPE_A:NIFTY:2026-04-13T11:12:24:LONG
2026-04-13,11:13:22,2026-04-13,11:13:26,NIFTY,BUY,TYPE_A,MID_ENTRY,MICROPRICE_EXIT,23749.2,23748.25,NIFTY13APR2623700CE,23700.0,CE,85.55,84.8,85.45,84.88,90.0,80.0,0.058497,0.058875,ws,ws,type_a_ladder,type_a_ladder,False,False,0.1,-0.0776,65,-48.75,strategy_S9-149__TYPE_A:NIFTY:2026-04-13T11:13:22:LONG
2026-04-13,11:15:03,2026-04-13,11:15:31,NIFTY,BUY,TYPE_A,MID_ENTRY,MICROPRICE_EXIT,23745.1,23745.8,NIFTY13APR2623700CE,23700.0,CE,84.9,85.95,84.86,86.0,85.0,85.0,0.058962,0.058156,ws,ws,type_a_ladder,type_a_ladder,False,False,0.04,-0.0472,65,68.25,strategy_S9-149__TYPE_A:NIFTY:2026-04-13T11:15:03:LONG
2026-04-13,11:16:06,2026-04-13,11:16:14,NIFTY,SELL,TYPE_A,MID_ENTRY,MICROPRICE_EXIT,23744.9,23746.45,NIFTY13APR2623750PE,23750.0,PE,70.65,69.65,70.58,69.72,75.0,65.0,0.070847,0.07171,ws,ws,type_a_ladder,type_a_ladder,False,False,0.0706,-0.0692,65,-65.0,strategy_S9-149__TYPE_A:NIFTY:2026-04-13T11:16:06:SHORT
2026-04-13,11:16:31,2026-04-13,11:16:44,NIFTY,BUY,TYPE_A,MID_ENTRY,MICROPRICE_EXIT,23750.7,23748.35,NIFTY13APR2623750CE,23750.0,CE,58.55,58.65,58.43,58.66,60.0,55.0,0.085507,0.085143,ws,ws,type_a_ladder,type_a_ladder,False,False,0.1179,-0.0129,65,6.5,strategy_S9-149__TYPE_A:NIFTY:2026-04-13T11:16:31:LONG
2026-04-13,11:17:30,2026-04-13,11:17:41,NIFTY,BUY,TYPE_A,MID_ENTRY,MICROPRICE_EXIT,23749.35,23748.55,NIFTY13APR2623700CE,23700.0,CE,86.4,86.15,86.21,86.32,90.0,85.0,0.057954,0.057971,ws,ws,type_a_ladder,type_a_ladder,False,False,0.1905,-0.1692,65,-16.25,strategy_S9-149__TYPE_A:NIFTY:2026-04-13T11:17:30:LONG
2026-04-13,11:18:00,2026-04-13,11:18:14,NIFTY,BUY,TYPE_A,MID_ENTRY,MICROPRICE_EXIT,23750.0,23748.2,NIFTY13APR2623700CE,23700.0,CE,86.45,85.4,86.29,85.57,90.0,85.0,0.057904,0.05848,ws,ws,type_a_ladder,type_a_ladder,False,False,0.16,-0.1684,65,-68.25,strategy_S9-149__TYPE_A:NIFTY:2026-04-13T11:18:00:LONG
2026-04-13,11:19:30,2026-04-13,11:19:40,NIFTY,BUY,TYPE_A,MID_ENTRY,MICROPRICE_EXIT,23750.25,23749.4,NIFTY13APR2623750CE,23750.0,CE,59.95,61.0,59.93,61.09,60.0,60.0,0.083507,0.081867,ws,ws,type_a_ladder,type_a_ladder,False,False,0.0188,-0.0914,65,68.25,strategy_S9-149__TYPE_A:NIFTY:2026-04-13T11:19:30:LONG
2026-04-13,11:20:40,2026-04-13,11:21:33,NIFTY,SELL,TYPE_A,MID_ENTRY,MICROPRICE_EXIT,23744.1,23735.05,NIFTY13APR2623750PE,23750.0,PE,70.95,75.6,70.9,75.67,75.0,75.0,0.070572,0.066094,ws,ws,type_a_ladder,type_a_ladder,False,False,0.0481,-0.0667,65,302.25,strategy_S9-149__TYPE_A:NIFTY:2026-04-13T11:20:40:SHORT
2026-04-13,11:21:45,2026-04-13,11:21:59,NIFTY,BUY,TYPE_A,MID_ENTRY,MICROPRICE_EXIT,23737.5,23736.0,NIFTY13APR2623700CE,23700.0,CE,81.0,78.7,80.91,78.71,85.0,75.0,0.061824,0.063512,ws,ws,type_a_ladder,type_a_ladder,False,False,0.0948,-0.0143,65,-149.5,strategy_S9-149__TYPE_A:NIFTY:2026-04-13T11:21:45:LONG
2026-04-13,11:22:11,2026-04-13,11:23:34,NIFTY,BUY,TYPE_A,MID_ENTRY,MICROPRICE_EXIT,23739.45,23755.6,NIFTY13APR2623700CE,23700.0,CE,81.35,88.3,81.17,88.35,85.0,85.0,0.061538,0.056545,ws,ws,type_a_ladder,type_a_ladder,False,False,0.1778,-0.0526,65,451.75,strategy_S9-149__TYPE_A:NIFTY:2026-04-13T11:22:11:LONG
2026-04-13,11:23:43,2026-04-13,11:24:03,NIFTY,SELL,TYPE_A,MID_ENTRY,MICROPRICE_EXIT,23753.2,23751.0,NIFTY13APR2623800PE,23800.0,PE,96.45,95.3,96.38,95.45,100.0,95.0,0.051894,0.052411,ws,ws,type_a_ladder,type_a_ladder,False,False,0.0667,-0.15,65,-74.75,strategy_S9-149__TYPE_A:NIFTY:2026-04-13T11:23:43:SHORT
2026-04-13,11:24:30,2026-04-13,11:24:41,NIFTY,SELL,TYPE_A,MID_ENTRY,MICROPRICE_EXIT,23746.55,23745.85,NIFTY13APR2623750PE,23750.0,PE,68.55,68.2,68.5,68.24,70.0,65.0,0.073019,0.073233,ws,ws,type_a_ladder,type_a_ladder,False,False,0.0545,-0.0429,65,-22.75,strategy_S9-149__TYPE_A:NIFTY:2026-04-13T11:24:30:SHORT
2026-04-13,11:25:20,2026-04-13,11:25:25,NIFTY,SELL,TYPE_A,MID_ENTRY,MICROPRICE_EXIT,23742.1,23744.05,NIFTY13APR2623750PE,23750.0,PE,71.35,70.2,71.18,70.22,75.0,70.0,0.070175,0.0712,ws,ws,type_a_ladder,type_a_ladder,False,False,0.1667,-0.025,65,-74.75,strategy_S9-149__TYPE_A:NIFTY:2026-04-13T11:25:20:SHORT
2026-04-13,11:25:40,2026-04-13,11:26:07,NIFTY,BUY,TYPE_A,MID_ENTRY,MICROPRICE_EXIT,23749.35,23750.1,NIFTY13APR2623700CE,23700.0,CE,85.9,86.9,85.76,86.98,90.0,85.0,0.058275,0.057471,ws,ws,type_a_ladder,type_a_ladder,False,False,0.14,-0.0833,65,65.0,strategy_S9-149__TYPE_A:NIFTY:2026-04-13T11:25:40:LONG
2026-04-13,11:26:21,2026-04-13,11:26:32,NIFTY,SELL,TYPE_A,MID_ENTRY,MICROPRICE_EXIT,23752.45,23754.3,NIFTY13APR2623800PE,23800.0,PE,94.45,95.4,94.33,95.58,95.0,95.0,0.052994,0.052342,ws,ws,type_a_ladder,type_a_ladder,False,False,0.125,-0.1833,65,61.75,strategy_S9-149__TYPE_A:NIFTY:2026-04-13T11:26:21:SHORT
2026-04-13,11:27:00,2026-04-13,11:27:33,NIFTY,SELL,TYPE_A,MID_ENTRY,MICROPRICE_EXIT,23751.7,23745.7,NIFTY13APR2623800PE,23800.0,PE,97.4,100.35,97.22,100.38,100.0,100.0,0.051401,0.049764,ws,ws,type_a_ladder,type_a_ladder,False,False,0.1818,-0.025,65,191.75,strategy_S9-149__TYPE_A:NIFTY:2026-04-13T11:27:00:SHORT
2026-04-13,11:28:40,2026-04-13,11:29:08,NIFTY,BUY,TYPE_A,MID_ENTRY,MICROPRICE_EXIT,23746.05,23748.0,NIFTY13APR2623700CE,23700.0,CE,83.05,81.55,83.01,81.61,85.0,80.0,0.060241,0.061237,ws,ws,type_a_ladder,type_a_ladder,False,False,0.0407,-0.0632,65,-97.5,strategy_S9-149__TYPE_A:NIFTY:2026-04-13T11:28:40:LONG
2026-04-13,11:29:21,2026-04-13,11:29:34,NIFTY,SELL,TYPE_A,MID_ENTRY,MICROPRICE_EXIT,23743.55,23745.85,NIFTY13APR2623750PE,23750.0,PE,74.0,73.1,73.94,73.26,75.0,70.0,0.067636,0.068306,ws,ws,type_a_ladder,type_a_ladder,False,False,0.0563,-0.1636,65,-58.5,strategy_S9-149__TYPE_A:NIFTY:2026-04-13T11:29:21:SHORT
2026-04-13,11:30:20,2026-04-13,11:30:53,NIFTY,BUY,TYPE_A,MID_ENTRY,MICROPRICE_EXIT,23743.7,23745.35,NIFTY13APR2623700CE,23700.0,CE,80.7,83.5,80.55,83.55,85.0,80.0,0.062054,0.059844,ws,ws,type_a_ladder,type_a_ladder,False,False,0.1471,-0.0545,65,182.0,strategy_S9-149__TYPE_A:NIFTY:2026-04-13T11:30:20:LONG
2026-04-13,11:31:01,2026-04-13,11:31:17,NIFTY,BUY,TYPE_A,MID_ENTRY,MICROPRICE_EXIT,23748.3,23748.35,NIFTY13APR2623700CE,23700.0,CE,83.7,82.4,83.68,82.45,85.0,80.0,0.059809,0.060624,ws,ws,type_a_ladder,type_a_ladder,False,False,0.0162,-0.05,65,-84.5,strategy_S9-149__TYPE_A:NIFTY:2026-04-13T11:31:01:LONG
2026-04-13,11:31:35,2026-04-13,11:32:12,NIFTY,SELL,TYPE_A,MID_ENTRY,MICROPRICE_EXIT,23744.05,23735.95,NIFTY13APR2623750PE,23750.0,PE,71.5,74.65,71.39,74.68,75.0,70.0,0.070028,0.06689,ws,ws,type_a_ladder,type_a_ladder,False,False,0.1059,-0.0323,65,204.75,strategy_S9-149__TYPE_A:NIFTY:2026-04-13T11:31:35:SHORT
2026-04-13,11:34:13,2026-04-13,11:34:20,NIFTY,BUY,TYPE_A,MID_ENTRY,MICROPRICE_EXIT,23738.35,23736.55,NIFTY13APR2623700CE,23700.0,CE,78.4,76.5,78.23,76.54,80.0,75.0,0.063857,0.065338,ws,ws,type_a_ladder,type_a_ladder,False,False,0.1692,-0.04,65,-123.5,strategy_S9-149__TYPE_A:NIFTY:2026-04-13T11:34:13:LONG
2026-04-13,11:35:05,2026-04-13,11:36:07,NIFTY,BUY,TYPE_A,MID_ENTRY,BID_EXIT_STAGE1,23740.85,23751.8,NIFTY13APR2623700CE,23700.0,CE,79.75,84.9,79.62,85.0,80.0,80.0,0.062755,0.058824,ws,ws,type_a_ladder,type_a_ladder,False,True,0.1286,-0.1,65,334.75,strategy_S9-149__TYPE_A:NIFTY:2026-04-13T11:35:05:LONG
2026-04-13,11:37:01,2026-04-13,11:37:28,NIFTY,BUY,TYPE_A,MID_ENTRY,MICROPRICE_EXIT,23754.95,23756.65,NIFTY13APR2623750CE,23750.0,CE,58.8,60.35,58.78,60.36,60.0,60.0,0.085143,0.082781,ws,ws,type_a_ladder,type_a_ladder,False,False,0.017,-0.0079,65,100.75,strategy_S9-149__TYPE_A:NIFTY:2026-04-13T11:37:01:LONG
2026-04-13,11:37:44,2026-04-13,11:37:57,NIFTY,BUY,TYPE_A,MID_ENTRY,MICROPRICE_EXIT,23764.1,23760.75,NIFTY13APR2623750CE,23750.0,CE,60.75,61.95,60.74,61.99,65.0,60.0,0.082406,0.080613,ws,ws,type_a_ladder,type_a_ladder,False,False,0.0083,-0.0412,65,78.0,strategy_S9-149__TYPE_A:NIFTY:2026-04-13T11:37:44:LONG
2026-04-13,11:38:27,2026-04-13,11:38:44,NIFTY,BUY,TYPE_A,MID_ENTRY,MICROPRICE_EXIT,23767.25,23766.95,NIFTY13APR2623750CE,23750.0,CE,66.6,63.6,66.45,63.69,70.0,60.0,0.075188,0.078493,ws,ws,type_a_ladder,type_a_ladder,False,False,0.1519,-0.09,65,-195.0,strategy_S9-149__TYPE_A:NIFTY:2026-04-13T11:38:27:LONG
2026-04-13,11:39:21,2026-04-13,11:39:36,NIFTY,BUY,TYPE_A,MID_ENTRY,MICROPRICE_EXIT,23770.3,23769.0,NIFTY13APR2623750CE,23750.0,CE,66.4,64.2,66.35,64.26,70.0,60.0,0.075358,0.077821,ws,ws,type_a_ladder,type_a_ladder,False,False,0.05,-0.0556,65,-143.0,strategy_S9-149__TYPE_A:NIFTY:2026-04-13T11:39:21:LONG
2026-04-13,11:39:42,2026-04-13,11:39:57,NIFTY,SELL,TYPE_A,MID_ENTRY,MICROPRICE_EXIT,23763.65,23762.65,NIFTY13APR2623800PE,23800.0,PE,86.05,87.7,85.95,87.85,90.0,85.0,0.058173,0.056948,ws,ws,type_a_ladder,type_a_ladder,False,False,0.1,-0.1481,65,107.25,strategy_S9-149__TYPE_A:NIFTY:2026-04-13T11:39:42:SHORT
2026-04-13,11:40:00,2026-04-13,11:40:16,NIFTY,SELL,TYPE_A,MID_ENTRY,MICROPRICE_EXIT,23760.95,23762.3,NIFTY13APR2623800PE,23800.0,PE,87.75,86.75,87.59,86.9,90.0,85.0,0.057045,0.057554,ws,ws,type_a_ladder,type_a_ladder,False,False,0.1556,-0.15,65,-65.0,strategy_S9-149__TYPE_A:NIFTY:2026-04-13T11:40:00:SHORT
2026-04-13,11:40:32,2026-04-13,11:40:54,NIFTY,BUY,TYPE_A,MID_ENTRY,MICROPRICE_EXIT,23763.95,23761.65,NIFTY13APR2623750CE,23750.0,CE,62.95,61.05,62.85,61.08,65.0,60.0,0.079491,0.0818,ws,ws,type_a_ladder,type_a_ladder,False,False,0.0968,-0.025,65,-123.5,strategy_S9-149__TYPE_A:NIFTY:2026-04-13T11:40:32:LONG
2026-04-13,11:41:01,2026-04-13,11:41:15,NIFTY,SELL,TYPE_A,MID_ENTRY,MICROPRICE_EXIT,23760.6,23757.8,NIFTY13APR2623800PE,23800.0,PE,87.35,88.85,87.26,89.01,90.0,85.0,0.057307,0.056196,ws,ws,type_a_ladder,type_a_ladder,False,False,0.0889,-0.1618,65,97.5,strategy_S9-149__TYPE_A:NIFTY:2026-04-13T11:41:01:SHORT
2026-04-13,11:44:00,2026-04-13,11:44:06,NIFTY,BUY,TYPE_A,MID_ENTRY,MICROPRICE_EXIT,23754.2,23752.05,NIFTY13APR2623750CE,23750.0,CE,55.95,56.7,55.87,56.77,60.0,55.0,0.089485,0.088067,ws,ws,type_a_ladder,type_a_ladder,False,False,0.0794,-0.0671,65,48.75,strategy_S9-149__TYPE_A:NIFTY:2026-04-13T11:44:00:LONG
2026-04-13,11:44:10,2026-04-13,11:44:26,NIFTY,BUY,TYPE_A,MID_ENTRY,MICROPRICE_EXIT,23754.5,23755.55,NIFTY13APR2623750CE,23750.0,CE,56.8,57.05,56.78,57.15,60.0,55.0,0.088145,0.087566,ws,ws,type_a_ladder,type_a_ladder,False,False,0.019,-0.0961,65,16.25,strategy_S9-149__TYPE_A:NIFTY:2026-04-13T11:44:10:LONG
2026-04-13,11:44:48,2026-04-13,11:44:51,NIFTY,BUY,TYPE_A,MID_ENTRY,MICROPRICE_EXIT,23759.1,23756.7,NIFTY13APR2623750CE,23750.0,CE,59.55,58.75,59.5,58.84,60.0,55.0,0.084069,0.084962,ws,ws,type_a_ladder,type_a_ladder,False,False,0.0463,-0.0918,65,-52.0,strategy_S9-149__TYPE_A:NIFTY:2026-04-13T11:44:48:LONG
2026-04-13,11:47:25,2026-04-13,11:47:45,NIFTY,SELL,TYPE_A,MID_ENTRY,MICROPRICE_EXIT,23758.3,23761.1,NIFTY13APR2623800PE,23800.0,PE,83.5,82.1,83.37,82.26,85.0,80.0,0.05997,0.060827,ws,ws,type_a_ladder,type_a_ladder,False,False,0.1296,-0.16,65,-91.0,strategy_S9-149__TYPE_A:NIFTY:2026-04-13T11:47:25:SHORT
2026-04-13,11:47:56,2026-04-13,11:48:56,NIFTY,BUY,TYPE_A,MID_ENTRY,MICROPRICE_EXIT,23762.9,23771.2,NIFTY13APR2623750CE,23750.0,CE,62.5,65.25,62.32,65.35,65.0,65.0,0.080128,0.07654,ws,ws,type_a_ladder,type_a_ladder,False,False,0.1765,-0.1,65,178.75,strategy_S9-149__TYPE_A:NIFTY:2026-04-13T11:47:56:LONG
2026-04-13,11:50:00,2026-04-13,11:51:13,NIFTY,BUY,TYPE_A,MID_ENTRY,MICROPRICE_EXIT,23778.5,23796.25,NIFTY13APR2623750CE,23750.0,CE,72.75,89.15,72.73,89.24,75.0,85.0,0.068799,0.056038,ws,ws,type_a_ladder,type_a_ladder,False,False,0.0225,-0.0938,65,1066.0,strategy_S9-149__TYPE_A:NIFTY:2026-04-13T11:50:00:LONG
2026-04-13,11:51:31,2026-04-13,11:51:42,NIFTY,SELL,TYPE_A,MID_ENTRY,MICROPRICE_EXIT,23792.2,23793.45,NIFTY13APR2623800PE,23800.0,PE,67.35,66.9,67.27,66.96,70.0,65.0,0.074294,0.074683,ws,ws,type_a_ladder,type_a_ladder,False,False,0.0786,-0.0571,65,-29.25,strategy_S9-149__TYPE_A:NIFTY:2026-04-13T11:51:31:SHORT
2026-04-13,11:52:19,2026-04-13,11:52:36,NIFTY,SELL,TYPE_A,MID_ENTRY,MICROPRICE_EXIT,23787.25,23785.55,NIFTY13APR2623800PE,23800.0,PE,70.7,69.85,70.63,69.97,75.0,65.0,0.070822,0.071505,ws,ws,type_a_ladder,type_a_ladder,False,False,0.0667,-0.1154,65,-55.25,strategy_S9-149__TYPE_A:NIFTY:2026-04-13T11:52:19:SHORT
2026-04-13,11:52:52,2026-04-13,11:53:10,NIFTY,SELL,TYPE_A,MID_ENTRY,MICROPRICE_EXIT,23783.3,23783.75,NIFTY13APR2623800PE,23800.0,PE,71.15,70.0,71.06,70.13,75.0,70.0,0.070348,0.071327,ws,ws,type_a_ladder,type_a_ladder,False,False,0.0879,-0.1259,65,-74.75,strategy_S9-149__TYPE_A:NIFTY:2026-04-13T11:52:52:SHORT
2026-04-13,11:53:26,2026-04-13,11:53:39,NIFTY,SELL,TYPE_A,MID_ENTRY,MICROPRICE_EXIT,23780.9,23781.85,NIFTY13APR2623800PE,23800.0,PE,71.0,70.15,70.97,70.25,75.0,70.0,0.070447,0.071174,ws,ws,type_a_ladder,type_a_ladder,False,False,0.0333,-0.0971,65,-55.25,strategy_S9-149__TYPE_A:NIFTY:2026-04-13T11:53:26:SHORT
2026-04-13,11:54:03,2026-04-13,11:54:28,NIFTY,BUY,TYPE_A,MID_ENTRY,MICROPRICE_EXIT,23786.6,23786.75,NIFTY13APR2623750CE,23750.0,CE,82.9,82.0,82.84,82.14,85.0,80.0,0.060405,0.060901,ws,ws,type_a_ladder,type_a_ladder,False,False,0.0595,-0.1385,65,-58.5,strategy_S9-149__TYPE_A:NIFTY:2026-04-13T11:54:03:LONG
2026-04-13,11:54:37,2026-04-13,11:55:15,NIFTY,BUY,TYPE_A,MID_ENTRY,MICROPRICE_EXIT,23789.05,23806.85,NIFTY13APR2623750CE,23750.0,CE,84.6,98.15,84.56,98.19,85.0,95.0,0.059154,0.050878,ws,ws,type_a_ladder,type_a_ladder,False,False,0.0375,-0.0417,65,880.75,strategy_S9-149__TYPE_A:NIFTY:2026-04-13T11:54:37:LONG
2026-04-13,11:55:30,2026-04-13,11:55:40,NIFTY,BUY,TYPE_A,MID_ENTRY,MICROPRICE_EXIT,23808.9,23808.65,NIFTY13APR2623800CE,23800.0,CE,66.8,65.6,66.79,65.73,70.0,65.0,0.074934,0.076132,ws,ws,type_a_ladder,type_a_ladder,False,False,0.0094,-0.1286,65,-78.0,strategy_S9-149__TYPE_A:NIFTY:2026-04-13T11:55:30:LONG
2026-04-13,11:55:52,2026-04-13,11:56:11,NIFTY,SELL,TYPE_A,MID_ENTRY,MICROPRICE_EXIT,23806.7,23804.8,NIFTY13APR2623850PE,23850.0,PE,87.95,88.55,87.92,88.69,90.0,85.0,0.056899,0.056402,ws,ws,type_a_ladder,type_a_ladder,False,False,0.0321,-0.1385,65,39.0,strategy_S9-149__TYPE_A:NIFTY:2026-04-13T11:55:52:SHORT
2026-04-13,11:56:20,2026-04-13,11:57:03,NIFTY,SELL,TYPE_A,MID_ENTRY,MICROPRICE_EXIT,23802.45,23795.9,NIFTY13APR2623850PE,23850.0,PE,88.85,92.05,88.8,92.2,90.0,90.0,0.056322,0.054259,ws,ws,type_a_ladder,type_a_ladder,False,False,0.05,-0.15,65,208.0,strategy_S9-149__TYPE_A:NIFTY:2026-04-13T11:56:20:SHORT
2026-04-13,11:58:14,2026-04-13,11:58:21,NIFTY,SELL,TYPE_A,MID_ENTRY,MICROPRICE_EXIT,23791.0,23796.75,NIFTY13APR2623800PE,23800.0,PE,64.85,64.45,64.77,64.57,65.0,60.0,0.07722,0.077489,ws,ws,type_a_ladder,type_a_ladder,False,False,0.0778,-0.1167,65,-26.0,strategy_S9-149__TYPE_A:NIFTY:2026-04-13T11:58:14:SHORT
2026-04-13,11:59:28,2026-04-13,11:59:36,NIFTY,SELL,TYPE_A,MID_ENTRY,MICROPRICE_EXIT,23787.6,23788.65,NIFTY13APR2623800PE,23800.0,PE,68.45,66.5,68.29,66.54,70.0,65.0,0.07318,0.075131,ws,ws,type_a_ladder,type_a_ladder,False,False,0.1645,-0.04,65,-126.75,strategy_S9-149__TYPE_A:NIFTY:2026-04-13T11:59:28:SHORT
2026-04-13,11:59:42,2026-04-13,12:00:01,NIFTY,SELL,TYPE_A,MID_ENTRY,MICROPRICE_EXIT,23785.85,23787.85,NIFTY13APR2623800PE,23800.0,PE,67.05,66.1,66.97,66.12,70.0,65.0,0.074627,0.075557,ws,ws,type_a_ladder,type_a_ladder,False,False,0.08,-0.0158,65,-61.75,strategy_S9-149__TYPE_A:NIFTY:2026-04-13T11:59:42:SHORT
2026-04-13,12:00:10,2026-04-13,12:00:36,NIFTY,BUY,TYPE_A,MID_ENTRY,MICROPRICE_EXIT,23793.55,23793.8,NIFTY13APR2623750CE,23750.0,CE,85.9,84.65,85.76,84.82,90.0,80.0,0.058309,0.058997,ws,ws,type_a_ladder,type_a_ladder,False,False,0.1448,-0.1667,65,-81.25,strategy_S9-149__TYPE_A:NIFTY:2026-04-13T12:00:10:LONG
2026-04-13,12:01:00,2026-04-13,12:01:07,NIFTY,BUY,TYPE_A,MID_ENTRY,MICROPRICE_EXIT,23793.75,23792.95,NIFTY13APR2623750CE,23750.0,CE,85.9,86.35,85.81,86.55,90.0,85.0,0.058292,0.057803,ws,ws,type_a_ladder,type_a_ladder,False,False,0.0909,-0.2,65,29.25,strategy_S9-149__TYPE_A:NIFTY:2026-04-13T12:01:00:LONG
2026-04-13,12:01:12,2026-04-13,12:02:01,NIFTY,SELL,TYPE_A,MID_ENTRY,MICROPRICE_EXIT,23790.35,23787.7,NIFTY13APR2623800PE,23800.0,PE,65.8,68.1,65.7,68.18,70.0,65.0,0.076104,0.073341,ws,ws,type_a_ladder,type_a_ladder,False,False,0.1045,-0.0783,65,149.5,strategy_S9-149__TYPE_A:NIFTY:2026-04-13T12:01:12:SHORT
2026-04-13,12:03:01,2026-04-13,12:03:25,NIFTY,SELL,TYPE_A,MID_ENTRY,MICROPRICE_EXIT,23787.6,23787.3,NIFTY13APR2623800PE,23800.0,PE,68.2,67.7,68.14,67.76,70.0,65.0,0.073394,0.073801,ws,ws,type_a_ladder,type_a_ladder,False,False,0.0577,-0.0596,65,-32.5,strategy_S9-149__TYPE_A:NIFTY:2026-04-13T12:03:01:SHORT
2026-04-13,12:04:31,2026-04-13,12:04:44,NIFTY,SELL,TYPE_A,MID_ENTRY,MICROPRICE_EXIT,23786.55,23787.45,NIFTY13APR2623800PE,23800.0,PE,68.65,66.85,68.62,66.93,70.0,65.0,0.072939,0.074683,ws,ws,type_a_ladder,type_a_ladder,False,False,0.0276,-0.08,65,-117.0,strategy_S9-149__TYPE_A:NIFTY:2026-04-13T12:04:31:SHORT
2026-04-13,12:05:01,2026-04-13,12:07:19,NIFTY,BUY,TYPE_A,MID_ENTRY,MICROPRICE_EXIT,23789.9,23804.6,NIFTY13APR2623750CE,23750.0,CE,83.25,88.35,83.14,88.46,85.0,85.0,0.060114,0.056529,ws,ws,type_a_ladder,type_a_ladder,False,False,0.1125,-0.1143,65,331.5,strategy_S9-149__TYPE_A:NIFTY:2026-04-13T12:05:01:LONG
2026-04-13,12:08:09,2026-04-13,12:08:15,NIFTY,SELL,TYPE_A,MID_ENTRY,MICROPRICE_EXIT,23800.25,23801.05,NIFTY13APR2623850PE,23850.0,PE,88.55,89.3,88.41,89.31,90.0,85.0,0.056513,0.055975,ws,ws,type_a_ladder,type_a_ladder,False,False,0.1364,-0.0125,65,48.75,strategy_S9-149__TYPE_A:NIFTY:2026-04-13T12:08:09:SHORT
2026-04-13,12:08:39,2026-04-13,12:09:06,NIFTY,SELL,TYPE_A,MID_ENTRY,MICROPRICE_EXIT,23798.85,23799.5,NIFTY13APR2623800PE,23800.0,PE,59.7,60.2,59.57,60.24,60.0,60.0,0.083857,0.082988,ws,ws,type_a_ladder,type_a_ladder,False,False,0.1292,-0.04,65,32.5,strategy_S9-149__TYPE_A:NIFTY:2026-04-13T12:08:39:SHORT
2026-04-13,12:09:28,2026-04-13,12:09:51,NIFTY,BUY,TYPE_A,MID_ENTRY,MICROPRICE_EXIT,23799.05,23799.0,NIFTY13APR2623750CE,23750.0,CE,86.45,86.6,86.36,86.79,90.0,85.0,0.057921,0.05767,ws,ws,type_a_ladder,type_a_ladder,False,False,0.09,-0.1913,65,9.75,strategy_S9-149__TYPE_A:NIFTY:2026-04-13T12:09:28:LONG
2026-04-13,12:10:05,2026-04-13,12:10:20,NIFTY,BUY,TYPE_A,MID_ENTRY,MICROPRICE_EXIT,23801.55,23800.85,NIFTY13APR2623800CE,23800.0,CE,59.45,60.15,59.43,60.29,60.0,60.0,0.084211,0.083022,ws,ws,type_a_ladder,type_a_ladder,False,False,0.0159,-0.1417,65,45.5,strategy_S9-149__TYPE_A:NIFTY:2026-04-13T12:10:05:LONG
2026-04-13,12:10:33,2026-04-13,12:10:41,NIFTY,BUY,TYPE_A,MID_ENTRY,MICROPRICE_EXIT,23805.05,23805.55,NIFTY13APR2623800CE,23800.0,CE,61.75,62.75,61.74,62.84,65.0,60.0,0.08107,0.079586,ws,ws,type_a_ladder,type_a_ladder,False,False,0.0132,-0.0929,65,65.0,strategy_S9-149__TYPE_A:NIFTY:2026-04-13T12:10:33:LONG
2026-04-13,12:11:36,2026-04-13,12:11:55,NIFTY,SELL,TYPE_A,MID_PLUS_25_ENTRY,MICROPRICE_EXIT,23805.7,23801.85,NIFTY13APR2623850PE,23850.0,PE,85.05,89.9,85.0,89.95,90.0,85.0,0.058841,0.055556,ws,ws,type_a_ladder,type_a_ladder,True,False,0.05,-0.05,65,315.25,strategy_S9-149__TYPE_A:NIFTY:2026-04-13T12:11:36:SHORT
2026-04-13,12:12:10,2026-04-13,12:12:16,NIFTY,SELL,TYPE_A,MID_ENTRY,MICROPRICE_EXIT,23799.95,23801.1,NIFTY13APR2623800PE,23800.0,PE,60.6,59.35,60.57,59.45,65.0,55.0,0.08261,0.084175,ws,ws,type_a_ladder,type_a_ladder,False,False,0.0295,-0.0982,65,-81.25,strategy_S9-149__TYPE_A:NIFTY:2026-04-13T12:12:10:SHORT
2026-04-13,12:12:27,2026-04-13,12:12:36,NIFTY,SELL,TYPE_A,MID_ENTRY,MICROPRICE_EXIT,23797.6,23799.05,NIFTY13APR2623800PE,23800.0,PE,61.3,58.75,61.23,58.75,65.0,55.0,0.081666,0.085034,ws,ws,type_a_ladder,type_a_ladder,False,False,0.0695,-0.0024,65,-165.75,strategy_S9-149__TYPE_A:NIFTY:2026-04-13T12:12:27:SHORT
2026-04-13,12:12:53,2026-04-13,12:13:02,NIFTY,SELL,TYPE_A,MID_ENTRY,MICROPRICE_EXIT,23795.75,23798.55,NIFTY13APR2623800PE,23800.0,PE,60.3,59.8,60.21,59.81,65.0,55.0,0.083056,0.083542,ws,ws,type_a_ladder,type_a_ladder,False,False,0.0873,-0.01,65,-32.5,strategy_S9-149__TYPE_A:NIFTY:2026-04-13T12:12:53:SHORT
2026-04-13,12:13:10,2026-04-13,12:14:41,NIFTY,BUY,TYPE_A,MID_ENTRY,MICROPRICE_EXIT,23800.6,23813.1,NIFTY13APR2623800CE,23800.0,CE,59.85,65.2,59.84,65.27,60.0,65.0,0.083612,0.076599,ws,ws,type_a_ladder,type_a_ladder,False,False,0.0056,-0.0711,65,347.75,strategy_S9-149__TYPE_A:NIFTY:2026-04-13T12:13:10:LONG
2026-04-13,12:15:03,2026-04-13,12:15:36,NIFTY,BUY,TYPE_A,MID_ENTRY,MICROPRICE_EXIT,23816.25,23816.3,NIFTY13APR2623800CE,23800.0,CE,68.55,66.8,68.43,66.82,70.0,65.0,0.073019,0.074794,ws,ws,type_a_ladder,type_a_ladder,False,False,0.1179,-0.02,65,-113.75,strategy_S9-149__TYPE_A:NIFTY:2026-04-13T12:15:03:LONG
2026-04-13,12:15:43,2026-04-13,12:16:32,NIFTY,SELL,TYPE_A,MID_ENTRY,MICROPRICE_EXIT,23813.55,23811.05,NIFTY13APR2623850PE,23850.0,PE,79.75,83.9,79.7,84.02,80.0,80.0,0.062755,0.059524,ws,ws,type_a_ladder,type_a_ladder,False,False,0.0474,-0.1167,65,269.75,strategy_S9-149__TYPE_A:NIFTY:2026-04-13T12:15:43:SHORT
2026-04-13,12:16:40,2026-04-13,12:16:50,NIFTY,BUY,TYPE_A,MID_ENTRY,MICROPRICE_EXIT,23813.1,23812.7,NIFTY13APR2623800CE,23800.0,CE,64.0,65.25,63.97,65.37,65.0,65.0,0.078217,0.076511,ws,ws,type_a_ladder,type_a_ladder,False,False,0.0286,-0.1226,65,81.25,strategy_S9-149__TYPE_A:NIFTY:2026-04-13T12:16:40:LONG
2026-04-13,12:17:04,2026-04-13,12:17:19,NIFTY,BUY,TYPE_A,MID_ENTRY,MICROPRICE_EXIT,23815.8,23814.15,NIFTY13APR2623800CE,23800.0,CE,64.95,65.4,64.91,65.41,65.0,65.0,0.077071,0.076394,ws,ws,type_a_ladder,type_a_ladder,False,False,0.0429,-0.0069,65,29.25,strategy_S9-149__TYPE_A:NIFTY:2026-04-13T12:17:04:LONG
2026-04-13,12:17:37,2026-04-13,12:17:47,NIFTY,SELL,TYPE_A,MID_ENTRY,MICROPRICE_EXIT,23811.5,23813.3,NIFTY13APR2623850PE,23850.0,PE,81.65,81.3,81.64,81.31,85.0,80.0,0.061275,0.061425,ws,ws,type_a_ladder,type_a_ladder,False,False,0.01,-0.0089,65,-22.75,strategy_S9-149__TYPE_A:NIFTY:2026-04-13T12:17:37:SHORT
2026-04-13,12:17:59,2026-04-13,12:18:21,NIFTY,SELL,TYPE_A,MID_ENTRY,MICROPRICE_EXIT,23810.5,23808.75,NIFTY13APR2623850PE,23850.0,PE,81.95,84.25,81.9,84.4,85.0,80.0,0.061087,0.059277,ws,ws,type_a_ladder,type_a_ladder,False,False,0.0476,-0.1478,65,149.5,strategy_S9-149__TYPE_A:NIFTY:2026-04-13T12:17:59:SHORT
2026-04-13,12:18:33,2026-04-13,12:18:45,NIFTY,SELL,TYPE_A,MID_ENTRY,MICROPRICE_EXIT,23804.5,23807.05,NIFTY13APR2623850PE,23850.0,PE,84.5,82.85,84.41,82.98,85.0,80.0,0.059224,0.060295,ws,ws,type_a_ladder,type_a_ladder,False,False,0.0938,-0.1269,65,-107.25,strategy_S9-149__TYPE_A:NIFTY:2026-04-13T12:18:33:SHORT
2026-04-13,12:19:36,2026-04-13,12:20:13,NIFTY,BUY,TYPE_A,MID_ENTRY,MICROPRICE_EXIT,23810.2,23819.8,NIFTY13APR2623800CE,23800.0,CE,62.5,67.15,62.46,67.26,65.0,65.0,0.080096,0.074349,ws,ws,type_a_ladder,type_a_ladder,False,False,0.0365,-0.1073,65,302.25,strategy_S9-149__TYPE_A:NIFTY:2026-04-13T12:19:36:LONG
2026-04-13,12:20:42,2026-04-13,12:20:45,NIFTY,SELL,TYPE_A,MID_ENTRY,MICROPRICE_EXIT,23817.1,23819.1,NIFTY13APR2623850PE,23850.0,PE,78.45,77.9,78.43,78.09,80.0,75.0,0.063796,0.064103,ws,ws,type_a_ladder,type_a_ladder,False,False,0.0205,-0.1909,65,-35.75,strategy_S9-149__TYPE_A:NIFTY:2026-04-13T12:20:42:SHORT
2026-04-13,12:21:34,2026-04-13,12:22:21,NIFTY,SELL,TYPE_A,MID_ENTRY,MICROPRICE_EXIT,23817.0,23806.05,NIFTY13APR2623850PE,23850.0,PE,79.15,84.9,79.13,84.99,80.0,80.0,0.063231,0.058806,ws,ws,type_a_ladder,type_a_ladder,False,False,0.0205,-0.0893,65,373.75,strategy_S9-149__TYPE_A:NIFTY:2026-04-13T12:21:34:SHORT
2026-04-13,12:22:35,2026-04-13,12:23:12,NIFTY,SELL,TYPE_A,MID_ENTRY,MICROPRICE_EXIT,23801.7,23799.5,NIFTY13APR2623850PE,23850.0,PE,86.25,86.95,86.14,87.09,90.0,85.0,0.058021,0.057455,ws,ws,type_a_ladder,type_a_ladder,False,False,0.1071,-0.1375,65,45.5,strategy_S9-149__TYPE_A:NIFTY:2026-04-13T12:22:35:SHORT
2026-04-13,12:23:45,2026-04-13,12:24:06,NIFTY,BUY,TYPE_A,MID_ENTRY,BID_EXIT_STAGE1,23800.05,23799.35,NIFTY13APR2623800CE,23800.0,CE,56.8,59.95,56.72,60.08,60.0,55.0,0.088145,0.083264,ws,ws,type_a_ladder,type_a_ladder,False,True,0.0828,-0.1346,65,204.75,strategy_S9-149__TYPE_A:NIFTY:2026-04-13T12:23:45:LONG
2026-04-13,12:24:24,2026-04-13,12:24:38,NIFTY,SELL,TYPE_A,MID_ENTRY,MICROPRICE_EXIT,23797.35,23798.35,NIFTY13APR2623800PE,23800.0,PE,60.0,59.75,59.85,59.89,60.0,55.0,0.083438,0.083577,ws,ws,type_a_ladder,type_a_ladder,False,False,0.1494,-0.1403,65,-16.25,strategy_S9-149__TYPE_A:NIFTY:2026-04-13T12:24:24:SHORT
2026-04-13,12:25:04,2026-04-13,12:25:22,NIFTY,BUY,TYPE_A,MID_ENTRY,MICROPRICE_EXIT,23805.7,23809.15,NIFTY13APR2623800CE,23800.0,CE,62.8,63.75,62.74,63.83,65.0,60.0,0.079713,0.078339,ws,ws,type_a_ladder,type_a_ladder,False,False,0.0583,-0.0833,65,61.75,strategy_S9-149__TYPE_A:NIFTY:2026-04-13T12:25:04:LONG
2026-04-13,12:25:53,2026-04-13,12:26:40,NIFTY,BUY,TYPE_A,MID_ENTRY,MICROPRICE_EXIT,23811.65,23815.5,NIFTY13APR2623800CE,23800.0,CE,65.0,66.05,64.99,66.2,65.0,65.0,0.077012,0.075586,ws,ws,type_a_ladder,type_a_ladder,False,False,0.0125,-0.1451,65,68.25,strategy_S9-149__TYPE_A:NIFTY:2026-04-13T12:25:53:LONG
2026-04-13,12:26:53,2026-04-13,12:27:02,NIFTY,BUY,TYPE_A,MID_ENTRY,MICROPRICE_EXIT,23817.95,23824.5,NIFTY13APR2623800CE,23800.0,CE,67.85,71.1,67.8,71.28,70.0,70.0,0.073746,0.070225,ws,ws,type_a_ladder,type_a_ladder,False,False,0.0509,-0.175,65,211.25,strategy_S9-149__TYPE_A:NIFTY:2026-04-13T12:26:53:LONG
2026-04-13,12:27:53,2026-04-13,12:28:09,NIFTY,BUY,TYPE_A,MID_ENTRY,MICROPRICE_EXIT,23827.45,23830.55,NIFTY13APR2623800CE,23800.0,CE,73.9,76.0,73.82,76.15,75.0,75.0,0.067728,0.065703,ws,ws,type_a_ladder,type_a_ladder,False,False,0.0781,-0.1515,65,136.5,strategy_S9-149__TYPE_A:NIFTY:2026-04-13T12:27:53:LONG
2026-04-13,12:28:50,2026-04-13,12:29:22,NIFTY,BUY,TYPE_A,MID_ENTRY,MICROPRICE_EXIT,23833.5,23833.95,NIFTY13APR2623800CE,23800.0,CE,76.2,74.65,76.01,74.78,80.0,70.0,0.065703,0.066912,ws,ws,type_a_ladder,type_a_ladder,False,False,0.1867,-0.135,65,-100.75,strategy_S9-149__TYPE_A:NIFTY:2026-04-13T12:28:50:LONG
2026-04-13,12:29:50,2026-04-13,12:30:10,NIFTY,BUY,TYPE_A,MID_ENTRY,MICROPRICE_EXIT,23835.4,23840.0,NIFTY13APR2623800CE,23800.0,CE,77.65,79.3,77.61,79.49,80.0,75.0,0.064433,0.062972,ws,ws,type_a_ladder,type_a_ladder,False,False,0.0435,-0.1905,65,107.25,strategy_S9-149__TYPE_A:NIFTY:2026-04-13T12:29:50:LONG
2026-04-13,12:30:28,2026-04-13,12:30:34,NIFTY,SELL,TYPE_A,MID_ENTRY,MICROPRICE_EXIT,23832.85,23835.45,NIFTY13APR2623850PE,23850.0,PE,66.3,65.3,66.29,65.34,70.0,65.0,0.075472,0.076511,ws,ws,type_a_ladder,type_a_ladder,False,False,0.0053,-0.0417,65,-65.0,strategy_S9-149__TYPE_A:NIFTY:2026-04-13T12:30:28:SHORT
2026-04-13,12:31:44,2026-04-13,12:31:56,NIFTY,BUY,TYPE_A,MID_ENTRY,MICROPRICE_EXIT,23839.2,23837.7,NIFTY13APR2623800CE,23800.0,CE,79.45,76.7,79.28,76.71,80.0,75.0,0.063032,0.065168,ws,ws,type_a_ladder,type_a_ladder,False,False,0.1746,-0.0111,65,-178.75,strategy_S9-149__TYPE_A:NIFTY:2026-04-13T12:31:44:LONG
2026-04-13,12:32:10,2026-04-13,12:32:19,NIFTY,SELL,TYPE_A,MID_ENTRY,MICROPRICE_EXIT,23835.4,23836.7,NIFTY13APR2623850PE,23850.0,PE,65.3,64.45,65.2,64.55,70.0,60.0,0.076658,0.077519,ws,ws,type_a_ladder,type_a_ladder,False,False,0.1,-0.095,65,-55.25,strategy_S9-149__TYPE_A:NIFTY:2026-04-13T12:32:10:SHORT
2026-04-13,12:32:30,2026-04-13,12:32:35,NIFTY,SELL,TYPE_A,MID_ENTRY,MICROPRICE_EXIT,23833.8,23835.7,NIFTY13APR2623850PE,23850.0,PE,64.8,64.7,64.79,64.84,65.0,60.0,0.07725,0.07719,ws,ws,type_a_ladder,type_a_ladder,False,False,0.0068,-0.1435,65,-6.5,strategy_S9-149__TYPE_A:NIFTY:2026-04-13T12:32:30:SHORT
2026-04-13,12:32:44,2026-04-13,12:32:49,NIFTY,SELL,TYPE_A,MID_ENTRY,MICROPRICE_EXIT,23833.3,23835.2,NIFTY13APR2623850PE,23850.0,PE,64.85,64.85,64.76,64.88,65.0,60.0,0.07719,0.077071,ws,ws,type_a_ladder,type_a_ladder,False,False,0.0892,-0.025,65,0.0,strategy_S9-149__TYPE_A:NIFTY:2026-04-13T12:32:44:SHORT
2026-04-13,12:33:11,2026-04-13,12:33:19,NIFTY,SELL,TYPE_A,MID_ENTRY,MICROPRICE_EXIT,23833.1,23834.75,NIFTY13APR2623850PE,23850.0,PE,64.65,64.3,64.54,64.32,65.0,60.0,0.077429,0.0777,ws,ws,type_a_ladder,type_a_ladder,False,False,0.1125,-0.02,65,-22.75,strategy_S9-149__TYPE_A:NIFTY:2026-04-13T12:33:11:SHORT
2026-04-13,12:33:20,2026-04-13,12:33:26,NIFTY,BUY,TYPE_A,MID_ENTRY,MICROPRICE_EXIT,23835.9,23833.6,NIFTY13APR2623800CE,23800.0,CE,77.6,74.85,77.49,74.94,80.0,70.0,0.064537,0.066756,ws,ws,type_a_ladder,type_a_ladder,False,False,0.1131,-0.0944,65,-178.75,strategy_S9-149__TYPE_A:NIFTY:2026-04-13T12:33:20:LONG
2026-04-13,12:33:38,2026-04-13,12:33:57,NIFTY,SELL,TYPE_A,MID_ENTRY,MICROPRICE_EXIT,23830.65,23827.1,NIFTY13APR2623850PE,23850.0,PE,66.6,66.5,66.59,66.65,70.0,65.0,0.075103,0.075103,ws,ws,type_a_ladder,type_a_ladder,False,False,0.0071,-0.1486,65,-6.5,strategy_S9-149__TYPE_A:NIFTY:2026-04-13T12:33:38:SHORT
2026-04-13,12:35:20,2026-04-13,12:35:27,NIFTY,BUY,TYPE_A,MID_ENTRY,MICROPRICE_EXIT,23832.45,23830.35,NIFTY13APR2623800CE,23800.0,CE,74.55,74.15,74.41,74.31,75.0,70.0,0.067137,0.06734,ws,ws,type_a_ladder,type_a_ladder,False,False,0.137,-0.1565,65,-26.0,strategy_S9-149__TYPE_A:NIFTY:2026-04-13T12:35:20:LONG
2026-04-13,12:35:30,2026-04-13,12:35:50,NIFTY,SELL,TYPE_A,MID_ENTRY,MICROPRICE_EXIT,23829.15,23830.25,NIFTY13APR2623850PE,23850.0,PE,66.9,67.3,66.83,67.41,70.0,65.0,0.074794,0.074184,ws,ws,type_a_ladder,type_a_ladder,False,False,0.0667,-0.113,65,26.0,strategy_S9-149__TYPE_A:NIFTY:2026-04-13T12:35:30:SHORT
2026-04-13,12:36:28,2026-04-13,12:36:45,NIFTY,SELL,TYPE_A,MID_ENTRY,MICROPRICE_EXIT,23826.55,23824.75,NIFTY13APR2623850PE,23850.0,PE,69.4,69.5,69.35,69.57,70.0,65.0,0.07215,0.071865,ws,ws,type_a_ladder,type_a_ladder,False,False,0.0474,-0.0656,65,6.5,strategy_S9-149__TYPE_A:NIFTY:2026-04-13T12:36:28:SHORT
2026-04-13,12:37:20,2026-04-13,12:37:41,NIFTY,BUY,TYPE_A,MID_ENTRY,MICROPRICE_EXIT,23830.05,23830.15,NIFTY13APR2623800CE,23800.0,CE,71.5,73.05,71.45,73.25,75.0,70.0,0.070028,0.068353,ws,ws,type_a_ladder,type_a_ladder,False,False,0.0486,-0.1972,65,100.75,strategy_S9-149__TYPE_A:NIFTY:2026-04-13T12:37:20:LONG
2026-04-13,12:38:01,2026-04-13,12:38:41,NIFTY,BUY,TYPE_A,MID_ENTRY,MICROPRICE_EXIT,23834.45,23841.05,NIFTY13APR2623800CE,23800.0,CE,75.3,76.55,75.28,76.58,80.0,75.0,0.066489,0.065253,ws,ws,type_a_ladder,type_a_ladder,False,False,0.0162,-0.0273,65,81.25,strategy_S9-149__TYPE_A:NIFTY:2026-04-13T12:38:01:LONG
2026-04-13,12:39:15,2026-04-13,12:39:22,NIFTY,BUY,TYPE_A,MID_ENTRY,MICROPRICE_EXIT,23844.7,23844.0,NIFTY13APR2623800CE,23800.0,CE,77.55,78.05,77.48,78.17,80.0,75.0,0.064516,0.063959,ws,ws,type_a_ladder,type_a_ladder,False,False,0.0722,-0.1179,65,32.5,strategy_S9-149__TYPE_A:NIFTY:2026-04-13T12:39:15:LONG
2026-04-13,12:39:37,2026-04-13,12:39:51,NIFTY,SELL,TYPE_A,MID_ENTRY,MICROPRICE_EXIT,23835.95,23837.65,NIFTY13APR2623850PE,23850.0,PE,63.2,62.5,63.08,62.51,65.0,60.0,0.079208,0.079936,ws,ws,type_a_ladder,type_a_ladder,False,False,0.1167,-0.0083,65,-45.5,strategy_S9-149__TYPE_A:NIFTY:2026-04-13T12:39:37:SHORT
2026-04-13,12:40:21,2026-04-13,12:40:51,NIFTY,SELL,TYPE_A,MID_PLUS_25_ENTRY,MICROPRICE_EXIT,23832.75,23826.85,NIFTY13APR2623850PE,23850.0,PE,65.05,67.7,64.96,67.83,70.0,65.0,0.076953,0.073746,ws,ws,type_a_ladder,type_a_ladder,True,False,0.09,-0.1333,65,172.25,strategy_S9-149__TYPE_A:NIFTY:2026-04-13T12:40:21:SHORT
2026-04-13,12:41:26,2026-04-13,12:41:40,NIFTY,BUY,TYPE_A,MID_ENTRY,MICROPRICE_EXIT,23831.3,23833.15,NIFTY13APR2623800CE,23800.0,CE,72.85,73.3,72.77,73.3,75.0,70.0,0.068681,0.06819,ws,ws,type_a_ladder,type_a_ladder,False,False,0.0758,-0.0042,65,29.25,strategy_S9-149__TYPE_A:NIFTY:2026-04-13T12:41:26:LONG
2026-04-13,12:42:15,2026-04-13,12:42:24,NIFTY,BUY,TYPE_A,MID_ENTRY,MICROPRICE_EXIT,23837.4,23836.3,NIFTY13APR2623800CE,23800.0,CE,74.85,74.1,74.66,74.28,75.0,70.0,0.06689,0.067385,ws,ws,type_a_ladder,type_a_ladder,False,False,0.1871,-0.1754,65,-48.75,strategy_S9-149__TYPE_A:NIFTY:2026-04-13T12:42:15:LONG
2026-04-13,12:42:53,2026-04-13,12:43:11,NIFTY,BUY,TYPE_A,MID_ENTRY,MICROPRICE_EXIT,23842.05,23841.0,NIFTY13APR2623800CE,23800.0,CE,76.4,75.5,76.25,75.53,80.0,75.0,0.065531,0.066203,ws,ws,type_a_ladder,type_a_ladder,False,False,0.1463,-0.025,65,-58.5,strategy_S9-149__TYPE_A:NIFTY:2026-04-13T12:42:53:LONG
2026-04-13,12:43:38,2026-04-13,12:43:47,NIFTY,SELL,TYPE_A,MID_ENTRY,MICROPRICE_EXIT,23838.05,23839.15,NIFTY13APR2623850PE,23850.0,PE,61.85,62.25,61.81,62.26,65.0,60.0,0.080972,0.080225,ws,ws,type_a_ladder,type_a_ladder,False,False,0.0419,-0.01,65,26.0,strategy_S9-149__TYPE_A:NIFTY:2026-04-13T12:43:38:SHORT
2026-04-13,12:44:35,2026-04-13,12:44:41,NIFTY,BUY,TYPE_A,MID_ENTRY,MICROPRICE_EXIT,23842.0,23840.35,NIFTY13APR2623800CE,23800.0,CE,76.8,75.8,76.67,75.94,80.0,75.0,0.06521,0.065898,ws,ws,type_a_ladder,type_a_ladder,False,False,0.1306,-0.14,65,-65.0,strategy_S9-149__TYPE_A:NIFTY:2026-04-13T12:44:35:LONG
2026-04-13,12:45:43,2026-04-13,12:46:15,NIFTY,SELL,TYPE_A,MID_ENTRY,MICROPRICE_EXIT,23838.5,23829.55,NIFTY13APR2623850PE,23850.0,PE,62.8,68.45,62.74,68.56,65.0,65.0,0.079713,0.072966,ws,ws,type_a_ladder,type_a_ladder,False,False,0.0577,-0.1138,65,367.25,strategy_S9-149__TYPE_A:NIFTY:2026-04-13T12:45:43:SHORT
2026-04-13,12:46:30,2026-04-13,12:46:50,NIFTY,SELL,TYPE_A,MID_ENTRY,MICROPRICE_EXIT,23828.3,23828.45,NIFTY13APR2623850PE,23850.0,PE,66.1,65.9,66.05,65.99,70.0,65.0,0.0757,0.075815,ws,ws,type_a_ladder,type_a_ladder,False,False,0.05,-0.0857,65,-13.0,strategy_S9-149__TYPE_A:NIFTY:2026-04-13T12:46:30:SHORT
2026-04-13,12:47:44,2026-04-13,12:47:50,NIFTY,BUY,TYPE_A,MID_ENTRY,MICROPRICE_EXIT,23830.3,23828.1,NIFTY13APR2623800CE,23800.0,CE,73.5,72.05,73.41,72.06,75.0,70.0,0.06812,0.0693,ws,ws,type_a_ladder,type_a_ladder,False,False,0.0889,-0.0148,65,-94.25,strategy_S9-149__TYPE_A:NIFTY:2026-04-13T12:47:44:LONG
2026-04-13,12:48:13,2026-04-13,12:48:26,NIFTY,BUY,TYPE_A,MID_ENTRY,MICROPRICE_EXIT,23833.0,23831.2,NIFTY13APR2623800CE,23800.0,CE,74.85,73.05,74.84,73.07,75.0,70.0,0.06689,0.068376,ws,ws,type_a_ladder,type_a_ladder,False,False,0.0105,-0.0187,65,-117.0,strategy_S9-149__TYPE_A:NIFTY:2026-04-13T12:48:13:LONG
2026-04-13,12:49:13,2026-04-13,12:49:42,NIFTY,BUY,TYPE_A,MID_ENTRY,MICROPRICE_EXIT,23838.05,23838.9,NIFTY13APR2623800CE,23800.0,CE,75.5,73.8,75.47,73.84,80.0,70.0,0.066247,0.067728,ws,ws,type_a_ladder,type_a_ladder,False,False,0.025,-0.0375,65,-110.5,strategy_S9-149__TYPE_A:NIFTY:2026-04-13T12:49:13:LONG
2026-04-13,12:49:50,2026-04-13,12:49:56,NIFTY,BUY,TYPE_A,MID_ENTRY,MICROPRICE_EXIT,23842.3,23840.75,NIFTY13APR2623800CE,23800.0,CE,74.45,73.85,74.44,73.9,75.0,70.0,0.067182,0.067636,ws,ws,type_a_ladder,type_a_ladder,False,False,0.0063,-0.05,65,-39.0,strategy_S9-149__TYPE_A:NIFTY:2026-04-13T12:49:50:LONG
2026-04-13,12:50:41,2026-04-13,12:50:46,NIFTY,SELL,TYPE_A,MID_ENTRY,MICROPRICE_EXIT,23836.85,23839.65,NIFTY13APR2623850PE,23850.0,PE,63.85,63.9,63.81,63.96,65.0,60.0,0.078401,0.078156,ws,ws,type_a_ladder,type_a_ladder,False,False,0.0353,-0.0562,65,3.25,strategy_S9-149__TYPE_A:NIFTY:2026-04-13T12:50:41:SHORT
2026-04-13,12:50:50,2026-04-13,12:51:01,NIFTY,BUY,TYPE_A,MID_ENTRY,MICROPRICE_EXIT,23843.85,23840.05,NIFTY13APR2623800CE,23800.0,CE,74.15,72.3,74.06,72.35,75.0,70.0,0.067522,0.069085,ws,ws,type_a_ladder,type_a_ladder,False,False,0.0851,-0.0513,65,-120.25,strategy_S9-149__TYPE_A:NIFTY:2026-04-13T12:50:50:LONG
2026-04-13,12:51:20,2026-04-13,12:51:31,NIFTY,SELL,TYPE_A,MID_ENTRY,MICROPRICE_EXIT,23833.45,23835.95,NIFTY13APR2623850PE,23850.0,PE,68.85,66.9,68.82,66.92,70.0,65.0,0.072727,0.074683,ws,ws,type_a_ladder,type_a_ladder,False,False,0.0345,-0.0167,65,-126.75,strategy_S9-149__TYPE_A:NIFTY:2026-04-13T12:51:20:SHORT
2026-04-13,12:51:41,2026-04-13,12:52:30,NIFTY,BUY,TYPE_A,MID_ENTRY,MICROPRICE_EXIT,23838.85,23840.8,NIFTY13APR2623800CE,23800.0,CE,71.7,72.75,71.69,72.83,75.0,70.0,0.069759,0.068658,ws,ws,type_a_ladder,type_a_ladder,False,False,0.01,-0.0818,65,68.25,strategy_S9-149__TYPE_A:NIFTY:2026-04-13T12:51:41:LONG
2026-04-13,12:52:50,2026-04-13,12:53:13,NIFTY,BUY,TYPE_A,MID_ENTRY,MICROPRICE_EXIT,23843.6,23840.75,NIFTY13APR2623800CE,23800.0,CE,73.0,71.9,72.98,71.97,75.0,70.0,0.068517,0.069469,ws,ws,type_a_ladder,type_a_ladder,False,False,0.0222,-0.0682,65,-71.5,strategy_S9-149__TYPE_A:NIFTY:2026-04-13T12:52:50:LONG
2026-04-13,12:54:30,2026-04-13,12:55:11,NIFTY,SELL,TYPE_A,MID_ENTRY,MICROPRICE_EXIT,23835.55,23819.4,NIFTY13APR2623850PE,23850.0,PE,67.8,70.85,67.79,70.89,70.0,70.0,0.073828,0.070522,ws,ws,type_a_ladder,type_a_ladder,False,False,0.0125,-0.0364,65,198.25,strategy_S9-149__TYPE_A:NIFTY:2026-04-13T12:54:30:SHORT
2026-04-13,12:56:18,2026-04-13,12:57:21,NIFTY,SELL,TYPE_A,MID_ENTRY,MICROPRICE_EXIT,23813.9,23783.95,NIFTY13APR2623850PE,23850.0,PE,73.95,92.85,73.91,92.92,75.0,90.0,0.067705,0.053792,ws,ws,type_a_ladder,type_a_ladder,False,False,0.0424,-0.0667,65,1228.5,strategy_S9-149__TYPE_A:NIFTY:2026-04-13T12:56:18:SHORT
2026-04-13,12:57:48,2026-04-13,12:58:45,NIFTY,BUY,TYPE_A,MID_ENTRY,MICROPRICE_EXIT,23794.35,23823.5,NIFTY13APR2623750CE,23750.0,CE,78.05,91.6,77.86,91.79,80.0,90.0,0.064144,0.054511,ws,ws,type_a_ladder,type_a_ladder,False,False,0.1882,-0.1905,65,880.75,strategy_S9-149__TYPE_A:NIFTY:2026-04-13T12:57:48:LONG
2026-04-13,12:58:50,2026-04-13,12:59:12,NIFTY,SELL,TYPE_A,MID_ENTRY,MICROPRICE_EXIT,23819.25,23814.65,NIFTY13APR2623850PE,23850.0,PE,77.0,77.9,76.8,77.97,80.0,75.0,0.06502,0.064144,ws,ws,type_a_ladder,type_a_ladder,False,False,0.1966,-0.0667,65,58.5,strategy_S9-149__TYPE_A:NIFTY:2026-04-13T12:58:50:SHORT
2026-04-13,12:59:25,2026-04-13,12:59:47,NIFTY,SELL,TYPE_A,MID_ENTRY,MICROPRICE_EXIT,23811.55,23810.0,NIFTY13APR2623850PE,23850.0,PE,79.75,75.15,79.59,75.17,80.0,75.0,0.062775,0.066511,ws,ws,type_a_ladder,type_a_ladder,False,False,0.1636,-0.025,65,-299.0,strategy_S9-149__TYPE_A:NIFTY:2026-04-13T12:59:25:SHORT
2026-04-13,13:00:04,2026-04-13,13:00:47,NIFTY,SELL,TYPE_A,MID_ENTRY,MICROPRICE_EXIT,23803.35,23799.45,NIFTY13APR2623850PE,23850.0,PE,81.45,84.35,81.33,84.47,85.0,80.0,0.061463,0.059224,ws,ws,type_a_ladder,type_a_ladder,False,False,0.1222,-0.1239,65,188.5,strategy_S9-149__TYPE_A:NIFTY:2026-04-13T13:00:04:SHORT
2026-04-13,13:00:50,2026-04-13,13:01:38,NIFTY,BUY,TYPE_A,MID_ENTRY,MICROPRICE_EXIT,23803.95,23809.4,NIFTY13APR2623800CE,23800.0,CE,54.2,58.25,54.13,58.35,55.0,55.0,0.092379,0.08569,ws,ws,type_a_ladder,type_a_ladder,False,False,0.066,-0.097,65,263.25,strategy_S9-149__TYPE_A:NIFTY:2026-04-13T13:00:50:LONG
2026-04-13,13:02:09,2026-04-13,13:02:36,NIFTY,SELL,TYPE_A,MID_ENTRY,MICROPRICE_EXIT,23807.85,23801.85,NIFTY13APR2623850PE,23850.0,PE,80.25,84.65,80.1,84.74,85.0,80.0,0.062402,0.059014,ws,ws,type_a_ladder,type_a_ladder,False,False,0.15,-0.09,65,286.0,strategy_S9-149__TYPE_A:NIFTY:2026-04-13T13:02:09:SHORT
2026-04-13,13:02:41,2026-04-13,13:03:20,NIFTY,SELL,TYPE_A,MID_ENTRY,MICROPRICE_EXIT,23799.95,23776.6,NIFTY13APR2623800PE,23800.0,PE,54.25,67.3,54.12,67.42,55.0,65.0,0.092293,0.074184,ws,ws,type_a_ladder,type_a_ladder,False,False,0.1282,-0.1171,65,848.25,strategy_S9-149__TYPE_A:NIFTY:2026-04-13T13:02:41:SHORT
2026-04-13,13:04:00,2026-04-13,13:04:22,NIFTY,BUY,TYPE_A,MID_ENTRY,MICROPRICE_EXIT,23779.8,23784.85,NIFTY13APR2623750CE,23750.0,CE,67.45,69.2,67.35,69.23,70.0,65.0,0.074212,0.072176,ws,ws,type_a_ladder,type_a_ladder,False,False,0.1,-0.0273,65,113.75,strategy_S9-149__TYPE_A:NIFTY:2026-04-13T13:04:00:LONG
2026-04-13,13:05:05,2026-04-13,13:06:35,NIFTY,BUY,TYPE_A,MID_ENTRY,MICROPRICE_EXIT,23788.05,23803.7,NIFTY13APR2623750CE,23750.0,CE,71.75,79.8,71.65,79.81,75.0,75.0,0.069759,0.062598,ws,ws,type_a_ladder,type_a_ladder,False,False,0.1,-0.0125,65,523.25,strategy_S9-149__TYPE_A:NIFTY:2026-04-13T13:05:05:LONG
2026-04-13,13:07:41,2026-04-13,13:07:54,NIFTY,BUY,TYPE_A,MID_ENTRY,MICROPRICE_EXIT,23808.3,23806.5,NIFTY13APR2623800CE,23800.0,CE,54.95,52.15,54.86,52.18,55.0,50.0,0.091116,0.095831,ws,ws,type_a_ladder,type_a_ladder,False,False,0.0891,-0.0343,65,-182.0,strategy_S9-149__TYPE_A:NIFTY:2026-04-13T13:07:41:LONG
2026-04-13,13:09:11,2026-04-13,13:09:23,NIFTY,BUY,TYPE_A,MID_ENTRY,MICROPRICE_EXIT,23813.1,23815.15,NIFTY13APR2623800CE,23800.0,CE,57.35,58.5,57.21,58.63,60.0,55.0,0.087298,0.085324,ws,ws,type_a_ladder,type_a_ladder,False,False,0.1425,-0.1294,65,74.75,strategy_S9-149__TYPE_A:NIFTY:2026-04-13T13:09:11:LONG
2026-04-13,13:10:00,2026-04-13,13:10:16,NIFTY,SELL,TYPE_A,MID_ENTRY,MICROPRICE_EXIT,23807.75,23805.85,NIFTY13APR2623850PE,23850.0,PE,78.55,80.2,78.42,80.38,80.0,80.0,0.063715,0.062247,ws,ws,type_a_ladder,type_a_ladder,False,False,0.1286,-0.1802,65,107.25,strategy_S9-149__TYPE_A:NIFTY:2026-04-13T13:10:00:SHORT
2026-04-13,13:11:00,2026-04-13,13:11:06,NIFTY,SELL,TYPE_A,MID_ENTRY,MICROPRICE_EXIT,23803.4,23805.9,NIFTY13APR2623850PE,23850.0,PE,80.7,81.15,80.6,81.21,85.0,80.0,0.062035,0.06152,ws,ws,type_a_ladder,type_a_ladder,False,False,0.1,-0.0588,65,29.25,strategy_S9-149__TYPE_A:NIFTY:2026-04-13T13:11:00:SHORT
2026-04-13,13:11:39,2026-04-13,13:12:29,NIFTY,BUY,TYPE_A,MID_ENTRY,MICROPRICE_EXIT,23809.85,23813.15,NIFTY13APR2623800CE,23800.0,CE,56.75,60.55,56.62,60.55,60.0,60.0,0.088222,0.082542,ws,ws,type_a_ladder,type_a_ladder,False,False,0.1269,-0.0025,65,247.0,strategy_S9-149__TYPE_A:NIFTY:2026-04-13T13:11:39:LONG
2026-04-13,13:13:28,2026-04-13,13:13:45,NIFTY,SELL,TYPE_A,MID_ENTRY,MICROPRICE_EXIT,23816.55,23818.5,NIFTY13APR2623850PE,23850.0,PE,71.35,70.35,71.3,70.49,75.0,70.0,0.070151,0.070972,ws,ws,type_a_ladder,type_a_ladder,False,False,0.05,-0.1429,65,-65.0,strategy_S9-149__TYPE_A:NIFTY:2026-04-13T13:13:28:SHORT
2026-04-13,13:13:50,2026-04-13,13:14:13,NIFTY,SELL,TYPE_A,MID_ENTRY,MICROPRICE_EXIT,23814.35,23809.65,NIFTY13APR2623850PE,23850.0,PE,72.5,75.25,72.4,75.42,75.0,75.0,0.069061,0.066357,ws,ws,type_a_ladder,type_a_ladder,False,False,0.1,-0.175,65,178.75,strategy_S9-149__TYPE_A:NIFTY:2026-04-13T13:13:50:SHORT
2026-04-13,13:14:21,2026-04-13,13:14:30,NIFTY,BUY,TYPE_A,MID_ENTRY,MICROPRICE_EXIT,23816.25,23813.6,NIFTY13APR2623800CE,23800.0,CE,57.6,58.3,57.56,58.35,60.0,55.0,0.086881,0.085653,ws,ws,type_a_ladder,type_a_ladder,False,False,0.04,-0.05,65,45.5,strategy_S9-149__TYPE_A:NIFTY:2026-04-13T13:14:21:LONG
2026-04-13,13:14:41,2026-04-13,13:15:41,NIFTY,BUY,TYPE_A,MID_ENTRY,BID_EXIT_STAGE1,23818.65,23825.45,NIFTY13APR2623800CE,23800.0,CE,60.8,64.95,60.78,65.02,65.0,60.0,0.082338,0.076864,ws,ws,type_a_ladder,type_a_ladder,False,True,0.0242,-0.0739,65,269.75,strategy_S9-149__TYPE_A:NIFTY:2026-04-13T13:14:41:LONG
2026-04-13,13:15:52,2026-04-13,13:16:17,NIFTY,SELL,TYPE_A,MID_ENTRY,MICROPRICE_EXIT,23821.95,23816.95,NIFTY13APR2623850PE,23850.0,PE,66.45,70.2,66.42,70.22,70.0,70.0,0.07533,0.071174,ws,ws,type_a_ladder,type_a_ladder,False,False,0.0259,-0.025,65,243.75,strategy_S9-149__TYPE_A:NIFTY:2026-04-13T13:15:52:SHORT
2026-04-13,13:16:57,2026-04-13,13:17:12,NIFTY,SELL,TYPE_A,MID_ENTRY,MICROPRICE_EXIT,23811.45,23811.55,NIFTY13APR2623850PE,23850.0,PE,73.45,75.05,73.32,75.14,75.0,75.0,0.068166,0.066556,ws,ws,type_a_ladder,type_a_ladder,False,False,0.1333,-0.09,65,104.0,strategy_S9-149__TYPE_A:NIFTY:2026-04-13T13:16:57:SHORT
2026-04-13,13:17:57,2026-04-13,13:18:05,NIFTY,SELL,TYPE_A,MID_ENTRY,MICROPRICE_EXIT,23806.7,23808.2,NIFTY13APR2623850PE,23850.0,PE,73.25,72.25,73.15,72.36,75.0,70.0,0.068353,0.069109,ws,ws,type_a_ladder,type_a_ladder,False,False,0.1,-0.1059,65,-65.0,strategy_S9-149__TYPE_A:NIFTY:2026-04-13T13:17:57:SHORT
2026-04-13,13:18:15,2026-04-13,13:19:17,NIFTY,BUY,TYPE_A,MID_ENTRY,MICROPRICE_EXIT,23818.35,23828.25,NIFTY13APR2623800CE,23800.0,CE,57.8,66.05,57.67,66.11,60.0,65.0,0.086618,0.075614,ws,ws,type_a_ladder,type_a_ladder,False,False,0.1263,-0.0587,65,536.25,strategy_S9-149__TYPE_A:NIFTY:2026-04-13T13:18:15:LONG
2026-04-13,13:19:34,2026-04-13,13:20:13,NIFTY,BUY,TYPE_A,MID_ENTRY,MICROPRICE_EXIT,23829.3,23836.2,NIFTY13APR2623800CE,23800.0,CE,64.55,64.45,64.44,64.48,65.0,60.0,0.07758,0.077489,ws,ws,type_a_ladder,type_a_ladder,False,False,0.1102,-0.03,65,-6.5,strategy_S9-149__TYPE_A:NIFTY:2026-04-13T13:19:34:LONG
2026-04-13,13:20:37,2026-04-13,13:20:54,NIFTY,SELL,TYPE_A,MID_ENTRY,MICROPRICE_EXIT,23831.7,23830.35,NIFTY13APR2623850PE,23850.0,PE,61.4,60.6,61.38,60.73,65.0,60.0,0.081533,0.082406,ws,ws,type_a_ladder,type_a_ladder,False,False,0.0176,-0.1333,65,-52.0,strategy_S9-149__TYPE_A:NIFTY:2026-04-13T13:20:37:SHORT
2026-04-13,13:21:24,2026-04-13,13:21:38,NIFTY,BUY,TYPE_A,MID_ENTRY,MICROPRICE_EXIT,23833.7,23829.95,NIFTY13APR2623800CE,23800.0,CE,66.4,64.8,66.35,64.83,70.0,60.0,0.075386,0.077071,ws,ws,type_a_ladder,type_a_ladder,False,False,0.0545,-0.0324,65,-104.0,strategy_S9-149__TYPE_A:NIFTY:2026-04-13T13:21:24:LONG
2026-04-13,13:22:44,2026-04-13,13:23:13,NIFTY,SELL,TYPE_A,MID_ENTRY,MICROPRICE_EXIT,23829.65,23823.35,NIFTY13APR2623850PE,23850.0,PE,60.2,61.0,60.08,61.01,65.0,60.0,0.08316,0.0819,ws,ws,type_a_ladder,type_a_ladder,False,False,0.12,-0.01,65,52.0,strategy_S9-149__TYPE_A:NIFTY:2026-04-13T13:22:44:SHORT
2026-04-13,13:24:10,2026-04-13,13:24:37,NIFTY,SELL,TYPE_A,MID_ENTRY,MICROPRICE_EXIT,23825.05,23823.0,NIFTY13APR2623850PE,23850.0,PE,61.2,62.65,61.14,62.73,65.0,60.0,0.081766,0.079681,ws,ws,type_a_ladder,type_a_ladder,False,False,0.0588,-0.0788,65,94.25,strategy_S9-149__TYPE_A:NIFTY:2026-04-13T13:24:10:SHORT
2026-04-13,13:25:09,2026-04-13,13:25:40,NIFTY,BUY,TYPE_A,MID_ENTRY,MICROPRICE_EXIT,23827.9,23829.5,NIFTY13APR2623800CE,23800.0,CE,63.85,64.45,63.79,64.58,65.0,60.0,0.078401,0.077489,ws,ws,type_a_ladder,type_a_ladder,False,False,0.06,-0.135,65,39.0,strategy_S9-149__TYPE_A:NIFTY:2026-04-13T13:25:09:LONG
2026-04-13,13:25:50,2026-04-13,13:25:57,NIFTY,SELL,TYPE_A,MID_ENTRY,MICROPRICE_EXIT,23826.15,23828.95,NIFTY13APR2623850PE,23850.0,PE,60.15,59.75,60.08,59.77,65.0,55.0,0.083195,0.083577,ws,ws,type_a_ladder,type_a_ladder,False,False,0.0667,-0.0187,65,-26.0,strategy_S9-149__TYPE_A:NIFTY:2026-04-13T13:25:50:SHORT
2026-04-13,13:26:39,2026-04-13,13:26:55,NIFTY,SELL,TYPE_A,MID_ENTRY,MICROPRICE_EXIT,23823.25,23822.4,NIFTY13APR2623850PE,23850.0,PE,62.2,61.45,62.12,61.59,65.0,60.0,0.080451,0.081268,ws,ws,type_a_ladder,type_a_ladder,False,False,0.076,-0.1421,65,-48.75,strategy_S9-149__TYPE_A:NIFTY:2026-04-13T13:26:39:SHORT
2026-04-13,13:28:26,2026-04-13,13:28:32,NIFTY,BUY,TYPE_A,MID_ENTRY,MICROPRICE_EXIT,23827.85,23826.0,NIFTY13APR2623800CE,23800.0,CE,62.8,61.15,62.75,61.17,65.0,60.0,0.079713,0.081733,ws,ws,type_a_ladder,type_a_ladder,False,False,0.0522,-0.0243,65,-107.25,strategy_S9-149__TYPE_A:NIFTY:2026-04-13T13:28:26:LONG
2026-04-13,13:29:07,2026-04-13,13:29:10,NIFTY,BUY,TYPE_A,MID_ENTRY,MICROPRICE_EXIT,23828.8,23827.15,NIFTY13APR2623800CE,23800.0,CE,62.25,61.2,62.18,61.23,65.0,60.0,0.080386,0.081666,ws,ws,type_a_ladder,type_a_ladder,False,False,0.0733,-0.025,65,-68.25,strategy_S9-149__TYPE_A:NIFTY:2026-04-13T13:29:07:LONG
2026-04-13,13:29:52,2026-04-13,13:30:16,NIFTY,SELL,TYPE_A,MID_ENTRY,MICROPRICE_EXIT,23825.25,23825.6,NIFTY13APR2623850PE,23850.0,PE,61.0,60.15,60.98,60.21,65.0,60.0,0.082034,0.082988,ws,ws,type_a_ladder,type_a_ladder,False,False,0.0226,-0.0585,65,-55.25,strategy_S9-149__TYPE_A:NIFTY:2026-04-13T13:29:52:SHORT
2026-04-13,13:30:29,2026-04-13,13:30:39,NIFTY,BUY,TYPE_A,MID_ENTRY,MICROPRICE_EXIT,23829.4,23830.35,NIFTY13APR2623800CE,23800.0,CE,66.95,62.8,66.93,62.92,70.0,60.0,0.07471,0.079491,ws,ws,type_a_ladder,type_a_ladder,False,False,0.0214,-0.1242,65,-269.75,strategy_S9-149__TYPE_A:NIFTY:2026-04-13T13:30:29:LONG
2026-04-13,13:31:30,2026-04-13,13:31:49,NIFTY,SELL,TYPE_A,MID_ENTRY,MICROPRICE_EXIT,23825.9,23828.05,NIFTY13APR2623850PE,23850.0,PE,59.05,57.95,59.04,58.06,60.0,55.0,0.084746,0.086133,ws,ws,type_a_ladder,type_a_ladder,False,False,0.0143,-0.1143,65,-71.5,strategy_S9-149__TYPE_A:NIFTY:2026-04-13T13:31:30:SHORT
2026-04-13,13:31:55,2026-04-13,13:32:43,NIFTY,BUY,TYPE_A,MID_ENTRY,MICROPRICE_EXIT,23829.5,23839.7,NIFTY13APR2623800CE,23800.0,CE,62.55,67.8,62.5,67.88,65.0,65.0,0.080064,0.073638,ws,ws,type_a_ladder,type_a_ladder,False,False,0.052,-0.08,65,341.25,strategy_S9-149__TYPE_A:NIFTY:2026-04-13T13:31:55:LONG
2026-04-13,13:33:01,2026-04-13,13:33:37,NIFTY,BUY,TYPE_A,MID_ENTRY,MICROPRICE_EXIT,23841.3,23848.65,NIFTY13APR2623800CE,23800.0,CE,71.65,73.8,71.49,73.85,75.0,70.0,0.069881,0.067659,ws,ws,type_a_ladder,type_a_ladder,False,False,0.1619,-0.0522,65,139.75,strategy_S9-149__TYPE_A:NIFTY:2026-04-13T13:33:01:LONG
2026-04-13,13:33:43,2026-04-13,13:34:07,NIFTY,SELL,TYPE_A,MID_ENTRY,MICROPRICE_EXIT,23837.1,23846.55,NIFTY13APR2623850PE,23850.0,PE,50.7,46.1,50.69,46.19,55.0,45.0,0.098717,0.108342,ws,ws,type_a_ladder,type_a_ladder,False,False,0.0056,-0.0929,65,-299.0,strategy_S9-149__TYPE_A:NIFTY:2026-04-13T13:33:43:SHORT
2026-04-13,13:34:13,2026-04-13,13:34:42,NIFTY,BUY,TYPE_A,MID_ENTRY,MICROPRICE_EXIT,23849.6,23850.75,NIFTY13APR2623800CE,23800.0,CE,75.95,74.25,75.81,74.43,80.0,70.0,0.06592,0.067249,ws,ws,type_a_ladder,type_a_ladder,False,False,0.1448,-0.1818,65,-110.5,strategy_S9-149__TYPE_A:NIFTY:2026-04-13T13:34:13:LONG
2026-04-13,13:34:50,2026-04-13,13:35:32,NIFTY,SELL,TYPE_A,MID_ENTRY,MICROPRICE_EXIT,23847.25,23842.15,NIFTY13APR2623850PE,23850.0,PE,43.85,46.85,43.85,46.9,45.0,45.0,0.11409,0.106553,ws,ws,type_a_ladder,type_a_ladder,False,False,0.0021,-0.0522,65,195.0,strategy_S9-149__TYPE_A:NIFTY:2026-04-13T13:34:50:SHORT
2026-04-13,13:35:40,2026-04-13,13:35:45,NIFTY,BUY,TYPE_A,MID_PLUS_25_ENTRY,BID_EXIT_STAGE1,23848.05,23845.55,NIFTY13APR2623800CE,23800.0,CE,75.1,74.85,74.98,75.02,80.0,70.0,0.066667,0.066711,ws,ws,type_a_ladder,type_a_ladder,True,True,0.1238,-0.1727,65,-16.25,strategy_S9-149__TYPE_A:NIFTY:2026-04-13T13:35:40:LONG
2026-04-13,13:36:00,2026-04-13,13:36:19,NIFTY,BUY,TYPE_A,MID_ENTRY,BID_EXIT_STAGE1,23849.2,23845.1,NIFTY13APR2623800CE,23800.0,CE,74.5,69.95,74.39,70.11,75.0,65.0,0.067182,0.071378,ws,ws,type_a_ladder,type_a_ladder,False,True,0.1071,-0.1556,65,-295.75,strategy_S9-149__TYPE_A:NIFTY:2026-04-13T13:36:00:LONG
2026-04-13,13:37:06,2026-04-13,13:37:45,NIFTY,BUY,TYPE_A,MID_ENTRY,MICROPRICE_EXIT,23850.45,23852.2,NIFTY13APR2623850CE,23850.0,CE,43.3,43.05,43.21,43.07,45.0,40.0,0.115674,0.116009,ws,ws,type_a_ladder,type_a_ladder,False,False,0.0877,-0.0188,65,-16.25,strategy_S9-149__TYPE_A:NIFTY:2026-04-13T13:37:06:LONG
2026-04-13,13:37:58,2026-04-13,13:38:21,NIFTY,BUY,TYPE_A,MID_ENTRY,MICROPRICE_EXIT,23856.0,23854.55,NIFTY13APR2623850CE,23850.0,CE,44.8,43.0,44.7,43.05,45.0,40.0,0.111794,0.116077,ws,ws,type_a_ladder,type_a_ladder,False,False,0.1015,-0.0495,65,-117.0,strategy_S9-149__TYPE_A:NIFTY:2026-04-13T13:37:58:LONG
2026-04-13,13:38:30,2026-04-13,13:39:15,NIFTY,SELL,TYPE_A,MID_ENTRY,MICROPRICE_EXIT,23852.85,23843.5,NIFTY13APR2623900PE,23900.0,PE,74.85,78.65,74.75,78.68,75.0,75.0,0.066867,0.063492,ws,ws,type_a_ladder,type_a_ladder,False,False,0.0955,-0.025,65,247.0,strategy_S9-149__TYPE_A:NIFTY:2026-04-13T13:38:30:SHORT
2026-04-13,13:39:22,2026-04-13,13:39:28,NIFTY,SELL,TYPE_A,MID_ENTRY,MICROPRICE_EXIT,23835.0,23841.05,NIFTY13APR2623850PE,23850.0,PE,52.7,49.3,52.62,49.34,55.0,45.0,0.094967,0.101368,ws,ws,type_a_ladder,type_a_ladder,False,False,0.0781,-0.0429,65,-221.0,strategy_S9-149__TYPE_A:NIFTY:2026-04-13T13:39:22:SHORT
2026-04-13,13:39:53,2026-04-13,13:40:11,NIFTY,BUY,TYPE_A,MID_ENTRY,MICROPRICE_EXIT,23847.05,23844.65,NIFTY13APR2623800CE,23800.0,CE,66.9,65.6,66.82,65.62,70.0,65.0,0.07485,0.076161,ws,ws,type_a_ladder,type_a_ladder,False,False,0.0824,-0.025,65,-84.5,strategy_S9-149__TYPE_A:NIFTY:2026-04-13T13:39:53:LONG
2026-04-13,13:40:45,2026-04-13,13:40:55,NIFTY,SELL,TYPE_A,MID_ENTRY,MICROPRICE_EXIT,23839.5,23839.6,NIFTY13APR2623850PE,23850.0,PE,50.15,49.6,50.08,49.65,55.0,45.0,0.09985,0.100654,ws,ws,type_a_ladder,type_a_ladder,False,False,0.0714,-0.054,65,-35.75,strategy_S9-149__TYPE_A:NIFTY:2026-04-13T13:40:45:SHORT
2026-04-13,13:41:02,2026-04-13,13:41:09,NIFTY,SELL,TYPE_A,MID_ENTRY,MICROPRICE_EXIT,23836.05,23839.4,NIFTY13APR2623850PE,23850.0,PE,49.35,49.05,49.28,49.18,50.0,45.0,0.101471,0.101781,ws,ws,type_a_ladder,type_a_ladder,False,False,0.0671,-0.1263,65,-19.5,strategy_S9-149__TYPE_A:NIFTY:2026-04-13T13:41:02:SHORT
2026-04-13,13:41:24,2026-04-13,13:41:57,NIFTY,SELL,TYPE_A,MID_ENTRY,MICROPRICE_EXIT,23836.5,23834.1,NIFTY13APR2623850PE,23850.0,PE,49.3,48.25,49.18,48.26,50.0,45.0,0.101574,0.10352,ws,ws,type_a_ladder,type_a_ladder,False,False,0.1162,-0.0111,65,-68.25,strategy_S9-149__TYPE_A:NIFTY:2026-04-13T13:41:24:SHORT
2026-04-13,13:42:50,2026-04-13,13:42:55,NIFTY,SELL,TYPE_A,MID_ENTRY,MICROPRICE_EXIT,23831.6,23832.6,NIFTY13APR2623850PE,23850.0,PE,51.0,49.75,50.99,49.77,55.0,45.0,0.098135,0.100402,ws,ws,type_a_ladder,type_a_ladder,False,False,0.0071,-0.025,65,-81.25,strategy_S9-149__TYPE_A:NIFTY:2026-04-13T13:42:50:SHORT
2026-04-13,13:43:44,2026-04-13,13:44:10,NIFTY,BUY,TYPE_A,MID_ENTRY,MICROPRICE_EXIT,23838.8,23841.5,NIFTY13APR2623800CE,23800.0,CE,64.75,64.5,64.61,64.59,65.0,60.0,0.07731,0.077429,ws,ws,type_a_ladder,type_a_ladder,False,False,0.1355,-0.0923,65,-16.25,strategy_S9-149__TYPE_A:NIFTY:2026-04-13T13:43:44:LONG
2026-04-13,13:44:45,2026-04-13,13:45:06,NIFTY,SELL,TYPE_A,MID_ENTRY,MICROPRICE_EXIT,23838.1,23837.3,NIFTY13APR2623850PE,23850.0,PE,49.55,48.15,49.51,48.24,50.0,45.0,0.101061,0.103681,ws,ws,type_a_ladder,type_a_ladder,False,False,0.0429,-0.09,65,-91.0,strategy_S9-149__TYPE_A:NIFTY:2026-04-13T13:44:45:SHORT
2026-04-13,13:45:13,2026-04-13,13:45:25,NIFTY,SELL,TYPE_A,MID_ENTRY,MICROPRICE_EXIT,23834.2,23834.05,NIFTY13APR2623850PE,23850.0,PE,49.8,51.6,49.76,51.65,50.0,50.0,0.100503,0.096805,ws,ws,type_a_ladder,type_a_ladder,False,False,0.0429,-0.05,65,117.0,strategy_S9-149__TYPE_A:NIFTY:2026-04-13T13:45:13:SHORT
2026-04-13,13:45:45,2026-04-13,13:46:01,NIFTY,SELL,TYPE_A,MID_ENTRY,MICROPRICE_EXIT,23831.9,23834.3,NIFTY13APR2623850PE,23850.0,PE,53.2,51.95,53.08,52.08,55.0,50.0,0.094118,0.096108,ws,ws,type_a_ladder,type_a_ladder,False,False,0.1224,-0.1312,65,-81.25,strategy_S9-149__TYPE_A:NIFTY:2026-04-13T13:45:45:SHORT
2026-04-13,13:47:13,2026-04-13,13:47:19,NIFTY,BUY,TYPE_A,MID_ENTRY,MICROPRICE_EXIT,23837.05,23835.7,NIFTY13APR2623800CE,23800.0,CE,61.15,60.05,61.06,60.14,65.0,60.0,0.081833,0.08316,ws,ws,type_a_ladder,type_a_ladder,False,False,0.0947,-0.0875,65,-71.5,strategy_S9-149__TYPE_A:NIFTY:2026-04-13T13:47:13:LONG
2026-04-13,13:47:35,2026-04-13,13:47:53,NIFTY,BUY,TYPE_A,MID_ENTRY,MICROPRICE_EXIT,23837.25,23834.5,NIFTY13APR2623800CE,23800.0,CE,60.4,58.45,60.39,58.54,65.0,55.0,0.08285,0.08547,ws,ws,type_a_ladder,type_a_ladder,False,False,0.01,-0.09,65,-126.75,strategy_S9-149__TYPE_A:NIFTY:2026-04-13T13:47:35:LONG
2026-04-13,13:48:00,2026-04-13,13:48:05,NIFTY,SELL,TYPE_A,MID_ENTRY,MICROPRICE_EXIT,23832.9,23833.35,NIFTY13APR2623850PE,23850.0,PE,53.1,53.95,52.98,54.06,55.0,50.0,0.094295,0.09255,ws,ws,type_a_ladder,type_a_ladder,False,False,0.1227,-0.1105,65,55.25,strategy_S9-149__TYPE_A:NIFTY:2026-04-13T13:48:00:SHORT
2026-04-13,13:48:20,2026-04-13,13:48:43,NIFTY,BUY,TYPE_A,MID_ENTRY,MICROPRICE_EXIT,23836.0,23834.85,NIFTY13APR2623800CE,23800.0,CE,58.65,59.3,58.59,59.38,60.0,55.0,0.085361,0.084175,ws,ws,type_a_ladder,type_a_ladder,False,False,0.0629,-0.0758,65,42.25,strategy_S9-149__TYPE_A:NIFTY:2026-04-13T13:48:20:LONG
2026-04-13,13:48:50,2026-04-13,13:49:22,NIFTY,BUY,TYPE_A,MID_ENTRY,MICROPRICE_EXIT,23837.5,23840.1,NIFTY13APR2623800CE,23800.0,CE,62.4,63.15,62.26,63.26,65.0,60.0,0.080257,0.079051,ws,ws,type_a_ladder,type_a_ladder,False,False,0.1388,-0.1119,65,48.75,strategy_S9-149__TYPE_A:NIFTY:2026-04-13T13:48:50:LONG
2026-04-13,13:49:44,2026-04-13,13:49:51,NIFTY,BUY,TYPE_A,MID_ENTRY,MICROPRICE_EXIT,23843.35,23839.05,NIFTY13APR2623800CE,23800.0,CE,64.6,65.85,64.44,65.97,65.0,65.0,0.077519,0.075815,ws,ws,type_a_ladder,type_a_ladder,False,False,0.16,-0.1231,65,81.25,strategy_S9-149__TYPE_A:NIFTY:2026-04-13T13:49:44:LONG
2026-04-13,13:50:52,2026-04-13,13:50:55,NIFTY,BUY,TYPE_A,MID_ENTRY,MICROPRICE_EXIT,23844.65,23840.35,NIFTY13APR2623800CE,23800.0,CE,66.3,66.7,66.11,66.89,70.0,65.0,0.075529,0.07485,ws,ws,type_a_ladder,type_a_ladder,False,False,0.1923,-0.1889,65,26.0,strategy_S9-149__TYPE_A:NIFTY:2026-04-13T13:50:52:LONG
2026-04-13,13:51:23,2026-04-13,13:51:31,NIFTY,SELL,TYPE_A,MID_ENTRY,MICROPRICE_EXIT,23838.95,23841.1,NIFTY13APR2623850PE,23850.0,PE,45.25,46.1,45.19,46.12,50.0,45.0,0.110681,0.108401,ws,ws,type_a_ladder,type_a_ladder,False,False,0.0618,-0.025,65,55.25,strategy_S9-149__TYPE_A:NIFTY:2026-04-13T13:51:23:SHORT
2026-04-13,13:52:03,2026-04-13,13:52:16,NIFTY,BUY,TYPE_A,MID_ENTRY,MICROPRICE_EXIT,23847.3,23849.1,NIFTY13APR2623800CE,23800.0,CE,71.05,71.05,70.95,71.21,75.0,70.0,0.070472,0.070274,ws,ws,type_a_ladder,type_a_ladder,False,False,0.1,-0.1613,65,0.0,strategy_S9-149__TYPE_A:NIFTY:2026-04-13T13:52:03:LONG
2026-04-13,13:52:20,2026-04-13,13:53:23,NIFTY,BUY,TYPE_A,MID_ENTRY,MICROPRICE_EXIT,23855.1,23871.1,NIFTY13APR2623850CE,23850.0,CE,40.25,51.75,40.22,51.75,45.0,50.0,0.124301,0.096525,ws,ws,type_a_ladder,type_a_ladder,False,False,0.0312,-0.0034,65,747.5,strategy_S9-149__TYPE_A:NIFTY:2026-04-13T13:52:20:LONG
2026-04-13,13:53:30,2026-04-13,13:53:54,NIFTY,SELL,TYPE_A,MID_ENTRY,MICROPRICE_EXIT,23865.15,23865.5,NIFTY13APR2623900PE,23900.0,PE,60.15,57.3,60.14,57.39,65.0,55.0,0.083229,0.087108,ws,ws,type_a_ladder,type_a_ladder,False,False,0.0136,-0.0889,65,-185.25,strategy_S9-149__TYPE_A:NIFTY:2026-04-13T13:53:30:SHORT
2026-04-13,13:54:23,2026-04-13,13:54:41,NIFTY,BUY,TYPE_A,MID_ENTRY,MICROPRICE_EXIT,23875.15,23876.35,NIFTY13APR2623850CE,23850.0,CE,55.0,56.85,54.87,56.85,55.0,55.0,0.091033,0.087912,ws,ws,type_a_ladder,type_a_ladder,False,False,0.1275,-0.0014,65,120.25,strategy_S9-149__TYPE_A:NIFTY:2026-04-13T13:54:23:LONG
2026-04-13,13:54:55,2026-04-13,13:55:19,NIFTY,BUY,TYPE_A,MID_ENTRY,MICROPRICE_EXIT,23881.4,23878.7,NIFTY13APR2623850CE,23850.0,CE,61.35,56.3,61.21,56.31,65.0,55.0,0.081599,0.088771,ws,ws,type_a_ladder,type_a_ladder,False,False,0.1438,-0.0063,65,-328.25,strategy_S9-149__TYPE_A:NIFTY:2026-04-13T13:54:55:LONG
2026-04-13,13:55:36,2026-04-13,13:55:40,NIFTY,BUY,TYPE_A,MID_ENTRY,MICROPRICE_EXIT,23883.95,23882.65,NIFTY13APR2623850CE,23850.0,CE,61.25,61.1,61.2,61.11,65.0,60.0,0.081699,0.0818,ws,ws,type_a_ladder,type_a_ladder,False,False,0.0474,-0.0115,65,-9.75,strategy_S9-149__TYPE_A:NIFTY:2026-04-13T13:55:36:LONG
2026-04-13,13:55:51,2026-04-13,13:56:11,NIFTY,BUY,TYPE_A,MID_ENTRY,MICROPRICE_EXIT,23889.45,23888.55,NIFTY13APR2623850CE,23850.0,CE,62.6,62.8,62.51,62.91,65.0,60.0,0.08,0.079523,ws,ws,type_a_ladder,type_a_ladder,False,False,0.0947,-0.11,65,13.0,strategy_S9-149__TYPE_A:NIFTY:2026-04-13T13:55:51:LONG
2026-04-13,13:56:31,2026-04-13,13:57:04,NIFTY,BUY,TYPE_A,MID_ENTRY,MICROPRICE_EXIT,23893.55,23896.0,NIFTY13APR2623850CE,23850.0,CE,67.45,66.45,67.31,66.48,70.0,65.0,0.074212,0.075131,ws,ws,type_a_ladder,type_a_ladder,False,False,0.1385,-0.0316,65,-65.0,strategy_S9-149__TYPE_A:NIFTY:2026-04-13T13:56:31:LONG
2026-04-13,13:57:10,2026-04-13,13:57:50,NIFTY,BUY,TYPE_A,MID_ENTRY,MICROPRICE_EXIT,23897.95,23900.7,NIFTY13APR2623850CE,23850.0,CE,69.65,70.0,69.52,70.14,70.0,70.0,0.071865,0.071327,ws,ws,type_a_ladder,type_a_ladder,False,False,0.1286,-0.1379,65,22.75,strategy_S9-149__TYPE_A:NIFTY:2026-04-13T13:57:10:LONG
2026-04-13,13:58:00,2026-04-13,13:58:05,NIFTY,SELL,TYPE_A,MID_ENTRY,MICROPRICE_EXIT,23898.05,23902.5,NIFTY13APR2623900PE,23900.0,PE,41.45,39.4,41.29,39.46,45.0,35.0,0.120992,0.126743,ws,ws,type_a_ladder,type_a_ladder,False,False,0.1627,-0.0615,65,-133.25,strategy_S9-149__TYPE_A:NIFTY:2026-04-13T13:58:00:SHORT
2026-04-13,13:58:18,2026-04-13,13:58:38,NIFTY,BUY,TYPE_A,MID_ENTRY,MICROPRICE_EXIT,23903.85,23902.3,NIFTY13APR2623900CE,23900.0,CE,41.9,40.0,41.88,40.0,45.0,40.0,0.119403,0.124922,ws,ws,type_a_ladder,type_a_ladder,False,False,0.0187,-0.0011,65,-123.5,strategy_S9-149__TYPE_A:NIFTY:2026-04-13T13:58:18:LONG
2026-04-13,13:58:49,2026-04-13,13:59:12,NIFTY,SELL,TYPE_A,MID_ENTRY,MICROPRICE_EXIT,23898.7,23896.45,NIFTY13APR2623900PE,23900.0,PE,39.35,40.6,39.33,40.69,40.0,40.0,0.127307,0.122926,ws,ws,type_a_ladder,type_a_ladder,False,False,0.0208,-0.0882,65,81.25,strategy_S9-149__TYPE_A:NIFTY:2026-04-13T13:58:49:SHORT
2026-04-13,13:59:29,2026-04-13,13:59:53,NIFTY,SELL,TYPE_A,MID_ENTRY,MICROPRICE_EXIT,23893.8,23894.95,NIFTY13APR2623900PE,23900.0,PE,42.35,42.5,42.32,42.5,45.0,40.0,0.118203,0.117509,ws,ws,type_a_ladder,type_a_ladder,False,False,0.0323,-0.0045,65,9.75,strategy_S9-149__TYPE_A:NIFTY:2026-04-13T13:59:29:SHORT
2026-04-13,14:00:30,2026-04-13,14:00:38,NIFTY,SELL,TYPE_A,MID_ENTRY,MICROPRICE_EXIT,23888.5,23891.25,NIFTY13APR2623900PE,23900.0,PE,44.55,44.0,44.52,44.06,45.0,40.0,0.112423,0.113507,ws,ws,type_a_ladder,type_a_ladder,False,False,0.0286,-0.0611,65,-35.75,strategy_S9-149__TYPE_A:NIFTY:2026-04-13T14:00:30:SHORT
2026-04-13,14:01:00,2026-04-13,14:01:01,NIFTY,SELL,TYPE_A,MID_ENTRY,MICROPRICE_EXIT,23887.65,23891.2,NIFTY13APR2623900PE,23900.0,PE,43.4,43.05,43.35,43.1,45.0,40.0,0.115407,0.116009,ws,ws,type_a_ladder,type_a_ladder,False,False,0.0464,-0.0545,65,-22.75,strategy_S9-149__TYPE_A:NIFTY:2026-04-13T14:01:00:SHORT
2026-04-13,14:01:23,2026-04-13,14:01:34,NIFTY,BUY,TYPE_A,MID_ENTRY,MICROPRICE_EXIT,23894.7,23892.55,NIFTY13APR2623850CE,23850.0,CE,66.0,64.75,65.86,64.78,70.0,60.0,0.075901,0.07719,ws,ws,type_a_ladder,type_a_ladder,False,False,0.1371,-0.025,65,-81.25,strategy_S9-149__TYPE_A:NIFTY:2026-04-13T14:01:23:LONG
2026-04-13,14:02:27,2026-04-13,14:02:37,NIFTY,SELL,TYPE_A,MID_ENTRY,MICROPRICE_EXIT,23889.45,23889.6,NIFTY13APR2623900PE,23900.0,PE,42.6,41.95,42.58,41.98,45.0,40.0,0.11744,0.119048,ws,ws,type_a_ladder,type_a_ladder,False,False,0.0182,-0.0261,65,-42.25,strategy_S9-149__TYPE_A:NIFTY:2026-04-13T14:02:27:SHORT
2026-04-13,14:02:47,2026-04-13,14:02:55,NIFTY,SELL,TYPE_A,MID_ENTRY,MICROPRICE_EXIT,23886.1,23886.95,NIFTY13APR2623900PE,23900.0,PE,44.25,44.45,44.22,44.52,45.0,40.0,0.113058,0.112296,ws,ws,type_a_ladder,type_a_ladder,False,False,0.0312,-0.075,65,13.0,strategy_S9-149__TYPE_A:NIFTY:2026-04-13T14:02:47:SHORT
2026-04-13,14:03:21,2026-04-13,14:03:29,NIFTY,BUY,TYPE_A,MID_ENTRY,MICROPRICE_EXIT,23888.8,23885.65,NIFTY13APR2623850CE,23850.0,CE,58.05,57.35,58.04,57.39,60.0,55.0,0.086207,0.08707,ws,ws,type_a_ladder,type_a_ladder,False,False,0.0059,-0.042,65,-45.5,strategy_S9-149__TYPE_A:NIFTY:2026-04-13T14:03:21:LONG
2026-04-13,14:03:36,2026-04-13,14:03:55,NIFTY,SELL,TYPE_A,MID_ENTRY,MICROPRICE_EXIT,23884.65,23883.9,NIFTY13APR2623900PE,23900.0,PE,45.3,44.3,45.25,44.39,50.0,40.0,0.110497,0.112676,ws,ws,type_a_ladder,type_a_ladder,False,False,0.0455,-0.0913,65,-65.0,strategy_S9-149__TYPE_A:NIFTY:2026-04-13T14:03:36:SHORT
2026-04-13,14:04:32,2026-04-13,14:05:03,NIFTY,BUY,TYPE_A,MID_ENTRY,MICROPRICE_EXIT,23886.2,23886.65,NIFTY13APR2623850CE,23850.0,CE,58.45,59.5,58.33,59.64,60.0,55.0,0.08569,0.083928,ws,ws,type_a_ladder,type_a_ladder,False,False,0.125,-0.1406,65,68.25,strategy_S9-149__TYPE_A:NIFTY:2026-04-13T14:04:32:LONG
2026-04-13,14:05:29,2026-04-13,14:05:35,NIFTY,SELL,TYPE_A,MID_ENTRY,MICROPRICE_EXIT,23885.0,23885.15,NIFTY13APR2623900PE,23900.0,PE,43.2,43.8,43.16,43.89,45.0,40.0,0.115808,0.11396,ws,ws,type_a_ladder,type_a_ladder,False,False,0.0438,-0.0893,65,39.0,strategy_S9-149__TYPE_A:NIFTY:2026-04-13T14:05:29:SHORT
2026-04-13,14:05:49,2026-04-13,14:06:01,NIFTY,SELL,TYPE_A,MID_ENTRY,MICROPRICE_EXIT,23881.55,23874.55,NIFTY13APR2623900PE,23900.0,PE,45.5,49.85,45.4,49.95,50.0,45.0,0.110011,0.10015,ws,ws,type_a_ladder,type_a_ladder,False,False,0.0972,-0.101,65,282.75,strategy_S9-149__TYPE_A:NIFTY:2026-04-13T14:05:49:SHORT
2026-04-13,14:06:56,2026-04-13,14:07:25,NIFTY,SELL,TYPE_A,MID_ENTRY,MICROPRICE_EXIT,23864.45,23860.3,NIFTY13APR2623900PE,23900.0,PE,56.0,57.7,55.92,57.82,60.0,55.0,0.089445,0.086505,ws,ws,type_a_ladder,type_a_ladder,False,False,0.0821,-0.12,65,110.5,strategy_S9-149__TYPE_A:NIFTY:2026-04-13T14:06:56:SHORT
2026-04-13,14:07:40,2026-04-13,14:08:07,NIFTY,BUY,TYPE_A,MID_ENTRY,MICROPRICE_EXIT,23863.95,23864.85,NIFTY13APR2623850CE,23850.0,CE,44.0,43.55,43.96,43.65,45.0,40.0,0.113701,0.114679,ws,ws,type_a_ladder,type_a_ladder,False,False,0.0416,-0.0973,65,-29.25,strategy_S9-149__TYPE_A:NIFTY:2026-04-13T14:07:40:LONG
2026-04-13,14:08:12,2026-04-13,14:08:27,NIFTY,BUY,TYPE_A,MID_ENTRY,MICROPRICE_EXIT,23866.8,23870.35,NIFTY13APR2623850CE,23850.0,CE,45.3,46.15,45.27,46.21,50.0,45.0,0.110558,0.108167,ws,ws,type_a_ladder,type_a_ladder,False,False,0.0293,-0.0607,65,55.25,strategy_S9-149__TYPE_A:NIFTY:2026-04-13T14:08:12:LONG
2026-04-13,14:09:18,2026-04-13,14:09:47,NIFTY,SELL,TYPE_A,MID_ENTRY,MICROPRICE_EXIT,23866.55,23856.3,NIFTY13APR2623900PE,23900.0,PE,53.4,62.65,53.4,62.67,55.0,60.0,0.093765,0.079681,ws,ws,type_a_ladder,type_a_ladder,False,False,0.0047,-0.0222,65,601.25,strategy_S9-149__TYPE_A:NIFTY:2026-04-13T14:09:18:SHORT
2026-04-13,14:10:00,2026-04-13,14:10:15,NIFTY,SELL,TYPE_A,MID_ENTRY,MICROPRICE_EXIT,23853.7,23846.7,NIFTY13APR2623900PE,23900.0,PE,64.0,69.15,63.96,69.34,65.0,65.0,0.078247,0.072202,ws,ws,type_a_ladder,type_a_ladder,False,False,0.04,-0.1857,65,334.75,strategy_S9-149__TYPE_A:NIFTY:2026-04-13T14:10:00:SHORT
2026-04-13,14:11:14,2026-04-13,14:11:16,NIFTY,SELL,TYPE_A,MID_ENTRY,MICROPRICE_EXIT,23844.1,23847.05,NIFTY13APR2623850PE,23850.0,PE,39.0,38.5,38.98,38.58,40.0,35.0,0.128287,0.129702,ws,ws,type_a_ladder,type_a_ladder,False,False,0.025,-0.075,65,-32.5,strategy_S9-149__TYPE_A:NIFTY:2026-04-13T14:11:14:SHORT
2026-04-13,14:11:39,2026-04-13,14:12:06,NIFTY,SELL,TYPE_A,MID_ENTRY,MICROPRICE_EXIT,23842.7,23838.55,NIFTY13APR2623850PE,23850.0,PE,41.4,45.45,41.38,45.49,45.0,45.0,0.120919,0.10983,ws,ws,type_a_ladder,type_a_ladder,False,False,0.0179,-0.0402,65,263.25,strategy_S9-149__TYPE_A:NIFTY:2026-04-13T14:11:39:SHORT
2026-04-13,14:12:51,2026-04-13,14:13:06,NIFTY,BUY,TYPE_A,MID_ENTRY,MICROPRICE_EXIT,23846.6,23846.3,NIFTY13APR2623800CE,23800.0,CE,60.5,59.8,60.36,59.91,65.0,55.0,0.082747,0.083507,ws,ws,type_a_ladder,type_a_ladder,False,False,0.1421,-0.1091,65,-45.5,strategy_S9-149__TYPE_A:NIFTY:2026-04-13T14:12:51:LONG
2026-04-13,14:13:27,2026-04-13,14:13:33,NIFTY,SELL,TYPE_A,MID_ENTRY,MICROPRICE_EXIT,23841.2,23844.8,NIFTY13APR2623850PE,23850.0,PE,41.3,41.75,41.22,41.88,45.0,40.0,0.121286,0.119546,ws,ws,type_a_ladder,type_a_ladder,False,False,0.0774,-0.1308,65,29.25,strategy_S9-149__TYPE_A:NIFTY:2026-04-13T14:13:27:SHORT
2026-04-13,14:13:40,2026-04-13,14:13:55,NIFTY,BUY,TYPE_A,MID_ENTRY,MICROPRICE_EXIT,23847.75,23848.85,NIFTY13APR2623800CE,23800.0,CE,61.65,62.65,61.52,62.77,65.0,60.0,0.081202,0.079681,ws,ws,type_a_ladder,type_a_ladder,False,False,0.1286,-0.1217,65,65.0,strategy_S9-149__TYPE_A:NIFTY:2026-04-13T14:13:40:LONG
2026-04-13,14:14:22,2026-04-13,14:14:31,NIFTY,SELL,TYPE_A,MID_ENTRY,MICROPRICE_EXIT,23844.45,23845.6,NIFTY13APR2623850PE,23850.0,PE,41.2,38.55,41.16,38.55,45.0,35.0,0.121433,0.129534,ws,ws,type_a_ladder,type_a_ladder,False,False,0.0396,-0.0029,65,-172.25,strategy_S9-149__TYPE_A:NIFTY:2026-04-13T14:14:22:SHORT
2026-04-13,14:14:41,2026-04-13,14:15:06,NIFTY,BUY,TYPE_A,MID_ENTRY,MICROPRICE_EXIT,23850.8,23853.05,NIFTY13APR2623850CE,23850.0,CE,32.2,33.6,32.13,33.71,35.0,30.0,0.155642,0.148478,ws,ws,type_a_ladder,type_a_ladder,False,False,0.0662,-0.1087,65,91.0,strategy_S9-149__TYPE_A:NIFTY:2026-04-13T14:14:41:LONG
2026-04-13,14:15:19,2026-04-13,14:15:25,NIFTY,BUY,TYPE_A,MID_ENTRY,MICROPRICE_EXIT,23858.75,23855.85,NIFTY13APR2623850CE,23850.0,CE,38.95,37.5,38.91,37.59,40.0,35.0,0.128617,0.133156,ws,ws,type_a_ladder,type_a_ladder,False,False,0.0426,-0.0909,65,-94.25,strategy_S9-149__TYPE_A:NIFTY:2026-04-13T14:15:19:LONG
2026-04-13,14:15:48,2026-04-13,14:16:05,NIFTY,SELL,TYPE_A,MID_ENTRY,MICROPRICE_EXIT,23845.95,23841.65,NIFTY13APR2623850PE,23850.0,PE,39.85,40.8,39.78,40.81,40.0,40.0,0.125707,0.122399,ws,ws,type_a_ladder,type_a_ladder,False,False,0.0742,-0.0118,65,61.75,strategy_S9-149__TYPE_A:NIFTY:2026-04-13T14:15:48:SHORT
2026-04-13,14:16:50,2026-04-13,14:17:16,NIFTY,SELL,TYPE_A,MID_ENTRY,MICROPRICE_EXIT,23841.05,23840.5,NIFTY13APR2623850PE,23850.0,PE,40.95,36.5,40.88,36.54,45.0,35.0,0.122324,0.136893,ws,ws,type_a_ladder,type_a_ladder,False,False,0.0721,-0.0417,65,-289.25,strategy_S9-149__TYPE_A:NIFTY:2026-04-13T14:16:50:SHORT
2026-04-13,14:17:31,2026-04-13,14:18:46,NIFTY,BUY,TYPE_A,MID_ENTRY,MICROPRICE_EXIT,23843.95,23860.8,NIFTY13APR2623800CE,23800.0,CE,62.2,71.5,62.12,71.51,65.0,70.0,0.080515,0.069832,ws,ws,type_a_ladder,type_a_ladder,False,False,0.0848,-0.0111,65,604.5,strategy_S9-149__TYPE_A:NIFTY:2026-04-13T14:17:31:LONG
2026-04-13,14:19:03,2026-04-13,14:19:16,NIFTY,SELL,TYPE_A,MID_ENTRY,MICROPRICE_EXIT,23846.2,23845.2,NIFTY13APR2623850PE,23850.0,PE,35.25,34.3,35.23,34.4,40.0,30.0,0.142045,0.14556,ws,ws,type_a_ladder,type_a_ladder,False,False,0.0221,-0.0967,65,-61.75,strategy_S9-149__TYPE_A:NIFTY:2026-04-13T14:19:03:SHORT
2026-04-13,14:19:52,2026-04-13,14:20:23,NIFTY,BUY,TYPE_A,MID_ENTRY,MICROPRICE_EXIT,23850.1,23857.45,NIFTY13APR2623850CE,23850.0,CE,33.6,36.65,33.52,36.78,35.0,35.0,0.149031,0.136147,ws,ws,type_a_ladder,type_a_ladder,False,False,0.0818,-0.1262,65,198.25,strategy_S9-149__TYPE_A:NIFTY:2026-04-13T14:19:52:LONG
2026-04-13,14:20:41,2026-04-13,14:20:56,NIFTY,BUY,TYPE_A,MID_ENTRY,MICROPRICE_EXIT,23862.65,23858.65,NIFTY13APR2623850CE,23850.0,CE,38.3,35.35,38.3,35.36,40.0,35.0,0.130719,0.141243,ws,ws,type_a_ladder,type_a_ladder,False,False,0.0038,-0.013,65,-191.75,strategy_S9-149__TYPE_A:NIFTY:2026-04-13T14:20:41:LONG
2026-04-13,14:21:00,2026-04-13,14:21:15,NIFTY,SELL,TYPE_A,MID_ENTRY,MICROPRICE_EXIT,23857.3,23857.25,NIFTY13APR2623900PE,23900.0,PE,62.05,63.1,61.92,63.16,65.0,60.0,0.080678,0.079114,ws,ws,type_a_ladder,type_a_ladder,False,False,0.1324,-0.0571,65,68.25,strategy_S9-149__TYPE_A:NIFTY:2026-04-13T14:21:00:SHORT
2026-04-13,14:22:28,2026-04-13,14:22:35,NIFTY,SELL,TYPE_A,MID_ENTRY,MICROPRICE_EXIT,23852.2,23854.7,NIFTY13APR2623900PE,23900.0,PE,65.25,62.5,65.2,62.53,70.0,60.0,0.076746,0.079936,ws,ws,type_a_ladder,type_a_ladder,False,False,0.05,-0.0286,65,-178.75,strategy_S9-149__TYPE_A:NIFTY:2026-04-13T14:22:28:SHORT
2026-04-13,14:22:46,2026-04-13,14:23:03,NIFTY,BUY,TYPE_A,MID_ENTRY,MICROPRICE_EXIT,23859.2,23863.45,NIFTY13APR2623850CE,23850.0,CE,37.2,38.35,37.12,38.4,40.0,35.0,0.13459,0.130293,ws,ws,type_a_ladder,type_a_ladder,False,False,0.0773,-0.046,65,74.75,strategy_S9-149__TYPE_A:NIFTY:2026-04-13T14:22:46:LONG
2026-04-13,14:23:10,2026-04-13,14:23:26,NIFTY,BUY,TYPE_A,MID_ENTRY,MICROPRICE_EXIT,23866.9,23866.35,NIFTY13APR2623850CE,23850.0,CE,40.0,40.3,39.99,40.31,40.0,40.0,0.125156,0.123916,ws,ws,type_a_ladder,type_a_ladder,False,False,0.0071,-0.0129,65,19.5,strategy_S9-149__TYPE_A:NIFTY:2026-04-13T14:23:10:LONG
2026-04-13,14:24:03,2026-04-13,14:24:22,NIFTY,SELL,TYPE_A,MID_ENTRY,MICROPRICE_EXIT,23861.55,23858.1,NIFTY13APR2623900PE,23900.0,PE,56.2,57.7,56.17,57.75,60.0,55.0,0.089087,0.086543,ws,ws,type_a_ladder,type_a_ladder,False,False,0.0256,-0.0488,65,97.5,strategy_S9-149__TYPE_A:NIFTY:2026-04-13T14:24:03:SHORT
2026-04-13,14:24:52,2026-04-13,14:25:20,NIFTY,BUY,TYPE_A,MID_ENTRY,MICROPRICE_EXIT,23862.0,23865.8,NIFTY13APR2623850CE,23850.0,CE,37.45,39.7,37.36,39.78,40.0,35.0,0.13369,0.125786,ws,ws,type_a_ladder,type_a_ladder,False,False,0.0852,-0.0762,65,146.25,strategy_S9-149__TYPE_A:NIFTY:2026-04-13T14:24:52:LONG
2026-04-13,14:25:35,2026-04-13,14:25:57,NIFTY,BUY,TYPE_A,MID_ENTRY,MICROPRICE_EXIT,23872.5,23872.95,NIFTY13APR2623850CE,23850.0,CE,44.65,43.85,44.56,43.91,45.0,40.0,0.112108,0.11383,ws,ws,type_a_ladder,type_a_ladder,False,False,0.0875,-0.0611,65,-52.0,strategy_S9-149__TYPE_A:NIFTY:2026-04-13T14:25:35:LONG
2026-04-13,14:26:57,2026-04-13,14:27:06,NIFTY,BUY,TYPE_A,MID_ENTRY,MICROPRICE_EXIT,23874.4,23875.15,NIFTY13APR2623850CE,23850.0,CE,47.3,46.65,47.21,46.67,50.0,45.0,0.10582,0.107066,ws,ws,type_a_ladder,type_a_ladder,False,False,0.0896,-0.0214,65,-42.25,strategy_S9-149__TYPE_A:NIFTY:2026-04-13T14:26:57:LONG
2026-04-13,14:27:31,2026-04-13,14:27:51,NIFTY,BUY,TYPE_A,MID_ENTRY,MICROPRICE_EXIT,23877.7,23879.9,NIFTY13APR2623850CE,23850.0,CE,48.2,49.8,48.13,49.81,50.0,45.0,0.103896,0.100301,ws,ws,type_a_ladder,type_a_ladder,False,False,0.072,-0.0111,65,104.0,strategy_S9-149__TYPE_A:NIFTY:2026-04-13T14:27:31:LONG
2026-04-13,14:28:41,2026-04-13,14:28:59,NIFTY,SELL,TYPE_A,MID_ENTRY,MICROPRICE_EXIT,23874.85,23874.45,NIFTY13APR2623900PE,23900.0,PE,42.1,43.0,42.09,43.14,45.0,40.0,0.118906,0.116077,ws,ws,type_a_ladder,type_a_ladder,False,False,0.0071,-0.1433,65,58.5,strategy_S9-149__TYPE_A:NIFTY:2026-04-13T14:28:41:SHORT
2026-04-13,14:29:09,2026-04-13,14:29:20,NIFTY,SELL,TYPE_A,MID_ENTRY,MICROPRICE_EXIT,23870.0,23870.5,NIFTY13APR2623900PE,23900.0,PE,44.8,46.45,44.78,46.55,45.0,45.0,0.111732,0.107469,ws,ws,type_a_ladder,type_a_ladder,False,False,0.0211,-0.1,65,107.25,strategy_S9-149__TYPE_A:NIFTY:2026-04-13T14:29:09:SHORT
2026-04-13,14:29:34,2026-04-13,14:29:41,NIFTY,SELL,TYPE_A,MID_ENTRY,MICROPRICE_EXIT,23867.55,23869.4,NIFTY13APR2623900PE,23900.0,PE,49.25,49.6,49.17,49.63,50.0,45.0,0.101626,0.100705,ws,ws,type_a_ladder,type_a_ladder,False,False,0.0789,-0.0333,65,22.75,strategy_S9-149__TYPE_A:NIFTY:2026-04-13T14:29:34:SHORT
2026-04-13,14:29:51,2026-04-13,14:29:57,NIFTY,SELL,TYPE_A,MID_ENTRY,MICROPRICE_EXIT,23865.8,23867.65,NIFTY13APR2623900PE,23900.0,PE,49.1,48.25,49.1,48.3,50.0,45.0,0.101885,0.10352,ws,ws,type_a_ladder,type_a_ladder,False,False,0.0031,-0.05,65,-55.25,strategy_S9-149__TYPE_A:NIFTY:2026-04-13T14:29:51:SHORT
2026-04-13,14:30:00,2026-04-13,14:30:01,NIFTY,SELL,TYPE_A,MID_ENTRY,MICROPRICE_EXIT,23865.45,23868.5,NIFTY13APR2623900PE,23900.0,PE,47.9,47.3,47.89,47.39,50.0,45.0,0.104548,0.105597,ws,ws,type_a_ladder,type_a_ladder,False,False,0.0096,-0.092,65,-39.0,strategy_S9-149__TYPE_A:NIFTY:2026-04-13T14:30:00:SHORT
2026-04-13,14:30:11,2026-04-13,14:31:06,NIFTY,BUY,TYPE_A,MID_ENTRY,MICROPRICE_EXIT,23873.2,23887.4,NIFTY13APR2623850CE,23850.0,CE,43.75,52.05,43.64,52.15,45.0,50.0,0.114482,0.095923,ws,ws,type_a_ladder,type_a_ladder,False,False,0.1119,-0.1038,65,539.5,strategy_S9-149__TYPE_A:NIFTY:2026-04-13T14:30:11:LONG
2026-04-13,14:31:12,2026-04-13,14:31:25,NIFTY,SELL,TYPE_A,MID_ENTRY,MICROPRICE_EXIT,23880.75,23881.15,NIFTY13APR2623900PE,23900.0,PE,34.65,36.05,34.57,36.13,35.0,35.0,0.144509,0.138504,ws,ws,type_a_ladder,type_a_ladder,False,False,0.0804,-0.0829,65,91.0,strategy_S9-149__TYPE_A:NIFTY:2026-04-13T14:31:12:SHORT
2026-04-13,14:32:41,2026-04-13,14:33:02,NIFTY,BUY,TYPE_A,MID_ENTRY,MICROPRICE_EXIT,23884.55,23885.1,NIFTY13APR2623850CE,23850.0,CE,51.6,53.15,51.46,53.27,55.0,50.0,0.09704,0.093897,ws,ws,type_a_ladder,type_a_ladder,False,False,0.1371,-0.1233,65,100.75,strategy_S9-149__TYPE_A:NIFTY:2026-04-13T14:32:41:LONG
2026-04-13,14:33:16,2026-04-13,14:33:43,NIFTY,BUY,TYPE_A,MID_ENTRY,MICROPRICE_EXIT,23888.25,23888.5,NIFTY13APR2623850CE,23850.0,CE,53.65,59.25,53.61,59.35,55.0,55.0,0.093327,0.084282,ws,ws,type_a_ladder,type_a_ladder,False,False,0.0409,-0.105,65,364.0,strategy_S9-149__TYPE_A:NIFTY:2026-04-13T14:33:16:LONG
2026-04-13,14:34:09,2026-04-13,14:34:13,NIFTY,SELL,TYPE_A,MID_ENTRY,MICROPRICE_EXIT,23884.75,23887.25,NIFTY13APR2623900PE,23900.0,PE,31.85,32.0,31.81,32.09,35.0,30.0,0.157233,0.156006,ws,ws,type_a_ladder,type_a_ladder,False,False,0.0417,-0.0902,65,9.75,strategy_S9-149__TYPE_A:NIFTY:2026-04-13T14:34:09:SHORT
2026-04-13,14:34:20,2026-04-13,14:34:25,NIFTY,SELL,TYPE_A,MID_ENTRY,MICROPRICE_EXIT,23883.25,23885.7,NIFTY13APR2623900PE,23900.0,PE,33.4,33.85,33.39,33.89,35.0,30.0,0.149925,0.147493,ws,ws,type_a_ladder,type_a_ladder,False,False,0.0056,-0.0442,65,29.25,strategy_S9-149__TYPE_A:NIFTY:2026-04-13T14:34:20:SHORT
2026-04-13,14:34:58,2026-04-13,14:35:25,NIFTY,SELL,TYPE_A,MID_ENTRY,MICROPRICE_EXIT,23880.65,23877.75,NIFTY13APR2623900PE,23900.0,PE,33.85,36.3,33.76,36.38,35.0,35.0,0.147929,0.137457,ws,ws,type_a_ladder,type_a_ladder,False,False,0.0909,-0.0796,65,159.25,strategy_S9-149__TYPE_A:NIFTY:2026-04-13T14:34:58:SHORT
2026-04-13,14:35:46,2026-04-13,14:36:04,NIFTY,BUY,TYPE_A,MID_ENTRY,MICROPRICE_EXIT,23882.0,23882.95,NIFTY13APR2623850CE,23850.0,CE,52.1,52.35,52.02,52.45,55.0,50.0,0.096108,0.095374,ws,ws,type_a_ladder,type_a_ladder,False,False,0.075,-0.105,65,16.25,strategy_S9-149__TYPE_A:NIFTY:2026-04-13T14:35:46:LONG
2026-04-13,14:36:23,2026-04-13,14:36:28,NIFTY,BUY,TYPE_A,MID_ENTRY,MICROPRICE_EXIT,23885.6,23881.5,NIFTY13APR2623850CE,23850.0,CE,52.45,50.7,52.38,50.83,55.0,50.0,0.095465,0.098474,ws,ws,type_a_ladder,type_a_ladder,False,False,0.0652,-0.1318,65,-113.75,strategy_S9-149__TYPE_A:NIFTY:2026-04-13T14:36:23:LONG
2026-04-13,14:36:42,2026-04-13,14:36:56,NIFTY,SELL,TYPE_A,MID_ENTRY,MICROPRICE_EXIT,23878.5,23882.1,NIFTY13APR2623900PE,23900.0,PE,34.8,35.05,34.78,35.14,35.0,35.0,0.143885,0.14245,ws,ws,type_a_ladder,type_a_ladder,False,False,0.0167,-0.0922,65,16.25,strategy_S9-149__TYPE_A:NIFTY:2026-04-13T14:36:42:SHORT
2026-04-13,14:37:31,2026-04-13,14:37:57,NIFTY,SELL,TYPE_A,MID_ENTRY,MICROPRICE_EXIT,23877.7,23878.7,NIFTY13APR2623900PE,23900.0,PE,35.8,33.15,35.79,33.23,40.0,30.0,0.139762,0.150602,ws,ws,type_a_ladder,type_a_ladder,False,False,0.0143,-0.0753,65,-172.25,strategy_S9-149__TYPE_A:NIFTY:2026-04-13T14:37:31:SHORT
2026-04-13,14:38:08,2026-04-13,14:38:35,NIFTY,BUY,TYPE_A,MID_ENTRY,MICROPRICE_EXIT,23889.15,23895.9,NIFTY13APR2623850CE,23850.0,CE,56.2,54.0,56.07,54.05,60.0,50.0,0.089087,0.09255,ws,ws,type_a_ladder,type_a_ladder,False,False,0.1286,-0.0498,65,-143.0,strategy_S9-149__TYPE_A:NIFTY:2026-04-13T14:38:08:LONG
2026-04-13,14:39:14,2026-04-13,14:39:46,NIFTY,SELL,TYPE_A,MID_ENTRY,MICROPRICE_EXIT,23887.0,23882.65,NIFTY13APR2623900PE,23900.0,PE,32.95,35.95,32.86,36.04,35.0,35.0,0.151976,0.138793,ws,ws,type_a_ladder,type_a_ladder,False,False,0.091,-0.0935,65,195.0,strategy_S9-149__TYPE_A:NIFTY:2026-04-13T14:39:14:SHORT
2026-04-13,14:39:55,2026-04-13,14:40:20,NIFTY,SELL,TYPE_A,MID_ENTRY,MICROPRICE_EXIT,23874.8,23872.55,NIFTY13APR2623900PE,23900.0,PE,41.95,44.9,41.87,44.98,45.0,40.0,0.119332,0.111173,ws,ws,type_a_ladder,type_a_ladder,False,False,0.0792,-0.075,65,191.75,strategy_S9-149__TYPE_A:NIFTY:2026-04-13T14:39:55:SHORT
2026-04-13,14:41:10,2026-04-13,14:41:43,NIFTY,BUY,TYPE_A,MID_ENTRY,MICROPRICE_EXIT,23873.6,23877.85,NIFTY13APR2623850CE,23850.0,CE,36.95,40.2,36.85,40.25,40.0,40.0,0.135593,0.124224,ws,ws,type_a_ladder,type_a_ladder,False,False,0.1,-0.0455,65,211.25,strategy_S9-149__TYPE_A:NIFTY:2026-04-13T14:41:10:LONG
2026-04-13,14:42:20,2026-04-13,14:42:55,NIFTY,SELL,TYPE_A,MID_ENTRY,MICROPRICE_EXIT,23874.15,23867.85,NIFTY13APR2623900PE,23900.0,PE,44.95,47.7,44.93,47.72,45.0,45.0,0.111359,0.104712,ws,ws,type_a_ladder,type_a_ladder,False,False,0.0238,-0.0167,65,178.75,strategy_S9-149__TYPE_A:NIFTY:2026-04-13T14:42:20:SHORT
2026-04-13,14:43:00,2026-04-13,14:43:07,NIFTY,SELL,TYPE_A,MID_ENTRY,MICROPRICE_EXIT,23864.75,23867.35,NIFTY13APR2623900PE,23900.0,PE,51.85,48.55,51.7,48.65,55.0,45.0,0.096572,0.102828,ws,ws,type_a_ladder,type_a_ladder,False,False,0.1469,-0.0955,65,-214.5,strategy_S9-149__TYPE_A:NIFTY:2026-04-13T14:43:00:SHORT
2026-04-13,14:43:14,2026-04-13,14:43:32,NIFTY,SELL,TYPE_A,MID_ENTRY,MICROPRICE_EXIT,23863.65,23860.15,NIFTY13APR2623900PE,23900.0,PE,53.0,55.05,52.91,55.11,55.0,55.0,0.094473,0.090703,ws,ws,type_a_ladder,type_a_ladder,False,False,0.09,-0.0643,65,133.25,strategy_S9-149__TYPE_A:NIFTY:2026-04-13T14:43:14:SHORT
2026-04-13,14:44:35,2026-04-13,14:44:50,NIFTY,BUY,TYPE_A,MID_ENTRY,MICROPRICE_EXIT,23863.15,23869.55,NIFTY13APR2623850CE,23850.0,CE,26.95,30.4,26.88,30.42,30.0,30.0,0.185874,0.164204,ws,ws,type_a_ladder,type_a_ladder,False,False,0.0723,-0.0204,65,224.25,strategy_S9-149__TYPE_A:NIFTY:2026-04-13T14:44:35:LONG
2026-04-13,14:45:30,2026-04-13,14:45:35,NIFTY,SELL,TYPE_A,MID_ENTRY,MICROPRICE_EXIT,23854.6,23858.1,NIFTY13APR2623900PE,23900.0,PE,48.5,47.85,48.49,47.86,50.0,45.0,0.103199,0.104439,ws,ws,type_a_ladder,type_a_ladder,False,False,0.0114,-0.0071,65,-42.25,strategy_S9-149__TYPE_A:NIFTY:2026-04-13T14:45:30:SHORT
2026-04-13,14:45:50,2026-04-13,14:46:24,NIFTY,BUY,TYPE_A,MID_ENTRY,MICROPRICE_EXIT,23864.8,23872.55,NIFTY13APR2623850CE,23850.0,CE,29.3,32.05,29.28,32.08,30.0,30.0,0.17094,0.155642,ws,ws,type_a_ladder,type_a_ladder,False,False,0.0156,-0.0289,65,178.75,strategy_S9-149__TYPE_A:NIFTY:2026-04-13T14:45:50:LONG
2026-04-13,14:46:50,2026-04-13,14:47:00,NIFTY,SELL,TYPE_A,MID_ENTRY,MICROPRICE_EXIT,23869.5,23872.25,NIFTY13APR2623900PE,23900.0,PE,43.65,42.55,43.57,42.6,45.0,40.0,0.114679,0.117302,ws,ws,type_a_ladder,type_a_ladder,False,False,0.08,-0.0453,65,-71.5,strategy_S9-149__TYPE_A:NIFTY:2026-04-13T14:46:50:SHORT
2026-04-13,14:47:21,2026-04-13,14:47:25,NIFTY,SELL,TYPE_A,MID_ENTRY,MICROPRICE_EXIT,23867.45,23869.6,NIFTY13APR2623900PE,23900.0,PE,46.15,45.85,46.12,45.86,50.0,45.0,0.108519,0.108932,ws,ws,type_a_ladder,type_a_ladder,False,False,0.0339,-0.0111,65,-19.5,strategy_S9-149__TYPE_A:NIFTY:2026-04-13T14:47:21:SHORT
2026-04-13,14:47:40,2026-04-13,14:47:55,NIFTY,BUY,TYPE_A,MID_ENTRY,MICROPRICE_EXIT,23875.85,23869.25,NIFTY13APR2623850CE,23850.0,CE,32.2,30.6,32.13,30.62,35.0,30.0,0.155521,0.163132,ws,ws,type_a_ladder,type_a_ladder,False,False,0.0733,-0.022,65,-104.0,strategy_S9-149__TYPE_A:NIFTY:2026-04-13T14:47:40:LONG
2026-04-13,14:48:24,2026-04-13,14:49:34,NIFTY,BUY,TYPE_A,MID_ENTRY,MICROPRICE_EXIT,23873.85,23885.5,NIFTY13APR2623850CE,23850.0,CE,32.3,43.75,32.25,43.8,35.0,40.0,0.155039,0.114155,ws,ws,type_a_ladder,type_a_ladder,False,False,0.0476,-0.05,65,744.25,strategy_S9-149__TYPE_A:NIFTY:2026-04-13T14:48:24:LONG
2026-04-13,14:49:41,2026-04-13,14:49:51,NIFTY,SELL,TYPE_A,MID_ENTRY,MICROPRICE_EXIT,23879.65,23882.3,NIFTY13APR2623900PE,23900.0,PE,30.7,27.6,30.68,27.6,35.0,25.0,0.163132,0.180995,ws,ws,type_a_ladder,type_a_ladder,False,False,0.0167,-0.0032,65,-201.5,strategy_S9-149__TYPE_A:NIFTY:2026-04-13T14:49:41:SHORT
2026-04-13,14:51:40,2026-04-13,14:52:05,NIFTY,BUY,TYPE_A,MID_ENTRY,MICROPRICE_EXIT,23887.8,23885.6,NIFTY13APR2623850CE,23850.0,CE,46.9,46.65,46.84,46.71,50.0,45.0,0.106781,0.107009,ws,ws,type_a_ladder,type_a_ladder,False,False,0.0623,-0.0643,65,-16.25,strategy_S9-149__TYPE_A:NIFTY:2026-04-13T14:51:40:LONG
2026-04-13,14:52:13,2026-04-13,14:52:49,NIFTY,BUY,TYPE_A,MID_ENTRY,MICROPRICE_EXIT,23888.7,23889.85,NIFTY13APR2623850CE,23850.0,CE,47.6,47.65,47.56,47.74,50.0,45.0,0.105208,0.104822,ws,ws,type_a_ladder,type_a_ladder,False,False,0.0357,-0.0895,65,3.25,strategy_S9-149__TYPE_A:NIFTY:2026-04-13T14:52:13:LONG
2026-04-13,14:53:11,2026-04-13,14:53:31,NIFTY,SELL,TYPE_A,MID_ENTRY,MICROPRICE_EXIT,23883.55,23884.4,NIFTY13APR2623900PE,23900.0,PE,26.1,25.0,26.06,25.04,30.0,25.0,0.191939,0.1998,ws,ws,type_a_ladder,type_a_ladder,False,False,0.0366,-0.0448,65,-71.5,strategy_S9-149__TYPE_A:NIFTY:2026-04-13T14:53:11:SHORT
2026-04-13,14:53:50,2026-04-13,14:53:56,NIFTY,BUY,TYPE_A,MID_ENTRY,MICROPRICE_EXIT,23886.7,23884.3,NIFTY13APR2623850CE,23850.0,CE,44.95,44.85,44.9,44.97,45.0,40.0,0.111421,0.111297,ws,ws,type_a_ladder,type_a_ladder,False,False,0.0525,-0.1171,65,-6.5,strategy_S9-149__TYPE_A:NIFTY:2026-04-13T14:53:50:LONG
2026-04-13,14:54:22,2026-04-13,14:54:48,NIFTY,SELL,TYPE_A,MID_ENTRY,MICROPRICE_EXIT,23882.65,23880.85,NIFTY13APR2623900PE,23900.0,PE,26.45,26.05,26.4,26.15,30.0,25.0,0.189215,0.191571,ws,ws,type_a_ladder,type_a_ladder,False,False,0.0454,-0.0957,65,-26.0,strategy_S9-149__TYPE_A:NIFTY:2026-04-13T14:54:22:SHORT
2026-04-13,14:55:03,2026-04-13,14:55:25,NIFTY,BUY,TYPE_A,MID_ENTRY,MICROPRICE_EXIT,23889.25,23893.5,NIFTY13APR2623850CE,23850.0,CE,48.1,52.6,48.06,52.71,50.0,50.0,0.104058,0.094877,ws,ws,type_a_ladder,type_a_ladder,False,False,0.0444,-0.1105,65,292.5,strategy_S9-149__TYPE_A:NIFTY:2026-04-13T14:55:03:LONG
2026-04-13,14:55:40,2026-04-13,14:55:57,NIFTY,SELL,TYPE_A,MID_ENTRY,MICROPRICE_EXIT,23890.55,23891.25,NIFTY13APR2623900PE,23900.0,PE,21.05,21.1,20.99,21.11,25.0,20.0,0.238095,0.236686,ws,ws,type_a_ladder,type_a_ladder,False,False,0.0634,-0.0061,65,3.25,strategy_S9-149__TYPE_A:NIFTY:2026-04-13T14:55:40:SHORT
2026-04-13,14:56:09,2026-04-13,14:56:18,NIFTY,SELL,TYPE_A,MID_ENTRY,MICROPRICE_EXIT,23887.35,23889.7,NIFTY13APR2623900PE,23900.0,PE,22.8,21.05,22.77,21.1,25.0,20.0,0.21978,0.236967,ws,ws,type_a_ladder,type_a_ladder,False,False,0.0345,-0.0474,65,-113.75,strategy_S9-149__TYPE_A:NIFTY:2026-04-13T14:56:09:SHORT
2026-04-13,14:56:30,2026-04-13,14:56:42,NIFTY,SELL,TYPE_A,MID_ENTRY,MICROPRICE_EXIT,23886.1,23886.6,NIFTY13APR2623900PE,23900.0,PE,23.05,22.45,23.01,22.49,25.0,20.0,0.217391,0.222222,ws,ws,type_a_ladder,type_a_ladder,False,False,0.0415,-0.0354,65,-39.0,strategy_S9-149__TYPE_A:NIFTY:2026-04-13T14:56:30:SHORT
2026-04-13,14:57:00,2026-04-13,14:57:06,NIFTY,SELL,TYPE_A,MID_ENTRY,MICROPRICE_EXIT,23884.35,23885.3,NIFTY13APR2623900PE,23900.0,PE,23.8,22.3,23.75,22.35,25.0,20.0,0.210305,0.223964,ws,ws,type_a_ladder,type_a_ladder,False,False,0.0494,-0.0466,65,-97.5,strategy_S9-149__TYPE_A:NIFTY:2026-04-13T14:57:00:SHORT
2026-04-13,14:57:31,2026-04-13,14:57:55,NIFTY,SELL,TYPE_A,MID_ENTRY,MICROPRICE_EXIT,23883.45,23884.55,NIFTY13APR2623900PE,23900.0,PE,21.65,20.2,21.63,20.23,25.0,20.0,0.231214,0.246914,ws,ws,type_a_ladder,type_a_ladder,False,False,0.02,-0.0333,65,-94.25,strategy_S9-149__TYPE_A:NIFTY:2026-04-13T14:57:31:SHORT
2026-04-13,14:58:30,2026-04-13,14:58:54,NIFTY,BUY,TYPE_A,MID_ENTRY,MICROPRICE_EXIT,23891.5,23895.1,NIFTY13APR2623850CE,23850.0,CE,46.25,50.9,46.14,50.98,50.0,50.0,0.108284,0.098135,ws,ws,type_a_ladder,type_a_ladder,False,False,0.114,-0.0846,65,302.25,strategy_S9-149__TYPE_A:NIFTY:2026-04-13T14:58:30:LONG
2026-04-13,14:59:38,2026-04-13,15:01:07,NIFTY,SELL,TYPE_A,MID_ENTRY,MICROPRICE_EXIT,23888.75,23844.3,NIFTY13APR2623900PE,23900.0,PE,21.7,55.75,21.61,55.81,25.0,55.0,0.230947,0.089526,ws,ws,type_a_ladder,type_a_ladder,False,False,0.0923,-0.0556,65,2213.25,strategy_S9-149__TYPE_A:NIFTY:2026-04-13T14:59:38:SHORT
2026-04-13,15:01:10,2026-04-13,15:01:47,NIFTY,SELL,TYPE_A,MID_ENTRY,MICROPRICE_EXIT,23839.3,23828.35,NIFTY13APR2623850PE,23850.0,PE,20.25,24.1,20.21,24.11,25.0,20.0,0.247219,0.207254,ws,ws,type_a_ladder,type_a_ladder,False,False,0.0395,-0.0071,65,250.25,strategy_S9-149__TYPE_A:NIFTY:2026-04-13T15:01:10:SHORT
2026-04-13,15:02:06,2026-04-13,15:02:40,NIFTY,BUY,TYPE_A,MID_ENTRY,MICROPRICE_EXIT,23845.5,23860.9,NIFTY13APR2623800CE,23800.0,CE,51.75,55.2,51.6,55.29,55.0,55.0,0.096805,0.090375,ws,ws,type_a_ladder,type_a_ladder,False,False,0.1455,-0.0929,65,224.25,strategy_S9-149__TYPE_A:NIFTY:2026-04-13T15:02:06:LONG
2026-04-13,15:02:57,2026-04-13,15:03:13,NIFTY,BUY,TYPE_A,MID_ENTRY,MICROPRICE_EXIT,23870.15,23880.4,NIFTY13APR2623850CE,23850.0,CE,14.75,22.45,14.74,22.52,15.0,20.0,0.339559,0.222222,ws,ws,type_a_ladder,type_a_ladder,False,False,0.005,-0.072,65,500.5,strategy_S9-149__TYPE_A:NIFTY:2026-04-13T15:02:57:LONG
2026-04-13,15:03:40,2026-04-13,15:04:07,NIFTY,SELL,TYPE_A,MID_ENTRY,MICROPRICE_EXIT,23875.7,23863.35,NIFTY13APR2623900PE,23900.0,PE,35.55,41.9,35.54,41.95,40.0,40.0,0.140845,0.119119,ws,ws,type_a_ladder,type_a_ladder,False,False,0.0115,-0.0545,65,412.75,strategy_S9-149__TYPE_A:NIFTY:2026-04-13T15:03:40:SHORT
2026-04-13,15:04:26,2026-04-13,15:05:04,NIFTY,SELL,TYPE_A,MID_ENTRY,MICROPRICE_EXIT,23851.95,23843.1,NIFTY13APR2623900PE,23900.0,PE,47.85,51.45,47.79,51.49,50.0,50.0,0.104657,0.09704,ws,ws,type_a_ladder,type_a_ladder,False,False,0.0592,-0.0375,65,234.0,strategy_S9-149__TYPE_A:NIFTY:2026-04-13T15:04:26:SHORT
2026-04-13,15:05:18,2026-04-13,15:05:54,NIFTY,SELL,TYPE_A,MID_ENTRY,MICROPRICE_EXIT,23836.05,23833.75,NIFTY13APR2623850PE,23850.0,PE,11.75,12.05,11.72,12.11,15.0,10.0,0.426439,0.413223,ws,ws,type_a_ladder,type_a_ladder,False,False,0.0299,-0.064,65,19.5,strategy_S9-149__TYPE_A:NIFTY:2026-04-13T15:05:18:SHORT
2026-04-13,15:06:02,2026-04-13,15:06:45,NIFTY,BUY,TYPE_A,MID_ENTRY,MICROPRICE_EXIT,23844.9,23860.6,NIFTY13APR2623800CE,23800.0,CE,48.25,51.85,48.12,51.89,50.0,50.0,0.103788,0.096293,ws,ws,type_a_ladder,type_a_ladder,False,False,0.1327,-0.0409,65,234.0,strategy_S9-149__TYPE_A:NIFTY:2026-04-13T15:06:02:LONG
2026-04-13,15:07:10,2026-04-13,15:08:07,NIFTY,SELL,TYPE_A,MID_ENTRY,MICROPRICE_EXIT,23856.95,23832.5,NIFTY13APR2623900PE,23900.0,PE,51.75,62.1,51.65,62.23,55.0,60.0,0.096805,0.080386,ws,ws,type_a_ladder,type_a_ladder,False,False,0.1,-0.1333,65,672.75,strategy_S9-149__TYPE_A:NIFTY:2026-04-13T15:07:10:SHORT
2026-04-13,15:08:20,2026-04-13,15:08:40,NIFTY,BUY,TYPE_A,MID_ENTRY,MICROPRICE_EXIT,23838.35,23845.7,NIFTY13APR2623800CE,23800.0,CE,40.45,40.0,40.31,40.04,45.0,40.0,0.123839,0.124844,ws,ws,type_a_ladder,type_a_ladder,False,False,0.1359,-0.0417,65,-29.25,strategy_S9-149__TYPE_A:NIFTY:2026-04-13T15:08:20:LONG
2026-04-13,15:08:50,2026-04-13,15:09:04,NIFTY,SELL,TYPE_A,MID_ENTRY,MICROPRICE_EXIT,23839.5,23838.05,NIFTY13APR2623850PE,23850.0,PE,17.65,19.5,17.63,19.51,20.0,15.0,0.284091,0.256082,ws,ws,type_a_ladder,type_a_ladder,False,False,0.0234,-0.0103,65,120.25,strategy_S9-149__TYPE_A:NIFTY:2026-04-13T15:08:50:SHORT
2026-04-13,15:09:20,2026-04-13,15:09:34,NIFTY,SELL,TYPE_A,MID_ENTRY,MICROPRICE_EXIT,23833.65,23839.15,NIFTY13APR2623850PE,23850.0,PE,19.4,16.45,19.38,16.48,20.0,15.0,0.258398,0.30349,ws,ws,type_a_ladder,type_a_ladder,False,False,0.0194,-0.025,65,-191.75,strategy_S9-149__TYPE_A:NIFTY:2026-04-13T15:09:20:SHORT
2026-04-13,15:09:41,2026-04-13,15:09:50,NIFTY,BUY,TYPE_A,MID_ENTRY,MICROPRICE_EXIT,23843.0,23841.55,NIFTY13APR2623800CE,23800.0,CE,35.95,34.4,35.87,34.43,40.0,30.0,0.139373,0.145138,ws,ws,type_a_ladder,type_a_ladder,False,False,0.0841,-0.0346,65,-100.75,strategy_S9-149__TYPE_A:NIFTY:2026-04-13T15:09:41:LONG
2026-04-13,15:10:05,2026-04-13,15:10:13,NIFTY,SELL,TYPE_A,MID_ENTRY,MICROPRICE_EXIT,23830.75,23837.45,NIFTY13APR2623850PE,23850.0,PE,24.6,21.9,24.59,21.92,25.0,20.0,0.203666,0.22779,ws,ws,type_a_ladder,type_a_ladder,False,False,0.0059,-0.0238,65,-175.5,strategy_S9-149__TYPE_A:NIFTY:2026-04-13T15:10:05:SHORT
2026-04-13,15:11:07,2026-04-13,15:11:23,NIFTY,SELL,TYPE_A,MID_ENTRY,MICROPRICE_EXIT,23834.7,23833.85,NIFTY13APR2623850PE,23850.0,PE,18.05,16.35,18.02,16.37,20.0,15.0,0.277778,0.304878,ws,ws,type_a_ladder,type_a_ladder,False,False,0.0283,-0.0244,65,-110.5,strategy_S9-149__TYPE_A:NIFTY:2026-04-13T15:11:07:SHORT
2026-04-13,15:11:51,2026-04-13,15:12:08,NIFTY,BUY,TYPE_A,MID_ENTRY,MICROPRICE_EXIT,23838.15,23846.4,NIFTY13APR2623800CE,23800.0,CE,34.6,39.1,34.56,39.17,35.0,35.0,0.144823,0.127632,ws,ws,type_a_ladder,type_a_ladder,False,False,0.0405,-0.075,65,292.5,strategy_S9-149__TYPE_A:NIFTY:2026-04-13T15:11:51:LONG
2026-04-13,15:12:25,2026-04-13,15:12:48,NIFTY,BUY,TYPE_A,MID_ENTRY,MICROPRICE_EXIT,23850.45,23852.9,NIFTY13APR2623850CE,23850.0,CE,175.0,220.0,173.91,223.95,175.0,220.0,0.028986,0.022472,ws,ws,type_a_ladder,type_a_ladder,False,False,1.0857,-3.9464,65,2925.0,strategy_S9-149__TYPE_A:NIFTY:2026-04-13T15:12:25:LONG
2026-04-13,15:13:00,2026-04-13,15:14:12,NIFTY,SELL,TYPE_A,MID_ENTRY,MICROPRICE_EXIT,23843.7,23830.6,NIFTY13APR2623850PE,23850.0,PE,14.0,14.35,13.92,14.42,15.0,10.0,0.358423,0.347222,ws,ws,type_a_ladder,type_a_ladder,False,False,0.0793,-0.0748,65,22.75,strategy_S9-149__TYPE_A:NIFTY:2026-04-13T15:13:00:SHORT
2026-04-13,15:14:33,2026-04-13,15:14:56,NIFTY,BUY,TYPE_A,MID_ENTRY,MICROPRICE_EXIT,23836.55,23845.35,NIFTY13APR2623800CE,23800.0,CE,38.2,39.6,38.16,39.61,40.0,35.0,0.131062,0.126103,ws,ws,type_a_ladder,type_a_ladder,False,False,0.0419,-0.0118,65,91.0,strategy_S9-149__TYPE_A:NIFTY:2026-04-13T15:14:33:LONG
2026-04-13,15:15:35,2026-04-13,15:15:55,NIFTY,SELL,TYPE_A,MID_ENTRY,MICROPRICE_EXIT,23836.85,23837.45,NIFTY13APR2623850PE,23850.0,PE,14.35,13.4,14.32,13.43,15.0,10.0,0.34904,0.371747,ws,ws,type_a_ladder,type_a_ladder,False,False,0.0284,-0.0339,65,-61.75,strategy_S9-149__TYPE_A:NIFTY:2026-04-13T15:15:35:SHORT
2026-04-13,15:16:54,2026-04-13,15:17:44,NIFTY,SELL,TYPE_A,MID_ENTRY,MICROPRICE_EXIT,23832.1,23827.6,NIFTY13APR2623850PE,23850.0,PE,12.35,12.5,12.35,12.54,15.0,10.0,0.40568,0.398406,ws,ws,type_a_ladder,type_a_ladder,False,False,0.0034,-0.0409,65,9.75,strategy_S9-149__TYPE_A:NIFTY:2026-04-13T15:16:54:SHORT
2026-04-13,15:17:51,2026-04-13,15:18:15,NIFTY,BUY,TYPE_A,MID_ENTRY,MICROPRICE_EXIT,23832.05,23837.4,NIFTY13APR2623800CE,23800.0,CE,39.35,39.5,39.33,39.51,40.0,35.0,0.127146,0.126422,ws,ws,type_a_ladder,type_a_ladder,False,False,0.0214,-0.0095,65,9.75,strategy_S9-149__TYPE_A:NIFTY:2026-04-13T15:17:51:LONG
2026-04-13,15:19:09,2026-04-13,15:19:17,NIFTY,BUY,TYPE_A,MID_ENTRY,MICROPRICE_EXIT,23839.95,23836.9,NIFTY13APR2623800CE,23800.0,CE,39.8,41.7,39.67,41.74,40.0,40.0,0.125865,0.119689,ws,ws,type_a_ladder,type_a_ladder,False,False,0.1347,-0.0422,65,123.5,strategy_S9-149__TYPE_A:NIFTY:2026-04-13T15:19:09:LONG
2026-04-13,15:19:37,2026-04-13,15:20:26,NIFTY,SELL,TYPE_A,MID_ENTRY,MICROPRICE_EXIT,23832.55,23823.6,NIFTY13APR2623850PE,23850.0,PE,11.55,13.75,11.52,13.83,15.0,10.0,0.434783,0.362319,ws,ws,type_a_ladder,type_a_ladder,False,False,0.0296,-0.0817,65,143.0,strategy_S9-149__TYPE_A:NIFTY:2026-04-13T15:19:37:SHORT
2026-04-13,15:20:46,2026-04-13,15:21:25,NIFTY,BUY,TYPE_A,MID_ENTRY,MICROPRICE_EXIT,23827.0,23830.25,NIFTY13APR2623800CE,23800.0,CE,38.5,39.45,38.48,39.47,40.0,35.0,0.129955,0.126502,ws,ws,type_a_ladder,type_a_ladder,False,False,0.016,-0.0218,65,61.75,strategy_S9-149__TYPE_A:NIFTY:2026-04-13T15:20:46:LONG
2026-04-13,15:22:20,2026-04-13,15:22:27,NIFTY,BUY,TYPE_A,MID_ENTRY,MICROPRICE_EXIT,23830.95,23830.05,NIFTY13APR2623800CE,23800.0,CE,40.2,39.95,40.06,39.95,45.0,35.0,0.124611,0.125078,ws,ws,type_a_ladder,type_a_ladder,False,False,0.14,-0.0012,65,-16.25,strategy_S9-149__TYPE_A:NIFTY:2026-04-13T15:22:20:LONG
2026-04-13,15:22:30,2026-04-13,15:22:34,NIFTY,BUY,TYPE_A,MID_ENTRY,MICROPRICE_EXIT,23831.7,23829.1,NIFTY13APR2623800CE,23800.0,CE,39.7,40.3,39.59,40.36,40.0,40.0,0.126183,0.123916,ws,ws,type_a_ladder,type_a_ladder,False,False,0.1125,-0.0629,65,39.0,strategy_S9-149__TYPE_A:NIFTY:2026-04-13T15:22:30:LONG
2026-04-13,15:22:44,2026-04-13,15:23:45,NIFTY,SELL,TYPE_A,MID_ENTRY,MICROPRICE_EXIT,23827.65,23820.2,NIFTY13APR2623850PE,23850.0,PE,10.5,11.6,10.47,11.64,15.0,10.0,0.477327,0.430108,ws,ws,type_a_ladder,type_a_ladder,False,False,0.0301,-0.0389,65,71.5,strategy_S9-149__TYPE_A:NIFTY:2026-04-13T15:22:44:SHORT
2026-04-13,15:23:50,2026-04-13,15:24:00,NIFTY,SELL,TYPE_A,MID_ENTRY,MICROPRICE_EXIT,23818.35,23820.7,NIFTY13APR2623850PE,23850.0,PE,11.4,10.85,11.35,10.85,15.0,10.0,0.440529,0.45977,ws,ws,type_a_ladder,type_a_ladder,False,False,0.0544,-0.0002,65,-35.75,strategy_S9-149__TYPE_A:NIFTY:2026-04-13T15:23:50:SHORT
2026-04-13,15:24:35,2026-04-13,15:25:00,NIFTY,BUY,TYPE_A,MID_ENTRY,MICROPRICE_EXIT,23822.55,23822.35,NIFTY13APR2623800CE,23800.0,CE,40.1,40.4,40.06,40.45,45.0,40.0,0.124922,0.123609,ws,ws,type_a_ladder,type_a_ladder,False,False,0.0415,-0.05,65,19.5,strategy_S9-149__TYPE_A:NIFTY:2026-04-13T15:24:35:LONG
2026-04-15,09:18:02,2026-04-15,09:18:16,NIFTY,SELL,TYPE_A,MID_ENTRY,BID_EXIT_STAGE1,24226.05,24228.0,NIFTY21APR2624250PE,24250.0,PE,223.9,219.7,223.8,220.02,225.0,215.0,0.022339,0.022738,ws,ws,type_a_ladder,type_a_ladder,False,True,0.1,-0.32,65,-273.0,strategy_S9-149__TYPE_A:NIFTY:2026-04-15T09:18:02:SHORT
2026-04-15,09:18:40,2026-04-15,09:18:55,NIFTY,BUY,TYPE_A,MID_ENTRY,MICROPRICE_EXIT,24235.45,24234.8,NIFTY21APR2624200CE,24200.0,CE,246.1,250.4,245.81,250.49,250.0,250.0,0.020338,0.01996,ws,ws,type_a_ladder,type_a_ladder,False,False,0.2917,-0.0889,65,279.5,strategy_S9-149__TYPE_A:NIFTY:2026-04-15T09:18:40:LONG
2026-04-15,09:19:00,2026-04-15,09:19:16,NIFTY,SELL,TYPE_A,MID_ENTRY,MICROPRICE_EXIT,24229.8,24231.0,NIFTY21APR2624250PE,24250.0,PE,218.05,216.0,217.99,216.13,220.0,215.0,0.022957,0.02314,ws,ws,type_a_ladder,type_a_ladder,False,False,0.0625,-0.1312,65,-133.25,strategy_S9-149__TYPE_A:NIFTY:2026-04-15T09:19:00:SHORT
2026-04-15,09:19:35,2026-04-15,09:20:00,NIFTY,BUY,TYPE_A,MID_ENTRY,MICROPRICE_EXIT,24233.25,24231.6,NIFTY21APR2624200CE,24200.0,CE,246.3,245.65,246.03,245.82,250.0,245.0,0.020317,0.020329,ws,ws,type_a_ladder,type_a_ladder,False,False,0.2667,-0.1714,65,-42.25,strategy_S9-149__TYPE_A:NIFTY:2026-04-15T09:19:35:LONG
2026-04-15,09:20:54,2026-04-15,09:21:02,NIFTY,BUY,TYPE_A,MID_ENTRY,MICROPRICE_EXIT,24233.3,24228.2,NIFTY21APR2624200CE,24200.0,CE,248.45,247.4,248.14,247.99,250.0,245.0,0.020147,0.020184,ws,ws,type_a_ladder,type_a_ladder,False,False,0.3143,-0.585,65,-68.25,strategy_S9-149__TYPE_A:NIFTY:2026-04-15T09:20:54:LONG
2026-04-15,09:21:30,2026-04-15,09:21:50,NIFTY,SELL,TYPE_A,MID_ENTRY,MICROPRICE_EXIT,24223.3,24223.25,NIFTY21APR2624250PE,24250.0,PE,221.55,223.05,221.49,223.4,225.0,220.0,0.022581,0.022391,ws,ws,type_a_ladder,type_a_ladder,False,False,0.0625,-0.35,65,97.5,strategy_S9-149__TYPE_A:NIFTY:2026-04-15T09:21:30:SHORT
2026-04-15,09:22:00,2026-04-15,09:22:10,NIFTY,SELL,TYPE_A,MID_ENTRY,MICROPRICE_EXIT,24217.7,24220.95,NIFTY21APR2624250PE,24250.0,PE,225.8,223.75,225.62,223.82,230.0,220.0,0.022158,0.022341,ws,ws,type_a_ladder,type_a_ladder,False,False,0.18,-0.0667,65,-133.25,strategy_S9-149__TYPE_A:NIFTY:2026-04-15T09:22:00:SHORT
2026-04-15,09:22:40,2026-04-15,09:22:49,NIFTY,SELL,TYPE_A,MID_ENTRY,MICROPRICE_EXIT,24217.8,24218.9,NIFTY21APR2624250PE,24250.0,PE,227.25,227.75,227.05,227.98,230.0,225.0,0.022022,0.021937,ws,ws,type_a_ladder,type_a_ladder,False,False,0.2,-0.2333,65,32.5,strategy_S9-149__TYPE_A:NIFTY:2026-04-15T09:22:40:SHORT
2026-04-15,09:23:20,2026-04-15,09:23:45,NIFTY,BUY,TYPE_A,MID_ENTRY,MICROPRICE_EXIT,24222.95,24223.35,NIFTY21APR2624200CE,24200.0,CE,243.25,245.0,243.18,245.27,245.0,245.0,0.020568,0.020392,ws,ws,type_a_ladder,type_a_ladder,False,False,0.0667,-0.27,65,113.75,strategy_S9-149__TYPE_A:NIFTY:2026-04-15T09:23:20:LONG
2026-04-15,09:24:25,2026-04-15,09:24:54,NIFTY,SELL,TYPE_A,MID_ENTRY,MICROPRICE_EXIT,24218.8,24211.9,NIFTY21APR2624250PE,24250.0,PE,226.45,229.15,226.38,229.21,230.0,225.0,0.022104,0.021796,ws,ws,type_a_ladder,type_a_ladder,False,False,0.0714,-0.0588,65,175.5,strategy_S9-149__TYPE_A:NIFTY:2026-04-15T09:24:25:SHORT
2026-04-15,09:25:10,2026-04-15,09:25:35,NIFTY,SELL,TYPE_A,MID_ENTRY,MICROPRICE_EXIT,24204.75,24205.9,NIFTY21APR2624250PE,24250.0,PE,229.75,230.75,229.61,231.2,230.0,230.0,0.021789,0.021643,ws,ws,type_a_ladder,type_a_ladder,False,False,0.1375,-0.45,65,65.0,strategy_S9-149__TYPE_A:NIFTY:2026-04-15T09:25:10:SHORT
2026-04-15,09:25:59,2026-04-15,09:26:08,NIFTY,BUY,TYPE_A,MID_ENTRY,MICROPRICE_EXIT,24212.9,24206.25,NIFTY21APR2624200CE,24200.0,CE,242.5,240.5,242.25,240.76,245.0,240.0,0.02064,0.020775,ws,ws,type_a_ladder,type_a_ladder,False,False,0.25,-0.2625,65,-130.0,strategy_S9-149__TYPE_A:NIFTY:2026-04-15T09:25:59:LONG
2026-04-15,09:27:14,2026-04-15,09:27:38,NIFTY,SELL,TYPE_A,MID_ENTRY,MICROPRICE_EXIT,24205.4,24197.85,NIFTY21APR2624250PE,24250.0,PE,235.0,239.35,234.95,239.43,235.0,235.0,0.021279,0.020875,ws,ws,type_a_ladder,type_a_ladder,False,False,0.0454,-0.075,65,282.75,strategy_S9-149__TYPE_A:NIFTY:2026-04-15T09:27:14:SHORT
2026-04-15,09:27:51,2026-04-15,09:28:19,NIFTY,SELL,TYPE_A,MID_ENTRY,MICROPRICE_EXIT,24193.9,24190.3,NIFTY21APR2624200PE,24200.0,PE,218.5,221.35,218.4,221.66,220.0,220.0,0.022904,0.022571,ws,ws,type_a_ladder,type_a_ladder,False,False,0.1,-0.315,65,185.25,strategy_S9-149__TYPE_A:NIFTY:2026-04-15T09:27:51:SHORT
2026-04-15,09:30:10,2026-04-15,09:30:35,NIFTY,SELL,TYPE_A,MID_ENTRY,MICROPRICE_EXIT,24187.85,24181.45,NIFTY21APR2624200PE,24200.0,PE,223.2,229.55,222.71,229.57,225.0,225.0,0.022429,0.021763,ws,ws,type_a_ladder,type_a_ladder,False,False,0.4853,-0.0154,65,412.75,strategy_S9-149__TYPE_A:NIFTY:2026-04-15T09:30:10:SHORT
2026-04-15,09:31:30,2026-04-15,09:31:36,NIFTY,SELL,TYPE_A,MID_ENTRY,MICROPRICE_EXIT,24174.75,24179.2,NIFTY21APR2624200PE,24200.0,PE,231.95,231.4,231.6,231.7,235.0,230.0,0.021575,0.021587,ws,ws,type_a_ladder,type_a_ladder,False,False,0.35,-0.3,65,-35.75,strategy_S9-149__TYPE_A:NIFTY:2026-04-15T09:31:30:SHORT
2026-04-15,09:31:50,2026-04-15,09:31:56,NIFTY,SELL,TYPE_A,MID_ENTRY,MICROPRICE_EXIT,24174.9,24176.95,NIFTY21APR2624200PE,24200.0,PE,231.6,230.55,231.35,230.68,235.0,230.0,0.021612,0.021668,ws,ws,type_a_ladder,type_a_ladder,False,False,0.25,-0.1333,65,-68.25,strategy_S9-149__TYPE_A:NIFTY:2026-04-15T09:31:50:SHORT
2026-04-15,09:32:01,2026-04-15,09:32:07,NIFTY,BUY,TYPE_A,MID_ENTRY,MICROPRICE_EXIT,24180.6,24177.2,NIFTY21APR2624150CE,24150.0,CE,260.35,258.1,260.33,258.41,265.0,255.0,0.019218,0.019352,ws,ws,type_a_ladder,type_a_ladder,False,False,0.0167,-0.3143,65,-146.25,strategy_S9-149__TYPE_A:NIFTY:2026-04-15T09:32:01:LONG
2026-04-15,09:32:30,2026-04-15,09:33:11,NIFTY,BUY,TYPE_A,MID_ENTRY,MICROPRICE_EXIT,24178.35,24181.55,NIFTY21APR2624150CE,24150.0,CE,259.5,260.45,259.24,260.65,260.0,260.0,0.01929,0.019179,ws,ws,type_a_ladder,type_a_ladder,False,False,0.2571,-0.2,65,61.75,strategy_S9-149__TYPE_A:NIFTY:2026-04-15T09:32:30:LONG
2026-04-15,09:33:22,2026-04-15,09:33:41,NIFTY,SELL,TYPE_A,MID_ENTRY,MICROPRICE_EXIT,24176.25,24175.3,NIFTY21APR2624200PE,24200.0,PE,232.5,234.0,232.13,234.36,235.0,230.0,0.021526,0.021345,ws,ws,type_a_ladder,type_a_ladder,False,False,0.3682,-0.3571,65,97.5,strategy_S9-149__TYPE_A:NIFTY:2026-04-15T09:33:22:SHORT
2026-04-15,09:34:25,2026-04-15,09:34:38,NIFTY,SELL,TYPE_A,MID_ENTRY,MICROPRICE_EXIT,24168.7,24169.25,NIFTY21APR2624200PE,24200.0,PE,237.95,237.15,237.71,237.28,240.0,235.0,0.021039,0.021073,ws,ws,type_a_ladder,type_a_ladder,False,False,0.24,-0.125,65,-52.0,strategy_S9-149__TYPE_A:NIFTY:2026-04-15T09:34:25:SHORT
2026-04-15,09:35:17,2026-04-15,09:35:25,NIFTY,SELL,TYPE_A,MID_ENTRY,MICROPRICE_EXIT,24167.35,24171.15,NIFTY21APR2624200PE,24200.0,PE,239.4,236.55,238.9,236.63,240.0,235.0,0.02091,0.021128,ws,ws,type_a_ladder,type_a_ladder,False,False,0.5,-0.08,65,-185.25,strategy_S9-149__TYPE_A:NIFTY:2026-04-15T09:35:17:SHORT
2026-04-15,09:36:23,2026-04-15,09:36:35,NIFTY,BUY,TYPE_A,MID_ENTRY,MICROPRICE_EXIT,24177.1,24177.3,NIFTY21APR2624150CE,24150.0,CE,261.0,260.15,260.71,260.4,265.0,260.0,0.019168,0.019201,ws,ws,type_a_ladder,type_a_ladder,False,False,0.2867,-0.25,65,-55.25,strategy_S9-149__TYPE_A:NIFTY:2026-04-15T09:36:23:LONG
2026-04-15,09:36:54,2026-04-15,09:37:01,NIFTY,SELL,TYPE_A,MID_ENTRY,MICROPRICE_EXIT,24172.1,24175.4,NIFTY21APR2624200PE,24200.0,PE,239.5,236.65,239.39,236.73,240.0,235.0,0.020894,0.02111,ws,ws,type_a_ladder,type_a_ladder,False,False,0.1091,-0.08,65,-185.25,strategy_S9-149__TYPE_A:NIFTY:2026-04-15T09:36:54:SHORT
2026-04-15,09:37:11,2026-04-15,09:37:16,NIFTY,SELL,TYPE_A,MID_ENTRY,MICROPRICE_EXIT,24171.2,24172.8,NIFTY21APR2624200PE,24200.0,PE,239.6,236.2,239.22,236.28,240.0,235.0,0.020888,0.021162,ws,ws,type_a_ladder,type_a_ladder,False,False,0.375,-0.075,65,-221.0,strategy_S9-149__TYPE_A:NIFTY:2026-04-15T09:37:11:SHORT
2026-04-15,09:37:50,2026-04-15,09:37:55,NIFTY,BUY,TYPE_A,MID_ENTRY,MICROPRICE_EXIT,24175.9,24172.55,NIFTY21APR2624150CE,24150.0,CE,261.4,260.85,261.2,260.89,265.0,260.0,0.019142,0.019166,ws,ws,type_a_ladder,type_a_ladder,False,False,0.2,-0.0417,65,-35.75,strategy_S9-149__TYPE_A:NIFTY:2026-04-15T09:37:50:LONG
2026-04-15,09:38:27,2026-04-15,09:39:15,NIFTY,SELL,TYPE_A,MID_ENTRY,MICROPRICE_EXIT,24167.65,24149.95,NIFTY21APR2624200PE,24200.0,PE,242.0,253.75,241.8,253.78,245.0,250.0,0.02067,0.019697,ws,ws,type_a_ladder,type_a_ladder,False,False,0.1983,-0.0267,65,763.75,strategy_S9-149__TYPE_A:NIFTY:2026-04-15T09:38:27:SHORT
2026-04-15,09:39:20,2026-04-15,09:39:37,NIFTY,BUY,TYPE_A,MID_ENTRY,MICROPRICE_EXIT,24153.35,24155.2,NIFTY21APR2624150CE,24150.0,CE,252.55,253.8,252.25,253.96,255.0,250.0,0.019814,0.019679,ws,ws,type_a_ladder,type_a_ladder,False,False,0.3,-0.1571,65,81.25,strategy_S9-149__TYPE_A:NIFTY:2026-04-15T09:39:20:LONG
2026-04-15,09:40:11,2026-04-15,09:40:19,NIFTY,SELL,TYPE_A,MID_ENTRY,MICROPRICE_EXIT,24150.65,24153.25,NIFTY21APR2624200PE,24200.0,PE,253.6,251.15,253.19,251.2,255.0,250.0,0.019737,0.019891,ws,ws,type_a_ladder,type_a_ladder,False,False,0.4125,-0.05,65,-159.25,strategy_S9-149__TYPE_A:NIFTY:2026-04-15T09:40:11:SHORT
2026-04-15,09:40:30,2026-04-15,09:40:49,NIFTY,BUY,TYPE_A,MID_ENTRY,MICROPRICE_EXIT,24160.45,24169.85,NIFTY21APR2624150CE,24150.0,CE,254.15,257.7,253.96,257.93,255.0,255.0,0.019685,0.019385,ws,ws,type_a_ladder,type_a_ladder,False,False,0.1875,-0.225,65,230.75,strategy_S9-149__TYPE_A:NIFTY:2026-04-15T09:40:30:LONG
2026-04-15,09:41:05,2026-04-15,09:41:49,NIFTY,BUY,TYPE_A,MID_ENTRY,MICROPRICE_EXIT,24176.5,24178.25,NIFTY21APR2624150CE,24150.0,CE,260.0,262.0,259.68,262.2,260.0,260.0,0.019244,0.019075,ws,ws,type_a_ladder,type_a_ladder,False,False,0.3239,-0.2,65,130.0,strategy_S9-149__TYPE_A:NIFTY:2026-04-15T09:41:05:LONG
2026-04-15,09:42:01,2026-04-15,09:42:24,NIFTY,BUY,TYPE_A,MID_ENTRY,MICROPRICE_EXIT,24182.3,24185.5,NIFTY21APR2624150CE,24150.0,CE,261.95,263.5,261.87,263.82,265.0,260.0,0.019102,0.018957,ws,ws,type_a_ladder,type_a_ladder,False,False,0.08,-0.3182,65,100.75,strategy_S9-149__TYPE_A:NIFTY:2026-04-15T09:42:01:LONG
2026-04-15,09:43:01,2026-04-15,09:44:26,NIFTY,BUY,TYPE_A,MID_ENTRY,MICROPRICE_EXIT,24189.0,24212.15,NIFTY21APR2624150CE,24150.0,CE,267.4,273.9,266.95,274.23,270.0,270.0,0.01872,0.018238,ws,ws,type_a_ladder,type_a_ladder,False,False,0.45,-0.3333,65,422.5,strategy_S9-149__TYPE_A:NIFTY:2026-04-15T09:43:01:LONG
2026-04-15,09:44:47,2026-04-15,09:45:02,NIFTY,SELL,TYPE_A,MID_ENTRY,MICROPRICE_EXIT,24208.65,24210.3,NIFTY21APR2624250PE,24250.0,PE,241.0,239.7,240.82,239.77,245.0,235.0,0.020756,0.020842,ws,ws,type_a_ladder,type_a_ladder,False,False,0.1818,-0.0667,65,-84.5,strategy_S9-149__TYPE_A:NIFTY:2026-04-15T09:44:47:SHORT
2026-04-15,09:45:13,2026-04-15,09:45:28,NIFTY,BUY,TYPE_A,MID_ENTRY,MICROPRICE_EXIT,24214.65,24215.2,NIFTY21APR2624200CE,24200.0,CE,247.3,247.15,247.28,247.61,250.0,245.0,0.02022,0.020208,ws,ws,type_a_ladder,type_a_ladder,False,False,0.02,-0.4583,65,-9.75,strategy_S9-149__TYPE_A:NIFTY:2026-04-15T09:45:13:LONG
2026-04-15,09:46:01,2026-04-15,09:46:26,NIFTY,BUY,TYPE_A,MID_ENTRY,MICROPRICE_EXIT,24222.9,24223.0,NIFTY21APR2624200CE,24200.0,CE,249.9,248.7,249.47,248.83,250.0,245.0,0.020026,0.02009,ws,ws,type_a_ladder,type_a_ladder,False,False,0.4286,-0.1313,65,-78.0,strategy_S9-149__TYPE_A:NIFTY:2026-04-15T09:46:01:LONG
2026-04-15,09:46:40,2026-04-15,09:46:44,NIFTY,SELL,TYPE_A,MID_ENTRY,MICROPRICE_EXIT,24218.6,24222.6,NIFTY21APR2624250PE,24250.0,PE,236.75,233.7,236.43,234.03,240.0,230.0,0.021139,0.021377,ws,ws,type_a_ladder,type_a_ladder,False,False,0.3214,-0.3333,65,-198.25,strategy_S9-149__TYPE_A:NIFTY:2026-04-15T09:46:40:SHORT
2026-04-15,09:47:40,2026-04-15,09:47:51,NIFTY,SELL,TYPE_A,MID_ENTRY,MICROPRICE_EXIT,24218.0,24219.15,NIFTY21APR2624250PE,24250.0,PE,237.1,236.35,236.81,236.4,240.0,235.0,0.021104,0.021142,ws,ws,type_a_ladder,type_a_ladder,False,False,0.2917,-0.0529,65,-48.75,strategy_S9-149__TYPE_A:NIFTY:2026-04-15T09:47:40:SHORT
2026-04-15,09:48:28,2026-04-15,09:48:50,NIFTY,SELL,TYPE_A,MID_ENTRY,MICROPRICE_EXIT,24204.25,24202.3,NIFTY21APR2624250PE,24250.0,PE,243.15,244.65,242.82,244.93,245.0,240.0,0.020585,0.020414,ws,ws,type_a_ladder,type_a_ladder,False,False,0.3333,-0.275,65,97.5,strategy_S9-149__TYPE_A:NIFTY:2026-04-15T09:48:28:SHORT
2026-04-15,09:49:10,2026-04-15,09:49:16,NIFTY,SELL,TYPE_A,MID_ENTRY,MICROPRICE_EXIT,24195.35,24199.3,NIFTY21APR2624200PE,24200.0,PE,223.95,222.0,223.89,222.44,225.0,220.0,0.022334,0.0225,ws,ws,type_a_ladder,type_a_ladder,False,False,0.06,-0.4433,65,-126.75,strategy_S9-149__TYPE_A:NIFTY:2026-04-15T09:49:10:SHORT
2026-04-15,09:49:38,2026-04-15,09:49:44,NIFTY,SELL,TYPE_A,MID_ENTRY,MICROPRICE_EXIT,24196.25,24199.85,NIFTY21APR2624200PE,24200.0,PE,222.85,222.4,222.7,222.78,225.0,220.0,0.022464,0.022459,ws,ws,type_a_ladder,type_a_ladder,False,False,0.1467,-0.375,65,-29.25,strategy_S9-149__TYPE_A:NIFTY:2026-04-15T09:49:38:SHORT
2026-04-15,09:49:55,2026-04-15,09:50:15,NIFTY,SELL,TYPE_A,MID_ENTRY,MICROPRICE_EXIT,24195.65,24195.45,NIFTY21APR2624200PE,24200.0,PE,224.4,225.45,223.92,225.5,225.0,225.0,0.022306,0.022151,ws,ws,type_a_ladder,type_a_ladder,False,False,0.4783,-0.0458,65,68.25,strategy_S9-149__TYPE_A:NIFTY:2026-04-15T09:49:55:SHORT
2026-04-15,09:50:29,2026-04-15,09:51:01,NIFTY,SELL,TYPE_A,MID_ENTRY,MICROPRICE_EXIT,24191.6,24189.95,NIFTY21APR2624200PE,24200.0,PE,229.75,230.15,229.67,230.39,230.0,230.0,0.021768,0.021699,ws,ws,type_a_ladder,type_a_ladder,False,False,0.0789,-0.2406,65,26.0,strategy_S9-149__TYPE_A:NIFTY:2026-04-15T09:50:29:SHORT
2026-04-15,09:51:20,2026-04-15,09:51:41,NIFTY,BUY,TYPE_A,MID_ENTRY,MICROPRICE_EXIT,24196.85,24194.3,NIFTY21APR2624150CE,24150.0,CE,264.8,264.2,264.28,264.52,265.0,260.0,0.018905,0.018911,ws,ws,type_a_ladder,type_a_ladder,False,False,0.52,-0.32,65,-39.0,strategy_S9-149__TYPE_A:NIFTY:2026-04-15T09:51:20:LONG
2026-04-15,09:51:50,2026-04-15,09:51:53,NIFTY,SELL,TYPE_A,MID_ENTRY,MICROPRICE_EXIT,24190.5,24194.6,NIFTY21APR2624200PE,24200.0,PE,229.45,225.8,229.35,225.95,230.0,225.0,0.021817,0.022124,ws,ws,type_a_ladder,type_a_ladder,False,False,0.0971,-0.15,65,-237.25,strategy_S9-149__TYPE_A:NIFTY:2026-04-15T09:51:50:SHORT
2026-04-15,09:52:05,2026-04-15,09:52:40,NIFTY,BUY,TYPE_A,MID_ENTRY,BID_EXIT_STAGE1,24199.4,24205.85,NIFTY21APR2624150CE,24150.0,CE,267.4,269.7,267.01,270.07,270.0,265.0,0.018721,0.018517,ws,ws,type_a_ladder,type_a_ladder,False,True,0.39,-0.3656,65,149.5,strategy_S9-149__TYPE_A:NIFTY:2026-04-15T09:52:05:LONG
2026-04-15,09:53:01,2026-04-15,09:53:10,NIFTY,BUY,TYPE_A,MID_ENTRY,MICROPRICE_EXIT,24209.75,24207.9,NIFTY21APR2624200CE,24200.0,CE,242.95,240.55,242.85,240.66,245.0,240.0,0.020604,0.020779,ws,ws,type_a_ladder,type_a_ladder,False,False,0.1,-0.1125,65,-156.0,strategy_S9-149__TYPE_A:NIFTY:2026-04-15T09:53:01:LONG
2026-04-15,09:53:43,2026-04-15,09:54:07,NIFTY,BUY,TYPE_A,MID_ENTRY,MICROPRICE_EXIT,24210.9,24211.3,NIFTY21APR2624200CE,24200.0,CE,241.6,241.2,241.45,241.5,245.0,240.0,0.020717,0.020706,ws,ws,type_a_ladder,type_a_ladder,False,False,0.15,-0.3025,65,-26.0,strategy_S9-149__TYPE_A:NIFTY:2026-04-15T09:53:43:LONG
2026-04-15,09:54:13,2026-04-15,09:54:27,NIFTY,BUY,TYPE_A,MID_ENTRY,MICROPRICE_EXIT,24215.2,24216.9,NIFTY21APR2624200CE,24200.0,CE,242.95,244.2,242.7,244.48,245.0,240.0,0.020602,0.020454,ws,ws,type_a_ladder,type_a_ladder,False,False,0.25,-0.2778,65,81.25,strategy_S9-149__TYPE_A:NIFTY:2026-04-15T09:54:13:LONG
2026-04-15,09:55:07,2026-04-15,09:55:14,NIFTY,SELL,TYPE_A,MID_ENTRY,MICROPRICE_EXIT,24211.35,24217.2,NIFTY21APR2624250PE,24250.0,PE,240.9,238.2,240.71,238.25,245.0,235.0,0.020775,0.020978,ws,ws,type_a_ladder,type_a_ladder,False,False,0.1875,-0.05,65,-175.5,strategy_S9-149__TYPE_A:NIFTY:2026-04-15T09:55:07:SHORT
2026-04-15,09:55:50,2026-04-15,09:56:00,NIFTY,BUY,TYPE_A,MID_ENTRY,MICROPRICE_EXIT,24220.05,24219.5,NIFTY21APR2624200CE,24200.0,CE,246.45,247.75,246.35,247.9,250.0,245.0,0.020305,0.020159,ws,ws,type_a_ladder,type_a_ladder,False,False,0.0952,-0.1467,65,84.5,strategy_S9-149__TYPE_A:NIFTY:2026-04-15T09:55:50:LONG
2026-04-15,09:57:11,2026-04-15,09:57:17,NIFTY,SELL,TYPE_A,MID_ENTRY,MICROPRICE_EXIT,24214.3,24216.25,NIFTY21APR2624250PE,24250.0,PE,237.3,236.15,237.07,236.28,240.0,235.0,0.02109,0.021164,ws,ws,type_a_ladder,type_a_ladder,False,False,0.225,-0.1333,65,-74.75,strategy_S9-149__TYPE_A:NIFTY:2026-04-15T09:57:11:SHORT
2026-04-15,09:57:25,2026-04-15,09:57:39,NIFTY,BUY,TYPE_A,MID_ENTRY,MICROPRICE_EXIT,24220.2,24221.4,NIFTY21APR2624200CE,24200.0,CE,248.0,247.15,247.9,247.26,250.0,245.0,0.020165,0.020208,ws,ws,type_a_ladder,type_a_ladder,False,False,0.0964,-0.11,65,-55.25,strategy_S9-149__TYPE_A:NIFTY:2026-04-15T09:57:25:LONG
2026-04-15,09:58:11,2026-04-15,09:58:35,NIFTY,SELL,TYPE_A,MID_ENTRY,MICROPRICE_EXIT,24216.6,24213.95,NIFTY21APR2624250PE,24250.0,PE,238.6,238.1,238.48,238.47,240.0,235.0,0.020971,0.020978,ws,ws,type_a_ladder,type_a_ladder,False,False,0.1167,-0.375,65,-32.5,strategy_S9-149__TYPE_A:NIFTY:2026-04-15T09:58:11:SHORT
2026-04-15,09:58:40,2026-04-15,09:58:50,NIFTY,SELL,TYPE_A,MID_ENTRY,MICROPRICE_EXIT,24210.7,24209.6,NIFTY21APR2624250PE,24250.0,PE,240.4,239.25,240.34,239.4,245.0,235.0,0.020822,0.020886,ws,ws,type_a_ladder,type_a_ladder,False,False,0.0579,-0.15,65,-74.75,strategy_S9-149__TYPE_A:NIFTY:2026-04-15T09:58:40:SHORT
2026-04-15,09:59:40,2026-04-15,10:00:42,NIFTY,BUY,TYPE_A,MID_ENTRY,MICROPRICE_EXIT,24214.55,24220.8,NIFTY21APR2624200CE,24200.0,CE,243.9,247.0,243.58,247.3,245.0,245.0,0.020525,0.020218,ws,ws,type_a_ladder,type_a_ladder,False,False,0.32,-0.3049,65,201.5,strategy_S9-149__TYPE_A:NIFTY:2026-04-15T09:59:40:LONG
2026-04-15,10:01:22,2026-04-15,10:01:32,NIFTY,BUY,TYPE_A,MID_ENTRY,MICROPRICE_EXIT,24228.95,24227.5,NIFTY21APR2624200CE,24200.0,CE,249.75,248.45,249.54,248.69,250.0,245.0,0.020042,0.020103,ws,ws,type_a_ladder,type_a_ladder,False,False,0.2063,-0.2357,65,-84.5,strategy_S9-149__TYPE_A:NIFTY:2026-04-15T10:01:22:LONG
2026-04-15,10:02:20,2026-04-15,10:02:36,NIFTY,SELL,TYPE_A,MID_ENTRY,MICROPRICE_EXIT,24218.35,24216.7,NIFTY21APR2624250PE,24250.0,PE,237.95,238.3,237.92,238.35,240.0,235.0,0.021028,0.020967,ws,ws,type_a_ladder,type_a_ladder,False,False,0.0318,-0.05,65,22.75,strategy_S9-149__TYPE_A:NIFTY:2026-04-15T10:02:20:SHORT
2026-04-15,10:03:35,2026-04-15,10:03:43,NIFTY,BUY,TYPE_A,MID_ENTRY,MICROPRICE_EXIT,24223.6,24223.0,NIFTY21APR2624200CE,24200.0,CE,246.65,245.55,246.43,245.78,250.0,245.0,0.020294,0.020344,ws,ws,type_a_ladder,type_a_ladder,False,False,0.22,-0.225,65,-71.5,strategy_S9-149__TYPE_A:NIFTY:2026-04-15T10:03:35:LONG
2026-04-15,10:04:35,2026-04-15,10:04:56,NIFTY,BUY,TYPE_A,MID_ENTRY,MICROPRICE_EXIT,24231.8,24230.05,NIFTY21APR2624200CE,24200.0,CE,250.6,249.2,250.29,249.41,255.0,245.0,0.019966,0.020052,ws,ws,type_a_ladder,type_a_ladder,False,False,0.3063,-0.2143,65,-91.0,strategy_S9-149__TYPE_A:NIFTY:2026-04-15T10:04:35:LONG
2026-04-15,10:05:01,2026-04-15,10:05:30,NIFTY,BUY,TYPE_A,MID_ENTRY,MICROPRICE_EXIT,24235.0,24234.85,NIFTY21APR2624200CE,24200.0,CE,251.0,252.8,250.52,252.98,255.0,250.0,0.01994,0.019757,ws,ws,type_a_ladder,type_a_ladder,False,False,0.4783,-0.1833,65,117.0,strategy_S9-149__TYPE_A:NIFTY:2026-04-15T10:05:01:LONG
2026-04-15,10:06:20,2026-04-15,10:06:44,NIFTY,BUY,TYPE_A,MID_ENTRY,MICROPRICE_EXIT,24239.6,24237.75,NIFTY21APR2624200CE,24200.0,CE,256.0,252.8,255.85,252.85,260.0,250.0,0.019537,0.019761,ws,ws,type_a_ladder,type_a_ladder,False,False,0.1494,-0.05,65,-208.0,strategy_S9-149__TYPE_A:NIFTY:2026-04-15T10:06:20:LONG
2026-04-15,10:07:00,2026-04-15,10:07:20,NIFTY,BUY,TYPE_A,MID_PLUS_25_ENTRY,MICROPRICE_EXIT,24243.1,24244.1,NIFTY21APR2624200CE,24200.0,CE,255.05,256.4,254.88,256.64,260.0,255.0,0.019617,0.019486,ws,ws,type_a_ladder,type_a_ladder,True,False,0.175,-0.24,65,87.75,strategy_S9-149__TYPE_A:NIFTY:2026-04-15T10:07:00:LONG
2026-04-15,10:07:40,2026-04-15,10:07:50,NIFTY,SELL,TYPE_A,MID_ENTRY,MICROPRICE_EXIT,24242.4,24241.2,NIFTY21APR2624250PE,24250.0,PE,221.5,222.75,221.33,223.03,225.0,220.0,0.022599,0.022416,ws,ws,type_a_ladder,type_a_ladder,False,False,0.1667,-0.2786,65,81.25,strategy_S9-149__TYPE_A:NIFTY:2026-04-15T10:07:40:SHORT
2026-04-15,10:08:15,2026-04-15,10:08:49,NIFTY,SELL,TYPE_A,MID_ENTRY,MICROPRICE_EXIT,24237.85,24235.65,NIFTY21APR2624250PE,24250.0,PE,224.15,225.75,223.85,226.11,225.0,225.0,0.022329,0.022129,ws,ws,type_a_ladder,type_a_ladder,False,False,0.3,-0.36,65,104.0,strategy_S9-149__TYPE_A:NIFTY:2026-04-15T10:08:15:SHORT
2026-04-15,10:09:17,2026-04-15,10:09:20,NIFTY,SELL,TYPE_A,MID_PLUS_25_ENTRY,MICROPRICE_EXIT,24233.1,24235.3,NIFTY21APR2624250PE,24250.0,PE,225.2,226.0,224.91,226.06,230.0,225.0,0.022222,0.022102,ws,ws,type_a_ladder,type_a_ladder,True,False,0.2857,-0.0643,65,52.0,strategy_S9-149__TYPE_A:NIFTY:2026-04-15T10:09:17:SHORT
2026-04-15,10:09:40,2026-04-15,10:09:54,NIFTY,BUY,TYPE_A,MID_ENTRY,BID_EXIT_STAGE1,24236.95,24236.2,NIFTY21APR2624200CE,24200.0,CE,254.0,254.6,253.53,255.08,255.0,250.0,0.019704,0.019616,ws,ws,type_a_ladder,type_a_ladder,False,True,0.4691,-0.4833,65,39.0,strategy_S9-149__TYPE_A:NIFTY:2026-04-15T10:09:40:LONG
2026-04-15,10:10:17,2026-04-15,10:11:06,NIFTY,BUY,TYPE_A,MID_ENTRY,MICROPRICE_EXIT,24239.6,24249.7,NIFTY21APR2624200CE,24200.0,CE,255.4,258.7,255.03,259.0,260.0,255.0,0.019596,0.019309,ws,ws,type_a_ladder,type_a_ladder,False,False,0.375,-0.3,65,214.5,strategy_S9-149__TYPE_A:NIFTY:2026-04-15T10:10:17:LONG
2026-04-15,10:11:25,2026-04-15,10:11:31,NIFTY,SELL,TYPE_A,MID_ENTRY,MICROPRICE_EXIT,24242.55,24243.7,NIFTY21APR2624250PE,24250.0,PE,220.45,219.4,220.34,219.56,225.0,215.0,0.022704,0.022776,ws,ws,type_a_ladder,type_a_ladder,False,False,0.1125,-0.1607,65,-68.25,strategy_S9-149__TYPE_A:NIFTY:2026-04-15T10:11:25:SHORT
2026-04-15,10:12:15,2026-04-15,10:12:40,NIFTY,BUY,TYPE_A,MID_ENTRY,MICROPRICE_EXIT,24247.35,24248.6,NIFTY21APR2624200CE,24200.0,CE,259.9,258.9,259.43,259.07,260.0,255.0,0.019259,0.01929,ws,ws,type_a_ladder,type_a_ladder,False,False,0.4681,-0.1714,65,-65.0,strategy_S9-149__TYPE_A:NIFTY:2026-04-15T10:12:15:LONG
2026-04-15,10:13:40,2026-04-15,10:13:50,NIFTY,SELL,TYPE_A,MID_ENTRY,MICROPRICE_EXIT,24243.8,24242.15,NIFTY21APR2624250PE,24250.0,PE,219.2,220.85,219.13,220.94,220.0,220.0,0.022834,0.022617,ws,ws,type_a_ladder,type_a_ladder,False,False,0.0692,-0.09,65,107.25,strategy_S9-149__TYPE_A:NIFTY:2026-04-15T10:13:40:SHORT
2026-04-15,10:15:10,2026-04-15,10:15:27,NIFTY,BUY,TYPE_A,MID_ENTRY,MICROPRICE_EXIT,24247.4,24246.7,NIFTY21APR2624200CE,24200.0,CE,259.7,259.0,259.5,259.28,260.0,255.0,0.019262,0.019294,ws,ws,type_a_ladder,type_a_ladder,False,False,0.2,-0.2774,65,-45.5,strategy_S9-149__TYPE_A:NIFTY:2026-04-15T10:15:10:LONG
2026-04-15,10:16:01,2026-04-15,10:16:15,NIFTY,BUY,TYPE_A,MID_ENTRY,MICROPRICE_EXIT,24249.3,24248.3,NIFTY21APR2624200CE,24200.0,CE,258.15,257.25,257.85,257.67,260.0,255.0,0.019391,0.019417,ws,ws,type_a_ladder,type_a_ladder,False,False,0.3,-0.4167,65,-58.5,strategy_S9-149__TYPE_A:NIFTY:2026-04-15T10:16:01:LONG
2026-04-15,10:16:31,2026-04-15,10:16:43,NIFTY,BUY,TYPE_A,MID_ENTRY,MICROPRICE_EXIT,24249.2,24249.4,NIFTY21APR2624200CE,24200.0,CE,258.0,257.75,257.79,257.94,260.0,255.0,0.019397,0.019389,ws,ws,type_a_ladder,type_a_ladder,False,False,0.2077,-0.1875,65,-16.25,strategy_S9-149__TYPE_A:NIFTY:2026-04-15T10:16:31:LONG
2026-04-15,10:16:54,2026-04-15,10:17:00,NIFTY,BUY,TYPE_A,MID_ENTRY,MICROPRICE_EXIT,24253.85,24251.65,NIFTY21APR2624250CE,24250.0,CE,230.7,229.7,230.45,229.98,235.0,225.0,0.021699,0.021744,ws,ws,type_a_ladder,type_a_ladder,False,False,0.25,-0.2812,65,-65.0,strategy_S9-149__TYPE_A:NIFTY:2026-04-15T10:16:54:LONG
2026-04-15,10:17:50,2026-04-15,10:18:10,NIFTY,BUY,TYPE_A,MID_ENTRY,MICROPRICE_EXIT,24254.1,24252.65,NIFTY21APR2624250CE,24250.0,CE,230.25,229.15,230.15,229.18,235.0,225.0,0.021727,0.021805,ws,ws,type_a_ladder,type_a_ladder,False,False,0.1,-0.0273,65,-71.5,strategy_S9-149__TYPE_A:NIFTY:2026-04-15T10:17:50:LONG
2026-04-15,10:18:20,2026-04-15,10:18:26,NIFTY,BUY,TYPE_A,MID_ENTRY,MICROPRICE_EXIT,24254.95,24253.05,NIFTY21APR2624250CE,24250.0,CE,230.95,230.3,230.72,230.81,235.0,230.0,0.021671,0.021685,ws,ws,type_a_ladder,type_a_ladder,False,False,0.225,-0.5141,65,-42.25,strategy_S9-149__TYPE_A:NIFTY:2026-04-15T10:18:20:LONG
2026-04-15,10:18:35,2026-04-15,10:18:54,NIFTY,BUY,TYPE_A,MID_ENTRY,MICROPRICE_EXIT,24255.5,24255.15,NIFTY21APR2624250CE,24250.0,CE,231.0,233.3,230.58,233.54,235.0,230.0,0.021666,0.021406,ws,ws,type_a_ladder,type_a_ladder,False,False,0.419,-0.2444,65,149.5,strategy_S9-149__TYPE_A:NIFTY:2026-04-15T10:18:35:LONG
2026-04-15,10:19:50,2026-04-15,10:20:12,NIFTY,BUY,TYPE_A,MID_ENTRY,MICROPRICE_EXIT,24260.75,24260.4,NIFTY21APR2624250CE,24250.0,CE,237.7,238.0,237.54,238.34,240.0,235.0,0.021044,0.020986,ws,ws,type_a_ladder,type_a_ladder,False,False,0.16,-0.3393,65,19.5,strategy_S9-149__TYPE_A:NIFTY:2026-04-15T10:19:50:LONG
2026-04-15,10:20:45,2026-04-15,10:21:03,NIFTY,BUY,TYPE_A,MID_ENTRY,MICROPRICE_EXIT,24264.25,24260.9,NIFTY21APR2624250CE,24250.0,CE,240.0,238.3,239.75,238.48,240.0,235.0,0.020844,0.02096,ws,ws,type_a_ladder,type_a_ladder,False,False,0.249,-0.1765,65,-110.5,strategy_S9-149__TYPE_A:NIFTY:2026-04-15T10:20:45:LONG
2026-04-15,10:22:00,2026-04-15,10:22:35,NIFTY,SELL,TYPE_A,MID_ENTRY,MICROPRICE_EXIT,24258.4,24251.65,NIFTY21APR2624300PE,24300.0,PE,236.7,238.7,236.21,239.03,240.0,235.0,0.021148,0.020923,ws,ws,type_a_ladder,type_a_ladder,False,False,0.4889,-0.33,65,130.0,strategy_S9-149__TYPE_A:NIFTY:2026-04-15T10:22:00:SHORT
2026-04-15,10:22:45,2026-04-15,10:23:02,NIFTY,BUY,TYPE_A,MID_ENTRY,MICROPRICE_EXIT,24256.25,24259.65,NIFTY21APR2624250CE,24250.0,CE,235.5,236.15,235.24,236.26,240.0,235.0,0.021252,0.021155,ws,ws,type_a_ladder,type_a_ladder,False,False,0.2625,-0.1143,65,42.25,strategy_S9-149__TYPE_A:NIFTY:2026-04-15T10:22:45:LONG
2026-04-15,10:23:20,2026-04-15,10:24:04,NIFTY,BUY,TYPE_A,MID_ENTRY,MICROPRICE_EXIT,24263.5,24267.1,NIFTY21APR2624250CE,24250.0,CE,237.9,241.0,237.87,241.29,240.0,240.0,0.021022,0.02073,ws,ws,type_a_ladder,type_a_ladder,False,False,0.0286,-0.2947,65,201.5,strategy_S9-149__TYPE_A:NIFTY:2026-04-15T10:23:20:LONG
2026-04-15,10:24:12,2026-04-15,10:24:29,NIFTY,BUY,TYPE_A,MID_ENTRY,MICROPRICE_EXIT,24271.65,24264.8,NIFTY21APR2624250CE,24250.0,CE,242.2,240.5,241.84,240.78,245.0,240.0,0.02067,0.020764,ws,ws,type_a_ladder,type_a_ladder,False,False,0.36,-0.28,65,-110.5,strategy_S9-149__TYPE_A:NIFTY:2026-04-15T10:24:12:LONG
2026-04-15,10:24:46,2026-04-15,10:25:05,NIFTY,SELL,TYPE_A,MID_ENTRY,MICROPRICE_EXIT,24266.25,24265.9,NIFTY21APR2624300PE,24300.0,PE,234.0,234.0,233.7,234.37,235.0,230.0,0.021384,0.021349,ws,ws,type_a_ladder,type_a_ladder,False,False,0.3033,-0.3692,65,0.0,strategy_S9-149__TYPE_A:NIFTY:2026-04-15T10:24:46:SHORT
2026-04-15,10:25:21,2026-04-15,10:25:44,NIFTY,SELL,TYPE_A,MID_PLUS_25_ENTRY,MICROPRICE_EXIT,24262.5,24260.6,NIFTY21APR2624300PE,24300.0,PE,235.1,235.6,235.0,235.74,240.0,235.0,0.021286,0.021198,ws,ws,type_a_ladder,type_a_ladder,True,False,0.1,-0.1375,65,32.5,strategy_S9-149__TYPE_A:NIFTY:2026-04-15T10:25:21:SHORT
2026-04-15,10:26:14,2026-04-15,10:26:43,NIFTY,BUY,TYPE_A,MID_ENTRY,MICROPRICE_EXIT,24263.05,24263.4,NIFTY21APR2624250CE,24250.0,CE,237.85,237.1,237.49,237.22,240.0,235.0,0.021048,0.021066,ws,ws,type_a_ladder,type_a_ladder,False,False,0.36,-0.125,65,-48.75,strategy_S9-149__TYPE_A:NIFTY:2026-04-15T10:26:14:LONG
2026-04-15,10:27:00,2026-04-15,10:27:06,NIFTY,SELL,TYPE_A,MID_ENTRY,MICROPRICE_EXIT,24260.35,24261.6,NIFTY21APR2624300PE,24300.0,PE,236.45,235.0,236.39,235.3,240.0,235.0,0.021169,0.021256,ws,ws,type_a_ladder,type_a_ladder,False,False,0.0556,-0.3,65,-94.25,strategy_S9-149__TYPE_A:NIFTY:2026-04-15T10:27:00:SHORT
2026-04-15,10:27:46,2026-04-15,10:28:10,NIFTY,BUY,TYPE_A,MID_ENTRY,MICROPRICE_EXIT,24263.6,24262.3,NIFTY21APR2624250CE,24250.0,CE,240.0,238.75,239.85,239.16,240.0,235.0,0.02084,0.020918,ws,ws,type_a_ladder,type_a_ladder,False,False,0.1477,-0.4125,65,-81.25,strategy_S9-149__TYPE_A:NIFTY:2026-04-15T10:27:46:LONG
2026-04-15,10:28:20,2026-04-15,10:28:23,NIFTY,SELL,TYPE_A,MID_ENTRY,MICROPRICE_EXIT,24259.4,24262.6,NIFTY21APR2624300PE,24300.0,PE,235.3,235.35,235.18,235.5,240.0,235.0,0.021261,0.021231,ws,ws,type_a_ladder,type_a_ladder,False,False,0.125,-0.15,65,3.25,strategy_S9-149__TYPE_A:NIFTY:2026-04-15T10:28:20:SHORT
2026-04-15,10:28:41,2026-04-15,10:28:56,NIFTY,BUY,TYPE_A,MID_ENTRY,MICROPRICE_EXIT,24263.4,24260.75,NIFTY21APR2624250CE,24250.0,CE,238.65,237.0,238.42,237.22,240.0,235.0,0.020967,0.021084,ws,ws,type_a_ladder,type_a_ladder,False,False,0.2333,-0.2192,65,-107.25,strategy_S9-149__TYPE_A:NIFTY:2026-04-15T10:28:41:LONG
2026-04-15,10:29:21,2026-04-15,10:29:23,NIFTY,SELL,TYPE_A,MID_ENTRY,MICROPRICE_EXIT,24256.0,24261.45,NIFTY21APR2624300PE,24300.0,PE,236.7,236.0,236.62,236.15,240.0,235.0,0.021146,0.021166,ws,ws,type_a_ladder,type_a_ladder,False,False,0.0833,-0.15,65,-45.5,strategy_S9-149__TYPE_A:NIFTY:2026-04-15T10:29:21:SHORT
2026-04-15,10:29:53,2026-04-15,10:30:45,NIFTY,BUY,TYPE_A,MID_ENTRY,MICROPRICE_EXIT,24260.85,24270.5,NIFTY21APR2624250CE,24250.0,CE,237.55,243.65,237.4,243.9,240.0,240.0,0.021073,0.020509,ws,ws,type_a_ladder,type_a_ladder,False,False,0.1467,-0.25,65,396.5,strategy_S9-149__TYPE_A:NIFTY:2026-04-15T10:29:53:LONG
2026-04-15,10:31:30,2026-04-15,10:31:50,NIFTY,SELL,TYPE_A,MID_ENTRY,MICROPRICE_EXIT,24267.05,24265.45,NIFTY21APR2624300PE,24300.0,PE,233.05,233.4,232.99,233.83,235.0,230.0,0.021471,0.021397,ws,ws,type_a_ladder,type_a_ladder,False,False,0.0583,-0.4342,65,22.75,strategy_S9-149__TYPE_A:NIFTY:2026-04-15T10:31:30:SHORT
2026-04-15,10:32:00,2026-04-15,10:32:17,NIFTY,SELL,TYPE_A,MID_ENTRY,MICROPRICE_EXIT,24260.6,24259.5,NIFTY21APR2624300PE,24300.0,PE,234.25,234.5,234.15,234.78,235.0,230.0,0.021352,0.021306,ws,ws,type_a_ladder,type_a_ladder,False,False,0.1,-0.2833,65,16.25,strategy_S9-149__TYPE_A:NIFTY:2026-04-15T10:32:00:SHORT
2026-04-15,10:32:38,2026-04-15,10:32:45,NIFTY,BUY,TYPE_A,MID_ENTRY,MICROPRICE_EXIT,24264.25,24262.6,NIFTY21APR2624250CE,24250.0,CE,240.35,238.0,240.25,238.31,245.0,235.0,0.02082,0.020989,ws,ws,type_a_ladder,type_a_ladder,False,False,0.1,-0.3125,65,-152.75,strategy_S9-149__TYPE_A:NIFTY:2026-04-15T10:32:38:LONG
2026-04-15,10:33:25,2026-04-15,10:33:31,NIFTY,SELL,TYPE_A,MID_ENTRY,MICROPRICE_EXIT,24259.05,24261.6,NIFTY21APR2624300PE,24300.0,PE,235.4,234.0,235.27,234.2,240.0,230.0,0.021259,0.021349,ws,ws,type_a_ladder,type_a_ladder,False,False,0.1333,-0.2,65,-91.0,strategy_S9-149__TYPE_A:NIFTY:2026-04-15T10:33:25:SHORT
2026-04-15,10:34:07,2026-04-15,10:34:25,NIFTY,BUY,TYPE_A,MID_ENTRY,MICROPRICE_EXIT,24264.4,24263.75,NIFTY21APR2624250CE,24250.0,CE,239.75,238.7,239.61,238.85,240.0,235.0,0.020881,0.020923,ws,ws,type_a_ladder,type_a_ladder,False,False,0.1429,-0.15,65,-68.25,strategy_S9-149__TYPE_A:NIFTY:2026-04-15T10:34:07:LONG
2026-04-15,10:34:39,2026-04-15,10:34:57,NIFTY,SELL,TYPE_A,MID_ENTRY,MICROPRICE_EXIT,24262.05,24260.55,NIFTY21APR2624300PE,24300.0,PE,235.0,235.7,234.68,236.02,235.0,235.0,0.021292,0.021195,ws,ws,type_a_ladder,type_a_ladder,False,False,0.3203,-0.32,65,45.5,strategy_S9-149__TYPE_A:NIFTY:2026-04-15T10:34:39:SHORT
2026-04-15,10:35:44,2026-04-15,10:35:50,NIFTY,SELL,TYPE_A,MID_ENTRY,MICROPRICE_EXIT,24257.1,24258.85,NIFTY21APR2624300PE,24300.0,PE,237.0,236.45,236.92,236.69,240.0,235.0,0.021115,0.021122,ws,ws,type_a_ladder,type_a_ladder,False,False,0.08,-0.2444,65,-35.75,strategy_S9-149__TYPE_A:NIFTY:2026-04-15T10:35:44:SHORT
2026-04-15,10:36:20,2026-04-15,10:36:30,NIFTY,BUY,TYPE_A,MID_ENTRY,MICROPRICE_EXIT,24260.6,24258.2,NIFTY21APR2624250CE,24250.0,CE,235.7,234.1,235.49,234.28,240.0,230.0,0.021238,0.021333,ws,ws,type_a_ladder,type_a_ladder,False,False,0.2115,-0.1833,65,-104.0,strategy_S9-149__TYPE_A:NIFTY:2026-04-15T10:36:20:LONG
2026-04-15,10:36:42,2026-04-15,10:37:34,NIFTY,SELL,TYPE_A,MID_ENTRY,MICROPRICE_EXIT,24255.05,24249.25,NIFTY21APR2624300PE,24300.0,PE,239.5,240.2,239.32,240.32,240.0,240.0,0.020892,0.020807,ws,ws,type_a_ladder,type_a_ladder,False,False,0.175,-0.12,65,45.5,strategy_S9-149__TYPE_A:NIFTY:2026-04-15T10:36:42:SHORT
2026-04-15,10:37:50,2026-04-15,10:38:04,NIFTY,BUY,TYPE_A,MID_ENTRY,MICROPRICE_EXIT,24254.3,24251.5,NIFTY21APR2624250CE,24250.0,CE,232.7,232.0,232.6,232.29,235.0,230.0,0.021501,0.021533,ws,ws,type_a_ladder,type_a_ladder,False,False,0.1,-0.2933,65,-45.5,strategy_S9-149__TYPE_A:NIFTY:2026-04-15T10:37:50:LONG
2026-04-15,10:39:12,2026-04-15,10:39:43,NIFTY,SELL,TYPE_A,MID_ENTRY,MICROPRICE_EXIT,24250.35,24246.9,NIFTY21APR2624300PE,24300.0,PE,239.8,241.0,239.68,241.17,240.0,240.0,0.020872,0.020728,ws,ws,type_a_ladder,type_a_ladder,False,False,0.125,-0.1687,65,78.0,strategy_S9-149__TYPE_A:NIFTY:2026-04-15T10:39:12:SHORT
2026-04-15,10:40:05,2026-04-15,10:40:12,NIFTY,BUY,TYPE_A,MID_ENTRY,MICROPRICE_EXIT,24246.2,24244.7,NIFTY21APR2624200CE,24200.0,CE,258.55,257.9,258.31,258.04,260.0,255.0,0.019361,0.019367,ws,ws,type_a_ladder,type_a_ladder,False,False,0.24,-0.1375,65,-42.25,strategy_S9-149__TYPE_A:NIFTY:2026-04-15T10:40:05:LONG
2026-04-15,10:40:28,2026-04-15,10:40:40,NIFTY,BUY,TYPE_A,MID_ENTRY,MICROPRICE_EXIT,24247.9,24245.65,NIFTY21APR2624200CE,24200.0,CE,258.5,259.1,258.38,259.5,260.0,255.0,0.019361,0.019275,ws,ws,type_a_ladder,type_a_ladder,False,False,0.1212,-0.4,65,39.0,strategy_S9-149__TYPE_A:NIFTY:2026-04-15T10:40:28:LONG
2026-04-15,10:40:51,2026-04-15,10:40:58,NIFTY,BUY,TYPE_A,MID_ENTRY,MICROPRICE_EXIT,24247.35,24245.45,NIFTY21APR2624200CE,24200.0,CE,260.45,260.35,260.33,260.71,265.0,260.0,0.019214,0.019188,ws,ws,type_a_ladder,type_a_ladder,False,False,0.12,-0.36,65,-6.5,strategy_S9-149__TYPE_A:NIFTY:2026-04-15T10:40:51:LONG
2026-04-15,10:41:42,2026-04-15,10:41:49,NIFTY,SELL,TYPE_A,MID_ENTRY,MICROPRICE_EXIT,24244.2,24245.1,NIFTY21APR2624250PE,24250.0,PE,217.95,217.3,217.52,217.43,220.0,215.0,0.022965,0.022989,ws,ws,type_a_ladder,type_a_ladder,False,False,0.4345,-0.1333,65,-42.25,strategy_S9-149__TYPE_A:NIFTY:2026-04-15T10:41:42:SHORT
2026-04-15,10:41:50,2026-04-15,10:42:01,NIFTY,SELL,TYPE_A,MID_ENTRY,MICROPRICE_EXIT,24243.15,24244.2,NIFTY21APR2624250PE,24250.0,PE,217.7,217.85,217.43,217.86,220.0,215.0,0.022989,0.022946,ws,ws,type_a_ladder,type_a_ladder,False,False,0.2667,-0.0125,65,9.75,strategy_S9-149__TYPE_A:NIFTY:2026-04-15T10:41:50:SHORT
2026-04-15,10:42:20,2026-04-15,10:42:41,NIFTY,BUY,TYPE_A,MID_ENTRY,MICROPRICE_EXIT,24247.05,24249.2,NIFTY21APR2624200CE,24200.0,CE,259.4,260.1,259.26,260.15,260.0,260.0,0.019294,0.019205,ws,ws,type_a_ladder,type_a_ladder,False,False,0.1429,-0.05,65,45.5,strategy_S9-149__TYPE_A:NIFTY:2026-04-15T10:42:20:LONG
2026-04-15,10:43:05,2026-04-15,10:43:10,NIFTY,BUY,TYPE_A,MID_ENTRY,MICROPRICE_EXIT,24251.45,24248.6,NIFTY21APR2624250CE,24250.0,CE,231.75,230.8,231.42,230.92,235.0,230.0,0.021601,0.02165,ws,ws,type_a_ladder,type_a_ladder,False,False,0.33,-0.12,65,-61.75,strategy_S9-149__TYPE_A:NIFTY:2026-04-15T10:43:05:LONG
2026-04-15,10:43:20,2026-04-15,10:43:30,NIFTY,BUY,TYPE_A,MID_ENTRY,MICROPRICE_EXIT,24251.15,24249.15,NIFTY21APR2624250CE,24250.0,CE,231.75,231.2,231.51,231.35,235.0,230.0,0.021596,0.021615,ws,ws,type_a_ladder,type_a_ladder,False,False,0.2423,-0.1458,65,-35.75,strategy_S9-149__TYPE_A:NIFTY:2026-04-15T10:43:20:LONG
2026-04-15,10:44:10,2026-04-15,10:44:35,NIFTY,SELL,TYPE_A,MID_ENTRY,MICROPRICE_EXIT,24243.1,24237.7,NIFTY21APR2624250PE,24250.0,PE,219.9,220.75,219.59,221.14,220.0,220.0,0.022763,0.022627,ws,ws,type_a_ladder,type_a_ladder,False,False,0.3077,-0.3857,65,55.25,strategy_S9-149__TYPE_A:NIFTY:2026-04-15T10:44:10:SHORT
2026-04-15,10:44:41,2026-04-15,10:45:01,NIFTY,BUY,TYPE_A,MID_ENTRY,MICROPRICE_EXIT,24241.65,24239.85,NIFTY21APR2624200CE,24200.0,CE,256.3,256.0,256.11,256.12,260.0,255.0,0.019516,0.019526,ws,ws,type_a_ladder,type_a_ladder,False,False,0.1889,-0.1239,65,-19.5,strategy_S9-149__TYPE_A:NIFTY:2026-04-15T10:44:41:LONG
2026-04-15,10:45:12,2026-04-15,10:45:37,NIFTY,BUY,TYPE_A,MID_ENTRY,MICROPRICE_EXIT,24243.6,24244.8,NIFTY21APR2624200CE,24200.0,CE,257.0,259.45,256.81,259.58,260.0,255.0,0.019463,0.019264,ws,ws,type_a_ladder,type_a_ladder,False,False,0.1867,-0.1333,65,159.25,strategy_S9-149__TYPE_A:NIFTY:2026-04-15T10:45:12:LONG
2026-04-15,10:46:50,2026-04-15,10:47:00,NIFTY,BUY,TYPE_A,MID_ENTRY,MICROPRICE_EXIT,24248.4,24246.1,NIFTY21APR2624200CE,24200.0,CE,258.95,257.1,258.89,257.17,260.0,255.0,0.019318,0.019434,ws,ws,type_a_ladder,type_a_ladder,False,False,0.0625,-0.07,65,-120.25,strategy_S9-149__TYPE_A:NIFTY:2026-04-15T10:46:50:LONG
2026-04-15,10:47:50,2026-04-15,10:48:03,NIFTY,BUY,TYPE_A,MID_ENTRY,MICROPRICE_EXIT,24248.6,24246.85,NIFTY21APR2624200CE,24200.0,CE,258.0,256.5,257.94,256.51,260.0,255.0,0.019385,0.019482,ws,ws,type_a_ladder,type_a_ladder,False,False,0.06,-0.0079,65,-97.5,strategy_S9-149__TYPE_A:NIFTY:2026-04-15T10:47:50:LONG
2026-04-15,10:48:20,2026-04-15,10:48:40,NIFTY,BUY,TYPE_A,MID_ENTRY,MICROPRICE_EXIT,24251.65,24247.2,NIFTY21APR2624250CE,24250.0,CE,231.5,231.35,231.38,231.47,235.0,230.0,0.021615,0.021591,ws,ws,type_a_ladder,type_a_ladder,False,False,0.125,-0.125,65,-9.75,strategy_S9-149__TYPE_A:NIFTY:2026-04-15T10:48:20:LONG
2026-04-15,10:49:14,2026-04-15,10:49:25,NIFTY,SELL,TYPE_A,MID_ENTRY,MICROPRICE_EXIT,24249.35,24251.35,NIFTY21APR2624250PE,24250.0,PE,215.85,215.0,215.59,215.36,220.0,215.0,0.023194,0.023229,ws,ws,type_a_ladder,type_a_ladder,False,False,0.263,-0.3571,65,-55.25,strategy_S9-149__TYPE_A:NIFTY:2026-04-15T10:49:14:SHORT
2026-04-15,10:49:30,2026-04-15,10:49:35,NIFTY,SELL,TYPE_A,MID_ENTRY,MICROPRICE_EXIT,24249.3,24250.55,NIFTY21APR2624250PE,24250.0,PE,217.0,215.55,216.95,215.7,220.0,215.0,0.023044,0.023186,ws,ws,type_a_ladder,type_a_ladder,False,False,0.049,-0.15,65,-94.25,strategy_S9-149__TYPE_A:NIFTY:2026-04-15T10:49:30:SHORT
2026-04-15,10:49:55,2026-04-15,10:50:17,NIFTY,SELL,TYPE_A,MID_ENTRY,MICROPRICE_EXIT,24247.2,24246.6,NIFTY21APR2624250PE,24250.0,PE,217.0,216.8,216.71,217.14,220.0,215.0,0.023057,0.023041,ws,ws,type_a_ladder,type_a_ladder,False,False,0.287,-0.3429,65,-13.0,strategy_S9-149__TYPE_A:NIFTY:2026-04-15T10:49:55:SHORT
2026-04-15,10:50:28,2026-04-15,10:51:02,NIFTY,SELL,TYPE_A,MID_ENTRY,MICROPRICE_EXIT,24237.5,24229.25,NIFTY21APR2624250PE,24250.0,PE,219.7,224.7,219.58,224.98,220.0,220.0,0.022784,0.02223,ws,ws,type_a_ladder,type_a_ladder,False,False,0.1154,-0.2812,65,325.0,strategy_S9-149__TYPE_A:NIFTY:2026-04-15T10:50:28:SHORT
2026-04-15,10:51:30,2026-04-15,10:51:40,NIFTY,SELL,TYPE_A,MID_ENTRY,MICROPRICE_EXIT,24224.2,24224.4,NIFTY21APR2624250PE,24250.0,PE,226.75,225.3,226.57,225.5,230.0,225.0,0.022075,0.022168,ws,ws,type_a_ladder,type_a_ladder,False,False,0.175,-0.2,65,-94.25,strategy_S9-149__TYPE_A:NIFTY:2026-04-15T10:51:30:SHORT
2026-04-15,10:52:20,2026-04-15,10:52:27,NIFTY,BUY,TYPE_A,MID_ENTRY,MICROPRICE_EXIT,24228.0,24226.05,NIFTY21APR2624200CE,24200.0,CE,248.0,247.1,247.74,247.57,250.0,245.0,0.020178,0.020214,ws,ws,type_a_ladder,type_a_ladder,False,False,0.2571,-0.4689,65,-58.5,strategy_S9-149__TYPE_A:NIFTY:2026-04-15T10:52:20:LONG
2026-04-15,10:52:30,2026-04-15,10:52:50,NIFTY,SELL,TYPE_A,MID_ENTRY,MICROPRICE_EXIT,24224.8,24225.65,NIFTY21APR2624250PE,24250.0,PE,229.8,228.1,229.61,228.57,230.0,225.0,0.021779,0.021896,ws,ws,type_a_ladder,type_a_ladder,False,False,0.1929,-0.4667,65,-110.5,strategy_S9-149__TYPE_A:NIFTY:2026-04-15T10:52:30:SHORT
2026-04-15,10:53:00,2026-04-15,10:53:14,NIFTY,SELL,TYPE_A,MID_ENTRY,MICROPRICE_EXIT,24222.05,24222.5,NIFTY21APR2624250PE,24250.0,PE,230.6,230.9,230.37,231.24,235.0,230.0,0.021706,0.021633,ws,ws,type_a_ladder,type_a_ladder,False,False,0.2333,-0.3375,65,19.5,strategy_S9-149__TYPE_A:NIFTY:2026-04-15T10:53:00:SHORT
2026-04-15,10:53:23,2026-04-15,10:54:07,NIFTY,SELL,TYPE_A,MID_ENTRY,MICROPRICE_EXIT,24218.9,24210.55,NIFTY21APR2624250PE,24250.0,PE,231.85,237.65,231.71,237.92,235.0,235.0,0.021589,0.021017,ws,ws,type_a_ladder,type_a_ladder,False,False,0.1364,-0.2692,65,377.0,strategy_S9-149__TYPE_A:NIFTY:2026-04-15T10:53:23:SHORT
2026-04-15,10:54:26,2026-04-15,10:54:57,NIFTY,BUY,TYPE_A,MID_ENTRY,MICROPRICE_EXIT,24215.1,24221.3,NIFTY21APR2624200CE,24200.0,CE,244.4,246.0,244.28,246.22,245.0,245.0,0.020475,0.020307,ws,ws,type_a_ladder,type_a_ladder,False,False,0.1167,-0.2192,65,104.0,strategy_S9-149__TYPE_A:NIFTY:2026-04-15T10:54:26:LONG
2026-04-15,10:55:20,2026-04-15,10:55:40,NIFTY,BUY,TYPE_A,MID_ENTRY,MICROPRICE_EXIT,24226.65,24224.55,NIFTY21APR2624200CE,24200.0,CE,249.55,246.15,249.4,246.22,250.0,245.0,0.02006,0.020294,ws,ws,type_a_ladder,type_a_ladder,False,False,0.15,-0.075,65,-221.0,strategy_S9-149__TYPE_A:NIFTY:2026-04-15T10:55:20:LONG
2026-04-15,10:55:50,2026-04-15,10:56:01,NIFTY,BUY,TYPE_A,MID_ENTRY,MICROPRICE_EXIT,24227.1,24225.1,NIFTY21APR2624200CE,24200.0,CE,247.1,247.15,246.61,247.58,250.0,245.0,0.020257,0.02021,ws,ws,type_a_ladder,type_a_ladder,False,False,0.4921,-0.4286,65,3.25,strategy_S9-149__TYPE_A:NIFTY:2026-04-15T10:55:50:LONG
2026-04-15,10:56:13,2026-04-15,10:56:16,NIFTY,SELL,TYPE_A,MID_ENTRY,MICROPRICE_EXIT,24223.35,24225.65,NIFTY21APR2624250PE,24250.0,PE,232.6,232.65,232.17,232.73,235.0,230.0,0.021519,0.021475,ws,ws,type_a_ladder,type_a_ladder,False,False,0.4333,-0.0761,65,3.25,strategy_S9-149__TYPE_A:NIFTY:2026-04-15T10:56:13:SHORT
2026-04-15,10:56:40,2026-04-15,10:56:50,NIFTY,SELL,TYPE_A,MID_ENTRY,MICROPRICE_EXIT,24222.05,24221.2,NIFTY21APR2624250PE,24250.0,PE,233.45,233.4,233.33,233.79,235.0,230.0,0.021434,0.021397,ws,ws,type_a_ladder,type_a_ladder,False,False,0.1167,-0.3929,65,-3.25,strategy_S9-149__TYPE_A:NIFTY:2026-04-15T10:56:40:SHORT
2026-04-15,10:57:32,2026-04-15,10:58:06,NIFTY,BUY,TYPE_A,MID_ENTRY,MICROPRICE_EXIT,24224.75,24231.55,NIFTY21APR2624200CE,24200.0,CE,247.4,249.2,247.38,249.42,250.0,245.0,0.020216,0.020042,ws,ws,type_a_ladder,type_a_ladder,False,False,0.025,-0.22,65,117.0,strategy_S9-149__TYPE_A:NIFTY:2026-04-15T10:57:32:LONG
2026-04-15,10:58:29,2026-04-15,10:58:54,NIFTY,SELL,TYPE_A,MID_ENTRY,MICROPRICE_EXIT,24222.05,24222.9,NIFTY21APR2624250PE,24250.0,PE,232.9,233.4,232.72,233.67,235.0,230.0,0.021487,0.021404,ws,ws,type_a_ladder,type_a_ladder,False,False,0.1846,-0.2667,65,32.5,strategy_S9-149__TYPE_A:NIFTY:2026-04-15T10:58:29:SHORT
2026-04-15,10:59:26,2026-04-15,10:59:35,NIFTY,SELL,TYPE_A,MID_ENTRY,MICROPRICE_EXIT,24220.9,24221.3,NIFTY21APR2624250PE,24250.0,PE,232.65,231.4,232.47,231.7,235.0,230.0,0.021515,0.021589,ws,ws,type_a_ladder,type_a_ladder,False,False,0.1786,-0.3,65,-81.25,strategy_S9-149__TYPE_A:NIFTY:2026-04-15T10:59:26:SHORT
2026-04-15,10:59:40,2026-04-15,11:00:31,NIFTY,SELL,TYPE_A,MID_ENTRY,MICROPRICE_EXIT,24219.8,24206.05,NIFTY21APR2624250PE,24250.0,PE,231.6,236.75,231.36,237.22,235.0,235.0,0.021612,0.021093,ws,ws,type_a_ladder,type_a_ladder,False,False,0.2353,-0.4737,65,334.75,strategy_S9-149__TYPE_A:NIFTY:2026-04-15T10:59:40:SHORT
2026-04-15,11:03:18,2026-04-15,11:03:43,NIFTY,SELL,TYPE_A,MID_ENTRY,MICROPRICE_EXIT,24207.0,24207.95,NIFTY21APR2624250PE,24250.0,PE,236.0,236.25,235.71,236.32,240.0,235.0,0.021211,0.02116,ws,ws,type_a_ladder,type_a_ladder,False,False,0.2933,-0.0667,65,16.25,strategy_S9-149__TYPE_A:NIFTY:2026-04-15T11:03:18:SHORT
2026-04-15,11:04:01,2026-04-15,11:04:25,NIFTY,BUY,TYPE_A,MID_ENTRY,MICROPRICE_EXIT,24209.65,24207.6,NIFTY21APR2624200CE,24200.0,CE,242.8,243.35,242.59,243.52,245.0,240.0,0.020608,0.020528,ws,ws,type_a_ladder,type_a_ladder,False,False,0.21,-0.1688,65,35.75,strategy_S9-149__TYPE_A:NIFTY:2026-04-15T11:04:01:LONG
2026-04-15,11:04:35,2026-04-15,11:04:58,NIFTY,BUY,TYPE_A,MID_ENTRY,MICROPRICE_EXIT,24210.2,24209.0,NIFTY21APR2624200CE,24200.0,CE,244.0,242.85,243.75,242.86,245.0,240.0,0.020509,0.020582,ws,ws,type_a_ladder,type_a_ladder,False,False,0.25,-0.0136,65,-74.75,strategy_S9-149__TYPE_A:NIFTY:2026-04-15T11:04:35:LONG
2026-04-15,11:05:43,2026-04-15,11:05:57,NIFTY,SELL,TYPE_A,MID_ENTRY,MICROPRICE_EXIT,24206.4,24207.2,NIFTY21APR2624250PE,24250.0,PE,238.5,238.55,238.33,238.73,240.0,235.0,0.020975,0.020936,ws,ws,type_a_ladder,type_a_ladder,False,False,0.1667,-0.1833,65,3.25,strategy_S9-149__TYPE_A:NIFTY:2026-04-15T11:05:43:SHORT
2026-04-15,11:06:06,2026-04-15,11:06:35,NIFTY,SELL,TYPE_A,MID_ENTRY,MICROPRICE_EXIT,24204.1,24197.9,NIFTY21APR2624250PE,24250.0,PE,240.0,241.0,239.91,241.4,240.0,240.0,0.020838,0.020721,ws,ws,type_a_ladder,type_a_ladder,False,False,0.0946,-0.4,65,65.0,strategy_S9-149__TYPE_A:NIFTY:2026-04-15T11:06:06:SHORT
2026-04-15,11:07:10,2026-04-15,11:07:50,NIFTY,SELL,TYPE_A,MID_ENTRY,MICROPRICE_EXIT,24192.65,24190.75,NIFTY21APR2624200PE,24200.0,PE,221.85,222.4,221.52,222.64,225.0,220.0,0.022563,0.022459,ws,ws,type_a_ladder,type_a_ladder,False,False,0.3333,-0.2423,65,35.75,strategy_S9-149__TYPE_A:NIFTY:2026-04-15T11:07:10:SHORT
2026-04-15,11:08:11,2026-04-15,11:09:10,NIFTY,BUY,TYPE_A,MID_ENTRY,MICROPRICE_EXIT,24193.3,24197.6,NIFTY21APR2624150CE,24150.0,CE,265.6,264.25,265.54,264.31,270.0,260.0,0.018843,0.018902,ws,ws,type_a_ladder,type_a_ladder,False,False,0.0625,-0.0611,65,-87.75,strategy_S9-149__TYPE_A:NIFTY:2026-04-15T11:08:11:LONG
2026-04-15,11:09:23,2026-04-15,11:10:10,NIFTY,SELL,TYPE_A,MID_ENTRY,MICROPRICE_EXIT,24194.0,24186.15,NIFTY21APR2624200PE,24200.0,PE,222.9,227.35,222.4,227.36,225.0,225.0,0.022459,0.02199,ws,ws,type_a_ladder,type_a_ladder,False,False,0.5,-0.0107,65,289.25,strategy_S9-149__TYPE_A:NIFTY:2026-04-15T11:09:23:SHORT
2026-04-15,11:10:43,2026-04-15,11:11:05,NIFTY,SELL,TYPE_A,MID_ENTRY,MICROPRICE_EXIT,24183.55,24179.75,NIFTY21APR2624200PE,24200.0,PE,230.0,232.75,229.6,233.06,230.0,230.0,0.021758,0.021464,ws,ws,type_a_ladder,type_a_ladder,False,False,0.3969,-0.3091,65,178.75,strategy_S9-149__TYPE_A:NIFTY:2026-04-15T11:10:43:SHORT
2026-04-15,11:11:30,2026-04-15,11:11:35,NIFTY,BUY,TYPE_A,MID_ENTRY,MICROPRICE_EXIT,24182.25,24180.25,NIFTY21APR2624150CE,24150.0,CE,256.7,255.7,256.5,255.89,260.0,255.0,0.019493,0.019545,ws,ws,type_a_ladder,type_a_ladder,False,False,0.2,-0.1875,65,-65.0,strategy_S9-149__TYPE_A:NIFTY:2026-04-15T11:11:30:LONG
2026-04-15,11:11:43,2026-04-15,11:12:22,NIFTY,BUY,TYPE_A,MID_ENTRY,MICROPRICE_EXIT,24182.8,24189.4,NIFTY21APR2624150CE,24150.0,CE,257.75,260.7,257.45,260.98,260.0,260.0,0.019416,0.019159,ws,ws,type_a_ladder,type_a_ladder,False,False,0.3,-0.275,65,191.75,strategy_S9-149__TYPE_A:NIFTY:2026-04-15T11:11:43:LONG
2026-04-15,11:12:46,2026-04-15,11:13:02,NIFTY,SELL,TYPE_A,MID_ENTRY,MICROPRICE_EXIT,24186.3,24186.85,NIFTY21APR2624200PE,24200.0,PE,228.9,228.1,228.71,228.25,230.0,225.0,0.021853,0.021899,ws,ws,type_a_ladder,type_a_ladder,False,False,0.1909,-0.15,65,-52.0,strategy_S9-149__TYPE_A:NIFTY:2026-04-15T11:12:46:SHORT
2026-04-15,11:13:22,2026-04-15,11:13:31,NIFTY,SELL,TYPE_A,MID_ENTRY,MICROPRICE_EXIT,24182.1,24182.65,NIFTY21APR2624200PE,24200.0,PE,230.3,228.45,229.97,228.59,235.0,225.0,0.021734,0.02186,ws,ws,type_a_ladder,type_a_ladder,False,False,0.3333,-0.1435,65,-120.25,strategy_S9-149__TYPE_A:NIFTY:2026-04-15T11:13:22:SHORT
2026-04-15,11:13:50,2026-04-15,11:13:59,NIFTY,BUY,TYPE_A,MID_ENTRY,MICROPRICE_EXIT,24186.45,24184.85,NIFTY21APR2624150CE,24150.0,CE,259.15,258.85,258.94,259.17,260.0,255.0,0.019311,0.019299,ws,ws,type_a_ladder,type_a_ladder,False,False,0.2062,-0.3214,65,-19.5,strategy_S9-149__TYPE_A:NIFTY:2026-04-15T11:13:50:LONG
2026-04-15,11:14:20,2026-04-15,11:14:49,NIFTY,BUY,TYPE_A,MID_PLUS_25_ENTRY,MICROPRICE_EXIT,24187.05,24189.6,NIFTY21APR2624150CE,24150.0,CE,260.2,260.4,260.12,260.78,265.0,260.0,0.019231,0.019183,ws,ws,type_a_ladder,type_a_ladder,True,False,0.08,-0.3824,65,13.0,strategy_S9-149__TYPE_A:NIFTY:2026-04-15T11:14:20:LONG
2026-04-15,11:15:00,2026-04-15,11:15:20,NIFTY,SELL,TYPE_A,MID_ENTRY,MICROPRICE_EXIT,24183.55,24178.25,NIFTY21APR2624200PE,24200.0,PE,231.0,234.75,230.52,234.9,235.0,230.0,0.021668,0.021279,ws,ws,type_a_ladder,type_a_ladder,False,False,0.4752,-0.15,65,243.75,strategy_S9-149__TYPE_A:NIFTY:2026-04-15T11:15:00:SHORT
2026-04-15,11:16:00,2026-04-15,11:16:34,NIFTY,BUY,TYPE_A,MID_ENTRY,MICROPRICE_EXIT,24185.55,24186.75,NIFTY21APR2624150CE,24150.0,CE,261.6,260.25,261.39,260.45,265.0,260.0,0.019133,0.019198,ws,ws,type_a_ladder,type_a_ladder,False,False,0.2063,-0.2,65,-87.75,strategy_S9-149__TYPE_A:NIFTY:2026-04-15T11:16:00:LONG
2026-04-15,11:16:40,2026-04-15,11:17:57,NIFTY,BUY,TYPE_A,MID_ENTRY,MICROPRICE_EXIT,24189.15,24198.15,NIFTY21APR2624150CE,24150.0,CE,261.15,264.4,260.97,264.83,265.0,260.0,0.019166,0.018889,ws,ws,type_a_ladder,type_a_ladder,False,False,0.1833,-0.4286,65,211.25,strategy_S9-149__TYPE_A:NIFTY:2026-04-15T11:16:40:LONG
2026-04-15,11:18:19,2026-04-15,11:18:41,NIFTY,BUY,TYPE_A,MID_ENTRY,MICROPRICE_EXIT,24203.3,24204.55,NIFTY21APR2624200CE,24200.0,CE,238.0,238.65,237.53,238.7,240.0,235.0,0.02103,0.020936,ws,ws,type_a_ladder,type_a_ladder,False,False,0.4738,-0.0467,65,42.25,strategy_S9-149__TYPE_A:NIFTY:2026-04-15T11:18:19:LONG
2026-04-15,11:18:54,2026-04-15,11:19:05,NIFTY,SELL,TYPE_A,MID_ENTRY,MICROPRICE_EXIT,24198.2,24196.1,NIFTY21APR2624200PE,24200.0,PE,221.55,225.95,221.37,226.09,225.0,225.0,0.022578,0.022121,ws,ws,type_a_ladder,type_a_ladder,False,False,0.18,-0.1406,65,286.0,strategy_S9-149__TYPE_A:NIFTY:2026-04-15T11:18:54:SHORT
2026-04-15,11:19:29,2026-04-15,11:19:50,NIFTY,SELL,TYPE_A,MID_ENTRY,MICROPRICE_EXIT,24192.8,24188.9,NIFTY21APR2624200PE,24200.0,PE,228.0,230.0,227.61,230.35,230.0,230.0,0.021949,0.021716,ws,ws,type_a_ladder,type_a_ladder,False,False,0.3946,-0.35,65,130.0,strategy_S9-149__TYPE_A:NIFTY:2026-04-15T11:19:29:SHORT
2026-04-15,11:20:31,2026-04-15,11:20:45,NIFTY,BUY,TYPE_A,MID_ENTRY,MICROPRICE_EXIT,24191.5,24191.4,NIFTY21APR2624150CE,24150.0,CE,262.85,263.7,262.7,263.72,265.0,260.0,0.019035,0.018938,ws,ws,type_a_ladder,type_a_ladder,False,False,0.15,-0.0167,65,55.25,strategy_S9-149__TYPE_A:NIFTY:2026-04-15T11:20:31:LONG
2026-04-15,11:20:55,2026-04-15,11:21:13,NIFTY,BUY,TYPE_A,MID_ENTRY,MICROPRICE_EXIT,24193.35,24193.25,NIFTY21APR2624150CE,24150.0,CE,265.65,263.9,265.2,264.07,270.0,260.0,0.018841,0.018934,ws,ws,type_a_ladder,type_a_ladder,False,False,0.4529,-0.175,65,-113.75,strategy_S9-149__TYPE_A:NIFTY:2026-04-15T11:20:55:LONG
2026-04-15,11:21:34,2026-04-15,11:21:38,NIFTY,BUY,TYPE_A,MID_ENTRY,MICROPRICE_EXIT,24196.1,24194.45,NIFTY21APR2624150CE,24150.0,CE,266.0,265.05,265.62,265.32,270.0,265.0,0.018815,0.018845,ws,ws,type_a_ladder,type_a_ladder,False,False,0.3778,-0.275,65,-61.75,strategy_S9-149__TYPE_A:NIFTY:2026-04-15T11:21:34:LONG
2026-04-15,11:21:50,2026-04-15,11:21:53,NIFTY,BUY,TYPE_A,MID_ENTRY,MICROPRICE_EXIT,24196.5,24194.5,NIFTY21APR2624150CE,24150.0,CE,266.2,265.3,266.08,265.4,270.0,265.0,0.018804,0.018825,ws,ws,type_a_ladder,type_a_ladder,False,False,0.12,-0.1,65,-58.5,strategy_S9-149__TYPE_A:NIFTY:2026-04-15T11:21:50:LONG
2026-04-15,11:22:02,2026-04-15,11:22:46,NIFTY,BUY,TYPE_A,MID_ENTRY,MICROPRICE_EXIT,24197.2,24203.65,NIFTY21APR2624150CE,24150.0,CE,266.55,267.45,266.47,267.48,270.0,265.0,0.018776,0.018676,ws,ws,type_a_ladder,type_a_ladder,False,False,0.0833,-0.0324,65,58.5,strategy_S9-149__TYPE_A:NIFTY:2026-04-15T11:22:02:LONG
2026-04-15,11:22:51,2026-04-15,11:23:05,NIFTY,SELL,TYPE_A,MID_PLUS_25_ENTRY,MICROPRICE_EXIT,24198.25,24198.65,NIFTY21APR2624200PE,24200.0,PE,225.15,226.0,224.72,226.04,230.0,225.0,0.022232,0.022109,ws,ws,type_a_ladder,type_a_ladder,True,False,0.4286,-0.0375,65,55.25,strategy_S9-149__TYPE_A:NIFTY:2026-04-15T11:22:51:SHORT
2026-04-15,11:23:35,2026-04-15,11:23:50,NIFTY,SELL,TYPE_A,MID_ENTRY,MICROPRICE_EXIT,24197.75,24198.0,NIFTY21APR2624200PE,24200.0,PE,226.55,226.45,226.16,226.72,230.0,225.0,0.02209,0.02206,ws,ws,type_a_ladder,type_a_ladder,False,False,0.3863,-0.2667,65,-6.5,strategy_S9-149__TYPE_A:NIFTY:2026-04-15T11:23:35:SHORT
2026-04-15,11:24:50,2026-04-15,11:25:04,NIFTY,BUY,TYPE_A,MID_ENTRY,MICROPRICE_EXIT,24199.9,24199.6,NIFTY21APR2624150CE,24150.0,CE,267.4,266.95,267.38,267.27,270.0,265.0,0.018718,0.018716,ws,ws,type_a_ladder,type_a_ladder,False,False,0.022,-0.32,65,-29.25,strategy_S9-149__TYPE_A:NIFTY:2026-04-15T11:24:50:LONG
2026-04-15,11:25:15,2026-04-15,11:25:50,NIFTY,SELL,TYPE_A,MID_ENTRY,MICROPRICE_EXIT,24197.0,24192.25,NIFTY21APR2624200PE,24200.0,PE,227.4,224.5,227.27,224.77,230.0,220.0,0.022014,0.022252,ws,ws,type_a_ladder,type_a_ladder,False,False,0.132,-0.2667,65,-188.5,strategy_S9-149__TYPE_A:NIFTY:2026-04-15T11:25:15:SHORT
2026-04-15,11:26:00,2026-04-15,11:26:20,NIFTY,SELL,TYPE_A,MID_ENTRY,MICROPRICE_EXIT,24189.25,24188.8,NIFTY21APR2624200PE,24200.0,PE,226.6,228.15,226.48,228.4,230.0,225.0,0.022087,0.021891,ws,ws,type_a_ladder,type_a_ladder,False,False,0.1227,-0.25,65,100.75,strategy_S9-149__TYPE_A:NIFTY:2026-04-15T11:26:00:SHORT
2026-04-15,11:26:32,2026-04-15,11:26:50,NIFTY,SELL,TYPE_A,MID_ENTRY,MICROPRICE_EXIT,24185.25,24182.55,NIFTY21APR2624200PE,24200.0,PE,229.15,230.45,228.9,230.85,230.0,230.0,0.021839,0.021673,ws,ws,type_a_ladder,type_a_ladder,False,False,0.25,-0.4,65,84.5,strategy_S9-149__TYPE_A:NIFTY:2026-04-15T11:26:32:SHORT
2026-04-15,11:27:31,2026-04-15,11:28:27,NIFTY,BUY,TYPE_A,MID_ENTRY,MICROPRICE_EXIT,24184.85,24193.1,NIFTY21APR2624150CE,24150.0,CE,262.6,264.4,262.3,264.58,265.0,260.0,0.019059,0.018891,ws,ws,type_a_ladder,type_a_ladder,False,False,0.3,-0.1833,65,117.0,strategy_S9-149__TYPE_A:NIFTY:2026-04-15T11:27:31:LONG
2026-04-15,11:28:30,2026-04-15,11:28:50,NIFTY,SELL,TYPE_A,MID_ENTRY,MICROPRICE_EXIT,24186.95,24188.6,NIFTY21APR2624200PE,24200.0,PE,229.9,228.15,229.78,228.5,230.0,225.0,0.021768,0.021889,ws,ws,type_a_ladder,type_a_ladder,False,False,0.12,-0.35,65,-113.75,strategy_S9-149__TYPE_A:NIFTY:2026-04-15T11:28:30:SHORT
2026-04-15,11:29:11,2026-04-15,11:29:22,NIFTY,BUY,TYPE_A,MID_ENTRY,MICROPRICE_EXIT,24190.0,24187.4,NIFTY21APR2624150CE,24150.0,CE,265.95,263.8,265.82,263.91,270.0,260.0,0.018816,0.018934,ws,ws,type_a_ladder,type_a_ladder,False,False,0.1286,-0.11,65,-139.75,strategy_S9-149__TYPE_A:NIFTY:2026-04-15T11:29:11:LONG
2026-04-15,11:29:34,2026-04-15,11:29:44,NIFTY,SELL,TYPE_A,MID_ENTRY,MICROPRICE_EXIT,24186.15,24188.35,NIFTY21APR2624200PE,24200.0,PE,228.35,228.05,228.22,228.21,230.0,225.0,0.021908,0.021906,ws,ws,type_a_ladder,type_a_ladder,False,False,0.125,-0.16,65,-19.5,strategy_S9-149__TYPE_A:NIFTY:2026-04-15T11:29:34:SHORT
2026-04-15,11:30:13,2026-04-15,11:30:16,NIFTY,SELL,TYPE_A,MID_ENTRY,MICROPRICE_EXIT,24185.2,24187.4,NIFTY21APR2624200PE,24200.0,PE,228.7,228.1,228.57,228.32,230.0,225.0,0.021872,0.021899,ws,ws,type_a_ladder,type_a_ladder,False,False,0.125,-0.225,65,-39.0,strategy_S9-149__TYPE_A:NIFTY:2026-04-15T11:30:13:SHORT
2026-04-15,11:30:24,2026-04-15,11:30:45,NIFTY,BUY,TYPE_A,MID_ENTRY,MICROPRICE_EXIT,24191.2,24192.95,NIFTY21APR2624150CE,24150.0,CE,265.45,265.4,265.2,265.71,270.0,265.0,0.018854,0.018825,ws,ws,type_a_ladder,type_a_ladder,False,False,0.25,-0.3111,65,-3.25,strategy_S9-149__TYPE_A:NIFTY:2026-04-15T11:30:24:LONG
2026-04-15,11:31:05,2026-04-15,11:31:30,NIFTY,SELL,TYPE_A,MID_ENTRY,MICROPRICE_EXIT,24187.9,24187.9,NIFTY21APR2624200PE,24200.0,PE,227.8,228.0,227.75,228.25,230.0,225.0,0.021976,0.021911,ws,ws,type_a_ladder,type_a_ladder,False,False,0.0478,-0.25,65,13.0,strategy_S9-149__TYPE_A:NIFTY:2026-04-15T11:31:05:SHORT
2026-04-15,11:31:50,2026-04-15,11:32:08,NIFTY,BUY,TYPE_A,MID_ENTRY,MICROPRICE_EXIT,24191.65,24189.95,NIFTY21APR2624150CE,24150.0,CE,264.75,264.1,264.13,264.4,265.0,260.0,0.018909,0.018913,ws,ws,type_a_ladder,type_a_ladder,False,False,0.6158,-0.3,65,-42.25,strategy_S9-149__TYPE_A:NIFTY:2026-04-15T11:31:50:LONG
2026-04-15,11:33:16,2026-04-15,11:33:33,NIFTY,SELL,TYPE_A,MID_ENTRY,MICROPRICE_EXIT,24186.4,24188.5,NIFTY21APR2624200PE,24200.0,PE,228.5,227.5,228.02,227.65,230.0,225.0,0.021908,0.021968,ws,ws,type_a_ladder,type_a_ladder,False,False,0.4783,-0.15,65,-65.0,strategy_S9-149__TYPE_A:NIFTY:2026-04-15T11:33:16:SHORT
2026-04-15,11:34:10,2026-04-15,11:34:16,NIFTY,SELL,TYPE_A,MID_ENTRY,MICROPRICE_EXIT,24185.2,24186.2,NIFTY21APR2624200PE,24200.0,PE,227.8,226.5,227.71,226.66,230.0,225.0,0.021966,0.022058,ws,ws,type_a_ladder,type_a_ladder,False,False,0.0875,-0.1591,65,-84.5,strategy_S9-149__TYPE_A:NIFTY:2026-04-15T11:34:10:SHORT
2026-04-15,11:34:30,2026-04-15,11:36:18,NIFTY,BUY,TYPE_A,MID_ENTRY,MICROPRICE_EXIT,24187.5,24195.2,NIFTY21APR2624150CE,24150.0,CE,263.55,266.2,263.28,266.63,265.0,265.0,0.018986,0.018762,ws,ws,type_a_ladder,type_a_ladder,False,False,0.2667,-0.4286,65,172.25,strategy_S9-149__TYPE_A:NIFTY:2026-04-15T11:34:30:LONG
2026-04-15,11:36:26,2026-04-15,11:36:40,NIFTY,BUY,TYPE_A,MID_ENTRY,MICROPRICE_EXIT,24197.4,24196.85,NIFTY21APR2624150CE,24150.0,CE,266.9,266.15,266.79,266.27,270.0,265.0,0.018749,0.018769,ws,ws,type_a_ladder,type_a_ladder,False,False,0.1125,-0.125,65,-48.75,strategy_S9-149__TYPE_A:NIFTY:2026-04-15T11:36:26:LONG
2026-04-15,11:37:01,2026-04-15,11:37:47,NIFTY,BUY,TYPE_A,MID_ENTRY,MICROPRICE_EXIT,24198.0,24200.4,NIFTY21APR2624150CE,24150.0,CE,266.95,267.25,266.75,267.42,270.0,265.0,0.018741,0.0187,ws,ws,type_a_ladder,type_a_ladder,False,False,0.2,-0.1667,65,19.5,strategy_S9-149__TYPE_A:NIFTY:2026-04-15T11:37:01:LONG
2026-04-15,11:38:31,2026-04-15,11:38:38,NIFTY,BUY,TYPE_A,MID_ENTRY,MICROPRICE_EXIT,24201.25,24199.45,NIFTY21APR2624200CE,24200.0,CE,238.8,238.35,238.63,238.37,240.0,235.0,0.020956,0.020958,ws,ws,type_a_ladder,type_a_ladder,False,False,0.1667,-0.0209,65,-29.25,strategy_S9-149__TYPE_A:NIFTY:2026-04-15T11:38:31:LONG
2026-04-15,11:38:50,2026-04-15,11:38:57,NIFTY,BUY,TYPE_A,MID_ENTRY,MICROPRICE_EXIT,24201.95,24199.5,NIFTY21APR2624200CE,24200.0,CE,238.65,238.15,238.39,238.27,240.0,235.0,0.020971,0.020971,ws,ws,type_a_ladder,type_a_ladder,False,False,0.2571,-0.1222,65,-32.5,strategy_S9-149__TYPE_A:NIFTY:2026-04-15T11:38:50:LONG
2026-04-15,11:39:33,2026-04-15,11:39:50,NIFTY,SELL,TYPE_A,MID_ENTRY,MICROPRICE_EXIT,24197.7,24199.55,NIFTY21APR2624200PE,24200.0,PE,223.7,221.65,223.54,221.85,225.0,220.0,0.022371,0.022538,ws,ws,type_a_ladder,type_a_ladder,False,False,0.1647,-0.2,65,-133.25,strategy_S9-149__TYPE_A:NIFTY:2026-04-15T11:39:33:SHORT
2026-04-15,11:40:41,2026-04-15,11:40:54,NIFTY,SELL,TYPE_A,MID_ENTRY,MICROPRICE_EXIT,24198.85,24195.75,NIFTY21APR2624200PE,24200.0,PE,222.6,222.5,222.53,222.57,225.0,220.0,0.022477,0.022447,ws,ws,type_a_ladder,type_a_ladder,False,False,0.075,-0.0667,65,-6.5,strategy_S9-149__TYPE_A:NIFTY:2026-04-15T11:40:41:SHORT
2026-04-15,11:41:20,2026-04-15,11:41:42,NIFTY,BUY,TYPE_A,MID_ENTRY,MICROPRICE_EXIT,24201.9,24203.8,NIFTY21APR2624200CE,24200.0,CE,240.0,240.5,239.51,240.83,240.0,240.0,0.020855,0.020764,ws,ws,type_a_ladder,type_a_ladder,False,False,0.4871,-0.3333,65,32.5,strategy_S9-149__TYPE_A:NIFTY:2026-04-15T11:41:20:LONG
2026-04-15,11:42:14,2026-04-15,11:42:20,NIFTY,SELL,TYPE_A,MID_ENTRY,MICROPRICE_EXIT,24200.85,24203.55,NIFTY21APR2624250PE,24250.0,PE,243.85,243.55,243.57,243.58,245.0,240.0,0.020521,0.020519,ws,ws,type_a_ladder,type_a_ladder,False,False,0.2824,-0.0278,65,-19.5,strategy_S9-149__TYPE_A:NIFTY:2026-04-15T11:42:14:SHORT
2026-04-15,11:43:02,2026-04-15,11:43:27,NIFTY,BUY,TYPE_A,MID_ENTRY,MICROPRICE_EXIT,24206.65,24206.8,NIFTY21APR2624200CE,24200.0,CE,242.4,243.1,242.25,243.42,245.0,240.0,0.020642,0.020551,ws,ws,type_a_ladder,type_a_ladder,False,False,0.1458,-0.32,65,45.5,strategy_S9-149__TYPE_A:NIFTY:2026-04-15T11:43:02:LONG
2026-04-15,11:43:30,2026-04-15,11:43:47,NIFTY,BUY,TYPE_A,MID_ENTRY,MICROPRICE_EXIT,24207.3,24205.95,NIFTY21APR2624200CE,24200.0,CE,243.15,243.15,242.81,243.6,245.0,240.0,0.02058,0.020542,ws,ws,type_a_ladder,type_a_ladder,False,False,0.3429,-0.45,65,0.0,strategy_S9-149__TYPE_A:NIFTY:2026-04-15T11:43:30:LONG
2026-04-15,11:43:50,2026-04-15,11:44:13,NIFTY,BUY,TYPE_A,MID_ENTRY,MICROPRICE_EXIT,24208.9,24207.05,NIFTY21APR2624200CE,24200.0,CE,243.5,241.65,243.38,242.04,245.0,240.0,0.020547,0.020668,ws,ws,type_a_ladder,type_a_ladder,False,False,0.12,-0.3929,65,-120.25,strategy_S9-149__TYPE_A:NIFTY:2026-04-15T11:43:50:LONG
2026-04-15,11:44:44,2026-04-15,11:45:14,NIFTY,BUY,TYPE_A,MID_ENTRY,MICROPRICE_EXIT,24209.9,24210.4,NIFTY21APR2624200CE,24200.0,CE,244.5,243.55,244.26,243.88,245.0,240.0,0.020473,0.020504,ws,ws,type_a_ladder,type_a_ladder,False,False,0.2406,-0.3273,65,-61.75,strategy_S9-149__TYPE_A:NIFTY:2026-04-15T11:44:44:LONG
2026-04-15,11:45:30,2026-04-15,11:45:50,NIFTY,SELL,TYPE_A,MID_ENTRY,MICROPRICE_EXIT,24207.35,24204.85,NIFTY21APR2624250PE,24250.0,PE,239.3,240.9,239.26,241.02,240.0,240.0,0.020903,0.020732,ws,ws,type_a_ladder,type_a_ladder,False,False,0.04,-0.1222,65,104.0,strategy_S9-149__TYPE_A:NIFTY:2026-04-15T11:45:30:SHORT
2026-04-15,11:46:50,2026-04-15,11:47:07,NIFTY,BUY,TYPE_A,MID_ENTRY,MICROPRICE_EXIT,24206.25,24203.45,NIFTY21APR2624200CE,24200.0,CE,242.4,241.5,242.24,241.75,245.0,240.0,0.020644,0.020678,ws,ws,type_a_ladder,type_a_ladder,False,False,0.1617,-0.2455,65,-58.5,strategy_S9-149__TYPE_A:NIFTY:2026-04-15T11:46:50:LONG
2026-04-15,11:47:12,2026-04-15,11:47:30,NIFTY,SELL,TYPE_A,MID_ENTRY,MICROPRICE_EXIT,24202.9,24204.35,NIFTY21APR2624250PE,24250.0,PE,241.15,238.55,241.04,238.62,245.0,235.0,0.020751,0.020956,ws,ws,type_a_ladder,type_a_ladder,False,False,0.1143,-0.075,65,-169.0,strategy_S9-149__TYPE_A:NIFTY:2026-04-15T11:47:12:SHORT
2026-04-15,11:47:40,2026-04-15,11:47:48,NIFTY,BUY,TYPE_A,MID_ENTRY,MICROPRICE_EXIT,24206.95,24205.35,NIFTY21APR2624200CE,24200.0,CE,243.3,242.65,243.27,242.94,245.0,240.0,0.020563,0.020591,ws,ws,type_a_ladder,type_a_ladder,False,False,0.0293,-0.2864,65,-42.25,strategy_S9-149__TYPE_A:NIFTY:2026-04-15T11:47:40:LONG
2026-04-15,11:47:51,2026-04-15,11:49:15,NIFTY,BUY,TYPE_A,MID_ENTRY,MICROPRICE_EXIT,24207.35,24217.75,NIFTY21APR2624200CE,24200.0,CE,243.05,249.15,242.79,249.59,245.0,245.0,0.020597,0.020044,ws,ws,type_a_ladder,type_a_ladder,False,False,0.2571,-0.4364,65,396.5,strategy_S9-149__TYPE_A:NIFTY:2026-04-15T11:47:51:LONG
2026-04-15,11:50:44,2026-04-15,11:50:50,NIFTY,SELL,TYPE_A,MID_ENTRY,MICROPRICE_EXIT,24218.75,24220.65,NIFTY21APR2624250PE,24250.0,PE,228.8,228.0,228.72,228.09,230.0,225.0,0.02187,0.021925,ws,ws,type_a_ladder,type_a_ladder,False,False,0.0808,-0.0857,65,-52.0,strategy_S9-149__TYPE_A:NIFTY:2026-04-15T11:50:44:SHORT
2026-04-15,11:51:04,2026-04-15,11:51:05,NIFTY,SELL,TYPE_A,MID_ENTRY,MICROPRICE_EXIT,24218.5,24220.4,NIFTY21APR2624250PE,24250.0,PE,227.2,227.6,227.09,227.87,230.0,225.0,0.022029,0.021949,ws,ws,type_a_ladder,type_a_ladder,False,False,0.1125,-0.2667,65,26.0,strategy_S9-149__TYPE_A:NIFTY:2026-04-15T11:51:04:SHORT
2026-04-15,11:51:28,2026-04-15,11:51:41,NIFTY,BUY,TYPE_A,MID_ENTRY,MICROPRICE_EXIT,24223.4,24222.6,NIFTY21APR2624200CE,24200.0,CE,251.75,250.0,251.7,250.39,255.0,250.0,0.019879,0.019978,ws,ws,type_a_ladder,type_a_ladder,False,False,0.05,-0.3915,65,-113.75,strategy_S9-149__TYPE_A:NIFTY:2026-04-15T11:51:28:LONG
2026-04-15,11:52:45,2026-04-15,11:52:50,NIFTY,SELL,TYPE_A,MID_ENTRY,MICROPRICE_EXIT,24219.7,24221.35,NIFTY21APR2624250PE,24250.0,PE,229.0,229.1,228.86,229.28,230.0,225.0,0.021844,0.021813,ws,ws,type_a_ladder,type_a_ladder,False,False,0.1429,-0.1786,65,6.5,strategy_S9-149__TYPE_A:NIFTY:2026-04-15T11:52:45:SHORT
2026-04-15,11:53:00,2026-04-15,11:53:53,NIFTY,SELL,TYPE_A,MID_ENTRY,MICROPRICE_EXIT,24218.85,24217.15,NIFTY21APR2624250PE,24250.0,PE,229.05,229.15,228.99,229.55,230.0,225.0,0.021839,0.021796,ws,ws,type_a_ladder,type_a_ladder,False,False,0.0571,-0.4048,65,6.5,strategy_S9-149__TYPE_A:NIFTY:2026-04-15T11:53:00:SHORT
2026-04-15,11:54:20,2026-04-15,11:54:54,NIFTY,BUY,TYPE_A,MID_ENTRY,MICROPRICE_EXIT,24220.45,24222.8,NIFTY21APR2624200CE,24200.0,CE,249.45,249.45,249.15,249.52,250.0,245.0,0.020058,0.02002,ws,ws,type_a_ladder,type_a_ladder,False,False,0.2962,-0.0667,65,0.0,strategy_S9-149__TYPE_A:NIFTY:2026-04-15T11:54:20:LONG
2026-04-15,11:55:03,2026-04-15,11:55:35,NIFTY,SELL,TYPE_A,MID_ENTRY,MICROPRICE_EXIT,24221.15,24221.85,NIFTY21APR2624250PE,24250.0,PE,226.6,226.0,226.37,226.33,230.0,225.0,0.022082,0.022107,ws,ws,type_a_ladder,type_a_ladder,False,False,0.2333,-0.3306,65,-39.0,strategy_S9-149__TYPE_A:NIFTY:2026-04-15T11:55:03:SHORT
2026-04-15,11:55:40,2026-04-15,11:56:01,NIFTY,SELL,TYPE_A,MID_ENTRY,MICROPRICE_EXIT,24219.45,24221.7,NIFTY21APR2624250PE,24250.0,PE,225.7,226.15,225.64,226.26,230.0,225.0,0.02217,0.022087,ws,ws,type_a_ladder,type_a_ladder,False,False,0.0583,-0.108,65,29.25,strategy_S9-149__TYPE_A:NIFTY:2026-04-15T11:55:40:SHORT
2026-04-15,11:56:34,2026-04-15,11:56:43,NIFTY,BUY,TYPE_A,MID_ENTRY,MICROPRICE_EXIT,24224.3,24221.45,NIFTY21APR2624200CE,24200.0,CE,250.0,249.5,249.59,249.6,250.0,245.0,0.02002,0.02002,ws,ws,type_a_ladder,type_a_ladder,False,False,0.4118,-0.1,65,-32.5,strategy_S9-149__TYPE_A:NIFTY:2026-04-15T11:56:34:LONG
2026-04-15,11:56:50,2026-04-15,11:57:05,NIFTY,SELL,TYPE_A,MID_ENTRY,MICROPRICE_EXIT,24219.25,24220.05,NIFTY21APR2624250PE,24250.0,PE,227.1,227.35,227.0,227.37,230.0,225.0,0.022034,0.021985,ws,ws,type_a_ladder,type_a_ladder,False,False,0.1,-0.015,65,16.25,strategy_S9-149__TYPE_A:NIFTY:2026-04-15T11:56:50:SHORT
2026-04-15,11:57:10,2026-04-15,11:57:16,NIFTY,SELL,TYPE_A,MID_ENTRY,MICROPRICE_EXIT,24217.2,24219.05,NIFTY21APR2624250PE,24250.0,PE,226.45,226.7,226.28,226.72,230.0,225.0,0.022107,0.022036,ws,ws,type_a_ladder,type_a_ladder,False,False,0.1719,-0.0211,65,16.25,strategy_S9-149__TYPE_A:NIFTY:2026-04-15T11:57:10:SHORT
2026-04-15,11:57:41,2026-04-15,11:57:45,NIFTY,BUY,TYPE_A,MID_ENTRY,MICROPRICE_EXIT,24221.3,24219.9,NIFTY21APR2624200CE,24200.0,CE,249.4,248.6,249.37,248.64,250.0,245.0,0.020064,0.020096,ws,ws,type_a_ladder,type_a_ladder,False,False,0.0333,-0.0387,65,-52.0,strategy_S9-149__TYPE_A:NIFTY:2026-04-15T11:57:41:LONG
2026-04-15,11:58:00,2026-04-15,11:58:05,NIFTY,SELL,TYPE_A,MID_ENTRY,MICROPRICE_EXIT,24215.25,24218.0,NIFTY21APR2624250PE,24250.0,PE,229.0,228.45,228.91,228.55,230.0,225.0,0.021839,0.021867,ws,ws,type_a_ladder,type_a_ladder,False,False,0.088,-0.1,65,-35.75,strategy_S9-149__TYPE_A:NIFTY:2026-04-15T11:58:00:SHORT
2026-04-15,11:58:53,2026-04-15,11:59:01,NIFTY,SELL,TYPE_A,MID_ENTRY,MICROPRICE_EXIT,24215.0,24216.25,NIFTY21APR2624250PE,24250.0,PE,229.05,228.8,228.56,229.11,230.0,225.0,0.021853,0.021829,ws,ws,type_a_ladder,type_a_ladder,False,False,0.4881,-0.3077,65,-16.25,strategy_S9-149__TYPE_A:NIFTY:2026-04-15T11:58:53:SHORT
2026-04-15,11:59:10,2026-04-15,11:59:16,NIFTY,SELL,TYPE_A,MID_ENTRY,MICROPRICE_EXIT,24214.3,24216.5,NIFTY21APR2624250PE,24250.0,PE,229.9,228.55,229.65,228.56,230.0,225.0,0.021772,0.021856,ws,ws,type_a_ladder,type_a_ladder,False,False,0.25,-0.0129,65,-87.75,strategy_S9-149__TYPE_A:NIFTY:2026-04-15T11:59:10:SHORT
2026-04-15,11:59:50,2026-04-15,12:00:30,NIFTY,BUY,TYPE_A,MID_ENTRY,MICROPRICE_EXIT,24218.4,24221.7,NIFTY21APR2624200CE,24200.0,CE,246.9,249.65,246.84,249.98,250.0,245.0,0.020272,0.020014,ws,ws,type_a_ladder,type_a_ladder,False,False,0.0556,-0.3267,65,178.75,strategy_S9-149__TYPE_A:NIFTY:2026-04-15T11:59:50:LONG
2026-04-15,12:00:50,2026-04-15,12:01:10,NIFTY,BUY,TYPE_A,MID_ENTRY,MICROPRICE_EXIT,24223.7,24224.6,NIFTY21APR2624200CE,24200.0,CE,250.0,249.25,249.98,249.59,250.0,245.0,0.02001,0.020044,ws,ws,type_a_ladder,type_a_ladder,False,False,0.0203,-0.3429,65,-48.75,strategy_S9-149__TYPE_A:NIFTY:2026-04-15T12:00:50:LONG
2026-04-15,12:01:46,2026-04-15,12:02:11,NIFTY,SELL,TYPE_A,MID_ENTRY,MICROPRICE_EXIT,24221.3,24221.65,NIFTY21APR2624250PE,24250.0,PE,226.4,225.65,226.18,225.75,230.0,225.0,0.022107,0.022143,ws,ws,type_a_ladder,type_a_ladder,False,False,0.225,-0.1,65,-48.75,strategy_S9-149__TYPE_A:NIFTY:2026-04-15T12:01:46:SHORT
2026-04-15,12:02:20,2026-04-15,12:02:33,NIFTY,BUY,TYPE_A,MID_ENTRY,MICROPRICE_EXIT,24223.9,24222.05,NIFTY21APR2624200CE,24200.0,CE,249.1,248.0,248.95,248.12,250.0,245.0,0.020096,0.020153,ws,ws,type_a_ladder,type_a_ladder,False,False,0.15,-0.1231,65,-71.5,strategy_S9-149__TYPE_A:NIFTY:2026-04-15T12:02:20:LONG
2026-04-15,12:02:41,2026-04-15,12:02:45,NIFTY,SELL,TYPE_A,MID_ENTRY,MICROPRICE_EXIT,24220.2,24222.3,NIFTY21APR2624250PE,24250.0,PE,226.8,225.55,226.63,225.68,230.0,225.0,0.022073,0.022148,ws,ws,type_a_ladder,type_a_ladder,False,False,0.1719,-0.1333,65,-81.25,strategy_S9-149__TYPE_A:NIFTY:2026-04-15T12:02:41:SHORT
2026-04-15,12:03:01,2026-04-15,12:03:10,NIFTY,BUY,TYPE_A,MID_ENTRY,MICROPRICE_EXIT,24225.75,24226.05,NIFTY21APR2624200CE,24200.0,CE,248.95,249.45,248.81,249.48,250.0,245.0,0.020092,0.020022,ws,ws,type_a_ladder,type_a_ladder,False,False,0.1385,-0.029,65,32.5,strategy_S9-149__TYPE_A:NIFTY:2026-04-15T12:03:01:LONG
2026-04-15,12:03:24,2026-04-15,12:03:31,NIFTY,SELL,TYPE_A,MID_ENTRY,MICROPRICE_EXIT,24222.0,24222.45,NIFTY21APR2624250PE,24250.0,PE,225.75,225.4,225.6,225.48,230.0,225.0,0.022163,0.022158,ws,ws,type_a_ladder,type_a_ladder,False,False,0.15,-0.0833,65,-22.75,strategy_S9-149__TYPE_A:NIFTY:2026-04-15T12:03:24:SHORT
2026-04-15,12:04:31,2026-04-15,12:04:56,NIFTY,BUY,TYPE_A,MID_ENTRY,MICROPRICE_EXIT,24227.5,24228.75,NIFTY21APR2624200CE,24200.0,CE,250.0,251.6,249.64,251.8,250.0,250.0,0.020016,0.019857,ws,ws,type_a_ladder,type_a_ladder,False,False,0.3636,-0.2,65,104.0,strategy_S9-149__TYPE_A:NIFTY:2026-04-15T12:04:31:LONG
2026-04-15,12:05:49,2026-04-15,12:06:05,NIFTY,SELL,TYPE_A,MID_ENTRY,MICROPRICE_EXIT,24227.1,24226.55,NIFTY21APR2624250PE,24250.0,PE,225.0,224.7,224.68,224.95,225.0,220.0,0.02224,0.022235,ws,ws,type_a_ladder,type_a_ladder,False,False,0.3155,-0.25,65,-19.5,strategy_S9-149__TYPE_A:NIFTY:2026-04-15T12:05:49:SHORT
2026-04-15,12:06:12,2026-04-15,12:06:20,NIFTY,SELL,TYPE_A,MID_ENTRY,MICROPRICE_EXIT,24222.95,24224.95,NIFTY21APR2624250PE,24250.0,PE,225.85,225.5,225.68,225.68,230.0,225.0,0.022156,0.022146,ws,ws,type_a_ladder,type_a_ladder,False,False,0.175,-0.1833,65,-22.75,strategy_S9-149__TYPE_A:NIFTY:2026-04-15T12:06:12:SHORT
2026-04-15,12:06:31,2026-04-15,12:06:57,NIFTY,BUY,TYPE_A,MID_ENTRY,MICROPRICE_EXIT,24226.4,24223.9,NIFTY21APR2624200CE,24200.0,CE,251.45,250.75,251.29,251.0,255.0,250.0,0.019899,0.019926,ws,ws,type_a_ladder,type_a_ladder,False,False,0.1556,-0.2471,65,-45.5,strategy_S9-149__TYPE_A:NIFTY:2026-04-15T12:06:31:LONG
2026-04-15,12:07:10,2026-04-15,12:07:20,NIFTY,SELL,TYPE_A,MID_ENTRY,BID_EXIT_STAGE1,24224.1,24224.3,NIFTY21APR2624250PE,24250.0,PE,225.45,224.9,225.12,225.09,230.0,220.0,0.022195,0.022207,ws,ws,type_a_ladder,type_a_ladder,False,True,0.3281,-0.1923,65,-35.75,strategy_S9-149__TYPE_A:NIFTY:2026-04-15T12:07:10:SHORT
2026-04-15,12:07:42,2026-04-15,12:07:50,NIFTY,SELL,TYPE_A,MID_ENTRY,MICROPRICE_EXIT,24222.25,24224.25,NIFTY21APR2624250PE,24250.0,PE,225.65,224.05,225.53,224.25,230.0,220.0,0.02217,0.022304,ws,ws,type_a_ladder,type_a_ladder,False,False,0.125,-0.2,65,-104.0,strategy_S9-149__TYPE_A:NIFTY:2026-04-15T12:07:42:SHORT
2026-04-15,12:08:10,2026-04-15,12:08:20,NIFTY,SELL,TYPE_A,MID_ENTRY,MICROPRICE_EXIT,24222.2,24222.5,NIFTY21APR2624250PE,24250.0,PE,225.65,226.0,225.43,226.03,230.0,225.0,0.022175,0.022121,ws,ws,type_a_ladder,type_a_ladder,False,False,0.2188,-0.025,65,22.75,strategy_S9-149__TYPE_A:NIFTY:2026-04-15T12:08:10:SHORT
2026-04-15,12:09:01,2026-04-15,12:09:07,NIFTY,BUY,TYPE_A,MID_ENTRY,MICROPRICE_EXIT,24224.6,24222.65,NIFTY21APR2624200CE,24200.0,CE,251.0,250.5,250.73,250.66,255.0,250.0,0.019934,0.019946,ws,ws,type_a_ladder,type_a_ladder,False,False,0.2705,-0.1615,65,-32.5,strategy_S9-149__TYPE_A:NIFTY:2026-04-15T12:09:01:LONG
2026-04-15,12:09:20,2026-04-15,12:09:41,NIFTY,BUY,TYPE_A,MID_ENTRY,MICROPRICE_EXIT,24225.7,24224.75,NIFTY21APR2624200CE,24200.0,CE,251.25,250.7,251.15,250.76,255.0,250.0,0.019908,0.019926,ws,ws,type_a_ladder,type_a_ladder,False,False,0.1,-0.0643,65,-35.75,strategy_S9-149__TYPE_A:NIFTY:2026-04-15T12:09:20:LONG
2026-04-15,12:10:05,2026-04-15,12:10:44,NIFTY,BUY,TYPE_A,MID_ENTRY,MICROPRICE_EXIT,24227.3,24229.3,NIFTY21APR2624200CE,24200.0,CE,250.95,252.55,250.72,252.58,255.0,250.0,0.019942,0.01979,ws,ws,type_a_ladder,type_a_ladder,False,False,0.225,-0.0286,65,104.0,strategy_S9-149__TYPE_A:NIFTY:2026-04-15T12:10:05:LONG
2026-04-15,12:11:05,2026-04-15,12:11:16,NIFTY,BUY,TYPE_A,MID_ENTRY,MICROPRICE_EXIT,24233.5,24232.6,NIFTY21APR2624200CE,24200.0,CE,252.25,252.35,252.14,252.57,255.0,250.0,0.019828,0.01979,ws,ws,type_a_ladder,type_a_ladder,False,False,0.1125,-0.2182,65,6.5,strategy_S9-149__TYPE_A:NIFTY:2026-04-15T12:11:05:LONG
2026-04-15,12:11:20,2026-04-15,12:11:28,NIFTY,BUY,TYPE_A,MID_ENTRY,MICROPRICE_EXIT,24234.55,24232.5,NIFTY21APR2624200CE,24200.0,CE,252.7,252.0,252.34,252.37,255.0,250.0,0.019804,0.019826,ws,ws,type_a_ladder,type_a_ladder,False,False,0.36,-0.3704,65,-45.5,strategy_S9-149__TYPE_A:NIFTY:2026-04-15T12:11:20:LONG
2026-04-15,12:12:18,2026-04-15,12:12:31,NIFTY,SELL,TYPE_A,MID_ENTRY,MICROPRICE_EXIT,24231.2,24231.6,NIFTY21APR2624250PE,24250.0,PE,223.0,222.8,222.84,223.12,225.0,220.0,0.022432,0.022422,ws,ws,type_a_ladder,type_a_ladder,False,False,0.16,-0.32,65,-13.0,strategy_S9-149__TYPE_A:NIFTY:2026-04-15T12:12:18:SHORT
2026-04-15,12:12:42,2026-04-15,12:12:56,NIFTY,BUY,TYPE_A,MID_ENTRY,MICROPRICE_EXIT,24233.9,24230.25,NIFTY21APR2624200CE,24200.0,CE,252.7,252.1,252.32,252.55,255.0,250.0,0.019802,0.019808,ws,ws,type_a_ladder,type_a_ladder,False,False,0.3826,-0.4522,65,-39.0,strategy_S9-149__TYPE_A:NIFTY:2026-04-15T12:12:42:LONG
2026-04-15,12:13:06,2026-04-15,12:13:20,NIFTY,SELL,TYPE_A,MID_ENTRY,MICROPRICE_EXIT,24229.15,24228.45,NIFTY21APR2624250PE,24250.0,PE,222.35,223.7,222.1,224.08,225.0,220.0,0.02251,0.022326,ws,ws,type_a_ladder,type_a_ladder,False,False,0.2455,-0.3846,65,87.75,strategy_S9-149__TYPE_A:NIFTY:2026-04-15T12:13:06:SHORT
2026-04-15,12:13:50,2026-04-15,12:14:05,NIFTY,SELL,TYPE_A,MID_PLUS_25_ENTRY,BID_EXIT_STAGE1,24225.65,24228.15,NIFTY21APR2624250PE,24250.0,PE,225.05,224.95,224.72,225.1,230.0,220.0,0.022235,0.022212,ws,ws,type_a_ladder,type_a_ladder,True,True,0.3325,-0.15,65,-6.5,strategy_S9-149__TYPE_A:NIFTY:2026-04-15T12:13:50:SHORT
2026-04-15,12:14:13,2026-04-15,12:14:20,NIFTY,SELL,TYPE_A,MID_PLUS_25_ENTRY,MICROPRICE_EXIT,24224.95,24227.65,NIFTY21APR2624250PE,24250.0,PE,225.1,224.4,224.75,224.65,230.0,220.0,0.022237,0.022257,ws,ws,type_a_ladder,type_a_ladder,True,False,0.35,-0.25,65,-45.5,strategy_S9-149__TYPE_A:NIFTY:2026-04-15T12:14:13:SHORT
2026-04-15,12:15:20,2026-04-15,12:15:25,NIFTY,BUY,TYPE_A,MID_ENTRY,MICROPRICE_EXIT,24230.15,24228.3,NIFTY21APR2624200CE,24200.0,CE,251.0,251.05,250.72,251.14,255.0,250.0,0.019932,0.019895,ws,ws,type_a_ladder,type_a_ladder,False,False,0.2808,-0.0917,65,3.25,strategy_S9-149__TYPE_A:NIFTY:2026-04-15T12:15:20:LONG
2026-04-15,12:15:50,2026-04-15,12:16:15,NIFTY,BUY,TYPE_A,MID_ENTRY,MICROPRICE_EXIT,24231.55,24231.15,NIFTY21APR2624200CE,24200.0,CE,251.85,252.05,251.46,252.12,255.0,250.0,0.019875,0.019822,ws,ws,type_a_ladder,type_a_ladder,False,False,0.3929,-0.0727,65,13.0,strategy_S9-149__TYPE_A:NIFTY:2026-04-15T12:15:50:LONG
2026-04-15,12:16:20,2026-04-15,12:16:25,NIFTY,BUY,TYPE_A,MID_ENTRY,MICROPRICE_EXIT,24232.7,24230.6,NIFTY21APR2624200CE,24200.0,CE,252.4,252.0,252.32,252.45,255.0,250.0,0.019822,0.019822,ws,ws,type_a_ladder,type_a_ladder,False,False,0.0789,-0.4468,65,-26.0,strategy_S9-149__TYPE_A:NIFTY:2026-04-15T12:16:20:LONG
2026-04-15,12:16:50,2026-04-15,12:17:12,NIFTY,BUY,TYPE_A,MID_ENTRY,MICROPRICE_EXIT,24233.25,24229.05,NIFTY21APR2624200CE,24200.0,CE,251.3,249.45,251.05,249.6,255.0,245.0,0.01992,0.020034,ws,ws,type_a_ladder,type_a_ladder,False,False,0.25,-0.15,65,-120.25,strategy_S9-149__TYPE_A:NIFTY:2026-04-15T12:16:50:LONG
2026-04-15,12:17:42,2026-04-15,12:18:35,NIFTY,SELL,TYPE_A,MID_ENTRY,MICROPRICE_EXIT,24228.85,24218.2,NIFTY21APR2624250PE,24250.0,PE,224.9,230.7,224.7,230.96,225.0,230.0,0.022249,0.021659,ws,ws,type_a_ladder,type_a_ladder,False,False,0.2,-0.2647,65,377.0,strategy_S9-149__TYPE_A:NIFTY:2026-04-15T12:17:42:SHORT
2026-04-15,12:19:05,2026-04-15,12:19:28,NIFTY,BUY,TYPE_A,MID_ENTRY,MICROPRICE_EXIT,24218.65,24218.35,NIFTY21APR2624200CE,24200.0,CE,246.9,245.0,246.56,245.19,250.0,245.0,0.020268,0.020398,ws,ws,type_a_ladder,type_a_ladder,False,False,0.3429,-0.1857,65,-123.5,strategy_S9-149__TYPE_A:NIFTY:2026-04-15T12:19:05:LONG
2026-04-15,12:19:30,2026-04-15,12:19:35,NIFTY,SELL,TYPE_A,MID_ENTRY,MICROPRICE_EXIT,24216.85,24220.15,NIFTY21APR2624250PE,24250.0,PE,231.4,230.65,230.95,230.75,235.0,230.0,0.021633,0.021659,ws,ws,type_a_ladder,type_a_ladder,False,False,0.4469,-0.1,65,-48.75,strategy_S9-149__TYPE_A:NIFTY:2026-04-15T12:19:30:SHORT
2026-04-15,12:19:57,2026-04-15,12:20:05,NIFTY,SELL,TYPE_A,MID_ENTRY,MICROPRICE_EXIT,24216.65,24217.5,NIFTY21APR2624250PE,24250.0,PE,230.65,231.4,230.4,231.6,235.0,230.0,0.021701,0.021596,ws,ws,type_a_ladder,type_a_ladder,False,False,0.25,-0.2,65,48.75,strategy_S9-149__TYPE_A:NIFTY:2026-04-15T12:19:57:SHORT
2026-04-15,12:20:24,2026-04-15,12:20:39,NIFTY,BUY,TYPE_A,MID_ENTRY,MICROPRICE_EXIT,24221.95,24220.4,NIFTY21APR2624200CE,24200.0,CE,247.0,245.15,246.65,245.22,250.0,245.0,0.020259,0.020385,ws,ws,type_a_ladder,type_a_ladder,False,False,0.3472,-0.0735,65,-120.25,strategy_S9-149__TYPE_A:NIFTY:2026-04-15T12:20:24:LONG
2026-04-15,12:20:57,2026-04-15,12:21:05,NIFTY,SELL,TYPE_A,MID_ENTRY,MICROPRICE_EXIT,24218.45,24219.0,NIFTY21APR2624250PE,24250.0,PE,231.3,231.7,230.93,231.95,235.0,230.0,0.02164,0.021559,ws,ws,type_a_ladder,type_a_ladder,False,False,0.3684,-0.25,65,26.0,strategy_S9-149__TYPE_A:NIFTY:2026-04-15T12:20:57:SHORT
2026-04-15,12:21:10,2026-04-15,12:21:20,NIFTY,SELL,TYPE_A,MID_ENTRY,MICROPRICE_EXIT,24217.1,24217.9,NIFTY21APR2624250PE,24250.0,PE,232.05,232.2,231.74,232.53,235.0,230.0,0.021563,0.021515,ws,ws,type_a_ladder,type_a_ladder,False,False,0.3088,-0.3333,65,9.75,strategy_S9-149__TYPE_A:NIFTY:2026-04-15T12:21:10:SHORT
2026-04-15,12:21:30,2026-04-15,12:21:43,NIFTY,SELL,TYPE_A,MID_ENTRY,MICROPRICE_EXIT,24208.75,24207.5,NIFTY21APR2624250PE,24250.0,PE,237.7,237.0,237.63,237.35,240.0,235.0,0.021059,0.021073,ws,ws,type_a_ladder,type_a_ladder,False,False,0.0687,-0.35,65,-45.5,strategy_S9-149__TYPE_A:NIFTY:2026-04-15T12:21:30:SHORT
2026-04-15,12:22:12,2026-04-15,12:22:20,NIFTY,SELL,TYPE_A,MID_ENTRY,MICROPRICE_EXIT,24204.2,24206.25,NIFTY21APR2624250PE,24250.0,PE,239.8,239.75,239.47,239.79,240.0,235.0,0.02087,0.020849,ws,ws,type_a_ladder,type_a_ladder,False,False,0.3273,-0.0375,65,-3.25,strategy_S9-149__TYPE_A:NIFTY:2026-04-15T12:22:12:SHORT
2026-04-15,12:22:41,2026-04-15,12:22:46,NIFTY,SELL,TYPE_A,MID_ENTRY,MICROPRICE_EXIT,24200.95,24202.55,NIFTY21APR2624250PE,24250.0,PE,241.9,239.75,241.56,239.83,245.0,235.0,0.020693,0.020833,ws,ws,type_a_ladder,type_a_ladder,False,False,0.3438,-0.0833,65,-139.75,strategy_S9-149__TYPE_A:NIFTY:2026-04-15T12:22:41:SHORT
2026-04-15,12:23:05,2026-04-15,12:23:44,NIFTY,BUY,TYPE_A,MID_ENTRY,MICROPRICE_EXIT,24205.85,24209.6,NIFTY21APR2624200CE,24200.0,CE,237.9,239.7,237.53,239.85,240.0,235.0,0.021035,0.020846,ws,ws,type_a_ladder,type_a_ladder,False,False,0.3714,-0.15,65,117.0,strategy_S9-149__TYPE_A:NIFTY:2026-04-15T12:23:05:LONG
2026-04-15,12:24:03,2026-04-15,12:24:55,NIFTY,BUY,TYPE_A,MID_ENTRY,MICROPRICE_EXIT,24212.6,24222.65,NIFTY21APR2624200CE,24200.0,CE,240.2,242.2,240.06,242.46,245.0,240.0,0.020822,0.020619,ws,ws,type_a_ladder,type_a_ladder,False,False,0.1408,-0.2625,65,130.0,strategy_S9-149__TYPE_A:NIFTY:2026-04-15T12:24:03:LONG
2026-04-15,12:26:35,2026-04-15,12:26:38,NIFTY,BUY,TYPE_A,MID_ENTRY,MICROPRICE_EXIT,24224.5,24222.95,NIFTY21APR2624200CE,24200.0,CE,244.6,244.3,244.24,244.37,245.0,240.0,0.020458,0.02045,ws,ws,type_a_ladder,type_a_ladder,False,False,0.3556,-0.0667,65,-19.5,strategy_S9-149__TYPE_A:NIFTY:2026-04-15T12:26:35:LONG
2026-04-15,12:27:01,2026-04-15,12:27:49,NIFTY,BUY,TYPE_A,MID_ENTRY,MICROPRICE_EXIT,24224.35,24228.1,NIFTY21APR2624200CE,24200.0,CE,245.6,247.2,245.09,247.5,250.0,245.0,0.020381,0.020212,ws,ws,type_a_ladder,type_a_ladder,False,False,0.5077,-0.3,65,104.0,strategy_S9-149__TYPE_A:NIFTY:2026-04-15T12:27:01:LONG
2026-04-15,12:27:53,2026-04-15,12:28:35,NIFTY,SELL,TYPE_A,MID_ENTRY,MICROPRICE_EXIT,24227.0,24224.1,NIFTY21APR2624250PE,24250.0,PE,225.9,227.15,225.52,227.25,230.0,225.0,0.022161,0.021997,ws,ws,type_a_ladder,type_a_ladder,False,False,0.3808,-0.1,65,81.25,strategy_S9-149__TYPE_A:NIFTY:2026-04-15T12:27:53:SHORT
2026-04-15,12:29:40,2026-04-15,12:29:50,NIFTY,SELL,TYPE_A,MID_ENTRY,MICROPRICE_EXIT,24222.7,24223.45,NIFTY21APR2624250PE,24250.0,PE,228.45,229.35,228.37,229.39,230.0,225.0,0.021899,0.021798,ws,ws,type_a_ladder,type_a_ladder,False,False,0.0833,-0.042,65,58.5,strategy_S9-149__TYPE_A:NIFTY:2026-04-15T12:29:40:SHORT
2026-04-15,12:30:26,2026-04-15,12:30:31,NIFTY,SELL,TYPE_A,MID_ENTRY,BID_EXIT_STAGE1,24219.2,24220.7,NIFTY21APR2624250PE,24250.0,PE,230.35,229.95,230.14,230.11,235.0,225.0,0.021723,0.021725,ws,ws,type_a_ladder,type_a_ladder,False,True,0.21,-0.16,65,-26.0,strategy_S9-149__TYPE_A:NIFTY:2026-04-15T12:30:26:SHORT
2026-04-15,12:30:41,2026-04-15,12:31:01,NIFTY,SELL,TYPE_A,MID_PLUS_25_ENTRY,MICROPRICE_EXIT,24218.2,24215.6,NIFTY21APR2624250PE,24250.0,PE,230.1,230.6,229.87,230.82,235.0,230.0,0.021758,0.021664,ws,ws,type_a_ladder,type_a_ladder,True,False,0.2276,-0.2222,65,32.5,strategy_S9-149__TYPE_A:NIFTY:2026-04-15T12:30:41:SHORT
2026-04-15,12:31:50,2026-04-15,12:32:05,NIFTY,SELL,TYPE_A,MID_ENTRY,MICROPRICE_EXIT,24216.15,24215.6,NIFTY21APR2624250PE,24250.0,PE,233.35,230.9,233.15,231.11,235.0,230.0,0.021445,0.021643,ws,ws,type_a_ladder,type_a_ladder,False,False,0.2,-0.2083,65,-159.25,strategy_S9-149__TYPE_A:NIFTY:2026-04-15T12:31:50:SHORT
2026-04-15,12:32:11,2026-04-15,12:32:20,NIFTY,SELL,TYPE_A,MID_ENTRY,MICROPRICE_EXIT,24213.95,24216.5,NIFTY21APR2624250PE,24250.0,PE,231.95,232.25,231.89,232.69,235.0,230.0,0.021575,0.021505,ws,ws,type_a_ladder,type_a_ladder,False,False,0.0571,-0.4375,65,19.5,strategy_S9-149__TYPE_A:NIFTY:2026-04-15T12:32:11:SHORT
2026-04-15,12:32:47,2026-04-15,12:32:50,NIFTY,SELL,TYPE_A,MID_ENTRY,MICROPRICE_EXIT,24213.05,24214.55,NIFTY21APR2624250PE,24250.0,PE,234.2,233.85,233.99,233.89,235.0,230.0,0.021361,0.021361,ws,ws,type_a_ladder,type_a_ladder,False,False,0.2143,-0.0375,65,-22.75,strategy_S9-149__TYPE_A:NIFTY:2026-04-15T12:32:47:SHORT
2026-04-15,12:33:19,2026-04-15,12:33:43,NIFTY,BUY,TYPE_A,MID_ENTRY,MICROPRICE_EXIT,24217.35,24216.95,NIFTY21APR2624200CE,24200.0,CE,239.75,239.0,239.68,239.05,240.0,235.0,0.020862,0.020905,ws,ws,type_a_ladder,type_a_ladder,False,False,0.075,-0.05,65,-48.75,strategy_S9-149__TYPE_A:NIFTY:2026-04-15T12:33:19:LONG
2026-04-15,12:34:02,2026-04-15,12:34:19,NIFTY,SELL,TYPE_A,MID_ENTRY,MICROPRICE_EXIT,24214.65,24215.1,NIFTY21APR2624250PE,24250.0,PE,233.7,232.7,233.49,232.78,235.0,230.0,0.021411,0.02148,ws,ws,type_a_ladder,type_a_ladder,False,False,0.21,-0.075,65,-65.0,strategy_S9-149__TYPE_A:NIFTY:2026-04-15T12:34:02:SHORT
2026-04-15,12:34:50,2026-04-15,12:35:03,NIFTY,BUY,TYPE_A,MID_ENTRY,MICROPRICE_EXIT,24217.15,24216.45,NIFTY21APR2624200CE,24200.0,CE,241.0,240.7,240.62,240.82,245.0,240.0,0.020764,0.02076,ws,ws,type_a_ladder,type_a_ladder,False,False,0.3848,-0.12,65,-19.5,strategy_S9-149__TYPE_A:NIFTY:2026-04-15T12:34:50:LONG
2026-04-15,12:35:20,2026-04-15,12:36:26,NIFTY,BUY,TYPE_A,MID_ENTRY,MICROPRICE_EXIT,24217.4,24227.0,NIFTY21APR2624200CE,24200.0,CE,241.85,245.1,241.78,245.58,245.0,245.0,0.0207,0.020377,ws,ws,type_a_ladder,type_a_ladder,False,False,0.0727,-0.4813,65,211.25,strategy_S9-149__TYPE_A:NIFTY:2026-04-15T12:35:20:LONG
2026-04-15,12:36:46,2026-04-15,12:37:02,NIFTY,BUY,TYPE_A,MID_ENTRY,MICROPRICE_EXIT,24228.75,24229.5,NIFTY21APR2624200CE,24200.0,CE,244.55,245.0,244.45,245.35,245.0,245.0,0.020456,0.020383,ws,ws,type_a_ladder,type_a_ladder,False,False,0.1042,-0.3508,65,29.25,strategy_S9-149__TYPE_A:NIFTY:2026-04-15T12:36:46:LONG
2026-04-15,12:37:35,2026-04-15,12:37:42,NIFTY,BUY,TYPE_A,MID_ENTRY,MICROPRICE_EXIT,24232.0,24230.0,NIFTY21APR2624200CE,24200.0,CE,246.6,245.95,246.25,246.2,250.0,245.0,0.020296,0.020305,ws,ws,type_a_ladder,type_a_ladder,False,False,0.3462,-0.2538,65,-42.25,strategy_S9-149__TYPE_A:NIFTY:2026-04-15T12:37:35:LONG
2026-04-15,12:37:50,2026-04-15,12:38:00,NIFTY,BUY,TYPE_A,MID_ENTRY,MICROPRICE_EXIT,24232.35,24230.7,NIFTY21APR2624200CE,24200.0,CE,246.0,245.5,245.71,245.53,250.0,245.0,0.020344,0.02035,ws,ws,type_a_ladder,type_a_ladder,False,False,0.2864,-0.0308,65,-32.5,strategy_S9-149__TYPE_A:NIFTY:2026-04-15T12:37:50:LONG
2026-04-15,12:38:50,2026-04-15,12:39:16,NIFTY,BUY,TYPE_A,MID_ENTRY,MICROPRICE_EXIT,24235.1,24235.3,NIFTY21APR2624200CE,24200.0,CE,249.2,249.35,249.06,249.48,250.0,245.0,0.020084,0.020034,ws,ws,type_a_ladder,type_a_ladder,False,False,0.1429,-0.1286,65,9.75,strategy_S9-149__TYPE_A:NIFTY:2026-04-15T12:38:50:LONG
2026-04-15,12:39:20,2026-04-15,12:39:25,NIFTY,BUY,TYPE_A,MID_ENTRY,MICROPRICE_EXIT,24236.35,24235.15,NIFTY21APR2624200CE,24200.0,CE,248.8,248.15,248.46,248.28,250.0,245.0,0.020115,0.020133,ws,ws,type_a_ladder,type_a_ladder,False,False,0.3375,-0.129,65,-42.25,strategy_S9-149__TYPE_A:NIFTY:2026-04-15T12:39:20:LONG
2026-04-15,12:39:41,2026-04-15,12:40:05,NIFTY,SELL,TYPE_A,MID_ENTRY,MICROPRICE_EXIT,24233.45,24234.15,NIFTY21APR2624250PE,24250.0,PE,225.9,225.0,225.72,225.35,230.0,225.0,0.022143,0.022198,ws,ws,type_a_ladder,type_a_ladder,False,False,0.1826,-0.3452,65,-58.5,strategy_S9-149__TYPE_A:NIFTY:2026-04-15T12:39:41:SHORT
2026-04-15,12:40:10,2026-04-15,12:40:49,NIFTY,SELL,TYPE_A,MID_ENTRY,MICROPRICE_EXIT,24232.25,24230.2,NIFTY21APR2624250PE,24250.0,PE,226.4,226.55,226.39,226.82,230.0,225.0,0.022104,0.022043,ws,ws,type_a_ladder,type_a_ladder,False,False,0.0105,-0.275,65,9.75,strategy_S9-149__TYPE_A:NIFTY:2026-04-15T12:40:10:SHORT
2026-04-15,12:41:33,2026-04-15,12:41:50,NIFTY,SELL,TYPE_A,MID_ENTRY,MICROPRICE_EXIT,24228.45,24226.4,NIFTY21APR2624250PE,24250.0,PE,227.55,226.4,227.11,226.67,230.0,225.0,0.021997,0.022065,ws,ws,type_a_ladder,type_a_ladder,False,False,0.4375,-0.2667,65,-74.75,strategy_S9-149__TYPE_A:NIFTY:2026-04-15T12:41:33:SHORT
2026-04-15,12:42:13,2026-04-15,12:42:16,NIFTY,SELL,TYPE_A,MID_ENTRY,MICROPRICE_EXIT,24222.95,24223.85,NIFTY21APR2624250PE,24250.0,PE,228.0,227.05,227.81,227.23,230.0,225.0,0.021939,0.021995,ws,ws,type_a_ladder,type_a_ladder,False,False,0.1879,-0.1833,65,-61.75,strategy_S9-149__TYPE_A:NIFTY:2026-04-15T12:42:13:SHORT
2026-04-15,12:42:41,2026-04-15,12:43:01,NIFTY,SELL,TYPE_A,MID_ENTRY,MICROPRICE_EXIT,24222.65,24219.35,NIFTY21APR2624250PE,24250.0,PE,228.1,228.9,228.06,229.12,230.0,225.0,0.021939,0.021822,ws,ws,type_a_ladder,type_a_ladder,False,False,0.0364,-0.225,65,52.0,strategy_S9-149__TYPE_A:NIFTY:2026-04-15T12:42:41:SHORT
2026-04-15,12:43:45,2026-04-15,12:44:19,NIFTY,BUY,TYPE_A,MID_ENTRY,MICROPRICE_EXIT,24221.8,24225.05,NIFTY21APR2624200CE,24200.0,CE,245.0,244.3,244.57,244.42,245.0,240.0,0.020429,0.020452,ws,ws,type_a_ladder,type_a_ladder,False,False,0.4286,-0.1167,65,-45.5,strategy_S9-149__TYPE_A:NIFTY:2026-04-15T12:43:45:LONG
2026-04-15,12:44:32,2026-04-15,12:44:55,NIFTY,BUY,TYPE_A,MID_ENTRY,MICROPRICE_EXIT,24228.5,24230.95,NIFTY21APR2624200CE,24200.0,CE,246.8,245.05,246.64,245.41,250.0,245.0,0.020284,0.020385,ws,ws,type_a_ladder,type_a_ladder,False,False,0.1579,-0.36,65,-113.75,strategy_S9-149__TYPE_A:NIFTY:2026-04-15T12:44:32:LONG
2026-04-15,12:45:42,2026-04-15,12:45:56,NIFTY,BUY,TYPE_A,MID_ENTRY,MICROPRICE_EXIT,24233.1,24233.1,NIFTY21APR2624200CE,24200.0,CE,247.0,247.15,246.74,247.24,250.0,245.0,0.020255,0.020206,ws,ws,type_a_ladder,type_a_ladder,False,False,0.2591,-0.0923,65,9.75,strategy_S9-149__TYPE_A:NIFTY:2026-04-15T12:45:42:LONG
2026-04-15,12:46:10,2026-04-15,12:46:20,NIFTY,SELL,TYPE_A,MID_ENTRY,MICROPRICE_EXIT,24229.85,24231.35,NIFTY21APR2624250PE,24250.0,PE,226.2,226.4,225.86,226.63,230.0,225.0,0.022124,0.022068,ws,ws,type_a_ladder,type_a_ladder,False,False,0.3429,-0.2333,65,13.0,strategy_S9-149__TYPE_A:NIFTY:2026-04-15T12:46:10:SHORT
2026-04-15,12:46:39,2026-04-15,12:46:50,NIFTY,SELL,TYPE_A,MID_ENTRY,MICROPRICE_EXIT,24227.4,24229.4,NIFTY21APR2624250PE,24250.0,PE,227.6,226.8,227.43,227.1,230.0,225.0,0.021985,0.022022,ws,ws,type_a_ladder,type_a_ladder,False,False,0.175,-0.3,65,-52.0,strategy_S9-149__TYPE_A:NIFTY:2026-04-15T12:46:39:SHORT
2026-04-15,12:47:12,2026-04-15,12:47:35,NIFTY,SELL,TYPE_A,MID_ENTRY,MICROPRICE_EXIT,24222.5,24221.8,NIFTY21APR2624250PE,24250.0,PE,230.65,232.2,230.45,232.33,235.0,230.0,0.021697,0.02151,ws,ws,type_a_ladder,type_a_ladder,False,False,0.2,-0.1333,65,100.75,strategy_S9-149__TYPE_A:NIFTY:2026-04-15T12:47:12:SHORT
2026-04-15,12:47:43,2026-04-15,12:47:50,NIFTY,SELL,TYPE_A,MID_ENTRY,MICROPRICE_EXIT,24219.6,24221.35,NIFTY21APR2624250PE,24250.0,PE,232.65,232.2,232.53,232.55,235.0,230.0,0.021517,0.02151,ws,ws,type_a_ladder,type_a_ladder,False,False,0.1222,-0.3462,65,-29.25,strategy_S9-149__TYPE_A:NIFTY:2026-04-15T12:47:43:SHORT
2026-04-15,12:48:02,2026-04-15,12:48:21,NIFTY,SELL,TYPE_A,MID_ENTRY,MICROPRICE_EXIT,24216.55,24212.85,NIFTY21APR2624250PE,24250.0,PE,233.35,237.0,232.92,237.15,235.0,235.0,0.021452,0.021081,ws,ws,type_a_ladder,type_a_ladder,False,False,0.4278,-0.15,65,237.25,strategy_S9-149__TYPE_A:NIFTY:2026-04-15T12:48:02:SHORT
2026-04-15,12:49:42,2026-04-15,12:50:22,NIFTY,BUY,TYPE_A,MID_ENTRY,MICROPRICE_EXIT,24214.8,24218.5,NIFTY21APR2624200CE,24200.0,CE,236.65,237.85,236.51,238.2,240.0,235.0,0.021139,0.021004,ws,ws,type_a_ladder,type_a_ladder,False,False,0.1429,-0.35,65,78.0,strategy_S9-149__TYPE_A:NIFTY:2026-04-15T12:49:42:LONG
2026-04-15,12:50:50,2026-04-15,12:51:28,NIFTY,BUY,TYPE_A,MID_ENTRY,MICROPRICE_EXIT,24221.75,24225.2,NIFTY21APR2624200CE,24200.0,CE,238.35,241.25,238.32,241.55,240.0,240.0,0.020984,0.020704,ws,ws,type_a_ladder,type_a_ladder,False,False,0.0321,-0.3,65,188.5,strategy_S9-149__TYPE_A:NIFTY:2026-04-15T12:50:50:LONG
2026-04-15,12:51:35,2026-04-15,12:51:52,NIFTY,BUY,TYPE_A,MID_ENTRY,MICROPRICE_EXIT,24230.55,24232.15,NIFTY21APR2624200CE,24200.0,CE,243.0,244.5,242.8,244.71,245.0,240.0,0.020593,0.020429,ws,ws,type_a_ladder,type_a_ladder,False,False,0.2,-0.2105,65,97.5,strategy_S9-149__TYPE_A:NIFTY:2026-04-15T12:51:35:LONG
2026-04-15,12:52:13,2026-04-15,12:53:05,NIFTY,SELL,TYPE_A,MID_ENTRY,MICROPRICE_EXIT,24227.95,24221.7,NIFTY21APR2624250PE,24250.0,PE,229.65,232.8,229.4,233.09,230.0,230.0,0.021796,0.021457,ws,ws,type_a_ladder,type_a_ladder,False,False,0.25,-0.2912,65,204.75,strategy_S9-149__TYPE_A:NIFTY:2026-04-15T12:52:13:SHORT
2026-04-15,12:53:15,2026-04-15,12:53:35,NIFTY,SELL,TYPE_A,MID_ENTRY,MICROPRICE_EXIT,24219.35,24214.0,NIFTY21APR2624250PE,24250.0,PE,234.0,237.35,233.88,237.41,235.0,235.0,0.021379,0.021042,ws,ws,type_a_ladder,type_a_ladder,False,False,0.125,-0.0635,65,217.75,strategy_S9-149__TYPE_A:NIFTY:2026-04-15T12:53:15:SHORT
2026-04-15,12:53:48,2026-04-15,12:54:00,NIFTY,SELL,TYPE_A,MID_ENTRY,MICROPRICE_EXIT,24208.75,24207.85,NIFTY21APR2624250PE,24250.0,PE,238.8,240.1,238.3,240.19,240.0,240.0,0.020962,0.020803,ws,ws,type_a_ladder,type_a_ladder,False,False,0.5042,-0.0909,65,84.5,strategy_S9-149__TYPE_A:NIFTY:2026-04-15T12:53:48:SHORT
2026-04-15,12:54:12,2026-04-15,12:54:15,NIFTY,SELL,TYPE_A,MID_ENTRY,MICROPRICE_EXIT,24205.7,24206.85,NIFTY21APR2624250PE,24250.0,PE,241.95,240.55,241.91,240.82,245.0,240.0,0.020687,0.020762,ws,ws,type_a_ladder,type_a_ladder,False,False,0.0417,-0.275,65,-91.0,strategy_S9-149__TYPE_A:NIFTY:2026-04-15T12:54:12:SHORT
2026-04-15,12:54:42,2026-04-15,12:55:10,NIFTY,BUY,TYPE_A,MID_ENTRY,MICROPRICE_EXIT,24211.25,24213.0,NIFTY21APR2624200CE,24200.0,CE,232.55,233.65,232.16,233.7,235.0,230.0,0.021522,0.021395,ws,ws,type_a_ladder,type_a_ladder,False,False,0.3857,-0.05,65,71.5,strategy_S9-149__TYPE_A:NIFTY:2026-04-15T12:54:42:LONG
2026-04-15,12:55:20,2026-04-15,12:55:29,NIFTY,BUY,TYPE_A,MID_ENTRY,MICROPRICE_EXIT,24215.35,24214.05,NIFTY21APR2624200CE,24200.0,CE,234.95,234.7,234.61,234.72,235.0,230.0,0.021297,0.021297,ws,ws,type_a_ladder,type_a_ladder,False,False,0.3354,-0.0183,65,-16.25,strategy_S9-149__TYPE_A:NIFTY:2026-04-15T12:55:20:LONG
2026-04-15,12:55:50,2026-04-15,12:55:58,NIFTY,BUY,TYPE_A,MID_ENTRY,MICROPRICE_EXIT,24216.55,24214.2,NIFTY21APR2624200CE,24200.0,CE,235.5,234.0,235.44,234.37,240.0,230.0,0.021243,0.021345,ws,ws,type_a_ladder,type_a_ladder,False,False,0.0625,-0.371,65,-97.5,strategy_S9-149__TYPE_A:NIFTY:2026-04-15T12:55:50:LONG
2026-04-15,12:56:18,2026-04-15,12:56:20,NIFTY,SELL,TYPE_A,MID_ENTRY,MICROPRICE_EXIT,24211.55,24214.2,NIFTY21APR2624250PE,24250.0,PE,239.75,239.6,239.55,239.83,240.0,235.0,0.020872,0.020851,ws,ws,type_a_ladder,type_a_ladder,False,False,0.2,-0.2286,65,-9.75,strategy_S9-149__TYPE_A:NIFTY:2026-04-15T12:56:18:SHORT
2026-04-15,12:56:50,2026-04-15,12:57:09,NIFTY,BUY,TYPE_A,MID_ENTRY,MICROPRICE_EXIT,24217.35,24217.05,NIFTY21APR2624200CE,24200.0,CE,236.0,236.3,235.63,236.49,240.0,235.0,0.021204,0.021148,ws,ws,type_a_ladder,type_a_ladder,False,False,0.3678,-0.1923,65,19.5,strategy_S9-149__TYPE_A:NIFTY:2026-04-15T12:56:50:LONG
2026-04-15,12:57:26,2026-04-15,12:57:31,NIFTY,SELL,TYPE_A,MID_ENTRY,MICROPRICE_EXIT,24214.85,24217.15,NIFTY21APR2624250PE,24250.0,PE,237.85,237.8,237.8,238.02,240.0,235.0,0.021035,0.021004,ws,ws,type_a_ladder,type_a_ladder,False,False,0.05,-0.2222,65,-3.25,strategy_S9-149__TYPE_A:NIFTY:2026-04-15T12:57:26:SHORT
2026-04-15,12:58:04,2026-04-15,12:58:16,NIFTY,SELL,TYPE_A,MID_ENTRY,MICROPRICE_EXIT,24211.0,24211.7,NIFTY21APR2624250PE,24250.0,PE,240.75,239.75,240.73,239.99,245.0,235.0,0.020781,0.020838,ws,ws,type_a_ladder,type_a_ladder,False,False,0.0231,-0.24,65,-65.0,strategy_S9-149__TYPE_A:NIFTY:2026-04-15T12:58:04:SHORT
2026-04-15,12:59:27,2026-04-15,12:59:35,NIFTY,SELL,TYPE_A,MID_ENTRY,MICROPRICE_EXIT,24207.7,24209.7,NIFTY21APR2624250PE,24250.0,PE,241.3,241.6,241.11,241.95,245.0,240.0,0.020743,0.02067,ws,ws,type_a_ladder,type_a_ladder,False,False,0.1875,-0.35,65,19.5,strategy_S9-149__TYPE_A:NIFTY:2026-04-15T12:59:27:SHORT
2026-04-15,12:59:58,2026-04-15,13:01:20,NIFTY,SELL,TYPE_A,MID_ENTRY,MICROPRICE_EXIT,24207.3,24201.95,NIFTY21APR2624250PE,24250.0,PE,242.2,244.45,242.11,244.5,245.0,240.0,0.020661,0.020435,ws,ws,type_a_ladder,type_a_ladder,False,False,0.0941,-0.0529,65,146.25,strategy_S9-149__TYPE_A:NIFTY:2026-04-15T12:59:58:SHORT
2026-04-15,13:01:31,2026-04-15,13:02:22,NIFTY,BUY,TYPE_A,MID_ENTRY,MICROPRICE_EXIT,24205.05,24211.2,NIFTY21APR2624200CE,24200.0,CE,232.35,233.8,231.94,234.18,235.0,230.0,0.02154,0.021361,ws,ws,type_a_ladder,type_a_ladder,False,False,0.4091,-0.3826,65,94.25,strategy_S9-149__TYPE_A:NIFTY:2026-04-15T13:01:31:LONG
2026-04-15,13:02:35,2026-04-15,13:02:40,NIFTY,BUY,TYPE_A,MID_ENTRY,BID_EXIT_STAGE1,24212.6,24211.35,NIFTY21APR2624200CE,24200.0,CE,234.5,234.95,234.43,235.16,235.0,230.0,0.021331,0.021259,ws,ws,type_a_ladder,type_a_ladder,False,True,0.07,-0.2143,65,29.25,strategy_S9-149__TYPE_A:NIFTY:2026-04-15T13:02:35:LONG
2026-04-15,13:03:30,2026-04-15,13:03:41,NIFTY,BUY,TYPE_A,MID_ENTRY,MICROPRICE_EXIT,24216.75,24215.95,NIFTY21APR2624200CE,24200.0,CE,236.75,236.55,236.31,236.8,240.0,235.0,0.021139,0.021113,ws,ws,type_a_ladder,type_a_ladder,False,False,0.4412,-0.2475,65,-13.0,strategy_S9-149__TYPE_A:NIFTY:2026-04-15T13:03:30:LONG
2026-04-15,13:04:38,2026-04-15,13:05:03,NIFTY,SELL,TYPE_A,MID_ENTRY,MICROPRICE_EXIT,24210.55,24210.65,NIFTY21APR2624250PE,24250.0,PE,238.3,238.6,238.08,238.65,240.0,235.0,0.020993,0.020938,ws,ws,type_a_ladder,type_a_ladder,False,False,0.2222,-0.05,65,19.5,strategy_S9-149__TYPE_A:NIFTY:2026-04-15T13:04:38:SHORT
2026-04-15,13:05:19,2026-04-15,13:05:23,NIFTY,BUY,TYPE_A,MID_ENTRY,MICROPRICE_EXIT,24212.45,24210.8,NIFTY21APR2624200CE,24200.0,CE,234.7,234.6,234.29,234.92,235.0,230.0,0.021329,0.021297,ws,ws,type_a_ladder,type_a_ladder,False,False,0.4125,-0.3231,65,-6.5,strategy_S9-149__TYPE_A:NIFTY:2026-04-15T13:05:19:LONG
2026-04-15,13:05:41,2026-04-15,13:05:50,NIFTY,SELL,TYPE_A,MID_ENTRY,MICROPRICE_EXIT,24209.0,24210.1,NIFTY21APR2624250PE,24250.0,PE,239.25,238.9,238.96,238.95,240.0,235.0,0.020916,0.020925,ws,ws,type_a_ladder,type_a_ladder,False,False,0.2909,-0.05,65,-22.75,strategy_S9-149__TYPE_A:NIFTY:2026-04-15T13:05:41:SHORT
2026-04-15,13:06:50,2026-04-15,13:07:03,NIFTY,SELL,TYPE_A,MID_ENTRY,MICROPRICE_EXIT,24207.05,24208.25,NIFTY21APR2624250PE,24250.0,PE,240.35,239.5,240.05,239.55,245.0,235.0,0.020822,0.020868,ws,ws,type_a_ladder,type_a_ladder,False,False,0.3,-0.0462,65,-55.25,strategy_S9-149__TYPE_A:NIFTY:2026-04-15T13:06:50:SHORT
2026-04-15,13:07:50,2026-04-15,13:07:50,NIFTY,SELL,TYPE_A,MID_ENTRY,MICROPRICE_EXIT,24205.5,24206.55,NIFTY21APR2624250PE,24250.0,PE,243.45,242.95,243.28,243.28,245.0,240.0,0.020559,0.020559,ws,ws,type_a_ladder,type_a_ladder,False,False,0.1667,-0.3333,65,-32.5,strategy_S9-149__TYPE_A:NIFTY:2026-04-15T13:07:50:SHORT
2026-04-15,13:08:12,2026-04-15,13:08:31,NIFTY,SELL,TYPE_A,MID_ENTRY,MICROPRICE_EXIT,24204.6,24204.65,NIFTY21APR2624250PE,24250.0,PE,243.3,243.4,243.03,243.49,245.0,240.0,0.020568,0.020523,ws,ws,type_a_ladder,type_a_ladder,False,False,0.2667,-0.09,65,6.5,strategy_S9-149__TYPE_A:NIFTY:2026-04-15T13:08:12:SHORT
2026-04-15,13:08:59,2026-04-15,13:09:33,NIFTY,BUY,TYPE_A,MID_ENTRY,MICROPRICE_EXIT,24207.6,24210.7,NIFTY21APR2624200CE,24200.0,CE,233.95,235.55,233.92,235.58,235.0,235.0,0.021386,0.021216,ws,ws,type_a_ladder,type_a_ladder,False,False,0.0273,-0.0321,65,104.0,strategy_S9-149__TYPE_A:NIFTY:2026-04-15T13:08:59:LONG
2026-04-15,13:09:57,2026-04-15,13:10:13,NIFTY,BUY,TYPE_A,MID_ENTRY,MICROPRICE_EXIT,24213.05,24212.7,NIFTY21APR2624200CE,24200.0,CE,236.5,236.95,236.33,237.07,240.0,235.0,0.021151,0.021079,ws,ws,type_a_ladder,type_a_ladder,False,False,0.1746,-0.125,65,29.25,strategy_S9-149__TYPE_A:NIFTY:2026-04-15T13:09:57:LONG
2026-04-15,13:10:35,2026-04-15,13:10:43,NIFTY,BUY,TYPE_A,MID_ENTRY,MICROPRICE_EXIT,24214.75,24213.2,NIFTY21APR2624200CE,24200.0,CE,237.35,236.6,236.97,236.84,240.0,235.0,0.021088,0.021106,ws,ws,type_a_ladder,type_a_ladder,False,False,0.3824,-0.24,65,-48.75,strategy_S9-149__TYPE_A:NIFTY:2026-04-15T13:10:35:LONG
2026-04-15,13:10:50,2026-04-15,13:11:13,NIFTY,BUY,TYPE_A,MID_ENTRY,MICROPRICE_EXIT,24214.85,24213.25,NIFTY21APR2624200CE,24200.0,CE,236.9,236.6,236.78,236.8,240.0,235.0,0.021117,0.021113,ws,ws,type_a_ladder,type_a_ladder,False,False,0.125,-0.2025,65,-19.5,strategy_S9-149__TYPE_A:NIFTY:2026-04-15T13:10:50:LONG
2026-04-15,13:11:50,2026-04-15,13:12:49,NIFTY,BUY,TYPE_A,MID_ENTRY,MICROPRICE_EXIT,24216.6,24220.6,NIFTY21APR2624200CE,24200.0,CE,237.6,241.3,237.55,241.5,240.0,240.0,0.021059,0.020698,ws,ws,type_a_ladder,type_a_ladder,False,False,0.0538,-0.2,65,240.5,strategy_S9-149__TYPE_A:NIFTY:2026-04-15T13:11:50:LONG
2026-04-15,13:13:30,2026-04-15,13:13:35,NIFTY,SELL,TYPE_A,MID_ENTRY,MICROPRICE_EXIT,24217.85,24218.9,NIFTY21APR2624250PE,24250.0,PE,232.1,230.95,232.02,231.32,235.0,230.0,0.021566,0.021626,ws,ws,type_a_ladder,type_a_ladder,False,False,0.0833,-0.3667,65,-74.75,strategy_S9-149__TYPE_A:NIFTY:2026-04-15T13:13:30:SHORT
2026-04-15,13:14:50,2026-04-15,13:15:05,NIFTY,BUY,TYPE_A,MID_ENTRY,MICROPRICE_EXIT,24220.2,24219.4,NIFTY21APR2624200CE,24200.0,CE,241.55,240.45,241.3,240.65,245.0,240.0,0.020721,0.020768,ws,ws,type_a_ladder,type_a_ladder,False,False,0.25,-0.2,65,-71.5,strategy_S9-149__TYPE_A:NIFTY:2026-04-15T13:14:50:LONG
2026-04-15,13:15:31,2026-04-15,13:15:56,NIFTY,SELL,TYPE_A,MID_ENTRY,MICROPRICE_EXIT,24217.6,24217.65,NIFTY21APR2624250PE,24250.0,PE,231.7,229.0,231.6,229.09,235.0,225.0,0.021601,0.021817,ws,ws,type_a_ladder,type_a_ladder,False,False,0.0964,-0.0875,65,-175.5,strategy_S9-149__TYPE_A:NIFTY:2026-04-15T13:15:31:SHORT
2026-04-15,13:16:01,2026-04-15,13:16:06,NIFTY,BUY,TYPE_A,MID_ENTRY,MICROPRICE_EXIT,24218.6,24217.45,NIFTY21APR2624200CE,24200.0,CE,239.0,238.75,238.85,239.11,240.0,235.0,0.020936,0.020923,ws,ws,type_a_ladder,type_a_ladder,False,False,0.15,-0.36,65,-16.25,strategy_S9-149__TYPE_A:NIFTY:2026-04-15T13:16:01:LONG
2026-04-15,13:16:26,2026-04-15,13:17:15,NIFTY,BUY,TYPE_A,MID_ENTRY,MICROPRICE_EXIT,24220.5,24225.15,NIFTY21APR2624200CE,24200.0,CE,239.85,239.45,239.5,239.88,240.0,235.0,0.02087,0.020857,ws,ws,type_a_ladder,type_a_ladder,False,False,0.35,-0.4278,65,-26.0,strategy_S9-149__TYPE_A:NIFTY:2026-04-15T13:16:26:LONG
2026-04-15,13:17:50,2026-04-15,13:18:02,NIFTY,BUY,TYPE_A,MID_ENTRY,MICROPRICE_EXIT,24226.75,24226.95,NIFTY21APR2624200CE,24200.0,CE,241.0,241.1,240.85,241.44,245.0,240.0,0.02076,0.020719,ws,ws,type_a_ladder,type_a_ladder,False,False,0.15,-0.342,65,6.5,strategy_S9-149__TYPE_A:NIFTY:2026-04-15T13:17:50:LONG
2026-04-15,13:18:34,2026-04-15,13:18:59,NIFTY,BUY,TYPE_A,MID_ENTRY,MICROPRICE_EXIT,24229.05,24228.3,NIFTY21APR2624200CE,24200.0,CE,241.6,241.75,241.35,241.95,245.0,240.0,0.020717,0.020661,ws,ws,type_a_ladder,type_a_ladder,False,False,0.25,-0.2,65,9.75,strategy_S9-149__TYPE_A:NIFTY:2026-04-15T13:18:34:LONG
2026-04-15,13:19:15,2026-04-15,13:19:54,NIFTY,BUY,TYPE_A,MID_ENTRY,MICROPRICE_EXIT,24231.25,24232.45,NIFTY21APR2624200CE,24200.0,CE,242.9,244.1,242.85,244.22,245.0,240.0,0.020593,0.020473,ws,ws,type_a_ladder,type_a_ladder,False,False,0.0526,-0.125,65,78.0,strategy_S9-149__TYPE_A:NIFTY:2026-04-15T13:19:15:LONG
2026-04-15,13:20:00,2026-04-15,13:20:13,NIFTY,BUY,TYPE_A,MID_ENTRY,MICROPRICE_EXIT,24234.3,24237.25,NIFTY21APR2624200CE,24200.0,CE,244.7,245.8,244.48,245.97,245.0,245.0,0.020456,0.020333,ws,ws,type_a_ladder,type_a_ladder,False,False,0.22,-0.1667,65,71.5,strategy_S9-149__TYPE_A:NIFTY:2026-04-15T13:20:00:LONG
2026-04-15,13:21:11,2026-04-15,13:21:35,NIFTY,SELL,TYPE_A,MID_ENTRY,MICROPRICE_EXIT,24232.9,24227.4,NIFTY21APR2624250PE,24250.0,PE,225.6,226.45,225.28,226.52,230.0,225.0,0.022188,0.022075,ws,ws,type_a_ladder,type_a_ladder,False,False,0.325,-0.0667,65,55.25,strategy_S9-149__TYPE_A:NIFTY:2026-04-15T13:21:11:SHORT
2026-04-15,13:22:06,2026-04-15,13:22:31,NIFTY,SELL,TYPE_A,MID_ENTRY,MICROPRICE_EXIT,24214.6,24214.2,NIFTY21APR2624250PE,24250.0,PE,231.2,231.8,231.06,231.98,235.0,230.0,0.021647,0.021549,ws,ws,type_a_ladder,type_a_ladder,False,False,0.135,-0.18,65,39.0,strategy_S9-149__TYPE_A:NIFTY:2026-04-15T13:22:06:SHORT
2026-04-15,13:22:44,2026-04-15,13:22:50,NIFTY,SELL,TYPE_A,MID_ENTRY,MICROPRICE_EXIT,24205.8,24208.4,NIFTY21APR2624250PE,24250.0,PE,234.45,233.05,234.09,233.48,235.0,230.0,0.021345,0.021432,ws,ws,type_a_ladder,type_a_ladder,False,False,0.3556,-0.4286,65,-91.0,strategy_S9-149__TYPE_A:NIFTY:2026-04-15T13:22:44:SHORT
2026-04-15,13:23:07,2026-04-15,13:23:32,NIFTY,BUY,TYPE_A,MID_ENTRY,MICROPRICE_EXIT,24210.35,24211.55,NIFTY21APR2624200CE,24200.0,CE,237.9,236.4,237.63,236.6,240.0,235.0,0.021035,0.021133,ws,ws,type_a_ladder,type_a_ladder,False,False,0.2667,-0.2,65,-97.5,strategy_S9-149__TYPE_A:NIFTY:2026-04-15T13:23:07:LONG
2026-04-15,13:24:23,2026-04-15,13:24:36,NIFTY,SELL,TYPE_A,MID_ENTRY,MICROPRICE_EXIT,24199.9,24197.8,NIFTY21APR2624200PE,24200.0,PE,220.5,220.0,220.24,220.3,225.0,220.0,0.022699,0.022709,ws,ws,type_a_ladder,type_a_ladder,False,False,0.2571,-0.2968,65,-32.5,strategy_S9-149__TYPE_A:NIFTY:2026-04-15T13:24:23:SHORT
2026-04-15,13:24:57,2026-04-15,13:25:15,NIFTY,SELL,TYPE_A,MID_ENTRY,MICROPRICE_EXIT,24197.85,24199.0,NIFTY21APR2624200PE,24200.0,PE,223.9,221.75,223.81,221.84,225.0,220.0,0.022359,0.022533,ws,ws,type_a_ladder,type_a_ladder,False,False,0.0917,-0.0857,65,-139.75,strategy_S9-149__TYPE_A:NIFTY:2026-04-15T13:24:57:SHORT
2026-04-15,13:25:20,2026-04-15,13:25:39,NIFTY,BUY,TYPE_A,MID_ENTRY,MICROPRICE_EXIT,24200.9,24200.5,NIFTY21APR2624200CE,24200.0,CE,226.75,226.0,226.55,226.21,230.0,225.0,0.022077,0.022107,ws,ws,type_a_ladder,type_a_ladder,False,False,0.1964,-0.2083,65,-48.75,strategy_S9-149__TYPE_A:NIFTY:2026-04-15T13:25:20:LONG
2026-04-15,13:26:42,2026-04-15,13:26:56,NIFTY,SELL,TYPE_A,MID_ENTRY,MICROPRICE_EXIT,24197.15,24198.4,NIFTY21APR2624200PE,24200.0,PE,223.9,221.1,223.81,221.53,225.0,220.0,0.022351,0.022586,ws,ws,type_a_ladder,type_a_ladder,False,False,0.0923,-0.4278,65,-182.0,strategy_S9-149__TYPE_A:NIFTY:2026-04-15T13:26:42:SHORT
2026-04-15,13:27:01,2026-04-15,13:27:50,NIFTY,BUY,TYPE_A,MID_ENTRY,MICROPRICE_EXIT,24200.15,24202.3,NIFTY21APR2624200CE,24200.0,CE,225.5,228.15,225.27,228.3,230.0,225.0,0.02219,0.021891,ws,ws,type_a_ladder,type_a_ladder,False,False,0.2333,-0.15,65,172.25,strategy_S9-149__TYPE_A:NIFTY:2026-04-15T13:27:01:LONG
2026-04-15,13:28:15,2026-04-15,13:28:23,NIFTY,SELL,TYPE_A,MID_ENTRY,MICROPRICE_EXIT,24199.65,24201.5,NIFTY21APR2624200PE,24200.0,PE,221.15,222.7,220.95,222.78,225.0,220.0,0.022624,0.022432,ws,ws,type_a_ladder,type_a_ladder,False,False,0.2,-0.08,65,100.75,strategy_S9-149__TYPE_A:NIFTY:2026-04-15T13:28:15:SHORT
2026-04-15,13:28:56,2026-04-15,13:29:05,NIFTY,SELL,TYPE_A,MID_ENTRY,MICROPRICE_EXIT,24198.65,24198.95,NIFTY21APR2624200PE,24200.0,PE,224.0,224.55,223.85,224.57,225.0,220.0,0.022331,0.022244,ws,ws,type_a_ladder,type_a_ladder,False,False,0.1507,-0.0171,65,35.75,strategy_S9-149__TYPE_A:NIFTY:2026-04-15T13:28:56:SHORT
2026-04-15,13:30:10,2026-04-15,13:30:35,NIFTY,SELL,TYPE_A,MID_ENTRY,MICROPRICE_EXIT,24194.65,24192.75,NIFTY21APR2624200PE,24200.0,PE,224.6,226.45,224.38,226.49,225.0,225.0,0.022287,0.022053,ws,ws,type_a_ladder,type_a_ladder,False,False,0.2222,-0.0419,65,120.25,strategy_S9-149__TYPE_A:NIFTY:2026-04-15T13:30:10:SHORT
2026-04-15,13:31:02,2026-04-15,13:33:15,NIFTY,BUY,TYPE_A,MID_ENTRY,BID_EXIT_STAGE1,24194.3,24216.95,NIFTY21APR2624150CE,24150.0,CE,253.9,264.8,253.86,265.12,255.0,260.0,0.019701,0.018863,ws,ws,type_a_ladder,type_a_ladder,False,True,0.04,-0.3208,65,708.5,strategy_S9-149__TYPE_A:NIFTY:2026-04-15T13:31:02:LONG
2026-04-15,13:33:30,2026-04-15,13:34:05,NIFTY,BUY,TYPE_A,MID_ENTRY,MICROPRICE_EXIT,24219.15,24219.85,NIFTY21APR2624200CE,24200.0,CE,236.5,238.25,236.43,238.36,240.0,235.0,0.021164,0.020967,ws,ws,type_a_ladder,type_a_ladder,False,False,0.0732,-0.1125,65,113.75,strategy_S9-149__TYPE_A:NIFTY:2026-04-15T13:33:30:LONG
2026-04-15,13:34:10,2026-04-15,13:34:14,NIFTY,BUY,TYPE_A,MID_ENTRY,MICROPRICE_EXIT,24222.45,24217.85,NIFTY21APR2624200CE,24200.0,CE,237.4,235.15,237.22,235.35,240.0,235.0,0.021077,0.021245,ws,ws,type_a_ladder,type_a_ladder,False,False,0.175,-0.2,65,-146.25,strategy_S9-149__TYPE_A:NIFTY:2026-04-15T13:34:10:LONG
2026-04-15,13:34:36,2026-04-15,13:35:20,NIFTY,SELL,TYPE_A,MID_ENTRY,MICROPRICE_EXIT,24215.6,24210.5,NIFTY21APR2624250PE,24250.0,PE,235.9,234.7,235.56,234.94,240.0,230.0,0.021218,0.021286,ws,ws,type_a_ladder,type_a_ladder,False,False,0.3438,-0.24,65,-78.0,strategy_S9-149__TYPE_A:NIFTY:2026-04-15T13:34:36:SHORT
2026-04-15,13:35:31,2026-04-15,13:36:23,NIFTY,BUY,TYPE_A,MID_ENTRY,MICROPRICE_EXIT,24213.1,24220.0,NIFTY21APR2624200CE,24200.0,CE,235.85,238.45,235.56,238.72,240.0,235.0,0.02122,0.020945,ws,ws,type_a_ladder,type_a_ladder,False,False,0.2864,-0.275,65,169.0,strategy_S9-149__TYPE_A:NIFTY:2026-04-15T13:35:31:LONG
2026-04-15,13:36:50,2026-04-15,13:36:59,NIFTY,BUY,TYPE_A,MID_ENTRY,MICROPRICE_EXIT,24222.35,24221.0,NIFTY21APR2624200CE,24200.0,CE,238.5,237.05,238.28,237.12,240.0,235.0,0.020984,0.021088,ws,ws,type_a_ladder,type_a_ladder,False,False,0.225,-0.0714,65,-94.25,strategy_S9-149__TYPE_A:NIFTY:2026-04-15T13:36:50:LONG
2026-04-15,13:37:05,2026-04-15,13:37:16,NIFTY,SELL,TYPE_A,MID_ENTRY,MICROPRICE_EXIT,24219.6,24216.65,NIFTY21APR2624250PE,24250.0,PE,229.95,230.95,229.77,231.18,230.0,230.0,0.021768,0.021631,ws,ws,type_a_ladder,type_a_ladder,False,False,0.1818,-0.2286,65,65.0,strategy_S9-149__TYPE_A:NIFTY:2026-04-15T13:37:05:SHORT
2026-04-15,13:37:40,2026-04-15,13:37:45,NIFTY,SELL,TYPE_A,MID_PLUS_25_ENTRY,MICROPRICE_EXIT,24214.5,24216.35,NIFTY21APR2624250PE,24250.0,PE,230.2,230.3,229.93,230.5,235.0,230.0,0.021741,0.02169,ws,ws,type_a_ladder,type_a_ladder,True,False,0.27,-0.2,65,6.5,strategy_S9-149__TYPE_A:NIFTY:2026-04-15T13:37:40:SHORT
2026-04-15,13:37:50,2026-04-15,13:38:01,NIFTY,SELL,TYPE_A,MID_ENTRY,MICROPRICE_EXIT,24213.8,24215.55,NIFTY21APR2624250PE,24250.0,PE,232.15,232.45,231.93,232.85,235.0,230.0,0.021559,0.021485,ws,ws,type_a_ladder,type_a_ladder,False,False,0.225,-0.4,65,19.5,strategy_S9-149__TYPE_A:NIFTY:2026-04-15T13:37:50:SHORT
2026-04-15,13:38:11,2026-04-15,13:38:21,NIFTY,SELL,TYPE_A,MID_ENTRY,MICROPRICE_EXIT,24212.35,24212.05,NIFTY21APR2624250PE,24250.0,PE,233.95,234.75,233.91,234.9,235.0,230.0,0.02139,0.021283,ws,ws,type_a_ladder,type_a_ladder,False,False,0.0364,-0.15,65,52.0,strategy_S9-149__TYPE_A:NIFTY:2026-04-15T13:38:11:SHORT
2026-04-15,13:38:46,2026-04-15,13:39:45,NIFTY,SELL,TYPE_A,MID_ENTRY,MICROPRICE_EXIT,24210.6,24193.75,NIFTY21APR2624250PE,24250.0,PE,234.6,246.45,234.45,246.51,235.0,245.0,0.021327,0.02027,ws,ws,type_a_ladder,type_a_ladder,False,False,0.15,-0.0563,65,770.25,strategy_S9-149__TYPE_A:NIFTY:2026-04-15T13:38:46:SHORT
2026-04-15,13:39:50,2026-04-15,13:40:03,NIFTY,BUY,TYPE_A,MID_ENTRY,MICROPRICE_EXIT,24197.5,24194.55,NIFTY21APR2624150CE,24150.0,CE,252.0,252.45,251.82,252.47,255.0,250.0,0.019849,0.0198,ws,ws,type_a_ladder,type_a_ladder,False,False,0.1833,-0.0214,65,29.25,strategy_S9-149__TYPE_A:NIFTY:2026-04-15T13:39:50:LONG
2026-04-15,13:40:31,2026-04-15,13:41:11,NIFTY,BUY,TYPE_A,MID_ENTRY,MICROPRICE_EXIT,24201.5,24204.3,NIFTY21APR2624200CE,24200.0,CE,227.25,227.0,226.88,227.04,230.0,225.0,0.022026,0.022002,ws,ws,type_a_ladder,type_a_ladder,False,False,0.3684,-0.0435,65,-16.25,strategy_S9-149__TYPE_A:NIFTY:2026-04-15T13:40:31:LONG
2026-04-15,13:41:20,2026-04-15,13:41:39,NIFTY,BUY,TYPE_A,MID_ENTRY,MICROPRICE_EXIT,24207.2,24207.5,NIFTY21APR2624200CE,24200.0,CE,228.85,229.55,228.72,229.82,230.0,225.0,0.021858,0.021763,ws,ws,type_a_ladder,type_a_ladder,False,False,0.1333,-0.2667,65,45.5,strategy_S9-149__TYPE_A:NIFTY:2026-04-15T13:41:20:LONG
2026-04-15,13:41:58,2026-04-15,13:42:34,NIFTY,BUY,TYPE_A,MID_ENTRY,MICROPRICE_EXIT,24210.05,24214.35,NIFTY21APR2624200CE,24200.0,CE,229.6,231.35,229.31,231.55,230.0,230.0,0.021796,0.021594,ws,ws,type_a_ladder,type_a_ladder,False,False,0.2889,-0.2,65,113.75,strategy_S9-149__TYPE_A:NIFTY:2026-04-15T13:41:58:LONG
2026-04-15,13:42:40,2026-04-15,13:42:55,NIFTY,BUY,TYPE_A,MID_ENTRY,MICROPRICE_EXIT,24215.8,24211.9,NIFTY21APR2624200CE,24200.0,CE,231.6,232.7,231.53,232.75,235.0,230.0,0.021594,0.021462,ws,ws,type_a_ladder,type_a_ladder,False,False,0.0667,-0.0458,65,71.5,strategy_S9-149__TYPE_A:NIFTY:2026-04-15T13:42:40:LONG
2026-04-15,13:43:14,2026-04-15,13:43:26,NIFTY,SELL,TYPE_A,MID_ENTRY,MICROPRICE_EXIT,24211.0,24213.0,NIFTY21APR2624250PE,24250.0,PE,236.35,233.95,235.88,234.18,240.0,230.0,0.021182,0.021356,ws,ws,type_a_ladder,type_a_ladder,False,False,0.4667,-0.2333,65,-156.0,strategy_S9-149__TYPE_A:NIFTY:2026-04-15T13:43:14:SHORT
2026-04-15,13:44:20,2026-04-15,13:44:40,NIFTY,BUY,TYPE_A,MID_ENTRY,MICROPRICE_EXIT,24216.05,24215.9,NIFTY21APR2624200CE,24200.0,CE,233.65,233.55,233.59,233.61,235.0,230.0,0.021418,0.021395,ws,ws,type_a_ladder,type_a_ladder,False,False,0.0571,-0.06,65,-6.5,strategy_S9-149__TYPE_A:NIFTY:2026-04-15T13:44:20:LONG
2026-04-15,13:45:20,2026-04-15,13:45:30,NIFTY,SELL,TYPE_A,MID_ENTRY,MICROPRICE_EXIT,24213.05,24214.45,NIFTY21APR2624250PE,24250.0,PE,232.95,233.4,232.75,233.63,235.0,230.0,0.021482,0.021406,ws,ws,type_a_ladder,type_a_ladder,False,False,0.2,-0.2333,65,29.25,strategy_S9-149__TYPE_A:NIFTY:2026-04-15T13:45:20:SHORT
2026-04-15,13:46:20,2026-04-15,13:46:45,NIFTY,SELL,TYPE_A,MID_ENTRY,MICROPRICE_EXIT,24215.25,24212.95,NIFTY21APR2624250PE,24250.0,PE,233.2,233.85,233.14,234.18,235.0,230.0,0.021457,0.021363,ws,ws,type_a_ladder,type_a_ladder,False,False,0.0583,-0.3333,65,42.25,strategy_S9-149__TYPE_A:NIFTY:2026-04-15T13:46:20:SHORT
2026-04-15,13:46:50,2026-04-15,13:47:16,NIFTY,SELL,TYPE_A,MID_ENTRY,MICROPRICE_EXIT,24211.05,24208.35,NIFTY21APR2624250PE,24250.0,PE,234.4,236.15,234.18,236.34,235.0,235.0,0.021352,0.021153,ws,ws,type_a_ladder,type_a_ladder,False,False,0.225,-0.1875,65,113.75,strategy_S9-149__TYPE_A:NIFTY:2026-04-15T13:46:50:SHORT
2026-04-15,13:49:05,2026-04-15,13:49:35,NIFTY,SELL,TYPE_A,MID_ENTRY,MICROPRICE_EXIT,24204.05,24202.6,NIFTY21APR2624250PE,24250.0,PE,236.55,238.45,236.48,238.8,240.0,235.0,0.021155,0.020949,ws,ws,type_a_ladder,type_a_ladder,False,False,0.0667,-0.35,65,123.5,strategy_S9-149__TYPE_A:NIFTY:2026-04-15T13:49:05:SHORT
2026-04-15,13:49:50,2026-04-15,13:50:13,NIFTY,BUY,TYPE_A,MID_ENTRY,MICROPRICE_EXIT,24205.55,24206.7,NIFTY21APR2624200CE,24200.0,CE,232.0,232.75,231.82,232.82,235.0,230.0,0.021568,0.021473,ws,ws,type_a_ladder,type_a_ladder,False,False,0.175,-0.0667,65,48.75,strategy_S9-149__TYPE_A:NIFTY:2026-04-15T13:49:50:LONG
2026-04-15,13:50:44,2026-04-15,13:51:05,NIFTY,BUY,TYPE_A,MID_ENTRY,MICROPRICE_EXIT,24208.7,24208.8,NIFTY21APR2624200CE,24200.0,CE,232.95,233.55,232.9,233.71,235.0,230.0,0.02148,0.0214,ws,ws,type_a_ladder,type_a_ladder,False,False,0.05,-0.16,65,39.0,strategy_S9-149__TYPE_A:NIFTY:2026-04-15T13:50:44:LONG
2026-04-15,13:51:42,2026-04-15,13:51:45,NIFTY,BUY,TYPE_A,MID_ENTRY,MICROPRICE_EXIT,24211.1,24209.4,NIFTY21APR2624200CE,24200.0,CE,234.4,233.2,234.27,233.3,235.0,230.0,0.021352,0.021422,ws,ws,type_a_ladder,type_a_ladder,False,False,0.1286,-0.1,65,-78.0,strategy_S9-149__TYPE_A:NIFTY:2026-04-15T13:51:42:LONG
2026-04-15,13:51:50,2026-04-15,13:51:55,NIFTY,BUY,TYPE_A,MID_ENTRY,MICROPRICE_EXIT,24211.45,24209.3,NIFTY21APR2624200CE,24200.0,CE,234.0,233.0,233.95,233.14,235.0,230.0,0.02139,0.02145,ws,ws,type_a_ladder,type_a_ladder,False,False,0.05,-0.1379,65,-65.0,strategy_S9-149__TYPE_A:NIFTY:2026-04-15T13:51:50:LONG
2026-04-15,13:52:03,2026-04-15,13:52:20,NIFTY,SELL,TYPE_A,MID_ENTRY,MICROPRICE_EXIT,24206.15,24208.45,NIFTY21APR2624250PE,24250.0,PE,236.6,235.9,236.41,235.97,240.0,235.0,0.021144,0.021169,ws,ws,type_a_ladder,type_a_ladder,False,False,0.1875,-0.0706,65,-45.5,strategy_S9-149__TYPE_A:NIFTY:2026-04-15T13:52:03:SHORT
2026-04-15,13:52:32,2026-04-15,13:52:50,NIFTY,SELL,TYPE_A,MID_ENTRY,MICROPRICE_EXIT,24202.95,24201.7,NIFTY21APR2624250PE,24250.0,PE,238.0,238.6,237.78,238.88,240.0,235.0,0.021028,0.02094,ws,ws,type_a_ladder,type_a_ladder,False,False,0.225,-0.28,65,39.0,strategy_S9-149__TYPE_A:NIFTY:2026-04-15T13:52:32:SHORT
2026-04-15,13:53:20,2026-04-15,13:53:35,NIFTY,SELL,TYPE_A,MID_ENTRY,MICROPRICE_EXIT,24196.95,24197.2,NIFTY21APR2624200PE,24200.0,PE,217.95,217.35,217.6,217.72,220.0,215.0,0.02297,0.022978,ws,ws,type_a_ladder,type_a_ladder,False,False,0.3474,-0.375,65,-39.0,strategy_S9-149__TYPE_A:NIFTY:2026-04-15T13:53:20:SHORT
2026-04-15,13:54:03,2026-04-15,13:54:28,NIFTY,BUY,TYPE_A,MID_ENTRY,MICROPRICE_EXIT,24200.8,24200.85,NIFTY21APR2624200CE,24200.0,CE,231.5,230.65,231.31,230.74,235.0,230.0,0.021608,0.021671,ws,ws,type_a_ladder,type_a_ladder,False,False,0.1867,-0.09,65,-55.25,strategy_S9-149__TYPE_A:NIFTY:2026-04-15T13:54:03:LONG
2026-04-15,13:55:50,2026-04-15,13:56:15,NIFTY,BUY,TYPE_A,MID_ENTRY,MICROPRICE_EXIT,24205.75,24206.05,NIFTY21APR2624200CE,24200.0,CE,233.15,233.45,233.06,233.91,235.0,230.0,0.021471,0.021395,ws,ws,type_a_ladder,type_a_ladder,False,False,0.0868,-0.4643,65,19.5,strategy_S9-149__TYPE_A:NIFTY:2026-04-15T13:55:50:LONG
2026-04-15,13:56:20,2026-04-15,13:57:12,NIFTY,BUY,TYPE_A,MID_ENTRY,MICROPRICE_EXIT,24208.25,24216.75,NIFTY21APR2624200CE,24200.0,CE,234.4,237.2,234.11,237.45,235.0,235.0,0.021358,0.021057,ws,ws,type_a_ladder,type_a_ladder,False,False,0.2857,-0.25,65,182.0,strategy_S9-149__TYPE_A:NIFTY:2026-04-15T13:56:20:LONG
2026-04-15,13:57:55,2026-04-15,13:58:24,NIFTY,SELL,TYPE_A,MID_ENTRY,MICROPRICE_EXIT,24214.95,24214.5,NIFTY21APR2624250PE,24250.0,PE,231.4,231.2,231.1,231.24,235.0,230.0,0.021626,0.021608,ws,ws,type_a_ladder,type_a_ladder,False,False,0.3,-0.0364,65,-13.0,strategy_S9-149__TYPE_A:NIFTY:2026-04-15T13:57:55:SHORT
2026-04-15,13:58:45,2026-04-15,13:59:10,NIFTY,BUY,TYPE_A,MID_ENTRY,MICROPRICE_EXIT,24216.9,24217.15,NIFTY21APR2624200CE,24200.0,CE,238.9,236.75,238.7,236.81,240.0,235.0,0.020947,0.021115,ws,ws,type_a_ladder,type_a_ladder,False,False,0.2,-0.0571,65,-139.75,strategy_S9-149__TYPE_A:NIFTY:2026-04-15T13:58:45:LONG
2026-04-15,13:59:32,2026-04-15,13:59:50,NIFTY,BUY,TYPE_A,MID_ENTRY,MICROPRICE_EXIT,24218.9,24219.5,NIFTY21APR2624200CE,24200.0,CE,237.3,239.05,237.12,239.35,240.0,235.0,0.021086,0.020892,ws,ws,type_a_ladder,type_a_ladder,False,False,0.175,-0.3,65,113.75,strategy_S9-149__TYPE_A:NIFTY:2026-04-15T13:59:32:LONG
2026-04-15,14:00:16,2026-04-15,14:00:44,NIFTY,BUY,TYPE_A,MID_ENTRY,MICROPRICE_EXIT,24224.2,24225.7,NIFTY21APR2624200CE,24200.0,CE,239.8,240.65,239.57,240.75,240.0,240.0,0.02087,0.020768,ws,ws,type_a_ladder,type_a_ladder,False,False,0.225,-0.1,65,55.25,strategy_S9-149__TYPE_A:NIFTY:2026-04-15T14:00:16:LONG
2026-04-15,14:01:28,2026-04-15,14:01:35,NIFTY,SELL,TYPE_A,MID_ENTRY,MICROPRICE_EXIT,24224.8,24225.35,NIFTY21APR2624250PE,24250.0,PE,227.25,227.45,227.14,227.58,230.0,225.0,0.022014,0.021964,ws,ws,type_a_ladder,type_a_ladder,False,False,0.1071,-0.1333,65,13.0,strategy_S9-149__TYPE_A:NIFTY:2026-04-15T14:01:28:SHORT
2026-04-15,14:01:41,2026-04-15,14:02:01,NIFTY,SELL,TYPE_A,MID_ENTRY,MICROPRICE_EXIT,24223.4,24225.45,NIFTY21APR2624250PE,24250.0,PE,227.7,226.05,227.34,226.17,230.0,225.0,0.02198,0.022097,ws,ws,type_a_ladder,type_a_ladder,False,False,0.36,-0.1227,65,-107.25,strategy_S9-149__TYPE_A:NIFTY:2026-04-15T14:01:41:SHORT
2026-04-15,14:02:50,2026-04-15,14:02:58,NIFTY,BUY,TYPE_A,MID_ENTRY,MICROPRICE_EXIT,24226.5,24224.3,NIFTY21APR2624200CE,24200.0,CE,241.9,240.85,241.81,240.93,245.0,240.0,0.020685,0.020753,ws,ws,type_a_ladder,type_a_ladder,False,False,0.0921,-0.075,65,-68.25,strategy_S9-149__TYPE_A:NIFTY:2026-04-15T14:02:50:LONG
2026-04-15,14:03:20,2026-04-15,14:03:20,NIFTY,SELL,TYPE_A,MID_ENTRY,MICROPRICE_EXIT,24221.9,24223.85,NIFTY21APR2624250PE,24250.0,PE,225.5,225.3,225.19,225.6,230.0,225.0,0.02219,0.02217,ws,ws,type_a_ladder,type_a_ladder,False,False,0.315,-0.3,65,-13.0,strategy_S9-149__TYPE_A:NIFTY:2026-04-15T14:03:20:SHORT
2026-04-15,14:03:35,2026-04-15,14:04:02,NIFTY,BUY,TYPE_A,MID_ENTRY,MICROPRICE_EXIT,24225.8,24227.1,NIFTY21APR2624200CE,24200.0,CE,241.8,244.1,241.63,244.21,245.0,240.0,0.0207,0.020469,ws,ws,type_a_ladder,type_a_ladder,False,False,0.1667,-0.1094,65,149.5,strategy_S9-149__TYPE_A:NIFTY:2026-04-15T14:03:35:LONG
2026-04-15,14:04:20,2026-04-15,14:04:35,NIFTY,BUY,TYPE_A,MID_ENTRY,MICROPRICE_EXIT,24230.05,24227.05,NIFTY21APR2624200CE,24200.0,CE,245.4,242.45,245.25,242.83,250.0,240.0,0.020394,0.020606,ws,ws,type_a_ladder,type_a_ladder,False,False,0.15,-0.3818,65,-191.75,strategy_S9-149__TYPE_A:NIFTY:2026-04-15T14:04:20:LONG
2026-04-15,14:04:44,2026-04-15,14:04:57,NIFTY,SELL,TYPE_A,MID_ENTRY,MICROPRICE_EXIT,24225.85,24225.85,NIFTY21APR2624250PE,24250.0,PE,225.0,224.4,224.57,224.6,225.0,220.0,0.022244,0.022259,ws,ws,type_a_ladder,type_a_ladder,False,False,0.426,-0.2045,65,-39.0,strategy_S9-149__TYPE_A:NIFTY:2026-04-15T14:04:44:SHORT
2026-04-15,14:05:20,2026-04-15,14:05:24,NIFTY,BUY,TYPE_A,MID_ENTRY,MICROPRICE_EXIT,24228.35,24225.5,NIFTY21APR2624200CE,24200.0,CE,243.0,242.75,242.89,242.8,245.0,240.0,0.020599,0.020572,ws,ws,type_a_ladder,type_a_ladder,False,False,0.11,-0.05,65,-16.25,strategy_S9-149__TYPE_A:NIFTY:2026-04-15T14:05:20:LONG
2026-04-15,14:10:41,2026-04-15,14:10:50,NIFTY,SELL,TYPE_A,MID_ENTRY,MICROPRICE_EXIT,24221.2,24222.55,NIFTY21APR2624250PE,24250.0,PE,226.95,226.2,226.85,226.6,230.0,225.0,0.022053,0.022082,ws,ws,type_a_ladder,type_a_ladder,False,False,0.1,-0.4,65,-48.75,strategy_S9-149__TYPE_A:NIFTY:2026-04-15T14:10:41:SHORT
2026-04-15,14:11:19,2026-04-15,14:11:27,NIFTY,SELL,TYPE_A,MID_ENTRY,MICROPRICE_EXIT,24220.25,24221.7,NIFTY21APR2624250PE,24250.0,PE,229.0,228.2,228.87,228.54,230.0,225.0,0.021841,0.021884,ws,ws,type_a_ladder,type_a_ladder,False,False,0.1327,-0.3438,65,-52.0,strategy_S9-149__TYPE_A:NIFTY:2026-04-15T14:11:19:SHORT
2026-04-15,14:11:40,2026-04-15,14:11:50,NIFTY,SELL,TYPE_A,MID_ENTRY,MICROPRICE_EXIT,24220.3,24221.2,NIFTY21APR2624250PE,24250.0,PE,229.7,228.15,229.63,228.18,230.0,225.0,0.021791,0.021894,ws,ws,type_a_ladder,type_a_ladder,False,False,0.0714,-0.0321,65,-100.75,strategy_S9-149__TYPE_A:NIFTY:2026-04-15T14:11:40:SHORT
2026-04-15,14:12:01,2026-04-15,14:13:09,NIFTY,BUY,TYPE_A,MID_ENTRY,MICROPRICE_EXIT,24228.35,24235.7,NIFTY21APR2624200CE,24200.0,CE,241.4,245.6,241.36,245.76,245.0,245.0,0.020725,0.020342,ws,ws,type_a_ladder,type_a_ladder,False,False,0.0375,-0.1647,65,273.0,strategy_S9-149__TYPE_A:NIFTY:2026-04-15T14:12:01:LONG
2026-04-15,14:13:30,2026-04-15,14:13:35,NIFTY,SELL,TYPE_A,MID_ENTRY,MICROPRICE_EXIT,24232.05,24233.6,NIFTY21APR2624250PE,24250.0,PE,221.75,221.35,221.66,221.52,225.0,220.0,0.022568,0.022566,ws,ws,type_a_ladder,type_a_ladder,False,False,0.0889,-0.1688,65,-26.0,strategy_S9-149__TYPE_A:NIFTY:2026-04-15T14:13:30:SHORT
2026-04-15,14:13:47,2026-04-15,14:13:58,NIFTY,SELL,TYPE_A,MID_ENTRY,MICROPRICE_EXIT,24229.9,24233.0,NIFTY21APR2624250PE,24250.0,PE,223.0,222.2,222.63,222.26,225.0,220.0,0.022442,0.022474,ws,ws,type_a_ladder,type_a_ladder,False,False,0.368,-0.0569,65,-52.0,strategy_S9-149__TYPE_A:NIFTY:2026-04-15T14:13:47:SHORT
2026-04-15,14:14:14,2026-04-15,14:14:20,NIFTY,SELL,TYPE_A,MID_ENTRY,MICROPRICE_EXIT,24227.95,24229.85,NIFTY21APR2624250PE,24250.0,PE,223.75,223.95,223.42,224.08,225.0,220.0,0.022366,0.022306,ws,ws,type_a_ladder,type_a_ladder,False,False,0.3333,-0.1333,65,13.0,strategy_S9-149__TYPE_A:NIFTY:2026-04-15T14:14:14:SHORT
2026-04-15,14:14:45,2026-04-15,14:15:00,NIFTY,SELL,TYPE_A,MID_ENTRY,MICROPRICE_EXIT,24227.4,24227.2,NIFTY21APR2624250PE,24250.0,PE,222.4,222.65,222.22,222.81,225.0,220.0,0.0225,0.022434,ws,ws,type_a_ladder,type_a_ladder,False,False,0.175,-0.1607,65,16.25,strategy_S9-149__TYPE_A:NIFTY:2026-04-15T14:14:45:SHORT
2026-04-15,14:15:22,2026-04-15,14:16:16,NIFTY,SELL,TYPE_A,MID_ENTRY,MICROPRICE_EXIT,24226.1,24221.45,NIFTY21APR2624250PE,24250.0,PE,225.05,225.0,225.03,225.37,230.0,225.0,0.02222,0.022202,ws,ws,type_a_ladder,type_a_ladder,False,False,0.0167,-0.3707,65,-3.25,strategy_S9-149__TYPE_A:NIFTY:2026-04-15T14:15:22:SHORT
2026-04-15,14:16:31,2026-04-15,14:17:51,NIFTY,BUY,TYPE_A,MID_ENTRY,MICROPRICE_EXIT,24222.95,24230.0,NIFTY21APR2624200CE,24200.0,CE,239.15,240.6,238.86,240.8,240.0,240.0,0.020929,0.020768,ws,ws,type_a_ladder,type_a_ladder,False,False,0.2857,-0.2,65,94.25,strategy_S9-149__TYPE_A:NIFTY:2026-04-15T14:16:31:LONG
2026-04-15,14:18:00,2026-04-15,14:18:02,NIFTY,SELL,TYPE_A,MID_ENTRY,MICROPRICE_EXIT,24227.95,24230.25,NIFTY21APR2624250PE,24250.0,PE,223.1,222.15,222.73,222.25,225.0,220.0,0.022432,0.022492,ws,ws,type_a_ladder,type_a_ladder,False,False,0.371,-0.1,65,-61.75,strategy_S9-149__TYPE_A:NIFTY:2026-04-15T14:18:00:SHORT
2026-04-15,14:18:10,2026-04-15,14:18:20,NIFTY,SELL,TYPE_A,MID_ENTRY,MICROPRICE_EXIT,24226.9,24226.55,NIFTY21APR2624250PE,24250.0,PE,224.0,224.4,223.74,224.65,225.0,220.0,0.022339,0.022257,ws,ws,type_a_ladder,type_a_ladder,False,False,0.2649,-0.25,65,26.0,strategy_S9-149__TYPE_A:NIFTY:2026-04-15T14:18:10:SHORT
2026-04-15,14:19:43,2026-04-15,14:21:14,NIFTY,BUY,TYPE_A,MID_ENTRY,MICROPRICE_EXIT,24225.65,24233.3,NIFTY21APR2624200CE,24200.0,CE,239.45,242.1,239.15,242.44,240.0,240.0,0.020903,0.020633,ws,ws,type_a_ladder,type_a_ladder,False,False,0.3,-0.3375,65,172.25,strategy_S9-149__TYPE_A:NIFTY:2026-04-15T14:19:43:LONG
2026-04-15,14:21:49,2026-04-15,14:22:13,NIFTY,BUY,TYPE_A,MID_ENTRY,MICROPRICE_EXIT,24236.45,24239.0,NIFTY21APR2624200CE,24200.0,CE,244.2,245.6,243.77,245.64,245.0,245.0,0.0205,0.020342,ws,ws,type_a_ladder,type_a_ladder,False,False,0.4286,-0.0381,65,91.0,strategy_S9-149__TYPE_A:NIFTY:2026-04-15T14:21:49:LONG
2026-04-15,14:22:34,2026-04-15,14:22:46,NIFTY,SELL,TYPE_A,MID_ENTRY,BID_EXIT_STAGE1,24232.8,24232.25,NIFTY21APR2624250PE,24250.0,PE,220.5,219.95,220.14,220.03,225.0,215.0,0.022699,0.02272,ws,ws,type_a_ladder,type_a_ladder,False,True,0.36,-0.0833,65,-35.75,strategy_S9-149__TYPE_A:NIFTY:2026-04-15T14:22:34:SHORT
2026-04-15,14:23:14,2026-04-15,14:23:51,NIFTY,SELL,TYPE_A,MID_ENTRY,MICROPRICE_EXIT,24229.2,24224.2,NIFTY21APR2624250PE,24250.0,PE,221.45,222.65,221.25,222.83,225.0,220.0,0.022599,0.022437,ws,ws,type_a_ladder,type_a_ladder,False,False,0.2,-0.1778,65,78.0,strategy_S9-149__TYPE_A:NIFTY:2026-04-15T14:23:14:SHORT
2026-04-15,14:24:14,2026-04-15,14:24:35,NIFTY,SELL,TYPE_A,MID_ENTRY,MICROPRICE_EXIT,24220.15,24219.35,NIFTY21APR2624250PE,24250.0,PE,222.95,223.5,222.84,223.81,225.0,220.0,0.022447,0.022344,ws,ws,type_a_ladder,type_a_ladder,False,False,0.1143,-0.3056,65,35.75,strategy_S9-149__TYPE_A:NIFTY:2026-04-15T14:24:14:SHORT
2026-04-15,14:24:40,2026-04-15,14:24:45,NIFTY,BUY,TYPE_A,MID_ENTRY,MICROPRICE_EXIT,24220.35,24217.9,NIFTY21APR2624200CE,24200.0,CE,241.35,240.35,240.99,240.74,245.0,240.0,0.020734,0.020784,ws,ws,type_a_ladder,type_a_ladder,False,False,0.3556,-0.3938,65,-65.0,strategy_S9-149__TYPE_A:NIFTY:2026-04-15T14:24:40:LONG
2026-04-15,14:24:50,2026-04-15,14:25:11,NIFTY,SELL,TYPE_A,MID_ENTRY,MICROPRICE_EXIT,24214.45,24217.05,NIFTY21APR2624250PE,24250.0,PE,224.55,223.65,224.47,224.05,225.0,220.0,0.022289,0.022331,ws,ws,type_a_ladder,type_a_ladder,False,False,0.0818,-0.4,65,-58.5,strategy_S9-149__TYPE_A:NIFTY:2026-04-15T14:24:50:SHORT
2026-04-15,14:25:20,2026-04-15,14:25:43,NIFTY,BUY,TYPE_A,MID_ENTRY,MICROPRICE_EXIT,24225.25,24223.35,NIFTY21APR2624200CE,24200.0,CE,243.0,240.4,242.47,240.73,245.0,240.0,0.020599,0.020777,ws,ws,type_a_ladder,type_a_ladder,False,False,0.5283,-0.3333,65,-169.0,strategy_S9-149__TYPE_A:NIFTY:2026-04-15T14:25:20:LONG
2026-04-15,14:26:31,2026-04-15,14:27:30,NIFTY,BUY,TYPE_A,MID_ENTRY,MICROPRICE_EXIT,24228.8,24234.15,NIFTY21APR2624200CE,24200.0,CE,243.45,243.5,243.06,243.72,245.0,240.0,0.020557,0.020517,ws,ws,type_a_ladder,type_a_ladder,False,False,0.3857,-0.2222,65,3.25,strategy_S9-149__TYPE_A:NIFTY:2026-04-15T14:26:31:LONG
2026-04-15,14:28:02,2026-04-15,14:28:12,NIFTY,SELL,TYPE_A,MID_ENTRY,MICROPRICE_EXIT,24232.05,24232.65,NIFTY21APR2624250PE,24250.0,PE,220.5,221.05,220.19,221.25,225.0,220.0,0.022696,0.022599,ws,ws,type_a_ladder,type_a_ladder,False,False,0.3111,-0.2,65,35.75,strategy_S9-149__TYPE_A:NIFTY:2026-04-15T14:28:02:SHORT
2026-04-15,14:28:22,2026-04-15,14:28:35,NIFTY,SELL,TYPE_A,MID_ENTRY,MICROPRICE_EXIT,24227.75,24229.3,NIFTY21APR2624250PE,24250.0,PE,221.15,221.25,220.91,221.26,225.0,220.0,0.022624,0.022586,ws,ws,type_a_ladder,type_a_ladder,False,False,0.24,-0.0132,65,6.5,strategy_S9-149__TYPE_A:NIFTY:2026-04-15T14:28:22:SHORT
2026-04-15,14:28:52,2026-04-15,14:29:18,NIFTY,BUY,TYPE_A,MID_ENTRY,MICROPRICE_EXIT,24230.65,24230.9,NIFTY21APR2624200CE,24200.0,CE,242.65,241.65,242.38,241.9,245.0,240.0,0.020629,0.020678,ws,ws,type_a_ladder,type_a_ladder,False,False,0.275,-0.25,65,-65.0,strategy_S9-149__TYPE_A:NIFTY:2026-04-15T14:28:52:LONG
2026-04-15,14:29:57,2026-04-15,14:30:35,NIFTY,BUY,TYPE_A,MID_ENTRY,MICROPRICE_EXIT,24233.6,24235.7,NIFTY21APR2624200CE,24200.0,CE,244.3,246.85,244.06,247.22,245.0,245.0,0.020481,0.020237,ws,ws,type_a_ladder,type_a_ladder,False,False,0.245,-0.375,65,165.75,strategy_S9-149__TYPE_A:NIFTY:2026-04-15T14:29:57:LONG
2026-04-15,14:30:55,2026-04-15,14:31:05,NIFTY,SELL,TYPE_A,MID_ENTRY,MICROPRICE_EXIT,24232.9,24234.55,NIFTY21APR2624250PE,24250.0,PE,215.4,216.05,215.12,216.3,220.0,215.0,0.023229,0.023116,ws,ws,type_a_ladder,type_a_ladder,False,False,0.2769,-0.25,65,42.25,strategy_S9-149__TYPE_A:NIFTY:2026-04-15T14:30:55:SHORT
2026-04-15,14:32:20,2026-04-15,14:32:39,NIFTY,BUY,TYPE_A,MID_ENTRY,MICROPRICE_EXIT,24236.7,24232.45,NIFTY21APR2624200CE,24200.0,CE,244.7,244.5,244.27,244.79,245.0,240.0,0.020454,0.020431,ws,ws,type_a_ladder,type_a_ladder,False,False,0.4286,-0.2893,65,-13.0,strategy_S9-149__TYPE_A:NIFTY:2026-04-15T14:32:20:LONG
2026-04-15,14:32:40,2026-04-15,14:33:20,NIFTY,SELL,TYPE_A,MID_ENTRY,MICROPRICE_EXIT,24231.9,24230.85,NIFTY21APR2624250PE,24250.0,PE,219.6,220.0,219.35,220.14,220.0,220.0,0.022792,0.022709,ws,ws,type_a_ladder,type_a_ladder,False,False,0.2455,-0.14,65,26.0,strategy_S9-149__TYPE_A:NIFTY:2026-04-15T14:32:40:SHORT
2026-04-15,14:34:31,2026-04-15,14:34:55,NIFTY,BUY,TYPE_A,MID_ENTRY,MICROPRICE_EXIT,24234.4,24234.2,NIFTY21APR2624200CE,24200.0,CE,242.5,242.25,242.16,242.42,245.0,240.0,0.020638,0.020625,ws,ws,type_a_ladder,type_a_ladder,False,False,0.3375,-0.1685,65,-16.25,strategy_S9-149__TYPE_A:NIFTY:2026-04-15T14:34:31:LONG
2026-04-15,14:35:40,2026-04-15,14:35:50,NIFTY,SELL,TYPE_A,MID_ENTRY,MICROPRICE_EXIT,24232.85,24232.1,NIFTY21APR2624250PE,24250.0,PE,221.0,221.05,220.82,221.15,225.0,220.0,0.022635,0.022591,ws,ws,type_a_ladder,type_a_ladder,False,False,0.1786,-0.1,65,3.25,strategy_S9-149__TYPE_A:NIFTY:2026-04-15T14:35:40:SHORT
2026-04-15,14:36:41,2026-04-15,14:36:50,NIFTY,SELL,TYPE_A,MID_ENTRY,MICROPRICE_EXIT,24231.2,24231.7,NIFTY21APR2624250PE,24250.0,PE,221.8,222.15,221.56,222.4,225.0,220.0,0.022558,0.022485,ws,ws,type_a_ladder,type_a_ladder,False,False,0.24,-0.2455,65,22.75,strategy_S9-149__TYPE_A:NIFTY:2026-04-15T14:36:41:SHORT
2026-04-15,14:37:04,2026-04-15,14:37:45,NIFTY,SELL,TYPE_A,MID_ENTRY,MICROPRICE_EXIT,24228.2,24224.05,NIFTY21APR2624250PE,24250.0,PE,222.95,224.0,222.7,224.24,225.0,220.0,0.022452,0.022297,ws,ws,type_a_ladder,type_a_ladder,False,False,0.25,-0.2391,65,68.25,strategy_S9-149__TYPE_A:NIFTY:2026-04-15T14:37:04:SHORT
2026-04-15,14:37:50,2026-04-15,14:37:59,NIFTY,BUY,TYPE_A,MID_ENTRY,MICROPRICE_EXIT,24226.0,24224.8,NIFTY21APR2624200CE,24200.0,CE,237.25,236.5,237.12,236.72,240.0,235.0,0.021086,0.02113,ws,ws,type_a_ladder,type_a_ladder,False,False,0.125,-0.2188,65,-48.75,strategy_S9-149__TYPE_A:NIFTY:2026-04-15T14:37:50:LONG
2026-04-15,14:38:24,2026-04-15,14:38:35,NIFTY,BUY,TYPE_A,MID_ENTRY,MICROPRICE_EXIT,24228.0,24224.95,NIFTY21APR2624200CE,24200.0,CE,236.5,235.85,236.37,235.91,240.0,235.0,0.021148,0.021189,ws,ws,type_a_ladder,type_a_ladder,False,False,0.1312,-0.0625,65,-42.25,strategy_S9-149__TYPE_A:NIFTY:2026-04-15T14:38:24:LONG
2026-04-15,14:38:43,2026-04-15,14:39:05,NIFTY,SELL,TYPE_A,MID_ENTRY,MICROPRICE_EXIT,24222.0,24221.75,NIFTY21APR2624250PE,24250.0,PE,226.0,226.25,225.67,226.44,230.0,225.0,0.022141,0.022077,ws,ws,type_a_ladder,type_a_ladder,False,False,0.3339,-0.1929,65,16.25,strategy_S9-149__TYPE_A:NIFTY:2026-04-15T14:38:43:SHORT
2026-04-15,14:39:41,2026-04-15,14:40:35,NIFTY,BUY,TYPE_A,MID_ENTRY,MICROPRICE_EXIT,24223.25,24226.7,NIFTY21APR2624200CE,24200.0,CE,235.6,235.65,235.17,235.67,240.0,235.0,0.021245,0.021207,ws,ws,type_a_ladder,type_a_ladder,False,False,0.4348,-0.0179,65,3.25,strategy_S9-149__TYPE_A:NIFTY:2026-04-15T14:39:41:LONG
2026-04-15,14:40:46,2026-04-15,14:41:11,NIFTY,BUY,TYPE_A,MID_ENTRY,MICROPRICE_EXIT,24229.15,24229.35,NIFTY21APR2624200CE,24200.0,CE,236.2,235.75,235.8,235.78,240.0,235.0,0.021193,0.021207,ws,ws,type_a_ladder,type_a_ladder,False,False,0.4033,-0.025,65,-29.25,strategy_S9-149__TYPE_A:NIFTY:2026-04-15T14:40:46:LONG
2026-04-15,14:41:20,2026-04-15,14:41:25,NIFTY,BUY,TYPE_A,MID_ENTRY,MICROPRICE_EXIT,24230.5,24228.05,NIFTY21APR2624200CE,24200.0,CE,237.7,236.9,237.46,237.08,240.0,235.0,0.021059,0.021086,ws,ws,type_a_ladder,type_a_ladder,False,False,0.2406,-0.18,65,-52.0,strategy_S9-149__TYPE_A:NIFTY:2026-04-15T14:41:20:LONG
2026-04-15,14:41:35,2026-04-15,14:42:00,NIFTY,BUY,TYPE_A,MID_ENTRY,MICROPRICE_EXIT,24231.05,24230.05,NIFTY21APR2624200CE,24200.0,CE,237.6,237.5,237.45,237.75,240.0,235.0,0.021057,0.021039,ws,ws,type_a_ladder,type_a_ladder,False,False,0.15,-0.25,65,-6.5,strategy_S9-149__TYPE_A:NIFTY:2026-04-15T14:41:35:LONG
2026-04-15,14:43:05,2026-04-15,14:43:21,NIFTY,BUY,TYPE_A,MID_ENTRY,BID_EXIT_STAGE1,24235.2,24233.1,NIFTY21APR2624200CE,24200.0,CE,240.4,239.85,240.03,240.15,245.0,235.0,0.020822,0.020827,ws,ws,type_a_ladder,type_a_ladder,False,True,0.3667,-0.3,65,-35.75,strategy_S9-149__TYPE_A:NIFTY:2026-04-15T14:43:05:LONG
2026-04-15,14:43:38,2026-04-15,14:43:51,NIFTY,BUY,TYPE_A,MID_ENTRY,MICROPRICE_EXIT,24235.4,24233.5,NIFTY21APR2624200CE,24200.0,CE,241.35,240.5,241.29,240.81,245.0,240.0,0.020734,0.020768,ws,ws,type_a_ladder,type_a_ladder,False,False,0.0571,-0.3125,65,-55.25,strategy_S9-149__TYPE_A:NIFTY:2026-04-15T14:43:38:LONG
2026-04-15,14:44:13,2026-04-15,14:44:35,NIFTY,SELL,TYPE_A,MID_ENTRY,MICROPRICE_EXIT,24232.55,24233.55,NIFTY21APR2624250PE,24250.0,PE,223.95,225.0,223.83,225.08,225.0,225.0,0.022336,0.022202,ws,ws,type_a_ladder,type_a_ladder,False,False,0.1222,-0.08,65,68.25,strategy_S9-149__TYPE_A:NIFTY:2026-04-15T14:44:13:SHORT
2026-04-15,14:45:05,2026-04-15,14:45:30,NIFTY,BUY,TYPE_A,MID_ENTRY,MICROPRICE_EXIT,24235.7,24235.8,NIFTY21APR2624200CE,24200.0,CE,244.85,244.0,244.78,244.05,245.0,240.0,0.020444,0.020479,ws,ws,type_a_ladder,type_a_ladder,False,False,0.0743,-0.0545,65,-55.25,strategy_S9-149__TYPE_A:NIFTY:2026-04-15T14:45:05:LONG
2026-04-15,14:45:42,2026-04-15,14:45:57,NIFTY,SELL,TYPE_A,MID_ENTRY,MICROPRICE_EXIT,24233.6,24234.15,NIFTY21APR2624250PE,24250.0,PE,226.3,226.3,226.26,226.59,230.0,225.0,0.022112,0.022075,ws,ws,type_a_ladder,type_a_ladder,False,False,0.0389,-0.2909,65,0.0,strategy_S9-149__TYPE_A:NIFTY:2026-04-15T14:45:42:SHORT
2026-04-15,14:46:10,2026-04-15,14:46:20,NIFTY,SELL,TYPE_A,MID_ENTRY,MICROPRICE_EXIT,24232.4,24233.95,NIFTY21APR2624250PE,24250.0,PE,225.95,225.7,225.73,225.85,230.0,225.0,0.022153,0.022131,ws,ws,type_a_ladder,type_a_ladder,False,False,0.2222,-0.15,65,-16.25,strategy_S9-149__TYPE_A:NIFTY:2026-04-15T14:46:10:SHORT
2026-04-15,14:46:41,2026-04-15,14:47:04,NIFTY,BUY,TYPE_A,MID_ENTRY,MICROPRICE_EXIT,24235.35,24233.9,NIFTY21APR2624200CE,24200.0,CE,242.95,242.35,242.82,242.68,245.0,240.0,0.020595,0.020608,ws,ws,type_a_ladder,type_a_ladder,False,False,0.1312,-0.325,65,-39.0,strategy_S9-149__TYPE_A:NIFTY:2026-04-15T14:46:41:LONG
2026-04-15,14:47:27,2026-04-15,14:48:17,NIFTY,BUY,TYPE_A,MID_ENTRY,MICROPRICE_EXIT,24236.6,24239.0,NIFTY21APR2624200CE,24200.0,CE,243.0,244.25,242.6,244.29,245.0,240.0,0.020595,0.020465,ws,ws,type_a_ladder,type_a_ladder,False,False,0.396,-0.0375,65,81.25,strategy_S9-149__TYPE_A:NIFTY:2026-04-15T14:47:27:LONG
2026-04-15,14:49:01,2026-04-15,14:49:20,NIFTY,BUY,TYPE_A,MID_ENTRY,MICROPRICE_EXIT,24238.85,24239.55,NIFTY21APR2624200CE,24200.0,CE,243.95,245.4,243.93,245.65,245.0,245.0,0.020502,0.020354,ws,ws,type_a_ladder,type_a_ladder,False,False,0.0187,-0.25,65,94.25,strategy_S9-149__TYPE_A:NIFTY:2026-04-15T14:49:01:LONG
2026-04-15,14:49:41,2026-04-15,14:50:05,NIFTY,BUY,TYPE_A,MID_ENTRY,MICROPRICE_EXIT,24244.45,24243.6,NIFTY21APR2624200CE,24200.0,CE,247.0,247.05,246.85,247.18,250.0,245.0,0.020249,0.020227,ws,ws,type_a_ladder,type_a_ladder,False,False,0.1469,-0.125,65,3.25,strategy_S9-149__TYPE_A:NIFTY:2026-04-15T14:49:41:LONG
2026-04-15,14:50:13,2026-04-15,14:50:31,NIFTY,SELL,TYPE_A,MID_ENTRY,MICROPRICE_EXIT,24239.15,24238.35,NIFTY21APR2624250PE,24250.0,PE,222.85,222.85,222.76,222.88,225.0,220.0,0.022457,0.022434,ws,ws,type_a_ladder,type_a_ladder,False,False,0.0923,-0.025,65,0.0,strategy_S9-149__TYPE_A:NIFTY:2026-04-15T14:50:13:SHORT
2026-04-15,14:51:03,2026-04-15,14:53:02,NIFTY,BUY,TYPE_A,MID_ENTRY,MICROPRICE_EXIT,24238.9,24259.25,NIFTY21APR2624200CE,24200.0,CE,246.1,255.7,245.87,256.12,250.0,255.0,0.020338,0.019531,ws,ws,type_a_ladder,type_a_ladder,False,False,0.2273,-0.4235,65,624.0,strategy_S9-149__TYPE_A:NIFTY:2026-04-15T14:51:03:LONG
2026-04-15,14:53:38,2026-04-15,14:53:50,NIFTY,SELL,TYPE_A,MID_ENTRY,MICROPRICE_EXIT,24253.85,24253.0,NIFTY21APR2624300PE,24300.0,PE,237.8,237.85,237.67,238.12,240.0,235.0,0.021035,0.021006,ws,ws,type_a_ladder,type_a_ladder,False,False,0.1333,-0.2705,65,3.25,strategy_S9-149__TYPE_A:NIFTY:2026-04-15T14:53:38:SHORT
2026-04-15,14:54:26,2026-04-15,14:54:41,NIFTY,SELL,TYPE_A,MID_ENTRY,MICROPRICE_EXIT,24245.55,24248.2,NIFTY21APR2624250PE,24250.0,PE,216.0,215.4,215.86,215.69,220.0,215.0,0.023167,0.023183,ws,ws,type_a_ladder,type_a_ladder,False,False,0.14,-0.2912,65,-39.0,strategy_S9-149__TYPE_A:NIFTY:2026-04-15T14:54:26:SHORT
2026-04-15,14:54:55,2026-04-15,14:55:02,NIFTY,BUY,TYPE_A,MID_ENTRY,MICROPRICE_EXIT,24251.05,24249.1,NIFTY21APR2624250CE,24250.0,CE,225.65,224.7,225.29,224.8,230.0,220.0,0.02218,0.022235,ws,ws,type_a_ladder,type_a_ladder,False,False,0.36,-0.1,65,-61.75,strategy_S9-149__TYPE_A:NIFTY:2026-04-15T14:54:55:LONG
2026-04-15,14:55:10,2026-04-15,14:55:20,NIFTY,SELL,TYPE_A,MID_ENTRY,MICROPRICE_EXIT,24244.2,24247.85,NIFTY21APR2624250PE,24250.0,PE,216.6,215.75,216.49,215.79,220.0,215.0,0.023105,0.023156,ws,ws,type_a_ladder,type_a_ladder,False,False,0.1143,-0.0389,65,-55.25,strategy_S9-149__TYPE_A:NIFTY:2026-04-15T14:55:10:SHORT
2026-04-15,14:55:42,2026-04-15,14:55:50,NIFTY,SELL,TYPE_A,MID_ENTRY,MICROPRICE_EXIT,24244.35,24246.95,NIFTY21APR2624250PE,24250.0,PE,217.05,216.35,216.8,216.42,220.0,215.0,0.02306,0.023089,ws,ws,type_a_ladder,type_a_ladder,False,False,0.2455,-0.0667,65,-45.5,strategy_S9-149__TYPE_A:NIFTY:2026-04-15T14:55:42:SHORT
2026-04-15,14:56:15,2026-04-15,14:56:28,NIFTY,SELL,TYPE_A,MID_ENTRY,MICROPRICE_EXIT,24240.4,24242.4,NIFTY21APR2624250PE,24250.0,PE,217.0,217.0,216.95,217.22,220.0,215.0,0.023065,0.023018,ws,ws,type_a_ladder,type_a_ladder,False,False,0.05,-0.225,65,0.0,strategy_S9-149__TYPE_A:NIFTY:2026-04-15T14:56:15:SHORT
2026-04-15,14:56:50,2026-04-15,14:57:12,NIFTY,BUY,TYPE_A,MID_ENTRY,MICROPRICE_EXIT,24246.2,24250.65,NIFTY21APR2624200CE,24200.0,CE,251.4,253.3,251.38,253.63,255.0,250.0,0.019891,0.019718,ws,ws,type_a_ladder,type_a_ladder,False,False,0.025,-0.33,65,123.5,strategy_S9-149__TYPE_A:NIFTY:2026-04-15T14:56:50:LONG
2026-04-15,14:57:25,2026-04-15,14:57:51,NIFTY,BUY,TYPE_A,MID_ENTRY,MICROPRICE_EXIT,24252.65,24253.65,NIFTY21APR2624250CE,24250.0,CE,225.55,225.15,225.19,225.28,230.0,225.0,0.02219,0.022178,ws,ws,type_a_ladder,type_a_ladder,False,False,0.36,-0.1286,65,-26.0,strategy_S9-149__TYPE_A:NIFTY:2026-04-15T14:57:25:LONG
2026-04-15,14:58:12,2026-04-15,14:58:16,NIFTY,SELL,TYPE_A,MID_ENTRY,MICROPRICE_EXIT,24252.15,24253.55,NIFTY21APR2624300PE,24300.0,PE,238.95,238.2,238.88,238.54,240.0,235.0,0.020945,0.020969,ws,ws,type_a_ladder,type_a_ladder,False,False,0.075,-0.3393,65,-48.75,strategy_S9-149__TYPE_A:NIFTY:2026-04-15T14:58:12:SHORT
2026-04-15,14:58:43,2026-04-15,14:59:09,NIFTY,BUY,TYPE_A,MID_ENTRY,MICROPRICE_EXIT,24256.7,24257.15,NIFTY21APR2624250CE,24250.0,CE,226.1,226.25,225.96,226.61,230.0,225.0,0.022136,0.022073,ws,ws,type_a_ladder,type_a_ladder,False,False,0.1385,-0.3575,65,9.75,strategy_S9-149__TYPE_A:NIFTY:2026-04-15T14:58:43:LONG
2026-04-15,14:59:17,2026-04-15,14:59:42,NIFTY,BUY,TYPE_A,MID_ENTRY,MICROPRICE_EXIT,24261.05,24261.35,NIFTY21APR2624250CE,24250.0,CE,227.45,226.5,227.31,226.57,230.0,225.0,0.022007,0.022056,ws,ws,type_a_ladder,type_a_ladder,False,False,0.1429,-0.0667,65,-61.75,strategy_S9-149__TYPE_A:NIFTY:2026-04-15T14:59:17:LONG
2026-04-15,15:00:11,2026-04-15,15:00:19,NIFTY,BUY,TYPE_A,MID_ENTRY,MICROPRICE_EXIT,24265.75,24263.0,NIFTY21APR2624250CE,24250.0,CE,226.95,225.7,226.83,225.73,230.0,225.0,0.022046,0.022141,ws,ws,type_a_ladder,type_a_ladder,False,False,0.12,-0.0312,65,-81.25,strategy_S9-149__TYPE_A:NIFTY:2026-04-15T15:00:11:LONG
2026-04-15,15:00:26,2026-04-15,15:01:00,NIFTY,SELL,TYPE_A,MID_ENTRY,MICROPRICE_EXIT,24253.9,24238.6,NIFTY21APR2624300PE,24300.0,PE,240.6,244.15,240.26,244.45,245.0,240.0,0.020801,0.020465,ws,ws,type_a_ladder,type_a_ladder,False,False,0.3375,-0.3,65,230.75,strategy_S9-149__TYPE_A:NIFTY:2026-04-15T15:00:26:SHORT
2026-04-15,15:02:00,2026-04-15,15:02:09,NIFTY,BUY,TYPE_A,MID_ENTRY,MICROPRICE_EXIT,24242.15,24241.15,NIFTY21APR2624200CE,24200.0,CE,241.0,238.9,240.88,239.15,245.0,235.0,0.020753,0.020905,ws,ws,type_a_ladder,type_a_ladder,False,False,0.125,-0.2538,65,-136.5,strategy_S9-149__TYPE_A:NIFTY:2026-04-15T15:02:00:LONG
2026-04-15,15:02:43,2026-04-15,15:02:55,NIFTY,BUY,TYPE_A,MID_ENTRY,MICROPRICE_EXIT,24244.15,24243.0,NIFTY21APR2624200CE,24200.0,CE,243.0,242.0,242.88,242.09,245.0,240.0,0.020582,0.020655,ws,ws,type_a_ladder,type_a_ladder,False,False,0.1227,-0.0879,65,-65.0,strategy_S9-149__TYPE_A:NIFTY:2026-04-15T15:02:43:LONG
2026-04-15,15:03:07,2026-04-15,15:03:15,NIFTY,BUY,TYPE_A,MID_ENTRY,MICROPRICE_EXIT,24246.8,24245.8,NIFTY21APR2624200CE,24200.0,CE,243.0,243.35,242.66,243.5,245.0,240.0,0.020591,0.020528,ws,ws,type_a_ladder,type_a_ladder,False,False,0.3375,-0.15,65,22.75,strategy_S9-149__TYPE_A:NIFTY:2026-04-15T15:03:07:LONG
2026-04-15,15:03:20,2026-04-15,15:03:29,NIFTY,BUY,TYPE_A,MID_ENTRY,MICROPRICE_EXIT,24248.05,24244.9,NIFTY21APR2624200CE,24200.0,CE,243.25,243.4,243.07,243.57,245.0,240.0,0.02057,0.02053,ws,ws,type_a_ladder,type_a_ladder,False,False,0.175,-0.1667,65,9.75,strategy_S9-149__TYPE_A:NIFTY:2026-04-15T15:03:20:LONG
2026-04-15,15:03:36,2026-04-15,15:03:52,NIFTY,SELL,TYPE_A,MID_ENTRY,MICROPRICE_EXIT,24243.65,24244.25,NIFTY21APR2624250PE,24250.0,PE,222.25,221.7,222.23,221.73,225.0,220.0,0.022502,0.022538,ws,ws,type_a_ladder,type_a_ladder,False,False,0.02,-0.03,65,-35.75,strategy_S9-149__TYPE_A:NIFTY:2026-04-15T15:03:36:SHORT
2026-04-15,15:04:29,2026-04-15,15:04:35,NIFTY,SELL,TYPE_A,MID_ENTRY,MICROPRICE_EXIT,24242.0,24243.5,NIFTY21APR2624250PE,24250.0,PE,222.5,221.25,222.42,221.45,225.0,220.0,0.022477,0.022578,ws,ws,type_a_ladder,type_a_ladder,False,False,0.08,-0.2,65,-81.25,strategy_S9-149__TYPE_A:NIFTY:2026-04-15T15:04:29:SHORT
2026-04-15,15:05:00,2026-04-15,15:05:32,NIFTY,BUY,TYPE_A,MID_ENTRY,MICROPRICE_EXIT,24246.55,24247.65,NIFTY21APR2624200CE,24200.0,CE,244.5,244.0,244.34,244.11,245.0,240.0,0.020467,0.020475,ws,ws,type_a_ladder,type_a_ladder,False,False,0.1636,-0.1103,65,-32.5,strategy_S9-149__TYPE_A:NIFTY:2026-04-15T15:05:00:LONG
2026-04-15,15:06:04,2026-04-15,15:06:42,NIFTY,SELL,TYPE_A,MID_ENTRY,MICROPRICE_EXIT,24245.7,24244.8,NIFTY21APR2624250PE,24250.0,PE,223.2,223.0,223.02,223.21,225.0,220.0,0.022427,0.022406,ws,ws,type_a_ladder,type_a_ladder,False,False,0.1765,-0.2087,65,-13.0,strategy_S9-149__TYPE_A:NIFTY:2026-04-15T15:06:04:SHORT
2026-04-15,15:06:50,2026-04-15,15:07:01,NIFTY,BUY,TYPE_A,MID_ENTRY,MICROPRICE_EXIT,24246.3,24244.75,NIFTY21APR2624200CE,24200.0,CE,240.55,240.0,240.46,240.02,245.0,240.0,0.020805,0.020831,ws,ws,type_a_ladder,type_a_ladder,False,False,0.09,-0.02,65,-35.75,strategy_S9-149__TYPE_A:NIFTY:2026-04-15T15:06:50:LONG
2026-04-15,15:07:21,2026-04-15,15:07:50,NIFTY,SELL,TYPE_A,MID_ENTRY,MICROPRICE_EXIT,24242.8,24233.3,NIFTY21APR2624250PE,24250.0,PE,225.85,231.7,225.65,232.02,230.0,230.0,0.022161,0.021559,ws,ws,type_a_ladder,type_a_ladder,False,False,0.2,-0.3214,65,380.25,strategy_S9-149__TYPE_A:NIFTY:2026-04-15T15:07:21:SHORT
2026-04-15,15:08:00,2026-04-15,15:08:19,NIFTY,BUY,TYPE_A,MID_ENTRY,MICROPRICE_EXIT,24236.25,24237.0,NIFTY21APR2624200CE,24200.0,CE,234.35,234.65,234.27,234.85,235.0,230.0,0.021358,0.02129,ws,ws,type_a_ladder,type_a_ladder,False,False,0.0833,-0.2,65,19.5,strategy_S9-149__TYPE_A:NIFTY:2026-04-15T15:08:00:LONG
2026-04-15,15:08:36,2026-04-15,15:08:57,NIFTY,SELL,TYPE_A,MID_ENTRY,MICROPRICE_EXIT,24233.55,24233.75,NIFTY21APR2624250PE,24250.0,PE,233.4,232.5,233.38,232.55,235.0,230.0,0.021448,0.021498,ws,ws,type_a_ladder,type_a_ladder,False,False,0.0229,-0.05,65,-58.5,strategy_S9-149__TYPE_A:NIFTY:2026-04-15T15:08:36:SHORT
2026-04-15,15:09:10,2026-04-15,15:09:18,NIFTY,BUY,TYPE_A,MID_PLUS_25_ENTRY,MICROPRICE_EXIT,24235.75,24232.7,NIFTY21APR2624200CE,24200.0,CE,235.2,235.1,234.8,235.13,240.0,235.0,0.021283,0.021261,ws,ws,type_a_ladder,type_a_ladder,True,False,0.4033,-0.03,65,-6.5,strategy_S9-149__TYPE_A:NIFTY:2026-04-15T15:09:10:LONG
2026-04-15,15:09:30,2026-04-15,15:10:02,NIFTY,BUY,TYPE_A,MID_ENTRY,MICROPRICE_EXIT,24237.25,24236.05,NIFTY21APR2624200CE,24200.0,CE,235.75,236.45,235.61,236.54,240.0,235.0,0.021222,0.021122,ws,ws,type_a_ladder,type_a_ladder,False,False,0.1429,-0.0917,65,45.5,strategy_S9-149__TYPE_A:NIFTY:2026-04-15T15:09:30:LONG
2026-04-15,15:11:11,2026-04-15,15:11:24,NIFTY,SELL,TYPE_A,MID_ENTRY,MICROPRICE_EXIT,24235.3,24235.0,NIFTY21APR2624250PE,24250.0,PE,234.05,234.15,234.01,234.44,235.0,230.0,0.021365,0.021329,ws,ws,type_a_ladder,type_a_ladder,False,False,0.04,-0.2912,65,6.5,strategy_S9-149__TYPE_A:NIFTY:2026-04-15T15:11:11:SHORT
2026-04-15,15:11:56,2026-04-15,15:12:10,NIFTY,SELL,TYPE_A,MID_ENTRY,MICROPRICE_EXIT,24231.2,24232.8,NIFTY21APR2624250PE,24250.0,PE,233.55,232.2,233.36,232.53,235.0,230.0,0.02142,0.021515,ws,ws,type_a_ladder,type_a_ladder,False,False,0.1875,-0.3333,65,-87.75,strategy_S9-149__TYPE_A:NIFTY:2026-04-15T15:11:56:SHORT
2026-04-15,15:12:21,2026-04-15,15:12:45,NIFTY,SELL,TYPE_A,MID_ENTRY,MICROPRICE_EXIT,24229.6,24227.65,NIFTY21APR2624250PE,24250.0,PE,233.0,232.65,232.69,232.8,235.0,230.0,0.021478,0.021471,ws,ws,type_a_ladder,type_a_ladder,False,False,0.3059,-0.15,65,-22.75,strategy_S9-149__TYPE_A:NIFTY:2026-04-15T15:12:21:SHORT
2026-04-15,15:14:02,2026-04-15,15:14:29,NIFTY,BUY,TYPE_A,MID_ENTRY,MICROPRICE_EXIT,24228.2,24228.55,NIFTY21APR2624200CE,24200.0,CE,237.0,236.75,236.83,236.88,240.0,235.0,0.021106,0.021097,ws,ws,type_a_ladder,type_a_ladder,False,False,0.1714,-0.125,65,-16.25,strategy_S9-149__TYPE_A:NIFTY:2026-04-15T15:14:02:LONG
2026-04-15,15:15:06,2026-04-15,15:15:21,NIFTY,SELL,TYPE_A,MID_ENTRY,MICROPRICE_EXIT,24225.65,24225.65,NIFTY21APR2624250PE,24250.0,PE,235.0,230.95,234.74,231.12,235.0,230.0,0.02129,0.021626,ws,ws,type_a_ladder,type_a_ladder,False,False,0.2625,-0.1667,65,-263.25,strategy_S9-149__TYPE_A:NIFTY:2026-04-15T15:15:06:SHORT
2026-04-15,15:15:34,2026-04-15,15:15:42,NIFTY,SELL,TYPE_A,MID_ENTRY,BID_EXIT_STAGE1,24223.25,24225.65,NIFTY21APR2624250PE,24250.0,PE,231.0,229.9,230.75,230.03,235.0,225.0,0.021668,0.02173,ws,ws,type_a_ladder,type_a_ladder,False,True,0.25,-0.1333,65,-71.5,strategy_S9-149__TYPE_A:NIFTY:2026-04-15T15:15:34:SHORT
2026-04-15,15:16:21,2026-04-15,15:16:41,NIFTY,SELL,TYPE_A,MID_ENTRY,MICROPRICE_EXIT,24223.15,24224.2,NIFTY21APR2624250PE,24250.0,PE,232.65,232.1,232.49,232.19,235.0,230.0,0.021515,0.021529,ws,ws,type_a_ladder,type_a_ladder,False,False,0.1579,-0.09,65,-35.75,strategy_S9-149__TYPE_A:NIFTY:2026-04-15T15:16:21:SHORT
2026-04-15,15:17:05,2026-04-15,15:17:36,NIFTY,BUY,TYPE_A,MID_ENTRY,MICROPRICE_EXIT,24226.95,24228.15,NIFTY21APR2624200CE,24200.0,CE,237.15,236.35,237.1,236.4,240.0,235.0,0.021104,0.021135,ws,ws,type_a_ladder,type_a_ladder,False,False,0.05,-0.05,65,-52.0,strategy_S9-149__TYPE_A:NIFTY:2026-04-15T15:17:05:LONG
2026-04-15,15:19:26,2026-04-15,15:19:50,NIFTY,SELL,TYPE_A,MID_ENTRY,MICROPRICE_EXIT,24226.35,24225.2,NIFTY21APR2624250PE,24250.0,PE,232.9,234.6,232.8,234.9,235.0,230.0,0.02148,0.02129,ws,ws,type_a_ladder,type_a_ladder,False,False,0.1,-0.3,65,110.5,strategy_S9-149__TYPE_A:NIFTY:2026-04-15T15:19:26:SHORT
2026-04-15,15:20:17,2026-04-15,15:20:35,NIFTY,BUY,TYPE_A,MID_ENTRY,MICROPRICE_EXIT,24228.95,24226.6,NIFTY21APR2624200CE,24200.0,CE,236.0,235.1,235.75,235.26,240.0,235.0,0.0212,0.021249,ws,ws,type_a_ladder,type_a_ladder,False,False,0.2464,-0.1647,65,-58.5,strategy_S9-149__TYPE_A:NIFTY:2026-04-15T15:20:17:LONG
2026-04-15,15:21:23,2026-04-15,15:21:27,NIFTY,SELL,TYPE_A,MID_ENTRY,MICROPRICE_EXIT,24223.75,24227.3,NIFTY21APR2624250PE,24250.0,PE,234.2,233.7,234.07,233.88,235.0,230.0,0.021358,0.021386,ws,ws,type_a_ladder,type_a_ladder,False,False,0.125,-0.1758,65,-32.5,strategy_S9-149__TYPE_A:NIFTY:2026-04-15T15:21:23:SHORT
2026-04-15,15:22:25,2026-04-15,15:22:42,NIFTY,SELL,TYPE_A,MID_ENTRY,MICROPRICE_EXIT,24223.3,24224.55,NIFTY21APR2624250PE,24250.0,PE,234.05,233.5,233.67,233.63,235.0,230.0,0.021381,0.021406,ws,ws,type_a_ladder,type_a_ladder,False,False,0.3818,-0.1333,65,-35.75,strategy_S9-149__TYPE_A:NIFTY:2026-04-15T15:22:25:SHORT
2026-04-15,15:23:10,2026-04-15,15:23:36,NIFTY,SELL,TYPE_A,MID_ENTRY,MICROPRICE_EXIT,24222.85,24220.95,NIFTY21APR2624250PE,24250.0,PE,234.4,235.05,234.32,235.25,235.0,235.0,0.021345,0.021259,ws,ws,type_a_ladder,type_a_ladder,False,False,0.0818,-0.2,65,42.25,strategy_S9-149__TYPE_A:NIFTY:2026-04-15T15:23:10:SHORT
2026-04-15,15:24:00,2026-04-15,15:24:07,NIFTY,BUY,TYPE_A,MID_ENTRY,MICROPRICE_EXIT,24223.3,24221.3,NIFTY21APR2624200CE,24200.0,CE,235.0,234.75,234.68,234.76,235.0,230.0,0.021292,0.021288,ws,ws,type_a_ladder,type_a_ladder,False,False,0.3229,-0.007,65,-16.25,strategy_S9-149__TYPE_A:NIFTY:2026-04-15T15:24:00:LONG
2026-04-15,15:24:12,2026-04-15,15:24:43,NIFTY,BUY,TYPE_A,MID_ENTRY,MICROPRICE_EXIT,24224.15,24224.6,NIFTY21APR2624200CE,24200.0,CE,235.0,234.55,234.63,234.62,235.0,230.0,0.021295,0.021304,ws,ws,type_a_ladder,type_a_ladder,False,False,0.3721,-0.0673,65,-29.25,strategy_S9-149__TYPE_A:NIFTY:2026-04-15T15:24:12:LONG
2026-04-15,15:25:00,2026-04-15,15:25:22,NIFTY,BUY,TYPE_A,MID_ENTRY,MICROPRICE_EXIT,24226.3,24225.45,NIFTY21APR2624200CE,24200.0,CE,235.0,235.6,234.95,235.94,235.0,235.0,0.021279,0.021207,ws,ws,type_a_ladder,type_a_ladder,False,False,0.0498,-0.34,65,39.0,strategy_S9-149__TYPE_A:NIFTY:2026-04-15T15:25:00:LONG
