Entry_Date,Entry_Time,Exit_Date,Exit_Time,Underlying_Symbol,Strategy_Direction,Underlying_Entry_Price,Underlying_Exit_Price,Option_Symbol,Option_Strike,Option_Type,Option_Entry_Price,Option_Exit_Price,Entry_Fair_Value,Exit_Fair_Value,Entry_Limit_Price,Exit_Limit_Price,Entry_Spread_Pct,Exit_Spread_Pct,Entry_Quote_Source,Exit_Quote_Source,Entry_Pricing_Mode,Exit_Pricing_Mode,Entry_Repriced,Exit_Repriced,Entry_Slippage_vs_Fair,Exit_Slippage_vs_Fair,Qty,PnL,Trade_ID
2026-04-07,09:18:00,2026-04-07,09:18:04,NIFTY,BUY,22775.75,22766.5,NIFTY07APR2622750CE,22750.0,CE,106.0,103.7,110.0,100.0,110.0,100.0,0.002361,0.002889,ws,ws,book_ladder,book_ladder,False,False,-4.0,3.7,65,-149.5,strategy_S5-10:NIFTY:2026-04-07T09:18:00:LONG
2026-04-07,09:18:14,2026-04-07,09:18:36,NIFTY,BUY,22780.0,22764.2,NIFTY07APR2622750CE,22750.0,CE,111.35,105.25,115.0,105.0,115.0,105.0,0.001348,0.00332,ws,ws,book_ladder,book_ladder,False,False,-3.65,0.25,65,-396.5,strategy_S5-10:NIFTY:2026-04-07T09:18:14:LONG
2026-04-07,09:18:50,2026-04-07,09:19:04,NIFTY,SELL,22764.1,22773.0,NIFTY07APR2622800PE,22800.0,PE,125.75,121.65,130.0,120.0,130.0,120.0,0.003186,0.002053,ws,ws,book_ladder,book_ladder,False,False,-4.25,1.65,65,-266.5,strategy_S5-10:NIFTY:2026-04-07T09:18:50:SHORT
2026-04-07,09:19:23,2026-04-07,09:19:35,NIFTY,BUY,22782.4,22779.05,NIFTY07APR2622750CE,22750.0,CE,112.8,107.85,115.0,105.0,115.0,105.0,0.001775,0.002778,ws,ws,book_ladder,book_ladder,False,False,-2.2,2.85,65,-321.75,strategy_S5-10:NIFTY:2026-04-07T09:19:23:LONG
2026-04-07,09:20:05,2026-04-07,09:20:55,NIFTY,SELL,22762.85,22770.7,NIFTY07APR2622800PE,22800.0,PE,124.15,122.0,125.0,120.0,125.0,120.0,0.002823,0.002456,ws,ws,book_ladder,book_ladder,False,False,-0.85,2.0,65,-139.75,strategy_S5-10:NIFTY:2026-04-07T09:20:05:SHORT
2026-04-07,09:21:01,2026-04-07,09:21:10,NIFTY,BUY,22772.95,22765.7,NIFTY07APR2622750CE,22750.0,CE,100.2,101.5,105.0,100.0,105.0,100.0,0.001998,0.00246,ws,ws,book_ladder,book_ladder,False,False,-4.8,1.5,65,84.5,strategy_S5-10:NIFTY:2026-04-07T09:21:01:LONG
2026-04-07,09:21:41,2026-04-07,09:23:14,NIFTY,BUY,22779.95,22817.55,NIFTY07APR2622750CE,22750.0,CE,105.4,134.7,110.0,130.0,110.0,130.0,0.002375,0.002965,ws,ws,book_ladder,book_ladder,False,False,-4.6,4.7,65,1904.5,strategy_S5-10:NIFTY:2026-04-07T09:21:41:LONG
2026-04-07,09:23:32,2026-04-07,09:23:54,NIFTY,SELL,22794.85,22806.55,NIFTY07APR2622800PE,22800.0,PE,109.4,105.85,110.0,105.0,110.0,105.0,0.002746,0.002359,ws,ws,book_ladder,book_ladder,False,False,-0.6,0.85,65,-230.75,strategy_S5-10:NIFTY:2026-04-07T09:23:32:SHORT
2026-04-07,09:24:00,2026-04-07,09:24:30,NIFTY,BUY,22817.55,22812.25,NIFTY07APR2622800CE,22800.0,CE,103.2,104.5,105.0,100.0,105.0,100.0,0.002911,0.002389,ws,ws,book_ladder,book_ladder,False,False,-1.8,4.5,65,84.5,strategy_S5-10:NIFTY:2026-04-07T09:24:00:LONG
2026-04-07,09:24:50,2026-04-07,09:24:54,NIFTY,BUY,22819.8,22811.65,NIFTY07APR2622800CE,22800.0,CE,104.05,102.25,105.0,100.0,105.0,100.0,0.002887,0.002442,ws,ws,book_ladder,book_ladder,False,False,-0.95,2.25,65,-117.0,strategy_S5-10:NIFTY:2026-04-07T09:24:50:LONG
2026-04-07,09:25:50,2026-04-07,09:27:53,NIFTY,BUY,22822.7,22878.25,NIFTY07APR2622800CE,22800.0,CE,106.75,149.95,110.0,150.0,110.0,145.0,0.002345,0.002997,ws,ws,book_ladder,book_ladder,False,True,-3.25,-0.05,65,2808.0,strategy_S5-10:NIFTY:2026-04-07T09:25:50:LONG
2026-04-07,09:28:22,2026-04-07,09:28:27,NIFTY,BUY,22881.9,22876.55,NIFTY07APR2622850CE,22850.0,CE,123.6,120.3,125.0,120.0,125.0,120.0,0.002025,0.001661,ws,ws,book_ladder,book_ladder,False,False,-1.4,0.3,65,-214.5,strategy_S5-10:NIFTY:2026-04-07T09:28:22:LONG
2026-04-07,09:28:44,2026-04-07,09:28:59,NIFTY,BUY,22882.5,22879.35,NIFTY07APR2622850CE,22850.0,CE,122.05,120.85,125.0,120.0,125.0,120.0,0.002461,0.002067,ws,ws,book_ladder,book_ladder,False,False,-2.95,0.85,65,-78.0,strategy_S5-10:NIFTY:2026-04-07T09:28:44:LONG
2026-04-07,09:29:05,2026-04-07,09:29:19,NIFTY,SELL,22876.4,22880.1,NIFTY07APR2622900PE,22900.0,PE,126.25,122.1,130.0,120.0,130.0,120.0,0.002776,0.002454,ws,ws,book_ladder,book_ladder,False,False,-3.75,2.1,65,-269.75,strategy_S5-10:NIFTY:2026-04-07T09:29:05:SHORT
2026-04-07,09:29:30,2026-04-07,09:31:02,NIFTY,BUY,22890.55,22888.25,NIFTY07APR2622850CE,22850.0,CE,131.85,128.0,135.0,125.0,135.0,125.0,0.002278,0.002341,ws,ws,book_ladder,book_ladder,False,False,-3.15,3.0,65,-250.25,strategy_S5-10:NIFTY:2026-04-07T09:29:30:LONG
2026-04-07,09:31:20,2026-04-07,09:32:30,NIFTY,SELL,22882.2,22875.15,NIFTY07APR2622900PE,22900.0,PE,123.65,126.1,125.0,125.0,125.0,125.0,0.002429,0.002376,ws,ws,book_ladder,book_ladder,False,False,-1.35,1.1,65,159.25,strategy_S5-10:NIFTY:2026-04-07T09:31:20:SHORT
2026-04-07,09:32:58,2026-04-07,09:33:05,NIFTY,BUY,22882.4,22877.65,NIFTY07APR2622850CE,22850.0,CE,125.0,121.0,125.0,120.0,125.0,120.0,0.002403,0.002888,ws,ws,book_ladder,book_ladder,False,False,0.0,1.0,65,-260.0,strategy_S5-10:NIFTY:2026-04-07T09:32:58:LONG
2026-04-07,09:33:27,2026-04-07,09:33:39,NIFTY,SELL,22871.75,22875.95,NIFTY07APR2622900PE,22900.0,PE,128.95,124.7,130.0,120.0,130.0,120.0,0.001941,0.002403,ws,ws,book_ladder,book_ladder,False,False,-1.05,4.7,65,-276.25,strategy_S5-10:NIFTY:2026-04-07T09:33:27:SHORT
2026-04-07,09:34:03,2026-04-07,09:35:38,NIFTY,SELL,22872.0,22856.3,NIFTY07APR2622900PE,22900.0,PE,125.45,131.5,130.0,130.0,130.0,130.0,0.001596,0.002658,ws,ws,book_ladder,book_ladder,False,False,-4.55,1.5,65,393.25,strategy_S5-10:NIFTY:2026-04-07T09:34:03:SHORT
2026-04-07,09:35:54,2026-04-07,09:36:23,NIFTY,SELL,22845.0,22846.05,NIFTY07APR2622850PE,22850.0,PE,112.6,107.7,115.0,105.0,115.0,105.0,0.002223,0.002782,ws,ws,book_ladder,book_ladder,False,False,-2.4,2.7,65,-318.5,strategy_S5-10:NIFTY:2026-04-07T09:35:54:SHORT
2026-04-07,09:36:30,2026-04-07,09:37:22,NIFTY,BUY,22848.3,22870.9,NIFTY07APR2622800CE,22800.0,CE,126.45,143.6,130.0,140.0,130.0,140.0,0.002772,0.002434,ws,ws,book_ladder,book_ladder,False,False,-3.55,3.6,65,1114.75,strategy_S5-10:NIFTY:2026-04-07T09:36:30:LONG
2026-04-07,09:38:00,2026-04-07,09:38:31,NIFTY,BUY,22869.5,22863.1,NIFTY07APR2622850CE,22850.0,CE,115.35,109.05,120.0,105.0,120.0,105.0,0.003039,0.00229,ws,ws,book_ladder,book_ladder,False,False,-4.65,4.05,65,-409.5,strategy_S5-10:NIFTY:2026-04-07T09:38:00:LONG
2026-04-07,09:39:30,2026-04-07,09:39:42,NIFTY,BUY,22854.25,22851.7,NIFTY07APR2622850CE,22850.0,CE,103.6,102.6,105.0,100.0,105.0,100.0,0.002416,0.001947,ws,ws,book_ladder,book_ladder,False,False,-1.4,2.6,65,-65.0,strategy_S5-10:NIFTY:2026-04-07T09:39:30:LONG
2026-04-07,09:40:03,2026-04-07,09:40:59,NIFTY,BUY,22860.35,22860.55,NIFTY07APR2622850CE,22850.0,CE,106.6,105.55,110.0,105.0,110.0,105.0,0.002818,0.00142,ws,ws,book_ladder,book_ladder,False,False,-3.4,0.55,65,-68.25,strategy_S5-10:NIFTY:2026-04-07T09:40:03:LONG
2026-04-07,09:41:30,2026-04-07,09:42:41,NIFTY,SELL,22859.05,22835.9,NIFTY07APR2622900PE,22900.0,PE,133.55,142.85,135.0,140.0,135.0,140.0,0.001874,0.00105,ws,ws,book_ladder,book_ladder,False,False,-1.45,2.85,65,604.5,strategy_S5-10:NIFTY:2026-04-07T09:41:30:SHORT
2026-04-07,09:42:53,2026-04-07,09:42:59,NIFTY,BUY,22842.1,22831.3,NIFTY07APR2622800CE,22800.0,CE,124.45,121.9,125.0,120.0,125.0,120.0,0.002816,0.002049,ws,ws,book_ladder,book_ladder,False,False,-0.55,1.9,65,-165.75,strategy_S5-10:NIFTY:2026-04-07T09:42:53:LONG
2026-04-07,09:43:10,2026-04-07,09:44:18,NIFTY,SELL,22825.55,22804.2,NIFTY07APR2622850PE,22850.0,PE,124.3,131.0,125.0,130.0,125.0,130.0,0.002416,0.001526,ws,ws,book_ladder,book_ladder,False,False,-0.7,1.0,65,435.5,strategy_S5-10:NIFTY:2026-04-07T09:43:10:SHORT
2026-04-07,09:44:49,2026-04-07,09:44:58,NIFTY,BUY,22806.2,22801.75,NIFTY07APR2622800CE,22800.0,CE,99.8,96.85,100.0,95.0,100.0,95.0,0.001504,0.001548,ws,ws,book_ladder,book_ladder,False,False,-0.2,1.85,65,-191.75,strategy_S5-10:NIFTY:2026-04-07T09:44:49:LONG
2026-04-07,09:45:09,2026-04-07,09:45:42,NIFTY,BUY,22808.2,22810.1,NIFTY07APR2622800CE,22800.0,CE,99.25,102.1,100.0,100.0,100.0,100.0,0.001512,0.002446,ws,ws,book_ladder,book_ladder,False,False,-0.75,2.1,65,185.25,strategy_S5-10:NIFTY:2026-04-07T09:45:09:LONG
2026-04-07,09:46:01,2026-04-07,09:46:56,NIFTY,BUY,22822.15,22830.9,NIFTY07APR2622800CE,22800.0,CE,111.15,113.75,115.0,110.0,115.0,110.0,0.002703,0.002634,ws,ws,book_ladder,book_ladder,False,False,-3.85,3.75,65,169.0,strategy_S5-10:NIFTY:2026-04-07T09:46:01:LONG
2026-04-07,09:47:05,2026-04-07,09:48:25,NIFTY,BUY,22835.8,22855.6,NIFTY07APR2622800CE,22800.0,CE,118.65,126.6,120.0,125.0,120.0,125.0,0.002109,0.001973,ws,ws,book_ladder,book_ladder,False,False,-1.35,1.6,65,516.75,strategy_S5-10:NIFTY:2026-04-07T09:47:05:LONG
2026-04-07,09:48:32,2026-04-07,09:49:35,NIFTY,SELL,22833.35,22821.05,NIFTY07APR2622850PE,22850.0,PE,111.6,116.85,115.0,115.0,115.0,115.0,0.002692,0.000428,ws,ws,book_ladder,book_ladder,False,False,-3.4,1.85,65,341.25,strategy_S5-10:NIFTY:2026-04-07T09:48:32:SHORT
2026-04-07,09:50:07,2026-04-07,09:50:14,NIFTY,SELL,22812.95,22818.3,NIFTY07APR2622850PE,22850.0,PE,121.3,117.0,125.0,115.0,125.0,115.0,0.000825,0.001708,ws,ws,book_ladder,book_ladder,False,False,-3.7,2.0,65,-279.5,strategy_S5-10:NIFTY:2026-04-07T09:50:07:SHORT
2026-04-07,09:50:40,2026-04-07,09:51:11,NIFTY,BUY,22822.1,22828.4,NIFTY07APR2622800CE,22800.0,CE,111.2,114.2,115.0,110.0,115.0,110.0,0.002701,0.002624,ws,ws,book_ladder,book_ladder,False,False,-3.8,4.2,65,195.0,strategy_S5-10:NIFTY:2026-04-07T09:50:40:LONG
2026-04-07,09:51:40,2026-04-07,09:52:23,NIFTY,BUY,22832.7,22843.8,NIFTY07APR2622800CE,22800.0,CE,116.4,121.6,120.0,120.0,120.0,120.0,0.00215,0.001643,ws,ws,book_ladder,book_ladder,False,False,-3.6,1.6,65,338.0,strategy_S5-10:NIFTY:2026-04-07T09:51:40:LONG
2026-04-07,09:53:01,2026-04-07,09:53:43,NIFTY,SELL,22832.15,22835.8,NIFTY07APR2622850PE,22850.0,PE,111.4,107.1,115.0,105.0,115.0,105.0,0.001347,0.002797,ws,ws,book_ladder,book_ladder,False,False,-3.6,2.1,65,-279.5,strategy_S5-10:NIFTY:2026-04-07T09:53:01:SHORT
2026-04-07,09:53:50,2026-04-07,09:54:45,NIFTY,BUY,22839.9,22848.35,NIFTY07APR2622800CE,22800.0,CE,120.85,125.6,125.0,125.0,125.0,125.0,0.002071,0.002783,ws,ws,book_ladder,book_ladder,False,False,-4.15,0.6,65,308.75,strategy_S5-10:NIFTY:2026-04-07T09:53:50:LONG
2026-04-07,09:54:50,2026-04-07,09:55:07,NIFTY,SELL,22844.5,22847.6,NIFTY07APR2622850PE,22850.0,PE,105.25,103.65,110.0,100.0,110.0,100.0,0.002378,0.002409,ws,ws,book_ladder,book_ladder,False,False,-4.75,3.65,65,-104.0,strategy_S5-10:NIFTY:2026-04-07T09:54:50:SHORT
2026-04-07,09:55:12,2026-04-07,09:56:07,NIFTY,BUY,22852.45,22858.15,NIFTY07APR2622850CE,22850.0,CE,101.7,103.6,105.0,100.0,105.0,100.0,0.001969,0.002892,ws,ws,book_ladder,book_ladder,False,False,-3.3,3.6,65,123.5,strategy_S5-10:NIFTY:2026-04-07T09:55:12:LONG
2026-04-07,09:56:11,2026-04-07,09:56:42,NIFTY,SELL,22854.5,22847.85,NIFTY07APR2622900PE,22900.0,PE,127.9,129.2,130.0,125.0,130.0,125.0,0.001565,0.002319,ws,ws,book_ladder,book_ladder,False,False,-2.1,4.2,65,84.5,strategy_S5-10:NIFTY:2026-04-07T09:56:11:SHORT
2026-04-07,09:57:10,2026-04-07,09:57:44,NIFTY,BUY,22862.95,22864.35,NIFTY07APR2622850CE,22850.0,CE,104.95,105.35,105.0,105.0,105.0,105.0,0.002385,0.002844,ws,ws,book_ladder,book_ladder,False,False,-0.05,0.35,65,26.0,strategy_S5-10:NIFTY:2026-04-07T09:57:10:LONG
2026-04-07,09:58:04,2026-04-07,09:58:22,NIFTY,SELL,22861.65,22861.65,NIFTY07APR2622900PE,22900.0,PE,122.2,122.25,125.0,120.0,125.0,120.0,0.002048,0.002043,ws,ws,book_ladder,book_ladder,False,False,-2.8,2.25,65,3.25,strategy_S5-10:NIFTY:2026-04-07T09:58:04:SHORT
2026-04-07,09:58:30,2026-04-07,09:59:09,NIFTY,BUY,22865.75,22875.7,NIFTY07APR2622850CE,22850.0,CE,105.2,111.45,110.0,110.0,110.0,110.0,0.001903,0.002241,ws,ws,book_ladder,book_ladder,False,False,-4.8,1.45,65,406.25,strategy_S5-10:NIFTY:2026-04-07T09:58:30:LONG
2026-04-07,09:59:30,2026-04-07,10:00:10,NIFTY,BUY,22880.6,22881.15,NIFTY07APR2622850CE,22850.0,CE,114.9,113.25,115.0,110.0,115.0,110.0,0.002614,0.002646,ws,ws,book_ladder,book_ladder,False,False,-0.1,3.25,65,-107.25,strategy_S5-10:NIFTY:2026-04-07T09:59:30:LONG
2026-04-07,10:00:43,2026-04-07,10:01:37,NIFTY,BUY,22885.55,22912.95,NIFTY07APR2622850CE,22850.0,CE,116.65,137.05,120.0,135.0,120.0,135.0,0.001287,0.002187,ws,ws,book_ladder,book_ladder,False,False,-3.35,2.05,65,1326.0,strategy_S5-10:NIFTY:2026-04-07T10:00:43:LONG
2026-04-07,10:02:02,2026-04-07,10:02:38,NIFTY,SELL,22907.6,22906.1,NIFTY07APR2622950PE,22950.0,PE,124.45,123.15,125.0,120.0,125.0,120.0,0.002816,0.002028,ws,ws,book_ladder,book_ladder,False,False,-0.55,3.15,65,-84.5,strategy_S5-10:NIFTY:2026-04-07T10:02:02:SHORT
2026-04-07,10:02:53,2026-04-07,10:03:30,NIFTY,SELL,22898.6,22894.45,NIFTY07APR2622900PE,22900.0,PE,99.85,102.7,100.0,100.0,100.0,100.0,0.002507,0.001946,ws,ws,book_ladder,book_ladder,False,False,-0.15,2.7,65,185.25,strategy_S5-10:NIFTY:2026-04-07T10:02:53:SHORT
2026-04-07,10:03:47,2026-04-07,10:04:02,NIFTY,BUY,22907.75,22906.3,NIFTY07APR2622900CE,22900.0,CE,102.3,101.0,105.0,100.0,105.0,100.0,0.001957,0.002472,ws,ws,book_ladder,book_ladder,False,False,-2.7,1.0,65,-84.5,strategy_S5-10:NIFTY:2026-04-07T10:03:47:LONG
2026-04-07,10:04:13,2026-04-07,10:05:42,NIFTY,BUY,22911.1,22925.35,NIFTY07APR2622900CE,22900.0,CE,103.8,109.55,105.0,105.0,105.0,105.0,0.001929,0.001824,ws,ws,book_ladder,book_ladder,False,False,-1.2,4.55,65,373.75,strategy_S5-10:NIFTY:2026-04-07T10:04:13:LONG
2026-04-07,10:05:51,2026-04-07,10:06:43,NIFTY,SELL,22918.45,22903.2,NIFTY07APR2622950PE,22950.0,PE,113.6,121.15,115.0,120.0,115.0,120.0,0.002203,0.001237,ws,ws,book_ladder,book_ladder,False,False,-1.4,1.15,65,490.75,strategy_S5-10:NIFTY:2026-04-07T10:05:51:SHORT
2026-04-07,10:07:17,2026-04-07,10:07:27,NIFTY,SELL,22902.25,22905.75,NIFTY07APR2622950PE,22950.0,PE,122.4,121.75,125.0,120.0,125.0,120.0,0.001226,0.002871,ws,ws,book_ladder,book_ladder,False,False,-2.6,1.75,65,-42.25,strategy_S5-10:NIFTY:2026-04-07T10:07:17:SHORT
2026-04-07,10:07:34,2026-04-07,10:08:13,NIFTY,BUY,22908.4,22906.4,NIFTY07APR2622900CE,22900.0,CE,103.1,100.05,105.0,100.0,105.0,100.0,0.00097,0.002496,ws,ws,book_ladder,book_ladder,False,False,-1.9,0.05,65,-198.25,strategy_S5-10:NIFTY:2026-04-07T10:07:34:LONG
2026-04-07,10:08:26,2026-04-07,10:08:30,NIFTY,SELL,22903.85,22906.8,NIFTY07APR2622950PE,22950.0,PE,122.4,121.55,125.0,120.0,125.0,120.0,0.002045,0.001644,ws,ws,book_ladder,book_ladder,False,False,-2.6,1.55,65,-55.25,strategy_S5-10:NIFTY:2026-04-07T10:08:26:SHORT
2026-04-07,10:08:43,2026-04-07,10:09:01,NIFTY,SELL,22902.25,22903.55,NIFTY07APR2622950PE,22950.0,PE,122.4,121.55,125.0,120.0,125.0,120.0,0.003273,0.002465,ws,ws,book_ladder,book_ladder,False,False,-2.6,1.55,65,-55.25,strategy_S5-10:NIFTY:2026-04-07T10:08:43:SHORT
2026-04-07,10:09:36,2026-04-07,10:10:00,NIFTY,SELL,22898.7,22899.5,NIFTY07APR2622900PE,22900.0,PE,98.1,96.65,100.0,95.0,100.0,95.0,0.002041,0.001551,ws,ws,book_ladder,book_ladder,False,False,-1.9,1.65,65,-94.25,strategy_S5-10:NIFTY:2026-04-07T10:09:36:SHORT
2026-04-07,10:10:10,2026-04-07,10:10:31,NIFTY,SELL,22891.7,22895.75,NIFTY07APR2622900PE,22900.0,PE,99.0,97.0,100.0,95.0,100.0,95.0,0.001516,0.00206,ws,ws,book_ladder,book_ladder,False,False,-1.0,2.0,65,-130.0,strategy_S5-10:NIFTY:2026-04-07T10:10:10:SHORT
2026-04-07,10:10:47,2026-04-07,10:11:08,NIFTY,BUY,22902.05,22901.2,NIFTY07APR2622900CE,22900.0,CE,97.65,95.0,100.0,95.0,100.0,95.0,0.002563,0.002103,ws,ws,book_ladder,book_ladder,False,False,-2.35,0.0,65,-172.25,strategy_S5-10:NIFTY:2026-04-07T10:10:47:LONG
2026-04-07,10:11:28,2026-04-07,10:12:25,NIFTY,BUY,22904.15,22910.65,NIFTY07APR2622900CE,22900.0,CE,97.8,100.5,100.0,100.0,100.0,100.0,0.00256,0.001988,ws,ws,book_ladder,book_ladder,False,False,-2.2,0.5,65,175.5,strategy_S5-10:NIFTY:2026-04-07T10:11:28:LONG
2026-04-07,10:12:50,2026-04-07,10:13:00,NIFTY,SELL,22906.95,22910.4,NIFTY07APR2622950PE,22950.0,PE,119.7,117.5,120.0,115.0,120.0,115.0,0.002509,0.002125,ws,ws,book_ladder,book_ladder,False,False,-0.3,2.5,65,-143.0,strategy_S5-10:NIFTY:2026-04-07T10:12:50:SHORT
2026-04-07,10:13:17,2026-04-07,10:13:30,NIFTY,SELL,22904.95,22906.25,NIFTY07APR2622950PE,22950.0,PE,120.4,121.05,125.0,120.0,125.0,120.0,0.002495,0.001238,ws,ws,book_ladder,book_ladder,False,False,-4.6,1.05,65,42.25,strategy_S5-10:NIFTY:2026-04-07T10:13:17:SHORT
2026-04-07,10:14:29,2026-04-07,10:14:54,NIFTY,BUY,22909.25,22920.1,NIFTY07APR2622900CE,22900.0,CE,98.85,106.85,100.0,105.0,100.0,105.0,0.002532,0.002804,ws,ws,book_ladder,book_ladder,False,False,-1.15,1.85,65,520.0,strategy_S5-10:NIFTY:2026-04-07T10:14:29:LONG
2026-04-07,10:15:18,2026-04-07,10:16:02,NIFTY,BUY,22923.7,22923.7,NIFTY07APR2622900CE,22900.0,CE,107.35,103.6,110.0,100.0,110.0,100.0,0.001865,0.001447,ws,ws,book_ladder,book_ladder,False,False,-2.65,3.6,65,-243.75,strategy_S5-10:NIFTY:2026-04-07T10:15:18:LONG
2026-04-07,10:16:11,2026-04-07,10:16:27,NIFTY,SELL,22921.85,22923.15,NIFTY07APR2622950PE,22950.0,PE,111.65,108.45,115.0,105.0,115.0,105.0,0.002242,0.002762,ws,ws,book_ladder,book_ladder,False,False,-3.35,3.45,65,-208.0,strategy_S5-10:NIFTY:2026-04-07T10:16:11:SHORT
2026-04-07,10:16:46,2026-04-07,10:17:27,NIFTY,BUY,22927.0,22936.7,NIFTY07APR2622900CE,22900.0,CE,108.3,115.55,110.0,115.0,110.0,115.0,0.001848,0.002161,ws,ws,book_ladder,book_ladder,False,False,-1.7,0.55,65,471.25,strategy_S5-10:NIFTY:2026-04-07T10:16:46:LONG
2026-04-07,10:17:39,2026-04-07,10:18:12,NIFTY,BUY,22941.55,22944.9,NIFTY07APR2622900CE,22900.0,CE,118.15,116.0,120.0,115.0,120.0,115.0,0.002118,0.001723,ws,ws,book_ladder,book_ladder,False,False,-1.85,1.0,65,-139.75,strategy_S5-10:NIFTY:2026-04-07T10:17:39:LONG
2026-04-07,10:18:23,2026-04-07,10:19:10,NIFTY,SELL,22941.0,22931.6,NIFTY07APR2622950PE,22950.0,PE,98.25,102.0,100.0,100.0,100.0,100.0,0.002548,0.002448,ws,ws,book_ladder,book_ladder,False,False,-1.75,2.0,65,243.75,strategy_S5-10:NIFTY:2026-04-07T10:18:23:SHORT
2026-04-07,10:19:23,2026-04-07,10:19:48,NIFTY,BUY,22937.65,22941.8,NIFTY07APR2622900CE,22900.0,CE,113.75,115.45,115.0,115.0,115.0,115.0,0.00176,0.002595,ws,ws,book_ladder,book_ladder,False,False,-1.25,0.45,65,110.5,strategy_S5-10:NIFTY:2026-04-07T10:19:23:LONG
2026-04-07,10:20:00,2026-04-07,10:20:33,NIFTY,BUY,22945.75,22952.9,NIFTY07APR2622900CE,22900.0,CE,116.75,123.25,120.0,120.0,120.0,120.0,0.002573,0.001621,ws,ws,book_ladder,book_ladder,False,False,-3.25,3.25,65,422.5,strategy_S5-10:NIFTY:2026-04-07T10:20:00:LONG
2026-04-07,10:20:41,2026-04-07,10:21:34,NIFTY,SELL,22934.55,22925.9,NIFTY07APR2622950PE,22950.0,PE,97.8,102.65,100.0,100.0,100.0,100.0,0.002047,0.002432,ws,ws,book_ladder,book_ladder,False,False,-2.2,2.65,65,315.25,strategy_S5-10:NIFTY:2026-04-07T10:20:41:SHORT
2026-04-07,10:22:01,2026-04-07,10:22:29,NIFTY,SELL,22924.1,22924.25,NIFTY07APR2622950PE,22950.0,PE,104.65,106.95,105.0,105.0,105.0,105.0,0.001913,0.002335,ws,ws,book_ladder,book_ladder,False,False,-0.35,1.95,65,149.5,strategy_S5-10:NIFTY:2026-04-07T10:22:01:SHORT
2026-04-07,10:23:00,2026-04-07,10:23:06,NIFTY,BUY,22924.1,22920.75,NIFTY07APR2622900CE,22900.0,CE,104.4,102.95,105.0,100.0,105.0,100.0,0.000958,0.001941,ws,ws,book_ladder,book_ladder,False,False,-0.6,2.95,65,-94.25,strategy_S5-10:NIFTY:2026-04-07T10:23:00:LONG
2026-04-07,10:23:21,2026-04-07,10:23:30,NIFTY,SELL,22917.35,22923.25,NIFTY07APR2622950PE,22950.0,PE,109.5,105.15,110.0,105.0,110.0,105.0,0.001828,0.0019,ws,ws,book_ladder,book_ladder,False,False,-0.5,0.15,65,-282.75,strategy_S5-10:NIFTY:2026-04-07T10:23:21:SHORT
2026-04-07,10:23:41,2026-04-07,10:24:36,NIFTY,BUY,22927.7,22932.8,NIFTY07APR2622900CE,22900.0,CE,105.4,107.75,110.0,105.0,110.0,105.0,0.002375,0.002317,ws,ws,book_ladder,book_ladder,False,False,-4.6,2.75,65,152.75,strategy_S5-10:NIFTY:2026-04-07T10:23:41:LONG
2026-04-07,10:24:42,2026-04-07,10:25:22,NIFTY,SELL,22925.45,22928.65,NIFTY07APR2622950PE,22950.0,PE,101.95,100.4,105.0,100.0,105.0,100.0,0.001472,0.001493,ws,ws,book_ladder,book_ladder,False,False,-3.05,0.4,65,-100.75,strategy_S5-10:NIFTY:2026-04-07T10:24:42:SHORT
2026-04-07,10:25:33,2026-04-07,10:26:05,NIFTY,BUY,22932.9,22931.65,NIFTY07APR2622900CE,22900.0,CE,109.65,106.65,110.0,105.0,110.0,105.0,0.002283,0.002341,ws,ws,book_ladder,book_ladder,False,False,-0.35,1.65,65,-195.0,strategy_S5-10:NIFTY:2026-04-07T10:25:33:LONG
2026-04-07,10:26:16,2026-04-07,10:26:59,NIFTY,BUY,22936.35,22935.65,NIFTY07APR2622900CE,22900.0,CE,111.3,108.2,115.0,105.0,115.0,105.0,0.002249,0.001385,ws,ws,book_ladder,book_ladder,False,False,-3.7,3.2,65,-201.5,strategy_S5-10:NIFTY:2026-04-07T10:26:16:LONG
2026-04-07,10:27:16,2026-04-07,10:28:21,NIFTY,BUY,22939.65,22941.95,NIFTY07APR2622900CE,22900.0,CE,111.85,112.5,115.0,110.0,115.0,110.0,0.000447,0.002663,ws,ws,book_ladder,book_ladder,False,False,-3.15,2.5,65,42.25,strategy_S5-10:NIFTY:2026-04-07T10:27:16:LONG
2026-04-07,10:29:00,2026-04-07,10:29:22,NIFTY,BUY,22945.05,22942.55,NIFTY07APR2622900CE,22900.0,CE,113.95,111.2,115.0,110.0,115.0,110.0,0.001757,0.002246,ws,ws,book_ladder,book_ladder,False,False,-1.05,1.2,65,-178.75,strategy_S5-10:NIFTY:2026-04-07T10:29:00:LONG
2026-04-07,10:30:15,2026-04-07,10:30:30,NIFTY,SELL,22941.45,22942.3,NIFTY07APR2622950PE,22950.0,PE,93.5,92.9,95.0,90.0,95.0,90.0,0.002677,0.002687,ws,ws,book_ladder,book_ladder,False,False,-1.5,2.9,65,-39.0,strategy_S5-10:NIFTY:2026-04-07T10:30:15:SHORT
2026-04-07,10:30:42,2026-04-07,10:31:30,NIFTY,SELL,22939.85,22937.4,NIFTY07APR2622950PE,22950.0,PE,93.9,94.0,95.0,90.0,95.0,90.0,0.001599,0.000532,ws,ws,book_ladder,book_ladder,False,False,-1.1,4.0,65,6.5,strategy_S5-10:NIFTY:2026-04-07T10:30:42:SHORT
2026-04-07,10:31:40,2026-04-07,10:33:02,NIFTY,BUY,22939.0,22945.4,NIFTY07APR2622900CE,22900.0,CE,109.1,112.65,110.0,110.0,110.0,110.0,0.002294,0.00266,ws,ws,book_ladder,book_ladder,False,False,-0.9,2.65,65,230.75,strategy_S5-10:NIFTY:2026-04-07T10:31:40:LONG
2026-04-07,10:33:28,2026-04-07,10:34:00,NIFTY,SELL,22944.2,22944.95,NIFTY07APR2622950PE,22950.0,PE,93.2,92.5,95.0,90.0,95.0,90.0,0.001611,0.00108,ws,ws,book_ladder,book_ladder,False,False,-1.8,2.5,65,-45.5,strategy_S5-10:NIFTY:2026-04-07T10:33:28:SHORT
2026-04-07,10:34:32,2026-04-07,10:35:02,NIFTY,SELL,22942.4,22918.45,NIFTY07APR2622950PE,22950.0,PE,94.4,104.0,95.0,100.0,95.0,100.0,0.002121,0.001441,ws,ws,book_ladder,book_ladder,False,False,-0.6,4.0,65,624.0,strategy_S5-10:NIFTY:2026-04-07T10:34:32:SHORT
2026-04-07,10:35:21,2026-04-07,10:36:00,NIFTY,SELL,22914.35,22911.55,NIFTY07APR2622950PE,22950.0,PE,107.5,110.25,110.0,110.0,110.0,110.0,0.002328,0.002265,ws,ws,book_ladder,book_ladder,False,False,-2.5,0.25,65,178.75,strategy_S5-10:NIFTY:2026-04-07T10:35:21:SHORT
2026-04-07,10:36:30,2026-04-07,10:37:00,NIFTY,SELL,22904.9,22894.1,NIFTY07APR2622950PE,22950.0,PE,111.65,118.95,115.0,115.0,115.0,115.0,0.002242,0.0021,ws,ws,book_ladder,book_ladder,False,False,-3.35,3.95,65,474.5,strategy_S5-10:NIFTY:2026-04-07T10:36:30:SHORT
2026-04-07,10:37:20,2026-04-07,10:39:11,NIFTY,BUY,22906.05,22923.5,NIFTY07APR2622900CE,22900.0,CE,90.45,98.85,95.0,95.0,95.0,95.0,0.002768,0.00303,ws,ws,book_ladder,book_ladder,False,False,-4.55,3.85,65,546.0,strategy_S5-10:NIFTY:2026-04-07T10:37:20:LONG
2026-04-07,10:39:46,2026-04-07,10:42:15,NIFTY,BUY,22924.2,22956.4,NIFTY07APR2622900CE,22900.0,CE,99.85,120.0,100.0,120.0,100.0,120.0,0.002507,0.001665,ws,ws,book_ladder,book_ladder,False,False,-0.15,0.0,65,1309.75,strategy_S5-10:NIFTY:2026-04-07T10:39:46:LONG
2026-04-07,10:42:40,2026-04-07,10:42:45,NIFTY,BUY,22959.6,22958.15,NIFTY07APR2622950CE,22950.0,CE,93.8,94.55,95.0,90.0,95.0,90.0,0.002134,0.000529,ws,ws,book_ladder,book_ladder,False,False,-1.2,4.55,65,48.75,strategy_S5-10:NIFTY:2026-04-07T10:42:40:LONG
2026-04-07,10:43:23,2026-04-07,10:43:34,NIFTY,SELL,22956.0,22960.5,NIFTY07APR2623000PE,23000.0,PE,113.2,107.9,115.0,105.0,115.0,105.0,0.001768,0.001852,ws,ws,book_ladder,book_ladder,False,False,-1.8,2.9,65,-344.5,strategy_S5-10:NIFTY:2026-04-07T10:43:23:SHORT
2026-04-07,10:44:00,2026-04-07,10:44:05,NIFTY,BUY,22965.25,22961.55,NIFTY07APR2622950CE,22950.0,CE,95.0,90.75,95.0,90.0,95.0,90.0,0.002107,0.001652,ws,ws,book_ladder,book_ladder,False,False,0.0,0.75,65,-276.25,strategy_S5-10:NIFTY:2026-04-07T10:44:00:LONG
2026-04-07,10:44:24,2026-04-07,10:45:00,NIFTY,SELL,22957.7,22960.3,NIFTY07APR2623000PE,23000.0,PE,109.55,107.4,110.0,105.0,110.0,105.0,0.002742,0.000465,ws,ws,book_ladder,book_ladder,False,False,-0.45,2.4,65,-139.75,strategy_S5-10:NIFTY:2026-04-07T10:44:24:SHORT
2026-04-07,10:45:42,2026-04-07,10:45:47,NIFTY,BUY,22960.0,22957.7,NIFTY07APR2622950CE,22950.0,CE,91.5,88.25,95.0,85.0,95.0,85.0,0.000547,0.002264,ws,ws,book_ladder,book_ladder,False,False,-3.5,3.25,65,-211.25,strategy_S5-10:NIFTY:2026-04-07T10:45:42:LONG
2026-04-07,10:46:10,2026-04-07,10:46:40,NIFTY,SELL,22954.9,22953.05,NIFTY07APR2623000PE,23000.0,PE,110.35,112.25,115.0,110.0,115.0,110.0,0.002268,0.001335,ws,ws,book_ladder,book_ladder,False,False,-4.65,2.25,65,123.5,strategy_S5-10:NIFTY:2026-04-07T10:46:10:SHORT
2026-04-07,10:47:22,2026-04-07,10:48:00,NIFTY,SELL,22950.0,22948.4,NIFTY07APR2623000PE,23000.0,PE,112.75,114.3,115.0,110.0,115.0,110.0,0.00222,0.002621,ws,ws,book_ladder,book_ladder,False,False,-2.25,4.3,65,100.75,strategy_S5-10:NIFTY:2026-04-07T10:47:22:SHORT
2026-04-07,10:48:30,2026-04-07,10:49:07,NIFTY,BUY,22952.8,22952.4,NIFTY07APR2622950CE,22950.0,CE,86.3,85.75,90.0,85.0,90.0,85.0,0.003482,0.00233,ws,ws,book_ladder,book_ladder,False,False,-3.7,0.75,65,-35.75,strategy_S5-10:NIFTY:2026-04-07T10:48:30:LONG
2026-04-07,10:49:10,2026-04-07,10:49:30,NIFTY,SELL,22948.35,22930.4,NIFTY07APR2622950PE,22950.0,PE,87.1,92.9,90.0,90.0,90.0,90.0,0.001149,0.001076,ws,ws,book_ladder,book_ladder,False,False,-2.9,2.9,65,377.0,strategy_S5-10:NIFTY:2026-04-07T10:49:10:SHORT
2026-04-07,10:50:07,2026-04-07,10:50:36,NIFTY,SELL,22929.75,22925.1,NIFTY07APR2622950PE,22950.0,PE,95.4,95.9,100.0,95.0,100.0,95.0,0.002099,0.001042,ws,ws,book_ladder,book_ladder,False,False,-4.6,0.9,65,32.5,strategy_S5-10:NIFTY:2026-04-07T10:50:07:SHORT
2026-04-07,10:50:45,2026-04-07,10:51:00,NIFTY,BUY,22929.05,22928.7,NIFTY07APR2622900CE,22900.0,CE,101.45,100.95,105.0,100.0,105.0,100.0,0.000986,0.002473,ws,ws,book_ladder,book_ladder,False,False,-3.55,0.95,65,-32.5,strategy_S5-10:NIFTY:2026-04-07T10:50:45:LONG
2026-04-07,10:51:14,2026-04-07,10:51:33,NIFTY,SELL,22909.5,22919.0,NIFTY07APR2622950PE,22950.0,PE,107.2,103.75,110.0,100.0,110.0,100.0,0.002802,0.002407,ws,ws,book_ladder,book_ladder,False,False,-2.8,3.75,65,-224.25,strategy_S5-10:NIFTY:2026-04-07T10:51:14:SHORT
2026-04-07,10:51:48,2026-04-07,10:52:05,NIFTY,BUY,22929.15,22925.35,NIFTY07APR2622900CE,22900.0,CE,101.9,97.1,105.0,95.0,105.0,95.0,0.002456,0.002058,ws,ws,book_ladder,book_ladder,False,False,-3.1,2.1,65,-312.0,strategy_S5-10:NIFTY:2026-04-07T10:51:48:LONG
2026-04-07,10:52:18,2026-04-07,10:52:30,NIFTY,SELL,22922.4,22923.35,NIFTY07APR2622950PE,22950.0,PE,103.4,101.3,105.0,100.0,105.0,100.0,0.002421,0.000987,ws,ws,book_ladder,book_ladder,False,False,-1.6,1.3,65,-136.5,strategy_S5-10:NIFTY:2026-04-07T10:52:18:SHORT
2026-04-07,10:52:48,2026-04-07,10:54:46,NIFTY,SELL,22919.85,22869.4,NIFTY07APR2622950PE,22950.0,PE,104.05,136.25,105.0,135.0,105.0,135.0,0.000481,0.002566,ws,ws,book_ladder,book_ladder,False,False,-0.95,1.25,65,2093.0,strategy_S5-10:NIFTY:2026-04-07T10:52:48:SHORT
2026-04-07,10:54:58,2026-04-07,10:55:36,NIFTY,BUY,22877.5,22893.0,NIFTY07APR2622850CE,22850.0,CE,100.55,107.35,105.0,105.0,105.0,105.0,0.002489,0.002791,ws,ws,book_ladder,book_ladder,False,False,-4.45,2.35,65,442.0,strategy_S5-10:NIFTY:2026-04-07T10:54:58:LONG
2026-04-07,10:55:50,2026-04-07,10:56:30,NIFTY,SELL,22883.05,22873.7,NIFTY07APR2622900PE,22900.0,PE,100.7,106.65,105.0,105.0,105.0,105.0,0.002486,0.001874,ws,ws,book_ladder,book_ladder,False,False,-4.3,1.65,65,386.75,strategy_S5-10:NIFTY:2026-04-07T10:55:50:SHORT
2026-04-07,10:56:46,2026-04-07,10:59:29,NIFTY,SELL,22868.8,22845.2,NIFTY07APR2622900PE,22900.0,PE,108.9,120.4,110.0,120.0,110.0,120.0,0.002298,0.002489,ws,ws,book_ladder,book_ladder,False,False,-1.1,0.4,65,747.5,strategy_S5-10:NIFTY:2026-04-07T10:56:46:SHORT
2026-04-07,10:59:46,2026-04-07,11:00:04,NIFTY,BUY,22852.6,22841.7,NIFTY07APR2622850CE,22850.0,CE,81.6,77.45,85.0,75.0,85.0,75.0,0.002454,0.001935,ws,ws,book_ladder,book_ladder,False,False,-3.4,2.45,65,-269.75,strategy_S5-10:NIFTY:2026-04-07T10:59:46:LONG
2026-04-07,11:00:11,2026-04-07,11:01:00,NIFTY,SELL,22835.0,22831.85,NIFTY07APR2622850PE,22850.0,PE,95.75,94.6,100.0,90.0,100.0,90.0,0.002091,0.002639,ws,ws,book_ladder,book_ladder,False,False,-4.25,4.6,65,-74.75,strategy_S5-10:NIFTY:2026-04-07T11:00:11:SHORT
2026-04-07,11:01:13,2026-04-07,11:02:16,NIFTY,BUY,22835.75,22848.5,NIFTY07APR2622800CE,22800.0,CE,99.7,103.65,100.0,100.0,100.0,100.0,0.002008,0.001928,ws,ws,book_ladder,book_ladder,False,False,-0.3,3.65,65,256.75,strategy_S5-10:NIFTY:2026-04-07T11:01:13:LONG
2026-04-07,11:02:31,2026-04-07,11:02:59,NIFTY,BUY,22852.15,22850.75,NIFTY07APR2622850CE,22850.0,CE,80.2,80.2,85.0,80.0,85.0,80.0,0.000624,0.002491,ws,ws,book_ladder,book_ladder,False,False,-4.8,0.2,65,0.0,strategy_S5-10:NIFTY:2026-04-07T11:02:31:LONG
2026-04-07,11:03:21,2026-04-07,11:03:28,NIFTY,SELL,22847.85,22851.8,NIFTY07APR2622850PE,22850.0,PE,88.4,85.8,90.0,85.0,90.0,85.0,0.002832,0.001747,ws,ws,book_ladder,book_ladder,False,False,-1.6,0.8,65,-169.0,strategy_S5-10:NIFTY:2026-04-07T11:03:21:SHORT
2026-04-07,11:03:34,2026-04-07,11:04:29,NIFTY,BUY,22853.65,22855.55,NIFTY07APR2622850CE,22850.0,CE,81.0,80.1,85.0,80.0,85.0,80.0,0.003091,0.003116,ws,ws,book_ladder,book_ladder,False,False,-4.0,0.1,65,-58.5,strategy_S5-10:NIFTY:2026-04-07T11:03:34:LONG
2026-04-07,11:04:50,2026-04-07,11:05:27,NIFTY,SELL,22855.2,22850.05,NIFTY07APR2622900PE,22900.0,PE,113.15,113.95,115.0,110.0,115.0,110.0,0.002655,0.002629,ws,ws,book_ladder,book_ladder,False,False,-1.85,3.95,65,52.0,strategy_S5-10:NIFTY:2026-04-07T11:04:50:SHORT
2026-04-07,11:05:30,2026-04-07,11:05:59,NIFTY,BUY,22859.8,22864.55,NIFTY07APR2622850CE,22850.0,CE,85.6,89.9,90.0,85.0,90.0,85.0,0.002339,0.001112,ws,ws,book_ladder,book_ladder,False,False,-4.4,4.9,65,279.5,strategy_S5-10:NIFTY:2026-04-07T11:05:30:LONG
2026-04-07,11:06:15,2026-04-07,11:06:17,NIFTY,BUY,22872.1,22865.35,NIFTY07APR2622850CE,22850.0,CE,89.1,87.2,90.0,85.0,90.0,85.0,0.00281,0.002863,ws,ws,book_ladder,book_ladder,False,False,-0.9,2.2,65,-123.5,strategy_S5-10:NIFTY:2026-04-07T11:06:15:LONG
2026-04-07,11:06:54,2026-04-07,11:07:02,NIFTY,SELL,22860.45,22864.65,NIFTY07APR2622900PE,22900.0,PE,112.0,110.4,115.0,110.0,115.0,110.0,0.001787,0.002714,ws,ws,book_ladder,book_ladder,False,False,-3.0,0.4,65,-104.0,strategy_S5-10:NIFTY:2026-04-07T11:06:54:SHORT
2026-04-07,11:07:22,2026-04-07,11:09:07,NIFTY,BUY,22870.3,22882.75,NIFTY07APR2622850CE,22850.0,CE,87.3,97.8,90.0,95.0,90.0,95.0,0.003442,0.002043,ws,ws,book_ladder,book_ladder,False,False,-2.7,2.8,65,682.5,strategy_S5-10:NIFTY:2026-04-07T11:07:22:LONG
2026-04-07,11:09:17,2026-04-07,11:09:37,NIFTY,SELL,22877.25,22870.25,NIFTY07APR2622900PE,22900.0,PE,96.4,101.0,100.0,100.0,100.0,100.0,0.001038,0.001978,ws,ws,book_ladder,book_ladder,False,False,-3.6,1.0,65,299.0,strategy_S5-10:NIFTY:2026-04-07T11:09:17:SHORT
2026-04-07,11:09:53,2026-04-07,11:10:00,NIFTY,SELL,22865.0,22867.6,NIFTY07APR2622900PE,22900.0,PE,102.55,102.75,105.0,100.0,105.0,100.0,0.001952,0.00243,ws,ws,book_ladder,book_ladder,False,False,-2.45,2.75,65,13.0,strategy_S5-10:NIFTY:2026-04-07T11:09:53:SHORT
2026-04-07,11:10:16,2026-04-07,11:10:42,NIFTY,BUY,22872.8,22870.85,NIFTY07APR2622850CE,22850.0,CE,93.25,91.5,95.0,90.0,95.0,90.0,0.002147,0.002183,ws,ws,book_ladder,book_ladder,False,False,-1.75,1.5,65,-113.75,strategy_S5-10:NIFTY:2026-04-07T11:10:16:LONG
2026-04-07,11:10:52,2026-04-07,11:11:24,NIFTY,SELL,22864.7,22857.45,NIFTY07APR2622900PE,22900.0,PE,102.1,109.35,105.0,105.0,105.0,105.0,0.00147,0.001371,ws,ws,book_ladder,book_ladder,False,False,-2.9,4.35,65,471.25,strategy_S5-10:NIFTY:2026-04-07T11:10:52:SHORT
2026-04-07,11:11:33,2026-04-07,11:11:50,NIFTY,BUY,22869.45,22864.2,NIFTY07APR2622850CE,22850.0,CE,87.15,86.3,90.0,85.0,90.0,85.0,0.002298,0.002893,ws,ws,book_ladder,book_ladder,False,False,-2.85,1.3,65,-55.25,strategy_S5-10:NIFTY:2026-04-07T11:11:33:LONG
2026-04-07,11:12:00,2026-04-07,11:12:27,NIFTY,SELL,22860.4,22856.1,NIFTY07APR2622900PE,22900.0,PE,105.25,106.2,110.0,105.0,110.0,105.0,0.002378,0.002351,ws,ws,book_ladder,book_ladder,False,False,-4.75,1.2,65,61.75,strategy_S5-10:NIFTY:2026-04-07T11:12:00:SHORT
2026-04-07,11:12:55,2026-04-07,11:12:58,NIFTY,SELL,22855.55,22861.25,NIFTY07APR2622900PE,22900.0,PE,108.8,107.0,110.0,105.0,110.0,105.0,0.00184,0.0028,ws,ws,book_ladder,book_ladder,False,False,-1.2,2.0,65,-117.0,strategy_S5-10:NIFTY:2026-04-07T11:12:55:SHORT
2026-04-07,11:13:00,2026-04-07,11:13:18,NIFTY,BUY,22865.0,22857.35,NIFTY07APR2622850CE,22850.0,CE,87.95,83.4,90.0,80.0,90.0,80.0,0.001707,0.002395,ws,ws,book_ladder,book_ladder,False,False,-2.05,3.4,65,-295.75,strategy_S5-10:NIFTY:2026-04-07T11:13:00:LONG
2026-04-07,11:13:21,2026-04-07,11:13:57,NIFTY,SELL,22852.85,22854.35,NIFTY07APR2622900PE,22900.0,PE,108.85,107.5,110.0,105.0,110.0,105.0,0.002299,0.002323,ws,ws,book_ladder,book_ladder,False,False,-1.15,2.5,65,-87.75,strategy_S5-10:NIFTY:2026-04-07T11:13:21:SHORT
2026-04-07,11:14:00,2026-04-07,11:14:20,NIFTY,BUY,22855.75,22850.9,NIFTY07APR2622850CE,22850.0,CE,82.25,82.8,85.0,80.0,85.0,80.0,0.002435,0.002413,ws,ws,book_ladder,book_ladder,False,False,-2.75,2.8,65,35.75,strategy_S5-10:NIFTY:2026-04-07T11:14:00:LONG
2026-04-07,11:14:42,2026-04-07,11:15:16,NIFTY,BUY,22859.6,22853.0,NIFTY07APR2622850CE,22850.0,CE,84.8,80.25,85.0,80.0,85.0,80.0,0.002952,0.001245,ws,ws,book_ladder,book_ladder,False,False,-0.2,0.25,65,-295.75,strategy_S5-10:NIFTY:2026-04-07T11:14:42:LONG
2026-04-07,11:15:40,2026-04-07,11:16:03,NIFTY,BUY,22859.3,22872.8,NIFTY07APR2622850CE,22850.0,CE,83.15,88.6,85.0,85.0,85.0,85.0,0.002408,0.002255,ws,ws,book_ladder,book_ladder,False,False,-1.85,3.6,65,354.25,strategy_S5-10:NIFTY:2026-04-07T11:15:40:LONG
2026-04-07,11:16:39,2026-04-07,11:16:51,NIFTY,BUY,22880.55,22879.55,NIFTY07APR2622850CE,22850.0,CE,92.75,91.05,95.0,90.0,95.0,90.0,0.002699,0.001646,ws,ws,book_ladder,book_ladder,False,False,-2.25,1.05,65,-110.5,strategy_S5-10:NIFTY:2026-04-07T11:16:39:LONG
2026-04-07,11:17:06,2026-04-07,11:17:20,NIFTY,BUY,22884.0,22879.8,NIFTY07APR2622850CE,22850.0,CE,94.4,91.4,95.0,90.0,95.0,90.0,0.00159,0.003277,ws,ws,book_ladder,book_ladder,False,False,-0.6,1.4,65,-195.0,strategy_S5-10:NIFTY:2026-04-07T11:17:06:LONG
2026-04-07,11:17:35,2026-04-07,11:17:53,NIFTY,SELL,22876.75,22882.95,NIFTY07APR2622900PE,22900.0,PE,95.65,88.2,100.0,85.0,100.0,85.0,0.002617,0.000567,ws,ws,book_ladder,book_ladder,False,False,-4.35,3.2,65,-484.25,strategy_S5-10:NIFTY:2026-04-07T11:17:35:SHORT
2026-04-07,11:18:00,2026-04-07,11:18:41,NIFTY,BUY,22891.0,22896.0,NIFTY07APR2622850CE,22850.0,CE,97.8,100.35,100.0,100.0,100.0,100.0,0.001535,0.002488,ws,ws,book_ladder,book_ladder,False,False,-2.2,0.35,65,165.75,strategy_S5-10:NIFTY:2026-04-07T11:18:00:LONG
2026-04-07,11:19:25,2026-04-07,11:19:52,NIFTY,BUY,22895.5,22893.05,NIFTY07APR2622850CE,22850.0,CE,100.65,98.55,105.0,95.0,105.0,95.0,0.001491,0.002027,ws,ws,book_ladder,book_ladder,False,False,-4.35,3.55,65,-136.5,strategy_S5-10:NIFTY:2026-04-07T11:19:25:LONG
2026-04-07,11:20:35,2026-04-07,11:20:57,NIFTY,SELL,22891.8,22893.65,NIFTY07APR2622900PE,22900.0,PE,86.0,82.8,90.0,80.0,90.0,80.0,0.002911,0.00181,ws,ws,book_ladder,book_ladder,False,False,-4.0,2.8,65,-208.0,strategy_S5-10:NIFTY:2026-04-07T11:20:35:SHORT
2026-04-07,11:21:04,2026-04-07,11:23:01,NIFTY,BUY,22896.45,22921.25,NIFTY07APR2622850CE,22850.0,CE,103.75,123.4,105.0,120.0,105.0,120.0,0.002413,0.002024,ws,ws,book_ladder,book_ladder,False,False,-1.25,3.4,65,1277.25,strategy_S5-10:NIFTY:2026-04-07T11:21:04:LONG
2026-04-07,11:24:08,2026-04-07,11:24:54,NIFTY,BUY,22918.55,22924.85,NIFTY07APR2622900CE,22900.0,CE,89.5,89.8,90.0,85.0,90.0,85.0,0.001118,0.001113,ws,ws,book_ladder,book_ladder,False,False,-0.5,4.8,65,19.5,strategy_S5-10:NIFTY:2026-04-07T11:24:08:LONG
2026-04-07,11:25:00,2026-04-07,11:25:02,NIFTY,BUY,22928.8,22923.55,NIFTY07APR2622900CE,22900.0,CE,91.8,88.0,95.0,85.0,95.0,85.0,0.002181,0.001136,ws,ws,book_ladder,book_ladder,False,False,-3.2,3.0,65,-247.0,strategy_S5-10:NIFTY:2026-04-07T11:25:00:LONG
2026-04-07,11:25:21,2026-04-07,11:25:30,NIFTY,SELL,22922.05,22927.2,NIFTY07APR2622950PE,22950.0,PE,92.75,91.15,95.0,90.0,95.0,90.0,0.002699,0.002192,ws,ws,book_ladder,book_ladder,False,False,-2.25,1.15,65,-104.0,strategy_S5-10:NIFTY:2026-04-07T11:25:21:SHORT
2026-04-07,11:25:52,2026-04-07,11:26:00,NIFTY,SELL,22921.8,22925.4,NIFTY07APR2622950PE,22950.0,PE,95.6,92.0,100.0,90.0,100.0,90.0,0.002094,0.002172,ws,ws,book_ladder,book_ladder,False,False,-4.4,2.0,65,-234.0,strategy_S5-10:NIFTY:2026-04-07T11:25:52:SHORT
2026-04-07,11:26:21,2026-04-07,11:27:30,NIFTY,BUY,22928.95,22939.0,NIFTY07APR2622900CE,22900.0,CE,94.65,100.6,95.0,100.0,95.0,100.0,0.002115,0.00149,ws,ws,book_ladder,book_ladder,False,False,-0.35,0.6,65,386.75,strategy_S5-10:NIFTY:2026-04-07T11:26:21:LONG
2026-04-07,11:28:21,2026-04-07,11:28:46,NIFTY,SELL,22934.25,22936.05,NIFTY07APR2622950PE,22950.0,PE,87.55,85.75,90.0,85.0,90.0,85.0,0.002287,0.001166,ws,ws,book_ladder,book_ladder,False,False,-2.45,0.75,65,-117.0,strategy_S5-10:NIFTY:2026-04-07T11:28:21:SHORT
2026-04-07,11:29:00,2026-04-07,11:30:06,NIFTY,BUY,22940.65,22942.7,NIFTY07APR2622900CE,22900.0,CE,99.0,99.0,100.0,95.0,100.0,95.0,0.003035,0.002522,ws,ws,book_ladder,book_ladder,False,False,-1.0,4.0,65,0.0,strategy_S5-10:NIFTY:2026-04-07T11:29:00:LONG
2026-04-07,11:30:15,2026-04-07,11:30:30,NIFTY,SELL,22938.3,22935.8,NIFTY07APR2622950PE,22950.0,PE,83.3,83.65,85.0,80.0,85.0,80.0,0.001802,0.002984,ws,ws,book_ladder,book_ladder,False,False,-1.7,3.65,65,22.75,strategy_S5-10:NIFTY:2026-04-07T11:30:15:SHORT
2026-04-07,11:31:18,2026-04-07,11:31:57,NIFTY,SELL,22941.5,22937.1,NIFTY07APR2622950PE,22950.0,PE,84.4,83.8,85.0,80.0,85.0,80.0,0.002966,0.002384,ws,ws,book_ladder,book_ladder,False,False,-0.6,3.8,65,-39.0,strategy_S5-10:NIFTY:2026-04-07T11:31:18:SHORT
2026-04-07,11:32:32,2026-04-07,11:33:13,NIFTY,BUY,22940.0,22937.8,NIFTY07APR2622900CE,22900.0,CE,99.05,98.9,100.0,95.0,100.0,95.0,0.002527,0.002525,ws,ws,book_ladder,book_ladder,False,False,-0.95,3.9,65,-9.75,strategy_S5-10:NIFTY:2026-04-07T11:32:32:LONG
2026-04-07,11:33:23,2026-04-07,11:34:00,NIFTY,SELL,22934.15,22938.8,NIFTY07APR2622950PE,22950.0,PE,84.3,82.0,85.0,80.0,85.0,80.0,0.002375,0.002436,ws,ws,book_ladder,book_ladder,False,False,-0.7,2.0,65,-149.5,strategy_S5-10:NIFTY:2026-04-07T11:33:23:SHORT
2026-04-07,11:34:10,2026-04-07,11:34:24,NIFTY,BUY,22940.8,22936.9,NIFTY07APR2622900CE,22900.0,CE,97.75,95.2,100.0,95.0,100.0,95.0,0.002561,0.002623,ws,ws,book_ladder,book_ladder,False,False,-2.25,0.2,65,-165.75,strategy_S5-10:NIFTY:2026-04-07T11:34:10:LONG
2026-04-07,11:34:35,2026-04-07,11:34:41,NIFTY,SELL,22935.85,22939.95,NIFTY07APR2622950PE,22950.0,PE,85.15,85.2,90.0,85.0,90.0,85.0,0.000587,0.00293,ws,ws,book_ladder,book_ladder,False,False,-4.85,0.2,65,3.25,strategy_S5-10:NIFTY:2026-04-07T11:34:35:SHORT
2026-04-07,11:34:55,2026-04-07,11:35:11,NIFTY,BUY,22941.85,22940.4,NIFTY07APR2622900CE,22900.0,CE,101.65,97.65,105.0,95.0,105.0,95.0,0.002462,0.001535,ws,ws,book_ladder,book_ladder,False,False,-3.35,2.65,65,-260.0,strategy_S5-10:NIFTY:2026-04-07T11:34:55:LONG
2026-04-07,11:35:22,2026-04-07,11:35:38,NIFTY,SELL,22935.95,22940.25,NIFTY07APR2622950PE,22950.0,PE,84.65,81.85,85.0,80.0,85.0,80.0,0.002958,0.002441,ws,ws,book_ladder,book_ladder,False,False,-0.35,1.85,65,-182.0,strategy_S5-10:NIFTY:2026-04-07T11:35:22:SHORT
2026-04-07,11:35:46,2026-04-07,11:35:54,NIFTY,BUY,22941.85,22939.05,NIFTY07APR2622900CE,22900.0,CE,99.2,99.45,100.0,95.0,100.0,95.0,0.002018,0.002511,ws,ws,book_ladder,book_ladder,False,False,-0.8,4.45,65,16.25,strategy_S5-10:NIFTY:2026-04-07T11:35:46:LONG
2026-04-07,11:36:00,2026-04-07,11:36:10,NIFTY,BUY,22942.55,22938.95,NIFTY07APR2622900CE,22900.0,CE,98.85,95.35,100.0,95.0,100.0,95.0,0.002532,0.001572,ws,ws,book_ladder,book_ladder,False,False,-1.15,0.35,65,-227.5,strategy_S5-10:NIFTY:2026-04-07T11:36:00:LONG
2026-04-07,11:36:40,2026-04-07,11:37:02,NIFTY,SELL,22929.0,22932.7,NIFTY07APR2622950PE,22950.0,PE,87.15,84.5,90.0,80.0,90.0,80.0,0.002873,0.002364,ws,ws,book_ladder,book_ladder,False,False,-2.85,4.5,65,-172.25,strategy_S5-10:NIFTY:2026-04-07T11:36:40:SHORT
2026-04-07,11:37:18,2026-04-07,11:37:21,NIFTY,BUY,22935.35,22932.15,NIFTY07APR2622900CE,22900.0,CE,94.75,92.4,95.0,90.0,95.0,90.0,0.003171,0.001622,ws,ws,book_ladder,book_ladder,False,False,-0.25,2.4,65,-152.75,strategy_S5-10:NIFTY:2026-04-07T11:37:18:LONG
2026-04-07,11:38:00,2026-04-07,11:38:06,NIFTY,BUY,22931.85,22928.7,NIFTY07APR2622900CE,22900.0,CE,91.9,91.25,95.0,90.0,95.0,90.0,0.000544,0.002736,ws,ws,book_ladder,book_ladder,False,False,-3.1,1.25,65,-42.25,strategy_S5-10:NIFTY:2026-04-07T11:38:00:LONG
2026-04-07,11:38:20,2026-04-07,11:39:24,NIFTY,BUY,22933.2,22950.7,NIFTY07APR2622900CE,22900.0,CE,95.45,105.8,100.0,105.0,100.0,105.0,0.002623,0.002832,ws,ws,book_ladder,book_ladder,False,False,-4.55,0.8,65,672.75,strategy_S5-10:NIFTY:2026-04-07T11:38:20:LONG
2026-04-07,11:39:54,2026-04-07,11:40:30,NIFTY,SELL,22948.4,22932.6,NIFTY07APR2622950PE,22950.0,PE,76.35,84.9,80.0,80.0,80.0,80.0,0.002623,0.001765,ws,ws,book_ladder,book_ladder,False,False,-3.65,4.9,65,555.75,strategy_S5-10:NIFTY:2026-04-07T11:39:54:SHORT
2026-04-07,11:40:54,2026-04-07,11:41:34,NIFTY,SELL,22927.5,22915.75,NIFTY07APR2622950PE,22950.0,PE,86.5,92.3,90.0,90.0,90.0,90.0,0.001736,0.002705,ws,ws,book_ladder,book_ladder,False,False,-3.5,2.3,65,377.0,strategy_S5-10:NIFTY:2026-04-07T11:40:54:SHORT
2026-04-07,11:41:57,2026-04-07,11:42:18,NIFTY,BUY,22926.9,22925.15,NIFTY07APR2622900CE,22900.0,CE,91.15,87.15,95.0,85.0,95.0,85.0,0.002746,0.002865,ws,ws,book_ladder,book_ladder,False,False,-3.85,2.15,65,-260.0,strategy_S5-10:NIFTY:2026-04-07T11:41:57:LONG
2026-04-07,11:42:23,2026-04-07,11:42:45,NIFTY,SELL,22919.25,22920.7,NIFTY07APR2622950PE,22950.0,PE,92.85,88.45,95.0,85.0,95.0,85.0,0.002696,0.001694,ws,ws,book_ladder,book_ladder,False,False,-2.15,3.45,65,-286.0,strategy_S5-10:NIFTY:2026-04-07T11:42:23:SHORT
2026-04-07,11:42:57,2026-04-07,11:43:19,NIFTY,BUY,22926.2,22928.35,NIFTY07APR2622900CE,22900.0,CE,91.8,89.8,95.0,85.0,95.0,85.0,0.002181,0.002225,ws,ws,book_ladder,book_ladder,False,False,-3.2,4.8,65,-130.0,strategy_S5-10:NIFTY:2026-04-07T11:42:57:LONG
2026-04-07,11:43:46,2026-04-07,11:44:00,NIFTY,SELL,22924.1,22922.9,NIFTY07APR2622950PE,22950.0,PE,91.0,93.5,95.0,90.0,95.0,90.0,0.00055,0.001603,ws,ws,book_ladder,book_ladder,False,False,-4.0,3.5,65,162.5,strategy_S5-10:NIFTY:2026-04-07T11:43:46:SHORT
2026-04-07,11:44:52,2026-04-07,11:45:00,NIFTY,SELL,22919.8,22922.4,NIFTY07APR2622950PE,22950.0,PE,92.35,90.85,95.0,90.0,95.0,90.0,0.001083,0.002748,ws,ws,book_ladder,book_ladder,False,False,-2.65,0.85,65,-97.5,strategy_S5-10:NIFTY:2026-04-07T11:44:52:SHORT
2026-04-07,11:45:11,2026-04-07,11:45:37,NIFTY,SELL,22919.75,22919.7,NIFTY07APR2622950PE,22950.0,PE,93.65,88.8,95.0,85.0,95.0,85.0,0.000534,0.002811,ws,ws,book_ladder,book_ladder,False,False,-1.35,3.8,65,-315.25,strategy_S5-10:NIFTY:2026-04-07T11:45:11:SHORT
2026-04-07,11:45:48,2026-04-07,11:46:11,NIFTY,BUY,22923.65,22925.55,NIFTY07APR2622900CE,22900.0,CE,87.35,87.75,90.0,85.0,90.0,85.0,0.001719,0.002277,ws,ws,book_ladder,book_ladder,False,False,-2.65,2.75,65,26.0,strategy_S5-10:NIFTY:2026-04-07T11:45:48:LONG
2026-04-07,11:46:21,2026-04-07,11:47:16,NIFTY,SELL,22922.55,22909.6,NIFTY07APR2622950PE,22950.0,PE,91.0,98.25,95.0,95.0,95.0,95.0,0.002751,0.002541,ws,ws,book_ladder,book_ladder,False,False,-4.0,3.25,65,471.25,strategy_S5-10:NIFTY:2026-04-07T11:46:21:SHORT
2026-04-07,11:47:36,2026-04-07,11:47:41,NIFTY,SELL,22907.85,22910.05,NIFTY07APR2622950PE,22950.0,PE,98.65,98.15,100.0,95.0,100.0,95.0,0.002537,0.002544,ws,ws,book_ladder,book_ladder,False,False,-1.35,3.15,65,-32.5,strategy_S5-10:NIFTY:2026-04-07T11:47:36:SHORT
2026-04-07,11:47:55,2026-04-07,11:48:00,NIFTY,SELL,22907.1,22908.95,NIFTY07APR2622950PE,22950.0,PE,99.85,99.4,100.0,95.0,100.0,95.0,0.002005,0.003014,ws,ws,book_ladder,book_ladder,False,False,-0.15,4.4,65,-29.25,strategy_S5-10:NIFTY:2026-04-07T11:47:55:SHORT
2026-04-07,11:48:23,2026-04-07,11:48:30,NIFTY,SELL,22904.75,22907.3,NIFTY07APR2622950PE,22950.0,PE,101.45,99.1,105.0,95.0,105.0,95.0,0.001973,0.003023,ws,ws,book_ladder,book_ladder,False,False,-3.55,4.1,65,-152.75,strategy_S5-10:NIFTY:2026-04-07T11:48:23:SHORT
2026-04-07,11:48:44,2026-04-07,11:49:35,NIFTY,BUY,22912.85,22920.75,NIFTY07APR2622900CE,22900.0,CE,80.5,80.45,85.0,80.0,85.0,80.0,0.002488,0.001242,ws,ws,book_ladder,book_ladder,False,False,-4.5,0.45,65,-3.25,strategy_S5-10:NIFTY:2026-04-07T11:48:44:LONG
2026-04-07,11:49:58,2026-04-07,11:50:15,NIFTY,SELL,22917.75,22919.6,NIFTY07APR2622950PE,22950.0,PE,93.2,93.35,95.0,90.0,95.0,90.0,0.002148,0.000535,ws,ws,book_ladder,book_ladder,False,False,-1.8,3.35,65,9.75,strategy_S5-10:NIFTY:2026-04-07T11:49:58:SHORT
2026-04-07,11:50:30,2026-04-07,11:50:37,NIFTY,BUY,22921.65,22918.6,NIFTY07APR2622900CE,22900.0,CE,81.2,81.1,85.0,80.0,85.0,80.0,0.002466,0.002463,ws,ws,book_ladder,book_ladder,False,False,-3.8,1.1,65,-6.5,strategy_S5-10:NIFTY:2026-04-07T11:50:30:LONG
2026-04-07,11:50:50,2026-04-07,11:50:55,NIFTY,BUY,22921.1,22918.95,NIFTY07APR2622900CE,22900.0,CE,80.85,81.65,85.0,80.0,85.0,80.0,0.001857,0.001835,ws,ws,book_ladder,book_ladder,False,False,-4.15,1.65,65,52.0,strategy_S5-10:NIFTY:2026-04-07T11:50:50:LONG
2026-04-07,11:51:20,2026-04-07,11:51:55,NIFTY,BUY,22920.65,22927.85,NIFTY07APR2622900CE,22900.0,CE,82.75,85.6,85.0,85.0,85.0,85.0,0.001814,0.002334,ws,ws,book_ladder,book_ladder,False,False,-2.25,0.6,65,185.25,strategy_S5-10:NIFTY:2026-04-07T11:51:20:LONG
2026-04-07,11:52:47,2026-04-07,11:53:00,NIFTY,SELL,22926.75,22927.75,NIFTY07APR2622950PE,22950.0,PE,89.1,88.9,90.0,85.0,90.0,85.0,0.001685,0.001124,ws,ws,book_ladder,book_ladder,False,False,-0.9,3.9,65,-13.0,strategy_S5-10:NIFTY:2026-04-07T11:52:47:SHORT
2026-04-07,11:53:13,2026-04-07,11:53:36,NIFTY,BUY,22929.35,22929.6,NIFTY07APR2622900CE,22900.0,CE,86.65,87.0,90.0,85.0,90.0,85.0,0.001733,0.002296,ws,ws,book_ladder,book_ladder,False,False,-3.35,2.0,65,22.75,strategy_S5-10:NIFTY:2026-04-07T11:53:13:LONG
2026-04-07,11:54:15,2026-04-07,11:54:30,NIFTY,SELL,22929.25,22932.45,NIFTY07APR2622950PE,22950.0,PE,86.05,84.35,90.0,80.0,90.0,80.0,0.00291,0.002959,ws,ws,book_ladder,book_ladder,False,False,-3.95,4.35,65,-110.5,strategy_S5-10:NIFTY:2026-04-07T11:54:15:SHORT
2026-04-07,11:55:00,2026-04-07,11:55:39,NIFTY,BUY,22944.35,22951.6,NIFTY07APR2622900CE,22900.0,CE,99.25,102.4,100.0,100.0,100.0,100.0,0.001512,0.003412,ws,ws,book_ladder,book_ladder,False,False,-0.75,2.4,65,204.75,strategy_S5-10:NIFTY:2026-04-07T11:55:00:LONG
2026-04-07,11:55:59,2026-04-07,11:57:20,NIFTY,BUY,22956.7,22978.25,NIFTY07APR2622950CE,22950.0,CE,80.75,95.8,85.0,95.0,85.0,95.0,0.003722,0.002086,ws,ws,book_ladder,book_ladder,False,False,-4.25,0.8,65,978.25,strategy_S5-10:NIFTY:2026-04-07T11:55:59:LONG
2026-04-07,11:57:30,2026-04-07,11:58:01,NIFTY,BUY,22983.15,22988.4,NIFTY07APR2622950CE,22950.0,CE,96.85,101.2,100.0,100.0,100.0,100.0,0.002067,0.002467,ws,ws,book_ladder,book_ladder,False,False,-3.15,1.2,65,282.75,strategy_S5-10:NIFTY:2026-04-07T11:57:30:LONG
2026-04-07,11:58:13,2026-04-07,11:58:55,NIFTY,SELL,22983.35,22980.85,NIFTY07APR2623000PE,23000.0,PE,81.45,79.9,85.0,75.0,85.0,75.0,0.003074,0.0025,ws,ws,book_ladder,book_ladder,False,False,-3.55,4.9,65,-100.75,strategy_S5-10:NIFTY:2026-04-07T11:58:13:SHORT
2026-04-07,11:59:01,2026-04-07,11:59:43,NIFTY,BUY,22986.5,22985.15,NIFTY07APR2622950CE,22950.0,CE,98.3,96.55,100.0,95.0,100.0,95.0,0.002546,0.002069,ws,ws,book_ladder,book_ladder,False,False,-1.7,1.55,65,-113.75,strategy_S5-10:NIFTY:2026-04-07T11:59:01:LONG
2026-04-07,12:00:10,2026-04-07,12:01:30,NIFTY,SELL,22983.5,22974.9,NIFTY07APR2623000PE,23000.0,PE,77.35,82.25,80.0,80.0,80.0,80.0,0.003237,0.002429,ws,ws,book_ladder,book_ladder,False,False,-2.65,2.25,65,318.5,strategy_S5-10:NIFTY:2026-04-07T12:00:10:SHORT
2026-04-07,12:01:46,2026-04-07,12:02:46,NIFTY,SELL,22970.8,22958.8,NIFTY07APR2623000PE,23000.0,PE,84.0,90.85,85.0,90.0,85.0,90.0,0.001787,0.00165,ws,ws,book_ladder,book_ladder,False,False,-1.0,0.85,65,445.25,strategy_S5-10:NIFTY:2026-04-07T12:01:46:SHORT
2026-04-07,12:03:09,2026-04-07,12:03:32,NIFTY,SELL,22954.75,22948.65,NIFTY07APR2623000PE,23000.0,PE,95.8,100.05,100.0,100.0,100.0,100.0,0.003136,0.002994,ws,ws,book_ladder,book_ladder,False,False,-4.2,0.05,65,276.25,strategy_S5-10:NIFTY:2026-04-07T12:03:09:SHORT
2026-04-07,12:04:07,2026-04-07,12:04:35,NIFTY,BUY,22952.25,22946.85,NIFTY07APR2622950CE,22950.0,CE,71.25,70.7,75.0,70.0,75.0,70.0,0.002107,0.002825,ws,ws,book_ladder,book_ladder,False,False,-3.75,0.7,65,-35.75,strategy_S5-10:NIFTY:2026-04-07T12:04:07:LONG
2026-04-07,12:04:40,2026-04-07,12:06:00,NIFTY,SELL,22945.6,22937.25,NIFTY07APR2622950PE,22950.0,PE,72.35,79.2,75.0,75.0,75.0,75.0,0.002768,0.001262,ws,ws,book_ladder,book_ladder,False,False,-2.65,4.2,65,445.25,strategy_S5-10:NIFTY:2026-04-07T12:04:40:SHORT
2026-04-07,12:06:30,2026-04-07,12:06:53,NIFTY,BUY,22937.8,22938.95,NIFTY07APR2622900CE,22900.0,CE,93.1,94.25,95.0,90.0,95.0,90.0,0.002151,0.00212,ws,ws,book_ladder,book_ladder,False,False,-1.9,4.25,65,74.75,strategy_S5-10:NIFTY:2026-04-07T12:06:30:LONG
2026-04-07,12:07:00,2026-04-07,12:07:24,NIFTY,BUY,22942.95,22938.9,NIFTY07APR2622900CE,22900.0,CE,96.35,92.15,100.0,90.0,100.0,90.0,0.002598,0.002168,ws,ws,book_ladder,book_ladder,False,False,-3.65,2.15,65,-273.0,strategy_S5-10:NIFTY:2026-04-07T12:07:00:LONG
2026-04-07,12:07:56,2026-04-07,12:08:00,NIFTY,SELL,22938.0,22941.15,NIFTY07APR2622950PE,22950.0,PE,78.65,77.05,80.0,75.0,80.0,75.0,0.002546,0.002592,ws,ws,book_ladder,book_ladder,False,False,-1.35,2.05,65,-104.0,strategy_S5-10:NIFTY:2026-04-07T12:07:56:SHORT
2026-04-07,12:08:29,2026-04-07,12:08:57,NIFTY,BUY,22943.4,22943.6,NIFTY07APR2622900CE,22900.0,CE,95.25,93.85,100.0,90.0,100.0,90.0,0.003155,0.002129,ws,ws,book_ladder,book_ladder,False,False,-4.75,3.85,65,-91.0,strategy_S5-10:NIFTY:2026-04-07T12:08:29:LONG
2026-04-07,12:09:30,2026-04-07,12:09:35,NIFTY,BUY,22946.55,22945.7,NIFTY07APR2622900CE,22900.0,CE,97.3,98.7,100.0,95.0,100.0,95.0,0.002573,0.00253,ws,ws,book_ladder,book_ladder,False,False,-2.7,3.7,65,91.0,strategy_S5-10:NIFTY:2026-04-07T12:09:30:LONG
2026-04-07,12:09:46,2026-04-07,12:10:00,NIFTY,BUY,22949.45,22947.6,NIFTY07APR2622900CE,22900.0,CE,98.3,100.3,100.0,100.0,100.0,100.0,0.002546,0.002987,ws,ws,book_ladder,book_ladder,False,False,-1.7,0.3,65,130.0,strategy_S5-10:NIFTY:2026-04-07T12:09:46:LONG
2026-04-07,12:10:10,2026-04-07,12:10:30,NIFTY,SELL,22936.5,22940.6,NIFTY07APR2622950PE,22950.0,PE,76.65,76.25,80.0,75.0,80.0,75.0,0.002613,0.00262,ws,ws,book_ladder,book_ladder,False,False,-3.35,1.25,65,-26.0,strategy_S5-10:NIFTY:2026-04-07T12:10:10:SHORT
2026-04-07,12:10:58,2026-04-07,12:11:49,NIFTY,SELL,22936.95,22928.65,NIFTY07APR2622950PE,22950.0,PE,77.95,84.7,80.0,80.0,80.0,80.0,0.002569,0.002358,ws,ws,book_ladder,book_ladder,False,False,-2.05,4.7,65,438.75,strategy_S5-10:NIFTY:2026-04-07T12:10:58:SHORT
2026-04-07,12:11:55,2026-04-07,12:12:28,NIFTY,SELL,22921.3,22915.35,NIFTY07APR2622950PE,22950.0,PE,88.65,91.65,90.0,90.0,90.0,90.0,0.00339,0.00218,ws,ws,book_ladder,book_ladder,False,False,-1.35,1.65,65,195.0,strategy_S5-10:NIFTY:2026-04-07T12:11:55:SHORT
2026-04-07,12:12:51,2026-04-07,12:13:58,NIFTY,BUY,22928.35,22940.5,NIFTY07APR2622900CE,22900.0,CE,86.25,92.0,90.0,90.0,90.0,90.0,0.002322,0.002714,ws,ws,book_ladder,book_ladder,False,False,-3.75,2.0,65,373.75,strategy_S5-10:NIFTY:2026-04-07T12:12:51:LONG
2026-04-07,12:14:40,2026-04-07,12:15:00,NIFTY,BUY,22939.0,22939.95,NIFTY07APR2622900CE,22900.0,CE,90.45,91.4,95.0,90.0,95.0,90.0,0.001106,0.00164,ws,ws,book_ladder,book_ladder,False,False,-4.55,1.4,65,61.75,strategy_S5-10:NIFTY:2026-04-07T12:14:40:LONG
2026-04-07,12:15:45,2026-04-07,12:16:11,NIFTY,SELL,22942.25,22933.05,NIFTY07APR2622950PE,22950.0,PE,77.2,80.35,80.0,80.0,80.0,80.0,0.002594,0.002486,ws,ws,book_ladder,book_ladder,False,False,-2.8,0.35,65,204.75,strategy_S5-10:NIFTY:2026-04-07T12:15:45:SHORT
2026-04-07,12:16:30,2026-04-07,12:16:49,NIFTY,SELL,22930.6,22933.1,NIFTY07APR2622950PE,22950.0,PE,81.5,81.05,85.0,80.0,85.0,80.0,0.001842,0.002465,ws,ws,book_ladder,book_ladder,False,False,-3.5,1.05,65,-29.25,strategy_S5-10:NIFTY:2026-04-07T12:16:30:SHORT
2026-04-07,12:17:00,2026-04-07,12:17:43,NIFTY,BUY,22935.35,22940.15,NIFTY07APR2622900CE,22900.0,CE,87.55,89.8,90.0,85.0,90.0,85.0,0.002287,0.001669,ws,ws,book_ladder,book_ladder,False,False,-2.45,4.8,65,146.25,strategy_S5-10:NIFTY:2026-04-07T12:17:00:LONG
2026-04-07,12:18:15,2026-04-07,12:18:20,NIFTY,BUY,22941.4,22939.0,NIFTY07APR2622900CE,22900.0,CE,90.85,89.25,95.0,85.0,95.0,85.0,0.002756,0.002797,ws,ws,book_ladder,book_ladder,False,False,-4.15,4.25,65,-104.0,strategy_S5-10:NIFTY:2026-04-07T12:18:15:LONG
2026-04-07,12:18:31,2026-04-07,12:19:19,NIFTY,SELL,22935.55,22927.1,NIFTY07APR2622950PE,22950.0,PE,78.25,82.4,80.0,80.0,80.0,80.0,0.000639,0.002424,ws,ws,book_ladder,book_ladder,False,False,-1.75,2.4,65,269.75,strategy_S5-10:NIFTY:2026-04-07T12:18:31:SHORT
2026-04-07,12:20:25,2026-04-07,12:20:45,NIFTY,SELL,22927.05,22929.0,NIFTY07APR2622950PE,22950.0,PE,84.1,80.05,85.0,80.0,85.0,80.0,0.002381,0.001872,ws,ws,book_ladder,book_ladder,False,False,-0.9,0.05,65,-263.25,strategy_S5-10:NIFTY:2026-04-07T12:20:25:SHORT
2026-04-07,12:21:00,2026-04-07,12:21:02,NIFTY,BUY,22931.95,22927.0,NIFTY07APR2622900CE,22900.0,CE,82.8,83.0,85.0,80.0,85.0,80.0,0.002418,0.001204,ws,ws,book_ladder,book_ladder,False,False,-2.2,3.0,65,13.0,strategy_S5-10:NIFTY:2026-04-07T12:21:00:LONG
2026-04-07,12:21:10,2026-04-07,12:22:15,NIFTY,SELL,22926.25,22912.4,NIFTY07APR2622950PE,22950.0,PE,82.2,91.55,85.0,90.0,85.0,90.0,0.001826,0.002182,ws,ws,book_ladder,book_ladder,False,False,-2.8,1.55,65,607.75,strategy_S5-10:NIFTY:2026-04-07T12:21:10:SHORT
2026-04-07,12:23:36,2026-04-07,12:24:03,NIFTY,SELL,22911.45,22910.65,NIFTY07APR2622950PE,22950.0,PE,92.8,91.2,95.0,90.0,95.0,90.0,0.001618,0.002191,ws,ws,book_ladder,book_ladder,False,False,-2.2,1.2,65,-104.0,strategy_S5-10:NIFTY:2026-04-07T12:23:36:SHORT
2026-04-07,12:24:24,2026-04-07,12:26:02,NIFTY,BUY,22911.55,22917.35,NIFTY07APR2622900CE,22900.0,CE,72.0,75.4,75.0,75.0,75.0,75.0,0.002782,0.000663,ws,ws,book_ladder,book_ladder,False,False,-3.0,0.4,65,221.0,strategy_S5-10:NIFTY:2026-04-07T12:24:24:LONG
2026-04-07,12:27:15,2026-04-07,12:27:27,NIFTY,BUY,22916.2,22911.55,NIFTY07APR2622900CE,22900.0,CE,73.6,73.9,75.0,70.0,75.0,70.0,0.002721,0.001352,ws,ws,book_ladder,book_ladder,False,False,-1.4,3.9,65,19.5,strategy_S5-10:NIFTY:2026-04-07T12:27:15:LONG
2026-04-07,12:28:13,2026-04-07,12:28:48,NIFTY,BUY,22914.3,22921.8,NIFTY07APR2622900CE,22900.0,CE,76.4,80.55,80.0,80.0,80.0,80.0,0.002621,0.003099,ws,ws,book_ladder,book_ladder,False,False,-3.6,0.55,65,269.75,strategy_S5-10:NIFTY:2026-04-07T12:28:13:LONG
2026-04-07,12:29:18,2026-04-07,12:29:38,NIFTY,BUY,22923.6,22922.55,NIFTY07APR2622900CE,22900.0,CE,80.7,82.35,85.0,80.0,85.0,80.0,0.003103,0.002426,ws,ws,book_ladder,book_ladder,False,False,-4.3,2.35,65,107.25,strategy_S5-10:NIFTY:2026-04-07T12:29:18:LONG
2026-04-07,12:29:51,2026-04-07,12:30:55,NIFTY,BUY,22924.65,22929.6,NIFTY07APR2622900CE,22900.0,CE,81.6,87.1,85.0,85.0,85.0,85.0,0.002454,0.002294,ws,ws,book_ladder,book_ladder,False,False,-3.4,2.1,65,357.5,strategy_S5-10:NIFTY:2026-04-07T12:29:51:LONG
2026-04-07,12:31:10,2026-04-07,12:31:28,NIFTY,SELL,22928.75,22931.3,NIFTY07APR2622950PE,22950.0,PE,80.95,78.8,85.0,75.0,85.0,75.0,0.002474,0.002535,ws,ws,book_ladder,book_ladder,False,False,-4.05,3.8,65,-139.75,strategy_S5-10:NIFTY:2026-04-07T12:31:10:SHORT
2026-04-07,12:31:30,2026-04-07,12:32:20,NIFTY,BUY,22934.4,22940.15,NIFTY07APR2622900CE,22900.0,CE,86.75,93.65,90.0,90.0,90.0,90.0,0.002308,0.002666,ws,ws,book_ladder,book_ladder,False,False,-3.25,3.65,65,448.5,strategy_S5-10:NIFTY:2026-04-07T12:31:30:LONG
2026-04-07,12:32:43,2026-04-07,12:33:46,NIFTY,SELL,22939.25,22932.05,NIFTY07APR2622950PE,22950.0,PE,73.1,76.3,75.0,75.0,75.0,75.0,0.002054,0.001964,ws,ws,book_ladder,book_ladder,False,False,-1.9,1.3,65,208.0,strategy_S5-10:NIFTY:2026-04-07T12:32:43:SHORT
2026-04-07,12:33:50,2026-04-07,12:34:11,NIFTY,SELL,22928.0,22930.05,NIFTY07APR2622950PE,22950.0,PE,75.95,76.35,80.0,75.0,80.0,75.0,0.002637,0.001309,ws,ws,book_ladder,book_ladder,False,False,-4.05,1.35,65,26.0,strategy_S5-10:NIFTY:2026-04-07T12:33:50:SHORT
2026-04-07,12:34:30,2026-04-07,12:35:06,NIFTY,BUY,22935.8,22934.0,NIFTY07APR2622900CE,22900.0,CE,87.4,85.1,90.0,85.0,90.0,85.0,0.001718,0.001761,ws,ws,book_ladder,book_ladder,False,False,-2.6,0.1,65,-149.5,strategy_S5-10:NIFTY:2026-04-07T12:34:30:LONG
2026-04-07,12:35:24,2026-04-07,12:35:56,NIFTY,BUY,22937.6,22937.05,NIFTY07APR2622900CE,22900.0,CE,87.4,87.3,90.0,85.0,90.0,85.0,0.002291,0.002288,ws,ws,book_ladder,book_ladder,False,False,-2.6,2.3,65,-6.5,strategy_S5-10:NIFTY:2026-04-07T12:35:24:LONG
2026-04-07,12:36:37,2026-04-07,12:37:00,NIFTY,SELL,22931.5,22929.4,NIFTY07APR2622950PE,22950.0,PE,77.65,77.55,80.0,75.0,80.0,75.0,0.002579,0.001932,ws,ws,book_ladder,book_ladder,False,False,-2.35,2.55,65,-6.5,strategy_S5-10:NIFTY:2026-04-07T12:36:37:SHORT
2026-04-07,12:37:20,2026-04-07,12:38:15,NIFTY,BUY,22934.45,22937.75,NIFTY07APR2622900CE,22900.0,CE,86.8,87.05,90.0,85.0,90.0,85.0,0.00173,0.002295,ws,ws,book_ladder,book_ladder,False,False,-3.2,2.05,65,16.25,strategy_S5-10:NIFTY:2026-04-07T12:37:20:LONG
2026-04-07,12:38:37,2026-04-07,12:39:00,NIFTY,SELL,22931.75,22937.2,NIFTY07APR2622950PE,22950.0,PE,75.0,71.75,75.0,70.0,75.0,70.0,0.002002,0.000697,ws,ws,book_ladder,book_ladder,False,False,0.0,1.75,65,-211.25,strategy_S5-10:NIFTY:2026-04-07T12:38:37:SHORT
2026-04-07,12:39:15,2026-04-07,12:40:25,NIFTY,BUY,22937.8,22947.65,NIFTY07APR2622900CE,22900.0,CE,89.35,90.55,90.0,90.0,90.0,90.0,0.002241,0.001104,ws,ws,book_ladder,book_ladder,False,False,-0.65,0.55,65,78.0,strategy_S5-10:NIFTY:2026-04-07T12:39:15:LONG
2026-04-07,12:41:46,2026-04-07,12:43:30,NIFTY,SELL,22947.65,22937.6,NIFTY07APR2622950PE,22950.0,PE,66.55,69.6,70.0,65.0,70.0,65.0,0.002256,0.001436,ws,ws,book_ladder,book_ladder,False,False,-3.45,4.6,65,198.25,strategy_S5-10:NIFTY:2026-04-07T12:41:46:SHORT
2026-04-07,12:44:00,2026-04-07,12:44:25,NIFTY,BUY,22946.5,22947.85,NIFTY07APR2622900CE,22900.0,CE,93.55,92.65,95.0,90.0,95.0,90.0,0.002676,0.002695,ws,ws,book_ladder,book_ladder,False,False,-1.45,2.65,65,-58.5,strategy_S5-10:NIFTY:2026-04-07T12:44:00:LONG
2026-04-07,12:45:21,2026-04-07,12:46:16,NIFTY,SELL,22944.45,22946.0,NIFTY07APR2622950PE,22950.0,PE,66.65,64.1,70.0,60.0,70.0,60.0,0.002253,0.002337,ws,ws,book_ladder,book_ladder,False,False,-3.35,4.1,65,-165.75,strategy_S5-10:NIFTY:2026-04-07T12:45:21:SHORT
2026-04-07,12:46:25,2026-04-07,12:47:00,NIFTY,SELL,22943.4,22940.85,NIFTY07APR2622950PE,22950.0,PE,64.65,69.7,65.0,65.0,65.0,65.0,0.003098,0.002865,ws,ws,book_ladder,book_ladder,False,False,-0.35,4.7,65,328.25,strategy_S5-10:NIFTY:2026-04-07T12:46:25:SHORT
2026-04-07,12:47:16,2026-04-07,12:47:36,NIFTY,SELL,22936.3,22934.15,NIFTY07APR2622950PE,22950.0,PE,69.2,71.2,70.0,70.0,70.0,70.0,0.00217,0.002805,ws,ws,book_ladder,book_ladder,False,False,-0.8,1.2,65,130.0,strategy_S5-10:NIFTY:2026-04-07T12:47:16:SHORT
2026-04-07,12:47:46,2026-04-07,12:48:47,NIFTY,BUY,22939.25,22944.15,NIFTY07APR2622900CE,22900.0,CE,87.55,90.65,90.0,90.0,90.0,90.0,0.00286,0.002204,ws,ws,book_ladder,book_ladder,False,False,-2.45,0.65,65,201.5,strategy_S5-10:NIFTY:2026-04-07T12:47:46:LONG
2026-04-07,12:49:00,2026-04-07,12:49:37,NIFTY,BUY,22946.6,22944.35,NIFTY07APR2622900CE,22900.0,CE,91.9,86.75,95.0,85.0,95.0,85.0,0.00327,0.002303,ws,ws,book_ladder,book_ladder,False,False,-3.1,1.75,65,-334.75,strategy_S5-10:NIFTY:2026-04-07T12:49:00:LONG
2026-04-07,12:49:40,2026-04-07,12:50:09,NIFTY,SELL,22942.75,22946.2,NIFTY07APR2622950PE,22950.0,PE,70.15,67.45,75.0,65.0,75.0,65.0,0.002855,0.002961,ws,ws,book_ladder,book_ladder,False,False,-4.85,2.45,65,-175.5,strategy_S5-10:NIFTY:2026-04-07T12:49:40:SHORT
2026-04-07,12:50:13,2026-04-07,12:50:21,NIFTY,BUY,22947.4,22944.9,NIFTY07APR2622900CE,22900.0,CE,89.2,90.1,90.0,90.0,90.0,90.0,0.002245,0.002771,ws,ws,book_ladder,book_ladder,False,False,-0.8,0.1,65,58.5,strategy_S5-10:NIFTY:2026-04-07T12:50:13:LONG
2026-04-07,12:50:43,2026-04-07,12:50:52,NIFTY,BUY,22949.85,22948.4,NIFTY07APR2622900CE,22900.0,CE,90.75,90.55,95.0,90.0,95.0,90.0,0.001103,0.002206,ws,ws,book_ladder,book_ladder,False,False,-4.25,0.55,65,-13.0,strategy_S5-10:NIFTY:2026-04-07T12:50:43:LONG
2026-04-07,12:51:07,2026-04-07,12:51:25,NIFTY,BUY,22950.7,22947.4,NIFTY07APR2622950CE,22950.0,CE,64.0,63.15,65.0,60.0,65.0,60.0,0.002346,0.002372,ws,ws,book_ladder,book_ladder,False,False,-1.0,3.15,65,-55.25,strategy_S5-10:NIFTY:2026-04-07T12:51:07:LONG
2026-04-07,12:51:40,2026-04-07,12:52:24,NIFTY,SELL,22943.05,22928.15,NIFTY07APR2622950PE,22950.0,PE,70.2,78.95,75.0,75.0,75.0,75.0,0.001426,0.003162,ws,ws,book_ladder,book_ladder,False,False,-4.8,3.95,65,568.75,strategy_S5-10:NIFTY:2026-04-07T12:51:40:SHORT
2026-04-07,12:53:01,2026-04-07,12:54:10,NIFTY,BUY,22933.25,22934.35,NIFTY07APR2622900CE,22900.0,CE,80.5,79.35,85.0,75.0,85.0,75.0,0.002488,0.002517,ws,ws,book_ladder,book_ladder,False,False,-4.5,4.35,65,-74.75,strategy_S5-10:NIFTY:2026-04-07T12:53:01:LONG
2026-04-07,12:54:20,2026-04-07,12:54:41,NIFTY,SELL,22933.3,22936.5,NIFTY07APR2622950PE,22950.0,PE,73.1,68.05,75.0,65.0,75.0,65.0,0.003426,0.002202,ws,ws,book_ladder,book_ladder,False,False,-1.9,3.05,65,-328.25,strategy_S5-10:NIFTY:2026-04-07T12:54:20:SHORT
2026-04-07,12:54:50,2026-04-07,12:55:56,NIFTY,BUY,22938.35,22941.65,NIFTY07APR2622900CE,22900.0,CE,84.3,86.3,85.0,85.0,85.0,85.0,0.001781,0.002893,ws,ws,book_ladder,book_ladder,False,False,-0.7,1.3,65,130.0,strategy_S5-10:NIFTY:2026-04-07T12:54:50:LONG
2026-04-07,12:56:19,2026-04-07,12:56:30,NIFTY,SELL,22941.1,22943.15,NIFTY07APR2622950PE,22950.0,PE,66.15,67.15,70.0,65.0,70.0,65.0,0.003028,0.001488,ws,ws,book_ladder,book_ladder,False,False,-3.85,2.15,65,65.0,strategy_S5-10:NIFTY:2026-04-07T12:56:19:SHORT
2026-04-07,12:56:40,2026-04-07,12:57:16,NIFTY,SELL,22939.1,22931.25,NIFTY07APR2622950PE,22950.0,PE,69.0,74.4,70.0,70.0,70.0,70.0,0.000725,0.003355,ws,ws,book_ladder,book_ladder,False,False,-1.0,4.4,65,351.0,strategy_S5-10:NIFTY:2026-04-07T12:56:40:SHORT
2026-04-07,12:57:24,2026-04-07,12:57:44,NIFTY,BUY,22938.05,22934.6,NIFTY07APR2622900CE,22900.0,CE,81.25,78.75,85.0,75.0,85.0,75.0,0.003082,0.002536,ws,ws,book_ladder,book_ladder,False,False,-3.75,3.75,65,-162.5,strategy_S5-10:NIFTY:2026-04-07T12:57:24:LONG
2026-04-07,12:57:56,2026-04-07,12:58:00,NIFTY,SELL,22929.8,22932.55,NIFTY07APR2622950PE,22950.0,PE,74.75,73.05,75.0,70.0,75.0,70.0,0.002679,0.002734,ws,ws,book_ladder,book_ladder,False,False,-0.25,3.05,65,-110.5,strategy_S5-10:NIFTY:2026-04-07T12:57:56:SHORT
2026-04-07,12:59:38,2026-04-07,13:00:00,NIFTY,SELL,22917.15,22917.4,NIFTY07APR2622950PE,22950.0,PE,80.7,81.45,85.0,80.0,85.0,80.0,0.003103,0.003065,ws,ws,book_ladder,book_ladder,False,False,-4.3,1.45,65,48.75,strategy_S5-10:NIFTY:2026-04-07T12:59:38:SHORT
2026-04-07,13:00:16,2026-04-07,13:00:25,NIFTY,BUY,22919.3,22917.5,NIFTY07APR2622900CE,22900.0,CE,68.7,66.5,70.0,65.0,70.0,65.0,0.002915,0.003003,ws,ws,book_ladder,book_ladder,False,False,-1.3,1.5,65,-143.0,strategy_S5-10:NIFTY:2026-04-07T13:00:16:LONG
2026-04-07,13:01:00,2026-04-07,13:01:05,NIFTY,BUY,22919.4,22916.8,NIFTY07APR2622900CE,22900.0,CE,68.1,67.0,70.0,65.0,70.0,65.0,0.002941,0.002981,ws,ws,book_ladder,book_ladder,False,False,-1.9,2.0,65,-71.5,strategy_S5-10:NIFTY:2026-04-07T13:01:00:LONG
2026-04-07,13:01:20,2026-04-07,13:01:22,NIFTY,BUY,22919.05,22917.3,NIFTY07APR2622900CE,22900.0,CE,68.2,65.95,70.0,65.0,70.0,65.0,0.002937,0.000758,ws,ws,book_ladder,book_ladder,False,False,-1.8,0.95,65,-146.25,strategy_S5-10:NIFTY:2026-04-07T13:01:20:LONG
2026-04-07,13:01:40,2026-04-07,13:01:42,NIFTY,SELL,22915.8,22919.95,NIFTY07APR2622950PE,22950.0,PE,83.55,82.7,85.0,80.0,85.0,80.0,0.002397,0.003018,ws,ws,book_ladder,book_ladder,False,False,-1.45,2.7,65,-55.25,strategy_S5-10:NIFTY:2026-04-07T13:01:40:SHORT
2026-04-07,13:02:02,2026-04-07,13:02:22,NIFTY,SELL,22910.8,22914.2,NIFTY07APR2622950PE,22950.0,PE,87.3,81.3,90.0,80.0,90.0,80.0,0.002868,0.001843,ws,ws,book_ladder,book_ladder,False,False,-2.7,1.3,65,-390.0,strategy_S5-10:NIFTY:2026-04-07T13:02:02:SHORT
2026-04-07,13:02:35,2026-04-07,13:03:54,NIFTY,BUY,22918.4,22938.25,NIFTY07APR2622900CE,22900.0,CE,68.7,79.9,70.0,75.0,70.0,75.0,0.001457,0.003124,ws,ws,book_ladder,book_ladder,False,False,-1.3,4.9,65,728.0,strategy_S5-10:NIFTY:2026-04-07T13:02:35:LONG
2026-04-07,13:04:30,2026-04-07,13:04:52,NIFTY,BUY,22939.95,22937.5,NIFTY07APR2622900CE,22900.0,CE,79.35,77.7,80.0,75.0,80.0,75.0,0.002524,0.003212,ws,ws,book_ladder,book_ladder,False,False,-0.65,2.7,65,-107.25,strategy_S5-10:NIFTY:2026-04-07T13:04:30:LONG
2026-04-07,13:05:06,2026-04-07,13:05:34,NIFTY,SELL,22934.9,22932.6,NIFTY07APR2622950PE,22950.0,PE,66.35,66.45,70.0,65.0,70.0,65.0,0.002263,0.003005,ws,ws,book_ladder,book_ladder,False,False,-3.65,1.45,65,6.5,strategy_S5-10:NIFTY:2026-04-07T13:05:06:SHORT
2026-04-07,13:05:40,2026-04-07,13:06:31,NIFTY,SELL,22929.7,22922.15,NIFTY07APR2622950PE,22950.0,PE,70.1,73.0,75.0,70.0,75.0,70.0,0.002142,0.001369,ws,ws,book_ladder,book_ladder,False,False,-4.9,3.0,65,188.5,strategy_S5-10:NIFTY:2026-04-07T13:05:40:SHORT
2026-04-07,13:07:52,2026-04-07,13:07:54,NIFTY,SELL,22918.8,22921.95,NIFTY07APR2622950PE,22950.0,PE,76.15,73.7,80.0,70.0,80.0,70.0,0.00263,0.00271,ws,ws,book_ladder,book_ladder,False,False,-3.85,3.7,65,-159.25,strategy_S5-10:NIFTY:2026-04-07T13:07:52:SHORT
2026-04-07,13:08:15,2026-04-07,13:08:46,NIFTY,SELL,22918.25,22919.0,NIFTY07APR2622950PE,22950.0,PE,77.4,76.15,80.0,75.0,80.0,75.0,0.001293,0.001968,ws,ws,book_ladder,book_ladder,False,False,-2.6,1.15,65,-81.25,strategy_S5-10:NIFTY:2026-04-07T13:08:15:SHORT
2026-04-07,13:09:17,2026-04-07,13:10:02,NIFTY,SELL,22915.8,22914.5,NIFTY07APR2622950PE,22950.0,PE,75.9,78.75,80.0,75.0,80.0,75.0,0.001318,0.002536,ws,ws,book_ladder,book_ladder,False,False,-4.1,3.75,65,185.25,strategy_S5-10:NIFTY:2026-04-07T13:09:17:SHORT
2026-04-07,13:10:41,2026-04-07,13:11:42,NIFTY,BUY,22913.45,22928.85,NIFTY07APR2622900CE,22900.0,CE,68.8,68.9,70.0,65.0,70.0,65.0,0.002911,0.00145,ws,ws,book_ladder,book_ladder,False,False,-1.2,3.9,65,6.5,strategy_S5-10:NIFTY:2026-04-07T13:10:41:LONG
2026-04-07,13:12:44,2026-04-07,13:14:33,NIFTY,BUY,22930.4,22948.9,NIFTY07APR2622900CE,22900.0,CE,68.55,85.25,70.0,85.0,70.0,85.0,0.003654,0.002928,ws,ws,book_ladder,book_ladder,False,False,-1.45,0.25,65,1085.5,strategy_S5-10:NIFTY:2026-04-07T13:12:44:LONG
2026-04-07,13:14:55,2026-04-07,13:15:15,NIFTY,SELL,22940.7,22943.85,NIFTY07APR2622950PE,22950.0,PE,60.6,60.15,65.0,60.0,65.0,60.0,0.002478,0.002491,ws,ws,book_ladder,book_ladder,False,False,-4.4,0.15,65,-29.25,strategy_S5-10:NIFTY:2026-04-07T13:14:55:SHORT
2026-04-07,13:15:55,2026-04-07,13:16:26,NIFTY,BUY,22946.25,22950.5,NIFTY07APR2622900CE,22900.0,CE,83.0,86.0,85.0,85.0,85.0,85.0,0.003017,0.002903,ws,ws,book_ladder,book_ladder,False,False,-2.0,1.0,65,195.0,strategy_S5-10:NIFTY:2026-04-07T13:15:55:LONG
2026-04-07,13:16:54,2026-04-07,13:19:22,NIFTY,BUY,22953.8,22964.85,NIFTY07APR2622950CE,22950.0,CE,59.9,66.5,60.0,65.0,60.0,65.0,0.002507,0.003003,ws,ws,book_ladder,book_ladder,False,False,-0.1,1.5,65,429.0,strategy_S5-10:NIFTY:2026-04-07T13:16:54:LONG
2026-04-07,13:19:30,2026-04-07,13:19:55,NIFTY,BUY,22967.35,22968.2,NIFTY07APR2622950CE,22950.0,CE,65.25,69.2,70.0,65.0,70.0,65.0,0.001534,0.003606,ws,ws,book_ladder,book_ladder,False,False,-4.75,4.2,65,256.75,strategy_S5-10:NIFTY:2026-04-07T13:19:30:LONG
2026-04-07,13:20:08,2026-04-07,13:20:52,NIFTY,SELL,22961.75,22956.4,NIFTY07APR2623000PE,23000.0,PE,80.0,80.65,80.0,80.0,80.0,80.0,0.001251,0.003095,ws,ws,book_ladder,book_ladder,False,False,0.0,0.65,65,42.25,strategy_S5-10:NIFTY:2026-04-07T13:20:08:SHORT
2026-04-07,13:21:44,2026-04-07,13:22:28,NIFTY,BUY,22963.25,22961.35,NIFTY07APR2622950CE,22950.0,CE,63.35,62.95,65.0,60.0,65.0,60.0,0.002371,0.00238,ws,ws,book_ladder,book_ladder,False,False,-1.65,2.95,65,-26.0,strategy_S5-10:NIFTY:2026-04-07T13:21:44:LONG
2026-04-07,13:22:58,2026-04-07,13:23:09,NIFTY,BUY,22966.65,22961.85,NIFTY07APR2622950CE,22950.0,CE,65.15,64.0,70.0,60.0,70.0,60.0,0.003075,0.001561,ws,ws,book_ladder,book_ladder,False,False,-4.85,4.0,65,-74.75,strategy_S5-10:NIFTY:2026-04-07T13:22:58:LONG
2026-04-07,13:23:16,2026-04-07,13:23:50,NIFTY,SELL,22960.4,22953.8,NIFTY07APR2623000PE,23000.0,PE,80.9,84.55,85.0,80.0,85.0,80.0,0.001237,0.002363,ws,ws,book_ladder,book_ladder,False,False,-4.1,4.55,65,237.25,strategy_S5-10:NIFTY:2026-04-07T13:23:16:SHORT
2026-04-07,13:24:26,2026-04-07,13:24:45,NIFTY,SELL,22952.25,22953.8,NIFTY07APR2623000PE,23000.0,PE,86.25,84.2,90.0,80.0,90.0,80.0,0.002903,0.002965,ws,ws,book_ladder,book_ladder,False,False,-3.75,4.2,65,-133.25,strategy_S5-10:NIFTY:2026-04-07T13:24:26:SHORT
2026-04-07,13:24:52,2026-04-07,13:25:14,NIFTY,BUY,22954.85,22952.1,NIFTY07APR2622950CE,22950.0,CE,58.7,57.05,60.0,55.0,60.0,55.0,0.001705,0.002626,ws,ws,book_ladder,book_ladder,False,False,-1.3,2.05,65,-107.25,strategy_S5-10:NIFTY:2026-04-07T13:24:52:LONG
2026-04-07,13:25:40,2026-04-07,13:26:42,NIFTY,SELL,22950.9,22941.45,NIFTY07APR2623000PE,23000.0,PE,86.0,90.45,90.0,90.0,90.0,90.0,0.000582,0.002209,ws,ws,book_ladder,book_ladder,False,False,-4.0,0.45,65,289.25,strategy_S5-10:NIFTY:2026-04-07T13:25:40:SHORT
2026-04-07,13:27:02,2026-04-07,13:27:52,NIFTY,BUY,22943.15,22948.4,NIFTY07APR2622900CE,22900.0,CE,76.85,78.5,80.0,75.0,80.0,75.0,0.002606,0.00318,ws,ws,book_ladder,book_ladder,False,False,-3.15,3.5,65,107.25,strategy_S5-10:NIFTY:2026-04-07T13:27:02:LONG
2026-04-07,13:28:30,2026-04-07,13:28:41,NIFTY,BUY,22951.15,22948.95,NIFTY07APR2622950CE,22950.0,CE,53.6,54.8,55.0,50.0,55.0,50.0,0.000933,0.002733,ws,ws,book_ladder,book_ladder,False,False,-1.4,4.8,65,78.0,strategy_S5-10:NIFTY:2026-04-07T13:28:30:LONG
2026-04-07,13:28:53,2026-04-07,13:29:40,NIFTY,BUY,22952.45,22957.75,NIFTY07APR2622950CE,22950.0,CE,55.8,60.0,60.0,60.0,60.0,60.0,0.001794,0.002497,ws,ws,book_ladder,book_ladder,False,False,-4.2,0.0,65,273.0,strategy_S5-10:NIFTY:2026-04-07T13:28:53:LONG
2026-04-07,13:30:00,2026-04-07,13:31:38,NIFTY,BUY,22961.9,22989.8,NIFTY07APR2622950CE,22950.0,CE,62.35,79.2,65.0,75.0,65.0,75.0,0.001605,0.002522,ws,ws,book_ladder,book_ladder,False,False,-2.65,4.2,65,1095.25,strategy_S5-10:NIFTY:2026-04-07T13:30:00:LONG
2026-04-07,13:32:11,2026-04-07,13:33:22,NIFTY,BUY,22993.25,23033.25,NIFTY07APR2622950CE,22950.0,CE,83.85,121.3,85.0,120.0,85.0,120.0,0.002986,0.00247,ws,ws,book_ladder,book_ladder,False,False,-1.15,1.3,65,2434.25,strategy_S5-10:NIFTY:2026-04-07T13:32:11:LONG
2026-04-07,13:34:00,2026-04-07,13:34:05,NIFTY,BUY,23026.55,23019.0,NIFTY07APR2623000CE,23000.0,CE,76.9,72.0,80.0,70.0,80.0,70.0,0.001952,0.008987,ws,ws,book_ladder,book_ladder,False,False,-3.1,2.0,65,-318.5,strategy_S5-10:NIFTY:2026-04-07T13:34:00:LONG
2026-04-07,13:34:35,2026-04-07,13:34:53,NIFTY,SELL,23013.4,23008.7,NIFTY07APR2623050PE,23050.0,PE,71.55,74.05,75.0,70.0,75.0,70.0,0.000699,0.002697,ws,ws,book_ladder,book_ladder,False,False,-3.45,4.05,65,162.5,strategy_S5-10:NIFTY:2026-04-07T13:34:35:SHORT
2026-04-07,13:35:16,2026-04-07,13:35:35,NIFTY,BUY,23019.45,23015.85,NIFTY07APR2623000CE,23000.0,CE,71.85,72.3,75.0,70.0,75.0,70.0,0.003486,0.003452,ws,ws,book_ladder,book_ladder,False,False,-3.15,2.3,65,29.25,strategy_S5-10:NIFTY:2026-04-07T13:35:16:LONG
2026-04-07,13:36:17,2026-04-07,13:36:42,NIFTY,SELL,23013.3,23011.9,NIFTY07APR2623050PE,23050.0,PE,72.25,71.45,75.0,70.0,75.0,70.0,0.002772,0.002097,ws,ws,book_ladder,book_ladder,False,False,-2.75,1.45,65,-52.0,strategy_S5-10:NIFTY:2026-04-07T13:36:17:SHORT
2026-04-07,13:36:54,2026-04-07,13:37:10,NIFTY,BUY,23032.0,23024.7,NIFTY07APR2623000CE,23000.0,CE,80.0,76.65,80.0,75.0,80.0,75.0,0.002503,0.003256,ws,ws,book_ladder,book_ladder,False,False,0.0,1.65,65,-217.75,strategy_S5-10:NIFTY:2026-04-07T13:36:54:LONG
2026-04-07,13:37:24,2026-04-07,13:37:30,NIFTY,SELL,23020.55,23025.0,NIFTY07APR2623050PE,23050.0,PE,66.75,65.35,70.0,65.0,70.0,65.0,0.003001,0.003056,ws,ws,book_ladder,book_ladder,False,False,-3.25,0.35,65,-91.0,strategy_S5-10:NIFTY:2026-04-07T13:37:24:SHORT
2026-04-07,13:37:50,2026-04-07,13:37:55,NIFTY,SELL,23015.8,23020.15,NIFTY07APR2623050PE,23050.0,PE,70.25,67.9,75.0,65.0,75.0,65.0,0.003565,0.002941,ws,ws,book_ladder,book_ladder,False,False,-4.75,2.9,65,-152.75,strategy_S5-10:NIFTY:2026-04-07T13:37:50:SHORT
2026-04-07,13:39:16,2026-04-07,13:40:10,NIFTY,BUY,23024.65,23027.35,NIFTY07APR2623000CE,23000.0,CE,76.3,74.4,80.0,70.0,80.0,70.0,0.002625,0.002685,ws,ws,book_ladder,book_ladder,False,False,-3.7,4.4,65,-123.5,strategy_S5-10:NIFTY:2026-04-07T13:39:16:LONG
2026-04-07,13:40:32,2026-04-07,13:41:01,NIFTY,SELL,23024.4,23021.55,NIFTY07APR2623050PE,23050.0,PE,64.45,66.75,65.0,65.0,65.0,65.0,0.001553,0.002245,ws,ws,book_ladder,book_ladder,False,False,-0.55,1.75,65,149.5,strategy_S5-10:NIFTY:2026-04-07T13:40:32:SHORT
2026-04-07,13:41:20,2026-04-07,13:41:47,NIFTY,BUY,23031.2,23028.45,NIFTY07APR2623000CE,23000.0,CE,78.6,74.85,80.0,70.0,80.0,70.0,0.003186,0.002002,ws,ws,book_ladder,book_ladder,False,False,-1.4,4.85,65,-243.75,strategy_S5-10:NIFTY:2026-04-07T13:41:20:LONG
2026-04-07,13:42:00,2026-04-07,13:42:52,NIFTY,BUY,23030.9,23051.5,NIFTY07APR2623000CE,23000.0,CE,75.8,88.2,80.0,85.0,80.0,85.0,0.003304,0.00283,ws,ws,book_ladder,book_ladder,False,False,-4.2,3.2,65,806.0,strategy_S5-10:NIFTY:2026-04-07T13:42:00:LONG
2026-04-07,13:43:04,2026-04-07,13:43:38,NIFTY,BUY,23056.25,23054.4,NIFTY07APR2623050CE,23050.0,CE,64.05,61.1,65.0,60.0,65.0,60.0,0.003127,0.004083,ws,ws,book_ladder,book_ladder,False,False,-0.95,1.1,65,-191.75,strategy_S5-10:NIFTY:2026-04-07T13:43:04:LONG
2026-04-07,13:43:44,2026-04-07,13:44:00,NIFTY,SELL,23052.15,23055.85,NIFTY07APR2623100PE,23100.0,PE,77.15,72.95,80.0,70.0,80.0,70.0,0.001946,0.002738,ws,ws,book_ladder,book_ladder,False,False,-2.85,2.95,65,-273.0,strategy_S5-10:NIFTY:2026-04-07T13:43:44:SHORT
2026-04-07,13:44:10,2026-04-07,13:44:35,NIFTY,SELL,23048.0,23053.7,NIFTY07APR2623050PE,23050.0,PE,47.8,46.9,50.0,45.0,50.0,45.0,0.002094,0.00213,ws,ws,book_ladder,book_ladder,False,False,-2.2,1.9,65,-58.5,strategy_S5-10:NIFTY:2026-04-07T13:44:10:SHORT
2026-04-07,13:44:48,2026-04-07,13:45:02,NIFTY,BUY,23057.15,23053.9,NIFTY07APR2623050CE,23050.0,CE,62.55,59.55,65.0,55.0,65.0,55.0,0.002401,0.002516,ws,ws,book_ladder,book_ladder,False,False,-2.45,4.55,65,-195.0,strategy_S5-10:NIFTY:2026-04-07T13:44:48:LONG
2026-04-07,13:45:10,2026-04-07,13:45:22,NIFTY,SELL,23049.25,23055.3,NIFTY07APR2623050PE,23050.0,PE,48.2,44.85,50.0,40.0,50.0,40.0,0.002077,0.001114,ws,ws,book_ladder,book_ladder,False,False,-1.8,4.85,65,-217.75,strategy_S5-10:NIFTY:2026-04-07T13:45:10:SHORT
2026-04-07,13:46:09,2026-04-07,13:46:18,NIFTY,SELL,23050.95,23053.85,NIFTY07APR2623100PE,23100.0,PE,76.6,73.65,80.0,70.0,80.0,70.0,0.002614,0.002712,ws,ws,book_ladder,book_ladder,False,False,-3.4,3.65,65,-191.75,strategy_S5-10:NIFTY:2026-04-07T13:46:09:SHORT
2026-04-07,13:46:32,2026-04-07,13:46:35,NIFTY,SELL,23051.4,23054.1,NIFTY07APR2623100PE,23100.0,PE,73.45,73.55,75.0,70.0,75.0,70.0,0.002044,0.002716,ws,ws,book_ladder,book_ladder,False,False,-1.55,3.55,65,6.5,strategy_S5-10:NIFTY:2026-04-07T13:46:32:SHORT
2026-04-07,13:46:56,2026-04-07,13:47:09,NIFTY,BUY,23061.1,23057.8,NIFTY07APR2623050CE,23050.0,CE,66.65,64.4,70.0,60.0,70.0,60.0,0.002253,0.002326,ws,ws,book_ladder,book_ladder,False,False,-3.35,4.4,65,-146.25,strategy_S5-10:NIFTY:2026-04-07T13:46:56:LONG
2026-04-07,13:47:26,2026-04-07,13:48:36,NIFTY,SELL,23053.3,23035.95,NIFTY07APR2623100PE,23100.0,PE,73.65,84.4,75.0,80.0,75.0,80.0,0.002719,0.002367,ws,ws,book_ladder,book_ladder,False,False,-1.35,4.4,65,698.75,strategy_S5-10:NIFTY:2026-04-07T13:47:26:SHORT
2026-04-07,13:48:49,2026-04-07,13:49:01,NIFTY,BUY,23046.1,23042.05,NIFTY07APR2623000CE,23000.0,CE,84.9,80.65,85.0,80.0,85.0,80.0,0.002949,0.003713,ws,ws,book_ladder,book_ladder,False,False,-0.1,0.65,65,-276.25,strategy_S5-10:NIFTY:2026-04-07T13:48:49:LONG
2026-04-07,13:49:32,2026-04-07,13:50:00,NIFTY,SELL,23024.45,23022.2,NIFTY07APR2623050PE,23050.0,PE,57.95,62.5,60.0,60.0,60.0,60.0,0.002592,0.0008,ws,ws,book_ladder,book_ladder,False,False,-2.05,2.5,65,295.75,strategy_S5-10:NIFTY:2026-04-07T13:49:32:SHORT
2026-04-07,13:50:10,2026-04-07,13:51:01,NIFTY,SELL,23010.75,23004.1,NIFTY07APR2623050PE,23050.0,PE,69.5,74.35,70.0,70.0,70.0,70.0,0.002882,0.002015,ws,ws,book_ladder,book_ladder,False,False,-0.5,4.35,65,315.25,strategy_S5-10:NIFTY:2026-04-07T13:50:10:SHORT
2026-04-07,13:51:15,2026-04-07,13:51:51,NIFTY,BUY,23011.15,23020.95,NIFTY07APR2623000CE,23000.0,CE,61.1,66.85,65.0,65.0,65.0,65.0,0.003279,0.002987,ws,ws,book_ladder,book_ladder,False,False,-3.9,1.85,65,373.75,strategy_S5-10:NIFTY:2026-04-07T13:51:15:LONG
2026-04-07,13:52:18,2026-04-07,13:52:28,NIFTY,BUY,23024.65,23020.2,NIFTY07APR2623000CE,23000.0,CE,72.15,68.7,75.0,65.0,75.0,65.0,0.002776,0.002907,ws,ws,book_ladder,book_ladder,False,False,-2.85,3.7,65,-224.25,strategy_S5-10:NIFTY:2026-04-07T13:52:18:LONG
2026-04-07,13:52:48,2026-04-07,13:53:18,NIFTY,BUY,23025.2,23029.85,NIFTY07APR2623000CE,23000.0,CE,72.3,72.6,75.0,70.0,75.0,70.0,0.00277,0.002751,ws,ws,book_ladder,book_ladder,False,False,-2.7,2.6,65,19.5,strategy_S5-10:NIFTY:2026-04-07T13:52:48:LONG
2026-04-07,13:53:37,2026-04-07,13:54:40,NIFTY,BUY,23032.8,23036.65,NIFTY07APR2623000CE,23000.0,CE,74.7,77.15,75.0,75.0,75.0,75.0,0.00201,0.002589,ws,ws,book_ladder,book_ladder,False,False,-0.3,2.15,65,159.25,strategy_S5-10:NIFTY:2026-04-07T13:53:37:LONG
2026-04-07,13:54:57,2026-04-07,13:55:13,NIFTY,SELL,23027.3,23031.05,NIFTY07APR2623050PE,23050.0,PE,59.05,57.65,60.0,55.0,60.0,55.0,0.001695,0.003463,ws,ws,book_ladder,book_ladder,False,False,-0.95,2.65,65,-91.0,strategy_S5-10:NIFTY:2026-04-07T13:54:57:SHORT
2026-04-07,13:55:41,2026-04-07,13:56:42,NIFTY,SELL,23026.7,23011.55,NIFTY07APR2623050PE,23050.0,PE,60.7,70.4,65.0,70.0,65.0,70.0,0.001649,0.002837,ws,ws,book_ladder,book_ladder,False,False,-4.3,0.4,65,630.5,strategy_S5-10:NIFTY:2026-04-07T13:55:41:SHORT
2026-04-07,13:57:08,2026-04-07,13:57:52,NIFTY,SELL,23007.45,22982.95,NIFTY07APR2623050PE,23050.0,PE,73.35,91.55,75.0,90.0,75.0,90.0,0.00273,0.002727,ws,ws,book_ladder,book_ladder,False,False,-1.65,1.55,65,1183.0,strategy_S5-10:NIFTY:2026-04-07T13:57:08:SHORT
2026-04-07,13:58:24,2026-04-07,13:59:00,NIFTY,SELL,22976.25,22966.8,NIFTY07APR2623000PE,23000.0,PE,67.8,73.6,70.0,70.0,70.0,70.0,0.002215,0.002714,ws,ws,book_ladder,book_ladder,False,False,-2.2,3.6,65,377.0,strategy_S5-10:NIFTY:2026-04-07T13:58:24:SHORT
2026-04-07,13:59:47,2026-04-07,14:00:54,NIFTY,BUY,22971.05,22981.75,NIFTY07APR2622950CE,22950.0,CE,64.2,69.35,65.0,65.0,65.0,65.0,0.001559,0.00288,ws,ws,book_ladder,book_ladder,False,False,-0.8,4.35,65,334.75,strategy_S5-10:NIFTY:2026-04-07T13:59:47:LONG
2026-04-07,14:01:23,2026-04-07,14:03:00,NIFTY,BUY,22991.1,23012.7,NIFTY07APR2622950CE,22950.0,CE,72.55,87.8,75.0,85.0,75.0,85.0,0.002761,0.002843,ws,ws,book_ladder,book_ladder,False,False,-2.45,2.8,65,991.25,strategy_S5-10:NIFTY:2026-04-07T14:01:23:LONG
2026-04-07,14:03:45,2026-04-07,14:04:11,NIFTY,BUY,23012.45,23011.05,NIFTY07APR2623000CE,23000.0,CE,54.1,53.35,55.0,50.0,55.0,50.0,0.00185,0.001873,ws,ws,book_ladder,book_ladder,False,False,-0.9,3.35,65,-48.75,strategy_S5-10:NIFTY:2026-04-07T14:03:45:LONG
2026-04-07,14:04:34,2026-04-07,14:04:48,NIFTY,BUY,23016.8,23013.9,NIFTY07APR2623000CE,23000.0,CE,58.85,58.2,60.0,55.0,60.0,55.0,0.003404,0.003431,ws,ws,book_ladder,book_ladder,False,False,-1.15,3.2,65,-42.25,strategy_S5-10:NIFTY:2026-04-07T14:04:34:LONG
2026-04-07,14:05:05,2026-04-07,14:06:13,NIFTY,BUY,23017.5,23016.65,NIFTY07APR2623000CE,23000.0,CE,58.35,58.95,60.0,55.0,60.0,55.0,0.003433,0.002541,ws,ws,book_ladder,book_ladder,False,False,-1.65,3.95,65,39.0,strategy_S5-10:NIFTY:2026-04-07T14:05:05:LONG
2026-04-07,14:06:21,2026-04-07,14:06:27,NIFTY,BUY,23022.25,23016.9,NIFTY07APR2623000CE,23000.0,CE,63.35,61.45,65.0,60.0,65.0,60.0,0.003954,0.001626,ws,ws,book_ladder,book_ladder,False,False,-1.65,1.45,65,-123.5,strategy_S5-10:NIFTY:2026-04-07T14:06:21:LONG
2026-04-07,14:06:56,2026-04-07,14:08:02,NIFTY,SELL,23014.45,23000.9,NIFTY07APR2623050PE,23050.0,PE,64.0,76.3,65.0,75.0,65.0,75.0,0.001564,0.002618,ws,ws,book_ladder,book_ladder,False,False,-1.0,1.3,65,799.5,strategy_S5-10:NIFTY:2026-04-07T14:06:56:SHORT
2026-04-07,14:08:34,2026-04-07,14:09:02,NIFTY,BUY,23013.7,23012.1,NIFTY07APR2623000CE,23000.0,CE,53.4,52.0,55.0,50.0,55.0,50.0,0.003752,0.000961,ws,ws,book_ladder,book_ladder,False,False,-1.6,2.0,65,-91.0,strategy_S5-10:NIFTY:2026-04-07T14:08:34:LONG
2026-04-07,14:09:14,2026-04-07,14:09:34,NIFTY,SELL,23007.7,23008.95,NIFTY07APR2623050PE,23050.0,PE,70.35,68.2,75.0,65.0,75.0,65.0,0.001422,0.002197,ws,ws,book_ladder,book_ladder,False,False,-4.65,3.2,65,-139.75,strategy_S5-10:NIFTY:2026-04-07T14:09:14:SHORT
2026-04-07,14:09:46,2026-04-07,14:10:09,NIFTY,BUY,23013.25,23009.95,NIFTY07APR2623000CE,23000.0,CE,53.25,54.75,55.0,50.0,55.0,50.0,0.003763,0.002736,ws,ws,book_ladder,book_ladder,False,False,-1.75,4.75,65,97.5,strategy_S5-10:NIFTY:2026-04-07T14:09:46:LONG
2026-04-07,14:10:50,2026-04-07,14:11:23,NIFTY,SELL,23008.6,23010.15,NIFTY07APR2623050PE,23050.0,PE,67.7,68.1,70.0,65.0,70.0,65.0,0.002959,0.0022,ws,ws,book_ladder,book_ladder,False,False,-2.3,3.1,65,26.0,strategy_S5-10:NIFTY:2026-04-07T14:10:50:SHORT
2026-04-07,14:11:33,2026-04-07,14:12:11,NIFTY,BUY,23013.0,23010.5,NIFTY07APR2623000CE,23000.0,CE,51.9,50.35,55.0,50.0,55.0,50.0,0.001929,0.002975,ws,ws,book_ladder,book_ladder,False,False,-3.1,0.35,65,-100.75,strategy_S5-10:NIFTY:2026-04-07T14:11:33:LONG
2026-04-07,14:12:43,2026-04-07,14:12:49,NIFTY,SELL,23009.05,23012.65,NIFTY07APR2623050PE,23050.0,PE,68.05,66.65,70.0,65.0,70.0,65.0,0.003681,0.002996,ws,ws,book_ladder,book_ladder,False,False,-1.95,1.65,65,-91.0,strategy_S5-10:NIFTY:2026-04-07T14:12:43:SHORT
2026-04-07,14:13:08,2026-04-07,14:13:34,NIFTY,SELL,23000.9,22998.9,NIFTY07APR2623050PE,23050.0,PE,71.25,76.4,75.0,75.0,75.0,75.0,0.002107,0.002614,ws,ws,book_ladder,book_ladder,False,False,-3.75,1.4,65,334.75,strategy_S5-10:NIFTY:2026-04-07T14:13:08:SHORT
2026-04-07,14:13:56,2026-04-07,14:14:40,NIFTY,BUY,23002.55,23004.9,NIFTY07APR2623000CE,23000.0,CE,45.45,49.4,50.0,45.0,50.0,45.0,0.003306,0.002022,ws,ws,book_ladder,book_ladder,False,False,-4.55,4.4,65,256.75,strategy_S5-10:NIFTY:2026-04-07T14:13:56:LONG
2026-04-07,14:15:00,2026-04-07,14:15:59,NIFTY,BUY,23014.55,23018.5,NIFTY07APR2623000CE,23000.0,CE,52.8,53.75,55.0,50.0,55.0,50.0,0.001896,0.003714,ws,ws,book_ladder,book_ladder,False,False,-2.2,3.75,65,61.75,strategy_S5-10:NIFTY:2026-04-07T14:15:00:LONG
2026-04-07,14:16:01,2026-04-07,14:16:30,NIFTY,SELL,23015.8,23019.9,NIFTY07APR2623050PE,23050.0,PE,64.8,60.0,65.0,60.0,65.0,60.0,0.003091,0.001665,ws,ws,book_ladder,book_ladder,False,False,-0.2,0.0,65,-312.0,strategy_S5-10:NIFTY:2026-04-07T14:16:01:SHORT
2026-04-07,14:16:58,2026-04-07,14:17:34,NIFTY,SELL,23009.65,23006.35,NIFTY07APR2623050PE,23050.0,PE,63.1,67.9,65.0,65.0,65.0,65.0,0.00238,0.002941,ws,ws,book_ladder,book_ladder,False,False,-1.9,2.9,65,312.0,strategy_S5-10:NIFTY:2026-04-07T14:16:58:SHORT
2026-04-07,14:17:49,2026-04-07,14:18:08,NIFTY,BUY,23010.4,23006.6,NIFTY07APR2623000CE,23000.0,CE,47.9,44.65,50.0,40.0,50.0,40.0,0.00209,0.003354,ws,ws,book_ladder,book_ladder,False,False,-2.1,4.65,65,-211.25,strategy_S5-10:NIFTY:2026-04-07T14:17:49:LONG
2026-04-07,14:18:25,2026-04-07,14:19:34,NIFTY,SELL,23003.85,23001.5,NIFTY07APR2623050PE,23050.0,PE,69.7,70.45,70.0,70.0,70.0,70.0,0.001436,0.001418,ws,ws,book_ladder,book_ladder,False,False,-0.3,0.45,65,48.75,strategy_S5-10:NIFTY:2026-04-07T14:18:25:SHORT
2026-04-07,14:19:41,2026-04-07,14:19:55,NIFTY,BUY,23003.75,23004.1,NIFTY07APR2623000CE,23000.0,CE,44.5,43.3,45.0,40.0,45.0,40.0,0.00225,0.002307,ws,ws,book_ladder,book_ladder,False,False,-0.5,3.3,65,-78.0,strategy_S5-10:NIFTY:2026-04-07T14:19:41:LONG
2026-04-07,14:20:24,2026-04-07,14:21:04,NIFTY,SELL,22998.7,23000.25,NIFTY07APR2623000PE,23000.0,PE,42.25,38.75,45.0,35.0,45.0,35.0,0.003557,0.002577,ws,ws,book_ladder,book_ladder,False,False,-2.75,3.75,65,-227.5,strategy_S5-10:NIFTY:2026-04-07T14:20:24:SHORT
2026-04-07,14:21:20,2026-04-07,14:21:59,NIFTY,BUY,23000.45,23001.1,NIFTY07APR2623000CE,23000.0,CE,40.15,39.8,45.0,35.0,45.0,35.0,0.002494,0.002509,ws,ws,book_ladder,book_ladder,False,False,-4.85,4.8,65,-22.75,strategy_S5-10:NIFTY:2026-04-07T14:21:20:LONG
2026-04-07,14:22:17,2026-04-07,14:22:39,NIFTY,BUY,23005.7,23005.3,NIFTY07APR2623000CE,23000.0,CE,44.1,41.4,45.0,40.0,45.0,40.0,0.003407,0.003617,ws,ws,book_ladder,book_ladder,False,False,-0.9,1.4,65,-175.5,strategy_S5-10:NIFTY:2026-04-07T14:22:17:LONG
2026-04-07,14:23:00,2026-04-07,14:23:35,NIFTY,BUY,23010.1,23007.85,NIFTY07APR2623000CE,23000.0,CE,46.7,40.95,50.0,40.0,50.0,40.0,0.003217,0.002439,ws,ws,book_ladder,book_ladder,False,False,-3.3,0.95,65,-373.75,strategy_S5-10:NIFTY:2026-04-07T14:23:00:LONG
2026-04-07,14:23:46,2026-04-07,14:24:34,NIFTY,SELL,23006.2,22993.3,NIFTY07APR2623050PE,23050.0,PE,63.75,73.05,65.0,70.0,65.0,70.0,0.002356,0.001368,ws,ws,book_ladder,book_ladder,False,False,-1.25,3.05,65,604.5,strategy_S5-10:NIFTY:2026-04-07T14:23:46:SHORT
2026-04-07,14:24:45,2026-04-07,14:25:38,NIFTY,BUY,22997.9,23005.85,NIFTY07APR2622950CE,22950.0,CE,65.5,72.2,70.0,70.0,70.0,70.0,0.002293,0.002766,ws,ws,book_ladder,book_ladder,False,False,-4.5,2.2,65,435.5,strategy_S5-10:NIFTY:2026-04-07T14:24:45:LONG
2026-04-07,14:25:42,2026-04-07,14:26:03,NIFTY,SELL,23002.9,23004.95,NIFTY07APR2623050PE,23050.0,PE,66.3,65.0,70.0,65.0,70.0,65.0,0.002265,0.003072,ws,ws,book_ladder,book_ladder,False,False,-3.7,0.0,65,-84.5,strategy_S5-10:NIFTY:2026-04-07T14:25:42:SHORT
2026-04-07,14:26:17,2026-04-07,14:26:56,NIFTY,BUY,23007.2,23010.6,NIFTY07APR2623000CE,23000.0,CE,43.75,44.6,45.0,40.0,45.0,40.0,0.003434,0.003358,ws,ws,book_ladder,book_ladder,False,False,-1.25,4.6,65,55.25,strategy_S5-10:NIFTY:2026-04-07T14:26:17:LONG
2026-04-07,14:27:22,2026-04-07,14:28:14,NIFTY,BUY,23014.85,23020.75,NIFTY07APR2623000CE,23000.0,CE,47.8,53.85,50.0,50.0,50.0,50.0,0.002094,0.002782,ws,ws,book_ladder,book_ladder,False,False,-2.2,3.85,65,393.25,strategy_S5-10:NIFTY:2026-04-07T14:27:22:LONG
2026-04-07,14:28:28,2026-04-07,14:28:46,NIFTY,SELL,23019.05,23023.35,NIFTY07APR2623050PE,23050.0,PE,51.7,47.95,55.0,45.0,55.0,45.0,0.002906,0.002083,ws,ws,book_ladder,book_ladder,False,False,-3.3,2.95,65,-243.75,strategy_S5-10:NIFTY:2026-04-07T14:28:28:SHORT
2026-04-07,14:29:03,2026-04-07,14:29:10,NIFTY,SELL,23017.35,23020.0,NIFTY07APR2623050PE,23050.0,PE,52.7,51.55,55.0,50.0,55.0,50.0,0.003802,0.002906,ws,ws,book_ladder,book_ladder,False,False,-2.3,1.55,65,-74.75,strategy_S5-10:NIFTY:2026-04-07T14:29:03:SHORT
2026-04-07,14:29:38,2026-04-07,14:30:17,NIFTY,SELL,23014.95,23016.75,NIFTY07APR2623050PE,23050.0,PE,55.55,53.4,60.0,50.0,60.0,50.0,0.002704,0.002805,ws,ws,book_ladder,book_ladder,False,False,-4.45,3.4,65,-139.75,strategy_S5-10:NIFTY:2026-04-07T14:29:38:SHORT
2026-04-07,14:30:20,2026-04-07,14:30:41,NIFTY,BUY,23017.55,23016.55,NIFTY07APR2623000CE,23000.0,CE,49.85,46.35,50.0,45.0,50.0,45.0,0.003014,0.003231,ws,ws,book_ladder,book_ladder,False,False,-0.15,1.35,65,-227.5,strategy_S5-10:NIFTY:2026-04-07T14:30:20:LONG
2026-04-07,14:30:54,2026-04-07,14:31:07,NIFTY,BUY,23021.7,23015.95,NIFTY07APR2623000CE,23000.0,CE,51.55,49.5,55.0,45.0,55.0,45.0,0.002914,0.002018,ws,ws,book_ladder,book_ladder,False,False,-3.45,4.5,65,-133.25,strategy_S5-10:NIFTY:2026-04-07T14:30:54:LONG
2026-04-07,14:31:34,2026-04-07,14:32:09,NIFTY,BUY,23028.45,23042.6,NIFTY07APR2623000CE,23000.0,CE,62.0,69.5,65.0,65.0,65.0,65.0,0.003231,0.003591,ws,ws,book_ladder,book_ladder,False,False,-3.0,4.5,65,487.5,strategy_S5-10:NIFTY:2026-04-07T14:31:34:LONG
2026-04-07,14:32:42,2026-04-07,14:32:58,NIFTY,SELL,23037.75,23041.1,NIFTY07APR2623050PE,23050.0,PE,36.35,34.85,40.0,30.0,40.0,30.0,0.002755,0.002865,ws,ws,book_ladder,book_ladder,False,False,-3.65,4.85,65,-97.5,strategy_S5-10:NIFTY:2026-04-07T14:32:42:SHORT
2026-04-07,14:33:21,2026-04-07,14:33:52,NIFTY,BUY,23045.05,23040.2,NIFTY07APR2623000CE,23000.0,CE,69.65,69.35,70.0,65.0,70.0,65.0,0.002876,0.002161,ws,ws,book_ladder,book_ladder,False,False,-0.35,4.35,65,-19.5,strategy_S5-10:NIFTY:2026-04-07T14:33:21:LONG
2026-04-07,14:34:31,2026-04-07,14:35:00,NIFTY,SELL,23041.15,23036.45,NIFTY07APR2623050PE,23050.0,PE,34.85,36.45,35.0,35.0,35.0,35.0,0.002874,0.004107,ws,ws,book_ladder,book_ladder,False,False,-0.15,1.45,65,104.0,strategy_S5-10:NIFTY:2026-04-07T14:34:31:SHORT
2026-04-07,14:35:27,2026-04-07,14:36:02,NIFTY,SELL,23025.45,23019.15,NIFTY07APR2623050PE,23050.0,PE,40.35,48.65,45.0,45.0,45.0,45.0,0.002481,0.002053,ws,ws,book_ladder,book_ladder,False,False,-4.65,3.65,65,539.5,strategy_S5-10:NIFTY:2026-04-07T14:35:27:SHORT
2026-04-07,14:36:11,2026-04-07,14:36:30,NIFTY,SELL,23012.65,23004.75,NIFTY07APR2623050PE,23050.0,PE,52.85,58.65,55.0,55.0,55.0,55.0,0.002842,0.003404,ws,ws,book_ladder,book_ladder,False,False,-2.15,3.65,65,377.0,strategy_S5-10:NIFTY:2026-04-07T14:36:11:SHORT
2026-04-07,14:37:21,2026-04-07,14:37:44,NIFTY,SELL,23003.1,23005.3,NIFTY07APR2623050PE,23050.0,PE,57.75,59.1,60.0,55.0,60.0,55.0,0.000866,0.003378,ws,ws,book_ladder,book_ladder,False,False,-2.25,4.1,65,87.75,strategy_S5-10:NIFTY:2026-04-07T14:37:21:SHORT
2026-04-07,14:38:19,2026-04-07,14:38:57,NIFTY,BUY,23008.9,23013.75,NIFTY07APR2623000CE,23000.0,CE,36.9,40.1,40.0,40.0,40.0,40.0,0.002714,0.002491,ws,ws,book_ladder,book_ladder,False,False,-3.1,0.1,65,208.0,strategy_S5-10:NIFTY:2026-04-07T14:38:19:LONG
2026-04-07,14:39:34,2026-04-07,14:39:35,NIFTY,BUY,23018.05,23013.9,NIFTY07APR2623000CE,23000.0,CE,40.5,38.5,45.0,35.0,45.0,35.0,0.002472,0.002594,ws,ws,book_ladder,book_ladder,False,False,-4.5,3.5,65,-130.0,strategy_S5-10:NIFTY:2026-04-07T14:39:34:LONG
2026-04-07,14:39:49,2026-04-07,14:40:17,NIFTY,SELL,23009.5,23010.95,NIFTY07APR2623050PE,23050.0,PE,55.45,56.65,60.0,55.0,60.0,55.0,0.002709,0.001764,ws,ws,book_ladder,book_ladder,False,False,-4.55,1.65,65,78.0,strategy_S5-10:NIFTY:2026-04-07T14:39:49:SHORT
2026-04-07,14:40:33,2026-04-07,14:40:50,NIFTY,BUY,23017.05,23014.85,NIFTY07APR2623000CE,23000.0,CE,40.7,39.8,45.0,35.0,45.0,35.0,0.00246,0.003762,ws,ws,book_ladder,book_ladder,False,False,-4.3,4.8,65,-58.5,strategy_S5-10:NIFTY:2026-04-07T14:40:33:LONG
2026-04-07,14:41:02,2026-04-07,14:41:30,NIFTY,SELL,23012.4,23006.3,NIFTY07APR2623050PE,23050.0,PE,55.3,59.95,60.0,55.0,60.0,55.0,0.003623,0.003331,ws,ws,book_ladder,book_ladder,False,False,-4.7,4.95,65,302.25,strategy_S5-10:NIFTY:2026-04-07T14:41:02:SHORT
2026-04-07,14:42:18,2026-04-07,14:42:57,NIFTY,BUY,23018.8,23018.9,NIFTY07APR2623000CE,23000.0,CE,39.6,38.8,40.0,35.0,40.0,35.0,0.002528,0.002574,ws,ws,book_ladder,book_ladder,False,False,-0.4,3.8,65,-52.0,strategy_S5-10:NIFTY:2026-04-07T14:42:18:LONG
2026-04-07,14:43:04,2026-04-07,14:43:17,NIFTY,BUY,23025.4,23021.25,NIFTY07APR2623000CE,23000.0,CE,42.75,40.9,45.0,40.0,45.0,40.0,0.003515,0.002442,ws,ws,book_ladder,book_ladder,False,False,-2.25,0.9,65,-120.25,strategy_S5-10:NIFTY:2026-04-07T14:43:04:LONG
2026-04-07,14:43:42,2026-04-07,14:44:12,NIFTY,SELL,23013.9,23015.9,NIFTY07APR2623050PE,23050.0,PE,47.55,45.85,50.0,45.0,50.0,45.0,0.00316,0.003266,ws,ws,book_ladder,book_ladder,False,False,-2.45,0.85,65,-110.5,strategy_S5-10:NIFTY:2026-04-07T14:43:42:SHORT
2026-04-07,14:44:22,2026-04-07,14:44:42,NIFTY,BUY,23036.3,23026.9,NIFTY07APR2623000CE,23000.0,CE,50.7,44.15,55.0,40.0,55.0,40.0,0.002963,0.001132,ws,ws,book_ladder,book_ladder,False,False,-4.3,4.15,65,-425.75,strategy_S5-10:NIFTY:2026-04-07T14:44:22:LONG
2026-04-07,14:45:12,2026-04-07,14:45:34,NIFTY,SELL,23025.35,23027.05,NIFTY07APR2623050PE,23050.0,PE,40.85,39.75,45.0,35.0,45.0,35.0,0.003679,0.002513,ws,ws,book_ladder,book_ladder,False,False,-4.15,4.75,65,-71.5,strategy_S5-10:NIFTY:2026-04-07T14:45:12:SHORT
2026-04-07,14:45:53,2026-04-07,14:46:23,NIFTY,BUY,23031.8,23035.5,NIFTY07APR2623000CE,23000.0,CE,46.9,49.35,50.0,45.0,50.0,45.0,0.003203,0.002024,ws,ws,book_ladder,book_ladder,False,False,-3.1,4.35,65,159.25,strategy_S5-10:NIFTY:2026-04-07T14:45:53:LONG
2026-04-07,14:46:33,2026-04-07,14:46:49,NIFTY,SELL,23027.2,23031.2,NIFTY07APR2623050PE,23050.0,PE,39.65,36.65,40.0,35.0,40.0,35.0,0.002525,0.002725,ws,ws,book_ladder,book_ladder,False,False,-0.35,1.65,65,-195.0,strategy_S5-10:NIFTY:2026-04-07T14:46:33:SHORT
2026-04-07,14:47:11,2026-04-07,14:47:24,NIFTY,SELL,23027.3,23031.65,NIFTY07APR2623050PE,23050.0,PE,37.4,36.25,40.0,35.0,40.0,35.0,0.002677,0.004129,ws,ws,book_ladder,book_ladder,False,False,-2.6,1.25,65,-74.75,strategy_S5-10:NIFTY:2026-04-07T14:47:11:SHORT
2026-04-07,14:47:30,2026-04-07,14:48:31,NIFTY,BUY,23035.05,23045.7,NIFTY07APR2623000CE,23000.0,CE,51.6,65.1,55.0,65.0,55.0,65.0,0.00194,0.003067,ws,ws,book_ladder,book_ladder,False,False,-3.4,0.1,65,877.5,strategy_S5-10:NIFTY:2026-04-07T14:47:30:LONG
2026-04-07,14:49:03,2026-04-07,14:49:51,NIFTY,BUY,23046.1,23045.1,NIFTY07APR2623000CE,23000.0,CE,61.2,64.25,65.0,60.0,65.0,60.0,0.002454,0.002332,ws,ws,book_ladder,book_ladder,False,False,-3.8,4.25,65,198.25,strategy_S5-10:NIFTY:2026-04-07T14:49:03:LONG
2026-04-07,14:50:04,2026-04-07,14:50:10,NIFTY,BUY,23048.85,23045.85,NIFTY07APR2623000CE,23000.0,CE,63.05,61.5,65.0,60.0,65.0,60.0,0.003177,0.004057,ws,ws,book_ladder,book_ladder,False,False,-1.95,1.5,65,-100.75,strategy_S5-10:NIFTY:2026-04-07T14:50:04:LONG
2026-04-07,14:50:24,2026-04-07,14:51:14,NIFTY,BUY,23050.35,23058.15,NIFTY07APR2623050CE,23050.0,CE,29.95,36.45,30.0,35.0,30.0,35.0,0.003344,0.004107,ws,ws,book_ladder,book_ladder,False,False,-0.05,1.45,65,422.5,strategy_S5-10:NIFTY:2026-04-07T14:50:24:LONG
2026-04-07,14:52:06,2026-04-07,14:52:30,NIFTY,SELL,23048.45,23053.75,NIFTY07APR2623050PE,23050.0,PE,17.85,18.7,20.0,15.0,20.0,15.0,0.002805,0.00267,ws,ws,book_ladder,book_ladder,False,False,-2.15,3.7,65,55.25,strategy_S5-10:NIFTY:2026-04-07T14:52:06:SHORT
2026-04-07,14:52:49,2026-04-07,14:52:57,NIFTY,BUY,23059.4,23055.9,NIFTY07APR2623050CE,23050.0,CE,33.45,31.15,35.0,30.0,35.0,30.0,0.002994,0.003205,ws,ws,book_ladder,book_ladder,False,False,-1.55,1.15,65,-149.5,strategy_S5-10:NIFTY:2026-04-07T14:52:49:LONG
2026-04-07,14:53:19,2026-04-07,14:53:49,NIFTY,BUY,23061.85,23060.6,NIFTY07APR2623050CE,23050.0,CE,34.15,33.4,35.0,30.0,35.0,30.0,0.002933,0.004481,ws,ws,book_ladder,book_ladder,False,False,-0.85,3.4,65,-48.75,strategy_S5-10:NIFTY:2026-04-07T14:53:19:LONG
2026-04-07,14:53:56,2026-04-07,14:54:15,NIFTY,SELL,23058.05,23061.0,NIFTY07APR2623100PE,23100.0,PE,42.75,41.45,45.0,40.0,45.0,40.0,0.002342,0.00241,ws,ws,book_ladder,book_ladder,False,False,-2.25,1.45,65,-84.5,strategy_S5-10:NIFTY:2026-04-07T14:53:56:SHORT
2026-04-07,14:54:20,2026-04-07,14:54:35,NIFTY,BUY,23062.35,23057.6,NIFTY07APR2623050CE,23050.0,CE,34.4,32.4,35.0,30.0,35.0,30.0,0.00437,0.003082,ws,ws,book_ladder,book_ladder,False,False,-0.6,2.4,65,-130.0,strategy_S5-10:NIFTY:2026-04-07T14:54:20:LONG
2026-04-07,14:54:40,2026-04-07,14:54:46,NIFTY,SELL,23054.15,23062.6,NIFTY07APR2623100PE,23100.0,PE,43.9,37.75,45.0,35.0,45.0,35.0,0.003423,0.003966,ws,ws,book_ladder,book_ladder,False,False,-1.1,2.75,65,-399.75,strategy_S5-10:NIFTY:2026-04-07T14:54:40:SHORT
2026-04-07,14:55:04,2026-04-07,14:55:37,NIFTY,BUY,23071.15,23077.0,NIFTY07APR2623050CE,23050.0,CE,43.6,45.25,45.0,45.0,45.0,45.0,0.003446,0.003309,ws,ws,book_ladder,book_ladder,False,False,-1.4,0.25,65,107.25,strategy_S5-10:NIFTY:2026-04-07T14:55:04:LONG
2026-04-07,14:55:54,2026-04-07,14:56:59,NIFTY,BUY,23087.1,23092.75,NIFTY07APR2623050CE,23050.0,CE,50.9,57.05,55.0,55.0,55.0,55.0,0.001967,0.002626,ws,ws,book_ladder,book_ladder,False,False,-4.1,2.05,65,399.75,strategy_S5-10:NIFTY:2026-04-07T14:55:54:LONG
2026-04-07,14:57:16,2026-04-07,14:57:39,NIFTY,BUY,23096.75,23096.25,NIFTY07APR2623050CE,23050.0,CE,58.95,57.1,60.0,55.0,60.0,55.0,0.003398,0.00175,ws,ws,book_ladder,book_ladder,False,False,-1.05,2.1,65,-120.25,strategy_S5-10:NIFTY:2026-04-07T14:57:16:LONG
2026-04-07,14:58:00,2026-04-07,14:58:05,NIFTY,BUY,23100.2,23093.95,NIFTY07APR2623100CE,23100.0,CE,21.25,18.35,25.0,15.0,25.0,15.0,0.004717,0.002721,ws,ws,book_ladder,book_ladder,False,False,-3.75,3.35,65,-188.5,strategy_S5-10:NIFTY:2026-04-07T14:58:00:LONG
2026-04-07,14:58:17,2026-04-07,14:58:26,NIFTY,SELL,23086.35,23090.35,NIFTY07APR2623100PE,23100.0,PE,25.5,21.6,30.0,20.0,30.0,20.0,0.003929,0.004619,ws,ws,book_ladder,book_ladder,False,False,-4.5,1.6,65,-253.5,strategy_S5-10:NIFTY:2026-04-07T14:58:17:SHORT
2026-04-07,14:58:34,2026-04-07,14:58:54,NIFTY,BUY,23096.7,23085.05,NIFTY07APR2623050CE,23050.0,CE,52.35,46.25,55.0,45.0,55.0,45.0,0.002869,0.00216,ws,ws,book_ladder,book_ladder,False,False,-2.65,1.25,65,-396.5,strategy_S5-10:NIFTY:2026-04-07T14:58:34:LONG
2026-04-07,14:59:30,2026-04-07,15:00:06,NIFTY,BUY,23093.6,23094.1,NIFTY07APR2623050CE,23050.0,CE,50.0,50.5,50.0,50.0,50.0,50.0,0.002002,0.003953,ws,ws,book_ladder,book_ladder,False,False,0.0,0.5,65,32.5,strategy_S5-10:NIFTY:2026-04-07T14:59:30:LONG
2026-04-07,15:00:14,2026-04-07,15:00:31,NIFTY,SELL,23091.2,23088.2,NIFTY07APR2623100PE,23100.0,PE,21.35,25.85,25.0,25.0,25.0,25.0,0.004695,0.003861,ws,ws,book_ladder,book_ladder,False,False,-3.65,0.85,65,292.5,strategy_S5-10:NIFTY:2026-04-07T15:00:14:SHORT
2026-04-07,15:00:41,2026-04-07,15:01:29,NIFTY,BUY,23100.25,23106.75,NIFTY07APR2623100CE,23100.0,CE,21.3,20.35,25.0,20.0,25.0,20.0,0.004706,0.004902,ws,ws,book_ladder,book_ladder,False,False,-3.7,0.35,65,-61.75,strategy_S5-10:NIFTY:2026-04-07T15:00:41:LONG
2026-04-07,15:01:41,2026-04-07,15:02:27,NIFTY,BUY,23112.85,23117.3,NIFTY07APR2623100CE,23100.0,CE,21.9,24.3,25.0,20.0,25.0,20.0,0.002286,0.004107,ws,ws,book_ladder,book_ladder,False,False,-3.1,4.3,65,156.0,strategy_S5-10:NIFTY:2026-04-07T15:01:41:LONG
2026-04-07,15:04:20,2026-04-07,15:04:38,NIFTY,BUY,23122.85,23117.75,NIFTY07APR2623100CE,23100.0,CE,22.0,23.4,25.0,20.0,25.0,20.0,0.004556,0.002134,ws,ws,book_ladder,book_ladder,False,False,-3.0,3.4,65,91.0,strategy_S5-10:NIFTY:2026-04-07T15:04:20:LONG
2026-04-07,15:05:23,2026-04-07,15:05:50,NIFTY,SELL,23112.45,23112.7,NIFTY07APR2623150PE,23150.0,PE,32.0,32.35,35.0,30.0,35.0,30.0,0.001564,0.003086,ws,ws,book_ladder,book_ladder,False,False,-3.0,2.35,65,22.75,strategy_S5-10:NIFTY:2026-04-07T15:05:23:SHORT
2026-04-07,15:06:00,2026-04-07,15:07:52,NIFTY,BUY,23119.85,23127.2,NIFTY07APR2623100CE,23100.0,CE,21.65,30.25,25.0,30.0,25.0,30.0,0.006952,0.0033,ws,ws,book_ladder,book_ladder,False,False,-3.35,0.25,65,559.0,strategy_S5-10:NIFTY:2026-04-07T15:06:00:LONG
2026-04-07,15:08:18,2026-04-07,15:08:30,NIFTY,SELL,23121.05,23125.15,NIFTY07APR2623150PE,23150.0,PE,27.45,29.15,30.0,25.0,30.0,25.0,0.001823,0.003425,ws,ws,book_ladder,book_ladder,False,False,-2.55,4.15,65,110.5,strategy_S5-10:NIFTY:2026-04-07T15:08:18:SHORT
2026-04-07,15:09:30,2026-04-07,15:10:18,NIFTY,BUY,23125.75,23123.2,NIFTY07APR2623100CE,23100.0,CE,25.4,21.5,30.0,20.0,30.0,20.0,0.005923,0.00464,ws,ws,book_ladder,book_ladder,False,False,-4.6,1.5,65,-253.5,strategy_S5-10:NIFTY:2026-04-07T15:09:30:LONG
2026-04-07,15:10:22,2026-04-07,15:10:30,NIFTY,SELL,23118.25,23122.1,NIFTY07APR2623150PE,23150.0,PE,33.0,35.45,35.0,35.0,35.0,35.0,0.004556,0.002817,ws,ws,book_ladder,book_ladder,False,False,-2.0,0.45,65,159.25,strategy_S5-10:NIFTY:2026-04-07T15:10:22:SHORT
2026-04-07,15:11:01,2026-04-07,15:11:07,NIFTY,BUY,23125.55,23117.85,NIFTY07APR2623100CE,23100.0,CE,23.3,21.75,25.0,20.0,25.0,20.0,0.004301,0.002296,ws,ws,book_ladder,book_ladder,False,False,-1.7,1.75,65,-100.75,strategy_S5-10:NIFTY:2026-04-07T15:11:01:LONG
2026-04-07,15:11:20,2026-04-07,15:11:55,NIFTY,BUY,23124.2,23118.7,NIFTY07APR2623100CE,23100.0,CE,22.95,21.7,25.0,20.0,25.0,20.0,0.004367,0.006889,ws,ws,book_ladder,book_ladder,False,False,-2.05,1.7,65,-81.25,strategy_S5-10:NIFTY:2026-04-07T15:11:20:LONG
2026-04-07,15:12:13,2026-04-07,15:12:30,NIFTY,SELL,23116.65,23120.45,NIFTY07APR2623150PE,23150.0,PE,31.55,32.75,35.0,30.0,35.0,30.0,0.003175,0.003049,ws,ws,book_ladder,book_ladder,False,False,-3.45,2.75,65,78.0,strategy_S5-10:NIFTY:2026-04-07T15:12:13:SHORT
2026-04-07,15:13:09,2026-04-07,15:13:31,NIFTY,SELL,23113.75,23116.75,NIFTY07APR2623150PE,23150.0,PE,33.55,33.6,35.0,30.0,35.0,30.0,0.002985,0.004454,ws,ws,book_ladder,book_ladder,False,False,-1.45,3.6,65,3.25,strategy_S5-10:NIFTY:2026-04-07T15:13:09:SHORT
2026-04-07,15:13:52,2026-04-07,15:14:21,NIFTY,SELL,23108.5,23107.85,NIFTY07APR2623150PE,23150.0,PE,38.1,37.9,40.0,35.0,40.0,35.0,0.002628,0.00395,ws,ws,book_ladder,book_ladder,False,False,-1.9,2.9,65,-13.0,strategy_S5-10:NIFTY:2026-04-07T15:13:52:SHORT
2026-04-07,15:14:30,2026-04-07,15:15:59,NIFTY,BUY,23111.8,23111.05,NIFTY07APR2623100CE,23100.0,CE,14.3,16.7,15.0,15.0,15.0,15.0,0.003503,0.00597,ws,ws,book_ladder,book_ladder,False,False,-0.7,1.7,65,156.0,strategy_S5-10:NIFTY:2026-04-07T15:14:30:LONG
2026-04-07,15:16:00,2026-04-07,15:16:25,NIFTY,BUY,23118.65,23111.4,NIFTY07APR2623100CE,23100.0,CE,16.85,18.5,20.0,15.0,20.0,15.0,0.005952,0.002699,ws,ws,book_ladder,book_ladder,False,False,-3.15,3.5,65,107.25,strategy_S5-10:NIFTY:2026-04-07T15:16:00:LONG
2026-04-07,15:16:40,2026-04-07,15:17:00,NIFTY,SELL,23106.7,23114.55,NIFTY07APR2623150PE,23150.0,PE,32.55,31.5,35.0,30.0,35.0,30.0,0.003077,0.004751,ws,ws,book_ladder,book_ladder,False,False,-2.45,1.5,65,-68.25,strategy_S5-10:NIFTY:2026-04-07T15:16:40:SHORT
2026-04-07,15:17:47,2026-04-07,15:18:57,NIFTY,BUY,23118.15,23133.75,NIFTY07APR2623100CE,23100.0,CE,19.75,23.1,20.0,20.0,20.0,20.0,0.002535,0.006472,ws,ws,book_ladder,book_ladder,False,False,-0.25,3.1,65,217.75,strategy_S5-10:NIFTY:2026-04-07T15:17:47:LONG
2026-04-07,15:19:38,2026-04-07,15:20:00,NIFTY,SELL,23123.8,23130.55,NIFTY07APR2623150PE,23150.0,PE,28.6,27.7,30.0,25.0,30.0,25.0,0.005259,0.003604,ws,ws,book_ladder,book_ladder,False,False,-1.4,2.7,65,-58.5,strategy_S5-10:NIFTY:2026-04-07T15:19:38:SHORT
2026-04-07,15:20:21,2026-04-07,15:20:26,NIFTY,BUY,23138.2,23132.2,NIFTY07APR2623100CE,23100.0,CE,23.25,23.25,25.0,20.0,25.0,20.0,0.00431,0.002148,ws,ws,book_ladder,book_ladder,False,False,-1.75,3.25,65,0.0,strategy_S5-10:NIFTY:2026-04-07T15:20:21:LONG
2026-04-07,15:21:00,2026-04-07,15:21:17,NIFTY,BUY,23141.0,23135.2,NIFTY07APR2623100CE,23100.0,CE,23.1,23.55,25.0,20.0,25.0,20.0,0.004338,0.004237,ws,ws,book_ladder,book_ladder,False,False,-1.9,3.55,65,29.25,strategy_S5-10:NIFTY:2026-04-07T15:21:00:LONG
2026-04-07,15:21:46,2026-04-07,15:22:00,NIFTY,SELL,23128.45,23131.95,NIFTY07APR2623150PE,23150.0,PE,28.8,28.35,30.0,25.0,30.0,25.0,0.005222,0.001762,ws,ws,book_ladder,book_ladder,False,False,-1.2,3.35,65,-29.25,strategy_S5-10:NIFTY:2026-04-07T15:21:46:SHORT
2026-04-07,15:23:00,2026-04-07,15:23:23,NIFTY,BUY,23132.35,23128.0,NIFTY07APR2623100CE,23100.0,CE,21.85,21.85,25.0,20.0,25.0,20.0,0.004587,0.004566,ws,ws,book_ladder,book_ladder,False,False,-3.15,1.85,65,0.0,strategy_S5-10:NIFTY:2026-04-07T15:23:00:LONG
2026-04-07,15:24:00,2026-04-07,15:24:08,NIFTY,BUY,23132.4,23128.5,NIFTY07APR2623100CE,23100.0,CE,22.35,22.45,25.0,20.0,25.0,20.0,0.00224,0.004444,ws,ws,book_ladder,book_ladder,False,False,-2.65,2.45,65,6.5,strategy_S5-10:NIFTY:2026-04-07T15:24:00:LONG
2026-04-07,15:24:21,2026-04-07,15:25:17,NIFTY,BUY,23133.5,23133.05,NIFTY07APR2623100CE,23100.0,CE,22.85,22.6,25.0,20.0,25.0,20.0,0.004386,0.006615,ws,ws,book_ladder,book_ladder,False,False,-2.15,2.6,65,-16.25,strategy_S5-10:NIFTY:2026-04-07T15:24:21:LONG
2026-04-08,09:18:28,2026-04-08,09:18:40,NIFTY,SELL,23892.75,23906.35,NIFTY13APR2623900PE,23900.0,PE,251.55,248.25,255.0,245.0,255.0,245.0,0.002388,0.000201,ws,ws,book_ladder,book_ladder,False,False,-3.45,3.25,65,-214.5,strategy_S5-10:NIFTY:2026-04-08T09:18:28:SHORT
2026-04-08,09:19:05,2026-04-08,09:19:36,NIFTY,SELL,23891.0,23898.55,NIFTY13APR2623900PE,23900.0,PE,253.45,256.05,255.0,255.0,255.0,255.0,0.001975,0.002535,ws,ws,book_ladder,book_ladder,False,False,-1.55,1.05,65,169.0,strategy_S5-10:NIFTY:2026-04-08T09:19:05:SHORT
2026-04-08,09:19:51,2026-04-08,09:20:00,NIFTY,BUY,23902.75,23895.2,NIFTY13APR2623900CE,23900.0,CE,236.65,235.9,240.0,235.0,240.0,235.0,0.002115,0.001483,ws,ws,book_ladder,book_ladder,False,False,-3.35,0.9,65,-48.75,strategy_S5-10:NIFTY:2026-04-08T09:19:51:LONG
2026-04-08,09:20:10,2026-04-08,09:20:38,NIFTY,BUY,23914.4,23915.5,NIFTY13APR2623900CE,23900.0,CE,244.65,240.4,245.0,240.0,245.0,240.0,0.001022,0.00187,ws,ws,book_ladder,book_ladder,False,False,-0.35,0.4,65,-276.25,strategy_S5-10:NIFTY:2026-04-08T09:20:10:LONG
2026-04-08,09:21:12,2026-04-08,09:21:27,NIFTY,BUY,23923.95,23918.4,NIFTY13APR2623900CE,23900.0,CE,243.0,244.2,245.0,240.0,245.0,240.0,0.001029,0.002454,ws,ws,book_ladder,book_ladder,False,False,-2.0,4.2,65,78.0,strategy_S5-10:NIFTY:2026-04-08T09:21:12:LONG
2026-04-08,09:22:03,2026-04-08,09:23:05,NIFTY,SELL,23916.6,23894.3,NIFTY13APR2623950PE,23950.0,PE,260.15,270.5,265.0,270.0,265.0,270.0,0.000769,0.002216,ws,ws,book_ladder,book_ladder,False,False,-4.85,0.5,65,672.75,strategy_S5-10:NIFTY:2026-04-08T09:22:03:SHORT
2026-04-08,09:23:25,2026-04-08,09:23:47,NIFTY,SELL,23883.85,23884.3,NIFTY13APR2623900PE,23900.0,PE,252.0,251.4,255.0,250.0,255.0,250.0,0.000397,0.000795,ws,ws,book_ladder,book_ladder,False,False,-3.0,1.4,65,-39.0,strategy_S5-10:NIFTY:2026-04-08T09:23:25:SHORT
2026-04-08,09:23:51,2026-04-08,09:23:57,NIFTY,BUY,23892.35,23876.9,NIFTY13APR2623850CE,23850.0,CE,259.4,254.45,260.0,250.0,260.0,250.0,0.002123,0.002551,ws,ws,book_ladder,book_ladder,False,False,-0.6,4.45,65,-321.75,strategy_S5-10:NIFTY:2026-04-08T09:23:51:LONG
2026-04-08,09:24:11,2026-04-08,09:25:09,NIFTY,SELL,23868.95,23869.5,NIFTY13APR2623900PE,23900.0,PE,259.6,257.1,260.0,255.0,260.0,255.0,0.001928,0.002525,ws,ws,book_ladder,book_ladder,False,False,-0.4,2.1,65,-162.5,strategy_S5-10:NIFTY:2026-04-08T09:24:11:SHORT
2026-04-08,09:25:13,2026-04-08,09:25:19,NIFTY,BUY,23871.55,23863.45,NIFTY13APR2623850CE,23850.0,CE,249.65,246.95,250.0,245.0,250.0,245.0,0.002406,0.002427,ws,ws,book_ladder,book_ladder,False,False,-0.35,1.95,65,-175.5,strategy_S5-10:NIFTY:2026-04-08T09:25:13:LONG
2026-04-08,09:25:31,2026-04-08,09:25:45,NIFTY,SELL,23858.6,23861.75,NIFTY13APR2623900PE,23900.0,PE,261.45,260.2,265.0,260.0,265.0,260.0,0.002681,0.001536,ws,ws,book_ladder,book_ladder,False,False,-3.55,0.2,65,-81.25,strategy_S5-10:NIFTY:2026-04-08T09:25:31:SHORT
2026-04-08,09:26:41,2026-04-08,09:28:01,NIFTY,BUY,23864.2,23886.0,NIFTY13APR2623850CE,23850.0,CE,250.65,259.0,255.0,255.0,255.0,255.0,0.000798,0.001543,ws,ws,book_ladder,book_ladder,False,False,-4.35,4.0,65,542.75,strategy_S5-10:NIFTY:2026-04-08T09:26:41:LONG
2026-04-08,09:28:21,2026-04-08,09:29:01,NIFTY,SELL,23880.2,23875.2,NIFTY13APR2623900PE,23900.0,PE,253.0,257.45,255.0,255.0,255.0,255.0,0.00178,0.002328,ws,ws,book_ladder,book_ladder,False,False,-2.0,2.45,65,289.25,strategy_S5-10:NIFTY:2026-04-08T09:28:21:SHORT
2026-04-08,09:29:12,2026-04-08,09:29:31,NIFTY,SELL,23866.95,23874.15,NIFTY13APR2623900PE,23900.0,PE,258.55,258.55,260.0,255.0,260.0,255.0,0.00213,0.002318,ws,ws,book_ladder,book_ladder,False,False,-1.45,3.55,65,0.0,strategy_S5-10:NIFTY:2026-04-08T09:29:12:SHORT
2026-04-08,09:29:58,2026-04-08,09:31:56,NIFTY,BUY,23877.8,23898.6,NIFTY13APR2623850CE,23850.0,CE,252.45,262.15,255.0,260.0,255.0,260.0,0.00238,0.001144,ws,ws,book_ladder,book_ladder,False,False,-2.55,2.15,65,630.5,strategy_S5-10:NIFTY:2026-04-08T09:29:58:LONG
2026-04-08,09:32:01,2026-04-08,09:34:05,NIFTY,SELL,23896.4,23886.95,NIFTY13APR2623900PE,23900.0,PE,240.95,242.1,245.0,240.0,245.0,240.0,0.002077,0.002269,ws,ws,book_ladder,book_ladder,False,False,-4.05,2.1,65,74.75,strategy_S5-10:NIFTY:2026-04-08T09:32:01:SHORT
2026-04-08,09:34:13,2026-04-08,09:34:31,NIFTY,BUY,23889.35,23885.55,NIFTY13APR2623850CE,23850.0,CE,257.85,256.45,260.0,255.0,260.0,255.0,0.002135,0.002337,ws,ws,book_ladder,book_ladder,False,False,-2.15,1.45,65,-91.0,strategy_S5-10:NIFTY:2026-04-08T09:34:13:LONG
2026-04-08,09:35:07,2026-04-08,09:36:07,NIFTY,BUY,23889.45,23889.95,NIFTY13APR2623850CE,23850.0,CE,259.3,258.2,260.0,255.0,260.0,255.0,0.00251,0.001548,ws,ws,book_ladder,book_ladder,False,False,-0.7,3.2,65,-71.5,strategy_S5-10:NIFTY:2026-04-08T09:35:07:LONG
2026-04-08,09:36:23,2026-04-08,09:36:59,NIFTY,BUY,23893.7,23893.35,NIFTY13APR2623850CE,23850.0,CE,261.05,261.8,265.0,260.0,265.0,260.0,0.002301,0.00248,ws,ws,book_ladder,book_ladder,False,False,-3.95,1.8,65,48.75,strategy_S5-10:NIFTY:2026-04-08T09:36:23:LONG
2026-04-08,09:37:06,2026-04-08,09:37:39,NIFTY,BUY,23899.0,23904.55,NIFTY13APR2623850CE,23850.0,CE,263.0,267.0,265.0,265.0,265.0,265.0,0.001712,0.00131,ws,ws,book_ladder,book_ladder,False,False,-2.0,2.0,65,260.0,strategy_S5-10:NIFTY:2026-04-08T09:37:06:LONG
2026-04-08,09:38:06,2026-04-08,09:38:29,NIFTY,BUY,23909.7,23907.95,NIFTY13APR2623900CE,23900.0,CE,240.25,239.6,245.0,235.0,245.0,235.0,0.000833,0.002501,ws,ws,book_ladder,book_ladder,False,False,-4.75,4.6,65,-42.25,strategy_S5-10:NIFTY:2026-04-08T09:38:06:LONG
2026-04-08,09:38:31,2026-04-08,09:39:11,NIFTY,SELL,23905.85,23904.0,NIFTY13APR2623950PE,23950.0,PE,253.7,255.0,255.0,255.0,255.0,255.0,0.001381,0.001176,ws,ws,book_ladder,book_ladder,False,False,-1.3,0.0,65,84.5,strategy_S5-10:NIFTY:2026-04-08T09:38:31:SHORT
2026-04-08,09:39:50,2026-04-08,09:40:27,NIFTY,BUY,23916.2,23914.2,NIFTY13APR2623900CE,23900.0,CE,242.45,241.5,245.0,240.0,245.0,240.0,0.002478,0.002068,ws,ws,book_ladder,book_ladder,False,False,-2.55,1.5,65,-61.75,strategy_S5-10:NIFTY:2026-04-08T09:39:50:LONG
2026-04-08,09:41:05,2026-04-08,09:41:26,NIFTY,BUY,23920.1,23909.6,NIFTY13APR2623900CE,23900.0,CE,243.55,240.6,245.0,240.0,245.0,240.0,0.002467,0.002283,ws,ws,book_ladder,book_ladder,False,False,-1.45,0.6,65,-191.75,strategy_S5-10:NIFTY:2026-04-08T09:41:05:LONG
2026-04-08,09:41:36,2026-04-08,09:42:01,NIFTY,SELL,23907.05,23907.1,NIFTY13APR2623950PE,23950.0,PE,250.95,250.65,255.0,250.0,255.0,250.0,0.002194,0.001595,ws,ws,book_ladder,book_ladder,False,False,-4.05,0.65,65,-19.5,strategy_S5-10:NIFTY:2026-04-08T09:41:36:SHORT
2026-04-08,09:42:22,2026-04-08,09:42:58,NIFTY,SELL,23900.95,23903.95,NIFTY13APR2623950PE,23950.0,PE,253.95,253.85,255.0,250.0,255.0,250.0,0.000394,0.001378,ws,ws,book_ladder,book_ladder,False,False,-1.05,3.85,65,-6.5,strategy_S5-10:NIFTY:2026-04-08T09:42:22:SHORT
2026-04-08,09:43:00,2026-04-08,09:43:12,NIFTY,BUY,23905.7,23905.35,NIFTY13APR2623900CE,23900.0,CE,237.45,238.6,240.0,235.0,240.0,235.0,0.001686,0.001675,ws,ws,book_ladder,book_ladder,False,False,-2.55,3.6,65,74.75,strategy_S5-10:NIFTY:2026-04-08T09:43:00:LONG
2026-04-08,09:43:23,2026-04-08,09:44:04,NIFTY,BUY,23911.45,23914.7,NIFTY13APR2623900CE,23900.0,CE,239.6,240.1,240.0,240.0,240.0,240.0,0.00188,0.002496,ws,ws,book_ladder,book_ladder,False,False,-0.4,0.1,65,32.5,strategy_S5-10:NIFTY:2026-04-08T09:43:23:LONG
2026-04-08,09:44:26,2026-04-08,09:44:32,NIFTY,BUY,23919.55,23915.35,NIFTY13APR2623900CE,23900.0,CE,242.45,240.8,245.0,240.0,245.0,240.0,0.002478,0.002074,ws,ws,book_ladder,book_ladder,False,False,-2.55,0.8,65,-107.25,strategy_S5-10:NIFTY:2026-04-08T09:44:26:LONG
2026-04-08,09:44:46,2026-04-08,09:44:53,NIFTY,SELL,23913.2,23918.1,NIFTY13APR2623950PE,23950.0,PE,248.3,245.0,250.0,245.0,250.0,245.0,0.001411,0.00102,ws,ws,book_ladder,book_ladder,False,False,-1.7,0.0,65,-214.5,strategy_S5-10:NIFTY:2026-04-08T09:44:46:SHORT
2026-04-08,09:45:00,2026-04-08,09:46:30,NIFTY,BUY,23922.2,23938.55,NIFTY13APR2623900CE,23900.0,CE,244.05,252.9,245.0,250.0,245.0,250.0,0.00164,0.001975,ws,ws,book_ladder,book_ladder,False,False,-0.95,2.9,65,575.25,strategy_S5-10:NIFTY:2026-04-08T09:45:00:LONG
2026-04-08,09:47:10,2026-04-08,09:47:26,NIFTY,BUY,23947.8,23947.0,NIFTY13APR2623900CE,23900.0,CE,256.65,256.25,260.0,255.0,260.0,255.0,0.002341,0.002339,ws,ws,book_ladder,book_ladder,False,False,-3.35,1.25,65,-26.0,strategy_S5-10:NIFTY:2026-04-08T09:47:10:LONG
2026-04-08,09:48:00,2026-04-08,09:48:24,NIFTY,BUY,23949.3,23947.85,NIFTY13APR2623900CE,23900.0,CE,257.9,255.7,260.0,255.0,260.0,255.0,0.002524,0.002344,ws,ws,book_ladder,book_ladder,False,False,-2.1,0.7,65,-143.0,strategy_S5-10:NIFTY:2026-04-08T09:48:00:LONG
2026-04-08,09:48:45,2026-04-08,09:49:16,NIFTY,BUY,23957.4,23956.2,NIFTY13APR2623950CE,23950.0,CE,232.0,230.75,235.0,230.0,235.0,230.0,0.001294,0.002381,ws,ws,book_ladder,book_ladder,False,False,-3.0,0.75,65,-81.25,strategy_S5-10:NIFTY:2026-04-08T09:48:45:LONG
2026-04-08,09:49:23,2026-04-08,09:50:04,NIFTY,SELL,23951.95,23947.0,NIFTY13APR2624000PE,24000.0,PE,249.55,254.25,250.0,250.0,250.0,250.0,0.001203,0.002161,ws,ws,book_ladder,book_ladder,False,False,-0.45,4.25,65,305.5,strategy_S5-10:NIFTY:2026-04-08T09:49:23:SHORT
2026-04-08,09:50:18,2026-04-08,09:50:51,NIFTY,BUY,23951.25,23953.9,NIFTY13APR2623950CE,23950.0,CE,231.0,232.65,235.0,230.0,235.0,230.0,0.002601,0.002576,ws,ws,book_ladder,book_ladder,False,False,-4.0,2.65,65,107.25,strategy_S5-10:NIFTY:2026-04-08T09:50:18:LONG
2026-04-08,09:51:34,2026-04-08,09:52:07,NIFTY,SELL,23947.75,23951.1,NIFTY13APR2623950PE,23950.0,PE,228.35,229.95,230.0,230.0,230.0,225.0,0.002192,0.001955,ws,ws,book_ladder,book_ladder,False,True,-1.65,-0.05,65,104.0,strategy_S5-10:NIFTY:2026-04-08T09:51:34:SHORT
2026-04-08,09:52:10,2026-04-08,09:52:18,NIFTY,BUY,23956.95,23948.6,NIFTY13APR2623950CE,23950.0,CE,229.7,228.9,230.0,225.0,230.0,225.0,0.002397,0.002182,ws,ws,book_ladder,book_ladder,False,False,-0.3,3.9,65,-52.0,strategy_S5-10:NIFTY:2026-04-08T09:52:10:LONG
2026-04-08,09:52:40,2026-04-08,09:53:05,NIFTY,BUY,23955.25,23947.45,NIFTY13APR2623950CE,23950.0,CE,229.05,227.1,230.0,225.0,230.0,225.0,0.002623,0.00066,ws,ws,book_ladder,book_ladder,False,False,-0.95,2.1,65,-126.75,strategy_S5-10:NIFTY:2026-04-08T09:52:40:LONG
2026-04-08,09:53:10,2026-04-08,09:54:40,NIFTY,SELL,23945.15,23919.65,NIFTY13APR2623950PE,23950.0,PE,231.8,243.0,235.0,240.0,235.0,240.0,0.002159,0.001645,ws,ws,book_ladder,book_ladder,False,False,-3.2,3.0,65,728.0,strategy_S5-10:NIFTY:2026-04-08T09:53:10:SHORT
2026-04-08,09:55:25,2026-04-08,09:56:44,NIFTY,BUY,23923.95,23930.55,NIFTY13APR2623900CE,23900.0,CE,242.7,246.65,245.0,245.0,245.0,245.0,0.002269,0.002227,ws,ws,book_ladder,book_ladder,False,False,-2.3,1.65,65,256.75,strategy_S5-10:NIFTY:2026-04-08T09:55:25:LONG
2026-04-08,09:56:53,2026-04-08,09:58:00,NIFTY,SELL,23928.25,23928.6,NIFTY13APR2623950PE,23950.0,PE,238.0,240.9,240.0,240.0,240.0,240.0,0.002314,0.002281,ws,ws,book_ladder,book_ladder,False,False,-2.0,0.9,65,188.5,strategy_S5-10:NIFTY:2026-04-08T09:56:53:SHORT
2026-04-08,09:58:20,2026-04-08,09:58:32,NIFTY,BUY,23931.2,23926.85,NIFTY13APR2623900CE,23900.0,CE,247.7,246.55,250.0,245.0,250.0,245.0,0.001818,0.001824,ws,ws,book_ladder,book_ladder,False,False,-2.3,1.55,65,-74.75,strategy_S5-10:NIFTY:2026-04-08T09:58:20:LONG
2026-04-08,09:59:35,2026-04-08,09:59:50,NIFTY,SELL,23896.65,23895.45,NIFTY13APR2623900PE,23900.0,PE,229.95,232.05,230.0,230.0,230.0,230.0,0.002177,0.002367,ws,ws,book_ladder,book_ladder,False,False,-0.05,2.05,65,136.5,strategy_S5-10:NIFTY:2026-04-08T09:59:35:SHORT
2026-04-08,10:00:02,2026-04-08,10:00:33,NIFTY,BUY,23901.85,23909.9,NIFTY13APR2623900CE,23900.0,CE,232.5,236.4,235.0,235.0,235.0,235.0,0.001722,0.002113,ws,ws,book_ladder,book_ladder,False,False,-2.5,1.4,65,253.5,strategy_S5-10:NIFTY:2026-04-08T10:00:02:LONG
2026-04-08,10:00:54,2026-04-08,10:00:59,NIFTY,SELL,23904.45,23909.3,NIFTY13APR2623950PE,23950.0,PE,253.4,249.6,255.0,245.0,255.0,245.0,0.00158,0.002001,ws,ws,book_ladder,book_ladder,False,False,-1.6,4.6,65,-247.0,strategy_S5-10:NIFTY:2026-04-08T10:00:54:SHORT
2026-04-08,10:01:40,2026-04-08,10:02:24,NIFTY,BUY,23911.2,23918.1,NIFTY13APR2623900CE,23900.0,CE,237.4,238.7,240.0,235.0,240.0,235.0,0.001054,0.001883,ws,ws,book_ladder,book_ladder,False,False,-2.6,3.7,65,84.5,strategy_S5-10:NIFTY:2026-04-08T10:01:40:LONG
2026-04-08,10:02:43,2026-04-08,10:03:33,NIFTY,SELL,23914.3,23910.25,NIFTY13APR2623950PE,23950.0,PE,248.45,251.6,250.0,250.0,250.0,250.0,0.001208,0.002382,ws,ws,book_ladder,book_ladder,False,False,-1.55,1.6,65,204.75,strategy_S5-10:NIFTY:2026-04-08T10:02:43:SHORT
2026-04-08,10:03:59,2026-04-08,10:04:02,NIFTY,SELL,23903.9,23907.95,NIFTY13APR2623950PE,23950.0,PE,253.9,252.95,255.0,250.0,255.0,250.0,0.001182,0.001777,ws,ws,book_ladder,book_ladder,False,False,-1.1,2.95,65,-61.75,strategy_S5-10:NIFTY:2026-04-08T10:03:59:SHORT
2026-04-08,10:04:35,2026-04-08,10:04:57,NIFTY,SELL,23896.8,23900.5,NIFTY13APR2623900PE,23900.0,PE,231.95,230.9,235.0,230.0,235.0,230.0,0.002374,0.002379,ws,ws,book_ladder,book_ladder,False,False,-3.05,0.9,65,-68.25,strategy_S5-10:NIFTY:2026-04-08T10:04:35:SHORT
2026-04-08,10:05:07,2026-04-08,10:06:09,NIFTY,BUY,23905.2,23927.25,NIFTY13APR2623900CE,23900.0,CE,234.65,243.0,235.0,240.0,235.0,240.0,0.002133,0.001439,ws,ws,book_ladder,book_ladder,False,False,-0.35,3.0,65,542.75,strategy_S5-10:NIFTY:2026-04-08T10:05:07:LONG
2026-04-08,10:06:28,2026-04-08,10:08:07,NIFTY,SELL,23920.05,23898.85,NIFTY13APR2623950PE,23950.0,PE,241.05,254.9,245.0,255.0,245.0,250.0,0.001869,0.002351,ws,ws,book_ladder,book_ladder,False,True,-3.95,-0.1,65,900.25,strategy_S5-10:NIFTY:2026-04-08T10:06:28:SHORT
2026-04-08,10:08:40,2026-04-08,10:08:55,NIFTY,BUY,23903.8,23902.05,NIFTY13APR2623900CE,23900.0,CE,234.8,232.75,235.0,230.0,235.0,230.0,0.002345,0.001932,ws,ws,book_ladder,book_ladder,False,False,-0.2,2.75,65,-133.25,strategy_S5-10:NIFTY:2026-04-08T10:08:40:LONG
2026-04-08,10:09:25,2026-04-08,10:09:33,NIFTY,BUY,23903.85,23901.1,NIFTY13APR2623900CE,23900.0,CE,234.0,233.0,235.0,230.0,235.0,230.0,0.000855,0.001287,ws,ws,book_ladder,book_ladder,False,False,-1.0,3.0,65,-65.0,strategy_S5-10:NIFTY:2026-04-08T10:09:25:LONG
2026-04-08,10:10:04,2026-04-08,10:10:28,NIFTY,SELL,23897.85,23893.35,NIFTY13APR2623900PE,23900.0,PE,229.95,231.5,230.0,230.0,230.0,230.0,0.002613,0.001295,ws,ws,book_ladder,book_ladder,False,False,-0.05,1.5,65,100.75,strategy_S5-10:NIFTY:2026-04-08T10:10:04:SHORT
2026-04-08,10:10:56,2026-04-08,10:11:00,NIFTY,SELL,23888.9,23893.2,NIFTY13APR2623900PE,23900.0,PE,234.25,233.2,235.0,230.0,235.0,230.0,0.001923,0.000643,ws,ws,book_ladder,book_ladder,False,False,-0.75,3.2,65,-68.25,strategy_S5-10:NIFTY:2026-04-08T10:10:56:SHORT
2026-04-08,10:11:15,2026-04-08,10:11:28,NIFTY,BUY,23894.65,23891.35,NIFTY13APR2623850CE,23850.0,CE,256.45,253.95,260.0,250.0,260.0,250.0,0.001561,0.002163,ws,ws,book_ladder,book_ladder,False,False,-3.55,3.95,65,-162.5,strategy_S5-10:NIFTY:2026-04-08T10:11:15:LONG
2026-04-08,10:12:02,2026-04-08,10:12:06,NIFTY,SELL,23891.15,23896.65,NIFTY13APR2623900PE,23900.0,PE,234.0,231.55,235.0,230.0,235.0,230.0,0.001925,0.002157,ws,ws,book_ladder,book_ladder,False,False,-1.0,1.55,65,-159.25,strategy_S5-10:NIFTY:2026-04-08T10:12:02:SHORT
2026-04-08,10:12:36,2026-04-08,10:13:03,NIFTY,BUY,23903.05,23895.15,NIFTY13APR2623900CE,23900.0,CE,233.1,231.05,235.0,230.0,235.0,230.0,0.002147,0.002162,ws,ws,book_ladder,book_ladder,False,False,-1.9,1.05,65,-133.25,strategy_S5-10:NIFTY:2026-04-08T10:12:36:LONG
2026-04-08,10:13:11,2026-04-08,10:13:20,NIFTY,SELL,23892.35,23897.25,NIFTY13APR2623900PE,23900.0,PE,232.8,230.75,235.0,230.0,235.0,230.0,0.00215,0.000866,ws,ws,book_ladder,book_ladder,False,False,-2.2,0.75,65,-133.25,strategy_S5-10:NIFTY:2026-04-08T10:13:11:SHORT
2026-04-08,10:13:36,2026-04-08,10:15:57,NIFTY,SELL,23889.6,23873.9,NIFTY13APR2623900PE,23900.0,PE,233.9,242.45,235.0,240.0,235.0,240.0,0.00214,0.00206,ws,ws,book_ladder,book_ladder,False,False,-1.1,2.45,65,555.75,strategy_S5-10:NIFTY:2026-04-08T10:13:36:SHORT
2026-04-08,10:17:04,2026-04-08,10:18:59,NIFTY,BUY,23875.95,23900.65,NIFTY13APR2623850CE,23850.0,CE,247.5,257.2,250.0,255.0,250.0,255.0,0.001213,0.002136,ws,ws,book_ladder,book_ladder,False,False,-2.5,2.2,65,630.5,strategy_S5-10:NIFTY:2026-04-08T10:17:04:LONG
2026-04-08,10:19:13,2026-04-08,10:19:50,NIFTY,SELL,23896.6,23898.9,NIFTY13APR2623900PE,23900.0,PE,229.8,229.6,230.0,225.0,230.0,225.0,0.00196,0.001741,ws,ws,book_ladder,book_ladder,False,False,-0.2,4.6,65,-13.0,strategy_S5-10:NIFTY:2026-04-08T10:19:13:SHORT
2026-04-08,10:20:00,2026-04-08,10:20:22,NIFTY,BUY,23906.55,23908.35,NIFTY13APR2623900CE,23900.0,CE,232.55,234.15,235.0,230.0,235.0,230.0,0.001937,0.00128,ws,ws,book_ladder,book_ladder,False,False,-2.45,4.15,65,104.0,strategy_S5-10:NIFTY:2026-04-08T10:20:00:LONG
2026-04-08,10:20:46,2026-04-08,10:22:50,NIFTY,SELL,23905.4,23879.5,NIFTY13APR2623950PE,23950.0,PE,252.05,266.0,255.0,265.0,255.0,265.0,0.001588,0.002628,ws,ws,book_ladder,book_ladder,False,False,-2.95,1.0,65,906.75,strategy_S5-10:NIFTY:2026-04-08T10:20:46:SHORT
2026-04-08,10:23:00,2026-04-08,10:24:37,NIFTY,BUY,23884.8,23897.75,NIFTY13APR2623850CE,23850.0,CE,251.65,255.3,255.0,255.0,255.0,255.0,0.002188,0.002152,ws,ws,book_ladder,book_ladder,False,False,-3.35,0.3,65,237.25,strategy_S5-10:NIFTY:2026-04-08T10:23:00:LONG
2026-04-08,10:25:02,2026-04-08,10:25:50,NIFTY,SELL,23888.8,23882.85,NIFTY13APR2623900PE,23900.0,PE,233.7,235.0,235.0,235.0,235.0,235.0,0.001499,0.001701,ws,ws,book_ladder,book_ladder,False,False,-1.3,0.0,65,84.5,strategy_S5-10:NIFTY:2026-04-08T10:25:02:SHORT
2026-04-08,10:26:26,2026-04-08,10:26:51,NIFTY,SELL,23882.6,23884.25,NIFTY13APR2623900PE,23900.0,PE,236.75,237.05,240.0,235.0,240.0,235.0,0.000845,0.002317,ws,ws,book_ladder,book_ladder,False,False,-3.25,2.05,65,19.5,strategy_S5-10:NIFTY:2026-04-08T10:26:26:SHORT
2026-04-08,10:27:20,2026-04-08,10:28:44,NIFTY,BUY,23889.2,23896.75,NIFTY13APR2623850CE,23850.0,CE,253.0,258.25,255.0,255.0,255.0,255.0,0.000989,0.002321,ws,ws,book_ladder,book_ladder,False,False,-2.0,3.25,65,341.25,strategy_S5-10:NIFTY:2026-04-08T10:27:20:LONG
2026-04-08,10:28:52,2026-04-08,10:29:32,NIFTY,BUY,23903.65,23907.0,NIFTY13APR2623900CE,23900.0,CE,232.0,233.05,235.0,230.0,235.0,230.0,0.001726,0.002357,ws,ws,book_ladder,book_ladder,False,False,-3.0,3.05,65,68.25,strategy_S5-10:NIFTY:2026-04-08T10:28:52:LONG
2026-04-08,10:30:05,2026-04-08,10:30:44,NIFTY,BUY,23912.5,23910.9,NIFTY13APR2623900CE,23900.0,CE,236.7,234.6,240.0,230.0,240.0,230.0,0.001903,0.002342,ws,ws,book_ladder,book_ladder,False,False,-3.3,4.6,65,-136.5,strategy_S5-10:NIFTY:2026-04-08T10:30:05:LONG
2026-04-08,10:31:01,2026-04-08,10:31:12,NIFTY,BUY,23917.05,23913.1,NIFTY13APR2623900CE,23900.0,CE,237.2,233.8,240.0,230.0,240.0,230.0,0.001899,0.001069,ws,ws,book_ladder,book_ladder,False,False,-2.8,3.8,65,-221.0,strategy_S5-10:NIFTY:2026-04-08T10:31:01:LONG
2026-04-08,10:31:23,2026-04-08,10:31:39,NIFTY,SELL,23909.05,23915.1,NIFTY13APR2623950PE,23950.0,PE,244.2,240.0,245.0,240.0,245.0,240.0,0.001434,0.002081,ws,ws,book_ladder,book_ladder,False,False,-0.8,0.0,65,-273.0,strategy_S5-10:NIFTY:2026-04-08T10:31:23:SHORT
2026-04-08,10:31:46,2026-04-08,10:32:31,NIFTY,BUY,23917.45,23919.3,NIFTY13APR2623900CE,23900.0,CE,236.65,237.45,240.0,235.0,240.0,235.0,0.002327,0.002314,ws,ws,book_ladder,book_ladder,False,False,-3.35,2.45,65,52.0,strategy_S5-10:NIFTY:2026-04-08T10:31:46:LONG
2026-04-08,10:33:00,2026-04-08,10:33:05,NIFTY,SELL,23915.2,23919.55,NIFTY13APR2623950PE,23950.0,PE,241.65,239.2,245.0,235.0,245.0,235.0,0.001242,0.001045,ws,ws,book_ladder,book_ladder,False,False,-3.35,4.2,65,-159.25,strategy_S5-10:NIFTY:2026-04-08T10:33:00:SHORT
2026-04-08,10:33:10,2026-04-08,10:33:55,NIFTY,BUY,23921.25,23924.85,NIFTY13APR2623900CE,23900.0,CE,238.5,239.35,240.0,235.0,240.0,235.0,0.001049,0.001253,ws,ws,book_ladder,book_ladder,False,False,-1.5,4.35,65,55.25,strategy_S5-10:NIFTY:2026-04-08T10:33:10:LONG
2026-04-08,10:34:06,2026-04-08,10:34:35,NIFTY,SELL,23921.85,23922.25,NIFTY13APR2623950PE,23950.0,PE,236.65,235.15,240.0,235.0,240.0,235.0,0.002115,0.0017,ws,ws,book_ladder,book_ladder,False,False,-3.35,0.15,65,-97.5,strategy_S5-10:NIFTY:2026-04-08T10:34:06:SHORT
2026-04-08,10:34:51,2026-04-08,10:34:55,NIFTY,BUY,23922.0,23919.3,NIFTY13APR2623900CE,23900.0,CE,239.5,237.15,240.0,235.0,240.0,235.0,0.002508,0.001475,ws,ws,book_ladder,book_ladder,False,False,-0.5,2.15,65,-152.75,strategy_S5-10:NIFTY:2026-04-08T10:34:51:LONG
2026-04-08,10:35:00,2026-04-08,10:36:21,NIFTY,SELL,23916.95,23911.4,NIFTY13APR2623950PE,23950.0,PE,237.45,242.7,240.0,240.0,240.0,240.0,0.001897,0.001852,ws,ws,book_ladder,book_ladder,False,False,-2.55,2.7,65,341.25,strategy_S5-10:NIFTY:2026-04-08T10:35:00:SHORT
2026-04-08,10:36:31,2026-04-08,10:36:41,NIFTY,BUY,23913.3,23909.35,NIFTY13APR2623900CE,23900.0,CE,234.0,231.7,235.0,230.0,235.0,230.0,0.001069,0.001509,ws,ws,book_ladder,book_ladder,False,False,-1.0,1.7,65,-149.5,strategy_S5-10:NIFTY:2026-04-08T10:36:31:LONG
2026-04-08,10:37:30,2026-04-08,10:38:19,NIFTY,BUY,23909.0,23923.8,NIFTY13APR2623900CE,23900.0,CE,231.0,235.4,235.0,235.0,235.0,235.0,0.002167,0.002546,ws,ws,book_ladder,book_ladder,False,False,-4.0,0.4,65,286.0,strategy_S5-10:NIFTY:2026-04-08T10:37:30:LONG
2026-04-08,10:38:32,2026-04-08,10:39:11,NIFTY,SELL,23917.6,23913.9,NIFTY13APR2623950PE,23950.0,PE,238.05,238.4,240.0,235.0,240.0,235.0,0.001682,0.001886,ws,ws,book_ladder,book_ladder,False,False,-1.95,3.4,65,22.75,strategy_S5-10:NIFTY:2026-04-08T10:38:32:SHORT
2026-04-08,10:39:37,2026-04-08,10:40:04,NIFTY,BUY,23917.55,23919.65,NIFTY13APR2623900CE,23900.0,CE,232.45,233.45,235.0,230.0,235.0,230.0,0.001076,0.001926,ws,ws,book_ladder,book_ladder,False,False,-2.55,3.45,65,65.0,strategy_S5-10:NIFTY:2026-04-08T10:39:37:LONG
2026-04-08,10:40:16,2026-04-08,10:41:07,NIFTY,SELL,23916.5,23910.05,NIFTY13APR2623950PE,23950.0,PE,239.65,243.0,240.0,240.0,240.0,240.0,0.002089,0.002466,ws,ws,book_ladder,book_ladder,False,False,-0.35,3.0,65,217.75,strategy_S5-10:NIFTY:2026-04-08T10:40:16:SHORT
2026-04-08,10:41:47,2026-04-08,10:42:24,NIFTY,BUY,23911.7,23916.45,NIFTY13APR2623900CE,23900.0,CE,229.6,230.05,230.0,230.0,230.0,230.0,0.001962,0.001954,ws,ws,book_ladder,book_ladder,False,False,-0.4,0.05,65,29.25,strategy_S5-10:NIFTY:2026-04-08T10:41:47:LONG
2026-04-08,10:43:20,2026-04-08,10:45:00,NIFTY,BUY,23921.25,23949.4,NIFTY13APR2623900CE,23900.0,CE,232.6,244.25,235.0,240.0,235.0,240.0,0.001937,0.002249,ws,ws,book_ladder,book_ladder,False,False,-2.4,4.25,65,757.25,strategy_S5-10:NIFTY:2026-04-08T10:43:20:LONG
2026-04-08,10:45:35,2026-04-08,10:46:25,NIFTY,SELL,23943.45,23936.15,NIFTY13APR2623950PE,23950.0,PE,223.0,223.0,225.0,220.0,225.0,220.0,0.002245,0.001344,ws,ws,book_ladder,book_ladder,False,False,-2.0,3.0,65,0.0,strategy_S5-10:NIFTY:2026-04-08T10:45:35:SHORT
2026-04-08,10:46:43,2026-04-08,10:47:26,NIFTY,BUY,23941.85,23939.35,NIFTY13APR2623900CE,23900.0,CE,246.05,247.0,250.0,245.0,250.0,245.0,0.001831,0.001618,ws,ws,book_ladder,book_ladder,False,False,-3.95,2.0,65,61.75,strategy_S5-10:NIFTY:2026-04-08T10:46:43:LONG
2026-04-08,10:48:00,2026-04-08,10:48:07,NIFTY,BUY,23946.35,23942.95,NIFTY13APR2623900CE,23900.0,CE,249.3,249.5,250.0,245.0,250.0,245.0,0.002008,0.002002,ws,ws,book_ladder,book_ladder,False,False,-0.7,4.5,65,13.0,strategy_S5-10:NIFTY:2026-04-08T10:48:00:LONG
2026-04-08,10:48:28,2026-04-08,10:49:02,NIFTY,BUY,23949.9,23949.2,NIFTY13APR2623900CE,23900.0,CE,253.0,252.55,255.0,250.0,255.0,250.0,0.002572,0.001978,ws,ws,book_ladder,book_ladder,False,False,-2.0,2.55,65,-29.25,strategy_S5-10:NIFTY:2026-04-08T10:48:28:LONG
2026-04-08,10:49:14,2026-04-08,10:49:37,NIFTY,SELL,23938.8,23929.1,NIFTY13APR2623950PE,23950.0,PE,218.55,224.3,220.0,220.0,220.0,220.0,0.001374,0.001559,ws,ws,book_ladder,book_ladder,False,False,-1.45,4.3,65,373.75,strategy_S5-10:NIFTY:2026-04-08T10:49:14:SHORT
2026-04-08,10:49:57,2026-04-08,10:50:12,NIFTY,BUY,23941.3,23936.55,NIFTY13APR2623900CE,23900.0,CE,248.0,245.5,250.0,245.0,250.0,245.0,0.001816,0.001831,ws,ws,book_ladder,book_ladder,False,False,-2.0,0.5,65,-162.5,strategy_S5-10:NIFTY:2026-04-08T10:49:57:LONG
2026-04-08,10:50:37,2026-04-08,10:50:45,NIFTY,SELL,23937.1,23942.55,NIFTY13APR2623950PE,23950.0,PE,223.3,220.25,225.0,220.0,225.0,220.0,0.002691,0.002041,ws,ws,book_ladder,book_ladder,False,False,-1.7,0.25,65,-198.25,strategy_S5-10:NIFTY:2026-04-08T10:50:37:SHORT
2026-04-08,10:50:50,2026-04-08,10:50:56,NIFTY,BUY,23945.2,23941.85,NIFTY13APR2623900CE,23900.0,CE,248.5,247.95,250.0,245.0,250.0,245.0,0.001813,0.001411,ws,ws,book_ladder,book_ladder,False,False,-1.5,2.95,65,-35.75,strategy_S5-10:NIFTY:2026-04-08T10:50:50:LONG
2026-04-08,10:51:00,2026-04-08,10:51:08,NIFTY,BUY,23945.5,23939.4,NIFTY13APR2623900CE,23900.0,CE,249.0,248.7,250.0,245.0,250.0,245.0,0.00201,0.002008,ws,ws,book_ladder,book_ladder,False,False,-1.0,3.7,65,-19.5,strategy_S5-10:NIFTY:2026-04-08T10:51:00:LONG
2026-04-08,10:51:11,2026-04-08,10:51:45,NIFTY,SELL,23938.05,23941.65,NIFTY13APR2623950PE,23950.0,PE,221.4,220.65,225.0,220.0,225.0,220.0,0.002261,0.00249,ws,ws,book_ladder,book_ladder,False,False,-3.6,0.65,65,-48.75,strategy_S5-10:NIFTY:2026-04-08T10:51:11:SHORT
2026-04-08,10:51:55,2026-04-08,10:52:08,NIFTY,SELL,23937.75,23940.75,NIFTY13APR2623950PE,23950.0,PE,222.65,220.05,225.0,220.0,225.0,220.0,0.002473,0.002043,ws,ws,book_ladder,book_ladder,False,False,-2.35,0.05,65,-169.0,strategy_S5-10:NIFTY:2026-04-08T10:51:55:SHORT
2026-04-08,10:52:23,2026-04-08,10:53:36,NIFTY,BUY,23944.05,23954.9,NIFTY13APR2623900CE,23900.0,CE,248.75,254.75,250.0,250.0,250.0,250.0,0.001811,0.001961,ws,ws,book_ladder,book_ladder,False,False,-1.25,4.75,65,390.0,strategy_S5-10:NIFTY:2026-04-08T10:52:23:LONG
2026-04-08,10:54:05,2026-04-08,10:55:01,NIFTY,BUY,23956.1,23966.1,NIFTY13APR2623950CE,23950.0,CE,226.5,233.6,230.0,230.0,230.0,230.0,0.002431,0.002352,ws,ws,book_ladder,book_ladder,False,False,-3.5,3.6,65,461.5,strategy_S5-10:NIFTY:2026-04-08T10:54:05:LONG
2026-04-08,10:56:24,2026-04-08,10:57:42,NIFTY,BUY,23970.6,23971.2,NIFTY13APR2623950CE,23950.0,CE,232.8,236.5,235.0,235.0,235.0,235.0,0.002365,0.002112,ws,ws,book_ladder,book_ladder,False,False,-2.2,1.5,65,240.5,strategy_S5-10:NIFTY:2026-04-08T10:56:24:LONG
2026-04-08,10:58:10,2026-04-08,10:59:11,NIFTY,BUY,23977.85,23979.15,NIFTY13APR2623950CE,23950.0,CE,236.85,236.05,240.0,235.0,240.0,235.0,0.002325,0.002327,ws,ws,book_ladder,book_ladder,False,False,-3.15,1.05,65,-52.0,strategy_S5-10:NIFTY:2026-04-08T10:58:10:LONG
2026-04-08,10:59:45,2026-04-08,11:00:37,NIFTY,BUY,23984.05,23982.75,NIFTY13APR2623950CE,23950.0,CE,238.0,237.3,240.0,235.0,240.0,235.0,0.001682,0.002105,ws,ws,book_ladder,book_ladder,False,False,-2.0,2.3,65,-45.5,strategy_S5-10:NIFTY:2026-04-08T10:59:45:LONG
2026-04-08,11:00:44,2026-04-08,11:00:51,NIFTY,SELL,23981.3,23986.2,NIFTY13APR2624000PE,24000.0,PE,222.05,220.35,225.0,220.0,225.0,220.0,0.001803,0.000907,ws,ws,book_ladder,book_ladder,False,False,-2.95,0.35,65,-110.5,strategy_S5-10:NIFTY:2026-04-08T11:00:44:SHORT
2026-04-08,11:01:10,2026-04-08,11:01:37,NIFTY,BUY,23988.85,23993.9,NIFTY13APR2623950CE,23950.0,CE,240.65,246.05,245.0,245.0,245.0,245.0,0.002496,0.002233,ws,ws,book_ladder,book_ladder,False,False,-4.35,1.05,65,351.0,strategy_S5-10:NIFTY:2026-04-08T11:01:10:LONG
2026-04-08,11:01:58,2026-04-08,11:02:25,NIFTY,BUY,23995.3,23995.65,NIFTY13APR2623950CE,23950.0,CE,246.0,245.35,250.0,245.0,250.0,245.0,0.00122,0.002442,ws,ws,book_ladder,book_ladder,False,False,-4.0,0.35,65,-42.25,strategy_S5-10:NIFTY:2026-04-08T11:01:58:LONG
2026-04-08,11:02:42,2026-04-08,11:03:15,NIFTY,SELL,23994.05,23993.15,NIFTY13APR2624000PE,24000.0,PE,216.8,218.3,220.0,215.0,220.0,215.0,0.000923,0.002059,ws,ws,book_ladder,book_ladder,False,False,-3.2,3.3,65,97.5,strategy_S5-10:NIFTY:2026-04-08T11:02:42:SHORT
2026-04-08,11:03:42,2026-04-08,11:03:57,NIFTY,SELL,23988.65,23993.4,NIFTY13APR2624000PE,24000.0,PE,217.85,217.0,220.0,215.0,220.0,215.0,0.000918,0.000921,ws,ws,book_ladder,book_ladder,False,False,-2.15,2.0,65,-55.25,strategy_S5-10:NIFTY:2026-04-08T11:03:42:SHORT
2026-04-08,11:04:29,2026-04-08,11:04:57,NIFTY,SELL,23989.05,23992.25,NIFTY13APR2624000PE,24000.0,PE,217.75,218.55,220.0,215.0,220.0,215.0,0.001839,0.001829,ws,ws,book_ladder,book_ladder,False,False,-2.25,3.55,65,52.0,strategy_S5-10:NIFTY:2026-04-08T11:04:29:SHORT
2026-04-08,11:05:00,2026-04-08,11:06:06,NIFTY,BUY,23993.3,23996.65,NIFTY13APR2623950CE,23950.0,CE,244.2,246.05,245.0,245.0,245.0,245.0,0.001844,0.001421,ws,ws,book_ladder,book_ladder,False,False,-0.8,1.05,65,120.25,strategy_S5-10:NIFTY:2026-04-08T11:05:00:LONG
2026-04-08,11:06:14,2026-04-08,11:06:37,NIFTY,SELL,23995.3,23993.55,NIFTY13APR2624000PE,24000.0,PE,213.9,215.0,215.0,215.0,215.0,215.0,0.001404,0.00093,ws,ws,book_ladder,book_ladder,False,False,-1.1,0.0,65,71.5,strategy_S5-10:NIFTY:2026-04-08T11:06:14:SHORT
2026-04-08,11:07:07,2026-04-08,11:07:14,NIFTY,SELL,23991.75,23994.25,NIFTY13APR2624000PE,24000.0,PE,214.55,214.0,215.0,210.0,215.0,210.0,0.001866,0.002334,ws,ws,book_ladder,book_ladder,False,False,-0.45,4.0,65,-35.75,strategy_S5-10:NIFTY:2026-04-08T11:07:07:SHORT
2026-04-08,11:07:26,2026-04-08,11:08:05,NIFTY,SELL,23991.4,23990.8,NIFTY13APR2624000PE,24000.0,PE,216.55,217.0,220.0,215.0,220.0,215.0,0.001849,0.000461,ws,ws,book_ladder,book_ladder,False,False,-3.45,2.0,65,29.25,strategy_S5-10:NIFTY:2026-04-08T11:07:26:SHORT
2026-04-08,11:08:36,2026-04-08,11:08:53,NIFTY,SELL,23987.15,23988.05,NIFTY13APR2624000PE,24000.0,PE,217.95,215.6,220.0,215.0,220.0,215.0,0.002297,0.002085,ws,ws,book_ladder,book_ladder,False,False,-2.05,0.6,65,-152.75,strategy_S5-10:NIFTY:2026-04-08T11:08:36:SHORT
2026-04-08,11:09:57,2026-04-08,11:09:58,NIFTY,BUY,23992.25,23989.75,NIFTY13APR2623950CE,23950.0,CE,240.4,240.0,245.0,240.0,245.0,240.0,0.001457,0.000833,ws,ws,book_ladder,book_ladder,False,False,-4.6,0.0,65,-26.0,strategy_S5-10:NIFTY:2026-04-08T11:09:57:LONG
2026-04-08,11:10:10,2026-04-08,11:11:53,NIFTY,BUY,23992.35,24001.0,NIFTY13APR2623950CE,23950.0,CE,240.55,244.35,245.0,240.0,245.0,240.0,0.001664,0.001431,ws,ws,book_ladder,book_ladder,False,False,-4.45,4.35,65,247.0,strategy_S5-10:NIFTY:2026-04-08T11:10:10:LONG
2026-04-08,11:12:20,2026-04-08,11:12:22,NIFTY,BUY,24002.95,24000.85,NIFTY13APR2624000CE,24000.0,CE,216.2,216.7,220.0,215.0,220.0,215.0,0.002315,0.002305,ws,ws,book_ladder,book_ladder,False,False,-3.8,1.7,65,32.5,strategy_S5-10:NIFTY:2026-04-08T11:12:20:LONG
2026-04-08,11:12:31,2026-04-08,11:13:32,NIFTY,SELL,23998.05,23988.8,NIFTY13APR2624000PE,24000.0,PE,212.35,215.75,215.0,215.0,215.0,215.0,0.001414,0.002084,ws,ws,book_ladder,book_ladder,False,False,-2.65,0.75,65,221.0,strategy_S5-10:NIFTY:2026-04-08T11:12:31:SHORT
2026-04-08,11:13:55,2026-04-08,11:14:19,NIFTY,BUY,23992.7,23990.5,NIFTY13APR2623950CE,23950.0,CE,239.5,236.6,240.0,235.0,240.0,235.0,0.001881,0.000634,ws,ws,book_ladder,book_ladder,False,False,-0.5,1.6,65,-188.5,strategy_S5-10:NIFTY:2026-04-08T11:13:55:LONG
2026-04-08,11:14:29,2026-04-08,11:14:30,NIFTY,SELL,23989.45,23991.3,NIFTY13APR2624000PE,24000.0,PE,216.65,216.25,220.0,215.0,220.0,215.0,0.001848,0.001848,ws,ws,book_ladder,book_ladder,False,False,-3.35,1.25,65,-26.0,strategy_S5-10:NIFTY:2026-04-08T11:14:29:SHORT
2026-04-08,11:15:00,2026-04-08,11:15:23,NIFTY,BUY,23992.7,23991.8,NIFTY13APR2623950CE,23950.0,CE,238.9,237.0,240.0,235.0,240.0,235.0,0.002095,0.001476,ws,ws,book_ladder,book_ladder,False,False,-1.1,2.0,65,-123.5,strategy_S5-10:NIFTY:2026-04-08T11:15:00:LONG
2026-04-08,11:15:50,2026-04-08,11:17:11,NIFTY,BUY,23996.65,24009.4,NIFTY13APR2623950CE,23950.0,CE,240.8,246.65,245.0,245.0,245.0,245.0,0.002079,0.00162,ws,ws,book_ladder,book_ladder,False,False,-4.2,1.65,65,380.25,strategy_S5-10:NIFTY:2026-04-08T11:15:50:LONG
2026-04-08,11:17:37,2026-04-08,11:19:24,NIFTY,SELL,24004.15,23994.95,NIFTY13APR2624050PE,24050.0,PE,232.95,239.9,235.0,240.0,235.0,235.0,0.001934,0.002082,ws,ws,book_ladder,book_ladder,False,True,-2.05,-0.1,65,451.75,strategy_S5-10:NIFTY:2026-04-08T11:17:37:SHORT
2026-04-08,11:19:35,2026-04-08,11:21:43,NIFTY,BUY,23997.8,24009.85,NIFTY13APR2623950CE,23950.0,CE,239.5,246.5,240.0,245.0,240.0,245.0,0.00209,0.001621,ws,ws,book_ladder,book_ladder,False,False,-0.5,1.5,65,455.0,strategy_S5-10:NIFTY:2026-04-08T11:19:35:LONG
2026-04-08,11:22:01,2026-04-08,11:23:11,NIFTY,SELL,24006.4,24003.3,NIFTY13APR2624050PE,24050.0,PE,230.45,234.75,235.0,230.0,235.0,230.0,0.000434,0.00234,ws,ws,book_ladder,book_ladder,False,False,-4.55,4.75,65,279.5,strategy_S5-10:NIFTY:2026-04-08T11:22:01:SHORT
2026-04-08,11:23:40,2026-04-08,11:24:11,NIFTY,BUY,24007.95,24007.05,NIFTY13APR2624000CE,24000.0,CE,217.5,219.0,220.0,215.0,220.0,215.0,0.00161,0.001369,ws,ws,book_ladder,book_ladder,False,False,-2.5,4.0,65,97.5,strategy_S5-10:NIFTY:2026-04-08T11:23:40:LONG
2026-04-08,11:24:48,2026-04-08,11:26:21,NIFTY,SELL,24004.75,23987.45,NIFTY13APR2624050PE,24050.0,PE,232.45,240.9,235.0,240.0,235.0,240.0,0.002585,0.001659,ws,ws,book_ladder,book_ladder,False,False,-2.55,0.9,65,549.25,strategy_S5-10:NIFTY:2026-04-08T11:24:48:SHORT
2026-04-08,11:26:41,2026-04-08,11:27:16,NIFTY,SELL,23983.4,23984.6,NIFTY13APR2624000PE,24000.0,PE,217.8,217.5,220.0,215.0,220.0,215.0,0.001838,0.002067,ws,ws,book_ladder,book_ladder,False,False,-2.2,2.5,65,-19.5,strategy_S5-10:NIFTY:2026-04-08T11:26:41:SHORT
2026-04-08,11:27:41,2026-04-08,11:28:53,NIFTY,SELL,23983.85,23978.35,NIFTY13APR2624000PE,24000.0,PE,217.35,218.0,220.0,215.0,220.0,215.0,0.002073,0.001375,ws,ws,book_ladder,book_ladder,False,False,-2.65,3.0,65,42.25,strategy_S5-10:NIFTY:2026-04-08T11:27:41:SHORT
2026-04-08,11:29:20,2026-04-08,11:29:42,NIFTY,BUY,23982.2,23984.2,NIFTY13APR2623950CE,23950.0,CE,235.8,236.1,240.0,235.0,240.0,235.0,0.00276,0.001904,ws,ws,book_ladder,book_ladder,False,False,-4.2,1.1,65,19.5,strategy_S5-10:NIFTY:2026-04-08T11:29:20:LONG
2026-04-08,11:30:01,2026-04-08,11:30:37,NIFTY,SELL,23980.9,23980.1,NIFTY13APR2624000PE,24000.0,PE,217.25,216.35,220.0,215.0,220.0,215.0,0.001151,0.000693,ws,ws,book_ladder,book_ladder,False,False,-2.75,1.35,65,-58.5,strategy_S5-10:NIFTY:2026-04-08T11:30:01:SHORT
2026-04-08,11:30:40,2026-04-08,11:30:53,NIFTY,BUY,23982.45,23977.6,NIFTY13APR2623950CE,23950.0,CE,237.25,235.75,240.0,235.0,240.0,235.0,0.001265,0.000848,ws,ws,book_ladder,book_ladder,False,False,-2.75,0.75,65,-97.5,strategy_S5-10:NIFTY:2026-04-08T11:30:40:LONG
2026-04-08,11:31:10,2026-04-08,11:31:24,NIFTY,SELL,23976.3,23979.35,NIFTY13APR2624000PE,24000.0,PE,218.0,216.15,220.0,215.0,220.0,215.0,0.002296,0.00208,ws,ws,book_ladder,book_ladder,False,False,-2.0,1.15,65,-120.25,strategy_S5-10:NIFTY:2026-04-08T11:31:10:SHORT
2026-04-08,11:31:39,2026-04-08,11:32:12,NIFTY,SELL,23975.75,23970.75,NIFTY13APR2624000PE,24000.0,PE,218.35,220.0,220.0,220.0,220.0,220.0,0.001834,0.001363,ws,ws,book_ladder,book_ladder,False,False,-1.65,0.0,65,107.25,strategy_S5-10:NIFTY:2026-04-08T11:31:39:SHORT
2026-04-08,11:32:32,2026-04-08,11:32:48,NIFTY,SELL,23968.35,23969.9,NIFTY13APR2624000PE,24000.0,PE,220.4,218.35,225.0,215.0,225.0,215.0,0.002499,0.002287,ws,ws,book_ladder,book_ladder,False,False,-4.6,3.35,65,-133.25,strategy_S5-10:NIFTY:2026-04-08T11:32:32:SHORT
2026-04-08,11:32:51,2026-04-08,11:33:40,NIFTY,BUY,23972.2,23978.9,NIFTY13APR2623950CE,23950.0,CE,232.4,234.1,235.0,230.0,235.0,230.0,0.001076,0.002134,ws,ws,book_ladder,book_ladder,False,False,-2.6,4.1,65,110.5,strategy_S5-10:NIFTY:2026-04-08T11:32:51:LONG
2026-04-08,11:34:15,2026-04-08,11:35:02,NIFTY,SELL,23973.8,23969.95,NIFTY13APR2624000PE,24000.0,PE,220.85,220.4,225.0,220.0,225.0,220.0,0.002493,0.002266,ws,ws,book_ladder,book_ladder,False,False,-4.15,0.4,65,-29.25,strategy_S5-10:NIFTY:2026-04-08T11:34:15:SHORT
2026-04-08,11:35:30,2026-04-08,11:35:41,NIFTY,BUY,23977.25,23973.6,NIFTY13APR2623950CE,23950.0,CE,233.8,230.0,235.0,230.0,235.0,230.0,0.002141,0.000652,ws,ws,book_ladder,book_ladder,False,False,-1.2,0.0,65,-247.0,strategy_S5-10:NIFTY:2026-04-08T11:35:30:LONG
2026-04-08,11:36:02,2026-04-08,11:36:20,NIFTY,SELL,23973.35,23975.65,NIFTY13APR2624000PE,24000.0,PE,221.0,218.1,225.0,215.0,225.0,215.0,0.002492,0.002519,ws,ws,book_ladder,book_ladder,False,False,-4.0,3.1,65,-188.5,strategy_S5-10:NIFTY:2026-04-08T11:36:02:SHORT
2026-04-08,11:36:34,2026-04-08,11:36:46,NIFTY,BUY,23979.8,23977.35,NIFTY13APR2623950CE,23950.0,CE,232.35,231.3,235.0,230.0,235.0,230.0,0.001723,0.001512,ws,ws,book_ladder,book_ladder,False,False,-2.65,1.3,65,-68.25,strategy_S5-10:NIFTY:2026-04-08T11:36:34:LONG
2026-04-08,11:37:05,2026-04-08,11:37:11,NIFTY,BUY,23980.65,23978.55,NIFTY13APR2623950CE,23950.0,CE,233.25,231.6,235.0,230.0,235.0,230.0,0.002146,0.001941,ws,ws,book_ladder,book_ladder,False,False,-1.75,1.6,65,-107.25,strategy_S5-10:NIFTY:2026-04-08T11:37:05:LONG
2026-04-08,11:37:32,2026-04-08,11:39:06,NIFTY,SELL,23972.15,23952.5,NIFTY13APR2624000PE,24000.0,PE,220.9,228.95,225.0,225.0,225.0,225.0,0.001812,0.001528,ws,ws,book_ladder,book_ladder,False,False,-4.1,3.95,65,523.25,strategy_S5-10:NIFTY:2026-04-08T11:37:32:SHORT
2026-04-08,11:39:38,2026-04-08,11:40:11,NIFTY,BUY,23961.8,23962.4,NIFTY13APR2623950CE,23950.0,CE,224.35,223.6,225.0,220.0,225.0,220.0,0.002008,0.00201,ws,ws,book_ladder,book_ladder,False,False,-0.65,3.6,65,-48.75,strategy_S5-10:NIFTY:2026-04-08T11:39:38:LONG
2026-04-08,11:40:27,2026-04-08,11:40:45,NIFTY,SELL,23956.75,23960.6,NIFTY13APR2624000PE,24000.0,PE,227.4,228.5,230.0,225.0,230.0,225.0,0.002422,0.000656,ws,ws,book_ladder,book_ladder,False,False,-2.6,3.5,65,71.5,strategy_S5-10:NIFTY:2026-04-08T11:40:27:SHORT
2026-04-08,11:41:14,2026-04-08,11:41:17,NIFTY,SELL,23955.45,23959.45,NIFTY13APR2624000PE,24000.0,PE,226.4,225.15,230.0,225.0,230.0,225.0,0.002211,0.001775,ws,ws,book_ladder,book_ladder,False,False,-3.6,0.15,65,-81.25,strategy_S5-10:NIFTY:2026-04-08T11:41:14:SHORT
2026-04-08,11:41:37,2026-04-08,11:41:45,NIFTY,SELL,23955.5,23959.35,NIFTY13APR2624000PE,24000.0,PE,226.0,225.2,230.0,225.0,230.0,225.0,0.001993,0.00111,ws,ws,book_ladder,book_ladder,False,False,-4.0,0.2,65,-52.0,strategy_S5-10:NIFTY:2026-04-08T11:41:37:SHORT
2026-04-08,11:42:08,2026-04-08,11:43:40,NIFTY,BUY,23962.7,23983.8,NIFTY13APR2623950CE,23950.0,CE,227.05,236.1,230.0,235.0,230.0,235.0,0.002205,0.001693,ws,ws,book_ladder,book_ladder,False,False,-2.95,1.1,65,588.25,strategy_S5-10:NIFTY:2026-04-08T11:42:08:LONG
2026-04-08,11:44:40,2026-04-08,11:44:49,NIFTY,BUY,23985.7,23982.85,NIFTY13APR2623950CE,23950.0,CE,235.55,234.05,240.0,230.0,240.0,230.0,0.002338,0.001921,ws,ws,book_ladder,book_ladder,False,False,-4.45,4.05,65,-97.5,strategy_S5-10:NIFTY:2026-04-08T11:44:40:LONG
2026-04-08,11:45:10,2026-04-08,11:45:29,NIFTY,BUY,23986.95,23986.2,NIFTY13APR2623950CE,23950.0,CE,237.55,237.55,240.0,235.0,240.0,235.0,0.001264,0.001052,ws,ws,book_ladder,book_ladder,False,False,-2.45,2.55,65,0.0,strategy_S5-10:NIFTY:2026-04-08T11:45:10:LONG
2026-04-08,11:45:55,2026-04-08,11:46:31,NIFTY,BUY,23991.3,23992.8,NIFTY13APR2623950CE,23950.0,CE,239.2,238.75,240.0,235.0,240.0,235.0,0.001674,0.001674,ws,ws,book_ladder,book_ladder,False,False,-0.8,3.75,65,-29.25,strategy_S5-10:NIFTY:2026-04-08T11:45:55:LONG
2026-04-08,11:47:10,2026-04-08,11:47:47,NIFTY,SELL,23987.65,23986.85,NIFTY13APR2624000PE,24000.0,PE,214.2,215.15,215.0,215.0,215.0,215.0,0.001168,0.001857,ws,ws,book_ladder,book_ladder,False,False,-0.8,0.15,65,61.75,strategy_S5-10:NIFTY:2026-04-08T11:47:10:SHORT
2026-04-08,11:48:04,2026-04-08,11:49:17,NIFTY,SELL,23985.15,23983.95,NIFTY13APR2624000PE,24000.0,PE,216.4,215.0,220.0,215.0,220.0,215.0,0.00185,0.000233,ws,ws,book_ladder,book_ladder,False,False,-3.6,0.0,65,-91.0,strategy_S5-10:NIFTY:2026-04-08T11:48:04:SHORT
2026-04-08,11:49:20,2026-04-08,11:49:56,NIFTY,BUY,23984.7,23984.75,NIFTY13APR2623950CE,23950.0,CE,234.7,234.8,235.0,230.0,235.0,230.0,0.001706,0.00234,ws,ws,book_ladder,book_ladder,False,False,-0.3,4.8,65,6.5,strategy_S5-10:NIFTY:2026-04-08T11:49:20:LONG
2026-04-08,11:50:10,2026-04-08,11:52:05,NIFTY,SELL,23982.15,23939.5,NIFTY13APR2624000PE,24000.0,PE,216.4,235.25,220.0,235.0,220.0,235.0,0.00185,0.002123,ws,ws,book_ladder,book_ladder,False,False,-3.6,0.25,65,1225.25,strategy_S5-10:NIFTY:2026-04-08T11:50:10:SHORT
2026-04-08,11:52:21,2026-04-08,11:53:26,NIFTY,BUY,23948.7,23951.9,NIFTY13APR2623900CE,23900.0,CE,246.3,247.9,250.0,245.0,250.0,245.0,0.002236,0.002015,ws,ws,book_ladder,book_ladder,False,False,-3.7,2.9,65,104.0,strategy_S5-10:NIFTY:2026-04-08T11:52:21:LONG
2026-04-08,11:53:36,2026-04-08,11:54:15,NIFTY,SELL,23949.75,23949.1,NIFTY13APR2623950PE,23950.0,PE,207.9,210.7,210.0,210.0,210.0,210.0,0.001926,0.00237,ws,ws,book_ladder,book_ladder,False,False,-2.1,0.7,65,182.0,strategy_S5-10:NIFTY:2026-04-08T11:53:36:SHORT
2026-04-08,11:54:31,2026-04-08,11:54:37,NIFTY,SELL,23947.55,23949.85,NIFTY13APR2623950PE,23950.0,PE,210.9,209.5,215.0,205.0,215.0,205.0,0.002136,0.002384,ws,ws,book_ladder,book_ladder,False,False,-4.1,4.5,65,-91.0,strategy_S5-10:NIFTY:2026-04-08T11:54:31:SHORT
2026-04-08,11:54:45,2026-04-08,11:55:07,NIFTY,BUY,23954.1,23946.2,NIFTY13APR2623950CE,23950.0,CE,218.85,218.15,220.0,215.0,220.0,215.0,0.001601,0.001145,ws,ws,book_ladder,book_ladder,False,False,-1.15,3.15,65,-45.5,strategy_S5-10:NIFTY:2026-04-08T11:54:45:LONG
2026-04-08,11:55:13,2026-04-08,11:55:57,NIFTY,SELL,23944.35,23935.25,NIFTY13APR2623950PE,23950.0,PE,211.15,215.5,215.0,215.0,215.0,215.0,0.002133,0.002086,ws,ws,book_ladder,book_ladder,False,False,-3.85,0.5,65,282.75,strategy_S5-10:NIFTY:2026-04-08T11:55:13:SHORT
2026-04-08,11:56:33,2026-04-08,11:57:18,NIFTY,BUY,23937.5,23944.2,NIFTY13APR2623900CE,23900.0,CE,240.4,243.75,245.0,240.0,245.0,240.0,0.001874,0.002049,ws,ws,book_ladder,book_ladder,False,False,-4.6,3.75,65,217.75,strategy_S5-10:NIFTY:2026-04-08T11:56:33:LONG
2026-04-08,11:57:38,2026-04-08,11:57:45,NIFTY,BUY,23948.1,23944.15,NIFTY13APR2623900CE,23900.0,CE,247.6,245.1,250.0,245.0,250.0,245.0,0.002426,0.001834,ws,ws,book_ladder,book_ladder,False,False,-2.4,0.1,65,-162.5,strategy_S5-10:NIFTY:2026-04-08T11:57:38:LONG
2026-04-08,11:58:00,2026-04-08,11:58:35,NIFTY,SELL,23939.2,23936.55,NIFTY13APR2623950PE,23950.0,PE,213.8,213.95,215.0,210.0,215.0,210.0,0.001638,0.000701,ws,ws,book_ladder,book_ladder,False,False,-1.2,3.95,65,9.75,strategy_S5-10:NIFTY:2026-04-08T11:58:00:SHORT
2026-04-08,11:59:03,2026-04-08,11:59:56,NIFTY,SELL,23933.45,23930.15,NIFTY13APR2623950PE,23950.0,PE,216.9,217.85,220.0,215.0,220.0,215.0,0.001846,0.002293,ws,ws,book_ladder,book_ladder,False,False,-3.1,2.85,65,61.75,strategy_S5-10:NIFTY:2026-04-08T11:59:03:SHORT
2026-04-08,12:00:21,2026-04-08,12:00:38,NIFTY,SELL,23923.6,23925.8,NIFTY13APR2623950PE,23950.0,PE,219.0,218.85,220.0,215.0,220.0,215.0,0.001142,0.002282,ws,ws,book_ladder,book_ladder,False,False,-1.0,3.85,65,-9.75,strategy_S5-10:NIFTY:2026-04-08T12:00:21:SHORT
2026-04-08,12:00:44,2026-04-08,12:01:11,NIFTY,BUY,23930.35,23931.35,NIFTY13APR2623900CE,23900.0,CE,240.75,240.25,245.0,240.0,245.0,240.0,0.001247,0.000416,ws,ws,book_ladder,book_ladder,False,False,-4.25,0.25,65,-32.5,strategy_S5-10:NIFTY:2026-04-08T12:00:44:LONG
2026-04-08,12:01:20,2026-04-08,12:01:28,NIFTY,BUY,23933.9,23931.4,NIFTY13APR2623900CE,23900.0,CE,241.85,239.95,245.0,240.0,245.0,235.0,0.002484,0.001458,ws,ws,book_ladder,book_ladder,False,True,-3.15,-0.05,65,-123.5,strategy_S5-10:NIFTY:2026-04-08T12:01:20:LONG
2026-04-08,12:01:40,2026-04-08,12:02:25,NIFTY,BUY,23934.65,23942.1,NIFTY13APR2623900CE,23900.0,CE,241.15,245.45,245.0,245.0,245.0,245.0,0.002076,0.002238,ws,ws,book_ladder,book_ladder,False,False,-3.85,0.45,65,279.5,strategy_S5-10:NIFTY:2026-04-08T12:01:40:LONG
2026-04-08,12:02:38,2026-04-08,12:02:50,NIFTY,BUY,23946.9,23943.7,NIFTY13APR2623900CE,23900.0,CE,246.45,244.4,250.0,240.0,250.0,240.0,0.002031,0.002044,ws,ws,book_ladder,book_ladder,False,False,-3.55,4.4,65,-133.25,strategy_S5-10:NIFTY:2026-04-08T12:02:38:LONG
2026-04-08,12:03:10,2026-04-08,12:04:00,NIFTY,BUY,23949.2,23953.3,NIFTY13APR2623900CE,23900.0,CE,247.0,248.0,250.0,245.0,250.0,245.0,0.001013,0.00141,ws,ws,book_ladder,book_ladder,False,False,-3.0,3.0,65,65.0,strategy_S5-10:NIFTY:2026-04-08T12:03:10:LONG
2026-04-08,12:04:12,2026-04-08,12:05:00,NIFTY,SELL,23951.25,23952.45,NIFTY13APR2624000PE,24000.0,PE,233.85,232.8,235.0,230.0,235.0,230.0,0.001712,0.001717,ws,ws,book_ladder,book_ladder,False,False,-1.15,2.8,65,-68.25,strategy_S5-10:NIFTY:2026-04-08T12:04:12:SHORT
2026-04-08,12:05:13,2026-04-08,12:06:26,NIFTY,BUY,23957.65,23965.0,NIFTY13APR2623950CE,23950.0,CE,223.4,226.1,225.0,225.0,225.0,225.0,0.001568,0.001988,ws,ws,book_ladder,book_ladder,False,False,-1.6,1.1,65,175.5,strategy_S5-10:NIFTY:2026-04-08T12:05:13:LONG
2026-04-08,12:06:30,2026-04-08,12:06:37,NIFTY,BUY,23968.2,23965.35,NIFTY13APR2623950CE,23950.0,CE,227.7,226.15,230.0,225.0,230.0,225.0,0.002639,0.002208,ws,ws,book_ladder,book_ladder,False,False,-2.3,1.15,65,-100.75,strategy_S5-10:NIFTY:2026-04-08T12:06:30:LONG
2026-04-08,12:06:52,2026-04-08,12:07:10,NIFTY,SELL,23963.2,23960.4,NIFTY13APR2624000PE,24000.0,PE,227.45,227.25,230.0,225.0,230.0,225.0,0.00198,0.001759,ws,ws,book_ladder,book_ladder,False,False,-2.55,2.25,65,-13.0,strategy_S5-10:NIFTY:2026-04-08T12:06:52:SHORT
2026-04-08,12:07:30,2026-04-08,12:08:51,NIFTY,BUY,23965.0,23966.95,NIFTY13APR2623950CE,23950.0,CE,225.4,225.45,230.0,225.0,230.0,225.0,0.001554,0.002437,ws,ws,book_ladder,book_ladder,False,False,-4.6,0.45,65,3.25,strategy_S5-10:NIFTY:2026-04-08T12:07:30:LONG
2026-04-08,12:09:26,2026-04-08,12:09:40,NIFTY,SELL,23966.4,23968.45,NIFTY13APR2624000PE,24000.0,PE,225.0,224.0,225.0,220.0,225.0,220.0,0.001112,0.000223,ws,ws,book_ladder,book_ladder,False,False,0.0,4.0,65,-65.0,strategy_S5-10:NIFTY:2026-04-08T12:09:26:SHORT
2026-04-08,12:09:59,2026-04-08,12:10:00,NIFTY,BUY,23971.0,23966.95,NIFTY13APR2623950CE,23950.0,CE,227.25,226.95,230.0,225.0,230.0,225.0,0.001982,0.001981,ws,ws,book_ladder,book_ladder,False,False,-2.75,1.95,65,-19.5,strategy_S5-10:NIFTY:2026-04-08T12:09:59:LONG
2026-04-08,12:10:10,2026-04-08,12:10:31,NIFTY,SELL,23964.9,23967.8,NIFTY13APR2624000PE,24000.0,PE,223.35,223.0,225.0,220.0,225.0,220.0,0.002017,0.00224,ws,ws,book_ladder,book_ladder,False,False,-1.65,3.0,65,-22.75,strategy_S5-10:NIFTY:2026-04-08T12:10:10:SHORT
2026-04-08,12:10:40,2026-04-08,12:10:48,NIFTY,BUY,23968.95,23967.15,NIFTY13APR2623950CE,23950.0,CE,226.8,226.3,230.0,225.0,230.0,225.0,0.001765,0.002427,ws,ws,book_ladder,book_ladder,False,False,-3.2,1.3,65,-32.5,strategy_S5-10:NIFTY:2026-04-08T12:10:40:LONG
2026-04-08,12:11:00,2026-04-08,12:11:17,NIFTY,SELL,23964.65,23968.05,NIFTY13APR2624000PE,24000.0,PE,224.65,222.6,225.0,220.0,225.0,220.0,0.001336,0.001795,ws,ws,book_ladder,book_ladder,False,False,-0.35,2.6,65,-133.25,strategy_S5-10:NIFTY:2026-04-08T12:11:00:SHORT
2026-04-08,12:11:20,2026-04-08,12:11:24,NIFTY,BUY,23969.6,23963.95,NIFTY13APR2623950CE,23950.0,CE,227.2,224.95,230.0,220.0,230.0,220.0,0.001762,0.001111,ws,ws,book_ladder,book_ladder,False,False,-2.8,4.95,65,-146.25,strategy_S5-10:NIFTY:2026-04-08T12:11:20:LONG
2026-04-08,12:11:48,2026-04-08,12:11:55,NIFTY,SELL,23962.4,23964.3,NIFTY13APR2624000PE,24000.0,PE,226.55,224.55,230.0,220.0,230.0,220.0,0.001546,0.001557,ws,ws,book_ladder,book_ladder,False,False,-3.45,4.55,65,-130.0,strategy_S5-10:NIFTY:2026-04-08T12:11:48:SHORT
2026-04-08,12:12:11,2026-04-08,12:12:45,NIFTY,SELL,23961.0,23962.95,NIFTY13APR2624000PE,24000.0,PE,227.1,224.65,230.0,220.0,230.0,220.0,0.002425,0.002223,ws,ws,book_ladder,book_ladder,False,False,-2.9,4.65,65,-159.25,strategy_S5-10:NIFTY:2026-04-08T12:12:11:SHORT
2026-04-08,12:13:21,2026-04-08,12:13:30,NIFTY,SELL,23963.6,23965.3,NIFTY13APR2624000PE,24000.0,PE,225.75,224.45,230.0,220.0,230.0,220.0,0.002661,0.002225,ws,ws,book_ladder,book_ladder,False,False,-4.25,4.45,65,-84.5,strategy_S5-10:NIFTY:2026-04-08T12:13:21:SHORT
2026-04-08,12:13:40,2026-04-08,12:13:54,NIFTY,SELL,23962.95,23965.4,NIFTY13APR2624000PE,24000.0,PE,225.5,226.1,230.0,225.0,230.0,225.0,0.001998,0.001768,ws,ws,book_ladder,book_ladder,False,False,-4.5,1.1,65,39.0,strategy_S5-10:NIFTY:2026-04-08T12:13:40:SHORT
2026-04-08,12:14:04,2026-04-08,12:14:33,NIFTY,SELL,23961.6,23963.2,NIFTY13APR2624000PE,24000.0,PE,228.0,224.9,230.0,220.0,230.0,220.0,0.000878,0.001111,ws,ws,book_ladder,book_ladder,False,False,-2.0,4.9,65,-201.5,strategy_S5-10:NIFTY:2026-04-08T12:14:04:SHORT
2026-04-08,12:15:11,2026-04-08,12:15:27,NIFTY,SELL,23960.9,23963.65,NIFTY13APR2624000PE,24000.0,PE,227.3,226.2,230.0,225.0,230.0,225.0,0.001541,0.002208,ws,ws,book_ladder,book_ladder,False,False,-2.7,1.2,65,-71.5,strategy_S5-10:NIFTY:2026-04-08T12:15:11:SHORT
2026-04-08,12:15:45,2026-04-08,12:15:50,NIFTY,SELL,23959.25,23961.95,NIFTY13APR2624000PE,24000.0,PE,227.85,226.25,230.0,225.0,230.0,225.0,0.002417,0.001325,ws,ws,book_ladder,book_ladder,False,False,-2.15,1.25,65,-104.0,strategy_S5-10:NIFTY:2026-04-08T12:15:45:SHORT
2026-04-08,12:16:02,2026-04-08,12:16:08,NIFTY,BUY,23962.85,23959.65,NIFTY13APR2623950CE,23950.0,CE,224.6,223.1,225.0,220.0,225.0,220.0,0.002006,0.002239,ws,ws,book_ladder,book_ladder,False,False,-0.4,3.1,65,-97.5,strategy_S5-10:NIFTY:2026-04-08T12:16:02:LONG
2026-04-08,12:17:00,2026-04-08,12:17:10,NIFTY,BUY,23963.3,23960.95,NIFTY13APR2623950CE,23950.0,CE,224.95,224.7,225.0,220.0,225.0,220.0,0.001557,0.001779,ws,ws,book_ladder,book_ladder,False,False,-0.05,4.7,65,-16.25,strategy_S5-10:NIFTY:2026-04-08T12:17:00:LONG
2026-04-08,12:17:30,2026-04-08,12:18:06,NIFTY,BUY,23963.2,23965.2,NIFTY13APR2623950CE,23950.0,CE,225.9,225.6,230.0,225.0,230.0,225.0,0.001994,0.000665,ws,ws,book_ladder,book_ladder,False,False,-4.1,0.6,65,-19.5,strategy_S5-10:NIFTY:2026-04-08T12:17:30:LONG
2026-04-08,12:19:10,2026-04-08,12:19:14,NIFTY,BUY,23966.2,23962.45,NIFTY13APR2623950CE,23950.0,CE,225.85,225.0,230.0,225.0,230.0,225.0,0.001329,0.00222,ws,ws,book_ladder,book_ladder,False,False,-4.15,0.0,65,-55.25,strategy_S5-10:NIFTY:2026-04-08T12:19:10:LONG
2026-04-08,12:19:42,2026-04-08,12:20:03,NIFTY,SELL,23961.95,23965.95,NIFTY13APR2624000PE,24000.0,PE,225.85,224.25,230.0,220.0,230.0,220.0,0.002216,0.000669,ws,ws,book_ladder,book_ladder,False,False,-4.15,4.25,65,-104.0,strategy_S5-10:NIFTY:2026-04-08T12:19:42:SHORT
2026-04-08,12:20:20,2026-04-08,12:21:21,NIFTY,BUY,23966.25,23964.2,NIFTY13APR2623950CE,23950.0,CE,227.0,224.35,230.0,220.0,230.0,220.0,0.001543,0.002449,ws,ws,book_ladder,book_ladder,False,False,-3.0,4.35,65,-172.25,strategy_S5-10:NIFTY:2026-04-08T12:20:20:LONG
2026-04-08,12:22:07,2026-04-08,12:22:44,NIFTY,SELL,23963.15,23965.85,NIFTY13APR2624000PE,24000.0,PE,225.4,225.5,230.0,225.0,230.0,225.0,0.001554,0.001108,ws,ws,book_ladder,book_ladder,False,False,-4.6,0.5,65,6.5,strategy_S5-10:NIFTY:2026-04-08T12:22:07:SHORT
2026-04-08,12:22:55,2026-04-08,12:23:26,NIFTY,BUY,23967.15,23967.5,NIFTY13APR2623950CE,23950.0,CE,224.55,224.95,225.0,225.0,225.0,220.0,0.000891,0.001777,ws,ws,book_ladder,book_ladder,False,True,-0.45,-0.05,65,26.0,strategy_S5-10:NIFTY:2026-04-08T12:22:55:LONG
2026-04-08,12:24:05,2026-04-08,12:24:56,NIFTY,BUY,23971.3,23969.7,NIFTY13APR2623950CE,23950.0,CE,226.35,225.6,230.0,225.0,230.0,225.0,0.002433,0.002214,ws,ws,book_ladder,book_ladder,False,False,-3.65,0.6,65,-48.75,strategy_S5-10:NIFTY:2026-04-08T12:24:05:LONG
2026-04-08,12:25:20,2026-04-08,12:25:28,NIFTY,BUY,23973.4,23970.5,NIFTY13APR2623950CE,23950.0,CE,226.35,225.35,230.0,225.0,230.0,225.0,0.002433,0.001773,ws,ws,book_ladder,book_ladder,False,False,-3.65,0.35,65,-65.0,strategy_S5-10:NIFTY:2026-04-08T12:25:20:LONG
2026-04-08,12:25:47,2026-04-08,12:25:54,NIFTY,BUY,23972.95,23970.25,NIFTY13APR2623950CE,23950.0,CE,226.2,225.6,230.0,225.0,230.0,225.0,0.001991,0.001771,ws,ws,book_ladder,book_ladder,False,False,-3.8,0.6,65,-39.0,strategy_S5-10:NIFTY:2026-04-08T12:25:47:LONG
2026-04-08,12:26:07,2026-04-08,12:26:47,NIFTY,SELL,23968.25,23966.4,NIFTY13APR2624000PE,24000.0,PE,224.0,225.0,225.0,225.0,225.0,225.0,0.00134,0.001554,ws,ws,book_ladder,book_ladder,False,False,-1.0,0.0,65,65.0,strategy_S5-10:NIFTY:2026-04-08T12:26:07:SHORT
2026-04-08,12:26:57,2026-04-08,12:27:15,NIFTY,BUY,23968.65,23964.95,NIFTY13APR2623950CE,23950.0,CE,225.0,224.3,225.0,220.0,225.0,220.0,0.002447,0.002004,ws,ws,book_ladder,book_ladder,False,False,0.0,4.3,65,-45.5,strategy_S5-10:NIFTY:2026-04-08T12:26:57:LONG
2026-04-08,12:27:22,2026-04-08,12:27:56,NIFTY,SELL,23963.15,23963.2,NIFTY13APR2624000PE,24000.0,PE,227.85,227.55,230.0,225.0,230.0,225.0,0.002197,0.002195,ws,ws,book_ladder,book_ladder,False,False,-2.15,2.55,65,-19.5,strategy_S5-10:NIFTY:2026-04-08T12:27:22:SHORT
2026-04-08,12:28:54,2026-04-08,12:29:10,NIFTY,SELL,23959.1,23962.5,NIFTY13APR2624000PE,24000.0,PE,228.5,227.35,230.0,225.0,230.0,225.0,0.002191,0.002197,ws,ws,book_ladder,book_ladder,False,False,-1.5,2.35,65,-74.75,strategy_S5-10:NIFTY:2026-04-08T12:28:54:SHORT
2026-04-08,12:29:30,2026-04-08,12:32:30,NIFTY,SELL,23959.0,23914.4,NIFTY13APR2624000PE,24000.0,PE,228.6,257.3,230.0,255.0,230.0,255.0,0.00219,0.002523,ws,ws,book_ladder,book_ladder,False,False,-1.4,2.3,65,1865.5,strategy_S5-10:NIFTY:2026-04-08T12:29:30:SHORT
2026-04-08,12:34:15,2026-04-08,12:35:24,NIFTY,BUY,23908.45,23919.95,NIFTY13APR2623900CE,23900.0,CE,226.05,229.25,230.0,225.0,230.0,225.0,0.002436,0.002396,ws,ws,book_ladder,book_ladder,False,False,-3.95,4.25,65,208.0,strategy_S5-10:NIFTY:2026-04-08T12:34:15:LONG
2026-04-08,12:36:27,2026-04-08,12:36:51,NIFTY,BUY,23920.85,23922.5,NIFTY13APR2623900CE,23900.0,CE,231.1,231.3,235.0,230.0,235.0,230.0,0.001299,0.001944,ws,ws,book_ladder,book_ladder,False,False,-3.9,1.3,65,13.0,strategy_S5-10:NIFTY:2026-04-08T12:36:27:LONG
2026-04-08,12:37:03,2026-04-08,12:37:34,NIFTY,BUY,23925.55,23929.95,NIFTY13APR2623900CE,23900.0,CE,232.85,234.6,235.0,230.0,235.0,230.0,0.001934,0.002129,ws,ws,book_ladder,book_ladder,False,False,-2.15,4.6,65,113.75,strategy_S5-10:NIFTY:2026-04-08T12:37:03:LONG
2026-04-08,12:37:43,2026-04-08,12:39:20,NIFTY,SELL,23925.0,23913.7,NIFTY13APR2623950PE,23950.0,PE,226.0,232.65,230.0,230.0,230.0,230.0,0.000885,0.001932,ws,ws,book_ladder,book_ladder,False,False,-4.0,2.65,65,432.25,strategy_S5-10:NIFTY:2026-04-08T12:37:43:SHORT
2026-04-08,12:39:35,2026-04-08,12:40:00,NIFTY,BUY,23917.0,23921.0,NIFTY13APR2623900CE,23900.0,CE,228.75,230.2,230.0,230.0,230.0,230.0,0.001969,0.001085,ws,ws,book_ladder,book_ladder,False,False,-1.25,0.2,65,94.25,strategy_S5-10:NIFTY:2026-04-08T12:39:35:LONG
2026-04-08,12:40:15,2026-04-08,12:40:24,NIFTY,BUY,23924.25,23919.7,NIFTY13APR2623900CE,23900.0,CE,230.85,228.5,235.0,225.0,235.0,225.0,0.001951,0.001531,ws,ws,book_ladder,book_ladder,False,False,-4.15,3.5,65,-152.75,strategy_S5-10:NIFTY:2026-04-08T12:40:15:LONG
2026-04-08,12:40:44,2026-04-08,12:41:10,NIFTY,SELL,23917.6,23921.55,NIFTY13APR2623950PE,23950.0,PE,229.55,227.15,230.0,225.0,230.0,225.0,0.002399,0.002199,ws,ws,book_ladder,book_ladder,False,False,-0.45,2.15,65,-156.0,strategy_S5-10:NIFTY:2026-04-08T12:40:44:SHORT
2026-04-08,12:41:30,2026-04-08,12:42:13,NIFTY,BUY,23921.1,23923.1,NIFTY13APR2623900CE,23900.0,CE,230.95,231.2,235.0,230.0,235.0,230.0,0.002384,0.002376,ws,ws,book_ladder,book_ladder,False,False,-4.05,1.2,65,16.25,strategy_S5-10:NIFTY:2026-04-08T12:41:30:LONG
2026-04-08,12:42:42,2026-04-08,12:44:33,NIFTY,BUY,23924.15,23945.15,NIFTY13APR2623900CE,23900.0,CE,233.2,240.7,235.0,240.0,235.0,240.0,0.000429,0.002075,ws,ws,book_ladder,book_ladder,False,False,-1.8,0.7,65,487.5,strategy_S5-10:NIFTY:2026-04-08T12:42:42:LONG
2026-04-08,12:45:06,2026-04-08,12:46:45,NIFTY,SELL,23943.5,23938.0,NIFTY13APR2623950PE,23950.0,PE,212.7,212.85,215.0,210.0,215.0,210.0,0.002353,0.00047,ws,ws,book_ladder,book_ladder,False,False,-2.3,2.85,65,9.75,strategy_S5-10:NIFTY:2026-04-08T12:45:06:SHORT
2026-04-08,12:46:50,2026-04-08,12:47:55,NIFTY,BUY,23939.45,23939.45,NIFTY13APR2623900CE,23900.0,CE,242.45,242.9,245.0,240.0,245.0,240.0,0.001858,0.002262,ws,ws,book_ladder,book_ladder,False,False,-2.55,2.9,65,29.25,strategy_S5-10:NIFTY:2026-04-08T12:46:50:LONG
2026-04-08,12:48:42,2026-04-08,12:48:45,NIFTY,BUY,23942.3,23937.8,NIFTY13APR2623900CE,23900.0,CE,241.95,242.2,245.0,240.0,245.0,240.0,0.001862,0.001032,ws,ws,book_ladder,book_ladder,False,False,-3.05,2.2,65,16.25,strategy_S5-10:NIFTY:2026-04-08T12:48:42:LONG
2026-04-08,12:49:05,2026-04-08,12:49:35,NIFTY,BUY,23943.2,23943.9,NIFTY13APR2623900CE,23900.0,CE,243.8,244.6,245.0,240.0,245.0,240.0,0.002464,0.001022,ws,ws,book_ladder,book_ladder,False,False,-1.2,4.6,65,52.0,strategy_S5-10:NIFTY:2026-04-08T12:49:05:LONG
2026-04-08,12:49:45,2026-04-08,12:50:25,NIFTY,BUY,23949.55,23955.75,NIFTY13APR2623900CE,23900.0,CE,245.9,249.75,250.0,245.0,250.0,245.0,0.001221,0.0022,ws,ws,book_ladder,book_ladder,False,False,-4.1,4.75,65,250.25,strategy_S5-10:NIFTY:2026-04-08T12:49:45:LONG
2026-04-08,12:51:14,2026-04-08,12:51:26,NIFTY,SELL,23953.0,23955.6,NIFTY13APR2624000PE,24000.0,PE,230.0,227.7,230.0,225.0,230.0,225.0,0.001523,0.00022,ws,ws,book_ladder,book_ladder,False,False,0.0,2.7,65,-149.5,strategy_S5-10:NIFTY:2026-04-08T12:51:14:SHORT
2026-04-08,12:51:46,2026-04-08,12:52:13,NIFTY,SELL,23951.05,23952.4,NIFTY13APR2624000PE,24000.0,PE,231.3,228.95,235.0,225.0,235.0,225.0,0.001298,0.000655,ws,ws,book_ladder,book_ladder,False,False,-3.7,3.95,65,-152.75,strategy_S5-10:NIFTY:2026-04-08T12:51:46:SHORT
2026-04-08,12:52:25,2026-04-08,12:52:46,NIFTY,BUY,23955.15,23952.35,NIFTY13APR2623950CE,23950.0,CE,221.85,221.45,225.0,220.0,225.0,220.0,0.002256,0.002481,ws,ws,book_ladder,book_ladder,False,False,-3.15,1.45,65,-26.0,strategy_S5-10:NIFTY:2026-04-08T12:52:25:LONG
2026-04-08,12:52:59,2026-04-08,12:53:13,NIFTY,SELL,23948.25,23947.9,NIFTY13APR2623950PE,23950.0,PE,205.8,206.15,210.0,205.0,210.0,205.0,0.001702,0.00218,ws,ws,book_ladder,book_ladder,False,False,-4.2,1.15,65,22.75,strategy_S5-10:NIFTY:2026-04-08T12:52:59:SHORT
2026-04-08,12:57:23,2026-04-08,12:57:46,NIFTY,BUY,23975.4,23974.35,NIFTY13APR2623950CE,23950.0,CE,218.45,230.4,220.0,230.0,220.0,230.0,0.002062,0.002168,ws,ws,book_ladder,book_ladder,False,False,-1.55,0.4,65,776.75,strategy_S5-10:NIFTY:2026-04-08T12:57:23:LONG
2026-04-08,12:58:00,2026-04-08,12:58:41,NIFTY,BUY,23975.05,23977.7,NIFTY13APR2623950CE,23950.0,CE,232.0,232.85,235.0,230.0,235.0,230.0,0.002157,0.001502,ws,ws,book_ladder,book_ladder,False,False,-3.0,2.85,65,55.25,strategy_S5-10:NIFTY:2026-04-08T12:58:00:LONG
2026-04-08,12:59:40,2026-04-08,13:00:02,NIFTY,BUY,23978.7,23976.95,NIFTY13APR2623950CE,23950.0,CE,232.05,230.1,235.0,230.0,235.0,230.0,0.001509,0.000869,ws,ws,book_ladder,book_ladder,False,False,-2.95,0.1,65,-126.75,strategy_S5-10:NIFTY:2026-04-08T12:59:40:LONG
2026-04-08,13:00:32,2026-04-08,13:01:58,NIFTY,SELL,23973.3,23963.5,NIFTY13APR2624000PE,24000.0,PE,219.35,223.1,220.0,220.0,220.0,220.0,0.000912,0.002239,ws,ws,book_ladder,book_ladder,False,False,-0.65,3.1,65,243.75,strategy_S5-10:NIFTY:2026-04-08T13:00:32:SHORT
2026-04-08,13:02:10,2026-04-08,13:02:31,NIFTY,BUY,23966.5,23965.9,NIFTY13APR2623950CE,23950.0,CE,226.7,226.35,230.0,225.0,230.0,225.0,0.001766,0.001986,ws,ws,book_ladder,book_ladder,False,False,-3.3,1.35,65,-22.75,strategy_S5-10:NIFTY:2026-04-08T13:02:10:LONG
2026-04-08,13:02:40,2026-04-08,13:03:21,NIFTY,BUY,23969.2,23968.35,NIFTY13APR2623950CE,23950.0,CE,228.5,228.2,230.0,225.0,230.0,225.0,0.001752,0.001314,ws,ws,book_ladder,book_ladder,False,False,-1.5,3.2,65,-19.5,strategy_S5-10:NIFTY:2026-04-08T13:02:40:LONG
2026-04-08,13:03:48,2026-04-08,13:04:52,NIFTY,SELL,23966.55,23965.5,NIFTY13APR2624000PE,24000.0,PE,221.95,222.6,225.0,220.0,225.0,220.0,0.000676,0.000898,ws,ws,book_ladder,book_ladder,False,False,-3.05,2.6,65,42.25,strategy_S5-10:NIFTY:2026-04-08T13:03:48:SHORT
2026-04-08,13:05:55,2026-04-08,13:06:05,NIFTY,BUY,23967.8,23964.65,NIFTY13APR2623950CE,23950.0,CE,226.35,224.15,230.0,220.0,230.0,220.0,0.002654,0.001783,ws,ws,book_ladder,book_ladder,False,False,-3.65,4.15,65,-143.0,strategy_S5-10:NIFTY:2026-04-08T13:05:55:LONG
2026-04-08,13:06:10,2026-04-08,13:06:30,NIFTY,SELL,23960.65,23961.9,NIFTY13APR2624000PE,24000.0,PE,224.65,223.05,225.0,220.0,225.0,220.0,0.001559,0.00112,ws,ws,book_ladder,book_ladder,False,False,-0.35,3.05,65,-104.0,strategy_S5-10:NIFTY:2026-04-08T13:06:10:SHORT
2026-04-08,13:07:27,2026-04-08,13:08:13,NIFTY,SELL,23958.7,23952.35,NIFTY13APR2624000PE,24000.0,PE,224.9,230.85,225.0,230.0,225.0,230.0,0.002226,0.001299,ws,ws,book_ladder,book_ladder,False,False,-0.1,0.85,65,386.75,strategy_S5-10:NIFTY:2026-04-08T13:07:27:SHORT
2026-04-08,13:08:33,2026-04-08,13:09:25,NIFTY,BUY,23958.95,23965.8,NIFTY13APR2623950CE,23950.0,CE,221.8,223.8,225.0,220.0,225.0,220.0,0.001579,0.00134,ws,ws,book_ladder,book_ladder,False,False,-3.2,3.8,65,130.0,strategy_S5-10:NIFTY:2026-04-08T13:08:33:LONG
2026-04-08,13:09:53,2026-04-08,13:10:05,NIFTY,SELL,23963.3,23965.05,NIFTY13APR2624000PE,24000.0,PE,226.25,225.55,230.0,225.0,230.0,225.0,0.001106,0.002436,ws,ws,book_ladder,book_ladder,False,False,-3.75,0.55,65,-45.5,strategy_S5-10:NIFTY:2026-04-08T13:09:53:SHORT
2026-04-08,13:10:15,2026-04-08,13:10:57,NIFTY,BUY,23970.3,23973.8,NIFTY13APR2623950CE,23950.0,CE,224.75,225.7,225.0,225.0,225.0,225.0,0.002004,0.001992,ws,ws,book_ladder,book_ladder,False,False,-0.25,0.7,65,61.75,strategy_S5-10:NIFTY:2026-04-08T13:10:15:LONG
2026-04-08,13:11:10,2026-04-08,13:11:21,NIFTY,BUY,23978.7,23975.55,NIFTY13APR2623950CE,23950.0,CE,228.8,227.65,230.0,225.0,230.0,225.0,0.002188,0.002194,ws,ws,book_ladder,book_ladder,False,False,-1.2,2.65,65,-74.75,strategy_S5-10:NIFTY:2026-04-08T13:11:10:LONG
2026-04-08,13:11:47,2026-04-08,13:12:51,NIFTY,BUY,23980.15,23974.3,NIFTY13APR2623950CE,23950.0,CE,229.45,227.4,230.0,225.0,230.0,225.0,0.0024,0.000879,ws,ws,book_ladder,book_ladder,False,False,-0.55,2.4,65,-133.25,strategy_S5-10:NIFTY:2026-04-08T13:11:47:LONG
2026-04-08,13:13:25,2026-04-08,13:14:12,NIFTY,SELL,23972.5,23970.2,NIFTY13APR2624000PE,24000.0,PE,222.6,222.75,225.0,220.0,225.0,220.0,0.002024,0.002466,ws,ws,book_ladder,book_ladder,False,False,-2.4,2.75,65,9.75,strategy_S5-10:NIFTY:2026-04-08T13:13:25:SHORT
2026-04-08,13:14:25,2026-04-08,13:15:05,NIFTY,BUY,23973.4,23972.05,NIFTY13APR2623950CE,23950.0,CE,227.95,225.3,230.0,225.0,230.0,225.0,0.001537,0.001995,ws,ws,book_ladder,book_ladder,False,False,-2.05,0.3,65,-172.25,strategy_S5-10:NIFTY:2026-04-08T13:14:25:LONG
2026-04-08,13:15:20,2026-04-08,13:15:43,NIFTY,SELL,23971.15,23971.85,NIFTY13APR2624000PE,24000.0,PE,224.4,223.0,225.0,220.0,225.0,220.0,0.001784,0.00224,ws,ws,book_ladder,book_ladder,False,False,-0.6,3.0,65,-91.0,strategy_S5-10:NIFTY:2026-04-08T13:15:20:SHORT
2026-04-08,13:16:10,2026-04-08,13:17:03,NIFTY,BUY,23974.0,23978.35,NIFTY13APR2623950CE,23950.0,CE,228.0,229.15,230.0,225.0,230.0,225.0,0.002415,0.001962,ws,ws,book_ladder,book_ladder,False,False,-2.0,4.15,65,74.75,strategy_S5-10:NIFTY:2026-04-08T13:16:10:LONG
2026-04-08,13:17:50,2026-04-08,13:18:45,NIFTY,BUY,23984.3,23987.65,NIFTY13APR2623950CE,23950.0,CE,230.75,232.1,235.0,230.0,235.0,230.0,0.001084,0.002367,ws,ws,book_ladder,book_ladder,False,False,-4.25,2.1,65,87.75,strategy_S5-10:NIFTY:2026-04-08T13:17:50:LONG
2026-04-08,13:18:54,2026-04-08,13:19:40,NIFTY,SELL,23977.25,23976.45,NIFTY13APR2624000PE,24000.0,PE,221.15,221.0,225.0,220.0,225.0,220.0,0.00181,0.002034,ws,ws,book_ladder,book_ladder,False,False,-3.85,1.0,65,-9.75,strategy_S5-10:NIFTY:2026-04-08T13:18:54:SHORT
2026-04-08,13:19:59,2026-04-08,13:20:00,NIFTY,SELL,23973.9,23976.45,NIFTY13APR2624000PE,24000.0,PE,222.2,221.8,225.0,220.0,225.0,220.0,0.001802,0.001802,ws,ws,book_ladder,book_ladder,False,False,-2.8,1.8,65,-26.0,strategy_S5-10:NIFTY:2026-04-08T13:19:59:SHORT
2026-04-08,13:20:29,2026-04-08,13:20:57,NIFTY,SELL,23972.6,23972.85,NIFTY13APR2624000PE,24000.0,PE,223.5,222.9,225.0,220.0,225.0,220.0,0.000448,0.001345,ws,ws,book_ladder,book_ladder,False,False,-1.5,2.9,65,-39.0,strategy_S5-10:NIFTY:2026-04-08T13:20:29:SHORT
2026-04-08,13:21:17,2026-04-08,13:21:41,NIFTY,BUY,23975.2,23973.8,NIFTY13APR2623950CE,23950.0,CE,226.0,226.35,230.0,225.0,230.0,225.0,0.00155,0.002207,ws,ws,book_ladder,book_ladder,False,False,-4.0,1.35,65,22.75,strategy_S5-10:NIFTY:2026-04-08T13:21:17:LONG
2026-04-08,13:22:05,2026-04-08,13:23:28,NIFTY,BUY,23977.75,23980.15,NIFTY13APR2623950CE,23950.0,CE,226.6,229.45,230.0,225.0,230.0,225.0,0.002651,0.002177,ws,ws,book_ladder,book_ladder,False,False,-3.4,4.45,65,185.25,strategy_S5-10:NIFTY:2026-04-08T13:22:05:LONG
2026-04-08,13:23:42,2026-04-08,13:24:04,NIFTY,BUY,23983.7,23982.1,NIFTY13APR2623950CE,23950.0,CE,229.25,229.3,230.0,225.0,230.0,225.0,0.002183,0.000654,ws,ws,book_ladder,book_ladder,False,False,-0.75,4.3,65,3.25,strategy_S5-10:NIFTY:2026-04-08T13:23:42:LONG
2026-04-08,13:24:10,2026-04-08,13:24:33,NIFTY,SELL,23980.55,23980.95,NIFTY13APR2624000PE,24000.0,PE,220.5,219.0,225.0,215.0,225.0,215.0,0.00227,0.002053,ws,ws,book_ladder,book_ladder,False,False,-4.5,4.0,65,-97.5,strategy_S5-10:NIFTY:2026-04-08T13:24:10:SHORT
2026-04-08,13:24:57,2026-04-08,13:25:16,NIFTY,BUY,23984.7,23983.6,NIFTY13APR2623950CE,23950.0,CE,230.45,230.35,235.0,230.0,235.0,230.0,0.000868,0.001952,ws,ws,book_ladder,book_ladder,False,False,-4.55,0.35,65,-6.5,strategy_S5-10:NIFTY:2026-04-08T13:24:57:LONG
2026-04-08,13:25:35,2026-04-08,13:26:34,NIFTY,BUY,23985.95,23990.15,NIFTY13APR2623950CE,23950.0,CE,231.55,235.0,235.0,235.0,235.0,235.0,0.002162,0.002125,ws,ws,book_ladder,book_ladder,False,False,-3.45,0.0,65,224.25,strategy_S5-10:NIFTY:2026-04-08T13:25:35:LONG
2026-04-08,13:27:05,2026-04-08,13:27:31,NIFTY,BUY,23995.35,23996.35,NIFTY13APR2623950CE,23950.0,CE,235.95,238.6,240.0,235.0,240.0,235.0,0.002334,0.002302,ws,ws,book_ladder,book_ladder,False,False,-4.05,3.6,65,172.25,strategy_S5-10:NIFTY:2026-04-08T13:27:05:LONG
2026-04-08,13:28:26,2026-04-08,13:28:38,NIFTY,SELL,23989.75,23993.8,NIFTY13APR2624000PE,24000.0,PE,215.0,214.4,215.0,210.0,215.0,210.0,0.002095,0.001864,ws,ws,book_ladder,book_ladder,False,False,0.0,4.4,65,-39.0,strategy_S5-10:NIFTY:2026-04-08T13:28:26:SHORT
2026-04-08,13:28:50,2026-04-08,13:28:59,NIFTY,BUY,23996.6,23992.65,NIFTY13APR2623950CE,23950.0,CE,235.95,234.65,240.0,230.0,240.0,230.0,0.001909,0.002129,ws,ws,book_ladder,book_ladder,False,False,-4.05,4.65,65,-84.5,strategy_S5-10:NIFTY:2026-04-08T13:28:50:LONG
2026-04-08,13:29:13,2026-04-08,13:29:45,NIFTY,BUY,23996.05,23995.95,NIFTY13APR2623950CE,23950.0,CE,235.95,237.2,240.0,235.0,240.0,235.0,0.001909,0.001685,ws,ws,book_ladder,book_ladder,False,False,-4.05,2.2,65,81.25,strategy_S5-10:NIFTY:2026-04-08T13:29:13:LONG
2026-04-08,13:30:12,2026-04-08,13:30:30,NIFTY,SELL,23992.5,23991.05,NIFTY13APR2624000PE,24000.0,PE,212.0,214.8,215.0,210.0,215.0,210.0,0.001652,0.002093,ws,ws,book_ladder,book_ladder,False,False,-3.0,4.8,65,182.0,strategy_S5-10:NIFTY:2026-04-08T13:30:12:SHORT
2026-04-08,13:31:13,2026-04-08,13:31:51,NIFTY,SELL,23988.55,23988.05,NIFTY13APR2624000PE,24000.0,PE,216.9,215.0,220.0,215.0,220.0,215.0,0.002539,0.000697,ws,ws,book_ladder,book_ladder,False,False,-3.1,0.0,65,-123.5,strategy_S5-10:NIFTY:2026-04-08T13:31:13:SHORT
2026-04-08,13:32:08,2026-04-08,13:32:56,NIFTY,BUY,23992.55,23992.9,NIFTY13APR2623950CE,23950.0,CE,237.4,236.9,240.0,235.0,240.0,235.0,0.002319,0.00253,ws,ws,book_ladder,book_ladder,False,False,-2.6,1.9,65,-32.5,strategy_S5-10:NIFTY:2026-04-08T13:32:08:LONG
2026-04-08,13:33:01,2026-04-08,13:33:17,NIFTY,SELL,23989.0,23994.05,NIFTY13APR2624000PE,24000.0,PE,214.65,213.6,215.0,210.0,215.0,210.0,0.002099,0.001871,ws,ws,book_ladder,book_ladder,False,False,-0.35,3.6,65,-68.25,strategy_S5-10:NIFTY:2026-04-08T13:33:01:SHORT
2026-04-08,13:33:37,2026-04-08,13:34:05,NIFTY,SELL,23990.3,23987.45,NIFTY13APR2624000PE,24000.0,PE,215.6,215.75,220.0,215.0,220.0,215.0,0.002322,0.002315,ws,ws,book_ladder,book_ladder,False,False,-4.4,0.75,65,9.75,strategy_S5-10:NIFTY:2026-04-08T13:33:37:SHORT
2026-04-08,13:34:30,2026-04-08,13:35:53,NIFTY,BUY,23992.25,23994.25,NIFTY13APR2623950CE,23950.0,CE,235.7,235.8,240.0,235.0,240.0,235.0,0.001486,0.001695,ws,ws,book_ladder,book_ladder,False,False,-4.3,0.8,65,6.5,strategy_S5-10:NIFTY:2026-04-08T13:34:30:LONG
2026-04-08,13:36:17,2026-04-08,13:36:51,NIFTY,BUY,23998.4,24007.55,NIFTY13APR2623950CE,23950.0,CE,237.0,242.95,240.0,240.0,240.0,240.0,0.002323,0.002467,ws,ws,book_ladder,book_ladder,False,False,-3.0,2.95,65,386.75,strategy_S5-10:NIFTY:2026-04-08T13:36:17:LONG
2026-04-08,13:37:20,2026-04-08,13:37:52,NIFTY,BUY,24012.65,24009.7,NIFTY13APR2624000CE,24000.0,CE,216.75,215.5,220.0,215.0,220.0,215.0,0.002309,0.002086,ws,ws,book_ladder,book_ladder,False,False,-3.25,0.5,65,-81.25,strategy_S5-10:NIFTY:2026-04-08T13:37:20:LONG
2026-04-08,13:38:06,2026-04-08,13:38:20,NIFTY,SELL,24003.9,24010.4,NIFTY13APR2624050PE,24050.0,PE,232.05,229.65,235.0,225.0,235.0,225.0,0.000647,0.001958,ws,ws,book_ladder,book_ladder,False,False,-2.95,4.65,65,-156.0,strategy_S5-10:NIFTY:2026-04-08T13:38:06:SHORT
2026-04-08,13:38:55,2026-04-08,13:39:34,NIFTY,BUY,24012.75,24020.85,NIFTY13APR2624000CE,24000.0,CE,217.0,225.95,220.0,225.0,220.0,225.0,0.002076,0.001769,ws,ws,book_ladder,book_ladder,False,False,-3.0,0.95,65,581.75,strategy_S5-10:NIFTY:2026-04-08T13:38:55:LONG
2026-04-08,13:40:06,2026-04-08,13:41:33,NIFTY,SELL,24013.9,23988.3,NIFTY13APR2624050PE,24050.0,PE,227.0,240.0,230.0,240.0,230.0,240.0,0.001764,0.002081,ws,ws,book_ladder,book_ladder,False,False,-3.0,0.0,65,845.0,strategy_S5-10:NIFTY:2026-04-08T13:40:06:SHORT
2026-04-08,13:42:07,2026-04-08,13:42:33,NIFTY,SELL,23982.0,23981.65,NIFTY13APR2624000PE,24000.0,PE,217.0,216.95,220.0,215.0,220.0,215.0,0.001153,0.001842,ws,ws,book_ladder,book_ladder,False,False,-3.0,1.95,65,-3.25,strategy_S5-10:NIFTY:2026-04-08T13:42:07:SHORT
2026-04-08,13:42:44,2026-04-08,13:43:44,NIFTY,BUY,23983.85,23988.35,NIFTY13APR2623950CE,23950.0,CE,236.45,237.2,240.0,235.0,240.0,235.0,0.000635,0.001053,ws,ws,book_ladder,book_ladder,False,False,-3.55,2.2,65,48.75,strategy_S5-10:NIFTY:2026-04-08T13:42:44:LONG
2026-04-08,13:43:50,2026-04-08,13:44:35,NIFTY,SELL,23984.9,23980.45,NIFTY13APR2624000PE,24000.0,PE,216.15,217.4,220.0,215.0,220.0,215.0,0.002084,0.001838,ws,ws,book_ladder,book_ladder,False,False,-3.85,2.4,65,81.25,strategy_S5-10:NIFTY:2026-04-08T13:43:50:SHORT
2026-04-08,13:44:55,2026-04-08,13:45:14,NIFTY,SELL,23977.35,23978.2,NIFTY13APR2624000PE,24000.0,PE,219.3,217.3,220.0,215.0,220.0,215.0,0.002283,0.001839,ws,ws,book_ladder,book_ladder,False,False,-0.7,2.3,65,-130.0,strategy_S5-10:NIFTY:2026-04-08T13:44:55:SHORT
2026-04-08,13:45:21,2026-04-08,13:45:56,NIFTY,BUY,23981.65,23985.2,NIFTY13APR2623950CE,23950.0,CE,233.9,234.85,235.0,235.0,235.0,230.0,0.001283,0.002339,ws,ws,book_ladder,book_ladder,False,True,-1.1,-0.15,65,61.75,strategy_S5-10:NIFTY:2026-04-08T13:45:21:LONG
2026-04-08,13:46:26,2026-04-08,13:48:14,NIFTY,SELL,23981.75,23972.7,NIFTY13APR2624000PE,24000.0,PE,216.95,219.05,220.0,215.0,220.0,215.0,0.002076,0.002508,ws,ws,book_ladder,book_ladder,False,False,-3.05,4.05,65,136.5,strategy_S5-10:NIFTY:2026-04-08T13:46:26:SHORT
2026-04-08,13:49:35,2026-04-08,13:49:57,NIFTY,SELL,23973.1,23976.7,NIFTY13APR2624000PE,24000.0,PE,218.95,217.8,220.0,215.0,220.0,215.0,0.002057,0.002522,ws,ws,book_ladder,book_ladder,False,False,-1.05,2.8,65,-74.75,strategy_S5-10:NIFTY:2026-04-08T13:49:35:SHORT
2026-04-08,13:50:00,2026-04-08,13:50:16,NIFTY,BUY,23978.0,23979.0,NIFTY13APR2623950CE,23950.0,CE,232.55,232.2,235.0,230.0,235.0,230.0,0.002368,0.001506,ws,ws,book_ladder,book_ladder,False,False,-2.45,2.2,65,-22.75,strategy_S5-10:NIFTY:2026-04-08T13:50:00:LONG
2026-04-08,13:51:08,2026-04-08,13:51:29,NIFTY,BUY,23984.4,23981.7,NIFTY13APR2623950CE,23950.0,CE,235.55,234.7,240.0,230.0,240.0,230.0,0.001912,0.002128,ws,ws,book_ladder,book_ladder,False,False,-4.45,4.7,65,-55.25,strategy_S5-10:NIFTY:2026-04-08T13:51:08:LONG
2026-04-08,13:51:52,2026-04-08,13:53:37,NIFTY,SELL,23979.6,23958.35,NIFTY13APR2624000PE,24000.0,PE,215.75,222.8,220.0,220.0,220.0,220.0,0.002088,0.002466,ws,ws,book_ladder,book_ladder,False,False,-4.25,2.8,65,458.25,strategy_S5-10:NIFTY:2026-04-08T13:51:52:SHORT
2026-04-08,13:53:54,2026-04-08,13:54:21,NIFTY,BUY,23964.1,23963.75,NIFTY13APR2623950CE,23950.0,CE,227.0,226.15,230.0,225.0,230.0,225.0,0.000881,0.001105,ws,ws,book_ladder,book_ladder,False,False,-3.0,1.15,65,-55.25,strategy_S5-10:NIFTY:2026-04-08T13:53:54:LONG
2026-04-08,13:54:41,2026-04-08,13:54:56,NIFTY,SELL,23961.8,23964.05,NIFTY13APR2624000PE,24000.0,PE,225.5,225.3,230.0,225.0,230.0,225.0,0.001109,0.001995,ws,ws,book_ladder,book_ladder,False,False,-4.5,0.3,65,-13.0,strategy_S5-10:NIFTY:2026-04-08T13:54:41:SHORT
2026-04-08,13:55:40,2026-04-08,13:57:45,NIFTY,BUY,23970.5,23981.6,NIFTY13APR2623950CE,23950.0,CE,229.0,234.2,230.0,230.0,230.0,230.0,0.000874,0.00192,ws,ws,book_ladder,book_ladder,False,False,-1.0,4.2,65,338.0,strategy_S5-10:NIFTY:2026-04-08T13:55:40:LONG
2026-04-08,13:58:36,2026-04-08,13:59:11,NIFTY,BUY,23983.85,23982.45,NIFTY13APR2623950CE,23950.0,CE,235.55,234.6,240.0,230.0,240.0,230.0,0.002125,0.001704,ws,ws,book_ladder,book_ladder,False,False,-4.45,4.6,65,-61.75,strategy_S5-10:NIFTY:2026-04-08T13:58:36:LONG
2026-04-08,13:59:34,2026-04-08,14:00:01,NIFTY,BUY,23986.45,23983.5,NIFTY13APR2623950CE,23950.0,CE,235.7,235.3,240.0,235.0,240.0,235.0,0.001699,0.002123,ws,ws,book_ladder,book_ladder,False,False,-4.3,0.3,65,-26.0,strategy_S5-10:NIFTY:2026-04-08T13:59:34:LONG
2026-04-08,14:00:10,2026-04-08,14:01:00,NIFTY,SELL,23981.35,23974.95,NIFTY13APR2624000PE,24000.0,PE,215.55,218.35,220.0,215.0,220.0,215.0,0.000464,0.001144,ws,ws,book_ladder,book_ladder,False,False,-4.45,3.35,65,182.0,strategy_S5-10:NIFTY:2026-04-08T14:00:10:SHORT
2026-04-08,14:01:53,2026-04-08,14:02:09,NIFTY,BUY,23977.25,23969.8,NIFTY13APR2623950CE,23950.0,CE,233.5,231.85,235.0,230.0,235.0,230.0,0.001929,0.001939,ws,ws,book_ladder,book_ladder,False,False,-1.5,1.85,65,-107.25,strategy_S5-10:NIFTY:2026-04-08T14:01:53:LONG
2026-04-08,14:03:40,2026-04-08,14:04:02,NIFTY,BUY,23974.9,23971.85,NIFTY13APR2623950CE,23950.0,CE,233.45,231.5,235.0,230.0,235.0,230.0,0.002359,0.002588,ws,ws,book_ladder,book_ladder,False,False,-1.55,1.5,65,-126.75,strategy_S5-10:NIFTY:2026-04-08T14:03:40:LONG
2026-04-08,14:04:13,2026-04-08,14:04:30,NIFTY,SELL,23965.4,23971.55,NIFTY13APR2624000PE,24000.0,PE,221.9,219.25,225.0,215.0,225.0,215.0,0.001804,0.001823,ws,ws,book_ladder,book_ladder,False,False,-3.1,4.25,65,-172.25,strategy_S5-10:NIFTY:2026-04-08T14:04:13:SHORT
2026-04-08,14:04:43,2026-04-08,14:04:57,NIFTY,SELL,23966.25,23969.45,NIFTY13APR2624000PE,24000.0,PE,222.0,221.35,225.0,220.0,225.0,220.0,0.001352,0.002031,ws,ws,book_ladder,book_ladder,False,False,-3.0,1.35,65,-42.25,strategy_S5-10:NIFTY:2026-04-08T14:04:43:SHORT
2026-04-08,14:05:13,2026-04-08,14:05:28,NIFTY,SELL,23965.45,23968.15,NIFTY13APR2624000PE,24000.0,PE,222.75,220.4,225.0,220.0,225.0,220.0,0.002022,0.002266,ws,ws,book_ladder,book_ladder,False,False,-2.25,0.4,65,-152.75,strategy_S5-10:NIFTY:2026-04-08T14:05:13:SHORT
2026-04-08,14:05:50,2026-04-08,14:06:09,NIFTY,BUY,23971.65,23968.85,NIFTY13APR2623950CE,23950.0,CE,231.65,231.3,235.0,230.0,235.0,230.0,0.002161,0.002375,ws,ws,book_ladder,book_ladder,False,False,-3.35,1.3,65,-22.75,strategy_S5-10:NIFTY:2026-04-08T14:05:50:LONG
2026-04-08,14:06:11,2026-04-08,14:07:15,NIFTY,SELL,23968.1,23958.85,NIFTY13APR2624000PE,24000.0,PE,221.95,225.55,225.0,225.0,225.0,225.0,0.00203,0.000886,ws,ws,book_ladder,book_ladder,False,False,-3.05,0.55,65,234.0,strategy_S5-10:NIFTY:2026-04-08T14:06:11:SHORT
2026-04-08,14:07:20,2026-04-08,14:07:43,NIFTY,BUY,23961.8,23959.05,NIFTY13APR2623950CE,23950.0,CE,228.0,226.05,230.0,225.0,230.0,225.0,0.001976,0.001989,ws,ws,book_ladder,book_ladder,False,False,-2.0,1.05,65,-126.75,strategy_S5-10:NIFTY:2026-04-08T14:07:20:LONG
2026-04-08,14:07:56,2026-04-08,14:08:18,NIFTY,SELL,23957.15,23957.45,NIFTY13APR2624000PE,24000.0,PE,228.35,227.75,230.0,225.0,230.0,225.0,0.001095,0.001974,ws,ws,book_ladder,book_ladder,False,False,-1.65,2.75,65,-39.0,strategy_S5-10:NIFTY:2026-04-08T14:07:56:SHORT
2026-04-08,14:08:32,2026-04-08,14:09:12,NIFTY,BUY,23966.05,23961.8,NIFTY13APR2623950CE,23950.0,CE,227.4,225.45,230.0,225.0,230.0,225.0,0.002201,0.001773,ws,ws,book_ladder,book_ladder,False,False,-2.6,0.45,65,-126.75,strategy_S5-10:NIFTY:2026-04-08T14:08:32:LONG
2026-04-08,14:10:51,2026-04-08,14:11:11,NIFTY,SELL,23960.4,23960.0,NIFTY13APR2624000PE,24000.0,PE,226.05,227.05,230.0,225.0,230.0,225.0,0.002214,0.00176,ws,ws,book_ladder,book_ladder,False,False,-3.95,2.05,65,65.0,strategy_S5-10:NIFTY:2026-04-08T14:10:51:SHORT
2026-04-08,14:12:07,2026-04-08,14:12:42,NIFTY,BUY,23968.55,23969.2,NIFTY13APR2623950CE,23950.0,CE,228.55,230.1,230.0,230.0,230.0,230.0,0.00219,0.002171,ws,ws,book_ladder,book_ladder,False,False,-1.45,0.1,65,100.75,strategy_S5-10:NIFTY:2026-04-08T14:12:07:LONG
2026-04-08,14:13:04,2026-04-08,14:13:38,NIFTY,SELL,23967.15,23953.45,NIFTY13APR2624000PE,24000.0,PE,226.8,234.15,230.0,230.0,230.0,230.0,0.001986,0.002559,ws,ws,book_ladder,book_ladder,False,False,-3.2,4.15,65,477.75,strategy_S5-10:NIFTY:2026-04-08T14:13:04:SHORT
2026-04-08,14:14:03,2026-04-08,14:14:30,NIFTY,SELL,23950.25,23950.8,NIFTY13APR2624000PE,24000.0,PE,233.6,233.15,235.0,230.0,235.0,230.0,0.001928,0.000429,ws,ws,book_ladder,book_ladder,False,False,-1.4,3.15,65,-29.25,strategy_S5-10:NIFTY:2026-04-08T14:14:03:SHORT
2026-04-08,14:14:43,2026-04-08,14:14:57,NIFTY,SELL,23945.0,23949.6,NIFTY13APR2623950PE,23950.0,PE,212.15,209.3,215.0,205.0,215.0,205.0,0.001415,0.001671,ws,ws,book_ladder,book_ladder,False,False,-2.85,4.3,65,-185.25,strategy_S5-10:NIFTY:2026-04-08T14:14:43:SHORT
2026-04-08,14:15:02,2026-04-08,14:15:29,NIFTY,BUY,23951.65,23949.1,NIFTY13APR2623950CE,23950.0,CE,223.7,223.3,225.0,220.0,225.0,220.0,0.000224,0.002237,ws,ws,book_ladder,book_ladder,False,False,-1.3,3.3,65,-26.0,strategy_S5-10:NIFTY:2026-04-08T14:15:02:LONG
2026-04-08,14:15:37,2026-04-08,14:15:44,NIFTY,SELL,23947.35,23950.0,NIFTY13APR2623950PE,23950.0,PE,209.95,207.45,210.0,205.0,210.0,205.0,0.002146,0.002167,ws,ws,book_ladder,book_ladder,False,False,-0.05,2.45,65,-162.5,strategy_S5-10:NIFTY:2026-04-08T14:15:37:SHORT
2026-04-08,14:16:36,2026-04-08,14:16:45,NIFTY,SELL,23950.7,23952.6,NIFTY13APR2624000PE,24000.0,PE,230.95,231.1,235.0,230.0,235.0,230.0,0.002384,0.000216,ws,ws,book_ladder,book_ladder,False,False,-4.05,1.1,65,9.75,strategy_S5-10:NIFTY:2026-04-08T14:16:36:SHORT
2026-04-08,14:18:22,2026-04-08,14:18:43,NIFTY,SELL,23947.65,23951.0,NIFTY13APR2623950PE,23950.0,PE,208.0,206.65,210.0,205.0,210.0,205.0,0.001443,0.002175,ws,ws,book_ladder,book_ladder,False,False,-2.0,1.65,65,-87.75,strategy_S5-10:NIFTY:2026-04-08T14:18:22:SHORT
2026-04-08,14:18:50,2026-04-08,14:20:01,NIFTY,BUY,23953.45,23962.9,NIFTY13APR2623950CE,23950.0,CE,227.95,231.6,230.0,230.0,230.0,230.0,0.001537,0.001726,ws,ws,book_ladder,book_ladder,False,False,-2.05,1.6,65,237.25,strategy_S5-10:NIFTY:2026-04-08T14:18:50:LONG
2026-04-08,14:20:40,2026-04-08,14:21:41,NIFTY,BUY,23970.35,23979.1,NIFTY13APR2623950CE,23950.0,CE,233.25,236.8,235.0,235.0,235.0,235.0,0.002361,0.00232,ws,ws,book_ladder,book_ladder,False,False,-1.75,1.8,65,230.75,strategy_S5-10:NIFTY:2026-04-08T14:20:40:LONG
2026-04-08,14:22:15,2026-04-08,14:22:22,NIFTY,BUY,23980.65,23977.3,NIFTY13APR2623950CE,23950.0,CE,237.8,236.25,240.0,235.0,240.0,235.0,0.002316,0.00148,ws,ws,book_ladder,book_ladder,False,False,-2.2,1.25,65,-100.75,strategy_S5-10:NIFTY:2026-04-08T14:22:15:LONG
2026-04-08,14:22:30,2026-04-08,14:22:46,NIFTY,BUY,23979.75,23977.25,NIFTY13APR2623950CE,23950.0,CE,236.95,235.9,240.0,235.0,240.0,235.0,0.002112,0.002117,ws,ws,book_ladder,book_ladder,False,False,-3.05,0.9,65,-68.25,strategy_S5-10:NIFTY:2026-04-08T14:22:30:LONG
2026-04-08,14:22:51,2026-04-08,14:23:52,NIFTY,SELL,23976.0,23972.85,NIFTY13APR2624000PE,24000.0,PE,217.55,218.6,220.0,215.0,220.0,215.0,0.002301,0.001143,ws,ws,book_ladder,book_ladder,False,False,-2.45,3.6,65,68.25,strategy_S5-10:NIFTY:2026-04-08T14:22:51:SHORT
2026-04-08,14:24:05,2026-04-08,14:26:02,NIFTY,BUY,23976.25,23980.6,NIFTY13APR2623950CE,23950.0,CE,236.8,236.3,240.0,235.0,240.0,235.0,0.002325,0.00148,ws,ws,book_ladder,book_ladder,False,False,-3.2,1.3,65,-32.5,strategy_S5-10:NIFTY:2026-04-08T14:24:05:LONG
2026-04-08,14:26:51,2026-04-08,14:27:44,NIFTY,BUY,23979.7,23979.9,NIFTY13APR2623950CE,23950.0,CE,237.0,236.85,240.0,235.0,240.0,235.0,0.001901,0.002109,ws,ws,book_ladder,book_ladder,False,False,-3.0,1.85,65,-9.75,strategy_S5-10:NIFTY:2026-04-08T14:26:51:LONG
2026-04-08,14:28:17,2026-04-08,14:28:34,NIFTY,BUY,23983.55,23981.25,NIFTY13APR2623950CE,23950.0,CE,239.0,237.05,240.0,235.0,240.0,235.0,0.002094,0.002528,ws,ws,book_ladder,book_ladder,False,False,-1.0,2.05,65,-126.75,strategy_S5-10:NIFTY:2026-04-08T14:28:17:LONG
2026-04-08,14:28:40,2026-04-08,14:28:54,NIFTY,SELL,23975.15,23978.25,NIFTY13APR2624000PE,24000.0,PE,217.75,214.5,220.0,210.0,220.0,210.0,0.002529,0.002328,ws,ws,book_ladder,book_ladder,False,False,-2.25,4.5,65,-211.25,strategy_S5-10:NIFTY:2026-04-08T14:28:40:SHORT
2026-04-08,14:29:30,2026-04-08,14:30:08,NIFTY,BUY,23979.95,23976.85,NIFTY13APR2623950CE,23950.0,CE,237.1,236.5,240.0,235.0,240.0,235.0,0.001055,0.002112,ws,ws,book_ladder,book_ladder,False,False,-2.9,1.5,65,-39.0,strategy_S5-10:NIFTY:2026-04-08T14:29:30:LONG
2026-04-08,14:30:10,2026-04-08,14:30:38,NIFTY,SELL,23974.65,23975.6,NIFTY13APR2624000PE,24000.0,PE,217.0,215.25,220.0,215.0,220.0,215.0,0.001614,0.001857,ws,ws,book_ladder,book_ladder,False,False,-3.0,0.25,65,-113.75,strategy_S5-10:NIFTY:2026-04-08T14:30:10:SHORT
2026-04-08,14:30:55,2026-04-08,14:31:16,NIFTY,BUY,23977.25,23976.95,NIFTY13APR2623950CE,23950.0,CE,237.9,239.3,240.0,235.0,240.0,235.0,0.001472,0.000835,ws,ws,book_ladder,book_ladder,False,False,-2.1,4.3,65,91.0,strategy_S5-10:NIFTY:2026-04-08T14:30:55:LONG
2026-04-08,14:31:20,2026-04-08,14:31:41,NIFTY,BUY,23981.2,23980.8,NIFTY13APR2623950CE,23950.0,CE,240.5,242.25,245.0,240.0,245.0,240.0,0.002081,0.002062,ws,ws,book_ladder,book_ladder,False,False,-4.5,2.25,65,113.75,strategy_S5-10:NIFTY:2026-04-08T14:31:20:LONG
2026-04-08,14:32:13,2026-04-08,14:32:26,NIFTY,BUY,23984.55,23979.25,NIFTY13APR2623950CE,23950.0,CE,243.0,242.0,245.0,240.0,245.0,240.0,0.002266,0.001652,ws,ws,book_ladder,book_ladder,False,False,-2.0,2.0,65,-65.0,strategy_S5-10:NIFTY:2026-04-08T14:32:13:LONG
2026-04-08,14:34:01,2026-04-08,14:35:12,NIFTY,SELL,23979.2,23979.45,NIFTY13APR2624000PE,24000.0,PE,215.7,212.75,220.0,210.0,220.0,210.0,0.001392,0.002347,ws,ws,book_ladder,book_ladder,False,False,-4.3,2.75,65,-191.75,strategy_S5-10:NIFTY:2026-04-08T14:34:01:SHORT
2026-04-08,14:35:30,2026-04-08,14:36:15,NIFTY,BUY,23981.85,23986.8,NIFTY13APR2623950CE,23950.0,CE,240.8,242.4,245.0,240.0,245.0,240.0,0.002079,0.001649,ws,ws,book_ladder,book_ladder,False,False,-4.2,2.4,65,104.0,strategy_S5-10:NIFTY:2026-04-08T14:35:30:LONG
2026-04-08,14:37:06,2026-04-08,14:37:15,NIFTY,SELL,23980.7,23983.75,NIFTY13APR2624000PE,24000.0,PE,211.75,211.1,215.0,210.0,215.0,210.0,0.002127,0.002129,ws,ws,book_ladder,book_ladder,False,False,-3.25,1.1,65,-42.25,strategy_S5-10:NIFTY:2026-04-08T14:37:06:SHORT
2026-04-08,14:37:34,2026-04-08,14:37:51,NIFTY,SELL,23977.85,23981.4,NIFTY13APR2624000PE,24000.0,PE,213.05,212.5,215.0,210.0,215.0,210.0,0.001644,0.00235,ws,ws,book_ladder,book_ladder,False,False,-1.95,2.5,65,-35.75,strategy_S5-10:NIFTY:2026-04-08T14:37:34:SHORT
2026-04-08,14:38:15,2026-04-08,14:38:34,NIFTY,BUY,23983.0,23979.5,NIFTY13APR2623950CE,23950.0,CE,242.35,240.85,245.0,240.0,245.0,240.0,0.002272,0.002074,ws,ws,book_ladder,book_ladder,False,False,-2.65,0.85,65,-97.5,strategy_S5-10:NIFTY:2026-04-08T14:38:15:LONG
2026-04-08,14:39:32,2026-04-08,14:39:40,NIFTY,SELL,23978.9,23982.55,NIFTY13APR2624000PE,24000.0,PE,214.2,212.65,215.0,210.0,215.0,210.0,0.002337,0.002349,ws,ws,book_ladder,book_ladder,False,False,-0.8,2.65,65,-100.75,strategy_S5-10:NIFTY:2026-04-08T14:39:32:SHORT
2026-04-08,14:40:03,2026-04-08,14:40:22,NIFTY,BUY,23981.8,23980.55,NIFTY13APR2623950CE,23950.0,CE,241.0,242.3,245.0,240.0,245.0,240.0,0.001038,0.002267,ws,ws,book_ladder,book_ladder,False,False,-4.0,2.3,65,84.5,strategy_S5-10:NIFTY:2026-04-08T14:40:03:LONG
2026-04-08,14:40:48,2026-04-08,14:41:35,NIFTY,SELL,23980.4,23980.55,NIFTY13APR2624000PE,24000.0,PE,212.5,212.5,215.0,210.0,215.0,210.0,0.001413,0.00235,ws,ws,book_ladder,book_ladder,False,False,-2.5,2.5,65,0.0,strategy_S5-10:NIFTY:2026-04-08T14:40:48:SHORT
2026-04-08,14:41:44,2026-04-08,14:43:43,NIFTY,BUY,23981.5,24000.0,NIFTY13APR2623950CE,23950.0,CE,241.0,250.4,245.0,250.0,245.0,250.0,0.002285,0.002393,ws,ws,book_ladder,book_ladder,False,False,-4.0,0.4,65,611.0,strategy_S5-10:NIFTY:2026-04-08T14:41:44:LONG
2026-04-08,14:43:52,2026-04-08,14:44:37,NIFTY,SELL,23998.05,23999.4,NIFTY13APR2624000PE,24000.0,PE,204.3,206.5,205.0,205.0,205.0,205.0,0.00147,0.001693,ws,ws,book_ladder,book_ladder,False,False,-0.7,1.5,65,143.0,strategy_S5-10:NIFTY:2026-04-08T14:43:52:SHORT
2026-04-08,14:44:41,2026-04-08,14:44:59,NIFTY,BUY,24001.2,23998.9,NIFTY13APR2624000CE,24000.0,CE,223.0,223.65,225.0,220.0,225.0,220.0,0.000673,0.002233,ws,ws,book_ladder,book_ladder,False,False,-2.0,3.65,65,42.25,strategy_S5-10:NIFTY:2026-04-08T14:44:41:LONG
2026-04-08,14:45:40,2026-04-08,14:45:58,NIFTY,BUY,24003.9,24001.35,NIFTY13APR2624000CE,24000.0,CE,226.35,229.8,230.0,230.0,230.0,225.0,0.00199,0.002608,ws,ws,book_ladder,book_ladder,False,True,-3.65,-0.2,65,224.25,strategy_S5-10:NIFTY:2026-04-08T14:45:40:LONG
2026-04-08,14:46:39,2026-04-08,14:47:02,NIFTY,SELL,23999.35,23998.5,NIFTY13APR2624000PE,24000.0,PE,205.5,205.75,210.0,205.0,210.0,205.0,0.000974,0.001942,ws,ws,book_ladder,book_ladder,False,False,-4.5,0.75,65,16.25,strategy_S5-10:NIFTY:2026-04-08T14:46:39:SHORT
2026-04-08,14:47:17,2026-04-08,14:48:13,NIFTY,BUY,24002.4,24007.95,NIFTY13APR2624000CE,24000.0,CE,224.4,229.9,225.0,230.0,225.0,225.0,0.001784,0.002389,ws,ws,book_ladder,book_ladder,False,True,-0.6,-0.1,65,357.5,strategy_S5-10:NIFTY:2026-04-08T14:47:17:LONG
2026-04-08,14:48:39,2026-04-08,14:49:00,NIFTY,SELL,24003.15,24003.0,NIFTY13APR2624050PE,24050.0,PE,223.45,221.9,225.0,220.0,225.0,220.0,0.002016,0.001351,ws,ws,book_ladder,book_ladder,False,False,-1.55,1.9,65,-100.75,strategy_S5-10:NIFTY:2026-04-08T14:48:39:SHORT
2026-04-08,14:49:35,2026-04-08,14:50:18,NIFTY,SELL,23996.1,23985.9,NIFTY13APR2624000PE,24000.0,PE,203.6,209.25,205.0,205.0,205.0,205.0,0.001967,0.002625,ws,ws,book_ladder,book_ladder,False,False,-1.4,4.25,65,367.25,strategy_S5-10:NIFTY:2026-04-08T14:49:35:SHORT
2026-04-08,14:50:31,2026-04-08,14:50:57,NIFTY,SELL,23980.6,23979.55,NIFTY13APR2624000PE,24000.0,PE,213.15,213.95,215.0,210.0,215.0,210.0,0.001643,0.001401,ws,ws,book_ladder,book_ladder,False,False,-1.85,3.95,65,52.0,strategy_S5-10:NIFTY:2026-04-08T14:50:31:SHORT
2026-04-08,14:51:04,2026-04-08,14:51:26,NIFTY,BUY,23983.75,23985.25,NIFTY13APR2623950CE,23950.0,CE,242.05,241.3,245.0,240.0,245.0,240.0,0.002068,0.002277,ws,ws,book_ladder,book_ladder,False,False,-2.95,1.3,65,-48.75,strategy_S5-10:NIFTY:2026-04-08T14:51:04:LONG
2026-04-08,14:51:30,2026-04-08,14:51:50,NIFTY,SELL,23979.3,23986.05,NIFTY13APR2624000PE,24000.0,PE,214.0,212.55,215.0,210.0,215.0,210.0,0.002339,0.00235,ws,ws,book_ladder,book_ladder,False,False,-1.0,2.55,65,-94.25,strategy_S5-10:NIFTY:2026-04-08T14:51:30:SHORT
2026-04-08,14:52:01,2026-04-08,14:52:21,NIFTY,SELL,23981.55,23983.4,NIFTY13APR2624000PE,24000.0,PE,214.85,212.9,215.0,210.0,215.0,210.0,0.00233,0.002111,ws,ws,book_ladder,book_ladder,False,False,-0.15,2.9,65,-126.75,strategy_S5-10:NIFTY:2026-04-08T14:52:01:SHORT
2026-04-08,14:52:40,2026-04-08,14:52:56,NIFTY,BUY,23985.45,23982.05,NIFTY13APR2623950CE,23950.0,CE,240.75,241.0,245.0,240.0,245.0,240.0,0.001663,0.002487,ws,ws,book_ladder,book_ladder,False,False,-4.25,1.0,65,16.25,strategy_S5-10:NIFTY:2026-04-08T14:52:40:LONG
2026-04-08,14:53:35,2026-04-08,14:54:01,NIFTY,BUY,23986.95,23984.3,NIFTY13APR2623950CE,23950.0,CE,241.4,238.2,245.0,235.0,245.0,235.0,0.001866,0.001049,ws,ws,book_ladder,book_ladder,False,False,-3.6,3.2,65,-208.0,strategy_S5-10:NIFTY:2026-04-08T14:53:35:LONG
2026-04-08,14:54:15,2026-04-08,14:54:28,NIFTY,SELL,23980.4,23983.15,NIFTY13APR2624000PE,24000.0,PE,213.55,212.3,215.0,210.0,215.0,210.0,0.002344,0.001882,ws,ws,book_ladder,book_ladder,False,False,-1.45,2.3,65,-81.25,strategy_S5-10:NIFTY:2026-04-08T14:54:15:SHORT
2026-04-08,14:55:44,2026-04-08,14:56:15,NIFTY,BUY,23988.1,23990.55,NIFTY13APR2623950CE,23950.0,CE,242.35,244.0,245.0,240.0,245.0,240.0,0.000413,0.001024,ws,ws,book_ladder,book_ladder,False,False,-2.65,4.0,65,107.25,strategy_S5-10:NIFTY:2026-04-08T14:55:44:LONG
2026-04-08,14:57:04,2026-04-08,14:57:10,NIFTY,SELL,23985.5,23987.95,NIFTY13APR2624000PE,24000.0,PE,211.25,210.8,215.0,210.0,215.0,210.0,0.002607,0.001659,ws,ws,book_ladder,book_ladder,False,False,-3.75,0.8,65,-29.25,strategy_S5-10:NIFTY:2026-04-08T14:57:04:SHORT
2026-04-08,14:57:20,2026-04-08,14:57:45,NIFTY,BUY,23994.0,23990.4,NIFTY13APR2623950CE,23950.0,CE,245.0,244.2,245.0,240.0,245.0,240.0,0.00143,0.001841,ws,ws,book_ladder,book_ladder,False,False,0.0,4.2,65,-52.0,strategy_S5-10:NIFTY:2026-04-08T14:57:20:LONG
2026-04-08,14:58:46,2026-04-08,14:58:55,NIFTY,SELL,23991.4,23994.4,NIFTY13APR2624000PE,24000.0,PE,209.45,208.0,210.0,205.0,210.0,205.0,0.002151,0.002161,ws,ws,book_ladder,book_ladder,False,False,-0.55,3.0,65,-94.25,strategy_S5-10:NIFTY:2026-04-08T14:58:46:SHORT
2026-04-08,14:59:04,2026-04-08,14:59:08,NIFTY,SELL,23991.55,23994.5,NIFTY13APR2624000PE,24000.0,PE,209.85,208.1,210.0,205.0,210.0,205.0,0.001908,0.00216,ws,ws,book_ladder,book_ladder,False,False,-0.15,3.1,65,-113.75,strategy_S5-10:NIFTY:2026-04-08T14:59:04:SHORT
2026-04-08,14:59:30,2026-04-08,14:59:50,NIFTY,BUY,24000.1,24000.1,NIFTY13APR2624000CE,24000.0,CE,223.55,220.2,225.0,220.0,225.0,220.0,0.002239,0.002721,ws,ws,book_ladder,book_ladder,False,False,-1.45,0.2,65,-217.75,strategy_S5-10:NIFTY:2026-04-08T14:59:30:LONG
2026-04-08,15:00:06,2026-04-08,15:01:24,NIFTY,SELL,23998.25,23964.55,NIFTY13APR2624000PE,24000.0,PE,207.4,220.95,210.0,220.0,210.0,220.0,0.001931,0.002938,ws,ws,book_ladder,book_ladder,False,False,-2.6,0.95,65,880.75,strategy_S5-10:NIFTY:2026-04-08T15:00:06:SHORT
2026-04-08,15:01:54,2026-04-08,15:03:51,NIFTY,BUY,23968.65,23991.65,NIFTY13APR2623950CE,23950.0,CE,231.7,241.0,235.0,240.0,235.0,240.0,0.002593,0.002073,ws,ws,book_ladder,book_ladder,False,False,-3.3,1.0,65,604.5,strategy_S5-10:NIFTY:2026-04-08T15:01:54:LONG
2026-04-08,15:04:30,2026-04-08,15:04:32,NIFTY,BUY,23994.6,23991.65,NIFTY13APR2623950CE,23950.0,CE,241.2,240.75,245.0,240.0,245.0,240.0,0.002283,0.002075,ws,ws,book_ladder,book_ladder,False,False,-3.8,0.75,65,-29.25,strategy_S5-10:NIFTY:2026-04-08T15:04:30:LONG
2026-04-08,15:05:15,2026-04-08,15:06:37,NIFTY,BUY,23994.95,24008.95,NIFTY13APR2623950CE,23950.0,CE,242.25,251.0,245.0,250.0,245.0,250.0,0.002066,0.002388,ws,ws,book_ladder,book_ladder,False,False,-2.75,1.0,65,568.75,strategy_S5-10:NIFTY:2026-04-08T15:05:15:LONG
2026-04-08,15:07:41,2026-04-08,15:08:30,NIFTY,SELL,24006.4,24002.6,NIFTY13APR2624050PE,24050.0,PE,228.75,230.6,230.0,230.0,230.0,230.0,0.00175,0.001733,ws,ws,book_ladder,book_ladder,False,False,-1.25,0.6,65,120.25,strategy_S5-10:NIFTY:2026-04-08T15:07:41:SHORT
2026-04-08,15:08:52,2026-04-08,15:09:06,NIFTY,SELL,23998.55,24000.65,NIFTY13APR2624000PE,24000.0,PE,205.8,206.25,210.0,205.0,210.0,205.0,0.001946,0.002179,ws,ws,book_ladder,book_ladder,False,False,-4.2,1.25,65,29.25,strategy_S5-10:NIFTY:2026-04-08T15:08:52:SHORT
2026-04-08,15:09:10,2026-04-08,15:09:23,NIFTY,BUY,24003.75,24002.85,NIFTY13APR2624000CE,24000.0,CE,221.5,219.7,225.0,215.0,225.0,215.0,0.002034,0.002273,ws,ws,book_ladder,book_ladder,False,False,-3.5,4.7,65,-117.0,strategy_S5-10:NIFTY:2026-04-08T15:09:10:LONG
2026-04-08,15:10:16,2026-04-08,15:10:39,NIFTY,SELL,23997.15,23998.45,NIFTY13APR2624000PE,24000.0,PE,207.95,206.7,210.0,205.0,210.0,205.0,0.000962,0.00145,ws,ws,book_ladder,book_ladder,False,False,-2.05,1.7,65,-81.25,strategy_S5-10:NIFTY:2026-04-08T15:10:16:SHORT
2026-04-08,15:10:40,2026-04-08,15:11:19,NIFTY,BUY,24000.8,24004.6,NIFTY13APR2624000CE,24000.0,CE,221.6,220.35,225.0,220.0,225.0,220.0,0.000677,0.00204,ws,ws,book_ladder,book_ladder,False,False,-3.4,0.35,65,-81.25,strategy_S5-10:NIFTY:2026-04-08T15:10:40:LONG
2026-04-08,15:11:34,2026-04-08,15:11:50,NIFTY,SELL,23999.95,24002.1,NIFTY13APR2624000PE,24000.0,PE,208.5,207.0,210.0,205.0,210.0,205.0,0.00168,0.000724,ws,ws,book_ladder,book_ladder,False,False,-1.5,2.0,65,-97.5,strategy_S5-10:NIFTY:2026-04-08T15:11:34:SHORT
2026-04-08,15:12:11,2026-04-08,15:12:31,NIFTY,SELL,23998.35,23999.85,NIFTY13APR2624000PE,24000.0,PE,208.95,208.3,210.0,205.0,210.0,205.0,0.001676,0.001679,ws,ws,book_ladder,book_ladder,False,False,-1.05,3.3,65,-42.25,strategy_S5-10:NIFTY:2026-04-08T15:12:11:SHORT
2026-04-08,15:13:03,2026-04-08,15:13:37,NIFTY,BUY,24003.75,24002.6,NIFTY13APR2624000CE,24000.0,CE,219.7,218.25,220.0,215.0,220.0,215.0,0.000911,0.002288,ws,ws,book_ladder,book_ladder,False,False,-0.3,3.25,65,-94.25,strategy_S5-10:NIFTY:2026-04-08T15:13:03:LONG
2026-04-08,15:13:41,2026-04-08,15:14:15,NIFTY,SELL,24000.15,23995.75,NIFTY13APR2624050PE,24050.0,PE,233.25,236.3,235.0,235.0,235.0,235.0,0.002361,0.002325,ws,ws,book_ladder,book_ladder,False,False,-1.75,1.3,65,198.25,strategy_S5-10:NIFTY:2026-04-08T15:13:41:SHORT
2026-04-08,15:14:37,2026-04-08,15:14:55,NIFTY,SELL,23991.05,23992.5,NIFTY13APR2624000PE,24000.0,PE,214.5,211.2,215.0,210.0,215.0,210.0,0.002334,0.001183,ws,ws,book_ladder,book_ladder,False,False,-0.5,1.2,65,-214.5,strategy_S5-10:NIFTY:2026-04-08T15:14:37:SHORT
2026-04-08,15:15:00,2026-04-08,15:15:21,NIFTY,BUY,23998.1,23989.95,NIFTY13APR2623950CE,23950.0,CE,243.9,239.25,245.0,235.0,245.0,235.0,0.002052,0.000627,ws,ws,book_ladder,book_ladder,False,False,-1.1,4.25,65,-302.25,strategy_S5-10:NIFTY:2026-04-08T15:15:00:LONG
2026-04-08,15:16:09,2026-04-08,15:16:41,NIFTY,BUY,23989.9,23988.65,NIFTY13APR2623950CE,23950.0,CE,240.8,242.0,245.0,240.0,245.0,240.0,0.001871,0.00227,ws,ws,book_ladder,book_ladder,False,False,-4.2,2.0,65,78.0,strategy_S5-10:NIFTY:2026-04-08T15:16:09:LONG
2026-04-08,15:17:01,2026-04-08,15:18:04,NIFTY,BUY,23992.2,23991.8,NIFTY13APR2623950CE,23950.0,CE,242.9,242.85,245.0,240.0,245.0,240.0,0.002267,0.000617,ws,ws,book_ladder,book_ladder,False,False,-2.1,2.85,65,-3.25,strategy_S5-10:NIFTY:2026-04-08T15:17:01:LONG
2026-04-08,15:18:37,2026-04-08,15:19:01,NIFTY,SELL,23990.9,23994.75,NIFTY13APR2624000PE,24000.0,PE,212.2,212.35,215.0,210.0,215.0,210.0,0.001651,0.000706,ws,ws,book_ladder,book_ladder,False,False,-2.8,2.35,65,9.75,strategy_S5-10:NIFTY:2026-04-08T15:18:37:SHORT
2026-04-08,15:19:58,2026-04-08,15:20:39,NIFTY,SELL,23991.05,23997.1,NIFTY13APR2624000PE,24000.0,PE,209.85,210.0,210.0,210.0,210.0,210.0,0.001431,0.002141,ws,ws,book_ladder,book_ladder,False,False,-0.15,0.0,65,9.75,strategy_S5-10:NIFTY:2026-04-08T15:19:58:SHORT
2026-04-08,15:20:42,2026-04-08,15:21:25,NIFTY,BUY,23997.55,23995.8,NIFTY13APR2623950CE,23950.0,CE,245.7,245.0,250.0,245.0,250.0,245.0,0.001426,0.001428,ws,ws,book_ladder,book_ladder,False,False,-4.3,0.0,65,-45.5,strategy_S5-10:NIFTY:2026-04-08T15:20:42:LONG
2026-04-08,15:21:35,2026-04-08,15:22:00,NIFTY,SELL,23993.6,23993.2,NIFTY13APR2624000PE,24000.0,PE,211.45,212.85,215.0,210.0,215.0,210.0,0.001657,0.00047,ws,ws,book_ladder,book_ladder,False,False,-3.55,2.85,65,91.0,strategy_S5-10:NIFTY:2026-04-08T15:21:35:SHORT
2026-04-08,15:22:11,2026-04-08,15:23:25,NIFTY,BUY,23999.15,24000.3,NIFTY13APR2623950CE,23950.0,CE,241.3,244.2,245.0,240.0,245.0,240.0,0.002282,0.000819,ws,ws,book_ladder,book_ladder,False,False,-3.7,4.2,65,188.5,strategy_S5-10:NIFTY:2026-04-08T15:22:11:LONG
2026-04-08,15:23:53,2026-04-08,15:24:04,NIFTY,BUY,24003.4,24000.5,NIFTY13APR2624000CE,24000.0,CE,216.65,216.8,220.0,215.0,220.0,215.0,0.002542,0.000692,ws,ws,book_ladder,book_ladder,False,False,-3.35,1.8,65,9.75,strategy_S5-10:NIFTY:2026-04-08T15:23:53:LONG
2026-04-08,15:24:31,2026-04-08,15:24:43,NIFTY,BUY,24003.55,24000.35,NIFTY13APR2624000CE,24000.0,CE,216.0,215.75,220.0,215.0,220.0,215.0,0.00139,0.002315,ws,ws,book_ladder,book_ladder,False,False,-4.0,0.75,65,-16.25,strategy_S5-10:NIFTY:2026-04-08T15:24:31:LONG
2026-04-08,15:25:00,2026-04-08,15:25:34,NIFTY,BUY,24006.1,24002.3,NIFTY13APR2624000CE,24000.0,CE,216.9,217.1,220.0,215.0,220.0,215.0,0.001846,0.00253,ws,ws,book_ladder,book_ladder,False,False,-3.1,2.1,65,13.0,strategy_S5-10:NIFTY:2026-04-08T15:25:00:LONG
2026-04-10,09:18:11,2026-04-10,09:18:21,NIFTY,BUY,23954.1,23950.95,NIFTY13APR2623950CE,23950.0,CE,159.6,157.7,160.0,155.0,160.0,155.0,0.002824,0.002849,ws,ws,book_ladder,book_ladder,False,False,-0.4,2.7,65,-123.5,strategy_S5-10:NIFTY:2026-04-10T09:18:11:LONG
2026-04-10,09:18:44,2026-04-10,09:19:15,NIFTY,SELL,23948.3,23948.45,NIFTY13APR2623950PE,23950.0,PE,164.2,163.15,165.0,160.0,165.0,160.0,0.002439,0.001837,ws,ws,book_ladder,book_ladder,False,False,-0.8,3.15,65,-68.25,strategy_S5-10:NIFTY:2026-04-10T09:18:44:SHORT
2026-04-10,09:19:20,2026-04-10,09:20:23,NIFTY,BUY,23952.15,23966.75,NIFTY13APR2623950CE,23950.0,CE,157.8,160.9,160.0,160.0,160.0,160.0,0.00222,0.002483,ws,ws,book_ladder,book_ladder,False,False,-2.2,0.9,65,201.5,strategy_S5-10:NIFTY:2026-04-10T09:19:20:LONG
2026-04-10,09:20:37,2026-04-10,09:20:57,NIFTY,SELL,23958.1,23961.4,NIFTY13APR2624000PE,24000.0,PE,184.0,181.05,185.0,180.0,185.0,180.0,0.001088,0.001931,ws,ws,book_ladder,book_ladder,False,False,-1.0,1.05,65,-191.75,strategy_S5-10:NIFTY:2026-04-10T09:20:37:SHORT
2026-04-10,09:21:00,2026-04-10,09:21:25,NIFTY,BUY,23964.2,23958.45,NIFTY13APR2623950CE,23950.0,CE,163.85,160.25,165.0,160.0,165.0,160.0,0.002444,0.001559,ws,ws,book_ladder,book_ladder,False,False,-1.15,0.25,65,-234.0,strategy_S5-10:NIFTY:2026-04-10T09:21:00:LONG
2026-04-10,09:21:54,2026-04-10,09:23:00,NIFTY,SELL,23954.7,23951.8,NIFTY13APR2624000PE,24000.0,PE,184.2,183.6,185.0,180.0,185.0,180.0,0.002446,0.002176,ws,ws,book_ladder,book_ladder,False,False,-0.8,3.6,65,-39.0,strategy_S5-10:NIFTY:2026-04-10T09:21:54:SHORT
2026-04-10,09:23:33,2026-04-10,09:25:00,NIFTY,SELL,23940.9,23922.8,NIFTY13APR2623950PE,23950.0,PE,162.25,169.85,165.0,165.0,165.0,165.0,0.002468,0.000883,ws,ws,book_ladder,book_ladder,False,False,-2.75,4.85,65,494.0,strategy_S5-10:NIFTY:2026-04-10T09:23:33:SHORT
2026-04-10,09:25:23,2026-04-10,09:26:04,NIFTY,BUY,23930.05,23937.3,NIFTY13APR2623900CE,23900.0,CE,181.7,185.35,185.0,185.0,185.0,185.0,0.001652,0.002694,ws,ws,book_ladder,book_ladder,False,False,-3.3,0.35,65,237.25,strategy_S5-10:NIFTY:2026-04-10T09:25:23:LONG
2026-04-10,09:26:11,2026-04-10,09:27:40,NIFTY,SELL,23927.8,23908.35,NIFTY13APR2623950PE,23950.0,PE,166.25,181.35,170.0,180.0,170.0,180.0,0.00271,0.002203,ws,ws,book_ladder,book_ladder,False,False,-3.75,1.35,65,981.5,strategy_S5-10:NIFTY:2026-04-10T09:26:11:SHORT
2026-04-10,09:28:00,2026-04-10,09:28:12,NIFTY,BUY,23913.8,23907.2,NIFTY13APR2623900CE,23900.0,CE,174.1,172.55,175.0,170.0,175.0,170.0,0.001725,0.002605,ws,ws,book_ladder,book_ladder,False,False,-0.9,2.55,65,-100.75,strategy_S5-10:NIFTY:2026-04-10T09:28:00:LONG
2026-04-10,09:28:28,2026-04-10,09:29:07,NIFTY,BUY,23914.25,23923.4,NIFTY13APR2623900CE,23900.0,CE,175.65,178.65,180.0,175.0,180.0,175.0,0.00228,0.001678,ws,ws,book_ladder,book_ladder,False,False,-4.35,3.65,65,195.0,strategy_S5-10:NIFTY:2026-04-10T09:28:28:LONG
2026-04-10,09:29:26,2026-04-10,09:30:53,NIFTY,BUY,23928.35,23942.45,NIFTY13APR2623900CE,23900.0,CE,182.2,185.4,185.0,185.0,185.0,185.0,0.002473,0.002693,ws,ws,book_ladder,book_ladder,False,False,-2.8,0.4,65,208.0,strategy_S5-10:NIFTY:2026-04-10T09:29:26:LONG
2026-04-10,09:31:00,2026-04-10,09:31:22,NIFTY,BUY,23949.65,23944.35,NIFTY13APR2623900CE,23900.0,CE,187.4,184.0,190.0,180.0,190.0,180.0,0.002404,0.0019,ws,ws,book_ladder,book_ladder,False,False,-2.6,4.0,65,-221.0,strategy_S5-10:NIFTY:2026-04-10T09:31:00:LONG
2026-04-10,09:32:02,2026-04-10,09:32:25,NIFTY,SELL,23934.35,23937.3,NIFTY13APR2623950PE,23950.0,PE,170.9,167.25,175.0,165.0,175.0,165.0,0.002637,0.000299,ws,ws,book_ladder,book_ladder,False,False,-4.1,2.25,65,-237.25,strategy_S5-10:NIFTY:2026-04-10T09:32:02:SHORT
2026-04-10,09:32:38,2026-04-10,09:33:44,NIFTY,BUY,23939.45,23953.55,NIFTY13APR2623900CE,23900.0,CE,183.7,191.55,185.0,190.0,185.0,190.0,0.002726,0.002346,ws,ws,book_ladder,book_ladder,False,False,-1.3,1.55,65,510.25,strategy_S5-10:NIFTY:2026-04-10T09:32:38:LONG
2026-04-10,09:34:15,2026-04-10,09:34:29,NIFTY,BUY,23955.5,23953.0,NIFTY13APR2623950CE,23950.0,CE,164.1,161.3,165.0,160.0,165.0,160.0,0.002135,0.002477,ws,ws,book_ladder,book_ladder,False,False,-0.9,1.3,65,-182.0,strategy_S5-10:NIFTY:2026-04-10T09:34:15:LONG
2026-04-10,09:34:45,2026-04-10,09:36:13,NIFTY,SELL,23951.5,23928.55,NIFTY13APR2624000PE,24000.0,PE,185.4,194.2,190.0,190.0,190.0,190.0,0.00243,0.002571,ws,ws,book_ladder,book_ladder,False,False,-4.6,4.2,65,572.0,strategy_S5-10:NIFTY:2026-04-10T09:34:45:SHORT
2026-04-10,09:36:37,2026-04-10,09:36:52,NIFTY,SELL,23922.75,23930.0,NIFTY13APR2623950PE,23950.0,PE,173.9,170.0,175.0,170.0,175.0,170.0,0.001151,0.00235,ws,ws,book_ladder,book_ladder,False,False,-1.1,0.0,65,-253.5,strategy_S5-10:NIFTY:2026-04-10T09:36:37:SHORT
2026-04-10,09:37:11,2026-04-10,09:38:35,NIFTY,BUY,23929.75,23937.0,NIFTY13APR2623900CE,23900.0,CE,180.5,181.6,185.0,180.0,185.0,180.0,0.001663,0.0022,ws,ws,book_ladder,book_ladder,False,False,-4.5,1.6,65,71.5,strategy_S5-10:NIFTY:2026-04-10T09:37:11:LONG
2026-04-10,09:39:10,2026-04-10,09:39:18,NIFTY,SELL,23927.4,23931.6,NIFTY13APR2623950PE,23950.0,PE,170.5,166.5,175.0,165.0,175.0,165.0,0.002349,0.0018,ws,ws,book_ladder,book_ladder,False,False,-4.5,1.5,65,-260.0,strategy_S5-10:NIFTY:2026-04-10T09:39:10:SHORT
2026-04-10,09:39:29,2026-04-10,09:39:58,NIFTY,BUY,23936.35,23937.2,NIFTY13APR2623900CE,23900.0,CE,183.0,183.05,185.0,180.0,185.0,180.0,0.002188,0.002728,ws,ws,book_ladder,book_ladder,False,False,-2.0,3.05,65,3.25,strategy_S5-10:NIFTY:2026-04-10T09:39:29:LONG
2026-04-10,09:40:11,2026-04-10,09:40:50,NIFTY,BUY,23940.95,23939.8,NIFTY13APR2623900CE,23900.0,CE,184.4,181.8,185.0,180.0,185.0,180.0,0.001357,0.002746,ws,ws,book_ladder,book_ladder,False,False,-0.6,1.8,65,-169.0,strategy_S5-10:NIFTY:2026-04-10T09:40:11:LONG
2026-04-10,09:41:10,2026-04-10,09:41:23,NIFTY,BUY,23943.85,23942.35,NIFTY13APR2623900CE,23900.0,CE,183.8,183.25,185.0,180.0,185.0,180.0,0.002451,0.00218,ws,ws,book_ladder,book_ladder,False,False,-1.2,3.25,65,-35.75,strategy_S5-10:NIFTY:2026-04-10T09:41:10:LONG
2026-04-10,09:41:31,2026-04-10,09:42:03,NIFTY,SELL,23937.4,23944.25,NIFTY13APR2623950PE,23950.0,PE,165.4,161.2,170.0,160.0,170.0,160.0,0.002421,0.00093,ws,ws,book_ladder,book_ladder,False,False,-4.6,1.2,65,-273.0,strategy_S5-10:NIFTY:2026-04-10T09:41:31:SHORT
2026-04-10,09:42:10,2026-04-10,09:42:52,NIFTY,BUY,23945.95,23943.8,NIFTY13APR2623900CE,23900.0,CE,184.8,184.6,185.0,180.0,185.0,180.0,0.002438,0.001083,ws,ws,book_ladder,book_ladder,False,False,-0.2,4.6,65,-13.0,strategy_S5-10:NIFTY:2026-04-10T09:42:10:LONG
2026-04-10,09:43:04,2026-04-10,09:43:27,NIFTY,BUY,23955.6,23953.45,NIFTY13APR2623950CE,23950.0,CE,161.9,161.05,165.0,160.0,165.0,160.0,0.002164,0.002481,ws,ws,book_ladder,book_ladder,False,False,-3.1,1.05,65,-55.25,strategy_S5-10:NIFTY:2026-04-10T09:43:04:LONG
2026-04-10,09:44:05,2026-04-10,09:44:33,NIFTY,SELL,23952.4,23951.7,NIFTY13APR2624000PE,24000.0,PE,181.85,183.95,185.0,180.0,185.0,180.0,0.002478,0.002443,ws,ws,book_ladder,book_ladder,False,False,-3.15,3.95,65,136.5,strategy_S5-10:NIFTY:2026-04-10T09:44:05:SHORT
2026-04-10,09:44:43,2026-04-10,09:45:00,NIFTY,SELL,23947.35,23951.45,NIFTY13APR2623950PE,23950.0,PE,160.85,158.9,165.0,155.0,165.0,155.0,0.002802,0.0022,ws,ws,book_ladder,book_ladder,False,False,-4.15,3.9,65,-126.75,strategy_S5-10:NIFTY:2026-04-10T09:44:43:SHORT
2026-04-10,09:45:20,2026-04-10,09:45:53,NIFTY,SELL,23946.1,23948.5,NIFTY13APR2623950PE,23950.0,PE,159.3,158.1,160.0,155.0,160.0,155.0,0.002514,0.002211,ws,ws,book_ladder,book_ladder,False,False,-0.7,3.1,65,-78.0,strategy_S5-10:NIFTY:2026-04-10T09:45:20:SHORT
2026-04-10,09:46:00,2026-04-10,09:48:09,NIFTY,BUY,23953.4,23980.3,NIFTY13APR2623950CE,23950.0,CE,160.85,172.0,165.0,170.0,165.0,170.0,0.000933,0.002323,ws,ws,book_ladder,book_ladder,False,False,-4.15,2.0,65,724.75,strategy_S5-10:NIFTY:2026-04-10T09:46:00:LONG
2026-04-10,09:48:20,2026-04-10,09:48:42,NIFTY,BUY,23983.8,23987.75,NIFTY13APR2623950CE,23950.0,CE,174.85,175.7,175.0,175.0,175.0,175.0,0.001144,0.002842,ws,ws,book_ladder,book_ladder,False,False,-0.15,0.7,65,55.25,strategy_S5-10:NIFTY:2026-04-10T09:48:20:LONG
2026-04-10,09:48:56,2026-04-10,09:49:30,NIFTY,SELL,23981.3,23971.35,NIFTY13APR2624000PE,24000.0,PE,166.5,170.0,170.0,170.0,170.0,170.0,0.002405,0.002057,ws,ws,book_ladder,book_ladder,False,False,-3.5,0.0,65,227.5,strategy_S5-10:NIFTY:2026-04-10T09:48:56:SHORT
2026-04-10,09:50:03,2026-04-10,09:51:08,NIFTY,BUY,23977.7,23979.15,NIFTY13APR2623950CE,23950.0,CE,171.7,171.8,175.0,170.0,175.0,170.0,0.001749,0.001163,ws,ws,book_ladder,book_ladder,False,False,-3.3,1.8,65,6.5,strategy_S5-10:NIFTY:2026-04-10T09:50:03:LONG
2026-04-10,09:51:14,2026-04-10,09:51:46,NIFTY,SELL,23977.45,23977.45,NIFTY13APR2624000PE,24000.0,PE,168.6,167.0,170.0,165.0,170.0,165.0,0.002673,0.001496,ws,ws,book_ladder,book_ladder,False,False,-1.4,2.0,65,-104.0,strategy_S5-10:NIFTY:2026-04-10T09:51:14:SHORT
2026-04-10,09:51:52,2026-04-10,09:52:07,NIFTY,BUY,23980.35,23973.4,NIFTY13APR2623950CE,23950.0,CE,171.8,168.15,175.0,165.0,175.0,165.0,0.002331,0.002079,ws,ws,book_ladder,book_ladder,False,False,-3.2,3.15,65,-237.25,strategy_S5-10:NIFTY:2026-04-10T09:51:52:LONG
2026-04-10,09:52:26,2026-04-10,09:52:45,NIFTY,SELL,23971.25,23976.55,NIFTY13APR2624000PE,24000.0,PE,168.95,167.4,170.0,165.0,170.0,165.0,0.002074,0.002089,ws,ws,book_ladder,book_ladder,False,False,-1.05,2.4,65,-100.75,strategy_S5-10:NIFTY:2026-04-10T09:52:26:SHORT
2026-04-10,09:52:59,2026-04-10,09:53:17,NIFTY,BUY,23978.3,23978.25,NIFTY13APR2623950CE,23950.0,CE,171.1,170.7,175.0,170.0,175.0,170.0,0.000877,0.002341,ws,ws,book_ladder,book_ladder,False,False,-3.9,0.7,65,-26.0,strategy_S5-10:NIFTY:2026-04-10T09:52:59:LONG
2026-04-10,09:53:30,2026-04-10,09:53:42,NIFTY,BUY,23980.45,23978.8,NIFTY13APR2623950CE,23950.0,CE,172.0,172.65,175.0,170.0,175.0,170.0,0.002328,0.002025,ws,ws,book_ladder,book_ladder,False,False,-3.0,2.65,65,42.25,strategy_S5-10:NIFTY:2026-04-10T09:53:30:LONG
2026-04-10,09:53:55,2026-04-10,09:54:25,NIFTY,BUY,23982.0,23985.25,NIFTY13APR2623950CE,23950.0,CE,173.35,174.0,175.0,170.0,175.0,170.0,0.002021,0.002296,ws,ws,book_ladder,book_ladder,False,False,-1.65,4.0,65,42.25,strategy_S5-10:NIFTY:2026-04-10T09:53:55:LONG
2026-04-10,09:55:00,2026-04-10,09:55:27,NIFTY,BUY,23988.85,23988.75,NIFTY13APR2623950CE,23950.0,CE,177.25,176.0,180.0,175.0,180.0,175.0,0.002259,0.00227,ws,ws,book_ladder,book_ladder,False,False,-2.75,1.0,65,-81.25,strategy_S5-10:NIFTY:2026-04-10T09:55:00:LONG
2026-04-10,09:55:37,2026-04-10,09:56:15,NIFTY,SELL,23984.25,23983.85,NIFTY13APR2624000PE,24000.0,PE,163.25,163.0,165.0,160.0,165.0,160.0,0.001533,0.000613,ws,ws,book_ladder,book_ladder,False,False,-1.75,3.0,65,-16.25,strategy_S5-10:NIFTY:2026-04-10T09:55:37:SHORT
2026-04-10,09:56:36,2026-04-10,09:57:54,NIFTY,BUY,23985.55,23988.0,NIFTY13APR2623950CE,23950.0,CE,176.3,178.6,180.0,175.0,180.0,175.0,0.002556,0.002237,ws,ws,book_ladder,book_ladder,False,False,-3.7,3.6,65,149.5,strategy_S5-10:NIFTY:2026-04-10T09:56:36:LONG
2026-04-10,09:58:07,2026-04-10,09:58:45,NIFTY,BUY,23992.05,23994.2,NIFTY13APR2623950CE,23950.0,CE,179.6,177.95,180.0,175.0,180.0,175.0,0.002509,0.001965,ws,ws,book_ladder,book_ladder,False,False,-0.4,2.95,65,-107.25,strategy_S5-10:NIFTY:2026-04-10T09:58:07:LONG
2026-04-10,09:59:40,2026-04-10,10:00:00,NIFTY,SELL,23990.25,23990.85,NIFTY13APR2624000PE,24000.0,PE,161.8,162.4,165.0,160.0,165.0,160.0,0.002475,0.003074,ws,ws,book_ladder,book_ladder,False,False,-3.2,2.4,65,39.0,strategy_S5-10:NIFTY:2026-04-10T09:59:40:SHORT
2026-04-10,10:00:25,2026-04-10,10:01:01,NIFTY,BUY,23996.05,23995.2,NIFTY13APR2623950CE,23950.0,CE,178.85,178.6,180.0,175.0,180.0,175.0,0.001399,0.002516,ws,ws,book_ladder,book_ladder,False,False,-1.15,3.6,65,-16.25,strategy_S5-10:NIFTY:2026-04-10T10:00:25:LONG
2026-04-10,10:01:24,2026-04-10,10:01:43,NIFTY,SELL,23993.2,23994.75,NIFTY13APR2624000PE,24000.0,PE,160.5,158.8,165.0,155.0,165.0,155.0,0.002183,0.001573,ws,ws,book_ladder,book_ladder,False,False,-4.5,3.8,65,-110.5,strategy_S5-10:NIFTY:2026-04-10T10:01:24:SHORT
2026-04-10,10:01:50,2026-04-10,10:02:10,NIFTY,BUY,23999.35,23992.85,NIFTY13APR2623950CE,23950.0,CE,181.55,179.95,185.0,180.0,185.0,175.0,0.002482,0.002498,ws,ws,book_ladder,book_ladder,False,True,-3.45,-0.05,65,-104.0,strategy_S5-10:NIFTY:2026-04-10T10:01:50:LONG
2026-04-10,10:02:33,2026-04-10,10:03:00,NIFTY,SELL,23992.5,23988.25,NIFTY13APR2624000PE,24000.0,PE,159.85,163.5,160.0,160.0,160.0,160.0,0.002505,0.002443,ws,ws,book_ladder,book_ladder,False,False,-0.15,3.5,65,237.25,strategy_S5-10:NIFTY:2026-04-10T10:02:33:SHORT
2026-04-10,10:04:00,2026-04-10,10:05:00,NIFTY,SELL,23982.35,23973.95,NIFTY13APR2624000PE,24000.0,PE,167.0,168.6,170.0,165.0,170.0,165.0,0.001198,0.00237,ws,ws,book_ladder,book_ladder,False,False,-3.0,3.6,65,104.0,strategy_S5-10:NIFTY:2026-04-10T10:04:00:SHORT
2026-04-10,10:05:10,2026-04-10,10:05:30,NIFTY,SELL,23958.0,23955.5,NIFTY13APR2624000PE,24000.0,PE,175.0,175.45,175.0,175.0,175.0,175.0,0.001716,0.002277,ws,ws,book_ladder,book_ladder,False,False,0.0,0.45,65,29.25,strategy_S5-10:NIFTY:2026-04-10T10:05:10:SHORT
2026-04-10,10:05:41,2026-04-10,10:06:03,NIFTY,SELL,23940.3,23934.2,NIFTY13APR2623950PE,23950.0,PE,152.4,157.5,155.0,155.0,155.0,155.0,0.002628,0.00222,ws,ws,book_ladder,book_ladder,False,False,-2.6,2.5,65,331.5,strategy_S5-10:NIFTY:2026-04-10T10:05:41:SHORT
2026-04-10,10:06:21,2026-04-10,10:06:55,NIFTY,BUY,23948.5,23941.2,NIFTY13APR2623900CE,23900.0,CE,185.4,182.0,190.0,180.0,190.0,180.0,0.00216,0.002195,ws,ws,book_ladder,book_ladder,False,False,-4.6,2.0,65,-221.0,strategy_S5-10:NIFTY:2026-04-10T10:06:21:LONG
2026-04-10,10:07:00,2026-04-10,10:07:30,NIFTY,SELL,23937.4,23940.45,NIFTY13APR2623950PE,23950.0,PE,158.8,158.8,160.0,155.0,160.0,155.0,0.002522,0.001259,ws,ws,book_ladder,book_ladder,False,False,-1.2,3.8,65,0.0,strategy_S5-10:NIFTY:2026-04-10T10:07:00:SHORT
2026-04-10,10:07:50,2026-04-10,10:07:55,NIFTY,BUY,23942.8,23938.75,NIFTY13APR2623900CE,23900.0,CE,182.2,180.6,185.0,180.0,185.0,180.0,0.001648,0.002212,ws,ws,book_ladder,book_ladder,False,False,-2.8,0.6,65,-104.0,strategy_S5-10:NIFTY:2026-04-10T10:07:50:LONG
2026-04-10,10:08:10,2026-04-10,10:08:22,NIFTY,SELL,23934.75,23942.3,NIFTY13APR2623950PE,23950.0,PE,161.05,157.25,165.0,155.0,165.0,155.0,0.001865,0.001906,ws,ws,book_ladder,book_ladder,False,False,-3.95,2.25,65,-247.0,strategy_S5-10:NIFTY:2026-04-10T10:08:10:SHORT
2026-04-10,10:08:30,2026-04-10,10:10:11,NIFTY,BUY,23946.45,23960.05,NIFTY13APR2623900CE,23900.0,CE,183.0,188.55,185.0,185.0,185.0,185.0,0.002188,0.002913,ws,ws,book_ladder,book_ladder,False,False,-2.0,3.55,65,360.75,strategy_S5-10:NIFTY:2026-04-10T10:08:30:LONG
2026-04-10,10:10:21,2026-04-10,10:10:53,NIFTY,BUY,23963.3,23972.45,NIFTY13APR2623950CE,23950.0,CE,160.7,165.05,165.0,165.0,165.0,165.0,0.002492,0.002421,ws,ws,book_ladder,book_ladder,False,False,-4.3,0.05,65,282.75,strategy_S5-10:NIFTY:2026-04-10T10:10:21:LONG
2026-04-10,10:11:00,2026-04-10,10:11:08,NIFTY,BUY,23975.0,23972.3,NIFTY13APR2623950CE,23950.0,CE,166.4,164.9,170.0,165.0,170.0,160.0,0.002708,0.002423,ws,ws,book_ladder,book_ladder,False,True,-3.6,-0.1,65,-97.5,strategy_S5-10:NIFTY:2026-04-10T10:11:00:LONG
2026-04-10,10:11:15,2026-04-10,10:11:55,NIFTY,BUY,23977.15,23974.45,NIFTY13APR2623950CE,23950.0,CE,166.5,165.65,170.0,165.0,170.0,165.0,0.002104,0.001809,ws,ws,book_ladder,book_ladder,False,False,-3.5,0.65,65,-55.25,strategy_S5-10:NIFTY:2026-04-10T10:11:15:LONG
2026-04-10,10:12:02,2026-04-10,10:13:50,NIFTY,BUY,23978.8,23991.9,NIFTY13APR2623950CE,23950.0,CE,166.8,175.15,170.0,175.0,170.0,175.0,0.002401,0.002566,ws,ws,book_ladder,book_ladder,False,False,-3.2,0.15,65,542.75,strategy_S5-10:NIFTY:2026-04-10T10:12:02:LONG
2026-04-10,10:14:00,2026-04-10,10:14:04,NIFTY,BUY,23995.9,23990.45,NIFTY13APR2623950CE,23950.0,CE,175.85,173.25,180.0,170.0,180.0,170.0,0.001992,0.002018,ws,ws,book_ladder,book_ladder,False,False,-4.15,3.25,65,-169.0,strategy_S5-10:NIFTY:2026-04-10T10:14:00:LONG
2026-04-10,10:14:11,2026-04-10,10:14:51,NIFTY,SELL,23989.8,23994.25,NIFTY13APR2624000PE,24000.0,PE,161.05,158.0,165.0,155.0,165.0,155.0,0.001865,0.001897,ws,ws,book_ladder,book_ladder,False,False,-3.95,3.0,65,-198.25,strategy_S5-10:NIFTY:2026-04-10T10:14:11:SHORT
2026-04-10,10:15:00,2026-04-10,10:16:07,NIFTY,BUY,23998.75,24004.9,NIFTY13APR2623950CE,23950.0,CE,180.8,182.75,185.0,180.0,185.0,180.0,0.002215,0.002459,ws,ws,book_ladder,book_ladder,False,False,-4.2,2.75,65,126.75,strategy_S5-10:NIFTY:2026-04-10T10:15:00:LONG
2026-04-10,10:16:30,2026-04-10,10:17:22,NIFTY,BUY,24008.0,24012.65,NIFTY13APR2624000CE,24000.0,CE,157.6,157.85,160.0,155.0,160.0,155.0,0.001905,0.001583,ws,ws,book_ladder,book_ladder,False,False,-2.4,2.85,65,16.25,strategy_S5-10:NIFTY:2026-04-10T10:16:30:LONG
2026-04-10,10:18:00,2026-04-10,10:18:43,NIFTY,BUY,24011.5,24009.75,NIFTY13APR2624000CE,24000.0,CE,160.0,157.1,160.0,155.0,160.0,155.0,0.002503,0.002543,ws,ws,book_ladder,book_ladder,False,False,0.0,2.1,65,-188.5,strategy_S5-10:NIFTY:2026-04-10T10:18:00:LONG
2026-04-10,10:19:00,2026-04-10,10:19:19,NIFTY,BUY,24014.05,24011.25,NIFTY13APR2624000CE,24000.0,CE,159.65,157.8,160.0,155.0,160.0,155.0,0.002509,0.002216,ws,ws,book_ladder,book_ladder,False,False,-0.35,2.8,65,-120.25,strategy_S5-10:NIFTY:2026-04-10T10:19:00:LONG
2026-04-10,10:19:27,2026-04-10,10:19:41,NIFTY,BUY,24014.15,24012.05,NIFTY13APR2624000CE,24000.0,CE,161.2,158.85,165.0,155.0,165.0,155.0,0.001241,0.002515,ws,ws,book_ladder,book_ladder,False,False,-3.8,3.85,65,-152.75,strategy_S5-10:NIFTY:2026-04-10T10:19:27:LONG
2026-04-10,10:20:00,2026-04-10,10:20:51,NIFTY,BUY,24016.95,24016.95,NIFTY13APR2624000CE,24000.0,CE,161.0,161.75,165.0,160.0,165.0,160.0,0.001554,0.002161,ws,ws,book_ladder,book_ladder,False,False,-4.0,1.75,65,48.75,strategy_S5-10:NIFTY:2026-04-10T10:20:00:LONG
2026-04-10,10:21:23,2026-04-10,10:21:38,NIFTY,BUY,24021.4,24019.05,NIFTY13APR2624000CE,24000.0,CE,164.65,162.45,165.0,160.0,165.0,160.0,0.001824,0.002459,ws,ws,book_ladder,book_ladder,False,False,-0.35,2.45,65,-143.0,strategy_S5-10:NIFTY:2026-04-10T10:21:23:LONG
2026-04-10,10:21:54,2026-04-10,10:22:01,NIFTY,SELL,24016.45,24019.4,NIFTY13APR2624050PE,24050.0,PE,169.7,167.4,170.0,165.0,170.0,165.0,0.001179,0.000896,ws,ws,book_ladder,book_ladder,False,False,-0.3,2.4,65,-149.5,strategy_S5-10:NIFTY:2026-04-10T10:21:54:SHORT
2026-04-10,10:22:43,2026-04-10,10:23:30,NIFTY,SELL,24017.7,24016.75,NIFTY13APR2624050PE,24050.0,PE,167.75,169.3,170.0,165.0,170.0,165.0,0.002089,0.002654,ws,ws,book_ladder,book_ladder,False,False,-2.25,4.3,65,100.75,strategy_S5-10:NIFTY:2026-04-10T10:22:43:SHORT
2026-04-10,10:23:46,2026-04-10,10:24:06,NIFTY,BUY,24018.55,24016.65,NIFTY13APR2624000CE,24000.0,CE,163.35,162.25,165.0,160.0,165.0,160.0,0.002145,0.002462,ws,ws,book_ladder,book_ladder,False,False,-1.65,2.25,65,-71.5,strategy_S5-10:NIFTY:2026-04-10T10:23:46:LONG
2026-04-10,10:24:11,2026-04-10,10:24:15,NIFTY,SELL,24015.6,24018.1,NIFTY13APR2624050PE,24050.0,PE,167.0,166.4,170.0,165.0,170.0,165.0,0.002398,0.002401,ws,ws,book_ladder,book_ladder,False,False,-3.0,1.4,65,-39.0,strategy_S5-10:NIFTY:2026-04-10T10:24:11:SHORT
2026-04-10,10:24:30,2026-04-10,10:24:36,NIFTY,BUY,24021.1,24017.55,NIFTY13APR2624000CE,24000.0,CE,163.85,162.85,165.0,160.0,165.0,160.0,0.002444,0.002147,ws,ws,book_ladder,book_ladder,False,False,-1.15,2.85,65,-65.0,strategy_S5-10:NIFTY:2026-04-10T10:24:30:LONG
2026-04-10,10:24:55,2026-04-10,10:26:15,NIFTY,BUY,24020.35,24031.4,NIFTY13APR2624000CE,24000.0,CE,164.55,167.85,165.0,165.0,165.0,165.0,0.002434,0.00238,ws,ws,book_ladder,book_ladder,False,False,-0.45,2.85,65,214.5,strategy_S5-10:NIFTY:2026-04-10T10:24:55:LONG
2026-04-10,10:26:20,2026-04-10,10:26:40,NIFTY,BUY,24035.0,24032.55,NIFTY13APR2624000CE,24000.0,CE,169.8,170.1,170.0,170.0,170.0,170.0,0.002358,0.002349,ws,ws,book_ladder,book_ladder,False,False,-0.2,0.1,65,19.5,strategy_S5-10:NIFTY:2026-04-10T10:26:20:LONG
2026-04-10,10:26:51,2026-04-10,10:29:35,NIFTY,SELL,24029.4,24005.2,NIFTY13APR2624050PE,24050.0,PE,162.8,171.85,165.0,170.0,165.0,170.0,0.00246,0.002325,ws,ws,book_ladder,book_ladder,False,False,-2.2,1.85,65,588.25,strategy_S5-10:NIFTY:2026-04-10T10:26:51:SHORT
2026-04-10,10:29:45,2026-04-10,10:31:38,NIFTY,BUY,24007.25,24018.65,NIFTY13APR2624000CE,24000.0,CE,157.9,164.5,160.0,160.0,160.0,160.0,0.001902,0.001822,ws,ws,book_ladder,book_ladder,False,False,-2.1,4.5,65,429.0,strategy_S5-10:NIFTY:2026-04-10T10:29:45:LONG
2026-04-10,10:31:41,2026-04-10,10:32:00,NIFTY,SELL,24016.55,24016.45,NIFTY13APR2624050PE,24050.0,PE,167.8,168.7,170.0,165.0,170.0,165.0,0.002387,0.001777,ws,ws,book_ladder,book_ladder,False,False,-2.2,3.7,65,58.5,strategy_S5-10:NIFTY:2026-04-10T10:31:41:SHORT
2026-04-10,10:32:17,2026-04-10,10:32:45,NIFTY,SELL,24011.9,24011.0,NIFTY13APR2624050PE,24050.0,PE,168.25,169.7,170.0,165.0,170.0,165.0,0.000297,0.002354,ws,ws,book_ladder,book_ladder,False,False,-1.75,4.7,65,94.25,strategy_S5-10:NIFTY:2026-04-10T10:32:17:SHORT
2026-04-10,10:33:00,2026-04-10,10:33:09,NIFTY,BUY,24012.45,24009.05,NIFTY13APR2624000CE,24000.0,CE,162.45,161.05,165.0,160.0,165.0,160.0,0.002465,0.002171,ws,ws,book_ladder,book_ladder,False,False,-2.55,1.05,65,-91.0,strategy_S5-10:NIFTY:2026-04-10T10:33:00:LONG
2026-04-10,10:33:18,2026-04-10,10:34:02,NIFTY,SELL,24006.1,24003.65,NIFTY13APR2624050PE,24050.0,PE,172.0,172.55,175.0,170.0,175.0,170.0,0.000291,0.002026,ws,ws,book_ladder,book_ladder,False,False,-3.0,2.55,65,35.75,strategy_S5-10:NIFTY:2026-04-10T10:33:18:SHORT
2026-04-10,10:34:30,2026-04-10,10:35:33,NIFTY,BUY,24010.2,24022.5,NIFTY13APR2624000CE,24000.0,CE,161.5,164.0,165.0,160.0,165.0,160.0,0.00248,0.002436,ws,ws,book_ladder,book_ladder,False,False,-3.5,4.0,65,162.5,strategy_S5-10:NIFTY:2026-04-10T10:34:30:LONG
2026-04-10,10:35:56,2026-04-10,10:36:38,NIFTY,SELL,24016.65,24016.9,NIFTY13APR2624050PE,24050.0,PE,168.7,166.35,170.0,165.0,170.0,165.0,0.002374,0.000901,ws,ws,book_ladder,book_ladder,False,False,-1.3,1.35,65,-152.75,strategy_S5-10:NIFTY:2026-04-10T10:35:56:SHORT
2026-04-10,10:37:14,2026-04-10,10:38:00,NIFTY,SELL,24014.3,24011.1,NIFTY13APR2624050PE,24050.0,PE,169.3,168.75,170.0,165.0,170.0,165.0,0.002069,0.00148,ws,ws,book_ladder,book_ladder,False,False,-0.7,3.75,65,-35.75,strategy_S5-10:NIFTY:2026-04-10T10:37:14:SHORT
2026-04-10,10:38:55,2026-04-10,10:39:43,NIFTY,SELL,24005.85,24007.15,NIFTY13APR2624050PE,24050.0,PE,172.25,170.1,175.0,170.0,175.0,170.0,0.002325,0.002349,ws,ws,book_ladder,book_ladder,False,False,-2.75,0.1,65,-139.75,strategy_S5-10:NIFTY:2026-04-10T10:38:55:SHORT
2026-04-10,10:40:00,2026-04-10,10:41:23,NIFTY,BUY,24008.85,24014.25,NIFTY13APR2624000CE,24000.0,CE,158.6,160.75,160.0,160.0,160.0,160.0,0.002209,0.002485,ws,ws,book_ladder,book_ladder,False,False,-1.4,0.75,65,139.75,strategy_S5-10:NIFTY:2026-04-10T10:40:00:LONG
2026-04-10,10:41:30,2026-04-10,10:42:00,NIFTY,SELL,24011.55,24012.2,NIFTY13APR2624050PE,24050.0,PE,170.95,171.0,175.0,170.0,175.0,170.0,0.002049,0.002045,ws,ws,book_ladder,book_ladder,False,False,-4.05,1.0,65,3.25,strategy_S5-10:NIFTY:2026-04-10T10:41:30:SHORT
2026-04-10,10:42:23,2026-04-10,10:42:50,NIFTY,SELL,24010.0,24012.7,NIFTY13APR2624050PE,24050.0,PE,171.5,170.25,175.0,170.0,175.0,170.0,0.002627,0.00264,ws,ws,book_ladder,book_ladder,False,False,-3.5,0.25,65,-81.25,strategy_S5-10:NIFTY:2026-04-10T10:42:23:SHORT
2026-04-10,10:43:17,2026-04-10,10:43:38,NIFTY,BUY,24014.25,24012.95,NIFTY13APR2624000CE,24000.0,CE,160.6,159.3,165.0,155.0,165.0,155.0,0.001246,0.000314,ws,ws,book_ladder,book_ladder,False,False,-4.4,4.3,65,-84.5,strategy_S5-10:NIFTY:2026-04-10T10:43:17:LONG
2026-04-10,10:43:54,2026-04-10,10:44:30,NIFTY,SELL,24007.8,24007.5,NIFTY13APR2624050PE,24050.0,PE,171.85,172.3,175.0,170.0,175.0,170.0,0.002039,0.002029,ws,ws,book_ladder,book_ladder,False,False,-3.15,2.3,65,29.25,strategy_S5-10:NIFTY:2026-04-10T10:43:54:SHORT
2026-04-10,10:44:58,2026-04-10,10:46:07,NIFTY,SELL,24003.8,24000.5,NIFTY13APR2624050PE,24050.0,PE,173.0,174.9,175.0,170.0,175.0,170.0,0.001446,0.001714,ws,ws,book_ladder,book_ladder,False,False,-2.0,4.9,65,123.5,strategy_S5-10:NIFTY:2026-04-10T10:44:58:SHORT
2026-04-10,10:46:10,2026-04-10,10:46:36,NIFTY,BUY,24002.1,24002.4,NIFTY13APR2624000CE,24000.0,CE,154.8,154.1,155.0,150.0,155.0,150.0,0.00194,0.002916,ws,ws,book_ladder,book_ladder,False,False,-0.2,4.1,65,-45.5,strategy_S5-10:NIFTY:2026-04-10T10:46:10:LONG
2026-04-10,10:46:52,2026-04-10,10:47:13,NIFTY,SELL,23997.5,24000.25,NIFTY13APR2624000PE,24000.0,PE,151.4,149.3,155.0,145.0,155.0,145.0,0.001983,0.002007,ws,ws,book_ladder,book_ladder,False,False,-3.6,4.3,65,-136.5,strategy_S5-10:NIFTY:2026-04-10T10:46:52:SHORT
2026-04-10,10:47:30,2026-04-10,10:48:21,NIFTY,BUY,24003.2,24002.9,NIFTY13APR2624000CE,24000.0,CE,153.65,154.5,155.0,150.0,155.0,150.0,0.001954,0.001294,ws,ws,book_ladder,book_ladder,False,False,-1.35,4.5,65,55.25,strategy_S5-10:NIFTY:2026-04-10T10:47:30:LONG
2026-04-10,10:48:41,2026-04-10,10:49:26,NIFTY,SELL,24001.3,23995.55,NIFTY13APR2624050PE,24050.0,PE,175.3,176.8,180.0,175.0,180.0,175.0,0.000856,0.001978,ws,ws,book_ladder,book_ladder,False,False,-4.7,1.8,65,97.5,strategy_S5-10:NIFTY:2026-04-10T10:48:41:SHORT
2026-04-10,10:50:10,2026-04-10,10:50:30,NIFTY,SELL,23992.75,23994.1,NIFTY13APR2624000PE,24000.0,PE,153.7,152.5,155.0,150.0,155.0,150.0,0.00228,0.002292,ws,ws,book_ladder,book_ladder,False,False,-1.3,2.5,65,-78.0,strategy_S5-10:NIFTY:2026-04-10T10:50:10:SHORT
2026-04-10,10:50:41,2026-04-10,10:50:54,NIFTY,BUY,23996.25,23992.9,NIFTY13APR2623950CE,23950.0,CE,179.4,176.0,180.0,175.0,180.0,175.0,0.002232,0.001987,ws,ws,book_ladder,book_ladder,False,False,-0.6,1.0,65,-221.0,strategy_S5-10:NIFTY:2026-04-10T10:50:41:LONG
2026-04-10,10:51:10,2026-04-10,10:51:15,NIFTY,SELL,23990.35,23993.0,NIFTY13APR2624000PE,24000.0,PE,153.8,152.9,155.0,150.0,155.0,150.0,0.002604,0.002286,ws,ws,book_ladder,book_ladder,False,False,-1.2,2.9,65,-58.5,strategy_S5-10:NIFTY:2026-04-10T10:51:10:SHORT
2026-04-10,10:51:45,2026-04-10,10:52:02,NIFTY,BUY,23994.45,23992.6,NIFTY13APR2623950CE,23950.0,CE,177.6,176.55,180.0,175.0,180.0,175.0,0.002255,0.00198,ws,ws,book_ladder,book_ladder,False,False,-2.4,1.55,65,-68.25,strategy_S5-10:NIFTY:2026-04-10T10:51:45:LONG
2026-04-10,10:52:10,2026-04-10,10:52:30,NIFTY,SELL,23988.55,23989.85,NIFTY13APR2624000PE,24000.0,PE,154.9,154.35,155.0,150.0,155.0,150.0,0.001939,0.000971,ws,ws,book_ladder,book_ladder,False,False,-0.1,4.35,65,-35.75,strategy_S5-10:NIFTY:2026-04-10T10:52:10:SHORT
2026-04-10,10:53:00,2026-04-10,10:53:15,NIFTY,BUY,23991.9,23988.9,NIFTY13APR2623950CE,23950.0,CE,175.95,175.4,180.0,175.0,180.0,175.0,0.000569,0.001993,ws,ws,book_ladder,book_ladder,False,False,-4.05,0.4,65,-35.75,strategy_S5-10:NIFTY:2026-04-10T10:53:00:LONG
2026-04-10,10:53:22,2026-04-10,10:53:41,NIFTY,SELL,23985.7,23987.3,NIFTY13APR2624000PE,24000.0,PE,154.95,153.0,155.0,150.0,155.0,150.0,0.001938,0.002285,ws,ws,book_ladder,book_ladder,False,False,-0.05,3.0,65,-126.75,strategy_S5-10:NIFTY:2026-04-10T10:53:22:SHORT
2026-04-10,10:53:51,2026-04-10,10:54:11,NIFTY,BUY,23990.3,23988.3,NIFTY13APR2623950CE,23950.0,CE,177.4,175.6,180.0,175.0,180.0,175.0,0.001128,0.001991,ws,ws,book_ladder,book_ladder,False,False,-2.6,0.6,65,-117.0,strategy_S5-10:NIFTY:2026-04-10T10:53:51:LONG
2026-04-10,10:54:32,2026-04-10,10:54:39,NIFTY,SELL,23985.15,23987.9,NIFTY13APR2624000PE,24000.0,PE,154.6,152.6,155.0,150.0,155.0,150.0,0.002591,0.002618,ws,ws,book_ladder,book_ladder,False,False,-0.4,2.6,65,-130.0,strategy_S5-10:NIFTY:2026-04-10T10:54:32:SHORT
2026-04-10,10:54:57,2026-04-10,10:55:00,NIFTY,SELL,23984.9,23987.5,NIFTY13APR2624000PE,24000.0,PE,154.45,153.65,155.0,150.0,155.0,150.0,0.002269,0.002275,ws,ws,book_ladder,book_ladder,False,False,-0.55,3.65,65,-52.0,strategy_S5-10:NIFTY:2026-04-10T10:54:57:SHORT
2026-04-10,10:55:17,2026-04-10,10:55:30,NIFTY,SELL,23985.05,23986.55,NIFTY13APR2624000PE,24000.0,PE,154.5,154.05,155.0,150.0,155.0,150.0,0.001944,0.002269,ws,ws,book_ladder,book_ladder,False,False,-0.5,4.05,65,-29.25,strategy_S5-10:NIFTY:2026-04-10T10:55:17:SHORT
2026-04-10,10:56:00,2026-04-10,10:56:05,NIFTY,BUY,23987.0,23984.4,NIFTY13APR2623950CE,23950.0,CE,174.4,173.85,175.0,170.0,175.0,170.0,0.002584,0.002298,ws,ws,book_ladder,book_ladder,False,False,-0.6,3.85,65,-35.75,strategy_S5-10:NIFTY:2026-04-10T10:56:00:LONG
2026-04-10,10:56:24,2026-04-10,10:58:00,NIFTY,SELL,23982.5,23973.8,NIFTY13APR2624000PE,24000.0,PE,157.65,162.2,160.0,160.0,160.0,160.0,0.00254,0.002156,ws,ws,book_ladder,book_ladder,False,False,-2.35,2.2,65,295.75,strategy_S5-10:NIFTY:2026-04-10T10:56:24:SHORT
2026-04-10,10:58:18,2026-04-10,11:00:38,NIFTY,BUY,23975.85,24000.0,NIFTY13APR2623950CE,23950.0,CE,169.55,182.35,170.0,180.0,170.0,180.0,0.000885,0.002465,ws,ws,book_ladder,book_ladder,False,False,-0.45,2.35,65,832.0,strategy_S5-10:NIFTY:2026-04-10T10:58:18:LONG
2026-04-10,11:00:48,2026-04-10,11:00:59,NIFTY,SELL,23996.9,23999.85,NIFTY13APR2624000PE,24000.0,PE,151.75,147.65,155.0,145.0,155.0,145.0,0.001649,0.001692,ws,ws,book_ladder,book_ladder,False,False,-3.25,2.65,65,-266.5,strategy_S5-10:NIFTY:2026-04-10T11:00:48:SHORT
2026-04-10,11:01:20,2026-04-10,11:01:57,NIFTY,BUY,24007.4,24008.0,NIFTY13APR2624000CE,24000.0,CE,159.25,158.65,160.0,155.0,160.0,155.0,0.002515,0.002518,ws,ws,book_ladder,book_ladder,False,False,-0.75,3.65,65,-39.0,strategy_S5-10:NIFTY:2026-04-10T11:01:20:LONG
2026-04-10,11:02:24,2026-04-10,11:03:37,NIFTY,SELL,24006.35,24000.65,NIFTY13APR2624050PE,24050.0,PE,171.7,175.6,175.0,175.0,175.0,175.0,0.002041,0.002275,ws,ws,book_ladder,book_ladder,False,False,-3.3,0.6,65,253.5,strategy_S5-10:NIFTY:2026-04-10T11:02:24:SHORT
2026-04-10,11:04:27,2026-04-10,11:04:37,NIFTY,BUY,24001.6,23998.95,NIFTY13APR2624000CE,24000.0,CE,155.5,154.4,160.0,150.0,160.0,150.0,0.002253,0.001941,ws,ws,book_ladder,book_ladder,False,False,-4.5,4.4,65,-71.5,strategy_S5-10:NIFTY:2026-04-10T11:04:27:LONG
2026-04-10,11:04:45,2026-04-10,11:05:01,NIFTY,BUY,24003.6,24000.15,NIFTY13APR2624000CE,24000.0,CE,156.35,154.3,160.0,150.0,160.0,150.0,0.002241,0.001295,ws,ws,book_ladder,book_ladder,False,False,-3.65,4.3,65,-133.25,strategy_S5-10:NIFTY:2026-04-10T11:04:45:LONG
2026-04-10,11:05:31,2026-04-10,11:05:56,NIFTY,SELL,23999.25,23997.35,NIFTY13APR2624000PE,24000.0,PE,151.65,152.1,155.0,150.0,155.0,150.0,0.002311,0.001314,ws,ws,book_ladder,book_ladder,False,False,-3.35,2.1,65,29.25,strategy_S5-10:NIFTY:2026-04-10T11:05:31:SHORT
2026-04-10,11:06:04,2026-04-10,11:06:16,NIFTY,BUY,24000.0,23996.8,NIFTY13APR2623950CE,23950.0,CE,182.0,181.75,185.0,180.0,185.0,180.0,0.00165,0.002473,ws,ws,book_ladder,book_ladder,False,False,-3.0,1.75,65,-16.25,strategy_S5-10:NIFTY:2026-04-10T11:06:04:LONG
2026-04-10,11:06:30,2026-04-10,11:07:00,NIFTY,BUY,24001.8,23999.0,NIFTY13APR2624000CE,24000.0,CE,154.5,153.3,155.0,150.0,155.0,150.0,0.001619,0.001955,ws,ws,book_ladder,book_ladder,False,False,-0.5,3.3,65,-78.0,strategy_S5-10:NIFTY:2026-04-10T11:06:30:LONG
2026-04-10,11:07:10,2026-04-10,11:07:41,NIFTY,SELL,23996.5,23998.2,NIFTY13APR2624000PE,24000.0,PE,152.0,149.6,155.0,145.0,155.0,145.0,0.001646,0.002003,ws,ws,book_ladder,book_ladder,False,False,-3.0,4.6,65,-156.0,strategy_S5-10:NIFTY:2026-04-10T11:07:10:SHORT
2026-04-10,11:08:00,2026-04-10,11:08:44,NIFTY,BUY,24000.4,24001.7,NIFTY13APR2624000CE,24000.0,CE,154.55,154.8,155.0,150.0,155.0,150.0,0.002592,0.002581,ws,ws,book_ladder,book_ladder,False,False,-0.45,4.8,65,16.25,strategy_S5-10:NIFTY:2026-04-10T11:08:00:LONG
2026-04-10,11:08:58,2026-04-10,11:10:17,NIFTY,BUY,24004.8,24008.55,NIFTY13APR2624000CE,24000.0,CE,156.2,157.8,160.0,155.0,160.0,155.0,0.002243,0.000634,ws,ws,book_ladder,book_ladder,False,False,-3.8,2.8,65,104.0,strategy_S5-10:NIFTY:2026-04-10T11:08:58:LONG
2026-04-10,11:10:42,2026-04-10,11:10:46,NIFTY,SELL,24007.3,24009.25,NIFTY13APR2624050PE,24050.0,PE,170.35,169.6,175.0,165.0,175.0,165.0,0.002351,0.002062,ws,ws,book_ladder,book_ladder,False,False,-4.65,4.6,65,-48.75,strategy_S5-10:NIFTY:2026-04-10T11:10:42:SHORT
2026-04-10,11:10:53,2026-04-10,11:11:41,NIFTY,BUY,24011.45,24013.7,NIFTY13APR2624000CE,24000.0,CE,160.3,159.45,165.0,155.0,165.0,155.0,0.001873,0.002505,ws,ws,book_ladder,book_ladder,False,False,-4.7,4.45,65,-55.25,strategy_S5-10:NIFTY:2026-04-10T11:10:53:LONG
2026-04-10,11:12:00,2026-04-10,11:12:06,NIFTY,BUY,24016.55,24014.15,NIFTY13APR2624000CE,24000.0,CE,160.95,160.4,165.0,160.0,165.0,160.0,0.001866,0.002491,ws,ws,book_ladder,book_ladder,False,False,-4.05,0.4,65,-35.75,strategy_S5-10:NIFTY:2026-04-10T11:12:00:LONG
2026-04-10,11:12:30,2026-04-10,11:12:52,NIFTY,BUY,24016.2,24014.6,NIFTY13APR2624000CE,24000.0,CE,160.4,160.85,165.0,160.0,165.0,160.0,0.002497,0.002484,ws,ws,book_ladder,book_ladder,False,False,-4.6,0.85,65,29.25,strategy_S5-10:NIFTY:2026-04-10T11:12:30:LONG
2026-04-10,11:13:04,2026-04-10,11:13:42,NIFTY,BUY,24017.25,24015.2,NIFTY13APR2624000CE,24000.0,CE,162.5,159.55,165.0,155.0,165.0,155.0,0.002156,0.001879,ws,ws,book_ladder,book_ladder,False,False,-2.5,4.55,65,-191.75,strategy_S5-10:NIFTY:2026-04-10T11:13:04:LONG
2026-04-10,11:13:52,2026-04-10,11:14:30,NIFTY,SELL,24014.0,24015.05,NIFTY13APR2624050PE,24050.0,PE,167.95,167.7,170.0,165.0,170.0,165.0,0.002086,0.002382,ws,ws,book_ladder,book_ladder,False,False,-2.05,2.7,65,-16.25,strategy_S5-10:NIFTY:2026-04-10T11:13:52:SHORT
2026-04-10,11:14:44,2026-04-10,11:14:59,NIFTY,SELL,24011.45,24013.3,NIFTY13APR2624050PE,24050.0,PE,169.45,168.45,170.0,165.0,170.0,165.0,0.002068,0.002076,ws,ws,book_ladder,book_ladder,False,False,-0.55,3.45,65,-65.0,strategy_S5-10:NIFTY:2026-04-10T11:14:44:SHORT
2026-04-10,11:15:15,2026-04-10,11:15:33,NIFTY,BUY,24015.35,24012.7,NIFTY13APR2624000CE,24000.0,CE,160.4,157.65,165.0,155.0,165.0,155.0,0.001248,0.00285,ws,ws,book_ladder,book_ladder,False,False,-4.6,2.65,65,-178.75,strategy_S5-10:NIFTY:2026-04-10T11:15:15:LONG
2026-04-10,11:15:40,2026-04-10,11:16:30,NIFTY,SELL,24010.75,24002.65,NIFTY13APR2624050PE,24050.0,PE,168.25,170.2,170.0,170.0,170.0,170.0,0.00238,0.001468,ws,ws,book_ladder,book_ladder,False,False,-1.75,0.2,65,126.75,strategy_S5-10:NIFTY:2026-04-10T11:15:40:SHORT
2026-04-10,11:17:35,2026-04-10,11:18:30,NIFTY,SELL,23999.05,23989.85,NIFTY13APR2624000PE,24000.0,PE,147.65,152.55,150.0,150.0,150.0,150.0,0.002034,0.002292,ws,ws,book_ladder,book_ladder,False,False,-2.35,2.55,65,318.5,strategy_S5-10:NIFTY:2026-04-10T11:17:35:SHORT
2026-04-10,11:18:44,2026-04-10,11:19:30,NIFTY,SELL,23987.9,23988.05,NIFTY13APR2624000PE,24000.0,PE,152.7,154.45,155.0,150.0,155.0,150.0,0.002623,0.002264,ws,ws,book_ladder,book_ladder,False,False,-2.3,4.45,65,113.75,strategy_S5-10:NIFTY:2026-04-10T11:18:44:SHORT
2026-04-10,11:19:45,2026-04-10,11:20:29,NIFTY,BUY,23989.8,23993.05,NIFTY13APR2623950CE,23950.0,CE,175.95,177.0,180.0,175.0,180.0,175.0,0.001991,0.002257,ws,ws,book_ladder,book_ladder,False,False,-4.05,2.0,65,68.25,strategy_S5-10:NIFTY:2026-04-10T11:19:45:LONG
2026-04-10,11:21:21,2026-04-10,11:21:32,NIFTY,SELL,23990.5,23991.95,NIFTY13APR2624000PE,24000.0,PE,152.9,153.2,155.0,150.0,155.0,150.0,0.00262,0.002608,ws,ws,book_ladder,book_ladder,False,False,-2.1,3.2,65,19.5,strategy_S5-10:NIFTY:2026-04-10T11:21:21:SHORT
2026-04-10,11:21:41,2026-04-10,11:21:59,NIFTY,BUY,23996.7,23993.35,NIFTY13APR2623950CE,23950.0,CE,180.6,178.95,185.0,175.0,185.0,175.0,0.002495,0.001954,ws,ws,book_ladder,book_ladder,False,False,-4.4,3.95,65,-107.25,strategy_S5-10:NIFTY:2026-04-10T11:21:41:LONG
2026-04-10,11:22:15,2026-04-10,11:22:50,NIFTY,BUY,23998.05,23998.95,NIFTY13APR2623950CE,23950.0,CE,179.8,181.5,180.0,180.0,180.0,180.0,0.002227,0.001927,ws,ws,book_ladder,book_ladder,False,False,-0.2,1.5,65,110.5,strategy_S5-10:NIFTY:2026-04-10T11:22:15:LONG
2026-04-10,11:23:00,2026-04-10,11:23:09,NIFTY,BUY,24001.55,23998.85,NIFTY13APR2624000CE,24000.0,CE,153.1,151.2,155.0,150.0,155.0,150.0,0.002616,0.001652,ws,ws,book_ladder,book_ladder,False,False,-1.9,1.2,65,-123.5,strategy_S5-10:NIFTY:2026-04-10T11:23:00:LONG
2026-04-10,11:23:26,2026-04-10,11:23:45,NIFTY,SELL,23995.1,23997.4,NIFTY13APR2624000PE,24000.0,PE,150.8,149.0,155.0,145.0,155.0,145.0,0.002324,0.002681,ws,ws,book_ladder,book_ladder,False,False,-4.2,4.0,65,-117.0,strategy_S5-10:NIFTY:2026-04-10T11:23:26:SHORT
2026-04-10,11:24:09,2026-04-10,11:24:30,NIFTY,SELL,23994.2,23993.8,NIFTY13APR2624000PE,24000.0,PE,150.5,151.1,155.0,150.0,155.0,150.0,0.002661,0.002314,ws,ws,book_ladder,book_ladder,False,False,-4.5,1.1,65,39.0,strategy_S5-10:NIFTY:2026-04-10T11:24:09:SHORT
2026-04-10,11:25:00,2026-04-10,11:25:38,NIFTY,BUY,23994.25,23998.8,NIFTY13APR2623950CE,23950.0,CE,177.7,179.85,180.0,175.0,180.0,175.0,0.00169,0.001667,ws,ws,book_ladder,book_ladder,False,False,-2.3,4.85,65,139.75,strategy_S5-10:NIFTY:2026-04-10T11:25:00:LONG
2026-04-10,11:25:55,2026-04-10,11:27:00,NIFTY,BUY,24000.9,24001.4,NIFTY13APR2624000CE,24000.0,CE,153.0,153.6,155.0,150.0,155.0,150.0,0.00229,0.001626,ws,ws,book_ladder,book_ladder,False,False,-2.0,3.6,65,39.0,strategy_S5-10:NIFTY:2026-04-10T11:25:55:LONG
2026-04-10,11:27:10,2026-04-10,11:27:27,NIFTY,SELL,24001.05,24003.3,NIFTY13APR2624050PE,24050.0,PE,171.65,171.6,175.0,170.0,175.0,170.0,0.002041,0.001456,ws,ws,book_ladder,book_ladder,False,False,-3.35,1.6,65,-3.25,strategy_S5-10:NIFTY:2026-04-10T11:27:10:SHORT
2026-04-10,11:27:53,2026-04-10,11:29:31,NIFTY,SELL,23999.2,23979.25,NIFTY13APR2624000PE,24000.0,PE,147.2,153.3,150.0,150.0,150.0,150.0,0.00204,0.002281,ws,ws,book_ladder,book_ladder,False,False,-2.8,3.3,65,396.5,strategy_S5-10:NIFTY:2026-04-10T11:27:53:SHORT
2026-04-10,11:29:50,2026-04-10,11:30:08,NIFTY,SELL,23976.45,23978.1,NIFTY13APR2624000PE,24000.0,PE,154.3,153.6,155.0,150.0,155.0,150.0,0.002596,0.002276,ws,ws,book_ladder,book_ladder,False,False,-0.7,3.6,65,-45.5,strategy_S5-10:NIFTY:2026-04-10T11:29:50:SHORT
2026-04-10,11:30:34,2026-04-10,11:30:55,NIFTY,SELL,23974.65,23979.5,NIFTY13APR2624000PE,24000.0,PE,154.35,153.0,155.0,150.0,155.0,150.0,0.001946,0.001633,ws,ws,book_ladder,book_ladder,False,False,-0.65,3.0,65,-87.75,strategy_S5-10:NIFTY:2026-04-10T11:30:34:SHORT
2026-04-10,11:31:00,2026-04-10,11:32:59,NIFTY,BUY,23984.15,23996.4,NIFTY13APR2623950CE,23950.0,CE,178.35,178.55,180.0,175.0,180.0,175.0,0.002245,0.002238,ws,ws,book_ladder,book_ladder,False,False,-1.65,3.55,65,13.0,strategy_S5-10:NIFTY:2026-04-10T11:31:00:LONG
2026-04-10,11:33:10,2026-04-10,11:33:24,NIFTY,SELL,23995.3,23998.75,NIFTY13APR2624000PE,24000.0,PE,148.5,147.65,150.0,145.0,150.0,145.0,0.001685,0.002368,ws,ws,book_ladder,book_ladder,False,False,-1.5,2.65,65,-55.25,strategy_S5-10:NIFTY:2026-04-10T11:33:10:SHORT
2026-04-10,11:33:41,2026-04-10,11:35:19,NIFTY,BUY,23999.7,24004.0,NIFTY13APR2623950CE,23950.0,CE,178.5,179.1,180.0,175.0,180.0,175.0,0.001963,0.000837,ws,ws,book_ladder,book_ladder,False,False,-1.5,4.1,65,39.0,strategy_S5-10:NIFTY:2026-04-10T11:33:41:LONG
2026-04-10,11:35:21,2026-04-10,11:38:00,NIFTY,SELL,24002.95,23984.05,NIFTY13APR2624050PE,24050.0,PE,171.65,180.6,175.0,180.0,175.0,180.0,0.002041,0.002212,ws,ws,book_ladder,book_ladder,False,False,-3.35,0.6,65,581.75,strategy_S5-10:NIFTY:2026-04-10T11:35:21:SHORT
2026-04-10,11:38:12,2026-04-10,11:38:20,NIFTY,SELL,23980.4,23984.0,NIFTY13APR2624000PE,24000.0,PE,155.45,153.35,160.0,150.0,160.0,150.0,0.001287,0.00228,ws,ws,book_ladder,book_ladder,False,False,-4.55,3.35,65,-136.5,strategy_S5-10:NIFTY:2026-04-10T11:38:12:SHORT
2026-04-10,11:38:30,2026-04-10,11:39:39,NIFTY,BUY,23986.5,23992.05,NIFTY13APR2623950CE,23950.0,CE,173.3,175.7,175.0,175.0,175.0,175.0,0.001733,0.002274,ws,ws,book_ladder,book_ladder,False,False,-1.7,0.7,65,156.0,strategy_S5-10:NIFTY:2026-04-10T11:38:30:LONG
2026-04-10,11:39:48,2026-04-10,11:40:04,NIFTY,SELL,23985.35,23986.75,NIFTY13APR2624000PE,24000.0,PE,152.65,153.2,155.0,150.0,155.0,150.0,0.002295,0.001956,ws,ws,book_ladder,book_ladder,False,False,-2.35,3.2,65,35.75,strategy_S5-10:NIFTY:2026-04-10T11:39:48:SHORT
2026-04-10,11:40:30,2026-04-10,11:40:49,NIFTY,BUY,23990.05,23985.45,NIFTY13APR2623950CE,23950.0,CE,174.55,171.3,175.0,170.0,175.0,170.0,0.002581,0.002332,ws,ws,book_ladder,book_ladder,False,False,-0.45,1.3,65,-211.25,strategy_S5-10:NIFTY:2026-04-10T11:40:30:LONG
2026-04-10,11:40:50,2026-04-10,11:41:30,NIFTY,SELL,23984.3,23981.6,NIFTY13APR2624000PE,24000.0,PE,154.75,155.15,155.0,155.0,155.0,155.0,0.001617,0.002253,ws,ws,book_ladder,book_ladder,False,False,-0.25,0.15,65,26.0,strategy_S5-10:NIFTY:2026-04-10T11:40:50:SHORT
2026-04-10,11:41:57,2026-04-10,11:42:00,NIFTY,SELL,23979.4,23981.55,NIFTY13APR2624000PE,24000.0,PE,157.0,156.55,160.0,155.0,160.0,155.0,0.000319,0.002233,ws,ws,book_ladder,book_ladder,False,False,-3.0,1.55,65,-29.25,strategy_S5-10:NIFTY:2026-04-10T11:41:57:SHORT
2026-04-10,11:42:14,2026-04-10,11:42:42,NIFTY,SELL,23976.5,23975.3,NIFTY13APR2624000PE,24000.0,PE,157.9,158.6,160.0,155.0,160.0,155.0,0.002219,0.002519,ws,ws,book_ladder,book_ladder,False,False,-2.1,3.6,65,45.5,strategy_S5-10:NIFTY:2026-04-10T11:42:14:SHORT
2026-04-10,11:43:06,2026-04-10,11:43:29,NIFTY,SELL,23970.05,23977.2,NIFTY13APR2624000PE,24000.0,PE,160.0,157.75,160.0,155.0,160.0,155.0,0.001564,0.002216,ws,ws,book_ladder,book_ladder,False,False,0.0,2.75,65,-146.25,strategy_S5-10:NIFTY:2026-04-10T11:43:06:SHORT
2026-04-10,11:43:30,2026-04-10,11:44:25,NIFTY,BUY,23979.25,23982.3,NIFTY13APR2623950CE,23950.0,CE,168.2,169.5,170.0,165.0,170.0,165.0,0.002083,0.002357,ws,ws,book_ladder,book_ladder,False,False,-1.8,4.5,65,84.5,strategy_S5-10:NIFTY:2026-04-10T11:43:30:LONG
2026-04-10,11:45:07,2026-04-10,11:45:27,NIFTY,BUY,23983.55,23981.7,NIFTY13APR2623950CE,23950.0,CE,169.1,169.4,170.0,165.0,170.0,165.0,0.002368,0.002358,ws,ws,book_ladder,book_ladder,False,False,-0.9,4.4,65,19.5,strategy_S5-10:NIFTY:2026-04-10T11:45:07:LONG
2026-04-10,11:45:44,2026-04-10,11:46:28,NIFTY,BUY,23984.0,23984.4,NIFTY13APR2623950CE,23950.0,CE,170.7,170.1,175.0,170.0,175.0,170.0,0.002346,0.002055,ws,ws,book_ladder,book_ladder,False,False,-4.3,0.1,65,-39.0,strategy_S5-10:NIFTY:2026-04-10T11:45:44:LONG
2026-04-10,11:46:49,2026-04-10,11:47:30,NIFTY,SELL,23977.3,23979.2,NIFTY13APR2624000PE,24000.0,PE,157.35,157.25,160.0,155.0,160.0,155.0,0.001908,0.002223,ws,ws,book_ladder,book_ladder,False,False,-2.65,2.25,65,-6.5,strategy_S5-10:NIFTY:2026-04-10T11:46:49:SHORT
2026-04-10,11:47:50,2026-04-10,11:48:15,NIFTY,SELL,23975.15,23960.05,NIFTY13APR2624000PE,24000.0,PE,158.4,165.4,160.0,165.0,160.0,165.0,0.002212,0.002415,ws,ws,book_ladder,book_ladder,False,False,-1.6,0.4,65,455.0,strategy_S5-10:NIFTY:2026-04-10T11:47:50:SHORT
2026-04-10,11:48:46,2026-04-10,11:49:09,NIFTY,BUY,23967.55,23962.35,NIFTY13APR2623950CE,23950.0,CE,163.65,161.2,165.0,160.0,165.0,160.0,0.001529,0.002478,ws,ws,book_ladder,book_ladder,False,False,-1.35,1.2,65,-159.25,strategy_S5-10:NIFTY:2026-04-10T11:48:46:LONG
2026-04-10,11:49:11,2026-04-10,11:49:45,NIFTY,SELL,23961.75,23957.65,NIFTY13APR2624000PE,24000.0,PE,167.5,170.45,170.0,170.0,170.0,170.0,0.000896,0.002344,ws,ws,book_ladder,book_ladder,False,False,-2.5,0.45,65,191.75,strategy_S5-10:NIFTY:2026-04-10T11:49:11:SHORT
2026-04-10,11:49:52,2026-04-10,11:50:54,NIFTY,BUY,23962.35,23978.9,NIFTY13APR2623950CE,23950.0,CE,160.75,167.0,165.0,165.0,165.0,165.0,0.00218,0.001795,ws,ws,book_ladder,book_ladder,False,False,-4.25,2.0,65,406.25,strategy_S5-10:NIFTY:2026-04-10T11:49:52:LONG
2026-04-10,11:51:02,2026-04-10,11:52:05,NIFTY,BUY,23984.3,23984.2,NIFTY13APR2623950CE,23950.0,CE,170.45,170.55,175.0,170.0,175.0,170.0,0.002055,0.002343,ws,ws,book_ladder,book_ladder,False,False,-4.55,0.55,65,6.5,strategy_S5-10:NIFTY:2026-04-10T11:51:02:LONG
2026-04-10,11:52:12,2026-04-10,11:52:37,NIFTY,SELL,23982.75,23983.85,NIFTY13APR2624000PE,24000.0,PE,157.0,156.4,160.0,155.0,160.0,155.0,0.002551,0.001916,ws,ws,book_ladder,book_ladder,False,False,-3.0,1.4,65,-39.0,strategy_S5-10:NIFTY:2026-04-10T11:52:12:SHORT
2026-04-10,11:53:20,2026-04-10,11:53:30,NIFTY,SELL,23980.45,23981.9,NIFTY13APR2624000PE,24000.0,PE,156.3,156.35,160.0,155.0,160.0,155.0,0.002242,0.002236,ws,ws,book_ladder,book_ladder,False,False,-3.7,1.35,65,3.25,strategy_S5-10:NIFTY:2026-04-10T11:53:20:SHORT
2026-04-10,11:54:07,2026-04-10,11:54:30,NIFTY,SELL,23977.95,23980.0,NIFTY13APR2624000PE,24000.0,PE,159.0,157.6,160.0,155.0,160.0,155.0,0.001889,0.002218,ws,ws,book_ladder,book_ladder,False,False,-1.0,2.6,65,-91.0,strategy_S5-10:NIFTY:2026-04-10T11:54:07:SHORT
2026-04-10,11:54:53,2026-04-10,11:55:25,NIFTY,BUY,23982.6,23982.95,NIFTY13APR2623950CE,23950.0,CE,170.35,170.0,175.0,170.0,175.0,170.0,0.002057,0.000588,ws,ws,book_ladder,book_ladder,False,False,-4.65,0.0,65,-22.75,strategy_S5-10:NIFTY:2026-04-10T11:54:53:LONG
2026-04-10,11:55:37,2026-04-10,11:56:00,NIFTY,SELL,23979.8,23983.5,NIFTY13APR2624000PE,24000.0,PE,157.4,155.3,160.0,155.0,160.0,155.0,0.002545,0.00193,ws,ws,book_ladder,book_ladder,False,False,-2.6,0.3,65,-136.5,strategy_S5-10:NIFTY:2026-04-10T11:55:37:SHORT
2026-04-10,11:56:28,2026-04-10,11:56:53,NIFTY,BUY,23984.8,23984.3,NIFTY13APR2623950CE,23950.0,CE,171.6,170.65,175.0,170.0,175.0,170.0,0.002626,0.001756,ws,ws,book_ladder,book_ladder,False,False,-3.4,0.65,65,-61.75,strategy_S5-10:NIFTY:2026-04-10T11:56:28:LONG
2026-04-10,11:57:11,2026-04-10,11:57:15,NIFTY,SELL,23982.55,23985.95,NIFTY13APR2624000PE,24000.0,PE,154.95,153.35,155.0,150.0,155.0,150.0,0.001615,0.002605,ws,ws,book_ladder,book_ladder,False,False,-0.05,3.35,65,-104.0,strategy_S5-10:NIFTY:2026-04-10T11:57:11:SHORT
2026-04-10,11:57:20,2026-04-10,11:57:57,NIFTY,BUY,23987.8,23989.75,NIFTY13APR2623950CE,23950.0,CE,173.6,172.1,175.0,170.0,175.0,170.0,0.002307,0.002611,ws,ws,book_ladder,book_ladder,False,False,-1.4,2.1,65,-97.5,strategy_S5-10:NIFTY:2026-04-10T11:57:20:LONG
2026-04-10,11:58:08,2026-04-10,11:58:30,NIFTY,SELL,23988.55,23990.95,NIFTY13APR2624000PE,24000.0,PE,153.0,152.6,155.0,150.0,155.0,150.0,0.001963,0.002291,ws,ws,book_ladder,book_ladder,False,False,-2.0,2.6,65,-26.0,strategy_S5-10:NIFTY:2026-04-10T11:58:08:SHORT
2026-04-10,11:58:45,2026-04-10,11:59:02,NIFTY,BUY,23991.7,23990.3,NIFTY13APR2623950CE,23950.0,CE,172.75,172.25,175.0,170.0,175.0,170.0,0.000869,0.00203,ws,ws,book_ladder,book_ladder,False,False,-2.25,2.25,65,-32.5,strategy_S5-10:NIFTY:2026-04-10T11:58:45:LONG
2026-04-10,11:59:30,2026-04-10,11:59:58,NIFTY,BUY,23992.45,23992.8,NIFTY13APR2623950CE,23950.0,CE,174.0,173.55,175.0,170.0,175.0,170.0,0.001726,0.002015,ws,ws,book_ladder,book_ladder,False,False,-1.0,3.55,65,-29.25,strategy_S5-10:NIFTY:2026-04-10T11:59:30:LONG
2026-04-10,12:00:13,2026-04-10,12:00:27,NIFTY,SELL,23986.55,23987.95,NIFTY13APR2624000PE,24000.0,PE,153.7,151.2,155.0,150.0,155.0,150.0,0.002606,0.001982,ws,ws,book_ladder,book_ladder,False,False,-1.3,1.2,65,-162.5,strategy_S5-10:NIFTY:2026-04-10T12:00:13:SHORT
2026-04-10,12:00:35,2026-04-10,12:00:56,NIFTY,BUY,23992.1,23992.4,NIFTY13APR2623950CE,23950.0,CE,174.2,173.5,175.0,170.0,175.0,170.0,0.000861,0.001728,ws,ws,book_ladder,book_ladder,False,False,-0.8,3.5,65,-45.5,strategy_S5-10:NIFTY:2026-04-10T12:00:35:LONG
2026-04-10,12:01:14,2026-04-10,12:01:45,NIFTY,SELL,23991.15,23995.1,NIFTY13APR2624000PE,24000.0,PE,152.0,148.75,155.0,145.0,155.0,145.0,0.001646,0.00235,ws,ws,book_ladder,book_ladder,False,False,-3.0,3.75,65,-211.25,strategy_S5-10:NIFTY:2026-04-10T12:01:14:SHORT
2026-04-10,12:02:00,2026-04-10,12:02:28,NIFTY,BUY,23996.25,23995.3,NIFTY13APR2623950CE,23950.0,CE,176.1,175.35,180.0,175.0,180.0,175.0,0.001705,0.002563,ws,ws,book_ladder,book_ladder,False,False,-3.9,0.35,65,-48.75,strategy_S5-10:NIFTY:2026-04-10T12:02:00:LONG
2026-04-10,12:03:00,2026-04-10,12:03:48,NIFTY,BUY,23998.8,24004.15,NIFTY13APR2623950CE,23950.0,CE,177.4,180.45,180.0,180.0,180.0,180.0,0.002257,0.001938,ws,ws,book_ladder,book_ladder,False,False,-2.6,0.45,65,198.25,strategy_S5-10:NIFTY:2026-04-10T12:03:00:LONG
2026-04-10,12:03:54,2026-04-10,12:04:40,NIFTY,BUY,24007.7,24005.55,NIFTY13APR2624000CE,24000.0,CE,153.25,154.3,155.0,150.0,155.0,150.0,0.00196,0.001942,ws,ws,book_ladder,book_ladder,False,False,-1.75,4.3,65,68.25,strategy_S5-10:NIFTY:2026-04-10T12:03:54:LONG
2026-04-10,12:04:56,2026-04-10,12:05:33,NIFTY,BUY,24007.95,24006.8,NIFTY13APR2624000CE,24000.0,CE,155.8,153.75,160.0,150.0,160.0,150.0,0.001927,0.0013,ws,ws,book_ladder,book_ladder,False,False,-4.2,3.75,65,-133.25,strategy_S5-10:NIFTY:2026-04-10T12:04:56:LONG
2026-04-10,12:06:13,2026-04-10,12:06:17,NIFTY,BUY,24008.35,24005.8,NIFTY13APR2624000CE,24000.0,CE,154.3,153.5,155.0,150.0,155.0,150.0,0.002271,0.002278,ws,ws,book_ladder,book_ladder,False,False,-0.7,3.5,65,-52.0,strategy_S5-10:NIFTY:2026-04-10T12:06:13:LONG
2026-04-10,12:06:51,2026-04-10,12:08:54,NIFTY,BUY,24008.2,24009.95,NIFTY13APR2624000CE,24000.0,CE,155.4,158.25,160.0,155.0,160.0,155.0,0.002255,0.002524,ws,ws,book_ladder,book_ladder,False,False,-4.6,3.25,65,185.25,strategy_S5-10:NIFTY:2026-04-10T12:06:51:LONG
2026-04-10,12:09:45,2026-04-10,12:10:18,NIFTY,BUY,24013.4,24008.85,NIFTY13APR2624000CE,24000.0,CE,157.55,156.6,160.0,155.0,160.0,155.0,0.00127,0.001595,ws,ws,book_ladder,book_ladder,False,False,-2.45,1.6,65,-61.75,strategy_S5-10:NIFTY:2026-04-10T12:09:45:LONG
2026-04-10,12:11:25,2026-04-10,12:11:30,NIFTY,SELL,24009.0,24011.4,NIFTY13APR2624050PE,24050.0,PE,165.65,165.3,170.0,165.0,170.0,165.0,0.00272,0.002719,ws,ws,book_ladder,book_ladder,False,False,-4.35,0.3,65,-22.75,strategy_S5-10:NIFTY:2026-04-10T12:11:25:SHORT
2026-04-10,12:11:43,2026-04-10,12:11:52,NIFTY,SELL,24009.05,24011.65,NIFTY13APR2624050PE,24050.0,PE,165.9,164.0,170.0,160.0,170.0,160.0,0.002112,0.002436,ws,ws,book_ladder,book_ladder,False,False,-4.1,4.0,65,-123.5,strategy_S5-10:NIFTY:2026-04-10T12:11:43:SHORT
2026-04-10,12:12:00,2026-04-10,12:12:08,NIFTY,BUY,24012.65,24010.7,NIFTY13APR2624000CE,24000.0,CE,158.0,157.25,160.0,155.0,160.0,155.0,0.002535,0.002223,ws,ws,book_ladder,book_ladder,False,False,-2.0,2.25,65,-48.75,strategy_S5-10:NIFTY:2026-04-10T12:12:00:LONG
2026-04-10,12:12:21,2026-04-10,12:12:28,NIFTY,BUY,24011.95,24010.0,NIFTY13APR2624000CE,24000.0,CE,156.95,156.4,160.0,155.0,160.0,155.0,0.002232,0.002554,ws,ws,book_ladder,book_ladder,False,False,-3.05,1.4,65,-35.75,strategy_S5-10:NIFTY:2026-04-10T12:12:21:LONG
2026-04-10,12:12:30,2026-04-10,12:12:37,NIFTY,BUY,24012.3,24009.8,NIFTY13APR2624000CE,24000.0,CE,156.9,156.2,160.0,155.0,160.0,155.0,0.001914,0.002558,ws,ws,book_ladder,book_ladder,False,False,-3.1,1.2,65,-45.5,strategy_S5-10:NIFTY:2026-04-10T12:12:30:LONG
2026-04-10,12:12:58,2026-04-10,12:13:25,NIFTY,BUY,24012.2,24011.1,NIFTY13APR2624000CE,24000.0,CE,156.8,156.65,160.0,155.0,160.0,155.0,0.000638,0.002232,ws,ws,book_ladder,book_ladder,False,False,-3.2,1.65,65,-9.75,strategy_S5-10:NIFTY:2026-04-10T12:12:58:LONG
2026-04-10,12:13:30,2026-04-10,12:14:41,NIFTY,BUY,24013.3,24017.65,NIFTY13APR2624000CE,24000.0,CE,156.85,158.5,160.0,155.0,160.0,155.0,0.001914,0.000946,ws,ws,book_ladder,book_ladder,False,False,-3.15,3.5,65,107.25,strategy_S5-10:NIFTY:2026-04-10T12:13:30:LONG
2026-04-10,12:15:34,2026-04-10,12:16:30,NIFTY,SELL,24007.35,23998.45,NIFTY13APR2624050PE,24050.0,PE,165.15,168.25,170.0,165.0,170.0,165.0,0.001212,0.002375,ws,ws,book_ladder,book_ladder,False,False,-4.85,3.25,65,201.5,strategy_S5-10:NIFTY:2026-04-10T12:15:34:SHORT
2026-04-10,12:16:53,2026-04-10,12:17:44,NIFTY,BUY,24000.75,24002.5,NIFTY13APR2624000CE,24000.0,CE,152.95,155.25,155.0,155.0,155.0,155.0,0.002291,0.001609,ws,ws,book_ladder,book_ladder,False,False,-2.05,0.25,65,149.5,strategy_S5-10:NIFTY:2026-04-10T12:16:53:LONG
2026-04-10,12:18:03,2026-04-10,12:18:49,NIFTY,SELL,24002.15,23997.25,NIFTY13APR2624050PE,24050.0,PE,167.5,167.9,170.0,165.0,170.0,165.0,0.002391,0.00238,ws,ws,book_ladder,book_ladder,False,False,-2.5,2.9,65,26.0,strategy_S5-10:NIFTY:2026-04-10T12:18:03:SHORT
2026-04-10,12:19:23,2026-04-10,12:20:18,NIFTY,BUY,24000.6,24001.8,NIFTY13APR2624000CE,24000.0,CE,150.6,152.25,155.0,150.0,155.0,150.0,0.002327,0.002624,ws,ws,book_ladder,book_ladder,False,False,-4.4,2.25,65,107.25,strategy_S5-10:NIFTY:2026-04-10T12:19:23:LONG
2026-04-10,12:20:38,2026-04-10,12:21:53,NIFTY,SELL,24000.3,23994.55,NIFTY13APR2624050PE,24050.0,PE,168.65,168.5,170.0,165.0,170.0,165.0,0.002375,0.001779,ws,ws,book_ladder,book_ladder,False,False,-1.35,3.5,65,-9.75,strategy_S5-10:NIFTY:2026-04-10T12:20:38:SHORT
2026-04-10,12:22:30,2026-04-10,12:22:47,NIFTY,BUY,23998.55,23995.9,NIFTY13APR2623950CE,23950.0,CE,178.65,179.0,180.0,175.0,180.0,175.0,0.002242,0.002511,ws,ws,book_ladder,book_ladder,False,False,-1.35,4.0,65,22.75,strategy_S5-10:NIFTY:2026-04-10T12:22:30:LONG
2026-04-10,12:23:13,2026-04-10,12:26:08,NIFTY,BUY,23999.25,24028.85,NIFTY13APR2623950CE,23950.0,CE,179.75,194.8,180.0,190.0,180.0,190.0,0.001949,0.002307,ws,ws,book_ladder,book_ladder,False,False,-0.25,4.8,65,978.25,strategy_S5-10:NIFTY:2026-04-10T12:23:13:LONG
2026-04-10,12:26:40,2026-04-10,12:27:50,NIFTY,SELL,24019.9,24009.4,NIFTY13APR2624050PE,24050.0,PE,156.45,162.05,160.0,160.0,160.0,160.0,0.000639,0.002465,ws,ws,book_ladder,book_ladder,False,False,-3.55,2.05,65,364.0,strategy_S5-10:NIFTY:2026-04-10T12:26:40:SHORT
2026-04-10,12:28:07,2026-04-10,12:29:00,NIFTY,SELL,24006.95,23999.1,NIFTY13APR2624050PE,24050.0,PE,163.0,164.75,165.0,160.0,165.0,160.0,0.001535,0.001516,ws,ws,book_ladder,book_ladder,False,False,-2.0,4.75,65,113.75,strategy_S5-10:NIFTY:2026-04-10T12:28:07:SHORT
2026-04-10,12:29:14,2026-04-10,12:30:23,NIFTY,BUY,24001.8,24006.7,NIFTY13APR2624000CE,24000.0,CE,154.55,154.65,155.0,150.0,155.0,150.0,0.002267,0.000969,ws,ws,book_ladder,book_ladder,False,False,-0.45,4.65,65,6.5,strategy_S5-10:NIFTY:2026-04-10T12:29:14:LONG
2026-04-10,12:31:30,2026-04-10,12:31:36,NIFTY,BUY,24012.0,24009.4,NIFTY13APR2624000CE,24000.0,CE,157.55,156.5,160.0,155.0,160.0,155.0,0.00127,0.001277,ws,ws,book_ladder,book_ladder,False,False,-2.45,1.5,65,-68.25,strategy_S5-10:NIFTY:2026-04-10T12:31:30:LONG
2026-04-10,12:32:11,2026-04-10,12:32:19,NIFTY,SELL,24007.35,24009.75,NIFTY13APR2624050PE,24050.0,PE,161.2,161.2,165.0,160.0,165.0,160.0,0.001241,0.00124,ws,ws,book_ladder,book_ladder,False,False,-3.8,1.2,65,0.0,strategy_S5-10:NIFTY:2026-04-10T12:32:11:SHORT
2026-04-10,12:32:26,2026-04-10,12:32:49,NIFTY,BUY,24011.55,24010.9,NIFTY13APR2624000CE,24000.0,CE,156.35,155.45,160.0,155.0,160.0,155.0,0.002241,0.002249,ws,ws,book_ladder,book_ladder,False,False,-3.65,0.45,65,-58.5,strategy_S5-10:NIFTY:2026-04-10T12:32:26:LONG
2026-04-10,12:32:50,2026-04-10,12:33:00,NIFTY,SELL,24009.75,24012.25,NIFTY13APR2624050PE,24050.0,PE,162.7,161.4,165.0,160.0,165.0,160.0,0.001538,0.001548,ws,ws,book_ladder,book_ladder,False,False,-2.3,1.4,65,-84.5,strategy_S5-10:NIFTY:2026-04-10T12:32:50:SHORT
2026-04-10,12:33:11,2026-04-10,12:33:35,NIFTY,BUY,24013.45,24012.25,NIFTY13APR2624000CE,24000.0,CE,157.9,156.7,160.0,155.0,160.0,155.0,0.002536,0.001594,ws,ws,book_ladder,book_ladder,False,False,-2.1,1.7,65,-78.0,strategy_S5-10:NIFTY:2026-04-10T12:33:11:LONG
2026-04-10,12:33:40,2026-04-10,12:34:00,NIFTY,SELL,24009.7,24006.45,NIFTY13APR2624050PE,24050.0,PE,161.5,162.3,165.0,160.0,165.0,160.0,0.001239,0.002154,ws,ws,book_ladder,book_ladder,False,False,-3.5,2.3,65,52.0,strategy_S5-10:NIFTY:2026-04-10T12:33:40:SHORT
2026-04-10,12:34:10,2026-04-10,12:34:30,NIFTY,SELL,24001.0,24005.8,NIFTY13APR2624050PE,24050.0,PE,163.45,162.5,165.0,160.0,165.0,160.0,0.001531,0.002152,ws,ws,book_ladder,book_ladder,False,False,-1.55,2.5,65,-61.75,strategy_S5-10:NIFTY:2026-04-10T12:34:10:SHORT
2026-04-10,12:34:43,2026-04-10,12:35:00,NIFTY,SELL,23998.25,24000.95,NIFTY13APR2624000PE,24000.0,PE,139.7,139.25,140.0,135.0,140.0,135.0,0.00215,0.001077,ws,ws,book_ladder,book_ladder,False,False,-0.3,4.25,65,-29.25,strategy_S5-10:NIFTY:2026-04-10T12:34:43:SHORT
2026-04-10,12:35:15,2026-04-10,12:37:18,NIFTY,BUY,24003.6,24017.45,NIFTY13APR2624000CE,24000.0,CE,154.95,157.2,155.0,155.0,155.0,155.0,0.002261,0.002541,ws,ws,book_ladder,book_ladder,False,False,-0.05,2.2,65,146.25,strategy_S5-10:NIFTY:2026-04-10T12:35:15:LONG
2026-04-10,12:37:24,2026-04-10,12:38:34,NIFTY,SELL,24013.2,24012.05,NIFTY13APR2624050PE,24050.0,PE,160.9,161.3,165.0,160.0,165.0,160.0,0.001866,0.002477,ws,ws,book_ladder,book_ladder,False,False,-4.1,1.3,65,26.0,strategy_S5-10:NIFTY:2026-04-10T12:37:24:SHORT
2026-04-10,12:39:00,2026-04-10,12:39:06,NIFTY,BUY,24013.9,24009.35,NIFTY13APR2624000CE,24000.0,CE,156.55,153.75,160.0,150.0,160.0,150.0,0.002558,0.000975,ws,ws,book_ladder,book_ladder,False,False,-3.45,3.75,65,-182.0,strategy_S5-10:NIFTY:2026-04-10T12:39:00:LONG
2026-04-10,12:39:10,2026-04-10,12:39:29,NIFTY,SELL,24007.65,24011.65,NIFTY13APR2624050PE,24050.0,PE,162.15,159.7,165.0,155.0,165.0,155.0,0.001852,0.001564,ws,ws,book_ladder,book_ladder,False,False,-2.85,4.7,65,-159.25,strategy_S5-10:NIFTY:2026-04-10T12:39:10:SHORT
2026-04-10,12:39:30,2026-04-10,12:41:35,NIFTY,BUY,24012.05,24018.4,NIFTY13APR2624000CE,24000.0,CE,156.2,157.8,160.0,155.0,160.0,155.0,0.002243,0.001899,ws,ws,book_ladder,book_ladder,False,False,-3.8,2.8,65,104.0,strategy_S5-10:NIFTY:2026-04-10T12:39:30:LONG
2026-04-10,12:42:03,2026-04-10,12:42:11,NIFTY,SELL,24011.9,24014.85,NIFTY13APR2624050PE,24050.0,PE,159.6,159.7,160.0,155.0,160.0,155.0,0.002509,0.002189,ws,ws,book_ladder,book_ladder,False,False,-0.4,4.7,65,6.5,strategy_S5-10:NIFTY:2026-04-10T12:42:03:SHORT
2026-04-10,12:42:25,2026-04-10,12:42:50,NIFTY,BUY,24020.1,24018.35,NIFTY13APR2624000CE,24000.0,CE,158.95,157.65,160.0,155.0,160.0,155.0,0.002204,0.001268,ws,ws,book_ladder,book_ladder,False,False,-1.05,2.65,65,-84.5,strategy_S5-10:NIFTY:2026-04-10T12:42:25:LONG
2026-04-10,12:43:28,2026-04-10,12:44:15,NIFTY,SELL,24014.5,24007.9,NIFTY13APR2624050PE,24050.0,PE,160.85,163.05,165.0,160.0,165.0,160.0,0.002802,0.00245,ws,ws,book_ladder,book_ladder,False,False,-4.15,3.05,65,143.0,strategy_S5-10:NIFTY:2026-04-10T12:43:28:SHORT
2026-04-10,12:44:58,2026-04-10,12:45:42,NIFTY,SELL,24003.3,24005.55,NIFTY13APR2624050PE,24050.0,PE,165.35,164.15,170.0,160.0,170.0,160.0,0.001513,0.001826,ws,ws,book_ladder,book_ladder,False,False,-4.65,4.15,65,-78.0,strategy_S5-10:NIFTY:2026-04-10T12:44:58:SHORT
2026-04-10,12:46:00,2026-04-10,12:46:04,NIFTY,BUY,24006.8,24004.15,NIFTY13APR2624000CE,24000.0,CE,151.65,150.9,155.0,150.0,155.0,150.0,0.00066,0.001655,ws,ws,book_ladder,book_ladder,False,False,-3.35,0.9,65,-48.75,strategy_S5-10:NIFTY:2026-04-10T12:46:00:LONG
2026-04-10,12:46:36,2026-04-10,12:46:59,NIFTY,BUY,24007.45,24003.85,NIFTY13APR2624000CE,24000.0,CE,152.45,150.35,155.0,150.0,155.0,150.0,0.002298,0.002325,ws,ws,book_ladder,book_ladder,False,False,-2.55,0.35,65,-136.5,strategy_S5-10:NIFTY:2026-04-10T12:46:36:LONG
2026-04-10,12:47:24,2026-04-10,12:47:30,NIFTY,SELL,24002.6,24004.65,NIFTY13APR2624050PE,24050.0,PE,166.9,167.05,170.0,165.0,170.0,165.0,0.001499,0.001794,ws,ws,book_ladder,book_ladder,False,False,-3.1,2.05,65,9.75,strategy_S5-10:NIFTY:2026-04-10T12:47:24:SHORT
2026-04-10,12:47:56,2026-04-10,12:49:10,NIFTY,BUY,24007.25,24014.75,NIFTY13APR2624000CE,24000.0,CE,151.9,156.2,155.0,155.0,155.0,155.0,0.001647,0.001919,ws,ws,book_ladder,book_ladder,False,False,-3.1,1.2,65,279.5,strategy_S5-10:NIFTY:2026-04-10T12:47:56:LONG
2026-04-10,12:49:55,2026-04-10,12:50:30,NIFTY,SELL,24011.0,24006.1,NIFTY13APR2624050PE,24050.0,PE,161.1,164.8,165.0,160.0,165.0,160.0,0.000932,0.002424,ws,ws,book_ladder,book_ladder,False,False,-3.9,4.8,65,240.5,strategy_S5-10:NIFTY:2026-04-10T12:49:55:SHORT
2026-04-10,12:50:46,2026-04-10,12:51:00,NIFTY,SELL,24004.1,24000.55,NIFTY13APR2624050PE,24050.0,PE,165.9,168.65,170.0,165.0,170.0,165.0,0.000905,0.002073,ws,ws,book_ladder,book_ladder,False,False,-4.1,3.65,65,178.75,strategy_S5-10:NIFTY:2026-04-10T12:50:46:SHORT
2026-04-10,12:51:23,2026-04-10,12:51:56,NIFTY,SELL,23998.3,23994.75,NIFTY13APR2624000PE,24000.0,PE,143.75,141.6,145.0,140.0,145.0,140.0,0.001741,0.002116,ws,ws,book_ladder,book_ladder,False,False,-1.25,1.6,65,-139.75,strategy_S5-10:NIFTY:2026-04-10T12:51:23:SHORT
2026-04-10,12:52:15,2026-04-10,12:52:49,NIFTY,BUY,24000.1,24006.9,NIFTY13APR2624000CE,24000.0,CE,149.9,151.3,150.0,150.0,150.0,150.0,0.000667,0.001981,ws,ws,book_ladder,book_ladder,False,False,-0.1,1.3,65,91.0,strategy_S5-10:NIFTY:2026-04-10T12:52:15:LONG
2026-04-10,12:53:01,2026-04-10,12:53:45,NIFTY,SELL,24003.1,24002.7,NIFTY13APR2624050PE,24050.0,PE,164.45,164.3,165.0,160.0,165.0,160.0,0.001521,0.001217,ws,ws,book_ladder,book_ladder,False,False,-0.55,4.3,65,-9.75,strategy_S5-10:NIFTY:2026-04-10T12:53:01:SHORT
2026-04-10,12:53:58,2026-04-10,12:54:13,NIFTY,BUY,24004.95,23997.4,NIFTY13APR2624000CE,24000.0,CE,152.15,147.6,155.0,145.0,155.0,145.0,0.000986,0.001692,ws,ws,book_ladder,book_ladder,False,False,-2.85,2.6,65,-295.75,strategy_S5-10:NIFTY:2026-04-10T12:53:58:LONG
2026-04-10,12:54:40,2026-04-10,12:54:50,NIFTY,SELL,23987.85,23992.55,NIFTY13APR2624000PE,24000.0,PE,142.85,142.35,145.0,140.0,145.0,140.0,0.002102,0.001404,ws,ws,book_ladder,book_ladder,False,False,-2.15,2.35,65,-32.5,strategy_S5-10:NIFTY:2026-04-10T12:54:40:SHORT
2026-04-10,12:55:08,2026-04-10,12:56:09,NIFTY,BUY,24004.0,24000.8,NIFTY13APR2624000CE,24000.0,CE,150.7,150.25,155.0,150.0,155.0,150.0,0.001993,0.002659,ws,ws,book_ladder,book_ladder,False,False,-4.3,0.25,65,-29.25,strategy_S5-10:NIFTY:2026-04-10T12:55:08:LONG
2026-04-10,12:56:23,2026-04-10,12:57:00,NIFTY,SELL,23999.3,24000.4,NIFTY13APR2624000PE,24000.0,PE,140.55,141.05,145.0,140.0,145.0,140.0,0.00178,0.001771,ws,ws,book_ladder,book_ladder,False,False,-4.45,1.05,65,32.5,strategy_S5-10:NIFTY:2026-04-10T12:56:23:SHORT
2026-04-10,12:57:26,2026-04-10,12:57:45,NIFTY,SELL,23994.35,23998.55,NIFTY13APR2624000PE,24000.0,PE,143.2,141.7,145.0,140.0,145.0,140.0,0.001398,0.002115,ws,ws,book_ladder,book_ladder,False,False,-1.8,1.7,65,-97.5,strategy_S5-10:NIFTY:2026-04-10T12:57:26:SHORT
2026-04-10,12:58:20,2026-04-10,12:59:27,NIFTY,BUY,24003.75,24005.05,NIFTY13APR2624000CE,24000.0,CE,151.2,151.4,155.0,150.0,155.0,150.0,0.001986,0.002309,ws,ws,book_ladder,book_ladder,False,False,-3.8,1.4,65,13.0,strategy_S5-10:NIFTY:2026-04-10T12:58:20:LONG
2026-04-10,13:00:45,2026-04-10,13:01:41,NIFTY,BUY,24007.15,24008.1,NIFTY13APR2624000CE,24000.0,CE,151.9,154.1,155.0,150.0,155.0,150.0,0.002307,0.001945,ws,ws,book_ladder,book_ladder,False,False,-3.1,4.1,65,143.0,strategy_S5-10:NIFTY:2026-04-10T13:00:45:LONG
2026-04-10,13:02:24,2026-04-10,13:02:54,NIFTY,SELL,24008.25,24010.05,NIFTY13APR2624050PE,24050.0,PE,162.1,162.85,165.0,160.0,165.0,160.0,0.000617,0.001534,ws,ws,book_ladder,book_ladder,False,False,-2.9,2.85,65,48.75,strategy_S5-10:NIFTY:2026-04-10T13:02:24:SHORT
2026-04-10,13:03:00,2026-04-10,13:03:52,NIFTY,BUY,24012.25,24012.85,NIFTY13APR2624000CE,24000.0,CE,153.2,155.05,155.0,155.0,155.0,155.0,0.002614,0.002255,ws,ws,book_ladder,book_ladder,False,False,-1.8,0.05,65,120.25,strategy_S5-10:NIFTY:2026-04-10T13:03:00:LONG
2026-04-10,13:04:34,2026-04-10,13:04:45,NIFTY,SELL,24012.05,24014.0,NIFTY13APR2624050PE,24050.0,PE,159.45,159.7,160.0,155.0,160.0,155.0,0.001569,0.001252,ws,ws,book_ladder,book_ladder,False,False,-0.55,4.7,65,16.25,strategy_S5-10:NIFTY:2026-04-10T13:04:34:SHORT
2026-04-10,13:05:06,2026-04-10,13:05:10,NIFTY,BUY,24015.05,24013.0,NIFTY13APR2624000CE,24000.0,CE,155.4,154.55,160.0,150.0,160.0,150.0,0.002255,0.002262,ws,ws,book_ladder,book_ladder,False,False,-4.6,4.55,65,-55.25,strategy_S5-10:NIFTY:2026-04-10T13:05:06:LONG
2026-04-10,13:05:34,2026-04-10,13:06:00,NIFTY,SELL,24011.7,24010.5,NIFTY13APR2624050PE,24050.0,PE,160.6,161.15,165.0,160.0,165.0,160.0,0.002182,0.00186,ws,ws,book_ladder,book_ladder,False,False,-4.4,1.15,65,35.75,strategy_S5-10:NIFTY:2026-04-10T13:05:34:SHORT
2026-04-10,13:06:15,2026-04-10,13:06:55,NIFTY,BUY,24013.15,24015.65,NIFTY13APR2624000CE,24000.0,CE,154.5,155.55,155.0,155.0,155.0,155.0,0.002592,0.002568,ws,ws,book_ladder,book_ladder,False,False,-0.5,0.55,65,68.25,strategy_S5-10:NIFTY:2026-04-10T13:06:15:LONG
2026-04-10,13:07:00,2026-04-10,13:07:10,NIFTY,BUY,24017.95,24015.65,NIFTY13APR2624000CE,24000.0,CE,156.4,155.2,160.0,155.0,160.0,155.0,0.00128,0.002253,ws,ws,book_ladder,book_ladder,False,False,-3.6,0.2,65,-78.0,strategy_S5-10:NIFTY:2026-04-10T13:07:00:LONG
2026-04-10,13:07:30,2026-04-10,13:07:51,NIFTY,BUY,24017.6,24015.8,NIFTY13APR2624000CE,24000.0,CE,155.85,155.8,160.0,155.0,160.0,155.0,0.002248,0.000962,ws,ws,book_ladder,book_ladder,False,False,-4.15,0.8,65,-3.25,strategy_S5-10:NIFTY:2026-04-10T13:07:30:LONG
2026-04-10,13:08:15,2026-04-10,13:08:35,NIFTY,BUY,24018.3,24017.35,NIFTY13APR2624000CE,24000.0,CE,157.0,156.2,160.0,155.0,160.0,155.0,0.001594,0.002558,ws,ws,book_ladder,book_ladder,False,False,-3.0,1.2,65,-52.0,strategy_S5-10:NIFTY:2026-04-10T13:08:15:LONG
2026-04-10,13:08:45,2026-04-10,13:09:08,NIFTY,BUY,24020.25,24018.0,NIFTY13APR2624000CE,24000.0,CE,158.5,156.95,160.0,155.0,160.0,155.0,0.001895,0.002863,ws,ws,book_ladder,book_ladder,False,False,-1.5,1.95,65,-100.75,strategy_S5-10:NIFTY:2026-04-10T13:08:45:LONG
2026-04-10,13:09:15,2026-04-10,13:09:30,NIFTY,SELL,24017.2,24017.15,NIFTY13APR2624050PE,24050.0,PE,158.35,158.25,160.0,155.0,160.0,155.0,0.002213,0.002209,ws,ws,book_ladder,book_ladder,False,False,-1.65,3.25,65,-6.5,strategy_S5-10:NIFTY:2026-04-10T13:09:15:SHORT
2026-04-10,13:09:45,2026-04-10,13:10:07,NIFTY,BUY,24019.9,24018.0,NIFTY13APR2624000CE,24000.0,CE,157.1,156.1,160.0,155.0,160.0,155.0,0.00223,0.002559,ws,ws,book_ladder,book_ladder,False,False,-2.9,1.1,65,-65.0,strategy_S5-10:NIFTY:2026-04-10T13:09:45:LONG
2026-04-10,13:10:26,2026-04-10,13:11:00,NIFTY,SELL,24015.0,24017.6,NIFTY13APR2624050PE,24050.0,PE,159.75,159.15,160.0,155.0,160.0,155.0,0.002507,0.001883,ws,ws,book_ladder,book_ladder,False,False,-0.25,4.15,65,-39.0,strategy_S5-10:NIFTY:2026-04-10T13:10:26:SHORT
2026-04-10,13:11:49,2026-04-10,13:12:00,NIFTY,SELL,24011.1,24013.65,NIFTY13APR2624050PE,24050.0,PE,161.8,160.9,165.0,160.0,165.0,160.0,0.002166,0.001863,ws,ws,book_ladder,book_ladder,False,False,-3.2,0.9,65,-58.5,strategy_S5-10:NIFTY:2026-04-10T13:11:49:SHORT
2026-04-10,13:12:22,2026-04-10,13:14:15,NIFTY,SELL,24010.45,24001.95,NIFTY13APR2624050PE,24050.0,PE,162.35,167.7,165.0,165.0,165.0,165.0,0.00185,0.001787,ws,ws,book_ladder,book_ladder,False,False,-2.65,2.7,65,347.75,strategy_S5-10:NIFTY:2026-04-10T13:12:22:SHORT
2026-04-10,13:14:45,2026-04-10,13:15:09,NIFTY,BUY,24004.7,24000.35,NIFTY13APR2624000CE,24000.0,CE,148.6,148.15,150.0,145.0,150.0,145.0,0.002021,0.001349,ws,ws,book_ladder,book_ladder,False,False,-1.4,3.15,65,-29.25,strategy_S5-10:NIFTY:2026-04-10T13:14:45:LONG
2026-04-10,13:16:00,2026-04-10,13:16:14,NIFTY,BUY,24006.35,24003.75,NIFTY13APR2624000CE,24000.0,CE,149.35,148.0,150.0,145.0,150.0,145.0,0.002346,0.000338,ws,ws,book_ladder,book_ladder,False,False,-0.65,3.0,65,-87.75,strategy_S5-10:NIFTY:2026-04-10T13:16:00:LONG
2026-04-10,13:16:20,2026-04-10,13:16:30,NIFTY,SELL,24001.55,24002.35,NIFTY13APR2624050PE,24050.0,PE,167.0,166.8,170.0,165.0,170.0,165.0,0.000899,0.002096,ws,ws,book_ladder,book_ladder,False,False,-3.0,1.8,65,-13.0,strategy_S5-10:NIFTY:2026-04-10T13:16:20:SHORT
2026-04-10,13:16:59,2026-04-10,13:18:05,NIFTY,BUY,24003.2,24009.2,NIFTY13APR2624000CE,24000.0,CE,148.75,151.0,150.0,150.0,150.0,150.0,0.002019,0.002646,ws,ws,book_ladder,book_ladder,False,False,-1.25,1.0,65,146.25,strategy_S5-10:NIFTY:2026-04-10T13:16:59:LONG
2026-04-10,13:18:14,2026-04-10,13:19:15,NIFTY,SELL,24006.9,24001.8,NIFTY13APR2624050PE,24050.0,PE,164.1,166.4,165.0,165.0,165.0,165.0,0.00061,0.001201,ws,ws,book_ladder,book_ladder,False,False,-0.9,1.4,65,149.5,strategy_S5-10:NIFTY:2026-04-10T13:18:14:SHORT
2026-04-10,13:19:49,2026-04-10,13:20:41,NIFTY,SELL,23999.8,23999.1,NIFTY13APR2624000PE,24000.0,PE,142.75,143.05,145.0,140.0,145.0,140.0,0.002455,0.001746,ws,ws,book_ladder,book_ladder,False,False,-2.25,3.05,65,19.5,strategy_S5-10:NIFTY:2026-04-10T13:19:49:SHORT
2026-04-10,13:20:56,2026-04-10,13:21:17,NIFTY,BUY,24001.5,23998.6,NIFTY13APR2624000CE,24000.0,CE,148.45,147.2,150.0,145.0,150.0,145.0,0.002023,0.002714,ws,ws,book_ladder,book_ladder,False,False,-1.55,2.2,65,-81.25,strategy_S5-10:NIFTY:2026-04-10T13:20:56:LONG
2026-04-10,13:22:15,2026-04-10,13:22:46,NIFTY,BUY,24001.75,24002.15,NIFTY13APR2624000CE,24000.0,CE,147.6,148.8,150.0,145.0,150.0,145.0,0.002374,0.002349,ws,ws,book_ladder,book_ladder,False,False,-2.4,3.8,65,78.0,strategy_S5-10:NIFTY:2026-04-10T13:22:15:LONG
2026-04-10,13:23:07,2026-04-10,13:23:25,NIFTY,SELL,24000.35,24001.35,NIFTY13APR2624050PE,24050.0,PE,166.4,165.55,170.0,165.0,170.0,165.0,0.002106,0.001207,ws,ws,book_ladder,book_ladder,False,False,-3.6,0.55,65,-55.25,strategy_S5-10:NIFTY:2026-04-10T13:23:07:SHORT
2026-04-10,13:23:30,2026-04-10,13:23:42,NIFTY,BUY,24002.3,24000.25,NIFTY13APR2624000CE,24000.0,CE,148.45,148.15,150.0,145.0,150.0,145.0,0.002023,0.001686,ws,ws,book_ladder,book_ladder,False,False,-1.55,3.15,65,-19.5,strategy_S5-10:NIFTY:2026-04-10T13:23:30:LONG
2026-04-10,13:24:02,2026-04-10,13:24:26,NIFTY,SELL,23996.45,23999.35,NIFTY13APR2624000PE,24000.0,PE,144.0,142.85,145.0,140.0,145.0,140.0,0.001738,0.002447,ws,ws,book_ladder,book_ladder,False,False,-1.0,2.85,65,-74.75,strategy_S5-10:NIFTY:2026-04-10T13:24:02:SHORT
2026-04-10,13:24:30,2026-04-10,13:24:57,NIFTY,BUY,24000.55,23999.25,NIFTY13APR2624000CE,24000.0,CE,148.7,147.2,150.0,145.0,150.0,145.0,0.00202,0.001358,ws,ws,book_ladder,book_ladder,False,False,-1.3,2.2,65,-97.5,strategy_S5-10:NIFTY:2026-04-10T13:24:30:LONG
2026-04-10,13:25:00,2026-04-10,13:25:27,NIFTY,SELL,23998.05,23999.5,NIFTY13APR2624000PE,24000.0,PE,143.0,142.55,145.0,140.0,145.0,140.0,0.0014,0.001402,ws,ws,book_ladder,book_ladder,False,False,-2.0,2.55,65,-29.25,strategy_S5-10:NIFTY:2026-04-10T13:25:00:SHORT
2026-04-10,13:25:45,2026-04-10,13:27:25,NIFTY,BUY,23999.75,24007.1,NIFTY13APR2623950CE,23950.0,CE,176.0,178.6,180.0,175.0,180.0,175.0,0.002275,0.001119,ws,ws,book_ladder,book_ladder,False,False,-4.0,3.6,65,169.0,strategy_S5-10:NIFTY:2026-04-10T13:25:45:LONG
2026-04-10,13:27:32,2026-04-10,13:28:00,NIFTY,SELL,24003.65,24004.0,NIFTY13APR2624050PE,24050.0,PE,164.85,164.8,165.0,160.0,165.0,160.0,0.001214,0.001819,ws,ws,book_ladder,book_ladder,False,False,-0.15,4.8,65,-3.25,strategy_S5-10:NIFTY:2026-04-10T13:27:32:SHORT
2026-04-10,13:28:43,2026-04-10,13:29:25,NIFTY,BUY,24005.85,24006.05,NIFTY13APR2624000CE,24000.0,CE,149.35,150.1,150.0,150.0,150.0,150.0,0.002011,0.000666,ws,ws,book_ladder,book_ladder,False,False,-0.65,0.1,65,48.75,strategy_S5-10:NIFTY:2026-04-10T13:28:43:LONG
2026-04-10,13:30:00,2026-04-10,13:30:39,NIFTY,BUY,24008.95,24006.5,NIFTY13APR2624000CE,24000.0,CE,151.2,150.2,155.0,150.0,155.0,150.0,0.002317,0.000998,ws,ws,book_ladder,book_ladder,False,False,-3.8,0.2,65,-65.0,strategy_S5-10:NIFTY:2026-04-10T13:30:00:LONG
2026-04-10,13:30:40,2026-04-10,13:31:00,NIFTY,SELL,24006.0,24008.3,NIFTY13APR2624050PE,24050.0,PE,164.15,162.7,165.0,160.0,165.0,160.0,0.000914,0.001229,ws,ws,book_ladder,book_ladder,False,False,-0.85,2.7,65,-94.25,strategy_S5-10:NIFTY:2026-04-10T13:30:40:SHORT
2026-04-10,13:31:26,2026-04-10,13:31:30,NIFTY,SELL,24004.45,24006.15,NIFTY13APR2624050PE,24050.0,PE,164.0,163.0,165.0,160.0,165.0,160.0,0.001831,0.001839,ws,ws,book_ladder,book_ladder,False,False,-1.0,3.0,65,-65.0,strategy_S5-10:NIFTY:2026-04-10T13:31:26:SHORT
2026-04-10,13:31:40,2026-04-10,13:31:45,NIFTY,SELL,24004.9,24007.4,NIFTY13APR2624050PE,24050.0,PE,163.3,162.2,165.0,160.0,165.0,160.0,0.001839,0.002156,ws,ws,book_ladder,book_ladder,False,False,-1.7,2.2,65,-71.5,strategy_S5-10:NIFTY:2026-04-10T13:31:40:SHORT
2026-04-10,13:31:56,2026-04-10,13:33:19,NIFTY,BUY,24008.9,24011.7,NIFTY13APR2624000CE,24000.0,CE,151.2,152.5,155.0,150.0,155.0,150.0,0.000331,0.001965,ws,ws,book_ladder,book_ladder,False,False,-3.8,2.5,65,84.5,strategy_S5-10:NIFTY:2026-04-10T13:31:56:LONG
2026-04-10,13:33:25,2026-04-10,13:34:30,NIFTY,SELL,24010.2,24007.15,NIFTY13APR2624050PE,24050.0,PE,161.0,164.05,165.0,160.0,165.0,160.0,0.001243,0.002131,ws,ws,book_ladder,book_ladder,False,False,-4.0,4.05,65,198.25,strategy_S5-10:NIFTY:2026-04-10T13:33:25:SHORT
2026-04-10,13:34:55,2026-04-10,13:35:00,NIFTY,SELL,24003.75,24006.15,NIFTY13APR2624050PE,24050.0,PE,164.35,164.5,165.0,160.0,165.0,160.0,0.002132,0.001215,ws,ws,book_ladder,book_ladder,False,False,-0.65,4.5,65,9.75,strategy_S5-10:NIFTY:2026-04-10T13:34:55:SHORT
2026-04-10,13:35:15,2026-04-10,13:35:21,NIFTY,BUY,24006.95,24005.2,NIFTY13APR2624000CE,24000.0,CE,149.1,148.1,150.0,145.0,150.0,145.0,0.00235,0.001687,ws,ws,book_ladder,book_ladder,False,False,-0.9,3.1,65,-65.0,strategy_S5-10:NIFTY:2026-04-10T13:35:15:LONG
2026-04-10,13:35:30,2026-04-10,13:35:37,NIFTY,BUY,24007.7,24004.8,NIFTY13APR2624000CE,24000.0,CE,147.75,147.1,150.0,145.0,150.0,145.0,0.002372,0.002037,ws,ws,book_ladder,book_ladder,False,False,-2.25,2.1,65,-42.25,strategy_S5-10:NIFTY:2026-04-10T13:35:30:LONG
2026-04-10,13:35:52,2026-04-10,13:36:07,NIFTY,SELL,24003.35,24003.95,NIFTY13APR2624050PE,24050.0,PE,165.6,163.5,170.0,160.0,170.0,160.0,0.001813,0.002443,ws,ws,book_ladder,book_ladder,False,False,-4.4,3.5,65,-136.5,strategy_S5-10:NIFTY:2026-04-10T13:35:52:SHORT
2026-04-10,13:36:20,2026-04-10,13:36:50,NIFTY,BUY,24008.95,24005.3,NIFTY13APR2624000CE,24000.0,CE,148.0,147.6,150.0,145.0,150.0,145.0,0.001352,0.002368,ws,ws,book_ladder,book_ladder,False,False,-2.0,2.6,65,-26.0,strategy_S5-10:NIFTY:2026-04-10T13:36:20:LONG
2026-04-10,13:37:18,2026-04-10,13:37:28,NIFTY,SELL,24004.0,24007.3,NIFTY13APR2624050PE,24050.0,PE,164.0,161.6,165.0,160.0,165.0,160.0,0.001831,0.002472,ws,ws,book_ladder,book_ladder,False,False,-1.0,1.6,65,-156.0,strategy_S5-10:NIFTY:2026-04-10T13:37:18:SHORT
2026-04-10,13:37:30,2026-04-10,13:37:55,NIFTY,BUY,24008.25,24007.55,NIFTY13APR2624000CE,24000.0,CE,149.1,148.6,150.0,145.0,150.0,145.0,0.001678,0.002353,ws,ws,book_ladder,book_ladder,False,False,-0.9,3.6,65,-32.5,strategy_S5-10:NIFTY:2026-04-10T13:37:30:LONG
2026-04-10,13:38:30,2026-04-10,13:38:55,NIFTY,BUY,24008.8,24007.25,NIFTY13APR2624000CE,24000.0,CE,149.0,149.8,150.0,145.0,150.0,145.0,0.000671,0.002001,ws,ws,book_ladder,book_ladder,False,False,-1.0,4.8,65,52.0,strategy_S5-10:NIFTY:2026-04-10T13:38:30:LONG
2026-04-10,13:39:30,2026-04-10,13:41:54,NIFTY,BUY,24010.75,24016.95,NIFTY13APR2624000CE,24000.0,CE,150.5,155.1,155.0,155.0,155.0,155.0,0.001995,0.001932,ws,ws,book_ladder,book_ladder,False,False,-4.5,0.1,65,299.0,strategy_S5-10:NIFTY:2026-04-10T13:39:30:LONG
2026-04-10,13:42:08,2026-04-10,13:42:41,NIFTY,BUY,24022.25,24020.65,NIFTY13APR2624000CE,24000.0,CE,157.6,157.85,160.0,155.0,160.0,155.0,0.001905,0.001899,ws,ws,book_ladder,book_ladder,False,False,-2.4,2.85,65,16.25,strategy_S5-10:NIFTY:2026-04-10T13:42:08:LONG
2026-04-10,13:42:52,2026-04-10,13:43:57,NIFTY,BUY,24023.85,24022.55,NIFTY13APR2624000CE,24000.0,CE,157.9,160.25,160.0,160.0,160.0,160.0,0.002219,0.002493,ws,ws,book_ladder,book_ladder,False,False,-2.1,0.25,65,152.75,strategy_S5-10:NIFTY:2026-04-10T13:42:52:LONG
2026-04-10,13:45:12,2026-04-10,13:45:37,NIFTY,BUY,24023.8,24021.2,NIFTY13APR2624000CE,24000.0,CE,158.65,160.2,160.0,160.0,160.0,160.0,0.002209,0.002494,ws,ws,book_ladder,book_ladder,False,False,-1.35,0.2,65,100.75,strategy_S5-10:NIFTY:2026-04-10T13:45:12:LONG
2026-04-10,13:45:50,2026-04-10,13:46:17,NIFTY,BUY,24025.55,24022.45,NIFTY13APR2624000CE,24000.0,CE,162.35,163.3,165.0,160.0,165.0,160.0,0.002467,0.002752,ws,ws,book_ladder,book_ladder,False,False,-2.65,3.3,65,61.75,strategy_S5-10:NIFTY:2026-04-10T13:45:50:LONG
2026-04-10,13:46:40,2026-04-10,13:46:56,NIFTY,BUY,24028.15,24025.25,NIFTY13APR2624000CE,24000.0,CE,161.9,160.9,165.0,160.0,165.0,160.0,0.002783,0.000621,ws,ws,book_ladder,book_ladder,False,False,-3.1,0.9,65,-65.0,strategy_S5-10:NIFTY:2026-04-10T13:46:40:LONG
2026-04-10,13:47:04,2026-04-10,13:47:10,NIFTY,BUY,24027.8,24025.85,NIFTY13APR2624000CE,24000.0,CE,162.2,161.85,165.0,160.0,165.0,160.0,0.002469,0.000926,ws,ws,book_ladder,book_ladder,False,False,-2.8,1.85,65,-22.75,strategy_S5-10:NIFTY:2026-04-10T13:47:04:LONG
2026-04-10,13:47:25,2026-04-10,13:47:30,NIFTY,SELL,24024.3,24026.05,NIFTY13APR2624050PE,24050.0,PE,152.7,153.1,155.0,150.0,155.0,150.0,0.002295,0.002283,ws,ws,book_ladder,book_ladder,False,False,-2.3,3.1,65,26.0,strategy_S5-10:NIFTY:2026-04-10T13:47:25:SHORT
2026-04-10,13:47:55,2026-04-10,13:48:41,NIFTY,SELL,24023.05,24013.8,NIFTY13APR2624050PE,24050.0,PE,153.6,160.3,155.0,160.0,155.0,160.0,0.001629,0.002492,ws,ws,book_ladder,book_ladder,False,False,-1.4,0.3,65,435.5,strategy_S5-10:NIFTY:2026-04-10T13:47:55:SHORT
2026-04-10,13:49:05,2026-04-10,13:49:34,NIFTY,SELL,24011.75,24013.4,NIFTY13APR2624050PE,24050.0,PE,159.2,158.75,160.0,155.0,160.0,155.0,0.002201,0.002202,ws,ws,book_ladder,book_ladder,False,False,-0.8,3.75,65,-29.25,strategy_S5-10:NIFTY:2026-04-10T13:49:05:SHORT
2026-04-10,13:49:56,2026-04-10,13:50:06,NIFTY,BUY,24013.3,24011.85,NIFTY13APR2624000CE,24000.0,CE,152.8,152.0,155.0,150.0,155.0,150.0,0.001637,0.000658,ws,ws,book_ladder,book_ladder,False,False,-2.2,2.0,65,-52.0,strategy_S5-10:NIFTY:2026-04-10T13:49:56:LONG
2026-04-10,13:50:11,2026-04-10,13:51:00,NIFTY,SELL,24007.75,24007.7,NIFTY13APR2624050PE,24050.0,PE,160.35,158.9,165.0,155.0,165.0,155.0,0.002185,0.001886,ws,ws,book_ladder,book_ladder,False,False,-4.65,3.9,65,-94.25,strategy_S5-10:NIFTY:2026-04-10T13:50:11:SHORT
2026-04-10,13:51:18,2026-04-10,13:51:38,NIFTY,SELL,24003.55,24008.55,NIFTY13APR2624050PE,24050.0,PE,158.55,156.7,160.0,155.0,160.0,155.0,0.001894,0.000957,ws,ws,book_ladder,book_ladder,False,False,-1.45,1.7,65,-120.25,strategy_S5-10:NIFTY:2026-04-10T13:51:18:SHORT
2026-04-10,13:51:58,2026-04-10,13:52:25,NIFTY,BUY,24014.2,24013.75,NIFTY13APR2624000CE,24000.0,CE,156.45,156.35,160.0,155.0,160.0,155.0,0.00256,0.002555,ws,ws,book_ladder,book_ladder,False,False,-3.55,1.35,65,-6.5,strategy_S5-10:NIFTY:2026-04-10T13:51:58:LONG
2026-04-10,13:53:30,2026-04-10,13:54:26,NIFTY,BUY,24018.1,24018.25,NIFTY13APR2624000CE,24000.0,CE,155.0,155.6,155.0,155.0,155.0,155.0,0.002261,0.000642,ws,ws,book_ladder,book_ladder,False,False,0.0,0.6,65,39.0,strategy_S5-10:NIFTY:2026-04-10T13:53:30:LONG
2026-04-10,13:54:31,2026-04-10,13:54:59,NIFTY,BUY,24020.9,24018.6,NIFTY13APR2624000CE,24000.0,CE,156.9,156.1,160.0,155.0,160.0,155.0,0.001914,0.00192,ws,ws,book_ladder,book_ladder,False,False,-3.1,1.1,65,-52.0,strategy_S5-10:NIFTY:2026-04-10T13:54:31:LONG
2026-04-10,13:55:02,2026-04-10,13:55:30,NIFTY,SELL,24017.75,24019.25,NIFTY13APR2624050PE,24050.0,PE,156.0,154.9,160.0,150.0,160.0,150.0,0.001283,0.000968,ws,ws,book_ladder,book_ladder,False,False,-4.0,4.9,65,-71.5,strategy_S5-10:NIFTY:2026-04-10T13:55:02:SHORT
2026-04-10,13:55:53,2026-04-10,13:55:55,NIFTY,BUY,24019.65,24018.65,NIFTY13APR2624000CE,24000.0,CE,156.85,156.75,160.0,155.0,160.0,155.0,0.002553,0.001594,ws,ws,book_ladder,book_ladder,False,False,-3.15,1.75,65,-6.5,strategy_S5-10:NIFTY:2026-04-10T13:55:53:LONG
2026-04-10,13:56:00,2026-04-10,13:56:05,NIFTY,BUY,24020.75,24018.75,NIFTY13APR2624000CE,24000.0,CE,157.4,157.25,160.0,155.0,160.0,155.0,0.001908,0.00254,ws,ws,book_ladder,book_ladder,False,False,-2.6,2.25,65,-9.75,strategy_S5-10:NIFTY:2026-04-10T13:56:00:LONG
2026-04-10,13:56:21,2026-04-10,13:56:47,NIFTY,BUY,24020.95,24020.65,NIFTY13APR2624000CE,24000.0,CE,157.95,158.15,160.0,155.0,160.0,155.0,0.002218,0.002526,ws,ws,book_ladder,book_ladder,False,False,-2.05,3.15,65,13.0,strategy_S5-10:NIFTY:2026-04-10T13:56:21:LONG
2026-04-10,13:57:04,2026-04-10,13:58:29,NIFTY,BUY,24022.15,24026.1,NIFTY13APR2624000CE,24000.0,CE,160.0,161.8,160.0,160.0,160.0,160.0,0.000938,0.002161,ws,ws,book_ladder,book_ladder,False,False,0.0,1.8,65,117.0,strategy_S5-10:NIFTY:2026-04-10T13:57:04:LONG
2026-04-10,13:58:50,2026-04-10,14:00:26,NIFTY,BUY,24032.05,24044.55,NIFTY13APR2624000CE,24000.0,CE,166.65,173.0,170.0,170.0,170.0,170.0,0.002403,0.002309,ws,ws,book_ladder,book_ladder,False,False,-3.35,3.0,65,412.75,strategy_S5-10:NIFTY:2026-04-10T13:58:50:LONG
2026-04-10,14:01:13,2026-04-10,14:01:25,NIFTY,BUY,24041.05,24040.05,NIFTY13APR2624000CE,24000.0,CE,172.55,170.9,175.0,170.0,175.0,170.0,0.002321,0.002338,ws,ws,book_ladder,book_ladder,False,False,-2.45,0.9,65,-107.25,strategy_S5-10:NIFTY:2026-04-10T14:01:13:LONG
2026-04-10,14:01:35,2026-04-10,14:01:45,NIFTY,SELL,24035.4,24039.45,NIFTY13APR2624050PE,24050.0,PE,143.7,142.75,145.0,140.0,145.0,140.0,0.000696,0.0007,ws,ws,book_ladder,book_ladder,False,False,-1.3,2.75,65,-61.75,strategy_S5-10:NIFTY:2026-04-10T14:01:35:SHORT
2026-04-10,14:01:51,2026-04-10,14:02:12,NIFTY,BUY,24042.9,24040.3,NIFTY13APR2624000CE,24000.0,CE,173.15,172.85,175.0,170.0,175.0,170.0,0.002602,0.001734,ws,ws,book_ladder,book_ladder,False,False,-1.85,2.85,65,-19.5,strategy_S5-10:NIFTY:2026-04-10T14:01:51:LONG
2026-04-10,14:02:27,2026-04-10,14:03:30,NIFTY,SELL,24037.35,24032.5,NIFTY13APR2624050PE,24050.0,PE,144.5,144.3,145.0,140.0,145.0,140.0,0.001732,0.001731,ws,ws,book_ladder,book_ladder,False,False,-0.5,4.3,65,-13.0,strategy_S5-10:NIFTY:2026-04-10T14:02:27:SHORT
2026-04-10,14:04:30,2026-04-10,14:04:35,NIFTY,BUY,24031.6,24030.05,NIFTY13APR2624000CE,24000.0,CE,167.25,167.3,170.0,165.0,170.0,165.0,0.001795,0.002388,ws,ws,book_ladder,book_ladder,False,False,-2.75,2.3,65,3.25,strategy_S5-10:NIFTY:2026-04-10T14:04:30:LONG
2026-04-10,14:05:00,2026-04-10,14:05:22,NIFTY,BUY,24030.25,24033.6,NIFTY13APR2624000CE,24000.0,CE,167.7,169.0,170.0,165.0,170.0,165.0,0.001791,0.002659,ws,ws,book_ladder,book_ladder,False,False,-2.3,4.0,65,84.5,strategy_S5-10:NIFTY:2026-04-10T14:05:00:LONG
2026-04-10,14:06:00,2026-04-10,14:06:06,NIFTY,BUY,24036.9,24034.1,NIFTY13APR2624000CE,24000.0,CE,169.4,168.1,170.0,165.0,170.0,165.0,0.00266,0.00208,ws,ws,book_ladder,book_ladder,False,False,-0.6,3.1,65,-84.5,strategy_S5-10:NIFTY:2026-04-10T14:06:00:LONG
2026-04-10,14:06:25,2026-04-10,14:06:45,NIFTY,SELL,24032.9,24032.95,NIFTY13APR2624050PE,24050.0,PE,144.05,144.0,145.0,140.0,145.0,140.0,0.002085,0.002428,ws,ws,book_ladder,book_ladder,False,False,-0.95,4.0,65,-3.25,strategy_S5-10:NIFTY:2026-04-10T14:06:25:SHORT
2026-04-10,14:07:00,2026-04-10,14:07:10,NIFTY,BUY,24035.95,24033.1,NIFTY13APR2624000CE,24000.0,CE,168.2,166.1,170.0,165.0,170.0,165.0,0.002083,0.002405,ws,ws,book_ladder,book_ladder,False,False,-1.8,1.1,65,-136.5,strategy_S5-10:NIFTY:2026-04-10T14:07:00:LONG
2026-04-10,14:07:55,2026-04-10,14:08:00,NIFTY,SELL,24030.1,24032.55,NIFTY13APR2624050PE,24050.0,PE,145.6,144.9,150.0,140.0,150.0,140.0,0.002063,0.001724,ws,ws,book_ladder,book_ladder,False,False,-4.4,4.9,65,-45.5,strategy_S5-10:NIFTY:2026-04-10T14:07:55:SHORT
2026-04-10,14:08:17,2026-04-10,14:08:30,NIFTY,SELL,24028.75,24029.1,NIFTY13APR2624050PE,24050.0,PE,146.6,146.85,150.0,145.0,150.0,145.0,0.000341,0.00272,ws,ws,book_ladder,book_ladder,False,False,-3.4,1.85,65,16.25,strategy_S5-10:NIFTY:2026-04-10T14:08:17:SHORT
2026-04-10,14:08:59,2026-04-10,14:09:15,NIFTY,SELL,24026.75,24028.6,NIFTY13APR2624050PE,24050.0,PE,146.95,145.9,150.0,145.0,150.0,145.0,0.002385,0.002054,ws,ws,book_ladder,book_ladder,False,False,-3.05,0.9,65,-68.25,strategy_S5-10:NIFTY:2026-04-10T14:08:59:SHORT
2026-04-10,14:09:38,2026-04-10,14:09:44,NIFTY,SELL,24025.45,24027.4,NIFTY13APR2624050PE,24050.0,PE,147.0,146.55,150.0,145.0,150.0,145.0,0.002043,0.002385,ws,ws,book_ladder,book_ladder,False,False,-3.0,1.55,65,-29.25,strategy_S5-10:NIFTY:2026-04-10T14:09:38:SHORT
2026-04-10,14:09:54,2026-04-10,14:10:25,NIFTY,BUY,24031.45,24031.95,NIFTY13APR2624000CE,24000.0,CE,166.95,164.75,170.0,160.0,170.0,160.0,0.002399,0.002728,ws,ws,book_ladder,book_ladder,False,False,-3.05,4.75,65,-143.0,strategy_S5-10:NIFTY:2026-04-10T14:09:54:LONG
2026-04-10,14:10:43,2026-04-10,14:11:00,NIFTY,SELL,24028.1,24031.65,NIFTY13APR2624050PE,24050.0,PE,147.5,146.7,150.0,145.0,150.0,145.0,0.000339,0.002383,ws,ws,book_ladder,book_ladder,False,False,-2.5,1.7,65,-52.0,strategy_S5-10:NIFTY:2026-04-10T14:10:43:SHORT
2026-04-10,14:11:13,2026-04-10,14:11:51,NIFTY,BUY,24034.5,24035.6,NIFTY13APR2624000CE,24000.0,CE,165.15,167.25,170.0,165.0,170.0,165.0,0.001212,0.00209,ws,ws,book_ladder,book_ladder,False,False,-4.85,2.25,65,136.5,strategy_S5-10:NIFTY:2026-04-10T14:11:13:LONG
2026-04-10,14:12:23,2026-04-10,14:13:31,NIFTY,BUY,24040.8,24045.05,NIFTY13APR2624000CE,24000.0,CE,169.0,172.0,170.0,170.0,170.0,170.0,0.00237,0.002323,ws,ws,book_ladder,book_ladder,False,False,-1.0,2.0,65,195.0,strategy_S5-10:NIFTY:2026-04-10T14:12:23:LONG
2026-04-10,14:13:40,2026-04-10,14:14:00,NIFTY,SELL,24036.8,24040.5,NIFTY13APR2624050PE,24050.0,PE,143.35,142.25,145.0,140.0,145.0,140.0,0.001746,0.002107,ws,ws,book_ladder,book_ladder,False,False,-1.65,2.25,65,-71.5,strategy_S5-10:NIFTY:2026-04-10T14:13:40:SHORT
2026-04-10,14:14:21,2026-04-10,14:15:00,NIFTY,SELL,24035.2,24021.8,NIFTY13APR2624050PE,24050.0,PE,143.75,153.3,145.0,150.0,145.0,150.0,0.002089,0.001955,ws,ws,book_ladder,book_ladder,False,False,-1.25,3.3,65,620.75,strategy_S5-10:NIFTY:2026-04-10T14:14:21:SHORT
2026-04-10,14:15:14,2026-04-10,14:16:00,NIFTY,SELL,24010.95,23978.05,NIFTY13APR2624050PE,24050.0,PE,157.35,183.55,160.0,180.0,160.0,180.0,0.002545,0.00272,ws,ws,book_ladder,book_ladder,False,False,-2.65,3.55,65,1703.0,strategy_S5-10:NIFTY:2026-04-10T14:15:14:SHORT
2026-04-10,14:16:31,2026-04-10,14:17:00,NIFTY,SELL,23982.35,23964.75,NIFTY13APR2624000PE,24000.0,PE,149.1,161.65,150.0,160.0,150.0,160.0,0.000335,0.002163,ws,ws,book_ladder,book_ladder,False,False,-0.9,1.65,65,815.75,strategy_S5-10:NIFTY:2026-04-10T14:16:31:SHORT
2026-04-10,14:17:14,2026-04-10,14:19:01,NIFTY,BUY,23977.15,23992.4,NIFTY13APR2623950CE,23950.0,CE,157.1,166.15,160.0,165.0,160.0,165.0,0.001274,0.002405,ws,ws,book_ladder,book_ladder,False,False,-2.9,1.15,65,588.25,strategy_S5-10:NIFTY:2026-04-10T14:17:14:LONG
2026-04-10,14:19:10,2026-04-10,14:19:22,NIFTY,SELL,23987.2,23989.7,NIFTY13APR2624000PE,24000.0,PE,149.05,147.45,150.0,145.0,150.0,145.0,0.001679,0.002371,ws,ws,book_ladder,book_ladder,False,False,-0.95,2.45,65,-104.0,strategy_S5-10:NIFTY:2026-04-10T14:19:10:SHORT
2026-04-10,14:20:09,2026-04-10,14:21:39,NIFTY,BUY,23997.7,24000.9,NIFTY13APR2623950CE,23950.0,CE,168.25,170.0,170.0,170.0,170.0,170.0,0.00238,0.001176,ws,ws,book_ladder,book_ladder,False,False,-1.75,0.0,65,113.75,strategy_S5-10:NIFTY:2026-04-10T14:20:09:LONG
2026-04-10,14:21:53,2026-04-10,14:22:10,NIFTY,BUY,24007.4,24002.75,NIFTY13APR2624000CE,24000.0,CE,144.35,143.15,145.0,140.0,145.0,140.0,0.002428,0.001396,ws,ws,book_ladder,book_ladder,False,False,-0.65,3.15,65,-78.0,strategy_S5-10:NIFTY:2026-04-10T14:21:53:LONG
2026-04-10,14:22:37,2026-04-10,14:24:30,NIFTY,SELL,23996.05,23963.3,NIFTY13APR2624000PE,24000.0,PE,144.6,162.0,145.0,160.0,145.0,160.0,0.002423,0.00185,ws,ws,book_ladder,book_ladder,False,False,-0.4,2.0,65,1131.0,strategy_S5-10:NIFTY:2026-04-10T14:22:37:SHORT
2026-04-10,14:24:44,2026-04-10,14:25:19,NIFTY,SELL,23960.65,23958.35,NIFTY13APR2624000PE,24000.0,PE,165.0,164.45,165.0,160.0,165.0,160.0,0.001516,0.001823,ws,ws,book_ladder,book_ladder,False,False,0.0,4.45,65,-35.75,strategy_S5-10:NIFTY:2026-04-10T14:24:44:SHORT
2026-04-10,14:25:30,2026-04-10,14:25:44,NIFTY,SELL,23950.75,23954.0,NIFTY13APR2624000PE,24000.0,PE,174.2,168.6,175.0,165.0,175.0,165.0,0.002299,0.00237,ws,ws,book_ladder,book_ladder,False,False,-0.8,3.6,65,-364.0,strategy_S5-10:NIFTY:2026-04-10T14:25:30:SHORT
2026-04-10,14:25:53,2026-04-10,14:26:37,NIFTY,BUY,23957.3,23956.6,NIFTY13APR2623950CE,23950.0,CE,146.2,143.65,150.0,140.0,150.0,140.0,0.001369,0.001739,ws,ws,book_ladder,book_ladder,False,False,-3.8,3.65,65,-165.75,strategy_S5-10:NIFTY:2026-04-10T14:25:53:LONG
2026-04-10,14:26:52,2026-04-10,14:27:14,NIFTY,BUY,23961.5,23962.5,NIFTY13APR2623950CE,23950.0,CE,147.65,148.1,150.0,145.0,150.0,145.0,0.002034,0.00236,ws,ws,book_ladder,book_ladder,False,False,-2.35,3.1,65,29.25,strategy_S5-10:NIFTY:2026-04-10T14:26:52:LONG
2026-04-10,14:27:28,2026-04-10,14:28:00,NIFTY,SELL,23957.3,23956.1,NIFTY13APR2624000PE,24000.0,PE,168.9,168.1,170.0,165.0,170.0,165.0,0.002965,0.00297,ws,ws,book_ladder,book_ladder,False,False,-1.1,3.1,65,-52.0,strategy_S5-10:NIFTY:2026-04-10T14:27:28:SHORT
2026-04-10,14:28:12,2026-04-10,14:28:55,NIFTY,BUY,23959.65,23963.1,NIFTY13APR2623950CE,23950.0,CE,147.5,146.95,150.0,145.0,150.0,145.0,0.001696,0.002039,ws,ws,book_ladder,book_ladder,False,False,-2.5,1.95,65,-35.75,strategy_S5-10:NIFTY:2026-04-10T14:28:12:LONG
2026-04-10,14:29:15,2026-04-10,14:29:26,NIFTY,BUY,23965.8,23964.15,NIFTY13APR2623950CE,23950.0,CE,146.5,146.75,150.0,145.0,150.0,145.0,0.002392,0.001362,ws,ws,book_ladder,book_ladder,False,False,-3.5,1.75,65,16.25,strategy_S5-10:NIFTY:2026-04-10T14:29:15:LONG
2026-04-10,14:29:33,2026-04-10,14:29:47,NIFTY,SELL,23961.15,23964.8,NIFTY13APR2624000PE,24000.0,PE,168.35,165.65,170.0,165.0,170.0,165.0,0.000297,0.002111,ws,ws,book_ladder,book_ladder,False,False,-1.65,0.65,65,-175.5,strategy_S5-10:NIFTY:2026-04-10T14:29:33:SHORT
2026-04-10,14:30:02,2026-04-10,14:30:15,NIFTY,SELL,23961.4,23962.05,NIFTY13APR2624000PE,24000.0,PE,166.1,164.15,170.0,160.0,170.0,160.0,0.002713,0.00213,ws,ws,book_ladder,book_ladder,False,False,-3.9,4.15,65,-126.75,strategy_S5-10:NIFTY:2026-04-10T14:30:02:SHORT
2026-04-10,14:30:27,2026-04-10,14:31:03,NIFTY,BUY,23966.85,23974.7,NIFTY13APR2623950CE,23950.0,CE,146.4,149.0,150.0,145.0,150.0,145.0,0.001709,0.001676,ws,ws,book_ladder,book_ladder,False,False,-3.6,4.0,65,169.0,strategy_S5-10:NIFTY:2026-04-10T14:30:27:LONG
2026-04-10,14:32:00,2026-04-10,14:32:22,NIFTY,BUY,23976.4,23974.0,NIFTY13APR2623950CE,23950.0,CE,148.25,148.95,150.0,145.0,150.0,145.0,0.001688,0.002347,ws,ws,book_ladder,book_ladder,False,False,-1.75,3.95,65,45.5,strategy_S5-10:NIFTY:2026-04-10T14:32:00:LONG
2026-04-10,14:33:11,2026-04-10,14:33:55,NIFTY,BUY,23977.95,23984.7,NIFTY13APR2623950CE,23950.0,CE,154.55,155.05,155.0,155.0,155.0,155.0,0.002592,0.002576,ws,ws,book_ladder,book_ladder,False,False,-0.45,0.05,65,32.5,strategy_S5-10:NIFTY:2026-04-10T14:33:11:LONG
2026-04-10,14:34:04,2026-04-10,14:34:30,NIFTY,SELL,23978.6,23975.95,NIFTY13APR2624000PE,24000.0,PE,159.85,158.7,160.0,155.0,160.0,155.0,0.002505,0.002203,ws,ws,book_ladder,book_ladder,False,False,-0.15,3.7,65,-74.75,strategy_S5-10:NIFTY:2026-04-10T14:34:04:SHORT
2026-04-10,14:34:41,2026-04-10,14:35:30,NIFTY,SELL,23966.7,23961.55,NIFTY13APR2624000PE,24000.0,PE,162.0,156.45,165.0,155.0,165.0,155.0,0.002472,0.002553,ws,ws,book_ladder,book_ladder,False,False,-3.0,1.45,65,-360.75,strategy_S5-10:NIFTY:2026-04-10T14:34:41:SHORT
2026-04-10,14:36:16,2026-04-10,14:36:37,NIFTY,SELL,23950.45,23952.8,NIFTY13APR2624000PE,24000.0,PE,167.8,167.5,170.0,165.0,170.0,165.0,0.002387,0.001789,ws,ws,book_ladder,book_ladder,False,False,-2.2,2.5,65,-19.5,strategy_S5-10:NIFTY:2026-04-10T14:36:16:SHORT
2026-04-10,14:36:42,2026-04-10,14:37:11,NIFTY,BUY,23955.05,23956.3,NIFTY13APR2623950CE,23950.0,CE,145.7,145.0,150.0,145.0,150.0,145.0,0.002405,0.001034,ws,ws,book_ladder,book_ladder,False,False,-4.3,0.0,65,-45.5,strategy_S5-10:NIFTY:2026-04-10T14:36:42:LONG
2026-04-10,14:37:23,2026-04-10,14:37:38,NIFTY,BUY,23961.8,23959.55,NIFTY13APR2623950CE,23950.0,CE,148.2,144.9,150.0,140.0,150.0,140.0,0.00135,0.001035,ws,ws,book_ladder,book_ladder,False,False,-1.8,4.9,65,-214.5,strategy_S5-10:NIFTY:2026-04-10T14:37:23:LONG
2026-04-10,14:37:52,2026-04-10,14:39:50,NIFTY,BUY,23961.7,23970.6,NIFTY13APR2623950CE,23950.0,CE,147.3,152.65,150.0,150.0,150.0,150.0,0.002379,0.001963,ws,ws,book_ladder,book_ladder,False,False,-2.7,2.65,65,347.75,strategy_S5-10:NIFTY:2026-04-10T14:37:52:LONG
2026-04-10,14:40:30,2026-04-10,14:41:10,NIFTY,BUY,23976.95,23976.15,NIFTY13APR2623950CE,23950.0,CE,151.65,152.15,155.0,150.0,155.0,150.0,0.00198,0.002298,ws,ws,book_ladder,book_ladder,False,False,-3.35,2.15,65,32.5,strategy_S5-10:NIFTY:2026-04-10T14:40:30:LONG
2026-04-10,14:41:45,2026-04-10,14:42:04,NIFTY,BUY,23979.45,23980.25,NIFTY13APR2623950CE,23950.0,CE,153.9,155.0,155.0,155.0,155.0,155.0,0.001951,0.002256,ws,ws,book_ladder,book_ladder,False,False,-1.1,0.0,65,71.5,strategy_S5-10:NIFTY:2026-04-10T14:41:45:LONG
2026-04-10,14:43:00,2026-04-10,14:43:14,NIFTY,BUY,23988.45,23981.45,NIFTY13APR2623950CE,23950.0,CE,159.75,157.6,160.0,155.0,160.0,155.0,0.002507,0.002535,ws,ws,book_ladder,book_ladder,False,False,-0.25,2.6,65,-139.75,strategy_S5-10:NIFTY:2026-04-10T14:43:00:LONG
2026-04-10,14:43:55,2026-04-10,14:44:10,NIFTY,SELL,23979.0,23979.85,NIFTY13APR2624000PE,24000.0,PE,158.1,158.05,160.0,155.0,160.0,155.0,0.002216,0.002528,ws,ws,book_ladder,book_ladder,False,False,-1.9,3.05,65,-3.25,strategy_S5-10:NIFTY:2026-04-10T14:43:55:SHORT
2026-04-10,14:44:30,2026-04-10,14:45:02,NIFTY,BUY,23981.8,23979.5,NIFTY13APR2623950CE,23950.0,CE,156.6,157.7,160.0,155.0,160.0,155.0,0.002237,0.002217,ws,ws,book_ladder,book_ladder,False,False,-3.4,2.7,65,71.5,strategy_S5-10:NIFTY:2026-04-10T14:44:30:LONG
2026-04-10,14:45:12,2026-04-10,14:45:53,NIFTY,SELL,23976.55,23971.4,NIFTY13APR2624000PE,24000.0,PE,161.35,162.0,165.0,160.0,165.0,160.0,0.002482,0.001542,ws,ws,book_ladder,book_ladder,False,False,-3.65,2.0,65,42.25,strategy_S5-10:NIFTY:2026-04-10T14:45:12:SHORT
2026-04-10,14:46:22,2026-04-10,14:46:40,NIFTY,BUY,23975.25,23973.15,NIFTY13APR2623950CE,23950.0,CE,159.2,155.85,160.0,155.0,160.0,155.0,0.001257,0.001282,ws,ws,book_ladder,book_ladder,False,False,-0.8,0.85,65,-217.75,strategy_S5-10:NIFTY:2026-04-10T14:46:22:LONG
2026-04-10,14:46:58,2026-04-10,14:47:30,NIFTY,SELL,23967.45,23961.55,NIFTY13APR2624000PE,24000.0,PE,162.4,163.75,165.0,160.0,165.0,160.0,0.002466,0.002135,ws,ws,book_ladder,book_ladder,False,False,-2.6,3.75,65,87.75,strategy_S5-10:NIFTY:2026-04-10T14:46:58:SHORT
2026-04-10,14:47:43,2026-04-10,14:48:35,NIFTY,BUY,23965.1,23965.95,NIFTY13APR2623950CE,23950.0,CE,156.05,154.8,160.0,150.0,160.0,150.0,0.000962,0.001291,ws,ws,book_ladder,book_ladder,False,False,-3.95,4.8,65,-81.25,strategy_S5-10:NIFTY:2026-04-10T14:47:43:LONG
2026-04-10,14:48:42,2026-04-10,14:48:56,NIFTY,SELL,23962.3,23963.9,NIFTY13APR2624000PE,24000.0,PE,165.0,163.6,165.0,160.0,165.0,160.0,0.000606,0.002442,ws,ws,book_ladder,book_ladder,False,False,0.0,3.6,65,-91.0,strategy_S5-10:NIFTY:2026-04-10T14:48:42:SHORT
2026-04-10,14:49:10,2026-04-10,14:49:47,NIFTY,BUY,23972.25,23996.85,NIFTY13APR2623950CE,23950.0,CE,160.8,176.2,165.0,175.0,165.0,175.0,0.001556,0.001984,ws,ws,book_ladder,book_ladder,False,False,-4.2,1.2,65,1001.0,strategy_S5-10:NIFTY:2026-04-10T14:49:10:LONG
2026-04-10,14:49:54,2026-04-10,14:50:29,NIFTY,BUY,24002.4,23998.8,NIFTY13APR2624000CE,24000.0,CE,156.0,148.8,160.0,145.0,160.0,145.0,0.002567,0.002014,ws,ws,book_ladder,book_ladder,False,False,-4.0,3.8,65,-468.0,strategy_S5-10:NIFTY:2026-04-10T14:49:54:LONG
2026-04-10,14:50:41,2026-04-10,14:51:18,NIFTY,SELL,23993.7,23995.75,NIFTY13APR2624000PE,24000.0,PE,145.55,145.5,150.0,145.0,150.0,145.0,0.002063,0.002403,ws,ws,book_ladder,book_ladder,False,False,-4.45,0.5,65,-3.25,strategy_S5-10:NIFTY:2026-04-10T14:50:41:SHORT
2026-04-10,14:51:30,2026-04-10,14:52:20,NIFTY,BUY,23997.8,23997.25,NIFTY13APR2623950CE,23950.0,CE,176.4,173.2,180.0,170.0,180.0,170.0,0.001986,0.002019,ws,ws,book_ladder,book_ladder,False,False,-3.6,3.2,65,-208.0,strategy_S5-10:NIFTY:2026-04-10T14:51:30:LONG
2026-04-10,14:52:42,2026-04-10,14:52:55,NIFTY,BUY,24002.6,23999.2,NIFTY13APR2624000CE,24000.0,CE,149.15,148.4,150.0,145.0,150.0,145.0,0.002013,0.000674,ws,ws,book_ladder,book_ladder,False,False,-0.85,3.4,65,-48.75,strategy_S5-10:NIFTY:2026-04-10T14:52:42:LONG
2026-04-10,14:53:05,2026-04-10,14:53:26,NIFTY,SELL,23997.05,24000.5,NIFTY13APR2624000PE,24000.0,PE,143.95,140.95,145.0,140.0,145.0,140.0,0.002434,0.000355,ws,ws,book_ladder,book_ladder,False,False,-1.05,0.95,65,-195.0,strategy_S5-10:NIFTY:2026-04-10T14:53:05:SHORT
2026-04-10,14:53:30,2026-04-10,14:54:01,NIFTY,BUY,24002.1,24000.95,NIFTY13APR2624000CE,24000.0,CE,146.45,144.5,150.0,140.0,150.0,140.0,0.002051,0.000692,ws,ws,book_ladder,book_ladder,False,False,-3.55,4.5,65,-126.75,strategy_S5-10:NIFTY:2026-04-10T14:53:30:LONG
2026-04-10,14:54:44,2026-04-10,14:55:06,NIFTY,SELL,23995.5,23998.25,NIFTY13APR2624000PE,24000.0,PE,146.4,142.15,150.0,140.0,150.0,140.0,0.002051,0.001406,ws,ws,book_ladder,book_ladder,False,False,-3.6,2.15,65,-276.25,strategy_S5-10:NIFTY:2026-04-10T14:54:44:SHORT
2026-04-10,14:55:14,2026-04-10,14:55:25,NIFTY,BUY,24000.85,23998.35,NIFTY13APR2624000CE,24000.0,CE,144.1,144.5,145.0,140.0,145.0,140.0,0.002084,0.002419,ws,ws,book_ladder,book_ladder,False,False,-0.9,4.5,65,26.0,strategy_S5-10:NIFTY:2026-04-10T14:55:14:LONG
2026-04-10,14:55:30,2026-04-10,14:55:40,NIFTY,BUY,24002.3,23999.9,NIFTY13APR2624000CE,24000.0,CE,144.85,146.3,145.0,145.0,145.0,145.0,0.002419,0.002389,ws,ws,book_ladder,book_ladder,False,False,-0.15,1.3,65,94.25,strategy_S5-10:NIFTY:2026-04-10T14:55:30:LONG
2026-04-10,14:56:06,2026-04-10,14:56:30,NIFTY,SELL,23995.55,23998.85,NIFTY13APR2624000PE,24000.0,PE,145.4,144.75,150.0,140.0,150.0,140.0,0.00241,0.002415,ws,ws,book_ladder,book_ladder,False,False,-4.6,4.75,65,-42.25,strategy_S5-10:NIFTY:2026-04-10T14:56:06:SHORT
2026-04-10,14:56:40,2026-04-10,14:57:08,NIFTY,BUY,23999.95,23998.6,NIFTY13APR2623950CE,23950.0,CE,171.85,174.05,175.0,170.0,175.0,170.0,0.002039,0.001435,ws,ws,book_ladder,book_ladder,False,False,-3.15,4.05,65,143.0,strategy_S5-10:NIFTY:2026-04-10T14:56:40:LONG
2026-04-10,14:57:10,2026-04-10,14:57:30,NIFTY,SELL,23996.65,23998.95,NIFTY13APR2624000PE,24000.0,PE,146.4,143.0,150.0,140.0,150.0,140.0,0.002394,0.002096,ws,ws,book_ladder,book_ladder,False,False,-3.6,3.0,65,-221.0,strategy_S5-10:NIFTY:2026-04-10T14:57:10:SHORT
2026-04-10,14:57:40,2026-04-10,14:57:55,NIFTY,BUY,24003.3,24000.45,NIFTY13APR2624000CE,24000.0,CE,147.6,145.65,150.0,145.0,150.0,145.0,0.002035,0.002058,ws,ws,book_ladder,book_ladder,False,False,-2.4,0.65,65,-126.75,strategy_S5-10:NIFTY:2026-04-10T14:57:40:LONG
2026-04-10,14:58:20,2026-04-10,14:58:48,NIFTY,BUY,24004.1,24002.8,NIFTY13APR2624000CE,24000.0,CE,147.75,147.4,150.0,145.0,150.0,145.0,0.002372,0.002033,ws,ws,book_ladder,book_ladder,False,False,-2.25,2.4,65,-22.75,strategy_S5-10:NIFTY:2026-04-10T14:58:20:LONG
2026-04-10,14:59:16,2026-04-10,14:59:30,NIFTY,SELL,24001.1,24001.55,NIFTY13APR2624050PE,24050.0,PE,168.95,167.85,170.0,165.0,170.0,165.0,0.000888,0.001786,ws,ws,book_ladder,book_ladder,False,False,-1.05,2.85,65,-71.5,strategy_S5-10:NIFTY:2026-04-10T14:59:16:SHORT
2026-04-10,14:59:51,2026-04-10,15:00:04,NIFTY,SELL,23997.75,23998.9,NIFTY13APR2624000PE,24000.0,PE,143.45,141.45,145.0,140.0,145.0,140.0,0.001744,0.002471,ws,ws,book_ladder,book_ladder,False,False,-1.55,1.45,65,-130.0,strategy_S5-10:NIFTY:2026-04-10T14:59:51:SHORT
2026-04-10,15:00:23,2026-04-10,15:01:56,NIFTY,BUY,24002.45,24019.5,NIFTY13APR2624000CE,24000.0,CE,146.4,152.3,150.0,150.0,150.0,150.0,0.002051,0.001968,ws,ws,book_ladder,book_ladder,False,False,-3.6,2.3,65,383.5,strategy_S5-10:NIFTY:2026-04-10T15:00:23:LONG
2026-04-10,15:02:30,2026-04-10,15:02:40,NIFTY,SELL,24012.3,24014.65,NIFTY13APR2624050PE,24050.0,PE,163.45,160.05,165.0,160.0,165.0,160.0,0.00245,0.002808,ws,ws,book_ladder,book_ladder,False,False,-1.55,0.05,65,-221.0,strategy_S5-10:NIFTY:2026-04-10T15:02:30:SHORT
2026-04-10,15:02:50,2026-04-10,15:04:15,NIFTY,BUY,24018.15,24030.1,NIFTY13APR2624000CE,24000.0,CE,151.3,160.3,155.0,160.0,155.0,160.0,0.002647,0.002492,ws,ws,book_ladder,book_ladder,False,False,-3.7,0.3,65,585.0,strategy_S5-10:NIFTY:2026-04-10T15:02:50:LONG
2026-04-10,15:04:30,2026-04-10,15:04:39,NIFTY,SELL,24028.35,24031.55,NIFTY13APR2624050PE,24050.0,PE,152.15,149.3,155.0,145.0,155.0,145.0,0.001315,0.002007,ws,ws,book_ladder,book_ladder,False,False,-2.85,4.3,65,-185.25,strategy_S5-10:NIFTY:2026-04-10T15:04:30:SHORT
2026-04-10,15:04:54,2026-04-10,15:06:30,NIFTY,BUY,24033.45,24052.4,NIFTY13APR2624000CE,24000.0,CE,161.95,171.15,165.0,170.0,165.0,170.0,0.001854,0.002626,ws,ws,book_ladder,book_ladder,False,False,-3.05,1.15,65,598.0,strategy_S5-10:NIFTY:2026-04-10T15:04:54:LONG
2026-04-10,15:06:40,2026-04-10,15:07:00,NIFTY,SELL,24048.4,24048.1,NIFTY13APR2624050PE,24050.0,PE,142.8,139.2,145.0,135.0,145.0,135.0,0.001752,0.002153,ws,ws,book_ladder,book_ladder,False,False,-2.2,4.2,65,-234.0,strategy_S5-10:NIFTY:2026-04-10T15:06:40:SHORT
2026-04-10,15:07:22,2026-04-10,15:08:58,NIFTY,BUY,24050.7,24059.5,NIFTY13APR2624050CE,24050.0,CE,145.65,146.85,150.0,145.0,150.0,145.0,0.00275,0.002381,ws,ws,book_ladder,book_ladder,False,False,-4.35,1.85,65,78.0,strategy_S5-10:NIFTY:2026-04-10T15:07:22:LONG
2026-04-10,15:09:43,2026-04-10,15:09:48,NIFTY,BUY,24060.85,24058.6,NIFTY13APR2624050CE,24050.0,CE,146.35,145.2,150.0,145.0,150.0,145.0,0.002052,0.002408,ws,ws,book_ladder,book_ladder,False,False,-3.65,0.2,65,-74.75,strategy_S5-10:NIFTY:2026-04-10T15:09:43:LONG
2026-04-10,15:10:06,2026-04-10,15:12:25,NIFTY,BUY,24062.35,24069.45,NIFTY13APR2624050CE,24050.0,CE,147.4,154.65,150.0,150.0,150.0,150.0,0.001698,0.001938,ws,ws,book_ladder,book_ladder,False,False,-2.6,4.65,65,471.25,strategy_S5-10:NIFTY:2026-04-10T15:10:06:LONG
2026-04-10,15:12:34,2026-04-10,15:13:01,NIFTY,SELL,24067.5,24064.2,NIFTY13APR2624100PE,24100.0,PE,156.2,158.5,160.0,155.0,160.0,155.0,0.001602,0.00252,ws,ws,book_ladder,book_ladder,False,False,-3.8,3.5,65,149.5,strategy_S5-10:NIFTY:2026-04-10T15:12:34:SHORT
2026-04-10,15:13:21,2026-04-10,15:13:52,NIFTY,BUY,24066.15,24063.1,NIFTY13APR2624050CE,24050.0,CE,152.55,149.2,155.0,145.0,155.0,145.0,0.002954,0.002343,ws,ws,book_ladder,book_ladder,False,False,-2.45,4.2,65,-217.75,strategy_S5-10:NIFTY:2026-04-10T15:13:21:LONG
2026-04-10,15:14:01,2026-04-10,15:14:16,NIFTY,SELL,24058.75,24062.05,NIFTY13APR2624100PE,24100.0,PE,159.15,158.55,160.0,155.0,160.0,155.0,0.002202,0.002205,ws,ws,book_ladder,book_ladder,False,False,-0.85,3.55,65,-39.0,strategy_S5-10:NIFTY:2026-04-10T15:14:01:SHORT
2026-04-10,15:14:45,2026-04-10,15:15:19,NIFTY,SELL,24057.5,24060.45,NIFTY13APR2624100PE,24100.0,PE,160.25,160.4,165.0,160.0,165.0,160.0,0.001874,0.00218,ws,ws,book_ladder,book_ladder,False,False,-4.75,0.4,65,9.75,strategy_S5-10:NIFTY:2026-04-10T15:14:45:SHORT
2026-04-10,15:15:34,2026-04-10,15:16:11,NIFTY,SELL,24055.05,24050.45,NIFTY13APR2624100PE,24100.0,PE,163.45,164.85,165.0,160.0,165.0,160.0,0.001531,0.002726,ws,ws,book_ladder,book_ladder,False,False,-1.55,4.85,65,91.0,strategy_S5-10:NIFTY:2026-04-10T15:15:34:SHORT
2026-04-10,15:16:21,2026-04-10,15:17:45,NIFTY,BUY,24054.7,24056.75,NIFTY13APR2624050CE,24050.0,CE,147.5,146.5,150.0,145.0,150.0,145.0,0.002716,0.002046,ws,ws,book_ladder,book_ladder,False,False,-2.5,1.5,65,-65.0,strategy_S5-10:NIFTY:2026-04-10T15:16:21:LONG
2026-04-10,15:18:00,2026-04-10,15:18:26,NIFTY,SELL,24054.8,24057.8,NIFTY13APR2624100PE,24100.0,PE,164.3,163.65,165.0,160.0,165.0,160.0,0.002438,0.001526,ws,ws,book_ladder,book_ladder,False,False,-0.7,3.65,65,-42.25,strategy_S5-10:NIFTY:2026-04-10T15:18:00:SHORT
2026-04-10,15:18:31,2026-04-10,15:19:15,NIFTY,BUY,24059.25,24057.55,NIFTY13APR2624050CE,24050.0,CE,147.0,146.25,150.0,145.0,150.0,145.0,0.001361,0.002731,ws,ws,book_ladder,book_ladder,False,False,-3.0,1.25,65,-48.75,strategy_S5-10:NIFTY:2026-04-10T15:18:31:LONG
2026-04-10,15:19:25,2026-04-10,15:20:40,NIFTY,SELL,24056.7,24053.6,NIFTY13APR2624100PE,24100.0,PE,164.95,164.65,165.0,160.0,165.0,160.0,0.00091,0.002123,ws,ws,book_ladder,book_ladder,False,False,-0.05,4.65,65,-19.5,strategy_S5-10:NIFTY:2026-04-10T15:19:25:SHORT
2026-04-10,15:20:52,2026-04-10,15:22:05,NIFTY,BUY,24058.45,24057.65,NIFTY13APR2624050CE,24050.0,CE,143.6,143.0,145.0,140.0,145.0,140.0,0.002789,0.002096,ws,ws,book_ladder,book_ladder,False,False,-1.4,3.0,65,-39.0,strategy_S5-10:NIFTY:2026-04-10T15:20:52:LONG
2026-04-10,15:22:25,2026-04-10,15:22:51,NIFTY,SELL,24055.4,24058.55,NIFTY13APR2624100PE,24100.0,PE,163.3,163.55,165.0,160.0,165.0,160.0,0.002759,0.001222,ws,ws,book_ladder,book_ladder,False,False,-1.7,3.55,65,16.25,strategy_S5-10:NIFTY:2026-04-10T15:22:25:SHORT
2026-04-10,15:23:10,2026-04-10,15:23:13,NIFTY,BUY,24060.05,24058.2,NIFTY13APR2624050CE,24050.0,CE,145.75,145.1,150.0,145.0,150.0,145.0,0.002748,0.002409,ws,ws,book_ladder,book_ladder,False,False,-4.25,0.1,65,-42.25,strategy_S5-10:NIFTY:2026-04-10T15:23:10:LONG
2026-04-10,15:24:40,2026-04-10,15:24:51,NIFTY,SELL,24056.4,24058.05,NIFTY13APR2624100PE,24100.0,PE,162.45,163.7,165.0,160.0,165.0,160.0,0.002157,0.001831,ws,ws,book_ladder,book_ladder,False,False,-2.55,3.7,65,81.25,strategy_S5-10:NIFTY:2026-04-10T15:24:40:SHORT
