Entry_Date,Entry_Time,Exit_Date,Exit_Time,Underlying_Symbol,Strategy_Direction,Execution_Mode,Entry_Label,Exit_Label,Underlying_Entry_Price,Underlying_Exit_Price,Option_Symbol,Option_Strike,Option_Type,Option_Entry_Price,Option_Exit_Price,Entry_Fair_Value,Exit_Fair_Value,Entry_Limit_Price,Exit_Limit_Price,Entry_Spread_Pct,Exit_Spread_Pct,Entry_Quote_Source,Exit_Quote_Source,Entry_Pricing_Mode,Exit_Pricing_Mode,Entry_Repriced,Exit_Repriced,Entry_Slippage_vs_Fair,Exit_Slippage_vs_Fair,Qty,PnL,Trade_ID
2026-04-13,09:58:49,2026-04-13,09:59:07,NIFTY,SELL,TYPE_D,LIMIT_ENTRY,LIMIT_EXIT,23665.5,23671.2,NIFTY13APR2623700PE,23700.0,PE,101.8,98.1,101.62,98.2,105.0,90.0,0.049176,0.050891,ws,ws,entry_l1_cap,exit_l1_profit_protect,False,False,0.1848,-0.1047,65,-240.5,strategy_S9-10__TYPE_D:NIFTY:2026-04-13T09:58:49:SHORT
2026-04-13,09:59:15,2026-04-13,09:59:45,NIFTY,BUY,TYPE_D,LIMIT_ENTRY,LIMIT_EXIT,23673.1,23668.4,NIFTY13APR2623650CE,23650.0,CE,83.9,81.8,83.86,81.95,85.0,75.0,0.059648,0.06105,ws,ws,entry_l1_cap,exit_l1_profit_protect,False,False,0.0375,-0.15,65,-136.5,strategy_S9-10__TYPE_D:NIFTY:2026-04-13T09:59:15:LONG
2026-04-13,10:00:14,2026-04-13,10:00:53,NIFTY,SELL,TYPE_D,LIMIT_ENTRY,LIMIT_EXIT,23664.95,23659.75,NIFTY13APR2623700PE,23700.0,PE,102.35,103.6,102.16,103.64,105.0,95.0,0.048912,0.048251,ws,ws,entry_l1_cap,exit_l1_profit_protect,False,False,0.1944,-0.0438,65,81.25,strategy_S9-10__TYPE_D:NIFTY:2026-04-13T10:00:14:SHORT
2026-04-13,10:01:28,2026-04-13,10:02:07,NIFTY,BUY,TYPE_D,LIMIT_ENTRY,LIMIT_EXIT,23661.55,23669.5,NIFTY13APR2623650CE,23650.0,CE,78.0,79.45,77.92,79.56,80.0,70.0,0.064144,0.062834,ws,ws,entry_l1_cap,exit_l1_profit_protect,False,False,0.0842,-0.1071,65,94.25,strategy_S9-10__TYPE_D:NIFTY:2026-04-13T10:01:28:LONG
2026-04-13,10:02:54,2026-04-13,10:02:58,NIFTY,BUY,TYPE_D,LIMIT_ENTRY,LIMIT_EXIT,23676.05,23671.85,NIFTY13APR2623650CE,23650.0,CE,82.85,82.2,82.68,82.3,85.0,75.0,0.060423,0.060753,ws,ws,entry_l1_cap,exit_l1_profit_protect,False,False,0.1684,-0.1,65,-42.25,strategy_S9-10__TYPE_D:NIFTY:2026-04-13T10:02:54:LONG
2026-04-13,10:03:05,2026-04-13,10:03:21,NIFTY,SELL,TYPE_D,LIMIT_ENTRY,LIMIT_EXIT,23666.55,23674.95,NIFTY13APR2623700PE,23700.0,PE,100.45,95.65,100.4,95.73,105.0,90.0,0.049838,0.052233,ws,ws,entry_l1_cap,exit_l1_profit_protect,False,False,0.0473,-0.0818,65,-312.0,strategy_S9-10__TYPE_D:NIFTY:2026-04-13T10:03:05:SHORT
2026-04-13,10:03:30,2026-04-13,10:03:42,NIFTY,BUY,TYPE_D,LIMIT_ENTRY,LIMIT_EXIT,23677.35,23671.75,NIFTY13APR2623650CE,23650.0,CE,83.7,81.65,83.62,81.72,85.0,75.0,0.059827,0.061162,ws,ws,entry_l1_cap,exit_l1_profit_protect,False,False,0.0789,-0.0714,65,-133.25,strategy_S9-10__TYPE_D:NIFTY:2026-04-13T10:03:30:LONG
2026-04-13,10:04:24,2026-04-13,10:04:49,NIFTY,SELL,TYPE_D,LIMIT_ENTRY,LIMIT_EXIT,23657.95,23662.3,NIFTY13APR2623700PE,23700.0,PE,103.7,100.65,103.59,100.8,105.0,95.0,0.048263,0.049615,ws,ws,entry_l1_cap,exit_l1_profit_protect,False,False,0.1143,-0.15,65,-198.25,strategy_S9-10__TYPE_D:NIFTY:2026-04-13T10:04:24:SHORT
2026-04-13,10:05:06,2026-04-13,10:05:31,NIFTY,BUY,TYPE_D,LIMIT_ENTRY,LIMIT_EXIT,23675.3,23671.15,NIFTY13APR2623650CE,23650.0,CE,82.25,79.7,82.13,79.83,85.0,70.0,0.060883,0.062657,ws,ws,entry_l1_cap,exit_l1_profit_protect,False,False,0.121,-0.1333,65,-165.75,strategy_S9-10__TYPE_D:NIFTY:2026-04-13T10:05:06:LONG
2026-04-13,10:05:45,2026-04-13,10:05:47,NIFTY,BUY,TYPE_D,LIMIT_ENTRY,LIMIT_EXIT,23675.7,23671.2,NIFTY13APR2623650CE,23650.0,CE,80.8,81.65,80.66,81.82,85.0,75.0,0.061977,0.061162,ws,ws,entry_l1_cap,exit_l1_profit_protect,False,False,0.1429,-0.1667,65,55.25,strategy_S9-10__TYPE_D:NIFTY:2026-04-13T10:05:45:LONG
2026-04-13,10:06:06,2026-04-13,10:07:05,NIFTY,SELL,TYPE_D,LIMIT_ENTRY,LIMIT_EXIT,23668.85,23664.15,NIFTY13APR2623700PE,23700.0,PE,98.6,102.2,98.53,102.36,100.0,95.0,0.050787,0.048864,ws,ws,entry_l1_cap,exit_l1_profit_protect,False,False,0.075,-0.1562,65,234.0,strategy_S9-10__TYPE_D:NIFTY:2026-04-13T10:06:06:SHORT
2026-04-13,10:07:11,2026-04-13,10:07:20,NIFTY,SELL,TYPE_D,LIMIT_ENTRY,LIMIT_EXIT,23658.85,23667.15,NIFTY13APR2623700PE,23700.0,PE,104.4,98.0,104.31,98.28,105.0,90.0,0.04795,0.050942,ws,ws,entry_l1_cap,exit_l1_profit_protect,False,False,0.0909,-0.2846,65,-416.0,strategy_S9-10__TYPE_D:NIFTY:2026-04-13T10:07:11:SHORT
2026-04-13,10:07:31,2026-04-13,10:08:04,NIFTY,BUY,TYPE_D,LIMIT_ENTRY,LIMIT_EXIT,23674.1,23668.6,NIFTY13APR2623650CE,23650.0,CE,81.65,80.1,81.58,80.18,85.0,75.0,0.061331,0.062344,ws,ws,entry_l1_cap,exit_l1_profit_protect,False,False,0.0714,-0.08,65,-100.75,strategy_S9-10__TYPE_D:NIFTY:2026-04-13T10:07:31:LONG
2026-04-13,10:08:15,2026-04-13,10:08:38,NIFTY,SELL,TYPE_D,LIMIT_ENTRY,LIMIT_EXIT,23664.1,23666.0,NIFTY13APR2623700PE,23700.0,PE,101.15,100.45,100.9,100.48,105.0,95.0,0.049505,0.049714,ws,ws,entry_l1_cap,exit_l1_profit_protect,False,False,0.2526,-0.0278,65,-45.5,strategy_S9-10__TYPE_D:NIFTY:2026-04-13T10:08:15:SHORT
2026-04-13,10:08:40,2026-04-13,10:10:08,NIFTY,BUY,TYPE_D,LIMIT_ENTRY,LIMIT_EXIT,23668.85,23670.1,NIFTY13APR2623650CE,23650.0,CE,78.05,78.5,77.97,78.66,80.0,70.0,0.064123,0.063613,ws,ws,entry_l1_cap,exit_l1_profit_protect,False,False,0.075,-0.1619,65,29.25,strategy_S9-10__TYPE_D:NIFTY:2026-04-13T10:08:40:LONG
2026-04-13,10:10:10,2026-04-13,10:10:26,NIFTY,SELL,TYPE_D,LIMIT_ENTRY,LIMIT_EXIT,23667.95,23675.8,NIFTY13APR2623700PE,23700.0,PE,99.9,94.75,99.76,94.89,100.0,85.0,0.050088,0.052701,ws,ws,entry_l1_cap,exit_l1_profit_protect,False,False,0.14,-0.1429,65,-334.75,strategy_S9-10__TYPE_D:NIFTY:2026-04-13T10:10:10:SHORT
2026-04-13,10:10:46,2026-04-13,10:10:54,NIFTY,BUY,TYPE_D,LIMIT_ENTRY,LIMIT_EXIT,23678.3,23672.55,NIFTY13APR2623650CE,23650.0,CE,83.0,80.25,82.9,80.32,85.0,75.0,0.060277,0.062228,ws,ws,entry_l1_cap,exit_l1_profit_protect,False,False,0.099,-0.0667,65,-178.75,strategy_S9-10__TYPE_D:NIFTY:2026-04-13T10:10:46:LONG
2026-04-13,10:11:00,2026-04-13,10:11:41,NIFTY,SELL,TYPE_D,LIMIT_ENTRY,LIMIT_EXIT,23670.25,23669.05,NIFTY13APR2623700PE,23700.0,PE,95.45,97.65,95.35,97.82,100.0,90.0,0.052438,0.051138,ws,ws,entry_l1_cap,exit_l1_profit_protect,False,False,0.1048,-0.1667,65,143.0,strategy_S9-10__TYPE_D:NIFTY:2026-04-13T10:11:00:SHORT
2026-04-13,10:12:10,2026-04-13,10:12:12,NIFTY,BUY,TYPE_D,LIMIT_ENTRY,LIMIT_EXIT,23679.1,23673.65,NIFTY13APR2623650CE,23650.0,CE,82.95,81.55,82.83,81.63,85.0,75.0,0.06035,0.061237,ws,ws,entry_l1_cap,exit_l1_profit_protect,False,False,0.12,-0.0842,65,-91.0,strategy_S9-10__TYPE_D:NIFTY:2026-04-13T10:12:10:LONG
2026-04-13,10:12:27,2026-04-13,10:12:35,NIFTY,BUY,TYPE_D,LIMIT_ENTRY,LIMIT_EXIT,23680.95,23676.9,NIFTY13APR2623650CE,23650.0,CE,83.3,80.15,83.17,80.19,85.0,75.0,0.060114,0.062305,ws,ws,entry_l1_cap,exit_l1_profit_protect,False,False,0.125,-0.04,65,-204.75,strategy_S9-10__TYPE_D:NIFTY:2026-04-13T10:12:27:LONG
2026-04-13,10:12:43,2026-04-13,10:12:57,NIFTY,SELL,TYPE_D,LIMIT_ENTRY,LIMIT_EXIT,23674.55,23678.2,NIFTY13APR2623700PE,23700.0,PE,93.85,92.95,93.69,93.01,95.0,85.0,0.053333,0.05372,ws,ws,entry_l1_cap,exit_l1_profit_protect,False,False,0.1556,-0.0595,65,-58.5,strategy_S9-10__TYPE_D:NIFTY:2026-04-13T10:12:43:SHORT
2026-04-13,10:13:01,2026-04-13,10:13:12,NIFTY,BUY,TYPE_D,LIMIT_ENTRY,LIMIT_EXIT,23679.7,23674.9,NIFTY13APR2623650CE,23650.0,CE,82.0,79.65,81.99,79.77,85.0,70.0,0.061013,0.062716,ws,ws,entry_l1_cap,exit_l1_profit_protect,False,False,0.014,-0.12,65,-152.75,strategy_S9-10__TYPE_D:NIFTY:2026-04-13T10:13:01:LONG
2026-04-13,10:13:48,2026-04-13,10:14:34,NIFTY,SELL,TYPE_D,LIMIT_ENTRY,LIMIT_EXIT,23665.8,23664.0,NIFTY13APR2623700PE,23700.0,PE,97.6,98.9,97.42,98.94,100.0,90.0,0.051295,0.05048,ws,ws,entry_l1_cap,exit_l1_profit_protect,False,False,0.18,-0.0429,65,84.5,strategy_S9-10__TYPE_D:NIFTY:2026-04-13T10:13:48:SHORT
2026-04-13,10:15:00,2026-04-13,10:15:53,NIFTY,SELL,TYPE_D,LIMIT_ENTRY,LIMIT_EXIT,23655.5,23647.9,NIFTY13APR2623700PE,23700.0,PE,103.05,109.35,102.86,109.44,105.0,100.0,0.048579,0.045704,ws,ws,entry_l1_cap,exit_l1_profit_protect,False,False,0.1875,-0.0889,65,409.5,strategy_S9-10__TYPE_D:NIFTY:2026-04-13T10:15:00:SHORT
2026-04-13,10:16:01,2026-04-13,10:16:17,NIFTY,SELL,TYPE_D,LIMIT_ENTRY,LIMIT_EXIT,23639.95,23648.65,NIFTY13APR2623650PE,23650.0,PE,80.45,78.25,80.24,78.31,85.0,70.0,0.062247,0.063837,ws,ws,entry_l1_cap,exit_l1_profit_protect,False,False,0.2083,-0.0643,65,-143.0,strategy_S9-10__TYPE_D:NIFTY:2026-04-13T10:16:01:SHORT
2026-04-13,10:16:50,2026-04-13,10:17:30,NIFTY,SELL,TYPE_D,LIMIT_ENTRY,LIMIT_EXIT,23643.05,23641.4,NIFTY13APR2623650PE,23650.0,PE,81.05,80.1,80.97,80.2,85.0,75.0,0.061728,0.062344,ws,ws,entry_l1_cap,exit_l1_profit_protect,False,False,0.075,-0.0957,65,-61.75,strategy_S9-10__TYPE_D:NIFTY:2026-04-13T10:16:50:SHORT
2026-04-13,10:17:43,2026-04-13,10:17:53,NIFTY,BUY,TYPE_D,LIMIT_ENTRY,LIMIT_EXIT,23645.35,23637.3,NIFTY13APR2623600CE,23600.0,CE,89.6,85.3,89.58,85.37,90.0,80.0,0.055882,0.058531,ws,ws,entry_l1_cap,exit_l1_profit_protect,False,False,0.0185,-0.07,65,-279.5,strategy_S9-10__TYPE_D:NIFTY:2026-04-13T10:17:43:LONG
2026-04-13,10:18:09,2026-04-13,10:22:29,NIFTY,BUY,TYPE_D,LIMIT_ENTRY,LIMIT_EXIT,23644.95,23707.35,NIFTY13APR2623600CE,23600.0,CE,87.05,137.35,86.93,137.53,90.0,130.0,0.057488,0.036357,ws,ws,entry_l1_cap,exit_l1_profit_protect,False,False,0.1227,-0.175,65,3269.5,strategy_S9-10__TYPE_D:NIFTY:2026-04-13T10:18:09:LONG
2026-04-13,10:22:45,2026-04-13,10:23:14,NIFTY,BUY,TYPE_D,LIMIT_ENTRY,LIMIT_EXIT,23713.3,23716.05,NIFTY13APR2623700CE,23700.0,CE,80.25,79.05,80.16,79.17,85.0,70.0,0.062383,0.063171,ws,ws,entry_l1_cap,exit_l1_profit_protect,False,False,0.0923,-0.1176,65,-78.0,strategy_S9-10__TYPE_D:NIFTY:2026-04-13T10:22:45:LONG
2026-04-13,10:24:01,2026-04-13,10:24:30,NIFTY,BUY,TYPE_D,LIMIT_ENTRY,LIMIT_EXIT,23714.8,23717.95,NIFTY13APR2623700CE,23700.0,CE,81.15,81.65,81.01,81.67,85.0,75.0,0.061671,0.061143,ws,ws,entry_l1_cap,exit_l1_profit_protect,False,False,0.1444,-0.0227,65,32.5,strategy_S9-10__TYPE_D:NIFTY:2026-04-13T10:24:01:LONG
2026-04-13,10:25:23,2026-04-13,10:26:21,NIFTY,SELL,TYPE_D,LIMIT_ENTRY,LIMIT_EXIT,23708.15,23708.85,NIFTY13APR2623750PE,23750.0,PE,98.45,97.1,98.33,97.14,100.0,90.0,0.050839,0.051454,ws,ws,entry_l1_cap,exit_l1_profit_protect,False,False,0.1176,-0.0375,65,-87.75,strategy_S9-10__TYPE_D:NIFTY:2026-04-13T10:25:23:SHORT
2026-04-13,10:26:43,2026-04-13,10:27:46,NIFTY,BUY,TYPE_D,LIMIT_ENTRY,LIMIT_EXIT,23710.35,23724.7,NIFTY13APR2623700CE,23700.0,CE,76.5,84.85,76.4,85.03,80.0,75.0,0.065445,0.058858,ws,ws,entry_l1_cap,exit_l1_profit_protect,False,False,0.104,-0.1778,65,542.75,strategy_S9-10__TYPE_D:NIFTY:2026-04-13T10:26:43:LONG
2026-04-13,10:28:32,2026-04-13,10:29:22,NIFTY,SELL,TYPE_D,LIMIT_ENTRY,LIMIT_EXIT,23722.85,23719.25,NIFTY13APR2623750PE,23750.0,PE,91.6,93.95,91.51,93.96,95.0,85.0,0.054645,0.053177,ws,ws,entry_l1_cap,exit_l1_profit_protect,False,False,0.0889,-0.0115,65,152.75,strategy_S9-10__TYPE_D:NIFTY:2026-04-13T10:28:32:SHORT
2026-04-13,10:30:05,2026-04-13,10:30:12,NIFTY,BUY,TYPE_D,LIMIT_ENTRY,LIMIT_EXIT,23723.5,23721.05,NIFTY13APR2623700CE,23700.0,CE,81.45,80.55,81.43,80.62,85.0,75.0,0.061425,0.062035,ws,ws,entry_l1_cap,exit_l1_profit_protect,False,False,0.0214,-0.075,65,-58.5,strategy_S9-10__TYPE_D:NIFTY:2026-04-13T10:30:05:LONG
2026-04-13,10:30:22,2026-04-13,10:30:48,NIFTY,BUY,TYPE_D,LIMIT_ENTRY,LIMIT_EXIT,23725.55,23724.55,NIFTY13APR2623700CE,23700.0,CE,82.75,81.85,82.71,81.92,85.0,75.0,0.060478,0.061031,ws,ws,entry_l1_cap,exit_l1_profit_protect,False,False,0.0353,-0.0682,65,-58.5,strategy_S9-10__TYPE_D:NIFTY:2026-04-13T10:30:22:LONG
2026-04-13,10:31:10,2026-04-13,10:32:34,NIFTY,SELL,TYPE_D,LIMIT_ENTRY,LIMIT_EXIT,23723.2,23719.65,NIFTY13APR2623750PE,23750.0,PE,90.5,91.15,90.45,91.31,95.0,85.0,0.05531,0.054795,ws,ws,entry_l1_cap,exit_l1_profit_protect,False,False,0.05,-0.16,65,42.25,strategy_S9-10__TYPE_D:NIFTY:2026-04-13T10:31:10:SHORT
2026-04-13,10:32:41,2026-04-13,10:33:14,NIFTY,BUY,TYPE_D,LIMIT_ENTRY,LIMIT_EXIT,23721.5,23721.55,NIFTY13APR2623700CE,23700.0,CE,80.7,80.3,80.53,80.41,85.0,75.0,0.062035,0.06217,ws,ws,entry_l1_cap,exit_l1_profit_protect,False,False,0.1667,-0.1094,65,-26.0,strategy_S9-10__TYPE_D:NIFTY:2026-04-13T10:32:41:LONG
2026-04-13,10:33:25,2026-04-13,10:33:52,NIFTY,SELL,TYPE_D,LIMIT_ENTRY,LIMIT_EXIT,23717.9,23712.6,NIFTY13APR2623750PE,23750.0,PE,92.05,95.4,91.92,95.5,95.0,90.0,0.054377,0.052356,ws,ws,entry_l1_cap,exit_l1_profit_protect,False,False,0.1333,-0.1,65,217.75,strategy_S9-10__TYPE_D:NIFTY:2026-04-13T10:33:25:SHORT
2026-04-13,10:34:29,2026-04-13,10:34:50,NIFTY,BUY,TYPE_D,LIMIT_ENTRY,LIMIT_EXIT,23714.2,23715.0,NIFTY13APR2623700CE,23700.0,CE,76.6,76.6,76.51,76.72,80.0,70.0,0.065359,0.065168,ws,ws,entry_l1_cap,exit_l1_profit_protect,False,False,0.0857,-0.123,65,0.0,strategy_S9-10__TYPE_D:NIFTY:2026-04-13T10:34:29:LONG
2026-04-13,10:35:09,2026-04-13,10:35:35,NIFTY,BUY,TYPE_D,LIMIT_ENTRY,LIMIT_EXIT,23717.9,23716.95,NIFTY13APR2623700CE,23700.0,CE,80.25,76.7,80.21,76.76,85.0,70.0,0.062383,0.065104,ws,ws,entry_l1_cap,exit_l1_profit_protect,False,False,0.0414,-0.0632,65,-230.75,strategy_S9-10__TYPE_D:NIFTY:2026-04-13T10:35:09:LONG
2026-04-13,10:35:42,2026-04-13,10:36:45,NIFTY,SELL,TYPE_D,LIMIT_ENTRY,LIMIT_EXIT,23714.65,23706.45,NIFTY13APR2623750PE,23750.0,PE,94.2,94.95,94.04,95.13,95.0,85.0,0.053135,0.052604,ws,ws,entry_l1_cap,exit_l1_profit_protect,False,False,0.16,-0.1778,65,48.75,strategy_S9-10__TYPE_D:NIFTY:2026-04-13T10:35:42:SHORT
2026-04-13,10:36:52,2026-04-13,10:37:05,NIFTY,BUY,TYPE_D,LIMIT_ENTRY,LIMIT_EXIT,23709.3,23702.95,NIFTY13APR2623700CE,23700.0,CE,75.1,72.15,74.96,72.18,80.0,65.0,0.066644,0.069228,ws,ws,entry_l1_cap,exit_l1_profit_protect,False,False,0.1375,-0.03,65,-191.75,strategy_S9-10__TYPE_D:NIFTY:2026-04-13T10:36:52:LONG
2026-04-13,10:37:10,2026-04-13,10:37:37,NIFTY,SELL,TYPE_D,LIMIT_ENTRY,LIMIT_EXIT,23701.95,23706.35,NIFTY13APR2623750PE,23750.0,PE,97.6,97.6,97.51,97.78,100.0,90.0,0.051256,0.051164,ws,ws,entry_l1_cap,exit_l1_profit_protect,False,False,0.0857,-0.1818,65,0.0,strategy_S9-10__TYPE_D:NIFTY:2026-04-13T10:37:10:SHORT
2026-04-13,10:37:40,2026-04-13,10:38:09,NIFTY,BUY,TYPE_D,LIMIT_ENTRY,LIMIT_EXIT,23712.3,23713.25,NIFTY13APR2623700CE,23700.0,CE,73.7,75.25,73.61,75.3,75.0,70.0,0.067889,0.066357,ws,ws,entry_l1_cap,exit_l1_profit_protect,False,False,0.09,-0.0462,65,100.75,strategy_S9-10__TYPE_D:NIFTY:2026-04-13T10:37:40:LONG
2026-04-13,10:38:17,2026-04-13,10:39:06,NIFTY,SELL,TYPE_D,LIMIT_ENTRY,LIMIT_EXIT,23708.4,23711.3,NIFTY13APR2623750PE,23750.0,PE,94.6,92.05,94.39,92.12,95.0,85.0,0.052924,0.054289,ws,ws,entry_l1_cap,exit_l1_profit_protect,False,False,0.2109,-0.0667,65,-165.75,strategy_S9-10__TYPE_D:NIFTY:2026-04-13T10:38:17:SHORT
2026-04-13,10:39:13,2026-04-13,10:39:59,NIFTY,BUY,TYPE_D,LIMIT_ENTRY,LIMIT_EXIT,23714.2,23728.6,NIFTY13APR2623700CE,23700.0,CE,78.9,82.2,78.78,82.24,80.0,75.0,0.063452,0.060772,ws,ws,entry_l1_cap,exit_l1_profit_protect,False,False,0.1238,-0.0429,65,214.5,strategy_S9-10__TYPE_D:NIFTY:2026-04-13T10:39:13:LONG
2026-04-13,10:40:03,2026-04-13,10:40:51,NIFTY,BUY,TYPE_D,LIMIT_ENTRY,LIMIT_EXIT,23732.75,23733.0,NIFTY13APR2623700CE,23700.0,CE,85.45,82.55,85.42,82.65,90.0,75.0,0.058599,0.060533,ws,ws,entry_l1_cap,exit_l1_profit_protect,False,False,0.0261,-0.0958,65,-188.5,strategy_S9-10__TYPE_D:NIFTY:2026-04-13T10:40:03:LONG
2026-04-13,10:41:20,2026-04-13,10:41:35,NIFTY,BUY,TYPE_D,LIMIT_ENTRY,LIMIT_EXIT,23735.95,23731.1,NIFTY13APR2623700CE,23700.0,CE,86.9,84.35,86.78,84.42,90.0,75.0,0.057604,0.059224,ws,ws,entry_l1_cap,exit_l1_profit_protect,False,False,0.1167,-0.075,65,-165.75,strategy_S9-10__TYPE_D:NIFTY:2026-04-13T10:41:20:LONG
2026-04-13,10:41:40,2026-04-13,10:43:13,NIFTY,SELL,TYPE_D,LIMIT_ENTRY,LIMIT_EXIT,23722.45,23707.1,NIFTY13APR2623750PE,23750.0,PE,90.5,96.95,90.49,97.11,95.0,90.0,0.05531,0.051507,ws,ws,entry_l1_cap,exit_l1_profit_protect,False,False,0.0105,-0.1591,65,419.25,strategy_S9-10__TYPE_D:NIFTY:2026-04-13T10:41:40:SHORT
2026-04-13,10:43:29,2026-04-13,10:44:13,NIFTY,BUY,TYPE_D,LIMIT_ENTRY,LIMIT_EXIT,23708.85,23715.9,NIFTY13APR2623700CE,23700.0,CE,70.95,76.35,70.91,76.44,75.0,70.0,0.070572,0.065402,ws,ws,entry_l1_cap,exit_l1_profit_protect,False,False,0.0389,-0.0857,65,351.0,strategy_S9-10__TYPE_D:NIFTY:2026-04-13T10:43:29:LONG
2026-04-13,10:44:40,2026-04-13,10:44:55,NIFTY,BUY,TYPE_D,LIMIT_ENTRY,LIMIT_EXIT,23726.0,23724.5,NIFTY13APR2623700CE,23700.0,CE,77.75,76.85,77.72,77.02,80.0,70.0,0.064392,0.064977,ws,ws,entry_l1_cap,exit_l1_profit_protect,False,False,0.0333,-0.168,65,-58.5,strategy_S9-10__TYPE_D:NIFTY:2026-04-13T10:44:40:LONG
2026-04-13,10:45:11,2026-04-13,10:45:51,NIFTY,BUY,TYPE_D,LIMIT_ENTRY,LIMIT_EXIT,23730.35,23731.3,NIFTY13APR2623700CE,23700.0,CE,80.95,80.1,80.83,80.14,85.0,75.0,0.061824,0.062402,ws,ws,entry_l1_cap,exit_l1_profit_protect,False,False,0.1227,-0.035,65,-55.25,strategy_S9-10__TYPE_D:NIFTY:2026-04-13T10:45:11:LONG
2026-04-13,10:46:05,2026-04-13,10:47:00,NIFTY,BUY,TYPE_D,LIMIT_ENTRY,LIMIT_EXIT,23735.85,23742.4,NIFTY13APR2623700CE,23700.0,CE,81.6,85.1,81.56,85.15,85.0,80.0,0.06135,0.058685,ws,ws,entry_l1_cap,exit_l1_profit_protect,False,False,0.0435,-0.0476,65,227.5,strategy_S9-10__TYPE_D:NIFTY:2026-04-13T10:46:05:LONG
2026-04-13,10:47:28,2026-04-13,10:47:51,NIFTY,SELL,TYPE_D,LIMIT_ENTRY,LIMIT_EXIT,23734.15,23734.05,NIFTY13APR2623750PE,23750.0,PE,81.95,81.85,81.9,82.01,85.0,75.0,0.06105,0.061013,ws,ws,entry_l1_cap,exit_l1_profit_protect,False,False,0.0529,-0.1647,65,-6.5,strategy_S9-10__TYPE_D:NIFTY:2026-04-13T10:47:28:SHORT
2026-04-13,10:48:04,2026-04-13,10:48:26,NIFTY,BUY,TYPE_D,LIMIT_ENTRY,LIMIT_EXIT,23740.35,23739.9,NIFTY13APR2623700CE,23700.0,CE,84.35,83.3,84.2,83.33,85.0,75.0,0.059365,0.059952,ws,ws,entry_l1_cap,exit_l1_profit_protect,False,False,0.1538,-0.0333,65,-68.25,strategy_S9-10__TYPE_D:NIFTY:2026-04-13T10:48:04:LONG
2026-04-13,10:48:38,2026-04-13,10:48:49,NIFTY,BUY,TYPE_D,LIMIT_ENTRY,LIMIT_EXIT,23745.4,23740.0,NIFTY13APR2623700CE,23700.0,CE,86.7,82.35,86.62,82.39,90.0,75.0,0.057753,0.060643,ws,ws,entry_l1_cap,exit_l1_profit_protect,False,False,0.0761,-0.0364,65,-282.75,strategy_S9-10__TYPE_D:NIFTY:2026-04-13T10:48:38:LONG
2026-04-13,10:49:09,2026-04-13,10:49:44,NIFTY,SELL,TYPE_D,LIMIT_ENTRY,LIMIT_EXIT,23736.9,23733.05,NIFTY13APR2623750PE,23750.0,PE,82.0,82.65,81.97,82.72,85.0,75.0,0.061013,0.060405,ws,ws,entry_l1_cap,exit_l1_profit_protect,False,False,0.0303,-0.0714,65,42.25,strategy_S9-10__TYPE_D:NIFTY:2026-04-13T10:49:09:SHORT
2026-04-13,10:50:12,2026-04-13,10:50:25,NIFTY,BUY,TYPE_D,LIMIT_ENTRY,LIMIT_EXIT,23734.4,23734.05,NIFTY13APR2623700CE,23700.0,CE,80.85,79.55,80.79,79.66,85.0,70.0,0.06192,0.062794,ws,ws,entry_l1_cap,exit_l1_profit_protect,False,False,0.0571,-0.1071,65,-84.5,strategy_S9-10__TYPE_D:NIFTY:2026-04-13T10:50:12:LONG
2026-04-13,10:50:37,2026-04-13,10:50:52,NIFTY,BUY,TYPE_D,LIMIT_ENTRY,LIMIT_EXIT,23738.75,23738.45,NIFTY13APR2623700CE,23700.0,CE,82.95,84.3,82.79,84.41,85.0,75.0,0.060368,0.059259,ws,ws,entry_l1_cap,exit_l1_profit_protect,False,False,0.16,-0.105,65,87.75,strategy_S9-10__TYPE_D:NIFTY:2026-04-13T10:50:37:LONG
2026-04-13,10:51:12,2026-04-13,10:51:15,NIFTY,BUY,TYPE_D,LIMIT_ENTRY,LIMIT_EXIT,23741.3,23739.1,NIFTY13APR2623700CE,23700.0,CE,83.1,81.9,83.0,82.05,85.0,75.0,0.060259,0.060957,ws,ws,entry_l1_cap,exit_l1_profit_protect,False,False,0.1034,-0.1513,65,-78.0,strategy_S9-10__TYPE_D:NIFTY:2026-04-13T10:51:12:LONG
2026-04-13,10:51:21,2026-04-13,10:51:26,NIFTY,BUY,TYPE_D,LIMIT_ENTRY,LIMIT_EXIT,23741.6,23738.75,NIFTY13APR2623700CE,23700.0,CE,84.1,83.35,84.02,83.47,85.0,75.0,0.059524,0.059934,ws,ws,entry_l1_cap,exit_l1_profit_protect,False,False,0.08,-0.12,65,-48.75,strategy_S9-10__TYPE_D:NIFTY:2026-04-13T10:51:21:LONG
2026-04-13,10:52:19,2026-04-13,10:53:28,NIFTY,BUY,TYPE_D,LIMIT_ENTRY,LIMIT_EXIT,23737.0,23748.6,NIFTY13APR2623700CE,23700.0,CE,83.85,89.5,83.8,89.55,85.0,80.0,0.059701,0.055788,ws,ws,entry_l1_cap,exit_l1_profit_protect,False,False,0.05,-0.05,65,367.25,strategy_S9-10__TYPE_D:NIFTY:2026-04-13T10:52:19:LONG
2026-04-13,10:54:32,2026-04-13,10:55:02,NIFTY,SELL,TYPE_D,LIMIT_ENTRY,LIMIT_EXIT,23745.2,23746.9,NIFTY13APR2623750PE,23750.0,PE,75.55,74.35,75.41,74.47,80.0,65.0,0.066291,0.067159,ws,ws,entry_l1_cap,exit_l1_profit_protect,False,False,0.1369,-0.1231,65,-78.0,strategy_S9-10__TYPE_D:NIFTY:2026-04-13T10:54:32:SHORT
2026-04-13,10:55:22,2026-04-13,10:55:44,NIFTY,BUY,TYPE_D,LIMIT_ENTRY,LIMIT_EXIT,23748.05,23744.0,NIFTY13APR2623700CE,23700.0,CE,87.15,84.2,86.93,84.26,90.0,75.0,0.057455,0.059312,ws,ws,entry_l1_cap,exit_l1_profit_protect,False,False,0.2177,-0.0649,65,-191.75,strategy_S9-10__TYPE_D:NIFTY:2026-04-13T10:55:22:LONG
2026-04-13,10:56:22,2026-04-13,10:56:31,NIFTY,SELL,TYPE_D,LIMIT_ENTRY,LIMIT_EXIT,23749.4,23753.55,NIFTY13APR2623750PE,23750.0,PE,71.35,69.75,71.34,69.77,75.0,60.0,0.070151,0.071608,ws,ws,entry_l1_cap,exit_l1_profit_protect,False,False,0.01,-0.0187,65,-104.0,strategy_S9-10__TYPE_D:NIFTY:2026-04-13T10:56:22:SHORT
2026-04-13,10:56:55,2026-04-13,10:57:23,NIFTY,BUY,TYPE_D,LIMIT_ENTRY,LIMIT_EXIT,23755.05,23755.5,NIFTY13APR2623750CE,23750.0,CE,63.7,64.35,63.6,64.48,65.0,55.0,0.078585,0.07761,ws,ws,entry_l1_cap,exit_l1_profit_protect,False,False,0.1026,-0.1324,65,42.25,strategy_S9-10__TYPE_D:NIFTY:2026-04-13T10:56:55:LONG
2026-04-13,10:57:54,2026-04-13,10:57:57,NIFTY,SELL,TYPE_D,LIMIT_ENTRY,LIMIT_EXIT,23755.45,23757.15,NIFTY13APR2623800PE,23800.0,PE,98.0,97.55,97.87,97.76,100.0,90.0,0.051073,0.051177,ws,ws,entry_l1_cap,exit_l1_profit_protect,False,False,0.128,-0.2118,65,-29.25,strategy_S9-10__TYPE_D:NIFTY:2026-04-13T10:57:54:SHORT
2026-04-13,10:58:03,2026-04-13,10:59:59,NIFTY,SELL,TYPE_D,LIMIT_ENTRY,LIMIT_EXIT,23753.35,23740.0,NIFTY13APR2623800PE,23800.0,PE,99.3,106.15,99.28,106.19,100.0,100.0,0.050403,0.047059,ws,ws,entry_l1_cap,exit_l1_profit_protect,False,False,0.0182,-0.0364,65,445.25,strategy_S9-10__TYPE_D:NIFTY:2026-04-13T10:58:03:SHORT
2026-04-13,11:00:20,2026-04-13,11:00:30,NIFTY,SELL,TYPE_D,LIMIT_ENTRY,LIMIT_EXIT,23732.9,23735.6,NIFTY13APR2623750PE,23750.0,PE,77.2,76.4,77.11,76.49,80.0,70.0,0.064851,0.065359,ws,ws,entry_l1_cap,exit_l1_profit_protect,False,False,0.0905,-0.0933,65,-52.0,strategy_S9-10__TYPE_D:NIFTY:2026-04-13T11:00:20:SHORT
2026-04-13,11:00:57,2026-04-13,11:01:10,NIFTY,BUY,TYPE_D,LIMIT_ENTRY,LIMIT_EXIT,23736.8,23735.35,NIFTY13APR2623700CE,23700.0,CE,81.45,80.25,81.36,80.4,85.0,75.0,0.061463,0.062247,ws,ws,entry_l1_cap,exit_l1_profit_protect,False,False,0.0933,-0.1452,65,-78.0,strategy_S9-10__TYPE_D:NIFTY:2026-04-13T11:00:57:LONG
2026-04-13,11:01:40,2026-04-13,11:02:05,NIFTY,SELL,TYPE_D,LIMIT_ENTRY,LIMIT_EXIT,23733.3,23735.55,NIFTY13APR2623750PE,23750.0,PE,78.5,77.75,78.48,77.8,80.0,70.0,0.063755,0.064247,ws,ws,entry_l1_cap,exit_l1_profit_protect,False,False,0.0221,-0.05,65,-48.75,strategy_S9-10__TYPE_D:NIFTY:2026-04-13T11:01:40:SHORT
2026-04-13,11:02:42,2026-04-13,11:02:49,NIFTY,SELL,TYPE_D,LIMIT_ENTRY,LIMIT_EXIT,23734.65,23736.85,NIFTY13APR2623750PE,23750.0,PE,76.5,76.35,76.43,76.52,80.0,70.0,0.065402,0.065402,ws,ws,entry_l1_cap,exit_l1_profit_protect,False,False,0.07,-0.1652,65,-9.75,strategy_S9-10__TYPE_D:NIFTY:2026-04-13T11:02:42:SHORT
2026-04-13,11:03:04,2026-04-13,11:03:10,NIFTY,BUY,TYPE_D,LIMIT_ENTRY,LIMIT_EXIT,23737.85,23735.6,NIFTY13APR2623700CE,23700.0,CE,82.1,80.4,81.94,80.59,85.0,75.0,0.060994,0.062112,ws,ws,entry_l1_cap,exit_l1_profit_protect,False,False,0.163,-0.1857,65,-110.5,strategy_S9-10__TYPE_D:NIFTY:2026-04-13T11:03:04:LONG
2026-04-13,11:03:50,2026-04-13,11:04:13,NIFTY,SELL,TYPE_D,LIMIT_ENTRY,LIMIT_EXIT,23734.0,23738.1,NIFTY13APR2623750PE,23750.0,PE,79.95,77.35,79.94,77.54,80.0,70.0,0.062617,0.064537,ws,ws,entry_l1_cap,exit_l1_profit_protect,False,False,0.01,-0.1852,65,-169.0,strategy_S9-10__TYPE_D:NIFTY:2026-04-13T11:03:50:SHORT
2026-04-13,11:04:40,2026-04-13,11:05:01,NIFTY,SELL,TYPE_D,LIMIT_ENTRY,LIMIT_EXIT,23735.6,23738.9,NIFTY13APR2623750PE,23750.0,PE,78.55,76.6,78.44,76.76,80.0,70.0,0.063735,0.065189,ws,ws,entry_l1_cap,exit_l1_profit_protect,False,False,0.1143,-0.1636,65,-126.75,strategy_S9-10__TYPE_D:NIFTY:2026-04-13T11:04:40:SHORT
2026-04-13,11:05:10,2026-04-13,11:06:13,NIFTY,BUY,TYPE_D,LIMIT_ENTRY,LIMIT_EXIT,23743.2,23747.9,NIFTY13APR2623700CE,23700.0,CE,83.4,85.55,83.22,85.67,85.0,80.0,0.060024,0.058394,ws,ws,entry_l1_cap,exit_l1_profit_protect,False,False,0.18,-0.125,65,139.75,strategy_S9-10__TYPE_D:NIFTY:2026-04-13T11:05:10:LONG
2026-04-13,11:06:24,2026-04-13,11:06:33,NIFTY,SELL,TYPE_D,LIMIT_ENTRY,LIMIT_EXIT,23742.8,23744.85,NIFTY13APR2623750PE,23750.0,PE,74.1,73.85,74.03,74.0,75.0,65.0,0.067522,0.067613,ws,ws,entry_l1_cap,exit_l1_profit_protect,False,False,0.0733,-0.1474,65,-16.25,strategy_S9-10__TYPE_D:NIFTY:2026-04-13T11:06:24:SHORT
2026-04-13,11:06:42,2026-04-13,11:07:13,NIFTY,SELL,TYPE_D,LIMIT_ENTRY,LIMIT_EXIT,23740.75,23741.7,NIFTY13APR2623750PE,23750.0,PE,74.75,74.35,74.57,74.38,75.0,65.0,0.066979,0.067227,ws,ws,entry_l1_cap,exit_l1_profit_protect,False,False,0.1846,-0.025,65,-26.0,strategy_S9-10__TYPE_D:NIFTY:2026-04-13T11:06:42:SHORT
2026-04-13,11:08:01,2026-04-13,11:08:20,NIFTY,SELL,TYPE_D,LIMIT_ENTRY,LIMIT_EXIT,23742.9,23744.35,NIFTY13APR2623750PE,23750.0,PE,71.2,71.45,71.16,71.56,75.0,65.0,0.070249,0.069857,ws,ws,entry_l1_cap,exit_l1_profit_protect,False,False,0.04,-0.108,65,16.25,strategy_S9-10__TYPE_D:NIFTY:2026-04-13T11:08:01:SHORT
2026-04-13,11:08:30,2026-04-13,11:09:51,NIFTY,BUY,TYPE_D,LIMIT_ENTRY,LIMIT_EXIT,23745.75,23750.0,NIFTY13APR2623700CE,23700.0,CE,85.85,88.3,85.73,88.35,90.0,80.0,0.058309,0.056545,ws,ws,entry_l1_cap,exit_l1_profit_protect,False,False,0.1176,-0.0481,65,159.25,strategy_S9-10__TYPE_D:NIFTY:2026-04-13T11:08:30:LONG
2026-04-13,11:10:21,2026-04-13,11:11:28,NIFTY,SELL,TYPE_D,LIMIT_ENTRY,LIMIT_EXIT,23747.5,23734.45,NIFTY13APR2623750PE,23750.0,PE,70.5,76.9,70.44,77.01,75.0,70.0,0.070998,0.064956,ws,ws,entry_l1_cap,exit_l1_profit_protect,False,False,0.06,-0.1125,65,416.0,strategy_S9-10__TYPE_D:NIFTY:2026-04-13T11:10:21:SHORT
2026-04-13,11:12:05,2026-04-13,11:13:07,NIFTY,BUY,TYPE_D,LIMIT_ENTRY,LIMIT_EXIT,23738.25,23745.65,NIFTY13APR2623700CE,23700.0,CE,81.55,84.55,81.52,84.61,85.0,75.0,0.061387,0.059067,ws,ws,entry_l1_cap,exit_l1_profit_protect,False,False,0.0333,-0.0556,65,195.0,strategy_S9-10__TYPE_D:NIFTY:2026-04-13T11:12:05:LONG
2026-04-13,11:13:22,2026-04-13,11:13:26,NIFTY,BUY,TYPE_D,LIMIT_ENTRY,LIMIT_EXIT,23749.65,23745.75,NIFTY13APR2623700CE,23700.0,CE,85.55,84.8,85.45,84.88,90.0,75.0,0.058497,0.058875,ws,ws,entry_l1_cap,exit_l1_profit_protect,False,False,0.1,-0.0776,65,-48.75,strategy_S9-10__TYPE_D:NIFTY:2026-04-13T11:13:22:LONG
2026-04-13,11:14:02,2026-04-13,11:14:57,NIFTY,SELL,TYPE_D,LIMIT_ENTRY,LIMIT_EXIT,23743.85,23743.4,NIFTY13APR2623750PE,23750.0,PE,73.15,73.4,73.08,73.47,75.0,65.0,0.068423,0.06805,ws,ws,entry_l1_cap,exit_l1_profit_protect,False,False,0.075,-0.075,65,16.25,strategy_S9-10__TYPE_D:NIFTY:2026-04-13T11:14:02:SHORT
2026-04-13,11:15:03,2026-04-13,11:15:31,NIFTY,BUY,TYPE_D,LIMIT_ENTRY,LIMIT_EXIT,23745.1,23745.8,NIFTY13APR2623700CE,23700.0,CE,84.9,85.95,84.86,86.0,85.0,80.0,0.058962,0.058156,ws,ws,entry_l1_cap,exit_l1_profit_protect,False,False,0.04,-0.0472,65,68.25,strategy_S9-10__TYPE_D:NIFTY:2026-04-13T11:15:03:LONG
2026-04-13,11:16:06,2026-04-13,11:16:14,NIFTY,SELL,TYPE_D,LIMIT_ENTRY,LIMIT_EXIT,23744.9,23746.45,NIFTY13APR2623750PE,23750.0,PE,70.65,69.65,70.58,69.72,75.0,60.0,0.070847,0.07171,ws,ws,entry_l1_cap,exit_l1_profit_protect,False,False,0.0706,-0.0692,65,-65.0,strategy_S9-10__TYPE_D:NIFTY:2026-04-13T11:16:06:SHORT
2026-04-13,11:16:31,2026-04-13,11:17:14,NIFTY,BUY,TYPE_D,LIMIT_ENTRY,LIMIT_EXIT,23750.7,23746.7,NIFTY13APR2623750CE,23750.0,CE,58.55,57.0,58.43,57.05,60.0,50.0,0.085507,0.087604,ws,ws,entry_l1_cap,exit_l1_profit_protect,False,False,0.1179,-0.0545,65,-100.75,strategy_S9-10__TYPE_D:NIFTY:2026-04-13T11:16:31:LONG
2026-04-13,11:17:30,2026-04-13,11:18:14,NIFTY,BUY,TYPE_D,LIMIT_ENTRY,LIMIT_EXIT,23749.35,23748.2,NIFTY13APR2623700CE,23700.0,CE,86.4,85.4,86.21,85.57,90.0,80.0,0.057954,0.05848,ws,ws,entry_l1_cap,exit_l1_profit_protect,False,False,0.1905,-0.1684,65,-65.0,strategy_S9-10__TYPE_D:NIFTY:2026-04-13T11:17:30:LONG
2026-04-13,11:19:33,2026-04-13,11:19:51,NIFTY,BUY,TYPE_D,LIMIT_ENTRY,LIMIT_EXIT,23751.25,23747.3,NIFTY13APR2623750CE,23750.0,CE,60.7,59.4,60.56,59.41,65.0,50.0,0.082508,0.084069,ws,ws,entry_l1_cap,exit_l1_profit_protect,False,False,0.1364,-0.0139,65,-84.5,strategy_S9-10__TYPE_D:NIFTY:2026-04-13T11:19:33:LONG
2026-04-13,11:20:22,2026-04-13,11:20:24,NIFTY,BUY,TYPE_D,LIMIT_ENTRY,LIMIT_EXIT,23750.4,23748.55,NIFTY13APR2623750CE,23750.0,CE,58.95,58.0,58.93,58.09,60.0,50.0,0.08489,0.086096,ws,ws,entry_l1_cap,exit_l1_profit_protect,False,False,0.0222,-0.092,65,-61.75,strategy_S9-10__TYPE_D:NIFTY:2026-04-13T11:20:22:LONG
2026-04-13,11:20:40,2026-04-13,11:21:33,NIFTY,SELL,TYPE_D,LIMIT_ENTRY,LIMIT_EXIT,23743.85,23735.05,NIFTY13APR2623750PE,23750.0,PE,70.95,75.6,70.9,75.67,75.0,70.0,0.070572,0.066094,ws,ws,entry_l1_cap,exit_l1_profit_protect,False,False,0.0481,-0.0667,65,302.25,strategy_S9-10__TYPE_D:NIFTY:2026-04-13T11:20:40:SHORT
2026-04-13,11:21:50,2026-04-13,11:23:34,NIFTY,BUY,TYPE_D,LIMIT_ENTRY,LIMIT_EXIT,23738.9,23755.6,NIFTY13APR2623700CE,23700.0,CE,79.35,88.3,79.31,88.35,80.0,80.0,0.063072,0.056545,ws,ws,entry_l1_cap,exit_l1_profit_protect,False,False,0.0395,-0.0526,65,581.75,strategy_S9-10__TYPE_D:NIFTY:2026-04-13T11:21:50:LONG
2026-04-13,11:23:54,2026-04-13,11:25:03,NIFTY,SELL,TYPE_D,LIMIT_ENTRY,LIMIT_EXIT,23749.7,23746.2,NIFTY13APR2623750PE,23750.0,PE,66.9,69.45,66.83,69.61,70.0,60.0,0.07485,0.071891,ws,ws,entry_l1_cap,exit_l1_profit_protect,False,False,0.0714,-0.1579,65,165.75,strategy_S9-10__TYPE_D:NIFTY:2026-04-13T11:23:54:SHORT
2026-04-13,11:25:33,2026-04-13,11:26:07,NIFTY,BUY,TYPE_D,LIMIT_ENTRY,LIMIT_EXIT,23745.8,23750.1,NIFTY13APR2623700CE,23700.0,CE,81.95,86.9,81.81,86.98,85.0,80.0,0.061069,0.057471,ws,ws,entry_l1_cap,exit_l1_profit_protect,False,False,0.1417,-0.0833,65,321.75,strategy_S9-10__TYPE_D:NIFTY:2026-04-13T11:25:33:LONG
2026-04-13,11:26:56,2026-04-13,11:28:03,NIFTY,SELL,TYPE_D,LIMIT_ENTRY,LIMIT_EXIT,23752.15,23745.1,NIFTY13APR2623800PE,23800.0,PE,95.7,101.2,95.63,101.38,100.0,95.0,0.052301,0.049358,ws,ws,entry_l1_cap,exit_l1_profit_protect,False,False,0.0667,-0.175,65,357.5,strategy_S9-10__TYPE_D:NIFTY:2026-04-13T11:26:56:SHORT
2026-04-13,11:28:33,2026-04-13,11:29:12,NIFTY,BUY,TYPE_D,LIMIT_ENTRY,LIMIT_EXIT,23745.25,23746.0,NIFTY13APR2623700CE,23700.0,CE,83.2,81.55,83.16,81.6,85.0,75.0,0.060114,0.061256,ws,ws,entry_l1_cap,exit_l1_profit_protect,False,False,0.04,-0.0545,65,-107.25,strategy_S9-10__TYPE_D:NIFTY:2026-04-13T11:28:33:LONG
2026-04-13,11:29:22,2026-04-13,11:30:15,NIFTY,SELL,TYPE_D,LIMIT_ENTRY,LIMIT_EXIT,23741.8,23742.5,NIFTY13APR2623750PE,23750.0,PE,74.0,73.65,73.94,73.7,75.0,65.0,0.067636,0.067797,ws,ws,entry_l1_cap,exit_l1_profit_protect,False,False,0.0563,-0.0476,65,-22.75,strategy_S9-10__TYPE_D:NIFTY:2026-04-13T11:29:22:SHORT
2026-04-13,11:30:20,2026-04-13,11:31:17,NIFTY,BUY,TYPE_D,LIMIT_ENTRY,LIMIT_EXIT,23743.7,23746.95,NIFTY13APR2623700CE,23700.0,CE,80.7,82.4,80.55,82.45,85.0,75.0,0.062054,0.060624,ws,ws,entry_l1_cap,exit_l1_profit_protect,False,False,0.1471,-0.05,65,110.5,strategy_S9-10__TYPE_D:NIFTY:2026-04-13T11:30:20:LONG
2026-04-13,11:31:35,2026-04-13,11:32:12,NIFTY,SELL,TYPE_D,LIMIT_ENTRY,LIMIT_EXIT,23744.05,23735.95,NIFTY13APR2623750PE,23750.0,PE,71.5,74.65,71.39,74.68,75.0,65.0,0.070028,0.06689,ws,ws,entry_l1_cap,exit_l1_profit_protect,False,False,0.1059,-0.0323,65,204.75,strategy_S9-10__TYPE_D:NIFTY:2026-04-13T11:31:35:SHORT
2026-04-13,11:33:14,2026-04-13,11:33:19,NIFTY,SELL,TYPE_D,LIMIT_ENTRY,LIMIT_EXIT,23730.9,23734.6,NIFTY13APR2623750PE,23750.0,PE,75.5,74.6,75.41,74.69,80.0,65.0,0.066313,0.066934,ws,ws,entry_l1_cap,exit_l1_profit_protect,False,False,0.0941,-0.087,65,-58.5,strategy_S9-10__TYPE_D:NIFTY:2026-04-13T11:33:14:SHORT
2026-04-13,11:33:51,2026-04-13,11:33:56,NIFTY,BUY,TYPE_D,LIMIT_ENTRY,LIMIT_EXIT,23733.95,23732.4,NIFTY13APR2623700CE,23700.0,CE,77.0,76.5,76.81,76.54,80.0,70.0,0.06502,0.065295,ws,ws,entry_l1_cap,exit_l1_profit_protect,False,False,0.192,-0.0362,65,-32.5,strategy_S9-10__TYPE_D:NIFTY:2026-04-13T11:33:51:LONG
2026-04-13,11:34:06,2026-04-13,11:34:27,NIFTY,BUY,TYPE_D,LIMIT_ENTRY,LIMIT_EXIT,23736.1,23733.35,NIFTY13APR2623700CE,23700.0,CE,75.6,76.8,75.54,76.93,80.0,70.0,0.066225,0.06502,ws,ws,entry_l1_cap,exit_l1_profit_protect,False,False,0.064,-0.13,65,78.0,strategy_S9-10__TYPE_D:NIFTY:2026-04-13T11:34:06:LONG
2026-04-13,11:34:53,2026-04-13,11:36:13,NIFTY,BUY,TYPE_D,LIMIT_ENTRY,LIMIT_EXIT,23739.7,23749.65,NIFTY13APR2623700CE,23700.0,CE,79.55,81.3,79.53,81.39,80.0,75.0,0.062873,0.061425,ws,ws,entry_l1_cap,exit_l1_profit_protect,False,False,0.025,-0.0933,65,113.75,strategy_S9-10__TYPE_D:NIFTY:2026-04-13T11:34:53:LONG
2026-04-13,11:36:43,2026-04-13,11:38:00,NIFTY,BUY,TYPE_D,LIMIT_ENTRY,LIMIT_EXIT,23752.05,23759.15,NIFTY13APR2623750CE,23750.0,CE,55.85,59.25,55.77,59.25,60.0,50.0,0.089686,0.084353,ws,ws,entry_l1_cap,exit_l1_profit_protect,False,False,0.0815,-0.0029,65,221.0,strategy_S9-10__TYPE_D:NIFTY:2026-04-13T11:36:43:LONG
2026-04-13,11:38:16,2026-04-13,11:38:44,NIFTY,BUY,TYPE_D,LIMIT_ENTRY,LIMIT_EXIT,23764.55,23766.95,NIFTY13APR2623750CE,23750.0,CE,63.4,63.6,63.35,63.69,65.0,55.0,0.078927,0.078493,ws,ws,entry_l1_cap,exit_l1_profit_protect,False,False,0.05,-0.09,65,13.0,strategy_S9-10__TYPE_D:NIFTY:2026-04-13T11:38:16:LONG
2026-04-13,11:39:10,2026-04-13,11:39:37,NIFTY,BUY,TYPE_D,LIMIT_ENTRY,LIMIT_EXIT,23767.75,23767.45,NIFTY13APR2623750CE,23750.0,CE,65.15,64.2,65.0,64.26,70.0,55.0,0.076864,0.077821,ws,ws,entry_l1_cap,exit_l1_profit_protect,False,False,0.1479,-0.0556,65,-61.75,strategy_S9-10__TYPE_D:NIFTY:2026-04-13T11:39:10:LONG
2026-04-13,11:39:42,2026-04-13,11:40:16,NIFTY,SELL,TYPE_D,LIMIT_ENTRY,LIMIT_EXIT,23763.65,23762.3,NIFTY13APR2623800PE,23800.0,PE,86.05,86.75,85.95,86.9,90.0,80.0,0.058173,0.057554,ws,ws,entry_l1_cap,exit_l1_profit_protect,False,False,0.1,-0.15,65,45.5,strategy_S9-10__TYPE_D:NIFTY:2026-04-13T11:39:42:SHORT
2026-04-13,11:44:00,2026-04-13,11:44:51,NIFTY,BUY,TYPE_D,LIMIT_ENTRY,LIMIT_EXIT,23754.2,23756.7,NIFTY13APR2623750CE,23750.0,CE,55.95,58.75,55.87,58.84,60.0,50.0,0.089485,0.084962,ws,ws,entry_l1_cap,exit_l1_profit_protect,False,False,0.0794,-0.0918,65,182.0,strategy_S9-10__TYPE_D:NIFTY:2026-04-13T11:44:00:LONG
2026-04-13,11:45:10,2026-04-13,11:45:24,NIFTY,SELL,TYPE_D,LIMIT_ENTRY,LIMIT_EXIT,23754.6,23758.85,NIFTY13APR2623800PE,23800.0,PE,90.6,90.15,90.46,90.29,95.0,85.0,0.055249,0.055402,ws,ws,entry_l1_cap,exit_l1_profit_protect,False,False,0.1412,-0.1375,65,-29.25,strategy_S9-10__TYPE_D:NIFTY:2026-04-13T11:45:10:SHORT
2026-04-13,11:45:31,2026-04-13,11:46:09,NIFTY,BUY,TYPE_D,LIMIT_ENTRY,LIMIT_EXIT,23763.0,23760.4,NIFTY13APR2623750CE,23750.0,CE,60.1,64.25,60.03,64.34,65.0,55.0,0.083264,0.0777,ws,ws,entry_l1_cap,exit_l1_profit_protect,False,False,0.0692,-0.0868,65,269.75,strategy_S9-10__TYPE_D:NIFTY:2026-04-13T11:45:31:LONG
2026-04-13,11:46:11,2026-04-13,11:46:22,NIFTY,SELL,TYPE_D,LIMIT_ENTRY,LIMIT_EXIT,23759.65,23763.45,NIFTY13APR2623800PE,23800.0,PE,84.8,81.0,84.68,81.04,85.0,75.0,0.059014,0.061671,ws,ws,entry_l1_cap,exit_l1_profit_protect,False,False,0.1154,-0.0429,65,-247.0,strategy_S9-10__TYPE_D:NIFTY:2026-04-13T11:46:11:SHORT
2026-04-13,11:47:00,2026-04-13,11:47:00,NIFTY,SELL,TYPE_D,LIMIT_ENTRY,LIMIT_EXIT,23759.95,23762.75,NIFTY13APR2623800PE,23800.0,PE,82.1,81.85,81.98,81.92,85.0,75.0,0.060957,0.061013,ws,ws,entry_l1_cap,exit_l1_profit_protect,False,False,0.12,-0.0667,65,-16.25,strategy_S9-10__TYPE_D:NIFTY:2026-04-13T11:47:00:SHORT
2026-04-13,11:47:18,2026-04-13,11:47:45,NIFTY,SELL,TYPE_D,LIMIT_ENTRY,LIMIT_EXIT,23758.9,23761.1,NIFTY13APR2623800PE,23800.0,PE,83.1,82.1,82.93,82.26,85.0,75.0,0.060241,0.060827,ws,ws,entry_l1_cap,exit_l1_profit_protect,False,False,0.1667,-0.16,65,-65.0,strategy_S9-10__TYPE_D:NIFTY:2026-04-13T11:47:18:SHORT
2026-04-13,11:47:56,2026-04-13,11:48:56,NIFTY,BUY,TYPE_D,LIMIT_ENTRY,LIMIT_EXIT,23762.9,23771.2,NIFTY13APR2623750CE,23750.0,CE,62.5,65.25,62.32,65.35,65.0,60.0,0.080128,0.07654,ws,ws,entry_l1_cap,exit_l1_profit_protect,False,False,0.1765,-0.1,65,178.75,strategy_S9-10__TYPE_D:NIFTY:2026-04-13T11:47:56:LONG
2026-04-13,11:49:16,2026-04-13,11:49:21,NIFTY,BUY,TYPE_D,LIMIT_ENTRY,LIMIT_EXIT,23775.5,23773.4,NIFTY13APR2623750CE,23750.0,CE,65.85,65.2,65.71,65.24,70.0,60.0,0.076017,0.07657,ws,ws,entry_l1_cap,exit_l1_profit_protect,False,False,0.1397,-0.04,65,-42.25,strategy_S9-10__TYPE_D:NIFTY:2026-04-13T11:49:16:LONG
2026-04-13,11:49:38,2026-04-13,11:49:58,NIFTY,SELL,TYPE_D,LIMIT_ENTRY,LIMIT_EXIT,23771.4,23773.75,NIFTY13APR2623800PE,23800.0,PE,78.2,76.65,78.12,76.71,80.0,70.0,0.06402,0.065125,ws,ws,entry_l1_cap,exit_l1_profit_protect,False,False,0.0818,-0.0556,65,-100.75,strategy_S9-10__TYPE_D:NIFTY:2026-04-13T11:49:38:SHORT
2026-04-13,11:50:00,2026-04-13,11:51:19,NIFTY,BUY,TYPE_D,LIMIT_ENTRY,LIMIT_EXIT,23778.5,23794.65,NIFTY13APR2623750CE,23750.0,CE,72.75,86.85,72.73,86.9,75.0,80.0,0.068799,0.057504,ws,ws,entry_l1_cap,exit_l1_profit_protect,False,False,0.0225,-0.0545,65,916.5,strategy_S9-10__TYPE_D:NIFTY:2026-04-13T11:50:00:LONG
2026-04-13,11:52:12,2026-04-13,11:52:37,NIFTY,SELL,TYPE_D,LIMIT_ENTRY,LIMIT_EXIT,23791.25,23786.05,NIFTY13APR2623800PE,23800.0,PE,68.35,69.1,68.32,69.16,70.0,60.0,0.07326,0.07228,ws,ws,entry_l1_cap,exit_l1_profit_protect,False,False,0.0308,-0.06,65,48.75,strategy_S9-10__TYPE_D:NIFTY:2026-04-13T11:52:12:SHORT
2026-04-13,11:52:52,2026-04-13,11:53:39,NIFTY,SELL,TYPE_D,LIMIT_ENTRY,LIMIT_EXIT,23783.3,23782.7,NIFTY13APR2623800PE,23800.0,PE,71.15,69.45,71.06,69.56,75.0,60.0,0.070348,0.071917,ws,ws,entry_l1_cap,exit_l1_profit_protect,False,False,0.0879,-0.1125,65,-110.5,strategy_S9-10__TYPE_D:NIFTY:2026-04-13T11:52:52:SHORT
2026-04-13,11:54:02,2026-04-13,11:55:43,NIFTY,BUY,TYPE_D,LIMIT_ENTRY,LIMIT_EXIT,23784.9,23807.6,NIFTY13APR2623750CE,23750.0,CE,81.65,95.1,81.54,95.21,85.0,90.0,0.061293,0.052493,ws,ws,entry_l1_cap,exit_l1_profit_protect,False,False,0.1125,-0.1071,65,874.25,strategy_S9-10__TYPE_D:NIFTY:2026-04-13T11:54:02:LONG
2026-04-13,11:56:20,2026-04-13,11:57:23,NIFTY,SELL,TYPE_D,LIMIT_ENTRY,LIMIT_EXIT,23802.45,23795.45,NIFTY13APR2623850PE,23850.0,PE,88.85,92.2,88.8,92.24,90.0,85.0,0.056322,0.054186,ws,ws,entry_l1_cap,exit_l1_profit_protect,False,False,0.05,-0.04,65,217.75,strategy_S9-10__TYPE_D:NIFTY:2026-04-13T11:56:20:SHORT
2026-04-13,11:57:51,2026-04-13,11:58:21,NIFTY,SELL,TYPE_D,LIMIT_ENTRY,LIMIT_EXIT,23792.15,23796.75,NIFTY13APR2623800PE,23800.0,PE,63.9,64.45,63.88,64.57,65.0,55.0,0.078278,0.077489,ws,ws,entry_l1_cap,exit_l1_profit_protect,False,False,0.025,-0.1167,65,35.75,strategy_S9-10__TYPE_D:NIFTY:2026-04-13T11:57:51:SHORT
2026-04-13,11:59:17,2026-04-13,12:00:01,NIFTY,SELL,TYPE_D,LIMIT_ENTRY,LIMIT_EXIT,23792.15,23787.85,NIFTY13APR2623800PE,23800.0,PE,65.5,66.1,65.36,66.12,70.0,60.0,0.076423,0.075557,ws,ws,entry_l1_cap,exit_l1_profit_protect,False,False,0.1357,-0.0158,65,39.0,strategy_S9-10__TYPE_D:NIFTY:2026-04-13T11:59:17:SHORT
2026-04-13,12:00:35,2026-04-13,12:00:46,NIFTY,BUY,TYPE_D,LIMIT_ENTRY,LIMIT_EXIT,23794.65,23791.8,NIFTY13APR2623750CE,23750.0,CE,84.85,82.9,84.82,82.95,85.0,75.0,0.058997,0.060277,ws,ws,entry_l1_cap,exit_l1_profit_protect,False,False,0.0333,-0.0545,65,-126.75,strategy_S9-10__TYPE_D:NIFTY:2026-04-13T12:00:35:LONG
2026-04-13,12:01:00,2026-04-13,12:01:09,NIFTY,BUY,TYPE_D,LIMIT_ENTRY,LIMIT_EXIT,23794.35,23791.4,NIFTY13APR2623750CE,23750.0,CE,85.9,83.55,85.81,83.73,90.0,75.0,0.058292,0.059755,ws,ws,entry_l1_cap,exit_l1_profit_protect,False,False,0.0909,-0.1838,65,-152.75,strategy_S9-10__TYPE_D:NIFTY:2026-04-13T12:01:00:LONG
2026-04-13,12:01:26,2026-04-13,12:02:02,NIFTY,SELL,TYPE_D,LIMIT_ENTRY,LIMIT_EXIT,23787.95,23788.4,NIFTY13APR2623800PE,23800.0,PE,66.75,66.75,66.66,66.86,70.0,60.0,0.075019,0.074794,ws,ws,entry_l1_cap,exit_l1_profit_protect,False,False,0.0914,-0.1073,65,0.0,strategy_S9-10__TYPE_D:NIFTY:2026-04-13T12:01:26:SHORT
2026-04-13,12:02:41,2026-04-13,12:02:55,NIFTY,SELL,TYPE_D,LIMIT_ENTRY,LIMIT_EXIT,23787.85,23789.35,NIFTY13APR2623800PE,23800.0,PE,68.0,67.9,67.91,67.96,70.0,60.0,0.073584,0.073556,ws,ws,entry_l1_cap,exit_l1_profit_protect,False,False,0.0902,-0.0625,65,-6.5,strategy_S9-10__TYPE_D:NIFTY:2026-04-13T12:02:41:SHORT
2026-04-13,12:03:13,2026-04-13,12:03:50,NIFTY,SELL,TYPE_D,LIMIT_ENTRY,LIMIT_EXIT,23787.0,23788.0,NIFTY13APR2623800PE,23800.0,PE,68.25,67.65,68.22,67.77,70.0,60.0,0.073287,0.073801,ws,ws,entry_l1_cap,exit_l1_profit_protect,False,False,0.025,-0.1152,65,-39.0,strategy_S9-10__TYPE_D:NIFTY:2026-04-13T12:03:13:SHORT
2026-04-13,12:04:30,2026-04-13,12:04:45,NIFTY,SELL,TYPE_D,LIMIT_ENTRY,LIMIT_EXIT,23786.85,23787.75,NIFTY13APR2623800PE,23800.0,PE,67.7,66.85,67.64,66.97,70.0,60.0,0.073937,0.07471,ws,ws,entry_l1_cap,exit_l1_profit_protect,False,False,0.06,-0.12,65,-55.25,strategy_S9-10__TYPE_D:NIFTY:2026-04-13T12:04:30:SHORT
2026-04-13,12:05:01,2026-04-13,12:07:40,NIFTY,BUY,TYPE_D,LIMIT_ENTRY,LIMIT_EXIT,23789.9,23803.65,NIFTY13APR2623750CE,23750.0,CE,83.25,87.0,83.14,87.09,85.0,80.0,0.060114,0.057389,ws,ws,entry_l1_cap,exit_l1_profit_protect,False,False,0.1125,-0.0882,65,243.75,strategy_S9-10__TYPE_D:NIFTY:2026-04-13T12:05:01:LONG
2026-04-13,12:08:39,2026-04-13,12:09:06,NIFTY,SELL,TYPE_D,LIMIT_ENTRY,LIMIT_EXIT,23798.85,23799.5,NIFTY13APR2623800PE,23800.0,PE,59.7,60.2,59.57,60.24,60.0,55.0,0.083857,0.082988,ws,ws,entry_l1_cap,exit_l1_profit_protect,False,False,0.1292,-0.04,65,32.5,strategy_S9-10__TYPE_D:NIFTY:2026-04-13T12:08:39:SHORT
2026-04-13,12:09:31,2026-04-13,12:09:51,NIFTY,BUY,TYPE_D,LIMIT_ENTRY,LIMIT_EXIT,23799.45,23798.1,NIFTY13APR2623750CE,23750.0,CE,86.8,86.6,86.69,86.79,90.0,80.0,0.05767,0.05767,ws,ws,entry_l1_cap,exit_l1_profit_protect,False,False,0.1091,-0.1913,65,-13.0,strategy_S9-10__TYPE_D:NIFTY:2026-04-13T12:09:31:LONG
2026-04-13,12:10:05,2026-04-13,12:11:29,NIFTY,BUY,TYPE_D,LIMIT_ENTRY,LIMIT_EXIT,23801.55,23807.15,NIFTY13APR2623800CE,23800.0,CE,59.45,61.65,59.43,61.78,60.0,55.0,0.084211,0.081004,ws,ws,entry_l1_cap,exit_l1_profit_protect,False,False,0.0159,-0.1333,65,143.0,strategy_S9-10__TYPE_D:NIFTY:2026-04-13T12:10:05:LONG
2026-04-13,12:11:36,2026-04-13,12:12:17,NIFTY,SELL,TYPE_D,LIMIT_ENTRY,LIMIT_EXIT,23805.7,23801.55,NIFTY13APR2623850PE,23850.0,PE,85.05,88.25,85.0,88.27,90.0,80.0,0.058841,0.056593,ws,ws,entry_l1_cap,exit_l1_profit_protect,False,False,0.05,-0.0182,65,208.0,strategy_S9-10__TYPE_D:NIFTY:2026-04-13T12:11:36:SHORT
2026-04-13,12:12:23,2026-04-13,12:13:02,NIFTY,SELL,TYPE_D,LIMIT_ENTRY,LIMIT_EXIT,23798.7,23798.55,NIFTY13APR2623800PE,23800.0,PE,60.5,59.8,60.49,59.81,65.0,50.0,0.082713,0.083542,ws,ws,entry_l1_cap,exit_l1_profit_protect,False,False,0.0125,-0.01,65,-45.5,strategy_S9-10__TYPE_D:NIFTY:2026-04-13T12:12:23:SHORT
2026-04-13,12:13:11,2026-04-13,12:15:38,NIFTY,BUY,TYPE_D,LIMIT_ENTRY,LIMIT_EXIT,23802.1,23815.85,NIFTY13APR2623800CE,23800.0,CE,60.0,65.25,59.92,65.34,60.0,60.0,0.083472,0.07657,ws,ws,entry_l1_cap,exit_l1_profit_protect,False,False,0.0793,-0.0944,65,341.25,strategy_S9-10__TYPE_D:NIFTY:2026-04-13T12:13:11:LONG
2026-04-13,12:15:43,2026-04-13,12:16:32,NIFTY,SELL,TYPE_D,LIMIT_ENTRY,LIMIT_EXIT,23813.55,23811.05,NIFTY13APR2623850PE,23850.0,PE,79.75,83.9,79.7,84.02,80.0,75.0,0.062755,0.059524,ws,ws,entry_l1_cap,exit_l1_profit_protect,False,False,0.0474,-0.1167,65,269.75,strategy_S9-10__TYPE_D:NIFTY:2026-04-13T12:15:43:SHORT
2026-04-13,12:16:44,2026-04-13,12:17:22,NIFTY,BUY,TYPE_D,LIMIT_ENTRY,LIMIT_EXIT,23814.1,23813.15,NIFTY13APR2623800CE,23800.0,CE,64.8,64.75,64.72,64.87,65.0,55.0,0.07728,0.077131,ws,ws,entry_l1_cap,exit_l1_profit_protect,False,False,0.0793,-0.119,65,-3.25,strategy_S9-10__TYPE_D:NIFTY:2026-04-13T12:16:44:LONG
2026-04-13,12:17:31,2026-04-13,12:18:55,NIFTY,SELL,TYPE_D,LIMIT_ENTRY,LIMIT_EXIT,23811.9,23808.0,NIFTY13APR2623850PE,23850.0,PE,81.45,83.05,81.3,83.09,85.0,75.0,0.061463,0.060187,ws,ws,entry_l1_cap,exit_l1_profit_protect,False,False,0.1548,-0.0375,65,104.0,strategy_S9-10__TYPE_D:NIFTY:2026-04-13T12:17:31:SHORT
2026-04-13,12:19:26,2026-04-13,12:20:25,NIFTY,BUY,TYPE_D,LIMIT_ENTRY,LIMIT_EXIT,23809.5,23818.7,NIFTY13APR2623800CE,23800.0,CE,63.2,66.45,63.11,66.51,65.0,60.0,0.079177,0.075131,ws,ws,entry_l1_cap,exit_l1_profit_protect,False,False,0.0909,-0.0643,65,211.25,strategy_S9-10__TYPE_D:NIFTY:2026-04-13T12:19:26:LONG
2026-04-13,12:21:34,2026-04-13,12:22:21,NIFTY,SELL,TYPE_D,LIMIT_ENTRY,LIMIT_EXIT,23817.0,23806.05,NIFTY13APR2623850PE,23850.0,PE,79.15,84.9,79.13,84.99,80.0,75.0,0.063231,0.058806,ws,ws,entry_l1_cap,exit_l1_profit_protect,False,False,0.0205,-0.0893,65,373.75,strategy_S9-10__TYPE_D:NIFTY:2026-04-13T12:21:34:SHORT
2026-04-13,12:22:35,2026-04-13,12:23:12,NIFTY,SELL,TYPE_D,LIMIT_ENTRY,LIMIT_EXIT,23801.7,23799.5,NIFTY13APR2623850PE,23850.0,PE,86.25,86.95,86.14,87.09,90.0,80.0,0.058021,0.057455,ws,ws,entry_l1_cap,exit_l1_profit_protect,False,False,0.1071,-0.1375,65,45.5,strategy_S9-10__TYPE_D:NIFTY:2026-04-13T12:22:35:SHORT
2026-04-13,12:23:53,2026-04-13,12:24:14,NIFTY,BUY,TYPE_D,LIMIT_ENTRY,LIMIT_EXIT,23801.1,23798.55,NIFTY13APR2623800CE,23800.0,CE,59.95,59.3,59.93,59.3,60.0,50.0,0.083438,0.084246,ws,ws,entry_l1_cap,exit_l1_profit_protect,False,False,0.0167,-0.002,65,-42.25,strategy_S9-10__TYPE_D:NIFTY:2026-04-13T12:23:53:LONG
2026-04-13,12:24:23,2026-04-13,12:24:45,NIFTY,SELL,TYPE_D,LIMIT_ENTRY,LIMIT_EXIT,23797.95,23799.9,NIFTY13APR2623800PE,23800.0,PE,60.0,58.55,59.85,58.59,60.0,50.0,0.083438,0.085361,ws,ws,entry_l1_cap,exit_l1_profit_protect,False,False,0.1494,-0.041,65,-94.25,strategy_S9-10__TYPE_D:NIFTY:2026-04-13T12:24:23:SHORT
2026-04-13,12:25:04,2026-04-13,12:27:24,NIFTY,BUY,TYPE_D,LIMIT_ENTRY,LIMIT_EXIT,23805.7,23823.35,NIFTY13APR2623800CE,23800.0,CE,62.8,70.4,62.74,70.47,65.0,65.0,0.079713,0.070972,ws,ws,entry_l1_cap,exit_l1_profit_protect,False,False,0.0583,-0.0727,65,494.0,strategy_S9-10__TYPE_D:NIFTY:2026-04-13T12:25:04:LONG
2026-04-13,12:27:55,2026-04-13,12:28:22,NIFTY,BUY,TYPE_D,LIMIT_ENTRY,LIMIT_EXIT,23827.8,23828.2,NIFTY13APR2623800CE,23800.0,CE,74.6,73.25,74.47,73.34,75.0,65.0,0.067137,0.06819,ws,ws,entry_l1_cap,exit_l1_profit_protect,False,False,0.1344,-0.09,65,-87.75,strategy_S9-10__TYPE_D:NIFTY:2026-04-13T12:27:55:LONG
2026-04-13,12:28:40,2026-04-13,12:29:40,NIFTY,BUY,TYPE_D,LIMIT_ENTRY,LIMIT_EXIT,23830.35,23833.2,NIFTY13APR2623800CE,23800.0,CE,74.6,74.0,74.51,74.12,75.0,65.0,0.067069,0.067476,ws,ws,entry_l1_cap,exit_l1_profit_protect,False,False,0.0875,-0.1182,65,-39.0,strategy_S9-10__TYPE_D:NIFTY:2026-04-13T12:28:40:LONG
2026-04-13,12:29:52,2026-04-13,12:30:16,NIFTY,BUY,TYPE_D,LIMIT_ENTRY,LIMIT_EXIT,23835.75,23836.65,NIFTY13APR2623800CE,23800.0,CE,76.65,76.65,76.56,76.78,80.0,70.0,0.065274,0.065168,ws,ws,entry_l1_cap,exit_l1_profit_protect,False,False,0.0929,-0.135,65,0.0,strategy_S9-10__TYPE_D:NIFTY:2026-04-13T12:29:52:LONG
2026-04-13,12:30:28,2026-04-13,12:30:34,NIFTY,SELL,TYPE_D,LIMIT_ENTRY,LIMIT_EXIT,23832.85,23835.45,NIFTY13APR2623850PE,23850.0,PE,66.3,65.3,66.29,65.34,70.0,60.0,0.075472,0.076511,ws,ws,entry_l1_cap,exit_l1_profit_protect,False,False,0.0053,-0.0417,65,-65.0,strategy_S9-10__TYPE_D:NIFTY:2026-04-13T12:30:28:SHORT
2026-04-13,12:31:26,2026-04-13,12:31:57,NIFTY,BUY,TYPE_D,LIMIT_ENTRY,LIMIT_EXIT,23837.45,23836.45,NIFTY13APR2623800CE,23800.0,CE,78.5,76.7,78.44,76.71,80.0,70.0,0.063776,0.065168,ws,ws,entry_l1_cap,exit_l1_profit_protect,False,False,0.0571,-0.0111,65,-117.0,strategy_S9-10__TYPE_D:NIFTY:2026-04-13T12:31:26:LONG
2026-04-13,12:32:10,2026-04-13,12:33:19,NIFTY,SELL,TYPE_D,LIMIT_ENTRY,LIMIT_EXIT,23835.4,23834.75,NIFTY13APR2623850PE,23850.0,PE,65.3,64.3,65.2,64.32,70.0,55.0,0.076658,0.0777,ws,ws,entry_l1_cap,exit_l1_profit_protect,False,False,0.1,-0.02,65,-65.0,strategy_S9-10__TYPE_D:NIFTY:2026-04-13T12:32:10:SHORT
2026-04-13,12:33:43,2026-04-13,12:33:58,NIFTY,SELL,TYPE_D,LIMIT_ENTRY,LIMIT_EXIT,23828.95,23830.3,NIFTY13APR2623850PE,23850.0,PE,66.5,66.5,66.41,66.65,70.0,60.0,0.075245,0.075103,ws,ws,entry_l1_cap,exit_l1_profit_protect,False,False,0.0852,-0.1486,65,0.0,strategy_S9-10__TYPE_D:NIFTY:2026-04-13T12:33:43:SHORT
2026-04-13,12:35:20,2026-04-13,12:35:27,NIFTY,BUY,TYPE_D,LIMIT_ENTRY,LIMIT_EXIT,23832.45,23830.35,NIFTY13APR2623800CE,23800.0,CE,74.55,74.15,74.41,74.31,75.0,65.0,0.067137,0.06734,ws,ws,entry_l1_cap,exit_l1_profit_protect,False,False,0.137,-0.1565,65,-26.0,strategy_S9-10__TYPE_D:NIFTY:2026-04-13T12:35:20:LONG
2026-04-13,12:35:45,2026-04-13,12:36:16,NIFTY,SELL,TYPE_D,LIMIT_ENTRY,LIMIT_EXIT,23827.5,23830.35,NIFTY13APR2623850PE,23850.0,PE,67.75,67.15,67.61,67.28,70.0,60.0,0.073883,0.074377,ws,ws,entry_l1_cap,exit_l1_profit_protect,False,False,0.1388,-0.13,65,-39.0,strategy_S9-10__TYPE_D:NIFTY:2026-04-13T12:35:45:SHORT
2026-04-13,12:36:22,2026-04-13,12:36:47,NIFTY,SELL,TYPE_D,LIMIT_ENTRY,LIMIT_EXIT,23828.35,23825.7,NIFTY13APR2623850PE,23850.0,PE,68.7,70.0,68.62,70.03,70.0,65.0,0.07286,0.071352,ws,ws,entry_l1_cap,exit_l1_profit_protect,False,False,0.0823,-0.0333,65,84.5,strategy_S9-10__TYPE_D:NIFTY:2026-04-13T12:36:22:SHORT
2026-04-13,12:37:17,2026-04-13,12:38:44,NIFTY,BUY,TYPE_D,LIMIT_ENTRY,LIMIT_EXIT,23828.45,23837.8,NIFTY13APR2623800CE,23800.0,CE,72.0,76.1,71.95,76.23,75.0,70.0,0.069517,0.065595,ws,ws,entry_l1_cap,exit_l1_profit_protect,False,False,0.05,-0.131,65,266.5,strategy_S9-10__TYPE_D:NIFTY:2026-04-13T12:37:17:LONG
2026-04-13,12:39:05,2026-04-13,12:39:24,NIFTY,BUY,TYPE_D,LIMIT_ENTRY,LIMIT_EXIT,23843.25,23838.65,NIFTY13APR2623800CE,23800.0,CE,78.0,72.8,77.95,72.94,80.0,65.0,0.064164,0.068611,ws,ws,entry_l1_cap,exit_l1_profit_protect,False,False,0.045,-0.138,65,-338.0,strategy_S9-10__TYPE_D:NIFTY:2026-04-13T12:39:05:LONG
2026-04-13,12:39:48,2026-04-13,12:39:53,NIFTY,SELL,TYPE_D,LIMIT_ENTRY,LIMIT_EXIT,23835.05,23838.65,NIFTY13APR2623850PE,23850.0,PE,63.7,62.35,63.64,62.46,65.0,55.0,0.078585,0.080064,ws,ws,entry_l1_cap,exit_l1_profit_protect,False,False,0.06,-0.1128,65,-87.75,strategy_S9-10__TYPE_D:NIFTY:2026-04-13T12:39:48:SHORT
2026-04-13,12:40:22,2026-04-13,12:40:52,NIFTY,SELL,TYPE_D,LIMIT_ENTRY,LIMIT_EXIT,23831.7,23827.75,NIFTY13APR2623850PE,23850.0,PE,65.05,66.85,64.96,66.92,70.0,60.0,0.076953,0.07471,ws,ws,entry_l1_cap,exit_l1_profit_protect,False,False,0.09,-0.07,65,117.0,strategy_S9-10__TYPE_D:NIFTY:2026-04-13T12:40:22:SHORT
2026-04-13,12:41:27,2026-04-13,12:41:59,NIFTY,BUY,TYPE_D,LIMIT_ENTRY,LIMIT_EXIT,23831.6,23831.75,NIFTY13APR2623800CE,23800.0,CE,72.5,72.2,72.43,72.31,75.0,65.0,0.069061,0.06918,ws,ws,entry_l1_cap,exit_l1_profit_protect,False,False,0.0711,-0.1091,65,-19.5,strategy_S9-10__TYPE_D:NIFTY:2026-04-13T12:41:27:LONG
2026-04-13,12:42:04,2026-04-13,12:43:11,NIFTY,BUY,TYPE_D,LIMIT_ENTRY,LIMIT_EXIT,23835.95,23841.0,NIFTY13APR2623800CE,23800.0,CE,74.4,75.5,74.27,75.53,75.0,70.0,0.067272,0.066203,ws,ws,entry_l1_cap,exit_l1_profit_protect,False,False,0.13,-0.025,65,71.5,strategy_S9-10__TYPE_D:NIFTY:2026-04-13T12:42:04:LONG
2026-04-13,12:43:37,2026-04-13,12:44:17,NIFTY,SELL,TYPE_D,LIMIT_ENTRY,LIMIT_EXIT,23838.5,23839.5,NIFTY13APR2623850PE,23850.0,PE,61.85,61.4,61.81,61.45,65.0,55.0,0.080972,0.0814,ws,ws,entry_l1_cap,exit_l1_profit_protect,False,False,0.0419,-0.0481,65,-29.25,strategy_S9-10__TYPE_D:NIFTY:2026-04-13T12:43:37:SHORT
2026-04-13,12:44:27,2026-04-13,12:45:18,NIFTY,BUY,TYPE_D,LIMIT_ENTRY,LIMIT_EXIT,23841.35,23840.15,NIFTY13APR2623800CE,23800.0,CE,76.9,75.5,76.81,75.58,80.0,70.0,0.065062,0.066159,ws,ws,entry_l1_cap,exit_l1_profit_protect,False,False,0.0929,-0.075,65,-91.0,strategy_S9-10__TYPE_D:NIFTY:2026-04-13T12:44:27:LONG
2026-04-13,12:45:36,2026-04-13,12:47:02,NIFTY,SELL,TYPE_D,LIMIT_ENTRY,LIMIT_EXIT,23839.55,23829.55,NIFTY13APR2623850PE,23850.0,PE,61.8,64.05,61.73,64.17,65.0,55.0,0.080972,0.077973,ws,ws,entry_l1_cap,exit_l1_profit_protect,False,False,0.0682,-0.1159,65,146.25,strategy_S9-10__TYPE_D:NIFTY:2026-04-13T12:45:36:SHORT
2026-04-13,12:47:45,2026-04-13,12:47:51,NIFTY,BUY,TYPE_D,LIMIT_ENTRY,LIMIT_EXIT,23831.2,23826.8,NIFTY13APR2623800CE,23800.0,CE,73.15,72.05,73.0,72.06,75.0,65.0,0.068423,0.0693,ws,ws,entry_l1_cap,exit_l1_profit_protect,False,False,0.1455,-0.0148,65,-71.5,strategy_S9-10__TYPE_D:NIFTY:2026-04-13T12:47:45:LONG
2026-04-13,12:48:13,2026-04-13,12:48:29,NIFTY,BUY,TYPE_D,LIMIT_ENTRY,LIMIT_EXIT,23833.0,23830.05,NIFTY13APR2623800CE,23800.0,CE,74.85,71.65,74.84,71.76,75.0,65.0,0.06689,0.069686,ws,ws,entry_l1_cap,exit_l1_profit_protect,False,False,0.0105,-0.1091,65,-208.0,strategy_S9-10__TYPE_D:NIFTY:2026-04-13T12:48:13:LONG
2026-04-13,12:48:37,2026-04-13,12:48:50,NIFTY,SELL,TYPE_D,LIMIT_ENTRY,LIMIT_EXIT,23829.25,23831.25,NIFTY13APR2623850PE,23850.0,PE,65.9,64.4,65.81,64.49,70.0,55.0,0.075959,0.07758,ws,ws,entry_l1_cap,exit_l1_profit_protect,False,False,0.09,-0.0926,65,-97.5,strategy_S9-10__TYPE_D:NIFTY:2026-04-13T12:48:37:SHORT
2026-04-13,12:49:06,2026-04-13,12:49:58,NIFTY,BUY,TYPE_D,LIMIT_ENTRY,LIMIT_EXIT,23833.35,23839.45,NIFTY13APR2623800CE,23800.0,CE,73.5,73.8,73.48,73.9,75.0,65.0,0.068074,0.067659,ws,ws,entry_l1_cap,exit_l1_profit_protect,False,False,0.0235,-0.104,65,19.5,strategy_S9-10__TYPE_D:NIFTY:2026-04-13T12:49:06:LONG
2026-04-13,12:50:41,2026-04-13,12:50:46,NIFTY,SELL,TYPE_D,LIMIT_ENTRY,LIMIT_EXIT,23836.85,23839.65,NIFTY13APR2623850PE,23850.0,PE,63.85,63.9,63.81,63.96,65.0,55.0,0.078401,0.078156,ws,ws,entry_l1_cap,exit_l1_profit_protect,False,False,0.0353,-0.0562,65,3.25,strategy_S9-10__TYPE_D:NIFTY:2026-04-13T12:50:41:SHORT
2026-04-13,12:50:50,2026-04-13,12:51:11,NIFTY,BUY,TYPE_D,LIMIT_ENTRY,LIMIT_EXIT,23843.85,23836.75,NIFTY13APR2623800CE,23800.0,CE,74.15,69.45,74.06,69.55,75.0,60.0,0.067522,0.071917,ws,ws,entry_l1_cap,exit_l1_profit_protect,False,False,0.0851,-0.1,65,-305.5,strategy_S9-10__TYPE_D:NIFTY:2026-04-13T12:50:50:LONG
2026-04-13,12:51:20,2026-04-13,12:51:39,NIFTY,SELL,TYPE_D,LIMIT_ENTRY,LIMIT_EXIT,23833.45,23837.2,NIFTY13APR2623850PE,23850.0,PE,68.85,67.0,68.82,67.01,70.0,60.0,0.072727,0.074571,ws,ws,entry_l1_cap,exit_l1_profit_protect,False,False,0.0345,-0.0125,65,-120.25,strategy_S9-10__TYPE_D:NIFTY:2026-04-13T12:51:20:SHORT
2026-04-13,12:51:46,2026-04-13,12:53:13,NIFTY,BUY,TYPE_D,LIMIT_ENTRY,LIMIT_EXIT,23840.8,23840.75,NIFTY13APR2623800CE,23800.0,CE,72.95,71.9,72.9,71.97,75.0,65.0,0.068587,0.069469,ws,ws,entry_l1_cap,exit_l1_profit_protect,False,False,0.05,-0.0682,65,-68.25,strategy_S9-10__TYPE_D:NIFTY:2026-04-13T12:51:46:LONG
2026-04-13,12:53:50,2026-04-13,12:53:52,NIFTY,SELL,TYPE_D,LIMIT_ENTRY,LIMIT_EXIT,23840.5,23845.3,NIFTY13APR2623850PE,23850.0,PE,66.65,66.75,66.6,66.85,70.0,60.0,0.075103,0.074822,ws,ws,entry_l1_cap,exit_l1_profit_protect,False,False,0.05,-0.1,65,6.5,strategy_S9-10__TYPE_D:NIFTY:2026-04-13T12:53:50:SHORT
2026-04-13,12:54:06,2026-04-13,12:55:13,NIFTY,SELL,TYPE_D,LIMIT_ENTRY,LIMIT_EXIT,23837.4,23822.0,NIFTY13APR2623850PE,23850.0,PE,66.9,71.45,66.76,71.52,70.0,65.0,0.074878,0.06993,ws,ws,entry_l1_cap,exit_l1_profit_protect,False,False,0.136,-0.0667,65,295.75,strategy_S9-10__TYPE_D:NIFTY:2026-04-13T12:54:06:SHORT
2026-04-13,12:55:20,2026-04-13,12:55:50,NIFTY,SELL,TYPE_D,LIMIT_ENTRY,LIMIT_EXIT,23815.9,23818.05,NIFTY13APR2623850PE,23850.0,PE,73.25,72.25,73.22,72.28,75.0,65.0,0.068353,0.069132,ws,ws,entry_l1_cap,exit_l1_profit_protect,False,False,0.025,-0.0265,65,-65.0,strategy_S9-10__TYPE_D:NIFTY:2026-04-13T12:55:20:SHORT
2026-04-13,12:56:08,2026-04-13,12:56:10,NIFTY,BUY,TYPE_D,LIMIT_ENTRY,LIMIT_EXIT,23820.6,23816.9,NIFTY13APR2623800CE,23800.0,CE,63.3,62.8,63.21,62.87,65.0,55.0,0.079083,0.079554,ws,ws,entry_l1_cap,exit_l1_profit_protect,False,False,0.0917,-0.0727,65,-32.5,strategy_S9-10__TYPE_D:NIFTY:2026-04-13T12:56:08:LONG
2026-04-13,12:56:22,2026-04-13,12:57:23,NIFTY,SELL,TYPE_D,LIMIT_ENTRY,LIMIT_EXIT,23811.25,23788.65,NIFTY13APR2623850PE,23850.0,PE,75.95,91.85,75.91,91.92,80.0,85.0,0.065898,0.054377,ws,ws,entry_l1_cap,exit_l1_profit_protect,False,False,0.0353,-0.0667,65,1033.5,strategy_S9-10__TYPE_D:NIFTY:2026-04-13T12:56:22:SHORT
2026-04-13,12:57:49,2026-04-13,12:58:47,NIFTY,BUY,TYPE_D,LIMIT_ENTRY,LIMIT_EXIT,23795.95,23822.6,NIFTY13APR2623750CE,23750.0,CE,78.05,90.8,77.86,90.88,80.0,85.0,0.064144,0.055021,ws,ws,entry_l1_cap,exit_l1_profit_protect,False,False,0.1882,-0.0818,65,828.75,strategy_S9-10__TYPE_D:NIFTY:2026-04-13T12:57:49:LONG
2026-04-13,12:59:27,2026-04-13,13:00:48,NIFTY,SELL,TYPE_D,LIMIT_ENTRY,LIMIT_EXIT,23811.1,23800.1,NIFTY13APR2623850PE,23850.0,PE,79.05,84.35,78.9,84.47,80.0,75.0,0.063331,0.059224,ws,ws,entry_l1_cap,exit_l1_profit_protect,False,False,0.1538,-0.1239,65,344.5,strategy_S9-10__TYPE_D:NIFTY:2026-04-13T12:59:27:SHORT
2026-04-13,13:00:50,2026-04-13,13:01:52,NIFTY,BUY,TYPE_D,LIMIT_ENTRY,LIMIT_EXIT,23803.95,23809.75,NIFTY13APR2623800CE,23800.0,CE,54.2,57.3,54.13,57.34,55.0,50.0,0.092379,0.087222,ws,ws,entry_l1_cap,exit_l1_profit_protect,False,False,0.066,-0.0433,65,201.5,strategy_S9-10__TYPE_D:NIFTY:2026-04-13T13:00:50:LONG
2026-04-13,13:02:14,2026-04-13,13:03:54,NIFTY,SELL,TYPE_D,LIMIT_ENTRY,LIMIT_EXIT,23806.65,23774.3,NIFTY13APR2623850PE,23850.0,PE,81.4,101.0,81.35,101.22,85.0,95.0,0.061482,0.049444,ws,ws,entry_l1_cap,exit_l1_profit_protect,False,False,0.05,-0.2194,65,1274.0,strategy_S9-10__TYPE_D:NIFTY:2026-04-13T13:02:14:SHORT
2026-04-13,13:04:01,2026-04-13,13:06:36,NIFTY,BUY,TYPE_D,LIMIT_ENTRY,LIMIT_EXIT,23782.3,23800.85,NIFTY13APR2623750CE,23750.0,CE,67.45,79.8,67.35,79.81,70.0,70.0,0.074212,0.062598,ws,ws,entry_l1_cap,exit_l1_profit_protect,False,False,0.1,-0.0125,65,802.75,strategy_S9-10__TYPE_D:NIFTY:2026-04-13T13:04:01:LONG
2026-04-13,13:07:16,2026-04-13,13:07:54,NIFTY,BUY,TYPE_D,LIMIT_ENTRY,LIMIT_EXIT,23806.5,23806.5,NIFTY13APR2623800CE,23800.0,CE,53.4,52.15,53.35,52.18,55.0,45.0,0.093677,0.095831,ws,ws,entry_l1_cap,exit_l1_profit_protect,False,False,0.0482,-0.0343,65,-81.25,strategy_S9-10__TYPE_D:NIFTY:2026-04-13T13:07:16:LONG
2026-04-13,13:08:04,2026-04-13,13:08:33,NIFTY,SELL,TYPE_D,LIMIT_ENTRY,LIMIT_EXIT,23805.2,23807.55,NIFTY13APR2623850PE,23850.0,PE,83.2,78.3,83.12,78.41,85.0,70.0,0.060132,0.063776,ws,ws,entry_l1_cap,exit_l1_profit_protect,False,False,0.08,-0.1143,65,-318.5,strategy_S9-10__TYPE_D:NIFTY:2026-04-13T13:08:04:SHORT
2026-04-13,13:08:46,2026-04-13,13:08:50,NIFTY,BUY,TYPE_D,LIMIT_ENTRY,LIMIT_EXIT,23809.9,23808.05,NIFTY13APR2623800CE,23800.0,CE,56.8,55.65,56.68,55.74,60.0,50.0,0.088145,0.089726,ws,ws,entry_l1_cap,exit_l1_profit_protect,False,False,0.1159,-0.0919,65,-74.75,strategy_S9-10__TYPE_D:NIFTY:2026-04-13T13:08:46:LONG
2026-04-13,13:09:11,2026-04-13,13:09:24,NIFTY,BUY,TYPE_D,LIMIT_ENTRY,LIMIT_EXIT,23813.1,23810.3,NIFTY13APR2623800CE,23800.0,CE,57.35,54.35,57.21,54.44,60.0,45.0,0.087298,0.09187,ws,ws,entry_l1_cap,exit_l1_profit_protect,False,False,0.1425,-0.089,65,-195.0,strategy_S9-10__TYPE_D:NIFTY:2026-04-13T13:09:11:LONG
2026-04-13,13:10:00,2026-04-13,13:10:33,NIFTY,SELL,TYPE_D,LIMIT_ENTRY,LIMIT_EXIT,23809.1,23806.55,NIFTY13APR2623850PE,23850.0,PE,78.55,78.65,78.42,78.75,80.0,70.0,0.063715,0.063492,ws,ws,entry_l1_cap,exit_l1_profit_protect,False,False,0.1286,-0.0971,65,6.5,strategy_S9-10__TYPE_D:NIFTY:2026-04-13T13:10:00:SHORT
2026-04-13,13:11:16,2026-04-13,13:12:29,NIFTY,BUY,TYPE_D,LIMIT_ENTRY,LIMIT_EXIT,23807.25,23813.15,NIFTY13APR2623800CE,23800.0,CE,56.0,60.55,55.91,60.55,60.0,55.0,0.089366,0.082542,ws,ws,entry_l1_cap,exit_l1_profit_protect,False,False,0.0871,-0.0025,65,295.75,strategy_S9-10__TYPE_D:NIFTY:2026-04-13T13:11:16:LONG
2026-04-13,13:12:51,2026-04-13,13:13:09,NIFTY,BUY,TYPE_D,LIMIT_ENTRY,LIMIT_EXIT,23821.35,23820.15,NIFTY13APR2623800CE,23800.0,CE,61.9,60.3,61.76,60.32,65.0,55.0,0.080873,0.082816,ws,ws,entry_l1_cap,exit_l1_profit_protect,False,False,0.1389,-0.0196,65,-104.0,strategy_S9-10__TYPE_D:NIFTY:2026-04-13T13:12:51:LONG
2026-04-13,13:13:26,2026-04-13,13:14:13,NIFTY,SELL,TYPE_D,LIMIT_ENTRY,LIMIT_EXIT,23817.9,23813.35,NIFTY13APR2623850PE,23850.0,PE,70.4,75.25,70.33,75.42,75.0,70.0,0.071073,0.066357,ws,ws,entry_l1_cap,exit_l1_profit_protect,False,False,0.0667,-0.175,65,315.25,strategy_S9-10__TYPE_D:NIFTY:2026-04-13T13:13:26:SHORT
2026-04-13,13:14:38,2026-04-13,13:15:41,NIFTY,BUY,TYPE_D,LIMIT_ENTRY,LIMIT_EXIT,23818.25,23825.45,NIFTY13APR2623800CE,23800.0,CE,60.55,64.95,60.47,65.02,65.0,55.0,0.082713,0.076864,ws,ws,entry_l1_cap,exit_l1_profit_protect,False,False,0.0848,-0.0739,65,286.0,strategy_S9-10__TYPE_D:NIFTY:2026-04-13T13:14:38:LONG
2026-04-13,13:16:07,2026-04-13,13:17:12,NIFTY,SELL,TYPE_D,LIMIT_ENTRY,LIMIT_EXIT,23819.35,23811.55,NIFTY13APR2623850PE,23850.0,PE,68.2,75.05,68.15,75.14,70.0,70.0,0.073394,0.066556,ws,ws,entry_l1_cap,exit_l1_profit_protect,False,False,0.05,-0.09,65,445.25,strategy_S9-10__TYPE_D:NIFTY:2026-04-13T13:16:07:SHORT
2026-04-13,13:17:59,2026-04-13,13:18:05,NIFTY,SELL,TYPE_D,LIMIT_ENTRY,LIMIT_EXIT,23806.45,23808.2,NIFTY13APR2623850PE,23850.0,PE,74.2,72.25,74.12,72.36,75.0,65.0,0.067499,0.069109,ws,ws,entry_l1_cap,exit_l1_profit_protect,False,False,0.0833,-0.1059,65,-126.75,strategy_S9-10__TYPE_D:NIFTY:2026-04-13T13:17:59:SHORT
2026-04-13,13:18:10,2026-04-13,13:20:14,NIFTY,BUY,TYPE_D,LIMIT_ENTRY,LIMIT_EXIT,23814.8,23835.15,NIFTY13APR2623800CE,23800.0,CE,57.25,64.6,57.2,64.69,60.0,55.0,0.087451,0.07731,ws,ws,entry_l1_cap,exit_l1_profit_protect,False,False,0.047,-0.0875,65,477.75,strategy_S9-10__TYPE_D:NIFTY:2026-04-13T13:18:10:LONG
2026-04-13,13:20:37,2026-04-13,13:20:54,NIFTY,SELL,TYPE_D,LIMIT_ENTRY,LIMIT_EXIT,23831.5,23830.35,NIFTY13APR2623850PE,23850.0,PE,61.4,60.6,61.38,60.73,65.0,55.0,0.081533,0.082406,ws,ws,entry_l1_cap,exit_l1_profit_protect,False,False,0.0176,-0.1333,65,-52.0,strategy_S9-10__TYPE_D:NIFTY:2026-04-13T13:20:37:SHORT
2026-04-13,13:21:23,2026-04-13,13:21:38,NIFTY,BUY,TYPE_D,LIMIT_ENTRY,LIMIT_EXIT,23833.1,23829.95,NIFTY13APR2623800CE,23800.0,CE,65.25,64.8,65.23,64.83,70.0,55.0,0.076717,0.077071,ws,ws,entry_l1_cap,exit_l1_profit_protect,False,False,0.0196,-0.0324,65,-29.25,strategy_S9-10__TYPE_D:NIFTY:2026-04-13T13:21:23:LONG
2026-04-13,13:22:44,2026-04-13,13:23:14,NIFTY,SELL,TYPE_D,LIMIT_ENTRY,LIMIT_EXIT,23829.3,23824.85,NIFTY13APR2623850PE,23850.0,PE,60.2,61.0,60.08,61.01,65.0,55.0,0.08316,0.0819,ws,ws,entry_l1_cap,exit_l1_profit_protect,False,False,0.12,-0.01,65,52.0,strategy_S9-10__TYPE_D:NIFTY:2026-04-13T13:22:44:SHORT
2026-04-13,13:24:10,2026-04-13,13:24:44,NIFTY,SELL,TYPE_D,LIMIT_ENTRY,LIMIT_EXIT,23825.05,23827.35,NIFTY13APR2623850PE,23850.0,PE,61.2,61.15,61.14,61.22,65.0,55.0,0.081766,0.081699,ws,ws,entry_l1_cap,exit_l1_profit_protect,False,False,0.0588,-0.0667,65,-3.25,strategy_S9-10__TYPE_D:NIFTY:2026-04-13T13:24:10:SHORT
2026-04-13,13:25:09,2026-04-13,13:25:40,NIFTY,BUY,TYPE_D,LIMIT_ENTRY,LIMIT_EXIT,23827.9,23829.5,NIFTY13APR2623800CE,23800.0,CE,63.85,64.45,63.79,64.58,65.0,55.0,0.078401,0.077489,ws,ws,entry_l1_cap,exit_l1_profit_protect,False,False,0.06,-0.135,65,39.0,strategy_S9-10__TYPE_D:NIFTY:2026-04-13T13:25:09:LONG
2026-04-13,13:25:50,2026-04-13,13:26:35,NIFTY,SELL,TYPE_D,LIMIT_ENTRY,LIMIT_EXIT,23825.9,23828.15,NIFTY13APR2623850PE,23850.0,PE,60.15,60.55,60.08,60.6,65.0,55.0,0.083195,0.082508,ws,ws,entry_l1_cap,exit_l1_profit_protect,False,False,0.0667,-0.05,65,26.0,strategy_S9-10__TYPE_D:NIFTY:2026-04-13T13:25:50:SHORT
2026-04-13,13:26:42,2026-04-13,13:27:02,NIFTY,SELL,TYPE_D,LIMIT_ENTRY,LIMIT_EXIT,23822.5,23823.4,NIFTY13APR2623850PE,23850.0,PE,62.3,62.05,62.29,62.13,65.0,55.0,0.080289,0.080451,ws,ws,entry_l1_cap,exit_l1_profit_protect,False,False,0.0083,-0.0828,65,-16.25,strategy_S9-10__TYPE_D:NIFTY:2026-04-13T13:26:42:SHORT
2026-04-13,13:28:16,2026-04-13,13:28:32,NIFTY,BUY,TYPE_D,LIMIT_ENTRY,LIMIT_EXIT,23826.1,23826.0,NIFTY13APR2623800CE,23800.0,CE,61.9,61.15,61.76,61.17,65.0,55.0,0.080873,0.081733,ws,ws,entry_l1_cap,exit_l1_profit_protect,False,False,0.1409,-0.0243,65,-48.75,strategy_S9-10__TYPE_D:NIFTY:2026-04-13T13:28:16:LONG
2026-04-13,13:29:54,2026-04-13,13:30:18,NIFTY,SELL,TYPE_D,LIMIT_ENTRY,LIMIT_EXIT,23825.15,23828.05,NIFTY13APR2623850PE,23850.0,PE,61.75,59.55,61.67,59.61,65.0,50.0,0.08107,0.083893,ws,ws,entry_l1_cap,exit_l1_profit_protect,False,False,0.0786,-0.0583,65,-143.0,strategy_S9-10__TYPE_D:NIFTY:2026-04-13T13:29:54:SHORT
2026-04-13,13:30:29,2026-04-13,13:30:49,NIFTY,BUY,TYPE_D,LIMIT_ENTRY,LIMIT_EXIT,23829.4,23824.85,NIFTY13APR2623800CE,23800.0,CE,66.95,63.6,66.93,63.76,70.0,55.0,0.07471,0.078493,ws,ws,entry_l1_cap,exit_l1_profit_protect,False,False,0.0214,-0.1576,65,-217.75,strategy_S9-10__TYPE_D:NIFTY:2026-04-13T13:30:29:LONG
2026-04-13,13:31:30,2026-04-13,13:31:49,NIFTY,SELL,TYPE_D,LIMIT_ENTRY,LIMIT_EXIT,23825.9,23828.05,NIFTY13APR2623850PE,23850.0,PE,59.05,57.95,59.04,58.06,60.0,50.0,0.084746,0.086133,ws,ws,entry_l1_cap,exit_l1_profit_protect,False,False,0.0143,-0.1143,65,-71.5,strategy_S9-10__TYPE_D:NIFTY:2026-04-13T13:31:30:SHORT
2026-04-13,13:31:55,2026-04-13,13:33:39,NIFTY,BUY,TYPE_D,LIMIT_ENTRY,LIMIT_EXIT,23829.5,23847.1,NIFTY13APR2623800CE,23800.0,CE,62.55,71.6,62.5,71.65,65.0,65.0,0.080064,0.069759,ws,ws,entry_l1_cap,exit_l1_profit_protect,False,False,0.052,-0.05,65,588.25,strategy_S9-10__TYPE_D:NIFTY:2026-04-13T13:31:55:LONG
2026-04-13,13:33:43,2026-04-13,13:34:07,NIFTY,SELL,TYPE_D,LIMIT_ENTRY,LIMIT_EXIT,23837.1,23846.55,NIFTY13APR2623850PE,23850.0,PE,50.7,46.1,50.69,46.19,55.0,40.0,0.098717,0.108342,ws,ws,entry_l1_cap,exit_l1_profit_protect,False,False,0.0056,-0.0929,65,-299.0,strategy_S9-10__TYPE_D:NIFTY:2026-04-13T13:33:43:SHORT
2026-04-13,13:34:13,2026-04-13,13:34:45,NIFTY,BUY,TYPE_D,LIMIT_ENTRY,LIMIT_EXIT,23849.6,23849.7,NIFTY13APR2623800CE,23800.0,CE,75.95,73.7,75.81,73.86,80.0,65.0,0.06592,0.067751,ws,ws,entry_l1_cap,exit_l1_profit_protect,False,False,0.1448,-0.16,65,-146.25,strategy_S9-10__TYPE_D:NIFTY:2026-04-13T13:34:13:LONG
2026-04-13,13:34:50,2026-04-13,13:35:32,NIFTY,SELL,TYPE_D,LIMIT_ENTRY,LIMIT_EXIT,23847.25,23842.15,NIFTY13APR2623850PE,23850.0,PE,43.85,46.85,43.85,46.9,45.0,40.0,0.11409,0.106553,ws,ws,entry_l1_cap,exit_l1_profit_protect,False,False,0.0021,-0.0522,65,195.0,strategy_S9-10__TYPE_D:NIFTY:2026-04-13T13:34:50:SHORT
2026-04-13,13:35:47,2026-04-13,13:36:23,NIFTY,BUY,TYPE_D,LIMIT_ENTRY,LIMIT_EXIT,23850.4,23843.3,NIFTY13APR2623850CE,23850.0,CE,45.15,40.05,45.09,40.1,50.0,35.0,0.110926,0.124611,ws,ws,entry_l1_cap,exit_l1_profit_protect,False,False,0.0577,-0.0525,65,-331.5,strategy_S9-10__TYPE_D:NIFTY:2026-04-13T13:35:47:LONG
2026-04-13,13:37:08,2026-04-13,13:37:45,NIFTY,BUY,TYPE_D,LIMIT_ENTRY,LIMIT_EXIT,23851.4,23852.2,NIFTY13APR2623850CE,23850.0,CE,43.4,43.05,43.37,43.07,45.0,35.0,0.115407,0.116009,ws,ws,entry_l1_cap,exit_l1_profit_protect,False,False,0.0331,-0.0188,65,-22.75,strategy_S9-10__TYPE_D:NIFTY:2026-04-13T13:37:08:LONG
2026-04-13,13:38:30,2026-04-13,13:39:53,NIFTY,SELL,TYPE_D,LIMIT_ENTRY,LIMIT_EXIT,23852.85,23847.05,NIFTY13APR2623900PE,23900.0,PE,74.85,79.55,74.75,79.59,75.0,70.0,0.066867,0.062775,ws,ws,entry_l1_cap,exit_l1_profit_protect,False,False,0.0955,-0.04,65,305.5,strategy_S9-10__TYPE_D:NIFTY:2026-04-13T13:38:30:SHORT
2026-04-13,13:40:26,2026-04-13,13:40:36,NIFTY,SELL,TYPE_D,LIMIT_ENTRY,LIMIT_EXIT,23842.6,23845.3,NIFTY13APR2623850PE,23850.0,PE,49.7,48.4,49.62,48.48,50.0,40.0,0.100705,0.103199,ws,ws,entry_l1_cap,exit_l1_profit_protect,False,False,0.0833,-0.0769,65,-84.5,strategy_S9-10__TYPE_D:NIFTY:2026-04-13T13:40:26:SHORT
2026-04-13,13:40:42,2026-04-13,13:42:02,NIFTY,SELL,TYPE_D,LIMIT_ENTRY,LIMIT_EXIT,23841.25,23837.2,NIFTY13APR2623850PE,23850.0,PE,49.65,49.6,49.62,49.66,50.0,40.0,0.100857,0.100705,ws,ws,entry_l1_cap,exit_l1_profit_protect,False,False,0.0333,-0.0556,65,-3.25,strategy_S9-10__TYPE_D:NIFTY:2026-04-13T13:40:42:SHORT
2026-04-13,13:42:15,2026-04-13,13:42:41,NIFTY,BUY,TYPE_D,LIMIT_ENTRY,LIMIT_EXIT,23839.6,23833.95,NIFTY13APR2623800CE,23800.0,CE,67.2,61.0,67.05,61.02,70.0,55.0,0.074488,0.081934,ws,ws,entry_l1_cap,exit_l1_profit_protect,False,False,0.1456,-0.0167,65,-403.0,strategy_S9-10__TYPE_D:NIFTY:2026-04-13T13:42:15:LONG
2026-04-13,13:42:50,2026-04-13,13:43:05,NIFTY,SELL,TYPE_D,LIMIT_ENTRY,LIMIT_EXIT,23831.6,23832.8,NIFTY13APR2623850PE,23850.0,PE,51.0,50.85,50.99,50.87,55.0,45.0,0.098135,0.098184,ws,ws,entry_l1_cap,exit_l1_profit_protect,False,False,0.0071,-0.0229,65,-9.75,strategy_S9-10__TYPE_D:NIFTY:2026-04-13T13:42:50:SHORT
2026-04-13,13:43:42,2026-04-13,13:44:12,NIFTY,BUY,TYPE_D,LIMIT_ENTRY,LIMIT_EXIT,23836.55,23838.9,NIFTY13APR2623800CE,23800.0,CE,63.1,64.3,62.97,64.41,65.0,55.0,0.079334,0.07764,ws,ws,entry_l1_cap,exit_l1_profit_protect,False,False,0.1275,-0.1105,65,78.0,strategy_S9-10__TYPE_D:NIFTY:2026-04-13T13:43:42:LONG
2026-04-13,13:44:51,2026-04-13,13:45:07,NIFTY,SELL,TYPE_D,LIMIT_ENTRY,LIMIT_EXIT,23837.55,23838.3,NIFTY13APR2623850PE,23850.0,PE,48.65,49.1,48.56,49.13,50.0,40.0,0.102881,0.101729,ws,ws,entry_l1_cap,exit_l1_profit_protect,False,False,0.0923,-0.032,65,29.25,strategy_S9-10__TYPE_D:NIFTY:2026-04-13T13:44:51:SHORT
2026-04-13,13:45:13,2026-04-13,13:45:36,NIFTY,SELL,TYPE_D,LIMIT_ENTRY,LIMIT_EXIT,23834.2,23835.45,NIFTY13APR2623850PE,23850.0,PE,49.8,51.7,49.76,51.77,50.0,45.0,0.100503,0.096572,ws,ws,entry_l1_cap,exit_l1_profit_protect,False,False,0.0429,-0.075,65,123.5,strategy_S9-10__TYPE_D:NIFTY:2026-04-13T13:45:13:SHORT
2026-04-13,13:46:03,2026-04-13,13:46:50,NIFTY,BUY,TYPE_D,LIMIT_ENTRY,LIMIT_EXIT,23835.55,23833.55,NIFTY13APR2623800CE,23800.0,CE,61.75,58.4,61.68,58.51,65.0,50.0,0.081103,0.085507,ws,ws,entry_l1_cap,exit_l1_profit_protect,False,False,0.0667,-0.1059,65,-217.75,strategy_S9-10__TYPE_D:NIFTY:2026-04-13T13:46:03:LONG
2026-04-13,13:47:53,2026-04-13,13:48:15,NIFTY,SELL,TYPE_D,LIMIT_ENTRY,LIMIT_EXIT,23834.5,23833.9,NIFTY13APR2623850PE,23850.0,PE,52.95,51.4,52.94,51.52,55.0,45.0,0.094518,0.097135,ws,ws,entry_l1_cap,exit_l1_profit_protect,False,False,0.01,-0.12,65,-100.75,strategy_S9-10__TYPE_D:NIFTY:2026-04-13T13:47:53:SHORT
2026-04-13,13:48:20,2026-04-13,13:49:30,NIFTY,BUY,TYPE_D,LIMIT_ENTRY,LIMIT_EXIT,23836.0,23839.3,NIFTY13APR2623800CE,23800.0,CE,58.65,63.65,58.59,63.69,60.0,55.0,0.085361,0.078524,ws,ws,entry_l1_cap,exit_l1_profit_protect,False,False,0.0629,-0.0375,65,325.0,strategy_S9-10__TYPE_D:NIFTY:2026-04-13T13:48:20:LONG
2026-04-13,13:49:44,2026-04-13,13:49:51,NIFTY,BUY,TYPE_D,LIMIT_ENTRY,LIMIT_EXIT,23843.35,23839.05,NIFTY13APR2623800CE,23800.0,CE,64.6,65.85,64.44,65.97,65.0,60.0,0.077519,0.075815,ws,ws,entry_l1_cap,exit_l1_profit_protect,False,False,0.16,-0.1231,65,81.25,strategy_S9-10__TYPE_D:NIFTY:2026-04-13T13:49:44:LONG
2026-04-13,13:50:17,2026-04-13,13:50:20,NIFTY,SELL,TYPE_D,LIMIT_ENTRY,LIMIT_EXIT,23836.55,23841.1,NIFTY13APR2623850PE,23850.0,PE,49.2,48.2,49.09,48.23,50.0,40.0,0.101781,0.103573,ws,ws,entry_l1_cap,exit_l1_profit_protect,False,False,0.1065,-0.025,65,-65.0,strategy_S9-10__TYPE_D:NIFTY:2026-04-13T13:50:17:SHORT
2026-04-13,13:50:52,2026-04-13,13:51:13,NIFTY,BUY,TYPE_D,LIMIT_ENTRY,LIMIT_EXIT,23844.65,23840.3,NIFTY13APR2623800CE,23800.0,CE,66.3,64.35,66.11,64.41,70.0,55.0,0.075529,0.07761,ws,ws,entry_l1_cap,exit_l1_profit_protect,False,False,0.1923,-0.0643,65,-126.75,strategy_S9-10__TYPE_D:NIFTY:2026-04-13T13:50:52:LONG
2026-04-13,13:51:23,2026-04-13,13:51:32,NIFTY,SELL,TYPE_D,LIMIT_ENTRY,LIMIT_EXIT,23838.95,23842.0,NIFTY13APR2623850PE,23850.0,PE,45.25,45.4,45.19,45.49,50.0,40.0,0.110681,0.110011,ws,ws,entry_l1_cap,exit_l1_profit_protect,False,False,0.0618,-0.0923,65,9.75,strategy_S9-10__TYPE_D:NIFTY:2026-04-13T13:51:23:SHORT
2026-04-13,13:51:55,2026-04-13,13:53:23,NIFTY,BUY,TYPE_D,LIMIT_ENTRY,LIMIT_EXIT,23844.85,23870.9,NIFTY13APR2623800CE,23800.0,CE,67.15,83.75,67.14,83.87,70.0,75.0,0.074543,0.05963,ws,ws,entry_l1_cap,exit_l1_profit_protect,False,False,0.0075,-0.12,65,1079.0,strategy_S9-10__TYPE_D:NIFTY:2026-04-13T13:51:55:LONG
2026-04-13,13:53:40,2026-04-13,13:53:54,NIFTY,SELL,TYPE_D,LIMIT_ENTRY,LIMIT_EXIT,23864.15,23865.5,NIFTY13APR2623900PE,23900.0,PE,59.75,59.55,59.67,59.6,60.0,50.0,0.083787,0.083822,ws,ws,entry_l1_cap,exit_l1_profit_protect,False,False,0.075,-0.0476,65,-13.0,strategy_S9-10__TYPE_D:NIFTY:2026-04-13T13:53:40:SHORT
2026-04-13,13:54:22,2026-04-13,13:55:19,NIFTY,BUY,TYPE_D,LIMIT_ENTRY,LIMIT_EXIT,23871.05,23878.7,NIFTY13APR2623850CE,23850.0,CE,53.85,56.3,53.84,56.31,55.0,50.0,0.09298,0.088771,ws,ws,entry_l1_cap,exit_l1_profit_protect,False,False,0.0143,-0.0063,65,159.25,strategy_S9-10__TYPE_D:NIFTY:2026-04-13T13:54:22:LONG
2026-04-13,13:55:32,2026-04-13,13:57:53,NIFTY,BUY,TYPE_D,LIMIT_ENTRY,LIMIT_EXIT,23882.35,23900.2,NIFTY13APR2623850CE,23850.0,CE,59.35,70.4,59.31,70.6,60.0,65.0,0.084353,0.070897,ws,ws,entry_l1_cap,exit_l1_profit_protect,False,False,0.0391,-0.1968,65,718.25,strategy_S9-10__TYPE_D:NIFTY:2026-04-13T13:55:32:LONG
2026-04-13,13:58:21,2026-04-13,13:58:38,NIFTY,BUY,TYPE_D,LIMIT_ENTRY,LIMIT_EXIT,23904.9,23902.3,NIFTY13APR2623900CE,23900.0,CE,42.95,40.0,42.88,40.0,45.0,35.0,0.11655,0.124922,ws,ws,entry_l1_cap,exit_l1_profit_protect,False,False,0.0733,-0.0011,65,-191.75,strategy_S9-10__TYPE_D:NIFTY:2026-04-13T13:58:21:LONG
2026-04-13,13:58:43,2026-04-13,13:59:53,NIFTY,SELL,TYPE_D,LIMIT_ENTRY,LIMIT_EXIT,23901.2,23894.95,NIFTY13APR2623950PE,23950.0,PE,71.15,74.05,71.09,74.16,75.0,65.0,0.070373,0.067385,ws,ws,entry_l1_cap,exit_l1_profit_protect,False,False,0.0571,-0.1098,65,188.5,strategy_S9-10__TYPE_D:NIFTY:2026-04-13T13:58:43:SHORT
2026-04-13,14:00:04,2026-04-13,14:00:06,NIFTY,SELL,TYPE_D,LIMIT_ENTRY,LIMIT_EXIT,23891.65,23896.45,NIFTY13APR2623900PE,23900.0,PE,42.15,40.15,42.1,40.15,45.0,35.0,0.118835,0.124378,ws,ws,entry_l1_cap,exit_l1_profit_protect,False,False,0.0525,-0.0025,65,-130.0,strategy_S9-10__TYPE_D:NIFTY:2026-04-13T14:00:04:SHORT
2026-04-13,14:00:21,2026-04-13,14:00:38,NIFTY,SELL,TYPE_D,LIMIT_ENTRY,LIMIT_EXIT,23889.75,23891.65,NIFTY13APR2623900PE,23900.0,PE,45.65,42.4,45.55,42.46,50.0,35.0,0.109649,0.117716,ws,ws,entry_l1_cap,exit_l1_profit_protect,False,False,0.0959,-0.0633,65,-211.25,strategy_S9-10__TYPE_D:NIFTY:2026-04-13T14:00:21:SHORT
2026-04-13,14:00:53,2026-04-13,14:01:01,NIFTY,SELL,TYPE_D,LIMIT_ENTRY,LIMIT_EXIT,23888.3,23891.2,NIFTY13APR2623900PE,23900.0,PE,43.65,43.05,43.63,43.1,45.0,35.0,0.114679,0.116009,ws,ws,entry_l1_cap,exit_l1_profit_protect,False,False,0.0192,-0.0545,65,-39.0,strategy_S9-10__TYPE_D:NIFTY:2026-04-13T14:00:53:SHORT
2026-04-13,14:01:23,2026-04-13,14:01:45,NIFTY,BUY,TYPE_D,LIMIT_ENTRY,LIMIT_EXIT,23894.7,23891.8,NIFTY13APR2623850CE,23850.0,CE,66.0,63.2,65.86,63.23,70.0,55.0,0.075901,0.07902,ws,ws,entry_l1_cap,exit_l1_profit_protect,False,False,0.1371,-0.0265,65,-182.0,strategy_S9-10__TYPE_D:NIFTY:2026-04-13T14:01:23:LONG
2026-04-13,14:01:54,2026-04-13,14:01:55,NIFTY,SELL,TYPE_D,LIMIT_ENTRY,LIMIT_EXIT,23890.65,23892.45,NIFTY13APR2623900PE,23900.0,PE,42.9,42.75,42.83,42.83,45.0,35.0,0.116754,0.116754,ws,ws,entry_l1_cap,exit_l1_profit_protect,False,False,0.0737,-0.0763,65,-9.75,strategy_S9-10__TYPE_D:NIFTY:2026-04-13T14:01:54:SHORT
2026-04-13,14:02:14,2026-04-13,14:02:20,NIFTY,BUY,TYPE_D,LIMIT_ENTRY,LIMIT_EXIT,23893.55,23892.3,NIFTY13APR2623850CE,23850.0,CE,62.35,62.6,62.21,62.71,65.0,55.0,0.080289,0.079777,ws,ws,entry_l1_cap,exit_l1_profit_protect,False,False,0.1393,-0.1091,65,16.25,strategy_S9-10__TYPE_D:NIFTY:2026-04-13T14:02:14:LONG
2026-04-13,14:02:34,2026-04-13,14:03:04,NIFTY,SELL,TYPE_D,LIMIT_ENTRY,LIMIT_EXIT,23887.5,23888.2,NIFTY13APR2623900PE,23900.0,PE,42.2,43.45,42.16,43.46,45.0,35.0,0.118694,0.114943,ws,ws,entry_l1_cap,exit_l1_profit_protect,False,False,0.0384,-0.0111,65,81.25,strategy_S9-10__TYPE_D:NIFTY:2026-04-13T14:02:34:SHORT
2026-04-13,14:03:21,2026-04-13,14:03:29,NIFTY,BUY,TYPE_D,LIMIT_ENTRY,LIMIT_EXIT,23888.8,23885.65,NIFTY13APR2623850CE,23850.0,CE,58.05,57.35,58.04,57.39,60.0,50.0,0.086207,0.08707,ws,ws,entry_l1_cap,exit_l1_profit_protect,False,False,0.0059,-0.042,65,-45.5,strategy_S9-10__TYPE_D:NIFTY:2026-04-13T14:03:21:LONG
2026-04-13,14:03:38,2026-04-13,14:03:57,NIFTY,SELL,TYPE_D,LIMIT_ENTRY,LIMIT_EXIT,23884.0,23884.8,NIFTY13APR2623900PE,23900.0,PE,45.3,44.5,45.25,44.55,50.0,35.0,0.110497,0.11217,ws,ws,entry_l1_cap,exit_l1_profit_protect,False,False,0.0455,-0.0462,65,-52.0,strategy_S9-10__TYPE_D:NIFTY:2026-04-13T14:03:38:SHORT
2026-04-13,14:04:01,2026-04-13,14:04:20,NIFTY,BUY,TYPE_D,LIMIT_ENTRY,LIMIT_EXIT,23886.45,23882.8,NIFTY13APR2623850CE,23850.0,CE,57.25,55.15,57.17,55.29,60.0,50.0,0.087451,0.090539,ws,ws,entry_l1_cap,exit_l1_profit_protect,False,False,0.0808,-0.139,65,-136.5,strategy_S9-10__TYPE_D:NIFTY:2026-04-13T14:04:01:LONG
2026-04-13,14:04:31,2026-04-13,14:05:16,NIFTY,BUY,TYPE_D,LIMIT_ENTRY,LIMIT_EXIT,23886.95,23886.15,NIFTY13APR2623850CE,23850.0,CE,58.5,57.25,58.48,57.31,60.0,50.0,0.08558,0.087184,ws,ws,entry_l1_cap,exit_l1_profit_protect,False,False,0.0187,-0.0593,65,-81.25,strategy_S9-10__TYPE_D:NIFTY:2026-04-13T14:04:31:LONG
2026-04-13,14:05:30,2026-04-13,14:07:32,NIFTY,SELL,TYPE_D,LIMIT_ENTRY,LIMIT_EXIT,23884.9,23861.8,NIFTY13APR2623900PE,23900.0,PE,44.55,57.3,44.53,57.4,45.0,50.0,0.112296,0.087146,ws,ws,entry_l1_cap,exit_l1_profit_protect,False,False,0.0176,-0.1047,65,828.75,strategy_S9-10__TYPE_D:NIFTY:2026-04-13T14:05:30:SHORT
2026-04-13,14:07:44,2026-04-13,14:08:44,NIFTY,BUY,TYPE_D,LIMIT_ENTRY,LIMIT_EXIT,23867.0,23870.25,NIFTY13APR2623850CE,23850.0,CE,44.95,45.85,44.87,45.97,45.0,40.0,0.111421,0.108873,ws,ws,entry_l1_cap,exit_l1_profit_protect,False,False,0.0789,-0.117,65,58.5,strategy_S9-10__TYPE_D:NIFTY:2026-04-13T14:07:44:LONG
2026-04-13,14:09:18,2026-04-13,14:09:55,NIFTY,SELL,TYPE_D,LIMIT_ENTRY,LIMIT_EXIT,23866.55,23857.45,NIFTY13APR2623900PE,23900.0,PE,53.4,60.7,53.4,60.77,55.0,55.0,0.093765,0.082271,ws,ws,entry_l1_cap,exit_l1_profit_protect,False,False,0.0047,-0.0667,65,474.5,strategy_S9-10__TYPE_D:NIFTY:2026-04-13T14:09:18:SHORT
2026-04-13,14:10:02,2026-04-13,14:10:23,NIFTY,SELL,TYPE_D,LIMIT_ENTRY,LIMIT_EXIT,23852.15,23850.6,NIFTY13APR2623900PE,23900.0,PE,65.15,67.05,65.05,67.09,70.0,60.0,0.076894,0.07446,ws,ws,entry_l1_cap,exit_l1_profit_protect,False,False,0.1047,-0.0375,65,123.5,strategy_S9-10__TYPE_D:NIFTY:2026-04-13T14:10:02:SHORT
2026-04-13,14:10:33,2026-04-13,14:12:25,NIFTY,SELL,TYPE_D,LIMIT_ENTRY,LIMIT_EXIT,23845.6,23838.75,NIFTY13APR2623850PE,23850.0,PE,37.9,44.65,37.87,44.68,40.0,35.0,0.1321,0.111919,ws,ws,entry_l1_cap,exit_l1_profit_protect,False,False,0.0333,-0.0286,65,438.75,strategy_S9-10__TYPE_D:NIFTY:2026-04-13T14:10:33:SHORT
2026-04-13,14:12:49,2026-04-13,14:13:14,NIFTY,BUY,TYPE_D,LIMIT_ENTRY,LIMIT_EXIT,23845.7,23844.2,NIFTY13APR2623800CE,23800.0,CE,61.35,59.2,61.22,59.27,65.0,50.0,0.081599,0.084353,ws,ws,entry_l1_cap,exit_l1_profit_protect,False,False,0.13,-0.075,65,-139.75,strategy_S9-10__TYPE_D:NIFTY:2026-04-13T14:12:49:LONG
2026-04-13,14:13:27,2026-04-13,14:13:36,NIFTY,SELL,TYPE_D,LIMIT_ENTRY,LIMIT_EXIT,23841.2,23846.15,NIFTY13APR2623850PE,23850.0,PE,41.3,39.55,41.22,39.61,45.0,30.0,0.121286,0.126263,ws,ws,entry_l1_cap,exit_l1_profit_protect,False,False,0.0774,-0.0571,65,-113.75,strategy_S9-10__TYPE_D:NIFTY:2026-04-13T14:13:27:SHORT
2026-04-13,14:13:40,2026-04-13,14:13:56,NIFTY,BUY,TYPE_D,LIMIT_ENTRY,LIMIT_EXIT,23848.7,23846.9,NIFTY13APR2623800CE,23800.0,CE,61.65,62.5,61.52,62.52,65.0,55.0,0.081202,0.079968,ws,ws,entry_l1_cap,exit_l1_profit_protect,False,False,0.1286,-0.025,65,55.25,strategy_S9-10__TYPE_D:NIFTY:2026-04-13T14:13:40:LONG
2026-04-13,14:14:14,2026-04-13,14:14:40,NIFTY,SELL,TYPE_D,LIMIT_ENTRY,LIMIT_EXIT,23845.3,23848.7,NIFTY13APR2623850PE,23850.0,PE,41.4,37.8,41.34,37.87,45.0,30.0,0.120992,0.132013,ws,ws,entry_l1_cap,exit_l1_profit_protect,False,False,0.061,-0.0708,65,-234.0,strategy_S9-10__TYPE_D:NIFTY:2026-04-13T14:14:14:SHORT
2026-04-13,14:15:00,2026-04-13,14:15:44,NIFTY,BUY,TYPE_D,LIMIT_ENTRY,LIMIT_EXIT,23854.75,23853.1,NIFTY13APR2623850CE,23850.0,CE,34.85,34.05,34.78,34.12,35.0,25.0,0.143781,0.146628,ws,ws,entry_l1_cap,exit_l1_profit_protect,False,False,0.0717,-0.0723,65,-52.0,strategy_S9-10__TYPE_D:NIFTY:2026-04-13T14:15:00:LONG
2026-04-13,14:15:50,2026-04-13,14:16:15,NIFTY,SELL,TYPE_D,LIMIT_ENTRY,LIMIT_EXIT,23845.2,23844.8,NIFTY13APR2623850PE,23850.0,PE,40.3,38.85,40.22,38.88,45.0,30.0,0.124301,0.128535,ws,ws,entry_l1_cap,exit_l1_profit_protect,False,False,0.0784,-0.029,65,-94.25,strategy_S9-10__TYPE_D:NIFTY:2026-04-13T14:15:50:SHORT
2026-04-13,14:16:50,2026-04-13,14:17:16,NIFTY,SELL,TYPE_D,LIMIT_ENTRY,LIMIT_EXIT,23841.05,23840.5,NIFTY13APR2623850PE,23850.0,PE,40.95,36.5,40.88,36.54,45.0,30.0,0.122324,0.136893,ws,ws,entry_l1_cap,exit_l1_profit_protect,False,False,0.0721,-0.0417,65,-289.25,strategy_S9-10__TYPE_D:NIFTY:2026-04-13T14:16:50:SHORT
2026-04-13,14:17:29,2026-04-13,14:18:48,NIFTY,BUY,TYPE_D,LIMIT_ENTRY,LIMIT_EXIT,23843.05,23853.35,NIFTY13APR2623800CE,23800.0,CE,60.7,67.75,60.61,67.9,65.0,60.0,0.082508,0.073692,ws,ws,entry_l1_cap,exit_l1_profit_protect,False,False,0.0857,-0.1538,65,458.25,strategy_S9-10__TYPE_D:NIFTY:2026-04-13T14:17:29:LONG
2026-04-13,14:19:02,2026-04-13,14:19:36,NIFTY,SELL,TYPE_D,LIMIT_ENTRY,LIMIT_EXIT,23846.65,23849.2,NIFTY13APR2623850PE,23850.0,PE,35.25,31.6,35.23,31.65,40.0,25.0,0.142045,0.158103,ws,ws,entry_l1_cap,exit_l1_profit_protect,False,False,0.0221,-0.0469,65,-237.25,strategy_S9-10__TYPE_D:NIFTY:2026-04-13T14:19:02:SHORT
2026-04-13,14:19:55,2026-04-13,14:20:23,NIFTY,BUY,TYPE_D,LIMIT_ENTRY,LIMIT_EXIT,23851.55,23857.45,NIFTY13APR2623850CE,23850.0,CE,33.75,36.65,33.73,36.78,35.0,30.0,0.148368,0.136147,ws,ws,entry_l1_cap,exit_l1_profit_protect,False,False,0.0244,-0.1262,65,188.5,strategy_S9-10__TYPE_D:NIFTY:2026-04-13T14:19:55:LONG
2026-04-13,14:20:41,2026-04-13,14:20:56,NIFTY,BUY,TYPE_D,LIMIT_ENTRY,LIMIT_EXIT,23862.65,23858.65,NIFTY13APR2623850CE,23850.0,CE,38.3,35.35,38.3,35.36,40.0,30.0,0.130719,0.141243,ws,ws,entry_l1_cap,exit_l1_profit_protect,False,False,0.0038,-0.013,65,-191.75,strategy_S9-10__TYPE_D:NIFTY:2026-04-13T14:20:41:LONG
2026-04-13,14:21:00,2026-04-13,14:21:39,NIFTY,SELL,TYPE_D,LIMIT_ENTRY,LIMIT_EXIT,23857.3,23859.25,NIFTY13APR2623900PE,23900.0,PE,62.05,62.25,61.92,62.33,65.0,55.0,0.080678,0.080257,ws,ws,entry_l1_cap,exit_l1_profit_protect,False,False,0.1324,-0.0789,65,13.0,strategy_S9-10__TYPE_D:NIFTY:2026-04-13T14:21:00:SHORT
2026-04-13,14:22:00,2026-04-13,14:22:37,NIFTY,SELL,TYPE_D,LIMIT_ENTRY,LIMIT_EXIT,23855.2,23855.6,NIFTY13APR2623900PE,23900.0,PE,64.2,62.9,64.11,63.02,65.0,55.0,0.078003,0.079334,ws,ws,entry_l1_cap,exit_l1_profit_protect,False,False,0.0857,-0.1151,65,-84.5,strategy_S9-10__TYPE_D:NIFTY:2026-04-13T14:22:00:SHORT
2026-04-13,14:22:41,2026-04-13,14:23:28,NIFTY,BUY,TYPE_D,LIMIT_ENTRY,LIMIT_EXIT,23857.0,23865.8,NIFTY13APR2623850CE,23850.0,CE,34.25,37.45,34.18,37.49,35.0,30.0,0.146199,0.133245,ws,ws,entry_l1_cap,exit_l1_profit_protect,False,False,0.0735,-0.0364,65,208.0,strategy_S9-10__TYPE_D:NIFTY:2026-04-13T14:22:41:LONG
2026-04-13,14:24:07,2026-04-13,14:24:24,NIFTY,SELL,TYPE_D,LIMIT_ENTRY,LIMIT_EXIT,23859.95,23860.25,NIFTY13APR2623900PE,23900.0,PE,59.25,55.4,59.14,55.46,60.0,50.0,0.084531,0.090131,ws,ws,entry_l1_cap,exit_l1_profit_protect,False,False,0.1056,-0.0589,65,-250.25,strategy_S9-10__TYPE_D:NIFTY:2026-04-13T14:24:07:SHORT
2026-04-13,14:24:42,2026-04-13,14:25:20,NIFTY,BUY,TYPE_D,LIMIT_ENTRY,LIMIT_EXIT,23861.35,23865.8,NIFTY13APR2623850CE,23850.0,CE,37.4,39.7,37.37,39.78,40.0,30.0,0.133958,0.125786,ws,ws,entry_l1_cap,exit_l1_profit_protect,False,False,0.0332,-0.0762,65,149.5,strategy_S9-10__TYPE_D:NIFTY:2026-04-13T14:24:42:LONG
2026-04-13,14:25:35,2026-04-13,14:26:03,NIFTY,BUY,TYPE_D,LIMIT_ENTRY,LIMIT_EXIT,23872.5,23871.85,NIFTY13APR2623850CE,23850.0,CE,44.65,42.1,44.56,42.1,45.0,35.0,0.112108,0.118694,ws,ws,entry_l1_cap,exit_l1_profit_protect,False,False,0.0875,-0.0018,65,-165.75,strategy_S9-10__TYPE_D:NIFTY:2026-04-13T14:25:35:LONG
2026-04-13,14:26:36,2026-04-13,14:26:40,NIFTY,SELL,TYPE_D,LIMIT_ENTRY,LIMIT_EXIT,23867.4,23871.4,NIFTY13APR2623900PE,23900.0,PE,47.85,45.35,47.82,45.47,50.0,40.0,0.104657,0.110072,ws,ws,entry_l1_cap,exit_l1_profit_protect,False,False,0.0255,-0.1188,65,-162.5,strategy_S9-10__TYPE_D:NIFTY:2026-04-13T14:26:36:SHORT
2026-04-13,14:26:58,2026-04-13,14:27:52,NIFTY,BUY,TYPE_D,LIMIT_ENTRY,LIMIT_EXIT,23877.15,23877.75,NIFTY13APR2623850CE,23850.0,CE,47.3,45.7,47.21,45.7,50.0,40.0,0.10582,0.10929,ws,ws,entry_l1_cap,exit_l1_profit_protect,False,False,0.0896,-0.0033,65,-104.0,strategy_S9-10__TYPE_D:NIFTY:2026-04-13T14:26:58:LONG
2026-04-13,14:28:22,2026-04-13,14:30:01,NIFTY,SELL,TYPE_D,LIMIT_ENTRY,LIMIT_EXIT,23877.7,23868.5,NIFTY13APR2623900PE,23900.0,PE,41.6,47.3,41.52,47.39,45.0,40.0,0.120409,0.105597,ws,ws,entry_l1_cap,exit_l1_profit_protect,False,False,0.0801,-0.092,65,370.5,strategy_S9-10__TYPE_D:NIFTY:2026-04-13T14:28:22:SHORT
2026-04-13,14:30:11,2026-04-13,14:31:07,NIFTY,BUY,TYPE_D,LIMIT_ENTRY,LIMIT_EXIT,23873.2,23887.05,NIFTY13APR2623850CE,23850.0,CE,43.75,52.05,43.64,52.15,45.0,45.0,0.114482,0.095923,ws,ws,entry_l1_cap,exit_l1_profit_protect,False,False,0.1119,-0.1038,65,539.5,strategy_S9-10__TYPE_D:NIFTY:2026-04-13T14:30:11:LONG
2026-04-13,14:31:12,2026-04-13,14:31:46,NIFTY,SELL,TYPE_D,LIMIT_ENTRY,LIMIT_EXIT,23880.75,23883.55,NIFTY13APR2623900PE,23900.0,PE,34.65,34.2,34.57,34.29,35.0,25.0,0.144509,0.145985,ws,ws,entry_l1_cap,exit_l1_profit_protect,False,False,0.0804,-0.0926,65,-29.25,strategy_S9-10__TYPE_D:NIFTY:2026-04-13T14:31:12:SHORT
2026-04-13,14:32:08,2026-04-13,14:32:23,NIFTY,SELL,TYPE_D,LIMIT_ENTRY,LIMIT_EXIT,23879.45,23882.95,NIFTY13APR2623900PE,23900.0,PE,37.45,35.0,37.41,35.09,40.0,30.0,0.133601,0.142653,ws,ws,entry_l1_cap,exit_l1_profit_protect,False,False,0.0447,-0.0859,65,-159.25,strategy_S9-10__TYPE_D:NIFTY:2026-04-13T14:32:08:SHORT
2026-04-13,14:32:41,2026-04-13,14:33:51,NIFTY,BUY,TYPE_D,LIMIT_ENTRY,LIMIT_EXIT,23884.55,23886.85,NIFTY13APR2623850CE,23850.0,CE,51.6,54.05,51.46,54.12,55.0,45.0,0.09704,0.092379,ws,ws,entry_l1_cap,exit_l1_profit_protect,False,False,0.1371,-0.0682,65,159.25,strategy_S9-10__TYPE_D:NIFTY:2026-04-13T14:32:41:LONG
2026-04-13,14:34:08,2026-04-13,14:34:13,NIFTY,SELL,TYPE_D,LIMIT_ENTRY,LIMIT_EXIT,23885.05,23887.25,NIFTY13APR2623900PE,23900.0,PE,32.95,32.0,32.88,32.09,35.0,25.0,0.151976,0.156006,ws,ws,entry_l1_cap,exit_l1_profit_protect,False,False,0.0741,-0.0902,65,-61.75,strategy_S9-10__TYPE_D:NIFTY:2026-04-13T14:34:08:SHORT
2026-04-13,14:34:20,2026-04-13,14:34:37,NIFTY,SELL,TYPE_D,LIMIT_ENTRY,LIMIT_EXIT,23883.25,23886.3,NIFTY13APR2623900PE,23900.0,PE,33.4,31.9,33.39,31.93,35.0,25.0,0.149925,0.156617,ws,ws,entry_l1_cap,exit_l1_profit_protect,False,False,0.0056,-0.035,65,-97.5,strategy_S9-10__TYPE_D:NIFTY:2026-04-13T14:34:20:SHORT
2026-04-13,14:34:52,2026-04-13,14:35:31,NIFTY,SELL,TYPE_D,LIMIT_ENTRY,LIMIT_EXIT,23883.7,23878.8,NIFTY13APR2623900PE,23900.0,PE,33.6,34.8,33.53,34.89,35.0,25.0,0.149031,0.143369,ws,ws,entry_l1_cap,exit_l1_profit_protect,False,False,0.0706,-0.0944,65,78.0,strategy_S9-10__TYPE_D:NIFTY:2026-04-13T14:34:52:SHORT
2026-04-13,14:35:50,2026-04-13,14:36:28,NIFTY,BUY,TYPE_D,LIMIT_ENTRY,LIMIT_EXIT,23882.7,23881.5,NIFTY13APR2623850CE,23850.0,CE,52.3,50.7,52.29,50.83,55.0,45.0,0.095694,0.098474,ws,ws,entry_l1_cap,exit_l1_profit_protect,False,False,0.0071,-0.1318,65,-104.0,strategy_S9-10__TYPE_D:NIFTY:2026-04-13T14:35:50:LONG
2026-04-13,14:36:32,2026-04-13,14:36:35,NIFTY,SELL,TYPE_D,LIMIT_ENTRY,LIMIT_EXIT,23880.3,23884.5,NIFTY13APR2623900PE,23900.0,PE,33.7,32.9,33.68,32.97,35.0,25.0,0.148588,0.151745,ws,ws,entry_l1_cap,exit_l1_profit_protect,False,False,0.0156,-0.0707,65,-52.0,strategy_S9-10__TYPE_D:NIFTY:2026-04-13T14:36:32:SHORT
2026-04-13,14:36:42,2026-04-13,14:36:56,NIFTY,SELL,TYPE_D,LIMIT_ENTRY,LIMIT_EXIT,23878.5,23882.1,NIFTY13APR2623900PE,23900.0,PE,34.8,35.05,34.78,35.14,35.0,30.0,0.143885,0.14245,ws,ws,entry_l1_cap,exit_l1_profit_protect,False,False,0.0167,-0.0922,65,16.25,strategy_S9-10__TYPE_D:NIFTY:2026-04-13T14:36:42:SHORT
2026-04-13,14:37:18,2026-04-13,14:37:24,NIFTY,BUY,TYPE_D,LIMIT_ENTRY,LIMIT_EXIT,23885.1,23881.9,NIFTY13APR2623850CE,23850.0,CE,51.05,50.0,51.04,50.11,55.0,45.0,0.098039,0.09985,ws,ws,entry_l1_cap,exit_l1_profit_protect,False,False,0.0105,-0.1059,65,-68.25,strategy_S9-10__TYPE_D:NIFTY:2026-04-13T14:37:18:LONG
2026-04-13,14:37:31,2026-04-13,14:37:57,NIFTY,SELL,TYPE_D,LIMIT_ENTRY,LIMIT_EXIT,23877.7,23878.7,NIFTY13APR2623900PE,23900.0,PE,35.8,33.15,35.79,33.23,40.0,25.0,0.139762,0.150602,ws,ws,entry_l1_cap,exit_l1_profit_protect,False,False,0.0143,-0.0753,65,-172.25,strategy_S9-10__TYPE_D:NIFTY:2026-04-13T14:37:31:SHORT
2026-04-13,14:38:21,2026-04-13,14:38:58,NIFTY,BUY,TYPE_D,LIMIT_ENTRY,LIMIT_EXIT,23892.65,23891.65,NIFTY13APR2623850CE,23850.0,CE,55.6,53.2,55.5,53.34,60.0,45.0,0.09009,0.093853,ws,ws,entry_l1_cap,exit_l1_profit_protect,False,False,0.0952,-0.137,65,-156.0,strategy_S9-10__TYPE_D:NIFTY:2026-04-13T14:38:21:LONG
2026-04-13,14:39:13,2026-04-13,14:40:21,NIFTY,SELL,TYPE_D,LIMIT_ENTRY,LIMIT_EXIT,23888.8,23873.65,NIFTY13APR2623900PE,23900.0,PE,32.95,44.9,32.93,44.98,35.0,35.0,0.15186,0.111173,ws,ws,entry_l1_cap,exit_l1_profit_protect,False,False,0.0176,-0.075,65,776.75,strategy_S9-10__TYPE_D:NIFTY:2026-04-13T14:39:13:SHORT
2026-04-13,14:41:15,2026-04-13,14:41:44,NIFTY,BUY,TYPE_D,LIMIT_ENTRY,LIMIT_EXIT,23876.6,23876.85,NIFTY13APR2623850CE,23850.0,CE,39.2,38.55,39.12,38.62,40.0,30.0,0.127796,0.12945,ws,ws,entry_l1_cap,exit_l1_profit_protect,False,False,0.0792,-0.0672,65,-42.25,strategy_S9-10__TYPE_D:NIFTY:2026-04-13T14:41:15:LONG
2026-04-13,14:41:58,2026-04-13,14:42:55,NIFTY,SELL,TYPE_D,LIMIT_ENTRY,LIMIT_EXIT,23874.35,23867.85,NIFTY13APR2623900PE,23900.0,PE,42.2,47.7,42.1,47.72,45.0,40.0,0.118694,0.104712,ws,ws,entry_l1_cap,exit_l1_profit_protect,False,False,0.1011,-0.0167,65,357.5,strategy_S9-10__TYPE_D:NIFTY:2026-04-13T14:41:58:SHORT
2026-04-13,14:43:00,2026-04-13,14:43:07,NIFTY,SELL,TYPE_D,LIMIT_ENTRY,LIMIT_EXIT,23864.75,23867.35,NIFTY13APR2623900PE,23900.0,PE,51.85,48.55,51.7,48.65,55.0,40.0,0.096572,0.102828,ws,ws,entry_l1_cap,exit_l1_profit_protect,False,False,0.1469,-0.0955,65,-214.5,strategy_S9-10__TYPE_D:NIFTY:2026-04-13T14:43:00:SHORT
2026-04-13,14:43:14,2026-04-13,14:43:32,NIFTY,SELL,TYPE_D,LIMIT_ENTRY,LIMIT_EXIT,23863.65,23860.15,NIFTY13APR2623900PE,23900.0,PE,53.0,55.05,52.91,55.11,55.0,50.0,0.094473,0.090703,ws,ws,entry_l1_cap,exit_l1_profit_protect,False,False,0.09,-0.0643,65,133.25,strategy_S9-10__TYPE_D:NIFTY:2026-04-13T14:43:14:SHORT
2026-04-13,14:43:55,2026-04-13,14:43:58,NIFTY,BUY,TYPE_D,LIMIT_ENTRY,LIMIT_EXIT,23864.3,23856.75,NIFTY13APR2623850CE,23850.0,CE,27.35,24.65,27.34,24.69,30.0,15.0,0.18315,0.202429,ws,ws,entry_l1_cap,exit_l1_profit_protect,False,False,0.0113,-0.0435,65,-175.5,strategy_S9-10__TYPE_D:NIFTY:2026-04-13T14:43:55:LONG
2026-04-13,14:44:35,2026-04-13,14:45:00,NIFTY,BUY,TYPE_D,LIMIT_ENTRY,LIMIT_EXIT,23863.15,23863.3,NIFTY13APR2623850CE,23850.0,CE,26.95,29.0,26.88,29.08,30.0,20.0,0.185874,0.172117,ws,ws,entry_l1_cap,exit_l1_profit_protect,False,False,0.0723,-0.0754,65,133.25,strategy_S9-10__TYPE_D:NIFTY:2026-04-13T14:44:35:LONG
2026-04-13,14:45:14,2026-04-13,14:45:44,NIFTY,SELL,TYPE_D,LIMIT_ENTRY,LIMIT_EXIT,23856.4,23859.55,NIFTY13APR2623900PE,23900.0,PE,48.2,48.95,48.17,49.02,50.0,40.0,0.103896,0.101937,ws,ws,entry_l1_cap,exit_l1_profit_protect,False,False,0.0281,-0.075,65,48.75,strategy_S9-10__TYPE_D:NIFTY:2026-04-13T14:45:14:SHORT
2026-04-13,14:45:50,2026-04-13,14:46:24,NIFTY,BUY,TYPE_D,LIMIT_ENTRY,LIMIT_EXIT,23864.8,23872.55,NIFTY13APR2623850CE,23850.0,CE,29.3,32.05,29.28,32.08,30.0,25.0,0.17094,0.155642,ws,ws,entry_l1_cap,exit_l1_profit_protect,False,False,0.0156,-0.0289,65,178.75,strategy_S9-10__TYPE_D:NIFTY:2026-04-13T14:45:50:LONG
2026-04-13,14:47:01,2026-04-13,14:47:13,NIFTY,BUY,TYPE_D,LIMIT_ENTRY,LIMIT_EXIT,23873.0,23871.05,NIFTY13APR2623850CE,23850.0,CE,32.35,31.75,32.29,31.83,35.0,25.0,0.154799,0.157109,ws,ws,entry_l1_cap,exit_l1_profit_protect,False,False,0.0565,-0.0778,65,-39.0,strategy_S9-10__TYPE_D:NIFTY:2026-04-13T14:47:01:LONG
2026-04-13,14:47:22,2026-04-13,14:47:32,NIFTY,SELL,TYPE_D,LIMIT_ENTRY,LIMIT_EXIT,23866.45,23871.1,NIFTY13APR2623900PE,23900.0,PE,46.7,43.0,46.62,43.02,50.0,35.0,0.107239,0.116212,ws,ws,entry_l1_cap,exit_l1_profit_protect,False,False,0.0778,-0.0167,65,-240.5,strategy_S9-10__TYPE_D:NIFTY:2026-04-13T14:47:22:SHORT
2026-04-13,14:47:40,2026-04-13,14:49:35,NIFTY,BUY,TYPE_D,LIMIT_ENTRY,LIMIT_EXIT,23875.85,23885.0,NIFTY13APR2623850CE,23850.0,CE,32.2,43.15,32.13,43.24,35.0,35.0,0.155521,0.115741,ws,ws,entry_l1_cap,exit_l1_profit_protect,False,False,0.0733,-0.0857,65,711.75,strategy_S9-10__TYPE_D:NIFTY:2026-04-13T14:47:40:LONG
2026-04-13,14:50:24,2026-04-13,14:51:09,NIFTY,SELL,TYPE_D,LIMIT_ENTRY,LIMIT_EXIT,23879.8,23881.7,NIFTY13APR2623900PE,23900.0,PE,29.8,27.15,29.8,27.2,30.0,20.0,0.167926,0.183824,ws,ws,entry_l1_cap,exit_l1_profit_protect,False,False,0.0026,-0.0533,65,-172.25,strategy_S9-10__TYPE_D:NIFTY:2026-04-13T14:50:24:SHORT
2026-04-13,14:51:15,2026-04-13,14:52:50,NIFTY,BUY,TYPE_D,LIMIT_ENTRY,LIMIT_EXIT,23882.65,23888.3,NIFTY13APR2623850CE,23850.0,CE,45.0,47.7,44.95,47.8,45.0,40.0,0.111297,0.104657,ws,ws,entry_l1_cap,exit_l1_profit_protect,False,False,0.0458,-0.1026,65,175.5,strategy_S9-10__TYPE_D:NIFTY:2026-04-13T14:51:15:LONG
2026-04-13,14:53:11,2026-04-13,14:53:31,NIFTY,SELL,TYPE_D,LIMIT_ENTRY,LIMIT_EXIT,23883.55,23884.4,NIFTY13APR2623900PE,23900.0,PE,26.1,25.0,26.06,25.04,30.0,20.0,0.191939,0.1998,ws,ws,entry_l1_cap,exit_l1_profit_protect,False,False,0.0366,-0.0448,65,-71.5,strategy_S9-10__TYPE_D:NIFTY:2026-04-13T14:53:11:SHORT
2026-04-13,14:53:59,2026-04-13,14:55:01,NIFTY,SELL,TYPE_D,LIMIT_ENTRY,LIMIT_EXIT,23883.25,23883.5,NIFTY13APR2623900PE,23900.0,PE,24.3,22.35,24.29,22.35,25.0,15.0,0.205973,0.223464,ws,ws,entry_l1_cap,exit_l1_profit_protect,False,False,0.0076,-0.0037,65,-126.75,strategy_S9-10__TYPE_D:NIFTY:2026-04-13T14:53:59:SHORT
2026-04-13,14:55:14,2026-04-13,14:55:33,NIFTY,BUY,TYPE_D,LIMIT_ENTRY,LIMIT_EXIT,23892.9,23891.4,NIFTY13APR2623850CE,23850.0,CE,52.8,50.25,52.7,50.31,55.0,45.0,0.094832,0.099354,ws,ws,entry_l1_cap,exit_l1_profit_protect,False,False,0.1038,-0.0614,65,-165.75,strategy_S9-10__TYPE_D:NIFTY:2026-04-13T14:55:14:LONG
2026-04-13,14:55:42,2026-04-13,14:56:42,NIFTY,SELL,TYPE_D,LIMIT_ENTRY,LIMIT_EXIT,23888.15,23886.6,NIFTY13APR2623900PE,23900.0,PE,22.35,22.45,22.29,22.49,25.0,15.0,0.224215,0.222222,ws,ws,entry_l1_cap,exit_l1_profit_protect,False,False,0.0585,-0.0354,65,6.5,strategy_S9-10__TYPE_D:NIFTY:2026-04-13T14:55:42:SHORT
2026-04-13,14:57:00,2026-04-13,14:57:25,NIFTY,SELL,TYPE_D,LIMIT_ENTRY,LIMIT_EXIT,23884.35,23886.25,NIFTY13APR2623900PE,23900.0,PE,23.8,21.0,23.75,21.03,25.0,15.0,0.210305,0.23753,ws,ws,entry_l1_cap,exit_l1_profit_protect,False,False,0.0494,-0.0329,65,-182.0,strategy_S9-10__TYPE_D:NIFTY:2026-04-13T14:57:00:SHORT
2026-04-13,14:57:35,2026-04-13,14:57:55,NIFTY,SELL,TYPE_D,LIMIT_ENTRY,LIMIT_EXIT,23882.25,23884.55,NIFTY13APR2623900PE,23900.0,PE,21.5,20.2,21.5,20.23,25.0,15.0,0.232829,0.246914,ws,ws,entry_l1_cap,exit_l1_profit_protect,False,False,0.0033,-0.0333,65,-84.5,strategy_S9-10__TYPE_D:NIFTY:2026-04-13T14:57:35:SHORT
2026-04-13,14:58:02,2026-04-13,14:59:08,NIFTY,BUY,TYPE_D,LIMIT_ENTRY,LIMIT_EXIT,23887.0,23891.6,NIFTY13APR2623850CE,23850.0,CE,48.6,51.2,48.5,51.32,50.0,45.0,0.103093,0.097513,ws,ws,entry_l1_cap,exit_l1_profit_protect,False,False,0.0963,-0.12,65,169.0,strategy_S9-10__TYPE_D:NIFTY:2026-04-13T14:58:02:LONG
2026-04-13,14:59:51,2026-04-13,15:01:51,NIFTY,SELL,TYPE_D,LIMIT_ENTRY,LIMIT_EXIT,23887.85,23832.9,NIFTY13APR2623900PE,23900.0,PE,21.65,62.85,21.57,63.06,25.0,55.0,0.231481,0.079397,ws,ws,entry_l1_cap,exit_l1_profit_protect,False,False,0.0788,-0.2083,65,2678.0,strategy_S9-10__TYPE_D:NIFTY:2026-04-13T14:59:51:SHORT
2026-04-13,15:02:08,2026-04-13,15:03:39,NIFTY,BUY,TYPE_D,LIMIT_ENTRY,LIMIT_EXIT,23850.5,23880.75,NIFTY13APR2623850CE,23850.0,CE,17.15,20.9,17.13,20.91,20.0,15.0,0.291971,0.238663,ws,ws,entry_l1_cap,exit_l1_profit_protect,False,False,0.0167,-0.0094,65,243.75,strategy_S9-10__TYPE_D:NIFTY:2026-04-13T15:02:08:LONG
2026-04-13,15:03:54,2026-04-13,15:05:04,NIFTY,SELL,TYPE_D,LIMIT_ENTRY,LIMIT_EXIT,23869.65,23845.3,NIFTY13APR2623900PE,23900.0,PE,41.65,51.45,41.57,51.49,45.0,45.0,0.120265,0.09704,ws,ws,entry_l1_cap,exit_l1_profit_protect,False,False,0.0792,-0.0375,65,637.0,strategy_S9-10__TYPE_D:NIFTY:2026-04-13T15:03:54:SHORT
2026-04-13,15:05:20,2026-04-13,15:05:54,NIFTY,SELL,TYPE_D,LIMIT_ENTRY,LIMIT_EXIT,23832.85,23833.75,NIFTY13APR2623850PE,23850.0,PE,12.1,12.05,12.05,12.11,15.0,5.0,0.414079,0.413223,ws,ws,entry_l1_cap,exit_l1_profit_protect,False,False,0.0482,-0.064,65,-3.25,strategy_S9-10__TYPE_D:NIFTY:2026-04-13T15:05:20:SHORT
2026-04-13,15:06:02,2026-04-13,15:06:45,NIFTY,BUY,TYPE_D,LIMIT_ENTRY,LIMIT_EXIT,23844.9,23860.6,NIFTY13APR2623800CE,23800.0,CE,48.25,51.85,48.12,51.89,50.0,45.0,0.103788,0.096293,ws,ws,entry_l1_cap,exit_l1_profit_protect,False,False,0.1327,-0.0409,65,234.0,strategy_S9-10__TYPE_D:NIFTY:2026-04-13T15:06:02:LONG
2026-04-13,15:07:14,2026-04-13,15:08:07,NIFTY,SELL,TYPE_D,LIMIT_ENTRY,LIMIT_EXIT,23854.45,23832.5,NIFTY13APR2623900PE,23900.0,PE,54.45,62.1,54.38,62.23,55.0,55.0,0.091996,0.080386,ws,ws,entry_l1_cap,exit_l1_profit_protect,False,False,0.0735,-0.1333,65,497.25,strategy_S9-10__TYPE_D:NIFTY:2026-04-13T15:07:14:SHORT
2026-04-13,15:08:21,2026-04-13,15:08:40,NIFTY,BUY,TYPE_D,LIMIT_ENTRY,LIMIT_EXIT,23842.5,23845.7,NIFTY13APR2623800CE,23800.0,CE,42.15,40.0,42.07,40.04,45.0,35.0,0.118906,0.124844,ws,ws,entry_l1_cap,exit_l1_profit_protect,False,False,0.0795,-0.0417,65,-139.75,strategy_S9-10__TYPE_D:NIFTY:2026-04-13T15:08:21:LONG
2026-04-13,15:08:51,2026-04-13,15:09:34,NIFTY,SELL,TYPE_D,LIMIT_ENTRY,LIMIT_EXIT,23838.5,23839.15,NIFTY13APR2623850PE,23850.0,PE,19.75,16.45,19.69,16.48,20.0,10.0,0.25413,0.30349,ws,ws,entry_l1_cap,exit_l1_profit_protect,False,False,0.06,-0.025,65,-214.5,strategy_S9-10__TYPE_D:NIFTY:2026-04-13T15:08:51:SHORT
2026-04-13,15:09:41,2026-04-13,15:10:00,NIFTY,BUY,TYPE_D,LIMIT_ENTRY,LIMIT_EXIT,23843.0,23839.35,NIFTY13APR2623800CE,23800.0,CE,35.95,33.8,35.87,33.82,40.0,25.0,0.139373,0.14782,ws,ws,entry_l1_cap,exit_l1_profit_protect,False,False,0.0841,-0.0167,65,-139.75,strategy_S9-10__TYPE_D:NIFTY:2026-04-13T15:09:41:LONG
2026-04-13,15:11:06,2026-04-13,15:11:26,NIFTY,SELL,TYPE_D,LIMIT_ENTRY,LIMIT_EXIT,23835.1,23835.1,NIFTY13APR2623850PE,23850.0,PE,18.05,15.1,18.02,15.16,20.0,10.0,0.277778,0.330033,ws,ws,entry_l1_cap,exit_l1_profit_protect,False,False,0.0283,-0.0573,65,-191.75,strategy_S9-10__TYPE_D:NIFTY:2026-04-13T15:11:06:SHORT
2026-04-13,15:11:43,2026-04-13,15:11:50,NIFTY,SELL,TYPE_D,LIMIT_ENTRY,LIMIT_EXIT,23831.0,23835.45,NIFTY13APR2623850PE,23850.0,PE,18.25,17.3,18.21,17.33,20.0,10.0,0.274348,0.2886,ws,ws,entry_l1_cap,exit_l1_profit_protect,False,False,0.0379,-0.0262,65,-61.75,strategy_S9-10__TYPE_D:NIFTY:2026-04-13T15:11:43:SHORT
2026-04-13,15:12:21,2026-04-13,15:12:49,NIFTY,BUY,TYPE_D,LIMIT_ENTRY,LIMIT_EXIT,23849.75,23851.05,NIFTY13APR2623800CE,23800.0,CE,38.1,41.6,38.09,41.74,40.0,35.0,0.131492,0.119976,ws,ws,entry_l1_cap,exit_l1_profit_protect,False,False,0.0125,-0.1375,65,227.5,strategy_S9-10__TYPE_D:NIFTY:2026-04-13T15:12:21:LONG
2026-04-13,15:13:08,2026-04-13,15:14:17,NIFTY,SELL,TYPE_D,LIMIT_ENTRY,LIMIT_EXIT,23841.45,23833.15,NIFTY13APR2623850PE,23850.0,PE,15.35,13.05,15.32,13.09,20.0,5.0,0.326797,0.382409,ws,ws,entry_l1_cap,exit_l1_profit_protect,False,False,0.0287,-0.0379,65,-149.5,strategy_S9-10__TYPE_D:NIFTY:2026-04-13T15:13:08:SHORT
2026-04-13,15:14:33,2026-04-13,15:15:08,NIFTY,BUY,TYPE_D,LIMIT_ENTRY,LIMIT_EXIT,23836.55,23840.3,NIFTY13APR2623800CE,23800.0,CE,38.2,37.4,38.16,37.51,40.0,30.0,0.131062,0.133422,ws,ws,entry_l1_cap,exit_l1_profit_protect,False,False,0.0419,-0.1125,65,-52.0,strategy_S9-10__TYPE_D:NIFTY:2026-04-13T15:14:33:LONG
2026-04-13,15:15:26,2026-04-13,15:16:17,NIFTY,SELL,TYPE_D,LIMIT_ENTRY,LIMIT_EXIT,23838.4,23838.05,NIFTY13APR2623850PE,23850.0,PE,15.0,12.45,14.95,12.5,15.0,5.0,0.33389,0.4,ws,ws,entry_l1_cap,exit_l1_profit_protect,False,False,0.0479,-0.0503,65,-165.75,strategy_S9-10__TYPE_D:NIFTY:2026-04-13T15:15:26:SHORT
2026-04-13,15:16:48,2026-04-13,15:17:45,NIFTY,SELL,TYPE_D,LIMIT_ENTRY,LIMIT_EXIT,23834.35,23829.0,NIFTY13APR2623850PE,23850.0,PE,11.9,12.5,11.83,12.54,15.0,5.0,0.421941,0.398406,ws,ws,entry_l1_cap,exit_l1_profit_protect,False,False,0.0669,-0.0409,65,39.0,strategy_S9-10__TYPE_D:NIFTY:2026-04-13T15:16:48:SHORT
2026-04-13,15:17:59,2026-04-13,15:18:20,NIFTY,BUY,TYPE_D,LIMIT_ENTRY,LIMIT_EXIT,23834.5,23835.3,NIFTY13APR2623800CE,23800.0,CE,38.55,38.4,38.5,38.46,40.0,30.0,0.129786,0.129955,ws,ws,entry_l1_cap,exit_l1_profit_protect,False,False,0.0459,-0.0643,65,-9.75,strategy_S9-10__TYPE_D:NIFTY:2026-04-13T15:17:59:LONG
2026-04-13,15:18:41,2026-04-13,15:18:59,NIFTY,SELL,TYPE_D,LIMIT_ENTRY,LIMIT_EXIT,23834.55,23839.2,NIFTY13APR2623850PE,23850.0,PE,12.35,11.35,12.33,11.39,15.0,5.0,0.40568,0.438596,ws,ws,entry_l1_cap,exit_l1_profit_protect,False,False,0.0231,-0.0424,65,-65.0,strategy_S9-10__TYPE_D:NIFTY:2026-04-13T15:18:41:SHORT
2026-04-13,15:19:33,2026-04-13,15:20:34,NIFTY,SELL,TYPE_D,LIMIT_ENTRY,LIMIT_EXIT,23833.5,23824.8,NIFTY13APR2623850PE,23850.0,PE,10.85,12.4,10.81,12.42,15.0,5.0,0.462963,0.402414,ws,ws,entry_l1_cap,exit_l1_profit_protect,False,False,0.04,-0.0209,65,100.75,strategy_S9-10__TYPE_D:NIFTY:2026-04-13T15:19:33:SHORT
2026-04-13,15:20:47,2026-04-13,15:21:26,NIFTY,BUY,TYPE_D,LIMIT_ENTRY,LIMIT_EXIT,23827.95,23829.6,NIFTY13APR2623800CE,23800.0,CE,38.5,39.4,38.48,39.42,40.0,30.0,0.129955,0.126743,ws,ws,entry_l1_cap,exit_l1_profit_protect,False,False,0.016,-0.0213,65,58.5,strategy_S9-10__TYPE_D:NIFTY:2026-04-13T15:20:47:LONG
2026-04-13,15:22:02,2026-04-13,15:22:34,NIFTY,BUY,TYPE_D,LIMIT_ENTRY,LIMIT_EXIT,23831.2,23829.1,NIFTY13APR2623800CE,23800.0,CE,39.2,40.3,39.14,40.36,40.0,35.0,0.127796,0.123916,ws,ws,entry_l1_cap,exit_l1_profit_protect,False,False,0.0633,-0.0629,65,71.5,strategy_S9-10__TYPE_D:NIFTY:2026-04-13T15:22:02:LONG
2026-04-13,15:22:44,2026-04-13,15:24:00,NIFTY,SELL,TYPE_D,LIMIT_ENTRY,LIMIT_EXIT,23827.65,23820.7,NIFTY13APR2623850PE,23850.0,PE,10.5,10.85,10.47,10.85,15.0,5.0,0.477327,0.45977,ws,ws,entry_l1_cap,exit_l1_profit_protect,False,False,0.0301,-0.0002,65,22.75,strategy_S9-10__TYPE_D:NIFTY:2026-04-13T15:22:44:SHORT
2026-04-13,15:24:45,2026-04-13,15:25:11,NIFTY,BUY,TYPE_D,LIMIT_ENTRY,LIMIT_EXIT,23823.35,23820.1,NIFTY13APR2623800CE,23800.0,CE,40.4,40.05,40.4,40.14,45.0,35.0,0.123839,0.124688,ws,ws,entry_l1_cap,exit_l1_profit_protect,False,False,0.0044,-0.0944,65,-22.75,strategy_S9-10__TYPE_D:NIFTY:2026-04-13T15:24:45:LONG
2026-04-15,09:18:01,2026-04-15,09:18:20,NIFTY,SELL,TYPE_D,LIMIT_ENTRY,LIMIT_EXIT,24226.4,24229.75,NIFTY21APR2624250PE,24250.0,PE,222.9,219.1,222.79,219.41,225.0,210.0,0.022439,0.022795,ws,ws,entry_l1_cap,exit_l1_profit_protect,False,False,0.1125,-0.3125,65,-247.0,strategy_S9-10__TYPE_D:NIFTY:2026-04-15T09:18:01:SHORT
2026-04-15,09:18:40,2026-04-15,09:18:56,NIFTY,BUY,TYPE_D,LIMIT_ENTRY,LIMIT_EXIT,24235.45,24234.3,NIFTY21APR2624200CE,24200.0,CE,246.1,250.4,245.81,250.49,250.0,245.0,0.020338,0.01996,ws,ws,entry_l1_cap,exit_l1_profit_protect,False,False,0.2917,-0.0889,65,279.5,strategy_S9-10__TYPE_D:NIFTY:2026-04-15T09:18:40:LONG
2026-04-15,09:19:01,2026-04-15,09:19:16,NIFTY,SELL,TYPE_D,LIMIT_ENTRY,LIMIT_EXIT,24228.8,24231.0,NIFTY21APR2624250PE,24250.0,PE,218.05,216.0,217.99,216.13,220.0,210.0,0.022957,0.02314,ws,ws,entry_l1_cap,exit_l1_profit_protect,False,False,0.0625,-0.1312,65,-133.25,strategy_S9-10__TYPE_D:NIFTY:2026-04-15T09:19:01:SHORT
2026-04-15,09:19:46,2026-04-15,09:20:40,NIFTY,BUY,TYPE_D,LIMIT_ENTRY,LIMIT_EXIT,24235.3,24227.85,NIFTY21APR2624200CE,24200.0,CE,247.7,245.85,247.62,246.2,250.0,240.0,0.020192,0.020315,ws,ws,entry_l1_cap,exit_l1_profit_protect,False,False,0.075,-0.35,65,-120.25,strategy_S9-10__TYPE_D:NIFTY:2026-04-15T09:19:46:LONG
2026-04-15,09:21:26,2026-04-15,09:22:11,NIFTY,SELL,TYPE_D,LIMIT_ENTRY,LIMIT_EXIT,24226.5,24222.15,NIFTY21APR2624250PE,24250.0,PE,219.35,223.75,218.95,223.82,220.0,215.0,0.022821,0.022341,ws,ws,entry_l1_cap,exit_l1_profit_protect,False,False,0.4,-0.0667,65,286.0,strategy_S9-10__TYPE_D:NIFTY:2026-04-15T09:21:26:SHORT
2026-04-15,09:22:40,2026-04-15,09:23:12,NIFTY,SELL,TYPE_D,LIMIT_ENTRY,LIMIT_EXIT,24217.8,24219.95,NIFTY21APR2624250PE,24250.0,PE,227.25,226.95,227.05,227.16,230.0,220.0,0.022022,0.022005,ws,ws,entry_l1_cap,exit_l1_profit_protect,False,False,0.2,-0.2139,65,-19.5,strategy_S9-10__TYPE_D:NIFTY:2026-04-15T09:22:40:SHORT
2026-04-15,09:23:20,2026-04-15,09:23:51,NIFTY,BUY,TYPE_D,LIMIT_ENTRY,LIMIT_EXIT,24222.95,24220.7,NIFTY21APR2624200CE,24200.0,CE,243.25,244.45,243.18,244.54,245.0,235.0,0.020568,0.020435,ws,ws,entry_l1_cap,exit_l1_profit_protect,False,False,0.0667,-0.09,65,78.0,strategy_S9-10__TYPE_D:NIFTY:2026-04-15T09:23:20:LONG
2026-04-15,09:24:26,2026-04-15,09:25:50,NIFTY,SELL,TYPE_D,LIMIT_ENTRY,LIMIT_EXIT,24217.8,24207.3,NIFTY21APR2624250PE,24250.0,PE,228.0,230.2,227.96,230.33,230.0,225.0,0.021932,0.021711,ws,ws,entry_l1_cap,exit_l1_profit_protect,False,False,0.0437,-0.1333,65,143.0,strategy_S9-10__TYPE_D:NIFTY:2026-04-15T09:24:26:SHORT
2026-04-15,09:27:14,2026-04-15,09:28:42,NIFTY,SELL,TYPE_D,LIMIT_ENTRY,LIMIT_EXIT,24205.95,24188.0,NIFTY21APR2624250PE,24250.0,PE,233.5,244.8,233.3,244.88,235.0,235.0,0.021432,0.020416,ws,ws,entry_l1_cap,exit_l1_profit_protect,False,False,0.2,-0.0769,65,734.5,strategy_S9-10__TYPE_D:NIFTY:2026-04-15T09:27:14:SHORT
2026-04-15,09:29:35,2026-04-15,09:29:56,NIFTY,BUY,TYPE_D,LIMIT_ENTRY,LIMIT_EXIT,24192.9,24191.3,NIFTY21APR2624150CE,24150.0,CE,262.6,262.85,262.16,263.12,265.0,255.0,0.01906,0.018999,ws,ws,entry_l1_cap,exit_l1_profit_protect,False,False,0.44,-0.2708,65,16.25,strategy_S9-10__TYPE_D:NIFTY:2026-04-15T09:29:35:LONG
2026-04-15,09:30:10,2026-04-15,09:30:47,NIFTY,SELL,TYPE_D,LIMIT_ENTRY,LIMIT_EXIT,24187.85,24183.25,NIFTY21APR2624200PE,24200.0,PE,223.2,227.7,222.71,227.82,225.0,220.0,0.022429,0.02193,ws,ws,entry_l1_cap,exit_l1_profit_protect,False,False,0.4853,-0.12,65,292.5,strategy_S9-10__TYPE_D:NIFTY:2026-04-15T09:30:10:SHORT
2026-04-15,09:31:11,2026-04-15,09:31:22,NIFTY,SELL,TYPE_D,LIMIT_ENTRY,LIMIT_EXIT,24179.65,24180.55,NIFTY21APR2624200PE,24200.0,PE,230.0,229.25,229.85,229.6,230.0,220.0,0.021756,0.021782,ws,ws,entry_l1_cap,exit_l1_profit_protect,False,False,0.15,-0.35,65,-48.75,strategy_S9-10__TYPE_D:NIFTY:2026-04-15T09:31:11:SHORT
2026-04-15,09:31:30,2026-04-15,09:31:56,NIFTY,SELL,TYPE_D,LIMIT_ENTRY,LIMIT_EXIT,24174.75,24176.95,NIFTY21APR2624200PE,24200.0,PE,231.95,230.55,231.6,230.68,235.0,225.0,0.021575,0.021668,ws,ws,entry_l1_cap,exit_l1_profit_protect,False,False,0.35,-0.1333,65,-91.0,strategy_S9-10__TYPE_D:NIFTY:2026-04-15T09:31:30:SHORT
2026-04-15,09:32:01,2026-04-15,09:32:09,NIFTY,BUY,TYPE_D,LIMIT_ENTRY,LIMIT_EXIT,24180.6,24175.75,NIFTY21APR2624150CE,24150.0,CE,260.35,258.05,260.33,258.18,265.0,250.0,0.019218,0.019359,ws,ws,entry_l1_cap,exit_l1_profit_protect,False,False,0.0167,-0.1286,65,-149.5,strategy_S9-10__TYPE_D:NIFTY:2026-04-15T09:32:01:LONG
2026-04-15,09:32:30,2026-04-15,09:33:12,NIFTY,BUY,TYPE_D,LIMIT_ENTRY,LIMIT_EXIT,24178.35,24180.45,NIFTY21APR2624150CE,24150.0,CE,259.5,260.45,259.24,260.65,260.0,255.0,0.01929,0.019179,ws,ws,entry_l1_cap,exit_l1_profit_protect,False,False,0.2571,-0.2,65,61.75,strategy_S9-10__TYPE_D:NIFTY:2026-04-15T09:32:30:LONG
2026-04-15,09:33:22,2026-04-15,09:33:41,NIFTY,SELL,TYPE_D,LIMIT_ENTRY,LIMIT_EXIT,24176.25,24175.3,NIFTY21APR2624200PE,24200.0,PE,232.5,234.0,232.13,234.36,235.0,225.0,0.021526,0.021345,ws,ws,entry_l1_cap,exit_l1_profit_protect,False,False,0.3682,-0.3571,65,97.5,strategy_S9-10__TYPE_D:NIFTY:2026-04-15T09:33:22:SHORT
2026-04-15,09:34:11,2026-04-15,09:34:50,NIFTY,SELL,TYPE_D,LIMIT_ENTRY,LIMIT_EXIT,24174.3,24172.0,NIFTY21APR2624200PE,24200.0,PE,234.45,235.0,234.37,235.34,235.0,230.0,0.021349,0.021261,ws,ws,entry_l1_cap,exit_l1_profit_protect,False,False,0.0833,-0.3407,65,35.75,strategy_S9-10__TYPE_D:NIFTY:2026-04-15T09:34:11:SHORT
2026-04-15,09:36:21,2026-04-15,09:36:47,NIFTY,BUY,TYPE_D,LIMIT_ENTRY,LIMIT_EXIT,24174.5,24173.35,NIFTY21APR2624150CE,24150.0,CE,259.85,260.4,259.68,260.55,260.0,255.0,0.01926,0.019185,ws,ws,entry_l1_cap,exit_l1_profit_protect,False,False,0.1667,-0.15,65,35.75,strategy_S9-10__TYPE_D:NIFTY:2026-04-15T09:36:21:LONG
2026-04-15,09:36:55,2026-04-15,09:37:01,NIFTY,SELL,TYPE_D,LIMIT_ENTRY,LIMIT_EXIT,24171.5,24175.95,NIFTY21APR2624200PE,24200.0,PE,240.0,236.65,239.8,236.73,240.0,230.0,0.020842,0.02111,ws,ws,entry_l1_cap,exit_l1_profit_protect,False,False,0.1971,-0.08,65,-217.75,strategy_S9-10__TYPE_D:NIFTY:2026-04-15T09:36:55:SHORT
2026-04-15,09:37:50,2026-04-15,09:37:55,NIFTY,BUY,TYPE_D,LIMIT_ENTRY,LIMIT_EXIT,24175.9,24172.1,NIFTY21APR2624150CE,24150.0,CE,261.4,259.65,261.2,259.94,265.0,250.0,0.019142,0.019242,ws,ws,entry_l1_cap,exit_l1_profit_protect,False,False,0.2,-0.2909,65,-113.75,strategy_S9-10__TYPE_D:NIFTY:2026-04-15T09:37:50:LONG
2026-04-15,09:38:13,2026-04-15,09:39:15,NIFTY,SELL,TYPE_D,LIMIT_ENTRY,LIMIT_EXIT,24169.5,24149.95,NIFTY21APR2624200PE,24200.0,PE,240.7,253.75,240.42,253.78,245.0,245.0,0.020794,0.019697,ws,ws,entry_l1_cap,exit_l1_profit_protect,False,False,0.2778,-0.0267,65,848.25,strategy_S9-10__TYPE_D:NIFTY:2026-04-15T09:38:13:SHORT
2026-04-15,09:40:11,2026-04-15,09:40:22,NIFTY,SELL,TYPE_D,LIMIT_ENTRY,LIMIT_EXIT,24150.65,24156.45,NIFTY21APR2624200PE,24200.0,PE,253.6,249.35,253.19,249.41,255.0,240.0,0.019737,0.02003,ws,ws,entry_l1_cap,exit_l1_profit_protect,False,False,0.4125,-0.0629,65,-276.25,strategy_S9-10__TYPE_D:NIFTY:2026-04-15T09:40:11:SHORT
2026-04-15,09:40:30,2026-04-15,09:41:49,NIFTY,BUY,TYPE_D,LIMIT_ENTRY,LIMIT_EXIT,24160.45,24178.25,NIFTY21APR2624150CE,24150.0,CE,254.15,262.0,253.96,262.2,255.0,255.0,0.019685,0.019075,ws,ws,entry_l1_cap,exit_l1_profit_protect,False,False,0.1875,-0.2,65,510.25,strategy_S9-10__TYPE_D:NIFTY:2026-04-15T09:40:30:LONG
2026-04-15,09:42:03,2026-04-15,09:42:28,NIFTY,BUY,TYPE_D,LIMIT_ENTRY,LIMIT_EXIT,24182.4,24184.25,NIFTY21APR2624150CE,24150.0,CE,262.6,263.65,262.12,263.95,265.0,255.0,0.019062,0.018943,ws,ws,entry_l1_cap,exit_l1_profit_protect,False,False,0.48,-0.3,65,68.25,strategy_S9-10__TYPE_D:NIFTY:2026-04-15T09:42:03:LONG
2026-04-15,09:42:51,2026-04-15,09:44:39,NIFTY,BUY,TYPE_D,LIMIT_ENTRY,LIMIT_EXIT,24186.25,24211.45,NIFTY21APR2624150CE,24150.0,CE,264.95,273.5,264.91,273.93,265.0,265.0,0.018882,0.018263,ws,ws,entry_l1_cap,exit_l1_profit_protect,False,False,0.0429,-0.4278,65,555.75,strategy_S9-10__TYPE_D:NIFTY:2026-04-15T09:42:51:LONG
2026-04-15,09:45:13,2026-04-15,09:46:34,NIFTY,BUY,TYPE_D,LIMIT_ENTRY,LIMIT_EXIT,24214.65,24220.6,NIFTY21APR2624200CE,24200.0,CE,247.3,248.2,247.28,248.48,250.0,240.0,0.02022,0.020131,ws,ws,entry_l1_cap,exit_l1_profit_protect,False,False,0.02,-0.28,65,58.5,strategy_S9-10__TYPE_D:NIFTY:2026-04-15T09:45:13:LONG
2026-04-15,09:47:17,2026-04-15,09:47:20,NIFTY,SELL,TYPE_D,LIMIT_ENTRY,LIMIT_EXIT,24221.5,24223.15,NIFTY21APR2624250PE,24250.0,PE,234.6,235.7,234.4,235.71,235.0,230.0,0.021333,0.0212,ws,ws,entry_l1_cap,exit_l1_profit_protect,False,False,0.2045,-0.013,65,71.5,strategy_S9-10__TYPE_D:NIFTY:2026-04-15T09:47:17:SHORT
2026-04-15,09:47:38,2026-04-15,09:47:51,NIFTY,SELL,TYPE_D,LIMIT_ENTRY,LIMIT_EXIT,24219.0,24219.15,NIFTY21APR2624250PE,24250.0,PE,236.45,236.35,236.17,236.4,240.0,230.0,0.021169,0.021142,ws,ws,entry_l1_cap,exit_l1_profit_protect,False,False,0.2778,-0.0529,65,-6.5,strategy_S9-10__TYPE_D:NIFTY:2026-04-15T09:47:38:SHORT
2026-04-15,09:48:03,2026-04-15,09:49:16,NIFTY,SELL,TYPE_D,LIMIT_ENTRY,LIMIT_EXIT,24214.55,24199.9,NIFTY21APR2624250PE,24250.0,PE,238.5,244.4,238.27,244.74,240.0,235.0,0.02098,0.020439,ws,ws,entry_l1_cap,exit_l1_profit_protect,False,False,0.2333,-0.3375,65,383.5,strategy_S9-10__TYPE_D:NIFTY:2026-04-15T09:48:03:SHORT
2026-04-15,09:49:34,2026-04-15,09:49:44,NIFTY,SELL,TYPE_D,LIMIT_ENTRY,LIMIT_EXIT,24197.45,24199.85,NIFTY21APR2624200PE,24200.0,PE,223.5,222.4,223.23,222.78,225.0,215.0,0.022396,0.022459,ws,ws,entry_l1_cap,exit_l1_profit_protect,False,False,0.2692,-0.375,65,-71.5,strategy_S9-10__TYPE_D:NIFTY:2026-04-15T09:49:34:SHORT
2026-04-15,09:49:55,2026-04-15,09:51:01,NIFTY,SELL,TYPE_D,LIMIT_ENTRY,LIMIT_EXIT,24195.65,24189.95,NIFTY21APR2624200PE,24200.0,PE,224.4,230.15,223.92,230.39,225.0,225.0,0.022306,0.021699,ws,ws,entry_l1_cap,exit_l1_profit_protect,False,False,0.4783,-0.2406,65,373.75,strategy_S9-10__TYPE_D:NIFTY:2026-04-15T09:49:55:SHORT
2026-04-15,09:51:20,2026-04-15,09:51:45,NIFTY,BUY,TYPE_D,LIMIT_ENTRY,LIMIT_EXIT,24196.85,24193.6,NIFTY21APR2624150CE,24150.0,CE,264.8,262.65,264.28,262.71,265.0,255.0,0.018905,0.01902,ws,ws,entry_l1_cap,exit_l1_profit_protect,False,False,0.52,-0.0563,65,-139.75,strategy_S9-10__TYPE_D:NIFTY:2026-04-15T09:51:20:LONG
2026-04-15,09:51:50,2026-04-15,09:51:53,NIFTY,SELL,TYPE_D,LIMIT_ENTRY,LIMIT_EXIT,24190.5,24194.6,NIFTY21APR2624200PE,24200.0,PE,229.45,225.8,229.35,225.95,230.0,220.0,0.021817,0.022124,ws,ws,entry_l1_cap,exit_l1_profit_protect,False,False,0.0971,-0.15,65,-237.25,strategy_S9-10__TYPE_D:NIFTY:2026-04-15T09:51:50:SHORT
2026-04-15,09:52:06,2026-04-15,09:53:31,NIFTY,BUY,TYPE_D,LIMIT_ENTRY,LIMIT_EXIT,24199.8,24207.65,NIFTY21APR2624150CE,24150.0,CE,267.4,270.05,267.01,270.17,270.0,265.0,0.018721,0.018503,ws,ws,entry_l1_cap,exit_l1_profit_protect,False,False,0.39,-0.1167,65,172.25,strategy_S9-10__TYPE_D:NIFTY:2026-04-15T09:52:06:LONG
2026-04-15,09:53:44,2026-04-15,09:54:40,NIFTY,BUY,TYPE_D,LIMIT_ENTRY,LIMIT_EXIT,24211.9,24214.0,NIFTY21APR2624200CE,24200.0,CE,241.6,242.9,241.45,243.07,245.0,235.0,0.020717,0.020563,ws,ws,entry_l1_cap,exit_l1_profit_protect,False,False,0.15,-0.1667,65,84.5,strategy_S9-10__TYPE_D:NIFTY:2026-04-15T09:53:44:LONG
2026-04-15,09:55:07,2026-04-15,09:55:14,NIFTY,SELL,TYPE_D,LIMIT_ENTRY,LIMIT_EXIT,24211.35,24217.2,NIFTY21APR2624250PE,24250.0,PE,240.9,238.2,240.71,238.25,245.0,230.0,0.020775,0.020978,ws,ws,entry_l1_cap,exit_l1_profit_protect,False,False,0.1875,-0.05,65,-175.5,strategy_S9-10__TYPE_D:NIFTY:2026-04-15T09:55:07:SHORT
2026-04-15,09:55:50,2026-04-15,09:56:06,NIFTY,BUY,TYPE_D,LIMIT_ENTRY,LIMIT_EXIT,24220.05,24217.55,NIFTY21APR2624200CE,24200.0,CE,246.45,244.45,246.35,244.71,250.0,235.0,0.020305,0.020442,ws,ws,entry_l1_cap,exit_l1_profit_protect,False,False,0.0952,-0.2625,65,-130.0,strategy_S9-10__TYPE_D:NIFTY:2026-04-15T09:55:50:LONG
2026-04-15,09:56:33,2026-04-15,09:57:18,NIFTY,SELL,TYPE_D,LIMIT_ENTRY,LIMIT_EXIT,24215.35,24217.75,NIFTY21APR2624250PE,24250.0,PE,238.55,235.85,238.45,236.0,240.0,230.0,0.020978,0.021186,ws,ws,entry_l1_cap,exit_l1_profit_protect,False,False,0.1,-0.15,65,-175.5,strategy_S9-10__TYPE_D:NIFTY:2026-04-15T09:56:33:SHORT
2026-04-15,09:57:31,2026-04-15,09:57:55,NIFTY,BUY,TYPE_D,LIMIT_ENTRY,LIMIT_EXIT,24223.85,24218.85,NIFTY21APR2624200CE,24200.0,CE,249.35,246.6,249.19,247.01,250.0,240.0,0.020076,0.020253,ws,ws,entry_l1_cap,exit_l1_profit_protect,False,False,0.16,-0.4125,65,-178.75,strategy_S9-10__TYPE_D:NIFTY:2026-04-15T09:57:31:LONG
2026-04-15,09:58:10,2026-04-15,09:59:20,NIFTY,SELL,TYPE_D,LIMIT_ENTRY,LIMIT_EXIT,24217.95,24210.7,NIFTY21APR2624250PE,24250.0,PE,236.65,239.55,236.28,239.61,240.0,230.0,0.021148,0.020855,ws,ws,entry_l1_cap,exit_l1_profit_protect,False,False,0.3682,-0.0571,65,188.5,strategy_S9-10__TYPE_D:NIFTY:2026-04-15T09:58:10:SHORT
2026-04-15,09:59:40,2026-04-15,10:00:49,NIFTY,BUY,TYPE_D,LIMIT_ENTRY,LIMIT_EXIT,24214.55,24219.85,NIFTY21APR2624200CE,24200.0,CE,243.9,246.55,243.58,246.98,245.0,240.0,0.020525,0.020255,ws,ws,entry_l1_cap,exit_l1_profit_protect,False,False,0.32,-0.4286,65,172.25,strategy_S9-10__TYPE_D:NIFTY:2026-04-15T09:59:40:LONG
2026-04-15,10:01:13,2026-04-15,10:01:33,NIFTY,BUY,TYPE_D,LIMIT_ENTRY,LIMIT_EXIT,24224.45,24224.95,NIFTY21APR2624200CE,24200.0,CE,248.0,248.0,247.54,248.47,250.0,240.0,0.020182,0.020141,ws,ws,entry_l1_cap,exit_l1_profit_protect,False,False,0.4625,-0.4677,65,0.0,strategy_S9-10__TYPE_D:NIFTY:2026-04-15T10:01:13:LONG
2026-04-15,10:01:54,2026-04-15,10:02:41,NIFTY,SELL,TYPE_D,LIMIT_ENTRY,LIMIT_EXIT,24223.6,24218.8,NIFTY21APR2624250PE,24250.0,PE,234.0,236.1,233.92,236.41,235.0,230.0,0.021379,0.021153,ws,ws,entry_l1_cap,exit_l1_profit_protect,False,False,0.0833,-0.3094,65,136.5,strategy_S9-10__TYPE_D:NIFTY:2026-04-15T10:01:54:SHORT
2026-04-15,10:02:59,2026-04-15,10:03:01,NIFTY,SELL,TYPE_D,LIMIT_ENTRY,LIMIT_EXIT,24216.0,24219.0,NIFTY21APR2624250PE,24250.0,PE,237.3,236.45,237.17,236.76,240.0,230.0,0.021084,0.021128,ws,ws,entry_l1_cap,exit_l1_profit_protect,False,False,0.1286,-0.3143,65,-55.25,strategy_S9-10__TYPE_D:NIFTY:2026-04-15T10:02:59:SHORT
2026-04-15,10:03:35,2026-04-15,10:03:46,NIFTY,BUY,TYPE_D,LIMIT_ENTRY,LIMIT_EXIT,24224.5,24221.05,NIFTY21APR2624200CE,24200.0,CE,246.65,245.0,246.43,245.39,250.0,240.0,0.020294,0.020389,ws,ws,entry_l1_cap,exit_l1_profit_protect,False,False,0.22,-0.3938,65,-107.25,strategy_S9-10__TYPE_D:NIFTY:2026-04-15T10:03:35:LONG
2026-04-15,10:04:01,2026-04-15,10:04:56,NIFTY,BUY,TYPE_D,LIMIT_ENTRY,LIMIT_EXIT,24227.15,24230.05,NIFTY21APR2624200CE,24200.0,CE,248.65,249.2,248.3,249.41,250.0,240.0,0.020127,0.020052,ws,ws,entry_l1_cap,exit_l1_profit_protect,False,False,0.3536,-0.2143,65,35.75,strategy_S9-10__TYPE_D:NIFTY:2026-04-15T10:04:01:LONG
2026-04-15,10:05:00,2026-04-15,10:05:30,NIFTY,BUY,TYPE_D,LIMIT_ENTRY,LIMIT_EXIT,24233.65,24234.85,NIFTY21APR2624200CE,24200.0,CE,251.0,252.8,250.52,252.98,255.0,245.0,0.01994,0.019757,ws,ws,entry_l1_cap,exit_l1_profit_protect,False,False,0.4783,-0.1833,65,117.0,strategy_S9-10__TYPE_D:NIFTY:2026-04-15T10:05:00:LONG
2026-04-15,10:06:20,2026-04-15,10:06:44,NIFTY,BUY,TYPE_D,LIMIT_ENTRY,LIMIT_EXIT,24239.6,24237.75,NIFTY21APR2624200CE,24200.0,CE,256.0,252.8,255.85,252.85,260.0,245.0,0.019537,0.019761,ws,ws,entry_l1_cap,exit_l1_profit_protect,False,False,0.1494,-0.05,65,-208.0,strategy_S9-10__TYPE_D:NIFTY:2026-04-15T10:06:20:LONG
2026-04-15,10:07:01,2026-04-15,10:07:22,NIFTY,BUY,TYPE_D,LIMIT_ENTRY,LIMIT_EXIT,24243.9,24243.9,NIFTY21APR2624200CE,24200.0,CE,255.95,255.9,255.88,256.19,260.0,250.0,0.019545,0.019526,ws,ws,entry_l1_cap,exit_l1_profit_protect,False,False,0.075,-0.2864,65,-3.25,strategy_S9-10__TYPE_D:NIFTY:2026-04-15T10:07:01:LONG
2026-04-15,10:07:32,2026-04-15,10:07:36,NIFTY,BUY,TYPE_D,LIMIT_ENTRY,LIMIT_EXIT,24246.45,24243.5,NIFTY21APR2624200CE,24200.0,CE,257.0,256.75,256.46,257.04,260.0,250.0,0.019476,0.019463,ws,ws,entry_l1_cap,exit_l1_profit_protect,False,False,0.5446,-0.2915,65,-16.25,strategy_S9-10__TYPE_D:NIFTY:2026-04-15T10:07:32:LONG
2026-04-15,10:08:12,2026-04-15,10:09:05,NIFTY,SELL,TYPE_D,LIMIT_ENTRY,LIMIT_EXIT,24237.95,24237.75,NIFTY21APR2624250PE,24250.0,PE,224.7,224.35,224.24,224.43,225.0,215.0,0.022277,0.022264,ws,ws,entry_l1_cap,exit_l1_profit_protect,False,False,0.4615,-0.0818,65,-22.75,strategy_S9-10__TYPE_D:NIFTY:2026-04-15T10:08:12:SHORT
2026-04-15,10:09:40,2026-04-15,10:11:09,NIFTY,BUY,TYPE_D,LIMIT_ENTRY,LIMIT_EXIT,24236.95,24244.85,NIFTY21APR2624200CE,24200.0,CE,254.0,256.55,253.53,256.58,255.0,250.0,0.019704,0.019472,ws,ws,entry_l1_cap,exit_l1_profit_protect,False,False,0.4691,-0.0321,65,165.75,strategy_S9-10__TYPE_D:NIFTY:2026-04-15T10:09:40:LONG
2026-04-15,10:11:25,2026-04-15,10:12:00,NIFTY,SELL,TYPE_D,LIMIT_ENTRY,LIMIT_EXIT,24242.55,24245.0,NIFTY21APR2624250PE,24250.0,PE,220.45,218.25,220.34,218.39,225.0,210.0,0.022704,0.022883,ws,ws,entry_l1_cap,exit_l1_profit_protect,False,False,0.1125,-0.1389,65,-143.0,strategy_S9-10__TYPE_D:NIFTY:2026-04-15T10:11:25:SHORT
2026-04-15,10:12:25,2026-04-15,10:12:44,NIFTY,BUY,TYPE_D,LIMIT_ENTRY,LIMIT_EXIT,24248.45,24244.1,NIFTY21APR2624200CE,24200.0,CE,259.15,257.15,258.72,257.6,260.0,250.0,0.019316,0.019421,ws,ws,entry_l1_cap,exit_l1_profit_protect,False,False,0.4286,-0.45,65,-130.0,strategy_S9-10__TYPE_D:NIFTY:2026-04-15T10:12:25:LONG
2026-04-15,10:13:09,2026-04-15,10:14:28,NIFTY,SELL,TYPE_D,LIMIT_ENTRY,LIMIT_EXIT,24246.6,24242.25,NIFTY21APR2624250PE,24250.0,PE,219.1,218.75,218.83,218.83,220.0,210.0,0.022841,0.022831,ws,ws,entry_l1_cap,exit_l1_profit_protect,False,False,0.271,-0.0833,65,-22.75,strategy_S9-10__TYPE_D:NIFTY:2026-04-15T10:13:09:SHORT
2026-04-15,10:15:02,2026-04-15,10:15:34,NIFTY,BUY,TYPE_D,LIMIT_ENTRY,LIMIT_EXIT,24244.35,24245.8,NIFTY21APR2624200CE,24200.0,CE,257.65,257.6,257.63,257.76,260.0,250.0,0.019421,0.019387,ws,ws,entry_l1_cap,exit_l1_profit_protect,False,False,0.019,-0.1636,65,-3.25,strategy_S9-10__TYPE_D:NIFTY:2026-04-15T10:15:02:LONG
2026-04-15,10:15:52,2026-04-15,10:18:11,NIFTY,BUY,TYPE_D,LIMIT_ENTRY,LIMIT_EXIT,24247.85,24251.9,NIFTY21APR2624200CE,24200.0,CE,258.6,257.9,258.39,257.94,260.0,250.0,0.019344,0.019382,ws,ws,entry_l1_cap,exit_l1_profit_protect,False,False,0.2083,-0.0375,65,-45.5,strategy_S9-10__TYPE_D:NIFTY:2026-04-15T10:15:52:LONG
2026-04-15,10:18:35,2026-04-15,10:18:54,NIFTY,BUY,TYPE_D,LIMIT_ENTRY,LIMIT_EXIT,24255.5,24255.15,NIFTY21APR2624250CE,24250.0,CE,231.0,233.3,230.58,233.54,235.0,225.0,0.021666,0.021406,ws,ws,entry_l1_cap,exit_l1_profit_protect,False,False,0.419,-0.2444,65,149.5,strategy_S9-10__TYPE_D:NIFTY:2026-04-15T10:18:35:LONG
2026-04-15,10:19:03,2026-04-15,10:20:12,NIFTY,BUY,TYPE_D,LIMIT_ENTRY,LIMIT_EXIT,24259.6,24260.4,NIFTY21APR2624250CE,24250.0,CE,234.4,238.0,234.01,238.34,235.0,230.0,0.021354,0.020986,ws,ws,entry_l1_cap,exit_l1_profit_protect,False,False,0.3889,-0.3393,65,234.0,strategy_S9-10__TYPE_D:NIFTY:2026-04-15T10:19:03:LONG
2026-04-15,10:20:37,2026-04-15,10:21:03,NIFTY,BUY,TYPE_D,LIMIT_ENTRY,LIMIT_EXIT,24262.75,24260.9,NIFTY21APR2624250CE,24250.0,CE,238.6,238.3,238.47,238.48,240.0,230.0,0.020971,0.02096,ws,ws,entry_l1_cap,exit_l1_profit_protect,False,False,0.1273,-0.1765,65,-19.5,strategy_S9-10__TYPE_D:NIFTY:2026-04-15T10:20:37:LONG
2026-04-15,10:21:55,2026-04-15,10:22:39,NIFTY,SELL,TYPE_D,LIMIT_ENTRY,LIMIT_EXIT,24259.55,24253.1,NIFTY21APR2624300PE,24300.0,PE,235.7,237.4,235.44,237.47,240.0,230.0,0.021229,0.021055,ws,ws,entry_l1_cap,exit_l1_profit_protect,False,False,0.2625,-0.075,65,110.5,strategy_S9-10__TYPE_D:NIFTY:2026-04-15T10:21:55:SHORT
2026-04-15,10:22:56,2026-04-15,10:24:29,NIFTY,BUY,TYPE_D,LIMIT_ENTRY,LIMIT_EXIT,24261.5,24264.8,NIFTY21APR2624250CE,24250.0,CE,236.2,240.5,235.79,240.78,240.0,235.0,0.021189,0.020764,ws,ws,entry_l1_cap,exit_l1_profit_protect,False,False,0.405,-0.28,65,279.5,strategy_S9-10__TYPE_D:NIFTY:2026-04-15T10:22:56:LONG
2026-04-15,10:24:46,2026-04-15,10:25:05,NIFTY,SELL,TYPE_D,LIMIT_ENTRY,LIMIT_EXIT,24266.25,24266.5,NIFTY21APR2624300PE,24300.0,PE,234.0,234.0,233.7,234.37,235.0,225.0,0.021384,0.021349,ws,ws,entry_l1_cap,exit_l1_profit_protect,False,False,0.3033,-0.3692,65,0.0,strategy_S9-10__TYPE_D:NIFTY:2026-04-15T10:24:46:SHORT
2026-04-15,10:25:17,2026-04-15,10:25:44,NIFTY,SELL,TYPE_D,LIMIT_ENTRY,LIMIT_EXIT,24263.8,24260.6,NIFTY21APR2624300PE,24300.0,PE,235.25,235.6,235.1,235.74,240.0,230.0,0.021272,0.021198,ws,ws,entry_l1_cap,exit_l1_profit_protect,False,False,0.15,-0.1375,65,22.75,strategy_S9-10__TYPE_D:NIFTY:2026-04-15T10:25:17:SHORT
2026-04-15,10:26:31,2026-04-15,10:26:51,NIFTY,BUY,TYPE_D,LIMIT_ENTRY,LIMIT_EXIT,24263.7,24262.55,NIFTY21APR2624250CE,24250.0,CE,237.9,237.0,237.51,237.4,240.0,230.0,0.021042,0.021077,ws,ws,entry_l1_cap,exit_l1_profit_protect,False,False,0.385,-0.3977,65,-58.5,strategy_S9-10__TYPE_D:NIFTY:2026-04-15T10:26:31:LONG
2026-04-15,10:27:46,2026-04-15,10:28:11,NIFTY,BUY,TYPE_D,LIMIT_ENTRY,LIMIT_EXIT,24263.4,24260.8,NIFTY21APR2624250CE,24250.0,CE,240.0,237.5,239.85,237.7,240.0,230.0,0.02084,0.021042,ws,ws,entry_l1_cap,exit_l1_profit_protect,False,False,0.1477,-0.2016,65,-162.5,strategy_S9-10__TYPE_D:NIFTY:2026-04-15T10:27:46:LONG
2026-04-15,10:28:20,2026-04-15,10:28:23,NIFTY,SELL,TYPE_D,LIMIT_ENTRY,LIMIT_EXIT,24259.4,24262.6,NIFTY21APR2624300PE,24300.0,PE,235.3,235.35,235.18,235.5,240.0,230.0,0.021261,0.021231,ws,ws,entry_l1_cap,exit_l1_profit_protect,False,False,0.125,-0.15,65,3.25,strategy_S9-10__TYPE_D:NIFTY:2026-04-15T10:28:20:SHORT
2026-04-15,10:29:03,2026-04-15,10:29:23,NIFTY,SELL,TYPE_D,LIMIT_ENTRY,LIMIT_EXIT,24259.5,24261.45,NIFTY21APR2624300PE,24300.0,PE,236.55,236.0,236.12,236.15,240.0,230.0,0.021162,0.021166,ws,ws,entry_l1_cap,exit_l1_profit_protect,False,False,0.4321,-0.15,65,-35.75,strategy_S9-10__TYPE_D:NIFTY:2026-04-15T10:29:03:SHORT
2026-04-15,10:29:53,2026-04-15,10:31:08,NIFTY,BUY,TYPE_D,LIMIT_ENTRY,LIMIT_EXIT,24260.85,24269.65,NIFTY21APR2624250CE,24250.0,CE,237.55,242.55,237.4,242.98,240.0,235.0,0.021073,0.020587,ws,ws,entry_l1_cap,exit_l1_profit_protect,False,False,0.1467,-0.4333,65,325.0,strategy_S9-10__TYPE_D:NIFTY:2026-04-15T10:29:53:LONG
2026-04-15,10:31:24,2026-04-15,10:32:35,NIFTY,SELL,TYPE_D,LIMIT_ENTRY,LIMIT_EXIT,24268.25,24263.6,NIFTY21APR2624300PE,24300.0,PE,231.35,233.0,231.3,233.23,235.0,225.0,0.021622,0.021445,ws,ws,entry_l1_cap,exit_l1_profit_protect,False,False,0.05,-0.2333,65,107.25,strategy_S9-10__TYPE_D:NIFTY:2026-04-15T10:31:24:SHORT
2026-04-15,10:33:09,2026-04-15,10:33:35,NIFTY,SELL,TYPE_D,LIMIT_ENTRY,LIMIT_EXIT,24260.7,24262.9,NIFTY21APR2624300PE,24300.0,PE,234.55,233.65,234.35,233.82,235.0,225.0,0.021336,0.021374,ws,ws,entry_l1_cap,exit_l1_profit_protect,False,False,0.2,-0.1692,65,-58.5,strategy_S9-10__TYPE_D:NIFTY:2026-04-15T10:33:09:SHORT
2026-04-15,10:33:50,2026-04-15,10:34:26,NIFTY,BUY,TYPE_D,LIMIT_ENTRY,LIMIT_EXIT,24263.65,24263.45,NIFTY21APR2624250CE,24250.0,CE,238.5,239.0,238.39,239.12,240.0,230.0,0.020984,0.020914,ws,ws,entry_l1_cap,exit_l1_profit_protect,False,False,0.1125,-0.12,65,32.5,strategy_S9-10__TYPE_D:NIFTY:2026-04-15T10:33:50:LONG
2026-04-15,10:34:39,2026-04-15,10:35:01,NIFTY,SELL,TYPE_D,LIMIT_ENTRY,LIMIT_EXIT,24262.05,24261.7,NIFTY21APR2624300PE,24300.0,PE,235.0,235.3,234.68,235.47,235.0,230.0,0.021292,0.021238,ws,ws,entry_l1_cap,exit_l1_profit_protect,False,False,0.3203,-0.1667,65,19.5,strategy_S9-10__TYPE_D:NIFTY:2026-04-15T10:34:39:SHORT
2026-04-15,10:35:23,2026-04-15,10:36:05,NIFTY,SELL,TYPE_D,LIMIT_ENTRY,LIMIT_EXIT,24258.6,24260.15,NIFTY21APR2624300PE,24300.0,PE,236.7,236.05,236.55,236.39,240.0,230.0,0.021133,0.021162,ws,ws,entry_l1_cap,exit_l1_profit_protect,False,False,0.1538,-0.3375,65,-42.25,strategy_S9-10__TYPE_D:NIFTY:2026-04-15T10:35:23:SHORT
2026-04-15,10:36:20,2026-04-15,10:36:32,NIFTY,BUY,TYPE_D,LIMIT_ENTRY,LIMIT_EXIT,24261.1,24257.6,NIFTY21APR2624250CE,24250.0,CE,235.65,231.3,235.45,231.54,240.0,225.0,0.021238,0.021605,ws,ws,entry_l1_cap,exit_l1_profit_protect,False,False,0.2,-0.2361,65,-282.75,strategy_S9-10__TYPE_D:NIFTY:2026-04-15T10:36:20:LONG
2026-04-15,10:36:44,2026-04-15,10:37:34,NIFTY,SELL,TYPE_D,LIMIT_ENTRY,LIMIT_EXIT,24254.25,24249.25,NIFTY21APR2624300PE,24300.0,PE,239.5,240.2,239.32,240.32,240.0,235.0,0.020892,0.020807,ws,ws,entry_l1_cap,exit_l1_profit_protect,False,False,0.175,-0.12,65,45.5,strategy_S9-10__TYPE_D:NIFTY:2026-04-15T10:36:44:SHORT
2026-04-15,10:37:50,2026-04-15,10:38:04,NIFTY,BUY,TYPE_D,LIMIT_ENTRY,LIMIT_EXIT,24254.3,24250.6,NIFTY21APR2624250CE,24250.0,CE,232.7,232.0,232.6,232.29,235.0,225.0,0.021501,0.021533,ws,ws,entry_l1_cap,exit_l1_profit_protect,False,False,0.1,-0.2933,65,-45.5,strategy_S9-10__TYPE_D:NIFTY:2026-04-15T10:37:50:LONG
2026-04-15,10:38:27,2026-04-15,10:38:58,NIFTY,BUY,TYPE_D,LIMIT_ENTRY,LIMIT_EXIT,24254.25,24252.25,NIFTY21APR2624250CE,24250.0,CE,234.3,231.9,233.89,232.12,235.0,225.0,0.021365,0.021542,ws,ws,entry_l1_cap,exit_l1_profit_protect,False,False,0.4125,-0.2182,65,-156.0,strategy_S9-10__TYPE_D:NIFTY:2026-04-15T10:38:27:LONG
2026-04-15,10:39:11,2026-04-15,10:39:43,NIFTY,SELL,TYPE_D,LIMIT_ENTRY,LIMIT_EXIT,24250.8,24246.9,NIFTY21APR2624300PE,24300.0,PE,239.3,241.0,239.07,241.17,240.0,235.0,0.020916,0.020728,ws,ws,entry_l1_cap,exit_l1_profit_protect,False,False,0.2273,-0.1687,65,110.5,strategy_S9-10__TYPE_D:NIFTY:2026-04-15T10:39:11:SHORT
2026-04-15,10:40:28,2026-04-15,10:40:58,NIFTY,BUY,TYPE_D,LIMIT_ENTRY,LIMIT_EXIT,24247.9,24245.45,NIFTY21APR2624200CE,24200.0,CE,258.5,260.35,258.38,260.71,260.0,255.0,0.019361,0.019188,ws,ws,entry_l1_cap,exit_l1_profit_protect,False,False,0.1212,-0.36,65,120.25,strategy_S9-10__TYPE_D:NIFTY:2026-04-15T10:40:28:LONG
2026-04-15,10:41:05,2026-04-15,10:41:27,NIFTY,BUY,TYPE_D,LIMIT_ENTRY,LIMIT_EXIT,24248.15,24245.5,NIFTY21APR2624200CE,24200.0,CE,261.0,259.05,260.92,259.33,265.0,250.0,0.01917,0.019283,ws,ws,entry_l1_cap,exit_l1_profit_protect,False,False,0.0778,-0.2778,65,-126.75,strategy_S9-10__TYPE_D:NIFTY:2026-04-15T10:41:05:LONG
2026-04-15,10:41:30,2026-04-15,10:42:01,NIFTY,SELL,TYPE_D,LIMIT_ENTRY,LIMIT_EXIT,24245.05,24244.75,NIFTY21APR2624250PE,24250.0,PE,218.0,217.85,217.61,217.86,220.0,210.0,0.022957,0.022946,ws,ws,entry_l1_cap,exit_l1_profit_protect,False,False,0.3934,-0.0125,65,-9.75,strategy_S9-10__TYPE_D:NIFTY:2026-04-15T10:41:30:SHORT
2026-04-15,10:42:20,2026-04-15,10:42:58,NIFTY,BUY,TYPE_D,LIMIT_ENTRY,LIMIT_EXIT,24247.05,24248.75,NIFTY21APR2624200CE,24200.0,CE,259.4,260.3,259.26,260.51,260.0,255.0,0.019294,0.019192,ws,ws,entry_l1_cap,exit_l1_profit_protect,False,False,0.1429,-0.2143,65,58.5,strategy_S9-10__TYPE_D:NIFTY:2026-04-15T10:42:20:LONG
2026-04-15,10:43:05,2026-04-15,10:43:10,NIFTY,BUY,TYPE_D,LIMIT_ENTRY,LIMIT_EXIT,24251.45,24248.6,NIFTY21APR2624250CE,24250.0,CE,231.75,230.8,231.42,230.92,235.0,225.0,0.021601,0.02165,ws,ws,entry_l1_cap,exit_l1_profit_protect,False,False,0.33,-0.12,65,-61.75,strategy_S9-10__TYPE_D:NIFTY:2026-04-15T10:43:05:LONG
2026-04-15,10:43:20,2026-04-15,10:43:36,NIFTY,BUY,TYPE_D,LIMIT_ENTRY,LIMIT_EXIT,24251.15,24248.05,NIFTY21APR2624250CE,24250.0,CE,231.75,231.0,231.51,231.31,235.0,225.0,0.021596,0.021629,ws,ws,entry_l1_cap,exit_l1_profit_protect,False,False,0.2423,-0.3051,65,-48.75,strategy_S9-10__TYPE_D:NIFTY:2026-04-15T10:43:20:LONG
2026-04-15,10:43:47,2026-04-15,10:44:39,NIFTY,SELL,TYPE_D,LIMIT_ENTRY,LIMIT_EXIT,24246.85,24238.7,NIFTY21APR2624250PE,24250.0,PE,217.1,219.75,216.76,220.07,220.0,210.0,0.023055,0.02273,ws,ws,entry_l1_cap,exit_l1_profit_protect,False,False,0.3375,-0.3176,65,172.25,strategy_S9-10__TYPE_D:NIFTY:2026-04-15T10:43:47:SHORT
2026-04-15,10:45:12,2026-04-15,10:45:37,NIFTY,BUY,TYPE_D,LIMIT_ENTRY,LIMIT_EXIT,24243.6,24244.8,NIFTY21APR2624200CE,24200.0,CE,257.0,259.45,256.81,259.58,260.0,250.0,0.019463,0.019264,ws,ws,entry_l1_cap,exit_l1_profit_protect,False,False,0.1867,-0.1333,65,159.25,strategy_S9-10__TYPE_D:NIFTY:2026-04-15T10:45:12:LONG
2026-04-15,10:46:35,2026-04-15,10:47:00,NIFTY,BUY,TYPE_D,LIMIT_ENTRY,LIMIT_EXIT,24247.95,24246.1,NIFTY21APR2624200CE,24200.0,CE,258.8,257.1,258.44,257.17,260.0,250.0,0.019337,0.019434,ws,ws,entry_l1_cap,exit_l1_profit_protect,False,False,0.36,-0.07,65,-110.5,strategy_S9-10__TYPE_D:NIFTY:2026-04-15T10:46:35:LONG
2026-04-15,10:47:11,2026-04-15,10:47:34,NIFTY,SELL,TYPE_D,LIMIT_ENTRY,LIMIT_EXIT,24245.4,24247.3,NIFTY21APR2624250PE,24250.0,PE,218.75,216.6,218.57,216.74,220.0,210.0,0.022886,0.023076,ws,ws,entry_l1_cap,exit_l1_profit_protect,False,False,0.1833,-0.1406,65,-139.75,strategy_S9-10__TYPE_D:NIFTY:2026-04-15T10:47:11:SHORT
2026-04-15,10:48:19,2026-04-15,10:48:40,NIFTY,BUY,TYPE_D,LIMIT_ENTRY,LIMIT_EXIT,24250.35,24247.2,NIFTY21APR2624250CE,24250.0,CE,229.9,231.35,229.87,231.47,230.0,225.0,0.021772,0.021591,ws,ws,entry_l1_cap,exit_l1_profit_protect,False,False,0.0312,-0.125,65,94.25,strategy_S9-10__TYPE_D:NIFTY:2026-04-15T10:48:19:LONG
2026-04-15,10:49:14,2026-04-15,10:51:05,NIFTY,SELL,TYPE_D,LIMIT_ENTRY,LIMIT_EXIT,24249.35,24230.85,NIFTY21APR2624250PE,24250.0,PE,215.85,223.05,215.59,223.14,220.0,215.0,0.023194,0.022401,ws,ws,entry_l1_cap,exit_l1_profit_protect,False,False,0.263,-0.0857,65,468.0,strategy_S9-10__TYPE_D:NIFTY:2026-04-15T10:49:14:SHORT
2026-04-15,10:51:21,2026-04-15,10:51:41,NIFTY,SELL,TYPE_D,LIMIT_ENTRY,LIMIT_EXIT,24228.25,24226.95,NIFTY21APR2624250PE,24250.0,PE,224.8,225.3,224.54,225.5,225.0,220.0,0.022264,0.022168,ws,ws,entry_l1_cap,exit_l1_profit_protect,False,False,0.2571,-0.2,65,32.5,strategy_S9-10__TYPE_D:NIFTY:2026-04-15T10:51:21:SHORT
2026-04-15,10:52:23,2026-04-15,10:52:27,NIFTY,BUY,TYPE_D,LIMIT_ENTRY,LIMIT_EXIT,24228.5,24226.05,NIFTY21APR2624200CE,24200.0,CE,247.75,247.1,247.43,247.57,250.0,240.0,0.020202,0.020214,ws,ws,entry_l1_cap,exit_l1_profit_protect,False,False,0.3214,-0.4689,65,-42.25,strategy_S9-10__TYPE_D:NIFTY:2026-04-15T10:52:23:LONG
2026-04-15,10:52:42,2026-04-15,10:54:15,NIFTY,SELL,TYPE_D,LIMIT_ENTRY,LIMIT_EXIT,24224.5,24212.75,NIFTY21APR2624250PE,24250.0,PE,229.0,235.25,228.98,235.32,230.0,230.0,0.021841,0.021229,ws,ws,entry_l1_cap,exit_l1_profit_protect,False,False,0.0188,-0.0733,65,406.25,strategy_S9-10__TYPE_D:NIFTY:2026-04-15T10:52:42:SHORT
2026-04-15,10:54:27,2026-04-15,10:54:57,NIFTY,BUY,TYPE_D,LIMIT_ENTRY,LIMIT_EXIT,24216.3,24221.3,NIFTY21APR2624200CE,24200.0,CE,244.35,246.0,244.25,246.22,245.0,240.0,0.020483,0.020307,ws,ws,entry_l1_cap,exit_l1_profit_protect,False,False,0.1,-0.2192,65,107.25,strategy_S9-10__TYPE_D:NIFTY:2026-04-15T10:54:27:LONG
2026-04-15,10:55:19,2026-04-15,10:55:40,NIFTY,BUY,TYPE_D,LIMIT_ENTRY,LIMIT_EXIT,24225.05,24224.55,NIFTY21APR2624200CE,24200.0,CE,248.7,246.15,248.23,246.22,250.0,240.0,0.020127,0.020294,ws,ws,entry_l1_cap,exit_l1_profit_protect,False,False,0.4714,-0.075,65,-165.75,strategy_S9-10__TYPE_D:NIFTY:2026-04-15T10:55:19:LONG
2026-04-15,10:56:13,2026-04-15,10:56:29,NIFTY,SELL,TYPE_D,LIMIT_ENTRY,LIMIT_EXIT,24223.35,24225.05,NIFTY21APR2624250PE,24250.0,PE,232.6,230.2,232.17,230.35,235.0,225.0,0.021519,0.021699,ws,ws,entry_l1_cap,exit_l1_profit_protect,False,False,0.4333,-0.15,65,-156.0,strategy_S9-10__TYPE_D:NIFTY:2026-04-15T10:56:13:SHORT
2026-04-15,10:56:40,2026-04-15,10:56:57,NIFTY,SELL,TYPE_D,LIMIT_ENTRY,LIMIT_EXIT,24222.05,24222.35,NIFTY21APR2624250PE,24250.0,PE,233.45,230.95,233.33,231.18,235.0,225.0,0.021434,0.021629,ws,ws,entry_l1_cap,exit_l1_profit_protect,False,False,0.1167,-0.225,65,-162.5,strategy_S9-10__TYPE_D:NIFTY:2026-04-15T10:56:40:SHORT
2026-04-15,10:57:34,2026-04-15,10:58:15,NIFTY,BUY,TYPE_D,LIMIT_ENTRY,LIMIT_EXIT,24225.45,24224.3,NIFTY21APR2624200CE,24200.0,CE,247.8,249.6,247.5,249.64,250.0,240.0,0.0202,0.020016,ws,ws,entry_l1_cap,exit_l1_profit_protect,False,False,0.3,-0.0444,65,117.0,strategy_S9-10__TYPE_D:NIFTY:2026-04-15T10:57:34:LONG
2026-04-15,10:58:54,2026-04-15,10:59:05,NIFTY,SELL,TYPE_D,LIMIT_ENTRY,LIMIT_EXIT,24221.75,24224.65,NIFTY21APR2624250PE,24250.0,PE,233.8,231.6,233.67,231.72,235.0,225.0,0.021404,0.021563,ws,ws,entry_l1_cap,exit_l1_profit_protect,False,False,0.1333,-0.1222,65,-143.0,strategy_S9-10__TYPE_D:NIFTY:2026-04-15T10:58:54:SHORT
2026-04-15,10:59:29,2026-04-15,11:00:40,NIFTY,SELL,TYPE_D,LIMIT_ENTRY,LIMIT_EXIT,24220.6,24210.4,NIFTY21APR2624250PE,24250.0,PE,232.8,237.45,232.49,237.79,235.0,230.0,0.021498,0.021033,ws,ws,entry_l1_cap,exit_l1_profit_protect,False,False,0.315,-0.3438,65,302.25,strategy_S9-10__TYPE_D:NIFTY:2026-04-15T10:59:29:SHORT
2026-04-15,11:01:33,2026-04-15,11:01:52,NIFTY,BUY,TYPE_D,LIMIT_ENTRY,LIMIT_EXIT,24209.25,24208.65,NIFTY21APR2624200CE,24200.0,CE,241.55,242.5,241.35,242.7,245.0,235.0,0.020723,0.020608,ws,ws,entry_l1_cap,exit_l1_profit_protect,False,False,0.1964,-0.2037,65,61.75,strategy_S9-10__TYPE_D:NIFTY:2026-04-15T11:01:33:LONG
2026-04-15,11:02:02,2026-04-15,11:02:40,NIFTY,BUY,TYPE_D,LIMIT_ENTRY,LIMIT_EXIT,24215.25,24209.65,NIFTY21APR2624200CE,24200.0,CE,242.8,242.7,242.48,243.12,245.0,235.0,0.020608,0.020576,ws,ws,entry_l1_cap,exit_l1_profit_protect,False,False,0.3182,-0.42,65,-6.5,strategy_S9-10__TYPE_D:NIFTY:2026-04-15T11:02:02:LONG
2026-04-15,11:03:05,2026-04-15,11:03:43,NIFTY,SELL,TYPE_D,LIMIT_ENTRY,LIMIT_EXIT,24209.6,24207.95,NIFTY21APR2624250PE,24250.0,PE,235.9,236.25,235.82,236.32,240.0,230.0,0.021218,0.02116,ws,ws,entry_l1_cap,exit_l1_profit_protect,False,False,0.0833,-0.0667,65,22.75,strategy_S9-10__TYPE_D:NIFTY:2026-04-15T11:03:05:SHORT
2026-04-15,11:04:01,2026-04-15,11:04:25,NIFTY,BUY,TYPE_D,LIMIT_ENTRY,LIMIT_EXIT,24209.65,24207.6,NIFTY21APR2624200CE,24200.0,CE,242.8,243.35,242.59,243.52,245.0,235.0,0.020608,0.020528,ws,ws,entry_l1_cap,exit_l1_profit_protect,False,False,0.21,-0.1688,65,35.75,strategy_S9-10__TYPE_D:NIFTY:2026-04-15T11:04:01:LONG
2026-04-15,11:04:50,2026-04-15,11:05:11,NIFTY,BUY,TYPE_D,LIMIT_ENTRY,LIMIT_EXIT,24210.9,24208.35,NIFTY21APR2624200CE,24200.0,CE,242.75,242.35,242.64,242.51,245.0,235.0,0.020621,0.020608,ws,ws,entry_l1_cap,exit_l1_profit_protect,False,False,0.11,-0.1571,65,-26.0,strategy_S9-10__TYPE_D:NIFTY:2026-04-15T11:04:50:LONG
2026-04-15,11:05:23,2026-04-15,11:05:57,NIFTY,SELL,TYPE_D,LIMIT_ENTRY,LIMIT_EXIT,24208.0,24207.2,NIFTY21APR2624250PE,24250.0,PE,238.0,238.55,237.76,238.73,240.0,230.0,0.021019,0.020936,ws,ws,entry_l1_cap,exit_l1_profit_protect,False,False,0.24,-0.1833,65,35.75,strategy_S9-10__TYPE_D:NIFTY:2026-04-15T11:05:23:SHORT
2026-04-15,11:06:05,2026-04-15,11:06:36,NIFTY,SELL,TYPE_D,LIMIT_ENTRY,LIMIT_EXIT,24204.85,24202.9,NIFTY21APR2624250PE,24250.0,PE,239.55,239.25,239.35,239.57,240.0,230.0,0.020896,0.02087,ws,ws,entry_l1_cap,exit_l1_profit_protect,False,False,0.2,-0.325,65,-19.5,strategy_S9-10__TYPE_D:NIFTY:2026-04-15T11:06:05:SHORT
2026-04-15,11:07:03,2026-04-15,11:07:50,NIFTY,SELL,TYPE_D,LIMIT_ENTRY,LIMIT_EXIT,24193.85,24191.1,NIFTY21APR2624200PE,24200.0,PE,220.0,222.45,219.71,222.54,220.0,215.0,0.022743,0.022454,ws,ws,entry_l1_cap,exit_l1_profit_protect,False,False,0.2944,-0.09,65,159.25,strategy_S9-10__TYPE_D:NIFTY:2026-04-15T11:07:03:SHORT
2026-04-15,11:08:11,2026-04-15,11:09:12,NIFTY,BUY,TYPE_D,LIMIT_ENTRY,LIMIT_EXIT,24193.3,24195.8,NIFTY21APR2624150CE,24150.0,CE,265.6,263.05,265.54,263.29,270.0,255.0,0.018843,0.018997,ws,ws,entry_l1_cap,exit_l1_profit_protect,False,False,0.0625,-0.24,65,-165.75,strategy_S9-10__TYPE_D:NIFTY:2026-04-15T11:08:11:LONG
2026-04-15,11:09:38,2026-04-15,11:10:11,NIFTY,SELL,TYPE_D,LIMIT_ENTRY,LIMIT_EXIT,24192.05,24188.6,NIFTY21APR2624200PE,24200.0,PE,225.0,227.05,224.95,227.34,225.0,220.0,0.022225,0.022002,ws,ws,entry_l1_cap,exit_l1_profit_protect,False,False,0.0498,-0.2857,65,133.25,strategy_S9-10__TYPE_D:NIFTY:2026-04-15T11:09:38:SHORT
2026-04-15,11:10:36,2026-04-15,11:11:09,NIFTY,SELL,TYPE_D,LIMIT_ENTRY,LIMIT_EXIT,24185.2,24183.85,NIFTY21APR2624200PE,24200.0,PE,228.9,229.25,228.53,229.46,230.0,220.0,0.021865,0.021789,ws,ws,entry_l1_cap,exit_l1_profit_protect,False,False,0.3706,-0.21,65,22.75,strategy_S9-10__TYPE_D:NIFTY:2026-04-15T11:10:36:SHORT
2026-04-15,11:11:44,2026-04-15,11:12:22,NIFTY,BUY,TYPE_D,LIMIT_ENTRY,LIMIT_EXIT,24183.9,24189.4,NIFTY21APR2624150CE,24150.0,CE,258.4,260.7,258.27,260.98,260.0,255.0,0.019355,0.019159,ws,ws,entry_l1_cap,exit_l1_profit_protect,False,False,0.1286,-0.275,65,149.5,strategy_S9-10__TYPE_D:NIFTY:2026-04-15T11:11:44:LONG
2026-04-15,11:12:50,2026-04-15,11:13:02,NIFTY,SELL,TYPE_D,LIMIT_ENTRY,LIMIT_EXIT,24183.8,24186.85,NIFTY21APR2624200PE,24200.0,PE,229.95,228.1,229.93,228.25,230.0,220.0,0.021746,0.021899,ws,ws,entry_l1_cap,exit_l1_profit_protect,False,False,0.025,-0.15,65,-120.25,strategy_S9-10__TYPE_D:NIFTY:2026-04-15T11:12:50:SHORT
2026-04-15,11:13:22,2026-04-15,11:13:31,NIFTY,SELL,TYPE_D,LIMIT_ENTRY,LIMIT_EXIT,24182.1,24183.6,NIFTY21APR2624200PE,24200.0,PE,230.3,228.45,229.97,228.59,235.0,220.0,0.021734,0.02186,ws,ws,entry_l1_cap,exit_l1_profit_protect,False,False,0.3333,-0.1435,65,-120.25,strategy_S9-10__TYPE_D:NIFTY:2026-04-15T11:13:22:SHORT
2026-04-15,11:13:50,2026-04-15,11:14:49,NIFTY,BUY,TYPE_D,LIMIT_ENTRY,LIMIT_EXIT,24185.55,24184.7,NIFTY21APR2624150CE,24150.0,CE,259.15,260.4,258.94,260.78,260.0,255.0,0.019311,0.019183,ws,ws,entry_l1_cap,exit_l1_profit_protect,False,False,0.2062,-0.3824,65,81.25,strategy_S9-10__TYPE_D:NIFTY:2026-04-15T11:13:50:LONG
2026-04-15,11:15:00,2026-04-15,11:15:37,NIFTY,SELL,TYPE_D,LIMIT_ENTRY,LIMIT_EXIT,24183.55,24181.1,NIFTY21APR2624200PE,24200.0,PE,231.0,232.85,230.52,233.07,235.0,225.0,0.021668,0.021452,ws,ws,entry_l1_cap,exit_l1_profit_protect,False,False,0.4752,-0.225,65,120.25,strategy_S9-10__TYPE_D:NIFTY:2026-04-15T11:15:00:SHORT
2026-04-15,11:15:57,2026-04-15,11:18:43,NIFTY,BUY,TYPE_D,LIMIT_ENTRY,LIMIT_EXIT,24182.7,24202.95,NIFTY21APR2624150CE,24150.0,CE,259.8,265.25,259.71,265.36,260.0,260.0,0.019251,0.018834,ws,ws,entry_l1_cap,exit_l1_profit_protect,False,False,0.0857,-0.1125,65,354.25,strategy_S9-10__TYPE_D:NIFTY:2026-04-15T11:15:57:LONG
2026-04-15,11:18:55,2026-04-15,11:20:05,NIFTY,SELL,TYPE_D,LIMIT_ENTRY,LIMIT_EXIT,24197.1,24189.5,NIFTY21APR2624200PE,24200.0,PE,224.55,230.1,224.26,230.16,225.0,225.0,0.022292,0.021708,ws,ws,entry_l1_cap,exit_l1_profit_protect,False,False,0.2857,-0.06,65,360.75,strategy_S9-10__TYPE_D:NIFTY:2026-04-15T11:18:55:SHORT
2026-04-15,11:20:35,2026-04-15,11:21:18,NIFTY,BUY,TYPE_D,LIMIT_ENTRY,LIMIT_EXIT,24192.35,24193.1,NIFTY21APR2624150CE,24150.0,CE,262.65,264.05,262.4,264.56,265.0,255.0,0.019055,0.018916,ws,ws,entry_l1_cap,exit_l1_profit_protect,False,False,0.25,-0.5133,65,91.0,strategy_S9-10__TYPE_D:NIFTY:2026-04-15T11:20:35:LONG
2026-04-15,11:21:20,2026-04-15,11:21:53,NIFTY,BUY,TYPE_D,LIMIT_ENTRY,LIMIT_EXIT,24194.85,24194.5,NIFTY21APR2624150CE,24150.0,CE,264.8,265.3,264.45,265.4,265.0,260.0,0.0189,0.018825,ws,ws,entry_l1_cap,exit_l1_profit_protect,False,False,0.3462,-0.1,65,32.5,strategy_S9-10__TYPE_D:NIFTY:2026-04-15T11:21:20:LONG
2026-04-15,11:22:02,2026-04-15,11:22:46,NIFTY,BUY,TYPE_D,LIMIT_ENTRY,LIMIT_EXIT,24197.2,24203.65,NIFTY21APR2624150CE,24150.0,CE,266.55,267.45,266.47,267.48,270.0,260.0,0.018776,0.018676,ws,ws,entry_l1_cap,exit_l1_profit_protect,False,False,0.0833,-0.0324,65,58.5,strategy_S9-10__TYPE_D:NIFTY:2026-04-15T11:22:02:LONG
2026-04-15,11:22:51,2026-04-15,11:23:10,NIFTY,SELL,TYPE_D,LIMIT_ENTRY,LIMIT_EXIT,24198.25,24201.65,NIFTY21APR2624200PE,24200.0,PE,225.15,224.5,224.72,224.71,230.0,215.0,0.022232,0.022257,ws,ws,entry_l1_cap,exit_l1_profit_protect,False,False,0.4286,-0.2143,65,-42.25,strategy_S9-10__TYPE_D:NIFTY:2026-04-15T11:22:51:SHORT
2026-04-15,11:23:36,2026-04-15,11:24:21,NIFTY,SELL,TYPE_D,LIMIT_ENTRY,LIMIT_EXIT,24197.2,24195.9,NIFTY21APR2624200PE,24200.0,PE,227.0,226.55,226.93,226.79,230.0,220.0,0.022036,0.022051,ws,ws,entry_l1_cap,exit_l1_profit_protect,False,False,0.0706,-0.24,65,-29.25,strategy_S9-10__TYPE_D:NIFTY:2026-04-15T11:23:36:SHORT
2026-04-15,11:24:32,2026-04-15,11:25:11,NIFTY,BUY,TYPE_D,LIMIT_ENTRY,LIMIT_EXIT,24197.15,24197.95,NIFTY21APR2624150CE,24150.0,CE,266.5,265.35,266.2,265.83,270.0,260.0,0.018778,0.018824,ws,ws,entry_l1_cap,exit_l1_profit_protect,False,False,0.3,-0.4812,65,-74.75,strategy_S9-10__TYPE_D:NIFTY:2026-04-15T11:24:32:LONG
2026-04-15,11:26:12,2026-04-15,11:27:09,NIFTY,SELL,TYPE_D,LIMIT_ENTRY,LIMIT_EXIT,24188.3,24184.05,NIFTY21APR2624200PE,24200.0,PE,227.4,229.6,227.38,229.98,230.0,220.0,0.021993,0.021758,ws,ws,entry_l1_cap,exit_l1_profit_protect,False,False,0.02,-0.3789,65,143.0,strategy_S9-10__TYPE_D:NIFTY:2026-04-15T11:26:12:SHORT
2026-04-15,11:27:33,2026-04-15,11:28:29,NIFTY,BUY,TYPE_D,LIMIT_ENTRY,LIMIT_EXIT,24186.4,24191.9,NIFTY21APR2624150CE,24150.0,CE,263.35,264.05,262.84,264.15,265.0,255.0,0.019006,0.018921,ws,ws,entry_l1_cap,exit_l1_profit_protect,False,False,0.5133,-0.1,65,45.5,strategy_S9-10__TYPE_D:NIFTY:2026-04-15T11:27:33:LONG
2026-04-15,11:29:14,2026-04-15,11:29:22,NIFTY,BUY,TYPE_D,LIMIT_ENTRY,LIMIT_EXIT,24190.2,24187.4,NIFTY21APR2624150CE,24150.0,CE,265.8,263.8,265.44,263.91,270.0,255.0,0.018829,0.018934,ws,ws,entry_l1_cap,exit_l1_profit_protect,False,False,0.3571,-0.11,65,-130.0,strategy_S9-10__TYPE_D:NIFTY:2026-04-15T11:29:14:LONG
2026-04-15,11:29:36,2026-04-15,11:30:03,NIFTY,SELL,TYPE_D,LIMIT_ENTRY,LIMIT_EXIT,24186.1,24189.25,NIFTY21APR2624200PE,24200.0,PE,228.55,227.75,228.25,228.04,230.0,220.0,0.021899,0.021927,ws,ws,entry_l1_cap,exit_l1_profit_protect,False,False,0.3,-0.2912,65,-52.0,strategy_S9-10__TYPE_D:NIFTY:2026-04-15T11:29:36:SHORT
2026-04-15,11:30:13,2026-04-15,11:30:19,NIFTY,SELL,TYPE_D,LIMIT_ENTRY,LIMIT_EXIT,24185.4,24188.75,NIFTY21APR2624200PE,24200.0,PE,228.7,226.5,228.57,226.95,230.0,220.0,0.021872,0.022051,ws,ws,entry_l1_cap,exit_l1_profit_protect,False,False,0.125,-0.4537,65,-143.0,strategy_S9-10__TYPE_D:NIFTY:2026-04-15T11:30:13:SHORT
2026-04-15,11:30:24,2026-04-15,11:30:53,NIFTY,BUY,TYPE_D,LIMIT_ENTRY,LIMIT_EXIT,24191.2,24190.6,NIFTY21APR2624150CE,24150.0,CE,265.45,265.0,265.2,265.31,270.0,260.0,0.018854,0.01885,ws,ws,entry_l1_cap,exit_l1_profit_protect,False,False,0.25,-0.3088,65,-29.25,strategy_S9-10__TYPE_D:NIFTY:2026-04-15T11:30:24:LONG
2026-04-15,11:31:05,2026-04-15,11:31:34,NIFTY,SELL,TYPE_D,LIMIT_ENTRY,LIMIT_EXIT,24187.9,24189.15,NIFTY21APR2624200PE,24200.0,PE,227.8,227.0,227.75,227.16,230.0,220.0,0.021976,0.022007,ws,ws,entry_l1_cap,exit_l1_profit_protect,False,False,0.0478,-0.16,65,-52.0,strategy_S9-10__TYPE_D:NIFTY:2026-04-15T11:31:05:SHORT
2026-04-15,11:31:43,2026-04-15,11:32:09,NIFTY,BUY,TYPE_D,LIMIT_ENTRY,LIMIT_EXIT,24190.65,24189.55,NIFTY21APR2624150CE,24150.0,CE,265.35,264.1,265.08,264.4,270.0,255.0,0.018859,0.018913,ws,ws,entry_l1_cap,exit_l1_profit_protect,False,False,0.27,-0.3,65,-81.25,strategy_S9-10__TYPE_D:NIFTY:2026-04-15T11:31:43:LONG
2026-04-15,11:32:12,2026-04-15,11:32:20,NIFTY,SELL,TYPE_D,LIMIT_ENTRY,LIMIT_EXIT,24188.55,24190.1,NIFTY21APR2624200PE,24200.0,PE,228.25,227.1,228.21,227.25,230.0,220.0,0.021913,0.022002,ws,ws,entry_l1_cap,exit_l1_profit_protect,False,False,0.0375,-0.15,65,-74.75,strategy_S9-10__TYPE_D:NIFTY:2026-04-15T11:32:12:SHORT
2026-04-15,11:32:44,2026-04-15,11:33:33,NIFTY,SELL,TYPE_D,LIMIT_ENTRY,LIMIT_EXIT,24187.5,24188.5,NIFTY21APR2624200PE,24200.0,PE,228.8,227.5,228.66,227.65,230.0,220.0,0.021863,0.021968,ws,ws,entry_l1_cap,exit_l1_profit_protect,False,False,0.1429,-0.15,65,-84.5,strategy_S9-10__TYPE_D:NIFTY:2026-04-15T11:32:44:SHORT
2026-04-15,11:33:48,2026-04-15,11:34:20,NIFTY,SELL,TYPE_D,LIMIT_ENTRY,LIMIT_EXIT,24185.1,24187.35,NIFTY21APR2624200PE,24200.0,PE,227.7,226.3,227.6,226.49,230.0,220.0,0.02198,0.022082,ws,ws,entry_l1_cap,exit_l1_profit_protect,False,False,0.1,-0.1875,65,-91.0,strategy_S9-10__TYPE_D:NIFTY:2026-04-15T11:33:48:SHORT
2026-04-15,11:34:30,2026-04-15,11:36:43,NIFTY,BUY,TYPE_D,LIMIT_ENTRY,LIMIT_EXIT,24187.7,24195.9,NIFTY21APR2624150CE,24150.0,CE,263.95,265.7,263.63,266.07,265.0,260.0,0.018959,0.018793,ws,ws,entry_l1_cap,exit_l1_profit_protect,False,False,0.3214,-0.3652,65,113.75,strategy_S9-10__TYPE_D:NIFTY:2026-04-15T11:34:30:LONG
2026-04-15,11:37:01,2026-04-15,11:38:10,NIFTY,BUY,TYPE_D,LIMIT_ENTRY,LIMIT_EXIT,24198.35,24198.5,NIFTY21APR2624150CE,24150.0,CE,266.95,267.2,266.76,267.61,270.0,260.0,0.018739,0.018693,ws,ws,entry_l1_cap,exit_l1_profit_protect,False,False,0.1944,-0.4125,65,16.25,strategy_S9-10__TYPE_D:NIFTY:2026-04-15T11:37:01:LONG
2026-04-15,11:38:31,2026-04-15,11:39:00,NIFTY,BUY,TYPE_D,LIMIT_ENTRY,LIMIT_EXIT,24201.25,24199.2,NIFTY21APR2624200CE,24200.0,CE,238.8,237.6,238.63,237.61,240.0,230.0,0.020956,0.021042,ws,ws,entry_l1_cap,exit_l1_profit_protect,False,False,0.1667,-0.0056,65,-78.0,strategy_S9-10__TYPE_D:NIFTY:2026-04-15T11:38:31:LONG
2026-04-15,11:39:33,2026-04-15,11:40:00,NIFTY,SELL,TYPE_D,LIMIT_ENTRY,LIMIT_EXIT,24197.7,24200.4,NIFTY21APR2624200PE,24200.0,PE,223.7,221.25,223.54,221.32,225.0,215.0,0.022371,0.022589,ws,ws,entry_l1_cap,exit_l1_profit_protect,False,False,0.1647,-0.0667,65,-159.25,strategy_S9-10__TYPE_D:NIFTY:2026-04-15T11:39:33:SHORT
2026-04-15,11:40:42,2026-04-15,11:40:59,NIFTY,SELL,TYPE_D,LIMIT_ENTRY,LIMIT_EXIT,24197.25,24198.65,NIFTY21APR2624200PE,24200.0,PE,222.6,222.1,222.53,222.16,225.0,215.0,0.022477,0.022505,ws,ws,entry_l1_cap,exit_l1_profit_protect,False,False,0.075,-0.06,65,-32.5,strategy_S9-10__TYPE_D:NIFTY:2026-04-15T11:40:42:SHORT
2026-04-15,11:41:20,2026-04-15,11:41:43,NIFTY,BUY,TYPE_D,LIMIT_ENTRY,LIMIT_EXIT,24201.9,24202.5,NIFTY21APR2624200CE,24200.0,CE,240.0,239.85,239.51,239.97,240.0,230.0,0.020855,0.020825,ws,ws,entry_l1_cap,exit_l1_profit_protect,False,False,0.4871,-0.125,65,-9.75,strategy_S9-10__TYPE_D:NIFTY:2026-04-15T11:41:20:LONG
2026-04-15,11:42:11,2026-04-15,11:42:32,NIFTY,SELL,TYPE_D,LIMIT_ENTRY,LIMIT_EXIT,24201.3,24204.15,NIFTY21APR2624250PE,24250.0,PE,243.4,242.0,243.1,242.46,245.0,235.0,0.020559,0.02064,ws,ws,entry_l1_cap,exit_l1_profit_protect,False,False,0.3,-0.4615,65,-91.0,strategy_S9-10__TYPE_D:NIFTY:2026-04-15T11:42:11:SHORT
2026-04-15,11:43:02,2026-04-15,11:43:47,NIFTY,BUY,TYPE_D,LIMIT_ENTRY,LIMIT_EXIT,24206.65,24205.95,NIFTY21APR2624200CE,24200.0,CE,242.4,243.15,242.25,243.6,245.0,235.0,0.020642,0.020542,ws,ws,entry_l1_cap,exit_l1_profit_protect,False,False,0.1458,-0.45,65,48.75,strategy_S9-10__TYPE_D:NIFTY:2026-04-15T11:43:02:LONG
2026-04-15,11:44:14,2026-04-15,11:44:25,NIFTY,SELL,TYPE_D,LIMIT_ENTRY,LIMIT_EXIT,24206.25,24208.4,NIFTY21APR2624250PE,24250.0,PE,239.55,237.55,239.22,237.73,240.0,230.0,0.020894,0.021028,ws,ws,entry_l1_cap,exit_l1_profit_protect,False,False,0.3333,-0.18,65,-130.0,strategy_S9-10__TYPE_D:NIFTY:2026-04-15T11:44:14:SHORT
2026-04-15,11:44:35,2026-04-15,11:45:26,NIFTY,BUY,TYPE_D,LIMIT_ENTRY,LIMIT_EXIT,24209.35,24208.6,NIFTY21APR2624200CE,24200.0,CE,243.0,242.5,242.56,242.76,245.0,235.0,0.020595,0.020606,ws,ws,entry_l1_cap,exit_l1_profit_protect,False,False,0.4395,-0.2583,65,-32.5,strategy_S9-10__TYPE_D:NIFTY:2026-04-15T11:44:35:LONG
2026-04-15,11:45:30,2026-04-15,11:45:50,NIFTY,SELL,TYPE_D,LIMIT_ENTRY,LIMIT_EXIT,24207.35,24204.85,NIFTY21APR2624250PE,24250.0,PE,239.3,240.9,239.26,241.02,240.0,235.0,0.020903,0.020732,ws,ws,entry_l1_cap,exit_l1_profit_protect,False,False,0.04,-0.1222,65,104.0,strategy_S9-10__TYPE_D:NIFTY:2026-04-15T11:45:30:SHORT
2026-04-15,11:46:50,2026-04-15,11:47:07,NIFTY,BUY,TYPE_D,LIMIT_ENTRY,LIMIT_EXIT,24206.25,24203.45,NIFTY21APR2624200CE,24200.0,CE,242.4,241.5,242.24,241.75,245.0,235.0,0.020644,0.020678,ws,ws,entry_l1_cap,exit_l1_profit_protect,False,False,0.1617,-0.2455,65,-58.5,strategy_S9-10__TYPE_D:NIFTY:2026-04-15T11:46:50:LONG
2026-04-15,11:47:12,2026-04-15,11:47:31,NIFTY,SELL,TYPE_D,LIMIT_ENTRY,LIMIT_EXIT,24202.9,24205.8,NIFTY21APR2624250PE,24250.0,PE,241.15,238.55,241.04,238.62,245.0,230.0,0.020751,0.020956,ws,ws,entry_l1_cap,exit_l1_profit_protect,False,False,0.1143,-0.075,65,-169.0,strategy_S9-10__TYPE_D:NIFTY:2026-04-15T11:47:12:SHORT
2026-04-15,11:47:40,2026-04-15,11:49:15,NIFTY,BUY,TYPE_D,LIMIT_ENTRY,LIMIT_EXIT,24206.95,24217.75,NIFTY21APR2624200CE,24200.0,CE,243.3,249.15,243.27,249.59,245.0,240.0,0.020563,0.020044,ws,ws,entry_l1_cap,exit_l1_profit_protect,False,False,0.0293,-0.4364,65,380.25,strategy_S9-10__TYPE_D:NIFTY:2026-04-15T11:47:40:LONG
2026-04-15,11:50:00,2026-04-15,11:50:35,NIFTY,BUY,TYPE_D,LIMIT_ENTRY,LIMIT_EXIT,24221.85,24220.3,NIFTY21APR2624200CE,24200.0,CE,250.35,248.3,250.19,248.34,255.0,240.0,0.019998,0.020135,ws,ws,entry_l1_cap,exit_l1_profit_protect,False,False,0.1625,-0.0437,65,-133.25,strategy_S9-10__TYPE_D:NIFTY:2026-04-15T11:50:00:LONG
2026-04-15,11:50:42,2026-04-15,11:51:13,NIFTY,SELL,TYPE_D,LIMIT_ENTRY,LIMIT_EXIT,24219.65,24221.0,NIFTY21APR2624250PE,24250.0,PE,228.0,226.4,227.82,226.73,230.0,220.0,0.021947,0.022068,ws,ws,entry_l1_cap,exit_l1_profit_protect,False,False,0.175,-0.3294,65,-104.0,strategy_S9-10__TYPE_D:NIFTY:2026-04-15T11:50:42:SHORT
2026-04-15,11:51:20,2026-04-15,11:51:43,NIFTY,BUY,TYPE_D,LIMIT_ENTRY,LIMIT_EXIT,24222.0,24222.4,NIFTY21APR2624200CE,24200.0,CE,250.7,250.3,250.15,250.34,255.0,245.0,0.019968,0.01996,ws,ws,entry_l1_cap,exit_l1_profit_protect,False,False,0.5478,-0.04,65,-26.0,strategy_S9-10__TYPE_D:NIFTY:2026-04-15T11:51:20:LONG
2026-04-15,11:51:50,2026-04-15,11:51:55,NIFTY,BUY,TYPE_D,LIMIT_ENTRY,LIMIT_EXIT,24224.5,24222.45,NIFTY21APR2624200CE,24200.0,CE,250.8,250.1,250.65,250.47,255.0,245.0,0.019958,0.01997,ws,ws,entry_l1_cap,exit_l1_profit_protect,False,False,0.15,-0.3667,65,-45.5,strategy_S9-10__TYPE_D:NIFTY:2026-04-15T11:51:50:LONG
2026-04-15,11:52:12,2026-04-15,11:54:01,NIFTY,SELL,TYPE_D,LIMIT_ENTRY,LIMIT_EXIT,24220.2,24217.55,NIFTY21APR2624250PE,24250.0,PE,228.15,228.6,228.04,228.61,230.0,220.0,0.021937,0.02187,ws,ws,entry_l1_cap,exit_l1_profit_protect,False,False,0.1125,-0.0143,65,29.25,strategy_S9-10__TYPE_D:NIFTY:2026-04-15T11:52:12:SHORT
2026-04-15,11:54:20,2026-04-15,11:54:54,NIFTY,BUY,TYPE_D,LIMIT_ENTRY,LIMIT_EXIT,24220.45,24222.8,NIFTY21APR2624200CE,24200.0,CE,249.45,249.45,249.15,249.52,250.0,240.0,0.020058,0.02002,ws,ws,entry_l1_cap,exit_l1_profit_protect,False,False,0.2962,-0.0667,65,0.0,strategy_S9-10__TYPE_D:NIFTY:2026-04-15T11:54:20:LONG
2026-04-15,11:55:14,2026-04-15,11:55:35,NIFTY,SELL,TYPE_D,LIMIT_ENTRY,LIMIT_EXIT,24217.25,24221.85,NIFTY21APR2624250PE,24250.0,PE,228.0,226.0,227.87,226.33,230.0,220.0,0.021944,0.022107,ws,ws,entry_l1_cap,exit_l1_profit_protect,False,False,0.1286,-0.3306,65,-130.0,strategy_S9-10__TYPE_D:NIFTY:2026-04-15T11:55:14:SHORT
2026-04-15,11:55:40,2026-04-15,11:56:01,NIFTY,SELL,TYPE_D,LIMIT_ENTRY,LIMIT_EXIT,24219.45,24221.7,NIFTY21APR2624250PE,24250.0,PE,225.7,226.15,225.64,226.26,230.0,220.0,0.02217,0.022087,ws,ws,entry_l1_cap,exit_l1_profit_protect,False,False,0.0583,-0.108,65,29.25,strategy_S9-10__TYPE_D:NIFTY:2026-04-15T11:55:40:SHORT
2026-04-15,11:56:18,2026-04-15,11:56:26,NIFTY,SELL,TYPE_D,LIMIT_ENTRY,LIMIT_EXIT,24219.45,24220.65,NIFTY21APR2624250PE,24250.0,PE,227.3,225.6,227.12,225.87,230.0,220.0,0.022017,0.022141,ws,ws,entry_l1_cap,exit_l1_profit_protect,False,False,0.1818,-0.27,65,-110.5,strategy_S9-10__TYPE_D:NIFTY:2026-04-15T11:56:18:SHORT
2026-04-15,11:56:32,2026-04-15,11:56:47,NIFTY,BUY,TYPE_D,LIMIT_ENTRY,LIMIT_EXIT,24222.25,24220.3,NIFTY21APR2624200CE,24200.0,CE,250.2,248.7,250.16,249.14,255.0,240.0,0.019986,0.020084,ws,ws,entry_l1_cap,exit_l1_profit_protect,False,False,0.04,-0.4444,65,-97.5,strategy_S9-10__TYPE_D:NIFTY:2026-04-15T11:56:32:LONG
2026-04-15,11:57:10,2026-04-15,11:57:35,NIFTY,SELL,TYPE_D,LIMIT_ENTRY,LIMIT_EXIT,24217.2,24219.75,NIFTY21APR2624250PE,24250.0,PE,226.45,227.1,226.28,227.44,230.0,220.0,0.022107,0.021995,ws,ws,entry_l1_cap,exit_l1_profit_protect,False,False,0.1719,-0.3375,65,42.25,strategy_S9-10__TYPE_D:NIFTY:2026-04-15T11:57:10:SHORT
2026-04-15,11:57:41,2026-04-15,11:57:50,NIFTY,BUY,TYPE_D,LIMIT_ENTRY,LIMIT_EXIT,24221.3,24218.95,NIFTY21APR2624200CE,24200.0,CE,249.4,248.3,249.37,248.54,250.0,240.0,0.020064,0.020115,ws,ws,entry_l1_cap,exit_l1_profit_protect,False,False,0.0333,-0.2444,65,-71.5,strategy_S9-10__TYPE_D:NIFTY:2026-04-15T11:57:41:LONG
2026-04-15,11:58:00,2026-04-15,11:58:26,NIFTY,SELL,TYPE_D,LIMIT_ENTRY,LIMIT_EXIT,24215.25,24217.7,NIFTY21APR2624250PE,24250.0,PE,229.0,227.65,228.91,227.94,230.0,220.0,0.021839,0.021942,ws,ws,entry_l1_cap,exit_l1_profit_protect,False,False,0.088,-0.2864,65,-87.75,strategy_S9-10__TYPE_D:NIFTY:2026-04-15T11:58:00:SHORT
2026-04-15,11:58:55,2026-04-15,11:59:20,NIFTY,SELL,TYPE_D,LIMIT_ENTRY,LIMIT_EXIT,24214.6,24217.6,NIFTY21APR2624250PE,24250.0,PE,229.9,228.35,229.62,228.55,230.0,220.0,0.021772,0.021872,ws,ws,entry_l1_cap,exit_l1_profit_protect,False,False,0.2778,-0.2,65,-100.75,strategy_S9-10__TYPE_D:NIFTY:2026-04-15T11:58:55:SHORT
2026-04-15,11:59:46,2026-04-15,12:00:34,NIFTY,BUY,TYPE_D,LIMIT_ENTRY,LIMIT_EXIT,24217.5,24221.0,NIFTY21APR2624200CE,24200.0,CE,247.0,249.8,246.61,250.12,250.0,240.0,0.020259,0.019996,ws,ws,entry_l1_cap,exit_l1_profit_protect,False,False,0.3922,-0.3214,65,182.0,strategy_S9-10__TYPE_D:NIFTY:2026-04-15T11:59:46:LONG
2026-04-15,12:00:50,2026-04-15,12:01:11,NIFTY,BUY,TYPE_D,LIMIT_ENTRY,LIMIT_EXIT,24223.7,24222.75,NIFTY21APR2624200CE,24200.0,CE,250.0,248.0,249.98,248.44,250.0,240.0,0.02001,0.020141,ws,ws,entry_l1_cap,exit_l1_profit_protect,False,False,0.0203,-0.4448,65,-130.0,strategy_S9-10__TYPE_D:NIFTY:2026-04-15T12:00:50:LONG
2026-04-15,12:01:46,2026-04-15,12:02:17,NIFTY,SELL,TYPE_D,LIMIT_ENTRY,LIMIT_EXIT,24221.3,24222.1,NIFTY21APR2624250PE,24250.0,PE,226.4,224.55,226.18,224.58,230.0,215.0,0.022107,0.022249,ws,ws,entry_l1_cap,exit_l1_profit_protect,False,False,0.225,-0.0318,65,-120.25,strategy_S9-10__TYPE_D:NIFTY:2026-04-15T12:01:46:SHORT
2026-04-15,12:02:20,2026-04-15,12:02:34,NIFTY,BUY,TYPE_D,LIMIT_ENTRY,LIMIT_EXIT,24223.9,24221.8,NIFTY21APR2624200CE,24200.0,CE,249.1,247.5,248.95,247.9,250.0,240.0,0.020096,0.020182,ws,ws,entry_l1_cap,exit_l1_profit_protect,False,False,0.15,-0.4048,65,-104.0,strategy_S9-10__TYPE_D:NIFTY:2026-04-15T12:02:20:LONG
2026-04-15,12:02:54,2026-04-15,12:03:17,NIFTY,BUY,TYPE_D,LIMIT_ENTRY,LIMIT_EXIT,24224.65,24223.7,NIFTY21APR2624200CE,24200.0,CE,248.9,248.95,248.85,249.02,250.0,240.0,0.020092,0.020076,ws,ws,entry_l1_cap,exit_l1_profit_protect,False,False,0.05,-0.0692,65,3.25,strategy_S9-10__TYPE_D:NIFTY:2026-04-15T12:02:54:LONG
2026-04-15,12:03:24,2026-04-15,12:03:50,NIFTY,SELL,TYPE_D,LIMIT_ENTRY,LIMIT_EXIT,24222.0,24224.25,NIFTY21APR2624250PE,24250.0,PE,225.75,224.8,225.6,224.92,230.0,215.0,0.022163,0.022235,ws,ws,entry_l1_cap,exit_l1_profit_protect,False,False,0.15,-0.1154,65,-61.75,strategy_S9-10__TYPE_D:NIFTY:2026-04-15T12:03:24:SHORT
2026-04-15,12:04:29,2026-04-15,12:04:56,NIFTY,BUY,TYPE_D,LIMIT_ENTRY,LIMIT_EXIT,24226.85,24228.75,NIFTY21APR2624200CE,24200.0,CE,249.75,251.6,249.55,251.8,250.0,245.0,0.020036,0.019857,ws,ws,entry_l1_cap,exit_l1_profit_protect,False,False,0.2,-0.2,65,120.25,strategy_S9-10__TYPE_D:NIFTY:2026-04-15T12:04:29:LONG
2026-04-15,12:05:27,2026-04-15,12:05:35,NIFTY,SELL,TYPE_D,LIMIT_ENTRY,LIMIT_EXIT,24228.05,24231.0,NIFTY21APR2624250PE,24250.0,PE,224.0,223.5,223.73,223.78,225.0,215.0,0.022344,0.022354,ws,ws,entry_l1_cap,exit_l1_profit_protect,False,False,0.27,-0.28,65,-32.5,strategy_S9-10__TYPE_D:NIFTY:2026-04-15T12:05:27:SHORT
2026-04-15,12:05:40,2026-04-15,12:06:20,NIFTY,SELL,TYPE_D,LIMIT_ENTRY,LIMIT_EXIT,24228.4,24224.95,NIFTY21APR2624250PE,24250.0,PE,224.45,225.5,224.25,225.68,225.0,220.0,0.022299,0.022146,ws,ws,entry_l1_cap,exit_l1_profit_protect,False,False,0.2045,-0.1833,65,68.25,strategy_S9-10__TYPE_D:NIFTY:2026-04-15T12:05:40:SHORT
2026-04-15,12:06:34,2026-04-15,12:06:57,NIFTY,BUY,TYPE_D,LIMIT_ENTRY,LIMIT_EXIT,24226.85,24223.9,NIFTY21APR2624200CE,24200.0,CE,251.5,250.75,251.05,251.0,255.0,245.0,0.019902,0.019926,ws,ws,entry_l1_cap,exit_l1_profit_protect,False,False,0.4529,-0.2471,65,-48.75,strategy_S9-10__TYPE_D:NIFTY:2026-04-15T12:06:34:LONG
2026-04-15,12:07:12,2026-04-15,12:07:50,NIFTY,SELL,TYPE_D,LIMIT_ENTRY,LIMIT_EXIT,24223.9,24224.25,NIFTY21APR2624250PE,24250.0,PE,225.35,224.05,225.14,224.25,230.0,215.0,0.022212,0.022304,ws,ws,entry_l1_cap,exit_l1_profit_protect,False,False,0.2143,-0.2,65,-84.5,strategy_S9-10__TYPE_D:NIFTY:2026-04-15T12:07:12:SHORT
2026-04-15,12:08:11,2026-04-15,12:08:35,NIFTY,SELL,TYPE_D,LIMIT_ENTRY,LIMIT_EXIT,24221.65,24223.4,NIFTY21APR2624250PE,24250.0,PE,225.65,224.75,225.43,224.8,230.0,215.0,0.022175,0.02224,ws,ws,entry_l1_cap,exit_l1_profit_protect,False,False,0.2188,-0.05,65,-58.5,strategy_S9-10__TYPE_D:NIFTY:2026-04-15T12:08:11:SHORT
2026-04-15,12:08:44,2026-04-15,12:09:08,NIFTY,BUY,TYPE_D,LIMIT_ENTRY,LIMIT_EXIT,24224.1,24222.05,NIFTY21APR2624200CE,24200.0,CE,250.35,250.5,250.31,250.66,255.0,245.0,0.019982,0.019946,ws,ws,entry_l1_cap,exit_l1_profit_protect,False,False,0.0357,-0.1615,65,9.75,strategy_S9-10__TYPE_D:NIFTY:2026-04-15T12:08:44:LONG
2026-04-15,12:09:20,2026-04-15,12:10:44,NIFTY,BUY,TYPE_D,LIMIT_ENTRY,LIMIT_EXIT,24225.7,24229.3,NIFTY21APR2624200CE,24200.0,CE,251.25,252.55,251.15,252.58,255.0,245.0,0.019908,0.01979,ws,ws,entry_l1_cap,exit_l1_profit_protect,False,False,0.1,-0.0286,65,84.5,strategy_S9-10__TYPE_D:NIFTY:2026-04-15T12:09:20:LONG
2026-04-15,12:11:05,2026-04-15,12:11:16,NIFTY,BUY,TYPE_D,LIMIT_ENTRY,LIMIT_EXIT,24233.5,24232.6,NIFTY21APR2624200CE,24200.0,CE,252.25,252.35,252.14,252.57,255.0,245.0,0.019828,0.01979,ws,ws,entry_l1_cap,exit_l1_profit_protect,False,False,0.1125,-0.2182,65,6.5,strategy_S9-10__TYPE_D:NIFTY:2026-04-15T12:11:05:LONG
2026-04-15,12:11:20,2026-04-15,12:11:28,NIFTY,BUY,TYPE_D,LIMIT_ENTRY,LIMIT_EXIT,24234.55,24232.5,NIFTY21APR2624200CE,24200.0,CE,252.7,252.0,252.34,252.37,255.0,245.0,0.019804,0.019826,ws,ws,entry_l1_cap,exit_l1_profit_protect,False,False,0.36,-0.3704,65,-45.5,strategy_S9-10__TYPE_D:NIFTY:2026-04-15T12:11:20:LONG
2026-04-15,12:12:18,2026-04-15,12:12:33,NIFTY,SELL,TYPE_D,LIMIT_ENTRY,LIMIT_EXIT,24231.2,24232.0,NIFTY21APR2624250PE,24250.0,PE,223.0,222.0,222.84,222.31,225.0,215.0,0.022432,0.022502,ws,ws,entry_l1_cap,exit_l1_profit_protect,False,False,0.16,-0.3083,65,-65.0,strategy_S9-10__TYPE_D:NIFTY:2026-04-15T12:12:18:SHORT
2026-04-15,12:12:44,2026-04-15,12:12:56,NIFTY,BUY,TYPE_D,LIMIT_ENTRY,LIMIT_EXIT,24234.1,24230.25,NIFTY21APR2624200CE,24200.0,CE,252.7,252.1,252.48,252.55,255.0,245.0,0.019802,0.019808,ws,ws,entry_l1_cap,exit_l1_profit_protect,False,False,0.2222,-0.4522,65,-39.0,strategy_S9-10__TYPE_D:NIFTY:2026-04-15T12:12:44:LONG
2026-04-15,12:13:06,2026-04-15,12:14:05,NIFTY,SELL,TYPE_D,LIMIT_ENTRY,LIMIT_EXIT,24229.15,24228.15,NIFTY21APR2624250PE,24250.0,PE,222.35,224.95,222.1,225.1,225.0,215.0,0.02251,0.022212,ws,ws,entry_l1_cap,exit_l1_profit_protect,False,False,0.2455,-0.15,65,169.0,strategy_S9-10__TYPE_D:NIFTY:2026-04-15T12:13:06:SHORT
2026-04-15,12:14:35,2026-04-15,12:14:51,NIFTY,BUY,TYPE_D,LIMIT_ENTRY,LIMIT_EXIT,24228.2,24226.9,NIFTY21APR2624200CE,24200.0,CE,251.0,250.55,250.67,250.74,255.0,245.0,0.019934,0.019942,ws,ws,entry_l1_cap,exit_l1_profit_protect,False,False,0.3281,-0.1896,65,-29.25,strategy_S9-10__TYPE_D:NIFTY:2026-04-15T12:14:35:LONG
2026-04-15,12:15:17,2026-04-15,12:15:40,NIFTY,BUY,TYPE_D,LIMIT_ENTRY,LIMIT_EXIT,24228.8,24228.5,NIFTY21APR2624200CE,24200.0,CE,250.75,251.05,250.44,251.43,255.0,245.0,0.01996,0.019897,ws,ws,entry_l1_cap,exit_l1_profit_protect,False,False,0.3125,-0.375,65,19.5,strategy_S9-10__TYPE_D:NIFTY:2026-04-15T12:15:17:LONG
2026-04-15,12:15:50,2026-04-15,12:16:26,NIFTY,BUY,TYPE_D,LIMIT_ENTRY,LIMIT_EXIT,24231.55,24230.35,NIFTY21APR2624200CE,24200.0,CE,251.85,251.2,251.46,251.46,255.0,245.0,0.019875,0.019885,ws,ws,entry_l1_cap,exit_l1_profit_protect,False,False,0.3929,-0.2632,65,-42.25,strategy_S9-10__TYPE_D:NIFTY:2026-04-15T12:15:50:LONG
2026-04-15,12:16:50,2026-04-15,12:17:12,NIFTY,BUY,TYPE_D,LIMIT_ENTRY,LIMIT_EXIT,24233.25,24229.05,NIFTY21APR2624200CE,24200.0,CE,251.3,251.55,251.05,251.72,255.0,245.0,0.01992,0.019859,ws,ws,entry_l1_cap,exit_l1_profit_protect,False,False,0.25,-0.1687,65,16.25,strategy_S9-10__TYPE_D:NIFTY:2026-04-15T12:16:50:LONG
2026-04-15,12:17:40,2026-04-15,12:18:50,NIFTY,SELL,TYPE_D,LIMIT_ENTRY,LIMIT_EXIT,24229.5,24218.3,NIFTY21APR2624250PE,24250.0,PE,224.9,230.9,224.61,231.13,225.0,225.0,0.022252,0.021631,ws,ws,entry_l1_cap,exit_l1_profit_protect,False,False,0.2909,-0.2308,65,390.0,strategy_S9-10__TYPE_D:NIFTY:2026-04-15T12:17:40:SHORT
2026-04-15,12:19:30,2026-04-15,12:19:35,NIFTY,SELL,TYPE_D,LIMIT_ENTRY,LIMIT_EXIT,24216.85,24220.15,NIFTY21APR2624250PE,24250.0,PE,231.4,230.65,230.95,230.75,235.0,225.0,0.021633,0.021659,ws,ws,entry_l1_cap,exit_l1_profit_protect,False,False,0.4469,-0.1,65,-48.75,strategy_S9-10__TYPE_D:NIFTY:2026-04-15T12:19:30:SHORT
2026-04-15,12:19:56,2026-04-15,12:20:16,NIFTY,SELL,TYPE_D,LIMIT_ENTRY,LIMIT_EXIT,24217.45,24219.7,NIFTY21APR2624250PE,24250.0,PE,230.25,229.5,230.1,229.55,235.0,220.0,0.021737,0.021782,ws,ws,entry_l1_cap,exit_l1_profit_protect,False,False,0.15,-0.05,65,-48.75,strategy_S9-10__TYPE_D:NIFTY:2026-04-15T12:19:56:SHORT
2026-04-15,12:20:20,2026-04-15,12:20:43,NIFTY,BUY,TYPE_D,LIMIT_ENTRY,LIMIT_EXIT,24221.1,24219.15,NIFTY21APR2624200CE,24200.0,CE,246.8,244.45,246.66,244.5,250.0,235.0,0.020284,0.020433,ws,ws,entry_l1_cap,exit_l1_profit_protect,False,False,0.1385,-0.0455,65,-152.75,strategy_S9-10__TYPE_D:NIFTY:2026-04-15T12:20:20:LONG
2026-04-15,12:20:58,2026-04-15,12:21:50,NIFTY,SELL,TYPE_D,LIMIT_ENTRY,LIMIT_EXIT,24217.2,24208.7,NIFTY21APR2624250PE,24250.0,PE,231.7,238.2,231.37,238.43,235.0,230.0,0.021596,0.020978,ws,ws,entry_l1_cap,exit_l1_profit_protect,False,False,0.3259,-0.2294,65,422.5,strategy_S9-10__TYPE_D:NIFTY:2026-04-15T12:20:58:SHORT
2026-04-15,12:22:09,2026-04-15,12:22:20,NIFTY,SELL,TYPE_D,LIMIT_ENTRY,LIMIT_EXIT,24205.05,24206.25,NIFTY21APR2624250PE,24250.0,PE,239.4,239.75,239.09,239.79,240.0,230.0,0.020903,0.020849,ws,ws,entry_l1_cap,exit_l1_profit_protect,False,False,0.3077,-0.0375,65,22.75,strategy_S9-10__TYPE_D:NIFTY:2026-04-15T12:22:09:SHORT
2026-04-15,12:22:41,2026-04-15,12:22:50,NIFTY,SELL,TYPE_D,LIMIT_ENTRY,LIMIT_EXIT,24200.95,24203.85,NIFTY21APR2624250PE,24250.0,PE,241.9,240.0,241.56,240.11,245.0,235.0,0.020693,0.020818,ws,ws,entry_l1_cap,exit_l1_profit_protect,False,False,0.3438,-0.1125,65,-123.5,strategy_S9-10__TYPE_D:NIFTY:2026-04-15T12:22:41:SHORT
2026-04-15,12:23:05,2026-04-15,12:23:44,NIFTY,BUY,TYPE_D,LIMIT_ENTRY,LIMIT_EXIT,24205.85,24209.6,NIFTY21APR2624200CE,24200.0,CE,237.9,239.7,237.53,239.85,240.0,230.0,0.021035,0.020846,ws,ws,entry_l1_cap,exit_l1_profit_protect,False,False,0.3714,-0.15,65,117.0,strategy_S9-10__TYPE_D:NIFTY:2026-04-15T12:23:05:LONG
2026-04-15,12:24:01,2026-04-15,12:24:56,NIFTY,BUY,TYPE_D,LIMIT_ENTRY,LIMIT_EXIT,24212.1,24219.75,NIFTY21APR2624200CE,24200.0,CE,240.2,242.05,239.81,242.06,245.0,235.0,0.020833,0.02065,ws,ws,entry_l1_cap,exit_l1_profit_protect,False,False,0.3935,-0.0125,65,120.25,strategy_S9-10__TYPE_D:NIFTY:2026-04-15T12:24:01:LONG
2026-04-15,12:25:20,2026-04-15,12:25:25,NIFTY,BUY,TYPE_D,LIMIT_ENTRY,LIMIT_EXIT,24224.9,24222.95,NIFTY21APR2624200CE,24200.0,CE,243.5,242.85,243.12,242.95,245.0,235.0,0.020557,0.020568,ws,ws,entry_l1_cap,exit_l1_profit_protect,False,False,0.3781,-0.1042,65,-42.25,strategy_S9-10__TYPE_D:NIFTY:2026-04-15T12:25:20:LONG
2026-04-15,12:25:50,2026-04-15,12:25:57,NIFTY,BUY,TYPE_D,LIMIT_ENTRY,LIMIT_EXIT,24225.05,24223.5,NIFTY21APR2624200CE,24200.0,CE,244.25,243.45,244.19,243.69,245.0,235.0,0.02049,0.020515,ws,ws,entry_l1_cap,exit_l1_profit_protect,False,False,0.0563,-0.2357,65,-52.0,strategy_S9-10__TYPE_D:NIFTY:2026-04-15T12:25:50:LONG
2026-04-15,12:26:20,2026-04-15,12:26:43,NIFTY,BUY,TYPE_D,LIMIT_ENTRY,LIMIT_EXIT,24224.1,24222.45,NIFTY21APR2624200CE,24200.0,CE,242.8,244.45,242.48,244.68,245.0,235.0,0.02061,0.020435,ws,ws,entry_l1_cap,exit_l1_profit_protect,False,False,0.32,-0.225,65,107.25,strategy_S9-10__TYPE_D:NIFTY:2026-04-15T12:26:20:LONG
2026-04-15,12:27:01,2026-04-15,12:27:49,NIFTY,BUY,TYPE_D,LIMIT_ENTRY,LIMIT_EXIT,24224.7,24228.1,NIFTY21APR2624200CE,24200.0,CE,245.3,247.1,245.0,247.18,250.0,240.0,0.020402,0.020212,ws,ws,entry_l1_cap,exit_l1_profit_protect,False,False,0.3,-0.0786,65,117.0,strategy_S9-10__TYPE_D:NIFTY:2026-04-15T12:27:01:LONG
2026-04-15,12:28:07,2026-04-15,12:28:37,NIFTY,SELL,TYPE_D,LIMIT_ENTRY,LIMIT_EXIT,24224.45,24225.0,NIFTY21APR2624250PE,24250.0,PE,226.7,227.25,226.66,227.33,230.0,220.0,0.022077,0.021978,ws,ws,entry_l1_cap,exit_l1_profit_protect,False,False,0.0409,-0.0833,65,35.75,strategy_S9-10__TYPE_D:NIFTY:2026-04-15T12:28:07:SHORT
2026-04-15,12:29:31,2026-04-15,12:29:50,NIFTY,SELL,TYPE_D,LIMIT_ENTRY,LIMIT_EXIT,24223.85,24223.45,NIFTY21APR2624250PE,24250.0,PE,228.05,228.45,227.69,228.57,230.0,220.0,0.021947,0.021865,ws,ws,entry_l1_cap,exit_l1_profit_protect,False,False,0.36,-0.1227,65,26.0,strategy_S9-10__TYPE_D:NIFTY:2026-04-15T12:29:31:SHORT
2026-04-15,12:30:41,2026-04-15,12:31:04,NIFTY,SELL,TYPE_D,LIMIT_ENTRY,LIMIT_EXIT,24218.2,24217.0,NIFTY21APR2624250PE,24250.0,PE,230.1,228.6,229.87,228.98,235.0,220.0,0.021758,0.021853,ws,ws,entry_l1_cap,exit_l1_profit_protect,False,False,0.2276,-0.3765,65,-97.5,strategy_S9-10__TYPE_D:NIFTY:2026-04-15T12:30:41:SHORT
2026-04-15,12:31:23,2026-04-15,12:31:31,NIFTY,SELL,TYPE_D,LIMIT_ENTRY,LIMIT_EXIT,24216.45,24218.75,NIFTY21APR2624250PE,24250.0,PE,229.65,230.6,229.61,230.67,230.0,225.0,0.021789,0.021659,ws,ws,entry_l1_cap,exit_l1_profit_protect,False,False,0.0389,-0.0714,65,61.75,strategy_S9-10__TYPE_D:NIFTY:2026-04-15T12:31:23:SHORT
2026-04-15,12:31:49,2026-04-15,12:32:05,NIFTY,SELL,TYPE_D,LIMIT_ENTRY,LIMIT_EXIT,24216.5,24217.25,NIFTY21APR2624250PE,24250.0,PE,233.35,230.9,233.15,231.11,235.0,225.0,0.021445,0.021643,ws,ws,entry_l1_cap,exit_l1_profit_protect,False,False,0.2,-0.2083,65,-159.25,strategy_S9-10__TYPE_D:NIFTY:2026-04-15T12:31:49:SHORT
2026-04-15,12:32:11,2026-04-15,12:32:27,NIFTY,SELL,TYPE_D,LIMIT_ENTRY,LIMIT_EXIT,24213.95,24217.05,NIFTY21APR2624250PE,24250.0,PE,231.95,231.2,231.89,231.56,235.0,225.0,0.021575,0.021605,ws,ws,entry_l1_cap,exit_l1_profit_protect,False,False,0.0571,-0.36,65,-48.75,strategy_S9-10__TYPE_D:NIFTY:2026-04-15T12:32:11:SHORT
2026-04-15,12:32:42,2026-04-15,12:33:05,NIFTY,SELL,TYPE_D,LIMIT_ENTRY,LIMIT_EXIT,24213.6,24216.65,NIFTY21APR2624250PE,24250.0,PE,232.95,232.45,232.78,232.49,235.0,225.0,0.02148,0.021487,ws,ws,entry_l1_cap,exit_l1_profit_protect,False,False,0.175,-0.0385,65,-32.5,strategy_S9-10__TYPE_D:NIFTY:2026-04-15T12:32:42:SHORT
2026-04-15,12:33:30,2026-04-15,12:33:49,NIFTY,BUY,TYPE_D,LIMIT_ENTRY,LIMIT_EXIT,24218.05,24216.2,NIFTY21APR2624200CE,24200.0,CE,240.55,239.05,240.19,239.48,245.0,230.0,0.020807,0.020894,ws,ws,entry_l1_cap,exit_l1_profit_protect,False,False,0.3571,-0.4286,65,-97.5,strategy_S9-10__TYPE_D:NIFTY:2026-04-15T12:33:30:LONG
2026-04-15,12:34:02,2026-04-15,12:34:20,NIFTY,SELL,TYPE_D,LIMIT_ENTRY,LIMIT_EXIT,24214.65,24215.7,NIFTY21APR2624250PE,24250.0,PE,233.7,232.7,233.49,232.78,235.0,225.0,0.021411,0.02148,ws,ws,entry_l1_cap,exit_l1_profit_protect,False,False,0.21,-0.075,65,-65.0,strategy_S9-10__TYPE_D:NIFTY:2026-04-15T12:34:02:SHORT
2026-04-15,12:34:48,2026-04-15,12:35:10,NIFTY,BUY,TYPE_D,LIMIT_ENTRY,LIMIT_EXIT,24215.9,24215.85,NIFTY21APR2624200CE,24200.0,CE,240.9,241.2,240.37,241.53,245.0,235.0,0.020779,0.02071,ws,ws,entry_l1_cap,exit_l1_profit_protect,False,False,0.5317,-0.3273,65,19.5,strategy_S9-10__TYPE_D:NIFTY:2026-04-15T12:34:48:LONG
2026-04-15,12:35:25,2026-04-15,12:37:02,NIFTY,BUY,TYPE_D,LIMIT_ENTRY,LIMIT_EXIT,24219.1,24229.5,NIFTY21APR2624200CE,24200.0,CE,242.8,245.0,242.67,245.35,245.0,240.0,0.020602,0.020383,ws,ws,entry_l1_cap,exit_l1_profit_protect,False,False,0.1304,-0.3508,65,143.0,strategy_S9-10__TYPE_D:NIFTY:2026-04-15T12:35:25:LONG
2026-04-15,12:37:50,2026-04-15,12:39:26,NIFTY,BUY,TYPE_D,LIMIT_ENTRY,LIMIT_EXIT,24232.35,24234.8,NIFTY21APR2624200CE,24200.0,CE,246.0,247.8,245.71,248.21,250.0,240.0,0.020344,0.020155,ws,ws,entry_l1_cap,exit_l1_profit_protect,False,False,0.2864,-0.4125,65,117.0,strategy_S9-10__TYPE_D:NIFTY:2026-04-15T12:37:50:LONG
2026-04-15,12:39:41,2026-04-15,12:41:01,NIFTY,SELL,TYPE_D,LIMIT_ENTRY,LIMIT_EXIT,24233.45,24230.85,NIFTY21APR2624250PE,24250.0,PE,225.9,226.35,225.72,226.68,230.0,220.0,0.022143,0.022068,ws,ws,entry_l1_cap,exit_l1_profit_protect,False,False,0.1826,-0.33,65,29.25,strategy_S9-10__TYPE_D:NIFTY:2026-04-15T12:39:41:SHORT
2026-04-15,12:41:20,2026-04-15,12:41:29,NIFTY,BUY,TYPE_D,LIMIT_ENTRY,LIMIT_EXIT,24234.05,24230.4,NIFTY21APR2624200CE,24200.0,CE,248.9,247.55,248.46,247.81,250.0,240.0,0.020111,0.020173,ws,ws,entry_l1_cap,exit_l1_profit_protect,False,False,0.44,-0.2625,65,-87.75,strategy_S9-10__TYPE_D:NIFTY:2026-04-15T12:41:20:LONG
2026-04-15,12:42:13,2026-04-15,12:42:36,NIFTY,SELL,TYPE_D,LIMIT_ENTRY,LIMIT_EXIT,24222.95,24224.95,NIFTY21APR2624250PE,24250.0,PE,228.0,227.4,227.81,227.7,230.0,220.0,0.021939,0.021968,ws,ws,entry_l1_cap,exit_l1_profit_protect,False,False,0.1879,-0.3,65,-39.0,strategy_S9-10__TYPE_D:NIFTY:2026-04-15T12:42:13:SHORT
2026-04-15,12:42:41,2026-04-15,12:43:20,NIFTY,SELL,TYPE_D,LIMIT_ENTRY,LIMIT_EXIT,24222.65,24219.3,NIFTY21APR2624250PE,24250.0,PE,228.1,229.5,228.06,229.92,230.0,220.0,0.021939,0.021765,ws,ws,entry_l1_cap,exit_l1_profit_protect,False,False,0.0364,-0.42,65,91.0,strategy_S9-10__TYPE_D:NIFTY:2026-04-15T12:42:41:SHORT
2026-04-15,12:43:45,2026-04-15,12:44:21,NIFTY,BUY,TYPE_D,LIMIT_ENTRY,LIMIT_EXIT,24221.8,24224.3,NIFTY21APR2624200CE,24200.0,CE,245.0,243.85,244.57,244.11,245.0,235.0,0.020429,0.020479,ws,ws,entry_l1_cap,exit_l1_profit_protect,False,False,0.4286,-0.2571,65,-74.75,strategy_S9-10__TYPE_D:NIFTY:2026-04-15T12:43:45:LONG
2026-04-15,12:44:34,2026-04-15,12:44:58,NIFTY,BUY,TYPE_D,LIMIT_ENTRY,LIMIT_EXIT,24229.2,24227.6,NIFTY21APR2624200CE,24200.0,CE,246.25,245.0,246.06,245.26,250.0,240.0,0.020323,0.020396,ws,ws,entry_l1_cap,exit_l1_profit_protect,False,False,0.1929,-0.2638,65,-81.25,strategy_S9-10__TYPE_D:NIFTY:2026-04-15T12:44:34:LONG
2026-04-15,12:45:20,2026-04-15,12:46:02,NIFTY,BUY,TYPE_D,LIMIT_ENTRY,LIMIT_EXIT,24230.75,24230.4,NIFTY21APR2624200CE,24200.0,CE,245.5,246.05,245.35,246.54,250.0,240.0,0.020385,0.020298,ws,ws,entry_l1_cap,exit_l1_profit_protect,False,False,0.15,-0.495,65,35.75,strategy_S9-10__TYPE_D:NIFTY:2026-04-15T12:45:20:LONG
2026-04-15,12:46:32,2026-04-15,12:46:50,NIFTY,SELL,TYPE_D,LIMIT_ENTRY,LIMIT_EXIT,24228.85,24229.4,NIFTY21APR2624250PE,24250.0,PE,227.3,226.8,227.24,227.1,230.0,220.0,0.022009,0.022022,ws,ws,entry_l1_cap,exit_l1_profit_protect,False,False,0.0625,-0.3,65,-32.5,strategy_S9-10__TYPE_D:NIFTY:2026-04-15T12:46:32:SHORT
2026-04-15,12:47:08,2026-04-15,12:47:50,NIFTY,SELL,TYPE_D,LIMIT_ENTRY,LIMIT_EXIT,24225.35,24221.35,NIFTY21APR2624250PE,24250.0,PE,229.0,232.2,228.66,232.55,230.0,225.0,0.021851,0.02151,ws,ws,entry_l1_cap,exit_l1_profit_protect,False,False,0.3429,-0.3462,65,208.0,strategy_S9-10__TYPE_D:NIFTY:2026-04-15T12:47:08:SHORT
2026-04-15,12:48:02,2026-04-15,12:48:31,NIFTY,SELL,TYPE_D,LIMIT_ENTRY,LIMIT_EXIT,24216.55,24213.6,NIFTY21APR2624250PE,24250.0,PE,233.35,236.2,232.92,236.42,235.0,230.0,0.021452,0.021142,ws,ws,entry_l1_cap,exit_l1_profit_protect,False,False,0.4278,-0.2222,65,185.25,strategy_S9-10__TYPE_D:NIFTY:2026-04-15T12:48:02:SHORT
2026-04-15,12:49:05,2026-04-15,12:49:20,NIFTY,SELL,TYPE_D,LIMIT_ENTRY,LIMIT_EXIT,24212.3,24214.25,NIFTY21APR2624250PE,24250.0,PE,238.9,236.5,238.79,236.6,240.0,230.0,0.020951,0.021119,ws,ws,entry_l1_cap,exit_l1_profit_protect,False,False,0.1111,-0.1,65,-156.0,strategy_S9-10__TYPE_D:NIFTY:2026-04-15T12:49:05:SHORT
2026-04-15,12:49:50,2026-04-15,12:50:43,NIFTY,BUY,TYPE_D,LIMIT_ENTRY,LIMIT_EXIT,24215.8,24217.85,NIFTY21APR2624200CE,24200.0,CE,237.15,238.25,236.93,238.26,240.0,230.0,0.021097,0.020984,ws,ws,entry_l1_cap,exit_l1_profit_protect,False,False,0.225,-0.0118,65,71.5,strategy_S9-10__TYPE_D:NIFTY:2026-04-15T12:49:50:LONG
2026-04-15,12:51:08,2026-04-15,12:51:53,NIFTY,BUY,TYPE_D,LIMIT_ENTRY,LIMIT_EXIT,24224.05,24231.35,NIFTY21APR2624200CE,24200.0,CE,239.75,243.05,239.53,243.44,240.0,235.0,0.020879,0.020549,ws,ws,entry_l1_cap,exit_l1_profit_protect,False,False,0.2152,-0.385,65,214.5,strategy_S9-10__TYPE_D:NIFTY:2026-04-15T12:51:08:LONG
2026-04-15,12:52:16,2026-04-15,12:53:05,NIFTY,SELL,TYPE_D,LIMIT_ENTRY,LIMIT_EXIT,24227.0,24221.7,NIFTY21APR2624250PE,24250.0,PE,229.6,232.8,229.53,233.09,230.0,225.0,0.021794,0.021457,ws,ws,entry_l1_cap,exit_l1_profit_protect,False,False,0.07,-0.2912,65,208.0,strategy_S9-10__TYPE_D:NIFTY:2026-04-15T12:52:16:SHORT
2026-04-15,12:53:13,2026-04-15,12:54:31,NIFTY,SELL,TYPE_D,LIMIT_ENTRY,LIMIT_EXIT,24219.65,24207.25,NIFTY21APR2624250PE,24250.0,PE,233.85,241.0,233.54,241.1,235.0,235.0,0.021406,0.02073,ws,ws,entry_l1_cap,exit_l1_profit_protect,False,False,0.3094,-0.1,65,464.75,strategy_S9-10__TYPE_D:NIFTY:2026-04-15T12:53:13:SHORT
2026-04-15,12:54:42,2026-04-15,12:55:41,NIFTY,BUY,TYPE_D,LIMIT_ENTRY,LIMIT_EXIT,24211.25,24213.9,NIFTY21APR2624200CE,24200.0,CE,232.55,234.55,232.16,234.64,235.0,225.0,0.021522,0.021295,ws,ws,entry_l1_cap,exit_l1_profit_protect,False,False,0.3857,-0.0909,65,130.0,strategy_S9-10__TYPE_D:NIFTY:2026-04-15T12:54:42:LONG
2026-04-15,12:55:50,2026-04-15,12:55:58,NIFTY,BUY,TYPE_D,LIMIT_ENTRY,LIMIT_EXIT,24216.55,24214.2,NIFTY21APR2624200CE,24200.0,CE,235.5,234.0,235.44,234.37,240.0,225.0,0.021243,0.021345,ws,ws,entry_l1_cap,exit_l1_profit_protect,False,False,0.0625,-0.371,65,-97.5,strategy_S9-10__TYPE_D:NIFTY:2026-04-15T12:55:50:LONG
2026-04-15,12:56:18,2026-04-15,12:56:20,NIFTY,SELL,TYPE_D,LIMIT_ENTRY,LIMIT_EXIT,24211.55,24214.2,NIFTY21APR2624250PE,24250.0,PE,239.75,239.6,239.55,239.83,240.0,230.0,0.020872,0.020851,ws,ws,entry_l1_cap,exit_l1_profit_protect,False,False,0.2,-0.2286,65,-9.75,strategy_S9-10__TYPE_D:NIFTY:2026-04-15T12:56:18:SHORT
2026-04-15,12:56:46,2026-04-15,12:57:09,NIFTY,BUY,TYPE_D,LIMIT_ENTRY,LIMIT_EXIT,24216.15,24216.7,NIFTY21APR2624200CE,24200.0,CE,235.7,236.3,235.27,236.49,240.0,230.0,0.021236,0.021148,ws,ws,entry_l1_cap,exit_l1_profit_protect,False,False,0.4286,-0.1923,65,39.0,strategy_S9-10__TYPE_D:NIFTY:2026-04-15T12:56:46:LONG
2026-04-15,12:57:27,2026-04-15,12:57:34,NIFTY,SELL,TYPE_D,LIMIT_ENTRY,LIMIT_EXIT,24214.35,24217.3,NIFTY21APR2624250PE,24250.0,PE,237.85,237.05,237.68,237.2,240.0,230.0,0.021044,0.021068,ws,ws,entry_l1_cap,exit_l1_profit_protect,False,False,0.1667,-0.15,65,-52.0,strategy_S9-10__TYPE_D:NIFTY:2026-04-15T12:57:27:SHORT
2026-04-15,12:58:01,2026-04-15,12:58:58,NIFTY,SELL,TYPE_D,LIMIT_ENTRY,LIMIT_EXIT,24213.75,24210.8,NIFTY21APR2624250PE,24250.0,PE,239.9,240.6,239.68,240.69,240.0,235.0,0.020866,0.020758,ws,ws,entry_l1_cap,exit_l1_profit_protect,False,False,0.22,-0.0917,65,45.5,strategy_S9-10__TYPE_D:NIFTY:2026-04-15T12:58:01:SHORT
2026-04-15,12:59:11,2026-04-15,12:59:20,NIFTY,BUY,TYPE_D,LIMIT_ENTRY,LIMIT_EXIT,24211.65,24209.25,NIFTY21APR2624200CE,24200.0,CE,233.95,232.95,233.93,233.05,235.0,225.0,0.021384,0.02145,ws,ws,entry_l1_cap,exit_l1_profit_protect,False,False,0.0179,-0.1,65,-65.0,strategy_S9-10__TYPE_D:NIFTY:2026-04-15T12:59:11:LONG
2026-04-15,13:00:04,2026-04-15,13:01:30,NIFTY,SELL,TYPE_D,LIMIT_ENTRY,LIMIT_EXIT,24206.6,24203.0,NIFTY21APR2624250PE,24250.0,PE,242.55,241.6,242.13,241.87,245.0,235.0,0.020638,0.020683,ws,ws,entry_l1_cap,exit_l1_profit_protect,False,False,0.4231,-0.2667,65,-61.75,strategy_S9-10__TYPE_D:NIFTY:2026-04-15T13:00:04:SHORT
2026-04-15,13:01:47,2026-04-15,13:04:02,NIFTY,BUY,TYPE_D,LIMIT_ENTRY,LIMIT_EXIT,24207.65,24214.95,NIFTY21APR2624200CE,24200.0,CE,234.0,235.15,233.57,235.3,235.0,230.0,0.021388,0.021243,ws,ws,entry_l1_cap,exit_l1_profit_protect,False,False,0.4255,-0.15,65,74.75,strategy_S9-10__TYPE_D:NIFTY:2026-04-15T13:01:47:LONG
2026-04-15,13:04:38,2026-04-15,13:05:05,NIFTY,SELL,TYPE_D,LIMIT_ENTRY,LIMIT_EXIT,24210.55,24211.45,NIFTY21APR2624250PE,24250.0,PE,238.3,238.0,238.08,238.31,240.0,230.0,0.020993,0.020993,ws,ws,entry_l1_cap,exit_l1_profit_protect,False,False,0.2222,-0.3096,65,-19.5,strategy_S9-10__TYPE_D:NIFTY:2026-04-15T13:04:38:SHORT
2026-04-15,13:05:20,2026-04-15,13:05:23,NIFTY,BUY,TYPE_D,LIMIT_ENTRY,LIMIT_EXIT,24212.65,24210.8,NIFTY21APR2624200CE,24200.0,CE,234.7,234.6,234.29,234.92,235.0,225.0,0.021329,0.021297,ws,ws,entry_l1_cap,exit_l1_profit_protect,False,False,0.4125,-0.3231,65,-6.5,strategy_S9-10__TYPE_D:NIFTY:2026-04-15T13:05:20:LONG
2026-04-15,13:05:41,2026-04-15,13:06:17,NIFTY,SELL,TYPE_D,LIMIT_ENTRY,LIMIT_EXIT,24209.0,24208.55,NIFTY21APR2624250PE,24250.0,PE,239.25,239.65,238.96,239.73,240.0,230.0,0.020916,0.020853,ws,ws,entry_l1_cap,exit_l1_profit_protect,False,False,0.2909,-0.0833,65,26.0,strategy_S9-10__TYPE_D:NIFTY:2026-04-15T13:05:41:SHORT
2026-04-15,13:06:50,2026-04-15,13:07:18,NIFTY,SELL,TYPE_D,LIMIT_ENTRY,LIMIT_EXIT,24207.05,24208.45,NIFTY21APR2624250PE,24250.0,PE,240.35,239.0,240.05,239.12,245.0,230.0,0.020822,0.020912,ws,ws,entry_l1_cap,exit_l1_profit_protect,False,False,0.3,-0.12,65,-87.75,strategy_S9-10__TYPE_D:NIFTY:2026-04-15T13:06:50:SHORT
2026-04-15,13:07:35,2026-04-15,13:07:41,NIFTY,BUY,TYPE_D,LIMIT_ENTRY,LIMIT_EXIT,24209.2,24207.3,NIFTY21APR2624200CE,24200.0,CE,234.15,233.55,233.82,233.72,235.0,225.0,0.021372,0.021393,ws,ws,entry_l1_cap,exit_l1_profit_protect,False,False,0.3333,-0.175,65,-39.0,strategy_S9-10__TYPE_D:NIFTY:2026-04-15T13:07:35:LONG
2026-04-15,13:07:50,2026-04-15,13:08:35,NIFTY,SELL,TYPE_D,LIMIT_ENTRY,LIMIT_EXIT,24205.5,24205.25,NIFTY21APR2624250PE,24250.0,PE,243.45,243.1,243.28,243.63,245.0,235.0,0.020559,0.020544,ws,ws,entry_l1_cap,exit_l1_profit_protect,False,False,0.1667,-0.5261,65,-22.75,strategy_S9-10__TYPE_D:NIFTY:2026-04-15T13:07:50:SHORT
2026-04-15,13:08:59,2026-04-15,13:09:33,NIFTY,BUY,TYPE_D,LIMIT_ENTRY,LIMIT_EXIT,24207.6,24210.7,NIFTY21APR2624200CE,24200.0,CE,233.95,235.55,233.92,235.58,235.0,230.0,0.021386,0.021216,ws,ws,entry_l1_cap,exit_l1_profit_protect,False,False,0.0273,-0.0321,65,104.0,strategy_S9-10__TYPE_D:NIFTY:2026-04-15T13:08:59:LONG
2026-04-15,13:09:50,2026-04-15,13:13:14,NIFTY,BUY,TYPE_D,LIMIT_ENTRY,LIMIT_EXIT,24212.45,24219.4,NIFTY21APR2624200CE,24200.0,CE,236.0,240.55,235.61,240.64,240.0,235.0,0.021204,0.020766,ws,ws,entry_l1_cap,exit_l1_profit_protect,False,False,0.389,-0.09,65,295.75,strategy_S9-10__TYPE_D:NIFTY:2026-04-15T13:09:50:LONG
2026-04-15,13:13:28,2026-04-15,13:13:47,NIFTY,SELL,TYPE_D,LIMIT_ENTRY,LIMIT_EXIT,24218.0,24218.7,NIFTY21APR2624250PE,24250.0,PE,231.9,227.35,231.62,227.49,235.0,220.0,0.021587,0.02198,ws,ws,entry_l1_cap,exit_l1_profit_protect,False,False,0.275,-0.1429,65,-295.75,strategy_S9-10__TYPE_D:NIFTY:2026-04-15T13:13:28:SHORT
2026-04-15,13:14:50,2026-04-15,13:15:05,NIFTY,BUY,TYPE_D,LIMIT_ENTRY,LIMIT_EXIT,24220.2,24219.4,NIFTY21APR2624200CE,24200.0,CE,241.55,240.45,241.3,240.65,245.0,235.0,0.020721,0.020768,ws,ws,entry_l1_cap,exit_l1_profit_protect,False,False,0.25,-0.2,65,-71.5,strategy_S9-10__TYPE_D:NIFTY:2026-04-15T13:14:50:LONG
2026-04-15,13:15:24,2026-04-15,13:15:56,NIFTY,SELL,TYPE_D,LIMIT_ENTRY,LIMIT_EXIT,24218.15,24217.65,NIFTY21APR2624250PE,24250.0,PE,231.4,229.0,231.32,229.09,235.0,220.0,0.021619,0.021817,ws,ws,entry_l1_cap,exit_l1_profit_protect,False,False,0.0833,-0.0875,65,-156.0,strategy_S9-10__TYPE_D:NIFTY:2026-04-15T13:15:24:SHORT
2026-04-15,13:16:22,2026-04-15,13:17:23,NIFTY,BUY,TYPE_D,LIMIT_ENTRY,LIMIT_EXIT,24219.7,24223.25,NIFTY21APR2624200CE,24200.0,CE,239.0,238.9,238.59,239.28,240.0,230.0,0.020942,0.020907,ws,ws,entry_l1_cap,exit_l1_profit_protect,False,False,0.4062,-0.375,65,-6.5,strategy_S9-10__TYPE_D:NIFTY:2026-04-15T13:16:22:LONG
2026-04-15,13:17:49,2026-04-15,13:20:40,NIFTY,BUY,TYPE_D,LIMIT_ENTRY,LIMIT_EXIT,24226.65,24235.0,NIFTY21APR2624200CE,24200.0,CE,241.0,246.3,240.85,246.61,245.0,240.0,0.02076,0.020282,ws,ws,entry_l1_cap,exit_l1_profit_protect,False,False,0.15,-0.3115,65,344.5,strategy_S9-10__TYPE_D:NIFTY:2026-04-15T13:17:49:LONG
2026-04-15,13:21:08,2026-04-15,13:22:50,NIFTY,SELL,TYPE_D,LIMIT_ENTRY,LIMIT_EXIT,24234.45,24208.4,NIFTY21APR2624250PE,24250.0,PE,225.3,233.05,225.1,233.48,230.0,225.0,0.022207,0.021432,ws,ws,entry_l1_cap,exit_l1_profit_protect,False,False,0.2,-0.4286,65,503.75,strategy_S9-10__TYPE_D:NIFTY:2026-04-15T13:21:08:SHORT
2026-04-15,13:23:20,2026-04-15,13:23:33,NIFTY,BUY,TYPE_D,LIMIT_ENTRY,LIMIT_EXIT,24214.1,24210.85,NIFTY21APR2624200CE,24200.0,CE,238.2,236.0,238.05,236.04,240.0,230.0,0.021013,0.021184,ws,ws,entry_l1_cap,exit_l1_profit_protect,False,False,0.15,-0.0448,65,-143.0,strategy_S9-10__TYPE_D:NIFTY:2026-04-15T13:23:20:LONG
2026-04-15,13:24:23,2026-04-15,13:24:37,NIFTY,SELL,TYPE_D,LIMIT_ENTRY,LIMIT_EXIT,24200.2,24200.75,NIFTY21APR2624250PE,24250.0,PE,240.9,242.25,240.58,242.73,245.0,235.0,0.020773,0.020614,ws,ws,entry_l1_cap,exit_l1_profit_protect,False,False,0.32,-0.48,65,87.75,strategy_S9-10__TYPE_D:NIFTY:2026-04-15T13:24:23:SHORT
2026-04-15,13:25:02,2026-04-15,13:25:15,NIFTY,SELL,TYPE_D,LIMIT_ENTRY,LIMIT_EXIT,24196.1,24199.0,NIFTY21APR2624200PE,24200.0,PE,224.75,221.75,224.49,221.84,225.0,215.0,0.022274,0.022533,ws,ws,entry_l1_cap,exit_l1_profit_protect,False,False,0.2567,-0.0857,65,-195.0,strategy_S9-10__TYPE_D:NIFTY:2026-04-15T13:25:02:SHORT
2026-04-15,13:25:20,2026-04-15,13:25:40,NIFTY,BUY,TYPE_D,LIMIT_ENTRY,LIMIT_EXIT,24200.9,24198.25,NIFTY21APR2624200CE,24200.0,CE,226.75,224.25,226.55,224.31,230.0,215.0,0.022077,0.022274,ws,ws,entry_l1_cap,exit_l1_profit_protect,False,False,0.1964,-0.0614,65,-162.5,strategy_S9-10__TYPE_D:NIFTY:2026-04-15T13:25:20:LONG
2026-04-15,13:26:26,2026-04-15,13:26:56,NIFTY,SELL,TYPE_D,LIMIT_ENTRY,LIMIT_EXIT,24198.05,24198.4,NIFTY21APR2624200PE,24200.0,PE,223.55,221.1,223.53,221.53,225.0,215.0,0.022369,0.022586,ws,ws,entry_l1_cap,exit_l1_profit_protect,False,False,0.02,-0.4278,65,-159.25,strategy_S9-10__TYPE_D:NIFTY:2026-04-15T13:26:26:SHORT
2026-04-15,13:27:01,2026-04-15,13:27:50,NIFTY,BUY,TYPE_D,LIMIT_ENTRY,LIMIT_EXIT,24200.15,24202.3,NIFTY21APR2624200CE,24200.0,CE,225.5,228.15,225.27,228.3,230.0,220.0,0.02219,0.021891,ws,ws,entry_l1_cap,exit_l1_profit_protect,False,False,0.2333,-0.15,65,172.25,strategy_S9-10__TYPE_D:NIFTY:2026-04-15T13:27:01:LONG
2026-04-15,13:28:13,2026-04-15,13:28:35,NIFTY,SELL,TYPE_D,LIMIT_ENTRY,LIMIT_EXIT,24200.45,24202.45,NIFTY21APR2624250PE,24250.0,PE,245.95,244.4,245.92,244.61,250.0,235.0,0.020331,0.020435,ws,ws,entry_l1_cap,exit_l1_profit_protect,False,False,0.0333,-0.2062,65,-100.75,strategy_S9-10__TYPE_D:NIFTY:2026-04-15T13:28:13:SHORT
2026-04-15,13:28:46,2026-04-15,13:29:48,NIFTY,SELL,TYPE_D,LIMIT_ENTRY,LIMIT_EXIT,24200.3,24198.5,NIFTY21APR2624250PE,24250.0,PE,244.8,245.85,244.53,246.05,245.0,240.0,0.020448,0.020317,ws,ws,entry_l1_cap,exit_l1_profit_protect,False,False,0.275,-0.2,65,68.25,strategy_S9-10__TYPE_D:NIFTY:2026-04-15T13:28:46:SHORT
2026-04-15,13:30:02,2026-04-15,13:30:49,NIFTY,SELL,TYPE_D,LIMIT_ENTRY,LIMIT_EXIT,24195.0,24193.3,NIFTY21APR2624200PE,24200.0,PE,224.4,225.95,223.96,226.31,225.0,220.0,0.022311,0.022104,ws,ws,entry_l1_cap,exit_l1_profit_protect,False,False,0.4385,-0.3636,65,100.75,strategy_S9-10__TYPE_D:NIFTY:2026-04-15T13:30:02:SHORT
2026-04-15,13:31:05,2026-04-15,13:34:14,NIFTY,BUY,TYPE_D,LIMIT_ENTRY,LIMIT_EXIT,24194.7,24217.85,NIFTY21APR2624150CE,24150.0,CE,254.4,264.4,254.06,264.69,255.0,255.0,0.019675,0.018893,ws,ws,entry_l1_cap,exit_l1_profit_protect,False,False,0.3438,-0.2917,65,650.0,strategy_S9-10__TYPE_D:NIFTY:2026-04-15T13:31:05:LONG
2026-04-15,13:34:39,2026-04-15,13:35:22,NIFTY,SELL,TYPE_D,LIMIT_ENTRY,LIMIT_EXIT,24215.45,24212.45,NIFTY21APR2624250PE,24250.0,PE,234.7,232.7,234.64,232.98,235.0,225.0,0.021311,0.021471,ws,ws,entry_l1_cap,exit_l1_profit_protect,False,False,0.0562,-0.28,65,-130.0,strategy_S9-10__TYPE_D:NIFTY:2026-04-15T13:34:39:SHORT
2026-04-15,13:35:37,2026-04-15,13:36:23,NIFTY,BUY,TYPE_D,LIMIT_ENTRY,LIMIT_EXIT,24214.65,24220.0,NIFTY21APR2624200CE,24200.0,CE,236.85,238.45,236.7,238.72,240.0,230.0,0.021128,0.020945,ws,ws,entry_l1_cap,exit_l1_profit_protect,False,False,0.1538,-0.275,65,104.0,strategy_S9-10__TYPE_D:NIFTY:2026-04-15T13:35:37:LONG
2026-04-15,13:36:38,2026-04-15,13:36:59,NIFTY,BUY,TYPE_D,LIMIT_ENTRY,LIMIT_EXIT,24222.25,24221.0,NIFTY21APR2624200CE,24200.0,CE,238.65,237.05,238.53,237.12,240.0,230.0,0.020967,0.021088,ws,ws,entry_l1_cap,exit_l1_profit_protect,False,False,0.1167,-0.0714,65,-104.0,strategy_S9-10__TYPE_D:NIFTY:2026-04-15T13:36:38:LONG
2026-04-15,13:37:50,2026-04-15,13:39:47,NIFTY,SELL,TYPE_D,LIMIT_ENTRY,LIMIT_EXIT,24213.8,24195.05,NIFTY21APR2624250PE,24250.0,PE,232.15,247.25,231.93,247.44,235.0,240.0,0.021559,0.020202,ws,ws,entry_l1_cap,exit_l1_profit_protect,False,False,0.225,-0.1875,65,981.5,strategy_S9-10__TYPE_D:NIFTY:2026-04-15T13:37:50:SHORT
2026-04-15,13:40:10,2026-04-15,13:40:17,NIFTY,SELL,TYPE_D,LIMIT_ENTRY,LIMIT_EXIT,24192.6,24193.9,NIFTY21APR2624200PE,24200.0,PE,226.0,223.4,225.97,223.57,230.0,215.0,0.022143,0.022356,ws,ws,entry_l1_cap,exit_l1_profit_protect,False,False,0.0333,-0.1667,65,-169.0,strategy_S9-10__TYPE_D:NIFTY:2026-04-15T13:40:10:SHORT
2026-04-15,13:40:26,2026-04-15,13:42:55,NIFTY,BUY,TYPE_D,LIMIT_ENTRY,LIMIT_EXIT,24198.1,24211.9,NIFTY21APR2624150CE,24150.0,CE,254.6,261.75,254.3,262.02,255.0,255.0,0.019656,0.01908,ws,ws,entry_l1_cap,exit_l1_profit_protect,False,False,0.3,-0.2667,65,464.75,strategy_S9-10__TYPE_D:NIFTY:2026-04-15T13:40:26:LONG
2026-04-15,13:43:14,2026-04-15,13:43:35,NIFTY,SELL,TYPE_D,LIMIT_ENTRY,LIMIT_EXIT,24211.0,24214.7,NIFTY21APR2624250PE,24250.0,PE,236.35,233.8,235.88,233.84,240.0,225.0,0.021182,0.021374,ws,ws,entry_l1_cap,exit_l1_profit_protect,False,False,0.4667,-0.0417,65,-165.75,strategy_S9-10__TYPE_D:NIFTY:2026-04-15T13:43:14:SHORT
2026-04-15,13:43:46,2026-04-15,13:45:19,NIFTY,BUY,TYPE_D,LIMIT_ENTRY,LIMIT_EXIT,24215.3,24213.75,NIFTY21APR2624200CE,24200.0,CE,233.45,233.2,233.2,233.57,235.0,225.0,0.021439,0.02142,ws,ws,entry_l1_cap,exit_l1_profit_protect,False,False,0.2455,-0.3706,65,-16.25,strategy_S9-10__TYPE_D:NIFTY:2026-04-15T13:43:46:LONG
2026-04-15,13:45:20,2026-04-15,13:45:30,NIFTY,SELL,TYPE_D,LIMIT_ENTRY,LIMIT_EXIT,24213.05,24216.9,NIFTY21APR2624250PE,24250.0,PE,232.95,232.95,232.75,232.99,235.0,225.0,0.021482,0.02145,ws,ws,entry_l1_cap,exit_l1_profit_protect,False,False,0.2,-0.0429,65,0.0,strategy_S9-10__TYPE_D:NIFTY:2026-04-15T13:45:20:SHORT
2026-04-15,13:46:20,2026-04-15,13:47:18,NIFTY,SELL,TYPE_D,LIMIT_ENTRY,LIMIT_EXIT,24215.25,24209.65,NIFTY21APR2624250PE,24250.0,PE,233.2,234.8,233.14,234.94,235.0,225.0,0.021457,0.021279,ws,ws,entry_l1_cap,exit_l1_profit_protect,False,False,0.0583,-0.14,65,104.0,strategy_S9-10__TYPE_D:NIFTY:2026-04-15T13:46:20:SHORT
2026-04-15,13:47:43,2026-04-15,13:47:50,NIFTY,SELL,TYPE_D,LIMIT_ENTRY,LIMIT_EXIT,24206.35,24208.55,NIFTY21APR2624250PE,24250.0,PE,236.45,236.4,236.31,236.44,240.0,230.0,0.021162,0.021142,ws,ws,entry_l1_cap,exit_l1_profit_protect,False,False,0.14,-0.0364,65,-3.25,strategy_S9-10__TYPE_D:NIFTY:2026-04-15T13:47:43:SHORT
2026-04-15,13:48:10,2026-04-15,13:48:30,NIFTY,SELL,TYPE_D,LIMIT_ENTRY,LIMIT_EXIT,24206.3,24207.45,NIFTY21APR2624250PE,24250.0,PE,236.4,237.15,236.35,237.29,240.0,230.0,0.02116,0.021057,ws,ws,entry_l1_cap,exit_l1_profit_protect,False,False,0.05,-0.1412,65,48.75,strategy_S9-10__TYPE_D:NIFTY:2026-04-15T13:48:10:SHORT
2026-04-15,13:49:11,2026-04-15,13:49:42,NIFTY,SELL,TYPE_D,LIMIT_ENTRY,LIMIT_EXIT,24202.85,24204.1,NIFTY21APR2624250PE,24250.0,PE,237.0,236.4,236.6,236.5,240.0,230.0,0.021119,0.021139,ws,ws,entry_l1_cap,exit_l1_profit_protect,False,False,0.4,-0.1,65,-39.0,strategy_S9-10__TYPE_D:NIFTY:2026-04-15T13:49:11:SHORT
2026-04-15,13:49:50,2026-04-15,13:50:14,NIFTY,BUY,TYPE_D,LIMIT_ENTRY,LIMIT_EXIT,24205.55,24206.25,NIFTY21APR2624200CE,24200.0,CE,232.0,232.75,231.82,232.82,235.0,225.0,0.021568,0.021473,ws,ws,entry_l1_cap,exit_l1_profit_protect,False,False,0.175,-0.0667,65,48.75,strategy_S9-10__TYPE_D:NIFTY:2026-04-15T13:49:50:LONG
2026-04-15,13:50:45,2026-04-15,13:51:15,NIFTY,BUY,TYPE_D,LIMIT_ENTRY,LIMIT_EXIT,24209.0,24208.05,NIFTY21APR2624200CE,24200.0,CE,232.95,233.0,232.9,233.26,235.0,225.0,0.02148,0.021441,ws,ws,entry_l1_cap,exit_l1_profit_protect,False,False,0.05,-0.2615,65,3.25,strategy_S9-10__TYPE_D:NIFTY:2026-04-15T13:50:45:LONG
2026-04-15,13:51:35,2026-04-15,13:51:56,NIFTY,BUY,TYPE_D,LIMIT_ENTRY,LIMIT_EXIT,24210.1,24208.2,NIFTY21APR2624200CE,24200.0,CE,233.0,233.0,232.74,233.14,235.0,225.0,0.021475,0.02145,ws,ws,entry_l1_cap,exit_l1_profit_protect,False,False,0.2625,-0.1379,65,0.0,strategy_S9-10__TYPE_D:NIFTY:2026-04-15T13:51:35:LONG
2026-04-15,13:52:02,2026-04-15,13:52:20,NIFTY,SELL,TYPE_D,LIMIT_ENTRY,LIMIT_EXIT,24207.6,24208.45,NIFTY21APR2624250PE,24250.0,PE,236.0,235.9,235.79,235.97,240.0,230.0,0.021211,0.021169,ws,ws,entry_l1_cap,exit_l1_profit_protect,False,False,0.2115,-0.0706,65,-6.5,strategy_S9-10__TYPE_D:NIFTY:2026-04-15T13:52:02:SHORT
2026-04-15,13:52:33,2026-04-15,13:53:02,NIFTY,SELL,TYPE_D,LIMIT_ENTRY,LIMIT_EXIT,24202.35,24202.25,NIFTY21APR2624250PE,24250.0,PE,238.35,238.8,238.12,239.25,240.0,230.0,0.021004,0.020916,ws,ws,entry_l1_cap,exit_l1_profit_protect,False,False,0.225,-0.45,65,29.25,strategy_S9-10__TYPE_D:NIFTY:2026-04-15T13:52:33:SHORT
2026-04-15,13:53:12,2026-04-15,13:53:46,NIFTY,SELL,TYPE_D,LIMIT_ENTRY,LIMIT_EXIT,24197.8,24198.2,NIFTY21APR2624200PE,24200.0,PE,217.95,216.35,217.55,216.46,220.0,210.0,0.022965,0.023089,ws,ws,entry_l1_cap,exit_l1_profit_protect,False,False,0.4,-0.1143,65,-104.0,strategy_S9-10__TYPE_D:NIFTY:2026-04-15T13:53:12:SHORT
2026-04-15,13:54:01,2026-04-15,13:54:28,NIFTY,BUY,TYPE_D,LIMIT_ENTRY,LIMIT_EXIT,24200.35,24200.85,NIFTY21APR2624200CE,24200.0,CE,229.05,230.65,228.99,230.74,230.0,225.0,0.021851,0.021671,ws,ws,entry_l1_cap,exit_l1_profit_protect,False,False,0.0563,-0.09,65,104.0,strategy_S9-10__TYPE_D:NIFTY:2026-04-15T13:54:01:LONG
2026-04-15,13:55:22,2026-04-15,13:57:13,NIFTY,BUY,TYPE_D,LIMIT_ENTRY,LIMIT_EXIT,24202.55,24215.8,NIFTY21APR2624200CE,24200.0,CE,232.25,237.0,232.16,237.36,235.0,230.0,0.021533,0.021075,ws,ws,entry_l1_cap,exit_l1_profit_protect,False,False,0.0857,-0.3587,65,308.75,strategy_S9-10__TYPE_D:NIFTY:2026-04-15T13:55:22:LONG
2026-04-15,13:57:53,2026-04-15,13:58:27,NIFTY,SELL,TYPE_D,LIMIT_ENTRY,LIMIT_EXIT,24215.05,24214.7,NIFTY21APR2624250PE,24250.0,PE,231.25,231.15,231.17,231.33,235.0,225.0,0.021633,0.021612,ws,ws,entry_l1_cap,exit_l1_profit_protect,False,False,0.0833,-0.1778,65,-6.5,strategy_S9-10__TYPE_D:NIFTY:2026-04-15T13:57:53:SHORT
2026-04-15,13:58:35,2026-04-15,13:59:10,NIFTY,BUY,TYPE_D,LIMIT_ENTRY,LIMIT_EXIT,24215.75,24216.25,NIFTY21APR2624200CE,24200.0,CE,238.0,236.75,237.55,236.81,240.0,230.0,0.021028,0.021115,ws,ws,entry_l1_cap,exit_l1_profit_protect,False,False,0.4471,-0.0571,65,-81.25,strategy_S9-10__TYPE_D:NIFTY:2026-04-15T13:58:35:LONG
2026-04-15,13:59:29,2026-04-15,14:00:44,NIFTY,BUY,TYPE_D,LIMIT_ENTRY,LIMIT_EXIT,24218.05,24225.7,NIFTY21APR2624200CE,24200.0,CE,237.3,240.65,237.21,240.75,240.0,235.0,0.021081,0.020768,ws,ws,entry_l1_cap,exit_l1_profit_protect,False,False,0.0938,-0.1,65,217.75,strategy_S9-10__TYPE_D:NIFTY:2026-04-15T13:59:29:LONG
2026-04-15,14:01:26,2026-04-15,14:02:01,NIFTY,SELL,TYPE_D,LIMIT_ENTRY,LIMIT_EXIT,24224.9,24225.45,NIFTY21APR2624250PE,24250.0,PE,227.4,226.05,227.14,226.17,230.0,220.0,0.022009,0.022097,ws,ws,entry_l1_cap,exit_l1_profit_protect,False,False,0.2571,-0.1227,65,-87.75,strategy_S9-10__TYPE_D:NIFTY:2026-04-15T14:01:26:SHORT
2026-04-15,14:03:09,2026-04-15,14:03:20,NIFTY,SELL,TYPE_D,LIMIT_ENTRY,LIMIT_EXIT,24222.35,24223.85,NIFTY21APR2624250PE,24250.0,PE,224.55,225.3,224.47,225.6,225.0,220.0,0.022274,0.02217,ws,ws,entry_l1_cap,exit_l1_profit_protect,False,False,0.075,-0.3,65,48.75,strategy_S9-10__TYPE_D:NIFTY:2026-04-15T14:03:09:SHORT
2026-04-15,14:03:57,2026-04-15,14:04:02,NIFTY,BUY,TYPE_D,LIMIT_ENTRY,LIMIT_EXIT,24229.05,24227.1,NIFTY21APR2624200CE,24200.0,CE,244.2,244.1,243.85,244.21,245.0,235.0,0.020496,0.020469,ws,ws,entry_l1_cap,exit_l1_profit_protect,False,False,0.35,-0.1094,65,-6.5,strategy_S9-10__TYPE_D:NIFTY:2026-04-15T14:03:57:LONG
2026-04-15,14:04:20,2026-04-15,14:04:35,NIFTY,BUY,TYPE_D,LIMIT_ENTRY,LIMIT_EXIT,24230.05,24227.05,NIFTY21APR2624200CE,24200.0,CE,245.4,242.45,245.25,242.83,250.0,235.0,0.020394,0.020606,ws,ws,entry_l1_cap,exit_l1_profit_protect,False,False,0.15,-0.3818,65,-191.75,strategy_S9-10__TYPE_D:NIFTY:2026-04-15T14:04:20:LONG
2026-04-15,14:04:44,2026-04-15,14:05:01,NIFTY,SELL,TYPE_D,LIMIT_ENTRY,LIMIT_EXIT,24225.85,24227.3,NIFTY21APR2624250PE,24250.0,PE,225.0,223.1,224.57,223.28,225.0,215.0,0.022244,0.022394,ws,ws,entry_l1_cap,exit_l1_profit_protect,False,False,0.426,-0.175,65,-123.5,strategy_S9-10__TYPE_D:NIFTY:2026-04-15T14:04:44:SHORT
2026-04-15,14:05:20,2026-04-15,14:05:24,NIFTY,BUY,TYPE_D,LIMIT_ENTRY,LIMIT_EXIT,24228.35,24225.5,NIFTY21APR2624200CE,24200.0,CE,243.0,242.75,242.89,242.8,245.0,235.0,0.020599,0.020572,ws,ws,entry_l1_cap,exit_l1_profit_protect,False,False,0.11,-0.05,65,-16.25,strategy_S9-10__TYPE_D:NIFTY:2026-04-15T14:05:20:LONG
2026-04-15,14:07:04,2026-04-15,14:07:41,NIFTY,BUY,TYPE_D,LIMIT_ENTRY,LIMIT_EXIT,24230.85,24227.95,NIFTY21APR2624200CE,24200.0,CE,244.0,243.1,243.75,243.16,245.0,235.0,0.020502,0.020553,ws,ws,entry_l1_cap,exit_l1_profit_protect,False,False,0.249,-0.0583,65,-58.5,strategy_S9-10__TYPE_D:NIFTY:2026-04-15T14:07:04:LONG
2026-04-15,14:08:53,2026-04-15,14:09:25,NIFTY,SELL,TYPE_D,LIMIT_ENTRY,LIMIT_EXIT,24225.75,24225.65,NIFTY21APR2624250PE,24250.0,PE,221.85,221.1,221.58,221.31,225.0,215.0,0.022563,0.022586,ws,ws,entry_l1_cap,exit_l1_profit_protect,False,False,0.2727,-0.2115,65,-48.75,strategy_S9-10__TYPE_D:NIFTY:2026-04-15T14:08:53:SHORT
2026-04-15,14:10:13,2026-04-15,14:11:00,NIFTY,SELL,TYPE_D,LIMIT_ENTRY,LIMIT_EXIT,24224.2,24222.75,NIFTY21APR2624250PE,24250.0,PE,223.85,226.65,223.38,226.68,225.0,220.0,0.022364,0.022043,ws,ws,entry_l1_cap,exit_l1_profit_protect,False,False,0.4714,-0.0292,65,182.0,strategy_S9-10__TYPE_D:NIFTY:2026-04-15T14:10:13:SHORT
2026-04-15,14:11:19,2026-04-15,14:11:31,NIFTY,SELL,TYPE_D,LIMIT_ENTRY,LIMIT_EXIT,24220.25,24222.1,NIFTY21APR2624250PE,24250.0,PE,229.0,227.95,228.87,228.1,230.0,220.0,0.021841,0.021913,ws,ws,entry_l1_cap,exit_l1_profit_protect,False,False,0.1327,-0.15,65,-68.25,strategy_S9-10__TYPE_D:NIFTY:2026-04-15T14:11:19:SHORT
2026-04-15,14:11:40,2026-04-15,14:11:50,NIFTY,SELL,TYPE_D,LIMIT_ENTRY,LIMIT_EXIT,24220.3,24221.2,NIFTY21APR2624250PE,24250.0,PE,229.7,228.15,229.63,228.18,230.0,220.0,0.021791,0.021894,ws,ws,entry_l1_cap,exit_l1_profit_protect,False,False,0.0714,-0.0321,65,-100.75,strategy_S9-10__TYPE_D:NIFTY:2026-04-15T14:11:40:SHORT
2026-04-15,14:12:01,2026-04-15,14:13:12,NIFTY,BUY,TYPE_D,LIMIT_ENTRY,LIMIT_EXIT,24228.35,24235.0,NIFTY21APR2624200CE,24200.0,CE,241.4,245.15,241.36,245.32,245.0,240.0,0.020725,0.020373,ws,ws,entry_l1_cap,exit_l1_profit_protect,False,False,0.0375,-0.1719,65,243.75,strategy_S9-10__TYPE_D:NIFTY:2026-04-15T14:12:01:LONG
2026-04-15,14:13:29,2026-04-15,14:13:58,NIFTY,SELL,TYPE_D,LIMIT_ENTRY,LIMIT_EXIT,24232.3,24233.0,NIFTY21APR2624250PE,24250.0,PE,222.15,222.2,221.86,222.26,225.0,215.0,0.022533,0.022474,ws,ws,entry_l1_cap,exit_l1_profit_protect,False,False,0.2917,-0.0569,65,3.25,strategy_S9-10__TYPE_D:NIFTY:2026-04-15T14:13:29:SHORT
2026-04-15,14:14:46,2026-04-15,14:16:16,NIFTY,SELL,TYPE_D,LIMIT_ENTRY,LIMIT_EXIT,24227.1,24221.45,NIFTY21APR2624250PE,24250.0,PE,222.4,225.0,222.22,225.37,225.0,220.0,0.0225,0.022202,ws,ws,entry_l1_cap,exit_l1_profit_protect,False,False,0.175,-0.3707,65,169.0,strategy_S9-10__TYPE_D:NIFTY:2026-04-15T14:14:46:SHORT
2026-04-15,14:16:33,2026-04-15,14:17:54,NIFTY,BUY,TYPE_D,LIMIT_ENTRY,LIMIT_EXIT,24223.5,24228.65,NIFTY21APR2624200CE,24200.0,CE,239.15,240.0,238.89,240.14,240.0,235.0,0.020923,0.020825,ws,ws,entry_l1_cap,exit_l1_profit_protect,False,False,0.2625,-0.1429,65,55.25,strategy_S9-10__TYPE_D:NIFTY:2026-04-15T14:16:33:LONG
2026-04-15,14:18:10,2026-04-15,14:19:05,NIFTY,SELL,TYPE_D,LIMIT_ENTRY,LIMIT_EXIT,24226.9,24224.45,NIFTY21APR2624250PE,24250.0,PE,224.0,224.95,223.74,225.1,225.0,215.0,0.022339,0.022202,ws,ws,entry_l1_cap,exit_l1_profit_protect,False,False,0.2649,-0.15,65,61.75,strategy_S9-10__TYPE_D:NIFTY:2026-04-15T14:18:10:SHORT
2026-04-15,14:19:23,2026-04-15,14:19:35,NIFTY,SELL,TYPE_D,LIMIT_ENTRY,LIMIT_EXIT,24222.2,24224.85,NIFTY21APR2624250PE,24250.0,PE,224.9,224.1,224.85,224.26,225.0,215.0,0.02224,0.022292,ws,ws,entry_l1_cap,exit_l1_profit_protect,False,False,0.05,-0.16,65,-52.0,strategy_S9-10__TYPE_D:NIFTY:2026-04-15T14:19:23:SHORT
2026-04-15,14:19:43,2026-04-15,14:21:42,NIFTY,BUY,TYPE_D,LIMIT_ENTRY,LIMIT_EXIT,24225.65,24231.55,NIFTY21APR2624200CE,24200.0,CE,239.45,243.85,239.15,243.91,240.0,235.0,0.020903,0.020498,ws,ws,entry_l1_cap,exit_l1_profit_protect,False,False,0.3,-0.06,65,286.0,strategy_S9-10__TYPE_D:NIFTY:2026-04-15T14:19:43:LONG
2026-04-15,14:21:58,2026-04-15,14:22:22,NIFTY,BUY,TYPE_D,LIMIT_ENTRY,LIMIT_EXIT,24237.55,24236.0,NIFTY21APR2624200CE,24200.0,CE,245.0,243.25,244.85,243.51,245.0,235.0,0.020414,0.020532,ws,ws,entry_l1_cap,exit_l1_profit_protect,False,False,0.1463,-0.2605,65,-113.75,strategy_S9-10__TYPE_D:NIFTY:2026-04-15T14:21:58:LONG
2026-04-15,14:22:32,2026-04-15,14:22:50,NIFTY,SELL,TYPE_D,LIMIT_ENTRY,LIMIT_EXIT,24233.45,24232.65,NIFTY21APR2624250PE,24250.0,PE,220.35,220.25,220.23,220.3,225.0,215.0,0.022714,0.022696,ws,ws,entry_l1_cap,exit_l1_profit_protect,False,False,0.1174,-0.05,65,-6.5,strategy_S9-10__TYPE_D:NIFTY:2026-04-15T14:22:32:SHORT
2026-04-15,14:23:19,2026-04-15,14:24:35,NIFTY,SELL,TYPE_D,LIMIT_ENTRY,LIMIT_EXIT,24228.9,24219.35,NIFTY21APR2624250PE,24250.0,PE,221.6,223.5,221.35,223.81,225.0,215.0,0.022589,0.022344,ws,ws,entry_l1_cap,exit_l1_profit_protect,False,False,0.25,-0.3056,65,123.5,strategy_S9-10__TYPE_D:NIFTY:2026-04-15T14:23:19:SHORT
2026-04-15,14:24:48,2026-04-15,14:25:11,NIFTY,SELL,TYPE_D,LIMIT_ENTRY,LIMIT_EXIT,24215.6,24217.05,NIFTY21APR2624250PE,24250.0,PE,224.1,223.65,224.04,224.05,225.0,215.0,0.022324,0.022331,ws,ws,entry_l1_cap,exit_l1_profit_protect,False,False,0.0556,-0.4,65,-29.25,strategy_S9-10__TYPE_D:NIFTY:2026-04-15T14:24:48:SHORT
2026-04-15,14:25:20,2026-04-15,14:25:43,NIFTY,BUY,TYPE_D,LIMIT_ENTRY,LIMIT_EXIT,24225.25,24223.35,NIFTY21APR2624200CE,24200.0,CE,243.0,240.4,242.47,240.73,245.0,235.0,0.020599,0.020777,ws,ws,entry_l1_cap,exit_l1_profit_protect,False,False,0.5283,-0.3333,65,-169.0,strategy_S9-10__TYPE_D:NIFTY:2026-04-15T14:25:20:LONG
2026-04-15,14:26:00,2026-04-15,14:26:05,NIFTY,BUY,TYPE_D,LIMIT_ENTRY,LIMIT_EXIT,24227.15,24226.2,NIFTY21APR2624200CE,24200.0,CE,242.8,242.15,242.55,242.3,245.0,235.0,0.020614,0.020631,ws,ws,entry_l1_cap,exit_l1_profit_protect,False,False,0.25,-0.15,65,-42.25,strategy_S9-10__TYPE_D:NIFTY:2026-04-15T14:26:00:LONG
2026-04-15,14:26:31,2026-04-15,14:27:34,NIFTY,BUY,TYPE_D,LIMIT_ENTRY,LIMIT_EXIT,24228.8,24233.45,NIFTY21APR2624200CE,24200.0,CE,243.45,243.05,243.06,243.07,245.0,235.0,0.020557,0.020568,ws,ws,entry_l1_cap,exit_l1_profit_protect,False,False,0.3857,-0.02,65,-26.0,strategy_S9-10__TYPE_D:NIFTY:2026-04-15T14:26:31:LONG
2026-04-15,14:28:02,2026-04-15,14:28:12,NIFTY,SELL,TYPE_D,LIMIT_ENTRY,LIMIT_EXIT,24232.05,24232.65,NIFTY21APR2624250PE,24250.0,PE,220.5,221.05,220.19,221.25,225.0,215.0,0.022696,0.022599,ws,ws,entry_l1_cap,exit_l1_profit_protect,False,False,0.3111,-0.2,65,35.75,strategy_S9-10__TYPE_D:NIFTY:2026-04-15T14:28:02:SHORT
2026-04-15,14:28:22,2026-04-15,14:28:46,NIFTY,SELL,TYPE_D,LIMIT_ENTRY,LIMIT_EXIT,24227.75,24228.75,NIFTY21APR2624250PE,24250.0,PE,221.15,220.15,220.91,220.27,225.0,215.0,0.022624,0.022683,ws,ws,entry_l1_cap,exit_l1_profit_protect,False,False,0.24,-0.1222,65,-65.0,strategy_S9-10__TYPE_D:NIFTY:2026-04-15T14:28:22:SHORT
2026-04-15,14:29:11,2026-04-15,14:29:48,NIFTY,BUY,TYPE_D,LIMIT_ENTRY,LIMIT_EXIT,24232.0,24230.55,NIFTY21APR2624200CE,24200.0,CE,242.3,242.7,242.03,242.71,245.0,235.0,0.020653,0.020589,ws,ws,entry_l1_cap,exit_l1_profit_protect,False,False,0.2667,-0.0053,65,26.0,strategy_S9-10__TYPE_D:NIFTY:2026-04-15T14:29:11:LONG
2026-04-15,14:29:50,2026-04-15,14:30:39,NIFTY,BUY,TYPE_D,LIMIT_ENTRY,LIMIT_EXIT,24232.85,24235.45,NIFTY21APR2624200CE,24200.0,CE,243.0,246.65,242.62,247.02,245.0,240.0,0.020593,0.020255,ws,ws,entry_l1_cap,exit_l1_profit_protect,False,False,0.376,-0.3724,65,237.25,strategy_S9-10__TYPE_D:NIFTY:2026-04-15T14:29:50:LONG
2026-04-15,14:31:35,2026-04-15,14:31:40,NIFTY,BUY,TYPE_D,LIMIT_ENTRY,LIMIT_EXIT,24236.1,24233.85,NIFTY21APR2624200CE,24200.0,CE,247.15,246.8,246.95,246.99,250.0,240.0,0.020247,0.020241,ws,ws,entry_l1_cap,exit_l1_profit_protect,False,False,0.2,-0.1929,65,-22.75,strategy_S9-10__TYPE_D:NIFTY:2026-04-15T14:31:35:LONG
2026-04-15,14:32:08,2026-04-15,14:32:39,NIFTY,BUY,TYPE_D,LIMIT_ENTRY,LIMIT_EXIT,24235.75,24232.45,NIFTY21APR2624200CE,24200.0,CE,246.5,244.5,246.44,244.79,250.0,235.0,0.0203,0.020431,ws,ws,entry_l1_cap,exit_l1_profit_protect,False,False,0.0571,-0.2893,65,-130.0,strategy_S9-10__TYPE_D:NIFTY:2026-04-15T14:32:08:LONG
2026-04-15,14:32:41,2026-04-15,14:33:20,NIFTY,SELL,TYPE_D,LIMIT_ENTRY,LIMIT_EXIT,24231.5,24230.85,NIFTY21APR2624250PE,24250.0,PE,219.6,220.0,219.35,220.14,220.0,215.0,0.022792,0.022709,ws,ws,entry_l1_cap,exit_l1_profit_protect,False,False,0.2455,-0.14,65,26.0,strategy_S9-10__TYPE_D:NIFTY:2026-04-15T14:32:41:SHORT
2026-04-15,14:33:50,2026-04-15,14:33:59,NIFTY,BUY,TYPE_D,LIMIT_ENTRY,LIMIT_EXIT,24231.6,24229.95,NIFTY21APR2624200CE,24200.0,CE,242.6,240.5,242.53,240.88,245.0,235.0,0.020621,0.020771,ws,ws,entry_l1_cap,exit_l1_profit_protect,False,False,0.0714,-0.375,65,-136.5,strategy_S9-10__TYPE_D:NIFTY:2026-04-15T14:33:50:LONG
2026-04-15,14:34:11,2026-04-15,14:35:05,NIFTY,BUY,TYPE_D,LIMIT_ENTRY,LIMIT_EXIT,24232.55,24234.15,NIFTY21APR2624200CE,24200.0,CE,242.0,241.75,241.96,241.9,245.0,235.0,0.020668,0.020663,ws,ws,entry_l1_cap,exit_l1_profit_protect,False,False,0.0375,-0.15,65,-16.25,strategy_S9-10__TYPE_D:NIFTY:2026-04-15T14:34:11:LONG
2026-04-15,14:35:20,2026-04-15,14:35:40,NIFTY,BUY,TYPE_D,LIMIT_ENTRY,LIMIT_EXIT,24236.25,24232.85,NIFTY21APR2624200CE,24200.0,CE,242.0,240.5,241.85,240.73,245.0,235.0,0.02067,0.020773,ws,ws,entry_l1_cap,exit_l1_profit_protect,False,False,0.15,-0.2286,65,-97.5,strategy_S9-10__TYPE_D:NIFTY:2026-04-15T14:35:20:LONG
2026-04-15,14:36:41,2026-04-15,14:36:50,NIFTY,SELL,TYPE_D,LIMIT_ENTRY,LIMIT_EXIT,24231.2,24231.7,NIFTY21APR2624250PE,24250.0,PE,221.8,222.15,221.56,222.4,225.0,215.0,0.022558,0.022485,ws,ws,entry_l1_cap,exit_l1_profit_protect,False,False,0.24,-0.2455,65,22.75,strategy_S9-10__TYPE_D:NIFTY:2026-04-15T14:36:41:SHORT
2026-04-15,14:37:04,2026-04-15,14:37:45,NIFTY,SELL,TYPE_D,LIMIT_ENTRY,LIMIT_EXIT,24228.2,24224.05,NIFTY21APR2624250PE,24250.0,PE,222.95,224.0,222.7,224.24,225.0,215.0,0.022452,0.022297,ws,ws,entry_l1_cap,exit_l1_profit_protect,False,False,0.25,-0.2391,65,68.25,strategy_S9-10__TYPE_D:NIFTY:2026-04-15T14:37:04:SHORT
2026-04-15,14:38:17,2026-04-15,14:38:35,NIFTY,BUY,TYPE_D,LIMIT_ENTRY,LIMIT_EXIT,24226.95,24224.95,NIFTY21APR2624200CE,24200.0,CE,236.6,235.85,236.53,235.91,240.0,230.0,0.021155,0.021189,ws,ws,entry_l1_cap,exit_l1_profit_protect,False,False,0.0667,-0.0625,65,-48.75,strategy_S9-10__TYPE_D:NIFTY:2026-04-15T14:38:17:LONG
2026-04-15,14:38:42,2026-04-15,14:39:20,NIFTY,SELL,TYPE_D,LIMIT_ENTRY,LIMIT_EXIT,24222.3,24222.05,NIFTY21APR2624250PE,24250.0,PE,226.0,225.6,225.67,225.74,230.0,220.0,0.022141,0.022141,ws,ws,entry_l1_cap,exit_l1_profit_protect,False,False,0.3339,-0.1385,65,-26.0,strategy_S9-10__TYPE_D:NIFTY:2026-04-15T14:38:42:SHORT
2026-04-15,14:39:47,2026-04-15,14:41:25,NIFTY,BUY,TYPE_D,LIMIT_ENTRY,LIMIT_EXIT,24223.85,24228.05,NIFTY21APR2624200CE,24200.0,CE,235.0,236.9,234.93,237.08,235.0,230.0,0.021281,0.021086,ws,ws,entry_l1_cap,exit_l1_profit_protect,False,False,0.0667,-0.18,65,123.5,strategy_S9-10__TYPE_D:NIFTY:2026-04-15T14:39:47:LONG
2026-04-15,14:41:35,2026-04-15,14:42:01,NIFTY,BUY,TYPE_D,LIMIT_ENTRY,LIMIT_EXIT,24231.05,24229.6,NIFTY21APR2624200CE,24200.0,CE,237.6,237.05,237.45,237.1,240.0,230.0,0.021057,0.021088,ws,ws,entry_l1_cap,exit_l1_profit_protect,False,False,0.15,-0.05,65,-35.75,strategy_S9-10__TYPE_D:NIFTY:2026-04-15T14:41:35:LONG
2026-04-15,14:42:26,2026-04-15,14:43:51,NIFTY,BUY,TYPE_D,LIMIT_ENTRY,LIMIT_EXIT,24231.95,24233.5,NIFTY21APR2624200CE,24200.0,CE,238.75,240.5,238.43,240.81,240.0,235.0,0.02096,0.020768,ws,ws,entry_l1_cap,exit_l1_profit_protect,False,False,0.32,-0.3125,65,113.75,strategy_S9-10__TYPE_D:NIFTY:2026-04-15T14:42:26:LONG
2026-04-15,14:44:13,2026-04-15,14:44:44,NIFTY,SELL,TYPE_D,LIMIT_ENTRY,LIMIT_EXIT,24232.55,24235.35,NIFTY21APR2624250PE,24250.0,PE,223.95,224.45,223.83,224.59,225.0,215.0,0.022336,0.022252,ws,ws,entry_l1_cap,exit_l1_profit_protect,False,False,0.1222,-0.1364,65,32.5,strategy_S9-10__TYPE_D:NIFTY:2026-04-15T14:44:13:SHORT
2026-04-15,14:45:05,2026-04-15,14:45:33,NIFTY,BUY,TYPE_D,LIMIT_ENTRY,LIMIT_EXIT,24235.7,24234.7,NIFTY21APR2624200CE,24200.0,CE,244.85,243.3,244.78,243.57,245.0,235.0,0.020444,0.020528,ws,ws,entry_l1_cap,exit_l1_profit_protect,False,False,0.0743,-0.275,65,-100.75,strategy_S9-10__TYPE_D:NIFTY:2026-04-15T14:45:05:LONG
2026-04-15,14:45:47,2026-04-15,14:45:57,NIFTY,SELL,TYPE_D,LIMIT_ENTRY,LIMIT_EXIT,24233.1,24234.15,NIFTY21APR2624250PE,24250.0,PE,226.9,226.3,226.88,226.59,230.0,220.0,0.022039,0.022075,ws,ws,entry_l1_cap,exit_l1_profit_protect,False,False,0.0188,-0.2909,65,-39.0,strategy_S9-10__TYPE_D:NIFTY:2026-04-15T14:45:47:SHORT
2026-04-15,14:46:10,2026-04-15,14:46:20,NIFTY,SELL,TYPE_D,LIMIT_ENTRY,LIMIT_EXIT,24232.4,24233.95,NIFTY21APR2624250PE,24250.0,PE,225.95,225.7,225.73,225.85,230.0,220.0,0.022153,0.022131,ws,ws,entry_l1_cap,exit_l1_profit_protect,False,False,0.2222,-0.15,65,-16.25,strategy_S9-10__TYPE_D:NIFTY:2026-04-15T14:46:10:SHORT
2026-04-15,14:46:32,2026-04-15,14:47:05,NIFTY,BUY,TYPE_D,LIMIT_ENTRY,LIMIT_EXIT,24234.95,24233.5,NIFTY21APR2624200CE,24200.0,CE,242.4,242.3,242.16,242.57,245.0,235.0,0.020638,0.020619,ws,ws,entry_l1_cap,exit_l1_profit_protect,False,False,0.24,-0.2667,65,-6.5,strategy_S9-10__TYPE_D:NIFTY:2026-04-15T14:46:32:LONG
2026-04-15,14:47:27,2026-04-15,14:48:18,NIFTY,BUY,TYPE_D,LIMIT_ENTRY,LIMIT_EXIT,24236.6,24237.5,NIFTY21APR2624200CE,24200.0,CE,243.0,244.0,242.6,244.24,245.0,235.0,0.020595,0.020479,ws,ws,entry_l1_cap,exit_l1_profit_protect,False,False,0.396,-0.2432,65,65.0,strategy_S9-10__TYPE_D:NIFTY:2026-04-15T14:47:27:LONG
2026-04-15,14:48:36,2026-04-15,14:48:53,NIFTY,SELL,TYPE_D,LIMIT_ENTRY,LIMIT_EXIT,24236.3,24238.1,NIFTY21APR2624250PE,24250.0,PE,224.75,223.8,224.64,223.95,225.0,215.0,0.022274,0.022319,ws,ws,entry_l1_cap,exit_l1_profit_protect,False,False,0.1053,-0.15,65,-61.75,strategy_S9-10__TYPE_D:NIFTY:2026-04-15T14:48:36:SHORT
2026-04-15,14:49:05,2026-04-15,14:50:09,NIFTY,BUY,TYPE_D,LIMIT_ENTRY,LIMIT_EXIT,24239.5,24243.3,NIFTY21APR2624200CE,24200.0,CE,244.8,247.45,244.67,247.47,245.0,240.0,0.020444,0.020202,ws,ws,entry_l1_cap,exit_l1_profit_protect,False,False,0.1286,-0.02,65,172.25,strategy_S9-10__TYPE_D:NIFTY:2026-04-15T14:49:05:LONG
2026-04-15,14:50:16,2026-04-15,14:50:50,NIFTY,SELL,TYPE_D,LIMIT_ENTRY,LIMIT_EXIT,24239.1,24238.15,NIFTY21APR2624250PE,24250.0,PE,222.85,223.25,222.7,223.45,225.0,215.0,0.022454,0.022376,ws,ws,entry_l1_cap,exit_l1_profit_protect,False,False,0.15,-0.2,65,26.0,strategy_S9-10__TYPE_D:NIFTY:2026-04-15T14:50:16:SHORT
2026-04-15,14:51:04,2026-04-15,14:53:02,NIFTY,BUY,TYPE_D,LIMIT_ENTRY,LIMIT_EXIT,24240.0,24258.55,NIFTY21APR2624200CE,24200.0,CE,246.75,255.7,246.67,256.12,250.0,250.0,0.020282,0.019531,ws,ws,entry_l1_cap,exit_l1_profit_protect,False,False,0.0794,-0.4235,65,581.75,strategy_S9-10__TYPE_D:NIFTY:2026-04-15T14:51:04:LONG
2026-04-15,14:53:32,2026-04-15,14:54:20,NIFTY,SELL,TYPE_D,LIMIT_ENTRY,LIMIT_EXIT,24255.7,24249.75,NIFTY21APR2624300PE,24300.0,PE,236.45,239.0,236.33,239.13,240.0,230.0,0.02116,0.020903,ws,ws,entry_l1_cap,exit_l1_profit_protect,False,False,0.12,-0.1333,65,165.75,strategy_S9-10__TYPE_D:NIFTY:2026-04-15T14:53:32:SHORT
2026-04-15,14:55:10,2026-04-15,14:55:50,NIFTY,SELL,TYPE_D,LIMIT_ENTRY,LIMIT_EXIT,24244.2,24246.95,NIFTY21APR2624250PE,24250.0,PE,216.6,216.35,216.49,216.42,220.0,210.0,0.023105,0.023089,ws,ws,entry_l1_cap,exit_l1_profit_protect,False,False,0.1143,-0.0667,65,-16.25,strategy_S9-10__TYPE_D:NIFTY:2026-04-15T14:55:10:SHORT
2026-04-15,14:56:00,2026-04-15,14:56:08,NIFTY,BUY,TYPE_D,LIMIT_ENTRY,LIMIT_EXIT,24247.65,24245.6,NIFTY21APR2624200CE,24200.0,CE,253.7,252.6,253.29,252.83,255.0,245.0,0.019732,0.019773,ws,ws,entry_l1_cap,exit_l1_profit_protect,False,False,0.4105,-0.2265,65,-71.5,strategy_S9-10__TYPE_D:NIFTY:2026-04-15T14:56:00:LONG
2026-04-15,14:56:13,2026-04-15,14:56:40,NIFTY,SELL,TYPE_D,LIMIT_ENTRY,LIMIT_EXIT,24242.35,24243.7,NIFTY21APR2624250PE,24250.0,PE,217.0,217.3,216.91,217.38,220.0,210.0,0.023047,0.022994,ws,ws,entry_l1_cap,exit_l1_profit_protect,False,False,0.0882,-0.0818,65,19.5,strategy_S9-10__TYPE_D:NIFTY:2026-04-15T14:56:13:SHORT
2026-04-15,14:56:50,2026-04-15,14:57:18,NIFTY,BUY,TYPE_D,LIMIT_ENTRY,LIMIT_EXIT,24246.2,24249.5,NIFTY21APR2624200CE,24200.0,CE,251.4,253.25,251.38,253.29,255.0,245.0,0.019891,0.01973,ws,ws,entry_l1_cap,exit_l1_profit_protect,False,False,0.025,-0.0437,65,120.25,strategy_S9-10__TYPE_D:NIFTY:2026-04-15T14:56:50:LONG
2026-04-15,14:57:26,2026-04-15,14:57:51,NIFTY,BUY,TYPE_D,LIMIT_ENTRY,LIMIT_EXIT,24253.95,24253.65,NIFTY21APR2624250CE,24250.0,CE,225.55,225.15,225.19,225.28,230.0,220.0,0.02219,0.022178,ws,ws,entry_l1_cap,exit_l1_profit_protect,False,False,0.36,-0.1286,65,-26.0,strategy_S9-10__TYPE_D:NIFTY:2026-04-15T14:57:26:LONG
2026-04-15,14:58:13,2026-04-15,14:58:20,NIFTY,SELL,TYPE_D,LIMIT_ENTRY,LIMIT_EXIT,24251.85,24254.8,NIFTY21APR2624300PE,24300.0,PE,238.95,238.05,238.75,238.12,240.0,230.0,0.020942,0.020995,ws,ws,entry_l1_cap,exit_l1_profit_protect,False,False,0.2,-0.0667,65,-58.5,strategy_S9-10__TYPE_D:NIFTY:2026-04-15T14:58:13:SHORT
2026-04-15,14:58:43,2026-04-15,14:59:43,NIFTY,BUY,TYPE_D,LIMIT_ENTRY,LIMIT_EXIT,24256.7,24260.95,NIFTY21APR2624250CE,24250.0,CE,226.1,226.5,225.96,226.57,230.0,220.0,0.022136,0.022056,ws,ws,entry_l1_cap,exit_l1_profit_protect,False,False,0.1385,-0.0667,65,26.0,strategy_S9-10__TYPE_D:NIFTY:2026-04-15T14:58:43:LONG
2026-04-15,15:00:00,2026-04-15,15:00:21,NIFTY,BUY,TYPE_D,LIMIT_ENTRY,LIMIT_EXIT,24263.75,24261.85,NIFTY21APR2624250CE,24250.0,CE,225.8,224.6,225.48,224.7,230.0,215.0,0.02217,0.02224,ws,ws,entry_l1_cap,exit_l1_profit_protect,False,False,0.3208,-0.1,65,-78.0,strategy_S9-10__TYPE_D:NIFTY:2026-04-15T15:00:00:LONG
2026-04-15,15:00:32,2026-04-15,15:01:00,NIFTY,SELL,TYPE_D,LIMIT_ENTRY,LIMIT_EXIT,24249.35,24239.8,NIFTY21APR2624250PE,24250.0,PE,217.65,220.25,217.28,220.55,220.0,215.0,0.022999,0.022678,ws,ws,entry_l1_cap,exit_l1_profit_protect,False,False,0.375,-0.3,65,169.0,strategy_S9-10__TYPE_D:NIFTY:2026-04-15T15:00:32:SHORT
2026-04-15,15:02:02,2026-04-15,15:02:23,NIFTY,BUY,TYPE_D,LIMIT_ENTRY,LIMIT_EXIT,24242.55,24240.7,NIFTY21APR2624200CE,24200.0,CE,241.9,240.0,241.52,240.36,245.0,235.0,0.020691,0.020812,ws,ws,entry_l1_cap,exit_l1_profit_protect,False,False,0.3846,-0.3571,65,-123.5,strategy_S9-10__TYPE_D:NIFTY:2026-04-15T15:02:02:LONG
2026-04-15,15:02:43,2026-04-15,15:03:29,NIFTY,BUY,TYPE_D,LIMIT_ENTRY,LIMIT_EXIT,24244.15,24244.9,NIFTY21APR2624200CE,24200.0,CE,243.0,243.4,242.88,243.57,245.0,235.0,0.020582,0.02053,ws,ws,entry_l1_cap,exit_l1_profit_protect,False,False,0.1227,-0.1667,65,26.0,strategy_S9-10__TYPE_D:NIFTY:2026-04-15T15:02:43:LONG
2026-04-15,15:04:00,2026-04-15,15:04:08,NIFTY,BUY,TYPE_D,LIMIT_ENTRY,LIMIT_EXIT,24245.95,24243.15,NIFTY21APR2624200CE,24200.0,CE,242.85,241.7,242.78,242.03,245.0,235.0,0.020595,0.020663,ws,ws,entry_l1_cap,exit_l1_profit_protect,False,False,0.075,-0.33,65,-74.75,strategy_S9-10__TYPE_D:NIFTY:2026-04-15T15:04:00:LONG
2026-04-15,15:04:29,2026-04-15,15:04:41,NIFTY,SELL,TYPE_D,LIMIT_ENTRY,LIMIT_EXIT,24241.85,24243.75,NIFTY21APR2624250PE,24250.0,PE,222.5,221.0,222.42,221.13,225.0,215.0,0.022477,0.022601,ws,ws,entry_l1_cap,exit_l1_profit_protect,False,False,0.08,-0.135,65,-97.5,strategy_S9-10__TYPE_D:NIFTY:2026-04-15T15:04:29:SHORT
2026-04-15,15:04:50,2026-04-15,15:05:34,NIFTY,BUY,TYPE_D,LIMIT_ENTRY,LIMIT_EXIT,24244.85,24247.15,NIFTY21APR2624200CE,24200.0,CE,243.5,242.9,243.3,242.95,245.0,235.0,0.020544,0.020563,ws,ws,entry_l1_cap,exit_l1_profit_protect,False,False,0.2,-0.0536,65,-39.0,strategy_S9-10__TYPE_D:NIFTY:2026-04-15T15:04:50:LONG
2026-04-15,15:05:52,2026-04-15,15:05:59,NIFTY,BUY,TYPE_D,LIMIT_ENTRY,LIMIT_EXIT,24248.85,24248.05,NIFTY21APR2624200CE,24200.0,CE,244.7,244.35,244.64,244.4,245.0,235.0,0.020444,0.020452,ws,ws,entry_l1_cap,exit_l1_profit_protect,False,False,0.0625,-0.05,65,-22.75,strategy_S9-10__TYPE_D:NIFTY:2026-04-15T15:05:52:LONG
2026-04-15,15:06:18,2026-04-15,15:06:42,NIFTY,SELL,TYPE_D,LIMIT_ENTRY,LIMIT_EXIT,24244.7,24244.8,NIFTY21APR2624250PE,24250.0,PE,223.0,223.0,222.93,223.21,225.0,215.0,0.022439,0.022406,ws,ws,entry_l1_cap,exit_l1_profit_protect,False,False,0.07,-0.2087,65,0.0,strategy_S9-10__TYPE_D:NIFTY:2026-04-15T15:06:18:SHORT
2026-04-15,15:06:50,2026-04-15,15:07:03,NIFTY,BUY,TYPE_D,LIMIT_ENTRY,LIMIT_EXIT,24246.3,24244.35,NIFTY21APR2624200CE,24200.0,CE,240.55,238.05,240.46,238.28,245.0,230.0,0.020805,0.020982,ws,ws,entry_l1_cap,exit_l1_profit_protect,False,False,0.09,-0.2292,65,-162.5,strategy_S9-10__TYPE_D:NIFTY:2026-04-15T15:06:50:LONG
2026-04-15,15:07:21,2026-04-15,15:07:51,NIFTY,SELL,TYPE_D,LIMIT_ENTRY,LIMIT_EXIT,24242.8,24234.2,NIFTY21APR2624250PE,24250.0,PE,225.85,231.7,225.65,232.02,230.0,225.0,0.022161,0.021559,ws,ws,entry_l1_cap,exit_l1_profit_protect,False,False,0.2,-0.3214,65,380.25,strategy_S9-10__TYPE_D:NIFTY:2026-04-15T15:07:21:SHORT
2026-04-15,15:08:10,2026-04-15,15:08:24,NIFTY,BUY,TYPE_D,LIMIT_ENTRY,LIMIT_EXIT,24238.75,24235.15,NIFTY21APR2624200CE,24200.0,CE,235.9,234.65,235.86,234.82,240.0,225.0,0.021213,0.021292,ws,ws,entry_l1_cap,exit_l1_profit_protect,False,False,0.0444,-0.175,65,-81.25,strategy_S9-10__TYPE_D:NIFTY:2026-04-15T15:08:10:LONG
2026-04-15,15:08:37,2026-04-15,15:09:00,NIFTY,SELL,TYPE_D,LIMIT_ENTRY,LIMIT_EXIT,24232.15,24235.05,NIFTY21APR2624250PE,24250.0,PE,233.0,233.0,232.94,233.29,235.0,225.0,0.021464,0.021439,ws,ws,entry_l1_cap,exit_l1_profit_protect,False,False,0.06,-0.2864,65,0.0,strategy_S9-10__TYPE_D:NIFTY:2026-04-15T15:08:37:SHORT
2026-04-15,15:09:10,2026-04-15,15:10:02,NIFTY,BUY,TYPE_D,LIMIT_ENTRY,LIMIT_EXIT,24235.75,24236.05,NIFTY21APR2624200CE,24200.0,CE,235.2,236.45,234.8,236.54,240.0,230.0,0.021283,0.021122,ws,ws,entry_l1_cap,exit_l1_profit_protect,False,False,0.4033,-0.0917,65,81.25,strategy_S9-10__TYPE_D:NIFTY:2026-04-15T15:09:10:LONG
2026-04-15,15:10:32,2026-04-15,15:10:37,NIFTY,BUY,TYPE_D,LIMIT_ENTRY,LIMIT_EXIT,24240.2,24236.15,NIFTY21APR2624200CE,24200.0,CE,238.5,238.3,238.37,238.62,240.0,230.0,0.020982,0.020967,ws,ws,entry_l1_cap,exit_l1_profit_protect,False,False,0.1333,-0.3208,65,-13.0,strategy_S9-10__TYPE_D:NIFTY:2026-04-15T15:10:32:LONG
2026-04-15,15:10:54,2026-04-15,15:11:03,NIFTY,BUY,TYPE_D,LIMIT_ENTRY,LIMIT_EXIT,24242.45,24238.65,NIFTY21APR2624200CE,24200.0,CE,237.65,236.05,237.3,236.12,240.0,230.0,0.021057,0.021166,ws,ws,entry_l1_cap,exit_l1_profit_protect,False,False,0.35,-0.07,65,-104.0,strategy_S9-10__TYPE_D:NIFTY:2026-04-15T15:10:54:LONG
2026-04-15,15:11:11,2026-04-15,15:11:33,NIFTY,SELL,TYPE_D,LIMIT_ENTRY,LIMIT_EXIT,24235.3,24235.75,NIFTY21APR2624250PE,24250.0,PE,234.05,232.4,234.01,232.49,235.0,225.0,0.021365,0.021494,ws,ws,entry_l1_cap,exit_l1_profit_protect,False,False,0.04,-0.09,65,-107.25,strategy_S9-10__TYPE_D:NIFTY:2026-04-15T15:11:11:SHORT
2026-04-15,15:11:51,2026-04-15,15:12:12,NIFTY,SELL,TYPE_D,LIMIT_ENTRY,LIMIT_EXIT,24233.2,24233.7,NIFTY21APR2624250PE,24250.0,PE,233.6,231.1,233.33,231.19,235.0,225.0,0.021427,0.021629,ws,ws,entry_l1_cap,exit_l1_profit_protect,False,False,0.2667,-0.09,65,-162.5,strategy_S9-10__TYPE_D:NIFTY:2026-04-15T15:11:51:SHORT
2026-04-15,15:12:21,2026-04-15,15:12:50,NIFTY,SELL,TYPE_D,LIMIT_ENTRY,LIMIT_EXIT,24229.6,24228.15,NIFTY21APR2624250PE,24250.0,PE,233.0,232.35,232.69,232.37,235.0,225.0,0.021478,0.02151,ws,ws,entry_l1_cap,exit_l1_profit_protect,False,False,0.3059,-0.0222,65,-42.25,strategy_S9-10__TYPE_D:NIFTY:2026-04-15T15:12:21:SHORT
2026-04-15,15:13:08,2026-04-15,15:13:31,NIFTY,SELL,TYPE_D,LIMIT_ENTRY,LIMIT_EXIT,24225.9,24226.0,NIFTY21APR2624250PE,24250.0,PE,232.65,229.95,232.49,230.0,235.0,220.0,0.02151,0.021737,ws,ws,entry_l1_cap,exit_l1_profit_protect,False,False,0.16,-0.045,65,-175.5,strategy_S9-10__TYPE_D:NIFTY:2026-04-15T15:13:08:SHORT
2026-04-15,15:13:53,2026-04-15,15:14:31,NIFTY,BUY,TYPE_D,LIMIT_ENTRY,LIMIT_EXIT,24227.6,24227.8,NIFTY21APR2624200CE,24200.0,CE,236.75,236.3,236.39,236.37,240.0,230.0,0.021144,0.021137,ws,ws,entry_l1_cap,exit_l1_profit_protect,False,False,0.3575,-0.0714,65,-29.25,strategy_S9-10__TYPE_D:NIFTY:2026-04-15T15:13:53:LONG
2026-04-15,15:15:06,2026-04-15,15:15:42,NIFTY,SELL,TYPE_D,LIMIT_ENTRY,LIMIT_EXIT,24225.65,24225.65,NIFTY21APR2624250PE,24250.0,PE,235.0,229.9,234.74,230.03,235.0,220.0,0.02129,0.02173,ws,ws,entry_l1_cap,exit_l1_profit_protect,False,False,0.2625,-0.1333,65,-331.5,strategy_S9-10__TYPE_D:NIFTY:2026-04-15T15:15:06:SHORT
2026-04-15,15:16:02,2026-04-15,15:16:11,NIFTY,BUY,TYPE_D,LIMIT_ENTRY,LIMIT_EXIT,24226.65,24224.55,NIFTY21APR2624200CE,24200.0,CE,237.65,236.7,237.62,237.09,240.0,230.0,0.021042,0.021097,ws,ws,entry_l1_cap,exit_l1_profit_protect,False,False,0.0286,-0.3923,65,-61.75,strategy_S9-10__TYPE_D:NIFTY:2026-04-15T15:16:02:LONG
2026-04-15,15:16:21,2026-04-15,15:16:41,NIFTY,SELL,TYPE_D,LIMIT_ENTRY,LIMIT_EXIT,24223.15,24224.2,NIFTY21APR2624250PE,24250.0,PE,232.65,232.1,232.49,232.19,235.0,225.0,0.021515,0.021529,ws,ws,entry_l1_cap,exit_l1_profit_protect,False,False,0.1579,-0.09,65,-35.75,strategy_S9-10__TYPE_D:NIFTY:2026-04-15T15:16:21:SHORT
2026-04-15,15:17:05,2026-04-15,15:18:06,NIFTY,BUY,TYPE_D,LIMIT_ENTRY,LIMIT_EXIT,24226.95,24228.15,NIFTY21APR2624200CE,24200.0,CE,237.15,236.3,237.1,236.74,240.0,230.0,0.021104,0.021137,ws,ws,entry_l1_cap,exit_l1_profit_protect,False,False,0.05,-0.4375,65,-55.25,strategy_S9-10__TYPE_D:NIFTY:2026-04-15T15:17:05:LONG
2026-04-15,15:18:31,2026-04-15,15:18:38,NIFTY,BUY,TYPE_D,LIMIT_ENTRY,LIMIT_EXIT,24230.25,24229.0,NIFTY21APR2624200CE,24200.0,CE,236.9,236.95,236.72,236.95,240.0,230.0,0.021119,0.021099,ws,ws,entry_l1_cap,exit_l1_profit_protect,False,False,0.1846,-0.0023,65,3.25,strategy_S9-10__TYPE_D:NIFTY:2026-04-15T15:18:31:LONG
2026-04-15,15:18:56,2026-04-15,15:19:15,NIFTY,SELL,TYPE_D,LIMIT_ENTRY,LIMIT_EXIT,24227.45,24229.55,NIFTY21APR2624250PE,24250.0,PE,231.45,232.0,231.33,232.18,235.0,225.0,0.021622,0.021542,ws,ws,entry_l1_cap,exit_l1_profit_protect,False,False,0.12,-0.1833,65,35.75,strategy_S9-10__TYPE_D:NIFTY:2026-04-15T15:18:56:SHORT
2026-04-15,15:19:26,2026-04-15,15:20:07,NIFTY,SELL,TYPE_D,LIMIT_ENTRY,LIMIT_EXIT,24226.35,24225.45,NIFTY21APR2624250PE,24250.0,PE,232.9,233.85,232.8,234.03,235.0,225.0,0.02148,0.02137,ws,ws,entry_l1_cap,exit_l1_profit_protect,False,False,0.1,-0.175,65,61.75,strategy_S9-10__TYPE_D:NIFTY:2026-04-15T15:19:26:SHORT
2026-04-15,15:20:16,2026-04-15,15:20:36,NIFTY,BUY,TYPE_D,LIMIT_ENTRY,LIMIT_EXIT,24228.05,24226.3,NIFTY21APR2624200CE,24200.0,CE,236.0,234.85,235.85,234.9,240.0,225.0,0.021193,0.021272,ws,ws,entry_l1_cap,exit_l1_profit_protect,False,False,0.1456,-0.05,65,-74.75,strategy_S9-10__TYPE_D:NIFTY:2026-04-15T15:20:16:LONG
2026-04-15,15:21:00,2026-04-15,15:21:09,NIFTY,BUY,TYPE_D,LIMIT_ENTRY,LIMIT_EXIT,24227.15,24225.05,NIFTY21APR2624200CE,24200.0,CE,235.35,235.05,235.16,235.22,240.0,230.0,0.021259,0.021256,ws,ws,entry_l1_cap,exit_l1_profit_protect,False,False,0.1857,-0.175,65,-19.5,strategy_S9-10__TYPE_D:NIFTY:2026-04-15T15:21:00:LONG
2026-04-15,15:22:25,2026-04-15,15:22:57,NIFTY,SELL,TYPE_D,LIMIT_ENTRY,LIMIT_EXIT,24223.3,24224.9,NIFTY21APR2624250PE,24250.0,PE,234.05,233.7,233.67,233.85,235.0,225.0,0.021381,0.021384,ws,ws,entry_l1_cap,exit_l1_profit_protect,False,False,0.3818,-0.1515,65,-22.75,strategy_S9-10__TYPE_D:NIFTY:2026-04-15T15:22:25:SHORT
2026-04-15,15:23:01,2026-04-15,15:23:09,NIFTY,BUY,TYPE_D,LIMIT_ENTRY,LIMIT_EXIT,24225.45,24223.35,NIFTY21APR2624200CE,24200.0,CE,236.0,235.2,235.65,235.35,240.0,230.0,0.021202,0.021247,ws,ws,entry_l1_cap,exit_l1_profit_protect,False,False,0.3457,-0.15,65,-52.0,strategy_S9-10__TYPE_D:NIFTY:2026-04-15T15:23:01:LONG
2026-04-15,15:23:24,2026-04-15,15:23:45,NIFTY,SELL,TYPE_D,LIMIT_ENTRY,LIMIT_EXIT,24220.35,24222.3,NIFTY21APR2624250PE,24250.0,PE,234.7,234.9,234.44,235.33,235.0,225.0,0.02132,0.021263,ws,ws,entry_l1_cap,exit_l1_profit_protect,False,False,0.2579,-0.4286,65,13.0,strategy_S9-10__TYPE_D:NIFTY:2026-04-15T15:23:24:SHORT
2026-04-15,15:24:00,2026-04-15,15:25:26,NIFTY,BUY,TYPE_D,LIMIT_ENTRY,LIMIT_EXIT,24223.3,24223.1,NIFTY21APR2624200CE,24200.0,CE,235.0,236.25,234.68,236.29,235.0,230.0,0.021292,0.021153,ws,ws,entry_l1_cap,exit_l1_profit_protect,False,False,0.3229,-0.0354,65,81.25,strategy_S9-10__TYPE_D:NIFTY:2026-04-15T15:24:00:LONG
