Entry_Date,Entry_Time,Exit_Date,Exit_Time,Underlying_Symbol,Strategy_Direction,Underlying_Entry_Price,Underlying_Exit_Price,Option_Symbol,Option_Strike,Option_Type,Option_Entry_Price,Option_Exit_Price,Entry_Fair_Value,Exit_Fair_Value,Entry_Limit_Price,Exit_Limit_Price,Entry_Spread_Pct,Exit_Spread_Pct,Entry_Quote_Source,Exit_Quote_Source,Entry_Pricing_Mode,Exit_Pricing_Mode,Entry_Repriced,Exit_Repriced,Entry_Slippage_vs_Fair,Exit_Slippage_vs_Fair,Qty,PnL,Trade_ID
2026-04-07,09:18:00,2026-04-07,09:18:01,NIFTY,BUY,22775.75,22768.15,NIFTY07APR2622750CE,22750.0,CE,106.0,105.75,110.0,105.0,110.0,105.0,0.002361,0.002361,ws,ws,book_ladder,book_ladder,False,False,-4.0,0.75,65,-16.25,strategy_S9-149:NIFTY:2026-04-07T09:18:00:LONG
2026-04-07,09:18:15,2026-04-07,09:18:33,NIFTY,BUY,22780.35,22776.2,NIFTY07APR2622750CE,22750.0,CE,112.95,110.1,115.0,110.0,115.0,110.0,0.00266,0.002268,ws,ws,book_ladder,book_ladder,False,False,-2.05,0.1,65,-185.25,strategy_S9-149:NIFTY:2026-04-07T09:18:15:LONG
2026-04-07,09:19:23,2026-04-07,09:19:33,NIFTY,BUY,22782.4,22782.4,NIFTY07APR2622750CE,22750.0,CE,112.8,112.2,115.0,110.0,115.0,110.0,0.001775,0.003115,ws,ws,book_ladder,book_ladder,False,False,-2.2,2.2,65,-39.0,strategy_S9-149:NIFTY:2026-04-07T09:19:23:LONG
2026-04-07,09:20:05,2026-04-07,09:20:11,NIFTY,SELL,22764.5,22773.0,NIFTY07APR2622800PE,22800.0,PE,124.15,118.65,125.0,115.0,125.0,115.0,0.002823,0.001684,ws,ws,book_ladder,book_ladder,False,False,-0.85,3.65,65,-357.5,strategy_S9-149:NIFTY:2026-04-07T09:20:05:SHORT
2026-04-07,09:21:01,2026-04-07,09:21:10,NIFTY,BUY,22772.95,22771.6,NIFTY07APR2622750CE,22750.0,CE,100.2,101.5,105.0,100.0,105.0,100.0,0.001998,0.00246,ws,ws,book_ladder,book_ladder,False,False,-4.8,1.5,65,84.5,strategy_S9-149:NIFTY:2026-04-07T09:21:01:LONG
2026-04-07,09:21:41,2026-04-07,09:22:15,NIFTY,BUY,22779.95,22797.9,NIFTY07APR2622750CE,22750.0,CE,105.4,120.75,110.0,120.0,110.0,120.0,0.002375,0.002068,ws,ws,book_ladder,book_ladder,False,False,-4.6,0.75,65,997.75,strategy_S9-149:NIFTY:2026-04-07T09:21:41:LONG
2026-04-07,09:22:30,2026-04-07,09:23:11,NIFTY,BUY,22811.95,22821.8,NIFTY07APR2622800CE,22800.0,CE,99.6,107.5,100.0,105.0,100.0,105.0,0.002513,0.002787,ws,ws,book_ladder,book_ladder,False,False,-0.4,2.5,65,513.5,strategy_S9-149:NIFTY:2026-04-07T09:22:30:LONG
2026-04-07,09:23:31,2026-04-07,09:23:53,NIFTY,SELL,22800.15,22805.35,NIFTY07APR2622850PE,22850.0,PE,134.8,134.15,135.0,130.0,135.0,130.0,0.0026,0.002977,ws,ws,book_ladder,book_ladder,False,False,-0.2,4.15,65,-42.25,strategy_S9-149:NIFTY:2026-04-07T09:23:31:SHORT
2026-04-07,09:24:00,2026-04-07,09:24:06,NIFTY,BUY,22817.55,22808.0,NIFTY07APR2622800CE,22800.0,CE,103.2,99.8,105.0,95.0,105.0,95.0,0.002911,0.001002,ws,ws,book_ladder,book_ladder,False,False,-1.8,4.8,65,-221.0,strategy_S9-149:NIFTY:2026-04-07T09:24:00:LONG
2026-04-07,09:24:50,2026-04-07,09:24:53,NIFTY,BUY,22819.8,22813.85,NIFTY07APR2622800CE,22800.0,CE,104.05,103.65,105.0,100.0,105.0,100.0,0.002887,0.002409,ws,ws,book_ladder,book_ladder,False,False,-0.95,3.65,65,-26.0,strategy_S9-149:NIFTY:2026-04-07T09:24:50:LONG
2026-04-07,09:26:10,2026-04-07,09:27:08,NIFTY,BUY,22831.5,22865.9,NIFTY07APR2622800CE,22800.0,CE,107.95,136.9,110.0,135.0,110.0,135.0,0.002319,0.002553,ws,ws,book_ladder,book_ladder,False,False,-2.05,1.9,65,1881.75,strategy_S9-149:NIFTY:2026-04-07T09:26:10:LONG
2026-04-07,09:27:25,2026-04-07,09:27:53,NIFTY,BUY,22870.35,22880.05,NIFTY07APR2622850CE,22850.0,CE,113.95,121.5,115.0,120.0,115.0,120.0,0.002196,0.002466,ws,ws,book_ladder,book_ladder,False,False,-1.05,1.5,65,490.75,strategy_S9-149:NIFTY:2026-04-07T09:27:25:LONG
2026-04-07,09:28:13,2026-04-07,09:28:18,NIFTY,SELL,22872.9,22876.2,NIFTY07APR2622900PE,22900.0,PE,127.75,124.5,130.0,120.0,130.0,120.0,0.001567,0.000803,ws,ws,book_ladder,book_ladder,False,False,-2.25,4.5,65,-211.25,strategy_S9-149:NIFTY:2026-04-07T09:28:13:SHORT
2026-04-07,09:28:42,2026-04-07,09:28:53,NIFTY,BUY,22882.2,22881.15,NIFTY07APR2622850CE,22850.0,CE,120.4,122.15,125.0,120.0,125.0,120.0,0.002495,0.002861,ws,ws,book_ladder,book_ladder,False,False,-4.6,2.15,65,113.75,strategy_S9-149:NIFTY:2026-04-07T09:28:42:LONG
2026-04-07,09:29:05,2026-04-07,09:29:16,NIFTY,SELL,22875.2,22876.5,NIFTY07APR2622900PE,22900.0,PE,128.1,122.75,130.0,120.0,130.0,120.0,0.001172,0.002035,ws,ws,book_ladder,book_ladder,False,False,-1.9,2.75,65,-347.75,strategy_S9-149:NIFTY:2026-04-07T09:29:05:SHORT
2026-04-07,09:29:29,2026-04-07,09:29:42,NIFTY,BUY,22887.0,22886.95,NIFTY07APR2622850CE,22850.0,CE,127.05,125.45,130.0,125.0,130.0,125.0,0.002364,0.002786,ws,ws,book_ladder,book_ladder,False,False,-2.95,0.45,65,-104.0,strategy_S9-149:NIFTY:2026-04-07T09:29:29:LONG
2026-04-07,09:30:00,2026-04-07,09:30:20,NIFTY,BUY,22891.45,22893.0,NIFTY07APR2622850CE,22850.0,CE,129.0,125.85,130.0,125.0,130.0,125.0,0.003106,0.001985,ws,ws,book_ladder,book_ladder,False,False,-1.0,0.85,65,-204.75,strategy_S9-149:NIFTY:2026-04-07T09:30:00:LONG
2026-04-07,09:30:32,2026-04-07,09:30:57,NIFTY,BUY,22900.65,22898.1,NIFTY07APR2622900CE,22900.0,CE,109.4,105.0,110.0,105.0,110.0,105.0,0.002288,0.001428,ws,ws,book_ladder,book_ladder,False,False,-0.6,0.0,65,-286.0,strategy_S9-149:NIFTY:2026-04-07T09:30:32:LONG
2026-04-07,09:31:00,2026-04-07,09:31:02,NIFTY,BUY,22900.05,22888.25,NIFTY07APR2622900CE,22900.0,CE,106.4,98.4,110.0,95.0,110.0,95.0,0.002824,0.000508,ws,ws,book_ladder,book_ladder,False,False,-3.6,3.4,65,-520.0,strategy_S9-149:NIFTY:2026-04-07T09:31:00:LONG
2026-04-07,09:31:20,2026-04-07,09:31:45,NIFTY,SELL,22882.2,22885.15,NIFTY07APR2622900PE,22900.0,PE,123.65,123.25,125.0,120.0,125.0,120.0,0.002429,0.002026,ws,ws,book_ladder,book_ladder,False,False,-1.35,3.25,65,-26.0,strategy_S9-149:NIFTY:2026-04-07T09:31:20:SHORT
2026-04-07,09:31:52,2026-04-07,09:32:25,NIFTY,SELL,22883.2,22871.95,NIFTY07APR2622900PE,22900.0,PE,126.35,128.25,130.0,125.0,130.0,125.0,0.001981,0.002725,ws,ws,book_ladder,book_ladder,False,False,-3.65,3.25,65,123.5,strategy_S9-149:NIFTY:2026-04-07T09:31:52:SHORT
2026-04-07,09:32:50,2026-04-07,09:33:05,NIFTY,BUY,22881.3,22877.65,NIFTY07APR2622850CE,22850.0,CE,126.15,121.0,130.0,120.0,130.0,120.0,0.002778,0.002888,ws,ws,book_ladder,book_ladder,False,False,-3.85,1.0,65,-334.75,strategy_S9-149:NIFTY:2026-04-07T09:32:50:LONG
2026-04-07,09:33:22,2026-04-07,09:33:35,NIFTY,SELL,22872.95,22874.0,NIFTY07APR2622900PE,22900.0,PE,125.5,126.65,130.0,125.0,130.0,125.0,0.002793,0.002366,ws,ws,book_ladder,book_ladder,False,False,-4.5,1.65,65,74.75,strategy_S9-149:NIFTY:2026-04-07T09:33:22:SHORT
2026-04-07,09:33:41,2026-04-07,09:34:01,NIFTY,BUY,22880.0,22874.45,NIFTY07APR2622850CE,22850.0,CE,122.25,117.6,125.0,115.0,125.0,115.0,0.002457,0.002548,ws,ws,book_ladder,book_ladder,False,False,-2.75,2.6,65,-302.25,strategy_S9-149:NIFTY:2026-04-07T09:33:41:LONG
2026-04-07,09:34:10,2026-04-07,09:34:26,NIFTY,SELL,22868.5,22867.2,NIFTY07APR2622900PE,22900.0,PE,130.5,129.95,135.0,130.0,135.0,125.0,0.001534,0.00269,ws,ws,book_ladder,book_ladder,False,True,-4.5,-0.05,65,-35.75,strategy_S9-149:NIFTY:2026-04-07T09:34:10:SHORT
2026-04-07,09:34:40,2026-04-07,09:34:45,NIFTY,SELL,22859.35,22861.85,NIFTY07APR2622900PE,22900.0,PE,131.3,129.45,135.0,125.0,135.0,125.0,0.002669,0.002315,ws,ws,book_ladder,book_ladder,False,False,-3.7,4.45,65,-120.25,strategy_S9-149:NIFTY:2026-04-07T09:34:40:SHORT
2026-04-07,09:35:10,2026-04-07,09:35:30,NIFTY,SELL,22856.85,22852.8,NIFTY07APR2622900PE,22900.0,PE,134.7,135.25,135.0,135.0,135.0,135.0,0.001486,0.002216,ws,ws,book_ladder,book_ladder,False,False,-0.3,0.25,65,35.75,strategy_S9-149:NIFTY:2026-04-07T09:35:10:SHORT
2026-04-07,09:35:54,2026-04-07,09:36:22,NIFTY,SELL,22845.0,22844.65,NIFTY07APR2622850PE,22850.0,PE,112.6,107.7,115.0,105.0,115.0,105.0,0.002223,0.002782,ws,ws,book_ladder,book_ladder,False,False,-2.4,2.7,65,-318.5,strategy_S9-149:NIFTY:2026-04-07T09:35:54:SHORT
2026-04-07,09:36:30,2026-04-07,09:37:20,NIFTY,BUY,22848.3,22872.75,NIFTY07APR2622800CE,22800.0,CE,126.45,146.15,130.0,145.0,130.0,145.0,0.002772,0.002733,ws,ws,book_ladder,book_ladder,False,False,-3.55,1.15,65,1280.5,strategy_S9-149:NIFTY:2026-04-07T09:36:30:LONG
2026-04-07,09:37:31,2026-04-07,09:37:47,NIFTY,SELL,22866.2,22863.85,NIFTY07APR2622900PE,22900.0,PE,128.4,130.55,130.0,130.0,130.0,130.0,0.002339,0.002677,ws,ws,book_ladder,book_ladder,False,False,-1.6,0.55,65,139.75,strategy_S9-149:NIFTY:2026-04-07T09:37:31:SHORT
2026-04-07,09:38:36,2026-04-07,09:38:46,NIFTY,SELL,22852.15,22853.3,NIFTY07APR2622900PE,22900.0,PE,138.85,140.15,140.0,140.0,140.0,140.0,0.002163,0.002138,ws,ws,book_ladder,book_ladder,False,False,-1.15,0.15,65,84.5,strategy_S9-149:NIFTY:2026-04-07T09:38:36:SHORT
2026-04-07,09:39:32,2026-04-07,09:39:41,NIFTY,BUY,22854.95,22852.2,NIFTY07APR2622850CE,22850.0,CE,106.55,103.95,110.0,100.0,110.0,100.0,0.002349,0.002882,ws,ws,book_ladder,book_ladder,False,False,-3.45,3.95,65,-169.0,strategy_S9-149:NIFTY:2026-04-07T09:39:32:LONG
2026-04-07,09:40:05,2026-04-07,09:40:22,NIFTY,BUY,22866.15,22861.6,NIFTY07APR2622850CE,22850.0,CE,112.8,104.05,115.0,100.0,115.0,100.0,0.002663,0.002879,ws,ws,book_ladder,book_ladder,False,False,-2.2,4.05,65,-568.75,strategy_S9-149:NIFTY:2026-04-07T09:40:05:LONG
2026-04-07,09:40:51,2026-04-07,09:40:55,NIFTY,BUY,22864.15,22862.35,NIFTY07APR2622850CE,22850.0,CE,107.8,106.0,110.0,105.0,110.0,105.0,0.002787,0.002826,ws,ws,book_ladder,book_ladder,False,False,-2.2,1.0,65,-117.0,strategy_S9-149:NIFTY:2026-04-07T09:40:51:LONG
2026-04-07,09:41:31,2026-04-07,09:42:20,NIFTY,SELL,22858.5,22835.85,NIFTY07APR2622900PE,22900.0,PE,133.55,143.7,135.0,140.0,135.0,140.0,0.001874,0.00278,ws,ws,book_ladder,book_ladder,False,False,-1.45,3.7,65,659.75,strategy_S9-149:NIFTY:2026-04-07T09:41:31:SHORT
2026-04-07,09:42:35,2026-04-07,09:42:41,NIFTY,SELL,22832.4,22835.9,NIFTY07APR2622850PE,22850.0,PE,117.35,114.05,120.0,110.0,120.0,110.0,0.002987,0.003064,ws,ws,book_ladder,book_ladder,False,False,-2.65,4.05,65,-214.5,strategy_S9-149:NIFTY:2026-04-07T09:42:35:SHORT
2026-04-07,09:42:51,2026-04-07,09:42:58,NIFTY,BUY,22839.8,22836.7,NIFTY07APR2622800CE,22800.0,CE,122.4,121.9,125.0,120.0,125.0,120.0,0.000409,0.002049,ws,ws,book_ladder,book_ladder,False,False,-2.6,1.9,65,-32.5,strategy_S9-149:NIFTY:2026-04-07T09:42:51:LONG
2026-04-07,09:43:06,2026-04-07,09:43:24,NIFTY,SELL,22827.9,22813.25,NIFTY07APR2622850PE,22850.0,PE,120.2,129.5,125.0,125.0,125.0,125.0,0.001665,0.002314,ws,ws,book_ladder,book_ladder,False,False,-4.8,4.5,65,604.5,strategy_S9-149:NIFTY:2026-04-07T09:43:06:SHORT
2026-04-07,09:43:51,2026-04-07,09:44:08,NIFTY,SELL,22801.65,22803.35,NIFTY07APR2622850PE,22850.0,PE,130.7,133.6,135.0,130.0,135.0,130.0,0.002681,0.001496,ws,ws,book_ladder,book_ladder,False,False,-4.3,3.6,65,188.5,strategy_S9-149:NIFTY:2026-04-07T09:43:51:SHORT
2026-04-07,09:45:10,2026-04-07,09:45:35,NIFTY,BUY,22808.35,22810.75,NIFTY07APR2622800CE,22800.0,CE,100.75,104.9,105.0,100.0,105.0,100.0,0.002982,0.000953,ws,ws,book_ladder,book_ladder,False,False,-4.25,4.9,65,269.75,strategy_S9-149:NIFTY:2026-04-07T09:45:10:LONG
2026-04-07,09:45:49,2026-04-07,09:46:15,NIFTY,BUY,22820.65,22827.7,NIFTY07APR2622800CE,22800.0,CE,110.65,113.65,115.0,110.0,115.0,110.0,0.003168,0.001758,ws,ws,book_ladder,book_ladder,False,False,-4.35,3.65,65,195.0,strategy_S9-149:NIFTY:2026-04-07T09:45:49:LONG
2026-04-07,09:47:05,2026-04-07,09:47:55,NIFTY,BUY,22835.8,22851.7,NIFTY07APR2622800CE,22800.0,CE,118.65,126.85,120.0,125.0,120.0,125.0,0.002109,0.002755,ws,ws,book_ladder,book_ladder,False,False,-1.35,1.85,65,533.0,strategy_S9-149:NIFTY:2026-04-07T09:47:05:LONG
2026-04-07,09:48:00,2026-04-07,09:48:15,NIFTY,BUY,22856.55,22860.85,NIFTY07APR2622850CE,22850.0,CE,102.05,105.0,105.0,105.0,105.0,105.0,0.001471,0.000476,ws,ws,book_ladder,book_ladder,False,False,-2.95,0.0,65,191.75,strategy_S9-149:NIFTY:2026-04-07T09:48:00:LONG
2026-04-07,09:48:28,2026-04-07,09:48:46,NIFTY,SELL,22843.75,22831.5,NIFTY07APR2622850PE,22850.0,PE,109.35,113.55,110.0,110.0,110.0,110.0,0.002747,0.002639,ws,ws,book_ladder,book_ladder,False,False,-0.65,3.55,65,273.0,strategy_S9-149:NIFTY:2026-04-07T09:48:28:SHORT
2026-04-07,09:49:05,2026-04-07,09:49:25,NIFTY,SELL,22822.65,22816.85,NIFTY07APR2622850PE,22850.0,PE,116.1,119.7,120.0,115.0,120.0,115.0,0.002156,0.003336,ws,ws,book_ladder,book_ladder,False,False,-3.9,4.7,65,234.0,strategy_S9-149:NIFTY:2026-04-07T09:49:05:SHORT
2026-04-07,09:49:58,2026-04-07,09:50:03,NIFTY,BUY,22819.1,22814.6,NIFTY07APR2622800CE,22800.0,CE,110.9,107.3,115.0,105.0,115.0,105.0,0.001353,0.002327,ws,ws,book_ladder,book_ladder,False,False,-4.1,2.3,65,-234.0,strategy_S9-149:NIFTY:2026-04-07T09:49:58:LONG
2026-04-07,09:50:40,2026-04-07,09:51:07,NIFTY,BUY,22822.1,22833.4,NIFTY07APR2622800CE,22800.0,CE,111.2,116.9,115.0,115.0,115.0,115.0,0.002701,0.001282,ws,ws,book_ladder,book_ladder,False,False,-3.8,1.9,65,370.5,strategy_S9-149:NIFTY:2026-04-07T09:50:40:LONG
2026-04-07,09:51:15,2026-04-07,09:51:30,NIFTY,SELL,22823.7,22828.05,NIFTY07APR2622850PE,22850.0,PE,115.95,112.3,120.0,110.0,120.0,110.0,0.002591,0.002224,ws,ws,book_ladder,book_ladder,False,False,-4.05,2.3,65,-237.25,strategy_S9-149:NIFTY:2026-04-07T09:51:15:SHORT
2026-04-07,09:52:00,2026-04-07,09:52:23,NIFTY,BUY,22843.55,22843.8,NIFTY07APR2622800CE,22800.0,CE,121.35,121.6,125.0,120.0,125.0,120.0,0.001649,0.001643,ws,ws,book_ladder,book_ladder,False,False,-3.65,1.6,65,16.25,strategy_S9-149:NIFTY:2026-04-07T09:52:00:LONG
2026-04-07,09:53:02,2026-04-07,09:53:19,NIFTY,SELL,22830.15,22831.8,NIFTY07APR2622850PE,22850.0,PE,111.4,111.45,115.0,110.0,115.0,110.0,0.002697,0.002241,ws,ws,book_ladder,book_ladder,False,False,-3.6,1.45,65,3.25,strategy_S9-149:NIFTY:2026-04-07T09:53:02:SHORT
2026-04-07,09:53:37,2026-04-07,09:53:41,NIFTY,SELL,22829.6,22832.05,NIFTY07APR2622850PE,22850.0,PE,112.3,110.7,115.0,110.0,115.0,110.0,0.001783,0.002256,ws,ws,book_ladder,book_ladder,False,False,-2.7,0.7,65,-104.0,strategy_S9-149:NIFTY:2026-04-07T09:53:37:SHORT
2026-04-07,09:53:50,2026-04-07,09:54:20,NIFTY,BUY,22839.9,22847.85,NIFTY07APR2622800CE,22800.0,CE,120.85,123.9,125.0,120.0,125.0,120.0,0.002071,0.002016,ws,ws,book_ladder,book_ladder,False,False,-4.15,3.9,65,198.25,strategy_S9-149:NIFTY:2026-04-07T09:53:50:LONG
2026-04-07,09:54:32,2026-04-07,09:54:44,NIFTY,BUY,22851.45,22850.4,NIFTY07APR2622850CE,22850.0,CE,102.0,99.0,105.0,95.0,105.0,95.0,0.001963,0.002018,ws,ws,book_ladder,book_ladder,False,False,-3.0,4.0,65,-195.0,strategy_S9-149:NIFTY:2026-04-07T09:54:32:LONG
2026-04-07,09:54:50,2026-04-07,09:55:04,NIFTY,SELL,22844.5,22844.85,NIFTY07APR2622850PE,22850.0,PE,105.25,104.1,110.0,100.0,110.0,100.0,0.002378,0.002399,ws,ws,book_ladder,book_ladder,False,False,-4.75,4.1,65,-74.75,strategy_S9-149:NIFTY:2026-04-07T09:54:50:SHORT
2026-04-07,09:55:12,2026-04-07,09:55:20,NIFTY,BUY,22851.4,22852.3,NIFTY07APR2622850CE,22850.0,CE,101.7,100.75,105.0,100.0,105.0,100.0,0.001969,0.001983,ws,ws,book_ladder,book_ladder,False,False,-3.3,0.75,65,-61.75,strategy_S9-149:NIFTY:2026-04-07T09:55:12:LONG
2026-04-07,09:56:11,2026-04-07,09:56:42,NIFTY,SELL,22854.5,22847.05,NIFTY07APR2622900PE,22900.0,PE,127.9,129.2,130.0,125.0,130.0,125.0,0.001565,0.002319,ws,ws,book_ladder,book_ladder,False,False,-2.1,4.2,65,84.5,strategy_S9-149:NIFTY:2026-04-07T09:56:11:SHORT
2026-04-07,09:56:51,2026-04-07,09:57:01,NIFTY,BUY,22857.35,22855.45,NIFTY07APR2622850CE,22850.0,CE,104.4,101.75,105.0,100.0,105.0,100.0,0.002398,0.002944,ws,ws,book_ladder,book_ladder,False,False,-0.6,1.75,65,-172.25,strategy_S9-149:NIFTY:2026-04-07T09:56:51:LONG
2026-04-07,09:57:10,2026-04-07,09:57:41,NIFTY,BUY,22861.0,22865.45,NIFTY07APR2622850CE,22850.0,CE,105.9,105.1,110.0,105.0,110.0,105.0,0.002837,0.00285,ws,ws,book_ladder,book_ladder,False,False,-4.1,0.1,65,-52.0,strategy_S9-149:NIFTY:2026-04-07T09:57:10:LONG
2026-04-07,09:58:04,2026-04-07,09:58:22,NIFTY,SELL,22862.8,22861.65,NIFTY07APR2622900PE,22900.0,PE,120.45,122.25,125.0,120.0,125.0,120.0,0.002494,0.002043,ws,ws,book_ladder,book_ladder,False,False,-4.55,2.25,65,117.0,strategy_S9-149:NIFTY:2026-04-07T09:58:04:SHORT
2026-04-07,09:58:30,2026-04-07,09:59:07,NIFTY,BUY,22865.75,22877.45,NIFTY07APR2622850CE,22850.0,CE,105.2,113.35,110.0,110.0,110.0,110.0,0.001903,0.002203,ws,ws,book_ladder,book_ladder,False,False,-4.8,3.35,65,529.75,strategy_S9-149:NIFTY:2026-04-07T09:58:30:LONG
2026-04-07,09:59:41,2026-04-07,09:59:57,NIFTY,BUY,22883.25,22885.75,NIFTY07APR2622850CE,22850.0,CE,117.7,117.3,120.0,115.0,120.0,115.0,0.002552,0.002554,ws,ws,book_ladder,book_ladder,False,False,-2.3,2.3,65,-26.0,strategy_S9-149:NIFTY:2026-04-07T09:59:41:LONG
2026-04-07,10:00:50,2026-04-07,10:01:32,NIFTY,BUY,22888.0,22917.2,NIFTY07APR2622850CE,22850.0,CE,117.25,137.7,120.0,135.0,120.0,135.0,0.002562,0.002539,ws,ws,book_ladder,book_ladder,False,False,-2.75,2.7,65,1329.25,strategy_S9-149:NIFTY:2026-04-07T10:00:50:LONG
2026-04-07,10:02:02,2026-04-07,10:02:16,NIFTY,SELL,22909.95,22902.15,NIFTY07APR2622950PE,22950.0,PE,124.45,127.4,125.0,125.0,125.0,125.0,0.002816,0.002352,ws,ws,book_ladder,book_ladder,False,False,-0.55,2.4,65,191.75,strategy_S9-149:NIFTY:2026-04-07T10:02:02:SHORT
2026-04-07,10:03:03,2026-04-07,10:03:16,NIFTY,SELL,22893.5,22889.7,NIFTY07APR2622900PE,22900.0,PE,102.15,104.05,105.0,100.0,105.0,100.0,0.00245,0.00192,ws,ws,book_ladder,book_ladder,False,False,-2.85,4.05,65,123.5,strategy_S9-149:NIFTY:2026-04-07T10:03:03:SHORT
2026-04-07,10:03:32,2026-04-07,10:04:02,NIFTY,BUY,22899.15,22906.7,NIFTY07APR2622850CE,22850.0,CE,126.0,128.35,130.0,125.0,130.0,125.0,0.001986,0.001557,ws,ws,book_ladder,book_ladder,False,False,-4.0,3.35,65,152.75,strategy_S9-149:NIFTY:2026-04-07T10:03:32:LONG
2026-04-07,10:04:11,2026-04-07,10:04:41,NIFTY,BUY,22908.75,22913.0,NIFTY07APR2622900CE,22900.0,CE,104.0,105.3,105.0,105.0,105.0,105.0,0.002889,0.002845,ws,ws,book_ladder,book_ladder,False,False,-1.0,0.3,65,84.5,strategy_S9-149:NIFTY:2026-04-07T10:04:11:LONG
2026-04-07,10:05:00,2026-04-07,10:05:06,NIFTY,BUY,22914.45,22913.25,NIFTY07APR2622900CE,22900.0,CE,105.25,104.0,110.0,100.0,110.0,100.0,0.002854,0.001921,ws,ws,book_ladder,book_ladder,False,False,-4.75,4.0,65,-81.25,strategy_S9-149:NIFTY:2026-04-07T10:05:00:LONG
2026-04-07,10:05:12,2026-04-07,10:05:41,NIFTY,BUY,22916.35,22925.55,NIFTY07APR2622900CE,22900.0,CE,104.85,109.55,105.0,105.0,105.0,105.0,0.001909,0.001824,ws,ws,book_ladder,book_ladder,False,False,-0.15,4.55,65,305.5,strategy_S9-149:NIFTY:2026-04-07T10:05:12:LONG
2026-04-07,10:05:51,2026-04-07,10:06:30,NIFTY,SELL,22920.7,22899.9,NIFTY07APR2622950PE,22950.0,PE,113.6,124.8,115.0,120.0,115.0,120.0,0.002203,0.002801,ws,ws,book_ladder,book_ladder,False,False,-1.4,4.8,65,728.0,strategy_S9-149:NIFTY:2026-04-07T10:05:51:SHORT
2026-04-07,10:07:00,2026-04-07,10:07:05,NIFTY,BUY,22907.0,22904.5,NIFTY07APR2622900CE,22900.0,CE,100.35,98.25,105.0,95.0,105.0,95.0,0.002494,0.002034,ws,ws,book_ladder,book_ladder,False,False,-4.65,3.25,65,-136.5,strategy_S9-149:NIFTY:2026-04-07T10:07:00:LONG
2026-04-07,10:07:36,2026-04-07,10:07:48,NIFTY,BUY,22910.7,22909.9,NIFTY07APR2622900CE,22900.0,CE,105.25,103.75,110.0,100.0,110.0,100.0,0.002854,0.002887,ws,ws,book_ladder,book_ladder,False,False,-4.75,3.75,65,-97.5,strategy_S9-149:NIFTY:2026-04-07T10:07:36:LONG
2026-04-07,10:08:41,2026-04-07,10:08:56,NIFTY,SELL,22903.2,22901.1,NIFTY07APR2622950PE,22950.0,PE,122.7,123.55,125.0,120.0,125.0,120.0,0.002448,0.002021,ws,ws,book_ladder,book_ladder,False,False,-2.3,3.55,65,55.25,strategy_S9-149:NIFTY:2026-04-07T10:08:41:SHORT
2026-04-07,10:09:20,2026-04-07,10:09:52,NIFTY,SELL,22899.9,22898.6,NIFTY07APR2622900PE,22900.0,PE,96.05,95.45,100.0,95.0,100.0,95.0,0.001563,0.002093,ws,ws,book_ladder,book_ladder,False,False,-3.95,0.45,65,-39.0,strategy_S9-149:NIFTY:2026-04-07T10:09:20:SHORT
2026-04-07,10:10:06,2026-04-07,10:10:24,NIFTY,SELL,22893.4,22892.75,NIFTY07APR2622900PE,22900.0,PE,99.3,99.4,100.0,95.0,100.0,95.0,0.003026,0.003014,ws,ws,book_ladder,book_ladder,False,False,-0.7,4.4,65,6.5,strategy_S9-149:NIFTY:2026-04-07T10:10:06:SHORT
2026-04-07,10:10:47,2026-04-07,10:11:06,NIFTY,BUY,22902.05,22901.65,NIFTY07APR2622900CE,22900.0,CE,97.65,95.75,100.0,95.0,100.0,95.0,0.002563,0.002608,ws,ws,book_ladder,book_ladder,False,False,-2.35,0.75,65,-123.5,strategy_S9-149:NIFTY:2026-04-07T10:10:47:LONG
2026-04-07,10:11:21,2026-04-07,10:11:45,NIFTY,BUY,22903.05,22908.1,NIFTY07APR2622900CE,22900.0,CE,96.6,100.85,100.0,100.0,100.0,100.0,0.002073,0.001981,ws,ws,book_ladder,book_ladder,False,False,-3.4,0.85,65,276.25,strategy_S9-149:NIFTY:2026-04-07T10:11:21:LONG
2026-04-07,10:12:00,2026-04-07,10:12:22,NIFTY,BUY,22911.6,22912.0,NIFTY07APR2622900CE,22900.0,CE,102.4,102.45,105.0,100.0,105.0,100.0,0.002444,0.002437,ws,ws,book_ladder,book_ladder,False,False,-2.6,2.45,65,3.25,strategy_S9-149:NIFTY:2026-04-07T10:12:00:LONG
2026-04-07,10:12:37,2026-04-07,10:12:55,NIFTY,SELL,22909.15,22908.45,NIFTY07APR2622950PE,22950.0,PE,120.6,116.7,125.0,115.0,125.0,115.0,0.00166,0.001285,ws,ws,book_ladder,book_ladder,False,False,-4.4,1.7,65,-253.5,strategy_S9-149:NIFTY:2026-04-07T10:12:37:SHORT
2026-04-07,10:13:20,2026-04-07,10:13:28,NIFTY,SELL,22903.9,22904.55,NIFTY07APR2622950PE,22950.0,PE,122.4,121.0,125.0,120.0,125.0,120.0,0.000817,0.002476,ws,ws,book_ladder,book_ladder,False,False,-2.6,1.0,65,-91.0,strategy_S9-149:NIFTY:2026-04-07T10:13:20:SHORT
2026-04-07,10:14:30,2026-04-07,10:14:53,NIFTY,BUY,22909.75,22920.4,NIFTY07APR2622900CE,22900.0,CE,98.85,106.85,100.0,105.0,100.0,105.0,0.002532,0.002804,ws,ws,book_ladder,book_ladder,False,False,-1.15,1.85,65,520.0,strategy_S9-149:NIFTY:2026-04-07T10:14:30:LONG
2026-04-07,10:15:20,2026-04-07,10:15:47,NIFTY,BUY,22924.5,22924.95,NIFTY07APR2622900CE,22900.0,CE,108.45,108.15,110.0,105.0,110.0,105.0,0.002308,0.001386,ws,ws,book_ladder,book_ladder,False,False,-1.55,3.15,65,-19.5,strategy_S9-149:NIFTY:2026-04-07T10:15:20:LONG
2026-04-07,10:16:00,2026-04-07,10:16:02,NIFTY,BUY,22927.25,22923.7,NIFTY07APR2622900CE,22900.0,CE,106.75,103.6,110.0,100.0,110.0,100.0,0.001406,0.001447,ws,ws,book_ladder,book_ladder,False,False,-3.25,3.6,65,-204.75,strategy_S9-149:NIFTY:2026-04-07T10:16:00:LONG
2026-04-07,10:16:11,2026-04-07,10:16:22,NIFTY,SELL,22921.85,22921.75,NIFTY07APR2622950PE,22950.0,PE,111.65,110.1,115.0,110.0,115.0,110.0,0.002242,0.002721,ws,ws,book_ladder,book_ladder,False,False,-3.35,0.1,65,-100.75,strategy_S9-149:NIFTY:2026-04-07T10:16:11:SHORT
2026-04-07,10:16:46,2026-04-07,10:17:22,NIFTY,BUY,22927.0,22937.7,NIFTY07APR2622900CE,22900.0,CE,108.3,113.05,110.0,110.0,110.0,110.0,0.001848,0.00265,ws,ws,book_ladder,book_ladder,False,False,-1.7,3.05,65,308.75,strategy_S9-149:NIFTY:2026-04-07T10:16:46:LONG
2026-04-07,10:17:40,2026-04-07,10:18:02,NIFTY,BUY,22941.8,22947.55,NIFTY07APR2622900CE,22900.0,CE,118.15,120.95,120.0,120.0,120.0,120.0,0.002118,0.002477,ws,ws,book_ladder,book_ladder,False,False,-1.85,0.95,65,182.0,strategy_S9-149:NIFTY:2026-04-07T10:17:40:LONG
2026-04-07,10:18:23,2026-04-07,10:18:31,NIFTY,SELL,22941.0,22940.25,NIFTY07APR2622950PE,22950.0,PE,98.25,99.9,100.0,95.0,100.0,95.0,0.002548,0.001001,ws,ws,book_ladder,book_ladder,False,False,-1.75,4.9,65,107.25,strategy_S9-149:NIFTY:2026-04-07T10:18:23:SHORT
2026-04-07,10:18:40,2026-04-07,10:19:08,NIFTY,SELL,22937.05,22930.35,NIFTY07APR2622950PE,22950.0,PE,100.95,102.45,105.0,100.0,105.0,100.0,0.002976,0.002437,ws,ws,book_ladder,book_ladder,False,False,-4.05,2.45,65,97.5,strategy_S9-149:NIFTY:2026-04-07T10:18:40:SHORT
2026-04-07,10:19:20,2026-04-07,10:19:48,NIFTY,BUY,22934.6,22943.0,NIFTY07APR2622900CE,22900.0,CE,113.55,115.45,115.0,115.0,115.0,115.0,0.002646,0.002595,ws,ws,book_ladder,book_ladder,False,False,-1.45,0.45,65,123.5,strategy_S9-149:NIFTY:2026-04-07T10:19:20:LONG
2026-04-07,10:20:03,2026-04-07,10:20:25,NIFTY,BUY,22947.5,22958.05,NIFTY07APR2622900CE,22900.0,CE,119.9,125.0,120.0,125.0,120.0,125.0,0.000417,0.001599,ws,ws,book_ladder,book_ladder,False,False,-0.1,0.0,65,331.5,strategy_S9-149:NIFTY:2026-04-07T10:20:03:LONG
2026-04-07,10:20:39,2026-04-07,10:20:56,NIFTY,SELL,22942.35,22928.2,NIFTY07APR2622950PE,22950.0,PE,95.55,104.8,100.0,100.0,100.0,100.0,0.00262,0.001907,ws,ws,book_ladder,book_ladder,False,False,-4.45,4.8,65,601.25,strategy_S9-149:NIFTY:2026-04-07T10:20:39:SHORT
2026-04-07,10:21:20,2026-04-07,10:21:30,NIFTY,SELL,22925.65,22924.1,NIFTY07APR2622950PE,22950.0,PE,103.2,105.35,105.0,105.0,105.0,105.0,0.002425,0.003317,ws,ws,book_ladder,book_ladder,False,False,-1.8,0.35,65,139.75,strategy_S9-149:NIFTY:2026-04-07T10:21:20:SHORT
2026-04-07,10:22:01,2026-04-07,10:22:11,NIFTY,SELL,22924.1,22923.1,NIFTY07APR2622950PE,22950.0,PE,104.65,104.05,105.0,100.0,105.0,100.0,0.001913,0.00192,ws,ws,book_ladder,book_ladder,False,False,-0.35,4.05,65,-39.0,strategy_S9-149:NIFTY:2026-04-07T10:22:01:SHORT
2026-04-07,10:22:22,2026-04-07,10:22:29,NIFTY,SELL,22919.5,22924.25,NIFTY07APR2622950PE,22950.0,PE,106.4,106.95,110.0,105.0,110.0,105.0,0.003295,0.002335,ws,ws,book_ladder,book_ladder,False,False,-3.6,1.95,65,35.75,strategy_S9-149:NIFTY:2026-04-07T10:22:22:SHORT
2026-04-07,10:23:00,2026-04-07,10:23:06,NIFTY,BUY,22924.2,22920.75,NIFTY07APR2622900CE,22900.0,CE,104.5,102.95,105.0,100.0,105.0,100.0,0.002395,0.001941,ws,ws,book_ladder,book_ladder,False,False,-0.5,2.95,65,-100.75,strategy_S9-149:NIFTY:2026-04-07T10:23:00:LONG
2026-04-07,10:23:12,2026-04-07,10:23:29,NIFTY,SELL,22919.0,22919.9,NIFTY07APR2622950PE,22950.0,PE,108.6,106.8,110.0,105.0,110.0,105.0,0.001382,0.001871,ws,ws,book_ladder,book_ladder,False,False,-1.4,1.8,65,-117.0,strategy_S9-149:NIFTY:2026-04-07T10:23:12:SHORT
2026-04-07,10:23:41,2026-04-07,10:24:26,NIFTY,BUY,22927.7,22934.75,NIFTY07APR2622900CE,22900.0,CE,105.4,109.85,110.0,105.0,110.0,105.0,0.002375,0.002727,ws,ws,book_ladder,book_ladder,False,False,-4.6,4.85,65,289.25,strategy_S9-149:NIFTY:2026-04-07T10:23:41:LONG
2026-04-07,10:24:42,2026-04-07,10:25:08,NIFTY,SELL,22925.45,22925.05,NIFTY07APR2622950PE,22950.0,PE,101.95,104.15,105.0,100.0,105.0,100.0,0.001472,0.002398,ws,ws,book_ladder,book_ladder,False,False,-3.05,4.15,65,143.0,strategy_S9-149:NIFTY:2026-04-07T10:24:42:SHORT
2026-04-07,10:25:10,2026-04-07,10:25:17,NIFTY,SELL,22923.5,22925.95,NIFTY07APR2622950PE,22950.0,PE,105.0,103.85,105.0,100.0,105.0,100.0,0.002384,0.001443,ws,ws,book_ladder,book_ladder,False,False,0.0,3.85,65,-74.75,strategy_S9-149:NIFTY:2026-04-07T10:25:10:SHORT
2026-04-07,10:25:33,2026-04-07,10:25:57,NIFTY,BUY,22932.9,22932.65,NIFTY07APR2622900CE,22900.0,CE,109.65,108.25,110.0,105.0,110.0,105.0,0.002283,0.002307,ws,ws,book_ladder,book_ladder,False,False,-0.35,3.25,65,-91.0,strategy_S9-149:NIFTY:2026-04-07T10:25:33:LONG
2026-04-07,10:26:15,2026-04-07,10:26:36,NIFTY,BUY,22935.4,22941.45,NIFTY07APR2622900CE,22900.0,CE,111.3,111.35,115.0,110.0,115.0,110.0,0.002249,0.002243,ws,ws,book_ladder,book_ladder,False,False,-3.7,1.35,65,3.25,strategy_S9-149:NIFTY:2026-04-07T10:26:15:LONG
2026-04-07,10:27:30,2026-04-07,10:27:55,NIFTY,BUY,22940.4,22940.25,NIFTY07APR2622900CE,22900.0,CE,111.2,112.05,115.0,110.0,115.0,110.0,0.002701,0.001783,ws,ws,book_ladder,book_ladder,False,False,-3.8,2.05,65,55.25,strategy_S9-149:NIFTY:2026-04-07T10:27:30:LONG
2026-04-07,10:29:00,2026-04-07,10:29:06,NIFTY,BUY,22945.05,22943.8,NIFTY07APR2622900CE,22900.0,CE,113.95,112.4,115.0,110.0,115.0,110.0,0.001757,0.002222,ws,ws,book_ladder,book_ladder,False,False,-1.05,2.4,65,-100.75,strategy_S9-149:NIFTY:2026-04-07T10:29:00:LONG
2026-04-07,10:29:34,2026-04-07,10:29:48,NIFTY,BUY,22945.7,22943.3,NIFTY07APR2622900CE,22900.0,CE,113.75,112.15,115.0,110.0,115.0,110.0,0.0022,0.001782,ws,ws,book_ladder,book_ladder,False,False,-1.25,2.15,65,-104.0,strategy_S9-149:NIFTY:2026-04-07T10:29:34:LONG
2026-04-07,10:30:41,2026-04-07,10:31:11,NIFTY,SELL,22940.3,22931.7,NIFTY07APR2622950PE,22950.0,PE,93.9,97.95,95.0,95.0,95.0,95.0,0.001599,0.002549,ws,ws,book_ladder,book_ladder,False,False,-1.1,2.95,65,263.25,strategy_S9-149:NIFTY:2026-04-07T10:30:41:SHORT
2026-04-07,10:31:31,2026-04-07,10:31:56,NIFTY,BUY,22938.4,22938.05,NIFTY07APR2622900CE,22900.0,CE,107.55,109.15,110.0,105.0,110.0,105.0,0.001861,0.001831,ws,ws,book_ladder,book_ladder,False,False,-2.45,4.15,65,104.0,strategy_S9-149:NIFTY:2026-04-07T10:31:31:LONG
2026-04-07,10:32:00,2026-04-07,10:33:00,NIFTY,BUY,22943.0,22946.1,NIFTY07APR2622900CE,22900.0,CE,112.3,111.9,115.0,110.0,115.0,110.0,0.002229,0.001786,ws,ws,book_ladder,book_ladder,False,False,-2.7,1.9,65,-26.0,strategy_S9-149:NIFTY:2026-04-07T10:32:00:LONG
2026-04-07,10:33:32,2026-04-07,10:33:46,NIFTY,SELL,22943.45,22945.7,NIFTY07APR2622950PE,22950.0,PE,93.55,91.45,95.0,90.0,95.0,90.0,0.000535,0.001639,ws,ws,book_ladder,book_ladder,False,False,-1.45,1.45,65,-136.5,strategy_S9-149:NIFTY:2026-04-07T10:33:32:SHORT
2026-04-07,10:34:36,2026-04-07,10:35:02,NIFTY,SELL,22939.55,22917.65,NIFTY07APR2622950PE,22950.0,PE,95.15,105.45,100.0,105.0,100.0,105.0,0.002104,0.001895,ws,ws,book_ladder,book_ladder,False,False,-4.85,0.45,65,669.5,strategy_S9-149:NIFTY:2026-04-07T10:34:36:SHORT
2026-04-07,10:35:26,2026-04-07,10:36:00,NIFTY,SELL,22913.0,22911.55,NIFTY07APR2622950PE,22950.0,PE,109.2,110.25,110.0,110.0,110.0,110.0,0.001833,0.002265,ws,ws,book_ladder,book_ladder,False,False,-0.8,0.25,65,68.25,strategy_S9-149:NIFTY:2026-04-07T10:35:26:SHORT
2026-04-07,10:36:30,2026-04-07,10:36:59,NIFTY,SELL,22904.9,22892.8,NIFTY07APR2622950PE,22950.0,PE,111.65,118.95,115.0,115.0,115.0,115.0,0.002242,0.0021,ws,ws,book_ladder,book_ladder,False,False,-3.35,3.95,65,474.5,strategy_S9-149:NIFTY:2026-04-07T10:36:30:SHORT
2026-04-07,10:37:04,2026-04-07,10:38:33,NIFTY,BUY,22900.75,22923.15,NIFTY07APR2622900CE,22900.0,CE,85.4,98.95,90.0,95.0,90.0,95.0,0.001758,0.003027,ws,ws,book_ladder,book_ladder,False,False,-4.6,3.95,65,880.75,strategy_S9-149:NIFTY:2026-04-07T10:37:04:LONG
2026-04-07,10:39:05,2026-04-07,10:39:11,NIFTY,BUY,22926.6,22924.6,NIFTY07APR2622900CE,22900.0,CE,101.0,98.55,105.0,95.0,105.0,95.0,0.002975,0.002534,ws,ws,book_ladder,book_ladder,False,False,-4.0,3.55,65,-159.25,strategy_S9-149:NIFTY:2026-04-07T10:39:05:LONG
2026-04-07,10:39:50,2026-04-07,10:40:39,NIFTY,BUY,22925.8,22936.75,NIFTY07APR2622900CE,22900.0,CE,101.2,104.25,105.0,100.0,105.0,100.0,0.002473,0.002395,ws,ws,book_ladder,book_ladder,False,False,-3.8,4.25,65,198.25,strategy_S9-149:NIFTY:2026-04-07T10:39:50:LONG
2026-04-07,10:40:55,2026-04-07,10:42:15,NIFTY,BUY,22940.25,22956.4,NIFTY07APR2622900CE,22900.0,CE,110.0,120.0,110.0,120.0,110.0,120.0,0.00182,0.001665,ws,ws,book_ladder,book_ladder,False,False,0.0,0.0,65,650.0,strategy_S9-149:NIFTY:2026-04-07T10:40:55:LONG
2026-04-07,10:43:23,2026-04-07,10:43:29,NIFTY,SELL,22956.0,22958.25,NIFTY07APR2623000PE,23000.0,PE,113.2,110.15,115.0,110.0,115.0,110.0,0.001768,0.002267,ws,ws,book_ladder,book_ladder,False,False,-1.8,0.15,65,-198.25,strategy_S9-149:NIFTY:2026-04-07T10:43:23:SHORT
2026-04-07,10:44:00,2026-04-07,10:44:05,NIFTY,BUY,22965.25,22961.55,NIFTY07APR2622950CE,22950.0,CE,95.0,90.75,95.0,90.0,95.0,90.0,0.002107,0.001652,ws,ws,book_ladder,book_ladder,False,False,0.0,0.75,65,-276.25,strategy_S9-149:NIFTY:2026-04-07T10:44:00:LONG
2026-04-07,10:44:22,2026-04-07,10:44:35,NIFTY,SELL,22958.9,22957.85,NIFTY07APR2623000PE,23000.0,PE,109.5,107.6,110.0,105.0,110.0,105.0,0.002286,0.002784,ws,ws,book_ladder,book_ladder,False,False,-0.5,2.6,65,-123.5,strategy_S9-149:NIFTY:2026-04-07T10:44:22:SHORT
2026-04-07,10:45:42,2026-04-07,10:45:47,NIFTY,BUY,22960.0,22957.7,NIFTY07APR2622950CE,22950.0,CE,91.5,88.25,95.0,85.0,95.0,85.0,0.000547,0.002264,ws,ws,book_ladder,book_ladder,False,False,-3.5,3.25,65,-211.25,strategy_S9-149:NIFTY:2026-04-07T10:45:42:LONG
2026-04-07,10:46:10,2026-04-07,10:46:40,NIFTY,SELL,22954.9,22949.75,NIFTY07APR2623000PE,23000.0,PE,110.35,112.25,115.0,110.0,115.0,110.0,0.002268,0.001335,ws,ws,book_ladder,book_ladder,False,False,-4.65,2.25,65,123.5,strategy_S9-149:NIFTY:2026-04-07T10:46:10:SHORT
2026-04-07,10:47:40,2026-04-07,10:48:00,NIFTY,SELL,22945.3,22948.4,NIFTY07APR2622950PE,22950.0,PE,88.0,86.15,90.0,85.0,90.0,85.0,0.001706,0.002319,ws,ws,book_ladder,book_ladder,False,False,-2.0,1.15,65,-120.25,strategy_S9-149:NIFTY:2026-04-07T10:47:40:SHORT
2026-04-07,10:48:30,2026-04-07,10:48:55,NIFTY,BUY,22952.8,22953.05,NIFTY07APR2622950CE,22950.0,CE,86.3,88.5,90.0,85.0,90.0,85.0,0.003482,0.002821,ws,ws,book_ladder,book_ladder,False,False,-3.7,3.5,65,143.0,strategy_S9-149:NIFTY:2026-04-07T10:48:30:LONG
2026-04-07,10:49:00,2026-04-07,10:49:07,NIFTY,BUY,22954.95,22952.8,NIFTY07APR2622950CE,22950.0,CE,87.5,85.75,90.0,85.0,90.0,85.0,0.002861,0.00233,ws,ws,book_ladder,book_ladder,False,False,-2.5,0.75,65,-113.75,strategy_S9-149:NIFTY:2026-04-07T10:49:00:LONG
2026-04-07,10:49:10,2026-04-07,10:49:30,NIFTY,SELL,22948.35,22930.4,NIFTY07APR2622950PE,22950.0,PE,87.1,92.9,90.0,90.0,90.0,90.0,0.001149,0.001076,ws,ws,book_ladder,book_ladder,False,False,-2.9,2.9,65,377.0,strategy_S9-149:NIFTY:2026-04-07T10:49:10:SHORT
2026-04-07,10:49:51,2026-04-07,10:49:58,NIFTY,BUY,22933.5,22931.0,NIFTY07APR2622900CE,22900.0,CE,101.8,100.75,105.0,100.0,105.0,100.0,0.002951,0.001983,ws,ws,book_ladder,book_ladder,False,False,-3.2,0.75,65,-68.25,strategy_S9-149:NIFTY:2026-04-07T10:49:51:LONG
2026-04-07,10:50:10,2026-04-07,10:50:29,NIFTY,SELL,22927.6,22920.15,NIFTY07APR2622950PE,22950.0,PE,98.55,100.8,100.0,100.0,100.0,100.0,0.003049,0.001982,ws,ws,book_ladder,book_ladder,False,False,-1.45,0.8,65,146.25,strategy_S9-149:NIFTY:2026-04-07T10:50:10:SHORT
2026-04-07,10:50:47,2026-04-07,10:50:57,NIFTY,BUY,22931.85,22931.55,NIFTY07APR2622900CE,22900.0,CE,102.25,102.0,105.0,100.0,105.0,100.0,0.002448,0.002937,ws,ws,book_ladder,book_ladder,False,False,-2.75,2.0,65,-16.25,strategy_S9-149:NIFTY:2026-04-07T10:50:47:LONG
2026-04-07,10:51:14,2026-04-07,10:51:20,NIFTY,SELL,22909.5,22911.7,NIFTY07APR2622950PE,22950.0,PE,107.2,104.15,110.0,100.0,110.0,100.0,0.002802,0.001918,ws,ws,book_ladder,book_ladder,False,False,-2.8,4.15,65,-198.25,strategy_S9-149:NIFTY:2026-04-07T10:51:14:SHORT
2026-04-07,10:51:37,2026-04-07,10:52:05,NIFTY,BUY,22925.45,22925.35,NIFTY07APR2622900CE,22900.0,CE,98.45,97.1,100.0,95.0,100.0,95.0,0.002543,0.002058,ws,ws,book_ladder,book_ladder,False,False,-1.55,2.1,65,-87.75,strategy_S9-149:NIFTY:2026-04-07T10:51:37:LONG
2026-04-07,10:52:14,2026-04-07,10:52:30,NIFTY,SELL,22923.5,22923.35,NIFTY07APR2622950PE,22950.0,PE,100.7,101.3,105.0,100.0,105.0,100.0,0.002486,0.000987,ws,ws,book_ladder,book_ladder,False,False,-4.3,1.3,65,39.0,strategy_S9-149:NIFTY:2026-04-07T10:52:14:SHORT
2026-04-07,10:52:50,2026-04-07,10:53:00,NIFTY,SELL,22918.05,22917.0,NIFTY07APR2622950PE,22950.0,PE,105.7,107.15,110.0,105.0,110.0,105.0,0.000947,0.00233,ws,ws,book_ladder,book_ladder,False,False,-4.3,2.15,65,94.25,strategy_S9-149:NIFTY:2026-04-07T10:52:50:SHORT
2026-04-07,10:53:10,2026-04-07,10:54:16,NIFTY,SELL,22910.95,22871.4,NIFTY07APR2622950PE,22950.0,PE,109.7,136.1,110.0,135.0,110.0,135.0,0.001825,0.002202,ws,ws,book_ladder,book_ladder,False,False,-0.3,1.1,65,1716.0,strategy_S9-149:NIFTY:2026-04-07T10:53:10:SHORT
2026-04-07,10:54:34,2026-04-07,10:54:45,NIFTY,SELL,22862.4,22866.55,NIFTY07APR2622900PE,22900.0,PE,111.75,106.0,115.0,105.0,115.0,105.0,0.001791,0.002356,ws,ws,book_ladder,book_ladder,False,False,-3.25,1.0,65,-373.75,strategy_S9-149:NIFTY:2026-04-07T10:54:34:SHORT
2026-04-07,10:54:52,2026-04-07,10:55:34,NIFTY,BUY,22873.7,22898.1,NIFTY07APR2622850CE,22850.0,CE,99.9,112.15,100.0,110.0,100.0,110.0,0.002506,0.001782,ws,ws,book_ladder,book_ladder,False,False,-0.1,2.15,65,796.25,strategy_S9-149:NIFTY:2026-04-07T10:54:52:LONG
2026-04-07,10:55:40,2026-04-07,10:56:30,NIFTY,SELL,22889.75,22873.7,NIFTY07APR2622900PE,22900.0,PE,98.1,106.65,100.0,105.0,100.0,105.0,0.003063,0.001874,ws,ws,book_ladder,book_ladder,False,False,-1.9,1.65,65,555.75,strategy_S9-149:NIFTY:2026-04-07T10:55:40:SHORT
2026-04-07,10:56:46,2026-04-07,10:57:00,NIFTY,SELL,22868.8,22868.65,NIFTY07APR2622900PE,22900.0,PE,108.9,106.9,110.0,105.0,110.0,105.0,0.002298,0.000935,ws,ws,book_ladder,book_ladder,False,False,-1.1,1.9,65,-130.0,strategy_S9-149:NIFTY:2026-04-07T10:56:46:SHORT
2026-04-07,10:57:10,2026-04-07,10:57:35,NIFTY,SELL,22862.4,22862.95,NIFTY07APR2622900PE,22900.0,PE,106.8,107.25,110.0,105.0,110.0,105.0,0.002344,0.002793,ws,ws,book_ladder,book_ladder,False,False,-3.2,2.25,65,29.25,strategy_S9-149:NIFTY:2026-04-07T10:57:10:SHORT
2026-04-07,10:57:56,2026-04-07,10:58:46,NIFTY,SELL,22858.5,22846.7,NIFTY07APR2622900PE,22900.0,PE,109.25,116.05,110.0,115.0,110.0,115.0,0.00275,0.002582,ws,ws,book_ladder,book_ladder,False,False,-0.75,1.05,65,442.0,strategy_S9-149:NIFTY:2026-04-07T10:57:56:SHORT
2026-04-07,10:59:09,2026-04-07,10:59:28,NIFTY,SELL,22842.0,22841.5,NIFTY07APR2622850PE,22850.0,PE,89.65,90.95,90.0,90.0,90.0,90.0,0.002793,0.001099,ws,ws,book_ladder,book_ladder,False,False,-0.35,0.95,65,84.5,strategy_S9-149:NIFTY:2026-04-07T10:59:09:SHORT
2026-04-07,10:59:46,2026-04-07,10:59:52,NIFTY,BUY,22850.15,22845.25,NIFTY07APR2622850CE,22850.0,CE,81.0,80.55,85.0,80.0,85.0,80.0,0.003091,0.00248,ws,ws,book_ladder,book_ladder,False,False,-4.0,0.55,65,-29.25,strategy_S9-149:NIFTY:2026-04-07T10:59:46:LONG
2026-04-07,11:00:21,2026-04-07,11:01:00,NIFTY,SELL,22833.5,22831.85,NIFTY07APR2622850PE,22850.0,PE,96.7,94.6,100.0,90.0,100.0,90.0,0.00207,0.002639,ws,ws,book_ladder,book_ladder,False,False,-3.3,4.6,65,-136.5,strategy_S9-149:NIFTY:2026-04-07T11:00:21:SHORT
2026-04-07,11:01:12,2026-04-07,11:01:39,NIFTY,BUY,22834.7,22849.15,NIFTY07APR2622800CE,22800.0,CE,97.95,105.6,100.0,105.0,100.0,105.0,0.001533,0.002365,ws,ws,book_ladder,book_ladder,False,False,-2.05,0.6,65,497.25,strategy_S9-149:NIFTY:2026-04-07T11:01:12:LONG
2026-04-07,11:02:05,2026-04-07,11:02:16,NIFTY,BUY,22853.0,22848.5,NIFTY07APR2622850CE,22850.0,CE,79.65,79.9,80.0,75.0,80.0,75.0,0.002514,0.003124,ws,ws,book_ladder,book_ladder,False,False,-0.35,4.9,65,16.25,strategy_S9-149:NIFTY:2026-04-07T11:02:05:LONG
2026-04-07,11:02:40,2026-04-07,11:02:51,NIFTY,BUY,22855.05,22856.2,NIFTY07APR2622850CE,22850.0,CE,81.7,81.5,85.0,80.0,85.0,80.0,0.001838,0.001839,ws,ws,book_ladder,book_ladder,False,False,-3.3,1.5,65,-13.0,strategy_S9-149:NIFTY:2026-04-07T11:02:40:LONG
2026-04-07,11:03:21,2026-04-07,11:03:27,NIFTY,SELL,22847.85,22851.2,NIFTY07APR2622850PE,22850.0,PE,88.4,85.8,90.0,85.0,90.0,85.0,0.002832,0.001747,ws,ws,book_ladder,book_ladder,False,False,-1.6,0.8,65,-169.0,strategy_S9-149:NIFTY:2026-04-07T11:03:21:SHORT
2026-04-07,11:03:42,2026-04-07,11:03:52,NIFTY,BUY,22855.8,22855.05,NIFTY07APR2622850CE,22850.0,CE,82.9,80.65,85.0,80.0,85.0,80.0,0.002415,0.003095,ws,ws,book_ladder,book_ladder,False,False,-2.1,0.65,65,-146.25,strategy_S9-149:NIFTY:2026-04-07T11:03:42:LONG
2026-04-07,11:04:00,2026-04-07,11:04:10,NIFTY,BUY,22860.75,22858.9,NIFTY07APR2622850CE,22850.0,CE,84.9,80.95,85.0,80.0,85.0,80.0,0.001768,0.002468,ws,ws,book_ladder,book_ladder,False,False,-0.1,0.95,65,-256.75,strategy_S9-149:NIFTY:2026-04-07T11:04:00:LONG
2026-04-07,11:04:32,2026-04-07,11:04:44,NIFTY,SELL,22853.85,22857.2,NIFTY07APR2622900PE,22900.0,PE,116.95,113.65,120.0,110.0,120.0,110.0,0.002568,0.002636,ws,ws,book_ladder,book_ladder,False,False,-3.05,3.65,65,-214.5,strategy_S9-149:NIFTY:2026-04-07T11:04:32:SHORT
2026-04-07,11:04:53,2026-04-07,11:05:00,NIFTY,SELL,22853.2,22853.85,NIFTY07APR2622900PE,22900.0,PE,114.85,113.45,115.0,110.0,115.0,110.0,0.002616,0.001761,ws,ws,book_ladder,book_ladder,False,False,-0.15,3.45,65,-91.0,strategy_S9-149:NIFTY:2026-04-07T11:04:53:SHORT
2026-04-07,11:05:30,2026-04-07,11:05:59,NIFTY,BUY,22859.8,22864.55,NIFTY07APR2622850CE,22850.0,CE,85.6,89.9,90.0,85.0,90.0,85.0,0.002339,0.001112,ws,ws,book_ladder,book_ladder,False,False,-4.4,4.9,65,279.5,strategy_S9-149:NIFTY:2026-04-07T11:05:30:LONG
2026-04-07,11:06:51,2026-04-07,11:07:00,NIFTY,SELL,22860.6,22863.4,NIFTY07APR2622900PE,22900.0,PE,112.45,110.05,115.0,110.0,115.0,110.0,0.002226,0.001362,ws,ws,book_ladder,book_ladder,False,False,-2.55,0.05,65,-156.0,strategy_S9-149:NIFTY:2026-04-07T11:06:51:SHORT
2026-04-07,11:07:22,2026-04-07,11:07:37,NIFTY,BUY,22869.95,22870.75,NIFTY07APR2622850CE,22850.0,CE,87.3,90.6,90.0,90.0,90.0,90.0,0.003442,0.002205,ws,ws,book_ladder,book_ladder,False,False,-2.7,0.6,65,214.5,strategy_S9-149:NIFTY:2026-04-07T11:07:22:LONG
2026-04-07,11:07:57,2026-04-07,11:08:24,NIFTY,BUY,22872.65,22883.45,NIFTY07APR2622850CE,22850.0,CE,90.15,96.45,95.0,95.0,95.0,95.0,0.002221,0.002589,ws,ws,book_ladder,book_ladder,False,False,-4.85,1.45,65,409.5,strategy_S9-149:NIFTY:2026-04-07T11:07:57:LONG
2026-04-07,11:08:50,2026-04-07,11:09:05,NIFTY,BUY,22884.6,22883.9,NIFTY07APR2622850CE,22850.0,CE,98.5,96.45,100.0,95.0,100.0,95.0,0.002033,0.002589,ws,ws,book_ladder,book_ladder,False,False,-1.5,1.45,65,-133.25,strategy_S9-149:NIFTY:2026-04-07T11:08:50:LONG
2026-04-07,11:09:17,2026-04-07,11:09:30,NIFTY,SELL,22877.25,22865.2,NIFTY07APR2622900PE,22900.0,PE,96.4,102.95,100.0,100.0,100.0,100.0,0.001038,0.00291,ws,ws,book_ladder,book_ladder,False,False,-3.6,2.95,65,425.75,strategy_S9-149:NIFTY:2026-04-07T11:09:17:SHORT
2026-04-07,11:09:52,2026-04-07,11:10:00,NIFTY,SELL,22866.0,22867.6,NIFTY07APR2622900PE,22900.0,PE,102.5,102.75,105.0,100.0,105.0,100.0,0.002442,0.00243,ws,ws,book_ladder,book_ladder,False,False,-2.5,2.75,65,16.25,strategy_S9-149:NIFTY:2026-04-07T11:09:52:SHORT
2026-04-07,11:10:11,2026-04-07,11:10:40,NIFTY,BUY,22870.0,22875.05,NIFTY07APR2622850CE,22850.0,CE,91.35,93.0,95.0,90.0,95.0,90.0,0.00274,0.002685,ws,ws,book_ladder,book_ladder,False,False,-3.65,3.0,65,107.25,strategy_S9-149:NIFTY:2026-04-07T11:10:11:LONG
2026-04-07,11:10:51,2026-04-07,11:11:00,NIFTY,SELL,22865.2,22864.95,NIFTY07APR2622900PE,22900.0,PE,102.1,102.85,105.0,100.0,105.0,100.0,0.00147,0.003397,ws,ws,book_ladder,book_ladder,False,False,-2.9,2.85,65,48.75,strategy_S9-149:NIFTY:2026-04-07T11:10:51:SHORT
2026-04-07,11:11:10,2026-04-07,11:11:22,NIFTY,SELL,22856.85,22853.55,NIFTY07APR2622900PE,22900.0,PE,110.0,109.3,110.0,105.0,110.0,105.0,0.002275,0.001828,ws,ws,book_ladder,book_ladder,False,False,0.0,4.3,65,-45.5,strategy_S9-149:NIFTY:2026-04-07T11:11:10:SHORT
2026-04-07,11:11:30,2026-04-07,11:11:44,NIFTY,BUY,22862.85,22864.7,NIFTY07APR2622850CE,22850.0,CE,86.65,86.65,90.0,85.0,90.0,85.0,0.002311,0.002881,ws,ws,book_ladder,book_ladder,False,False,-3.35,1.65,65,0.0,strategy_S9-149:NIFTY:2026-04-07T11:11:30:LONG
2026-04-07,11:12:00,2026-04-07,11:12:26,NIFTY,SELL,22860.4,22854.3,NIFTY07APR2622900PE,22900.0,PE,105.25,110.2,110.0,110.0,110.0,110.0,0.002378,0.002266,ws,ws,book_ladder,book_ladder,False,False,-4.75,0.2,65,321.75,strategy_S9-149:NIFTY:2026-04-07T11:12:00:SHORT
2026-04-07,11:12:30,2026-04-07,11:12:47,NIFTY,BUY,22860.3,22856.95,NIFTY07APR2622850CE,22850.0,CE,84.2,83.5,85.0,80.0,85.0,80.0,0.002974,0.002392,ws,ws,book_ladder,book_ladder,False,False,-0.8,3.5,65,-45.5,strategy_S9-149:NIFTY:2026-04-07T11:12:30:LONG
2026-04-07,11:12:53,2026-04-07,11:12:57,NIFTY,SELL,22856.0,22858.3,NIFTY07APR2622900PE,22900.0,PE,109.15,107.0,110.0,105.0,110.0,105.0,0.002293,0.0028,ws,ws,book_ladder,book_ladder,False,False,-0.85,2.0,65,-139.75,strategy_S9-149:NIFTY:2026-04-07T11:12:53:SHORT
2026-04-07,11:13:00,2026-04-07,11:13:08,NIFTY,BUY,22865.0,22860.2,NIFTY07APR2622850CE,22850.0,CE,87.95,85.4,90.0,85.0,90.0,85.0,0.001707,0.001755,ws,ws,book_ladder,book_ladder,False,False,-2.05,0.4,65,-165.75,strategy_S9-149:NIFTY:2026-04-07T11:13:00:LONG
2026-04-07,11:13:22,2026-04-07,11:13:30,NIFTY,SELL,22851.6,22857.05,NIFTY07APR2622900PE,22900.0,PE,108.85,106.3,110.0,105.0,110.0,105.0,0.002299,0.002349,ws,ws,book_ladder,book_ladder,False,False,-1.15,1.3,65,-165.75,strategy_S9-149:NIFTY:2026-04-07T11:13:22:SHORT
2026-04-07,11:13:45,2026-04-07,11:13:57,NIFTY,SELL,22851.8,22854.35,NIFTY07APR2622900PE,22900.0,PE,108.9,107.5,110.0,105.0,110.0,105.0,0.002298,0.002323,ws,ws,book_ladder,book_ladder,False,False,-1.1,2.5,65,-91.0,strategy_S9-149:NIFTY:2026-04-07T11:13:45:SHORT
2026-04-07,11:14:10,2026-04-07,11:14:15,NIFTY,BUY,22858.3,22856.15,NIFTY07APR2622850CE,22850.0,CE,84.25,85.5,85.0,85.0,85.0,85.0,0.003567,0.001753,ws,ws,book_ladder,book_ladder,False,False,-0.75,0.5,65,81.25,strategy_S9-149:NIFTY:2026-04-07T11:14:10:LONG
2026-04-07,11:14:40,2026-04-07,11:15:06,NIFTY,BUY,22857.75,22858.65,NIFTY07APR2622850CE,22850.0,CE,83.8,82.15,85.0,80.0,85.0,80.0,0.002389,0.002432,ws,ws,book_ladder,book_ladder,False,False,-1.2,2.15,65,-107.25,strategy_S9-149:NIFTY:2026-04-07T11:14:40:LONG
2026-04-07,11:15:40,2026-04-07,11:16:00,NIFTY,BUY,22859.3,22877.05,NIFTY07APR2622850CE,22850.0,CE,83.15,90.5,85.0,90.0,85.0,90.0,0.002408,0.001104,ws,ws,book_ladder,book_ladder,False,False,-1.85,0.5,65,477.75,strategy_S9-149:NIFTY:2026-04-07T11:15:40:LONG
2026-04-07,11:16:41,2026-04-07,11:16:51,NIFTY,BUY,22880.9,22879.55,NIFTY07APR2622850CE,22850.0,CE,93.15,91.05,95.0,90.0,95.0,90.0,0.002687,0.001646,ws,ws,book_ladder,book_ladder,False,False,-1.85,1.05,65,-136.5,strategy_S9-149:NIFTY:2026-04-07T11:16:41:LONG
2026-04-07,11:17:34,2026-04-07,11:17:41,NIFTY,SELL,22877.55,22878.6,NIFTY07APR2622900PE,22900.0,PE,96.0,95.05,100.0,95.0,100.0,95.0,0.001564,0.002627,ws,ws,book_ladder,book_ladder,False,False,-4.0,0.05,65,-61.75,strategy_S9-149:NIFTY:2026-04-07T11:17:34:SHORT
2026-04-07,11:17:57,2026-04-07,11:18:35,NIFTY,BUY,22887.05,22899.55,NIFTY07APR2622850CE,22850.0,CE,96.2,102.55,100.0,100.0,100.0,100.0,0.002602,0.001462,ws,ws,book_ladder,book_ladder,False,False,-3.8,2.55,65,412.75,strategy_S9-149:NIFTY:2026-04-07T11:17:57:LONG
2026-04-07,11:18:44,2026-04-07,11:19:00,NIFTY,SELL,22890.1,22889.1,NIFTY07APR2622900PE,22900.0,PE,87.45,89.75,90.0,85.0,90.0,85.0,0.001144,0.002226,ws,ws,book_ladder,book_ladder,False,False,-2.55,4.75,65,149.5,strategy_S9-149:NIFTY:2026-04-07T11:18:44:SHORT
2026-04-07,11:19:25,2026-04-07,11:19:45,NIFTY,BUY,22895.5,22894.0,NIFTY07APR2622850CE,22850.0,CE,100.65,99.95,105.0,95.0,105.0,95.0,0.001491,0.002498,ws,ws,book_ladder,book_ladder,False,False,-4.35,4.95,65,-45.5,strategy_S9-149:NIFTY:2026-04-07T11:19:25:LONG
2026-04-07,11:20:40,2026-04-07,11:20:51,NIFTY,SELL,22890.95,22889.95,NIFTY07APR2622900PE,22900.0,PE,84.35,83.5,85.0,80.0,85.0,80.0,0.002968,0.002392,ws,ws,book_ladder,book_ladder,False,False,-0.65,3.5,65,-55.25,strategy_S9-149:NIFTY:2026-04-07T11:20:40:SHORT
2026-04-07,11:21:04,2026-04-07,11:21:14,NIFTY,BUY,22896.0,22894.7,NIFTY07APR2622850CE,22850.0,CE,103.75,101.35,105.0,100.0,105.0,100.0,0.002413,0.002464,ws,ws,book_ladder,book_ladder,False,False,-1.25,1.35,65,-156.0,strategy_S9-149:NIFTY:2026-04-07T11:21:04:LONG
2026-04-07,11:21:24,2026-04-07,11:21:46,NIFTY,BUY,22898.55,22901.45,NIFTY07APR2622850CE,22850.0,CE,103.95,106.0,105.0,105.0,105.0,105.0,0.002408,0.002356,ws,ws,book_ladder,book_ladder,False,False,-1.05,1.0,65,133.25,strategy_S9-149:NIFTY:2026-04-07T11:21:24:LONG
2026-04-07,11:21:59,2026-04-07,11:22:08,NIFTY,BUY,22912.2,22912.3,NIFTY07APR2622900CE,22900.0,CE,83.9,83.9,85.0,80.0,85.0,80.0,0.002387,0.002975,ws,ws,book_ladder,book_ladder,False,False,-1.1,3.9,65,0.0,strategy_S9-149:NIFTY:2026-04-07T11:21:59:LONG
2026-04-07,11:22:29,2026-04-07,11:22:54,NIFTY,BUY,22916.25,22922.5,NIFTY07APR2622900CE,22900.0,CE,85.75,92.85,90.0,90.0,90.0,90.0,0.00292,0.001614,ws,ws,book_ladder,book_ladder,False,False,-4.25,2.85,65,461.5,strategy_S9-149:NIFTY:2026-04-07T11:22:29:LONG
2026-04-07,11:24:07,2026-04-07,11:24:54,NIFTY,BUY,22918.15,22924.85,NIFTY07APR2622900CE,22900.0,CE,89.25,89.8,90.0,85.0,90.0,85.0,0.001682,0.001113,ws,ws,book_ladder,book_ladder,False,False,-0.75,4.8,65,35.75,strategy_S9-149:NIFTY:2026-04-07T11:24:07:LONG
2026-04-07,11:25:00,2026-04-07,11:25:02,NIFTY,BUY,22928.8,22923.55,NIFTY07APR2622900CE,22900.0,CE,91.8,88.0,95.0,85.0,95.0,85.0,0.002181,0.001136,ws,ws,book_ladder,book_ladder,False,False,-3.2,3.0,65,-247.0,strategy_S9-149:NIFTY:2026-04-07T11:25:00:LONG
2026-04-07,11:25:48,2026-04-07,11:25:57,NIFTY,SELL,22922.4,22923.25,NIFTY07APR2622950PE,22950.0,PE,95.3,93.1,100.0,90.0,100.0,90.0,0.00105,0.00161,ws,ws,book_ladder,book_ladder,False,False,-4.7,3.1,65,-143.0,strategy_S9-149:NIFTY:2026-04-07T11:25:48:SHORT
2026-04-07,11:26:21,2026-04-07,11:27:05,NIFTY,BUY,22928.95,22931.75,NIFTY07APR2622900CE,22900.0,CE,94.65,95.0,95.0,95.0,95.0,95.0,0.002115,0.002628,ws,ws,book_ladder,book_ladder,False,False,-0.35,0.0,65,22.75,strategy_S9-149:NIFTY:2026-04-07T11:26:21:LONG
2026-04-07,11:27:10,2026-04-07,11:27:30,NIFTY,BUY,22934.55,22939.0,NIFTY07APR2622900CE,22900.0,CE,97.8,100.6,100.0,100.0,100.0,100.0,0.003072,0.00149,ws,ws,book_ladder,book_ladder,False,False,-2.2,0.6,65,182.0,strategy_S9-149:NIFTY:2026-04-07T11:27:10:LONG
2026-04-07,11:28:19,2026-04-07,11:28:38,NIFTY,SELL,22935.25,22931.1,NIFTY07APR2622950PE,22950.0,PE,87.65,90.0,90.0,90.0,90.0,90.0,0.001713,0.00222,ws,ws,book_ladder,book_ladder,False,False,-2.35,0.0,65,152.75,strategy_S9-149:NIFTY:2026-04-07T11:28:19:SHORT
2026-04-07,11:29:00,2026-04-07,11:29:25,NIFTY,BUY,22940.65,22940.05,NIFTY07APR2622900CE,22900.0,CE,99.0,98.0,100.0,95.0,100.0,95.0,0.003035,0.002039,ws,ws,book_ladder,book_ladder,False,False,-1.0,3.0,65,-65.0,strategy_S9-149:NIFTY:2026-04-07T11:29:00:LONG
2026-04-07,11:29:32,2026-04-07,11:29:55,NIFTY,BUY,22942.7,22943.75,NIFTY07APR2622900CE,22900.0,CE,100.25,100.6,105.0,100.0,105.0,100.0,0.001997,0.002482,ws,ws,book_ladder,book_ladder,False,False,-4.75,0.6,65,22.75,strategy_S9-149:NIFTY:2026-04-07T11:29:32:LONG
2026-04-07,11:30:15,2026-04-07,11:30:28,NIFTY,SELL,22938.3,22934.95,NIFTY07APR2622950PE,22950.0,PE,83.3,83.35,85.0,80.0,85.0,80.0,0.001802,0.001199,ws,ws,book_ladder,book_ladder,False,False,-1.7,3.35,65,3.25,strategy_S9-149:NIFTY:2026-04-07T11:30:15:SHORT
2026-04-07,11:30:36,2026-04-07,11:30:56,NIFTY,BUY,22941.15,22941.3,NIFTY07APR2622900CE,22900.0,CE,101.35,100.3,105.0,100.0,105.0,100.0,0.00247,0.002987,ws,ws,book_ladder,book_ladder,False,False,-3.65,0.3,65,-68.25,strategy_S9-149:NIFTY:2026-04-07T11:30:36:LONG
2026-04-07,11:31:18,2026-04-07,11:31:30,NIFTY,SELL,22941.5,22940.85,NIFTY07APR2622950PE,22950.0,PE,84.4,83.05,85.0,80.0,85.0,80.0,0.002966,0.002405,ws,ws,book_ladder,book_ladder,False,False,-0.6,3.05,65,-87.75,strategy_S9-149:NIFTY:2026-04-07T11:31:18:SHORT
2026-04-07,11:31:40,2026-04-07,11:31:47,NIFTY,SELL,22935.4,22935.9,NIFTY07APR2622950PE,22950.0,PE,86.05,86.0,90.0,85.0,90.0,85.0,0.002327,0.002903,ws,ws,book_ladder,book_ladder,False,False,-3.95,1.0,65,-3.25,strategy_S9-149:NIFTY:2026-04-07T11:31:40:SHORT
2026-04-07,11:32:00,2026-04-07,11:32:05,NIFTY,BUY,22939.7,22937.5,NIFTY07APR2622900CE,22900.0,CE,99.95,99.55,100.0,95.0,100.0,95.0,0.002504,0.002007,ws,ws,book_ladder,book_ladder,False,False,-0.05,4.55,65,-26.0,strategy_S9-149:NIFTY:2026-04-07T11:32:00:LONG
2026-04-07,11:32:35,2026-04-07,11:32:45,NIFTY,BUY,22942.8,22937.5,NIFTY07APR2622900CE,22900.0,CE,101.45,97.9,105.0,95.0,105.0,95.0,0.000986,0.00255,ws,ws,book_ladder,book_ladder,False,False,-3.55,2.9,65,-230.75,strategy_S9-149:NIFTY:2026-04-07T11:32:35:LONG
2026-04-07,11:32:54,2026-04-07,11:33:09,NIFTY,BUY,22941.55,22940.45,NIFTY07APR2622900CE,22900.0,CE,101.2,100.2,105.0,100.0,105.0,100.0,0.001978,0.001496,ws,ws,book_ladder,book_ladder,False,False,-3.8,0.2,65,-65.0,strategy_S9-149:NIFTY:2026-04-07T11:32:54:LONG
2026-04-07,11:33:23,2026-04-07,11:33:29,NIFTY,SELL,22934.15,22936.95,NIFTY07APR2622950PE,22950.0,PE,84.3,84.05,85.0,80.0,85.0,80.0,0.002375,0.00297,ws,ws,book_ladder,book_ladder,False,False,-0.7,4.05,65,-16.25,strategy_S9-149:NIFTY:2026-04-07T11:33:23:SHORT
2026-04-07,11:33:55,2026-04-07,11:34:00,NIFTY,SELL,22937.4,22938.55,NIFTY07APR2622950PE,22950.0,PE,83.15,82.0,85.0,80.0,85.0,80.0,0.002408,0.002436,ws,ws,book_ladder,book_ladder,False,False,-1.85,2.0,65,-74.75,strategy_S9-149:NIFTY:2026-04-07T11:33:55:SHORT
2026-04-07,11:34:10,2026-04-07,11:34:13,NIFTY,BUY,22940.8,22937.85,NIFTY07APR2622900CE,22900.0,CE,97.75,97.45,100.0,95.0,100.0,95.0,0.002561,0.003074,ws,ws,book_ladder,book_ladder,False,False,-2.25,2.45,65,-19.5,strategy_S9-149:NIFTY:2026-04-07T11:34:10:LONG
2026-04-07,11:34:55,2026-04-07,11:35:09,NIFTY,BUY,22941.45,22942.0,NIFTY07APR2622900CE,22900.0,CE,101.65,99.2,105.0,95.0,105.0,95.0,0.002462,0.002517,ws,ws,book_ladder,book_ladder,False,False,-3.35,4.2,65,-159.25,strategy_S9-149:NIFTY:2026-04-07T11:34:55:LONG
2026-04-07,11:35:20,2026-04-07,11:35:30,NIFTY,SELL,22936.6,22936.55,NIFTY07APR2622950PE,22950.0,PE,84.75,83.95,85.0,80.0,85.0,80.0,0.001181,0.002974,ws,ws,book_ladder,book_ladder,False,False,-0.25,3.95,65,-52.0,strategy_S9-149:NIFTY:2026-04-07T11:35:20:SHORT
2026-04-07,11:35:42,2026-04-07,11:35:54,NIFTY,BUY,22940.95,22939.05,NIFTY07APR2622900CE,22900.0,CE,100.25,99.45,105.0,95.0,105.0,95.0,0.002497,0.002511,ws,ws,book_ladder,book_ladder,False,False,-4.75,4.45,65,-52.0,strategy_S9-149:NIFTY:2026-04-07T11:35:42:LONG
2026-04-07,11:36:00,2026-04-07,11:36:09,NIFTY,BUY,22942.55,22940.2,NIFTY07APR2622900CE,22900.0,CE,98.85,98.0,100.0,95.0,100.0,95.0,0.002532,0.002039,ws,ws,book_ladder,book_ladder,False,False,-1.15,3.0,65,-55.25,strategy_S9-149:NIFTY:2026-04-07T11:36:00:LONG
2026-04-07,11:36:15,2026-04-07,11:36:30,NIFTY,SELL,22932.5,22935.75,NIFTY07APR2622950PE,22950.0,PE,85.55,85.0,90.0,85.0,90.0,85.0,0.002927,0.00235,ws,ws,book_ladder,book_ladder,False,False,-4.45,0.0,65,-35.75,strategy_S9-149:NIFTY:2026-04-07T11:36:15:SHORT
2026-04-07,11:36:40,2026-04-07,11:36:53,NIFTY,SELL,22929.0,22931.85,NIFTY07APR2622950PE,22950.0,PE,87.15,86.5,90.0,85.0,90.0,85.0,0.002873,0.002886,ws,ws,book_ladder,book_ladder,False,False,-2.85,1.5,65,-42.25,strategy_S9-149:NIFTY:2026-04-07T11:36:40:SHORT
2026-04-07,11:37:17,2026-04-07,11:37:21,NIFTY,BUY,22935.2,22932.15,NIFTY07APR2622900CE,22900.0,CE,96.6,92.4,100.0,90.0,100.0,90.0,0.002591,0.001622,ws,ws,book_ladder,book_ladder,False,False,-3.4,2.4,65,-273.0,strategy_S9-149:NIFTY:2026-04-07T11:37:17:LONG
2026-04-07,11:38:20,2026-04-07,11:39:22,NIFTY,BUY,22934.75,22952.8,NIFTY07APR2622900CE,22900.0,CE,95.45,108.8,100.0,105.0,100.0,105.0,0.002623,0.001837,ws,ws,book_ladder,book_ladder,False,False,-4.55,3.8,65,867.75,strategy_S9-149:NIFTY:2026-04-07T11:38:20:LONG
2026-04-07,11:39:58,2026-04-07,11:40:30,NIFTY,SELL,22943.3,22932.6,NIFTY07APR2622950PE,22950.0,PE,78.65,84.9,80.0,80.0,80.0,80.0,0.001909,0.001765,ws,ws,book_ladder,book_ladder,False,False,-1.35,4.9,65,406.25,strategy_S9-149:NIFTY:2026-04-07T11:39:58:SHORT
2026-04-07,11:41:07,2026-04-07,11:41:34,NIFTY,SELL,22917.35,22915.75,NIFTY07APR2622950PE,22950.0,PE,92.85,92.3,95.0,90.0,95.0,90.0,0.002696,0.002705,ws,ws,book_ladder,book_ladder,False,False,-2.15,2.3,65,-35.75,strategy_S9-149:NIFTY:2026-04-07T11:41:07:SHORT
2026-04-07,11:41:40,2026-04-07,11:42:12,NIFTY,BUY,22920.25,22927.6,NIFTY07APR2622900CE,22900.0,CE,87.95,88.95,90.0,85.0,90.0,85.0,0.002847,0.002246,ws,ws,book_ladder,book_ladder,False,False,-2.05,3.95,65,65.0,strategy_S9-149:NIFTY:2026-04-07T11:41:40:LONG
2026-04-07,11:42:21,2026-04-07,11:42:30,NIFTY,SELL,22919.55,22919.65,NIFTY07APR2622950PE,22950.0,PE,90.35,94.15,95.0,90.0,95.0,90.0,0.001107,0.002652,ws,ws,book_ladder,book_ladder,False,False,-4.65,4.15,65,247.0,strategy_S9-149:NIFTY:2026-04-07T11:42:21:SHORT
2026-04-07,11:42:57,2026-04-07,11:43:17,NIFTY,BUY,22926.2,22930.45,NIFTY07APR2622900CE,22900.0,CE,91.8,91.8,95.0,90.0,95.0,90.0,0.002181,0.001089,ws,ws,book_ladder,book_ladder,False,False,-3.2,1.8,65,0.0,strategy_S9-149:NIFTY:2026-04-07T11:42:57:LONG
2026-04-07,11:43:27,2026-04-07,11:43:31,NIFTY,SELL,22924.5,22928.5,NIFTY07APR2622950PE,22950.0,PE,88.95,88.4,90.0,85.0,90.0,85.0,0.001688,0.00226,ws,ws,book_ladder,book_ladder,False,False,-1.05,3.4,65,-35.75,strategy_S9-149:NIFTY:2026-04-07T11:43:27:SHORT
2026-04-07,11:43:54,2026-04-07,11:44:00,NIFTY,SELL,22920.7,22922.9,NIFTY07APR2622950PE,22950.0,PE,92.65,93.5,95.0,90.0,95.0,90.0,0.002702,0.001603,ws,ws,book_ladder,book_ladder,False,False,-2.35,3.5,65,55.25,strategy_S9-149:NIFTY:2026-04-07T11:43:54:SHORT
2026-04-07,11:44:21,2026-04-07,11:44:26,NIFTY,SELL,22919.25,22921.2,NIFTY07APR2622950PE,22950.0,PE,93.85,92.0,95.0,90.0,95.0,90.0,0.002667,0.002172,ws,ws,book_ladder,book_ladder,False,False,-1.15,2.0,65,-120.25,strategy_S9-149:NIFTY:2026-04-07T11:44:21:SHORT
2026-04-07,11:44:55,2026-04-07,11:45:00,NIFTY,SELL,22919.25,22922.4,NIFTY07APR2622950PE,22950.0,PE,91.8,90.85,95.0,90.0,95.0,90.0,0.002727,0.002748,ws,ws,book_ladder,book_ladder,False,False,-3.2,0.85,65,-61.75,strategy_S9-149:NIFTY:2026-04-07T11:44:55:SHORT
2026-04-07,11:45:20,2026-04-07,11:45:30,NIFTY,SELL,22919.2,22918.1,NIFTY07APR2622950PE,22950.0,PE,92.95,94.0,95.0,90.0,95.0,90.0,0.002154,0.002656,ws,ws,book_ladder,book_ladder,False,False,-2.05,4.0,65,68.25,strategy_S9-149:NIFTY:2026-04-07T11:45:20:SHORT
2026-04-07,11:45:48,2026-04-07,11:46:10,NIFTY,BUY,22923.65,22926.3,NIFTY07APR2622900CE,22900.0,CE,87.35,88.7,90.0,85.0,90.0,85.0,0.001719,0.002252,ws,ws,book_ladder,book_ladder,False,False,-2.65,3.7,65,87.75,strategy_S9-149:NIFTY:2026-04-07T11:45:48:LONG
2026-04-07,11:46:20,2026-04-07,11:46:30,NIFTY,SELL,22923.0,22923.85,NIFTY07APR2622950PE,22950.0,PE,90.0,89.65,90.0,85.0,90.0,85.0,0.002782,0.002785,ws,ws,book_ladder,book_ladder,False,False,0.0,4.65,65,-22.75,strategy_S9-149:NIFTY:2026-04-07T11:46:20:SHORT
2026-04-07,11:46:40,2026-04-07,11:47:16,NIFTY,SELL,22918.25,22909.6,NIFTY07APR2622950PE,22950.0,PE,93.65,98.25,95.0,95.0,95.0,95.0,0.001603,0.002541,ws,ws,book_ladder,book_ladder,False,False,-1.35,3.25,65,299.0,strategy_S9-149:NIFTY:2026-04-07T11:46:40:SHORT
2026-04-07,11:48:22,2026-04-07,11:48:30,NIFTY,SELL,22904.9,22906.6,NIFTY07APR2622950PE,22950.0,PE,101.45,102.05,105.0,100.0,105.0,100.0,0.001973,0.002447,ws,ws,book_ladder,book_ladder,False,False,-3.55,2.05,65,39.0,strategy_S9-149:NIFTY:2026-04-07T11:48:22:SHORT
2026-04-07,11:48:44,2026-04-07,11:48:57,NIFTY,BUY,22915.75,22917.85,NIFTY07APR2622900CE,22900.0,CE,80.5,82.85,85.0,80.0,85.0,80.0,0.002488,0.003013,ws,ws,book_ladder,book_ladder,False,False,-4.5,2.85,65,152.75,strategy_S9-149:NIFTY:2026-04-07T11:48:44:LONG
2026-04-07,11:49:19,2026-04-07,11:49:29,NIFTY,BUY,22925.8,22923.1,NIFTY07APR2622900CE,22900.0,CE,85.05,83.65,90.0,80.0,90.0,80.0,0.000588,0.002984,ws,ws,book_ladder,book_ladder,False,False,-4.95,3.65,65,-91.0,strategy_S9-149:NIFTY:2026-04-07T11:49:19:LONG
2026-04-07,11:49:57,2026-04-07,11:50:12,NIFTY,SELL,22918.55,22919.3,NIFTY07APR2622950PE,22950.0,PE,93.2,93.6,95.0,90.0,95.0,90.0,0.002148,0.002134,ws,ws,book_ladder,book_ladder,False,False,-1.8,3.6,65,26.0,strategy_S9-149:NIFTY:2026-04-07T11:49:57:SHORT
2026-04-07,11:50:30,2026-04-07,11:50:37,NIFTY,BUY,22921.65,22918.6,NIFTY07APR2622900CE,22900.0,CE,81.2,81.1,85.0,80.0,85.0,80.0,0.002466,0.002463,ws,ws,book_ladder,book_ladder,False,False,-3.8,1.1,65,-6.5,strategy_S9-149:NIFTY:2026-04-07T11:50:30:LONG
2026-04-07,11:50:50,2026-04-07,11:50:55,NIFTY,BUY,22921.1,22917.75,NIFTY07APR2622900CE,22900.0,CE,80.85,81.65,85.0,80.0,85.0,80.0,0.001857,0.001835,ws,ws,book_ladder,book_ladder,False,False,-4.15,1.65,65,52.0,strategy_S9-149:NIFTY:2026-04-07T11:50:50:LONG
2026-04-07,11:51:05,2026-04-07,11:51:16,NIFTY,SELL,22917.15,22919.8,NIFTY07APR2622950PE,22950.0,PE,94.0,92.6,95.0,90.0,95.0,90.0,0.002663,0.002157,ws,ws,book_ladder,book_ladder,False,False,-1.0,2.6,65,-91.0,strategy_S9-149:NIFTY:2026-04-07T11:51:05:SHORT
2026-04-07,11:51:30,2026-04-07,11:51:53,NIFTY,BUY,22921.8,22928.6,NIFTY07APR2622900CE,22900.0,CE,82.85,85.9,85.0,85.0,85.0,85.0,0.001208,0.002326,ws,ws,book_ladder,book_ladder,False,False,-2.15,0.9,65,198.25,strategy_S9-149:NIFTY:2026-04-07T11:51:30:LONG
2026-04-07,11:52:23,2026-04-07,11:52:37,NIFTY,BUY,22930.6,22929.1,NIFTY07APR2622900CE,22900.0,CE,85.45,86.6,90.0,85.0,90.0,85.0,0.001757,0.003458,ws,ws,book_ladder,book_ladder,False,False,-4.55,1.6,65,74.75,strategy_S9-149:NIFTY:2026-04-07T11:52:23:LONG
2026-04-07,11:52:50,2026-04-07,11:52:56,NIFTY,SELL,22925.25,22926.4,NIFTY07APR2622950PE,22950.0,PE,89.9,89.6,90.0,85.0,90.0,85.0,0.002227,0.00223,ws,ws,book_ladder,book_ladder,False,False,-0.1,4.6,65,-19.5,strategy_S9-149:NIFTY:2026-04-07T11:52:50:SHORT
2026-04-07,11:53:12,2026-04-07,11:53:36,NIFTY,BUY,22928.85,22929.6,NIFTY07APR2622900CE,22900.0,CE,86.45,87.0,90.0,85.0,90.0,85.0,0.002316,0.002296,ws,ws,book_ladder,book_ladder,False,False,-3.55,2.0,65,35.75,strategy_S9-149:NIFTY:2026-04-07T11:53:12:LONG
2026-04-07,11:54:36,2026-04-07,11:54:57,NIFTY,BUY,22938.7,22941.65,NIFTY07APR2622900CE,22900.0,CE,95.6,97.15,100.0,95.0,100.0,95.0,0.002094,0.00257,ws,ws,book_ladder,book_ladder,False,False,-4.4,2.15,65,100.75,strategy_S9-149:NIFTY:2026-04-07T11:54:36:LONG
2026-04-07,11:55:00,2026-04-07,11:55:37,NIFTY,BUY,22944.35,22955.35,NIFTY07APR2622900CE,22900.0,CE,99.25,106.7,100.0,105.0,100.0,105.0,0.001512,0.002808,ws,ws,book_ladder,book_ladder,False,False,-0.75,1.7,65,484.25,strategy_S9-149:NIFTY:2026-04-07T11:55:00:LONG
2026-04-07,11:55:51,2026-04-07,11:55:57,NIFTY,SELL,22949.75,22954.05,NIFTY07APR2622950PE,22950.0,PE,72.35,71.05,75.0,70.0,75.0,70.0,0.002075,0.002109,ws,ws,book_ladder,book_ladder,False,False,-2.65,1.05,65,-84.5,strategy_S9-149:NIFTY:2026-04-07T11:55:51:SHORT
2026-04-07,11:56:00,2026-04-07,11:56:16,NIFTY,BUY,22957.6,22962.75,NIFTY07APR2622950CE,22950.0,CE,80.75,83.3,85.0,80.0,85.0,80.0,0.003722,0.002398,ws,ws,book_ladder,book_ladder,False,False,-4.25,3.3,65,165.75,strategy_S9-149:NIFTY:2026-04-07T11:56:00:LONG
2026-04-07,11:56:36,2026-04-07,11:56:40,NIFTY,BUY,22968.2,22966.25,NIFTY07APR2622950CE,22950.0,CE,87.7,85.0,90.0,85.0,90.0,85.0,0.002283,0.001763,ws,ws,book_ladder,book_ladder,False,False,-2.3,0.0,65,-175.5,strategy_S9-149:NIFTY:2026-04-07T11:56:36:LONG
2026-04-07,11:57:30,2026-04-07,11:57:42,NIFTY,BUY,22983.15,22986.9,NIFTY07APR2622950CE,22950.0,CE,96.85,99.5,100.0,95.0,100.0,95.0,0.002067,0.002008,ws,ws,book_ladder,book_ladder,False,False,-3.15,4.5,65,172.25,strategy_S9-149:NIFTY:2026-04-07T11:57:30:LONG
2026-04-07,11:58:13,2026-04-07,11:58:45,NIFTY,SELL,22982.9,22978.4,NIFTY07APR2623000PE,23000.0,PE,81.45,83.15,85.0,80.0,85.0,80.0,0.003074,0.003002,ws,ws,book_ladder,book_ladder,False,False,-3.55,3.15,65,110.5,strategy_S9-149:NIFTY:2026-04-07T11:58:13:SHORT
2026-04-07,11:59:00,2026-04-07,11:59:07,NIFTY,BUY,22983.8,22982.75,NIFTY07APR2622950CE,22950.0,CE,96.65,95.85,100.0,95.0,100.0,95.0,0.00259,0.003125,ws,ws,book_ladder,book_ladder,False,False,-3.35,0.85,65,-52.0,strategy_S9-149:NIFTY:2026-04-07T11:59:00:LONG
2026-04-07,11:59:29,2026-04-07,11:59:38,NIFTY,BUY,22988.15,22986.85,NIFTY07APR2622950CE,22950.0,CE,100.3,99.05,105.0,95.0,105.0,95.0,0.002496,0.001513,ws,ws,book_ladder,book_ladder,False,False,-4.7,4.05,65,-81.25,strategy_S9-149:NIFTY:2026-04-07T11:59:29:LONG
2026-04-07,12:00:28,2026-04-07,12:00:56,NIFTY,SELL,22981.85,22973.25,NIFTY07APR2623000PE,23000.0,PE,78.45,82.9,80.0,80.0,80.0,80.0,0.001914,0.003612,ws,ws,book_ladder,book_ladder,False,False,-1.55,2.9,65,289.25,strategy_S9-149:NIFTY:2026-04-07T12:00:28:SHORT
2026-04-07,12:01:10,2026-04-07,12:01:30,NIFTY,SELL,22975.05,22974.9,NIFTY07APR2623000PE,23000.0,PE,82.2,82.25,85.0,80.0,85.0,80.0,0.001826,0.002429,ws,ws,book_ladder,book_ladder,False,False,-2.8,2.25,65,3.25,strategy_S9-149:NIFTY:2026-04-07T12:01:10:SHORT
2026-04-07,12:01:41,2026-04-07,12:02:30,NIFTY,SELL,22971.9,22956.5,NIFTY07APR2623000PE,23000.0,PE,84.45,91.35,85.0,90.0,85.0,90.0,0.001185,0.002733,ws,ws,book_ladder,book_ladder,False,False,-0.55,1.35,65,448.5,strategy_S9-149:NIFTY:2026-04-07T12:01:41:SHORT
2026-04-07,12:03:10,2026-04-07,12:03:30,NIFTY,SELL,22951.2,22948.45,NIFTY07APR2623000PE,23000.0,PE,95.8,102.15,100.0,100.0,100.0,100.0,0.003136,0.002933,ws,ws,book_ladder,book_ladder,False,False,-4.2,2.15,65,412.75,strategy_S9-149:NIFTY:2026-04-07T12:03:10:SHORT
2026-04-07,12:03:44,2026-04-07,12:04:03,NIFTY,SELL,22944.65,22948.1,NIFTY07APR2622950PE,22950.0,PE,72.2,71.35,75.0,70.0,75.0,70.0,0.002774,0.002799,ws,ws,book_ladder,book_ladder,False,False,-2.8,1.35,65,-55.25,strategy_S9-149:NIFTY:2026-04-07T12:03:44:SHORT
2026-04-07,12:04:51,2026-04-07,12:05:00,NIFTY,SELL,22945.05,22945.85,NIFTY07APR2622950PE,22950.0,PE,73.95,74.8,75.0,70.0,75.0,70.0,0.002708,0.00267,ws,ws,book_ladder,book_ladder,False,False,-1.05,4.8,65,55.25,strategy_S9-149:NIFTY:2026-04-07T12:04:51:SHORT
2026-04-07,12:05:11,2026-04-07,12:05:27,NIFTY,SELL,22939.25,22929.95,NIFTY07APR2622950PE,22950.0,PE,76.6,83.2,80.0,80.0,80.0,80.0,0.002614,0.003,ws,ws,book_ladder,book_ladder,False,False,-3.4,3.2,65,429.0,strategy_S9-149:NIFTY:2026-04-07T12:05:11:SHORT
2026-04-07,12:06:41,2026-04-07,12:06:51,NIFTY,BUY,22940.25,22940.05,NIFTY07APR2622900CE,22900.0,CE,96.3,94.25,100.0,90.0,100.0,90.0,0.00312,0.002649,ws,ws,book_ladder,book_ladder,False,False,-3.7,4.25,65,-133.25,strategy_S9-149:NIFTY:2026-04-07T12:06:41:LONG
2026-04-07,12:07:00,2026-04-07,12:07:24,NIFTY,BUY,22942.95,22938.9,NIFTY07APR2622900CE,22900.0,CE,96.35,92.15,100.0,90.0,100.0,90.0,0.002598,0.002168,ws,ws,book_ladder,book_ladder,False,False,-3.65,2.15,65,-273.0,strategy_S9-149:NIFTY:2026-04-07T12:07:00:LONG
2026-04-07,12:07:56,2026-04-07,12:08:00,NIFTY,SELL,22938.6,22941.15,NIFTY07APR2622950PE,22950.0,PE,78.65,77.05,80.0,75.0,80.0,75.0,0.002546,0.002592,ws,ws,book_ladder,book_ladder,False,False,-1.35,2.05,65,-104.0,strategy_S9-149:NIFTY:2026-04-07T12:07:56:SHORT
2026-04-07,12:08:30,2026-04-07,12:08:50,NIFTY,BUY,22944.25,22945.3,NIFTY07APR2622900CE,22900.0,CE,95.25,98.85,100.0,95.0,100.0,95.0,0.003155,0.002526,ws,ws,book_ladder,book_ladder,False,False,-4.75,3.85,65,234.0,strategy_S9-149:NIFTY:2026-04-07T12:08:30:LONG
2026-04-07,12:09:46,2026-04-07,12:09:55,NIFTY,BUY,22949.45,22948.55,NIFTY07APR2622900CE,22900.0,CE,98.3,101.0,100.0,100.0,100.0,100.0,0.002546,0.002472,ws,ws,book_ladder,book_ladder,False,False,-1.7,1.0,65,175.5,strategy_S9-149:NIFTY:2026-04-07T12:09:46:LONG
2026-04-07,12:10:10,2026-04-07,12:10:19,NIFTY,SELL,22936.5,22938.95,NIFTY07APR2622950PE,22950.0,PE,76.65,77.0,80.0,75.0,80.0,75.0,0.002613,0.001946,ws,ws,book_ladder,book_ladder,False,False,-3.35,2.0,65,22.75,strategy_S9-149:NIFTY:2026-04-07T12:10:10:SHORT
2026-04-07,12:10:48,2026-04-07,12:10:56,NIFTY,BUY,22943.8,22940.75,NIFTY07APR2622900CE,22900.0,CE,96.2,95.2,100.0,95.0,100.0,95.0,0.002602,0.002099,ws,ws,book_ladder,book_ladder,False,False,-3.8,0.2,65,-65.0,strategy_S9-149:NIFTY:2026-04-07T12:10:48:LONG
2026-04-07,12:11:04,2026-04-07,12:11:34,NIFTY,SELL,22935.1,22927.85,NIFTY07APR2622950PE,22950.0,PE,77.15,81.55,80.0,80.0,80.0,80.0,0.001946,0.003061,ws,ws,book_ladder,book_ladder,False,False,-2.85,1.55,65,286.0,strategy_S9-149:NIFTY:2026-04-07T12:11:04:SHORT
2026-04-07,12:12:05,2026-04-07,12:12:26,NIFTY,SELL,22917.2,22912.05,NIFTY07APR2622950PE,22950.0,PE,91.45,95.3,95.0,95.0,95.0,95.0,0.002737,0.003143,ws,ws,book_ladder,book_ladder,False,False,-3.55,0.3,65,250.25,strategy_S9-149:NIFTY:2026-04-07T12:12:05:SHORT
2026-04-07,12:12:38,2026-04-07,12:12:57,NIFTY,BUY,22923.6,22925.85,NIFTY07APR2622900CE,22900.0,CE,81.35,83.4,85.0,80.0,85.0,80.0,0.002462,0.002993,ws,ws,book_ladder,book_ladder,False,False,-3.65,3.4,65,133.25,strategy_S9-149:NIFTY:2026-04-07T12:12:38:LONG
2026-04-07,12:13:14,2026-04-07,12:13:55,NIFTY,BUY,22934.05,22942.7,NIFTY07APR2622900CE,22900.0,CE,87.4,92.45,90.0,90.0,90.0,90.0,0.001718,0.002161,ws,ws,book_ladder,book_ladder,False,False,-2.6,2.45,65,328.25,strategy_S9-149:NIFTY:2026-04-07T12:13:14:LONG
2026-04-07,12:14:04,2026-04-07,12:14:22,NIFTY,SELL,22935.3,22938.15,NIFTY07APR2622950PE,22950.0,PE,79.25,79.35,80.0,75.0,80.0,75.0,0.00316,0.001889,ws,ws,book_ladder,book_ladder,False,False,-0.75,4.35,65,6.5,strategy_S9-149:NIFTY:2026-04-07T12:14:04:SHORT
2026-04-07,12:14:41,2026-04-07,12:14:54,NIFTY,BUY,22940.0,22942.0,NIFTY07APR2622900CE,22900.0,CE,92.4,92.4,95.0,90.0,95.0,90.0,0.002167,0.002162,ws,ws,book_ladder,book_ladder,False,False,-2.6,2.4,65,0.0,strategy_S9-149:NIFTY:2026-04-07T12:14:41:LONG
2026-04-07,12:15:20,2026-04-07,12:15:40,NIFTY,BUY,22946.65,22944.8,NIFTY07APR2622900CE,22900.0,CE,95.35,92.2,100.0,90.0,100.0,90.0,0.002625,0.002167,ws,ws,book_ladder,book_ladder,False,False,-4.65,2.2,65,-204.75,strategy_S9-149:NIFTY:2026-04-07T12:15:20:LONG
2026-04-07,12:15:56,2026-04-07,12:16:11,NIFTY,SELL,22933.4,22933.05,NIFTY07APR2622950PE,22950.0,PE,80.3,80.35,85.0,80.0,85.0,80.0,0.002494,0.002486,ws,ws,book_ladder,book_ladder,False,False,-4.7,0.35,65,3.25,strategy_S9-149:NIFTY:2026-04-07T12:15:56:SHORT
2026-04-07,12:17:12,2026-04-07,12:17:25,NIFTY,BUY,22938.45,22940.5,NIFTY07APR2622900CE,22900.0,CE,91.3,90.85,95.0,90.0,95.0,90.0,0.003291,0.002748,ws,ws,book_ladder,book_ladder,False,False,-3.7,0.85,65,-29.25,strategy_S9-149:NIFTY:2026-04-07T12:17:12:LONG
2026-04-07,12:17:35,2026-04-07,12:17:41,NIFTY,BUY,22944.2,22942.15,NIFTY07APR2622900CE,22900.0,CE,93.45,89.8,95.0,85.0,95.0,85.0,0.002679,0.001669,ws,ws,book_ladder,book_ladder,False,False,-1.55,4.8,65,-237.25,strategy_S9-149:NIFTY:2026-04-07T12:17:35:LONG
2026-04-07,12:18:16,2026-04-07,12:18:20,NIFTY,BUY,22942.05,22939.0,NIFTY07APR2622900CE,22900.0,CE,90.85,89.25,95.0,85.0,95.0,85.0,0.002756,0.002797,ws,ws,book_ladder,book_ladder,False,False,-4.15,4.25,65,-104.0,strategy_S9-149:NIFTY:2026-04-07T12:18:16:LONG
2026-04-07,12:18:32,2026-04-07,12:19:12,NIFTY,SELL,22934.9,22925.55,NIFTY07APR2622950PE,22950.0,PE,79.0,82.3,80.0,80.0,80.0,80.0,0.001267,0.001214,ws,ws,book_ladder,book_ladder,False,False,-1.0,2.3,65,214.5,strategy_S9-149:NIFTY:2026-04-07T12:18:32:SHORT
2026-04-07,12:19:30,2026-04-07,12:19:59,NIFTY,BUY,22929.75,22930.15,NIFTY07APR2622900CE,22900.0,CE,83.1,83.65,85.0,80.0,85.0,80.0,0.001807,0.001792,ws,ws,book_ladder,book_ladder,False,False,-1.9,3.65,65,35.75,strategy_S9-149:NIFTY:2026-04-07T12:19:30:LONG
2026-04-07,12:20:26,2026-04-07,12:20:45,NIFTY,SELL,22926.8,22929.0,NIFTY07APR2622950PE,22950.0,PE,84.5,80.05,85.0,80.0,85.0,80.0,0.002963,0.001872,ws,ws,book_ladder,book_ladder,False,False,-0.5,0.05,65,-289.25,strategy_S9-149:NIFTY:2026-04-07T12:20:26:SHORT
2026-04-07,12:21:00,2026-04-07,12:21:02,NIFTY,BUY,22931.95,22927.0,NIFTY07APR2622900CE,22900.0,CE,82.8,83.0,85.0,80.0,85.0,80.0,0.002418,0.001204,ws,ws,book_ladder,book_ladder,False,False,-2.2,3.0,65,13.0,strategy_S9-149:NIFTY:2026-04-07T12:21:00:LONG
2026-04-07,12:21:10,2026-04-07,12:21:15,NIFTY,SELL,22926.25,22928.85,NIFTY07APR2622950PE,22950.0,PE,82.2,81.4,85.0,80.0,85.0,80.0,0.001826,0.002454,ws,ws,book_ladder,book_ladder,False,False,-2.8,1.4,65,-52.0,strategy_S9-149:NIFTY:2026-04-07T12:21:10:SHORT
2026-04-07,12:21:25,2026-04-07,12:21:30,NIFTY,SELL,22925.25,22927.05,NIFTY07APR2622950PE,22950.0,PE,84.0,83.2,85.0,80.0,85.0,80.0,0.002384,0.002401,ws,ws,book_ladder,book_ladder,False,False,-1.0,3.2,65,-52.0,strategy_S9-149:NIFTY:2026-04-07T12:21:25:SHORT
2026-04-07,12:21:42,2026-04-07,12:21:50,NIFTY,SELL,22923.3,22911.6,NIFTY07APR2622950PE,22950.0,PE,85.3,90.7,90.0,90.0,90.0,90.0,0.00176,0.000551,ws,ws,book_ladder,book_ladder,False,False,-4.7,0.7,65,351.0,strategy_S9-149:NIFTY:2026-04-07T12:21:42:SHORT
2026-04-07,12:22:35,2026-04-07,12:22:48,NIFTY,BUY,22915.45,22912.9,NIFTY07APR2622900CE,22900.0,CE,73.15,74.15,75.0,70.0,75.0,70.0,0.003423,0.002021,ws,ws,book_ladder,book_ladder,False,False,-1.85,4.15,65,65.0,strategy_S9-149:NIFTY:2026-04-07T12:22:35:LONG
2026-04-07,12:23:00,2026-04-07,12:23:06,NIFTY,BUY,22916.2,22911.75,NIFTY07APR2622900CE,22900.0,CE,75.0,73.8,75.0,70.0,75.0,70.0,0.001334,0.00203,ws,ws,book_ladder,book_ladder,False,False,0.0,3.8,65,-78.0,strategy_S9-149:NIFTY:2026-04-07T12:23:00:LONG
2026-04-07,12:23:40,2026-04-07,12:24:00,NIFTY,SELL,22909.35,22909.1,NIFTY07APR2622950PE,22950.0,PE,95.35,95.05,100.0,95.0,100.0,95.0,0.001574,0.001052,ws,ws,book_ladder,book_ladder,False,False,-4.65,0.05,65,-19.5,strategy_S9-149:NIFTY:2026-04-07T12:23:40:SHORT
2026-04-07,12:24:44,2026-04-07,12:24:56,NIFTY,BUY,22913.65,22911.2,NIFTY07APR2622900CE,22900.0,CE,73.8,71.65,75.0,70.0,75.0,70.0,0.002035,0.000698,ws,ws,book_ladder,book_ladder,False,False,-1.2,1.65,65,-139.75,strategy_S9-149:NIFTY:2026-04-07T12:24:44:LONG
2026-04-07,12:25:15,2026-04-07,12:25:59,NIFTY,BUY,22917.25,22919.75,NIFTY07APR2622900CE,22900.0,CE,76.45,77.4,80.0,75.0,80.0,75.0,0.001964,0.002581,ws,ws,book_ladder,book_ladder,False,False,-3.55,2.4,65,61.75,strategy_S9-149:NIFTY:2026-04-07T12:25:15:LONG
2026-04-07,12:26:10,2026-04-07,12:26:29,NIFTY,SELL,22913.4,22912.7,NIFTY07APR2622950PE,22950.0,PE,91.9,92.6,95.0,90.0,95.0,90.0,0.00327,0.002696,ws,ws,book_ladder,book_ladder,False,False,-3.1,2.6,65,45.5,strategy_S9-149:NIFTY:2026-04-07T12:26:10:SHORT
2026-04-07,12:28:20,2026-04-07,12:28:47,NIFTY,BUY,22918.7,22924.1,NIFTY07APR2622900CE,22900.0,CE,78.7,80.55,80.0,80.0,80.0,80.0,0.001908,0.003099,ws,ws,book_ladder,book_ladder,False,False,-1.3,0.55,65,120.25,strategy_S9-149:NIFTY:2026-04-07T12:28:20:LONG
2026-04-07,12:28:56,2026-04-07,12:29:02,NIFTY,SELL,22916.8,22921.1,NIFTY07APR2622950PE,22950.0,PE,89.15,86.7,90.0,85.0,90.0,85.0,0.000561,0.001729,ws,ws,book_ladder,book_ladder,False,False,-0.85,1.7,65,-159.25,strategy_S9-149:NIFTY:2026-04-07T12:28:56:SHORT
2026-04-07,12:29:27,2026-04-07,12:29:35,NIFTY,BUY,22924.1,22924.1,NIFTY07APR2622900CE,22900.0,CE,82.45,81.55,85.0,80.0,85.0,80.0,0.001821,0.002449,ws,ws,book_ladder,book_ladder,False,False,-2.55,1.55,65,-58.5,strategy_S9-149:NIFTY:2026-04-07T12:29:27:LONG
2026-04-07,12:29:58,2026-04-07,12:30:20,NIFTY,BUY,22925.15,22930.4,NIFTY07APR2622900CE,22900.0,CE,82.4,85.95,85.0,85.0,85.0,85.0,0.001214,0.002324,ws,ws,book_ladder,book_ladder,False,False,-2.6,0.95,65,230.75,strategy_S9-149:NIFTY:2026-04-07T12:29:58:LONG
2026-04-07,12:31:30,2026-04-07,12:31:52,NIFTY,BUY,22934.4,22940.05,NIFTY07APR2622900CE,22900.0,CE,86.75,89.6,90.0,85.0,90.0,85.0,0.002308,0.00223,ws,ws,book_ladder,book_ladder,False,False,-3.25,4.6,65,185.25,strategy_S9-149:NIFTY:2026-04-07T12:31:30:LONG
2026-04-07,12:32:11,2026-04-07,12:32:20,NIFTY,BUY,22943.5,22940.15,NIFTY07APR2622900CE,22900.0,CE,95.35,93.65,100.0,90.0,100.0,90.0,0.001574,0.002666,ws,ws,book_ladder,book_ladder,False,False,-4.65,3.65,65,-110.5,strategy_S9-149:NIFTY:2026-04-07T12:32:11:LONG
2026-04-07,12:32:47,2026-04-07,12:33:15,NIFTY,SELL,22937.5,22930.75,NIFTY07APR2622950PE,22950.0,PE,73.7,76.95,75.0,75.0,75.0,75.0,0.002037,0.003244,ws,ws,book_ladder,book_ladder,False,False,-1.3,1.95,65,211.25,strategy_S9-149:NIFTY:2026-04-07T12:32:47:SHORT
2026-04-07,12:33:53,2026-04-07,12:34:11,NIFTY,SELL,22926.4,22930.05,NIFTY07APR2622950PE,22950.0,PE,79.35,76.35,80.0,75.0,80.0,75.0,0.002524,0.001309,ws,ws,book_ladder,book_ladder,False,False,-0.65,1.35,65,-195.0,strategy_S9-149:NIFTY:2026-04-07T12:33:53:SHORT
2026-04-07,12:34:30,2026-04-07,12:34:50,NIFTY,BUY,22935.8,22935.8,NIFTY07APR2622900CE,22900.0,CE,87.4,85.3,90.0,85.0,90.0,85.0,0.001718,0.002927,ws,ws,book_ladder,book_ladder,False,False,-2.6,0.3,65,-136.5,strategy_S9-149:NIFTY:2026-04-07T12:34:30:LONG
2026-04-07,12:35:05,2026-04-07,12:35:06,NIFTY,BUY,22938.45,22934.0,NIFTY07APR2622900CE,22900.0,CE,85.25,85.1,90.0,85.0,90.0,85.0,0.001761,0.001761,ws,ws,book_ladder,book_ladder,False,False,-4.75,0.1,65,-9.75,strategy_S9-149:NIFTY:2026-04-07T12:35:05:LONG
2026-04-07,12:35:20,2026-04-07,12:35:56,NIFTY,BUY,22936.8,22937.05,NIFTY07APR2622900CE,22900.0,CE,86.7,87.3,90.0,85.0,90.0,85.0,0.001732,0.002288,ws,ws,book_ladder,book_ladder,False,False,-3.3,2.3,65,39.0,strategy_S9-149:NIFTY:2026-04-07T12:35:20:LONG
2026-04-07,12:36:34,2026-04-07,12:36:52,NIFTY,SELL,22933.55,22929.4,NIFTY07APR2622950PE,22950.0,PE,77.1,80.8,80.0,80.0,80.0,80.0,0.003248,0.003089,ws,ws,book_ladder,book_ladder,False,False,-2.9,0.8,65,240.5,strategy_S9-149:NIFTY:2026-04-07T12:36:34:SHORT
2026-04-07,12:37:20,2026-04-07,12:38:08,NIFTY,BUY,22934.45,22940.05,NIFTY07APR2622900CE,22900.0,CE,86.8,91.0,90.0,90.0,90.0,90.0,0.00173,0.002195,ws,ws,book_ladder,book_ladder,False,False,-3.2,1.0,65,273.0,strategy_S9-149:NIFTY:2026-04-07T12:37:20:LONG
2026-04-07,12:38:37,2026-04-07,12:38:52,NIFTY,SELL,22931.75,22935.0,NIFTY07APR2622950PE,22950.0,PE,75.0,73.55,75.0,70.0,75.0,70.0,0.002002,0.002037,ws,ws,book_ladder,book_ladder,False,False,0.0,3.55,65,-94.25,strategy_S9-149:NIFTY:2026-04-07T12:38:37:SHORT
2026-04-07,12:39:18,2026-04-07,12:40:23,NIFTY,BUY,22938.45,22950.05,NIFTY07APR2622900CE,22900.0,CE,89.15,91.0,90.0,90.0,90.0,90.0,0.002808,0.002743,ws,ws,book_ladder,book_ladder,False,False,-0.85,1.0,65,120.25,strategy_S9-149:NIFTY:2026-04-07T12:39:18:LONG
2026-04-07,12:41:20,2026-04-07,12:41:25,NIFTY,BUY,22950.9,22949.5,NIFTY07APR2622950CE,22950.0,CE,65.95,65.4,70.0,65.0,70.0,65.0,0.003037,0.002291,ws,ws,book_ladder,book_ladder,False,False,-4.05,0.4,65,-35.75,strategy_S9-149:NIFTY:2026-04-07T12:41:20:LONG
2026-04-07,12:41:46,2026-04-07,12:42:35,NIFTY,SELL,22947.65,22941.75,NIFTY07APR2622950PE,22950.0,PE,66.55,69.75,70.0,65.0,70.0,65.0,0.002256,0.001433,ws,ws,book_ladder,book_ladder,False,False,-3.45,4.75,65,208.0,strategy_S9-149:NIFTY:2026-04-07T12:41:46:SHORT
2026-04-07,12:42:51,2026-04-07,12:43:04,NIFTY,SELL,22936.35,22936.25,NIFTY07APR2622950PE,22950.0,PE,70.85,71.15,75.0,70.0,75.0,70.0,0.002827,0.002807,ws,ws,book_ladder,book_ladder,False,False,-4.15,1.15,65,19.5,strategy_S9-149:NIFTY:2026-04-07T12:42:51:SHORT
2026-04-07,12:43:32,2026-04-07,12:43:40,NIFTY,BUY,22940.9,22941.45,NIFTY07APR2622900CE,22900.0,CE,89.15,90.45,90.0,90.0,90.0,90.0,0.001684,0.00276,ws,ws,book_ladder,book_ladder,False,False,-0.85,0.45,65,84.5,strategy_S9-149:NIFTY:2026-04-07T12:43:32:LONG
2026-04-07,12:43:50,2026-04-07,12:43:56,NIFTY,BUY,22943.15,22941.1,NIFTY07APR2622900CE,22900.0,CE,90.25,90.45,95.0,90.0,95.0,90.0,0.002774,0.001657,ws,ws,book_ladder,book_ladder,False,False,-4.75,0.45,65,13.0,strategy_S9-149:NIFTY:2026-04-07T12:43:50:LONG
2026-04-07,12:44:00,2026-04-07,12:44:11,NIFTY,BUY,22946.5,22948.4,NIFTY07APR2622900CE,22900.0,CE,93.55,93.0,95.0,90.0,95.0,90.0,0.002676,0.002148,ws,ws,book_ladder,book_ladder,False,False,-1.45,3.0,65,-35.75,strategy_S9-149:NIFTY:2026-04-07T12:44:00:LONG
2026-04-07,12:44:20,2026-04-07,12:44:25,NIFTY,BUY,22949.95,22947.85,NIFTY07APR2622900CE,22900.0,CE,94.3,92.65,95.0,90.0,95.0,90.0,0.002123,0.002695,ws,ws,book_ladder,book_ladder,False,False,-0.7,2.65,65,-107.25,strategy_S9-149:NIFTY:2026-04-07T12:44:20:LONG
2026-04-07,12:44:40,2026-04-07,12:44:46,NIFTY,SELL,22945.1,22947.8,NIFTY07APR2622950PE,22950.0,PE,64.5,62.8,65.0,60.0,65.0,60.0,0.001552,0.002386,ws,ws,book_ladder,book_ladder,False,False,-0.5,2.8,65,-110.5,strategy_S9-149:NIFTY:2026-04-07T12:44:40:SHORT
2026-04-07,12:45:19,2026-04-07,12:45:31,NIFTY,SELL,22944.9,22946.0,NIFTY07APR2622950PE,22950.0,PE,65.4,64.7,70.0,60.0,70.0,60.0,0.002296,0.003086,ws,ws,book_ladder,book_ladder,False,False,-4.6,4.7,65,-45.5,strategy_S9-149:NIFTY:2026-04-07T12:45:19:SHORT
2026-04-07,12:45:43,2026-04-07,12:45:48,NIFTY,SELL,22944.15,22945.8,NIFTY07APR2622950PE,22950.0,PE,66.3,66.5,70.0,65.0,70.0,65.0,0.002265,0.002253,ws,ws,book_ladder,book_ladder,False,False,-3.7,1.5,65,13.0,strategy_S9-149:NIFTY:2026-04-07T12:45:43:SHORT
2026-04-07,12:45:56,2026-04-07,12:46:00,NIFTY,SELL,22943.85,22945.75,NIFTY07APR2622950PE,22950.0,PE,67.65,66.8,70.0,65.0,70.0,65.0,0.00222,0.002243,ws,ws,book_ladder,book_ladder,False,False,-2.35,1.8,65,-55.25,strategy_S9-149:NIFTY:2026-04-07T12:45:56:SHORT
2026-04-07,12:46:10,2026-04-07,12:46:16,NIFTY,SELL,22944.15,22946.0,NIFTY07APR2622950PE,22950.0,PE,65.15,64.1,70.0,60.0,70.0,60.0,0.001536,0.002337,ws,ws,book_ladder,book_ladder,False,False,-4.85,4.1,65,-68.25,strategy_S9-149:NIFTY:2026-04-07T12:46:10:SHORT
2026-04-07,12:46:39,2026-04-07,12:47:00,NIFTY,SELL,22942.55,22940.85,NIFTY07APR2622950PE,22950.0,PE,69.0,69.7,70.0,65.0,70.0,65.0,0.002176,0.002865,ws,ws,book_ladder,book_ladder,False,False,-1.0,4.7,65,45.5,strategy_S9-149:NIFTY:2026-04-07T12:46:39:SHORT
2026-04-07,12:47:22,2026-04-07,12:47:36,NIFTY,SELL,22931.95,22934.15,NIFTY07APR2622950PE,22950.0,PE,74.3,71.2,75.0,70.0,75.0,70.0,0.002021,0.002805,ws,ws,book_ladder,book_ladder,False,False,-0.7,1.2,65,-201.5,strategy_S9-149:NIFTY:2026-04-07T12:47:22:SHORT
2026-04-07,12:47:44,2026-04-07,12:48:07,NIFTY,BUY,22936.5,22938.8,NIFTY07APR2622900CE,22900.0,CE,85.9,88.45,90.0,85.0,90.0,85.0,0.002915,0.002259,ws,ws,book_ladder,book_ladder,False,False,-4.1,3.45,65,165.75,strategy_S9-149:NIFTY:2026-04-07T12:47:44:LONG
2026-04-07,12:48:16,2026-04-07,12:48:47,NIFTY,BUY,22943.5,22944.15,NIFTY07APR2622900CE,22900.0,CE,90.25,90.65,95.0,90.0,95.0,90.0,0.001663,0.002204,ws,ws,book_ladder,book_ladder,False,False,-4.75,0.65,65,26.0,strategy_S9-149:NIFTY:2026-04-07T12:48:16:LONG
2026-04-07,12:49:00,2026-04-07,12:49:20,NIFTY,BUY,22946.6,22944.85,NIFTY07APR2622900CE,22900.0,CE,91.9,89.05,95.0,85.0,95.0,85.0,0.00327,0.002243,ws,ws,book_ladder,book_ladder,False,False,-3.1,4.05,65,-185.25,strategy_S9-149:NIFTY:2026-04-07T12:49:00:LONG
2026-04-07,12:49:30,2026-04-07,12:49:37,NIFTY,BUY,22948.5,22944.35,NIFTY07APR2622900CE,22900.0,CE,90.65,86.75,95.0,85.0,95.0,85.0,0.001656,0.002303,ws,ws,book_ladder,book_ladder,False,False,-4.35,1.75,65,-253.5,strategy_S9-149:NIFTY:2026-04-07T12:49:30:LONG
2026-04-07,12:49:40,2026-04-07,12:49:48,NIFTY,SELL,22942.75,22946.5,NIFTY07APR2622950PE,22950.0,PE,70.15,67.85,75.0,65.0,75.0,65.0,0.002855,0.002208,ws,ws,book_ladder,book_ladder,False,False,-4.85,2.85,65,-149.5,strategy_S9-149:NIFTY:2026-04-07T12:49:40:SHORT
2026-04-07,12:50:14,2026-04-07,12:50:21,NIFTY,BUY,22948.1,22945.4,NIFTY07APR2622900CE,22900.0,CE,89.15,90.1,90.0,90.0,90.0,90.0,0.001684,0.002771,ws,ws,book_ladder,book_ladder,False,False,-0.85,0.1,65,61.75,strategy_S9-149:NIFTY:2026-04-07T12:50:14:LONG
2026-04-07,12:50:42,2026-04-07,12:50:50,NIFTY,BUY,22949.55,22948.7,NIFTY07APR2622900CE,22900.0,CE,90.7,91.4,95.0,90.0,95.0,90.0,0.002208,0.00164,ws,ws,book_ladder,book_ladder,False,False,-4.3,1.4,65,45.5,strategy_S9-149:NIFTY:2026-04-07T12:50:42:LONG
2026-04-07,12:51:40,2026-04-07,12:52:22,NIFTY,SELL,22943.05,22927.15,NIFTY07APR2622950PE,22950.0,PE,70.2,78.65,75.0,75.0,75.0,75.0,0.001426,0.001905,ws,ws,book_ladder,book_ladder,False,False,-4.8,3.65,65,549.25,strategy_S9-149:NIFTY:2026-04-07T12:51:40:SHORT
2026-04-07,12:52:32,2026-04-07,12:52:55,NIFTY,BUY,22930.65,22928.2,NIFTY07APR2622900CE,22900.0,CE,78.15,78.1,80.0,75.0,80.0,75.0,0.002562,0.001919,ws,ws,book_ladder,book_ladder,False,False,-1.85,3.1,65,-3.25,strategy_S9-149:NIFTY:2026-04-07T12:52:32:LONG
2026-04-07,12:53:00,2026-04-07,12:53:20,NIFTY,BUY,22931.65,22936.6,NIFTY07APR2622900CE,22900.0,CE,80.5,80.2,85.0,80.0,85.0,80.0,0.002488,0.003112,ws,ws,book_ladder,book_ladder,False,False,-4.5,0.2,65,-19.5,strategy_S9-149:NIFTY:2026-04-07T12:53:00:LONG
2026-04-07,12:53:30,2026-04-07,12:53:36,NIFTY,BUY,22940.8,22936.5,NIFTY07APR2622900CE,22900.0,CE,82.5,80.4,85.0,80.0,85.0,80.0,0.002427,0.001243,ws,ws,book_ladder,book_ladder,False,False,-2.5,0.4,65,-136.5,strategy_S9-149:NIFTY:2026-04-07T12:53:30:LONG
2026-04-07,12:54:10,2026-04-07,12:54:34,NIFTY,SELL,22933.75,22935.0,NIFTY07APR2622950PE,22950.0,PE,72.5,70.85,75.0,70.0,75.0,70.0,0.003454,0.002115,ws,ws,book_ladder,book_ladder,False,False,-2.5,0.85,65,-107.25,strategy_S9-149:NIFTY:2026-04-07T12:54:10:SHORT
2026-04-07,12:54:51,2026-04-07,12:55:13,NIFTY,BUY,22938.65,22939.45,NIFTY07APR2622900CE,22900.0,CE,84.3,84.95,85.0,80.0,85.0,80.0,0.001781,0.002352,ws,ws,book_ladder,book_ladder,False,False,-0.7,4.95,65,42.25,strategy_S9-149:NIFTY:2026-04-07T12:54:51:LONG
2026-04-07,12:55:20,2026-04-07,12:55:29,NIFTY,BUY,22943.0,22941.25,NIFTY07APR2622900CE,22900.0,CE,87.35,84.15,90.0,80.0,90.0,80.0,0.002292,0.002374,ws,ws,book_ladder,book_ladder,False,False,-2.65,4.15,65,-208.0,strategy_S9-149:NIFTY:2026-04-07T12:55:20:LONG
2026-04-07,12:55:47,2026-04-07,12:55:56,NIFTY,BUY,22944.15,22941.65,NIFTY07APR2622900CE,22900.0,CE,87.3,86.3,90.0,85.0,90.0,85.0,0.002294,0.002893,ws,ws,book_ladder,book_ladder,False,False,-2.7,1.3,65,-65.0,strategy_S9-149:NIFTY:2026-04-07T12:55:47:LONG
2026-04-07,12:56:38,2026-04-07,12:57:16,NIFTY,SELL,22939.85,22931.25,NIFTY07APR2622950PE,22950.0,PE,66.1,74.4,70.0,70.0,70.0,70.0,0.002272,0.003355,ws,ws,book_ladder,book_ladder,False,False,-3.9,4.4,65,539.5,strategy_S9-149:NIFTY:2026-04-07T12:56:38:SHORT
2026-04-07,12:57:20,2026-04-07,12:57:38,NIFTY,BUY,22933.6,22936.6,NIFTY07APR2622900CE,22900.0,CE,77.35,79.75,80.0,75.0,80.0,75.0,0.002589,0.001879,ws,ws,book_ladder,book_ladder,False,False,-2.65,4.75,65,156.0,strategy_S9-149:NIFTY:2026-04-07T12:57:20:LONG
2026-04-07,12:58:49,2026-04-07,12:58:56,NIFTY,SELL,22920.85,22925.5,NIFTY07APR2622950PE,22950.0,PE,78.35,77.45,80.0,75.0,80.0,75.0,0.001277,0.003223,ws,ws,book_ladder,book_ladder,False,False,-1.65,2.45,65,-58.5,strategy_S9-149:NIFTY:2026-04-07T12:58:49:SHORT
2026-04-07,12:59:00,2026-04-07,12:59:05,NIFTY,BUY,22927.15,22922.35,NIFTY07APR2622900CE,22900.0,CE,71.7,69.2,75.0,65.0,75.0,65.0,0.002793,0.002886,ws,ws,book_ladder,book_ladder,False,False,-3.3,4.2,65,-162.5,strategy_S9-149:NIFTY:2026-04-07T12:59:00:LONG
2026-04-07,12:59:48,2026-04-07,12:59:57,NIFTY,SELL,22914.2,22916.5,NIFTY07APR2622950PE,22950.0,PE,83.4,83.05,85.0,80.0,85.0,80.0,0.0018,0.003006,ws,ws,book_ladder,book_ladder,False,False,-1.6,3.05,65,-22.75,strategy_S9-149:NIFTY:2026-04-07T12:59:48:SHORT
2026-04-07,13:00:17,2026-04-07,13:00:25,NIFTY,BUY,22920.8,22917.5,NIFTY07APR2622900CE,22900.0,CE,68.7,66.5,70.0,65.0,70.0,65.0,0.002915,0.003003,ws,ws,book_ladder,book_ladder,False,False,-1.3,1.5,65,-143.0,strategy_S9-149:NIFTY:2026-04-07T13:00:17:LONG
2026-04-07,13:01:20,2026-04-07,13:01:22,NIFTY,BUY,22918.85,22917.3,NIFTY07APR2622900CE,22900.0,CE,68.2,65.95,70.0,65.0,70.0,65.0,0.002937,0.000758,ws,ws,book_ladder,book_ladder,False,False,-1.8,0.95,65,-146.25,strategy_S9-149:NIFTY:2026-04-07T13:01:20:LONG
2026-04-07,13:02:01,2026-04-07,13:02:16,NIFTY,SELL,22911.55,22911.6,NIFTY07APR2622950PE,22950.0,PE,82.8,87.45,85.0,85.0,85.0,85.0,0.001208,0.002284,ws,ws,book_ladder,book_ladder,False,False,-2.2,2.45,65,302.25,strategy_S9-149:NIFTY:2026-04-07T13:02:01:SHORT
2026-04-07,13:02:30,2026-04-07,13:03:25,NIFTY,BUY,22918.15,22937.9,NIFTY07APR2622900CE,22900.0,CE,67.7,79.95,70.0,75.0,70.0,75.0,0.001478,0.001874,ws,ws,book_ladder,book_ladder,False,False,-2.3,4.95,65,796.25,strategy_S9-149:NIFTY:2026-04-07T13:02:30:LONG
2026-04-07,13:04:13,2026-04-07,13:04:21,NIFTY,SELL,22935.05,22937.8,NIFTY07APR2622950PE,22950.0,PE,69.05,65.8,70.0,65.0,70.0,65.0,0.000724,0.003035,ws,ws,book_ladder,book_ladder,False,False,-0.95,0.8,65,-211.25,strategy_S9-149:NIFTY:2026-04-07T13:04:13:SHORT
2026-04-07,13:05:06,2026-04-07,13:05:34,NIFTY,SELL,22934.9,22932.6,NIFTY07APR2622950PE,22950.0,PE,66.35,66.45,70.0,65.0,70.0,65.0,0.002263,0.003005,ws,ws,book_ladder,book_ladder,False,False,-3.65,1.45,65,6.5,strategy_S9-149:NIFTY:2026-04-07T13:05:06:SHORT
2026-04-07,13:05:40,2026-04-07,13:06:14,NIFTY,SELL,22929.7,22923.35,NIFTY07APR2622950PE,22950.0,PE,70.1,73.55,75.0,70.0,75.0,70.0,0.002142,0.003393,ws,ws,book_ladder,book_ladder,False,False,-4.9,3.55,65,224.25,strategy_S9-149:NIFTY:2026-04-07T13:05:40:SHORT
2026-04-07,13:06:22,2026-04-07,13:06:31,NIFTY,SELL,22920.6,22922.15,NIFTY07APR2622950PE,22950.0,PE,74.55,73.0,75.0,70.0,75.0,70.0,0.002686,0.001369,ws,ws,book_ladder,book_ladder,False,False,-0.45,3.0,65,-100.75,strategy_S9-149:NIFTY:2026-04-07T13:06:22:SHORT
2026-04-07,13:06:45,2026-04-07,13:06:55,NIFTY,BUY,22924.7,22922.6,NIFTY07APR2622900CE,22900.0,CE,72.45,70.95,75.0,70.0,75.0,70.0,0.00069,0.002112,ws,ws,book_ladder,book_ladder,False,False,-2.55,0.95,65,-97.5,strategy_S9-149:NIFTY:2026-04-07T13:06:45:LONG
2026-04-07,13:07:52,2026-04-07,13:07:54,NIFTY,SELL,22918.8,22921.95,NIFTY07APR2622950PE,22950.0,PE,76.15,73.7,80.0,70.0,80.0,70.0,0.00263,0.00271,ws,ws,book_ladder,book_ladder,False,False,-3.85,3.7,65,-159.25,strategy_S9-149:NIFTY:2026-04-07T13:07:52:SHORT
2026-04-07,13:08:00,2026-04-07,13:08:10,NIFTY,BUY,22923.05,22919.25,NIFTY07APR2622900CE,22900.0,CE,69.5,66.75,70.0,65.0,70.0,65.0,0.002882,0.002992,ws,ws,book_ladder,book_ladder,False,False,-0.5,1.75,65,-178.75,strategy_S9-149:NIFTY:2026-04-07T13:08:00:LONG
2026-04-07,13:08:20,2026-04-07,13:08:33,NIFTY,SELL,22918.1,22918.9,NIFTY07APR2622950PE,22950.0,PE,79.0,80.5,80.0,80.0,80.0,80.0,0.002535,0.001862,ws,ws,book_ladder,book_ladder,False,False,-1.0,0.5,65,97.5,strategy_S9-149:NIFTY:2026-04-07T13:08:20:SHORT
2026-04-07,13:09:22,2026-04-07,13:09:31,NIFTY,SELL,22913.65,22914.8,NIFTY07APR2622950PE,22950.0,PE,77.0,76.9,80.0,75.0,80.0,75.0,0.0013,0.001949,ws,ws,book_ladder,book_ladder,False,False,-3.0,1.9,65,-6.5,strategy_S9-149:NIFTY:2026-04-07T13:09:22:SHORT
2026-04-07,13:09:47,2026-04-07,13:09:56,NIFTY,SELL,22911.55,22913.65,NIFTY07APR2622950PE,22950.0,PE,77.5,77.6,80.0,75.0,80.0,75.0,0.001291,0.002574,ws,ws,book_ladder,book_ladder,False,False,-2.5,2.6,65,6.5,strategy_S9-149:NIFTY:2026-04-07T13:09:47:SHORT
2026-04-07,13:10:41,2026-04-07,13:11:42,NIFTY,BUY,22913.45,22928.85,NIFTY07APR2622900CE,22900.0,CE,68.8,68.9,70.0,65.0,70.0,65.0,0.002911,0.00145,ws,ws,book_ladder,book_ladder,False,False,-1.2,3.9,65,6.5,strategy_S9-149:NIFTY:2026-04-07T13:10:41:LONG
2026-04-07,13:13:00,2026-04-07,13:14:28,NIFTY,BUY,22932.8,22951.55,NIFTY07APR2622900CE,22900.0,CE,70.3,89.45,75.0,85.0,75.0,85.0,0.002849,0.002791,ws,ws,book_ladder,book_ladder,False,False,-4.7,4.45,65,1244.75,strategy_S9-149:NIFTY:2026-04-07T13:13:00:LONG
2026-04-07,13:14:38,2026-04-07,13:14:46,NIFTY,SELL,22942.85,22945.1,NIFTY07APR2622950PE,22950.0,PE,60.8,60.1,65.0,60.0,65.0,60.0,0.003295,0.003322,ws,ws,book_ladder,book_ladder,False,False,-4.2,0.1,65,-45.5,strategy_S9-149:NIFTY:2026-04-07T13:14:38:SHORT
2026-04-07,13:14:55,2026-04-07,13:15:15,NIFTY,SELL,22940.7,22943.85,NIFTY07APR2622950PE,22950.0,PE,60.6,60.15,65.0,60.0,65.0,60.0,0.002478,0.002491,ws,ws,book_ladder,book_ladder,False,False,-4.4,0.15,65,-29.25,strategy_S9-149:NIFTY:2026-04-07T13:14:55:SHORT
2026-04-07,13:16:04,2026-04-07,13:16:25,NIFTY,BUY,22948.35,22952.6,NIFTY07APR2622900CE,22900.0,CE,86.4,86.0,90.0,85.0,90.0,85.0,0.002317,0.002903,ws,ws,book_ladder,book_ladder,False,False,-3.6,1.0,65,-26.0,strategy_S9-149:NIFTY:2026-04-07T13:16:04:LONG
2026-04-07,13:16:51,2026-04-07,13:17:24,NIFTY,BUY,22952.95,22954.05,NIFTY07APR2622950CE,22950.0,CE,60.4,59.25,65.0,55.0,65.0,55.0,0.002487,0.002528,ws,ws,book_ladder,book_ladder,False,False,-4.6,4.25,65,-74.75,strategy_S9-149:NIFTY:2026-04-07T13:16:51:LONG
2026-04-07,13:17:50,2026-04-07,13:19:05,NIFTY,BUY,22957.5,22965.2,NIFTY07APR2622950CE,22950.0,CE,62.95,67.25,65.0,65.0,65.0,65.0,0.003182,0.00297,ws,ws,book_ladder,book_ladder,False,False,-2.05,2.25,65,279.5,strategy_S9-149:NIFTY:2026-04-07T13:17:50:LONG
2026-04-07,13:19:36,2026-04-07,13:19:54,NIFTY,BUY,22968.45,22968.3,NIFTY07APR2622950CE,22950.0,CE,69.05,69.2,70.0,65.0,70.0,65.0,0.002175,0.003606,ws,ws,book_ladder,book_ladder,False,False,-0.95,4.2,65,9.75,strategy_S9-149:NIFTY:2026-04-07T13:19:36:LONG
2026-04-07,13:20:07,2026-04-07,13:20:52,NIFTY,SELL,22964.75,22956.4,NIFTY07APR2623000PE,23000.0,PE,76.5,80.65,80.0,80.0,80.0,80.0,0.001963,0.003095,ws,ws,book_ladder,book_ladder,False,False,-3.5,0.65,65,269.75,strategy_S9-149:NIFTY:2026-04-07T13:20:07:SHORT
2026-04-07,13:21:00,2026-04-07,13:21:10,NIFTY,BUY,22957.6,22956.6,NIFTY07APR2622950CE,22950.0,CE,60.85,61.55,65.0,60.0,65.0,60.0,0.002468,0.002434,ws,ws,book_ladder,book_ladder,False,False,-4.15,1.55,65,45.5,strategy_S9-149:NIFTY:2026-04-07T13:21:00:LONG
2026-04-07,13:22:00,2026-04-07,13:22:18,NIFTY,BUY,22965.5,22962.85,NIFTY07APR2622950CE,22950.0,CE,64.3,63.7,65.0,60.0,65.0,60.0,0.003115,0.002352,ws,ws,book_ladder,book_ladder,False,False,-0.7,3.7,65,-39.0,strategy_S9-149:NIFTY:2026-04-07T13:22:00:LONG
2026-04-07,13:22:58,2026-04-07,13:23:07,NIFTY,BUY,22966.65,22964.75,NIFTY07APR2622950CE,22950.0,CE,65.15,65.55,70.0,65.0,70.0,65.0,0.003075,0.002286,ws,ws,book_ladder,book_ladder,False,False,-4.85,0.55,65,26.0,strategy_S9-149:NIFTY:2026-04-07T13:22:58:LONG
2026-04-07,13:23:15,2026-04-07,13:23:40,NIFTY,SELL,22960.95,22953.2,NIFTY07APR2623000PE,23000.0,PE,80.0,84.0,80.0,80.0,80.0,80.0,0.002503,0.002972,ws,ws,book_ladder,book_ladder,False,False,0.0,4.0,65,260.0,strategy_S9-149:NIFTY:2026-04-07T13:23:15:SHORT
2026-04-07,13:24:04,2026-04-07,13:24:10,NIFTY,BUY,22956.2,22953.35,NIFTY07APR2622950CE,22950.0,CE,57.75,57.6,60.0,55.0,60.0,55.0,0.001733,0.000868,ws,ws,book_ladder,book_ladder,False,False,-2.25,2.6,65,-9.75,strategy_S9-149:NIFTY:2026-04-07T13:24:04:LONG
2026-04-07,13:25:40,2026-04-07,13:25:57,NIFTY,SELL,22950.9,22952.2,NIFTY07APR2623000PE,23000.0,PE,86.0,87.9,90.0,85.0,90.0,85.0,0.000582,0.00284,ws,ws,book_ladder,book_ladder,False,False,-4.0,2.9,65,123.5,strategy_S9-149:NIFTY:2026-04-07T13:25:40:SHORT
2026-04-07,13:26:07,2026-04-07,13:26:31,NIFTY,SELL,22941.8,22936.8,NIFTY07APR2622950PE,22950.0,PE,58.5,62.95,60.0,60.0,60.0,60.0,0.001711,0.00238,ws,ws,book_ladder,book_ladder,False,False,-1.5,2.95,65,289.25,strategy_S9-149:NIFTY:2026-04-07T13:26:07:SHORT
2026-04-07,13:27:14,2026-04-07,13:27:50,NIFTY,BUY,22946.3,22949.85,NIFTY07APR2622900CE,22900.0,CE,79.8,80.85,80.0,80.0,80.0,80.0,0.002509,0.001854,ws,ws,book_ladder,book_ladder,False,False,-0.2,0.85,65,68.25,strategy_S9-149:NIFTY:2026-04-07T13:27:14:LONG
2026-04-07,13:28:30,2026-04-07,13:28:41,NIFTY,BUY,22951.15,22948.95,NIFTY07APR2622950CE,22950.0,CE,53.6,54.8,55.0,50.0,55.0,50.0,0.000933,0.002733,ws,ws,book_ladder,book_ladder,False,False,-1.4,4.8,65,78.0,strategy_S9-149:NIFTY:2026-04-07T13:28:30:LONG
2026-04-07,13:28:50,2026-04-07,13:29:37,NIFTY,BUY,22951.8,22958.7,NIFTY07APR2622950CE,22950.0,CE,56.05,58.1,60.0,55.0,60.0,55.0,0.00268,0.00172,ws,ws,book_ladder,book_ladder,False,False,-3.95,3.1,65,133.25,strategy_S9-149:NIFTY:2026-04-07T13:28:50:LONG
2026-04-07,13:30:00,2026-04-07,13:31:38,NIFTY,BUY,22961.9,22989.8,NIFTY07APR2622950CE,22950.0,CE,62.35,79.2,65.0,75.0,65.0,75.0,0.001605,0.002522,ws,ws,book_ladder,book_ladder,False,False,-2.65,4.2,65,1095.25,strategy_S9-149:NIFTY:2026-04-07T13:30:00:LONG
2026-04-07,13:31:43,2026-04-07,13:32:00,NIFTY,SELL,22986.6,22987.6,NIFTY07APR2623000PE,23000.0,PE,59.95,58.75,60.0,55.0,60.0,55.0,0.002505,0.001701,ws,ws,book_ladder,book_ladder,False,False,-0.05,3.75,65,-78.0,strategy_S9-149:NIFTY:2026-04-07T13:31:43:SHORT
2026-04-07,13:32:11,2026-04-07,13:32:52,NIFTY,BUY,22993.25,23017.05,NIFTY07APR2622950CE,22950.0,CE,83.85,100.05,85.0,100.0,85.0,100.0,0.002986,0.002496,ws,ws,book_ladder,book_ladder,False,False,-1.15,0.05,65,1053.0,strategy_S9-149:NIFTY:2026-04-07T13:32:11:LONG
2026-04-07,13:33:00,2026-04-07,13:33:21,NIFTY,BUY,23024.35,23035.45,NIFTY07APR2623000CE,23000.0,CE,74.3,86.65,75.0,85.0,75.0,85.0,0.002021,0.002881,ws,ws,book_ladder,book_ladder,False,False,-0.7,1.65,65,802.75,strategy_S9-149:NIFTY:2026-04-07T13:33:00:LONG
2026-04-07,13:34:00,2026-04-07,13:34:05,NIFTY,BUY,23026.55,23019.55,NIFTY07APR2623000CE,23000.0,CE,76.9,72.0,80.0,70.0,80.0,70.0,0.001952,0.008987,ws,ws,book_ladder,book_ladder,False,False,-3.1,2.0,65,-318.5,strategy_S9-149:NIFTY:2026-04-07T13:34:00:LONG
2026-04-07,13:34:13,2026-04-07,13:34:16,NIFTY,SELL,23016.2,23019.3,NIFTY07APR2623050PE,23050.0,PE,69.0,67.45,70.0,65.0,70.0,65.0,0.00145,0.000741,ws,ws,book_ladder,book_ladder,False,False,-1.0,2.45,65,-100.75,strategy_S9-149:NIFTY:2026-04-07T13:34:13:SHORT
2026-04-07,13:34:35,2026-04-07,13:34:53,NIFTY,SELL,23016.1,23008.7,NIFTY07APR2623050PE,23050.0,PE,71.55,74.05,75.0,70.0,75.0,70.0,0.000699,0.002697,ws,ws,book_ladder,book_ladder,False,False,-3.45,4.05,65,162.5,strategy_S9-149:NIFTY:2026-04-07T13:34:35:SHORT
2026-04-07,13:35:00,2026-04-07,13:35:28,NIFTY,BUY,23014.15,23018.2,NIFTY07APR2623000CE,23000.0,CE,68.4,70.35,70.0,70.0,70.0,70.0,0.000731,0.002839,ws,ws,book_ladder,book_ladder,False,False,-1.6,0.35,65,126.75,strategy_S9-149:NIFTY:2026-04-07T13:35:00:LONG
2026-04-07,13:35:48,2026-04-07,13:35:54,NIFTY,SELL,23014.25,23018.3,NIFTY07APR2623050PE,23050.0,PE,70.55,68.45,75.0,65.0,75.0,65.0,0.002128,0.002918,ws,ws,book_ladder,book_ladder,False,False,-4.45,3.45,65,-136.5,strategy_S9-149:NIFTY:2026-04-07T13:35:48:SHORT
2026-04-07,13:36:17,2026-04-07,13:36:40,NIFTY,SELL,23014.15,23008.15,NIFTY07APR2623050PE,23050.0,PE,72.25,74.05,75.0,70.0,75.0,70.0,0.002772,0.002024,ws,ws,book_ladder,book_ladder,False,False,-2.75,4.05,65,117.0,strategy_S9-149:NIFTY:2026-04-07T13:36:17:SHORT
2026-04-07,13:36:50,2026-04-07,13:37:10,NIFTY,BUY,23028.2,23026.65,NIFTY07APR2623000CE,23000.0,CE,75.75,76.65,80.0,75.0,80.0,75.0,0.003306,0.003256,ws,ws,book_ladder,book_ladder,False,False,-4.25,1.65,65,58.5,strategy_S9-149:NIFTY:2026-04-07T13:36:50:LONG
2026-04-07,13:37:22,2026-04-07,13:37:29,NIFTY,SELL,23021.25,23022.65,NIFTY07APR2623050PE,23050.0,PE,65.65,65.35,70.0,65.0,70.0,65.0,0.002287,0.003056,ws,ws,book_ladder,book_ladder,False,False,-4.35,0.35,65,-19.5,strategy_S9-149:NIFTY:2026-04-07T13:37:22:SHORT
2026-04-07,13:37:50,2026-04-07,13:37:55,NIFTY,SELL,23015.8,23020.15,NIFTY07APR2623050PE,23050.0,PE,70.25,67.9,75.0,65.0,75.0,65.0,0.003565,0.002941,ws,ws,book_ladder,book_ladder,False,False,-4.75,2.9,65,-152.75,strategy_S9-149:NIFTY:2026-04-07T13:37:50:SHORT
2026-04-07,13:38:45,2026-04-07,13:38:57,NIFTY,BUY,23022.6,23021.3,NIFTY07APR2623000CE,23000.0,CE,74.95,74.65,75.0,70.0,75.0,70.0,0.002003,0.002676,ws,ws,book_ladder,book_ladder,False,False,-0.05,4.65,65,-19.5,strategy_S9-149:NIFTY:2026-04-07T13:38:45:LONG
2026-04-07,13:39:15,2026-04-07,13:39:41,NIFTY,BUY,23024.4,23026.3,NIFTY07APR2623000CE,23000.0,CE,74.95,76.0,75.0,75.0,75.0,75.0,0.002003,0.003284,ws,ws,book_ladder,book_ladder,False,False,-0.05,1.0,65,68.25,strategy_S9-149:NIFTY:2026-04-07T13:39:15:LONG
2026-04-07,13:40:00,2026-04-07,13:40:08,NIFTY,BUY,23031.1,23028.9,NIFTY07APR2623000CE,23000.0,CE,78.7,74.65,80.0,70.0,80.0,70.0,0.002545,0.002007,ws,ws,book_ladder,book_ladder,False,False,-1.3,4.65,65,-263.25,strategy_S9-149:NIFTY:2026-04-07T13:40:00:LONG
2026-04-07,13:40:31,2026-04-07,13:40:45,NIFTY,SELL,23024.65,23019.85,NIFTY07APR2623050PE,23050.0,PE,65.15,67.1,70.0,65.0,70.0,65.0,0.002305,0.002976,ws,ws,book_ladder,book_ladder,False,False,-4.85,2.1,65,126.75,strategy_S9-149:NIFTY:2026-04-07T13:40:31:SHORT
2026-04-07,13:40:52,2026-04-07,13:41:00,NIFTY,SELL,23016.55,23018.95,NIFTY07APR2623050PE,23050.0,PE,67.9,66.0,70.0,65.0,70.0,65.0,0.003689,0.001514,ws,ws,book_ladder,book_ladder,False,False,-2.1,1.0,65,-123.5,strategy_S9-149:NIFTY:2026-04-07T13:40:52:SHORT
2026-04-07,13:41:20,2026-04-07,13:41:28,NIFTY,BUY,23031.2,23028.45,NIFTY07APR2623000CE,23000.0,CE,78.6,77.35,80.0,75.0,80.0,75.0,0.003186,0.003227,ws,ws,book_ladder,book_ladder,False,False,-1.4,2.35,65,-81.25,strategy_S9-149:NIFTY:2026-04-07T13:41:20:LONG
2026-04-07,13:41:43,2026-04-07,13:41:47,NIFTY,BUY,23031.75,23028.45,NIFTY07APR2623000CE,23000.0,CE,77.8,74.85,80.0,70.0,80.0,70.0,0.00193,0.002002,ws,ws,book_ladder,book_ladder,False,False,-2.2,4.85,65,-191.75,strategy_S9-149:NIFTY:2026-04-07T13:41:43:LONG
2026-04-07,13:42:05,2026-04-07,13:42:43,NIFTY,BUY,23037.8,23051.7,NIFTY07APR2623000CE,23000.0,CE,76.1,86.65,80.0,85.0,80.0,85.0,0.002632,0.003456,ws,ws,book_ladder,book_ladder,False,False,-3.9,1.65,65,685.75,strategy_S9-149:NIFTY:2026-04-07T13:42:05:LONG
2026-04-07,13:43:13,2026-04-07,13:43:25,NIFTY,BUY,23061.0,23058.35,NIFTY07APR2623050CE,23050.0,CE,68.65,62.45,70.0,60.0,70.0,60.0,0.002918,0.002399,ws,ws,book_ladder,book_ladder,False,False,-1.35,2.45,65,-403.0,strategy_S9-149:NIFTY:2026-04-07T13:43:13:LONG
2026-04-07,13:43:47,2026-04-07,13:43:56,NIFTY,SELL,23048.9,23051.7,NIFTY07APR2623050PE,23050.0,PE,49.6,48.05,50.0,45.0,50.0,45.0,0.002018,0.003117,ws,ws,book_ladder,book_ladder,False,False,-0.4,3.05,65,-100.75,strategy_S9-149:NIFTY:2026-04-07T13:43:47:SHORT
2026-04-07,13:44:10,2026-04-07,13:44:16,NIFTY,SELL,23048.0,23053.6,NIFTY07APR2623050PE,23050.0,PE,47.8,45.9,50.0,45.0,50.0,45.0,0.002094,0.003263,ws,ws,book_ladder,book_ladder,False,False,-2.2,0.9,65,-123.5,strategy_S9-149:NIFTY:2026-04-07T13:44:10:SHORT
2026-04-07,13:45:10,2026-04-07,13:45:18,NIFTY,SELL,23049.25,23051.6,NIFTY07APR2623050PE,23050.0,PE,48.2,46.9,50.0,45.0,50.0,45.0,0.002077,0.003193,ws,ws,book_ladder,book_ladder,False,False,-1.8,1.9,65,-84.5,strategy_S9-149:NIFTY:2026-04-07T13:45:10:SHORT
2026-04-07,13:45:40,2026-04-07,13:45:54,NIFTY,SELL,23050.35,23055.25,NIFTY07APR2623100PE,23100.0,PE,76.35,74.5,80.0,70.0,80.0,70.0,0.002623,0.002681,ws,ws,book_ladder,book_ladder,False,False,-3.65,4.5,65,-120.25,strategy_S9-149:NIFTY:2026-04-07T13:45:40:SHORT
2026-04-07,13:46:12,2026-04-07,13:46:18,NIFTY,SELL,23049.9,23053.85,NIFTY07APR2623050PE,23050.0,PE,44.55,45.9,45.0,45.0,45.0,45.0,0.001123,0.003263,ws,ws,book_ladder,book_ladder,False,False,-0.45,0.9,65,87.75,strategy_S9-149:NIFTY:2026-04-07T13:46:12:SHORT
2026-04-07,13:46:56,2026-04-07,13:47:07,NIFTY,BUY,23061.1,23058.45,NIFTY07APR2623050CE,23050.0,CE,66.65,64.0,70.0,60.0,70.0,60.0,0.002253,0.002341,ws,ws,book_ladder,book_ladder,False,False,-3.35,4.0,65,-172.25,strategy_S9-149:NIFTY:2026-04-07T13:46:56:LONG
2026-04-07,13:47:54,2026-04-07,13:48:30,NIFTY,SELL,23048.1,23032.45,NIFTY07APR2623050PE,23050.0,PE,47.45,55.85,50.0,55.0,50.0,55.0,0.003166,0.003575,ws,ws,book_ladder,book_ladder,False,False,-2.55,0.85,65,546.0,strategy_S9-149:NIFTY:2026-04-07T13:47:54:SHORT
2026-04-07,13:48:42,2026-04-07,13:48:55,NIFTY,BUY,23040.85,23043.8,NIFTY07APR2623000CE,23000.0,CE,82.35,84.0,85.0,80.0,85.0,80.0,0.00304,0.002972,ws,ws,book_ladder,book_ladder,False,False,-2.65,4.0,65,107.25,strategy_S9-149:NIFTY:2026-04-07T13:48:42:LONG
2026-04-07,13:49:09,2026-04-07,13:49:30,NIFTY,SELL,23034.25,23030.15,NIFTY07APR2623050PE,23050.0,PE,54.55,57.3,55.0,55.0,55.0,55.0,0.002754,0.002614,ws,ws,book_ladder,book_ladder,False,False,-0.45,2.3,65,178.75,strategy_S9-149:NIFTY:2026-04-07T13:49:09:SHORT
2026-04-07,13:50:06,2026-04-07,13:50:55,NIFTY,SELL,23017.25,22998.95,NIFTY07APR2623050PE,23050.0,PE,65.2,75.15,70.0,75.0,70.0,75.0,0.003842,0.001994,ws,ws,book_ladder,book_ladder,False,False,-4.8,0.15,65,646.75,strategy_S9-149:NIFTY:2026-04-07T13:50:06:SHORT
2026-04-07,13:51:15,2026-04-07,13:51:47,NIFTY,BUY,23011.15,23022.2,NIFTY07APR2623000CE,23000.0,CE,61.1,70.1,65.0,70.0,65.0,70.0,0.003279,0.002849,ws,ws,book_ladder,book_ladder,False,False,-3.9,0.1,65,585.0,strategy_S9-149:NIFTY:2026-04-07T13:51:15:LONG
2026-04-07,13:52:48,2026-04-07,13:53:05,NIFTY,BUY,23025.2,23034.8,NIFTY07APR2623000CE,23000.0,CE,72.3,77.55,75.0,75.0,75.0,75.0,0.00277,0.002576,ws,ws,book_ladder,book_ladder,False,False,-2.7,2.55,65,341.25,strategy_S9-149:NIFTY:2026-04-07T13:52:48:LONG
2026-04-07,13:53:40,2026-04-07,13:53:47,NIFTY,BUY,23034.45,23032.1,NIFTY07APR2623000CE,23000.0,CE,77.5,75.9,80.0,75.0,80.0,75.0,0.001291,0.002632,ws,ws,book_ladder,book_ladder,False,False,-2.5,0.9,65,-104.0,strategy_S9-149:NIFTY:2026-04-07T13:53:40:LONG
2026-04-07,13:54:16,2026-04-07,13:54:27,NIFTY,BUY,23040.75,23042.7,NIFTY07APR2623000CE,23000.0,CE,84.15,80.2,85.0,80.0,85.0,80.0,0.00238,0.003112,ws,ws,book_ladder,book_ladder,False,False,-0.85,0.2,65,-256.75,strategy_S9-149:NIFTY:2026-04-07T13:54:16:LONG
2026-04-07,13:54:44,2026-04-07,13:55:13,NIFTY,SELL,23031.15,23031.05,NIFTY07APR2623050PE,23050.0,PE,57.35,57.65,60.0,55.0,60.0,55.0,0.002619,0.003463,ws,ws,book_ladder,book_ladder,False,False,-2.65,2.65,65,19.5,strategy_S9-149:NIFTY:2026-04-07T13:54:44:SHORT
2026-04-07,13:55:59,2026-04-07,13:56:42,NIFTY,SELL,23023.85,23011.55,NIFTY07APR2623050PE,23050.0,PE,59.8,70.4,60.0,70.0,60.0,70.0,0.001674,0.002837,ws,ws,book_ladder,book_ladder,False,False,-0.2,0.4,65,689.0,strategy_S9-149:NIFTY:2026-04-07T13:55:59:SHORT
2026-04-07,13:57:10,2026-04-07,13:57:49,NIFTY,SELL,23006.55,22977.2,NIFTY07APR2623050PE,23050.0,PE,74.25,95.25,75.0,95.0,75.0,95.0,0.002022,0.003145,ws,ws,book_ladder,book_ladder,False,False,-0.75,0.25,65,1365.0,strategy_S9-149:NIFTY:2026-04-07T13:57:10:SHORT
2026-04-07,13:58:45,2026-04-07,13:59:00,NIFTY,SELL,22968.35,22966.8,NIFTY07APR2623000PE,23000.0,PE,68.1,73.6,70.0,70.0,70.0,70.0,0.003678,0.002714,ws,ws,book_ladder,book_ladder,False,False,-1.9,3.6,65,357.5,strategy_S9-149:NIFTY:2026-04-07T13:58:45:SHORT
2026-04-07,13:59:47,2026-04-07,14:00:10,NIFTY,BUY,22971.05,22976.7,NIFTY07APR2622950CE,22950.0,CE,64.2,67.35,65.0,65.0,65.0,65.0,0.001559,0.002965,ws,ws,book_ladder,book_ladder,False,False,-0.8,2.35,65,204.75,strategy_S9-149:NIFTY:2026-04-07T13:59:47:LONG
2026-04-07,14:00:20,2026-04-07,14:00:35,NIFTY,BUY,22989.0,22988.65,NIFTY07APR2622950CE,22950.0,CE,72.05,72.3,75.0,70.0,75.0,70.0,0.00278,0.002762,ws,ws,book_ladder,book_ladder,False,False,-2.95,2.3,65,16.25,strategy_S9-149:NIFTY:2026-04-07T14:00:20:LONG
2026-04-07,14:01:23,2026-04-07,14:01:27,NIFTY,BUY,22991.1,22986.85,NIFTY07APR2622950CE,22950.0,CE,72.55,70.7,75.0,70.0,75.0,70.0,0.002761,0.001413,ws,ws,book_ladder,book_ladder,False,False,-2.45,0.7,65,-120.25,strategy_S9-149:NIFTY:2026-04-07T14:01:23:LONG
2026-04-07,14:01:37,2026-04-07,14:02:06,NIFTY,BUY,22994.2,22998.4,NIFTY07APR2622950CE,22950.0,CE,74.55,76.7,75.0,75.0,75.0,75.0,0.003359,0.003254,ws,ws,book_ladder,book_ladder,False,False,-0.45,1.7,65,139.75,strategy_S9-149:NIFTY:2026-04-07T14:01:37:LONG
2026-04-07,14:02:18,2026-04-07,14:02:28,NIFTY,BUY,23003.1,23004.1,NIFTY07APR2623000CE,23000.0,CE,52.1,51.0,55.0,50.0,55.0,50.0,0.002883,0.002937,ws,ws,book_ladder,book_ladder,False,False,-2.9,1.0,65,-71.5,strategy_S9-149:NIFTY:2026-04-07T14:02:18:LONG
2026-04-07,14:02:36,2026-04-07,14:02:56,NIFTY,BUY,23012.0,23015.95,NIFTY07APR2623000CE,23000.0,CE,57.05,57.65,60.0,55.0,60.0,55.0,0.003512,0.003463,ws,ws,book_ladder,book_ladder,False,False,-2.95,2.65,65,39.0,strategy_S9-149:NIFTY:2026-04-07T14:02:36:LONG
2026-04-07,14:03:01,2026-04-07,14:03:15,NIFTY,SELL,23007.15,23009.55,NIFTY07APR2623050PE,23050.0,PE,68.4,71.2,70.0,70.0,70.0,70.0,0.001463,0.003505,ws,ws,book_ladder,book_ladder,False,False,-1.6,1.2,65,182.0,strategy_S9-149:NIFTY:2026-04-07T14:03:01:SHORT
2026-04-07,14:03:49,2026-04-07,14:03:56,NIFTY,BUY,23016.8,23013.65,NIFTY07APR2623000CE,23000.0,CE,60.2,59.4,65.0,55.0,65.0,55.0,0.003328,0.001682,ws,ws,book_ladder,book_ladder,False,False,-4.8,4.4,65,-52.0,strategy_S9-149:NIFTY:2026-04-07T14:03:49:LONG
2026-04-07,14:04:30,2026-04-07,14:04:48,NIFTY,BUY,23015.65,23013.9,NIFTY07APR2623000CE,23000.0,CE,57.7,56.75,60.0,55.0,60.0,55.0,0.002603,0.003518,ws,ws,book_ladder,book_ladder,False,False,-2.3,1.75,65,-61.75,strategy_S9-149:NIFTY:2026-04-07T14:04:30:LONG
2026-04-07,14:05:35,2026-04-07,14:05:40,NIFTY,BUY,23018.85,23017.9,NIFTY07APR2623000CE,23000.0,CE,61.5,62.5,65.0,60.0,65.0,60.0,0.002442,0.003992,ws,ws,book_ladder,book_ladder,False,False,-3.5,2.5,65,65.0,strategy_S9-149:NIFTY:2026-04-07T14:05:35:LONG
2026-04-07,14:05:51,2026-04-07,14:06:13,NIFTY,BUY,23019.2,23016.65,NIFTY07APR2623000CE,23000.0,CE,60.7,58.95,65.0,55.0,65.0,55.0,0.0033,0.002541,ws,ws,book_ladder,book_ladder,False,False,-4.3,3.95,65,-113.75,strategy_S9-149:NIFTY:2026-04-07T14:05:51:LONG
2026-04-07,14:06:22,2026-04-07,14:06:27,NIFTY,BUY,23022.45,23016.9,NIFTY07APR2623000CE,23000.0,CE,63.35,61.45,65.0,60.0,65.0,60.0,0.003954,0.001626,ws,ws,book_ladder,book_ladder,False,False,-1.65,1.45,65,-123.5,strategy_S9-149:NIFTY:2026-04-07T14:06:22:LONG
2026-04-07,14:06:57,2026-04-07,14:07:32,NIFTY,SELL,23013.55,23007.7,NIFTY07APR2623050PE,23050.0,PE,66.95,69.5,70.0,65.0,70.0,65.0,0.000747,0.002874,ws,ws,book_ladder,book_ladder,False,False,-3.05,4.5,65,165.75,strategy_S9-149:NIFTY:2026-04-07T14:06:57:SHORT
2026-04-07,14:07:41,2026-04-07,14:08:02,NIFTY,SELL,23005.1,23000.9,NIFTY07APR2623050PE,23050.0,PE,72.2,76.3,75.0,75.0,75.0,75.0,0.002774,0.002618,ws,ws,book_ladder,book_ladder,False,False,-2.8,1.3,65,266.5,strategy_S9-149:NIFTY:2026-04-07T14:07:41:SHORT
2026-04-07,14:08:14,2026-04-07,14:08:26,NIFTY,BUY,23008.1,23008.9,NIFTY07APR2623000CE,23000.0,CE,52.3,51.65,55.0,50.0,55.0,50.0,0.001914,0.0029,ws,ws,book_ladder,book_ladder,False,False,-2.7,1.65,65,-42.25,strategy_S9-149:NIFTY:2026-04-07T14:08:14:LONG
2026-04-07,14:08:33,2026-04-07,14:08:41,NIFTY,BUY,23012.4,23012.05,NIFTY07APR2623000CE,23000.0,CE,53.4,52.5,55.0,50.0,55.0,50.0,0.003752,0.002853,ws,ws,book_ladder,book_ladder,False,False,-1.6,2.5,65,-58.5,strategy_S9-149:NIFTY:2026-04-07T14:08:33:LONG
2026-04-07,14:09:45,2026-04-07,14:10:09,NIFTY,BUY,23012.25,23009.95,NIFTY07APR2623000CE,23000.0,CE,52.7,51.0,55.0,50.0,55.0,50.0,0.00285,0.001959,ws,ws,book_ladder,book_ladder,False,False,-2.3,1.0,65,-110.5,strategy_S9-149:NIFTY:2026-04-07T14:09:45:LONG
2026-04-07,14:10:50,2026-04-07,14:11:15,NIFTY,SELL,23008.6,23005.05,NIFTY07APR2623050PE,23050.0,PE,67.7,70.95,70.0,70.0,70.0,70.0,0.002959,0.003517,ws,ws,book_ladder,book_ladder,False,False,-2.3,0.95,65,211.25,strategy_S9-149:NIFTY:2026-04-07T14:10:50:SHORT
2026-04-07,14:11:34,2026-04-07,14:11:42,NIFTY,BUY,23014.15,23010.45,NIFTY07APR2623000CE,23000.0,CE,51.9,51.9,55.0,50.0,55.0,50.0,0.001929,0.002886,ws,ws,book_ladder,book_ladder,False,False,-3.1,1.9,65,0.0,strategy_S9-149:NIFTY:2026-04-07T14:11:34:LONG
2026-04-07,14:13:08,2026-04-07,14:13:24,NIFTY,SELL,23000.9,22994.7,NIFTY07APR2623050PE,23050.0,PE,71.25,77.05,75.0,75.0,75.0,75.0,0.002107,0.002592,ws,ws,book_ladder,book_ladder,False,False,-3.75,2.05,65,377.0,strategy_S9-149:NIFTY:2026-04-07T14:13:08:SHORT
2026-04-07,14:14:24,2026-04-07,14:14:40,NIFTY,BUY,23006.0,23004.9,NIFTY07APR2623000CE,23000.0,CE,48.55,49.4,50.0,45.0,50.0,45.0,0.004128,0.002022,ws,ws,book_ladder,book_ladder,False,False,-1.45,4.4,65,55.25,strategy_S9-149:NIFTY:2026-04-07T14:14:24:LONG
2026-04-07,14:14:58,2026-04-07,14:15:29,NIFTY,BUY,23012.75,23019.2,NIFTY07APR2623000CE,23000.0,CE,51.05,55.1,55.0,55.0,55.0,55.0,0.00098,0.002719,ws,ws,book_ladder,book_ladder,False,False,-3.95,0.1,65,263.25,strategy_S9-149:NIFTY:2026-04-07T14:14:58:LONG
2026-04-07,14:16:00,2026-04-07,14:16:16,NIFTY,SELL,23016.4,23016.7,NIFTY07APR2623050PE,23050.0,PE,61.65,61.15,65.0,60.0,65.0,60.0,0.002436,0.001634,ws,ws,book_ladder,book_ladder,False,False,-3.35,1.15,65,-32.5,strategy_S9-149:NIFTY:2026-04-07T14:16:00:SHORT
2026-04-07,14:16:39,2026-04-07,14:16:48,NIFTY,BUY,23026.15,23018.55,NIFTY07APR2623000CE,23000.0,CE,55.45,54.95,60.0,50.0,60.0,50.0,0.002709,0.002726,ws,ws,book_ladder,book_ladder,False,False,-4.55,4.95,65,-32.5,strategy_S9-149:NIFTY:2026-04-07T14:16:39:LONG
2026-04-07,14:16:58,2026-04-07,14:17:15,NIFTY,SELL,23009.65,23001.25,NIFTY07APR2623050PE,23050.0,PE,63.1,72.85,65.0,70.0,65.0,70.0,0.00238,0.002742,ws,ws,book_ladder,book_ladder,False,False,-1.9,2.85,65,633.75,strategy_S9-149:NIFTY:2026-04-07T14:16:58:SHORT
2026-04-07,14:17:46,2026-04-07,14:18:06,NIFTY,BUY,23009.2,23008.7,NIFTY07APR2623000CE,23000.0,CE,46.95,47.15,50.0,45.0,50.0,45.0,0.0032,0.003176,ws,ws,book_ladder,book_ladder,False,False,-3.05,2.15,65,13.0,strategy_S9-149:NIFTY:2026-04-07T14:17:46:LONG
2026-04-07,14:18:35,2026-04-07,14:18:45,NIFTY,SELL,22998.8,23000.55,NIFTY07APR2623000PE,23000.0,PE,42.15,38.3,45.0,35.0,45.0,35.0,0.003565,0.001305,ws,ws,book_ladder,book_ladder,False,False,-2.85,3.3,65,-250.25,strategy_S9-149:NIFTY:2026-04-07T14:18:35:SHORT
2026-04-07,14:19:06,2026-04-07,14:19:19,NIFTY,SELL,22996.65,23000.5,NIFTY07APR2623000PE,23000.0,PE,40.45,38.95,45.0,35.0,45.0,35.0,0.003715,0.003844,ws,ws,book_ladder,book_ladder,False,False,-4.55,3.95,65,-97.5,strategy_S9-149:NIFTY:2026-04-07T14:19:06:SHORT
2026-04-07,14:19:40,2026-04-07,14:19:55,NIFTY,BUY,23003.5,23004.4,NIFTY07APR2623000CE,23000.0,CE,44.5,43.9,45.0,40.0,45.0,40.0,0.00225,0.003411,ws,ws,book_ladder,book_ladder,False,False,-0.5,3.9,65,-39.0,strategy_S9-149:NIFTY:2026-04-07T14:19:40:LONG
2026-04-07,14:20:24,2026-04-07,14:20:30,NIFTY,SELL,22998.7,23000.95,NIFTY07APR2623000PE,23000.0,PE,42.25,41.9,45.0,40.0,45.0,40.0,0.003557,0.003574,ws,ws,book_ladder,book_ladder,False,False,-2.75,1.9,65,-22.75,strategy_S9-149:NIFTY:2026-04-07T14:20:24:SHORT
2026-04-07,14:20:40,2026-04-07,14:20:49,NIFTY,SELL,22993.7,22995.05,NIFTY07APR2623000PE,23000.0,PE,41.55,43.1,45.0,40.0,45.0,40.0,0.00241,0.002317,ws,ws,book_ladder,book_ladder,False,False,-3.45,3.1,65,100.75,strategy_S9-149:NIFTY:2026-04-07T14:20:40:SHORT
2026-04-07,14:21:20,2026-04-07,14:21:25,NIFTY,BUY,23000.45,22998.1,NIFTY07APR2623000CE,23000.0,CE,40.15,38.95,45.0,35.0,45.0,35.0,0.002494,0.003844,ws,ws,book_ladder,book_ladder,False,False,-4.85,3.95,65,-78.0,strategy_S9-149:NIFTY:2026-04-07T14:21:20:LONG
2026-04-07,14:21:35,2026-04-07,14:21:56,NIFTY,BUY,23001.95,23002.85,NIFTY07APR2623000CE,23000.0,CE,41.0,41.15,45.0,40.0,45.0,40.0,0.002442,0.003639,ws,ws,book_ladder,book_ladder,False,False,-4.0,1.15,65,9.75,strategy_S9-149:NIFTY:2026-04-07T14:21:35:LONG
2026-04-07,14:22:31,2026-04-07,14:22:37,NIFTY,BUY,23008.25,23006.35,NIFTY07APR2623000CE,23000.0,CE,43.1,41.75,45.0,40.0,45.0,40.0,0.002323,0.002392,ws,ws,book_ladder,book_ladder,False,False,-1.9,1.75,65,-87.75,strategy_S9-149:NIFTY:2026-04-07T14:22:31:LONG
2026-04-07,14:23:00,2026-04-07,14:23:08,NIFTY,BUY,23010.1,23008.3,NIFTY07APR2623000CE,23000.0,CE,46.7,45.0,50.0,45.0,50.0,45.0,0.003217,0.00222,ws,ws,book_ladder,book_ladder,False,False,-3.3,0.0,65,-110.5,strategy_S9-149:NIFTY:2026-04-07T14:23:00:LONG
2026-04-07,14:23:46,2026-04-07,14:24:00,NIFTY,SELL,23006.2,22990.55,NIFTY07APR2623050PE,23050.0,PE,63.75,76.65,65.0,75.0,65.0,75.0,0.002356,0.002606,ws,ws,book_ladder,book_ladder,False,False,-1.25,1.65,65,838.5,strategy_S9-149:NIFTY:2026-04-07T14:23:46:SHORT
2026-04-07,14:24:43,2026-04-07,14:25:10,NIFTY,BUY,22997.4,23005.1,NIFTY07APR2622950CE,22950.0,CE,65.5,75.1,70.0,75.0,70.0,75.0,0.003824,0.00266,ws,ws,book_ladder,book_ladder,False,False,-4.5,0.1,65,624.0,strategy_S9-149:NIFTY:2026-04-07T14:24:43:LONG
2026-04-07,14:25:24,2026-04-07,14:25:28,NIFTY,BUY,23011.15,23008.5,NIFTY07APR2623000CE,23000.0,CE,43.55,42.35,45.0,40.0,45.0,40.0,0.00345,0.002358,ws,ws,book_ladder,book_ladder,False,False,-1.45,2.35,65,-78.0,strategy_S9-149:NIFTY:2026-04-07T14:25:24:LONG
2026-04-07,14:25:40,2026-04-07,14:26:00,NIFTY,SELL,23003.6,23003.55,NIFTY07APR2623050PE,23050.0,PE,66.3,66.9,70.0,65.0,70.0,65.0,0.002265,0.00224,ws,ws,book_ladder,book_ladder,False,False,-3.7,1.9,65,39.0,strategy_S9-149:NIFTY:2026-04-07T14:25:40:SHORT
2026-04-07,14:26:32,2026-04-07,14:26:56,NIFTY,BUY,23011.8,23010.6,NIFTY07APR2623000CE,23000.0,CE,44.8,44.6,45.0,40.0,45.0,40.0,0.002235,0.003358,ws,ws,book_ladder,book_ladder,False,False,-0.2,4.6,65,-13.0,strategy_S9-149:NIFTY:2026-04-07T14:26:32:LONG
2026-04-07,14:27:21,2026-04-07,14:27:43,NIFTY,BUY,23014.65,23019.0,NIFTY07APR2623000CE,23000.0,CE,47.95,51.95,50.0,50.0,50.0,50.0,0.003133,0.001923,ws,ws,book_ladder,book_ladder,False,False,-2.05,1.95,65,260.0,strategy_S9-149:NIFTY:2026-04-07T14:27:21:LONG
2026-04-07,14:29:01,2026-04-07,14:29:10,NIFTY,SELL,23018.5,23020.0,NIFTY07APR2623050PE,23050.0,PE,51.55,51.55,55.0,50.0,55.0,50.0,0.003887,0.002906,ws,ws,book_ladder,book_ladder,False,False,-3.45,1.55,65,0.0,strategy_S9-149:NIFTY:2026-04-07T14:29:01:SHORT
2026-04-07,14:29:35,2026-04-07,14:29:49,NIFTY,SELL,23015.9,23014.7,NIFTY07APR2623050PE,23050.0,PE,56.55,54.55,60.0,50.0,60.0,50.0,0.002656,0.00366,ws,ws,book_ladder,book_ladder,False,False,-3.45,4.55,65,-130.0,strategy_S9-149:NIFTY:2026-04-07T14:29:35:SHORT
2026-04-07,14:30:20,2026-04-07,14:30:27,NIFTY,BUY,23017.55,23016.1,NIFTY07APR2623000CE,23000.0,CE,49.85,50.45,50.0,50.0,50.0,50.0,0.003014,0.002969,ws,ws,book_ladder,book_ladder,False,False,-0.15,0.45,65,39.0,strategy_S9-149:NIFTY:2026-04-07T14:30:20:LONG
2026-04-07,14:30:53,2026-04-07,14:31:07,NIFTY,BUY,23021.5,23015.95,NIFTY07APR2623000CE,23000.0,CE,51.55,49.5,55.0,45.0,55.0,45.0,0.002914,0.002018,ws,ws,book_ladder,book_ladder,False,False,-3.45,4.5,65,-133.25,strategy_S9-149:NIFTY:2026-04-07T14:30:53:LONG
2026-04-07,14:31:34,2026-04-07,14:32:05,NIFTY,BUY,23032.2,23043.55,NIFTY07APR2623000CE,23000.0,CE,62.0,68.6,65.0,65.0,65.0,65.0,0.003231,0.001457,ws,ws,book_ladder,book_ladder,False,False,-3.0,3.6,65,429.0,strategy_S9-149:NIFTY:2026-04-07T14:31:34:LONG
2026-04-07,14:32:53,2026-04-07,14:32:57,NIFTY,SELL,23036.85,23038.7,NIFTY07APR2623050PE,23050.0,PE,37.35,34.85,40.0,30.0,40.0,30.0,0.004024,0.002865,ws,ws,book_ladder,book_ladder,False,False,-2.65,4.85,65,-162.5,strategy_S9-149:NIFTY:2026-04-07T14:32:53:SHORT
2026-04-07,14:33:00,2026-04-07,14:33:08,NIFTY,BUY,23044.35,23042.45,NIFTY07APR2623000CE,23000.0,CE,69.8,69.4,70.0,65.0,70.0,65.0,0.002151,0.002878,ws,ws,book_ladder,book_ladder,False,False,-0.2,4.4,65,-26.0,strategy_S9-149:NIFTY:2026-04-07T14:33:00:LONG
2026-04-07,14:33:20,2026-04-07,14:33:51,NIFTY,BUY,23044.85,23045.75,NIFTY07APR2623000CE,23000.0,CE,69.45,69.35,70.0,65.0,70.0,65.0,0.002884,0.002161,ws,ws,book_ladder,book_ladder,False,False,-0.55,4.35,65,-6.5,strategy_S9-149:NIFTY:2026-04-07T14:33:20:LONG
2026-04-07,14:34:32,2026-04-07,14:35:00,NIFTY,SELL,23040.5,23036.05,NIFTY07APR2623050PE,23050.0,PE,36.9,36.45,40.0,35.0,40.0,35.0,0.004073,0.004107,ws,ws,book_ladder,book_ladder,False,False,-3.1,1.45,65,-29.25,strategy_S9-149:NIFTY:2026-04-07T14:34:32:SHORT
2026-04-07,14:35:27,2026-04-07,14:36:00,NIFTY,SELL,23025.45,23018.65,NIFTY07APR2623050PE,23050.0,PE,40.35,50.65,45.0,50.0,45.0,50.0,0.002481,0.003941,ws,ws,book_ladder,book_ladder,False,False,-4.65,0.65,65,669.5,strategy_S9-149:NIFTY:2026-04-07T14:35:27:SHORT
2026-04-07,14:36:11,2026-04-07,14:36:30,NIFTY,SELL,23012.65,23001.75,NIFTY07APR2623050PE,23050.0,PE,52.85,58.65,55.0,55.0,55.0,55.0,0.002842,0.003404,ws,ws,book_ladder,book_ladder,False,False,-2.15,3.65,65,377.0,strategy_S9-149:NIFTY:2026-04-07T14:36:11:SHORT
2026-04-07,14:36:49,2026-04-07,14:36:57,NIFTY,BUY,23011.05,23008.85,NIFTY07APR2623000CE,23000.0,CE,41.0,39.5,45.0,35.0,45.0,35.0,0.002442,0.00379,ws,ws,book_ladder,book_ladder,False,False,-4.0,4.5,65,-97.5,strategy_S9-149:NIFTY:2026-04-07T14:36:49:LONG
2026-04-07,14:37:21,2026-04-07,14:37:30,NIFTY,SELL,23003.1,22994.25,NIFTY07APR2623050PE,23050.0,PE,64.35,66.9,65.0,65.0,65.0,65.0,0.002334,0.002985,ws,ws,book_ladder,book_ladder,False,False,-0.65,1.9,65,165.75,strategy_S9-149:NIFTY:2026-04-07T14:37:21:SHORT
2026-04-07,14:38:23,2026-04-07,14:38:55,NIFTY,BUY,23012.55,23016.75,NIFTY07APR2623000CE,23000.0,CE,39.05,39.7,40.0,35.0,40.0,35.0,0.002564,0.005025,ws,ws,book_ladder,book_ladder,False,False,-0.95,4.7,65,42.25,strategy_S9-149:NIFTY:2026-04-07T14:38:23:LONG
2026-04-07,14:39:00,2026-04-07,14:39:12,NIFTY,SELL,23009.25,23014.95,NIFTY07APR2623050PE,23050.0,PE,57.05,51.5,60.0,50.0,60.0,50.0,0.002633,0.002908,ws,ws,book_ladder,book_ladder,False,False,-2.95,1.5,65,-360.75,strategy_S9-149:NIFTY:2026-04-07T14:39:00:SHORT
2026-04-07,14:39:50,2026-04-07,14:40:08,NIFTY,SELL,23007.65,23007.3,NIFTY07APR2623050PE,23050.0,PE,57.8,59.2,60.0,55.0,60.0,55.0,0.002599,0.002531,ws,ws,book_ladder,book_ladder,False,False,-2.2,4.2,65,91.0,strategy_S9-149:NIFTY:2026-04-07T14:39:50:SHORT
2026-04-07,14:40:32,2026-04-07,14:40:50,NIFTY,BUY,23016.35,23014.85,NIFTY07APR2623000CE,23000.0,CE,40.95,39.8,45.0,35.0,45.0,35.0,0.002445,0.003762,ws,ws,book_ladder,book_ladder,False,False,-4.05,4.8,65,-74.75,strategy_S9-149:NIFTY:2026-04-07T14:40:32:LONG
2026-04-07,14:41:00,2026-04-07,14:41:01,NIFTY,BUY,23018.15,23015.2,NIFTY07APR2623000CE,23000.0,CE,39.4,39.25,40.0,35.0,40.0,35.0,0.003814,0.003814,ws,ws,book_ladder,book_ladder,False,False,-0.6,4.25,65,-9.75,strategy_S9-149:NIFTY:2026-04-07T14:41:00:LONG
2026-04-07,14:41:10,2026-04-07,14:41:30,NIFTY,SELL,23009.95,23006.05,NIFTY07APR2623050PE,23050.0,PE,56.9,59.95,60.0,55.0,60.0,55.0,0.00264,0.003331,ws,ws,book_ladder,book_ladder,False,False,-3.1,4.95,65,198.25,strategy_S9-149:NIFTY:2026-04-07T14:41:10:SHORT
2026-04-07,14:41:40,2026-04-07,14:41:58,NIFTY,BUY,23013.85,23012.4,NIFTY07APR2623000CE,23000.0,CE,37.3,38.9,40.0,35.0,40.0,35.0,0.00403,0.003849,ws,ws,book_ladder,book_ladder,False,False,-2.7,3.9,65,104.0,strategy_S9-149:NIFTY:2026-04-07T14:41:40:LONG
2026-04-07,14:42:15,2026-04-07,14:42:21,NIFTY,BUY,23017.6,23013.85,NIFTY07APR2623000CE,23000.0,CE,39.5,37.2,40.0,35.0,40.0,35.0,0.002535,0.004024,ws,ws,book_ladder,book_ladder,False,False,-0.5,2.2,65,-149.5,strategy_S9-149:NIFTY:2026-04-07T14:42:15:LONG
2026-04-07,14:42:30,2026-04-07,14:42:56,NIFTY,BUY,23017.45,23019.55,NIFTY07APR2623000CE,23000.0,CE,39.05,38.8,40.0,35.0,40.0,35.0,0.002564,0.002574,ws,ws,book_ladder,book_ladder,False,False,-0.95,3.8,65,-16.25,strategy_S9-149:NIFTY:2026-04-07T14:42:30:LONG
2026-04-07,14:43:22,2026-04-07,14:43:30,NIFTY,SELL,23014.85,23019.6,NIFTY07APR2623050PE,23050.0,PE,48.65,48.9,50.0,45.0,50.0,45.0,0.002058,0.002043,ws,ws,book_ladder,book_ladder,False,False,-1.35,3.9,65,16.25,strategy_S9-149:NIFTY:2026-04-07T14:43:22:SHORT
2026-04-07,14:43:41,2026-04-07,14:44:04,NIFTY,SELL,23015.55,23015.1,NIFTY07APR2623050PE,23050.0,PE,47.55,47.35,50.0,45.0,50.0,45.0,0.00316,0.00211,ws,ws,book_ladder,book_ladder,False,False,-2.45,2.35,65,-13.0,strategy_S9-149:NIFTY:2026-04-07T14:43:41:SHORT
2026-04-07,14:44:16,2026-04-07,14:44:38,NIFTY,BUY,23024.75,23029.25,NIFTY07APR2623000CE,23000.0,CE,44.0,48.8,45.0,45.0,45.0,45.0,0.003415,0.003069,ws,ws,book_ladder,book_ladder,False,False,-1.0,3.8,65,312.0,strategy_S9-149:NIFTY:2026-04-07T14:44:16:LONG
2026-04-07,14:45:53,2026-04-07,14:46:21,NIFTY,BUY,23031.8,23036.2,NIFTY07APR2623000CE,23000.0,CE,46.9,51.4,50.0,50.0,50.0,50.0,0.003203,0.002914,ws,ws,book_ladder,book_ladder,False,False,-3.1,1.4,65,292.5,strategy_S9-149:NIFTY:2026-04-07T14:45:53:LONG
2026-04-07,14:46:30,2026-04-07,14:46:44,NIFTY,SELL,23029.45,23028.7,NIFTY07APR2623050PE,23050.0,PE,37.25,39.5,40.0,35.0,40.0,35.0,0.001343,0.00379,ws,ws,book_ladder,book_ladder,False,False,-2.75,4.5,65,146.25,strategy_S9-149:NIFTY:2026-04-07T14:46:30:SHORT
2026-04-07,14:47:10,2026-04-07,14:47:21,NIFTY,SELL,23027.85,23028.35,NIFTY07APR2623050PE,23050.0,PE,37.6,36.75,40.0,35.0,40.0,35.0,0.002663,0.002717,ws,ws,book_ladder,book_ladder,False,False,-2.4,1.75,65,-55.25,strategy_S9-149:NIFTY:2026-04-07T14:47:10:SHORT
2026-04-07,14:47:30,2026-04-07,14:47:43,NIFTY,BUY,23035.05,23035.7,NIFTY07APR2623000CE,23000.0,CE,51.6,52.5,55.0,50.0,55.0,50.0,0.00194,0.001903,ws,ws,book_ladder,book_ladder,False,False,-3.4,2.5,65,58.5,strategy_S9-149:NIFTY:2026-04-07T14:47:30:LONG
2026-04-07,14:48:00,2026-04-07,14:48:29,NIFTY,BUY,23042.0,23049.15,NIFTY07APR2623000CE,23000.0,CE,55.3,64.0,60.0,60.0,60.0,60.0,0.002716,0.00312,ws,ws,book_ladder,book_ladder,False,False,-4.7,4.0,65,565.5,strategy_S9-149:NIFTY:2026-04-07T14:48:00:LONG
2026-04-07,14:48:41,2026-04-07,14:48:51,NIFTY,SELL,23035.6,23039.45,NIFTY07APR2623050PE,23050.0,PE,27.75,24.65,30.0,20.0,30.0,20.0,0.00542,0.004049,ws,ws,book_ladder,book_ladder,False,False,-2.25,4.65,65,-201.5,strategy_S9-149:NIFTY:2026-04-07T14:48:41:SHORT
2026-04-07,14:49:22,2026-04-07,14:49:42,NIFTY,BUY,23047.55,23045.45,NIFTY07APR2623000CE,23000.0,CE,61.25,61.55,65.0,60.0,65.0,60.0,0.002452,0.003244,ws,ws,book_ladder,book_ladder,False,False,-3.75,1.55,65,19.5,strategy_S9-149:NIFTY:2026-04-07T14:49:22:LONG
2026-04-07,14:50:24,2026-04-07,14:50:59,NIFTY,BUY,23050.35,23055.5,NIFTY07APR2623050CE,23050.0,CE,29.95,33.1,30.0,30.0,30.0,30.0,0.003344,0.003017,ws,ws,book_ladder,book_ladder,False,False,-0.05,3.1,65,204.75,strategy_S9-149:NIFTY:2026-04-07T14:50:24:LONG
2026-04-07,14:51:01,2026-04-07,14:51:14,NIFTY,BUY,23059.2,23058.95,NIFTY07APR2623050CE,23050.0,CE,35.5,36.45,40.0,35.0,40.0,35.0,0.002821,0.004107,ws,ws,book_ladder,book_ladder,False,False,-4.5,1.45,65,61.75,strategy_S9-149:NIFTY:2026-04-07T14:51:01:LONG
2026-04-07,14:51:27,2026-04-07,14:51:43,NIFTY,SELL,23052.0,23053.5,NIFTY07APR2623100PE,23100.0,PE,47.95,47.55,50.0,45.0,50.0,45.0,0.002088,0.00315,ws,ws,book_ladder,book_ladder,False,False,-2.05,2.55,65,-26.0,strategy_S9-149:NIFTY:2026-04-07T14:51:27:SHORT
2026-04-07,14:52:45,2026-04-07,14:52:55,NIFTY,BUY,23058.15,23056.6,NIFTY07APR2623050CE,23050.0,CE,33.95,34.25,35.0,30.0,35.0,30.0,0.00295,0.00437,ws,ws,book_ladder,book_ladder,False,False,-1.05,4.25,65,19.5,strategy_S9-149:NIFTY:2026-04-07T14:52:45:LONG
2026-04-07,14:53:20,2026-04-07,14:53:27,NIFTY,BUY,23062.3,23061.2,NIFTY07APR2623050CE,23050.0,CE,34.55,34.65,35.0,30.0,35.0,30.0,0.002899,0.001442,ws,ws,book_ladder,book_ladder,False,False,-0.45,4.65,65,6.5,strategy_S9-149:NIFTY:2026-04-07T14:53:20:LONG
2026-04-07,14:53:32,2026-04-07,14:53:42,NIFTY,BUY,23064.0,23061.85,NIFTY07APR2623050CE,23050.0,CE,36.2,34.45,40.0,30.0,40.0,30.0,0.002766,0.002899,ws,ws,book_ladder,book_ladder,False,False,-3.8,4.45,65,-113.75,strategy_S9-149:NIFTY:2026-04-07T14:53:32:LONG
2026-04-07,14:53:53,2026-04-07,14:54:15,NIFTY,SELL,23059.0,23061.0,NIFTY07APR2623100PE,23100.0,PE,42.1,41.45,45.0,40.0,45.0,40.0,0.002378,0.00241,ws,ws,book_ladder,book_ladder,False,False,-2.9,1.45,65,-42.25,strategy_S9-149:NIFTY:2026-04-07T14:53:53:SHORT
2026-04-07,14:54:40,2026-04-07,14:54:45,NIFTY,SELL,23054.15,23059.8,NIFTY07APR2623100PE,23100.0,PE,43.9,41.6,45.0,40.0,45.0,40.0,0.003423,0.003599,ws,ws,book_ladder,book_ladder,False,False,-1.1,1.6,65,-149.5,strategy_S9-149:NIFTY:2026-04-07T14:54:40:SHORT
2026-04-07,14:55:00,2026-04-07,14:55:27,NIFTY,BUY,23064.6,23078.9,NIFTY07APR2623050CE,23050.0,CE,37.3,47.6,40.0,45.0,40.0,45.0,0.002685,0.004193,ws,ws,book_ladder,book_ladder,False,False,-2.7,2.6,65,669.5,strategy_S9-149:NIFTY:2026-04-07T14:55:00:LONG
2026-04-07,14:56:00,2026-04-07,14:56:58,NIFTY,BUY,23087.45,23093.85,NIFTY07APR2623050CE,23050.0,CE,53.95,57.05,55.0,55.0,55.0,55.0,0.001855,0.002626,ws,ws,book_ladder,book_ladder,False,False,-1.05,2.05,65,201.5,strategy_S9-149:NIFTY:2026-04-07T14:56:00:LONG
2026-04-07,14:57:06,2026-04-07,14:57:13,NIFTY,SELL,23090.95,23094.25,NIFTY07APR2623100PE,23100.0,PE,19.85,19.85,20.0,15.0,20.0,15.0,0.002522,0.002516,ws,ws,book_ladder,book_ladder,False,False,-0.15,4.85,65,0.0,strategy_S9-149:NIFTY:2026-04-07T14:57:06:SHORT
2026-04-07,14:57:30,2026-04-07,14:57:38,NIFTY,BUY,23100.7,23097.75,NIFTY07APR2623100CE,23100.0,CE,22.45,21.15,25.0,20.0,25.0,20.0,0.00223,0.004717,ws,ws,book_ladder,book_ladder,False,False,-2.55,1.15,65,-84.5,strategy_S9-149:NIFTY:2026-04-07T14:57:30:LONG
2026-04-07,14:58:17,2026-04-07,14:58:26,NIFTY,SELL,23086.35,23090.35,NIFTY07APR2623100PE,23100.0,PE,25.5,21.6,30.0,20.0,30.0,20.0,0.003929,0.004619,ws,ws,book_ladder,book_ladder,False,False,-4.5,1.6,65,-253.5,strategy_S9-149:NIFTY:2026-04-07T14:58:17:SHORT
2026-04-07,14:58:30,2026-04-07,14:58:38,NIFTY,BUY,23095.0,23091.5,NIFTY07APR2623050CE,23050.0,CE,50.85,48.3,55.0,45.0,55.0,45.0,0.002954,0.003101,ws,ws,book_ladder,book_ladder,False,False,-4.15,3.3,65,-165.75,strategy_S9-149:NIFTY:2026-04-07T14:58:30:LONG
2026-04-07,14:59:20,2026-04-07,14:59:30,NIFTY,SELL,23084.7,23089.85,NIFTY07APR2623100PE,23100.0,PE,20.25,21.7,25.0,20.0,25.0,20.0,0.002472,0.004598,ws,ws,book_ladder,book_ladder,False,False,-4.75,1.7,65,94.25,strategy_S9-149:NIFTY:2026-04-07T14:59:20:SHORT
2026-04-07,14:59:49,2026-04-07,15:00:06,NIFTY,BUY,23098.1,23094.1,NIFTY07APR2623050CE,23050.0,CE,58.7,50.5,60.0,50.0,60.0,50.0,0.001705,0.003953,ws,ws,book_ladder,book_ladder,False,False,-1.3,0.5,65,-533.0,strategy_S9-149:NIFTY:2026-04-07T14:59:49:LONG
2026-04-07,15:00:14,2026-04-07,15:00:30,NIFTY,SELL,23091.2,23083.55,NIFTY07APR2623100PE,23100.0,PE,21.35,25.85,25.0,25.0,25.0,25.0,0.004695,0.003861,ws,ws,book_ladder,book_ladder,False,False,-3.65,0.85,65,292.5,strategy_S9-149:NIFTY:2026-04-07T15:00:14:SHORT
2026-04-07,15:00:40,2026-04-07,15:01:08,NIFTY,BUY,23097.85,23108.65,NIFTY07APR2623050CE,23050.0,CE,52.0,64.85,55.0,60.0,55.0,60.0,0.002889,0.000771,ws,ws,book_ladder,book_ladder,False,False,-3.0,4.85,65,835.25,strategy_S9-149:NIFTY:2026-04-07T15:00:40:LONG
2026-04-07,15:01:40,2026-04-07,15:01:55,NIFTY,BUY,23111.4,23111.9,NIFTY07APR2623100CE,23100.0,CE,21.9,21.4,25.0,20.0,25.0,20.0,0.002286,0.002334,ws,ws,book_ladder,book_ladder,False,False,-3.1,1.4,65,-32.5,strategy_S9-149:NIFTY:2026-04-07T15:01:40:LONG
2026-04-07,15:02:10,2026-04-07,15:02:25,NIFTY,BUY,23118.15,23118.8,NIFTY07APR2623100CE,23100.0,CE,26.3,25.05,30.0,25.0,30.0,25.0,0.00572,0.003984,ws,ws,book_ladder,book_ladder,False,False,-3.7,0.05,65,-81.25,strategy_S9-149:NIFTY:2026-04-07T15:02:10:LONG
2026-04-07,15:04:30,2026-04-07,15:04:37,NIFTY,BUY,23125.1,23120.6,NIFTY07APR2623100CE,23100.0,CE,22.5,25.25,25.0,25.0,25.0,25.0,0.002225,0.003953,ws,ws,book_ladder,book_ladder,False,False,-2.5,0.25,65,178.75,strategy_S9-149:NIFTY:2026-04-07T15:04:30:LONG
2026-04-07,15:04:59,2026-04-07,15:05:11,NIFTY,SELL,23115.05,23121.9,NIFTY07APR2623150PE,23150.0,PE,31.1,27.45,35.0,25.0,35.0,25.0,0.003221,0.00545,ws,ws,book_ladder,book_ladder,False,False,-3.9,2.45,65,-237.25,strategy_S9-149:NIFTY:2026-04-07T15:04:59:SHORT
2026-04-07,15:05:23,2026-04-07,15:05:30,NIFTY,SELL,23112.45,23109.8,NIFTY07APR2623150PE,23150.0,PE,32.0,34.7,35.0,30.0,35.0,30.0,0.001564,0.002878,ws,ws,book_ladder,book_ladder,False,False,-3.0,4.7,65,175.5,strategy_S9-149:NIFTY:2026-04-07T15:05:23:SHORT
2026-04-07,15:06:00,2026-04-07,15:06:26,NIFTY,BUY,23119.85,23120.15,NIFTY07APR2623100CE,23100.0,CE,21.65,22.8,25.0,20.0,25.0,20.0,0.006952,0.004376,ws,ws,book_ladder,book_ladder,False,False,-3.35,2.8,65,74.75,strategy_S9-149:NIFTY:2026-04-07T15:06:00:LONG
2026-04-07,15:06:31,2026-04-07,15:06:47,NIFTY,BUY,23127.85,23120.55,NIFTY07APR2623100CE,23100.0,CE,22.45,23.95,25.0,20.0,25.0,20.0,0.004464,0.004167,ws,ws,book_ladder,book_ladder,False,False,-2.55,3.95,65,97.5,strategy_S9-149:NIFTY:2026-04-07T15:06:31:LONG
2026-04-07,15:07:00,2026-04-07,15:07:25,NIFTY,BUY,23128.15,23128.5,NIFTY07APR2623100CE,23100.0,CE,26.25,30.25,30.0,30.0,30.0,30.0,0.003817,0.0033,ws,ws,book_ladder,book_ladder,False,False,-3.75,0.25,65,260.0,strategy_S9-149:NIFTY:2026-04-07T15:07:00:LONG
2026-04-07,15:07:40,2026-04-07,15:07:47,NIFTY,BUY,23133.25,23129.4,NIFTY07APR2623100CE,23100.0,CE,32.1,31.35,35.0,30.0,35.0,30.0,0.00312,0.003185,ws,ws,book_ladder,book_ladder,False,False,-2.9,1.35,65,-48.75,strategy_S9-149:NIFTY:2026-04-07T15:07:40:LONG
2026-04-07,15:08:18,2026-04-07,15:08:30,NIFTY,SELL,23121.05,23125.15,NIFTY07APR2623150PE,23150.0,PE,27.45,29.15,30.0,25.0,30.0,25.0,0.001823,0.003425,ws,ws,book_ladder,book_ladder,False,False,-2.55,4.15,65,110.5,strategy_S9-149:NIFTY:2026-04-07T15:08:18:SHORT
2026-04-07,15:09:14,2026-04-07,15:09:21,NIFTY,SELL,23116.7,23118.45,NIFTY07APR2623150PE,23150.0,PE,28.0,28.45,30.0,25.0,30.0,25.0,0.003578,0.005259,ws,ws,book_ladder,book_ladder,False,False,-2.0,3.45,65,29.25,strategy_S9-149:NIFTY:2026-04-07T15:09:14:SHORT
2026-04-07,15:09:30,2026-04-07,15:09:56,NIFTY,BUY,23125.75,23125.95,NIFTY07APR2623100CE,23100.0,CE,25.4,23.5,30.0,20.0,30.0,20.0,0.005923,0.004246,ws,ws,book_ladder,book_ladder,False,False,-4.6,3.5,65,-123.5,strategy_S9-149:NIFTY:2026-04-07T15:09:30:LONG
2026-04-07,15:10:27,2026-04-07,15:10:30,NIFTY,SELL,23116.65,23122.1,NIFTY07APR2623150PE,23150.0,PE,33.6,35.45,35.0,35.0,35.0,35.0,0.002981,0.002817,ws,ws,book_ladder,book_ladder,False,False,-1.4,0.45,65,120.25,strategy_S9-149:NIFTY:2026-04-07T15:10:27:SHORT
2026-04-07,15:11:21,2026-04-07,15:11:46,NIFTY,BUY,23125.5,23122.4,NIFTY07APR2623100CE,23100.0,CE,23.05,23.4,25.0,20.0,25.0,20.0,0.004348,0.004264,ws,ws,book_ladder,book_ladder,False,False,-1.95,3.4,65,22.75,strategy_S9-149:NIFTY:2026-04-07T15:11:21:LONG
2026-04-07,15:12:16,2026-04-07,15:12:30,NIFTY,SELL,23116.0,23120.45,NIFTY07APR2623150PE,23150.0,PE,32.6,32.75,35.0,30.0,35.0,30.0,0.003072,0.003049,ws,ws,book_ladder,book_ladder,False,False,-2.4,2.75,65,9.75,strategy_S9-149:NIFTY:2026-04-07T15:12:16:SHORT
2026-04-07,15:13:10,2026-04-07,15:13:13,NIFTY,SELL,23113.1,23117.7,NIFTY07APR2623150PE,23150.0,PE,33.55,33.35,35.0,30.0,35.0,30.0,0.002985,0.002994,ws,ws,book_ladder,book_ladder,False,False,-1.45,3.35,65,-13.0,strategy_S9-149:NIFTY:2026-04-07T15:13:10:SHORT
2026-04-07,15:13:48,2026-04-07,15:14:01,NIFTY,SELL,23110.25,23106.9,NIFTY07APR2623150PE,23150.0,PE,37.4,43.3,40.0,40.0,40.0,40.0,0.005362,0.001154,ws,ws,book_ladder,book_ladder,False,False,-2.6,3.3,65,383.5,strategy_S9-149:NIFTY:2026-04-07T15:13:48:SHORT
2026-04-07,15:15:21,2026-04-07,15:15:46,NIFTY,BUY,23113.7,23113.95,NIFTY07APR2623100CE,23100.0,CE,17.15,18.4,20.0,15.0,20.0,15.0,0.005848,0.002714,ws,ws,book_ladder,book_ladder,False,False,-2.85,3.4,65,81.25,strategy_S9-149:NIFTY:2026-04-07T15:15:21:LONG
2026-04-07,15:16:00,2026-04-07,15:16:13,NIFTY,BUY,23118.65,23115.05,NIFTY07APR2623100CE,23100.0,CE,16.85,20.2,20.0,20.0,20.0,20.0,0.005952,0.002472,ws,ws,book_ladder,book_ladder,False,False,-3.15,0.2,65,217.75,strategy_S9-149:NIFTY:2026-04-07T15:16:00:LONG
2026-04-07,15:16:40,2026-04-07,15:16:41,NIFTY,SELL,23106.7,23111.45,NIFTY07APR2623150PE,23150.0,PE,32.55,31.65,35.0,30.0,35.0,30.0,0.003077,0.003155,ws,ws,book_ladder,book_ladder,False,False,-2.45,1.65,65,-58.5,strategy_S9-149:NIFTY:2026-04-07T15:16:40:SHORT
2026-04-07,15:17:46,2026-04-07,15:18:57,NIFTY,BUY,23116.35,23133.75,NIFTY07APR2623100CE,23100.0,CE,19.75,23.1,20.0,20.0,20.0,20.0,0.002535,0.006472,ws,ws,book_ladder,book_ladder,False,False,-0.25,3.1,65,217.75,strategy_S9-149:NIFTY:2026-04-07T15:17:46:LONG
2026-04-07,15:19:18,2026-04-07,15:19:30,NIFTY,SELL,23129.25,23132.9,NIFTY07APR2623150PE,23150.0,PE,28.6,27.95,30.0,25.0,30.0,25.0,0.005259,0.005352,ws,ws,book_ladder,book_ladder,False,False,-1.4,2.95,65,-42.25,strategy_S9-149:NIFTY:2026-04-07T15:19:18:SHORT
2026-04-07,15:19:40,2026-04-07,15:19:51,NIFTY,SELL,23122.0,23127.1,NIFTY07APR2623150PE,23150.0,PE,29.5,28.45,30.0,25.0,30.0,25.0,0.005098,0.003509,ws,ws,book_ladder,book_ladder,False,False,-0.5,3.45,65,-68.25,strategy_S9-149:NIFTY:2026-04-07T15:19:40:SHORT
2026-04-07,15:21:00,2026-04-07,15:21:14,NIFTY,BUY,23141.0,23137.15,NIFTY07APR2623100CE,23100.0,CE,23.1,23.7,25.0,20.0,25.0,20.0,0.004338,0.004211,ws,ws,book_ladder,book_ladder,False,False,-1.9,3.7,65,39.0,strategy_S9-149:NIFTY:2026-04-07T15:21:00:LONG
2026-04-07,15:21:30,2026-04-07,15:21:35,NIFTY,BUY,23143.5,23135.65,NIFTY07APR2623100CE,23100.0,CE,23.95,23.15,25.0,20.0,25.0,20.0,0.00209,0.006459,ws,ws,book_ladder,book_ladder,False,False,-1.05,3.15,65,-52.0,strategy_S9-149:NIFTY:2026-04-07T15:21:30:LONG
2026-04-07,15:21:42,2026-04-07,15:22:00,NIFTY,SELL,23130.7,23131.95,NIFTY07APR2623150PE,23150.0,PE,27.95,28.35,30.0,25.0,30.0,25.0,0.001791,0.001762,ws,ws,book_ladder,book_ladder,False,False,-2.05,3.35,65,26.0,strategy_S9-149:NIFTY:2026-04-07T15:21:42:SHORT
2026-04-07,15:23:02,2026-04-07,15:23:18,NIFTY,BUY,23134.55,23129.65,NIFTY07APR2623100CE,23100.0,CE,22.3,22.1,25.0,20.0,25.0,20.0,0.002245,0.004515,ws,ws,book_ladder,book_ladder,False,False,-2.7,2.1,65,-13.0,strategy_S9-149:NIFTY:2026-04-07T15:23:02:LONG
2026-04-07,15:24:30,2026-04-07,15:24:50,NIFTY,BUY,23138.95,23134.7,NIFTY07APR2623100CE,23100.0,CE,22.3,22.55,25.0,20.0,25.0,20.0,0.002245,0.004425,ws,ws,book_ladder,book_ladder,False,False,-2.7,2.55,65,16.25,strategy_S9-149:NIFTY:2026-04-07T15:24:30:LONG
2026-04-07,15:25:00,2026-04-07,15:25:08,NIFTY,BUY,23140.9,23134.5,NIFTY07APR2623100CE,23100.0,CE,23.35,22.9,25.0,20.0,25.0,20.0,0.006445,0.004357,ws,ws,book_ladder,book_ladder,False,False,-1.65,2.9,65,-29.25,strategy_S9-149:NIFTY:2026-04-07T15:25:00:LONG
2026-04-08,09:19:03,2026-04-08,09:19:20,NIFTY,SELL,23894.85,23895.9,NIFTY13APR2623900PE,23900.0,PE,252.2,255.25,255.0,255.0,255.0,255.0,0.002382,0.002152,ws,ws,book_ladder,book_ladder,False,False,-2.8,0.25,65,198.25,strategy_S9-149:NIFTY:2026-04-08T09:19:03:SHORT
2026-04-08,09:19:30,2026-04-08,09:19:35,NIFTY,SELL,23893.0,23895.4,NIFTY13APR2623900PE,23900.0,PE,255.55,256.05,260.0,255.0,260.0,255.0,0.001762,0.002535,ws,ws,book_ladder,book_ladder,False,False,-4.45,1.05,65,32.5,strategy_S9-149:NIFTY:2026-04-08T09:19:30:SHORT
2026-04-08,09:19:51,2026-04-08,09:20:00,NIFTY,BUY,23902.75,23898.0,NIFTY13APR2623900CE,23900.0,CE,236.65,235.9,240.0,235.0,240.0,235.0,0.002115,0.001483,ws,ws,book_ladder,book_ladder,False,False,-3.35,0.9,65,-48.75,strategy_S9-149:NIFTY:2026-04-08T09:19:51:LONG
2026-04-08,09:20:10,2026-04-08,09:20:36,NIFTY,BUY,23914.4,23919.2,NIFTY13APR2623900CE,23900.0,CE,244.65,242.2,245.0,240.0,245.0,240.0,0.001022,0.002474,ws,ws,book_ladder,book_ladder,False,False,-0.35,2.2,65,-159.25,strategy_S9-149:NIFTY:2026-04-08T09:20:10:LONG
2026-04-08,09:20:44,2026-04-08,09:20:50,NIFTY,SELL,23909.7,23916.5,NIFTY13APR2623950PE,23950.0,PE,268.25,267.15,270.0,265.0,270.0,265.0,0.002052,0.002057,ws,ws,book_ladder,book_ladder,False,False,-1.75,2.15,65,-71.5,strategy_S9-149:NIFTY:2026-04-08T09:20:44:SHORT
2026-04-08,09:21:12,2026-04-08,09:21:25,NIFTY,BUY,23923.95,23919.4,NIFTY13APR2623900CE,23900.0,CE,243.0,244.75,245.0,240.0,245.0,240.0,0.001029,0.000817,ws,ws,book_ladder,book_ladder,False,False,-2.0,4.75,65,113.75,strategy_S9-149:NIFTY:2026-04-08T09:21:12:LONG
2026-04-08,09:22:05,2026-04-08,09:22:20,NIFTY,SELL,23912.45,23909.65,NIFTY13APR2623950PE,23950.0,PE,263.3,264.5,265.0,260.0,265.0,260.0,0.00095,0.002077,ws,ws,book_ladder,book_ladder,False,False,-1.7,4.5,65,78.0,strategy_S9-149:NIFTY:2026-04-08T09:22:05:SHORT
2026-04-08,09:22:32,2026-04-08,09:22:45,NIFTY,SELL,23896.05,23894.2,NIFTY13APR2623900PE,23900.0,PE,245.0,243.6,245.0,240.0,245.0,240.0,0.001838,0.001231,ws,ws,book_ladder,book_ladder,False,False,0.0,3.6,65,-91.0,strategy_S9-149:NIFTY:2026-04-08T09:22:32:SHORT
2026-04-08,09:23:00,2026-04-08,09:23:05,NIFTY,SELL,23889.6,23894.3,NIFTY13APR2623900PE,23900.0,PE,245.8,245.55,250.0,245.0,250.0,245.0,0.00224,0.001831,ws,ws,book_ladder,book_ladder,False,False,-4.2,0.55,65,-16.25,strategy_S9-149:NIFTY:2026-04-08T09:23:00:SHORT
2026-04-08,09:23:10,2026-04-08,09:23:15,NIFTY,BUY,23896.6,23887.8,NIFTY13APR2623850CE,23850.0,CE,263.2,258.65,265.0,255.0,265.0,255.0,0.00114,0.001159,ws,ws,book_ladder,book_ladder,False,False,-1.8,3.65,65,-295.75,strategy_S9-149:NIFTY:2026-04-08T09:23:10:LONG
2026-04-08,09:23:24,2026-04-08,09:23:43,NIFTY,SELL,23885.35,23880.15,NIFTY13APR2623900PE,23900.0,PE,250.65,254.05,255.0,250.0,255.0,250.0,0.002597,0.002359,ws,ws,book_ladder,book_ladder,False,False,-4.35,4.05,65,221.0,strategy_S9-149:NIFTY:2026-04-08T09:23:24:SHORT
2026-04-08,09:24:13,2026-04-08,09:24:17,NIFTY,SELL,23866.85,23874.85,NIFTY13APR2623900PE,23900.0,PE,259.9,257.25,260.0,255.0,260.0,255.0,0.002311,0.002524,ws,ws,book_ladder,book_ladder,False,False,-0.1,2.25,65,-172.25,strategy_S9-149:NIFTY:2026-04-08T09:24:13:SHORT
2026-04-08,09:24:43,2026-04-08,09:24:55,NIFTY,SELL,23863.5,23865.95,NIFTY13APR2623900PE,23900.0,PE,260.45,260.2,265.0,260.0,265.0,260.0,0.002499,0.002303,ws,ws,book_ladder,book_ladder,False,False,-4.55,0.2,65,-16.25,strategy_S9-149:NIFTY:2026-04-08T09:24:43:SHORT
2026-04-08,09:25:31,2026-04-08,09:25:42,NIFTY,SELL,23860.95,23860.15,NIFTY13APR2623900PE,23900.0,PE,261.45,262.3,265.0,260.0,265.0,260.0,0.002681,0.002095,ws,ws,book_ladder,book_ladder,False,False,-3.55,2.3,65,55.25,strategy_S9-149:NIFTY:2026-04-08T09:25:31:SHORT
2026-04-08,09:26:41,2026-04-08,09:27:09,NIFTY,BUY,23864.2,23881.5,NIFTY13APR2623850CE,23850.0,CE,250.65,255.95,255.0,255.0,255.0,255.0,0.000798,0.002341,ws,ws,book_ladder,book_ladder,False,False,-4.35,0.95,65,344.5,strategy_S9-149:NIFTY:2026-04-08T09:26:41:LONG
2026-04-08,09:27:22,2026-04-08,09:27:26,NIFTY,BUY,23883.65,23880.85,NIFTY13APR2623850CE,23850.0,CE,259.1,258.5,260.0,255.0,260.0,255.0,0.001932,0.002704,ws,ws,book_ladder,book_ladder,False,False,-0.9,3.5,65,-39.0,strategy_S9-149:NIFTY:2026-04-08T09:27:22:LONG
2026-04-08,09:27:31,2026-04-08,09:27:56,NIFTY,BUY,23889.8,23887.65,NIFTY13APR2623850CE,23850.0,CE,260.0,258.2,260.0,255.0,260.0,255.0,0.002503,0.000968,ws,ws,book_ladder,book_ladder,False,False,0.0,3.2,65,-117.0,strategy_S9-149:NIFTY:2026-04-08T09:27:31:LONG
2026-04-08,09:28:13,2026-04-08,09:28:35,NIFTY,SELL,23882.3,23880.9,NIFTY13APR2623900PE,23900.0,PE,250.5,252.95,255.0,250.0,255.0,250.0,0.001798,0.001975,ws,ws,book_ladder,book_ladder,False,False,-4.5,2.95,65,159.25,strategy_S9-149:NIFTY:2026-04-08T09:28:13:SHORT
2026-04-08,09:28:40,2026-04-08,09:28:55,NIFTY,SELL,23873.1,23872.65,NIFTY13APR2623900PE,23900.0,PE,255.45,258.5,260.0,255.0,260.0,255.0,0.000392,0.001353,ws,ws,book_ladder,book_ladder,False,False,-4.55,3.5,65,198.25,strategy_S9-149:NIFTY:2026-04-08T09:28:40:SHORT
2026-04-08,09:29:12,2026-04-08,09:29:25,NIFTY,SELL,23870.45,23871.6,NIFTY13APR2623900PE,23900.0,PE,258.55,258.75,260.0,255.0,260.0,255.0,0.00213,0.000966,ws,ws,book_ladder,book_ladder,False,False,-1.45,3.75,65,13.0,strategy_S9-149:NIFTY:2026-04-08T09:29:12:SHORT
2026-04-08,09:29:58,2026-04-08,09:30:10,NIFTY,BUY,23877.8,23876.7,NIFTY13APR2623850CE,23850.0,CE,252.45,254.1,255.0,250.0,255.0,250.0,0.00238,0.002162,ws,ws,book_ladder,book_ladder,False,False,-2.55,4.1,65,107.25,strategy_S9-149:NIFTY:2026-04-08T09:29:58:LONG
2026-04-08,09:30:22,2026-04-08,09:30:59,NIFTY,BUY,23883.75,23897.9,NIFTY13APR2623850CE,23850.0,CE,256.2,261.25,260.0,260.0,260.0,260.0,0.001367,0.002103,ws,ws,book_ladder,book_ladder,False,False,-3.8,1.25,65,328.25,strategy_S9-149:NIFTY:2026-04-08T09:30:22:LONG
2026-04-08,09:31:15,2026-04-08,09:31:36,NIFTY,BUY,23903.65,23900.5,NIFTY13APR2623900CE,23900.0,CE,237.8,236.05,240.0,235.0,240.0,235.0,0.001262,0.002327,ws,ws,book_ladder,book_ladder,False,False,-2.2,1.05,65,-113.75,strategy_S9-149:NIFTY:2026-04-08T09:31:15:LONG
2026-04-08,09:32:01,2026-04-08,09:32:06,NIFTY,SELL,23896.4,23901.95,NIFTY13APR2623900PE,23900.0,PE,240.95,239.45,245.0,235.0,245.0,235.0,0.002077,0.002086,ws,ws,book_ladder,book_ladder,False,False,-4.05,4.45,65,-97.5,strategy_S9-149:NIFTY:2026-04-08T09:32:01:SHORT
2026-04-08,09:32:33,2026-04-08,09:32:40,NIFTY,SELL,23896.55,23899.75,NIFTY13APR2623900PE,23900.0,PE,239.75,239.2,240.0,235.0,240.0,235.0,0.001879,0.002505,ws,ws,book_ladder,book_ladder,False,False,-0.25,4.2,65,-35.75,strategy_S9-149:NIFTY:2026-04-08T09:32:33:SHORT
2026-04-08,09:32:50,2026-04-08,09:33:31,NIFTY,SELL,23894.05,23887.85,NIFTY13APR2623900PE,23900.0,PE,240.45,243.4,245.0,240.0,245.0,240.0,0.00229,0.001642,ws,ws,book_ladder,book_ladder,False,False,-4.55,3.4,65,191.75,strategy_S9-149:NIFTY:2026-04-08T09:32:50:SHORT
2026-04-08,09:34:59,2026-04-08,09:35:01,NIFTY,SELL,23879.45,23882.5,NIFTY13APR2623900PE,23900.0,PE,246.3,245.05,250.0,245.0,250.0,245.0,0.002032,0.000612,ws,ws,book_ladder,book_ladder,False,False,-3.7,0.05,65,-81.25,strategy_S9-149:NIFTY:2026-04-08T09:34:59:SHORT
2026-04-08,09:35:10,2026-04-08,09:35:17,NIFTY,BUY,23890.7,23887.1,NIFTY13APR2623850CE,23850.0,CE,258.95,257.35,260.0,255.0,260.0,255.0,0.002126,0.000389,ws,ws,book_ladder,book_ladder,False,False,-1.05,2.35,65,-104.0,strategy_S9-149:NIFTY:2026-04-08T09:35:10:LONG
2026-04-08,09:35:50,2026-04-08,09:36:00,NIFTY,BUY,23897.15,23891.0,NIFTY13APR2623850CE,23850.0,CE,260.75,259.0,265.0,255.0,265.0,255.0,0.002112,0.001736,ws,ws,book_ladder,book_ladder,False,False,-4.25,4.0,65,-113.75,strategy_S9-149:NIFTY:2026-04-08T09:35:50:LONG
2026-04-08,09:36:25,2026-04-08,09:36:39,NIFTY,BUY,23896.65,23896.15,NIFTY13APR2623850CE,23850.0,CE,261.75,261.4,265.0,260.0,265.0,260.0,0.002295,0.002674,ws,ws,book_ladder,book_ladder,False,False,-3.25,1.4,65,-22.75,strategy_S9-149:NIFTY:2026-04-08T09:36:25:LONG
2026-04-08,09:37:10,2026-04-08,09:37:35,NIFTY,BUY,23901.35,23907.05,NIFTY13APR2623900CE,23900.0,CE,235.6,240.6,240.0,240.0,240.0,240.0,0.00255,0.002283,ws,ws,book_ladder,book_ladder,False,False,-4.4,0.6,65,325.0,strategy_S9-149:NIFTY:2026-04-08T09:37:10:LONG
2026-04-08,09:37:48,2026-04-08,09:37:55,NIFTY,SELL,23902.55,23908.4,NIFTY13APR2623950PE,23950.0,PE,256.45,255.05,260.0,255.0,260.0,255.0,0.002342,0.002154,ws,ws,book_ladder,book_ladder,False,False,-3.55,0.05,65,-91.0,strategy_S9-149:NIFTY:2026-04-08T09:37:48:SHORT
2026-04-08,09:38:31,2026-04-08,09:39:10,NIFTY,SELL,23905.85,23902.65,NIFTY13APR2623950PE,23950.0,PE,253.7,256.75,255.0,255.0,255.0,255.0,0.001381,0.002528,ws,ws,book_ladder,book_ladder,False,False,-1.3,1.75,65,198.25,strategy_S9-149:NIFTY:2026-04-08T09:38:31:SHORT
2026-04-08,09:39:24,2026-04-08,09:40:25,NIFTY,BUY,23907.45,23916.15,NIFTY13APR2623900CE,23900.0,CE,238.45,241.75,240.0,240.0,240.0,240.0,0.000419,0.002479,ws,ws,book_ladder,book_ladder,False,False,-1.55,1.75,65,214.5,strategy_S9-149:NIFTY:2026-04-08T09:39:24:LONG
2026-04-08,09:41:36,2026-04-08,09:41:56,NIFTY,SELL,23907.05,23904.95,NIFTY13APR2623950PE,23950.0,PE,250.95,253.0,255.0,250.0,255.0,250.0,0.002194,0.00158,ws,ws,book_ladder,book_ladder,False,False,-4.05,3.0,65,133.25,strategy_S9-149:NIFTY:2026-04-08T09:41:36:SHORT
2026-04-08,09:42:10,2026-04-08,09:42:17,NIFTY,BUY,23913.25,23906.3,NIFTY13APR2623900CE,23900.0,CE,240.75,238.7,245.0,235.0,245.0,235.0,0.001871,0.002301,ws,ws,book_ladder,book_ladder,False,False,-4.25,3.7,65,-133.25,strategy_S9-149:NIFTY:2026-04-08T09:42:10:LONG
2026-04-08,09:43:00,2026-04-08,09:43:12,NIFTY,BUY,23905.7,23905.35,NIFTY13APR2623900CE,23900.0,CE,237.45,238.6,240.0,235.0,240.0,235.0,0.001686,0.001675,ws,ws,book_ladder,book_ladder,False,False,-2.55,3.6,65,74.75,strategy_S9-149:NIFTY:2026-04-08T09:43:00:LONG
2026-04-08,09:43:23,2026-04-08,09:43:34,NIFTY,BUY,23911.45,23912.5,NIFTY13APR2623900CE,23900.0,CE,239.6,240.0,240.0,240.0,240.0,240.0,0.00188,0.001873,ws,ws,book_ladder,book_ladder,False,False,-0.4,0.0,65,26.0,strategy_S9-149:NIFTY:2026-04-08T09:43:23:LONG
2026-04-08,09:43:40,2026-04-08,09:43:54,NIFTY,BUY,23917.1,23915.85,NIFTY13APR2623900CE,23900.0,CE,241.7,240.9,245.0,240.0,245.0,240.0,0.002486,0.001452,ws,ws,book_ladder,book_ladder,False,False,-3.3,0.9,65,-52.0,strategy_S9-149:NIFTY:2026-04-08T09:43:40:LONG
2026-04-08,09:44:30,2026-04-08,09:44:32,NIFTY,BUY,23920.5,23915.35,NIFTY13APR2623900CE,23900.0,CE,242.75,240.8,245.0,240.0,245.0,240.0,0.002475,0.002074,ws,ws,book_ladder,book_ladder,False,False,-2.25,0.8,65,-126.75,strategy_S9-149:NIFTY:2026-04-08T09:44:30:LONG
2026-04-08,09:44:46,2026-04-08,09:44:51,NIFTY,SELL,23913.2,23916.15,NIFTY13APR2623950PE,23950.0,PE,248.3,247.0,250.0,245.0,250.0,245.0,0.001411,0.001012,ws,ws,book_ladder,book_ladder,False,False,-1.7,2.0,65,-84.5,strategy_S9-149:NIFTY:2026-04-08T09:44:46:SHORT
2026-04-08,09:45:01,2026-04-08,09:45:18,NIFTY,BUY,23924.05,23926.8,NIFTY13APR2623900CE,23900.0,CE,244.05,246.0,245.0,245.0,245.0,245.0,0.00164,0.00203,ws,ws,book_ladder,book_ladder,False,False,-0.95,1.0,65,126.75,strategy_S9-149:NIFTY:2026-04-08T09:45:01:LONG
2026-04-08,09:45:35,2026-04-08,09:46:29,NIFTY,BUY,23926.7,23942.75,NIFTY13APR2623900CE,23900.0,CE,245.6,253.5,250.0,250.0,250.0,250.0,0.002242,0.002561,ws,ws,book_ladder,book_ladder,False,False,-4.4,3.5,65,513.5,strategy_S9-149:NIFTY:2026-04-08T09:45:35:LONG
2026-04-08,09:47:10,2026-04-08,09:47:26,NIFTY,BUY,23947.8,23947.0,NIFTY13APR2623900CE,23900.0,CE,256.65,256.25,260.0,255.0,260.0,255.0,0.002341,0.002339,ws,ws,book_ladder,book_ladder,False,False,-3.35,1.25,65,-26.0,strategy_S9-149:NIFTY:2026-04-08T09:47:10:LONG
2026-04-08,09:48:00,2026-04-08,09:48:24,NIFTY,BUY,23948.95,23947.85,NIFTY13APR2623900CE,23900.0,CE,257.65,255.7,260.0,255.0,260.0,255.0,0.002331,0.002344,ws,ws,book_ladder,book_ladder,False,False,-2.35,0.7,65,-126.75,strategy_S9-149:NIFTY:2026-04-08T09:48:00:LONG
2026-04-08,09:48:35,2026-04-08,09:48:58,NIFTY,BUY,23954.3,23956.1,NIFTY13APR2623950CE,23950.0,CE,231.1,232.0,235.0,230.0,235.0,230.0,0.002166,0.001292,ws,ws,book_ladder,book_ladder,False,False,-3.9,2.0,65,58.5,strategy_S9-149:NIFTY:2026-04-08T09:48:35:LONG
2026-04-08,09:49:23,2026-04-08,09:50:04,NIFTY,SELL,23951.95,23947.0,NIFTY13APR2624000PE,24000.0,PE,249.55,254.25,250.0,250.0,250.0,250.0,0.001203,0.002161,ws,ws,book_ladder,book_ladder,False,False,-0.45,4.25,65,305.5,strategy_S9-149:NIFTY:2026-04-08T09:49:23:SHORT
2026-04-08,09:50:18,2026-04-08,09:50:26,NIFTY,BUY,23951.25,23949.2,NIFTY13APR2623950CE,23950.0,CE,231.0,230.5,235.0,230.0,235.0,230.0,0.002601,0.002167,ws,ws,book_ladder,book_ladder,False,False,-4.0,0.5,65,-32.5,strategy_S9-149:NIFTY:2026-04-08T09:50:18:LONG
2026-04-08,09:50:30,2026-04-08,09:50:51,NIFTY,BUY,23953.1,23953.9,NIFTY13APR2623950CE,23950.0,CE,230.9,232.65,235.0,230.0,235.0,230.0,0.002385,0.002576,ws,ws,book_ladder,book_ladder,False,False,-4.1,2.65,65,113.75,strategy_S9-149:NIFTY:2026-04-08T09:50:30:LONG
2026-04-08,09:51:00,2026-04-08,09:51:11,NIFTY,SELL,23948.1,23953.5,NIFTY13APR2623950PE,23950.0,PE,229.75,225.75,230.0,225.0,230.0,225.0,0.001743,0.001991,ws,ws,book_ladder,book_ladder,False,False,-0.25,0.75,65,-260.0,strategy_S9-149:NIFTY:2026-04-08T09:51:00:SHORT
2026-04-08,09:51:34,2026-04-08,09:51:50,NIFTY,SELL,23947.75,23951.1,NIFTY13APR2623950PE,23950.0,PE,228.35,227.95,230.0,225.0,230.0,225.0,0.002192,0.001096,ws,ws,book_ladder,book_ladder,False,False,-1.65,2.95,65,-26.0,strategy_S9-149:NIFTY:2026-04-08T09:51:34:SHORT
2026-04-08,09:53:13,2026-04-08,09:54:18,NIFTY,SELL,23942.8,23920.7,NIFTY13APR2623950PE,23950.0,PE,233.0,242.55,235.0,240.0,235.0,240.0,0.001718,0.000618,ws,ws,book_ladder,book_ladder,False,False,-2.0,2.55,65,620.75,strategy_S9-149:NIFTY:2026-04-08T09:53:13:SHORT
2026-04-08,09:54:50,2026-04-08,09:55:09,NIFTY,BUY,23921.3,23919.95,NIFTY13APR2623900CE,23900.0,CE,242.8,241.8,245.0,240.0,245.0,240.0,0.00103,0.002478,ws,ws,book_ladder,book_ladder,False,False,-2.2,1.8,65,-65.0,strategy_S9-149:NIFTY:2026-04-08T09:54:50:LONG
2026-04-08,09:55:21,2026-04-08,09:55:34,NIFTY,BUY,23923.5,23921.15,NIFTY13APR2623900CE,23900.0,CE,242.05,242.1,245.0,240.0,245.0,240.0,0.002068,0.002063,ws,ws,book_ladder,book_ladder,False,False,-2.95,2.1,65,3.25,strategy_S9-149:NIFTY:2026-04-08T09:55:21:LONG
2026-04-08,09:55:40,2026-04-08,09:56:33,NIFTY,BUY,23925.55,23932.3,NIFTY13APR2623900CE,23900.0,CE,245.2,247.8,250.0,245.0,250.0,245.0,0.000816,0.002016,ws,ws,book_ladder,book_ladder,False,False,-4.8,2.8,65,169.0,strategy_S9-149:NIFTY:2026-04-08T09:55:40:LONG
2026-04-08,09:57:01,2026-04-08,09:57:17,NIFTY,SELL,23925.35,23926.25,NIFTY13APR2623950PE,23950.0,PE,239.6,241.25,240.0,240.0,240.0,240.0,0.002089,0.002484,ws,ws,book_ladder,book_ladder,False,False,-0.4,1.25,65,107.25,strategy_S9-149:NIFTY:2026-04-08T09:57:01:SHORT
2026-04-08,09:57:41,2026-04-08,09:57:53,NIFTY,SELL,23923.7,23926.8,NIFTY13APR2623950PE,23950.0,PE,241.65,242.6,245.0,240.0,245.0,240.0,0.002071,0.00247,ws,ws,book_ladder,book_ladder,False,False,-3.35,2.6,65,61.75,strategy_S9-149:NIFTY:2026-04-08T09:57:41:SHORT
2026-04-08,09:58:17,2026-04-08,09:58:32,NIFTY,BUY,23930.45,23926.85,NIFTY13APR2623900CE,23900.0,CE,247.7,246.55,250.0,245.0,250.0,245.0,0.001616,0.001824,ws,ws,book_ladder,book_ladder,False,False,-2.3,1.55,65,-74.75,strategy_S9-149:NIFTY:2026-04-08T09:58:17:LONG
2026-04-08,09:59:05,2026-04-08,09:59:10,NIFTY,SELL,23899.85,23902.7,NIFTY13APR2623900PE,23900.0,PE,229.7,228.8,230.0,225.0,230.0,225.0,0.001743,0.002837,ws,ws,book_ladder,book_ladder,False,False,-0.3,3.8,65,-58.5,strategy_S9-149:NIFTY:2026-04-08T09:59:05:SHORT
2026-04-08,09:59:35,2026-04-08,09:59:50,NIFTY,SELL,23896.65,23895.45,NIFTY13APR2623900PE,23900.0,PE,229.95,232.05,230.0,230.0,230.0,230.0,0.002177,0.002367,ws,ws,book_ladder,book_ladder,False,False,-0.05,2.05,65,136.5,strategy_S9-149:NIFTY:2026-04-08T09:59:35:SHORT
2026-04-08,10:00:01,2026-04-08,10:00:23,NIFTY,BUY,23900.2,23910.55,NIFTY13APR2623900CE,23900.0,CE,231.4,238.4,235.0,235.0,235.0,235.0,0.00238,0.002095,ws,ws,book_ladder,book_ladder,False,False,-3.6,3.4,65,455.0,strategy_S9-149:NIFTY:2026-04-08T10:00:01:LONG
2026-04-08,10:00:49,2026-04-08,10:00:57,NIFTY,SELL,23905.45,23907.0,NIFTY13APR2623950PE,23950.0,PE,254.1,253.25,255.0,250.0,255.0,250.0,0.002364,0.001381,ws,ws,book_ladder,book_ladder,False,False,-0.9,3.25,65,-55.25,strategy_S9-149:NIFTY:2026-04-08T10:00:49:SHORT
2026-04-08,10:01:41,2026-04-08,10:01:59,NIFTY,BUY,23912.1,23912.9,NIFTY13APR2623900CE,23900.0,CE,238.15,238.4,240.0,235.0,240.0,235.0,0.001261,0.002514,ws,ws,book_ladder,book_ladder,False,False,-1.85,3.4,65,16.25,strategy_S9-149:NIFTY:2026-04-08T10:01:41:LONG
2026-04-08,10:02:10,2026-04-08,10:02:22,NIFTY,BUY,23921.95,23918.65,NIFTY13APR2623900CE,23900.0,CE,240.95,240.6,245.0,240.0,245.0,240.0,0.001661,0.001039,ws,ws,book_ladder,book_ladder,False,False,-4.05,0.6,65,-22.75,strategy_S9-149:NIFTY:2026-04-08T10:02:10:LONG
2026-04-08,10:02:46,2026-04-08,10:03:00,NIFTY,SELL,23911.85,23914.1,NIFTY13APR2623950PE,23950.0,PE,250.7,250.3,255.0,250.0,255.0,250.0,0.002196,0.002195,ws,ws,book_ladder,book_ladder,False,False,-4.3,0.3,65,-26.0,strategy_S9-149:NIFTY:2026-04-08T10:02:46:SHORT
2026-04-08,10:03:15,2026-04-08,10:03:20,NIFTY,SELL,23907.3,23910.65,NIFTY13APR2623950PE,23950.0,PE,254.4,252.35,255.0,250.0,255.0,250.0,0.002558,0.002572,ws,ws,book_ladder,book_ladder,False,False,-0.6,2.35,65,-133.25,strategy_S9-149:NIFTY:2026-04-08T10:03:15:SHORT
2026-04-08,10:03:57,2026-04-08,10:04:02,NIFTY,SELL,23904.15,23907.95,NIFTY13APR2623950PE,23950.0,PE,254.4,253.2,255.0,250.0,255.0,250.0,0.002558,0.002564,ws,ws,book_ladder,book_ladder,False,False,-0.6,3.2,65,-78.0,strategy_S9-149:NIFTY:2026-04-08T10:03:57:SHORT
2026-04-08,10:04:33,2026-04-08,10:04:55,NIFTY,SELL,23899.2,23899.6,NIFTY13APR2623900PE,23900.0,PE,230.25,231.45,235.0,230.0,235.0,230.0,0.000434,0.001942,ws,ws,book_ladder,book_ladder,False,False,-4.75,1.45,65,78.0,strategy_S9-149:NIFTY:2026-04-08T10:04:33:SHORT
2026-04-08,10:05:05,2026-04-08,10:06:07,NIFTY,BUY,23903.8,23930.25,NIFTY13APR2623900CE,23900.0,CE,233.45,243.6,235.0,240.0,235.0,240.0,0.002144,0.001436,ws,ws,book_ladder,book_ladder,False,False,-1.55,3.6,65,659.75,strategy_S9-149:NIFTY:2026-04-08T10:05:05:LONG
2026-04-08,10:06:28,2026-04-08,10:06:43,NIFTY,SELL,23920.05,23915.45,NIFTY13APR2623950PE,23950.0,PE,241.05,246.85,245.0,245.0,245.0,245.0,0.001869,0.001012,ws,ws,book_ladder,book_ladder,False,False,-3.95,1.85,65,377.0,strategy_S9-149:NIFTY:2026-04-08T10:06:28:SHORT
2026-04-08,10:06:57,2026-04-08,10:07:36,NIFTY,SELL,23909.0,23905.7,NIFTY13APR2623950PE,23950.0,PE,248.5,252.4,250.0,250.0,250.0,250.0,0.001409,0.002177,ws,ws,book_ladder,book_ladder,False,False,-1.5,2.4,65,253.5,strategy_S9-149:NIFTY:2026-04-08T10:06:57:SHORT
2026-04-08,10:07:44,2026-04-08,10:08:05,NIFTY,SELL,23899.15,23895.7,NIFTY13APR2623900PE,23900.0,PE,231.45,231.35,235.0,230.0,235.0,230.0,0.002379,0.001943,ws,ws,book_ladder,book_ladder,False,False,-3.55,1.35,65,-6.5,strategy_S9-149:NIFTY:2026-04-08T10:07:44:SHORT
2026-04-08,10:08:23,2026-04-08,10:08:33,NIFTY,BUY,23902.9,23900.55,NIFTY13APR2623900CE,23900.0,CE,234.6,232.5,235.0,230.0,235.0,230.0,0.001066,0.001719,ws,ws,book_ladder,book_ladder,False,False,-0.4,2.5,65,-136.5,strategy_S9-149:NIFTY:2026-04-08T10:08:23:LONG
2026-04-08,10:08:40,2026-04-08,10:08:55,NIFTY,BUY,23903.8,23902.05,NIFTY13APR2623900CE,23900.0,CE,234.8,232.75,235.0,230.0,235.0,230.0,0.002345,0.001932,ws,ws,book_ladder,book_ladder,False,False,-0.2,2.75,65,-133.25,strategy_S9-149:NIFTY:2026-04-08T10:08:40:LONG
2026-04-08,10:10:08,2026-04-08,10:10:25,NIFTY,SELL,23896.25,23889.85,NIFTY13APR2623900PE,23900.0,PE,232.75,234.3,235.0,230.0,235.0,230.0,0.001935,0.002558,ws,ws,book_ladder,book_ladder,False,False,-2.25,4.3,65,100.75,strategy_S9-149:NIFTY:2026-04-08T10:10:08:SHORT
2026-04-08,10:10:33,2026-04-08,10:10:45,NIFTY,BUY,23898.7,23892.25,NIFTY13APR2623850CE,23850.0,CE,256.75,254.45,260.0,250.0,260.0,250.0,0.00234,0.001178,ws,ws,book_ladder,book_ladder,False,False,-3.25,4.45,65,-149.5,strategy_S9-149:NIFTY:2026-04-08T10:10:33:LONG
2026-04-08,10:11:20,2026-04-08,10:11:27,NIFTY,BUY,23898.75,23892.95,NIFTY13APR2623850CE,23850.0,CE,256.8,256.5,260.0,255.0,260.0,255.0,0.002144,0.002142,ws,ws,book_ladder,book_ladder,False,False,-3.2,1.5,65,-19.5,strategy_S9-149:NIFTY:2026-04-08T10:11:20:LONG
2026-04-08,10:12:02,2026-04-08,10:12:06,NIFTY,SELL,23891.15,23895.25,NIFTY13APR2623900PE,23900.0,PE,234.0,231.55,235.0,230.0,235.0,230.0,0.001925,0.002157,ws,ws,book_ladder,book_ladder,False,False,-1.0,1.55,65,-159.25,strategy_S9-149:NIFTY:2026-04-08T10:12:02:SHORT
2026-04-08,10:12:15,2026-04-08,10:12:21,NIFTY,BUY,23899.8,23897.25,NIFTY13APR2623850CE,23850.0,CE,259.3,258.15,260.0,255.0,260.0,255.0,0.002123,0.002322,ws,ws,book_ladder,book_ladder,False,False,-0.7,3.15,65,-74.75,strategy_S9-149:NIFTY:2026-04-08T10:12:15:LONG
2026-04-08,10:13:11,2026-04-08,10:13:17,NIFTY,SELL,23892.35,23894.35,NIFTY13APR2623900PE,23900.0,PE,232.8,230.75,235.0,230.0,235.0,230.0,0.00215,0.001083,ws,ws,book_ladder,book_ladder,False,False,-2.2,0.75,65,-133.25,strategy_S9-149:NIFTY:2026-04-08T10:13:11:SHORT
2026-04-08,10:13:36,2026-04-08,10:14:05,NIFTY,SELL,23889.6,23889.15,NIFTY13APR2623900PE,23900.0,PE,233.9,234.65,235.0,230.0,235.0,230.0,0.00214,0.001278,ws,ws,book_ladder,book_ladder,False,False,-1.1,4.65,65,48.75,strategy_S9-149:NIFTY:2026-04-08T10:13:36:SHORT
2026-04-08,10:15:01,2026-04-08,10:15:26,NIFTY,SELL,23879.4,23879.45,NIFTY13APR2623900PE,23900.0,PE,238.0,238.35,240.0,235.0,240.0,235.0,0.000841,0.002514,ws,ws,book_ladder,book_ladder,False,False,-2.0,3.35,65,22.75,strategy_S9-149:NIFTY:2026-04-08T10:15:01:SHORT
2026-04-08,10:15:31,2026-04-08,10:15:48,NIFTY,SELL,23872.7,23872.1,NIFTY13APR2623900PE,23900.0,PE,243.95,242.0,245.0,240.0,245.0,240.0,0.002668,0.001445,ws,ws,book_ladder,book_ladder,False,False,-1.05,2.0,65,-126.75,strategy_S9-149:NIFTY:2026-04-08T10:15:31:SHORT
2026-04-08,10:16:36,2026-04-08,10:17:01,NIFTY,BUY,23875.7,23873.45,NIFTY13APR2623850CE,23850.0,CE,245.85,245.7,250.0,245.0,250.0,245.0,0.00061,0.000407,ws,ws,book_ladder,book_ladder,False,False,-4.15,0.7,65,-9.75,strategy_S9-149:NIFTY:2026-04-08T10:16:36:LONG
2026-04-08,10:17:14,2026-04-08,10:17:36,NIFTY,BUY,23877.5,23886.7,NIFTY13APR2623850CE,23850.0,CE,246.55,250.85,250.0,250.0,250.0,250.0,0.002437,0.002588,ws,ws,book_ladder,book_ladder,False,False,-3.45,0.85,65,279.5,strategy_S9-149:NIFTY:2026-04-08T10:17:14:LONG
2026-04-08,10:17:50,2026-04-08,10:18:24,NIFTY,BUY,23890.0,23897.9,NIFTY13APR2623850CE,23850.0,CE,252.9,257.0,255.0,255.0,255.0,255.0,0.002375,0.001944,ws,ws,book_ladder,book_ladder,False,False,-2.1,2.0,65,266.5,strategy_S9-149:NIFTY:2026-04-08T10:17:50:LONG
2026-04-08,10:18:40,2026-04-08,10:18:58,NIFTY,BUY,23904.1,23901.3,NIFTY13APR2623900CE,23900.0,CE,232.85,230.4,235.0,230.0,235.0,230.0,0.002365,0.002168,ws,ws,book_ladder,book_ladder,False,False,-2.15,0.4,65,-159.25,strategy_S9-149:NIFTY:2026-04-08T10:18:40:LONG
2026-04-08,10:19:11,2026-04-08,10:19:28,NIFTY,SELL,23898.45,23898.45,NIFTY13APR2623900PE,23900.0,PE,228.95,229.3,230.0,225.0,230.0,225.0,0.001311,0.002178,ws,ws,book_ladder,book_ladder,False,False,-1.05,4.3,65,22.75,strategy_S9-149:NIFTY:2026-04-08T10:19:11:SHORT
2026-04-08,10:19:41,2026-04-08,10:19:50,NIFTY,SELL,23894.65,23898.9,NIFTY13APR2623900PE,23900.0,PE,231.1,229.6,235.0,225.0,235.0,225.0,0.000649,0.001741,ws,ws,book_ladder,book_ladder,False,False,-3.9,4.6,65,-97.5,strategy_S9-149:NIFTY:2026-04-08T10:19:41:SHORT
2026-04-08,10:20:00,2026-04-08,10:20:19,NIFTY,BUY,23906.55,23910.9,NIFTY13APR2623900CE,23900.0,CE,232.55,236.0,235.0,235.0,235.0,235.0,0.001937,0.00275,ws,ws,book_ladder,book_ladder,False,False,-2.45,1.0,65,224.25,strategy_S9-149:NIFTY:2026-04-08T10:20:00:LONG
2026-04-08,10:20:46,2026-04-08,10:21:40,NIFTY,SELL,23905.4,23894.45,NIFTY13APR2623950PE,23950.0,PE,252.05,255.75,255.0,255.0,255.0,255.0,0.001588,0.001953,ws,ws,book_ladder,book_ladder,False,False,-2.95,0.75,65,240.5,strategy_S9-149:NIFTY:2026-04-08T10:20:46:SHORT
2026-04-08,10:22:04,2026-04-08,10:22:31,NIFTY,SELL,23885.45,23881.45,NIFTY13APR2623900PE,23900.0,PE,235.6,237.55,240.0,235.0,240.0,235.0,0.00255,0.002313,ws,ws,book_ladder,book_ladder,False,False,-4.4,2.55,65,126.75,strategy_S9-149:NIFTY:2026-04-08T10:22:04:SHORT
2026-04-08,10:23:00,2026-04-08,10:23:37,NIFTY,BUY,23884.8,23889.8,NIFTY13APR2623850CE,23850.0,CE,251.65,252.35,255.0,250.0,255.0,250.0,0.002188,0.002177,ws,ws,book_ladder,book_ladder,False,False,-3.35,2.35,65,45.5,strategy_S9-149:NIFTY:2026-04-08T10:23:00:LONG
2026-04-08,10:23:57,2026-04-08,10:24:35,NIFTY,BUY,23894.55,23898.4,NIFTY13APR2623850CE,23850.0,CE,254.5,255.45,255.0,255.0,255.0,255.0,0.002163,0.002151,ws,ws,book_ladder,book_ladder,False,False,-0.5,0.45,65,61.75,strategy_S9-149:NIFTY:2026-04-08T10:23:57:LONG
2026-04-08,10:25:02,2026-04-08,10:25:21,NIFTY,SELL,23890.55,23886.05,NIFTY13APR2623900PE,23900.0,PE,233.7,233.1,235.0,230.0,235.0,230.0,0.001499,0.001929,ws,ws,book_ladder,book_ladder,False,False,-1.3,3.1,65,-39.0,strategy_S9-149:NIFTY:2026-04-08T10:25:02:SHORT
2026-04-08,10:25:54,2026-04-08,10:26:05,NIFTY,BUY,23887.85,23888.15,NIFTY13APR2623850CE,23850.0,CE,253.0,251.1,255.0,250.0,255.0,250.0,0.002176,0.002387,ws,ws,book_ladder,book_ladder,False,False,-2.0,1.1,65,-123.5,strategy_S9-149:NIFTY:2026-04-08T10:25:54:LONG
2026-04-08,10:26:36,2026-04-08,10:26:51,NIFTY,SELL,23881.65,23884.25,NIFTY13APR2623900PE,23900.0,PE,237.5,237.05,240.0,235.0,240.0,235.0,0.002107,0.002317,ws,ws,book_ladder,book_ladder,False,False,-2.5,2.05,65,-29.25,strategy_S9-149:NIFTY:2026-04-08T10:26:36:SHORT
2026-04-08,10:27:20,2026-04-08,10:27:30,NIFTY,BUY,23889.2,23888.45,NIFTY13APR2623850CE,23850.0,CE,253.0,253.65,255.0,250.0,255.0,250.0,0.000989,0.001773,ws,ws,book_ladder,book_ladder,False,False,-2.0,3.65,65,42.25,strategy_S9-149:NIFTY:2026-04-08T10:27:20:LONG
2026-04-08,10:27:47,2026-04-08,10:28:12,NIFTY,BUY,23893.75,23897.1,NIFTY13APR2623850CE,23850.0,CE,254.35,255.15,255.0,255.0,255.0,255.0,0.002559,0.002153,ws,ws,book_ladder,book_ladder,False,False,-0.65,0.15,65,52.0,strategy_S9-149:NIFTY:2026-04-08T10:27:47:LONG
2026-04-08,10:28:52,2026-04-08,10:29:14,NIFTY,BUY,23903.65,23911.4,NIFTY13APR2623900CE,23900.0,CE,232.0,235.55,235.0,235.0,235.0,235.0,0.001726,0.00212,ws,ws,book_ladder,book_ladder,False,False,-3.0,0.55,65,230.75,strategy_S9-149:NIFTY:2026-04-08T10:28:52:LONG
2026-04-08,10:29:38,2026-04-08,10:29:46,NIFTY,SELL,23901.7,23906.15,NIFTY13APR2623950PE,23950.0,PE,248.0,246.1,250.0,245.0,250.0,245.0,0.002422,0.001218,ws,ws,book_ladder,book_ladder,False,False,-2.0,1.1,65,-123.5,strategy_S9-149:NIFTY:2026-04-08T10:29:38:SHORT
2026-04-08,10:30:05,2026-04-08,10:30:13,NIFTY,BUY,23912.5,23909.4,NIFTY13APR2623900CE,23900.0,CE,236.7,234.95,240.0,235.0,240.0,230.0,0.001903,0.00255,ws,ws,book_ladder,book_ladder,False,True,-3.3,-0.05,65,-113.75,strategy_S9-149:NIFTY:2026-04-08T10:30:05:LONG
2026-04-08,10:30:25,2026-04-08,10:30:44,NIFTY,BUY,23912.9,23910.9,NIFTY13APR2623900CE,23900.0,CE,236.15,234.6,240.0,230.0,240.0,230.0,0.001907,0.002342,ws,ws,book_ladder,book_ladder,False,False,-3.85,4.6,65,-100.75,strategy_S9-149:NIFTY:2026-04-08T10:30:25:LONG
2026-04-08,10:31:01,2026-04-08,10:31:08,NIFTY,BUY,23917.05,23914.85,NIFTY13APR2623900CE,23900.0,CE,237.25,234.3,240.0,230.0,240.0,230.0,0.002532,0.002132,ws,ws,book_ladder,book_ladder,False,False,-2.75,4.3,65,-191.75,strategy_S9-149:NIFTY:2026-04-08T10:31:01:LONG
2026-04-08,10:31:23,2026-04-08,10:31:38,NIFTY,SELL,23909.05,23912.65,NIFTY13APR2623950PE,23950.0,PE,244.2,242.0,245.0,240.0,245.0,240.0,0.001434,0.001652,ws,ws,book_ladder,book_ladder,False,False,-0.8,2.0,65,-143.0,strategy_S9-149:NIFTY:2026-04-08T10:31:23:SHORT
2026-04-08,10:32:00,2026-04-08,10:32:30,NIFTY,BUY,23919.05,23920.55,NIFTY13APR2623900CE,23900.0,CE,237.6,237.45,240.0,235.0,240.0,235.0,0.002317,0.002314,ws,ws,book_ladder,book_ladder,False,False,-2.4,2.45,65,-9.75,strategy_S9-149:NIFTY:2026-04-08T10:32:00:LONG
2026-04-08,10:33:00,2026-04-08,10:33:05,NIFTY,SELL,23915.2,23919.55,NIFTY13APR2623950PE,23950.0,PE,241.65,239.2,245.0,235.0,245.0,235.0,0.001242,0.001045,ws,ws,book_ladder,book_ladder,False,False,-3.35,4.2,65,-159.25,strategy_S9-149:NIFTY:2026-04-08T10:33:00:SHORT
2026-04-08,10:33:10,2026-04-08,10:33:23,NIFTY,BUY,23921.25,23919.5,NIFTY13APR2623900CE,23900.0,CE,238.5,238.15,240.0,235.0,240.0,235.0,0.001049,0.001888,ws,ws,book_ladder,book_ladder,False,False,-1.5,3.15,65,-22.75,strategy_S9-149:NIFTY:2026-04-08T10:33:10:LONG
2026-04-08,10:33:32,2026-04-08,10:33:51,NIFTY,BUY,23923.05,23926.45,NIFTY13APR2623900CE,23900.0,CE,239.9,239.6,240.0,235.0,240.0,235.0,0.001251,0.001251,ws,ws,book_ladder,book_ladder,False,False,-0.1,4.6,65,-19.5,strategy_S9-149:NIFTY:2026-04-08T10:33:32:LONG
2026-04-08,10:34:06,2026-04-08,10:34:35,NIFTY,SELL,23921.85,23922.25,NIFTY13APR2623950PE,23950.0,PE,236.65,235.15,240.0,235.0,240.0,235.0,0.002115,0.0017,ws,ws,book_ladder,book_ladder,False,False,-3.35,0.15,65,-97.5,strategy_S9-149:NIFTY:2026-04-08T10:34:06:SHORT
2026-04-08,10:35:38,2026-04-08,10:35:53,NIFTY,SELL,23916.6,23912.75,NIFTY13APR2623950PE,23950.0,PE,239.0,242.55,240.0,240.0,240.0,240.0,0.001047,0.001442,ws,ws,book_ladder,book_ladder,False,False,-1.0,2.55,65,230.75,strategy_S9-149:NIFTY:2026-04-08T10:35:38:SHORT
2026-04-08,10:36:31,2026-04-08,10:36:41,NIFTY,BUY,23913.3,23909.35,NIFTY13APR2623900CE,23900.0,CE,234.0,231.7,235.0,230.0,235.0,230.0,0.001069,0.001509,ws,ws,book_ladder,book_ladder,False,False,-1.0,1.7,65,-149.5,strategy_S9-149:NIFTY:2026-04-08T10:36:31:LONG
2026-04-08,10:37:30,2026-04-08,10:38:17,NIFTY,BUY,23909.0,23927.0,NIFTY13APR2623900CE,23900.0,CE,231.0,237.4,235.0,235.0,235.0,235.0,0.002167,0.001894,ws,ws,book_ladder,book_ladder,False,False,-4.0,2.4,65,416.0,strategy_S9-149:NIFTY:2026-04-08T10:37:30:LONG
2026-04-08,10:38:30,2026-04-08,10:39:10,NIFTY,SELL,23919.55,23913.0,NIFTY13APR2623950PE,23950.0,PE,236.85,239.8,240.0,240.0,240.0,235.0,0.001902,0.002499,ws,ws,book_ladder,book_ladder,False,True,-3.15,-0.2,65,191.75,strategy_S9-149:NIFTY:2026-04-08T10:38:30:SHORT
2026-04-08,10:39:36,2026-04-08,10:40:02,NIFTY,BUY,23917.05,23919.75,NIFTY13APR2623900CE,23900.0,CE,232.0,233.15,235.0,230.0,235.0,230.0,0.00151,0.002356,ws,ws,book_ladder,book_ladder,False,False,-3.0,3.15,65,74.75,strategy_S9-149:NIFTY:2026-04-08T10:39:36:LONG
2026-04-08,10:40:15,2026-04-08,10:40:35,NIFTY,SELL,23917.5,23915.8,NIFTY13APR2623950PE,23950.0,PE,238.25,240.35,240.0,240.0,240.0,240.0,0.001891,0.001663,ws,ws,book_ladder,book_ladder,False,False,-1.75,0.35,65,136.5,strategy_S9-149:NIFTY:2026-04-08T10:40:15:SHORT
2026-04-08,10:40:43,2026-04-08,10:41:05,NIFTY,SELL,23910.4,23909.85,NIFTY13APR2623950PE,23950.0,PE,242.35,244.3,245.0,240.0,245.0,240.0,0.000619,0.00184,ws,ws,book_ladder,book_ladder,False,False,-2.65,4.3,65,126.75,strategy_S9-149:NIFTY:2026-04-08T10:40:43:SHORT
2026-04-08,10:41:50,2026-04-08,10:42:16,NIFTY,BUY,23913.4,23919.2,NIFTY13APR2623900CE,23900.0,CE,230.85,231.8,235.0,230.0,235.0,230.0,0.002385,0.001939,ws,ws,book_ladder,book_ladder,False,False,-4.15,1.8,65,61.75,strategy_S9-149:NIFTY:2026-04-08T10:41:50:LONG
2026-04-08,10:43:20,2026-04-08,10:44:35,NIFTY,BUY,23921.25,23947.4,NIFTY13APR2623900CE,23900.0,CE,232.6,244.65,235.0,240.0,235.0,240.0,0.001937,0.001225,ws,ws,book_ladder,book_ladder,False,False,-2.4,4.65,65,783.25,strategy_S9-149:NIFTY:2026-04-08T10:43:20:LONG
2026-04-08,10:44:41,2026-04-08,10:45:00,NIFTY,BUY,23951.4,23949.4,NIFTY13APR2623950CE,23950.0,CE,219.3,217.5,220.0,215.0,220.0,215.0,0.001141,0.002296,ws,ws,book_ladder,book_ladder,False,False,-0.7,2.5,65,-117.0,strategy_S9-149:NIFTY:2026-04-08T10:44:41:LONG
2026-04-08,10:45:13,2026-04-08,10:45:23,NIFTY,SELL,23942.6,23947.4,NIFTY13APR2623950PE,23950.0,PE,223.35,221.25,225.0,220.0,225.0,220.0,0.002017,0.001129,ws,ws,book_ladder,book_ladder,False,False,-1.65,1.25,65,-136.5,strategy_S9-149:NIFTY:2026-04-08T10:45:13:SHORT
2026-04-08,10:45:35,2026-04-08,10:45:55,NIFTY,SELL,23943.45,23943.05,NIFTY13APR2623950PE,23950.0,PE,223.0,222.1,225.0,220.0,225.0,220.0,0.002245,0.00135,ws,ws,book_ladder,book_ladder,False,False,-2.0,2.1,65,-58.5,strategy_S9-149:NIFTY:2026-04-08T10:45:35:SHORT
2026-04-08,10:46:03,2026-04-08,10:46:25,NIFTY,SELL,23939.1,23936.15,NIFTY13APR2623950PE,23950.0,PE,223.0,223.0,225.0,220.0,225.0,220.0,0.001571,0.001344,ws,ws,book_ladder,book_ladder,False,False,-2.0,3.0,65,0.0,strategy_S9-149:NIFTY:2026-04-08T10:46:03:SHORT
2026-04-08,10:46:40,2026-04-08,10:47:18,NIFTY,BUY,23938.25,23942.15,NIFTY13APR2623900CE,23900.0,CE,244.8,248.8,245.0,245.0,245.0,245.0,0.002454,0.001807,ws,ws,book_ladder,book_ladder,False,False,-0.2,3.8,65,260.0,strategy_S9-149:NIFTY:2026-04-08T10:46:40:LONG
2026-04-08,10:48:20,2026-04-08,10:48:36,NIFTY,BUY,23948.3,23946.7,NIFTY13APR2623900CE,23900.0,CE,251.45,252.4,255.0,250.0,255.0,250.0,0.00199,0.002374,ws,ws,book_ladder,book_ladder,False,False,-3.55,2.4,65,61.75,strategy_S9-149:NIFTY:2026-04-08T10:48:20:LONG
2026-04-08,10:48:40,2026-04-08,10:49:01,NIFTY,BUY,23950.75,23950.15,NIFTY13APR2623950CE,23950.0,CE,225.8,225.8,230.0,225.0,230.0,225.0,0.001995,0.002212,ws,ws,book_ladder,book_ladder,False,False,-4.2,0.8,65,0.0,strategy_S9-149:NIFTY:2026-04-08T10:48:40:LONG
2026-04-08,10:49:14,2026-04-08,10:49:35,NIFTY,SELL,23940.95,23927.85,NIFTY13APR2623950PE,23950.0,PE,218.25,224.4,220.0,220.0,220.0,220.0,0.002294,0.000668,ws,ws,book_ladder,book_ladder,False,False,-1.75,4.4,65,399.75,strategy_S9-149:NIFTY:2026-04-08T10:49:14:SHORT
2026-04-08,10:49:48,2026-04-08,10:50:09,NIFTY,BUY,23937.0,23938.0,NIFTY13APR2623900CE,23900.0,CE,244.85,246.35,245.0,245.0,245.0,245.0,0.002044,0.00223,ws,ws,book_ladder,book_ladder,False,False,-0.15,1.35,65,97.5,strategy_S9-149:NIFTY:2026-04-08T10:49:48:LONG
2026-04-08,10:50:20,2026-04-08,10:50:33,NIFTY,BUY,23943.4,23939.5,NIFTY13APR2623900CE,23900.0,CE,248.95,246.9,250.0,245.0,250.0,245.0,0.001608,0.001214,ws,ws,book_ladder,book_ladder,False,False,-1.05,1.9,65,-133.25,strategy_S9-149:NIFTY:2026-04-08T10:50:20:LONG
2026-04-08,10:51:00,2026-04-08,10:51:07,NIFTY,BUY,23945.5,23942.65,NIFTY13APR2623900CE,23900.0,CE,249.0,248.7,250.0,245.0,250.0,245.0,0.00201,0.002008,ws,ws,book_ladder,book_ladder,False,False,-1.0,3.7,65,-19.5,strategy_S9-149:NIFTY:2026-04-08T10:51:00:LONG
2026-04-08,10:51:56,2026-04-08,10:52:05,NIFTY,SELL,23936.0,23940.3,NIFTY13APR2623950PE,23950.0,PE,222.65,220.1,225.0,220.0,225.0,220.0,0.002473,0.002269,ws,ws,book_ladder,book_ladder,False,False,-2.35,0.1,65,-165.75,strategy_S9-149:NIFTY:2026-04-08T10:51:56:SHORT
2026-04-08,10:52:24,2026-04-08,10:53:36,NIFTY,BUY,23945.1,23954.9,NIFTY13APR2623900CE,23900.0,CE,248.9,254.75,250.0,250.0,250.0,250.0,0.002414,0.001961,ws,ws,book_ladder,book_ladder,False,False,-1.1,4.75,65,380.25,strategy_S9-149:NIFTY:2026-04-08T10:52:24:LONG
2026-04-08,10:54:10,2026-04-08,10:54:16,NIFTY,BUY,23957.2,23955.3,NIFTY13APR2623950CE,23950.0,CE,226.85,227.35,230.0,225.0,230.0,225.0,0.002207,0.002416,ws,ws,book_ladder,book_ladder,False,False,-3.15,2.35,65,32.5,strategy_S9-149:NIFTY:2026-04-08T10:54:10:LONG
2026-04-08,10:54:25,2026-04-08,10:55:01,NIFTY,BUY,23961.5,23966.1,NIFTY13APR2623950CE,23950.0,CE,229.5,233.6,230.0,230.0,230.0,230.0,0.000872,0.002352,ws,ws,book_ladder,book_ladder,False,False,-0.5,3.6,65,266.5,strategy_S9-149:NIFTY:2026-04-08T10:54:25:LONG
2026-04-08,10:56:49,2026-04-08,10:57:41,NIFTY,BUY,23976.5,23977.9,NIFTY13APR2623950CE,23950.0,CE,236.65,236.5,240.0,235.0,240.0,235.0,0.002327,0.002112,ws,ws,book_ladder,book_ladder,False,False,-3.35,1.5,65,-9.75,strategy_S9-149:NIFTY:2026-04-08T10:56:49:LONG
2026-04-08,10:58:10,2026-04-08,10:58:35,NIFTY,BUY,23977.85,23977.8,NIFTY13APR2623950CE,23950.0,CE,236.85,236.8,240.0,235.0,240.0,235.0,0.002325,0.00232,ws,ws,book_ladder,book_ladder,False,False,-3.15,1.8,65,-3.25,strategy_S9-149:NIFTY:2026-04-08T10:58:10:LONG
2026-04-08,10:58:42,2026-04-08,10:59:07,NIFTY,BUY,23980.55,23979.85,NIFTY13APR2623950CE,23950.0,CE,237.0,236.5,240.0,235.0,240.0,235.0,0.002112,0.001901,ws,ws,book_ladder,book_ladder,False,False,-3.0,1.5,65,-32.5,strategy_S9-149:NIFTY:2026-04-08T10:58:42:LONG
2026-04-08,11:00:03,2026-04-08,11:00:30,NIFTY,BUY,23984.9,23985.3,NIFTY13APR2623950CE,23950.0,CE,237.7,239.0,240.0,235.0,240.0,235.0,0.002317,0.001045,ws,ws,book_ladder,book_ladder,False,False,-2.3,4.0,65,84.5,strategy_S9-149:NIFTY:2026-04-08T11:00:03:LONG
2026-04-08,11:00:44,2026-04-08,11:00:49,NIFTY,SELL,23981.3,23984.3,NIFTY13APR2624000PE,24000.0,PE,222.05,221.3,225.0,220.0,225.0,220.0,0.001803,0.002482,ws,ws,book_ladder,book_ladder,False,False,-2.95,1.3,65,-48.75,strategy_S9-149:NIFTY:2026-04-08T11:00:44:SHORT
2026-04-08,11:01:10,2026-04-08,11:01:37,NIFTY,BUY,23988.85,23993.9,NIFTY13APR2623950CE,23950.0,CE,240.65,246.05,245.0,245.0,245.0,245.0,0.002496,0.002233,ws,ws,book_ladder,book_ladder,False,False,-4.35,1.05,65,351.0,strategy_S9-149:NIFTY:2026-04-08T11:01:10:LONG
2026-04-08,11:02:00,2026-04-08,11:02:25,NIFTY,BUY,23997.35,23996.4,NIFTY13APR2623950CE,23950.0,CE,247.55,245.35,250.0,245.0,250.0,245.0,0.002224,0.002442,ws,ws,book_ladder,book_ladder,False,False,-2.45,0.35,65,-143.0,strategy_S9-149:NIFTY:2026-04-08T11:02:00:LONG
2026-04-08,11:02:46,2026-04-08,11:03:15,NIFTY,SELL,23993.55,23993.15,NIFTY13APR2624000PE,24000.0,PE,217.2,218.3,220.0,215.0,220.0,215.0,0.000921,0.002059,ws,ws,book_ladder,book_ladder,False,False,-2.8,3.3,65,71.5,strategy_S9-149:NIFTY:2026-04-08T11:02:46:SHORT
2026-04-08,11:04:27,2026-04-08,11:04:37,NIFTY,SELL,23989.85,23991.95,NIFTY13APR2624000PE,24000.0,PE,217.15,217.45,220.0,215.0,220.0,215.0,0.001152,0.002067,ws,ws,book_ladder,book_ladder,False,False,-2.85,2.45,65,19.5,strategy_S9-149:NIFTY:2026-04-08T11:04:27:SHORT
2026-04-08,11:05:00,2026-04-08,11:05:21,NIFTY,BUY,23993.3,23994.6,NIFTY13APR2623950CE,23950.0,CE,244.2,244.55,245.0,240.0,245.0,240.0,0.001844,0.001838,ws,ws,book_ladder,book_ladder,False,False,-0.8,4.55,65,22.75,strategy_S9-149:NIFTY:2026-04-08T11:05:00:LONG
2026-04-08,11:05:33,2026-04-08,11:05:59,NIFTY,BUY,23998.4,23998.3,NIFTY13APR2623950CE,23950.0,CE,247.25,246.65,250.0,245.0,250.0,245.0,0.001619,0.002025,ws,ws,book_ladder,book_ladder,False,False,-2.75,1.65,65,-39.0,strategy_S9-149:NIFTY:2026-04-08T11:05:33:LONG
2026-04-08,11:06:19,2026-04-08,11:06:35,NIFTY,SELL,23994.55,23992.1,NIFTY13APR2624000PE,24000.0,PE,214.6,216.0,215.0,215.0,215.0,215.0,0.002333,0.000694,ws,ws,book_ladder,book_ladder,False,False,-0.4,1.0,65,91.0,strategy_S9-149:NIFTY:2026-04-08T11:06:19:SHORT
2026-04-08,11:07:31,2026-04-08,11:07:57,NIFTY,SELL,23989.35,23989.25,NIFTY13APR2624000PE,24000.0,PE,216.8,217.8,220.0,215.0,220.0,215.0,0.002078,0.000918,ws,ws,book_ladder,book_ladder,False,False,-3.2,2.8,65,65.0,strategy_S9-149:NIFTY:2026-04-08T11:07:31:SHORT
2026-04-08,11:08:36,2026-04-08,11:08:50,NIFTY,SELL,23987.15,23987.4,NIFTY13APR2624000PE,24000.0,PE,217.95,217.5,220.0,215.0,220.0,215.0,0.002297,0.001837,ws,ws,book_ladder,book_ladder,False,False,-2.05,2.5,65,-29.25,strategy_S9-149:NIFTY:2026-04-08T11:08:36:SHORT
2026-04-08,11:10:10,2026-04-08,11:10:30,NIFTY,BUY,23992.35,23992.1,NIFTY13APR2623950CE,23950.0,CE,240.55,240.0,245.0,240.0,245.0,240.0,0.001664,0.000833,ws,ws,book_ladder,book_ladder,False,False,-4.45,0.0,65,-35.75,strategy_S9-149:NIFTY:2026-04-08T11:10:10:LONG
2026-04-08,11:10:45,2026-04-08,11:11:51,NIFTY,BUY,23994.35,24001.85,NIFTY13APR2623950CE,23950.0,CE,240.6,244.5,245.0,240.0,245.0,240.0,0.001872,0.001226,ws,ws,book_ladder,book_ladder,False,False,-4.4,4.5,65,253.5,strategy_S9-149:NIFTY:2026-04-08T11:10:45:LONG
2026-04-08,11:12:29,2026-04-08,11:12:55,NIFTY,SELL,23999.35,23999.0,NIFTY13APR2624000PE,24000.0,PE,211.65,213.45,215.0,210.0,215.0,210.0,0.001892,0.001638,ws,ws,book_ladder,book_ladder,False,False,-3.35,3.45,65,117.0,strategy_S9-149:NIFTY:2026-04-08T11:12:29:SHORT
2026-04-08,11:13:01,2026-04-08,11:13:26,NIFTY,SELL,23995.0,23987.2,NIFTY13APR2624000PE,24000.0,PE,214.5,216.5,215.0,215.0,215.0,215.0,0.001633,0.001846,ws,ws,book_ladder,book_ladder,False,False,-0.5,1.5,65,130.0,strategy_S9-149:NIFTY:2026-04-08T11:13:01:SHORT
2026-04-08,11:13:50,2026-04-08,11:14:15,NIFTY,BUY,23991.55,23992.45,NIFTY13APR2623950CE,23950.0,CE,237.8,238.5,240.0,235.0,240.0,235.0,0.002105,0.002303,ws,ws,book_ladder,book_ladder,False,False,-2.2,3.5,65,45.5,strategy_S9-149:NIFTY:2026-04-08T11:13:50:LONG
2026-04-08,11:15:03,2026-04-08,11:15:20,NIFTY,BUY,23993.4,23993.5,NIFTY13APR2623950CE,23950.0,CE,239.35,239.3,240.0,235.0,240.0,235.0,0.002091,0.002087,ws,ws,book_ladder,book_ladder,False,False,-0.65,4.3,65,-3.25,strategy_S9-149:NIFTY:2026-04-08T11:15:03:LONG
2026-04-08,11:15:50,2026-04-08,11:17:09,NIFTY,BUY,23996.65,24010.95,NIFTY13APR2623950CE,23950.0,CE,240.8,247.2,245.0,245.0,245.0,245.0,0.002079,0.001617,ws,ws,book_ladder,book_ladder,False,False,-4.2,2.2,65,416.0,strategy_S9-149:NIFTY:2026-04-08T11:15:50:LONG
2026-04-08,11:17:35,2026-04-08,11:17:50,NIFTY,SELL,24005.4,24004.95,NIFTY13APR2624050PE,24050.0,PE,232.45,232.15,235.0,230.0,235.0,230.0,0.001507,0.001722,ws,ws,book_ladder,book_ladder,False,False,-2.55,2.15,65,-19.5,strategy_S9-149:NIFTY:2026-04-08T11:17:35:SHORT
2026-04-08,11:18:07,2026-04-08,11:18:38,NIFTY,SELL,23997.9,23996.55,NIFTY13APR2624000PE,24000.0,PE,212.3,215.05,215.0,215.0,215.0,215.0,0.001414,0.000465,ws,ws,book_ladder,book_ladder,False,False,-2.7,0.05,65,178.75,strategy_S9-149:NIFTY:2026-04-08T11:18:07:SHORT
2026-04-08,11:19:07,2026-04-08,11:19:20,NIFTY,SELL,23994.05,23993.8,NIFTY13APR2624000PE,24000.0,PE,217.0,216.3,220.0,215.0,220.0,215.0,0.000691,0.002309,ws,ws,book_ladder,book_ladder,False,False,-3.0,1.3,65,-45.5,strategy_S9-149:NIFTY:2026-04-08T11:19:07:SHORT
2026-04-08,11:19:34,2026-04-08,11:20:37,NIFTY,BUY,23996.7,24003.4,NIFTY13APR2623950CE,23950.0,CE,239.5,243.5,240.0,240.0,240.0,240.0,0.00209,0.002256,ws,ws,book_ladder,book_ladder,False,False,-0.5,3.5,65,260.0,strategy_S9-149:NIFTY:2026-04-08T11:19:34:LONG
2026-04-08,11:20:45,2026-04-08,11:21:23,NIFTY,BUY,24008.55,24010.5,NIFTY13APR2624000CE,24000.0,CE,218.0,218.55,220.0,215.0,220.0,215.0,0.002296,0.002057,ws,ws,book_ladder,book_ladder,False,False,-2.0,3.55,65,35.75,strategy_S9-149:NIFTY:2026-04-08T11:20:45:LONG
2026-04-08,11:22:01,2026-04-08,11:22:15,NIFTY,SELL,24006.4,24008.15,NIFTY13APR2624050PE,24050.0,PE,230.45,232.35,235.0,230.0,235.0,230.0,0.000434,0.001935,ws,ws,book_ladder,book_ladder,False,False,-4.55,2.35,65,123.5,strategy_S9-149:NIFTY:2026-04-08T11:22:01:SHORT
2026-04-08,11:22:33,2026-04-08,11:22:42,NIFTY,SELL,24001.95,24003.65,NIFTY13APR2624050PE,24050.0,PE,233.95,233.5,235.0,230.0,235.0,230.0,0.001925,0.001712,ws,ws,book_ladder,book_ladder,False,False,-1.05,3.5,65,-29.25,strategy_S9-149:NIFTY:2026-04-08T11:22:33:SHORT
2026-04-08,11:22:58,2026-04-08,11:23:06,NIFTY,SELL,23999.55,24001.3,NIFTY13APR2624000PE,24000.0,PE,212.2,212.15,215.0,210.0,215.0,210.0,0.002123,0.001178,ws,ws,book_ladder,book_ladder,False,False,-2.8,2.15,65,-3.25,strategy_S9-149:NIFTY:2026-04-08T11:22:58:SHORT
2026-04-08,11:23:40,2026-04-08,11:24:05,NIFTY,BUY,24007.95,24011.3,NIFTY13APR2624000CE,24000.0,CE,217.5,219.35,220.0,215.0,220.0,215.0,0.00161,0.002504,ws,ws,book_ladder,book_ladder,False,False,-2.5,4.35,65,120.25,strategy_S9-149:NIFTY:2026-04-08T11:23:40:LONG
2026-04-08,11:24:48,2026-04-08,11:25:08,NIFTY,SELL,24004.75,24004.15,NIFTY13APR2624050PE,24050.0,PE,232.45,232.5,235.0,230.0,235.0,230.0,0.002585,0.002148,ws,ws,book_ladder,book_ladder,False,False,-2.55,2.5,65,3.25,strategy_S9-149:NIFTY:2026-04-08T11:24:48:SHORT
2026-04-08,11:25:14,2026-04-08,11:26:20,NIFTY,SELL,24000.15,23986.75,NIFTY13APR2624050PE,24050.0,PE,235.0,241.2,235.0,240.0,235.0,240.0,0.001704,0.002071,ws,ws,book_ladder,book_ladder,False,False,0.0,1.2,65,403.0,strategy_S9-149:NIFTY:2026-04-08T11:25:14:SHORT
2026-04-08,11:26:40,2026-04-08,11:27:16,NIFTY,SELL,23984.35,23984.6,NIFTY13APR2624000PE,24000.0,PE,217.8,217.5,220.0,215.0,220.0,215.0,0.001838,0.002067,ws,ws,book_ladder,book_ladder,False,False,-2.2,2.5,65,-19.5,strategy_S9-149:NIFTY:2026-04-08T11:26:40:SHORT
2026-04-08,11:27:41,2026-04-08,11:27:57,NIFTY,SELL,23983.85,23986.45,NIFTY13APR2624000PE,24000.0,PE,217.35,216.1,220.0,215.0,220.0,215.0,0.002073,0.001849,ws,ws,book_ladder,book_ladder,False,False,-2.65,1.1,65,-81.25,strategy_S9-149:NIFTY:2026-04-08T11:27:41:SHORT
2026-04-08,11:28:18,2026-04-08,11:28:35,NIFTY,SELL,23982.3,23978.45,NIFTY13APR2624000PE,24000.0,PE,217.8,220.1,220.0,220.0,220.0,220.0,0.001608,0.002042,ws,ws,book_ladder,book_ladder,False,False,-2.2,0.1,65,149.5,strategy_S9-149:NIFTY:2026-04-08T11:28:18:SHORT
2026-04-08,11:29:20,2026-04-08,11:29:42,NIFTY,BUY,23982.2,23984.2,NIFTY13APR2623950CE,23950.0,CE,235.8,236.1,240.0,235.0,240.0,235.0,0.00276,0.001904,ws,ws,book_ladder,book_ladder,False,False,-4.2,1.1,65,19.5,strategy_S9-149:NIFTY:2026-04-08T11:29:20:LONG
2026-04-08,11:29:50,2026-04-08,11:30:30,NIFTY,SELL,23982.55,23978.6,NIFTY13APR2624000PE,24000.0,PE,216.5,217.45,220.0,215.0,220.0,215.0,0.002544,0.00069,ws,ws,book_ladder,book_ladder,False,False,-3.5,2.45,65,61.75,strategy_S9-149:NIFTY:2026-04-08T11:29:50:SHORT
2026-04-08,11:30:40,2026-04-08,11:30:51,NIFTY,BUY,23982.45,23978.2,NIFTY13APR2623950CE,23950.0,CE,237.25,236.1,240.0,235.0,240.0,235.0,0.001265,0.002327,ws,ws,book_ladder,book_ladder,False,False,-2.75,1.1,65,-74.75,strategy_S9-149:NIFTY:2026-04-08T11:30:40:LONG
2026-04-08,11:31:01,2026-04-08,11:31:05,NIFTY,SELL,23977.0,23978.35,NIFTY13APR2624000PE,24000.0,PE,218.3,217.6,220.0,215.0,220.0,215.0,0.001605,0.002754,ws,ws,book_ladder,book_ladder,False,False,-1.7,2.6,65,-45.5,strategy_S9-149:NIFTY:2026-04-08T11:31:01:SHORT
2026-04-08,11:31:40,2026-04-08,11:32:12,NIFTY,SELL,23974.1,23970.75,NIFTY13APR2624000PE,24000.0,PE,218.05,220.0,220.0,220.0,220.0,220.0,0.000229,0.001363,ws,ws,book_ladder,book_ladder,False,False,-1.95,0.0,65,126.75,strategy_S9-149:NIFTY:2026-04-08T11:31:40:SHORT
2026-04-08,11:32:28,2026-04-08,11:32:46,NIFTY,SELL,23969.0,23968.7,NIFTY13APR2624000PE,24000.0,PE,220.3,219.8,225.0,215.0,225.0,215.0,0.000681,0.001137,ws,ws,book_ladder,book_ladder,False,False,-4.7,4.8,65,-32.5,strategy_S9-149:NIFTY:2026-04-08T11:32:28:SHORT
2026-04-08,11:32:51,2026-04-08,11:33:40,NIFTY,BUY,23972.5,23978.9,NIFTY13APR2623950CE,23950.0,CE,232.6,234.1,235.0,230.0,235.0,230.0,0.001506,0.002134,ws,ws,book_ladder,book_ladder,False,False,-2.4,4.1,65,97.5,strategy_S9-149:NIFTY:2026-04-08T11:32:51:LONG
2026-04-08,11:34:15,2026-04-08,11:35:00,NIFTY,SELL,23973.8,23968.95,NIFTY13APR2624000PE,24000.0,PE,220.85,221.35,225.0,220.0,225.0,220.0,0.002493,0.002256,ws,ws,book_ladder,book_ladder,False,False,-4.15,1.35,65,32.5,strategy_S9-149:NIFTY:2026-04-08T11:34:15:SHORT
2026-04-08,11:35:10,2026-04-08,11:35:26,NIFTY,BUY,23973.95,23973.25,NIFTY13APR2623950CE,23950.0,CE,231.45,231.45,235.0,230.0,235.0,230.0,0.00173,0.001727,ws,ws,book_ladder,book_ladder,False,False,-3.55,1.45,65,0.0,strategy_S9-149:NIFTY:2026-04-08T11:35:10:LONG
2026-04-08,11:35:30,2026-04-08,11:35:40,NIFTY,BUY,23977.25,23975.15,NIFTY13APR2623950CE,23950.0,CE,233.8,230.8,235.0,230.0,235.0,230.0,0.002141,0.000866,ws,ws,book_ladder,book_ladder,False,False,-1.2,0.8,65,-195.0,strategy_S9-149:NIFTY:2026-04-08T11:35:30:LONG
2026-04-08,11:36:06,2026-04-08,11:36:15,NIFTY,SELL,23972.3,23972.85,NIFTY13APR2624000PE,24000.0,PE,220.8,220.05,225.0,220.0,225.0,220.0,0.002721,0.001362,ws,ws,book_ladder,book_ladder,False,False,-4.2,0.05,65,-48.75,strategy_S9-149:NIFTY:2026-04-08T11:36:06:SHORT
2026-04-08,11:36:34,2026-04-08,11:36:45,NIFTY,BUY,23979.8,23978.35,NIFTY13APR2623950CE,23950.0,CE,232.35,232.4,235.0,230.0,235.0,230.0,0.001723,0.001934,ws,ws,book_ladder,book_ladder,False,False,-2.65,2.4,65,3.25,strategy_S9-149:NIFTY:2026-04-08T11:36:34:LONG
2026-04-08,11:37:00,2026-04-08,11:37:10,NIFTY,BUY,23980.0,23978.7,NIFTY13APR2623950CE,23950.0,CE,233.5,231.6,235.0,230.0,235.0,230.0,0.002144,0.001941,ws,ws,book_ladder,book_ladder,False,False,-1.5,1.6,65,-123.5,strategy_S9-149:NIFTY:2026-04-08T11:37:00:LONG
2026-04-08,11:37:32,2026-04-08,11:38:17,NIFTY,SELL,23972.15,23965.2,NIFTY13APR2624000PE,24000.0,PE,220.9,223.95,225.0,220.0,225.0,220.0,0.001812,0.00223,ws,ws,book_ladder,book_ladder,False,False,-4.1,3.95,65,198.25,strategy_S9-149:NIFTY:2026-04-08T11:37:32:SHORT
2026-04-08,11:38:39,2026-04-08,11:39:06,NIFTY,SELL,23956.5,23952.5,NIFTY13APR2624000PE,24000.0,PE,227.0,228.95,230.0,225.0,230.0,225.0,0.001102,0.001528,ws,ws,book_ladder,book_ladder,False,False,-3.0,3.95,65,126.75,strategy_S9-149:NIFTY:2026-04-08T11:38:39:SHORT
2026-04-08,11:39:10,2026-04-08,11:39:25,NIFTY,BUY,23959.8,23957.45,NIFTY13APR2623950CE,23950.0,CE,221.7,222.1,225.0,220.0,225.0,220.0,0.00158,0.002249,ws,ws,book_ladder,book_ladder,False,False,-3.3,2.1,65,26.0,strategy_S9-149:NIFTY:2026-04-08T11:39:10:LONG
2026-04-08,11:39:38,2026-04-08,11:40:11,NIFTY,BUY,23961.8,23962.4,NIFTY13APR2623950CE,23950.0,CE,224.35,223.6,225.0,220.0,225.0,220.0,0.002008,0.00201,ws,ws,book_ladder,book_ladder,False,False,-0.65,3.6,65,-48.75,strategy_S9-149:NIFTY:2026-04-08T11:39:38:LONG
2026-04-08,11:40:24,2026-04-08,11:40:30,NIFTY,SELL,23957.3,23959.05,NIFTY13APR2624000PE,24000.0,PE,227.65,226.95,230.0,225.0,230.0,225.0,0.000879,0.002201,ws,ws,book_ladder,book_ladder,False,False,-2.35,1.95,65,-45.5,strategy_S9-149:NIFTY:2026-04-08T11:40:24:SHORT
2026-04-08,11:41:41,2026-04-08,11:41:45,NIFTY,SELL,23954.45,23959.35,NIFTY13APR2624000PE,24000.0,PE,226.95,225.2,230.0,225.0,230.0,225.0,0.002206,0.00111,ws,ws,book_ladder,book_ladder,False,False,-3.05,0.2,65,-113.75,strategy_S9-149:NIFTY:2026-04-08T11:41:41:SHORT
2026-04-08,11:42:08,2026-04-08,11:42:37,NIFTY,BUY,23962.7,23975.15,NIFTY13APR2623950CE,23950.0,CE,227.05,231.0,230.0,230.0,230.0,230.0,0.002205,0.001946,ws,ws,book_ladder,book_ladder,False,False,-2.95,1.0,65,256.75,strategy_S9-149:NIFTY:2026-04-08T11:42:08:LONG
2026-04-08,11:43:00,2026-04-08,11:43:28,NIFTY,BUY,23980.8,23984.8,NIFTY13APR2623950CE,23950.0,CE,233.1,236.0,235.0,235.0,235.0,235.0,0.001932,0.001482,ws,ws,book_ladder,book_ladder,False,False,-1.9,1.0,65,188.5,strategy_S9-149:NIFTY:2026-04-08T11:43:00:LONG
2026-04-08,11:44:56,2026-04-08,11:45:03,NIFTY,SELL,23980.9,23982.75,NIFTY13APR2624000PE,24000.0,PE,218.85,216.85,220.0,215.0,220.0,215.0,0.001601,0.002303,ws,ws,book_ladder,book_ladder,False,False,-1.15,1.85,65,-130.0,strategy_S9-149:NIFTY:2026-04-08T11:44:56:SHORT
2026-04-08,11:45:10,2026-04-08,11:45:27,NIFTY,BUY,23986.95,23988.9,NIFTY13APR2623950CE,23950.0,CE,237.55,238.3,240.0,235.0,240.0,235.0,0.001264,0.002096,ws,ws,book_ladder,book_ladder,False,False,-2.45,3.3,65,48.75,strategy_S9-149:NIFTY:2026-04-08T11:45:10:LONG
2026-04-08,11:45:44,2026-04-08,11:46:23,NIFTY,BUY,23990.45,23994.5,NIFTY13APR2623950CE,23950.0,CE,239.05,240.4,240.0,240.0,240.0,240.0,0.001884,0.00187,ws,ws,book_ladder,book_ladder,False,False,-0.95,0.4,65,87.75,strategy_S9-149:NIFTY:2026-04-08T11:45:44:LONG
2026-04-08,11:47:10,2026-04-08,11:47:45,NIFTY,SELL,23988.8,23985.9,NIFTY13APR2624000PE,24000.0,PE,214.2,216.15,215.0,215.0,215.0,215.0,0.001168,0.001618,ws,ws,book_ladder,book_ladder,False,False,-0.8,1.15,65,126.75,strategy_S9-149:NIFTY:2026-04-08T11:47:10:SHORT
2026-04-08,11:49:40,2026-04-08,11:49:56,NIFTY,BUY,23986.9,23984.75,NIFTY13APR2623950CE,23950.0,CE,234.8,234.8,235.0,230.0,235.0,230.0,0.001492,0.00234,ws,ws,book_ladder,book_ladder,False,False,-0.2,4.8,65,0.0,strategy_S9-149:NIFTY:2026-04-08T11:49:40:LONG
2026-04-08,11:50:10,2026-04-08,11:51:05,NIFTY,SELL,23982.15,23963.25,NIFTY13APR2624000PE,24000.0,PE,216.4,224.7,220.0,220.0,220.0,220.0,0.00185,0.002001,ws,ws,book_ladder,book_ladder,False,False,-3.6,4.7,65,539.5,strategy_S9-149:NIFTY:2026-04-08T11:50:10:SHORT
2026-04-08,11:51:21,2026-04-08,11:52:00,NIFTY,SELL,23957.45,23936.8,NIFTY13APR2624000PE,24000.0,PE,226.9,234.5,230.0,230.0,230.0,230.0,0.002427,0.00213,ws,ws,book_ladder,book_ladder,False,False,-3.1,4.5,65,494.0,strategy_S9-149:NIFTY:2026-04-08T11:51:21:SHORT
2026-04-08,11:52:12,2026-04-08,11:52:46,NIFTY,BUY,23944.05,23949.95,NIFTY13APR2623900CE,23900.0,CE,245.5,246.4,250.0,245.0,250.0,245.0,0.001631,0.001825,ws,ws,book_ladder,book_ladder,False,False,-4.5,1.4,65,58.5,strategy_S9-149:NIFTY:2026-04-08T11:52:12:LONG
2026-04-08,11:52:51,2026-04-08,11:53:06,NIFTY,BUY,23957.45,23954.7,NIFTY13APR2623950CE,23950.0,CE,219.1,219.55,220.0,215.0,220.0,215.0,0.001142,0.002048,ws,ws,book_ladder,book_ladder,False,False,-0.9,4.55,65,29.25,strategy_S9-149:NIFTY:2026-04-08T11:52:51:LONG
2026-04-08,11:53:50,2026-04-08,11:54:04,NIFTY,SELL,23944.6,23948.45,NIFTY13APR2623950PE,23950.0,PE,211.0,210.0,215.0,210.0,215.0,210.0,0.000474,0.002141,ws,ws,book_ladder,book_ladder,False,False,-4.0,0.0,65,-65.0,strategy_S9-149:NIFTY:2026-04-08T11:53:50:SHORT
2026-04-08,11:54:11,2026-04-08,11:54:15,NIFTY,SELL,23945.4,23948.7,NIFTY13APR2623950PE,23950.0,PE,210.75,210.7,215.0,210.0,215.0,210.0,0.001425,0.00237,ws,ws,book_ladder,book_ladder,False,False,-4.25,0.7,65,-3.25,strategy_S9-149:NIFTY:2026-04-08T11:54:11:SHORT
2026-04-08,11:54:45,2026-04-08,11:54:58,NIFTY,BUY,23954.1,23950.75,NIFTY13APR2623950CE,23950.0,CE,218.85,220.4,220.0,220.0,220.0,220.0,0.001601,0.00204,ws,ws,book_ladder,book_ladder,False,False,-1.15,0.4,65,100.75,strategy_S9-149:NIFTY:2026-04-08T11:54:45:LONG
2026-04-08,11:55:14,2026-04-08,11:55:47,NIFTY,SELL,23943.5,23932.85,NIFTY13APR2623950PE,23950.0,PE,211.15,216.5,215.0,215.0,215.0,215.0,0.002133,0.002307,ws,ws,book_ladder,book_ladder,False,False,-3.85,1.5,65,347.75,strategy_S9-149:NIFTY:2026-04-08T11:55:14:SHORT
2026-04-08,11:56:35,2026-04-08,11:57:17,NIFTY,BUY,23939.1,23944.8,NIFTY13APR2623900CE,23900.0,CE,242.0,244.5,245.0,240.0,245.0,240.0,0.001447,0.002247,ws,ws,book_ladder,book_ladder,False,False,-3.0,4.5,65,162.5,strategy_S9-149:NIFTY:2026-04-08T11:56:35:LONG
2026-04-08,11:57:22,2026-04-08,11:57:30,NIFTY,SELL,23941.85,23945.95,NIFTY13APR2623950PE,23950.0,PE,216.0,212.8,220.0,210.0,220.0,210.0,0.002317,0.002581,ws,ws,book_ladder,book_ladder,False,False,-4.0,2.8,65,-208.0,strategy_S9-149:NIFTY:2026-04-08T11:57:22:SHORT
2026-04-08,11:58:00,2026-04-08,11:58:15,NIFTY,SELL,23939.2,23934.4,NIFTY13APR2623950PE,23950.0,PE,213.8,214.6,215.0,210.0,215.0,210.0,0.001638,0.00256,ws,ws,book_ladder,book_ladder,False,False,-1.2,4.6,65,52.0,strategy_S9-149:NIFTY:2026-04-08T11:58:00:SHORT
2026-04-08,11:59:05,2026-04-08,11:59:36,NIFTY,SELL,23933.35,23929.1,NIFTY13APR2623950PE,23950.0,PE,217.0,218.5,220.0,215.0,220.0,215.0,0.001153,0.002286,ws,ws,book_ladder,book_ladder,False,False,-3.0,3.5,65,97.5,strategy_S9-149:NIFTY:2026-04-08T11:59:05:SHORT
2026-04-08,12:00:00,2026-04-08,12:00:15,NIFTY,BUY,23932.6,23925.5,NIFTY13APR2623900CE,23900.0,CE,240.85,239.0,245.0,235.0,245.0,235.0,0.002494,0.001463,ws,ws,book_ladder,book_ladder,False,False,-4.15,4.0,65,-120.25,strategy_S9-149:NIFTY:2026-04-08T12:00:00:LONG
2026-04-08,12:00:31,2026-04-08,12:00:38,NIFTY,SELL,23920.85,23925.8,NIFTY13APR2623950PE,23950.0,PE,219.8,218.85,220.0,215.0,220.0,215.0,0.002277,0.002282,ws,ws,book_ladder,book_ladder,False,False,-0.2,3.85,65,-61.75,strategy_S9-149:NIFTY:2026-04-08T12:00:31:SHORT
2026-04-08,12:00:40,2026-04-08,12:01:08,NIFTY,BUY,23928.85,23932.2,NIFTY13APR2623900CE,23900.0,CE,241.4,240.5,245.0,240.0,245.0,240.0,0.001658,0.002077,ws,ws,book_ladder,book_ladder,False,False,-3.6,0.5,65,-58.5,strategy_S9-149:NIFTY:2026-04-08T12:00:40:LONG
2026-04-08,12:01:40,2026-04-08,12:02:25,NIFTY,BUY,23934.65,23942.1,NIFTY13APR2623900CE,23900.0,CE,241.15,245.45,245.0,245.0,245.0,245.0,0.002076,0.002238,ws,ws,book_ladder,book_ladder,False,False,-3.85,0.45,65,279.5,strategy_S9-149:NIFTY:2026-04-08T12:01:40:LONG
2026-04-08,12:02:35,2026-04-08,12:02:50,NIFTY,BUY,23946.6,23943.7,NIFTY13APR2623900CE,23900.0,CE,246.35,244.4,250.0,240.0,250.0,240.0,0.001828,0.002044,ws,ws,book_ladder,book_ladder,False,False,-3.65,4.4,65,-126.75,strategy_S9-149:NIFTY:2026-04-08T12:02:35:LONG
2026-04-08,12:03:10,2026-04-08,12:03:46,NIFTY,BUY,23949.2,23954.25,NIFTY13APR2623900CE,23900.0,CE,247.0,250.05,250.0,250.0,250.0,250.0,0.001013,0.001998,ws,ws,book_ladder,book_ladder,False,False,-3.0,0.05,65,198.25,strategy_S9-149:NIFTY:2026-04-08T12:03:10:LONG
2026-04-08,12:04:12,2026-04-08,12:04:24,NIFTY,SELL,23951.25,23953.55,NIFTY13APR2624000PE,24000.0,PE,233.85,233.5,235.0,230.0,235.0,230.0,0.001712,0.002139,ws,ws,book_ladder,book_ladder,False,False,-1.15,3.5,65,-22.75,strategy_S9-149:NIFTY:2026-04-08T12:04:12:SHORT
2026-04-08,12:04:45,2026-04-08,12:04:57,NIFTY,SELL,23949.45,23950.9,NIFTY13APR2623950PE,23950.0,PE,209.9,209.3,210.0,205.0,210.0,205.0,0.001669,0.000955,ws,ws,book_ladder,book_ladder,False,False,-0.1,4.3,65,-39.0,strategy_S9-149:NIFTY:2026-04-08T12:04:45:SHORT
2026-04-08,12:05:13,2026-04-08,12:06:26,NIFTY,BUY,23957.65,23965.0,NIFTY13APR2623950CE,23950.0,CE,223.4,226.1,225.0,225.0,225.0,225.0,0.001568,0.001988,ws,ws,book_ladder,book_ladder,False,False,-1.6,1.1,65,175.5,strategy_S9-149:NIFTY:2026-04-08T12:05:13:LONG
2026-04-08,12:06:30,2026-04-08,12:06:37,NIFTY,BUY,23968.2,23965.35,NIFTY13APR2623950CE,23950.0,CE,227.7,226.15,230.0,225.0,230.0,225.0,0.002639,0.002208,ws,ws,book_ladder,book_ladder,False,False,-2.3,1.15,65,-100.75,strategy_S9-149:NIFTY:2026-04-08T12:06:30:LONG
2026-04-08,12:06:52,2026-04-08,12:07:10,NIFTY,SELL,23963.2,23960.4,NIFTY13APR2624000PE,24000.0,PE,227.45,227.25,230.0,225.0,230.0,225.0,0.00198,0.001759,ws,ws,book_ladder,book_ladder,False,False,-2.55,2.25,65,-13.0,strategy_S9-149:NIFTY:2026-04-08T12:06:52:SHORT
2026-04-08,12:07:30,2026-04-08,12:07:55,NIFTY,BUY,23965.0,23965.45,NIFTY13APR2623950CE,23950.0,CE,225.4,225.2,230.0,225.0,230.0,225.0,0.001554,0.002218,ws,ws,book_ladder,book_ladder,False,False,-4.6,0.2,65,-13.0,strategy_S9-149:NIFTY:2026-04-08T12:07:30:LONG
2026-04-08,12:08:03,2026-04-08,12:08:28,NIFTY,BUY,23967.3,23967.15,NIFTY13APR2623950CE,23950.0,CE,225.25,225.75,230.0,225.0,230.0,225.0,0.000888,0.002212,ws,ws,book_ladder,book_ladder,False,False,-4.75,0.75,65,32.5,strategy_S9-149:NIFTY:2026-04-08T12:08:03:LONG
2026-04-08,12:08:30,2026-04-08,12:08:51,NIFTY,BUY,23968.7,23966.95,NIFTY13APR2623950CE,23950.0,CE,226.95,225.45,230.0,225.0,230.0,225.0,0.001543,0.002437,ws,ws,book_ladder,book_ladder,False,False,-3.05,0.45,65,-97.5,strategy_S9-149:NIFTY:2026-04-08T12:08:30:LONG
2026-04-08,12:10:10,2026-04-08,12:10:26,NIFTY,SELL,23964.9,23965.9,NIFTY13APR2624000PE,24000.0,PE,223.35,224.2,225.0,220.0,225.0,220.0,0.002017,0.00156,ws,ws,book_ladder,book_ladder,False,False,-1.65,4.2,65,55.25,strategy_S9-149:NIFTY:2026-04-08T12:10:10:SHORT
2026-04-08,12:11:00,2026-04-08,12:11:17,NIFTY,SELL,23964.65,23967.65,NIFTY13APR2624000PE,24000.0,PE,224.65,223.65,225.0,220.0,225.0,220.0,0.001336,0.002233,ws,ws,book_ladder,book_ladder,False,False,-0.35,3.65,65,-65.0,strategy_S9-149:NIFTY:2026-04-08T12:11:00:SHORT
2026-04-08,12:11:20,2026-04-08,12:11:24,NIFTY,BUY,23969.6,23963.95,NIFTY13APR2623950CE,23950.0,CE,227.2,224.95,230.0,220.0,230.0,220.0,0.001762,0.001111,ws,ws,book_ladder,book_ladder,False,False,-2.8,4.95,65,-146.25,strategy_S9-149:NIFTY:2026-04-08T12:11:20:LONG
2026-04-08,12:11:34,2026-04-08,12:11:55,NIFTY,SELL,23963.55,23964.3,NIFTY13APR2624000PE,24000.0,PE,224.8,224.55,225.0,220.0,225.0,220.0,0.00089,0.001557,ws,ws,book_ladder,book_ladder,False,False,-0.2,4.55,65,-16.25,strategy_S9-149:NIFTY:2026-04-08T12:11:34:SHORT
2026-04-08,12:12:11,2026-04-08,12:12:20,NIFTY,SELL,23961.0,23962.5,NIFTY13APR2624000PE,24000.0,PE,227.1,226.7,230.0,225.0,230.0,225.0,0.002425,0.001322,ws,ws,book_ladder,book_ladder,False,False,-2.9,1.7,65,-26.0,strategy_S9-149:NIFTY:2026-04-08T12:12:11:SHORT
2026-04-08,12:12:31,2026-04-08,12:12:39,NIFTY,SELL,23957.7,23961.35,NIFTY13APR2624000PE,24000.0,PE,227.35,225.4,230.0,225.0,230.0,225.0,0.00132,0.000887,ws,ws,book_ladder,book_ladder,False,False,-2.65,0.4,65,-126.75,strategy_S9-149:NIFTY:2026-04-08T12:12:31:SHORT
2026-04-08,12:12:50,2026-04-08,12:12:56,NIFTY,BUY,23967.1,23965.35,NIFTY13APR2623950CE,23950.0,CE,226.6,226.3,230.0,225.0,230.0,225.0,0.001104,0.001766,ws,ws,book_ladder,book_ladder,False,False,-3.4,1.3,65,-19.5,strategy_S9-149:NIFTY:2026-04-08T12:12:50:LONG
2026-04-08,12:14:20,2026-04-08,12:14:25,NIFTY,SELL,23960.55,23962.5,NIFTY13APR2624000PE,24000.0,PE,227.45,226.7,230.0,225.0,230.0,225.0,0.00198,0.000661,ws,ws,book_ladder,book_ladder,False,False,-2.55,1.7,65,-48.75,strategy_S9-149:NIFTY:2026-04-08T12:14:20:SHORT
2026-04-08,12:14:45,2026-04-08,12:14:51,NIFTY,BUY,23965.3,23963.0,NIFTY13APR2623950CE,23950.0,CE,226.0,225.65,230.0,225.0,230.0,225.0,0.001771,0.001329,ws,ws,book_ladder,book_ladder,False,False,-4.0,0.65,65,-22.75,strategy_S9-149:NIFTY:2026-04-08T12:14:45:LONG
2026-04-08,12:15:11,2026-04-08,12:15:27,NIFTY,SELL,23960.9,23963.65,NIFTY13APR2624000PE,24000.0,PE,227.3,226.2,230.0,225.0,230.0,225.0,0.001541,0.002208,ws,ws,book_ladder,book_ladder,False,False,-2.7,1.2,65,-71.5,strategy_S9-149:NIFTY:2026-04-08T12:15:11:SHORT
2026-04-08,12:16:35,2026-04-08,12:16:40,NIFTY,SELL,23959.6,23960.8,NIFTY13APR2624000PE,24000.0,PE,227.75,226.75,230.0,225.0,230.0,225.0,0.001538,0.002423,ws,ws,book_ladder,book_ladder,False,False,-2.25,1.75,65,-65.0,strategy_S9-149:NIFTY:2026-04-08T12:16:35:SHORT
2026-04-08,12:17:05,2026-04-08,12:17:10,NIFTY,BUY,23963.9,23960.95,NIFTY13APR2623950CE,23950.0,CE,226.05,224.7,230.0,220.0,230.0,220.0,0.000221,0.001779,ws,ws,book_ladder,book_ladder,False,False,-3.95,4.7,65,-87.75,strategy_S9-149:NIFTY:2026-04-08T12:17:05:LONG
2026-04-08,12:17:40,2026-04-08,12:18:05,NIFTY,BUY,23965.95,23965.95,NIFTY13APR2623950CE,23950.0,CE,226.35,225.85,230.0,225.0,230.0,225.0,0.002211,0.00199,ws,ws,book_ladder,book_ladder,False,False,-3.65,0.85,65,-32.5,strategy_S9-149:NIFTY:2026-04-08T12:17:40:LONG
2026-04-08,12:18:27,2026-04-08,12:18:40,NIFTY,SELL,23963.65,23965.25,NIFTY13APR2624000PE,24000.0,PE,224.4,224.95,225.0,225.0,225.0,220.0,0.001561,0.001777,ws,ws,book_ladder,book_ladder,False,True,-0.6,-0.05,65,35.75,strategy_S9-149:NIFTY:2026-04-08T12:18:27:SHORT
2026-04-08,12:19:41,2026-04-08,12:20:03,NIFTY,SELL,23963.05,23965.95,NIFTY13APR2624000PE,24000.0,PE,225.85,224.25,230.0,220.0,230.0,220.0,0.002216,0.000669,ws,ws,book_ladder,book_ladder,False,False,-4.15,4.25,65,-104.0,strategy_S9-149:NIFTY:2026-04-08T12:19:41:SHORT
2026-04-08,12:21:10,2026-04-08,12:21:21,NIFTY,BUY,23967.1,23964.2,NIFTY13APR2623950CE,23950.0,CE,225.75,224.35,230.0,220.0,230.0,220.0,0.002439,0.002449,ws,ws,book_ladder,book_ladder,False,False,-4.25,4.35,65,-91.0,strategy_S9-149:NIFTY:2026-04-08T12:21:10:LONG
2026-04-08,12:21:35,2026-04-08,12:21:59,NIFTY,BUY,23967.0,23964.4,NIFTY13APR2623950CE,23950.0,CE,225.65,224.25,230.0,220.0,230.0,220.0,0.002218,0.000446,ws,ws,book_ladder,book_ladder,False,False,-4.35,4.25,65,-91.0,strategy_S9-149:NIFTY:2026-04-08T12:21:35:LONG
2026-04-08,12:22:07,2026-04-08,12:22:16,NIFTY,SELL,23963.15,23966.0,NIFTY13APR2624000PE,24000.0,PE,225.4,223.85,230.0,220.0,230.0,220.0,0.001554,0.001562,ws,ws,book_ladder,book_ladder,False,False,-4.6,3.85,65,-100.75,strategy_S9-149:NIFTY:2026-04-08T12:22:07:SHORT
2026-04-08,12:22:55,2026-04-08,12:23:26,NIFTY,BUY,23967.15,23967.5,NIFTY13APR2623950CE,23950.0,CE,224.55,224.95,225.0,225.0,225.0,220.0,0.000891,0.001777,ws,ws,book_ladder,book_ladder,False,True,-0.45,-0.05,65,26.0,strategy_S9-149:NIFTY:2026-04-08T12:22:55:LONG
2026-04-08,12:23:54,2026-04-08,12:24:22,NIFTY,BUY,23970.45,23970.5,NIFTY13APR2623950CE,23950.0,CE,225.85,225.9,230.0,225.0,230.0,225.0,0.001551,0.002211,ws,ws,book_ladder,book_ladder,False,False,-4.15,0.9,65,3.25,strategy_S9-149:NIFTY:2026-04-08T12:23:54:LONG
2026-04-08,12:25:20,2026-04-08,12:25:28,NIFTY,BUY,23973.4,23970.5,NIFTY13APR2623950CE,23950.0,CE,226.35,225.35,230.0,225.0,230.0,225.0,0.002433,0.001773,ws,ws,book_ladder,book_ladder,False,False,-3.65,0.35,65,-65.0,strategy_S9-149:NIFTY:2026-04-08T12:25:20:LONG
2026-04-08,12:26:07,2026-04-08,12:26:32,NIFTY,SELL,23968.25,23965.95,NIFTY13APR2624000PE,24000.0,PE,224.0,226.6,225.0,225.0,225.0,225.0,0.00134,0.001103,ws,ws,book_ladder,book_ladder,False,False,-1.0,1.6,65,169.0,strategy_S9-149:NIFTY:2026-04-08T12:26:07:SHORT
2026-04-08,12:26:50,2026-04-08,12:27:15,NIFTY,BUY,23967.3,23964.95,NIFTY13APR2623950CE,23950.0,CE,225.0,224.3,225.0,220.0,225.0,220.0,0.002002,0.002004,ws,ws,book_ladder,book_ladder,False,False,0.0,4.3,65,-45.5,strategy_S9-149:NIFTY:2026-04-08T12:26:50:LONG
2026-04-08,12:27:22,2026-04-08,12:27:35,NIFTY,SELL,23963.15,23961.95,NIFTY13APR2624000PE,24000.0,PE,227.85,228.9,230.0,225.0,230.0,225.0,0.002197,0.001746,ws,ws,book_ladder,book_ladder,False,False,-2.15,3.9,65,68.25,strategy_S9-149:NIFTY:2026-04-08T12:27:22:SHORT
2026-04-08,12:28:46,2026-04-08,12:29:00,NIFTY,SELL,23959.85,23961.4,NIFTY13APR2624000PE,24000.0,PE,227.5,226.5,230.0,225.0,230.0,225.0,0.0022,0.001985,ws,ws,book_ladder,book_ladder,False,False,-2.5,1.5,65,-65.0,strategy_S9-149:NIFTY:2026-04-08T12:28:46:SHORT
2026-04-08,12:29:26,2026-04-08,12:30:25,NIFTY,SELL,23959.5,23946.8,NIFTY13APR2624000PE,24000.0,PE,228.6,236.8,230.0,235.0,230.0,235.0,0.00219,0.002531,ws,ws,book_ladder,book_ladder,False,False,-1.4,1.8,65,533.0,strategy_S9-149:NIFTY:2026-04-08T12:29:26:SHORT
2026-04-08,12:30:42,2026-04-08,12:31:55,NIFTY,SELL,23941.2,23915.35,NIFTY13APR2623950PE,23950.0,PE,214.5,228.35,215.0,225.0,215.0,225.0,0.002334,0.001969,ws,ws,book_ladder,book_ladder,False,False,-0.5,3.35,65,900.25,strategy_S9-149:NIFTY:2026-04-08T12:30:42:SHORT
2026-04-08,12:32:19,2026-04-08,12:32:25,NIFTY,SELL,23911.35,23913.6,NIFTY13APR2623950PE,23950.0,PE,236.0,232.0,240.0,230.0,240.0,230.0,0.001909,0.001938,ws,ws,book_ladder,book_ladder,False,False,-4.0,2.0,65,-260.0,strategy_S9-149:NIFTY:2026-04-08T12:32:19:SHORT
2026-04-08,12:32:41,2026-04-08,12:32:45,NIFTY,SELL,23909.55,23910.55,NIFTY13APR2623950PE,23950.0,PE,236.3,235.1,240.0,235.0,240.0,235.0,0.001694,0.002337,ws,ws,book_ladder,book_ladder,False,False,-3.7,0.1,65,-78.0,strategy_S9-149:NIFTY:2026-04-08T12:32:41:SHORT
2026-04-08,12:33:04,2026-04-08,12:33:28,NIFTY,SELL,23905.15,23904.6,NIFTY13APR2623950PE,23950.0,PE,237.9,234.0,240.0,230.0,240.0,230.0,0.002104,0.001921,ws,ws,book_ladder,book_ladder,False,False,-2.1,4.0,65,-253.5,strategy_S9-149:NIFTY:2026-04-08T12:33:04:SHORT
2026-04-08,12:33:40,2026-04-08,12:33:52,NIFTY,BUY,23906.3,23906.45,NIFTY13APR2623900CE,23900.0,CE,224.6,224.5,225.0,220.0,225.0,220.0,0.002006,0.002225,ws,ws,book_ladder,book_ladder,False,False,-0.4,4.5,65,-6.5,strategy_S9-149:NIFTY:2026-04-08T12:33:40:LONG
2026-04-08,12:34:40,2026-04-08,12:35:22,NIFTY,BUY,23909.6,23920.2,NIFTY13APR2623900CE,23900.0,CE,225.5,229.85,230.0,230.0,230.0,225.0,0.000665,0.002173,ws,ws,book_ladder,book_ladder,False,True,-4.5,-0.15,65,282.75,strategy_S9-149:NIFTY:2026-04-08T12:34:40:LONG
2026-04-08,12:37:05,2026-04-08,12:37:34,NIFTY,BUY,23926.5,23929.95,NIFTY13APR2623900CE,23900.0,CE,233.0,234.6,235.0,230.0,235.0,230.0,0.000429,0.002129,ws,ws,book_ladder,book_ladder,False,False,-2.0,4.6,65,104.0,strategy_S9-149:NIFTY:2026-04-08T12:37:05:LONG
2026-04-08,12:37:42,2026-04-08,12:37:52,NIFTY,SELL,23926.95,23923.35,NIFTY13APR2623950PE,23950.0,PE,226.0,226.9,230.0,225.0,230.0,225.0,0.000885,0.002421,ws,ws,book_ladder,book_ladder,False,False,-4.0,1.9,65,58.5,strategy_S9-149:NIFTY:2026-04-08T12:37:42:SHORT
2026-04-08,12:38:09,2026-04-08,12:38:34,NIFTY,SELL,23920.15,23920.5,NIFTY13APR2623950PE,23950.0,PE,229.65,230.45,230.0,230.0,230.0,230.0,0.001743,0.001951,ws,ws,book_ladder,book_ladder,False,False,-0.35,0.45,65,52.0,strategy_S9-149:NIFTY:2026-04-08T12:38:09:SHORT
2026-04-08,12:38:46,2026-04-08,12:38:55,NIFTY,SELL,23911.4,23913.4,NIFTY13APR2623950PE,23950.0,PE,232.55,232.2,235.0,230.0,235.0,230.0,0.002368,0.002366,ws,ws,book_ladder,book_ladder,False,False,-2.45,2.2,65,-22.75,strategy_S9-149:NIFTY:2026-04-08T12:38:46:SHORT
2026-04-08,12:39:35,2026-04-08,12:40:00,NIFTY,BUY,23917.0,23922.0,NIFTY13APR2623900CE,23900.0,CE,228.75,230.2,230.0,230.0,230.0,230.0,0.001969,0.001085,ws,ws,book_ladder,book_ladder,False,False,-1.25,0.2,65,94.25,strategy_S9-149:NIFTY:2026-04-08T12:39:35:LONG
2026-04-08,12:40:42,2026-04-08,12:40:55,NIFTY,SELL,23917.75,23919.4,NIFTY13APR2623950PE,23950.0,PE,229.35,228.55,230.0,225.0,230.0,225.0,0.00262,0.002404,ws,ws,book_ladder,book_ladder,False,False,-0.65,3.55,65,-52.0,strategy_S9-149:NIFTY:2026-04-08T12:40:42:SHORT
2026-04-08,12:41:10,2026-04-08,12:41:18,NIFTY,BUY,23921.55,23916.8,NIFTY13APR2623900CE,23900.0,CE,230.7,228.7,235.0,225.0,235.0,225.0,0.001518,0.002402,ws,ws,book_ladder,book_ladder,False,False,-4.3,3.7,65,-130.0,strategy_S9-149:NIFTY:2026-04-08T12:41:10:LONG
2026-04-08,12:41:30,2026-04-08,12:41:52,NIFTY,BUY,23921.1,23918.1,NIFTY13APR2623900CE,23900.0,CE,230.95,230.45,235.0,230.0,235.0,230.0,0.002384,0.002384,ws,ws,book_ladder,book_ladder,False,False,-4.05,0.45,65,-32.5,strategy_S9-149:NIFTY:2026-04-08T12:41:30:LONG
2026-04-08,12:42:00,2026-04-08,12:42:12,NIFTY,BUY,23926.65,23923.35,NIFTY13APR2623900CE,23900.0,CE,233.7,231.2,235.0,230.0,235.0,230.0,0.002142,0.002376,ws,ws,book_ladder,book_ladder,False,False,-1.3,1.2,65,-162.5,strategy_S9-149:NIFTY:2026-04-08T12:42:00:LONG
2026-04-08,12:42:53,2026-04-08,12:43:16,NIFTY,BUY,23927.0,23932.95,NIFTY13APR2623900CE,23900.0,CE,234.85,236.7,235.0,235.0,235.0,235.0,0.002345,0.002321,ws,ws,book_ladder,book_ladder,False,False,-0.15,1.7,65,120.25,strategy_S9-149:NIFTY:2026-04-08T12:42:53:LONG
2026-04-08,12:43:45,2026-04-08,12:44:30,NIFTY,BUY,23941.15,23947.0,NIFTY13APR2623900CE,23900.0,CE,239.8,240.5,240.0,240.0,240.0,240.0,0.002296,0.002284,ws,ws,book_ladder,book_ladder,False,False,-0.2,0.5,65,45.5,strategy_S9-149:NIFTY:2026-04-08T12:43:45:LONG
2026-04-08,12:44:57,2026-04-08,12:45:00,NIFTY,BUY,23949.4,23945.1,NIFTY13APR2623900CE,23900.0,CE,242.15,241.2,245.0,240.0,245.0,240.0,0.002067,0.002484,ws,ws,book_ladder,book_ladder,False,False,-2.85,1.2,65,-61.75,strategy_S9-149:NIFTY:2026-04-08T12:44:57:LONG
2026-04-08,12:45:11,2026-04-08,12:45:30,NIFTY,SELL,23942.7,23938.25,NIFTY13APR2623950PE,23950.0,PE,213.95,215.5,215.0,215.0,215.0,215.0,0.00234,0.002086,ws,ws,book_ladder,book_ladder,False,False,-1.05,0.5,65,100.75,strategy_S9-149:NIFTY:2026-04-08T12:45:11:SHORT
2026-04-08,12:46:50,2026-04-08,12:47:07,NIFTY,BUY,23939.45,23938.05,NIFTY13APR2623900CE,23900.0,CE,242.45,241.6,245.0,240.0,245.0,240.0,0.001858,0.001861,ws,ws,book_ladder,book_ladder,False,False,-2.55,1.6,65,-55.25,strategy_S9-149:NIFTY:2026-04-08T12:46:50:LONG
2026-04-08,12:47:22,2026-04-08,12:47:35,NIFTY,BUY,23940.05,23939.4,NIFTY13APR2623900CE,23900.0,CE,242.6,242.15,245.0,240.0,245.0,240.0,0.00227,0.002063,ws,ws,book_ladder,book_ladder,False,False,-2.4,2.15,65,-29.25,strategy_S9-149:NIFTY:2026-04-08T12:47:22:LONG
2026-04-08,12:47:50,2026-04-08,12:47:55,NIFTY,BUY,23942.3,23939.45,NIFTY13APR2623900CE,23900.0,CE,243.7,242.9,245.0,240.0,245.0,240.0,0.001848,0.002262,ws,ws,book_ladder,book_ladder,False,False,-1.3,2.9,65,-52.0,strategy_S9-149:NIFTY:2026-04-08T12:47:50:LONG
2026-04-08,12:49:18,2026-04-08,12:49:32,NIFTY,BUY,23945.1,23944.65,NIFTY13APR2623900CE,23900.0,CE,245.0,244.25,245.0,240.0,245.0,240.0,0.001634,0.001636,ws,ws,book_ladder,book_ladder,False,False,0.0,4.25,65,-48.75,strategy_S9-149:NIFTY:2026-04-08T12:49:18:LONG
2026-04-08,12:49:42,2026-04-08,12:50:24,NIFTY,BUY,23947.1,23956.65,NIFTY13APR2623900CE,23900.0,CE,245.5,250.2,250.0,250.0,250.0,250.0,0.002243,0.002395,ws,ws,book_ladder,book_ladder,False,False,-4.5,0.2,65,305.5,strategy_S9-149:NIFTY:2026-04-08T12:49:42:LONG
2026-04-08,12:51:14,2026-04-08,12:51:21,NIFTY,SELL,23953.0,23953.7,NIFTY13APR2624000PE,24000.0,PE,230.0,229.0,230.0,225.0,230.0,225.0,0.001523,0.002181,ws,ws,book_ladder,book_ladder,False,False,0.0,4.0,65,-65.0,strategy_S9-149:NIFTY:2026-04-08T12:51:14:SHORT
2026-04-08,12:51:56,2026-04-08,12:52:08,NIFTY,SELL,23948.85,23948.45,NIFTY13APR2623950PE,23950.0,PE,205.0,206.65,205.0,205.0,205.0,205.0,0.002198,0.001692,ws,ws,book_ladder,book_ladder,False,False,0.0,1.65,65,107.25,strategy_S9-149:NIFTY:2026-04-08T12:51:56:SHORT
2026-04-08,12:53:00,2026-04-08,12:53:10,NIFTY,SELL,23948.1,23947.15,NIFTY13APR2623950PE,23950.0,PE,208.0,206.4,210.0,205.0,210.0,205.0,0.001684,0.002178,ws,ws,book_ladder,book_ladder,False,False,-2.0,1.4,65,-104.0,strategy_S9-149:NIFTY:2026-04-08T12:53:00:SHORT
2026-04-08,12:57:23,2026-04-08,12:57:46,NIFTY,BUY,23975.4,23974.35,NIFTY13APR2623950CE,23950.0,CE,218.45,230.4,220.0,230.0,220.0,230.0,0.002062,0.002168,ws,ws,book_ladder,book_ladder,False,False,-1.55,0.4,65,776.75,strategy_S9-149:NIFTY:2026-04-08T12:57:23:LONG
2026-04-08,12:58:11,2026-04-08,12:58:41,NIFTY,BUY,23977.0,23977.7,NIFTY13APR2623950CE,23950.0,CE,232.1,232.85,235.0,230.0,235.0,230.0,0.001078,0.001502,ws,ws,book_ladder,book_ladder,False,False,-2.9,2.85,65,48.75,strategy_S9-149:NIFTY:2026-04-08T12:58:11:LONG
2026-04-08,12:59:00,2026-04-08,12:59:10,NIFTY,SELL,23976.25,23977.65,NIFTY13APR2624000PE,24000.0,PE,217.0,217.0,220.0,215.0,220.0,215.0,0.002076,0.002301,ws,ws,book_ladder,book_ladder,False,False,-3.0,2.0,65,0.0,strategy_S9-149:NIFTY:2026-04-08T12:59:00:SHORT
2026-04-08,13:00:32,2026-04-08,13:00:50,NIFTY,SELL,23973.3,23969.95,NIFTY13APR2624000PE,24000.0,PE,219.35,221.0,220.0,220.0,220.0,220.0,0.000912,0.001808,ws,ws,book_ladder,book_ladder,False,False,-0.65,1.0,65,107.25,strategy_S9-149:NIFTY:2026-04-08T13:00:32:SHORT
2026-04-08,13:01:11,2026-04-08,13:01:18,NIFTY,SELL,23966.1,23968.7,NIFTY13APR2624000PE,24000.0,PE,222.25,221.7,225.0,220.0,225.0,220.0,0.002478,0.002703,ws,ws,book_ladder,book_ladder,False,False,-2.75,1.7,65,-35.75,strategy_S9-149:NIFTY:2026-04-08T13:01:11:SHORT
2026-04-08,13:01:25,2026-04-08,13:01:47,NIFTY,SELL,23964.25,23960.75,NIFTY13APR2624000PE,24000.0,PE,223.45,223.8,225.0,220.0,225.0,220.0,0.002016,0.000893,ws,ws,book_ladder,book_ladder,False,False,-1.55,3.8,65,22.75,strategy_S9-149:NIFTY:2026-04-08T13:01:25:SHORT
2026-04-08,13:02:10,2026-04-08,13:02:31,NIFTY,BUY,23966.5,23965.9,NIFTY13APR2623950CE,23950.0,CE,226.7,226.35,230.0,225.0,230.0,225.0,0.001766,0.001986,ws,ws,book_ladder,book_ladder,False,False,-3.3,1.35,65,-22.75,strategy_S9-149:NIFTY:2026-04-08T13:02:10:LONG
2026-04-08,13:02:40,2026-04-08,13:02:54,NIFTY,BUY,23969.2,23967.55,NIFTY13APR2623950CE,23950.0,CE,228.5,227.55,230.0,225.0,230.0,225.0,0.001752,0.001976,ws,ws,book_ladder,book_ladder,False,False,-1.5,2.55,65,-61.75,strategy_S9-149:NIFTY:2026-04-08T13:02:40:LONG
2026-04-08,13:03:10,2026-04-08,13:03:21,NIFTY,BUY,23971.25,23968.35,NIFTY13APR2623950CE,23950.0,CE,228.75,228.2,230.0,225.0,230.0,225.0,0.002188,0.001314,ws,ws,book_ladder,book_ladder,False,False,-1.25,3.2,65,-35.75,strategy_S9-149:NIFTY:2026-04-08T13:03:10:LONG
2026-04-08,13:03:51,2026-04-08,13:04:19,NIFTY,SELL,23965.75,23963.95,NIFTY13APR2624000PE,24000.0,PE,223.05,223.8,225.0,220.0,225.0,220.0,0.001795,0.002009,ws,ws,book_ladder,book_ladder,False,False,-1.95,3.8,65,48.75,strategy_S9-149:NIFTY:2026-04-08T13:03:51:SHORT
2026-04-08,13:04:35,2026-04-08,13:04:45,NIFTY,SELL,23960.4,23963.95,NIFTY13APR2624000PE,24000.0,PE,223.95,223.15,225.0,220.0,225.0,220.0,0.00134,0.002462,ws,ws,book_ladder,book_ladder,False,False,-1.05,3.15,65,-52.0,strategy_S9-149:NIFTY:2026-04-08T13:04:35:SHORT
2026-04-08,13:05:55,2026-04-08,13:06:02,NIFTY,BUY,23967.8,23966.0,NIFTY13APR2623950CE,23950.0,CE,226.35,225.25,230.0,225.0,230.0,225.0,0.002654,0.00266,ws,ws,book_ladder,book_ladder,False,False,-3.65,0.25,65,-71.5,strategy_S9-149:NIFTY:2026-04-08T13:05:55:LONG
2026-04-08,13:06:13,2026-04-08,13:06:28,NIFTY,SELL,23960.0,23959.5,NIFTY13APR2624000PE,24000.0,PE,225.6,223.4,230.0,220.0,230.0,220.0,0.002219,0.002012,ws,ws,book_ladder,book_ladder,False,False,-4.4,3.4,65,-143.0,strategy_S9-149:NIFTY:2026-04-08T13:06:13:SHORT
2026-04-08,13:08:01,2026-04-08,13:08:13,NIFTY,SELL,23951.4,23952.35,NIFTY13APR2624000PE,24000.0,PE,228.6,230.85,230.0,230.0,230.0,230.0,0.00197,0.001299,ws,ws,book_ladder,book_ladder,False,False,-1.4,0.85,65,146.25,strategy_S9-149:NIFTY:2026-04-08T13:08:01:SHORT
2026-04-08,13:08:30,2026-04-08,13:08:52,NIFTY,BUY,23956.7,23964.55,NIFTY13APR2623950CE,23950.0,CE,221.9,223.85,225.0,220.0,225.0,220.0,0.000451,0.001785,ws,ws,book_ladder,book_ladder,False,False,-3.1,3.85,65,126.75,strategy_S9-149:NIFTY:2026-04-08T13:08:30:LONG
2026-04-08,13:09:52,2026-04-08,13:10:05,NIFTY,SELL,23963.5,23965.05,NIFTY13APR2624000PE,24000.0,PE,226.3,225.55,230.0,225.0,230.0,225.0,0.001548,0.002436,ws,ws,book_ladder,book_ladder,False,False,-3.7,0.55,65,-48.75,strategy_S9-149:NIFTY:2026-04-08T13:09:52:SHORT
2026-04-08,13:10:10,2026-04-08,13:10:56,NIFTY,BUY,23969.05,23974.25,NIFTY13APR2623950CE,23950.0,CE,224.8,225.7,225.0,225.0,225.0,225.0,0.001781,0.001992,ws,ws,book_ladder,book_ladder,False,False,-0.2,0.7,65,58.5,strategy_S9-149:NIFTY:2026-04-08T13:10:10:LONG
2026-04-08,13:11:10,2026-04-08,13:11:21,NIFTY,BUY,23978.7,23977.85,NIFTY13APR2623950CE,23950.0,CE,228.8,228.9,230.0,225.0,230.0,225.0,0.002188,0.001528,ws,ws,book_ladder,book_ladder,False,False,-1.2,3.9,65,6.5,strategy_S9-149:NIFTY:2026-04-08T13:11:10:LONG
2026-04-08,13:11:43,2026-04-08,13:12:46,NIFTY,BUY,23979.3,23983.75,NIFTY13APR2623950CE,23950.0,CE,229.2,230.2,230.0,230.0,230.0,230.0,0.002403,0.00217,ws,ws,book_ladder,book_ladder,False,False,-0.8,0.2,65,65.0,strategy_S9-149:NIFTY:2026-04-08T13:11:43:LONG
2026-04-08,13:12:51,2026-04-08,13:13:05,NIFTY,SELL,23974.3,23976.55,NIFTY13APR2624000PE,24000.0,PE,222.6,221.35,225.0,220.0,225.0,220.0,0.002699,0.002482,ws,ws,book_ladder,book_ladder,False,False,-2.4,1.35,65,-81.25,strategy_S9-149:NIFTY:2026-04-08T13:12:51:SHORT
2026-04-08,13:13:21,2026-04-08,13:13:30,NIFTY,SELL,23972.55,23974.6,NIFTY13APR2624000PE,24000.0,PE,222.3,222.35,225.0,220.0,225.0,220.0,0.002477,0.002022,ws,ws,book_ladder,book_ladder,False,False,-2.7,2.35,65,3.25,strategy_S9-149:NIFTY:2026-04-08T13:13:21:SHORT
2026-04-08,13:13:51,2026-04-08,13:13:57,NIFTY,SELL,23966.4,23968.95,NIFTY13APR2624000PE,24000.0,PE,225.85,222.9,230.0,220.0,230.0,220.0,0.001994,0.002464,ws,ws,book_ladder,book_ladder,False,False,-4.15,2.9,65,-191.75,strategy_S9-149:NIFTY:2026-04-08T13:13:51:SHORT
2026-04-08,13:14:21,2026-04-08,13:14:45,NIFTY,BUY,23971.9,23972.5,NIFTY13APR2623950CE,23950.0,CE,227.55,226.05,230.0,225.0,230.0,225.0,0.00242,0.001989,ws,ws,book_ladder,book_ladder,False,False,-2.45,1.05,65,-97.5,strategy_S9-149:NIFTY:2026-04-08T13:14:21:LONG
2026-04-08,13:15:21,2026-04-08,13:15:40,NIFTY,SELL,23970.75,23967.65,NIFTY13APR2624000PE,24000.0,PE,224.4,223.45,225.0,220.0,225.0,220.0,0.001784,0.001789,ws,ws,book_ladder,book_ladder,False,False,-0.6,3.45,65,-61.75,strategy_S9-149:NIFTY:2026-04-08T13:15:21:SHORT
2026-04-08,13:15:57,2026-04-08,13:17:01,NIFTY,BUY,23973.45,23980.25,NIFTY13APR2623950CE,23950.0,CE,228.0,229.65,230.0,225.0,230.0,225.0,0.001756,0.001088,ws,ws,book_ladder,book_ladder,False,False,-2.0,4.65,65,107.25,strategy_S9-149:NIFTY:2026-04-08T13:15:57:LONG
2026-04-08,13:17:50,2026-04-08,13:18:45,NIFTY,BUY,23984.3,23987.65,NIFTY13APR2623950CE,23950.0,CE,230.75,232.1,235.0,230.0,235.0,230.0,0.001084,0.002367,ws,ws,book_ladder,book_ladder,False,False,-4.25,2.1,65,87.75,strategy_S9-149:NIFTY:2026-04-08T13:17:50:LONG
2026-04-08,13:18:51,2026-04-08,13:19:20,NIFTY,SELL,23979.2,23976.25,NIFTY13APR2624000PE,24000.0,PE,220.75,220.8,225.0,220.0,225.0,220.0,0.001587,0.000905,ws,ws,book_ladder,book_ladder,False,False,-4.25,0.8,65,3.25,strategy_S9-149:NIFTY:2026-04-08T13:18:51:SHORT
2026-04-08,13:19:55,2026-04-08,13:20:00,NIFTY,SELL,23974.05,23976.45,NIFTY13APR2624000PE,24000.0,PE,222.65,221.8,225.0,220.0,225.0,220.0,0.002023,0.001802,ws,ws,book_ladder,book_ladder,False,False,-2.35,1.8,65,-55.25,strategy_S9-149:NIFTY:2026-04-08T13:19:55:SHORT
2026-04-08,13:20:31,2026-04-08,13:20:55,NIFTY,SELL,23971.55,23972.15,NIFTY13APR2624000PE,24000.0,PE,223.55,223.2,225.0,220.0,225.0,220.0,0.002463,0.002685,ws,ws,book_ladder,book_ladder,False,False,-1.45,3.2,65,-22.75,strategy_S9-149:NIFTY:2026-04-08T13:20:31:SHORT
2026-04-08,13:21:25,2026-04-08,13:21:40,NIFTY,BUY,23975.75,23975.25,NIFTY13APR2623950CE,23950.0,CE,227.6,226.2,230.0,225.0,230.0,225.0,0.002199,0.002208,ws,ws,book_ladder,book_ladder,False,False,-2.4,1.2,65,-91.0,strategy_S9-149:NIFTY:2026-04-08T13:21:25:LONG
2026-04-08,13:21:56,2026-04-08,13:22:05,NIFTY,SELL,23971.6,23973.1,NIFTY13APR2624000PE,24000.0,PE,221.95,221.3,225.0,220.0,225.0,220.0,0.00203,0.002708,ws,ws,book_ladder,book_ladder,False,False,-3.05,1.3,65,-42.25,strategy_S9-149:NIFTY:2026-04-08T13:21:56:SHORT
2026-04-08,13:22:30,2026-04-08,13:22:49,NIFTY,BUY,23979.15,23979.05,NIFTY13APR2623950CE,23950.0,CE,227.0,228.9,230.0,225.0,230.0,225.0,0.002205,0.0024,ws,ws,book_ladder,book_ladder,False,False,-3.0,3.9,65,123.5,strategy_S9-149:NIFTY:2026-04-08T13:22:30:LONG
2026-04-08,13:23:10,2026-04-08,13:23:15,NIFTY,BUY,23983.2,23981.2,NIFTY13APR2623950CE,23950.0,CE,230.7,230.0,235.0,230.0,235.0,230.0,0.00217,0.002172,ws,ws,book_ladder,book_ladder,False,False,-4.3,0.0,65,-45.5,strategy_S9-149:NIFTY:2026-04-08T13:23:10:LONG
2026-04-08,13:23:43,2026-04-08,13:24:04,NIFTY,BUY,23984.45,23982.1,NIFTY13APR2623950CE,23950.0,CE,231.0,229.3,235.0,225.0,235.0,225.0,0.000866,0.000654,ws,ws,book_ladder,book_ladder,False,False,-4.0,4.3,65,-110.5,strategy_S9-149:NIFTY:2026-04-08T13:23:43:LONG
2026-04-08,13:24:10,2026-04-08,13:24:33,NIFTY,SELL,23980.55,23980.95,NIFTY13APR2624000PE,24000.0,PE,220.5,219.0,225.0,215.0,225.0,215.0,0.00227,0.002053,ws,ws,book_ladder,book_ladder,False,False,-4.5,4.0,65,-97.5,strategy_S9-149:NIFTY:2026-04-08T13:24:10:SHORT
2026-04-08,13:24:40,2026-04-08,13:24:56,NIFTY,BUY,23983.1,23981.4,NIFTY13APR2623950CE,23950.0,CE,229.85,229.9,230.0,230.0,230.0,225.0,0.00196,0.001738,ws,ws,book_ladder,book_ladder,False,True,-0.15,-0.1,65,3.25,strategy_S9-149:NIFTY:2026-04-08T13:24:40:LONG
2026-04-08,13:25:50,2026-04-08,13:26:08,NIFTY,BUY,23988.05,23989.3,NIFTY13APR2623950CE,23950.0,CE,231.35,235.9,235.0,235.0,235.0,235.0,0.002164,0.002117,ws,ws,book_ladder,book_ladder,False,False,-3.65,0.9,65,295.75,strategy_S9-149:NIFTY:2026-04-08T13:25:50:LONG
2026-04-08,13:26:50,2026-04-08,13:27:31,NIFTY,BUY,23994.15,23996.35,NIFTY13APR2623950CE,23950.0,CE,235.5,238.6,240.0,235.0,240.0,235.0,0.002125,0.002302,ws,ws,book_ladder,book_ladder,False,False,-4.5,3.6,65,201.5,strategy_S9-149:NIFTY:2026-04-08T13:26:50:LONG
2026-04-08,13:27:56,2026-04-08,13:28:15,NIFTY,SELL,23992.2,23994.65,NIFTY13APR2624000PE,24000.0,PE,213.35,213.9,215.0,210.0,215.0,210.0,0.001642,0.001168,ws,ws,book_ladder,book_ladder,False,False,-1.65,3.9,65,35.75,strategy_S9-149:NIFTY:2026-04-08T13:27:56:SHORT
2026-04-08,13:28:24,2026-04-08,13:28:35,NIFTY,SELL,23991.05,23992.65,NIFTY13APR2624000PE,24000.0,PE,214.95,215.0,215.0,215.0,215.0,215.0,0.002096,0.00093,ws,ws,book_ladder,book_ladder,False,False,-0.05,0.0,65,3.25,strategy_S9-149:NIFTY:2026-04-08T13:28:24:SHORT
2026-04-08,13:29:01,2026-04-08,13:29:13,NIFTY,SELL,23992.2,23995.1,NIFTY13APR2624000PE,24000.0,PE,214.95,213.65,215.0,210.0,215.0,210.0,0.00163,0.002338,ws,ws,book_ladder,book_ladder,False,False,-0.05,3.65,65,-84.5,strategy_S9-149:NIFTY:2026-04-08T13:29:01:SHORT
2026-04-08,13:29:30,2026-04-08,13:29:45,NIFTY,BUY,24000.05,23995.95,NIFTY13APR2624000CE,24000.0,CE,211.35,209.3,215.0,205.0,215.0,205.0,0.000947,0.001194,ws,ws,book_ladder,book_ladder,False,False,-3.65,4.3,65,-133.25,strategy_S9-149:NIFTY:2026-04-08T13:29:30:LONG
2026-04-08,13:31:22,2026-04-08,13:31:47,NIFTY,SELL,23986.1,23987.0,NIFTY13APR2624000PE,24000.0,PE,217.35,217.25,220.0,215.0,220.0,215.0,0.002303,0.002528,ws,ws,book_ladder,book_ladder,False,False,-2.65,2.25,65,-6.5,strategy_S9-149:NIFTY:2026-04-08T13:31:22:SHORT
2026-04-08,13:32:08,2026-04-08,13:32:53,NIFTY,BUY,23992.55,23994.7,NIFTY13APR2623950CE,23950.0,CE,237.4,237.05,240.0,235.0,240.0,235.0,0.002319,0.002107,ws,ws,book_ladder,book_ladder,False,False,-2.6,2.05,65,-22.75,strategy_S9-149:NIFTY:2026-04-08T13:32:08:LONG
2026-04-08,13:33:01,2026-04-08,13:33:10,NIFTY,SELL,23989.0,23992.55,NIFTY13APR2624000PE,24000.0,PE,214.65,213.35,215.0,210.0,215.0,210.0,0.002099,0.002107,ws,ws,book_ladder,book_ladder,False,False,-0.35,3.35,65,-84.5,strategy_S9-149:NIFTY:2026-04-08T13:33:01:SHORT
2026-04-08,13:33:54,2026-04-08,13:34:05,NIFTY,SELL,23984.65,23987.45,NIFTY13APR2624000PE,24000.0,PE,216.65,215.75,220.0,215.0,220.0,215.0,0.001848,0.002315,ws,ws,book_ladder,book_ladder,False,False,-3.35,0.75,65,-58.5,strategy_S9-149:NIFTY:2026-04-08T13:33:54:SHORT
2026-04-08,13:34:30,2026-04-08,13:34:56,NIFTY,BUY,23992.25,23992.6,NIFTY13APR2623950CE,23950.0,CE,235.7,235.8,240.0,235.0,240.0,235.0,0.001486,0.002541,ws,ws,book_ladder,book_ladder,False,False,-4.3,0.8,65,6.5,strategy_S9-149:NIFTY:2026-04-08T13:34:30:LONG
2026-04-08,13:36:10,2026-04-08,13:36:41,NIFTY,BUY,23997.6,24008.9,NIFTY13APR2623950CE,23950.0,CE,237.2,244.35,240.0,240.0,240.0,240.0,0.001899,0.002248,ws,ws,book_ladder,book_ladder,False,False,-2.8,4.35,65,464.75,strategy_S9-149:NIFTY:2026-04-08T13:36:10:LONG
2026-04-08,13:37:12,2026-04-08,13:37:20,NIFTY,SELL,24005.6,24012.65,NIFTY13APR2624050PE,24050.0,PE,232.75,231.45,235.0,230.0,235.0,230.0,0.001935,0.001727,ws,ws,book_ladder,book_ladder,False,False,-2.25,1.45,65,-84.5,strategy_S9-149:NIFTY:2026-04-08T13:37:12:SHORT
2026-04-08,13:37:30,2026-04-08,13:37:36,NIFTY,BUY,24013.5,24010.3,NIFTY13APR2624000CE,24000.0,CE,217.7,218.0,220.0,215.0,220.0,215.0,0.002069,0.002062,ws,ws,book_ladder,book_ladder,False,False,-2.3,3.0,65,19.5,strategy_S9-149:NIFTY:2026-04-08T13:37:30:LONG
2026-04-08,13:38:06,2026-04-08,13:38:15,NIFTY,SELL,24003.9,24008.2,NIFTY13APR2624050PE,24050.0,PE,232.05,231.15,235.0,230.0,235.0,230.0,0.000647,0.001729,ws,ws,book_ladder,book_ladder,False,False,-2.95,1.15,65,-58.5,strategy_S9-149:NIFTY:2026-04-08T13:38:06:SHORT
2026-04-08,13:38:55,2026-04-08,13:39:30,NIFTY,BUY,24012.75,24022.75,NIFTY13APR2624000CE,24000.0,CE,217.0,226.25,220.0,225.0,220.0,225.0,0.002076,0.002428,ws,ws,book_ladder,book_ladder,False,False,-3.0,1.25,65,601.25,strategy_S9-149:NIFTY:2026-04-08T13:38:55:LONG
2026-04-08,13:40:06,2026-04-08,13:41:27,NIFTY,SELL,24013.9,23983.05,NIFTY13APR2624050PE,24050.0,PE,227.0,241.85,230.0,240.0,230.0,240.0,0.001764,0.002272,ws,ws,book_ladder,book_ladder,False,False,-3.0,1.85,65,965.25,strategy_S9-149:NIFTY:2026-04-08T13:40:06:SHORT
2026-04-08,13:42:06,2026-04-08,13:42:33,NIFTY,SELL,23982.05,23981.65,NIFTY13APR2624000PE,24000.0,PE,216.8,216.95,220.0,215.0,220.0,215.0,0.001154,0.001842,ws,ws,book_ladder,book_ladder,False,False,-3.2,1.95,65,9.75,strategy_S9-149:NIFTY:2026-04-08T13:42:06:SHORT
2026-04-08,13:42:44,2026-04-08,13:43:05,NIFTY,BUY,23983.85,23991.7,NIFTY13APR2623950CE,23950.0,CE,236.45,240.1,240.0,240.0,240.0,240.0,0.000635,0.001041,ws,ws,book_ladder,book_ladder,False,False,-3.55,0.1,65,237.25,strategy_S9-149:NIFTY:2026-04-08T13:42:44:LONG
2026-04-08,13:43:50,2026-04-08,13:44:17,NIFTY,SELL,23984.9,23979.4,NIFTY13APR2624000PE,24000.0,PE,216.15,218.6,220.0,215.0,220.0,215.0,0.002084,0.001828,ws,ws,book_ladder,book_ladder,False,False,-3.85,3.6,65,159.25,strategy_S9-149:NIFTY:2026-04-08T13:43:50:SHORT
2026-04-08,13:44:40,2026-04-08,13:44:53,NIFTY,BUY,23982.05,23978.55,NIFTY13APR2623950CE,23950.0,CE,235.65,231.7,240.0,230.0,240.0,230.0,0.002337,0.002586,ws,ws,book_ladder,book_ladder,False,False,-4.35,1.7,65,-256.75,strategy_S9-149:NIFTY:2026-04-08T13:44:40:LONG
2026-04-08,13:45:00,2026-04-08,13:45:14,NIFTY,SELL,23974.85,23978.2,NIFTY13APR2624000PE,24000.0,PE,219.0,217.3,220.0,215.0,220.0,215.0,0.002286,0.001839,ws,ws,book_ladder,book_ladder,False,False,-1.0,2.3,65,-110.5,strategy_S9-149:NIFTY:2026-04-08T13:45:00:SHORT
2026-04-08,13:45:21,2026-04-08,13:45:55,NIFTY,BUY,23981.65,23987.7,NIFTY13APR2623950CE,23950.0,CE,233.9,234.85,235.0,235.0,235.0,230.0,0.001283,0.002339,ws,ws,book_ladder,book_ladder,False,True,-1.1,-0.15,65,61.75,strategy_S9-149:NIFTY:2026-04-08T13:45:21:LONG
2026-04-08,13:46:26,2026-04-08,13:46:55,NIFTY,SELL,23981.15,23973.6,NIFTY13APR2624000PE,24000.0,PE,216.95,218.15,220.0,215.0,220.0,215.0,0.002076,0.002747,ws,ws,book_ladder,book_ladder,False,False,-3.05,3.15,65,78.0,strategy_S9-149:NIFTY:2026-04-08T13:46:26:SHORT
2026-04-08,13:47:51,2026-04-08,13:48:13,NIFTY,SELL,23970.8,23971.3,NIFTY13APR2624000PE,24000.0,PE,219.7,219.05,220.0,215.0,220.0,215.0,0.00205,0.002508,ws,ws,book_ladder,book_ladder,False,False,-0.3,4.05,65,-42.25,strategy_S9-149:NIFTY:2026-04-08T13:47:51:SHORT
2026-04-08,13:48:20,2026-04-08,13:48:26,NIFTY,BUY,23980.9,23978.95,NIFTY13APR2623950CE,23950.0,CE,233.25,232.3,235.0,230.0,235.0,230.0,0.001931,0.00172,ws,ws,book_ladder,book_ladder,False,False,-1.75,2.3,65,-61.75,strategy_S9-149:NIFTY:2026-04-08T13:48:20:LONG
2026-04-08,13:49:25,2026-04-08,13:49:31,NIFTY,BUY,23977.05,23974.55,NIFTY13APR2623950CE,23950.0,CE,232.0,231.1,235.0,230.0,235.0,230.0,0.001726,0.002593,ws,ws,book_ladder,book_ladder,False,False,-3.0,1.1,65,-58.5,strategy_S9-149:NIFTY:2026-04-08T13:49:25:LONG
2026-04-08,13:50:01,2026-04-08,13:50:15,NIFTY,BUY,23979.0,23982.55,NIFTY13APR2623950CE,23950.0,CE,233.25,235.8,235.0,235.0,235.0,235.0,0.001931,0.00233,ws,ws,book_ladder,book_ladder,False,False,-1.75,0.8,65,165.75,strategy_S9-149:NIFTY:2026-04-08T13:50:01:LONG
2026-04-08,13:51:53,2026-04-08,13:52:50,NIFTY,SELL,23979.2,23966.6,NIFTY13APR2624000PE,24000.0,PE,216.0,220.4,220.0,220.0,220.0,220.0,0.002317,0.001813,ws,ws,book_ladder,book_ladder,False,False,-4.0,0.4,65,286.0,strategy_S9-149:NIFTY:2026-04-08T13:51:53:SHORT
2026-04-08,13:53:06,2026-04-08,13:53:34,NIFTY,SELL,23960.75,23956.9,NIFTY13APR2624000PE,24000.0,PE,224.45,225.4,225.0,225.0,225.0,225.0,0.001784,0.002658,ws,ws,book_ladder,book_ladder,False,False,-0.55,0.4,65,61.75,strategy_S9-149:NIFTY:2026-04-08T13:53:06:SHORT
2026-04-08,13:53:55,2026-04-08,13:54:20,NIFTY,BUY,23965.7,23967.3,NIFTY13APR2623950CE,23950.0,CE,229.25,227.65,230.0,225.0,230.0,225.0,0.001965,0.001756,ws,ws,book_ladder,book_ladder,False,False,-0.75,2.65,65,-104.0,strategy_S9-149:NIFTY:2026-04-08T13:53:55:LONG
2026-04-08,13:54:41,2026-04-08,13:54:55,NIFTY,SELL,23961.8,23963.7,NIFTY13APR2624000PE,24000.0,PE,225.5,225.2,230.0,225.0,230.0,225.0,0.001109,0.001996,ws,ws,book_ladder,book_ladder,False,False,-4.5,0.2,65,-19.5,strategy_S9-149:NIFTY:2026-04-08T13:54:41:SHORT
2026-04-08,13:55:00,2026-04-08,13:55:29,NIFTY,BUY,23967.15,23967.15,NIFTY13APR2623950CE,23950.0,CE,226.25,228.2,230.0,225.0,230.0,225.0,0.001991,0.001751,ws,ws,book_ladder,book_ladder,False,False,-3.75,3.2,65,126.75,strategy_S9-149:NIFTY:2026-04-08T13:55:00:LONG
2026-04-08,13:55:40,2026-04-08,13:56:05,NIFTY,BUY,23970.5,23970.7,NIFTY13APR2623950CE,23950.0,CE,229.0,229.5,230.0,225.0,230.0,225.0,0.000874,0.002176,ws,ws,book_ladder,book_ladder,False,False,-1.0,4.5,65,32.5,strategy_S9-149:NIFTY:2026-04-08T13:55:40:LONG
2026-04-08,13:56:23,2026-04-08,13:57:07,NIFTY,BUY,23973.3,23982.55,NIFTY13APR2623950CE,23950.0,CE,230.4,236.8,235.0,235.0,235.0,235.0,0.00152,0.00232,ws,ws,book_ladder,book_ladder,False,False,-4.6,1.8,65,416.0,strategy_S9-149:NIFTY:2026-04-08T13:56:23:LONG
2026-04-08,13:57:46,2026-04-08,13:58:11,NIFTY,SELL,23979.55,23979.3,NIFTY13APR2624000PE,24000.0,PE,218.0,217.3,220.0,215.0,220.0,215.0,0.001377,0.002298,ws,ws,book_ladder,book_ladder,False,False,-2.0,2.3,65,-45.5,strategy_S9-149:NIFTY:2026-04-08T13:57:46:SHORT
2026-04-08,13:58:23,2026-04-08,13:58:33,NIFTY,SELL,23977.95,23982.2,NIFTY13APR2624000PE,24000.0,PE,218.4,216.5,220.0,215.0,220.0,215.0,0.002063,0.001385,ws,ws,book_ladder,book_ladder,False,False,-1.6,1.5,65,-123.5,strategy_S9-149:NIFTY:2026-04-08T13:58:23:SHORT
2026-04-08,13:58:45,2026-04-08,13:58:46,NIFTY,BUY,23984.5,23981.85,NIFTY13APR2623950CE,23950.0,CE,235.8,235.45,240.0,235.0,240.0,235.0,0.001485,0.001485,ws,ws,book_ladder,book_ladder,False,False,-4.2,0.45,65,-22.75,strategy_S9-149:NIFTY:2026-04-08T13:58:45:LONG
2026-04-08,14:00:10,2026-04-08,14:00:35,NIFTY,SELL,23981.35,23970.4,NIFTY13APR2624000PE,24000.0,PE,215.55,219.95,220.0,220.0,220.0,215.0,0.000464,0.002044,ws,ws,book_ladder,book_ladder,False,True,-4.45,-0.05,65,286.0,strategy_S9-149:NIFTY:2026-04-08T14:00:10:SHORT
2026-04-08,14:01:53,2026-04-08,14:02:06,NIFTY,BUY,23977.25,23977.5,NIFTY13APR2623950CE,23950.0,CE,233.5,232.6,235.0,230.0,235.0,230.0,0.001929,0.002362,ws,ws,book_ladder,book_ladder,False,False,-1.5,2.6,65,-58.5,strategy_S9-149:NIFTY:2026-04-08T14:01:53:LONG
2026-04-08,14:02:50,2026-04-08,14:02:56,NIFTY,SELL,23970.1,23973.65,NIFTY13APR2624000PE,24000.0,PE,220.85,218.9,225.0,215.0,225.0,215.0,0.002493,0.000457,ws,ws,book_ladder,book_ladder,False,False,-4.15,3.9,65,-126.75,strategy_S9-149:NIFTY:2026-04-08T14:02:50:SHORT
2026-04-08,14:03:40,2026-04-08,14:04:02,NIFTY,BUY,23974.9,23973.55,NIFTY13APR2623950CE,23950.0,CE,233.45,231.5,235.0,230.0,235.0,230.0,0.002359,0.002588,ws,ws,book_ladder,book_ladder,False,False,-1.55,1.5,65,-126.75,strategy_S9-149:NIFTY:2026-04-08T14:03:40:LONG
2026-04-08,14:04:10,2026-04-08,14:04:19,NIFTY,SELL,23967.85,23968.95,NIFTY13APR2624000PE,24000.0,PE,221.35,222.0,225.0,220.0,225.0,220.0,0.002261,0.002025,ws,ws,book_ladder,book_ladder,False,False,-3.65,2.0,65,42.25,strategy_S9-149:NIFTY:2026-04-08T14:04:10:SHORT
2026-04-08,14:04:43,2026-04-08,14:04:56,NIFTY,SELL,23967.45,23968.4,NIFTY13APR2624000PE,24000.0,PE,221.5,221.0,225.0,220.0,225.0,220.0,0.00226,0.001808,ws,ws,book_ladder,book_ladder,False,False,-3.5,1.0,65,-32.5,strategy_S9-149:NIFTY:2026-04-08T14:04:43:SHORT
2026-04-08,14:05:16,2026-04-08,14:05:27,NIFTY,SELL,23964.1,23965.4,NIFTY13APR2624000PE,24000.0,PE,222.5,220.25,225.0,220.0,225.0,220.0,0.00225,0.002268,ws,ws,book_ladder,book_ladder,False,False,-2.5,0.25,65,-146.25,strategy_S9-149:NIFTY:2026-04-08T14:05:16:SHORT
2026-04-08,14:06:11,2026-04-08,14:06:47,NIFTY,SELL,23968.35,23957.9,NIFTY13APR2624000PE,24000.0,PE,221.95,229.5,225.0,225.0,225.0,225.0,0.00203,0.001306,ws,ws,book_ladder,book_ladder,False,False,-3.05,4.5,65,490.75,strategy_S9-149:NIFTY:2026-04-08T14:06:11:SHORT
2026-04-08,14:07:06,2026-04-08,14:07:10,NIFTY,SELL,23954.55,23957.0,NIFTY13APR2624000PE,24000.0,PE,228.9,228.5,230.0,225.0,230.0,225.0,0.002187,0.002186,ws,ws,book_ladder,book_ladder,False,False,-1.1,3.5,65,-26.0,strategy_S9-149:NIFTY:2026-04-08T14:07:06:SHORT
2026-04-08,14:07:20,2026-04-08,14:07:43,NIFTY,BUY,23961.8,23959.05,NIFTY13APR2623950CE,23950.0,CE,228.0,226.05,230.0,225.0,230.0,225.0,0.001976,0.001989,ws,ws,book_ladder,book_ladder,False,False,-2.0,1.05,65,-126.75,strategy_S9-149:NIFTY:2026-04-08T14:07:20:LONG
2026-04-08,14:07:52,2026-04-08,14:08:15,NIFTY,SELL,23958.1,23953.45,NIFTY13APR2624000PE,24000.0,PE,227.8,229.25,230.0,225.0,230.0,225.0,0.002197,0.002396,ws,ws,book_ladder,book_ladder,False,False,-2.2,4.25,65,94.25,strategy_S9-149:NIFTY:2026-04-08T14:07:52:SHORT
2026-04-08,14:08:21,2026-04-08,14:08:44,NIFTY,BUY,23960.9,23962.15,NIFTY13APR2623950CE,23950.0,CE,227.8,226.35,230.0,225.0,230.0,225.0,0.001538,0.002207,ws,ws,book_ladder,book_ladder,False,False,-2.2,1.35,65,-94.25,strategy_S9-149:NIFTY:2026-04-08T14:08:21:LONG
2026-04-08,14:09:00,2026-04-08,14:09:09,NIFTY,BUY,23964.75,23962.5,NIFTY13APR2623950CE,23950.0,CE,227.2,227.45,230.0,225.0,230.0,225.0,0.002203,0.001757,ws,ws,book_ladder,book_ladder,False,False,-2.8,2.45,65,16.25,strategy_S9-149:NIFTY:2026-04-08T14:09:00:LONG
2026-04-08,14:09:18,2026-04-08,14:09:24,NIFTY,SELL,23956.15,23960.1,NIFTY13APR2624000PE,24000.0,PE,229.5,226.05,230.0,225.0,230.0,225.0,0.002399,0.001989,ws,ws,book_ladder,book_ladder,False,False,-0.5,1.05,65,-224.25,strategy_S9-149:NIFTY:2026-04-08T14:09:18:SHORT
2026-04-08,14:10:52,2026-04-08,14:11:06,NIFTY,SELL,23960.2,23957.6,NIFTY13APR2624000PE,24000.0,PE,227.4,227.25,230.0,225.0,230.0,225.0,0.001981,0.0011,ws,ws,book_ladder,book_ladder,False,False,-2.6,2.25,65,-9.75,strategy_S9-149:NIFTY:2026-04-08T14:10:52:SHORT
2026-04-08,14:11:50,2026-04-08,14:12:04,NIFTY,BUY,23966.95,23964.8,NIFTY13APR2623950CE,23950.0,CE,227.6,227.35,230.0,225.0,230.0,225.0,0.002199,0.001977,ws,ws,book_ladder,book_ladder,False,False,-2.4,2.35,65,-16.25,strategy_S9-149:NIFTY:2026-04-08T14:11:50:LONG
2026-04-08,14:12:10,2026-04-08,14:12:40,NIFTY,BUY,23970.25,23975.4,NIFTY13APR2623950CE,23950.0,CE,229.3,230.15,230.0,230.0,230.0,230.0,0.001964,0.001953,ws,ws,book_ladder,book_ladder,False,False,-0.7,0.15,65,55.25,strategy_S9-149:NIFTY:2026-04-08T14:12:10:LONG
2026-04-08,14:13:04,2026-04-08,14:13:38,NIFTY,SELL,23966.6,23953.45,NIFTY13APR2624000PE,24000.0,PE,226.8,234.15,230.0,230.0,230.0,230.0,0.001986,0.002559,ws,ws,book_ladder,book_ladder,False,False,-3.2,4.15,65,477.75,strategy_S9-149:NIFTY:2026-04-08T14:13:04:SHORT
2026-04-08,14:14:41,2026-04-08,14:14:55,NIFTY,SELL,23946.1,23946.6,NIFTY13APR2623950PE,23950.0,PE,212.1,210.45,215.0,210.0,215.0,210.0,0.002596,0.002136,ws,ws,book_ladder,book_ladder,False,False,-2.9,0.45,65,-107.25,strategy_S9-149:NIFTY:2026-04-08T14:14:41:SHORT
2026-04-08,14:15:02,2026-04-08,14:15:27,NIFTY,BUY,23951.65,23949.7,NIFTY13APR2623950CE,23950.0,CE,223.7,223.85,225.0,220.0,225.0,220.0,0.000224,0.001562,ws,ws,book_ladder,book_ladder,False,False,-1.3,3.85,65,9.75,strategy_S9-149:NIFTY:2026-04-08T14:15:02:LONG
2026-04-08,14:18:14,2026-04-08,14:18:17,NIFTY,SELL,23948.7,23953.2,NIFTY13APR2623950PE,23950.0,PE,207.55,207.0,210.0,205.0,210.0,205.0,0.001929,0.001448,ws,ws,book_ladder,book_ladder,False,False,-2.45,2.0,65,-35.75,strategy_S9-149:NIFTY:2026-04-08T14:18:14:SHORT
2026-04-08,14:18:21,2026-04-08,14:18:38,NIFTY,SELL,23948.45,23949.6,NIFTY13APR2623950PE,23950.0,PE,208.0,207.4,210.0,205.0,210.0,205.0,0.001443,0.001686,ws,ws,book_ladder,book_ladder,False,False,-2.0,2.4,65,-39.0,strategy_S9-149:NIFTY:2026-04-08T14:18:21:SHORT
2026-04-08,14:18:50,2026-04-08,14:20:01,NIFTY,BUY,23953.45,23962.9,NIFTY13APR2623950CE,23950.0,CE,227.95,231.6,230.0,230.0,230.0,230.0,0.001537,0.001726,ws,ws,book_ladder,book_ladder,False,False,-2.05,1.6,65,237.25,strategy_S9-149:NIFTY:2026-04-08T14:18:50:LONG
2026-04-08,14:20:17,2026-04-08,14:20:21,NIFTY,BUY,23969.0,23966.7,NIFTY13APR2623950CE,23950.0,CE,233.0,232.3,235.0,230.0,235.0,230.0,0.002148,0.00215,ws,ws,book_ladder,book_ladder,False,False,-2.0,2.3,65,-45.5,strategy_S9-149:NIFTY:2026-04-08T14:20:17:LONG
2026-04-08,14:20:40,2026-04-08,14:21:34,NIFTY,BUY,23970.35,23981.05,NIFTY13APR2623950CE,23950.0,CE,233.25,237.95,235.0,235.0,235.0,235.0,0.002361,0.001889,ws,ws,book_ladder,book_ladder,False,False,-1.75,2.95,65,305.5,strategy_S9-149:NIFTY:2026-04-08T14:20:40:LONG
2026-04-08,14:21:53,2026-04-08,14:22:00,NIFTY,SELL,23975.55,23977.8,NIFTY13APR2624000PE,24000.0,PE,217.45,216.05,220.0,215.0,220.0,215.0,0.002072,0.001619,ws,ws,book_ladder,book_ladder,False,False,-2.55,1.05,65,-91.0,strategy_S9-149:NIFTY:2026-04-08T14:21:53:SHORT
2026-04-08,14:22:15,2026-04-08,14:22:21,NIFTY,BUY,23980.65,23977.9,NIFTY13APR2623950CE,23950.0,CE,237.8,236.25,240.0,235.0,240.0,235.0,0.002316,0.00148,ws,ws,book_ladder,book_ladder,False,False,-2.2,1.25,65,-100.75,strategy_S9-149:NIFTY:2026-04-08T14:22:15:LONG
2026-04-08,14:22:30,2026-04-08,14:22:46,NIFTY,BUY,23979.75,23977.25,NIFTY13APR2623950CE,23950.0,CE,236.95,235.9,240.0,235.0,240.0,235.0,0.002112,0.002117,ws,ws,book_ladder,book_ladder,False,False,-3.05,0.9,65,-68.25,strategy_S9-149:NIFTY:2026-04-08T14:22:30:LONG
2026-04-08,14:22:51,2026-04-08,14:22:55,NIFTY,SELL,23976.0,23980.6,NIFTY13APR2624000PE,24000.0,PE,217.55,215.6,220.0,215.0,220.0,215.0,0.002301,0.002085,ws,ws,book_ladder,book_ladder,False,False,-2.45,0.6,65,-126.75,strategy_S9-149:NIFTY:2026-04-08T14:22:51:SHORT
2026-04-08,14:23:11,2026-04-08,14:23:15,NIFTY,SELL,23975.45,23977.55,NIFTY13APR2624000PE,24000.0,PE,217.95,217.0,220.0,215.0,220.0,215.0,0.001837,0.001151,ws,ws,book_ladder,book_ladder,False,False,-2.05,2.0,65,-61.75,strategy_S9-149:NIFTY:2026-04-08T14:23:11:SHORT
2026-04-08,14:23:34,2026-04-08,14:23:50,NIFTY,SELL,23972.65,23971.4,NIFTY13APR2624000PE,24000.0,PE,219.45,218.4,220.0,215.0,220.0,215.0,0.001824,0.001601,ws,ws,book_ladder,book_ladder,False,False,-0.55,3.4,65,-68.25,strategy_S9-149:NIFTY:2026-04-08T14:23:34:SHORT
2026-04-08,14:24:00,2026-04-08,14:24:12,NIFTY,BUY,23974.7,23973.7,NIFTY13APR2623950CE,23950.0,CE,236.45,235.25,240.0,235.0,240.0,235.0,0.002329,0.002123,ws,ws,book_ladder,book_ladder,False,False,-3.55,0.25,65,-78.0,strategy_S9-149:NIFTY:2026-04-08T14:24:00:LONG
2026-04-08,14:24:44,2026-04-08,14:25:26,NIFTY,BUY,23978.05,23978.15,NIFTY13APR2623950CE,23950.0,CE,237.1,237.75,240.0,235.0,240.0,235.0,0.002322,0.002101,ws,ws,book_ladder,book_ladder,False,False,-2.9,2.75,65,42.25,strategy_S9-149:NIFTY:2026-04-08T14:24:44:LONG
2026-04-08,14:25:40,2026-04-08,14:25:56,NIFTY,BUY,23983.75,23985.2,NIFTY13APR2623950CE,23950.0,CE,239.5,239.35,240.0,235.0,240.0,235.0,0.002299,0.002087,ws,ws,book_ladder,book_ladder,False,False,-0.5,4.35,65,-9.75,strategy_S9-149:NIFTY:2026-04-08T14:25:40:LONG
2026-04-08,14:26:51,2026-04-08,14:27:06,NIFTY,BUY,23979.7,23978.65,NIFTY13APR2623950CE,23950.0,CE,237.0,237.75,240.0,235.0,240.0,235.0,0.001901,0.002311,ws,ws,book_ladder,book_ladder,False,False,-3.0,2.75,65,48.75,strategy_S9-149:NIFTY:2026-04-08T14:26:51:LONG
2026-04-08,14:27:11,2026-04-08,14:27:16,NIFTY,BUY,23981.25,23979.2,NIFTY13APR2623950CE,23950.0,CE,237.95,236.65,240.0,235.0,240.0,235.0,0.002314,0.002321,ws,ws,book_ladder,book_ladder,False,False,-2.05,1.65,65,-84.5,strategy_S9-149:NIFTY:2026-04-08T14:27:11:LONG
2026-04-08,14:27:35,2026-04-08,14:27:44,NIFTY,BUY,23982.3,23979.9,NIFTY13APR2623950CE,23950.0,CE,237.45,236.85,240.0,235.0,240.0,235.0,0.002319,0.002109,ws,ws,book_ladder,book_ladder,False,False,-2.55,1.85,65,-39.0,strategy_S9-149:NIFTY:2026-04-08T14:27:35:LONG
2026-04-08,14:28:20,2026-04-08,14:28:31,NIFTY,BUY,23985.05,23982.15,NIFTY13APR2623950CE,23950.0,CE,239.35,237.45,240.0,235.0,240.0,235.0,0.002091,0.002314,ws,ws,book_ladder,book_ladder,False,False,-0.65,2.45,65,-123.5,strategy_S9-149:NIFTY:2026-04-08T14:28:20:LONG
2026-04-08,14:28:40,2026-04-08,14:28:54,NIFTY,SELL,23975.15,23978.25,NIFTY13APR2624000PE,24000.0,PE,217.75,214.5,220.0,210.0,220.0,210.0,0.002529,0.002328,ws,ws,book_ladder,book_ladder,False,False,-2.25,4.5,65,-211.25,strategy_S9-149:NIFTY:2026-04-08T14:28:40:SHORT
2026-04-08,14:29:42,2026-04-08,14:29:50,NIFTY,BUY,23980.55,23978.15,NIFTY13APR2623950CE,23950.0,CE,238.0,236.95,240.0,235.0,240.0,235.0,0.001472,0.002529,ws,ws,book_ladder,book_ladder,False,False,-2.0,1.95,65,-68.25,strategy_S9-149:NIFTY:2026-04-08T14:29:42:LONG
2026-04-08,14:30:10,2026-04-08,14:30:28,NIFTY,SELL,23974.65,23974.8,NIFTY13APR2624000PE,24000.0,PE,217.0,216.0,220.0,215.0,220.0,215.0,0.001614,0.001388,ws,ws,book_ladder,book_ladder,False,False,-3.0,1.0,65,-65.0,strategy_S9-149:NIFTY:2026-04-08T14:30:10:SHORT
2026-04-08,14:31:20,2026-04-08,14:31:40,NIFTY,BUY,23981.2,23981.35,NIFTY13APR2623950CE,23950.0,CE,240.5,243.0,245.0,240.0,245.0,240.0,0.002081,0.002055,ws,ws,book_ladder,book_ladder,False,False,-4.5,3.0,65,162.5,strategy_S9-149:NIFTY:2026-04-08T14:31:20:LONG
2026-04-08,14:32:00,2026-04-08,14:32:00,NIFTY,BUY,23983.9,23980.45,NIFTY13APR2623950CE,23950.0,CE,242.75,242.3,245.0,240.0,245.0,240.0,0.002268,0.002267,ws,ws,book_ladder,book_ladder,False,False,-2.25,2.3,65,-29.25,strategy_S9-149:NIFTY:2026-04-08T14:32:00:LONG
2026-04-08,14:32:12,2026-04-08,14:32:25,NIFTY,BUY,23984.3,23985.0,NIFTY13APR2623950CE,23950.0,CE,243.0,242.0,245.0,240.0,245.0,240.0,0.002266,0.001652,ws,ws,book_ladder,book_ladder,False,False,-2.0,2.0,65,-65.0,strategy_S9-149:NIFTY:2026-04-08T14:32:12:LONG
2026-04-08,14:34:00,2026-04-08,14:34:18,NIFTY,SELL,23980.4,23980.3,NIFTY13APR2624000PE,24000.0,PE,215.7,215.15,220.0,215.0,220.0,215.0,0.001392,0.000697,ws,ws,book_ladder,book_ladder,False,False,-4.3,0.15,65,-35.75,strategy_S9-149:NIFTY:2026-04-08T14:34:00:SHORT
2026-04-08,14:34:32,2026-04-08,14:34:45,NIFTY,SELL,23977.4,23979.15,NIFTY13APR2624000PE,24000.0,PE,214.95,215.05,215.0,215.0,215.0,215.0,0.000465,0.001626,ws,ws,book_ladder,book_ladder,False,False,-0.05,0.05,65,6.5,strategy_S9-149:NIFTY:2026-04-08T14:34:32:SHORT
2026-04-08,14:35:01,2026-04-08,14:35:09,NIFTY,SELL,23976.85,23979.15,NIFTY13APR2624000PE,24000.0,PE,213.2,213.0,215.0,210.0,215.0,210.0,0.002113,0.002345,ws,ws,book_ladder,book_ladder,False,False,-1.8,3.0,65,-13.0,strategy_S9-149:NIFTY:2026-04-08T14:35:01:SHORT
2026-04-08,14:35:30,2026-04-08,14:36:15,NIFTY,BUY,23981.85,23986.8,NIFTY13APR2623950CE,23950.0,CE,240.8,242.4,245.0,240.0,245.0,240.0,0.002079,0.001649,ws,ws,book_ladder,book_ladder,False,False,-4.2,2.4,65,104.0,strategy_S9-149:NIFTY:2026-04-08T14:35:30:LONG
2026-04-08,14:37:06,2026-04-08,14:37:15,NIFTY,SELL,23980.7,23983.75,NIFTY13APR2624000PE,24000.0,PE,211.75,211.1,215.0,210.0,215.0,210.0,0.002127,0.002129,ws,ws,book_ladder,book_ladder,False,False,-3.25,1.1,65,-42.25,strategy_S9-149:NIFTY:2026-04-08T14:37:06:SHORT
2026-04-08,14:37:32,2026-04-08,14:37:51,NIFTY,SELL,23979.6,23981.4,NIFTY13APR2624000PE,24000.0,PE,213.25,212.5,215.0,210.0,215.0,210.0,0.002112,0.00235,ws,ws,book_ladder,book_ladder,False,False,-1.75,2.5,65,-48.75,strategy_S9-149:NIFTY:2026-04-08T14:37:32:SHORT
2026-04-08,14:38:15,2026-04-08,14:38:26,NIFTY,BUY,23983.0,23980.95,NIFTY13APR2623950CE,23950.0,CE,242.35,241.55,245.0,240.0,245.0,240.0,0.002272,0.002274,ws,ws,book_ladder,book_ladder,False,False,-2.65,1.55,65,-52.0,strategy_S9-149:NIFTY:2026-04-08T14:38:15:LONG
2026-04-08,14:39:32,2026-04-08,14:39:40,NIFTY,SELL,23978.9,23982.55,NIFTY13APR2624000PE,24000.0,PE,214.2,212.65,215.0,210.0,215.0,210.0,0.002337,0.002349,ws,ws,book_ladder,book_ladder,False,False,-0.8,2.65,65,-100.75,strategy_S9-149:NIFTY:2026-04-08T14:39:32:SHORT
2026-04-08,14:40:01,2026-04-08,14:40:02,NIFTY,SELL,23978.4,23980.95,NIFTY13APR2624000PE,24000.0,PE,213.0,212.55,215.0,210.0,215.0,210.0,0.002115,0.002115,ws,ws,book_ladder,book_ladder,False,False,-2.0,2.55,65,-29.25,strategy_S9-149:NIFTY:2026-04-08T14:40:01:SHORT
2026-04-08,14:40:10,2026-04-08,14:40:22,NIFTY,BUY,23983.9,23980.55,NIFTY13APR2623950CE,23950.0,CE,242.95,242.3,245.0,240.0,245.0,240.0,0.00206,0.002267,ws,ws,book_ladder,book_ladder,False,False,-2.05,2.3,65,-42.25,strategy_S9-149:NIFTY:2026-04-08T14:40:10:LONG
2026-04-08,14:41:04,2026-04-08,14:41:30,NIFTY,SELL,23979.8,23979.6,NIFTY13APR2624000PE,24000.0,PE,213.0,213.35,215.0,210.0,215.0,210.0,0.001645,0.002341,ws,ws,book_ladder,book_ladder,False,False,-2.0,3.35,65,22.75,strategy_S9-149:NIFTY:2026-04-08T14:41:04:SHORT
2026-04-08,14:41:42,2026-04-08,14:41:45,NIFTY,SELL,23978.25,23981.65,NIFTY13APR2624000PE,24000.0,PE,213.3,212.7,215.0,210.0,215.0,210.0,0.001407,0.002113,ws,ws,book_ladder,book_ladder,False,False,-1.7,2.7,65,-39.0,strategy_S9-149:NIFTY:2026-04-08T14:41:42:SHORT
2026-04-08,14:41:50,2026-04-08,14:42:56,NIFTY,BUY,23984.55,23998.15,NIFTY13APR2623950CE,23950.0,CE,242.55,249.7,245.0,245.0,245.0,245.0,0.001651,0.0026,ws,ws,book_ladder,book_ladder,False,False,-2.45,4.7,65,464.75,strategy_S9-149:NIFTY:2026-04-08T14:41:50:LONG
2026-04-08,14:43:13,2026-04-08,14:43:26,NIFTY,BUY,24001.35,24000.7,NIFTY13APR2624000CE,24000.0,CE,222.4,222.0,225.0,220.0,225.0,220.0,0.001575,0.002025,ws,ws,book_ladder,book_ladder,False,False,-2.6,2.0,65,-26.0,strategy_S9-149:NIFTY:2026-04-08T14:43:13:LONG
2026-04-08,14:44:21,2026-04-08,14:44:35,NIFTY,SELL,23996.95,23998.15,NIFTY13APR2624000PE,24000.0,PE,207.0,207.4,210.0,205.0,210.0,205.0,0.00145,0.002648,ws,ws,book_ladder,book_ladder,False,False,-3.0,2.4,65,26.0,strategy_S9-149:NIFTY:2026-04-08T14:44:21:SHORT
2026-04-08,14:44:42,2026-04-08,14:44:59,NIFTY,BUY,24001.3,23998.9,NIFTY13APR2624000CE,24000.0,CE,223.6,223.65,225.0,220.0,225.0,220.0,0.002015,0.002233,ws,ws,book_ladder,book_ladder,False,False,-1.4,3.65,65,3.25,strategy_S9-149:NIFTY:2026-04-08T14:44:42:LONG
2026-04-08,14:45:40,2026-04-08,14:45:58,NIFTY,BUY,24003.9,24001.35,NIFTY13APR2624000CE,24000.0,CE,226.35,229.8,230.0,230.0,230.0,225.0,0.00199,0.002608,ws,ws,book_ladder,book_ladder,False,True,-3.65,-0.2,65,224.25,strategy_S9-149:NIFTY:2026-04-08T14:45:40:LONG
2026-04-08,14:46:29,2026-04-08,14:46:36,NIFTY,SELL,24000.4,24002.2,NIFTY13APR2624050PE,24050.0,PE,228.0,227.9,230.0,225.0,230.0,225.0,0.001976,0.001096,ws,ws,book_ladder,book_ladder,False,False,-2.0,2.9,65,-6.5,strategy_S9-149:NIFTY:2026-04-08T14:46:29:SHORT
2026-04-08,14:46:40,2026-04-08,14:47:02,NIFTY,SELL,23999.0,23998.5,NIFTY13APR2624000PE,24000.0,PE,205.5,205.75,210.0,205.0,210.0,205.0,0.000974,0.001942,ws,ws,book_ladder,book_ladder,False,False,-4.5,0.75,65,16.25,strategy_S9-149:NIFTY:2026-04-08T14:46:40:SHORT
2026-04-08,14:47:30,2026-04-08,14:48:12,NIFTY,BUY,24006.2,24013.45,NIFTY13APR2624000CE,24000.0,CE,226.5,231.1,230.0,230.0,230.0,230.0,0.001989,0.002161,ws,ws,book_ladder,book_ladder,False,False,-3.5,1.1,65,299.0,strategy_S9-149:NIFTY:2026-04-08T14:47:30:LONG
2026-04-08,14:48:38,2026-04-08,14:48:58,NIFTY,SELL,24004.45,24001.7,NIFTY13APR2624050PE,24050.0,PE,222.95,223.2,225.0,220.0,225.0,220.0,0.002245,0.001791,ws,ws,book_ladder,book_ladder,False,False,-2.05,3.2,65,16.25,strategy_S9-149:NIFTY:2026-04-08T14:48:38:SHORT
2026-04-08,14:49:42,2026-04-08,14:49:57,NIFTY,SELL,23990.05,23986.45,NIFTY13APR2624000PE,24000.0,PE,207.7,209.0,210.0,205.0,210.0,205.0,0.001204,0.001912,ws,ws,book_ladder,book_ladder,False,False,-2.3,4.0,65,84.5,strategy_S9-149:NIFTY:2026-04-08T14:49:42:SHORT
2026-04-08,14:50:11,2026-04-08,14:50:18,NIFTY,SELL,23981.3,23984.85,NIFTY13APR2624000PE,24000.0,PE,211.4,209.25,215.0,205.0,215.0,205.0,0.002131,0.002625,ws,ws,book_ladder,book_ladder,False,False,-3.6,4.25,65,-139.75,strategy_S9-149:NIFTY:2026-04-08T14:50:11:SHORT
2026-04-08,14:50:31,2026-04-08,14:50:50,NIFTY,SELL,23980.6,23977.3,NIFTY13APR2624000PE,24000.0,PE,213.15,213.95,215.0,210.0,215.0,210.0,0.001643,0.002567,ws,ws,book_ladder,book_ladder,False,False,-1.85,3.95,65,52.0,strategy_S9-149:NIFTY:2026-04-08T14:50:31:SHORT
2026-04-08,14:51:03,2026-04-08,14:51:21,NIFTY,BUY,23982.9,23987.75,NIFTY13APR2623950CE,23950.0,CE,241.15,241.75,245.0,240.0,245.0,240.0,0.002283,0.00186,ws,ws,book_ladder,book_ladder,False,False,-3.85,1.75,65,39.0,strategy_S9-149:NIFTY:2026-04-08T14:51:03:LONG
2026-04-08,14:51:30,2026-04-08,14:51:42,NIFTY,SELL,23979.3,23983.2,NIFTY13APR2624000PE,24000.0,PE,214.0,213.0,215.0,210.0,215.0,210.0,0.002339,0.00211,ws,ws,book_ladder,book_ladder,False,False,-1.0,3.0,65,-65.0,strategy_S9-149:NIFTY:2026-04-08T14:51:30:SHORT
2026-04-08,14:52:01,2026-04-08,14:52:17,NIFTY,SELL,23981.55,23982.45,NIFTY13APR2624000PE,24000.0,PE,214.85,214.4,215.0,210.0,215.0,210.0,0.00233,0.002097,ws,ws,book_ladder,book_ladder,False,False,-0.15,4.4,65,-29.25,strategy_S9-149:NIFTY:2026-04-08T14:52:01:SHORT
2026-04-08,14:52:31,2026-04-08,14:52:35,NIFTY,SELL,23980.35,23983.25,NIFTY13APR2624000PE,24000.0,PE,214.3,212.95,215.0,210.0,215.0,210.0,0.001167,0.002345,ws,ws,book_ladder,book_ladder,False,False,-0.7,2.95,65,-87.75,strategy_S9-149:NIFTY:2026-04-08T14:52:31:SHORT
2026-04-08,14:53:35,2026-04-08,14:54:00,NIFTY,BUY,23986.95,23986.2,NIFTY13APR2623950CE,23950.0,CE,241.4,238.3,245.0,235.0,245.0,235.0,0.001866,0.001468,ws,ws,book_ladder,book_ladder,False,False,-3.6,3.3,65,-201.5,strategy_S9-149:NIFTY:2026-04-08T14:53:35:LONG
2026-04-08,14:54:11,2026-04-08,14:54:28,NIFTY,SELL,23981.25,23983.15,NIFTY13APR2624000PE,24000.0,PE,213.25,212.15,215.0,210.0,215.0,210.0,0.002347,0.002119,ws,ws,book_ladder,book_ladder,False,False,-1.75,2.15,65,-71.5,strategy_S9-149:NIFTY:2026-04-08T14:54:11:SHORT
2026-04-08,14:55:00,2026-04-08,14:55:01,NIFTY,BUY,23988.5,23985.65,NIFTY13APR2623950CE,23950.0,CE,241.95,241.0,245.0,240.0,245.0,240.0,0.002483,0.001244,ws,ws,book_ladder,book_ladder,False,False,-3.05,1.0,65,-61.75,strategy_S9-149:NIFTY:2026-04-08T14:55:00:LONG
2026-04-08,14:55:25,2026-04-08,14:55:33,NIFTY,BUY,23989.35,23985.35,NIFTY13APR2623950CE,23950.0,CE,242.4,239.95,245.0,240.0,245.0,235.0,0.001652,0.00229,ws,ws,book_ladder,book_ladder,False,True,-2.6,-0.05,65,-159.25,strategy_S9-149:NIFTY:2026-04-08T14:55:25:LONG
2026-04-08,14:55:54,2026-04-08,14:56:12,NIFTY,BUY,23989.25,23992.35,NIFTY13APR2623950CE,23950.0,CE,244.0,244.0,245.0,240.0,245.0,240.0,0.000615,0.001229,ws,ws,book_ladder,book_ladder,False,False,-1.0,4.0,65,0.0,strategy_S9-149:NIFTY:2026-04-08T14:55:54:LONG
2026-04-08,14:57:17,2026-04-08,14:57:42,NIFTY,BUY,23992.05,23993.7,NIFTY13APR2623950CE,23950.0,CE,243.85,244.45,245.0,240.0,245.0,240.0,0.001847,0.001839,ws,ws,book_ladder,book_ladder,False,False,-1.15,4.45,65,39.0,strategy_S9-149:NIFTY:2026-04-08T14:57:17:LONG
2026-04-08,14:59:30,2026-04-08,14:59:50,NIFTY,BUY,23999.6,24000.1,NIFTY13APR2623950CE,23950.0,CE,246.8,248.3,250.0,245.0,250.0,245.0,0.002231,0.001811,ws,ws,book_ladder,book_ladder,False,False,-3.2,3.3,65,97.5,strategy_S9-149:NIFTY:2026-04-08T14:59:30:LONG
2026-04-08,15:00:07,2026-04-08,15:00:30,NIFTY,SELL,23995.9,23969.35,NIFTY13APR2624000PE,24000.0,PE,208.65,218.95,210.0,215.0,210.0,215.0,0.001919,0.002509,ws,ws,book_ladder,book_ladder,False,False,-1.35,3.95,65,669.5,strategy_S9-149:NIFTY:2026-04-08T15:00:07:SHORT
2026-04-08,15:01:05,2026-04-08,15:01:15,NIFTY,SELL,23961.9,23961.65,NIFTY13APR2624000PE,24000.0,PE,220.55,223.45,225.0,220.0,225.0,220.0,0.002497,0.002012,ws,ws,book_ladder,book_ladder,False,False,-4.45,3.45,65,188.5,strategy_S9-149:NIFTY:2026-04-08T15:01:05:SHORT
2026-04-08,15:01:54,2026-04-08,15:02:09,NIFTY,BUY,23968.65,23969.8,NIFTY13APR2623950CE,23950.0,CE,231.7,230.3,235.0,230.0,235.0,230.0,0.002593,0.001735,ws,ws,book_ladder,book_ladder,False,False,-3.3,0.3,65,-91.0,strategy_S9-149:NIFTY:2026-04-08T15:01:54:LONG
2026-04-08,15:02:21,2026-04-08,15:03:26,NIFTY,BUY,23975.55,23994.1,NIFTY13APR2623950CE,23950.0,CE,234.8,239.55,235.0,235.0,235.0,235.0,0.002345,0.002502,ws,ws,book_ladder,book_ladder,False,False,-0.2,4.55,65,308.75,strategy_S9-149:NIFTY:2026-04-08T15:02:21:LONG
2026-04-08,15:04:30,2026-04-08,15:04:32,NIFTY,BUY,23994.6,23991.65,NIFTY13APR2623950CE,23950.0,CE,241.2,240.75,245.0,240.0,245.0,240.0,0.002283,0.002075,ws,ws,book_ladder,book_ladder,False,False,-3.8,0.75,65,-29.25,strategy_S9-149:NIFTY:2026-04-08T15:04:30:LONG
2026-04-08,15:05:15,2026-04-08,15:05:59,NIFTY,BUY,23994.95,24006.4,NIFTY13APR2623950CE,23950.0,CE,242.25,247.45,245.0,245.0,245.0,245.0,0.002066,0.00222,ws,ws,book_ladder,book_ladder,False,False,-2.75,2.45,65,338.0,strategy_S9-149:NIFTY:2026-04-08T15:05:15:LONG
2026-04-08,15:06:15,2026-04-08,15:06:37,NIFTY,BUY,24009.05,24008.95,NIFTY13APR2624000CE,24000.0,CE,222.15,222.3,225.0,220.0,225.0,220.0,0.002253,0.001124,ws,ws,book_ladder,book_ladder,False,False,-2.85,2.3,65,9.75,strategy_S9-149:NIFTY:2026-04-08T15:06:15:LONG
2026-04-08,15:06:40,2026-04-08,15:06:55,NIFTY,SELL,24007.15,24007.15,NIFTY13APR2624050PE,24050.0,PE,227.6,225.5,230.0,225.0,230.0,225.0,0.002419,0.001772,ws,ws,book_ladder,book_ladder,False,False,-2.4,0.5,65,-136.5,strategy_S9-149:NIFTY:2026-04-08T15:06:40:SHORT
2026-04-08,15:07:41,2026-04-08,15:08:30,NIFTY,SELL,24006.4,24002.6,NIFTY13APR2624050PE,24050.0,PE,228.75,230.6,230.0,230.0,230.0,230.0,0.00175,0.001733,ws,ws,book_ladder,book_ladder,False,False,-1.25,0.6,65,120.25,strategy_S9-149:NIFTY:2026-04-08T15:07:41:SHORT
2026-04-08,15:08:52,2026-04-08,15:09:05,NIFTY,SELL,23998.55,23999.35,NIFTY13APR2624000PE,24000.0,PE,205.8,206.9,210.0,205.0,210.0,205.0,0.001946,0.002173,ws,ws,book_ladder,book_ladder,False,False,-4.2,1.9,65,71.5,strategy_S9-149:NIFTY:2026-04-08T15:08:52:SHORT
2026-04-08,15:09:10,2026-04-08,15:09:21,NIFTY,BUY,24003.75,24004.3,NIFTY13APR2624000CE,24000.0,CE,221.5,221.55,225.0,220.0,225.0,220.0,0.002034,0.002029,ws,ws,book_ladder,book_ladder,False,False,-3.5,1.55,65,3.25,strategy_S9-149:NIFTY:2026-04-08T15:09:10:LONG
2026-04-08,15:09:46,2026-04-08,15:09:58,NIFTY,SELL,23997.9,24000.25,NIFTY13APR2624000PE,24000.0,PE,206.9,206.8,210.0,205.0,210.0,205.0,0.002177,0.002174,ws,ws,book_ladder,book_ladder,False,False,-3.1,1.8,65,-6.5,strategy_S9-149:NIFTY:2026-04-08T15:09:46:SHORT
2026-04-08,15:10:19,2026-04-08,15:10:38,NIFTY,SELL,23996.95,23997.05,NIFTY13APR2624000PE,24000.0,PE,208.95,206.6,210.0,205.0,210.0,205.0,0.001437,0.000484,ws,ws,book_ladder,book_ladder,False,False,-1.05,1.6,65,-152.75,strategy_S9-149:NIFTY:2026-04-08T15:10:19:SHORT
2026-04-08,15:10:40,2026-04-08,15:11:16,NIFTY,BUY,24000.8,24005.1,NIFTY13APR2624000CE,24000.0,CE,221.6,220.65,225.0,220.0,225.0,220.0,0.000677,0.002263,ws,ws,book_ladder,book_ladder,False,False,-3.4,0.65,65,-61.75,strategy_S9-149:NIFTY:2026-04-08T15:10:40:LONG
2026-04-08,15:11:29,2026-04-08,15:11:48,NIFTY,SELL,24001.25,24000.05,NIFTY13APR2624050PE,24050.0,PE,231.5,231.3,235.0,230.0,235.0,230.0,0.001513,0.001512,ws,ws,book_ladder,book_ladder,False,False,-3.5,1.3,65,-13.0,strategy_S9-149:NIFTY:2026-04-08T15:11:29:SHORT
2026-04-08,15:12:45,2026-04-08,15:13:34,NIFTY,BUY,24002.05,24003.75,NIFTY13APR2624000CE,24000.0,CE,219.4,220.0,220.0,220.0,220.0,220.0,0.001597,0.00159,ws,ws,book_ladder,book_ladder,False,False,-0.6,0.0,65,39.0,strategy_S9-149:NIFTY:2026-04-08T15:12:45:LONG
2026-04-08,15:13:40,2026-04-08,15:14:15,NIFTY,SELL,24001.0,23995.75,NIFTY13APR2624050PE,24050.0,PE,233.0,236.3,235.0,235.0,235.0,235.0,0.002363,0.002325,ws,ws,book_ladder,book_ladder,False,False,-2.0,1.3,65,214.5,strategy_S9-149:NIFTY:2026-04-08T15:13:40:SHORT
2026-04-08,15:14:36,2026-04-08,15:14:54,NIFTY,SELL,23991.8,23991.8,NIFTY13APR2624000PE,24000.0,PE,214.5,211.2,215.0,210.0,215.0,210.0,0.002334,0.001183,ws,ws,book_ladder,book_ladder,False,False,-0.5,1.2,65,-214.5,strategy_S9-149:NIFTY:2026-04-08T15:14:36:SHORT
2026-04-08,15:15:00,2026-04-08,15:15:07,NIFTY,BUY,23998.1,23991.8,NIFTY13APR2623950CE,23950.0,CE,243.9,240.75,245.0,240.0,245.0,240.0,0.002052,0.001867,ws,ws,book_ladder,book_ladder,False,False,-1.1,0.75,65,-204.75,strategy_S9-149:NIFTY:2026-04-08T15:15:00:LONG
2026-04-08,15:16:30,2026-04-08,15:16:38,NIFTY,BUY,23991.5,23989.25,NIFTY13APR2623950CE,23950.0,CE,243.15,242.1,245.0,240.0,245.0,240.0,0.001852,0.002269,ws,ws,book_ladder,book_ladder,False,False,-1.85,2.1,65,-68.25,strategy_S9-149:NIFTY:2026-04-08T15:16:30:LONG
2026-04-08,15:17:00,2026-04-08,15:17:45,NIFTY,BUY,23991.0,23993.35,NIFTY13APR2623950CE,23950.0,CE,241.9,242.35,245.0,240.0,245.0,240.0,0.002069,0.001855,ws,ws,book_ladder,book_ladder,False,False,-3.1,2.35,65,29.25,strategy_S9-149:NIFTY:2026-04-08T15:17:00:LONG
2026-04-08,15:18:30,2026-04-08,15:18:35,NIFTY,BUY,23995.65,23993.15,NIFTY13APR2623950CE,23950.0,CE,244.8,244.0,245.0,240.0,245.0,240.0,0.002045,0.00266,ws,ws,book_ladder,book_ladder,False,False,-0.2,4.0,65,-52.0,strategy_S9-149:NIFTY:2026-04-08T15:18:30:LONG
2026-04-08,15:18:55,2026-04-08,15:19:00,NIFTY,SELL,23991.0,23993.8,NIFTY13APR2624000PE,24000.0,PE,213.0,211.65,215.0,210.0,215.0,210.0,0.001174,0.001652,ws,ws,book_ladder,book_ladder,False,False,-2.0,1.65,65,-87.75,strategy_S9-149:NIFTY:2026-04-08T15:18:55:SHORT
2026-04-08,15:19:36,2026-04-08,15:19:42,NIFTY,BUY,23995.75,23993.95,NIFTY13APR2623950CE,23950.0,CE,246.45,244.35,250.0,240.0,250.0,240.0,0.001828,0.002452,ws,ws,book_ladder,book_ladder,False,False,-3.55,4.35,65,-136.5,strategy_S9-149:NIFTY:2026-04-08T15:19:36:LONG
2026-04-08,15:20:42,2026-04-08,15:21:11,NIFTY,BUY,23997.55,23997.65,NIFTY13APR2623950CE,23950.0,CE,245.7,244.55,250.0,240.0,250.0,240.0,0.001426,0.002654,ws,ws,book_ladder,book_ladder,False,False,-4.3,4.55,65,-74.75,strategy_S9-149:NIFTY:2026-04-08T15:20:42:LONG
2026-04-08,15:21:43,2026-04-08,15:22:00,NIFTY,SELL,23992.1,23993.2,NIFTY13APR2624000PE,24000.0,PE,212.3,212.85,215.0,210.0,215.0,210.0,0.001178,0.00047,ws,ws,book_ladder,book_ladder,False,False,-2.7,2.85,65,35.75,strategy_S9-149:NIFTY:2026-04-08T15:21:43:SHORT
2026-04-08,15:22:11,2026-04-08,15:22:19,NIFTY,BUY,23999.15,23993.2,NIFTY13APR2623950CE,23950.0,CE,241.3,241.2,245.0,240.0,245.0,240.0,0.002282,0.002278,ws,ws,book_ladder,book_ladder,False,False,-3.7,1.2,65,-6.5,strategy_S9-149:NIFTY:2026-04-08T15:22:11:LONG
2026-04-08,15:22:31,2026-04-08,15:23:25,NIFTY,BUY,23998.9,24000.3,NIFTY13APR2623950CE,23950.0,CE,243.0,244.2,245.0,240.0,245.0,240.0,0.001235,0.000819,ws,ws,book_ladder,book_ladder,False,False,-2.0,4.2,65,78.0,strategy_S9-149:NIFTY:2026-04-08T15:22:31:LONG
2026-04-08,15:24:30,2026-04-08,15:24:35,NIFTY,BUY,24003.2,24001.05,NIFTY13APR2624000CE,24000.0,CE,216.0,215.85,220.0,215.0,220.0,215.0,0.001854,0.001158,ws,ws,book_ladder,book_ladder,False,False,-4.0,0.85,65,-9.75,strategy_S9-149:NIFTY:2026-04-08T15:24:30:LONG
2026-04-08,15:24:47,2026-04-08,15:25:05,NIFTY,BUY,24004.55,24003.1,NIFTY13APR2624000CE,24000.0,CE,216.3,216.35,220.0,215.0,220.0,215.0,0.002314,0.000693,ws,ws,book_ladder,book_ladder,False,False,-3.7,1.35,65,3.25,strategy_S9-149:NIFTY:2026-04-08T15:24:47:LONG
2026-04-10,09:18:09,2026-04-10,09:18:21,NIFTY,BUY,23952.7,23950.95,NIFTY13APR2623950CE,23950.0,CE,159.25,157.7,160.0,155.0,160.0,155.0,0.001571,0.002849,ws,ws,book_ladder,book_ladder,False,False,-0.75,2.7,65,-100.75,strategy_S9-149:NIFTY:2026-04-10T09:18:09:LONG
2026-04-10,09:18:49,2026-04-10,09:19:00,NIFTY,SELL,23944.85,23945.3,NIFTY13APR2623950PE,23950.0,PE,166.8,166.15,170.0,165.0,170.0,165.0,0.002701,0.001504,ws,ws,book_ladder,book_ladder,False,False,-3.2,1.15,65,-42.25,strategy_S9-149:NIFTY:2026-04-10T09:18:49:SHORT
2026-04-10,09:19:21,2026-04-10,09:19:46,NIFTY,BUY,23953.3,23962.8,NIFTY13APR2623950CE,23950.0,CE,157.8,160.4,160.0,160.0,160.0,160.0,0.00222,0.00218,ws,ws,book_ladder,book_ladder,False,False,-2.2,0.4,65,169.0,strategy_S9-149:NIFTY:2026-04-10T09:19:21:LONG
2026-04-10,09:19:50,2026-04-10,09:20:21,NIFTY,BUY,23965.45,23970.6,NIFTY13APR2623950CE,23950.0,CE,162.2,163.25,165.0,160.0,165.0,160.0,0.002778,0.002447,ws,ws,book_ladder,book_ladder,False,False,-2.8,3.25,65,68.25,strategy_S9-149:NIFTY:2026-04-10T09:19:50:LONG
2026-04-10,09:20:35,2026-04-10,09:20:55,NIFTY,SELL,23963.75,23959.7,NIFTY13APR2624000PE,24000.0,PE,181.85,182.0,185.0,180.0,185.0,180.0,0.001927,0.002195,ws,ws,book_ladder,book_ladder,False,False,-3.15,2.0,65,9.75,strategy_S9-149:NIFTY:2026-04-10T09:20:35:SHORT
2026-04-10,09:21:00,2026-04-10,09:21:11,NIFTY,BUY,23963.45,23959.95,NIFTY13APR2623950CE,23950.0,CE,163.85,161.1,165.0,160.0,165.0,160.0,0.002444,0.00248,ws,ws,book_ladder,book_ladder,False,False,-1.15,1.1,65,-178.75,strategy_S9-149:NIFTY:2026-04-10T09:21:00:LONG
2026-04-10,09:22:08,2026-04-10,09:22:13,NIFTY,SELL,23950.45,23953.45,NIFTY13APR2624000PE,24000.0,PE,183.05,181.65,185.0,180.0,185.0,180.0,0.001093,0.001925,ws,ws,book_ladder,book_ladder,False,False,-1.95,1.65,65,-91.0,strategy_S9-149:NIFTY:2026-04-10T09:22:08:SHORT
2026-04-10,09:22:30,2026-04-10,09:23:00,NIFTY,SELL,23950.35,23951.8,NIFTY13APR2624000PE,24000.0,PE,183.55,183.6,185.0,180.0,185.0,180.0,0.001363,0.002176,ws,ws,book_ladder,book_ladder,False,False,-1.45,3.6,65,3.25,strategy_S9-149:NIFTY:2026-04-10T09:22:30:SHORT
2026-04-10,09:23:12,2026-04-10,09:23:45,NIFTY,SELL,23944.25,23943.25,NIFTY13APR2623950PE,23950.0,PE,161.25,161.9,165.0,160.0,165.0,160.0,0.002173,0.002468,ws,ws,book_ladder,book_ladder,False,False,-3.75,1.9,65,42.25,strategy_S9-149:NIFTY:2026-04-10T09:23:12:SHORT
2026-04-10,09:23:52,2026-04-10,09:23:58,NIFTY,SELL,23940.35,23942.6,NIFTY13APR2623950PE,23950.0,PE,163.6,161.95,165.0,160.0,165.0,160.0,0.001529,0.002775,ws,ws,book_ladder,book_ladder,False,False,-1.4,1.95,65,-107.25,strategy_S9-149:NIFTY:2026-04-10T09:23:52:SHORT
2026-04-10,09:24:00,2026-04-10,09:25:00,NIFTY,SELL,23939.75,23922.8,NIFTY13APR2623950PE,23950.0,PE,163.3,169.85,165.0,165.0,165.0,165.0,0.001839,0.000883,ws,ws,book_ladder,book_ladder,False,False,-1.7,4.85,65,425.75,strategy_S9-149:NIFTY:2026-04-10T09:24:00:SHORT
2026-04-10,09:25:24,2026-04-10,09:25:56,NIFTY,BUY,23931.45,23939.7,NIFTY13APR2623900CE,23900.0,CE,181.7,183.7,185.0,180.0,185.0,180.0,0.001652,0.001903,ws,ws,book_ladder,book_ladder,False,False,-3.3,3.7,65,130.0,strategy_S9-149:NIFTY:2026-04-10T09:25:24:LONG
2026-04-10,09:26:11,2026-04-10,09:26:41,NIFTY,SELL,23927.8,23919.6,NIFTY13APR2623950PE,23950.0,PE,166.25,173.7,170.0,170.0,170.0,170.0,0.00271,0.002874,ws,ws,book_ladder,book_ladder,False,False,-3.75,3.7,65,484.25,strategy_S9-149:NIFTY:2026-04-10T09:26:11:SHORT
2026-04-10,09:26:58,2026-04-10,09:27:12,NIFTY,SELL,23913.85,23915.0,NIFTY13APR2623950PE,23950.0,PE,176.9,175.3,180.0,175.0,180.0,175.0,0.00198,0.00171,ws,ws,book_ladder,book_ladder,False,False,-3.1,0.3,65,-104.0,strategy_S9-149:NIFTY:2026-04-10T09:26:58:SHORT
2026-04-10,09:27:22,2026-04-10,09:27:40,NIFTY,SELL,23908.7,23908.35,NIFTY13APR2623950PE,23950.0,PE,181.5,181.35,185.0,180.0,185.0,180.0,0.00193,0.002203,ws,ws,book_ladder,book_ladder,False,False,-3.5,1.35,65,-9.75,strategy_S9-149:NIFTY:2026-04-10T09:27:22:SHORT
2026-04-10,09:28:25,2026-04-10,09:29:02,NIFTY,BUY,23911.7,23925.5,NIFTY13APR2623900CE,23900.0,CE,175.0,179.55,175.0,175.0,175.0,175.0,0.00143,0.002503,ws,ws,book_ladder,book_ladder,False,False,0.0,4.55,65,295.75,strategy_S9-149:NIFTY:2026-04-10T09:28:25:LONG
2026-04-10,09:29:30,2026-04-10,09:29:43,NIFTY,BUY,23932.1,23930.55,NIFTY13APR2623900CE,23900.0,CE,182.1,181.0,185.0,180.0,185.0,180.0,0.002199,0.002483,ws,ws,book_ladder,book_ladder,False,False,-2.9,1.0,65,-71.5,strategy_S9-149:NIFTY:2026-04-10T09:29:30:LONG
2026-04-10,09:29:54,2026-04-10,09:30:13,NIFTY,BUY,23936.75,23937.75,NIFTY13APR2623900CE,23900.0,CE,183.0,182.5,185.0,180.0,185.0,180.0,0.001914,0.002463,ws,ws,book_ladder,book_ladder,False,False,-2.0,2.5,65,-32.5,strategy_S9-149:NIFTY:2026-04-10T09:29:54:LONG
2026-04-10,09:30:20,2026-04-10,09:30:53,NIFTY,BUY,23942.1,23942.45,NIFTY13APR2623900CE,23900.0,CE,183.75,185.4,185.0,185.0,185.0,185.0,0.001907,0.002693,ws,ws,book_ladder,book_ladder,False,False,-1.25,0.4,65,107.25,strategy_S9-149:NIFTY:2026-04-10T09:30:20:LONG
2026-04-10,09:31:00,2026-04-10,09:31:20,NIFTY,BUY,23949.65,23946.65,NIFTY13APR2623900CE,23900.0,CE,187.4,184.5,190.0,180.0,190.0,180.0,0.002404,0.002436,ws,ws,book_ladder,book_ladder,False,False,-2.6,4.5,65,-188.5,strategy_S9-149:NIFTY:2026-04-10T09:31:00:LONG
2026-04-10,09:31:53,2026-04-10,09:32:11,NIFTY,SELL,23935.3,23935.8,NIFTY13APR2623950PE,23950.0,PE,168.9,169.3,170.0,165.0,170.0,165.0,0.001778,0.00236,ws,ws,book_ladder,book_ladder,False,False,-1.1,4.3,65,26.0,strategy_S9-149:NIFTY:2026-04-10T09:31:53:SHORT
2026-04-10,09:32:40,2026-04-10,09:33:07,NIFTY,BUY,23939.7,23945.4,NIFTY13APR2623900CE,23900.0,CE,184.45,186.4,185.0,185.0,185.0,185.0,0.002443,0.002679,ws,ws,book_ladder,book_ladder,False,False,-0.55,1.4,65,126.75,strategy_S9-149:NIFTY:2026-04-10T09:32:40:LONG
2026-04-10,09:33:20,2026-04-10,09:33:44,NIFTY,BUY,23950.65,23953.55,NIFTY13APR2623950CE,23950.0,CE,160.3,163.45,165.0,160.0,165.0,160.0,0.001873,0.002139,ws,ws,book_ladder,book_ladder,False,False,-4.7,3.45,65,204.75,strategy_S9-149:NIFTY:2026-04-10T09:33:20:LONG
2026-04-10,09:34:44,2026-04-10,09:35:16,NIFTY,SELL,23951.55,23941.45,NIFTY13APR2624000PE,24000.0,PE,184.7,189.2,185.0,185.0,185.0,185.0,0.002168,0.002112,ws,ws,book_ladder,book_ladder,False,False,-0.3,4.2,65,292.5,strategy_S9-149:NIFTY:2026-04-10T09:34:44:SHORT
2026-04-10,09:35:29,2026-04-10,09:36:00,NIFTY,SELL,23934.25,23927.9,NIFTY13APR2623950PE,23950.0,PE,166.3,170.8,170.0,170.0,170.0,170.0,0.001504,0.002631,ws,ws,book_ladder,book_ladder,False,False,-3.7,0.8,65,292.5,strategy_S9-149:NIFTY:2026-04-10T09:35:29:SHORT
2026-04-10,09:36:36,2026-04-10,09:36:48,NIFTY,SELL,23923.3,23924.4,NIFTY13APR2623950PE,23950.0,PE,172.9,170.2,175.0,170.0,175.0,170.0,0.002316,0.00264,ws,ws,book_ladder,book_ladder,False,False,-2.1,0.2,65,-175.5,strategy_S9-149:NIFTY:2026-04-10T09:36:36:SHORT
2026-04-10,09:37:11,2026-04-10,09:37:20,NIFTY,BUY,23929.75,23928.0,NIFTY13APR2623900CE,23900.0,CE,180.5,177.6,185.0,175.0,185.0,175.0,0.001663,0.000563,ws,ws,book_ladder,book_ladder,False,False,-4.5,2.6,65,-188.5,strategy_S9-149:NIFTY:2026-04-10T09:37:11:LONG
2026-04-10,09:37:30,2026-04-10,09:38:15,NIFTY,BUY,23931.35,23936.65,NIFTY13APR2623900CE,23900.0,CE,179.25,181.6,180.0,180.0,180.0,180.0,0.002234,0.002475,ws,ws,book_ladder,book_ladder,False,False,-0.75,1.6,65,152.75,strategy_S9-149:NIFTY:2026-04-10T09:37:30:LONG
2026-04-10,09:38:30,2026-04-10,09:38:35,NIFTY,BUY,23940.5,23937.65,NIFTY13APR2623900CE,23900.0,CE,183.6,181.6,185.0,180.0,185.0,180.0,0.00109,0.0022,ws,ws,book_ladder,book_ladder,False,False,-1.4,1.6,65,-130.0,strategy_S9-149:NIFTY:2026-04-10T09:38:30:LONG
2026-04-10,09:39:10,2026-04-10,09:39:18,NIFTY,SELL,23927.4,23930.9,NIFTY13APR2623950PE,23950.0,PE,170.5,167.35,175.0,165.0,175.0,165.0,0.002349,0.001791,ws,ws,book_ladder,book_ladder,False,False,-4.5,2.35,65,-204.75,strategy_S9-149:NIFTY:2026-04-10T09:39:10:SHORT
2026-04-10,09:39:28,2026-04-10,09:39:58,NIFTY,BUY,23935.55,23937.2,NIFTY13APR2623900CE,23900.0,CE,183.0,183.05,185.0,180.0,185.0,180.0,0.002188,0.002728,ws,ws,book_ladder,book_ladder,False,False,-2.0,3.05,65,3.25,strategy_S9-149:NIFTY:2026-04-10T09:39:28:LONG
2026-04-10,09:40:30,2026-04-10,09:40:49,NIFTY,BUY,23942.65,23940.5,NIFTY13APR2623900CE,23900.0,CE,183.1,182.75,185.0,180.0,185.0,180.0,0.002187,0.001094,ws,ws,book_ladder,book_ladder,False,False,-1.9,2.75,65,-22.75,strategy_S9-149:NIFTY:2026-04-10T09:40:30:LONG
2026-04-10,09:41:10,2026-04-10,09:41:22,NIFTY,BUY,23943.85,23943.25,NIFTY13APR2623900CE,23900.0,CE,183.8,183.25,185.0,180.0,185.0,180.0,0.002451,0.00218,ws,ws,book_ladder,book_ladder,False,False,-1.2,3.25,65,-35.75,strategy_S9-149:NIFTY:2026-04-10T09:41:10:LONG
2026-04-10,09:41:31,2026-04-10,09:41:36,NIFTY,SELL,23937.4,23939.6,NIFTY13APR2623950PE,23950.0,PE,165.4,165.6,170.0,165.0,170.0,165.0,0.002421,0.002111,ws,ws,book_ladder,book_ladder,False,False,-4.6,0.6,65,13.0,strategy_S9-149:NIFTY:2026-04-10T09:41:31:SHORT
2026-04-10,09:42:37,2026-04-10,09:42:52,NIFTY,BUY,23948.0,23943.8,NIFTY13APR2623900CE,23900.0,CE,186.0,184.6,190.0,180.0,190.0,180.0,0.002153,0.001083,ws,ws,book_ladder,book_ladder,False,False,-4.0,4.6,65,-91.0,strategy_S9-149:NIFTY:2026-04-10T09:42:37:LONG
2026-04-10,09:43:00,2026-04-10,09:43:22,NIFTY,BUY,23951.35,23954.9,NIFTY13APR2623950CE,23950.0,CE,159.2,161.6,160.0,160.0,160.0,160.0,0.002201,0.002472,ws,ws,book_ladder,book_ladder,False,False,-0.8,1.6,65,156.0,strategy_S9-149:NIFTY:2026-04-10T09:43:00:LONG
2026-04-10,09:43:31,2026-04-10,09:43:36,NIFTY,SELL,23950.8,23954.7,NIFTY13APR2624000PE,24000.0,PE,184.95,181.65,185.0,180.0,185.0,180.0,0.002707,0.001925,ws,ws,book_ladder,book_ladder,False,False,-0.05,1.65,65,-214.5,strategy_S9-149:NIFTY:2026-04-10T09:43:31:SHORT
2026-04-10,09:44:11,2026-04-10,09:44:32,NIFTY,SELL,23948.95,23950.95,NIFTY13APR2623950PE,23950.0,PE,159.5,159.3,160.0,155.0,160.0,155.0,0.002511,0.002508,ws,ws,book_ladder,book_ladder,False,False,-0.5,4.3,65,-13.0,strategy_S9-149:NIFTY:2026-04-10T09:44:11:SHORT
2026-04-10,09:44:43,2026-04-10,09:45:00,NIFTY,SELL,23947.35,23949.3,NIFTY13APR2623950PE,23950.0,PE,160.85,158.9,165.0,155.0,165.0,155.0,0.002802,0.0022,ws,ws,book_ladder,book_ladder,False,False,-4.15,3.9,65,-126.75,strategy_S9-149:NIFTY:2026-04-10T09:44:43:SHORT
2026-04-10,09:45:20,2026-04-10,09:45:30,NIFTY,SELL,23947.45,23946.8,NIFTY13APR2623950PE,23950.0,PE,159.3,159.55,160.0,155.0,160.0,155.0,0.002514,0.002191,ws,ws,book_ladder,book_ladder,False,False,-0.7,4.55,65,16.25,strategy_S9-149:NIFTY:2026-04-10T09:45:20:SHORT
2026-04-10,09:45:40,2026-04-10,09:45:45,NIFTY,SELL,23943.65,23945.25,NIFTY13APR2623950PE,23950.0,PE,160.85,161.15,165.0,160.0,165.0,160.0,0.001867,0.00217,ws,ws,book_ladder,book_ladder,False,False,-4.15,1.15,65,19.5,strategy_S9-149:NIFTY:2026-04-10T09:45:40:SHORT
2026-04-10,09:46:00,2026-04-10,09:47:11,NIFTY,BUY,23953.4,23967.1,NIFTY13APR2623950CE,23950.0,CE,160.85,165.5,165.0,165.0,165.0,165.0,0.000933,0.002715,ws,ws,book_ladder,book_ladder,False,False,-4.15,0.5,65,302.25,strategy_S9-149:NIFTY:2026-04-10T09:46:00:LONG
2026-04-10,09:47:20,2026-04-10,09:48:09,NIFTY,BUY,23974.65,23980.9,NIFTY13APR2623950CE,23950.0,CE,170.8,172.0,175.0,170.0,175.0,170.0,0.002051,0.002323,ws,ws,book_ladder,book_ladder,False,False,-4.2,2.0,65,78.0,strategy_S9-149:NIFTY:2026-04-10T09:47:20:LONG
2026-04-10,09:48:12,2026-04-10,09:48:19,NIFTY,SELL,23978.85,23982.1,NIFTY13APR2624000PE,24000.0,PE,168.1,166.25,170.0,165.0,170.0,165.0,0.002382,0.001503,ws,ws,book_ladder,book_ladder,False,False,-1.9,1.25,65,-120.25,strategy_S9-149:NIFTY:2026-04-10T09:48:12:SHORT
2026-04-10,09:48:26,2026-04-10,09:48:42,NIFTY,BUY,23986.9,23987.75,NIFTY13APR2623950CE,23950.0,CE,178.65,175.7,180.0,175.0,180.0,175.0,0.002242,0.002842,ws,ws,book_ladder,book_ladder,False,False,-1.35,0.7,65,-191.75,strategy_S9-149:NIFTY:2026-04-10T09:48:26:LONG
2026-04-10,09:48:54,2026-04-10,09:49:30,NIFTY,SELL,23983.9,23971.35,NIFTY13APR2624000PE,24000.0,PE,167.3,170.0,170.0,170.0,170.0,170.0,0.002094,0.002057,ws,ws,book_ladder,book_ladder,False,False,-2.7,0.0,65,175.5,strategy_S9-149:NIFTY:2026-04-10T09:48:54:SHORT
2026-04-10,09:49:40,2026-04-10,09:49:50,NIFTY,BUY,23973.2,23972.25,NIFTY13APR2623950CE,23950.0,CE,170.5,169.5,175.0,165.0,175.0,165.0,0.001174,0.001179,ws,ws,book_ladder,book_ladder,False,False,-4.5,4.5,65,-65.0,strategy_S9-149:NIFTY:2026-04-10T09:49:40:LONG
2026-04-10,09:50:00,2026-04-10,09:50:42,NIFTY,BUY,23975.6,23980.75,NIFTY13APR2623950CE,23950.0,CE,170.5,173.3,175.0,170.0,175.0,170.0,0.002349,0.002305,ws,ws,book_ladder,book_ladder,False,False,-4.5,3.3,65,182.0,strategy_S9-149:NIFTY:2026-04-10T09:50:00:LONG
2026-04-10,09:51:00,2026-04-10,09:51:08,NIFTY,BUY,23982.25,23979.15,NIFTY13APR2623950CE,23950.0,CE,172.9,171.8,175.0,170.0,175.0,170.0,0.002606,0.001163,ws,ws,book_ladder,book_ladder,False,False,-2.1,1.8,65,-71.5,strategy_S9-149:NIFTY:2026-04-10T09:51:00:LONG
2026-04-10,09:51:28,2026-04-10,09:51:45,NIFTY,SELL,23975.0,23976.25,NIFTY13APR2624000PE,24000.0,PE,168.2,167.0,170.0,165.0,170.0,165.0,0.002381,0.001496,ws,ws,book_ladder,book_ladder,False,False,-1.8,2.0,65,-78.0,strategy_S9-149:NIFTY:2026-04-10T09:51:28:SHORT
2026-04-10,09:52:22,2026-04-10,09:52:45,NIFTY,SELL,23973.85,23975.85,NIFTY13APR2624000PE,24000.0,PE,168.9,167.4,170.0,165.0,170.0,165.0,0.002668,0.002089,ws,ws,book_ladder,book_ladder,False,False,-1.1,2.4,65,-97.5,strategy_S9-149:NIFTY:2026-04-10T09:52:22:SHORT
2026-04-10,09:53:00,2026-04-10,09:53:17,NIFTY,BUY,23980.2,23978.25,NIFTY13APR2623950CE,23950.0,CE,171.5,170.7,175.0,170.0,175.0,170.0,0.002335,0.002341,ws,ws,book_ladder,book_ladder,False,False,-3.5,0.7,65,-52.0,strategy_S9-149:NIFTY:2026-04-10T09:53:00:LONG
2026-04-10,09:53:30,2026-04-10,09:53:42,NIFTY,BUY,23980.45,23978.8,NIFTY13APR2623950CE,23950.0,CE,172.0,172.65,175.0,170.0,175.0,170.0,0.002328,0.002025,ws,ws,book_ladder,book_ladder,False,False,-3.0,2.65,65,42.25,strategy_S9-149:NIFTY:2026-04-10T09:53:30:LONG
2026-04-10,09:53:55,2026-04-10,09:54:21,NIFTY,BUY,23981.6,23986.0,NIFTY13APR2623950CE,23950.0,CE,173.35,175.8,175.0,175.0,175.0,175.0,0.002021,0.002273,ws,ws,book_ladder,book_ladder,False,False,-1.65,0.8,65,159.25,strategy_S9-149:NIFTY:2026-04-10T09:53:55:LONG
2026-04-10,09:54:37,2026-04-10,09:54:43,NIFTY,SELL,23983.7,23985.8,NIFTY13APR2624000PE,24000.0,PE,164.2,162.15,165.0,160.0,165.0,160.0,0.000609,0.000617,ws,ws,book_ladder,book_ladder,False,False,-0.8,2.15,65,-133.25,strategy_S9-149:NIFTY:2026-04-10T09:54:37:SHORT
2026-04-10,09:55:07,2026-04-10,09:55:24,NIFTY,BUY,23989.95,23989.35,NIFTY13APR2623950CE,23950.0,CE,178.4,176.45,180.0,175.0,180.0,175.0,0.002526,0.00283,ws,ws,book_ladder,book_ladder,False,False,-1.6,1.45,65,-126.75,strategy_S9-149:NIFTY:2026-04-10T09:55:07:LONG
2026-04-10,09:55:37,2026-04-10,09:56:00,NIFTY,SELL,23984.25,23983.75,NIFTY13APR2624000PE,24000.0,PE,163.25,164.5,165.0,160.0,165.0,160.0,0.001533,0.002429,ws,ws,book_ladder,book_ladder,False,False,-1.75,4.5,65,81.25,strategy_S9-149:NIFTY:2026-04-10T09:55:37:SHORT
2026-04-10,09:57:00,2026-04-10,09:57:22,NIFTY,BUY,23986.45,23986.35,NIFTY13APR2623950CE,23950.0,CE,176.0,176.0,180.0,175.0,180.0,175.0,0.001991,0.000852,ws,ws,book_ladder,book_ladder,False,False,-4.0,1.0,65,0.0,strategy_S9-149:NIFTY:2026-04-10T09:57:00:LONG
2026-04-10,09:57:30,2026-04-10,09:57:54,NIFTY,BUY,23990.1,23988.0,NIFTY13APR2623950CE,23950.0,CE,177.7,178.6,180.0,175.0,180.0,175.0,0.002254,0.002237,ws,ws,book_ladder,book_ladder,False,False,-2.3,3.6,65,58.5,strategy_S9-149:NIFTY:2026-04-10T09:57:30:LONG
2026-04-10,09:58:12,2026-04-10,09:58:23,NIFTY,BUY,23994.55,23992.85,NIFTY13APR2623950CE,23950.0,CE,179.7,178.45,180.0,175.0,180.0,175.0,0.002228,0.00028,ws,ws,book_ladder,book_ladder,False,False,-0.3,3.45,65,-81.25,strategy_S9-149:NIFTY:2026-04-10T09:58:12:LONG
2026-04-10,09:58:30,2026-04-10,09:58:45,NIFTY,BUY,23995.4,23994.2,NIFTY13APR2623950CE,23950.0,CE,179.5,177.95,180.0,175.0,180.0,175.0,0.001115,0.001965,ws,ws,book_ladder,book_ladder,False,False,-0.5,2.95,65,-100.75,strategy_S9-149:NIFTY:2026-04-10T09:58:30:LONG
2026-04-10,09:59:36,2026-04-10,09:59:45,NIFTY,SELL,23990.95,23992.45,NIFTY13APR2624000PE,24000.0,PE,161.1,160.85,165.0,160.0,165.0,160.0,0.002486,0.002174,ws,ws,book_ladder,book_ladder,False,False,-3.9,0.85,65,-16.25,strategy_S9-149:NIFTY:2026-04-10T09:59:36:SHORT
2026-04-10,09:59:56,2026-04-10,10:00:00,NIFTY,SELL,23988.0,23990.85,NIFTY13APR2624000PE,24000.0,PE,162.5,162.4,165.0,160.0,165.0,160.0,0.002156,0.003074,ws,ws,book_ladder,book_ladder,False,False,-2.5,2.4,65,-6.5,strategy_S9-149:NIFTY:2026-04-10T09:59:56:SHORT
2026-04-10,10:00:16,2026-04-10,10:00:34,NIFTY,BUY,23994.7,23994.15,NIFTY13APR2623950CE,23950.0,CE,178.4,178.55,180.0,175.0,180.0,175.0,0.002245,0.002238,ws,ws,book_ladder,book_ladder,False,False,-1.6,3.55,65,9.75,strategy_S9-149:NIFTY:2026-04-10T10:00:16:LONG
2026-04-10,10:01:25,2026-04-10,10:01:36,NIFTY,SELL,23991.75,23992.0,NIFTY13APR2624000PE,24000.0,PE,161.45,160.1,165.0,160.0,165.0,160.0,0.002791,0.001872,ws,ws,book_ladder,book_ladder,False,False,-3.55,0.1,65,-87.75,strategy_S9-149:NIFTY:2026-04-10T10:01:25:SHORT
2026-04-10,10:01:50,2026-04-10,10:02:07,NIFTY,BUY,23999.35,23999.5,NIFTY13APR2623950CE,23950.0,CE,181.55,181.25,185.0,180.0,185.0,180.0,0.002482,0.00248,ws,ws,book_ladder,book_ladder,False,False,-3.45,1.25,65,-19.5,strategy_S9-149:NIFTY:2026-04-10T10:01:50:LONG
2026-04-10,10:02:10,2026-04-10,10:02:35,NIFTY,SELL,23992.85,23992.8,NIFTY13APR2624000PE,24000.0,PE,159.0,160.6,160.0,160.0,160.0,160.0,0.001889,0.002488,ws,ws,book_ladder,book_ladder,False,False,-1.0,0.6,65,104.0,strategy_S9-149:NIFTY:2026-04-10T10:02:10:SHORT
2026-04-10,10:02:43,2026-04-10,10:03:00,NIFTY,SELL,23987.5,23988.25,NIFTY13APR2624000PE,24000.0,PE,164.4,163.5,165.0,160.0,165.0,160.0,0.002436,0.002443,ws,ws,book_ladder,book_ladder,False,False,-0.6,3.5,65,-58.5,strategy_S9-149:NIFTY:2026-04-10T10:02:43:SHORT
2026-04-10,10:04:00,2026-04-10,10:04:35,NIFTY,SELL,23982.45,23978.15,NIFTY13APR2624000PE,24000.0,PE,167.0,167.3,170.0,165.0,170.0,165.0,0.001198,0.002686,ws,ws,book_ladder,book_ladder,False,False,-3.0,2.3,65,19.5,strategy_S9-149:NIFTY:2026-04-10T10:04:00:SHORT
2026-04-10,10:04:44,2026-04-10,10:05:00,NIFTY,SELL,23973.6,23973.95,NIFTY13APR2624000PE,24000.0,PE,168.85,168.6,170.0,165.0,170.0,165.0,0.002669,0.00237,ws,ws,book_ladder,book_ladder,False,False,-1.15,3.6,65,-16.25,strategy_S9-149:NIFTY:2026-04-10T10:04:44:SHORT
2026-04-10,10:05:10,2026-04-10,10:05:26,NIFTY,SELL,23958.0,23953.1,NIFTY13APR2624000PE,24000.0,PE,175.0,176.85,175.0,175.0,175.0,175.0,0.001716,0.001695,ws,ws,book_ladder,book_ladder,False,False,0.0,1.85,65,120.25,strategy_S9-149:NIFTY:2026-04-10T10:05:10:SHORT
2026-04-10,10:05:40,2026-04-10,10:05:55,NIFTY,SELL,23948.65,23923.15,NIFTY13APR2623950PE,23950.0,PE,152.4,160.0,155.0,160.0,155.0,160.0,0.002628,0.002185,ws,ws,book_ladder,book_ladder,False,False,-2.6,0.0,65,494.0,strategy_S9-149:NIFTY:2026-04-10T10:05:40:SHORT
2026-04-10,10:06:15,2026-04-10,10:06:28,NIFTY,BUY,23941.9,23942.35,NIFTY13APR2623900CE,23900.0,CE,183.85,182.05,185.0,180.0,185.0,180.0,0.002723,0.002469,ws,ws,book_ladder,book_ladder,False,False,-1.15,2.05,65,-117.0,strategy_S9-149:NIFTY:2026-04-10T10:06:15:LONG
2026-04-10,10:07:00,2026-04-10,10:07:17,NIFTY,SELL,23937.4,23938.65,NIFTY13APR2623950PE,23950.0,PE,158.8,157.0,160.0,155.0,160.0,155.0,0.002522,0.002227,ws,ws,book_ladder,book_ladder,False,False,-1.2,2.0,65,-117.0,strategy_S9-149:NIFTY:2026-04-10T10:07:00:SHORT
2026-04-10,10:07:50,2026-04-10,10:07:55,NIFTY,BUY,23942.8,23939.55,NIFTY13APR2623900CE,23900.0,CE,182.2,180.6,185.0,180.0,185.0,180.0,0.001648,0.002212,ws,ws,book_ladder,book_ladder,False,False,-2.8,0.6,65,-104.0,strategy_S9-149:NIFTY:2026-04-10T10:07:50:LONG
2026-04-10,10:08:02,2026-04-10,10:08:06,NIFTY,BUY,23943.55,23939.35,NIFTY13APR2623900CE,23900.0,CE,183.85,181.0,185.0,180.0,185.0,180.0,0.001906,0.001656,ws,ws,book_ladder,book_ladder,False,False,-1.15,1.0,65,-185.25,strategy_S9-149:NIFTY:2026-04-10T10:08:02:LONG
2026-04-10,10:08:10,2026-04-10,10:08:17,NIFTY,SELL,23934.75,23939.0,NIFTY13APR2623950PE,23950.0,PE,161.05,159.15,165.0,155.0,165.0,155.0,0.001865,0.00157,ws,ws,book_ladder,book_ladder,False,False,-3.95,4.15,65,-123.5,strategy_S9-149:NIFTY:2026-04-10T10:08:10:SHORT
2026-04-10,10:08:30,2026-04-10,10:08:38,NIFTY,BUY,23946.45,23944.2,NIFTY13APR2623900CE,23900.0,CE,183.0,182.75,185.0,180.0,185.0,180.0,0.002188,0.002459,ws,ws,book_ladder,book_ladder,False,False,-2.0,2.75,65,-16.25,strategy_S9-149:NIFTY:2026-04-10T10:08:30:LONG
2026-04-10,10:09:06,2026-04-10,10:09:28,NIFTY,BUY,23947.75,23958.8,NIFTY13APR2623900CE,23900.0,CE,184.5,188.55,185.0,185.0,185.0,185.0,0.001356,0.002384,ws,ws,book_ladder,book_ladder,False,False,-0.5,3.55,65,263.25,strategy_S9-149:NIFTY:2026-04-10T10:09:06:LONG
2026-04-10,10:10:21,2026-04-10,10:10:52,NIFTY,BUY,23963.1,23972.8,NIFTY13APR2623950CE,23950.0,CE,160.7,165.05,165.0,165.0,165.0,165.0,0.002492,0.002421,ws,ws,book_ladder,book_ladder,False,False,-4.3,0.05,65,282.75,strategy_S9-149:NIFTY:2026-04-10T10:10:21:LONG
2026-04-10,10:11:15,2026-04-10,10:11:22,NIFTY,BUY,23977.15,23975.1,NIFTY13APR2623950CE,23950.0,CE,166.5,165.4,170.0,165.0,170.0,165.0,0.002104,0.002717,ws,ws,book_ladder,book_ladder,False,False,-3.5,0.4,65,-71.5,strategy_S9-149:NIFTY:2026-04-10T10:11:15:LONG
2026-04-10,10:11:30,2026-04-10,10:11:36,NIFTY,BUY,23977.05,23976.15,NIFTY13APR2623950CE,23950.0,CE,167.45,166.7,170.0,165.0,170.0,165.0,0.002392,0.002995,ws,ws,book_ladder,book_ladder,False,False,-2.55,1.7,65,-48.75,strategy_S9-149:NIFTY:2026-04-10T10:11:30:LONG
2026-04-10,10:12:14,2026-04-10,10:13:01,NIFTY,BUY,23979.75,23984.05,NIFTY13APR2623950CE,23950.0,CE,168.55,169.2,170.0,165.0,170.0,165.0,0.002673,0.002656,ws,ws,book_ladder,book_ladder,False,False,-1.45,4.2,65,42.25,strategy_S9-149:NIFTY:2026-04-10T10:12:14:LONG
2026-04-10,10:13:11,2026-04-10,10:13:49,NIFTY,BUY,23986.25,23992.7,NIFTY13APR2623950CE,23950.0,CE,171.15,175.1,175.0,175.0,175.0,175.0,0.002633,0.002851,ws,ws,book_ladder,book_ladder,False,False,-3.85,0.1,65,256.75,strategy_S9-149:NIFTY:2026-04-10T10:13:11:LONG
2026-04-10,10:14:11,2026-04-10,10:14:19,NIFTY,SELL,23989.8,23992.05,NIFTY13APR2624000PE,24000.0,PE,161.05,158.55,165.0,155.0,165.0,155.0,0.001865,0.002205,ws,ws,book_ladder,book_ladder,False,False,-3.95,3.55,65,-162.5,strategy_S9-149:NIFTY:2026-04-10T10:14:11:SHORT
2026-04-10,10:14:41,2026-04-10,10:14:45,NIFTY,SELL,23989.65,23992.6,NIFTY13APR2624000PE,24000.0,PE,160.8,159.7,165.0,155.0,165.0,155.0,0.002491,0.002189,ws,ws,book_ladder,book_ladder,False,False,-4.2,4.7,65,-71.5,strategy_S9-149:NIFTY:2026-04-10T10:14:41:SHORT
2026-04-10,10:15:00,2026-04-10,10:15:26,NIFTY,BUY,23996.9,24004.25,NIFTY13APR2623950CE,23950.0,CE,179.05,182.9,180.0,180.0,180.0,180.0,0.002237,0.002185,ws,ws,book_ladder,book_ladder,False,False,-0.95,2.9,65,250.25,strategy_S9-149:NIFTY:2026-04-10T10:15:00:LONG
2026-04-10,10:16:11,2026-04-10,10:16:22,NIFTY,SELL,24004.45,24007.3,NIFTY13APR2624050PE,24050.0,PE,177.7,177.2,180.0,175.0,180.0,175.0,0.002254,0.002536,ws,ws,book_ladder,book_ladder,False,False,-2.3,2.2,65,-32.5,strategy_S9-149:NIFTY:2026-04-10T10:16:11:SHORT
2026-04-10,10:16:34,2026-04-10,10:17:02,NIFTY,BUY,24010.6,24011.35,NIFTY13APR2624000CE,24000.0,CE,159.6,159.15,160.0,155.0,160.0,155.0,0.002195,0.00251,ws,ws,book_ladder,book_ladder,False,False,-0.4,4.15,65,-29.25,strategy_S9-149:NIFTY:2026-04-10T10:16:34:LONG
2026-04-10,10:17:10,2026-04-10,10:17:22,NIFTY,BUY,24016.0,24014.2,NIFTY13APR2624000CE,24000.0,CE,161.6,157.85,165.0,155.0,165.0,155.0,0.002168,0.001583,ws,ws,book_ladder,book_ladder,False,False,-3.4,2.85,65,-243.75,strategy_S9-149:NIFTY:2026-04-10T10:17:10:LONG
2026-04-10,10:18:00,2026-04-10,10:18:19,NIFTY,BUY,24011.5,24012.1,NIFTY13APR2624000CE,24000.0,CE,160.0,158.6,160.0,155.0,160.0,155.0,0.002503,0.002519,ws,ws,book_ladder,book_ladder,False,False,0.0,3.6,65,-91.0,strategy_S9-149:NIFTY:2026-04-10T10:18:00:LONG
2026-04-10,10:18:56,2026-04-10,10:19:19,NIFTY,BUY,24012.75,24011.25,NIFTY13APR2624000CE,24000.0,CE,159.5,157.8,160.0,155.0,160.0,155.0,0.002197,0.002216,ws,ws,book_ladder,book_ladder,False,False,-0.5,2.8,65,-110.5,strategy_S9-149:NIFTY:2026-04-10T10:18:56:LONG
2026-04-10,10:19:23,2026-04-10,10:19:41,NIFTY,BUY,24013.8,24012.05,NIFTY13APR2624000CE,24000.0,CE,160.4,158.85,165.0,155.0,165.0,155.0,0.002497,0.002515,ws,ws,book_ladder,book_ladder,False,False,-4.6,3.85,65,-100.75,strategy_S9-149:NIFTY:2026-04-10T10:19:23:LONG
2026-04-10,10:20:00,2026-04-10,10:20:39,NIFTY,BUY,24016.95,24017.9,NIFTY13APR2624000CE,24000.0,CE,161.0,162.3,165.0,160.0,165.0,160.0,0.001554,0.002769,ws,ws,book_ladder,book_ladder,False,False,-4.0,2.3,65,84.5,strategy_S9-149:NIFTY:2026-04-10T10:20:00:LONG
2026-04-10,10:21:03,2026-04-10,10:21:38,NIFTY,BUY,24020.4,24020.5,NIFTY13APR2624000CE,24000.0,CE,163.4,162.45,165.0,160.0,165.0,160.0,0.002758,0.002459,ws,ws,book_ladder,book_ladder,False,False,-1.6,2.45,65,-61.75,strategy_S9-149:NIFTY:2026-04-10T10:21:03:LONG
2026-04-10,10:21:54,2026-04-10,10:22:00,NIFTY,SELL,24016.45,24018.65,NIFTY13APR2624050PE,24050.0,PE,169.7,167.4,170.0,165.0,170.0,165.0,0.001179,0.000896,ws,ws,book_ladder,book_ladder,False,False,-0.3,2.4,65,-149.5,strategy_S9-149:NIFTY:2026-04-10T10:21:54:SHORT
2026-04-10,10:22:50,2026-04-10,10:23:00,NIFTY,SELL,24017.5,24019.25,NIFTY13APR2624050PE,24050.0,PE,166.75,167.65,170.0,165.0,170.0,165.0,0.002101,0.002383,ws,ws,book_ladder,book_ladder,False,False,-3.25,2.65,65,58.5,strategy_S9-149:NIFTY:2026-04-10T10:22:50:SHORT
2026-04-10,10:24:00,2026-04-10,10:24:05,NIFTY,BUY,24020.75,24017.7,NIFTY13APR2624000CE,24000.0,CE,164.4,163.4,165.0,160.0,165.0,160.0,0.002131,0.00275,ws,ws,book_ladder,book_ladder,False,False,-0.6,3.4,65,-65.0,strategy_S9-149:NIFTY:2026-04-10T10:24:00:LONG
2026-04-10,10:24:30,2026-04-10,10:24:36,NIFTY,BUY,24021.1,24017.55,NIFTY13APR2624000CE,24000.0,CE,163.85,162.85,165.0,160.0,165.0,160.0,0.002444,0.002147,ws,ws,book_ladder,book_ladder,False,False,-1.15,2.85,65,-65.0,strategy_S9-149:NIFTY:2026-04-10T10:24:30:LONG
2026-04-10,10:25:20,2026-04-10,10:25:55,NIFTY,BUY,24024.85,24031.3,NIFTY13APR2624000CE,24000.0,CE,166.25,168.0,170.0,165.0,170.0,165.0,0.00271,0.002081,ws,ws,book_ladder,book_ladder,False,False,-3.75,3.0,65,113.75,strategy_S9-149:NIFTY:2026-04-10T10:25:20:LONG
2026-04-10,10:26:20,2026-04-10,10:26:27,NIFTY,BUY,24035.0,24033.2,NIFTY13APR2624000CE,24000.0,CE,169.8,170.0,170.0,170.0,170.0,170.0,0.002358,0.00235,ws,ws,book_ladder,book_ladder,False,False,-0.2,0.0,65,13.0,strategy_S9-149:NIFTY:2026-04-10T10:26:20:LONG
2026-04-10,10:26:50,2026-04-10,10:27:15,NIFTY,SELL,24029.95,24023.8,NIFTY13APR2624050PE,24050.0,PE,161.2,165.3,165.0,165.0,165.0,165.0,0.002174,0.002719,ws,ws,book_ladder,book_ladder,False,False,-3.8,0.3,65,266.5,strategy_S9-149:NIFTY:2026-04-10T10:26:50:SHORT
2026-04-10,10:27:40,2026-04-10,10:27:45,NIFTY,SELL,24016.8,24018.95,NIFTY13APR2624050PE,24050.0,PE,167.9,167.95,170.0,165.0,170.0,165.0,0.001788,0.002082,ws,ws,book_ladder,book_ladder,False,False,-2.1,2.95,65,3.25,strategy_S9-149:NIFTY:2026-04-10T10:27:40:SHORT
2026-04-10,10:27:55,2026-04-10,10:28:43,NIFTY,SELL,24013.95,24009.55,NIFTY13APR2624050PE,24050.0,PE,169.0,171.1,170.0,170.0,170.0,170.0,0.002073,0.002335,ws,ws,book_ladder,book_ladder,False,False,-1.0,1.1,65,136.5,strategy_S9-149:NIFTY:2026-04-10T10:27:55:SHORT
2026-04-10,10:28:50,2026-04-10,10:29:00,NIFTY,SELL,24007.2,24007.1,NIFTY13APR2624050PE,24050.0,PE,171.55,172.4,175.0,170.0,175.0,170.0,0.002334,0.002607,ws,ws,book_ladder,book_ladder,False,False,-3.45,2.4,65,55.25,strategy_S9-149:NIFTY:2026-04-10T10:28:50:SHORT
2026-04-10,10:29:10,2026-04-10,10:29:15,NIFTY,SELL,24002.9,24005.85,NIFTY13APR2624050PE,24050.0,PE,172.6,172.45,175.0,170.0,175.0,170.0,0.00203,0.002028,ws,ws,book_ladder,book_ladder,False,False,-2.4,2.45,65,-9.75,strategy_S9-149:NIFTY:2026-04-10T10:29:10:SHORT
2026-04-10,10:29:43,2026-04-10,10:31:03,NIFTY,BUY,24006.65,24018.45,NIFTY13APR2624000CE,24000.0,CE,157.8,164.6,160.0,160.0,160.0,160.0,0.001268,0.002124,ws,ws,book_ladder,book_ladder,False,False,-2.2,4.6,65,442.0,strategy_S9-149:NIFTY:2026-04-10T10:29:43:LONG
2026-04-10,10:31:13,2026-04-10,10:31:35,NIFTY,BUY,24022.1,24019.4,NIFTY13APR2624000CE,24000.0,CE,164.75,164.6,165.0,160.0,165.0,160.0,0.002735,0.002124,ws,ws,book_ladder,book_ladder,False,False,-0.25,4.6,65,-9.75,strategy_S9-149:NIFTY:2026-04-10T10:31:13:LONG
2026-04-10,10:31:50,2026-04-10,10:32:00,NIFTY,SELL,24015.2,24016.45,NIFTY13APR2624050PE,24050.0,PE,167.85,168.7,170.0,165.0,170.0,165.0,0.000894,0.001777,ws,ws,book_ladder,book_ladder,False,False,-2.15,3.7,65,55.25,strategy_S9-149:NIFTY:2026-04-10T10:31:50:SHORT
2026-04-10,10:32:20,2026-04-10,10:32:37,NIFTY,SELL,24011.05,24008.25,NIFTY13APR2624050PE,24050.0,PE,168.85,169.35,170.0,165.0,170.0,165.0,0.002075,0.00118,ws,ws,book_ladder,book_ladder,False,False,-1.15,4.35,65,32.5,strategy_S9-149:NIFTY:2026-04-10T10:32:20:SHORT
2026-04-10,10:33:12,2026-04-10,10:33:40,NIFTY,SELL,24007.7,24002.75,NIFTY13APR2624050PE,24050.0,PE,171.45,173.55,175.0,170.0,175.0,170.0,0.002043,0.00259,ws,ws,book_ladder,book_ladder,False,False,-3.55,3.55,65,136.5,strategy_S9-149:NIFTY:2026-04-10T10:33:12:SHORT
2026-04-10,10:34:15,2026-04-10,10:35:26,NIFTY,BUY,24005.2,24023.55,NIFTY13APR2624000CE,24000.0,CE,158.85,164.05,160.0,160.0,160.0,160.0,0.00189,0.002435,ws,ws,book_ladder,book_ladder,False,False,-1.15,4.05,65,338.0,strategy_S9-149:NIFTY:2026-04-10T10:34:15:LONG
2026-04-10,10:35:55,2026-04-10,10:36:06,NIFTY,SELL,24017.9,24018.65,NIFTY13APR2624050PE,24050.0,PE,168.55,168.6,170.0,165.0,170.0,165.0,0.001187,0.001778,ws,ws,book_ladder,book_ladder,False,False,-1.45,3.6,65,3.25,strategy_S9-149:NIFTY:2026-04-10T10:35:55:SHORT
2026-04-10,10:36:10,2026-04-10,10:36:35,NIFTY,SELL,24015.55,24016.05,NIFTY13APR2624050PE,24050.0,PE,169.0,167.6,170.0,165.0,170.0,165.0,0.002073,0.002681,ws,ws,book_ladder,book_ladder,False,False,-1.0,2.6,65,-91.0,strategy_S9-149:NIFTY:2026-04-10T10:36:10:SHORT
2026-04-10,10:36:43,2026-04-10,10:36:57,NIFTY,BUY,24018.75,24018.95,NIFTY13APR2624000CE,24000.0,CE,164.35,163.0,165.0,160.0,165.0,160.0,0.002132,0.001226,ws,ws,book_ladder,book_ladder,False,False,-0.65,3.0,65,-87.75,strategy_S9-149:NIFTY:2026-04-10T10:36:43:LONG
2026-04-10,10:37:14,2026-04-10,10:37:30,NIFTY,SELL,24014.3,24011.9,NIFTY13APR2624050PE,24050.0,PE,169.3,171.7,170.0,170.0,170.0,170.0,0.002069,0.001746,ws,ws,book_ladder,book_ladder,False,False,-0.7,1.7,65,156.0,strategy_S9-149:NIFTY:2026-04-10T10:37:14:SHORT
2026-04-10,10:37:51,2026-04-10,10:38:00,NIFTY,SELL,24007.35,24009.3,NIFTY13APR2624050PE,24050.0,PE,170.85,169.55,175.0,165.0,175.0,165.0,0.002051,0.001768,ws,ws,book_ladder,book_ladder,False,False,-4.15,4.55,65,-84.5,strategy_S9-149:NIFTY:2026-04-10T10:37:51:SHORT
2026-04-10,10:38:21,2026-04-10,10:38:30,NIFTY,SELL,24007.4,24009.0,NIFTY13APR2624050PE,24050.0,PE,170.85,171.45,175.0,170.0,175.0,170.0,0.001171,0.002621,ws,ws,book_ladder,book_ladder,False,False,-4.15,1.45,65,39.0,strategy_S9-149:NIFTY:2026-04-10T10:38:21:SHORT
2026-04-10,10:38:55,2026-04-10,10:39:00,NIFTY,SELL,24005.85,24008.35,NIFTY13APR2624050PE,24050.0,PE,172.25,171.55,175.0,170.0,175.0,170.0,0.002325,0.001456,ws,ws,book_ladder,book_ladder,False,False,-2.75,1.55,65,-45.5,strategy_S9-149:NIFTY:2026-04-10T10:38:55:SHORT
2026-04-10,10:40:06,2026-04-10,10:40:22,NIFTY,BUY,24010.3,24007.6,NIFTY13APR2624000CE,24000.0,CE,160.25,157.75,165.0,155.0,165.0,155.0,0.000312,0.0019,ws,ws,book_ladder,book_ladder,False,False,-4.75,2.75,65,-162.5,strategy_S9-149:NIFTY:2026-04-10T10:40:06:LONG
2026-04-10,10:40:30,2026-04-10,10:40:50,NIFTY,BUY,24011.75,24012.45,NIFTY13APR2624000CE,24000.0,CE,159.15,161.65,160.0,160.0,160.0,160.0,0.001572,0.002163,ws,ws,book_ladder,book_ladder,False,False,-0.85,1.65,65,162.5,strategy_S9-149:NIFTY:2026-04-10T10:40:30:LONG
2026-04-10,10:41:30,2026-04-10,10:41:48,NIFTY,SELL,24011.55,24010.15,NIFTY13APR2624050PE,24050.0,PE,170.95,171.9,175.0,170.0,175.0,170.0,0.002049,0.002614,ws,ws,book_ladder,book_ladder,False,False,-4.05,1.9,65,61.75,strategy_S9-149:NIFTY:2026-04-10T10:41:30:SHORT
2026-04-10,10:43:16,2026-04-10,10:43:35,NIFTY,BUY,24013.75,24013.55,NIFTY13APR2624000CE,24000.0,CE,159.6,159.55,160.0,155.0,160.0,155.0,0.001881,0.001879,ws,ws,book_ladder,book_ladder,False,False,-0.4,4.55,65,-3.25,strategy_S9-149:NIFTY:2026-04-10T10:43:16:LONG
2026-04-10,10:43:54,2026-04-10,10:44:00,NIFTY,SELL,24007.8,24010.2,NIFTY13APR2624050PE,24050.0,PE,171.85,172.15,175.0,170.0,175.0,170.0,0.002039,0.001451,ws,ws,book_ladder,book_ladder,False,False,-3.15,2.15,65,19.5,strategy_S9-149:NIFTY:2026-04-10T10:43:54:SHORT
2026-04-10,10:44:16,2026-04-10,10:44:30,NIFTY,SELL,24005.85,24007.5,NIFTY13APR2624050PE,24050.0,PE,172.95,172.3,175.0,170.0,175.0,170.0,0.001447,0.002029,ws,ws,book_ladder,book_ladder,False,False,-2.05,2.3,65,-42.25,strategy_S9-149:NIFTY:2026-04-10T10:44:16:SHORT
2026-04-10,10:44:57,2026-04-10,10:45:15,NIFTY,SELL,24004.6,24003.55,NIFTY13APR2624050PE,24050.0,PE,172.7,173.55,175.0,170.0,175.0,170.0,0.002609,0.002302,ws,ws,book_ladder,book_ladder,False,False,-2.3,3.55,65,55.25,strategy_S9-149:NIFTY:2026-04-10T10:44:57:SHORT
2026-04-10,10:45:31,2026-04-10,10:45:45,NIFTY,SELL,23998.6,23998.65,NIFTY13APR2624000PE,24000.0,PE,153.65,150.65,155.0,150.0,155.0,150.0,0.001954,0.001327,ws,ws,book_ladder,book_ladder,False,False,-1.35,0.65,65,-195.0,strategy_S9-149:NIFTY:2026-04-10T10:45:31:SHORT
2026-04-10,10:46:20,2026-04-10,10:46:35,NIFTY,BUY,24006.95,24004.5,NIFTY13APR2624000CE,24000.0,CE,155.75,155.0,160.0,155.0,160.0,155.0,0.000642,0.001934,ws,ws,book_ladder,book_ladder,False,False,-4.25,0.0,65,-48.75,strategy_S9-149:NIFTY:2026-04-10T10:46:20:LONG
2026-04-10,10:46:43,2026-04-10,10:47:00,NIFTY,SELL,23999.45,23996.9,NIFTY13APR2624000PE,24000.0,PE,149.95,152.35,150.0,150.0,150.0,150.0,0.002671,0.001967,ws,ws,book_ladder,book_ladder,False,False,-0.05,2.35,65,156.0,strategy_S9-149:NIFTY:2026-04-10T10:46:43:SHORT
2026-04-10,10:47:30,2026-04-10,10:47:55,NIFTY,BUY,24003.2,24002.7,NIFTY13APR2624000CE,24000.0,CE,153.65,155.35,155.0,155.0,155.0,155.0,0.001954,0.001929,ws,ws,book_ladder,book_ladder,False,False,-1.35,0.35,65,110.5,strategy_S9-149:NIFTY:2026-04-10T10:47:30:LONG
2026-04-10,10:48:00,2026-04-10,10:48:16,NIFTY,BUY,24006.05,24004.45,NIFTY13APR2624000CE,24000.0,CE,156.9,154.8,160.0,150.0,160.0,150.0,0.002233,0.002581,ws,ws,book_ladder,book_ladder,False,False,-3.1,4.8,65,-136.5,strategy_S9-149:NIFTY:2026-04-10T10:48:00:LONG
2026-04-10,10:48:43,2026-04-10,10:49:00,NIFTY,SELL,23999.85,23996.6,NIFTY13APR2624000PE,24000.0,PE,151.0,152.4,155.0,150.0,155.0,150.0,0.002321,0.002294,ws,ws,book_ladder,book_ladder,False,False,-4.0,2.4,65,91.0,strategy_S9-149:NIFTY:2026-04-10T10:48:43:SHORT
2026-04-10,10:50:10,2026-04-10,10:50:30,NIFTY,SELL,23992.75,23994.1,NIFTY13APR2624000PE,24000.0,PE,153.7,152.5,155.0,150.0,155.0,150.0,0.00228,0.002292,ws,ws,book_ladder,book_ladder,False,False,-1.3,2.5,65,-78.0,strategy_S9-149:NIFTY:2026-04-10T10:50:10:SHORT
2026-04-10,10:50:41,2026-04-10,10:50:50,NIFTY,BUY,23996.25,23994.6,NIFTY13APR2623950CE,23950.0,CE,179.4,177.15,180.0,175.0,180.0,175.0,0.002232,0.00141,ws,ws,book_ladder,book_ladder,False,False,-0.6,2.15,65,-146.25,strategy_S9-149:NIFTY:2026-04-10T10:50:41:LONG
2026-04-10,10:51:10,2026-04-10,10:51:15,NIFTY,SELL,23990.35,23993.0,NIFTY13APR2624000PE,24000.0,PE,153.8,152.9,155.0,150.0,155.0,150.0,0.002604,0.002286,ws,ws,book_ladder,book_ladder,False,False,-1.2,2.9,65,-58.5,strategy_S9-149:NIFTY:2026-04-10T10:51:10:SHORT
2026-04-10,10:51:45,2026-04-10,10:51:54,NIFTY,BUY,23994.45,23993.05,NIFTY13APR2623950CE,23950.0,CE,177.6,177.0,180.0,175.0,180.0,175.0,0.002255,0.002257,ws,ws,book_ladder,book_ladder,False,False,-2.4,2.0,65,-39.0,strategy_S9-149:NIFTY:2026-04-10T10:51:45:LONG
2026-04-10,10:52:10,2026-04-10,10:52:30,NIFTY,SELL,23988.55,23989.85,NIFTY13APR2624000PE,24000.0,PE,154.9,154.35,155.0,150.0,155.0,150.0,0.001939,0.000971,ws,ws,book_ladder,book_ladder,False,False,-0.1,4.35,65,-35.75,strategy_S9-149:NIFTY:2026-04-10T10:52:10:SHORT
2026-04-10,10:53:00,2026-04-10,10:53:14,NIFTY,BUY,23991.9,23989.45,NIFTY13APR2623950CE,23950.0,CE,175.95,176.0,180.0,175.0,180.0,175.0,0.000569,0.001987,ws,ws,book_ladder,book_ladder,False,False,-4.05,1.0,65,3.25,strategy_S9-149:NIFTY:2026-04-10T10:53:00:LONG
2026-04-10,10:53:22,2026-04-10,10:53:30,NIFTY,SELL,23985.7,23986.7,NIFTY13APR2624000PE,24000.0,PE,154.95,155.0,155.0,155.0,155.0,155.0,0.001938,0.001612,ws,ws,book_ladder,book_ladder,False,False,-0.05,0.0,65,3.25,strategy_S9-149:NIFTY:2026-04-10T10:53:22:SHORT
2026-04-10,10:53:52,2026-04-10,10:53:59,NIFTY,BUY,23989.75,23989.2,NIFTY13APR2623950CE,23950.0,CE,177.4,175.95,180.0,175.0,180.0,175.0,0.001128,0.002271,ws,ws,book_ladder,book_ladder,False,False,-2.6,0.95,65,-94.25,strategy_S9-149:NIFTY:2026-04-10T10:53:52:LONG
2026-04-10,10:54:41,2026-04-10,10:54:50,NIFTY,BUY,23988.75,23987.05,NIFTY13APR2623950CE,23950.0,CE,177.05,175.15,180.0,175.0,180.0,175.0,0.001413,0.002281,ws,ws,book_ladder,book_ladder,False,False,-2.95,0.15,65,-123.5,strategy_S9-149:NIFTY:2026-04-10T10:54:41:LONG
2026-04-10,10:55:11,2026-04-10,10:55:30,NIFTY,SELL,23985.6,23985.2,NIFTY13APR2624000PE,24000.0,PE,154.1,154.25,155.0,150.0,155.0,150.0,0.002599,0.002266,ws,ws,book_ladder,book_ladder,False,False,-0.9,4.25,65,9.75,strategy_S9-149:NIFTY:2026-04-10T10:55:11:SHORT
2026-04-10,10:56:22,2026-04-10,10:56:30,NIFTY,SELL,23982.8,23983.5,NIFTY13APR2624000PE,24000.0,PE,157.35,156.65,160.0,155.0,160.0,155.0,0.000954,0.001913,ws,ws,book_ladder,book_ladder,False,False,-2.65,1.65,65,-45.5,strategy_S9-149:NIFTY:2026-04-10T10:56:22:SHORT
2026-04-10,10:57:00,2026-04-10,10:57:45,NIFTY,SELL,23979.75,23974.3,NIFTY13APR2624000PE,24000.0,PE,157.95,160.45,160.0,160.0,160.0,160.0,0.002536,0.002179,ws,ws,book_ladder,book_ladder,False,False,-2.05,0.45,65,162.5,strategy_S9-149:NIFTY:2026-04-10T10:57:00:SHORT
2026-04-10,10:57:51,2026-04-10,10:58:00,NIFTY,SELL,23972.5,23973.8,NIFTY13APR2624000PE,24000.0,PE,161.35,162.2,165.0,160.0,165.0,160.0,0.002172,0.002156,ws,ws,book_ladder,book_ladder,False,False,-3.65,2.2,65,55.25,strategy_S9-149:NIFTY:2026-04-10T10:57:51:SHORT
2026-04-10,10:58:11,2026-04-10,11:00:06,NIFTY,BUY,23974.95,23999.45,NIFTY13APR2623950CE,23950.0,CE,169.8,183.4,170.0,180.0,170.0,180.0,0.002358,0.002723,ws,ws,book_ladder,book_ladder,False,False,-0.2,3.4,65,884.0,strategy_S9-149:NIFTY:2026-04-10T10:58:11:LONG
2026-04-10,11:00:20,2026-04-10,11:00:34,NIFTY,BUY,24003.0,24000.5,NIFTY13APR2624000CE,24000.0,CE,157.2,155.1,160.0,155.0,160.0,155.0,0.002867,0.002576,ws,ws,book_ladder,book_ladder,False,False,-2.8,0.1,65,-136.5,strategy_S9-149:NIFTY:2026-04-10T11:00:20:LONG
2026-04-10,11:00:46,2026-04-10,11:00:57,NIFTY,SELL,23997.85,23999.2,NIFTY13APR2624000PE,24000.0,PE,150.65,149.1,155.0,145.0,155.0,145.0,0.001993,0.00067,ws,ws,book_ladder,book_ladder,False,False,-4.35,4.1,65,-100.75,strategy_S9-149:NIFTY:2026-04-10T11:00:46:SHORT
2026-04-10,11:01:00,2026-04-10,11:01:40,NIFTY,BUY,24003.0,24009.6,NIFTY13APR2624000CE,24000.0,CE,157.0,159.4,160.0,155.0,160.0,155.0,0.002232,0.001567,ws,ws,book_ladder,book_ladder,False,False,-3.0,4.4,65,156.0,strategy_S9-149:NIFTY:2026-04-10T11:01:00:LONG
2026-04-10,11:02:05,2026-04-10,11:02:11,NIFTY,SELL,24006.95,24008.95,NIFTY13APR2624050PE,24050.0,PE,171.75,169.6,175.0,165.0,175.0,165.0,0.002624,0.001179,ws,ws,book_ladder,book_ladder,False,False,-3.25,4.6,65,-139.75,strategy_S9-149:NIFTY:2026-04-10T11:02:05:SHORT
2026-04-10,11:02:20,2026-04-10,11:02:30,NIFTY,SELL,24007.5,24008.45,NIFTY13APR2624050PE,24050.0,PE,171.0,171.75,175.0,170.0,175.0,170.0,0.001756,0.001745,ws,ws,book_ladder,book_ladder,False,False,-4.0,1.75,65,48.75,strategy_S9-149:NIFTY:2026-04-10T11:02:20:SHORT
2026-04-10,11:02:51,2026-04-10,11:03:16,NIFTY,SELL,24004.15,24000.85,NIFTY13APR2624050PE,24050.0,PE,173.9,176.5,175.0,175.0,175.0,175.0,0.001727,0.002264,ws,ws,book_ladder,book_ladder,False,False,-1.1,1.5,65,169.0,strategy_S9-149:NIFTY:2026-04-10T11:02:51:SHORT
2026-04-10,11:03:27,2026-04-10,11:03:33,NIFTY,SELL,23997.95,23999.9,NIFTY13APR2624000PE,24000.0,PE,153.7,151.2,155.0,150.0,155.0,150.0,0.00228,0.002312,ws,ws,book_ladder,book_ladder,False,False,-1.3,1.2,65,-162.5,strategy_S9-149:NIFTY:2026-04-10T11:03:27:SHORT
2026-04-10,11:04:10,2026-04-10,11:04:18,NIFTY,SELL,23998.1,23999.75,NIFTY13APR2624000PE,24000.0,PE,153.0,152.3,155.0,150.0,155.0,150.0,0.001308,0.001968,ws,ws,book_ladder,book_ladder,False,False,-2.0,2.3,65,-45.5,strategy_S9-149:NIFTY:2026-04-10T11:04:10:SHORT
2026-04-10,11:04:45,2026-04-10,11:04:52,NIFTY,BUY,24003.6,24001.8,NIFTY13APR2624000CE,24000.0,CE,156.35,156.15,160.0,155.0,160.0,155.0,0.002241,0.002239,ws,ws,book_ladder,book_ladder,False,False,-3.65,1.15,65,-13.0,strategy_S9-149:NIFTY:2026-04-10T11:04:45:LONG
2026-04-10,11:05:35,2026-04-10,11:05:56,NIFTY,SELL,23998.65,23997.35,NIFTY13APR2624000PE,24000.0,PE,153.0,152.1,155.0,150.0,155.0,150.0,0.000654,0.001314,ws,ws,book_ladder,book_ladder,False,False,-2.0,2.1,65,-58.5,strategy_S9-149:NIFTY:2026-04-10T11:05:35:SHORT
2026-04-10,11:07:10,2026-04-10,11:07:30,NIFTY,SELL,23996.5,23998.15,NIFTY13APR2624000PE,24000.0,PE,152.0,150.75,155.0,150.0,155.0,150.0,0.001646,0.000332,ws,ws,book_ladder,book_ladder,False,False,-3.0,0.75,65,-81.25,strategy_S9-149:NIFTY:2026-04-10T11:07:10:SHORT
2026-04-10,11:08:00,2026-04-10,11:08:33,NIFTY,BUY,24000.4,24002.2,NIFTY13APR2624000CE,24000.0,CE,154.55,155.0,155.0,155.0,155.0,155.0,0.002592,0.002577,ws,ws,book_ladder,book_ladder,False,False,-0.45,0.0,65,29.25,strategy_S9-149:NIFTY:2026-04-10T11:08:00:LONG
2026-04-10,11:08:58,2026-04-10,11:09:36,NIFTY,BUY,24004.8,24007.05,NIFTY13APR2624000CE,24000.0,CE,156.2,158.05,160.0,155.0,160.0,155.0,0.002243,0.002528,ws,ws,book_ladder,book_ladder,False,False,-3.8,3.05,65,120.25,strategy_S9-149:NIFTY:2026-04-10T11:08:58:LONG
2026-04-10,11:10:53,2026-04-10,11:11:38,NIFTY,BUY,24011.45,24016.4,NIFTY13APR2624000CE,24000.0,CE,160.3,161.2,165.0,160.0,165.0,160.0,0.001873,0.00155,ws,ws,book_ladder,book_ladder,False,False,-4.7,1.2,65,58.5,strategy_S9-149:NIFTY:2026-04-10T11:10:53:LONG
2026-04-10,11:12:45,2026-04-10,11:12:51,NIFTY,BUY,24017.25,24015.35,NIFTY13APR2624000CE,24000.0,CE,161.45,161.0,165.0,160.0,165.0,160.0,0.002481,0.001862,ws,ws,book_ladder,book_ladder,False,False,-3.55,1.0,65,-29.25,strategy_S9-149:NIFTY:2026-04-10T11:12:45:LONG
2026-04-10,11:13:16,2026-04-10,11:13:28,NIFTY,BUY,24019.4,24018.7,NIFTY13APR2624000CE,24000.0,CE,162.25,160.7,165.0,160.0,165.0,160.0,0.002468,0.000933,ws,ws,book_ladder,book_ladder,False,False,-2.75,0.7,65,-100.75,strategy_S9-149:NIFTY:2026-04-10T11:13:16:LONG
2026-04-10,11:13:52,2026-04-10,11:14:15,NIFTY,SELL,24014.0,24015.5,NIFTY13APR2624050PE,24050.0,PE,167.95,168.25,170.0,165.0,170.0,165.0,0.002086,0.001485,ws,ws,book_ladder,book_ladder,False,False,-2.05,3.25,65,19.5,strategy_S9-149:NIFTY:2026-04-10T11:13:52:SHORT
2026-04-10,11:14:20,2026-04-10,11:14:29,NIFTY,SELL,24013.5,24014.35,NIFTY13APR2624050PE,24050.0,PE,168.4,167.7,170.0,165.0,170.0,165.0,0.002676,0.002382,ws,ws,book_ladder,book_ladder,False,False,-1.6,2.7,65,-45.5,strategy_S9-149:NIFTY:2026-04-10T11:14:20:SHORT
2026-04-10,11:14:44,2026-04-10,11:14:59,NIFTY,SELL,24011.45,24013.3,NIFTY13APR2624050PE,24050.0,PE,169.45,168.45,170.0,165.0,170.0,165.0,0.002068,0.002076,ws,ws,book_ladder,book_ladder,False,False,-0.55,3.45,65,-65.0,strategy_S9-149:NIFTY:2026-04-10T11:14:44:SHORT
2026-04-10,11:15:15,2026-04-10,11:15:25,NIFTY,BUY,24014.8,24013.6,NIFTY13APR2624000CE,24000.0,CE,160.4,160.2,165.0,160.0,165.0,160.0,0.001248,0.000624,ws,ws,book_ladder,book_ladder,False,False,-4.6,0.2,65,-13.0,strategy_S9-149:NIFTY:2026-04-10T11:15:15:LONG
2026-04-10,11:15:40,2026-04-10,11:16:30,NIFTY,SELL,24010.75,24002.65,NIFTY13APR2624050PE,24050.0,PE,168.25,170.2,170.0,170.0,170.0,170.0,0.00238,0.001468,ws,ws,book_ladder,book_ladder,False,False,-1.75,0.2,65,126.75,strategy_S9-149:NIFTY:2026-04-10T11:15:40:SHORT
2026-04-10,11:17:35,2026-04-10,11:18:15,NIFTY,SELL,23999.05,23988.85,NIFTY13APR2624000PE,24000.0,PE,147.65,153.0,150.0,150.0,150.0,150.0,0.002034,0.002611,ws,ws,book_ladder,book_ladder,False,False,-2.35,3.0,65,347.75,strategy_S9-149:NIFTY:2026-04-10T11:17:35:SHORT
2026-04-10,11:18:44,2026-04-10,11:19:00,NIFTY,SELL,23987.65,23987.45,NIFTY13APR2624000PE,24000.0,PE,152.7,154.7,155.0,150.0,155.0,150.0,0.002623,0.00226,ws,ws,book_ladder,book_ladder,False,False,-2.3,4.7,65,130.0,strategy_S9-149:NIFTY:2026-04-10T11:18:44:SHORT
2026-04-10,11:19:45,2026-04-10,11:20:12,NIFTY,BUY,23989.8,23993.9,NIFTY13APR2623950CE,23950.0,CE,175.95,178.05,180.0,175.0,180.0,175.0,0.001991,0.002524,ws,ws,book_ladder,book_ladder,False,False,-4.05,3.05,65,136.5,strategy_S9-149:NIFTY:2026-04-10T11:19:45:LONG
2026-04-10,11:21:20,2026-04-10,11:21:32,NIFTY,SELL,23990.95,23991.95,NIFTY13APR2624000PE,24000.0,PE,152.0,153.2,155.0,150.0,155.0,150.0,0.001646,0.002608,ws,ws,book_ladder,book_ladder,False,False,-3.0,3.2,65,78.0,strategy_S9-149:NIFTY:2026-04-10T11:21:20:SHORT
2026-04-10,11:21:41,2026-04-10,11:21:55,NIFTY,BUY,23996.7,23999.15,NIFTY13APR2623950CE,23950.0,CE,180.6,180.05,185.0,180.0,185.0,180.0,0.002495,0.002496,ws,ws,book_ladder,book_ladder,False,False,-4.4,0.05,65,-35.75,strategy_S9-149:NIFTY:2026-04-10T11:21:41:LONG
2026-04-10,11:22:30,2026-04-10,11:22:50,NIFTY,BUY,23998.15,23998.95,NIFTY13APR2623950CE,23950.0,CE,179.6,181.5,180.0,180.0,180.0,180.0,0.001951,0.001927,ws,ws,book_ladder,book_ladder,False,False,-0.4,1.5,65,123.5,strategy_S9-149:NIFTY:2026-04-10T11:22:30:LONG
2026-04-10,11:23:17,2026-04-10,11:23:45,NIFTY,SELL,23996.9,23996.2,NIFTY13APR2624000PE,24000.0,PE,149.85,149.15,150.0,145.0,150.0,145.0,0.002338,0.002344,ws,ws,book_ladder,book_ladder,False,False,-0.15,4.15,65,-45.5,strategy_S9-149:NIFTY:2026-04-10T11:23:17:SHORT
2026-04-10,11:24:11,2026-04-10,11:24:30,NIFTY,SELL,23993.55,23993.8,NIFTY13APR2624000PE,24000.0,PE,150.85,151.1,155.0,150.0,155.0,150.0,0.001991,0.002314,ws,ws,book_ladder,book_ladder,False,False,-4.15,1.1,65,16.25,strategy_S9-149:NIFTY:2026-04-10T11:24:11:SHORT
2026-04-10,11:24:44,2026-04-10,11:24:53,NIFTY,SELL,23990.8,23992.85,NIFTY13APR2624000PE,24000.0,PE,151.85,150.7,155.0,150.0,155.0,150.0,0.002308,0.00232,ws,ws,book_ladder,book_ladder,False,False,-3.15,0.7,65,-74.75,strategy_S9-149:NIFTY:2026-04-10T11:24:44:SHORT
2026-04-10,11:25:11,2026-04-10,11:25:28,NIFTY,BUY,23996.4,24000.7,NIFTY13APR2623950CE,23950.0,CE,179.3,180.15,180.0,180.0,180.0,180.0,0.001395,0.002218,ws,ws,book_ladder,book_ladder,False,False,-0.7,0.15,65,55.25,strategy_S9-149:NIFTY:2026-04-10T11:25:11:LONG
2026-04-10,11:25:58,2026-04-10,11:26:29,NIFTY,BUY,24001.35,24002.15,NIFTY13APR2624000CE,24000.0,CE,153.45,154.95,155.0,150.0,155.0,150.0,0.00261,0.000968,ws,ws,book_ladder,book_ladder,False,False,-1.55,4.95,65,97.5,strategy_S9-149:NIFTY:2026-04-10T11:25:58:LONG
2026-04-10,11:27:11,2026-04-10,11:27:21,NIFTY,SELL,24000.4,24001.25,NIFTY13APR2624050PE,24050.0,PE,172.7,170.85,175.0,170.0,175.0,170.0,0.001739,0.002338,ws,ws,book_ladder,book_ladder,False,False,-2.3,0.85,65,-120.25,strategy_S9-149:NIFTY:2026-04-10T11:27:11:SHORT
2026-04-10,11:27:53,2026-04-10,11:29:00,NIFTY,SELL,23999.2,23987.6,NIFTY13APR2624000PE,24000.0,PE,147.2,152.35,150.0,150.0,150.0,150.0,0.00204,0.000984,ws,ws,book_ladder,book_ladder,False,False,-2.8,2.35,65,334.75,strategy_S9-149:NIFTY:2026-04-10T11:27:53:SHORT
2026-04-10,11:30:15,2026-04-10,11:30:29,NIFTY,BUY,23981.45,23978.45,NIFTY13APR2623950CE,23950.0,CE,174.95,174.9,175.0,175.0,175.0,170.0,0.002575,0.002284,ws,ws,book_ladder,book_ladder,False,True,-0.05,-0.1,65,-3.25,strategy_S9-149:NIFTY:2026-04-10T11:30:15:LONG
2026-04-10,11:31:00,2026-04-10,11:31:11,NIFTY,BUY,23984.15,23983.3,NIFTY13APR2623950CE,23950.0,CE,178.35,177.55,180.0,175.0,180.0,175.0,0.002245,0.001969,ws,ws,book_ladder,book_ladder,False,False,-1.65,2.55,65,-52.0,strategy_S9-149:NIFTY:2026-04-10T11:31:00:LONG
2026-04-10,11:31:23,2026-04-10,11:31:40,NIFTY,BUY,23987.1,23992.55,NIFTY13APR2623950CE,23950.0,CE,179.25,179.65,180.0,175.0,180.0,175.0,0.002514,0.001946,ws,ws,book_ladder,book_ladder,False,False,-0.75,4.65,65,26.0,strategy_S9-149:NIFTY:2026-04-10T11:31:23:LONG
2026-04-10,11:32:07,2026-04-10,11:32:56,NIFTY,BUY,23995.4,23998.3,NIFTY13APR2623950CE,23950.0,CE,180.0,179.05,180.0,175.0,180.0,175.0,0.001946,0.001395,ws,ws,book_ladder,book_ladder,False,False,0.0,4.05,65,-61.75,strategy_S9-149:NIFTY:2026-04-10T11:32:07:LONG
2026-04-10,11:33:10,2026-04-10,11:33:24,NIFTY,SELL,23995.3,23998.75,NIFTY13APR2624000PE,24000.0,PE,148.5,147.65,150.0,145.0,150.0,145.0,0.001685,0.002368,ws,ws,book_ladder,book_ladder,False,False,-1.5,2.65,65,-55.25,strategy_S9-149:NIFTY:2026-04-10T11:33:10:SHORT
2026-04-10,11:33:41,2026-04-10,11:33:52,NIFTY,BUY,23999.7,23999.7,NIFTY13APR2623950CE,23950.0,CE,178.5,177.4,180.0,175.0,180.0,175.0,0.001963,0.00169,ws,ws,book_ladder,book_ladder,False,False,-1.5,2.4,65,-71.5,strategy_S9-149:NIFTY:2026-04-10T11:33:41:LONG
2026-04-10,11:34:10,2026-04-10,11:34:17,NIFTY,BUY,24002.65,24001.55,NIFTY13APR2624000CE,24000.0,CE,150.75,150.9,155.0,150.0,155.0,150.0,0.002657,0.000662,ws,ws,book_ladder,book_ladder,False,False,-4.25,0.9,65,9.75,strategy_S9-149:NIFTY:2026-04-10T11:34:10:LONG
2026-04-10,11:34:21,2026-04-10,11:34:32,NIFTY,BUY,24004.95,24003.9,NIFTY13APR2624000CE,24000.0,CE,150.2,150.25,155.0,150.0,155.0,150.0,0.001332,0.00133,ws,ws,book_ladder,book_ladder,False,False,-4.8,0.25,65,3.25,strategy_S9-149:NIFTY:2026-04-10T11:34:21:LONG
2026-04-10,11:35:15,2026-04-10,11:35:19,NIFTY,BUY,24006.7,24004.1,NIFTY13APR2624000CE,24000.0,CE,152.7,151.65,155.0,150.0,155.0,150.0,0.001311,0.002305,ws,ws,book_ladder,book_ladder,False,False,-2.3,1.65,65,-68.25,strategy_S9-149:NIFTY:2026-04-10T11:35:15:LONG
2026-04-10,11:35:31,2026-04-10,11:35:45,NIFTY,SELL,24001.65,24002.55,NIFTY13APR2624050PE,24050.0,PE,172.65,171.45,175.0,170.0,175.0,170.0,0.00232,0.001748,ws,ws,book_ladder,book_ladder,False,False,-2.35,1.45,65,-78.0,strategy_S9-149:NIFTY:2026-04-10T11:35:31:SHORT
2026-04-10,11:36:10,2026-04-10,11:38:00,NIFTY,SELL,24001.0,23984.05,NIFTY13APR2624050PE,24050.0,PE,171.85,180.6,175.0,180.0,175.0,180.0,0.00233,0.002212,ws,ws,book_ladder,book_ladder,False,False,-3.15,0.6,65,568.75,strategy_S9-149:NIFTY:2026-04-10T11:36:10:SHORT
2026-04-10,11:38:30,2026-04-10,11:38:35,NIFTY,BUY,23986.5,23983.35,NIFTY13APR2623950CE,23950.0,CE,173.3,171.85,175.0,170.0,175.0,170.0,0.001733,0.002035,ws,ws,book_ladder,book_ladder,False,False,-1.7,1.85,65,-94.25,strategy_S9-149:NIFTY:2026-04-10T11:38:30:LONG
2026-04-10,11:39:13,2026-04-10,11:39:30,NIFTY,BUY,23990.7,23995.95,NIFTY13APR2623950CE,23950.0,CE,175.75,177.25,180.0,175.0,180.0,175.0,0.001708,0.002536,ws,ws,book_ladder,book_ladder,False,False,-4.25,2.25,65,97.5,strategy_S9-149:NIFTY:2026-04-10T11:39:13:LONG
2026-04-10,11:39:48,2026-04-10,11:40:00,NIFTY,SELL,23986.8,23985.95,NIFTY13APR2624000PE,24000.0,PE,152.65,153.7,155.0,150.0,155.0,150.0,0.002295,0.002599,ws,ws,book_ladder,book_ladder,False,False,-2.35,3.7,65,68.25,strategy_S9-149:NIFTY:2026-04-10T11:39:48:SHORT
2026-04-10,11:40:14,2026-04-10,11:40:20,NIFTY,BUY,23988.75,23988.05,NIFTY13APR2623950CE,23950.0,CE,174.0,174.15,175.0,170.0,175.0,170.0,0.001726,0.002008,ws,ws,book_ladder,book_ladder,False,False,-1.0,4.15,65,9.75,strategy_S9-149:NIFTY:2026-04-10T11:40:14:LONG
2026-04-10,11:40:50,2026-04-10,11:41:15,NIFTY,SELL,23984.3,23981.85,NIFTY13APR2624000PE,24000.0,PE,154.75,155.4,155.0,155.0,155.0,155.0,0.001617,0.00225,ws,ws,book_ladder,book_ladder,False,False,-0.25,0.4,65,42.25,strategy_S9-149:NIFTY:2026-04-10T11:40:50:SHORT
2026-04-10,11:42:14,2026-04-10,11:42:40,NIFTY,SELL,23976.5,23974.65,NIFTY13APR2624000PE,24000.0,PE,157.9,158.25,160.0,155.0,160.0,155.0,0.002219,0.002524,ws,ws,book_ladder,book_ladder,False,False,-2.1,3.25,65,22.75,strategy_S9-149:NIFTY:2026-04-10T11:42:14:SHORT
2026-04-10,11:43:30,2026-04-10,11:43:51,NIFTY,BUY,23979.25,23983.55,NIFTY13APR2623950CE,23950.0,CE,168.2,170.2,170.0,170.0,170.0,170.0,0.002083,0.001174,ws,ws,book_ladder,book_ladder,False,False,-1.8,0.2,65,130.0,strategy_S9-149:NIFTY:2026-04-10T11:43:30:LONG
2026-04-10,11:44:10,2026-04-10,11:44:20,NIFTY,BUY,23988.25,23985.3,NIFTY13APR2623950CE,23950.0,CE,170.8,169.75,175.0,165.0,175.0,165.0,0.002051,0.003528,ws,ws,book_ladder,book_ladder,False,False,-4.2,4.75,65,-68.25,strategy_S9-149:NIFTY:2026-04-10T11:44:10:LONG
2026-04-10,11:44:36,2026-04-10,11:44:44,NIFTY,SELL,23979.0,23980.9,NIFTY13APR2624000PE,24000.0,PE,156.8,156.9,160.0,155.0,160.0,155.0,0.002874,0.002546,ws,ws,book_ladder,book_ladder,False,False,-3.2,1.9,65,6.5,strategy_S9-149:NIFTY:2026-04-10T11:44:36:SHORT
2026-04-10,11:45:23,2026-04-10,11:45:27,NIFTY,BUY,23984.35,23981.7,NIFTY13APR2623950CE,23950.0,CE,170.5,169.4,175.0,165.0,175.0,165.0,0.001761,0.002358,ws,ws,book_ladder,book_ladder,False,False,-4.5,4.4,65,-71.5,strategy_S9-149:NIFTY:2026-04-10T11:45:23:LONG
2026-04-10,11:45:50,2026-04-10,11:45:55,NIFTY,BUY,23985.35,23984.25,NIFTY13APR2623950CE,23950.0,CE,171.3,170.9,175.0,170.0,175.0,170.0,0.00263,0.002338,ws,ws,book_ladder,book_ladder,False,False,-3.7,0.9,65,-26.0,strategy_S9-149:NIFTY:2026-04-10T11:45:50:LONG
2026-04-10,11:46:00,2026-04-10,11:46:11,NIFTY,BUY,23986.6,23984.6,NIFTY13APR2623950CE,23950.0,CE,170.4,169.5,175.0,165.0,175.0,165.0,0.001762,0.001768,ws,ws,book_ladder,book_ladder,False,False,-4.6,4.5,65,-58.5,strategy_S9-149:NIFTY:2026-04-10T11:46:00:LONG
2026-04-10,11:46:47,2026-04-10,11:46:58,NIFTY,SELL,23978.35,23979.25,NIFTY13APR2624000PE,24000.0,PE,157.85,155.5,160.0,155.0,160.0,155.0,0.002537,0.002569,ws,ws,book_ladder,book_ladder,False,False,-2.15,0.5,65,-152.75,strategy_S9-149:NIFTY:2026-04-10T11:46:47:SHORT
2026-04-10,11:47:10,2026-04-10,11:47:15,NIFTY,SELL,23977.3,23978.15,NIFTY13APR2624000PE,24000.0,PE,157.95,157.0,160.0,155.0,160.0,155.0,0.002218,0.002227,ws,ws,book_ladder,book_ladder,False,False,-2.05,2.0,65,-61.75,strategy_S9-149:NIFTY:2026-04-10T11:47:10:SHORT
2026-04-10,11:47:50,2026-04-10,11:48:12,NIFTY,SELL,23975.15,23956.85,NIFTY13APR2624000PE,24000.0,PE,158.4,167.8,160.0,165.0,160.0,165.0,0.002212,0.002975,ws,ws,book_ladder,book_ladder,False,False,-1.6,2.8,65,611.0,strategy_S9-149:NIFTY:2026-04-10T11:47:50:SHORT
2026-04-10,11:48:41,2026-04-10,11:48:57,NIFTY,BUY,23963.65,23964.2,NIFTY13APR2623950CE,23950.0,CE,163.35,161.75,165.0,160.0,165.0,160.0,0.002145,0.002161,ws,ws,book_ladder,book_ladder,False,False,-1.65,1.75,65,-104.0,strategy_S9-149:NIFTY:2026-04-10T11:48:41:LONG
2026-04-10,11:49:12,2026-04-10,11:49:30,NIFTY,SELL,23960.05,23956.35,NIFTY13APR2624000PE,24000.0,PE,168.7,170.2,170.0,170.0,170.0,170.0,0.002968,0.002933,ws,ws,book_ladder,book_ladder,False,False,-1.3,0.2,65,97.5,strategy_S9-149:NIFTY:2026-04-10T11:49:12:SHORT
2026-04-10,11:49:59,2026-04-10,11:50:50,NIFTY,BUY,23964.65,23979.2,NIFTY13APR2623950CE,23950.0,CE,161.25,167.75,165.0,165.0,165.0,165.0,0.001552,0.002084,ws,ws,book_ladder,book_ladder,False,False,-3.75,2.75,65,422.5,strategy_S9-149:NIFTY:2026-04-10T11:49:59:LONG
2026-04-10,11:51:00,2026-04-10,11:51:16,NIFTY,BUY,23983.85,23985.15,NIFTY13APR2623950CE,23950.0,CE,170.6,171.2,175.0,170.0,175.0,170.0,0.002054,0.002042,ws,ws,book_ladder,book_ladder,False,False,-4.4,1.2,65,39.0,strategy_S9-149:NIFTY:2026-04-10T11:51:00:LONG
2026-04-10,11:51:40,2026-04-10,11:52:05,NIFTY,BUY,23987.85,23986.9,NIFTY13APR2623950CE,23950.0,CE,172.35,170.55,175.0,170.0,175.0,170.0,0.002324,0.002343,ws,ws,book_ladder,book_ladder,False,False,-2.65,0.55,65,-117.0,strategy_S9-149:NIFTY:2026-04-10T11:51:40:LONG
2026-04-10,11:52:10,2026-04-10,11:52:23,NIFTY,SELL,23983.4,23983.6,NIFTY13APR2624000PE,24000.0,PE,156.65,155.5,160.0,155.0,160.0,155.0,0.002237,0.001927,ws,ws,book_ladder,book_ladder,False,False,-3.35,0.5,65,-74.75,strategy_S9-149:NIFTY:2026-04-10T11:52:10:SHORT
2026-04-10,11:53:00,2026-04-10,11:53:27,NIFTY,SELL,23981.4,23980.95,NIFTY13APR2624000PE,24000.0,PE,156.35,156.3,160.0,155.0,160.0,155.0,0.002241,0.002237,ws,ws,book_ladder,book_ladder,False,False,-3.65,1.3,65,-3.25,strategy_S9-149:NIFTY:2026-04-10T11:53:00:SHORT
2026-04-10,11:53:38,2026-04-10,11:53:41,NIFTY,SELL,23977.4,23980.15,NIFTY13APR2624000PE,24000.0,PE,158.6,158.0,160.0,155.0,160.0,155.0,0.002209,0.002844,ws,ws,book_ladder,book_ladder,False,False,-1.4,3.0,65,-39.0,strategy_S9-149:NIFTY:2026-04-10T11:53:38:SHORT
2026-04-10,11:54:10,2026-04-10,11:54:30,NIFTY,SELL,23977.3,23979.45,NIFTY13APR2624000PE,24000.0,PE,159.6,157.6,160.0,155.0,160.0,155.0,0.002509,0.002218,ws,ws,book_ladder,book_ladder,False,False,-0.4,2.6,65,-130.0,strategy_S9-149:NIFTY:2026-04-10T11:54:10:SHORT
2026-04-10,11:54:45,2026-04-10,11:55:20,NIFTY,BUY,23981.6,23984.25,NIFTY13APR2623950CE,23950.0,CE,169.9,171.65,170.0,170.0,170.0,170.0,0.002357,0.002037,ws,ws,book_ladder,book_ladder,False,False,-0.1,1.65,65,113.75,strategy_S9-149:NIFTY:2026-04-10T11:54:45:LONG
2026-04-10,11:55:35,2026-04-10,11:55:45,NIFTY,SELL,23980.65,23981.75,NIFTY13APR2624000PE,24000.0,PE,157.05,156.25,160.0,155.0,160.0,155.0,0.00255,0.002557,ws,ws,book_ladder,book_ladder,False,False,-2.95,1.25,65,-52.0,strategy_S9-149:NIFTY:2026-04-10T11:55:35:SHORT
2026-04-10,11:56:28,2026-04-10,11:56:51,NIFTY,BUY,23984.8,23984.65,NIFTY13APR2623950CE,23950.0,CE,171.6,171.4,175.0,170.0,175.0,170.0,0.002626,0.00204,ws,ws,book_ladder,book_ladder,False,False,-3.4,1.4,65,-13.0,strategy_S9-149:NIFTY:2026-04-10T11:56:28:LONG
2026-04-10,11:57:11,2026-04-10,11:57:15,NIFTY,SELL,23982.55,23985.95,NIFTY13APR2624000PE,24000.0,PE,154.95,153.35,155.0,150.0,155.0,150.0,0.001615,0.002605,ws,ws,book_ladder,book_ladder,False,False,-0.05,3.35,65,-104.0,strategy_S9-149:NIFTY:2026-04-10T11:57:11:SHORT
2026-04-10,11:57:20,2026-04-10,11:57:37,NIFTY,BUY,23987.8,23991.6,NIFTY13APR2623950CE,23950.0,CE,173.6,174.9,175.0,175.0,175.0,170.0,0.002307,0.002855,ws,ws,book_ladder,book_ladder,False,True,-1.4,-0.1,65,84.5,strategy_S9-149:NIFTY:2026-04-10T11:57:20:LONG
2026-04-10,11:58:09,2026-04-10,11:58:15,NIFTY,SELL,23987.7,23989.6,NIFTY13APR2624000PE,24000.0,PE,153.7,153.1,155.0,150.0,155.0,150.0,0.002606,0.002283,ws,ws,book_ladder,book_ladder,False,False,-1.3,3.1,65,-39.0,strategy_S9-149:NIFTY:2026-04-10T11:58:09:SHORT
2026-04-10,11:58:50,2026-04-10,11:59:00,NIFTY,BUY,23992.85,23991.3,NIFTY13APR2623950CE,23950.0,CE,173.75,172.9,175.0,170.0,175.0,170.0,0.002016,0.002599,ws,ws,book_ladder,book_ladder,False,False,-1.25,2.9,65,-55.25,strategy_S9-149:NIFTY:2026-04-10T11:58:50:LONG
2026-04-10,11:59:30,2026-04-10,11:59:55,NIFTY,BUY,23992.45,23993.9,NIFTY13APR2623950CE,23950.0,CE,174.0,173.65,175.0,170.0,175.0,170.0,0.001726,0.002014,ws,ws,book_ladder,book_ladder,False,False,-1.0,3.65,65,-22.75,strategy_S9-149:NIFTY:2026-04-10T11:59:30:LONG
2026-04-10,12:00:13,2026-04-10,12:00:25,NIFTY,SELL,23986.55,23987.55,NIFTY13APR2624000PE,24000.0,PE,153.7,152.15,155.0,150.0,155.0,150.0,0.002606,0.00197,ws,ws,book_ladder,book_ladder,False,False,-1.3,2.15,65,-100.75,strategy_S9-149:NIFTY:2026-04-10T12:00:13:SHORT
2026-04-10,12:00:30,2026-04-10,12:00:51,NIFTY,BUY,23990.3,23994.35,NIFTY13APR2623950CE,23950.0,CE,173.55,174.85,175.0,170.0,175.0,170.0,0.00173,0.002285,ws,ws,book_ladder,book_ladder,False,False,-1.45,4.85,65,84.5,strategy_S9-149:NIFTY:2026-04-10T12:00:30:LONG
2026-04-10,12:01:14,2026-04-10,12:01:24,NIFTY,SELL,23991.15,23993.5,NIFTY13APR2624000PE,24000.0,PE,152.0,150.2,155.0,150.0,155.0,150.0,0.001646,0.001663,ws,ws,book_ladder,book_ladder,False,False,-3.0,0.2,65,-117.0,strategy_S9-149:NIFTY:2026-04-10T12:01:14:SHORT
2026-04-10,12:02:00,2026-04-10,12:02:25,NIFTY,BUY,23996.25,23995.65,NIFTY13APR2623950CE,23950.0,CE,176.1,175.7,180.0,175.0,180.0,175.0,0.001705,0.002558,ws,ws,book_ladder,book_ladder,False,False,-3.9,0.7,65,-26.0,strategy_S9-149:NIFTY:2026-04-10T12:02:00:LONG
2026-04-10,12:03:00,2026-04-10,12:03:28,NIFTY,BUY,23998.8,24003.95,NIFTY13APR2623950CE,23950.0,CE,177.4,180.6,180.0,180.0,180.0,180.0,0.002257,0.001936,ws,ws,book_ladder,book_ladder,False,False,-2.6,0.6,65,208.0,strategy_S9-149:NIFTY:2026-04-10T12:03:00:LONG
2026-04-10,12:04:54,2026-04-10,12:05:33,NIFTY,BUY,24006.9,24006.8,NIFTY13APR2624000CE,24000.0,CE,155.95,153.75,160.0,150.0,160.0,150.0,0.001926,0.0013,ws,ws,book_ladder,book_ladder,False,False,-4.05,3.75,65,-143.0,strategy_S9-149:NIFTY:2026-04-10T12:04:54:LONG
2026-04-10,12:06:21,2026-04-10,12:06:30,NIFTY,SELL,24005.05,24004.35,NIFTY13APR2624050PE,24050.0,PE,168.1,167.1,170.0,165.0,170.0,165.0,0.002382,0.002391,ws,ws,book_ladder,book_ladder,False,False,-1.9,2.1,65,-65.0,strategy_S9-149:NIFTY:2026-04-10T12:06:21:SHORT
2026-04-10,12:06:50,2026-04-10,12:07:06,NIFTY,BUY,24007.0,24009.2,NIFTY13APR2624000CE,24000.0,CE,154.65,156.0,155.0,155.0,155.0,155.0,0.001942,0.002561,ws,ws,book_ladder,book_ladder,False,False,-0.35,1.0,65,87.75,strategy_S9-149:NIFTY:2026-04-10T12:06:50:LONG
2026-04-10,12:07:49,2026-04-10,12:08:14,NIFTY,BUY,24010.7,24010.55,NIFTY13APR2624000CE,24000.0,CE,156.8,155.6,160.0,155.0,160.0,155.0,0.001915,0.002567,ws,ws,book_ladder,book_ladder,False,False,-3.2,0.6,65,-78.0,strategy_S9-149:NIFTY:2026-04-10T12:07:49:LONG
2026-04-10,12:08:20,2026-04-10,12:08:54,NIFTY,BUY,24011.55,24009.95,NIFTY13APR2624000CE,24000.0,CE,156.55,158.25,160.0,155.0,160.0,155.0,0.002558,0.002524,ws,ws,book_ladder,book_ladder,False,False,-3.45,3.25,65,110.5,strategy_S9-149:NIFTY:2026-04-10T12:08:20:LONG
2026-04-10,12:09:13,2026-04-10,12:09:17,NIFTY,SELL,24009.7,24011.8,NIFTY13APR2624050PE,24050.0,PE,165.9,165.5,170.0,165.0,170.0,165.0,0.00181,0.002113,ws,ws,book_ladder,book_ladder,False,False,-4.1,0.5,65,-26.0,strategy_S9-149:NIFTY:2026-04-10T12:09:13:SHORT
2026-04-10,12:10:00,2026-04-10,12:10:11,NIFTY,BUY,24017.0,24015.0,NIFTY13APR2624000CE,24000.0,CE,158.25,158.0,160.0,155.0,160.0,155.0,0.001898,0.002213,ws,ws,book_ladder,book_ladder,False,False,-1.75,3.0,65,-16.25,strategy_S9-149:NIFTY:2026-04-10T12:10:00:LONG
2026-04-10,12:11:23,2026-04-10,12:11:30,NIFTY,SELL,24009.5,24011.4,NIFTY13APR2624050PE,24050.0,PE,165.75,165.3,170.0,165.0,170.0,165.0,0.002719,0.002719,ws,ws,book_ladder,book_ladder,False,False,-4.25,0.3,65,-29.25,strategy_S9-149:NIFTY:2026-04-10T12:11:23:SHORT
2026-04-10,12:12:30,2026-04-10,12:12:37,NIFTY,BUY,24012.3,24009.8,NIFTY13APR2624000CE,24000.0,CE,156.9,156.2,160.0,155.0,160.0,155.0,0.001914,0.002558,ws,ws,book_ladder,book_ladder,False,False,-3.1,1.2,65,-45.5,strategy_S9-149:NIFTY:2026-04-10T12:12:30:LONG
2026-04-10,12:12:41,2026-04-10,12:12:53,NIFTY,SELL,24009.05,24010.0,NIFTY13APR2624050PE,24050.0,PE,166.15,165.65,170.0,165.0,170.0,165.0,0.002109,0.002111,ws,ws,book_ladder,book_ladder,False,False,-3.85,0.65,65,-32.5,strategy_S9-149:NIFTY:2026-04-10T12:12:41:SHORT
2026-04-10,12:13:14,2026-04-10,12:13:25,NIFTY,BUY,24013.25,24011.1,NIFTY13APR2624000CE,24000.0,CE,157.95,156.65,160.0,155.0,160.0,155.0,0.002218,0.002232,ws,ws,book_ladder,book_ladder,False,False,-2.05,1.65,65,-84.5,strategy_S9-149:NIFTY:2026-04-10T12:13:14:LONG
2026-04-10,12:13:30,2026-04-10,12:13:39,NIFTY,BUY,24013.3,24011.5,NIFTY13APR2624000CE,24000.0,CE,156.85,156.7,160.0,155.0,160.0,155.0,0.001914,0.002231,ws,ws,book_ladder,book_ladder,False,False,-3.15,1.7,65,-9.75,strategy_S9-149:NIFTY:2026-04-10T12:13:30:LONG
2026-04-10,12:13:58,2026-04-10,12:14:25,NIFTY,BUY,24013.7,24017.75,NIFTY13APR2624000CE,24000.0,CE,158.0,159.4,160.0,155.0,160.0,155.0,0.000317,0.001567,ws,ws,book_ladder,book_ladder,False,False,-2.0,4.4,65,91.0,strategy_S9-149:NIFTY:2026-04-10T12:13:58:LONG
2026-04-10,12:14:45,2026-04-10,12:15:17,NIFTY,SELL,24009.9,24011.0,NIFTY13APR2624050PE,24050.0,PE,162.5,165.15,165.0,165.0,165.0,165.0,0.001232,0.002117,ws,ws,book_ladder,book_ladder,False,False,-2.5,0.15,65,172.25,strategy_S9-149:NIFTY:2026-04-10T12:14:45:SHORT
2026-04-10,12:15:44,2026-04-10,12:16:07,NIFTY,SELL,24004.55,23997.4,NIFTY13APR2624050PE,24050.0,PE,167.15,168.1,170.0,165.0,170.0,165.0,0.001197,0.001783,ws,ws,book_ladder,book_ladder,False,False,-2.85,3.1,65,61.75,strategy_S9-149:NIFTY:2026-04-10T12:15:44:SHORT
2026-04-10,12:17:00,2026-04-10,12:17:26,NIFTY,BUY,24002.6,24003.05,NIFTY13APR2624000CE,24000.0,CE,153.7,154.2,155.0,150.0,155.0,150.0,0.00228,0.001944,ws,ws,book_ladder,book_ladder,False,False,-1.3,4.2,65,32.5,strategy_S9-149:NIFTY:2026-04-10T12:17:00:LONG
2026-04-10,12:17:30,2026-04-10,12:17:43,NIFTY,BUY,24005.75,24003.25,NIFTY13APR2624000CE,24000.0,CE,154.95,155.25,155.0,155.0,155.0,155.0,0.002261,0.001609,ws,ws,book_ladder,book_ladder,False,False,-0.05,0.25,65,19.5,strategy_S9-149:NIFTY:2026-04-10T12:17:30:LONG
2026-04-10,12:18:10,2026-04-10,12:18:45,NIFTY,SELL,23999.45,23993.35,NIFTY13APR2624000PE,24000.0,PE,144.95,145.45,145.0,145.0,145.0,145.0,0.002418,0.001717,ws,ws,book_ladder,book_ladder,False,False,-0.05,0.45,65,32.5,strategy_S9-149:NIFTY:2026-04-10T12:18:10:SHORT
2026-04-10,12:18:55,2026-04-10,12:19:01,NIFTY,BUY,23999.95,23997.55,NIFTY13APR2623950CE,23950.0,CE,179.95,179.0,180.0,175.0,180.0,175.0,0.002504,0.002232,ws,ws,book_ladder,book_ladder,False,False,-0.05,4.0,65,-61.75,strategy_S9-149:NIFTY:2026-04-10T12:18:55:LONG
2026-04-10,12:19:22,2026-04-10,12:20:18,NIFTY,BUY,23999.9,24001.8,NIFTY13APR2623950CE,23950.0,CE,180.0,180.0,180.0,180.0,180.0,180.0,0.001946,0.001665,ws,ws,book_ladder,book_ladder,False,False,0.0,0.0,65,0.0,strategy_S9-149:NIFTY:2026-04-10T12:19:22:LONG
2026-04-10,12:20:36,2026-04-10,12:20:45,NIFTY,SELL,24001.15,24002.9,NIFTY13APR2624050PE,24050.0,PE,168.25,167.6,170.0,165.0,170.0,165.0,0.000892,0.001491,ws,ws,book_ladder,book_ladder,False,False,-1.75,2.6,65,-42.25,strategy_S9-149:NIFTY:2026-04-10T12:20:36:SHORT
2026-04-10,12:21:18,2026-04-10,12:21:42,NIFTY,SELL,23997.3,23993.2,NIFTY13APR2624000PE,24000.0,PE,144.9,145.15,145.0,145.0,145.0,145.0,0.002073,0.001721,ws,ws,book_ladder,book_ladder,False,False,-0.1,0.15,65,16.25,strategy_S9-149:NIFTY:2026-04-10T12:21:18:SHORT
2026-04-10,12:22:30,2026-04-10,12:22:47,NIFTY,BUY,23998.55,23995.9,NIFTY13APR2623950CE,23950.0,CE,178.65,179.0,180.0,175.0,180.0,175.0,0.002242,0.002511,ws,ws,book_ladder,book_ladder,False,False,-1.35,4.0,65,22.75,strategy_S9-149:NIFTY:2026-04-10T12:22:30:LONG
2026-04-10,12:23:42,2026-04-10,12:24:47,NIFTY,BUY,24005.0,24018.35,NIFTY13APR2624000CE,24000.0,CE,154.0,159.7,155.0,155.0,155.0,155.0,0.00065,0.002502,ws,ws,book_ladder,book_ladder,False,False,-1.0,4.7,65,370.5,strategy_S9-149:NIFTY:2026-04-10T12:23:42:LONG
2026-04-10,12:25:00,2026-04-10,12:25:18,NIFTY,BUY,24021.65,24019.45,NIFTY13APR2624000CE,24000.0,CE,161.6,161.5,165.0,160.0,165.0,160.0,0.002168,0.002165,ws,ws,book_ladder,book_ladder,False,False,-3.4,1.5,65,-6.5,strategy_S9-149:NIFTY:2026-04-10T12:25:00:LONG
2026-04-10,12:25:30,2026-04-10,12:26:08,NIFTY,BUY,24021.8,24029.7,NIFTY13APR2624000CE,24000.0,CE,162.8,165.05,165.0,165.0,165.0,165.0,0.001229,0.001514,ws,ws,book_ladder,book_ladder,False,False,-2.2,0.05,65,146.25,strategy_S9-149:NIFTY:2026-04-10T12:25:30:LONG
2026-04-10,12:26:10,2026-04-10,12:26:35,NIFTY,SELL,24022.15,24022.3,NIFTY13APR2624050PE,24050.0,PE,156.95,155.0,160.0,155.0,160.0,155.0,0.001913,0.001612,ws,ws,book_ladder,book_ladder,False,False,-3.05,0.0,65,-126.75,strategy_S9-149:NIFTY:2026-04-10T12:26:10:SHORT
2026-04-10,12:26:40,2026-04-10,12:27:15,NIFTY,SELL,24019.9,24013.4,NIFTY13APR2624050PE,24050.0,PE,156.45,159.5,160.0,155.0,160.0,155.0,0.000639,0.002192,ws,ws,book_ladder,book_ladder,False,False,-3.55,4.5,65,198.25,strategy_S9-149:NIFTY:2026-04-10T12:26:40:SHORT
2026-04-10,12:27:40,2026-04-10,12:27:45,NIFTY,SELL,24007.8,24009.2,NIFTY13APR2624050PE,24050.0,PE,162.0,162.1,165.0,160.0,165.0,160.0,0.001235,0.002157,ws,ws,book_ladder,book_ladder,False,False,-3.0,2.1,65,6.5,strategy_S9-149:NIFTY:2026-04-10T12:27:40:SHORT
2026-04-10,12:28:13,2026-04-10,12:28:30,NIFTY,SELL,24006.15,23998.5,NIFTY13APR2624050PE,24050.0,PE,163.1,166.4,165.0,165.0,165.0,165.0,0.002148,0.001801,ws,ws,book_ladder,book_ladder,False,False,-1.9,1.4,65,214.5,strategy_S9-149:NIFTY:2026-04-10T12:28:13:SHORT
2026-04-10,12:29:20,2026-04-10,12:29:41,NIFTY,BUY,24003.25,24005.05,NIFTY13APR2624000CE,24000.0,CE,154.3,153.6,155.0,150.0,155.0,150.0,0.001946,0.002276,ws,ws,book_ladder,book_ladder,False,False,-0.7,3.6,65,-45.5,strategy_S9-149:NIFTY:2026-04-10T12:29:20:LONG
2026-04-10,12:30:00,2026-04-10,12:30:08,NIFTY,BUY,24010.85,24008.85,NIFTY13APR2624000CE,24000.0,CE,156.25,156.0,160.0,155.0,160.0,155.0,0.001922,0.00032,ws,ws,book_ladder,book_ladder,False,False,-3.75,1.0,65,-16.25,strategy_S9-149:NIFTY:2026-04-10T12:30:00:LONG
2026-04-10,12:30:38,2026-04-10,12:30:50,NIFTY,SELL,24003.3,24003.85,NIFTY13APR2624050PE,24050.0,PE,162.6,161.0,165.0,160.0,165.0,160.0,0.002155,0.001862,ws,ws,book_ladder,book_ladder,False,False,-2.4,1.0,65,-104.0,strategy_S9-149:NIFTY:2026-04-10T12:30:38:SHORT
2026-04-10,12:31:30,2026-04-10,12:31:35,NIFTY,BUY,24012.0,24009.8,NIFTY13APR2624000CE,24000.0,CE,157.55,156.5,160.0,155.0,160.0,155.0,0.00127,0.001277,ws,ws,book_ladder,book_ladder,False,False,-2.45,1.5,65,-68.25,strategy_S9-149:NIFTY:2026-04-10T12:31:30:LONG
2026-04-10,12:32:11,2026-04-10,12:32:19,NIFTY,SELL,24007.35,24009.75,NIFTY13APR2624050PE,24050.0,PE,161.2,161.2,165.0,160.0,165.0,160.0,0.001241,0.00124,ws,ws,book_ladder,book_ladder,False,False,-3.8,1.2,65,0.0,strategy_S9-149:NIFTY:2026-04-10T12:32:11:SHORT
2026-04-10,12:32:23,2026-04-10,12:32:44,NIFTY,BUY,24010.45,24011.75,NIFTY13APR2624000CE,24000.0,CE,156.2,156.3,160.0,155.0,160.0,155.0,0.001922,0.001918,ws,ws,book_ladder,book_ladder,False,False,-3.8,1.3,65,6.5,strategy_S9-149:NIFTY:2026-04-10T12:32:23:LONG
2026-04-10,12:32:50,2026-04-10,12:33:00,NIFTY,SELL,24009.75,24012.25,NIFTY13APR2624050PE,24050.0,PE,162.7,161.4,165.0,160.0,165.0,160.0,0.001538,0.001548,ws,ws,book_ladder,book_ladder,False,False,-2.3,1.4,65,-84.5,strategy_S9-149:NIFTY:2026-04-10T12:32:50:SHORT
2026-04-10,12:33:15,2026-04-10,12:33:28,NIFTY,BUY,24015.4,24014.55,NIFTY13APR2624000CE,24000.0,CE,158.55,157.6,160.0,155.0,160.0,155.0,0.001894,0.001902,ws,ws,book_ladder,book_ladder,False,False,-1.45,2.6,65,-61.75,strategy_S9-149:NIFTY:2026-04-10T12:33:15:LONG
2026-04-10,12:33:40,2026-04-10,12:34:00,NIFTY,SELL,24009.7,24006.45,NIFTY13APR2624050PE,24050.0,PE,161.5,162.3,165.0,160.0,165.0,160.0,0.001239,0.002154,ws,ws,book_ladder,book_ladder,False,False,-3.5,2.3,65,52.0,strategy_S9-149:NIFTY:2026-04-10T12:33:40:SHORT
2026-04-10,12:34:10,2026-04-10,12:34:17,NIFTY,SELL,24001.0,24002.25,NIFTY13APR2624050PE,24050.0,PE,163.45,162.25,165.0,160.0,165.0,160.0,0.001531,0.001232,ws,ws,book_ladder,book_ladder,False,False,-1.55,2.25,65,-78.0,strategy_S9-149:NIFTY:2026-04-10T12:34:10:SHORT
2026-04-10,12:34:51,2026-04-10,12:35:00,NIFTY,SELL,23995.55,24000.95,NIFTY13APR2624000PE,24000.0,PE,140.1,139.25,145.0,135.0,145.0,135.0,0.000714,0.001077,ws,ws,book_ladder,book_ladder,False,False,-4.9,4.25,65,-55.25,strategy_S9-149:NIFTY:2026-04-10T12:34:51:SHORT
2026-04-10,12:35:15,2026-04-10,12:36:27,NIFTY,BUY,24003.6,24012.1,NIFTY13APR2624000CE,24000.0,CE,154.95,155.55,155.0,155.0,155.0,155.0,0.002261,0.002568,ws,ws,book_ladder,book_ladder,False,False,-0.05,0.55,65,39.0,strategy_S9-149:NIFTY:2026-04-10T12:35:15:LONG
2026-04-10,12:36:48,2026-04-10,12:37:17,NIFTY,BUY,24015.1,24018.3,NIFTY13APR2624000CE,24000.0,CE,157.65,158.35,160.0,155.0,160.0,155.0,0.001905,0.001893,ws,ws,book_ladder,book_ladder,False,False,-2.35,3.35,65,45.5,strategy_S9-149:NIFTY:2026-04-10T12:36:48:LONG
2026-04-10,12:37:22,2026-04-10,12:37:34,NIFTY,SELL,24015.2,24017.0,NIFTY13APR2624050PE,24050.0,PE,160.7,160.1,165.0,160.0,165.0,160.0,0.001869,0.001872,ws,ws,book_ladder,book_ladder,False,False,-4.3,0.1,65,-39.0,strategy_S9-149:NIFTY:2026-04-10T12:37:22:SHORT
2026-04-10,12:37:48,2026-04-10,12:38:00,NIFTY,SELL,24014.2,24016.2,NIFTY13APR2624050PE,24050.0,PE,160.7,160.35,165.0,160.0,165.0,160.0,0.001557,0.001558,ws,ws,book_ladder,book_ladder,False,False,-4.3,0.35,65,-22.75,strategy_S9-149:NIFTY:2026-04-10T12:37:48:SHORT
2026-04-10,12:38:10,2026-04-10,12:38:34,NIFTY,SELL,24013.15,24012.05,NIFTY13APR2624050PE,24050.0,PE,161.35,161.3,165.0,160.0,165.0,160.0,0.002172,0.002477,ws,ws,book_ladder,book_ladder,False,False,-3.65,1.3,65,-3.25,strategy_S9-149:NIFTY:2026-04-10T12:38:10:SHORT
2026-04-10,12:39:00,2026-04-10,12:39:06,NIFTY,BUY,24013.9,24009.35,NIFTY13APR2624000CE,24000.0,CE,156.55,153.75,160.0,150.0,160.0,150.0,0.002558,0.000975,ws,ws,book_ladder,book_ladder,False,False,-3.45,3.75,65,-182.0,strategy_S9-149:NIFTY:2026-04-10T12:39:00:LONG
2026-04-10,12:39:10,2026-04-10,12:39:15,NIFTY,SELL,24007.65,24009.6,NIFTY13APR2624050PE,24050.0,PE,162.15,161.25,165.0,160.0,165.0,160.0,0.001852,0.002168,ws,ws,book_ladder,book_ladder,False,False,-2.85,1.25,65,-58.5,strategy_S9-149:NIFTY:2026-04-10T12:39:10:SHORT
2026-04-10,12:39:30,2026-04-10,12:41:10,NIFTY,BUY,24012.95,24019.0,NIFTY13APR2624000CE,24000.0,CE,156.2,158.8,160.0,155.0,160.0,155.0,0.002243,0.002516,ws,ws,book_ladder,book_ladder,False,False,-3.8,3.8,65,169.0,strategy_S9-149:NIFTY:2026-04-10T12:39:30:LONG
2026-04-10,12:42:01,2026-04-10,12:42:10,NIFTY,SELL,24012.7,24012.35,NIFTY13APR2624050PE,24050.0,PE,160.3,159.7,165.0,155.0,165.0,155.0,0.001248,0.002189,ws,ws,book_ladder,book_ladder,False,False,-4.7,4.7,65,-39.0,strategy_S9-149:NIFTY:2026-04-10T12:42:01:SHORT
2026-04-10,12:42:25,2026-04-10,12:42:50,NIFTY,BUY,24020.1,24018.35,NIFTY13APR2624000CE,24000.0,CE,158.95,157.65,160.0,155.0,160.0,155.0,0.002204,0.001268,ws,ws,book_ladder,book_ladder,False,False,-1.05,2.65,65,-84.5,strategy_S9-149:NIFTY:2026-04-10T12:42:25:LONG
2026-04-10,12:43:47,2026-04-10,12:44:15,NIFTY,SELL,24013.5,24006.65,NIFTY13APR2624050PE,24050.0,PE,160.9,163.05,165.0,160.0,165.0,160.0,0.001555,0.00245,ws,ws,book_ladder,book_ladder,False,False,-4.1,3.05,65,139.75,strategy_S9-149:NIFTY:2026-04-10T12:43:47:SHORT
2026-04-10,12:44:56,2026-04-10,12:45:13,NIFTY,SELL,24004.05,24003.8,NIFTY13APR2624050PE,24050.0,PE,164.65,165.65,165.0,165.0,165.0,165.0,0.002128,0.002111,ws,ws,book_ladder,book_ladder,False,False,-0.35,0.65,65,65.0,strategy_S9-149:NIFTY:2026-04-10T12:44:56:SHORT
2026-04-10,12:46:00,2026-04-10,12:46:04,NIFTY,BUY,24006.8,24004.15,NIFTY13APR2624000CE,24000.0,CE,151.65,150.9,155.0,150.0,155.0,150.0,0.00066,0.001655,ws,ws,book_ladder,book_ladder,False,False,-3.35,0.9,65,-48.75,strategy_S9-149:NIFTY:2026-04-10T12:46:00:LONG
2026-04-10,12:47:57,2026-04-10,12:48:29,NIFTY,BUY,24007.9,24011.55,NIFTY13APR2624000CE,24000.0,CE,151.9,154.3,155.0,150.0,155.0,150.0,0.001647,0.002589,ws,ws,book_ladder,book_ladder,False,False,-3.1,4.3,65,156.0,strategy_S9-149:NIFTY:2026-04-10T12:47:57:LONG
2026-04-10,12:48:35,2026-04-10,12:49:05,NIFTY,BUY,24014.8,24016.1,NIFTY13APR2624000CE,24000.0,CE,156.05,157.0,160.0,155.0,160.0,155.0,0.002245,0.001591,ws,ws,book_ladder,book_ladder,False,False,-3.95,2.0,65,61.75,strategy_S9-149:NIFTY:2026-04-10T12:48:35:LONG
2026-04-10,12:49:16,2026-04-10,12:49:30,NIFTY,SELL,24011.55,24011.0,NIFTY13APR2624050PE,24050.0,PE,161.95,162.1,165.0,160.0,165.0,160.0,0.002163,0.002157,ws,ws,book_ladder,book_ladder,False,False,-3.05,2.1,65,9.75,strategy_S9-149:NIFTY:2026-04-10T12:49:16:SHORT
2026-04-10,12:49:45,2026-04-10,12:49:53,NIFTY,BUY,24012.85,24011.4,NIFTY13APR2624000CE,24000.0,CE,155.9,155.05,160.0,155.0,160.0,155.0,0.000642,0.002576,ws,ws,book_ladder,book_ladder,False,False,-4.1,0.05,65,-55.25,strategy_S9-149:NIFTY:2026-04-10T12:49:45:LONG
2026-04-10,12:50:05,2026-04-10,12:50:15,NIFTY,SELL,24010.35,24006.4,NIFTY13APR2624050PE,24050.0,PE,162.1,164.35,165.0,160.0,165.0,160.0,0.002161,0.000608,ws,ws,book_ladder,book_ladder,False,False,-2.9,4.35,65,146.25,strategy_S9-149:NIFTY:2026-04-10T12:50:05:SHORT
2026-04-10,12:50:46,2026-04-10,12:51:00,NIFTY,SELL,24004.1,24000.55,NIFTY13APR2624050PE,24050.0,PE,165.9,168.65,170.0,165.0,170.0,165.0,0.000905,0.002073,ws,ws,book_ladder,book_ladder,False,False,-4.1,3.65,65,178.75,strategy_S9-149:NIFTY:2026-04-10T12:50:46:SHORT
2026-04-10,12:51:37,2026-04-10,12:51:54,NIFTY,SELL,23992.65,23993.95,NIFTY13APR2624000PE,24000.0,PE,143.6,142.35,145.0,140.0,145.0,140.0,0.001742,0.002105,ws,ws,book_ladder,book_ladder,False,False,-1.4,2.35,65,-81.25,strategy_S9-149:NIFTY:2026-04-10T12:51:37:SHORT
2026-04-10,12:52:00,2026-04-10,12:52:42,NIFTY,BUY,23997.7,24008.3,NIFTY13APR2623950CE,23950.0,CE,178.85,180.1,180.0,180.0,180.0,180.0,0.002239,0.001941,ws,ws,book_ladder,book_ladder,False,False,-1.15,0.1,65,81.25,strategy_S9-149:NIFTY:2026-04-10T12:52:00:LONG
2026-04-10,12:53:01,2026-04-10,12:53:13,NIFTY,SELL,24003.1,24006.35,NIFTY13APR2624050PE,24050.0,PE,164.45,162.5,165.0,160.0,165.0,160.0,0.001521,0.00123,ws,ws,book_ladder,book_ladder,False,False,-0.55,2.5,65,-126.75,strategy_S9-149:NIFTY:2026-04-10T12:53:01:SHORT
2026-04-10,12:53:24,2026-04-10,12:53:45,NIFTY,SELL,24003.15,24002.7,NIFTY13APR2624050PE,24050.0,PE,164.95,164.3,165.0,160.0,165.0,160.0,0.000303,0.001217,ws,ws,book_ladder,book_ladder,False,False,-0.05,4.3,65,-42.25,strategy_S9-149:NIFTY:2026-04-10T12:53:24:SHORT
2026-04-10,12:54:16,2026-04-10,12:54:30,NIFTY,SELL,23992.55,23993.95,NIFTY13APR2624000PE,24000.0,PE,143.25,142.0,145.0,140.0,145.0,140.0,0.002096,0.001759,ws,ws,book_ladder,book_ladder,False,False,-1.75,2.0,65,-81.25,strategy_S9-149:NIFTY:2026-04-10T12:54:16:SHORT
2026-04-10,12:54:40,2026-04-10,12:54:45,NIFTY,SELL,23987.85,23989.85,NIFTY13APR2624000PE,24000.0,PE,142.85,143.3,145.0,140.0,145.0,140.0,0.002102,0.001743,ws,ws,book_ladder,book_ladder,False,False,-2.15,3.3,65,29.25,strategy_S9-149:NIFTY:2026-04-10T12:54:40:SHORT
2026-04-10,12:54:57,2026-04-10,12:55:16,NIFTY,BUY,23997.65,24002.75,NIFTY13APR2623950CE,23950.0,CE,179.8,177.35,180.0,175.0,180.0,175.0,0.002227,0.000282,ws,ws,book_ladder,book_ladder,False,False,-0.2,2.35,65,-159.25,strategy_S9-149:NIFTY:2026-04-10T12:54:57:LONG
2026-04-10,12:56:25,2026-04-10,12:56:30,NIFTY,SELL,23997.25,23999.0,NIFTY13APR2624000PE,24000.0,PE,142.0,141.25,145.0,140.0,145.0,140.0,0.002115,0.001061,ws,ws,book_ladder,book_ladder,False,False,-3.0,1.25,65,-48.75,strategy_S9-149:NIFTY:2026-04-10T12:56:25:SHORT
2026-04-10,12:56:51,2026-04-10,12:56:56,NIFTY,SELL,23996.75,23997.85,NIFTY13APR2624000PE,24000.0,PE,141.85,140.75,145.0,140.0,145.0,140.0,0.002117,0.00142,ws,ws,book_ladder,book_ladder,False,False,-3.15,0.75,65,-71.5,strategy_S9-149:NIFTY:2026-04-10T12:56:51:SHORT
2026-04-10,12:57:16,2026-04-10,12:57:42,NIFTY,SELL,23996.6,23995.25,NIFTY13APR2624000PE,24000.0,PE,142.7,141.35,145.0,140.0,145.0,140.0,0.001403,0.001414,ws,ws,book_ladder,book_ladder,False,False,-2.3,1.35,65,-87.75,strategy_S9-149:NIFTY:2026-04-10T12:57:16:SHORT
2026-04-10,12:58:20,2026-04-10,12:59:25,NIFTY,BUY,24003.75,24005.55,NIFTY13APR2624000CE,24000.0,CE,151.2,151.2,155.0,150.0,155.0,150.0,0.001986,0.002312,ws,ws,book_ladder,book_ladder,False,False,-3.8,1.2,65,0.0,strategy_S9-149:NIFTY:2026-04-10T12:58:20:LONG
2026-04-10,13:00:15,2026-04-10,13:00:24,NIFTY,BUY,24006.8,24005.9,NIFTY13APR2624000CE,24000.0,CE,152.2,151.5,155.0,150.0,155.0,150.0,0.001315,0.001649,ws,ws,book_ladder,book_ladder,False,False,-2.8,1.5,65,-45.5,strategy_S9-149:NIFTY:2026-04-10T13:00:15:LONG
2026-04-10,13:01:12,2026-04-10,13:01:41,NIFTY,BUY,24010.6,24008.1,NIFTY13APR2624000CE,24000.0,CE,153.9,154.1,155.0,150.0,155.0,150.0,0.002277,0.001945,ws,ws,book_ladder,book_ladder,False,False,-1.1,4.1,65,13.0,strategy_S9-149:NIFTY:2026-04-10T13:01:12:LONG
2026-04-10,13:02:44,2026-04-10,13:02:50,NIFTY,SELL,24007.1,24008.1,NIFTY13APR2624050PE,24050.0,PE,163.0,163.6,165.0,160.0,165.0,160.0,0.001535,0.001832,ws,ws,book_ladder,book_ladder,False,False,-2.0,3.6,65,39.0,strategy_S9-149:NIFTY:2026-04-10T13:02:44:SHORT
2026-04-10,13:03:00,2026-04-10,13:03:05,NIFTY,BUY,24012.25,24009.55,NIFTY13APR2624000CE,24000.0,CE,153.2,153.3,155.0,150.0,155.0,150.0,0.002614,0.002606,ws,ws,book_ladder,book_ladder,False,False,-1.8,3.3,65,6.5,strategy_S9-149:NIFTY:2026-04-10T13:03:00:LONG
2026-04-10,13:03:15,2026-04-10,13:03:52,NIFTY,BUY,24013.6,24012.85,NIFTY13APR2624000CE,24000.0,CE,154.75,155.05,155.0,155.0,155.0,155.0,0.002588,0.002255,ws,ws,book_ladder,book_ladder,False,False,-0.25,0.05,65,19.5,strategy_S9-149:NIFTY:2026-04-10T13:03:15:LONG
2026-04-10,13:04:34,2026-04-10,13:04:43,NIFTY,SELL,24012.05,24013.45,NIFTY13APR2624050PE,24050.0,PE,159.45,159.65,160.0,155.0,160.0,155.0,0.001569,0.00219,ws,ws,book_ladder,book_ladder,False,False,-0.55,4.65,65,13.0,strategy_S9-149:NIFTY:2026-04-10T13:04:34:SHORT
2026-04-10,13:05:50,2026-04-10,13:06:00,NIFTY,SELL,24007.35,24010.5,NIFTY13APR2624050PE,24050.0,PE,162.6,161.15,165.0,160.0,165.0,160.0,0.002155,0.00186,ws,ws,book_ladder,book_ladder,False,False,-2.4,1.15,65,-94.25,strategy_S9-149:NIFTY:2026-04-10T13:05:50:SHORT
2026-04-10,13:06:29,2026-04-10,13:06:55,NIFTY,BUY,24014.15,24016.1,NIFTY13APR2624000CE,24000.0,CE,155.1,156.1,160.0,155.0,160.0,155.0,0.000645,0.0016,ws,ws,book_ladder,book_ladder,False,False,-4.9,1.1,65,65.0,strategy_S9-149:NIFTY:2026-04-10T13:06:29:LONG
2026-04-10,13:07:00,2026-04-10,13:07:05,NIFTY,BUY,24017.95,24016.45,NIFTY13APR2624000CE,24000.0,CE,156.4,156.0,160.0,155.0,160.0,155.0,0.00128,0.002561,ws,ws,book_ladder,book_ladder,False,False,-3.6,1.0,65,-26.0,strategy_S9-149:NIFTY:2026-04-10T13:07:00:LONG
2026-04-10,13:07:20,2026-04-10,13:07:27,NIFTY,BUY,24016.5,24015.65,NIFTY13APR2624000CE,24000.0,CE,156.4,155.65,160.0,155.0,160.0,155.0,0.002561,0.002246,ws,ws,book_ladder,book_ladder,False,False,-3.6,0.65,65,-48.75,strategy_S9-149:NIFTY:2026-04-10T13:07:20:LONG
2026-04-10,13:08:47,2026-04-10,13:08:57,NIFTY,BUY,24020.75,24020.1,NIFTY13APR2624000CE,24000.0,CE,159.1,157.65,160.0,155.0,160.0,155.0,0.000629,0.001585,ws,ws,book_ladder,book_ladder,False,False,-0.9,2.65,65,-94.25,strategy_S9-149:NIFTY:2026-04-10T13:08:47:LONG
2026-04-10,13:10:00,2026-04-10,13:10:06,NIFTY,BUY,24021.4,24018.45,NIFTY13APR2624000CE,24000.0,CE,157.55,156.75,160.0,155.0,160.0,155.0,0.001588,0.00223,ws,ws,book_ladder,book_ladder,False,False,-2.45,1.75,65,-52.0,strategy_S9-149:NIFTY:2026-04-10T13:10:00:LONG
2026-04-10,13:10:11,2026-04-10,13:10:45,NIFTY,SELL,24016.4,24014.95,NIFTY13APR2624050PE,24050.0,PE,158.85,160.4,160.0,160.0,160.0,160.0,0.002206,0.002491,ws,ws,book_ladder,book_ladder,False,False,-1.15,0.4,65,100.75,strategy_S9-149:NIFTY:2026-04-10T13:10:11:SHORT
2026-04-10,13:11:46,2026-04-10,13:11:53,NIFTY,SELL,24011.55,24013.05,NIFTY13APR2624050PE,24050.0,PE,161.95,161.0,165.0,160.0,165.0,160.0,0.001545,0.000931,ws,ws,book_ladder,book_ladder,False,False,-3.05,1.0,65,-61.75,strategy_S9-149:NIFTY:2026-04-10T13:11:46:SHORT
2026-04-10,13:12:21,2026-04-10,13:12:45,NIFTY,SELL,24011.15,24007.55,NIFTY13APR2624050PE,24050.0,PE,161.4,164.7,165.0,160.0,165.0,160.0,0.00124,0.00182,ws,ws,book_ladder,book_ladder,False,False,-3.6,4.7,65,214.5,strategy_S9-149:NIFTY:2026-04-10T13:12:21:SHORT
2026-04-10,13:12:51,2026-04-10,13:13:00,NIFTY,SELL,24004.95,24006.0,NIFTY13APR2624050PE,24050.0,PE,165.0,164.65,165.0,160.0,165.0,160.0,0.001213,0.002123,ws,ws,book_ladder,book_ladder,False,False,0.0,4.65,65,-22.75,strategy_S9-149:NIFTY:2026-04-10T13:12:51:SHORT
2026-04-10,13:13:22,2026-04-10,13:13:29,NIFTY,SELL,24004.65,24006.55,NIFTY13APR2624050PE,24050.0,PE,165.4,165.05,170.0,165.0,170.0,165.0,0.00121,0.002118,ws,ws,book_ladder,book_ladder,False,False,-4.6,0.05,65,-22.75,strategy_S9-149:NIFTY:2026-04-10T13:13:22:SHORT
2026-04-10,13:13:55,2026-04-10,13:14:00,NIFTY,SELL,24001.25,24002.1,NIFTY13APR2624050PE,24050.0,PE,168.0,167.75,170.0,165.0,170.0,165.0,0.001489,0.001787,ws,ws,book_ladder,book_ladder,False,False,-2.0,2.75,65,-16.25,strategy_S9-149:NIFTY:2026-04-10T13:13:55:SHORT
2026-04-10,13:14:45,2026-04-10,13:14:58,NIFTY,BUY,24004.7,24002.3,NIFTY13APR2624000CE,24000.0,CE,148.6,147.75,150.0,145.0,150.0,145.0,0.002021,0.002366,ws,ws,book_ladder,book_ladder,False,False,-1.4,2.75,65,-55.25,strategy_S9-149:NIFTY:2026-04-10T13:14:45:LONG
2026-04-10,13:15:30,2026-04-10,13:15:33,NIFTY,BUY,24005.95,24003.0,NIFTY13APR2624000CE,24000.0,CE,148.85,147.75,150.0,145.0,150.0,145.0,0.002017,0.002028,ws,ws,book_ladder,book_ladder,False,False,-1.15,2.75,65,-71.5,strategy_S9-149:NIFTY:2026-04-10T13:15:30:LONG
2026-04-10,13:16:00,2026-04-10,13:16:10,NIFTY,BUY,24006.35,24005.95,NIFTY13APR2624000CE,24000.0,CE,149.35,148.7,150.0,145.0,150.0,145.0,0.002346,0.002015,ws,ws,book_ladder,book_ladder,False,False,-0.65,3.7,65,-42.25,strategy_S9-149:NIFTY:2026-04-10T13:16:00:LONG
2026-04-10,13:16:20,2026-04-10,13:16:30,NIFTY,SELL,24001.55,24002.35,NIFTY13APR2624050PE,24050.0,PE,167.0,166.8,170.0,165.0,170.0,165.0,0.000899,0.002096,ws,ws,book_ladder,book_ladder,False,False,-3.0,1.8,65,-13.0,strategy_S9-149:NIFTY:2026-04-10T13:16:20:SHORT
2026-04-10,13:17:00,2026-04-10,13:17:58,NIFTY,BUY,24004.2,24009.55,NIFTY13APR2624000CE,24000.0,CE,148.75,151.6,150.0,150.0,150.0,150.0,0.002019,0.002635,ws,ws,book_ladder,book_ladder,False,False,-1.25,1.6,65,185.25,strategy_S9-149:NIFTY:2026-04-10T13:17:00:LONG
2026-04-10,13:18:10,2026-04-10,13:19:15,NIFTY,SELL,24007.35,24001.8,NIFTY13APR2624050PE,24050.0,PE,163.5,166.4,165.0,165.0,165.0,165.0,0.002756,0.001201,ws,ws,book_ladder,book_ladder,False,False,-1.5,1.4,65,188.5,strategy_S9-149:NIFTY:2026-04-10T13:18:10:SHORT
2026-04-10,13:19:34,2026-04-10,13:19:40,NIFTY,BUY,24002.75,24001.65,NIFTY13APR2624000CE,24000.0,CE,148.65,147.75,150.0,145.0,150.0,145.0,0.002695,0.002028,ws,ws,book_ladder,book_ladder,False,False,-1.35,2.75,65,-58.5,strategy_S9-149:NIFTY:2026-04-10T13:19:34:LONG
2026-04-10,13:20:07,2026-04-10,13:20:15,NIFTY,SELL,23998.4,23999.1,NIFTY13APR2624000PE,24000.0,PE,143.45,142.05,145.0,140.0,145.0,140.0,0.001046,0.00211,ws,ws,book_ladder,book_ladder,False,False,-1.55,2.05,65,-91.0,strategy_S9-149:NIFTY:2026-04-10T13:20:07:SHORT
2026-04-10,13:21:48,2026-04-10,13:21:55,NIFTY,BUY,24001.65,23999.25,NIFTY13APR2624000CE,24000.0,CE,148.0,147.5,150.0,145.0,150.0,145.0,0.001691,0.001693,ws,ws,book_ladder,book_ladder,False,False,-2.0,2.5,65,-32.5,strategy_S9-149:NIFTY:2026-04-10T13:21:48:LONG
2026-04-10,13:22:15,2026-04-10,13:22:21,NIFTY,BUY,24001.75,23999.7,NIFTY13APR2624000CE,24000.0,CE,147.6,147.7,150.0,145.0,150.0,145.0,0.002374,0.002029,ws,ws,book_ladder,book_ladder,False,False,-2.4,2.7,65,6.5,strategy_S9-149:NIFTY:2026-04-10T13:22:15:LONG
2026-04-10,13:22:30,2026-04-10,13:22:44,NIFTY,BUY,24003.35,24002.55,NIFTY13APR2624000CE,24000.0,CE,148.7,149.2,150.0,145.0,150.0,145.0,0.00202,0.002343,ws,ws,book_ladder,book_ladder,False,False,-1.3,4.2,65,32.5,strategy_S9-149:NIFTY:2026-04-10T13:22:30:LONG
2026-04-10,13:24:30,2026-04-10,13:24:50,NIFTY,BUY,24000.55,24000.05,NIFTY13APR2624000CE,24000.0,CE,148.7,148.15,150.0,145.0,150.0,145.0,0.00202,0.001686,ws,ws,book_ladder,book_ladder,False,False,-1.3,3.15,65,-35.75,strategy_S9-149:NIFTY:2026-04-10T13:24:30:LONG
2026-04-10,13:25:00,2026-04-10,13:25:27,NIFTY,SELL,23998.05,23999.5,NIFTY13APR2624000PE,24000.0,PE,143.0,142.55,145.0,140.0,145.0,140.0,0.0014,0.001402,ws,ws,book_ladder,book_ladder,False,False,-2.0,2.55,65,-29.25,strategy_S9-149:NIFTY:2026-04-10T13:25:00:SHORT
2026-04-10,13:25:45,2026-04-10,13:26:48,NIFTY,BUY,23999.75,24007.9,NIFTY13APR2623950CE,23950.0,CE,176.0,180.0,180.0,180.0,180.0,180.0,0.002275,0.000555,ws,ws,book_ladder,book_ladder,False,False,-4.0,0.0,65,260.0,strategy_S9-149:NIFTY:2026-04-10T13:25:45:LONG
2026-04-10,13:27:06,2026-04-10,13:27:24,NIFTY,BUY,24009.9,24007.3,NIFTY13APR2624000CE,24000.0,CE,151.6,150.3,155.0,150.0,155.0,150.0,0.00165,0.001994,ws,ws,book_ladder,book_ladder,False,False,-3.4,0.3,65,-84.5,strategy_S9-149:NIFTY:2026-04-10T13:27:06:LONG
2026-04-10,13:27:35,2026-04-10,13:27:53,NIFTY,SELL,24003.3,24003.3,NIFTY13APR2624050PE,24050.0,PE,164.45,165.85,165.0,165.0,165.0,165.0,0.000913,0.000904,ws,ws,book_ladder,book_ladder,False,False,-0.55,0.85,65,91.0,strategy_S9-149:NIFTY:2026-04-10T13:27:35:SHORT
2026-04-10,13:28:35,2026-04-10,13:29:00,NIFTY,BUY,24005.05,24005.0,NIFTY13APR2624000CE,24000.0,CE,149.4,150.1,150.0,150.0,150.0,150.0,0.00201,0.001997,ws,ws,book_ladder,book_ladder,False,False,-0.6,0.1,65,45.5,strategy_S9-149:NIFTY:2026-04-10T13:28:35:LONG
2026-04-10,13:29:12,2026-04-10,13:29:23,NIFTY,BUY,24007.85,24006.9,NIFTY13APR2624000CE,24000.0,CE,151.2,149.9,155.0,145.0,155.0,145.0,0.002317,0.001333,ws,ws,book_ladder,book_ladder,False,False,-3.8,4.9,65,-84.5,strategy_S9-149:NIFTY:2026-04-10T13:29:12:LONG
2026-04-10,13:30:40,2026-04-10,13:30:48,NIFTY,SELL,24006.0,24006.7,NIFTY13APR2624050PE,24050.0,PE,164.15,162.5,165.0,160.0,165.0,160.0,0.000914,0.002459,ws,ws,book_ladder,book_ladder,False,False,-0.85,2.5,65,-107.25,strategy_S9-149:NIFTY:2026-04-10T13:30:40:SHORT
2026-04-10,13:31:50,2026-04-10,13:31:56,NIFTY,SELL,24004.75,24008.9,NIFTY13APR2624050PE,24050.0,PE,163.15,161.2,165.0,160.0,165.0,160.0,0.00184,0.00155,ws,ws,book_ladder,book_ladder,False,False,-1.85,1.2,65,-126.75,strategy_S9-149:NIFTY:2026-04-10T13:31:50:SHORT
2026-04-10,13:32:00,2026-04-10,13:32:12,NIFTY,BUY,24010.6,24009.7,NIFTY13APR2624000CE,24000.0,CE,151.2,151.35,155.0,150.0,155.0,150.0,0.000662,0.00231,ws,ws,book_ladder,book_ladder,False,False,-3.8,1.35,65,9.75,strategy_S9-149:NIFTY:2026-04-10T13:32:00:LONG
2026-04-10,13:32:28,2026-04-10,13:32:50,NIFTY,BUY,24012.7,24012.6,NIFTY13APR2624000CE,24000.0,CE,152.05,153.05,155.0,150.0,155.0,150.0,0.002305,0.00261,ws,ws,book_ladder,book_ladder,False,False,-2.95,3.05,65,65.0,strategy_S9-149:NIFTY:2026-04-10T13:32:28:LONG
2026-04-10,13:33:00,2026-04-10,13:33:12,NIFTY,BUY,24016.5,24013.85,NIFTY13APR2624000CE,24000.0,CE,154.7,153.5,155.0,150.0,155.0,150.0,0.001617,0.002278,ws,ws,book_ladder,book_ladder,False,False,-0.3,3.5,65,-78.0,strategy_S9-149:NIFTY:2026-04-10T13:33:00:LONG
2026-04-10,13:33:20,2026-04-10,13:33:45,NIFTY,SELL,24011.4,24010.7,NIFTY13APR2624050PE,24050.0,PE,161.05,161.7,165.0,160.0,165.0,160.0,0.002176,0.001854,ws,ws,book_ladder,book_ladder,False,False,-3.95,1.7,65,42.25,strategy_S9-149:NIFTY:2026-04-10T13:33:20:SHORT
2026-04-10,13:33:52,2026-04-10,13:34:00,NIFTY,SELL,24008.5,24010.1,NIFTY13APR2624050PE,24050.0,PE,162.1,161.6,165.0,160.0,165.0,160.0,0.001543,0.000928,ws,ws,book_ladder,book_ladder,False,False,-2.9,1.6,65,-32.5,strategy_S9-149:NIFTY:2026-04-10T13:33:52:SHORT
2026-04-10,13:34:55,2026-04-10,13:35:00,NIFTY,SELL,24003.75,24006.15,NIFTY13APR2624050PE,24050.0,PE,164.35,164.5,165.0,160.0,165.0,160.0,0.002132,0.001215,ws,ws,book_ladder,book_ladder,False,False,-0.65,4.5,65,9.75,strategy_S9-149:NIFTY:2026-04-10T13:34:55:SHORT
2026-04-10,13:35:15,2026-04-10,13:35:21,NIFTY,BUY,24007.4,24005.2,NIFTY13APR2624000CE,24000.0,CE,149.25,148.1,150.0,145.0,150.0,145.0,0.002012,0.001687,ws,ws,book_ladder,book_ladder,False,False,-0.75,3.1,65,-74.75,strategy_S9-149:NIFTY:2026-04-10T13:35:15:LONG
2026-04-10,13:35:47,2026-04-10,13:36:00,NIFTY,SELL,24003.85,24002.2,NIFTY13APR2624050PE,24050.0,PE,164.85,166.7,165.0,165.0,165.0,165.0,0.00091,0.002097,ws,ws,book_ladder,book_ladder,False,False,-0.15,1.7,65,120.25,strategy_S9-149:NIFTY:2026-04-10T13:35:47:SHORT
2026-04-10,13:36:20,2026-04-10,13:36:45,NIFTY,BUY,24008.95,24006.8,NIFTY13APR2624000CE,24000.0,CE,148.0,147.3,150.0,145.0,150.0,145.0,0.001352,0.002712,ws,ws,book_ladder,book_ladder,False,False,-2.0,2.3,65,-45.5,strategy_S9-149:NIFTY:2026-04-10T13:36:20:LONG
2026-04-10,13:37:50,2026-04-10,13:37:55,NIFTY,BUY,24008.8,24007.55,NIFTY13APR2624000CE,24000.0,CE,150.0,148.6,150.0,145.0,150.0,145.0,0.002336,0.002353,ws,ws,book_ladder,book_ladder,False,False,0.0,3.6,65,-91.0,strategy_S9-149:NIFTY:2026-04-10T13:37:50:LONG
2026-04-10,13:38:47,2026-04-10,13:38:55,NIFTY,BUY,24009.35,24007.25,NIFTY13APR2624000CE,24000.0,CE,150.55,149.8,155.0,145.0,155.0,145.0,0.000997,0.002001,ws,ws,book_ladder,book_ladder,False,False,-4.45,4.8,65,-48.75,strategy_S9-149:NIFTY:2026-04-10T13:38:47:LONG
2026-04-10,13:39:40,2026-04-10,13:40:27,NIFTY,BUY,24011.25,24013.35,NIFTY13APR2624000CE,24000.0,CE,151.5,154.2,155.0,150.0,155.0,150.0,0.002313,0.002267,ws,ws,book_ladder,book_ladder,False,False,-3.5,4.2,65,175.5,strategy_S9-149:NIFTY:2026-04-10T13:39:40:LONG
2026-04-10,13:40:30,2026-04-10,13:40:40,NIFTY,BUY,24016.3,24013.7,NIFTY13APR2624000CE,24000.0,CE,154.25,154.55,155.0,150.0,155.0,150.0,0.001947,0.000647,ws,ws,book_ladder,book_ladder,False,False,-0.75,4.55,65,19.5,strategy_S9-149:NIFTY:2026-04-10T13:40:30:LONG
2026-04-10,13:41:00,2026-04-10,13:41:25,NIFTY,BUY,24015.25,24015.7,NIFTY13APR2624000CE,24000.0,CE,154.5,154.55,155.0,150.0,155.0,150.0,0.002592,0.002585,ws,ws,book_ladder,book_ladder,False,False,-0.5,4.55,65,3.25,strategy_S9-149:NIFTY:2026-04-10T13:41:00:LONG
2026-04-10,13:41:30,2026-04-10,13:41:54,NIFTY,BUY,24017.55,24016.95,NIFTY13APR2624000CE,24000.0,CE,156.1,155.1,160.0,155.0,160.0,155.0,0.001282,0.001932,ws,ws,book_ladder,book_ladder,False,False,-3.9,0.1,65,-65.0,strategy_S9-149:NIFTY:2026-04-10T13:41:30:LONG
2026-04-10,13:42:10,2026-04-10,13:42:21,NIFTY,BUY,24023.05,24022.0,NIFTY13APR2624000CE,24000.0,CE,158.0,158.85,160.0,155.0,160.0,155.0,0.002535,0.002201,ws,ws,book_ladder,book_ladder,False,False,-2.0,3.85,65,55.25,strategy_S9-149:NIFTY:2026-04-10T13:42:10:LONG
2026-04-10,13:42:52,2026-04-10,13:43:17,NIFTY,BUY,24023.85,24023.45,NIFTY13APR2624000CE,24000.0,CE,157.9,158.7,160.0,155.0,160.0,155.0,0.002219,0.002517,ws,ws,book_ladder,book_ladder,False,False,-2.1,3.7,65,52.0,strategy_S9-149:NIFTY:2026-04-10T13:42:52:LONG
2026-04-10,13:45:30,2026-04-10,13:45:36,NIFTY,BUY,24023.25,24021.45,NIFTY13APR2624000CE,24000.0,CE,159.5,160.25,160.0,160.0,160.0,160.0,0.001569,0.002182,ws,ws,book_ladder,book_ladder,False,False,-0.5,0.25,65,48.75,strategy_S9-149:NIFTY:2026-04-10T13:45:30:LONG
2026-04-10,13:45:50,2026-04-10,13:46:17,NIFTY,BUY,24025.55,24022.45,NIFTY13APR2624000CE,24000.0,CE,162.35,163.3,165.0,160.0,165.0,160.0,0.002467,0.002752,ws,ws,book_ladder,book_ladder,False,False,-2.65,3.3,65,61.75,strategy_S9-149:NIFTY:2026-04-10T13:45:50:LONG
2026-04-10,13:47:21,2026-04-10,13:47:30,NIFTY,SELL,24024.85,24026.05,NIFTY13APR2624050PE,24050.0,PE,152.35,153.1,155.0,150.0,155.0,150.0,0.001971,0.002283,ws,ws,book_ladder,book_ladder,False,False,-2.65,3.1,65,48.75,strategy_S9-149:NIFTY:2026-04-10T13:47:21:SHORT
2026-04-10,13:48:02,2026-04-10,13:48:41,NIFTY,SELL,24021.0,24013.8,NIFTY13APR2624050PE,24050.0,PE,155.7,160.3,160.0,160.0,160.0,160.0,0.001929,0.002492,ws,ws,book_ladder,book_ladder,False,False,-4.3,0.3,65,299.0,strategy_S9-149:NIFTY:2026-04-10T13:48:02:SHORT
2026-04-10,13:49:13,2026-04-10,13:49:15,NIFTY,SELL,24011.2,24013.35,NIFTY13APR2624050PE,24050.0,PE,160.0,159.2,160.0,155.0,160.0,155.0,0.002503,0.002196,ws,ws,book_ladder,book_ladder,False,False,0.0,4.2,65,-52.0,strategy_S9-149:NIFTY:2026-04-10T13:49:13:SHORT
2026-04-10,13:49:40,2026-04-10,13:49:50,NIFTY,SELL,24011.2,24012.25,NIFTY13APR2624050PE,24050.0,PE,159.3,158.6,160.0,155.0,160.0,155.0,0.001885,0.001575,ws,ws,book_ladder,book_ladder,False,False,-0.7,3.6,65,-45.5,strategy_S9-149:NIFTY:2026-04-10T13:49:40:SHORT
2026-04-10,13:50:11,2026-04-10,13:50:15,NIFTY,SELL,24007.75,24008.6,NIFTY13APR2624050PE,24050.0,PE,160.35,160.3,165.0,160.0,165.0,160.0,0.002185,0.002181,ws,ws,book_ladder,book_ladder,False,False,-4.65,0.3,65,-3.25,strategy_S9-149:NIFTY:2026-04-10T13:50:11:SHORT
2026-04-10,13:51:16,2026-04-10,13:51:37,NIFTY,SELL,24004.45,24006.5,NIFTY13APR2624050PE,24050.0,PE,159.6,159.3,160.0,155.0,160.0,155.0,0.001254,0.001881,ws,ws,book_ladder,book_ladder,False,False,-0.4,4.3,65,-19.5,strategy_S9-149:NIFTY:2026-04-10T13:51:16:SHORT
2026-04-10,13:51:58,2026-04-10,13:52:25,NIFTY,BUY,24015.05,24019.05,NIFTY13APR2624000CE,24000.0,CE,156.45,156.35,160.0,155.0,160.0,155.0,0.00256,0.002555,ws,ws,book_ladder,book_ladder,False,False,-3.55,1.35,65,-6.5,strategy_S9-149:NIFTY:2026-04-10T13:51:58:LONG
2026-04-10,13:53:30,2026-04-10,13:53:53,NIFTY,BUY,24018.85,24019.55,NIFTY13APR2624000CE,24000.0,CE,155.0,155.45,155.0,155.0,155.0,155.0,0.002261,0.00257,ws,ws,book_ladder,book_ladder,False,False,0.0,0.45,65,29.25,strategy_S9-149:NIFTY:2026-04-10T13:53:30:LONG
2026-04-10,13:56:20,2026-04-10,13:56:44,NIFTY,BUY,24020.3,24021.3,NIFTY13APR2624000CE,24000.0,CE,157.95,159.3,160.0,155.0,160.0,155.0,0.002218,0.002508,ws,ws,book_ladder,book_ladder,False,False,-2.05,4.3,65,87.75,strategy_S9-149:NIFTY:2026-04-10T13:56:20:LONG
2026-04-10,13:57:30,2026-04-10,13:57:58,NIFTY,BUY,24024.3,24024.75,NIFTY13APR2624000CE,24000.0,CE,159.3,160.1,160.0,160.0,160.0,160.0,0.000628,0.002184,ws,ws,book_ladder,book_ladder,False,False,-0.7,0.1,65,52.0,strategy_S9-149:NIFTY:2026-04-10T13:57:30:LONG
2026-04-10,13:58:00,2026-04-10,13:58:27,NIFTY,BUY,24026.65,24026.9,NIFTY13APR2624000CE,24000.0,CE,161.35,162.35,165.0,160.0,165.0,160.0,0.002172,0.002768,ws,ws,book_ladder,book_ladder,False,False,-3.65,2.35,65,65.0,strategy_S9-149:NIFTY:2026-04-10T13:58:00:LONG
2026-04-10,13:58:45,2026-04-10,13:59:25,NIFTY,BUY,24028.85,24035.4,NIFTY13APR2624000CE,24000.0,CE,166.0,168.0,170.0,165.0,170.0,165.0,0.001809,0.002081,ws,ws,book_ladder,book_ladder,False,False,-4.0,3.0,65,130.0,strategy_S9-149:NIFTY:2026-04-10T13:58:45:LONG
2026-04-10,13:59:30,2026-04-10,13:59:55,NIFTY,BUY,24036.95,24042.05,NIFTY13APR2624000CE,24000.0,CE,168.2,172.5,170.0,170.0,170.0,170.0,0.002381,0.001738,ws,ws,book_ladder,book_ladder,False,False,-1.8,2.5,65,279.5,strategy_S9-149:NIFTY:2026-04-10T13:59:30:LONG
2026-04-10,14:00:11,2026-04-10,14:00:24,NIFTY,BUY,24044.85,24045.45,NIFTY13APR2624000CE,24000.0,CE,175.6,174.25,180.0,170.0,180.0,170.0,0.002281,0.002579,ws,ws,book_ladder,book_ladder,False,False,-4.4,4.25,65,-87.75,strategy_S9-149:NIFTY:2026-04-10T14:00:11:LONG
2026-04-10,14:00:36,2026-04-10,14:00:45,NIFTY,SELL,24036.9,24036.9,NIFTY13APR2624050PE,24050.0,PE,144.3,145.85,145.0,145.0,145.0,145.0,0.001734,0.00137,ws,ws,book_ladder,book_ladder,False,False,-0.7,0.85,65,100.75,strategy_S9-149:NIFTY:2026-04-10T14:00:36:SHORT
2026-04-10,14:01:10,2026-04-10,14:01:25,NIFTY,BUY,24040.35,24040.05,NIFTY13APR2624000CE,24000.0,CE,172.0,170.9,175.0,170.0,175.0,170.0,0.001163,0.002338,ws,ws,book_ladder,book_ladder,False,False,-3.0,0.9,65,-71.5,strategy_S9-149:NIFTY:2026-04-10T14:01:10:LONG
2026-04-10,14:01:35,2026-04-10,14:01:43,NIFTY,SELL,24035.4,24037.65,NIFTY13APR2624050PE,24050.0,PE,143.7,143.65,145.0,140.0,145.0,140.0,0.000696,0.001739,ws,ws,book_ladder,book_ladder,False,False,-1.3,3.65,65,-3.25,strategy_S9-149:NIFTY:2026-04-10T14:01:35:SHORT
2026-04-10,14:01:50,2026-04-10,14:02:12,NIFTY,BUY,24042.45,24040.3,NIFTY13APR2624000CE,24000.0,CE,173.15,172.85,175.0,170.0,175.0,170.0,0.002602,0.001734,ws,ws,book_ladder,book_ladder,False,False,-1.85,2.85,65,-19.5,strategy_S9-149:NIFTY:2026-04-10T14:01:50:LONG
2026-04-10,14:02:23,2026-04-10,14:02:45,NIFTY,SELL,24039.45,24034.65,NIFTY13APR2624050PE,24050.0,PE,143.6,145.45,145.0,145.0,145.0,145.0,0.002091,0.00206,ws,ws,book_ladder,book_ladder,False,False,-1.4,0.45,65,120.25,strategy_S9-149:NIFTY:2026-04-10T14:02:23:SHORT
2026-04-10,14:02:55,2026-04-10,14:03:00,NIFTY,SELL,24030.75,24032.8,NIFTY13APR2624050PE,24050.0,PE,146.3,145.1,150.0,145.0,150.0,145.0,0.002053,0.002753,ws,ws,book_ladder,book_ladder,False,False,-3.7,0.1,65,-78.0,strategy_S9-149:NIFTY:2026-04-10T14:02:55:SHORT
2026-04-10,14:03:36,2026-04-10,14:03:45,NIFTY,SELL,24029.25,24030.65,NIFTY13APR2624050PE,24050.0,PE,144.85,144.95,145.0,145.0,145.0,140.0,0.001727,0.002412,ws,ws,book_ladder,book_ladder,False,True,-0.15,-0.05,65,6.5,strategy_S9-149:NIFTY:2026-04-10T14:03:36:SHORT
2026-04-10,14:04:41,2026-04-10,14:04:57,NIFTY,SELL,24027.8,24028.5,NIFTY13APR2624050PE,24050.0,PE,145.8,145.15,150.0,145.0,150.0,145.0,0.00206,0.002408,ws,ws,book_ladder,book_ladder,False,False,-4.2,0.15,65,-42.25,strategy_S9-149:NIFTY:2026-04-10T14:04:41:SHORT
2026-04-10,14:05:04,2026-04-10,14:05:20,NIFTY,BUY,24033.1,24036.1,NIFTY13APR2624000CE,24000.0,CE,169.6,168.75,170.0,165.0,170.0,165.0,0.002361,0.002072,ws,ws,book_ladder,book_ladder,False,False,-0.4,3.75,65,-55.25,strategy_S9-149:NIFTY:2026-04-10T14:05:04:LONG
2026-04-10,14:06:25,2026-04-10,14:06:43,NIFTY,SELL,24032.9,24030.3,NIFTY13APR2624050PE,24050.0,PE,144.05,144.6,145.0,140.0,145.0,140.0,0.002085,0.001727,ws,ws,book_ladder,book_ladder,False,False,-0.95,4.6,65,35.75,strategy_S9-149:NIFTY:2026-04-10T14:06:25:SHORT
2026-04-10,14:07:00,2026-04-10,14:07:05,NIFTY,BUY,24035.95,24033.85,NIFTY13APR2624000CE,24000.0,CE,168.2,166.8,170.0,165.0,170.0,165.0,0.002083,0.001797,ws,ws,book_ladder,book_ladder,False,False,-1.8,1.8,65,-91.0,strategy_S9-149:NIFTY:2026-04-10T14:07:00:LONG
2026-04-10,14:07:11,2026-04-10,14:07:28,NIFTY,SELL,24029.1,24031.35,NIFTY13APR2624050PE,24050.0,PE,145.0,145.15,145.0,145.0,145.0,145.0,0.001726,0.002408,ws,ws,book_ladder,book_ladder,False,False,0.0,0.15,65,9.75,strategy_S9-149:NIFTY:2026-04-10T14:07:11:SHORT
2026-04-10,14:07:50,2026-04-10,14:08:00,NIFTY,SELL,24030.55,24032.55,NIFTY13APR2624050PE,24050.0,PE,145.9,144.9,150.0,140.0,150.0,140.0,0.002058,0.001724,ws,ws,book_ladder,book_ladder,False,False,-4.1,4.9,65,-65.0,strategy_S9-149:NIFTY:2026-04-10T14:07:50:SHORT
2026-04-10,14:08:17,2026-04-10,14:08:30,NIFTY,SELL,24028.75,24029.1,NIFTY13APR2624050PE,24050.0,PE,146.6,146.85,150.0,145.0,150.0,145.0,0.000341,0.00272,ws,ws,book_ladder,book_ladder,False,False,-3.4,1.85,65,16.25,strategy_S9-149:NIFTY:2026-04-10T14:08:17:SHORT
2026-04-10,14:09:51,2026-04-10,14:10:18,NIFTY,BUY,24029.6,24033.95,NIFTY13APR2624000CE,24000.0,CE,165.9,166.0,170.0,165.0,170.0,165.0,0.001508,0.001204,ws,ws,book_ladder,book_ladder,False,False,-4.1,1.0,65,6.5,strategy_S9-149:NIFTY:2026-04-10T14:09:51:LONG
2026-04-10,14:10:42,2026-04-10,14:10:45,NIFTY,SELL,24028.3,24030.55,NIFTY13APR2624050PE,24050.0,PE,147.5,147.0,150.0,145.0,150.0,145.0,0.000339,0.002039,ws,ws,book_ladder,book_ladder,False,False,-2.5,2.0,65,-32.5,strategy_S9-149:NIFTY:2026-04-10T14:10:42:SHORT
2026-04-10,14:11:20,2026-04-10,14:11:41,NIFTY,BUY,24035.9,24036.15,NIFTY13APR2624000CE,24000.0,CE,167.8,167.5,170.0,165.0,170.0,165.0,0.002088,0.002087,ws,ws,book_ladder,book_ladder,False,False,-2.2,2.5,65,-19.5,strategy_S9-149:NIFTY:2026-04-10T14:11:20:LONG
2026-04-10,14:12:23,2026-04-10,14:12:48,NIFTY,BUY,24040.8,24040.05,NIFTY13APR2624000CE,24000.0,CE,169.0,170.0,170.0,170.0,170.0,170.0,0.00237,0.001176,ws,ws,book_ladder,book_ladder,False,False,-1.0,0.0,65,65.0,strategy_S9-149:NIFTY:2026-04-10T14:12:23:LONG
2026-04-10,14:12:50,2026-04-10,14:13:31,NIFTY,BUY,24041.15,24045.05,NIFTY13APR2624000CE,24000.0,CE,170.4,172.0,175.0,170.0,175.0,170.0,0.00235,0.002323,ws,ws,book_ladder,book_ladder,False,False,-4.6,2.0,65,104.0,strategy_S9-149:NIFTY:2026-04-10T14:12:50:LONG
2026-04-10,14:13:40,2026-04-10,14:14:00,NIFTY,SELL,24036.8,24038.75,NIFTY13APR2624050PE,24050.0,PE,143.35,143.0,145.0,140.0,145.0,140.0,0.001746,0.001398,ws,ws,book_ladder,book_ladder,False,False,-1.65,3.0,65,-22.75,strategy_S9-149:NIFTY:2026-04-10T14:13:40:SHORT
2026-04-10,14:14:25,2026-04-10,14:14:45,NIFTY,SELL,24023.85,24020.75,NIFTY13APR2624050PE,24050.0,PE,145.75,153.35,150.0,150.0,150.0,150.0,0.001717,0.000978,ws,ws,book_ladder,book_ladder,False,False,-4.25,3.35,65,494.0,strategy_S9-149:NIFTY:2026-04-10T14:14:25:SHORT
2026-04-10,14:15:07,2026-04-10,14:15:46,NIFTY,SELL,24015.2,23956.25,NIFTY13APR2624050PE,24050.0,PE,155.2,187.7,160.0,185.0,160.0,185.0,0.001289,0.002395,ws,ws,book_ladder,book_ladder,False,False,-4.8,2.7,65,2112.5,strategy_S9-149:NIFTY:2026-04-10T14:15:07:SHORT
2026-04-10,14:16:00,2026-04-10,14:16:20,NIFTY,BUY,23982.95,23994.95,NIFTY13APR2623950CE,23950.0,CE,152.0,164.35,155.0,160.0,155.0,160.0,0.001976,0.002127,ws,ws,book_ladder,book_ladder,False,False,-3.0,4.35,65,802.75,strategy_S9-149:NIFTY:2026-04-10T14:16:00:LONG
2026-04-10,14:16:31,2026-04-10,14:17:00,NIFTY,SELL,23982.35,23964.75,NIFTY13APR2624000PE,24000.0,PE,149.1,161.65,150.0,160.0,150.0,160.0,0.000335,0.002163,ws,ws,book_ladder,book_ladder,False,False,-0.9,1.65,65,815.75,strategy_S9-149:NIFTY:2026-04-10T14:16:31:SHORT
2026-04-10,14:17:10,2026-04-10,14:17:26,NIFTY,BUY,23968.7,23974.45,NIFTY13APR2623950CE,23950.0,CE,157.05,158.3,160.0,155.0,160.0,155.0,0.00255,0.002209,ws,ws,book_ladder,book_ladder,False,False,-2.95,3.3,65,81.25,strategy_S9-149:NIFTY:2026-04-10T14:17:10:LONG
2026-04-10,14:17:30,2026-04-10,14:17:52,NIFTY,BUY,23979.25,23990.2,NIFTY13APR2623950CE,23950.0,CE,158.95,164.9,160.0,165.0,160.0,160.0,0.001574,0.002423,ws,ws,book_ladder,book_ladder,False,True,-1.05,-0.1,65,386.75,strategy_S9-149:NIFTY:2026-04-10T14:17:30:LONG
2026-04-10,14:18:10,2026-04-10,14:18:20,NIFTY,BUY,23992.75,23990.35,NIFTY13APR2623950CE,23950.0,CE,166.5,166.5,170.0,165.0,170.0,165.0,0.002104,0.0021,ws,ws,book_ladder,book_ladder,False,False,-3.5,1.5,65,0.0,strategy_S9-149:NIFTY:2026-04-10T14:18:10:LONG
2026-04-10,14:18:30,2026-04-10,14:18:36,NIFTY,BUY,23992.8,23992.1,NIFTY13APR2623950CE,23950.0,CE,167.4,167.85,170.0,165.0,170.0,165.0,0.002093,0.001786,ws,ws,book_ladder,book_ladder,False,False,-2.6,2.85,65,29.25,strategy_S9-149:NIFTY:2026-04-10T14:18:30:LONG
2026-04-10,14:18:57,2026-04-10,14:19:01,NIFTY,BUY,23994.7,23992.4,NIFTY13APR2623950CE,23950.0,CE,168.2,166.15,170.0,165.0,170.0,165.0,0.002381,0.002405,ws,ws,book_ladder,book_ladder,False,False,-1.8,1.15,65,-133.25,strategy_S9-149:NIFTY:2026-04-10T14:18:57:LONG
2026-04-10,14:19:10,2026-04-10,14:19:22,NIFTY,SELL,23987.2,23988.75,NIFTY13APR2624000PE,24000.0,PE,149.05,147.45,150.0,145.0,150.0,145.0,0.001679,0.002371,ws,ws,book_ladder,book_ladder,False,False,-0.95,2.45,65,-104.0,strategy_S9-149:NIFTY:2026-04-10T14:19:10:SHORT
2026-04-10,14:19:31,2026-04-10,14:19:43,NIFTY,SELL,23986.35,23991.2,NIFTY13APR2624000PE,24000.0,PE,149.9,147.3,150.0,145.0,150.0,145.0,0.001001,0.002373,ws,ws,book_ladder,book_ladder,False,False,-0.1,2.3,65,-169.0,strategy_S9-149:NIFTY:2026-04-10T14:19:31:SHORT
2026-04-10,14:20:00,2026-04-10,14:20:25,NIFTY,BUY,23997.65,23996.75,NIFTY13APR2623950CE,23950.0,CE,167.55,167.5,170.0,165.0,170.0,165.0,0.002091,0.002385,ws,ws,book_ladder,book_ladder,False,False,-2.45,2.5,65,-3.25,strategy_S9-149:NIFTY:2026-04-10T14:20:00:LONG
2026-04-10,14:20:45,2026-04-10,14:21:10,NIFTY,BUY,23999.3,24001.3,NIFTY13APR2623950CE,23950.0,CE,170.95,169.05,175.0,165.0,175.0,165.0,0.002343,0.002363,ws,ws,book_ladder,book_ladder,False,False,-4.05,4.05,65,-123.5,strategy_S9-149:NIFTY:2026-04-10T14:20:45:LONG
2026-04-10,14:21:53,2026-04-10,14:22:10,NIFTY,BUY,24007.4,24002.75,NIFTY13APR2624000CE,24000.0,CE,144.35,143.15,145.0,140.0,145.0,140.0,0.002428,0.001396,ws,ws,book_ladder,book_ladder,False,False,-0.65,3.15,65,-78.0,strategy_S9-149:NIFTY:2026-04-10T14:21:53:LONG
2026-04-10,14:22:35,2026-04-10,14:22:45,NIFTY,SELL,23996.95,23998.6,NIFTY13APR2624000PE,24000.0,PE,144.9,144.65,145.0,140.0,145.0,140.0,0.002764,0.002417,ws,ws,book_ladder,book_ladder,False,False,-0.1,4.65,65,-16.25,strategy_S9-149:NIFTY:2026-04-10T14:22:35:SHORT
2026-04-10,14:22:50,2026-04-10,14:23:15,NIFTY,SELL,23995.85,23990.95,NIFTY13APR2624000PE,24000.0,PE,145.0,150.65,145.0,150.0,145.0,150.0,0.002071,0.002652,ws,ws,book_ladder,book_ladder,False,False,0.0,0.65,65,367.25,strategy_S9-149:NIFTY:2026-04-10T14:22:50:SHORT
2026-04-10,14:23:20,2026-04-10,14:23:46,NIFTY,SELL,23984.85,23974.3,NIFTY13APR2624000PE,24000.0,PE,155.95,157.2,160.0,155.0,160.0,155.0,0.002568,0.002541,ws,ws,book_ladder,book_ladder,False,False,-4.05,2.2,65,81.25,strategy_S9-149:NIFTY:2026-04-10T14:23:20:SHORT
2026-04-10,14:24:07,2026-04-10,14:24:15,NIFTY,SELL,23961.45,23962.9,NIFTY13APR2624000PE,24000.0,PE,162.0,161.55,165.0,160.0,165.0,160.0,0.001544,0.002782,ws,ws,book_ladder,book_ladder,False,False,-3.0,1.55,65,-29.25,strategy_S9-149:NIFTY:2026-04-10T14:24:07:SHORT
2026-04-10,14:24:50,2026-04-10,14:25:13,NIFTY,SELL,23959.2,23956.15,NIFTY13APR2624000PE,24000.0,PE,163.5,166.6,165.0,165.0,165.0,165.0,0.002449,0.0009,ws,ws,book_ladder,book_ladder,False,False,-1.5,1.6,65,201.5,strategy_S9-149:NIFTY:2026-04-10T14:24:50:SHORT
2026-04-10,14:25:30,2026-04-10,14:25:43,NIFTY,SELL,23950.75,23953.0,NIFTY13APR2624000PE,24000.0,PE,174.2,170.55,175.0,170.0,175.0,170.0,0.002299,0.002635,ws,ws,book_ladder,book_ladder,False,False,-0.8,0.55,65,-237.25,strategy_S9-149:NIFTY:2026-04-10T14:25:30:SHORT
2026-04-10,14:25:53,2026-04-10,14:26:08,NIFTY,BUY,23957.3,23957.1,NIFTY13APR2623950CE,23950.0,CE,146.2,147.7,150.0,145.0,150.0,145.0,0.001369,0.001353,ws,ws,book_ladder,book_ladder,False,False,-3.8,2.7,65,97.5,strategy_S9-149:NIFTY:2026-04-10T14:25:53:LONG
2026-04-10,14:26:21,2026-04-10,14:26:35,NIFTY,BUY,23957.2,23957.75,NIFTY13APR2623950CE,23950.0,CE,146.4,145.65,150.0,145.0,150.0,145.0,0.002394,0.002058,ws,ws,book_ladder,book_ladder,False,False,-3.6,0.65,65,-48.75,strategy_S9-149:NIFTY:2026-04-10T14:26:21:LONG
2026-04-10,14:26:53,2026-04-10,14:27:09,NIFTY,BUY,23962.45,23964.3,NIFTY13APR2623950CE,23950.0,CE,147.65,147.65,150.0,145.0,150.0,145.0,0.002034,0.002368,ws,ws,book_ladder,book_ladder,False,False,-2.35,2.65,65,0.0,strategy_S9-149:NIFTY:2026-04-10T14:26:53:LONG
2026-04-10,14:27:26,2026-04-10,14:27:45,NIFTY,SELL,23958.3,23950.25,NIFTY13APR2624000PE,24000.0,PE,166.75,171.1,170.0,170.0,170.0,170.0,0.002402,0.002627,ws,ws,book_ladder,book_ladder,False,False,-3.25,1.1,65,282.75,strategy_S9-149:NIFTY:2026-04-10T14:27:26:SHORT
2026-04-10,14:28:13,2026-04-10,14:28:26,NIFTY,BUY,23962.3,23962.75,NIFTY13APR2623950CE,23950.0,CE,148.6,146.65,150.0,145.0,150.0,145.0,0.002021,0.002384,ws,ws,book_ladder,book_ladder,False,False,-1.4,1.65,65,-126.75,strategy_S9-149:NIFTY:2026-04-10T14:28:13:LONG
2026-04-10,14:28:45,2026-04-10,14:28:55,NIFTY,BUY,23966.7,23963.1,NIFTY13APR2623950CE,23950.0,CE,148.3,146.95,150.0,145.0,150.0,145.0,0.001687,0.002039,ws,ws,book_ladder,book_ladder,False,False,-1.7,1.95,65,-87.75,strategy_S9-149:NIFTY:2026-04-10T14:28:45:LONG
2026-04-10,14:29:33,2026-04-10,14:29:41,NIFTY,SELL,23961.15,23959.9,NIFTY13APR2624000PE,24000.0,PE,168.35,167.1,170.0,165.0,170.0,165.0,0.000297,0.002391,ws,ws,book_ladder,book_ladder,False,False,-1.65,2.1,65,-81.25,strategy_S9-149:NIFTY:2026-04-10T14:29:33:SHORT
2026-04-10,14:30:40,2026-04-10,14:31:03,NIFTY,BUY,23971.9,23974.7,NIFTY13APR2623950CE,23950.0,CE,149.65,149.0,150.0,145.0,150.0,145.0,0.002007,0.001676,ws,ws,book_ladder,book_ladder,False,False,-0.35,4.0,65,-42.25,strategy_S9-149:NIFTY:2026-04-10T14:30:40:LONG
2026-04-10,14:32:10,2026-04-10,14:32:17,NIFTY,BUY,23979.15,23976.25,NIFTY13APR2623950CE,23950.0,CE,150.5,148.95,155.0,145.0,155.0,145.0,0.002328,0.002682,ws,ws,book_ladder,book_ladder,False,False,-4.5,3.95,65,-100.75,strategy_S9-149:NIFTY:2026-04-10T14:32:10:LONG
2026-04-10,14:33:11,2026-04-10,14:33:30,NIFTY,BUY,23978.45,23984.8,NIFTY13APR2623950CE,23950.0,CE,154.5,157.7,155.0,155.0,155.0,155.0,0.002592,0.002217,ws,ws,book_ladder,book_ladder,False,False,-0.5,2.7,65,208.0,strategy_S9-149:NIFTY:2026-04-10T14:33:11:LONG
2026-04-10,14:33:43,2026-04-10,14:33:49,NIFTY,BUY,23989.9,23986.2,NIFTY13APR2623950CE,23950.0,CE,157.4,155.7,160.0,155.0,160.0,155.0,0.002545,0.002886,ws,ws,book_ladder,book_ladder,False,False,-2.6,0.7,65,-110.5,strategy_S9-149:NIFTY:2026-04-10T14:33:43:LONG
2026-04-10,14:34:05,2026-04-10,14:34:30,NIFTY,SELL,23977.4,23975.3,NIFTY13APR2624000PE,24000.0,PE,159.85,158.7,160.0,155.0,160.0,155.0,0.002505,0.002203,ws,ws,book_ladder,book_ladder,False,False,-0.15,3.7,65,-74.75,strategy_S9-149:NIFTY:2026-04-10T14:34:05:SHORT
2026-04-10,14:34:41,2026-04-10,14:35:15,NIFTY,SELL,23966.7,23961.2,NIFTY13APR2624000PE,24000.0,PE,162.0,157.6,165.0,155.0,165.0,155.0,0.002472,0.002535,ws,ws,book_ladder,book_ladder,False,False,-3.0,2.6,65,-286.0,strategy_S9-149:NIFTY:2026-04-10T14:34:41:SHORT
2026-04-10,14:35:37,2026-04-10,14:35:45,NIFTY,SELL,23953.65,23955.35,NIFTY13APR2624000PE,24000.0,PE,159.5,160.85,160.0,160.0,160.0,160.0,0.002197,0.001863,ws,ws,book_ladder,book_ladder,False,False,-0.5,0.85,65,87.75,strategy_S9-149:NIFTY:2026-04-10T14:35:37:SHORT
2026-04-10,14:36:16,2026-04-10,14:36:30,NIFTY,SELL,23950.45,23949.85,NIFTY13APR2624000PE,24000.0,PE,167.8,168.95,170.0,165.0,170.0,165.0,0.002387,0.00266,ws,ws,book_ladder,book_ladder,False,False,-2.2,3.95,65,74.75,strategy_S9-149:NIFTY:2026-04-10T14:36:16:SHORT
2026-04-10,14:36:41,2026-04-10,14:36:55,NIFTY,BUY,23953.95,23960.3,NIFTY13APR2623950CE,23950.0,CE,145.3,147.95,150.0,145.0,150.0,145.0,0.001377,0.001351,ws,ws,book_ladder,book_ladder,False,False,-4.7,2.95,65,172.25,strategy_S9-149:NIFTY:2026-04-10T14:36:41:LONG
2026-04-10,14:37:26,2026-04-10,14:37:38,NIFTY,BUY,23962.75,23959.55,NIFTY13APR2623950CE,23950.0,CE,146.8,144.9,150.0,140.0,150.0,140.0,0.002387,0.001035,ws,ws,book_ladder,book_ladder,False,False,-3.2,4.9,65,-123.5,strategy_S9-149:NIFTY:2026-04-10T14:37:26:LONG
2026-04-10,14:38:11,2026-04-10,14:39:08,NIFTY,BUY,23965.7,23969.5,NIFTY13APR2623950CE,23950.0,CE,148.6,150.95,150.0,150.0,150.0,150.0,0.002021,0.002316,ws,ws,book_ladder,book_ladder,False,False,-1.4,0.95,65,152.75,strategy_S9-149:NIFTY:2026-04-10T14:38:11:LONG
2026-04-10,14:39:10,2026-04-10,14:39:46,NIFTY,BUY,23973.4,23975.25,NIFTY13APR2623950CE,23950.0,CE,150.95,152.25,155.0,150.0,155.0,150.0,0.002653,0.001313,ws,ws,book_ladder,book_ladder,False,False,-4.05,2.25,65,84.5,strategy_S9-149:NIFTY:2026-04-10T14:39:10:LONG
2026-04-10,14:40:42,2026-04-10,14:40:57,NIFTY,BUY,23979.55,23977.45,NIFTY13APR2623950CE,23950.0,CE,153.35,153.2,155.0,150.0,155.0,150.0,0.002612,0.001956,ws,ws,book_ladder,book_ladder,False,False,-1.65,3.2,65,-9.75,strategy_S9-149:NIFTY:2026-04-10T14:40:42:LONG
2026-04-10,14:41:45,2026-04-10,14:42:01,NIFTY,BUY,23979.45,23984.0,NIFTY13APR2623950CE,23950.0,CE,153.9,156.65,155.0,155.0,155.0,155.0,0.001951,0.002232,ws,ws,book_ladder,book_ladder,False,False,-1.1,1.65,65,178.75,strategy_S9-149:NIFTY:2026-04-10T14:41:45:LONG
2026-04-10,14:43:00,2026-04-10,14:43:14,NIFTY,BUY,23988.45,23981.45,NIFTY13APR2623950CE,23950.0,CE,159.75,157.6,160.0,155.0,160.0,155.0,0.002507,0.002535,ws,ws,book_ladder,book_ladder,False,False,-0.25,2.6,65,-139.75,strategy_S9-149:NIFTY:2026-04-10T14:43:00:LONG
2026-04-10,14:43:25,2026-04-10,14:43:30,NIFTY,SELL,23978.75,23981.5,NIFTY13APR2624000PE,24000.0,PE,158.3,156.65,160.0,155.0,160.0,155.0,0.000632,0.002232,ws,ws,book_ladder,book_ladder,False,False,-1.7,1.65,65,-107.25,strategy_S9-149:NIFTY:2026-04-10T14:43:25:SHORT
2026-04-10,14:43:55,2026-04-10,14:44:10,NIFTY,SELL,23979.0,23979.85,NIFTY13APR2624000PE,24000.0,PE,158.1,158.05,160.0,155.0,160.0,155.0,0.002216,0.002528,ws,ws,book_ladder,book_ladder,False,False,-1.9,3.05,65,-3.25,strategy_S9-149:NIFTY:2026-04-10T14:43:55:SHORT
2026-04-10,14:44:42,2026-04-10,14:44:57,NIFTY,BUY,23982.95,23982.35,NIFTY13APR2623950CE,23950.0,CE,159.95,158.45,160.0,155.0,160.0,155.0,0.000938,0.001892,ws,ws,book_ladder,book_ladder,False,False,-0.05,3.45,65,-97.5,strategy_S9-149:NIFTY:2026-04-10T14:44:42:LONG
2026-04-10,14:45:12,2026-04-10,14:45:48,NIFTY,SELL,23976.55,23966.4,NIFTY13APR2624000PE,24000.0,PE,161.35,162.25,165.0,160.0,165.0,160.0,0.002482,0.00154,ws,ws,book_ladder,book_ladder,False,False,-3.65,2.25,65,58.5,strategy_S9-149:NIFTY:2026-04-10T14:45:12:SHORT
2026-04-10,14:46:00,2026-04-10,14:46:40,NIFTY,BUY,23972.95,23973.15,NIFTY13APR2623950CE,23950.0,CE,158.05,155.85,160.0,155.0,160.0,155.0,0.00095,0.001282,ws,ws,book_ladder,book_ladder,False,False,-1.95,0.85,65,-143.0,strategy_S9-149:NIFTY:2026-04-10T14:46:00:LONG
2026-04-10,14:46:52,2026-04-10,14:47:21,NIFTY,SELL,23968.75,23959.6,NIFTY13APR2624000PE,24000.0,PE,162.0,163.4,165.0,160.0,165.0,160.0,0.001544,0.001834,ws,ws,book_ladder,book_ladder,False,False,-3.0,3.4,65,91.0,strategy_S9-149:NIFTY:2026-04-10T14:46:52:SHORT
2026-04-10,14:47:42,2026-04-10,14:47:57,NIFTY,BUY,23962.8,23965.75,NIFTY13APR2623950CE,23950.0,CE,155.15,154.75,160.0,150.0,160.0,150.0,0.00129,0.001614,ws,ws,book_ladder,book_ladder,False,False,-4.85,4.75,65,-26.0,strategy_S9-149:NIFTY:2026-04-10T14:47:42:LONG
2026-04-10,14:48:10,2026-04-10,14:48:23,NIFTY,BUY,23969.95,23969.25,NIFTY13APR2623950CE,23950.0,CE,156.5,155.75,160.0,155.0,160.0,155.0,0.001599,0.001604,ws,ws,book_ladder,book_ladder,False,False,-3.5,0.75,65,-48.75,strategy_S9-149:NIFTY:2026-04-10T14:48:10:LONG
2026-04-10,14:48:42,2026-04-10,14:48:54,NIFTY,SELL,23961.25,23962.25,NIFTY13APR2624000PE,24000.0,PE,165.0,164.9,165.0,165.0,165.0,160.0,0.000606,0.002423,ws,ws,book_ladder,book_ladder,False,True,0.0,-0.1,65,-6.5,strategy_S9-149:NIFTY:2026-04-10T14:48:42:SHORT
2026-04-10,14:49:10,2026-04-10,14:49:28,NIFTY,BUY,23972.25,24002.45,NIFTY13APR2623950CE,23950.0,CE,160.8,174.2,165.0,170.0,165.0,170.0,0.001556,0.00258,ws,ws,book_ladder,book_ladder,False,False,-4.2,4.2,65,871.0,strategy_S9-149:NIFTY:2026-04-10T14:49:10:LONG
2026-04-10,14:49:55,2026-04-10,14:50:07,NIFTY,BUY,24003.0,23999.75,NIFTY13APR2624000CE,24000.0,CE,156.75,150.95,160.0,150.0,160.0,150.0,0.001596,0.001985,ws,ws,book_ladder,book_ladder,False,False,-3.25,0.95,65,-377.0,strategy_S9-149:NIFTY:2026-04-10T14:49:55:LONG
2026-04-10,14:50:38,2026-04-10,14:51:15,NIFTY,SELL,23995.4,23994.95,NIFTY13APR2624000PE,24000.0,PE,144.55,145.65,145.0,145.0,145.0,145.0,0.001038,0.002058,ws,ws,book_ladder,book_ladder,False,False,-0.45,0.65,65,71.5,strategy_S9-149:NIFTY:2026-04-10T14:50:38:SHORT
2026-04-10,14:51:32,2026-04-10,14:51:48,NIFTY,BUY,23998.9,23996.85,NIFTY13APR2623950CE,23950.0,CE,175.6,175.2,180.0,175.0,180.0,175.0,0.002281,0.001711,ws,ws,book_ladder,book_ladder,False,False,-4.4,0.2,65,-26.0,strategy_S9-149:NIFTY:2026-04-10T14:51:32:LONG
2026-04-10,14:52:40,2026-04-10,14:52:55,NIFTY,BUY,24001.2,23999.2,NIFTY13APR2624000CE,24000.0,CE,149.2,148.4,150.0,145.0,150.0,145.0,0.002013,0.000674,ws,ws,book_ladder,book_ladder,False,False,-0.8,3.4,65,-52.0,strategy_S9-149:NIFTY:2026-04-10T14:52:40:LONG
2026-04-10,14:53:05,2026-04-10,14:53:13,NIFTY,SELL,23997.05,23999.35,NIFTY13APR2624000PE,24000.0,PE,143.95,141.85,145.0,140.0,145.0,140.0,0.002434,0.002113,ws,ws,book_ladder,book_ladder,False,False,-1.05,1.85,65,-136.5,strategy_S9-149:NIFTY:2026-04-10T14:53:05:SHORT
2026-04-10,14:55:14,2026-04-10,14:55:25,NIFTY,BUY,24000.85,23998.35,NIFTY13APR2624000CE,24000.0,CE,144.1,144.5,145.0,140.0,145.0,140.0,0.002084,0.002419,ws,ws,book_ladder,book_ladder,False,False,-0.9,4.5,65,26.0,strategy_S9-149:NIFTY:2026-04-10T14:55:14:LONG
2026-04-10,14:55:30,2026-04-10,14:55:40,NIFTY,BUY,24002.3,23999.9,NIFTY13APR2624000CE,24000.0,CE,144.85,146.3,145.0,145.0,145.0,145.0,0.002419,0.002389,ws,ws,book_ladder,book_ladder,False,False,-0.15,1.3,65,94.25,strategy_S9-149:NIFTY:2026-04-10T14:55:30:LONG
2026-04-10,14:56:05,2026-04-10,14:56:15,NIFTY,SELL,23995.9,23998.2,NIFTY13APR2624000PE,24000.0,PE,145.4,144.5,150.0,140.0,150.0,140.0,0.00241,0.001038,ws,ws,book_ladder,book_ladder,False,False,-4.6,4.5,65,-58.5,strategy_S9-149:NIFTY:2026-04-10T14:56:05:SHORT
2026-04-10,14:56:40,2026-04-10,14:56:55,NIFTY,BUY,23999.95,24000.6,NIFTY13APR2623950CE,23950.0,CE,171.85,173.55,175.0,170.0,175.0,170.0,0.002039,0.00259,ws,ws,book_ladder,book_ladder,False,False,-3.15,3.55,65,110.5,strategy_S9-149:NIFTY:2026-04-10T14:56:40:LONG
2026-04-10,14:57:00,2026-04-10,14:57:08,NIFTY,BUY,24004.05,23998.6,NIFTY13APR2624000CE,24000.0,CE,147.75,147.0,150.0,145.0,150.0,145.0,0.002372,0.002717,ws,ws,book_ladder,book_ladder,False,False,-2.25,2.0,65,-48.75,strategy_S9-149:NIFTY:2026-04-10T14:57:00:LONG
2026-04-10,14:57:10,2026-04-10,14:57:30,NIFTY,SELL,23997.45,23998.95,NIFTY13APR2624000PE,24000.0,PE,146.75,143.0,150.0,140.0,150.0,140.0,0.002046,0.002096,ws,ws,book_ladder,book_ladder,False,False,-3.25,3.0,65,-243.75,strategy_S9-149:NIFTY:2026-04-10T14:57:10:SHORT
2026-04-10,14:57:40,2026-04-10,14:57:55,NIFTY,BUY,24003.3,24000.45,NIFTY13APR2624000CE,24000.0,CE,147.6,145.65,150.0,145.0,150.0,145.0,0.002035,0.002058,ws,ws,book_ladder,book_ladder,False,False,-2.4,0.65,65,-126.75,strategy_S9-149:NIFTY:2026-04-10T14:57:40:LONG
2026-04-10,14:58:42,2026-04-10,14:58:46,NIFTY,BUY,24005.55,24003.8,NIFTY13APR2624000CE,24000.0,CE,148.35,147.3,150.0,145.0,150.0,145.0,0.002362,0.000339,ws,ws,book_ladder,book_ladder,False,False,-1.65,2.3,65,-68.25,strategy_S9-149:NIFTY:2026-04-10T14:58:42:LONG
2026-04-10,14:59:25,2026-04-10,14:59:30,NIFTY,SELL,24000.45,24001.25,NIFTY13APR2624050PE,24050.0,PE,167.8,168.15,170.0,165.0,170.0,165.0,0.002088,0.002376,ws,ws,book_ladder,book_ladder,False,False,-2.2,3.15,65,22.75,strategy_S9-149:NIFTY:2026-04-10T14:59:25:SHORT
2026-04-10,14:59:50,2026-04-10,15:00:00,NIFTY,SELL,23998.55,23997.8,NIFTY13APR2624000PE,24000.0,PE,143.45,143.9,145.0,140.0,145.0,140.0,0.001744,0.002083,ws,ws,book_ladder,book_ladder,False,False,-1.55,3.9,65,29.25,strategy_S9-149:NIFTY:2026-04-10T14:59:50:SHORT
2026-04-10,15:00:28,2026-04-10,15:01:55,NIFTY,BUY,24003.75,24020.6,NIFTY13APR2624000CE,24000.0,CE,146.35,152.3,150.0,150.0,150.0,150.0,0.00171,0.001968,ws,ws,book_ladder,book_ladder,False,False,-3.65,2.3,65,386.75,strategy_S9-149:NIFTY:2026-04-10T15:00:28:LONG
2026-04-10,15:02:14,2026-04-10,15:02:20,NIFTY,SELL,24014.45,24016.6,NIFTY13APR2624050PE,24050.0,PE,161.0,158.85,165.0,155.0,165.0,155.0,0.000932,0.000944,ws,ws,book_ladder,book_ladder,False,False,-4.0,3.85,65,-139.75,strategy_S9-149:NIFTY:2026-04-10T15:02:14:SHORT
2026-04-10,15:02:30,2026-04-10,15:02:40,NIFTY,SELL,24012.3,24014.65,NIFTY13APR2624050PE,24050.0,PE,163.45,160.05,165.0,160.0,165.0,160.0,0.00245,0.002808,ws,ws,book_ladder,book_ladder,False,False,-1.55,0.05,65,-221.0,strategy_S9-149:NIFTY:2026-04-10T15:02:30:SHORT
2026-04-10,15:02:50,2026-04-10,15:04:11,NIFTY,BUY,24018.15,24030.65,NIFTY13APR2624000CE,24000.0,CE,151.3,160.85,155.0,160.0,155.0,160.0,0.002647,0.002174,ws,ws,book_ladder,book_ladder,False,False,-3.7,0.85,65,620.75,strategy_S9-149:NIFTY:2026-04-10T15:02:50:LONG
2026-04-10,15:04:30,2026-04-10,15:04:35,NIFTY,SELL,24028.35,24030.6,NIFTY13APR2624050PE,24050.0,PE,152.15,148.35,155.0,145.0,155.0,145.0,0.001315,0.001684,ws,ws,book_ladder,book_ladder,False,False,-2.85,3.35,65,-247.0,strategy_S9-149:NIFTY:2026-04-10T15:04:30:SHORT
2026-04-10,15:04:40,2026-04-10,15:04:45,NIFTY,BUY,24032.3,24029.3,NIFTY13APR2624000CE,24000.0,CE,160.5,159.0,165.0,155.0,165.0,155.0,0.002183,0.002513,ws,ws,book_ladder,book_ladder,False,False,-4.5,4.0,65,-97.5,strategy_S9-149:NIFTY:2026-04-10T15:04:40:LONG
2026-04-10,15:04:58,2026-04-10,15:06:27,NIFTY,BUY,24035.25,24053.1,NIFTY13APR2624000CE,24000.0,CE,162.9,171.0,165.0,170.0,165.0,170.0,0.002459,0.001169,ws,ws,book_ladder,book_ladder,False,False,-2.1,1.0,65,526.5,strategy_S9-149:NIFTY:2026-04-10T15:04:58:LONG
2026-04-10,15:06:40,2026-04-10,15:07:00,NIFTY,SELL,24048.4,24048.1,NIFTY13APR2624050PE,24050.0,PE,142.8,139.2,145.0,135.0,145.0,135.0,0.001752,0.002153,ws,ws,book_ladder,book_ladder,False,False,-2.2,4.2,65,-234.0,strategy_S9-149:NIFTY:2026-04-10T15:06:40:SHORT
2026-04-10,15:07:33,2026-04-10,15:08:27,NIFTY,BUY,24052.7,24058.25,NIFTY13APR2624050CE,24050.0,CE,144.6,146.25,145.0,145.0,145.0,145.0,0.002423,0.002049,ws,ws,book_ladder,book_ladder,False,False,-0.4,1.25,65,107.25,strategy_S9-149:NIFTY:2026-04-10T15:07:33:LONG
2026-04-10,15:08:50,2026-04-10,15:08:58,NIFTY,BUY,24062.05,24059.5,NIFTY13APR2624050CE,24050.0,CE,147.5,146.85,150.0,145.0,150.0,145.0,0.002716,0.002381,ws,ws,book_ladder,book_ladder,False,False,-2.5,1.85,65,-42.25,strategy_S9-149:NIFTY:2026-04-10T15:08:50:LONG
2026-04-10,15:09:27,2026-04-10,15:09:38,NIFTY,SELL,24057.35,24059.4,NIFTY13APR2624100PE,24100.0,PE,160.4,159.3,165.0,155.0,165.0,155.0,0.002184,0.002195,ws,ws,book_ladder,book_ladder,False,False,-4.6,4.3,65,-71.5,strategy_S9-149:NIFTY:2026-04-10T15:09:27:SHORT
2026-04-10,15:10:01,2026-04-10,15:11:27,NIFTY,BUY,24061.5,24066.35,NIFTY13APR2624050CE,24050.0,CE,146.85,150.8,150.0,150.0,150.0,150.0,0.001704,0.002649,ws,ws,book_ladder,book_ladder,False,False,-3.15,0.8,65,256.75,strategy_S9-149:NIFTY:2026-04-10T15:10:01:LONG
2026-04-10,15:11:30,2026-04-10,15:11:45,NIFTY,BUY,24068.3,24066.35,NIFTY13APR2624050CE,24050.0,CE,152.85,153.6,155.0,150.0,155.0,150.0,0.001637,0.002601,ws,ws,book_ladder,book_ladder,False,False,-2.15,3.6,65,48.75,strategy_S9-149:NIFTY:2026-04-10T15:11:30:LONG
2026-04-10,15:11:50,2026-04-10,15:12:10,NIFTY,BUY,24068.75,24071.15,NIFTY13APR2624050CE,24050.0,CE,154.2,154.65,155.0,150.0,155.0,150.0,0.002272,0.002906,ws,ws,book_ladder,book_ladder,False,False,-0.8,4.65,65,29.25,strategy_S9-149:NIFTY:2026-04-10T15:11:50:LONG
2026-04-10,15:12:35,2026-04-10,15:12:51,NIFTY,SELL,24066.8,24063.05,NIFTY13APR2624100PE,24100.0,PE,157.8,158.35,160.0,155.0,160.0,155.0,0.00222,0.002523,ws,ws,book_ladder,book_ladder,False,False,-2.2,3.35,65,35.75,strategy_S9-149:NIFTY:2026-04-10T15:12:35:SHORT
2026-04-10,15:14:01,2026-04-10,15:14:10,NIFTY,SELL,24058.75,24060.5,NIFTY13APR2624100PE,24100.0,PE,159.15,158.25,160.0,155.0,160.0,155.0,0.002202,0.002209,ws,ws,book_ladder,book_ladder,False,False,-0.85,3.25,65,-58.5,strategy_S9-149:NIFTY:2026-04-10T15:14:01:SHORT
2026-04-10,15:14:45,2026-04-10,15:15:06,NIFTY,SELL,24057.5,24058.6,NIFTY13APR2624100PE,24100.0,PE,160.25,160.5,165.0,160.0,165.0,160.0,0.001874,0.0028,ws,ws,book_ladder,book_ladder,False,False,-4.75,0.5,65,16.25,strategy_S9-149:NIFTY:2026-04-10T15:14:45:SHORT
2026-04-10,15:15:42,2026-04-10,15:16:06,NIFTY,SELL,24050.05,24049.55,NIFTY13APR2624100PE,24100.0,PE,166.0,165.5,170.0,165.0,170.0,165.0,0.000904,0.002414,ws,ws,book_ladder,book_ladder,False,False,-4.0,0.5,65,-32.5,strategy_S9-149:NIFTY:2026-04-10T15:15:42:SHORT
2026-04-10,15:16:21,2026-04-10,15:16:35,NIFTY,BUY,24054.7,24053.15,NIFTY13APR2624050CE,24050.0,CE,147.5,146.4,150.0,145.0,150.0,145.0,0.002716,0.002729,ws,ws,book_ladder,book_ladder,False,False,-2.5,1.4,65,-71.5,strategy_S9-149:NIFTY:2026-04-10T15:16:21:LONG
2026-04-10,15:17:02,2026-04-10,15:17:27,NIFTY,BUY,24059.6,24058.7,NIFTY13APR2624050CE,24050.0,CE,147.7,147.7,150.0,145.0,150.0,145.0,0.002372,0.002367,ws,ws,book_ladder,book_ladder,False,False,-2.3,2.7,65,0.0,strategy_S9-149:NIFTY:2026-04-10T15:17:02:LONG
2026-04-10,15:18:00,2026-04-10,15:18:14,NIFTY,SELL,24054.8,24056.7,NIFTY13APR2624100PE,24100.0,PE,164.3,164.3,165.0,160.0,165.0,160.0,0.002438,0.002432,ws,ws,book_ladder,book_ladder,False,False,-0.7,4.3,65,0.0,strategy_S9-149:NIFTY:2026-04-10T15:18:00:SHORT
2026-04-10,15:18:50,2026-04-10,15:19:00,NIFTY,BUY,24060.6,24058.25,NIFTY13APR2624050CE,24050.0,CE,148.0,146.3,150.0,145.0,150.0,145.0,0.002368,0.002389,ws,ws,book_ladder,book_ladder,False,False,-2.0,1.3,65,-110.5,strategy_S9-149:NIFTY:2026-04-10T15:18:50:LONG
2026-04-10,15:19:11,2026-04-10,15:19:15,NIFTY,BUY,24060.3,24057.55,NIFTY13APR2624050CE,24050.0,CE,146.1,146.25,150.0,145.0,150.0,145.0,0.002398,0.002731,ws,ws,book_ladder,book_ladder,False,False,-3.9,1.25,65,9.75,strategy_S9-149:NIFTY:2026-04-10T15:19:11:LONG
2026-04-10,15:19:25,2026-04-10,15:19:40,NIFTY,SELL,24056.7,24057.55,NIFTY13APR2624100PE,24100.0,PE,164.95,165.8,165.0,165.0,165.0,165.0,0.00091,0.001206,ws,ws,book_ladder,book_ladder,False,False,-0.05,0.8,65,55.25,strategy_S9-149:NIFTY:2026-04-10T15:19:25:SHORT
2026-04-10,15:19:54,2026-04-10,15:20:01,NIFTY,SELL,24053.6,24055.4,NIFTY13APR2624100PE,24100.0,PE,165.6,165.6,170.0,165.0,170.0,165.0,0.001511,0.001509,ws,ws,book_ladder,book_ladder,False,False,-4.4,0.6,65,0.0,strategy_S9-149:NIFTY:2026-04-10T15:19:54:SHORT
2026-04-10,15:20:10,2026-04-10,15:20:35,NIFTY,SELL,24052.35,24051.9,NIFTY13APR2624100PE,24100.0,PE,167.0,165.0,170.0,165.0,170.0,165.0,0.002398,0.002421,ws,ws,book_ladder,book_ladder,False,False,-3.0,0.0,65,-130.0,strategy_S9-149:NIFTY:2026-04-10T15:20:10:SHORT
2026-04-10,15:20:50,2026-04-10,15:20:57,NIFTY,BUY,24057.05,24055.0,NIFTY13APR2624050CE,24050.0,CE,144.25,143.15,145.0,140.0,145.0,140.0,0.002429,0.002442,ws,ws,book_ladder,book_ladder,False,False,-0.75,3.15,65,-71.5,strategy_S9-149:NIFTY:2026-04-10T15:20:50:LONG
2026-04-10,15:21:10,2026-04-10,15:21:30,NIFTY,BUY,24061.35,24057.95,NIFTY13APR2624050CE,24050.0,CE,143.1,145.0,145.0,145.0,145.0,145.0,0.000699,0.002755,ws,ws,book_ladder,book_ladder,False,False,-1.9,0.0,65,123.5,strategy_S9-149:NIFTY:2026-04-10T15:21:10:LONG
2026-04-10,15:22:25,2026-04-10,15:22:41,NIFTY,SELL,24055.4,24057.35,NIFTY13APR2624100PE,24100.0,PE,163.3,163.75,165.0,160.0,165.0,160.0,0.002759,0.002135,ws,ws,book_ladder,book_ladder,False,False,-1.7,3.75,65,29.25,strategy_S9-149:NIFTY:2026-04-10T15:22:25:SHORT
2026-04-10,15:23:10,2026-04-10,15:23:13,NIFTY,BUY,24060.05,24058.2,NIFTY13APR2624050CE,24050.0,CE,145.75,145.1,150.0,145.0,150.0,145.0,0.002748,0.002409,ws,ws,book_ladder,book_ladder,False,False,-4.25,0.1,65,-42.25,strategy_S9-149:NIFTY:2026-04-10T15:23:10:LONG
2026-04-10,15:24:01,2026-04-10,15:24:06,NIFTY,BUY,24060.55,24057.7,NIFTY13APR2624050CE,24050.0,CE,145.35,145.1,150.0,145.0,150.0,145.0,0.000688,0.001721,ws,ws,book_ladder,book_ladder,False,False,-4.65,0.1,65,-16.25,strategy_S9-149:NIFTY:2026-04-10T15:24:01:LONG
2026-04-10,15:24:20,2026-04-10,15:24:39,NIFTY,BUY,24060.8,24057.35,NIFTY13APR2624050CE,24050.0,CE,144.8,145.0,145.0,145.0,145.0,145.0,0.002074,0.001378,ws,ws,book_ladder,book_ladder,False,False,-0.2,0.0,65,13.0,strategy_S9-149:NIFTY:2026-04-10T15:24:20:LONG
2026-04-10,15:24:40,2026-04-10,15:24:51,NIFTY,SELL,24056.4,24058.05,NIFTY13APR2624100PE,24100.0,PE,162.45,163.7,165.0,160.0,165.0,160.0,0.002157,0.001831,ws,ws,book_ladder,book_ladder,False,False,-2.55,3.7,65,81.25,strategy_S9-149:NIFTY:2026-04-10T15:24:40:SHORT
2026-04-10,15:25:00,2026-04-10,15:25:10,NIFTY,SELL,24054.4,24056.55,NIFTY13APR2624100PE,24100.0,PE,164.2,164.1,165.0,160.0,165.0,160.0,0.000305,0.002435,ws,ws,book_ladder,book_ladder,False,False,-0.8,4.1,65,-6.5,strategy_S9-149:NIFTY:2026-04-10T15:25:00:SHORT
