Entry_Date,Entry_Time,Exit_Date,Exit_Time,Underlying_Symbol,Strategy_Direction,Execution_Mode,Entry_Label,Exit_Label,Underlying_Entry_Price,Underlying_Exit_Price,Option_Symbol,Option_Strike,Option_Type,Option_Entry_Price,Option_Exit_Price,Entry_Fair_Value,Exit_Fair_Value,Entry_Limit_Price,Exit_Limit_Price,Entry_Spread_Pct,Exit_Spread_Pct,Entry_Quote_Source,Exit_Quote_Source,Entry_Pricing_Mode,Exit_Pricing_Mode,Entry_Repriced,Exit_Repriced,Entry_Slippage_vs_Fair,Exit_Slippage_vs_Fair,Qty,PnL,Trade_ID
2026-04-16,09:19:03,2026-04-16,09:19:20,NIFTY,BUY,TYPE_F,BOOK_ENTRY_1,BOOK_EXIT_1,24379.0,24382.6,NIFTY21APR2624350CE,24350.0,CE,195.7,198.65,200.0,195.0,200.0,195.0,0.002046,0.002263,ws,ws,book_ladder,book_ladder,False,False,-4.3,3.65,65,191.75,strategy_S9-149__TYPE_F:NIFTY:2026-04-16T09:19:03:LONG
2026-04-16,09:19:30,2026-04-16,09:19:55,NIFTY,BUY,TYPE_F,BOOK_ENTRY_1,BOOK_EXIT_1,24387.65,24386.85,NIFTY21APR2624350CE,24350.0,CE,199.1,200.0,200.0,200.0,200.0,200.0,0.001759,0.001748,ws,ws,book_ladder,book_ladder,False,False,-0.9,0.0,65,58.5,strategy_S9-149__TYPE_F:NIFTY:2026-04-16T09:19:30:LONG
2026-04-16,09:20:00,2026-04-16,09:20:12,NIFTY,BUY,TYPE_F,BOOK_ENTRY_1,BOOK_EXIT_1,24390.8,24389.45,NIFTY21APR2624350CE,24350.0,CE,202.8,206.1,205.0,205.0,205.0,205.0,0.002469,0.002423,ws,ws,book_ladder,book_ladder,False,False,-2.2,1.1,65,214.5,strategy_S9-149__TYPE_F:NIFTY:2026-04-16T09:20:00:LONG
2026-04-16,09:20:21,2026-04-16,09:20:26,NIFTY,BUY,TYPE_F,BOOK_ENTRY_1,BOOK_EXIT_1,24395.95,24392.05,NIFTY21APR2624350CE,24350.0,CE,206.55,205.35,210.0,205.0,210.0,205.0,0.000969,0.002189,ws,ws,book_ladder,book_ladder,False,False,-3.45,0.35,65,-78.0,strategy_S9-149__TYPE_F:NIFTY:2026-04-16T09:20:21:LONG
2026-04-16,09:20:41,2026-04-16,09:20:52,NIFTY,SELL,TYPE_F,BOOK_ENTRY_1,BOOK_EXIT_1,24386.45,24389.65,NIFTY21APR2624400PE,24400.0,PE,208.6,208.15,210.0,205.0,210.0,205.0,0.000719,0.00168,ws,ws,book_ladder,book_ladder,False,False,-1.4,3.15,65,-29.25,strategy_S9-149__TYPE_F:NIFTY:2026-04-16T09:20:41:SHORT
2026-04-16,09:23:11,2026-04-16,09:23:33,NIFTY,SELL,TYPE_F,BOOK_ENTRY_1,BOOK_EXIT_1,24382.45,24383.75,NIFTY21APR2624400PE,24400.0,PE,209.1,206.6,210.0,205.0,210.0,205.0,0.001675,0.001934,ws,ws,book_ladder,book_ladder,False,False,-0.9,1.6,65,-162.5,strategy_S9-149__TYPE_F:NIFTY:2026-04-16T09:23:11:SHORT
2026-04-16,09:24:20,2026-04-16,09:24:45,NIFTY,SELL,TYPE_F,BOOK_ENTRY_1,BOOK_EXIT_1,24380.05,24375.75,NIFTY21APR2624400PE,24400.0,PE,209.1,208.45,210.0,205.0,210.0,205.0,0.001436,0.001678,ws,ws,book_ladder,book_ladder,False,False,-0.9,3.45,65,-42.25,strategy_S9-149__TYPE_F:NIFTY:2026-04-16T09:24:20:SHORT
2026-04-16,09:24:51,2026-04-16,09:25:50,NIFTY,BUY,TYPE_F,BOOK_ENTRY_1,BOOK_EXIT_1,24381.65,24397.55,NIFTY21APR2624350CE,24350.0,CE,197.9,207.45,200.0,205.0,200.0,205.0,0.001264,0.001204,ws,ws,book_ladder,book_ladder,False,False,-2.1,2.45,65,620.75,strategy_S9-149__TYPE_F:NIFTY:2026-04-16T09:24:51:LONG
2026-04-16,09:26:00,2026-04-16,09:26:06,NIFTY,SELL,TYPE_F,BOOK_ENTRY_1,BOOK_EXIT_1,24393.75,24397.2,NIFTY21APR2624400PE,24400.0,PE,199.95,198.3,200.0,195.0,200.0,195.0,0.001251,0.000252,ws,ws,book_ladder,book_ladder,False,False,-0.05,3.3,65,-107.25,strategy_S9-149__TYPE_F:NIFTY:2026-04-16T09:26:00:SHORT
2026-04-16,09:26:10,2026-04-16,09:26:56,NIFTY,SELL,TYPE_F,BOOK_ENTRY_1,BOOK_EXIT_1,24392.95,24386.7,NIFTY21APR2624400PE,24400.0,PE,197.75,199.5,200.0,195.0,200.0,195.0,0.001518,0.002503,ws,ws,book_ladder,book_ladder,False,False,-2.25,4.5,65,113.75,strategy_S9-149__TYPE_F:NIFTY:2026-04-16T09:26:10:SHORT
2026-04-16,09:27:12,2026-04-16,09:27:38,NIFTY,BUY,TYPE_F,BOOK_ENTRY_1,BOOK_EXIT_1,24394.0,24393.45,NIFTY21APR2624350CE,24350.0,CE,207.6,204.3,210.0,200.0,210.0,200.0,0.002411,0.001467,ws,ws,book_ladder,book_ladder,False,False,-2.4,4.3,65,-214.5,strategy_S9-149__TYPE_F:NIFTY:2026-04-16T09:27:12:LONG
2026-04-16,09:27:50,2026-04-16,09:28:13,NIFTY,SELL,TYPE_F,BOOK_ENTRY_1,BOOK_EXIT_1,24388.65,24383.1,NIFTY21APR2624400PE,24400.0,PE,198.8,203.95,200.0,200.0,200.0,200.0,0.001762,0.001959,ws,ws,book_ladder,book_ladder,False,False,-1.2,3.95,65,334.75,strategy_S9-149__TYPE_F:NIFTY:2026-04-16T09:27:50:SHORT
2026-04-16,09:28:56,2026-04-16,09:29:15,NIFTY,BUY,TYPE_F,BOOK_ENTRY_1,BOOK_EXIT_1,24389.6,24390.35,NIFTY21APR2624350CE,24350.0,CE,204.45,205.6,205.0,205.0,205.0,205.0,0.002694,0.002429,ws,ws,book_ladder,book_ladder,False,False,-0.55,0.6,65,74.75,strategy_S9-149__TYPE_F:NIFTY:2026-04-16T09:28:56:LONG
2026-04-16,09:29:24,2026-04-16,09:29:31,NIFTY,SELL,TYPE_F,BOOK_ENTRY_1,BOOK_EXIT_1,24384.85,24389.95,NIFTY21APR2624400PE,24400.0,PE,199.1,199.6,200.0,195.0,200.0,195.0,0.002011,0.000751,ws,ws,book_ladder,book_ladder,False,False,-0.9,4.6,65,32.5,strategy_S9-149__TYPE_F:NIFTY:2026-04-16T09:29:24:SHORT
2026-04-16,09:29:50,2026-04-16,09:30:03,NIFTY,SELL,TYPE_F,BOOK_ENTRY_1,BOOK_EXIT_1,24387.8,24388.2,NIFTY21APR2624400PE,24400.0,PE,200.95,200.75,205.0,200.0,205.0,200.0,0.001743,0.000498,ws,ws,book_ladder,book_ladder,False,False,-4.05,0.75,65,-13.0,strategy_S9-149__TYPE_F:NIFTY:2026-04-16T09:29:50:SHORT
2026-04-16,09:31:36,2026-04-16,09:32:15,NIFTY,SELL,TYPE_F,BOOK_ENTRY_1,BOOK_EXIT_1,24381.5,24376.25,NIFTY21APR2624400PE,24400.0,PE,205.8,207.45,210.0,205.0,210.0,205.0,0.001702,0.001686,ws,ws,book_ladder,book_ladder,False,False,-4.2,2.45,65,107.25,strategy_S9-149__TYPE_F:NIFTY:2026-04-16T09:31:36:SHORT
2026-04-16,09:33:00,2026-04-16,09:33:05,NIFTY,SELL,TYPE_F,BOOK_ENTRY_1,BOOK_EXIT_1,24364.4,24367.2,NIFTY21APR2624400PE,24400.0,PE,215.0,214.1,215.0,210.0,215.0,210.0,0.001396,0.000467,ws,ws,book_ladder,book_ladder,False,False,0.0,4.1,65,-58.5,strategy_S9-149__TYPE_F:NIFTY:2026-04-16T09:33:00:SHORT
2026-04-16,09:33:20,2026-04-16,09:33:53,NIFTY,SELL,TYPE_F,BOOK_ENTRY_1,BOOK_EXIT_1,24365.8,24362.4,NIFTY21APR2624400PE,24400.0,PE,214.75,214.85,215.0,210.0,215.0,210.0,0.002098,0.000698,ws,ws,book_ladder,book_ladder,False,False,-0.25,4.85,65,6.5,strategy_S9-149__TYPE_F:NIFTY:2026-04-16T09:33:20:SHORT
2026-04-16,09:34:18,2026-04-16,09:34:39,NIFTY,SELL,TYPE_F,BOOK_ENTRY_1,BOOK_EXIT_1,24353.7,24358.55,NIFTY21APR2624400PE,24400.0,PE,216.0,216.3,220.0,215.0,220.0,215.0,0.000695,0.002309,ws,ws,book_ladder,book_ladder,False,False,-4.0,1.3,65,19.5,strategy_S9-149__TYPE_F:NIFTY:2026-04-16T09:34:18:SHORT
2026-04-16,09:35:01,2026-04-16,09:35:08,NIFTY,BUY,TYPE_F,BOOK_ENTRY_1,BOOK_EXIT_1,24360.2,24357.1,NIFTY21APR2624350CE,24350.0,CE,189.75,188.1,190.0,185.0,190.0,185.0,0.001846,0.002124,ws,ws,book_ladder,book_ladder,False,False,-0.25,3.1,65,-107.25,strategy_S9-149__TYPE_F:NIFTY:2026-04-16T09:35:01:LONG
2026-04-16,09:35:22,2026-04-16,09:35:31,NIFTY,SELL,TYPE_F,BOOK_ENTRY_1,BOOK_EXIT_1,24355.05,24356.65,NIFTY21APR2624400PE,24400.0,PE,218.5,217.0,220.0,215.0,220.0,215.0,0.002291,0.001842,ws,ws,book_ladder,book_ladder,False,False,-1.5,2.0,65,-97.5,strategy_S9-149__TYPE_F:NIFTY:2026-04-16T09:35:22:SHORT
2026-04-16,09:36:10,2026-04-16,09:36:29,NIFTY,BUY,TYPE_F,BOOK_ENTRY_1,BOOK_EXIT_1,24359.55,24359.85,NIFTY21APR2624350CE,24350.0,CE,189.3,188.9,190.0,185.0,190.0,185.0,0.00238,0.002115,ws,ws,book_ladder,book_ladder,False,False,-0.7,3.9,65,-26.0,strategy_S9-149__TYPE_F:NIFTY:2026-04-16T09:36:10:LONG
2026-04-16,09:36:42,2026-04-16,09:36:47,NIFTY,SELL,TYPE_F,BOOK_ENTRY_1,BOOK_EXIT_1,24354.45,24358.15,NIFTY21APR2624400PE,24400.0,PE,220.6,218.95,225.0,215.0,225.0,215.0,0.001588,0.002281,ws,ws,book_ladder,book_ladder,False,False,-4.4,3.95,65,-107.25,strategy_S9-149__TYPE_F:NIFTY:2026-04-16T09:36:42:SHORT
2026-04-16,09:37:05,2026-04-16,09:38:52,NIFTY,SELL,TYPE_F,BOOK_ENTRY_1,BOOK_EXIT_1,24354.25,24315.6,NIFTY21APR2624400PE,24400.0,PE,220.95,241.15,225.0,240.0,225.0,240.0,0.000906,0.002278,ws,ws,book_ladder,book_ladder,False,False,-4.05,1.15,65,1313.0,strategy_S9-149__TYPE_F:NIFTY:2026-04-16T09:37:05:SHORT
2026-04-16,09:39:09,2026-04-16,09:39:17,NIFTY,SELL,TYPE_F,BOOK_ENTRY_1,BOOK_EXIT_1,24309.45,24311.25,NIFTY21APR2624350PE,24350.0,PE,218.0,220.3,220.0,220.0,220.0,220.0,0.000918,0.002267,ws,ws,book_ladder,book_ladder,False,False,-2.0,0.3,65,149.5,strategy_S9-149__TYPE_F:NIFTY:2026-04-16T09:39:09:SHORT
2026-04-16,09:39:30,2026-04-16,09:39:52,NIFTY,BUY,TYPE_F,BOOK_ENTRY_1,BOOK_EXIT_1,24322.25,24325.1,NIFTY21APR2624300CE,24300.0,CE,201.6,203.05,205.0,200.0,205.0,200.0,0.002235,0.002214,ws,ws,book_ladder,book_ladder,False,False,-3.4,3.05,65,94.25,strategy_S9-149__TYPE_F:NIFTY:2026-04-16T09:39:30:LONG
2026-04-16,09:40:07,2026-04-16,09:40:22,NIFTY,BUY,TYPE_F,BOOK_ENTRY_1,BOOK_EXIT_1,24330.05,24330.75,NIFTY21APR2624300CE,24300.0,CE,201.9,202.5,205.0,200.0,205.0,200.0,0.001735,0.002466,ws,ws,book_ladder,book_ladder,False,False,-3.1,2.5,65,39.0,strategy_S9-149__TYPE_F:NIFTY:2026-04-16T09:40:07:LONG
2026-04-16,09:40:33,2026-04-16,09:41:15,NIFTY,SELL,TYPE_F,BOOK_ENTRY_1,BOOK_EXIT_1,24324.65,24312.1,NIFTY21APR2624350PE,24350.0,PE,212.0,219.65,215.0,215.0,215.0,215.0,0.002361,0.002047,ws,ws,book_ladder,book_ladder,False,False,-3.0,4.65,65,497.25,strategy_S9-149__TYPE_F:NIFTY:2026-04-16T09:40:33:SHORT
2026-04-16,09:42:16,2026-04-16,09:42:24,NIFTY,BUY,TYPE_F,BOOK_ENTRY_1,BOOK_EXIT_1,24313.4,24309.2,NIFTY21APR2624300CE,24300.0,CE,197.25,194.35,200.0,190.0,200.0,190.0,0.002284,0.002313,ws,ws,book_ladder,book_ladder,False,False,-2.75,4.35,65,-188.5,strategy_S9-149__TYPE_F:NIFTY:2026-04-16T09:42:16:LONG
2026-04-16,09:42:48,2026-04-16,09:43:00,NIFTY,SELL,TYPE_F,BOOK_ENTRY_1,BOOK_EXIT_1,24306.15,24305.4,NIFTY21APR2624350PE,24350.0,PE,222.55,221.5,225.0,220.0,225.0,220.0,0.002249,0.00203,ws,ws,book_ladder,book_ladder,False,False,-2.45,1.5,65,-68.25,strategy_S9-149__TYPE_F:NIFTY:2026-04-16T09:42:48:SHORT
2026-04-16,09:44:01,2026-04-16,09:44:07,NIFTY,BUY,TYPE_F,BOOK_ENTRY_1,BOOK_EXIT_1,24305.8,24303.35,NIFTY21APR2624300CE,24300.0,CE,193.85,194.1,195.0,190.0,195.0,190.0,0.001807,0.002316,ws,ws,book_ladder,book_ladder,False,False,-1.15,4.1,65,16.25,strategy_S9-149__TYPE_F:NIFTY:2026-04-16T09:44:01:LONG
2026-04-16,09:45:22,2026-04-16,09:45:35,NIFTY,SELL,TYPE_F,BOOK_ENTRY_1,BOOK_EXIT_1,24298.5,24299.3,NIFTY21APR2624300PE,24300.0,PE,204.6,203.35,205.0,200.0,205.0,200.0,0.002447,0.002701,ws,ws,book_ladder,book_ladder,False,False,-0.4,3.35,65,-81.25,strategy_S9-149__TYPE_F:NIFTY:2026-04-16T09:45:22:SHORT
2026-04-16,09:45:50,2026-04-16,09:47:03,NIFTY,BUY,TYPE_F,BOOK_ENTRY_1,BOOK_EXIT_1,24303.65,24326.1,NIFTY21APR2624300CE,24300.0,CE,192.0,199.2,195.0,195.0,195.0,195.0,0.001564,0.001254,ws,ws,book_ladder,book_ladder,False,False,-3.0,4.2,65,468.0,strategy_S9-149__TYPE_F:NIFTY:2026-04-16T09:45:50:LONG
2026-04-16,09:48:02,2026-04-16,09:48:08,NIFTY,SELL,TYPE_F,BOOK_ENTRY_1,BOOK_EXIT_1,24317.1,24319.9,NIFTY21APR2624350PE,24350.0,PE,215.95,213.65,220.0,210.0,220.0,210.0,0.002318,0.00187,ws,ws,book_ladder,book_ladder,False,False,-4.05,3.65,65,-149.5,strategy_S9-149__TYPE_F:NIFTY:2026-04-16T09:48:02:SHORT
2026-04-16,09:48:27,2026-04-16,09:48:47,NIFTY,BUY,TYPE_F,BOOK_ENTRY_1,BOOK_EXIT_1,24330.55,24325.4,NIFTY21APR2624300CE,24300.0,CE,201.0,199.9,205.0,195.0,205.0,195.0,0.000996,0.0015,ws,ws,book_ladder,book_ladder,False,False,-4.0,4.9,65,-71.5,strategy_S9-149__TYPE_F:NIFTY:2026-04-16T09:48:27:LONG
2026-04-16,09:50:10,2026-04-16,09:50:19,NIFTY,SELL,TYPE_F,BOOK_ENTRY_1,BOOK_EXIT_1,24324.7,24327.7,NIFTY21APR2624350PE,24350.0,PE,210.8,208.6,215.0,205.0,215.0,205.0,0.001899,0.000958,ws,ws,book_ladder,book_ladder,False,False,-4.2,3.6,65,-143.0,strategy_S9-149__TYPE_F:NIFTY:2026-04-16T09:50:10:SHORT
2026-04-16,09:50:50,2026-04-16,09:50:55,NIFTY,BUY,TYPE_F,BOOK_ENTRY_1,BOOK_EXIT_1,24333.55,24328.85,NIFTY21APR2624300CE,24300.0,CE,203.5,202.65,205.0,200.0,205.0,200.0,0.001475,0.002464,ws,ws,book_ladder,book_ladder,False,False,-1.5,2.65,65,-55.25,strategy_S9-149__TYPE_F:NIFTY:2026-04-16T09:50:50:LONG
2026-04-16,09:51:26,2026-04-16,09:51:45,NIFTY,SELL,TYPE_F,BOOK_ENTRY_1,BOOK_EXIT_1,24317.0,24318.8,NIFTY21APR2624350PE,24350.0,PE,215.45,215.1,220.0,215.0,220.0,215.0,0.001393,0.001858,ws,ws,book_ladder,book_ladder,False,False,-4.55,0.1,65,-22.75,strategy_S9-149__TYPE_F:NIFTY:2026-04-16T09:51:26:SHORT
2026-04-16,09:51:50,2026-04-16,09:52:01,NIFTY,BUY,TYPE_F,BOOK_ENTRY_1,BOOK_EXIT_1,24324.1,24327.5,NIFTY21APR2624300CE,24300.0,CE,201.15,201.6,205.0,200.0,205.0,200.0,0.00224,0.00223,ws,ws,book_ladder,book_ladder,False,False,-3.85,1.6,65,29.25,strategy_S9-149__TYPE_F:NIFTY:2026-04-16T09:51:50:LONG
2026-04-16,09:52:10,2026-04-16,09:52:27,NIFTY,BUY,TYPE_F,BOOK_ENTRY_1,BOOK_EXIT_1,24331.45,24333.55,NIFTY21APR2624300CE,24300.0,CE,201.65,203.0,205.0,200.0,205.0,200.0,0.001489,0.001723,ws,ws,book_ladder,book_ladder,False,False,-3.35,3.0,65,87.75,strategy_S9-149__TYPE_F:NIFTY:2026-04-16T09:52:10:LONG
2026-04-16,09:53:06,2026-04-16,09:54:18,NIFTY,SELL,TYPE_F,BOOK_ENTRY_1,BOOK_EXIT_1,24323.75,24306.45,NIFTY21APR2624350PE,24350.0,PE,211.9,222.0,215.0,220.0,215.0,220.0,0.002126,0.002474,ws,ws,book_ladder,book_ladder,False,False,-3.1,2.0,65,656.5,strategy_S9-149__TYPE_F:NIFTY:2026-04-16T09:53:06:SHORT
2026-04-16,09:54:30,2026-04-16,09:54:56,NIFTY,BUY,TYPE_F,BOOK_ENTRY_1,BOOK_EXIT_1,24312.05,24316.45,NIFTY21APR2624300CE,24300.0,CE,194.35,194.7,195.0,190.0,195.0,190.0,0.001802,0.001796,ws,ws,book_ladder,book_ladder,False,False,-0.65,4.7,65,22.75,strategy_S9-149__TYPE_F:NIFTY:2026-04-16T09:54:30:LONG
2026-04-16,09:55:04,2026-04-16,09:55:21,NIFTY,SELL,TYPE_F,BOOK_ENTRY_1,BOOK_EXIT_1,24308.3,24306.55,NIFTY21APR2624350PE,24350.0,PE,222.0,222.15,225.0,220.0,225.0,220.0,0.001578,0.002473,ws,ws,book_ladder,book_ladder,False,False,-3.0,2.15,65,9.75,strategy_S9-149__TYPE_F:NIFTY:2026-04-16T09:55:04:SHORT
2026-04-16,09:55:30,2026-04-16,09:55:40,NIFTY,SELL,TYPE_F,BOOK_ENTRY_1,BOOK_EXIT_1,24303.55,24305.95,NIFTY21APR2624350PE,24350.0,PE,222.65,222.1,225.0,220.0,225.0,220.0,0.001573,0.00135,ws,ws,book_ladder,book_ladder,False,False,-2.35,2.1,65,-35.75,strategy_S9-149__TYPE_F:NIFTY:2026-04-16T09:55:30:SHORT
2026-04-16,09:55:50,2026-04-16,09:55:58,NIFTY,SELL,TYPE_F,BOOK_ENTRY_1,BOOK_EXIT_1,24300.75,24303.0,NIFTY21APR2624350PE,24350.0,PE,223.9,222.5,225.0,220.0,225.0,220.0,0.002012,0.001572,ws,ws,book_ladder,book_ladder,False,False,-1.1,2.5,65,-91.0,strategy_S9-149__TYPE_F:NIFTY:2026-04-16T09:55:50:SHORT
2026-04-16,09:56:20,2026-04-16,09:56:37,NIFTY,SELL,TYPE_F,BOOK_ENTRY_1,BOOK_EXIT_1,24294.15,24296.55,NIFTY21APR2624300PE,24300.0,PE,204.65,205.35,205.0,205.0,205.0,205.0,0.001712,0.002432,ws,ws,book_ladder,book_ladder,False,False,-0.35,0.35,65,45.5,strategy_S9-149__TYPE_F:NIFTY:2026-04-16T09:56:20:SHORT
2026-04-16,09:57:05,2026-04-16,09:57:47,NIFTY,SELL,TYPE_F,BOOK_ENTRY_1,BOOK_EXIT_1,24291.7,24281.55,NIFTY21APR2624300PE,24300.0,PE,207.0,210.55,210.0,210.0,210.0,210.0,0.002176,0.002135,ws,ws,book_ladder,book_ladder,False,False,-3.0,0.55,65,230.75,strategy_S9-149__TYPE_F:NIFTY:2026-04-16T09:57:05:SHORT
2026-04-16,09:58:06,2026-04-16,09:58:16,NIFTY,SELL,TYPE_F,BOOK_ENTRY_1,BOOK_EXIT_1,24277.25,24277.9,NIFTY21APR2624300PE,24300.0,PE,213.35,213.95,215.0,210.0,215.0,210.0,0.002346,0.002334,ws,ws,book_ladder,book_ladder,False,False,-1.65,3.95,65,39.0,strategy_S9-149__TYPE_F:NIFTY:2026-04-16T09:58:06:SHORT
2026-04-16,09:58:31,2026-04-16,09:58:55,NIFTY,BUY,TYPE_F,BOOK_ENTRY_1,BOOK_EXIT_1,24283.35,24281.85,NIFTY21APR2624250CE,24250.0,CE,208.7,209.45,210.0,205.0,210.0,205.0,0.001199,0.002146,ws,ws,book_ladder,book_ladder,False,False,-1.3,4.45,65,48.75,strategy_S9-149__TYPE_F:NIFTY:2026-04-16T09:58:31:LONG
2026-04-16,09:59:21,2026-04-16,09:59:41,NIFTY,SELL,TYPE_F,BOOK_ENTRY_1,BOOK_EXIT_1,24280.0,24278.55,NIFTY21APR2624300PE,24300.0,PE,213.4,217.2,215.0,215.0,215.0,215.0,0.000938,0.00207,ws,ws,book_ladder,book_ladder,False,False,-1.6,2.2,65,247.0,strategy_S9-149__TYPE_F:NIFTY:2026-04-16T09:59:21:SHORT
2026-04-16,09:59:50,2026-04-16,10:00:16,NIFTY,SELL,TYPE_F,BOOK_ENTRY_1,BOOK_EXIT_2,24272.7,24273.75,NIFTY21APR2624300PE,24300.0,PE,217.65,214.9,220.0,215.0,220.0,210.0,0.00207,0.002324,ws,ws,book_ladder,book_ladder,False,True,-2.35,-0.1,65,-178.75,strategy_S9-149__TYPE_F:NIFTY:2026-04-16T09:59:50:SHORT
2026-04-16,10:01:21,2026-04-16,10:01:31,NIFTY,SELL,TYPE_F,BOOK_ENTRY_1,BOOK_EXIT_1,24270.0,24269.0,NIFTY21APR2624300PE,24300.0,PE,218.6,216.6,220.0,215.0,220.0,215.0,0.00229,0.002536,ws,ws,book_ladder,book_ladder,False,False,-1.4,1.6,65,-130.0,strategy_S9-149__TYPE_F:NIFTY:2026-04-16T10:01:21:SHORT
2026-04-16,10:02:10,2026-04-16,10:02:17,NIFTY,BUY,TYPE_F,BOOK_ENTRY_1,BOOK_EXIT_1,24290.2,24287.95,NIFTY21APR2624250CE,24250.0,CE,213.7,211.5,215.0,210.0,215.0,210.0,0.002108,0.002125,ws,ws,book_ladder,book_ladder,False,False,-1.3,1.5,65,-143.0,strategy_S9-149__TYPE_F:NIFTY:2026-04-16T10:02:10:LONG
2026-04-16,10:02:50,2026-04-16,10:02:56,NIFTY,SELL,TYPE_F,BOOK_ENTRY_1,BOOK_EXIT_1,24285.35,24287.8,NIFTY21APR2624300PE,24300.0,PE,209.7,207.3,210.0,205.0,210.0,205.0,0.001909,0.001687,ws,ws,book_ladder,book_ladder,False,False,-0.3,2.3,65,-156.0,strategy_S9-149__TYPE_F:NIFTY:2026-04-16T10:02:50:SHORT
2026-04-16,10:03:00,2026-04-16,10:03:20,NIFTY,BUY,TYPE_F,BOOK_ENTRY_1,BOOK_EXIT_1,24290.4,24286.4,NIFTY21APR2624250CE,24250.0,CE,212.25,210.05,215.0,210.0,215.0,210.0,0.001414,0.001902,ws,ws,book_ladder,book_ladder,False,False,-2.75,0.05,65,-143.0,strategy_S9-149__TYPE_F:NIFTY:2026-04-16T10:03:00:LONG
2026-04-16,10:03:30,2026-04-16,10:03:36,NIFTY,SELL,TYPE_F,BOOK_ENTRY_1,BOOK_EXIT_1,24281.85,24284.05,NIFTY21APR2624300PE,24300.0,PE,210.9,210.45,215.0,210.0,215.0,210.0,0.002136,0.002136,ws,ws,book_ladder,book_ladder,False,False,-4.1,0.45,65,-29.25,strategy_S9-149__TYPE_F:NIFTY:2026-04-16T10:03:30:SHORT
2026-04-16,10:04:00,2026-04-16,10:04:28,NIFTY,BUY,TYPE_F,BOOK_ENTRY_1,BOOK_EXIT_1,24288.1,24288.4,NIFTY21APR2624250CE,24250.0,CE,211.6,211.0,215.0,210.0,215.0,210.0,0.002129,0.001894,ws,ws,book_ladder,book_ladder,False,False,-3.4,1.0,65,-39.0,strategy_S9-149__TYPE_F:NIFTY:2026-04-16T10:04:00:LONG
2026-04-16,10:04:40,2026-04-16,10:05:03,NIFTY,BUY,TYPE_F,BOOK_ENTRY_1,BOOK_EXIT_1,24294.45,24299.2,NIFTY21APR2624250CE,24250.0,CE,214.75,215.6,215.0,215.0,215.0,215.0,0.002331,0.002085,ws,ws,book_ladder,book_ladder,False,False,-0.25,0.6,65,55.25,strategy_S9-149__TYPE_F:NIFTY:2026-04-16T10:04:40:LONG
2026-04-16,10:06:15,2026-04-16,10:06:30,NIFTY,SELL,TYPE_F,BOOK_ENTRY_1,BOOK_EXIT_1,24293.65,24291.2,NIFTY21APR2624300PE,24300.0,PE,204.05,206.45,205.0,205.0,205.0,205.0,0.002453,0.002177,ws,ws,book_ladder,book_ladder,False,False,-0.95,1.45,65,156.0,strategy_S9-149__TYPE_F:NIFTY:2026-04-16T10:06:15:SHORT
2026-04-16,10:06:51,2026-04-16,10:07:26,NIFTY,SELL,TYPE_F,BOOK_ENTRY_1,BOOK_EXIT_1,24287.9,24283.9,NIFTY21APR2624300PE,24300.0,PE,205.65,207.7,210.0,205.0,210.0,205.0,0.001947,0.002164,ws,ws,book_ladder,book_ladder,False,False,-4.35,2.7,65,133.25,strategy_S9-149__TYPE_F:NIFTY:2026-04-16T10:06:51:SHORT
2026-04-16,10:07:41,2026-04-16,10:08:16,NIFTY,BUY,TYPE_F,BOOK_ENTRY_1,BOOK_EXIT_1,24291.2,24302.15,NIFTY21APR2624250CE,24250.0,CE,214.85,218.05,215.0,215.0,215.0,215.0,0.001397,0.001604,ws,ws,book_ladder,book_ladder,False,False,-0.15,3.05,65,208.0,strategy_S9-149__TYPE_F:NIFTY:2026-04-16T10:07:41:LONG
2026-04-16,10:08:33,2026-04-16,10:08:42,NIFTY,BUY,TYPE_F,BOOK_ENTRY_1,BOOK_EXIT_1,24307.8,24306.9,NIFTY21APR2624300CE,24300.0,CE,192.5,192.0,195.0,190.0,195.0,190.0,0.00156,0.002601,ws,ws,book_ladder,book_ladder,False,False,-2.5,2.0,65,-32.5,strategy_S9-149__TYPE_F:NIFTY:2026-04-16T10:08:33:LONG
2026-04-16,10:09:00,2026-04-16,10:09:15,NIFTY,BUY,TYPE_F,BOOK_ENTRY_1,BOOK_EXIT_1,24309.25,24308.0,NIFTY21APR2624300CE,24300.0,CE,193.55,191.25,195.0,190.0,195.0,190.0,0.002587,0.00235,ws,ws,book_ladder,book_ladder,False,False,-1.45,1.25,65,-149.5,strategy_S9-149__TYPE_F:NIFTY:2026-04-16T10:09:00:LONG
2026-04-16,10:09:45,2026-04-16,10:09:58,NIFTY,SELL,TYPE_F,BOOK_ENTRY_1,BOOK_EXIT_1,24305.2,24307.75,NIFTY21APR2624350PE,24350.0,PE,222.65,220.95,225.0,220.0,225.0,220.0,0.001798,0.00226,ws,ws,book_ladder,book_ladder,False,False,-2.35,0.95,65,-110.5,strategy_S9-149__TYPE_F:NIFTY:2026-04-16T10:09:45:SHORT
2026-04-16,10:10:19,2026-04-16,10:10:40,NIFTY,BUY,TYPE_F,BOOK_ENTRY_1,BOOK_EXIT_1,24313.1,24316.95,NIFTY21APR2624300CE,24300.0,CE,194.4,196.5,195.0,195.0,195.0,195.0,0.002317,0.002287,ws,ws,book_ladder,book_ladder,False,False,-0.6,1.5,65,136.5,strategy_S9-149__TYPE_F:NIFTY:2026-04-16T10:10:19:LONG
2026-04-16,10:10:54,2026-04-16,10:10:56,NIFTY,SELL,TYPE_F,BOOK_ENTRY_1,BOOK_EXIT_1,24314.55,24315.95,NIFTY21APR2624350PE,24350.0,PE,218.2,216.85,220.0,215.0,220.0,215.0,0.002064,0.002073,ws,ws,book_ladder,book_ladder,False,False,-1.8,1.85,65,-87.75,strategy_S9-149__TYPE_F:NIFTY:2026-04-16T10:10:54:SHORT
2026-04-16,10:12:10,2026-04-16,10:12:45,NIFTY,SELL,TYPE_F,BOOK_ENTRY_1,BOOK_EXIT_1,24311.1,24297.55,NIFTY21APR2624350PE,24350.0,PE,220.65,224.4,225.0,220.0,225.0,220.0,0.002042,0.001558,ws,ws,book_ladder,book_ladder,False,False,-4.35,4.4,65,243.75,strategy_S9-149__TYPE_F:NIFTY:2026-04-16T10:12:10:SHORT
2026-04-16,10:13:03,2026-04-16,10:13:55,NIFTY,BUY,TYPE_F,BOOK_ENTRY_1,BOOK_EXIT_1,24300.75,24308.35,NIFTY21APR2624300CE,24300.0,CE,192.9,194.45,195.0,190.0,195.0,190.0,0.001556,0.002055,ws,ws,book_ladder,book_ladder,False,False,-2.1,4.45,65,100.75,strategy_S9-149__TYPE_F:NIFTY:2026-04-16T10:13:03:LONG
2026-04-16,10:14:11,2026-04-16,10:14:24,NIFTY,SELL,TYPE_F,BOOK_ENTRY_1,BOOK_EXIT_1,24304.75,24307.2,NIFTY21APR2624350PE,24350.0,PE,219.3,218.1,220.0,215.0,220.0,215.0,0.001369,0.002061,ws,ws,book_ladder,book_ladder,False,False,-0.7,3.1,65,-78.0,strategy_S9-149__TYPE_F:NIFTY:2026-04-16T10:14:11:SHORT
2026-04-16,10:15:31,2026-04-16,10:15:55,NIFTY,SELL,TYPE_F,BOOK_ENTRY_1,BOOK_EXIT_1,24302.55,24297.65,NIFTY21APR2624350PE,24350.0,PE,222.8,224.9,225.0,220.0,225.0,220.0,0.001572,0.000222,ws,ws,book_ladder,book_ladder,False,False,-2.2,4.9,65,136.5,strategy_S9-149__TYPE_F:NIFTY:2026-04-16T10:15:31:SHORT
2026-04-16,10:16:20,2026-04-16,10:16:32,NIFTY,SELL,TYPE_F,BOOK_ENTRY_1,BOOK_EXIT_1,24294.25,24295.55,NIFTY21APR2624300PE,24300.0,PE,200.25,198.65,205.0,195.0,205.0,195.0,0.001249,0.000755,ws,ws,book_ladder,book_ladder,False,False,-4.75,3.65,65,-104.0,strategy_S9-149__TYPE_F:NIFTY:2026-04-16T10:16:20:SHORT
2026-04-16,10:16:40,2026-04-16,10:17:00,NIFTY,BUY,TYPE_F,BOOK_ENTRY_1,BOOK_EXIT_1,24307.6,24311.2,NIFTY21APR2624300CE,24300.0,CE,193.0,191.8,195.0,190.0,195.0,190.0,0.001556,0.002083,ws,ws,book_ladder,book_ladder,False,False,-2.0,1.8,65,-78.0,strategy_S9-149__TYPE_F:NIFTY:2026-04-16T10:16:40:LONG
2026-04-16,10:17:11,2026-04-16,10:17:34,NIFTY,SELL,TYPE_F,BOOK_ENTRY_1,BOOK_EXIT_1,24308.25,24303.75,NIFTY21APR2624350PE,24350.0,PE,220.3,217.4,225.0,215.0,225.0,215.0,0.001135,0.001609,ws,ws,book_ladder,book_ladder,False,False,-4.7,2.4,65,-188.5,strategy_S9-149__TYPE_F:NIFTY:2026-04-16T10:17:11:SHORT
2026-04-16,10:17:46,2026-04-16,10:17:55,NIFTY,BUY,TYPE_F,BOOK_ENTRY_1,BOOK_EXIT_1,24304.9,24301.5,NIFTY21APR2624300CE,24300.0,CE,192.6,190.85,195.0,190.0,195.0,190.0,0.001299,0.002094,ws,ws,book_ladder,book_ladder,False,False,-2.4,0.85,65,-113.75,strategy_S9-149__TYPE_F:NIFTY:2026-04-16T10:17:46:LONG
2026-04-16,10:18:14,2026-04-16,10:18:37,NIFTY,BUY,TYPE_F,BOOK_ENTRY_1,BOOK_EXIT_1,24309.15,24315.15,NIFTY21APR2624300CE,24300.0,CE,193.9,193.15,195.0,190.0,195.0,190.0,0.002323,0.002069,ws,ws,book_ladder,book_ladder,False,False,-1.1,3.15,65,-48.75,strategy_S9-149__TYPE_F:NIFTY:2026-04-16T10:18:14:LONG
2026-04-16,10:18:51,2026-04-16,10:19:16,NIFTY,BUY,TYPE_F,BOOK_ENTRY_1,BOOK_EXIT_1,24320.25,24323.5,NIFTY21APR2624300CE,24300.0,CE,195.6,195.15,200.0,195.0,200.0,195.0,0.002303,0.002303,ws,ws,book_ladder,book_ladder,False,False,-4.4,0.15,65,-29.25,strategy_S9-149__TYPE_F:NIFTY:2026-04-16T10:18:51:LONG
2026-04-16,10:19:41,2026-04-16,10:19:59,NIFTY,SELL,TYPE_F,BOOK_ENTRY_1,BOOK_EXIT_1,24321.2,24309.7,NIFTY21APR2624350PE,24350.0,PE,213.55,217.0,215.0,215.0,215.0,215.0,0.001875,0.002301,ws,ws,book_ladder,book_ladder,False,False,-1.45,2.0,65,224.25,strategy_S9-149__TYPE_F:NIFTY:2026-04-16T10:19:41:SHORT
2026-04-16,10:24:13,2026-04-16,10:27:01,NIFTY,BUY,TYPE_F,BOOK_ENTRY_2,BOOK_EXIT_1,24309.55,24314.3,NIFTY21APR2624300CE,24300.0,CE,188.55,193.0,190.0,190.0,190.0,190.0,0.000526,0.001812,ws,ws,book_ladder,book_ladder,True,False,-1.45,3.0,65,289.25,strategy_S9-149__TYPE_F:NIFTY:2026-04-16T10:24:13:LONG
2026-04-16,10:30:21,2026-04-16,10:31:01,NIFTY,BUY,TYPE_F,BOOK_ENTRY_1,BOOK_EXIT_1,24305.55,24306.25,NIFTY21APR2624300CE,24300.0,CE,186.7,185.9,190.0,185.0,190.0,185.0,0.002145,0.002686,ws,ws,book_ladder,book_ladder,False,False,-3.3,0.9,65,-52.0,strategy_S9-149__TYPE_F:NIFTY:2026-04-16T10:30:21:LONG
2026-04-16,10:39:15,2026-04-16,10:39:32,NIFTY,SELL,TYPE_F,BOOK_ENTRY_1,BOOK_EXIT_1,24302.8,24297.2,NIFTY21APR2624350PE,24350.0,PE,221.0,220.65,225.0,220.0,225.0,220.0,0.001812,0.001585,ws,ws,book_ladder,book_ladder,False,False,-4.0,0.65,65,-22.75,strategy_S9-149__TYPE_F:NIFTY:2026-04-16T10:39:15:SHORT
2026-04-16,10:41:06,2026-04-16,10:41:11,NIFTY,SELL,TYPE_F,BOOK_ENTRY_1,BOOK_EXIT_1,24298.5,24301.15,NIFTY21APR2624300PE,24300.0,PE,196.35,195.3,200.0,195.0,200.0,195.0,0.001784,0.000512,ws,ws,book_ladder,book_ladder,False,False,-3.65,0.3,65,-68.25,strategy_S9-149__TYPE_F:NIFTY:2026-04-16T10:41:06:SHORT
2026-04-16,10:41:29,2026-04-16,10:41:41,NIFTY,BUY,TYPE_F,BOOK_ENTRY_1,BOOK_EXIT_1,24305.5,24304.8,NIFTY21APR2624300CE,24300.0,CE,187.25,187.5,190.0,185.0,190.0,185.0,0.002138,0.002397,ws,ws,book_ladder,book_ladder,False,False,-2.75,2.5,65,16.25,strategy_S9-149__TYPE_F:NIFTY:2026-04-16T10:41:29:LONG
2026-04-16,10:41:51,2026-04-16,10:42:16,NIFTY,BUY,TYPE_F,BOOK_ENTRY_1,BOOK_EXIT_1,24309.2,24309.5,NIFTY21APR2624300CE,24300.0,CE,189.9,187.85,190.0,185.0,190.0,185.0,0.001845,0.000798,ws,ws,book_ladder,book_ladder,False,False,-0.1,2.85,65,-133.25,strategy_S9-149__TYPE_F:NIFTY:2026-04-16T10:41:51:LONG
2026-04-16,10:42:30,2026-04-16,10:42:50,NIFTY,BUY,TYPE_F,BOOK_ENTRY_1,BOOK_EXIT_1,24312.0,24313.75,NIFTY21APR2624300CE,24300.0,CE,190.35,191.1,195.0,190.0,195.0,190.0,0.002367,0.002091,ws,ws,book_ladder,book_ladder,False,False,-4.65,1.1,65,48.75,strategy_S9-149__TYPE_F:NIFTY:2026-04-16T10:42:30:LONG
2026-04-16,10:43:10,2026-04-16,10:43:23,NIFTY,SELL,TYPE_F,BOOK_ENTRY_1,BOOK_EXIT_1,24310.75,24313.65,NIFTY21APR2624350PE,24350.0,PE,213.0,211.35,215.0,210.0,215.0,210.0,0.001409,0.002363,ws,ws,book_ladder,book_ladder,False,False,-2.0,1.35,65,-107.25,strategy_S9-149__TYPE_F:NIFTY:2026-04-16T10:43:10:SHORT
2026-04-16,10:44:32,2026-04-16,10:44:37,NIFTY,BUY,TYPE_F,BOOK_ENTRY_1,BOOK_EXIT_1,24315.05,24313.25,NIFTY21APR2624300CE,24300.0,CE,191.05,190.05,195.0,190.0,195.0,190.0,0.000524,0.002102,ws,ws,book_ladder,book_ladder,False,False,-3.95,0.05,65,-65.0,strategy_S9-149__TYPE_F:NIFTY:2026-04-16T10:44:32:LONG
2026-04-16,10:44:43,2026-04-16,10:44:56,NIFTY,SELL,TYPE_F,BOOK_ENTRY_1,BOOK_EXIT_1,24310.3,24309.4,NIFTY21APR2624350PE,24350.0,PE,212.5,212.0,215.0,210.0,215.0,210.0,0.002356,0.002356,ws,ws,book_ladder,book_ladder,False,False,-2.5,2.0,65,-32.5,strategy_S9-149__TYPE_F:NIFTY:2026-04-16T10:44:43:SHORT
2026-04-16,10:45:13,2026-04-16,10:45:40,NIFTY,BUY,TYPE_F,BOOK_ENTRY_1,BOOK_EXIT_1,24315.35,24315.65,NIFTY21APR2624300CE,24300.0,CE,190.8,192.0,195.0,190.0,195.0,190.0,0.001311,0.002081,ws,ws,book_ladder,book_ladder,False,False,-4.2,2.0,65,78.0,strategy_S9-149__TYPE_F:NIFTY:2026-04-16T10:45:13:LONG
2026-04-16,10:47:30,2026-04-16,10:47:48,NIFTY,BUY,TYPE_F,BOOK_ENTRY_1,BOOK_EXIT_1,24320.3,24319.0,NIFTY21APR2624300CE,24300.0,CE,193.25,192.6,195.0,190.0,195.0,190.0,0.002072,0.002075,ws,ws,book_ladder,book_ladder,False,False,-1.75,2.6,65,-42.25,strategy_S9-149__TYPE_F:NIFTY:2026-04-16T10:47:30:LONG
2026-04-16,10:47:51,2026-04-16,10:47:57,NIFTY,SELL,TYPE_F,BOOK_ENTRY_1,BOOK_EXIT_1,24316.95,24320.0,NIFTY21APR2624350PE,24350.0,PE,207.95,207.6,210.0,205.0,210.0,205.0,0.001685,0.001685,ws,ws,book_ladder,book_ladder,False,False,-2.05,2.6,65,-22.75,strategy_S9-149__TYPE_F:NIFTY:2026-04-16T10:47:51:SHORT
2026-04-16,10:48:11,2026-04-16,10:48:21,NIFTY,BUY,TYPE_F,BOOK_ENTRY_1,BOOK_EXIT_1,24325.7,24325.4,NIFTY21APR2624300CE,24300.0,CE,194.8,194.35,195.0,190.0,195.0,190.0,0.001027,0.002056,ws,ws,book_ladder,book_ladder,False,False,-0.2,4.35,65,-29.25,strategy_S9-149__TYPE_F:NIFTY:2026-04-16T10:48:11:LONG
2026-04-16,10:48:48,2026-04-16,10:49:13,NIFTY,SELL,TYPE_F,BOOK_ENTRY_1,BOOK_EXIT_1,24319.5,24319.9,NIFTY21APR2624350PE,24350.0,PE,208.75,208.0,210.0,205.0,210.0,205.0,0.001678,0.000721,ws,ws,book_ladder,book_ladder,False,False,-1.25,3.0,65,-48.75,strategy_S9-149__TYPE_F:NIFTY:2026-04-16T10:48:48:SHORT
2026-04-16,10:49:21,2026-04-16,10:49:48,NIFTY,SELL,TYPE_F,BOOK_ENTRY_1,BOOK_EXIT_1,24318.0,24314.15,NIFTY21APR2624350PE,24350.0,PE,208.1,207.15,210.0,205.0,210.0,205.0,0.002165,0.001206,ws,ws,book_ladder,book_ladder,False,False,-1.9,2.15,65,-61.75,strategy_S9-149__TYPE_F:NIFTY:2026-04-16T10:49:21:SHORT
2026-04-16,10:50:11,2026-04-16,10:50:17,NIFTY,SELL,TYPE_F,BOOK_ENTRY_1,BOOK_EXIT_1,24313.1,24315.25,NIFTY21APR2624350PE,24350.0,PE,208.8,208.55,210.0,205.0,210.0,205.0,0.001918,0.002155,ws,ws,book_ladder,book_ladder,False,False,-1.2,3.55,65,-16.25,strategy_S9-149__TYPE_F:NIFTY:2026-04-16T10:50:11:SHORT
2026-04-16,10:51:01,2026-04-16,10:51:16,NIFTY,BUY,TYPE_F,BOOK_ENTRY_1,BOOK_EXIT_1,24317.25,24315.25,NIFTY21APR2624300CE,24300.0,CE,192.9,191.1,195.0,190.0,195.0,190.0,0.001816,0.002352,ws,ws,book_ladder,book_ladder,False,False,-2.1,1.1,65,-117.0,strategy_S9-149__TYPE_F:NIFTY:2026-04-16T10:51:01:LONG
2026-04-16,10:52:00,2026-04-16,10:52:21,NIFTY,SELL,TYPE_F,BOOK_ENTRY_1,BOOK_EXIT_1,24313.55,24313.8,NIFTY21APR2624350PE,24350.0,PE,209.2,208.55,210.0,205.0,210.0,205.0,0.000956,0.002155,ws,ws,book_ladder,book_ladder,False,False,-0.8,3.55,65,-42.25,strategy_S9-149__TYPE_F:NIFTY:2026-04-16T10:52:00:SHORT
2026-04-16,10:52:56,2026-04-16,10:53:06,NIFTY,SELL,TYPE_F,BOOK_ENTRY_1,BOOK_EXIT_1,24313.65,24315.7,NIFTY21APR2624350PE,24350.0,PE,209.6,209.35,210.0,205.0,210.0,205.0,0.002388,0.001432,ws,ws,book_ladder,book_ladder,False,False,-0.4,4.35,65,-16.25,strategy_S9-149__TYPE_F:NIFTY:2026-04-16T10:52:56:SHORT
2026-04-16,10:53:50,2026-04-16,10:54:15,NIFTY,SELL,TYPE_F,BOOK_ENTRY_1,BOOK_EXIT_1,24315.75,24316.45,NIFTY21APR2624350PE,24350.0,PE,208.2,208.35,210.0,205.0,210.0,205.0,0.002164,0.00048,ws,ws,book_ladder,book_ladder,False,False,-1.8,3.35,65,9.75,strategy_S9-149__TYPE_F:NIFTY:2026-04-16T10:53:50:SHORT
2026-04-16,10:54:33,2026-04-16,10:54:40,NIFTY,SELL,TYPE_F,BOOK_ENTRY_1,BOOK_EXIT_1,24313.95,24313.9,NIFTY21APR2624350PE,24350.0,PE,210.0,208.75,210.0,205.0,210.0,205.0,0.000953,0.000718,ws,ws,book_ladder,book_ladder,False,False,0.0,3.75,65,-81.25,strategy_S9-149__TYPE_F:NIFTY:2026-04-16T10:54:33:SHORT
2026-04-16,10:55:20,2026-04-16,10:55:59,NIFTY,SELL,TYPE_F,BOOK_ENTRY_1,BOOK_EXIT_1,24313.05,24311.35,NIFTY21APR2624350PE,24350.0,PE,210.0,212.5,210.0,210.0,210.0,210.0,0.002145,0.002115,ws,ws,book_ladder,book_ladder,False,False,0.0,2.5,65,162.5,strategy_S9-149__TYPE_F:NIFTY:2026-04-16T10:55:20:SHORT
2026-04-16,10:56:11,2026-04-16,10:56:15,NIFTY,SELL,TYPE_F,BOOK_ENTRY_1,BOOK_EXIT_1,24308.4,24311.05,NIFTY21APR2624350PE,24350.0,PE,213.0,212.1,215.0,210.0,215.0,210.0,0.00188,0.001649,ws,ws,book_ladder,book_ladder,False,False,-2.0,2.1,65,-58.5,strategy_S9-149__TYPE_F:NIFTY:2026-04-16T10:56:11:SHORT
2026-04-16,10:56:23,2026-04-16,10:57:00,NIFTY,SELL,TYPE_F,BOOK_ENTRY_1,BOOK_EXIT_1,24307.05,24304.95,NIFTY21APR2624350PE,24350.0,PE,213.35,215.45,215.0,215.0,215.0,215.0,0.002111,0.001391,ws,ws,book_ladder,book_ladder,False,False,-1.65,0.45,65,136.5,strategy_S9-149__TYPE_F:NIFTY:2026-04-16T10:56:23:SHORT
2026-04-16,10:57:10,2026-04-16,10:57:15,NIFTY,BUY,TYPE_F,BOOK_ENTRY_1,BOOK_EXIT_1,24309.65,24309.2,NIFTY21APR2624300CE,24300.0,CE,188.65,188.6,190.0,185.0,190.0,185.0,0.002388,0.001854,ws,ws,book_ladder,book_ladder,False,False,-1.35,3.6,65,-3.25,strategy_S9-149__TYPE_F:NIFTY:2026-04-16T10:57:10:LONG
2026-04-16,10:57:30,2026-04-16,10:57:52,NIFTY,BUY,TYPE_F,BOOK_ENTRY_1,BOOK_EXIT_1,24311.05,24311.15,NIFTY21APR2624300CE,24300.0,CE,189.0,189.4,190.0,185.0,190.0,185.0,0.001059,0.001319,ws,ws,book_ladder,book_ladder,False,False,-1.0,4.4,65,26.0,strategy_S9-149__TYPE_F:NIFTY:2026-04-16T10:57:30:LONG
2026-04-16,10:58:48,2026-04-16,10:59:13,NIFTY,SELL,TYPE_F,BOOK_ENTRY_1,BOOK_EXIT_1,24304.9,24304.65,NIFTY21APR2624350PE,24350.0,PE,214.85,215.15,215.0,215.0,215.0,215.0,0.00233,0.001857,ws,ws,book_ladder,book_ladder,False,False,-0.15,0.15,65,19.5,strategy_S9-149__TYPE_F:NIFTY:2026-04-16T10:58:48:SHORT
2026-04-16,11:00:02,2026-04-16,11:00:30,NIFTY,BUY,TYPE_F,BOOK_ENTRY_1,BOOK_EXIT_1,24311.15,24311.15,NIFTY21APR2624300CE,24300.0,CE,188.25,188.25,190.0,185.0,190.0,185.0,0.000797,0.001858,ws,ws,book_ladder,book_ladder,False,False,-1.75,3.25,65,0.0,strategy_S9-149__TYPE_F:NIFTY:2026-04-16T11:00:02:LONG
2026-04-16,11:00:41,2026-04-16,11:00:45,NIFTY,BUY,TYPE_F,BOOK_ENTRY_1,BOOK_EXIT_1,24315.65,24313.95,NIFTY21APR2624300CE,24300.0,CE,189.75,188.6,190.0,185.0,190.0,185.0,0.001846,0.002119,ws,ws,book_ladder,book_ladder,False,False,-0.25,3.6,65,-74.75,strategy_S9-149__TYPE_F:NIFTY:2026-04-16T11:00:41:LONG
2026-04-16,11:01:20,2026-04-16,11:01:36,NIFTY,BUY,TYPE_F,BOOK_ENTRY_1,BOOK_EXIT_1,24318.85,24320.25,NIFTY21APR2624300CE,24300.0,CE,192.85,193.55,195.0,190.0,195.0,190.0,0.002076,0.002065,ws,ws,book_ladder,book_ladder,False,False,-2.15,3.55,65,45.5,strategy_S9-149__TYPE_F:NIFTY:2026-04-16T11:01:20:LONG
2026-04-16,11:01:50,2026-04-16,11:02:08,NIFTY,SELL,TYPE_F,BOOK_ENTRY_1,BOOK_EXIT_1,24314.5,24316.65,NIFTY21APR2624350PE,24350.0,PE,208.95,208.15,210.0,205.0,210.0,205.0,0.001916,0.00144,ws,ws,book_ladder,book_ladder,False,False,-1.05,3.15,65,-52.0,strategy_S9-149__TYPE_F:NIFTY:2026-04-16T11:01:50:SHORT
2026-04-16,11:02:21,2026-04-16,11:02:33,NIFTY,SELL,TYPE_F,BOOK_ENTRY_1,BOOK_EXIT_1,24313.3,24316.9,NIFTY21APR2624350PE,24350.0,PE,210.7,209.0,215.0,205.0,215.0,205.0,0.0019,0.001434,ws,ws,book_ladder,book_ladder,False,False,-4.3,4.0,65,-110.5,strategy_S9-149__TYPE_F:NIFTY:2026-04-16T11:02:21:SHORT
2026-04-16,11:02:49,2026-04-16,11:03:20,NIFTY,BUY,TYPE_F,BOOK_ENTRY_1,BOOK_EXIT_1,24320.5,24321.95,NIFTY21APR2624300CE,24300.0,CE,191.65,192.6,195.0,190.0,195.0,190.0,0.001567,0.002075,ws,ws,book_ladder,book_ladder,False,False,-3.35,2.6,65,61.75,strategy_S9-149__TYPE_F:NIFTY:2026-04-16T11:02:49:LONG
2026-04-16,11:03:51,2026-04-16,11:03:59,NIFTY,BUY,TYPE_F,BOOK_ENTRY_1,BOOK_EXIT_1,24326.75,24324.3,NIFTY21APR2624300CE,24300.0,CE,194.5,193.9,195.0,190.0,195.0,190.0,0.000257,0.002061,ws,ws,book_ladder,book_ladder,False,False,-0.5,3.9,65,-39.0,strategy_S9-149__TYPE_F:NIFTY:2026-04-16T11:03:51:LONG
2026-04-16,11:04:24,2026-04-16,11:04:36,NIFTY,BUY,TYPE_F,BOOK_ENTRY_1,BOOK_EXIT_1,24329.4,24327.15,NIFTY21APR2624300CE,24300.0,CE,194.25,193.45,195.0,190.0,195.0,190.0,0.001803,0.002066,ws,ws,book_ladder,book_ladder,False,False,-0.75,3.45,65,-52.0,strategy_S9-149__TYPE_F:NIFTY:2026-04-16T11:04:24:LONG
2026-04-16,11:04:54,2026-04-16,11:05:06,NIFTY,SELL,TYPE_F,BOOK_ENTRY_1,BOOK_EXIT_1,24319.55,24325.6,NIFTY21APR2624350PE,24350.0,PE,205.5,204.25,210.0,200.0,210.0,200.0,0.002436,0.002201,ws,ws,book_ladder,book_ladder,False,False,-4.5,4.25,65,-81.25,strategy_S9-149__TYPE_F:NIFTY:2026-04-16T11:04:54:SHORT
2026-04-16,11:05:53,2026-04-16,11:05:58,NIFTY,BUY,TYPE_F,BOOK_ENTRY_1,BOOK_EXIT_1,24327.35,24324.3,NIFTY21APR2624300CE,24300.0,CE,195.0,194.8,195.0,190.0,195.0,190.0,0.001026,0.001795,ws,ws,book_ladder,book_ladder,False,False,0.0,4.8,65,-13.0,strategy_S9-149__TYPE_F:NIFTY:2026-04-16T11:05:53:LONG
2026-04-16,11:07:08,2026-04-16,11:07:33,NIFTY,SELL,TYPE_F,BOOK_ENTRY_1,BOOK_EXIT_1,24319.25,24317.25,NIFTY21APR2624350PE,24350.0,PE,204.9,204.05,205.0,200.0,205.0,200.0,0.001954,0.002203,ws,ws,book_ladder,book_ladder,False,False,-0.1,4.05,65,-55.25,strategy_S9-149__TYPE_F:NIFTY:2026-04-16T11:07:08:SHORT
2026-04-16,11:07:50,2026-04-16,11:08:15,NIFTY,SELL,TYPE_F,BOOK_ENTRY_1,BOOK_EXIT_1,24310.05,24310.0,NIFTY21APR2624350PE,24350.0,PE,206.2,208.8,210.0,205.0,210.0,205.0,0.001942,0.002153,ws,ws,book_ladder,book_ladder,False,False,-3.8,3.8,65,169.0,strategy_S9-149__TYPE_F:NIFTY:2026-04-16T11:07:50:SHORT
2026-04-16,11:08:37,2026-04-16,11:08:58,NIFTY,BUY,TYPE_F,BOOK_ENTRY_1,BOOK_EXIT_1,24320.65,24328.85,NIFTY21APR2624300CE,24300.0,CE,192.9,194.1,195.0,190.0,195.0,190.0,0.001816,0.002059,ws,ws,book_ladder,book_ladder,False,False,-2.1,4.1,65,78.0,strategy_S9-149__TYPE_F:NIFTY:2026-04-16T11:08:37:LONG
2026-04-16,11:09:10,2026-04-16,11:09:22,NIFTY,BUY,TYPE_F,BOOK_ENTRY_1,BOOK_EXIT_1,24333.2,24331.35,NIFTY21APR2624300CE,24300.0,CE,195.4,194.75,200.0,190.0,200.0,190.0,0.00128,0.002052,ws,ws,book_ladder,book_ladder,False,False,-4.6,4.75,65,-42.25,strategy_S9-149__TYPE_F:NIFTY:2026-04-16T11:09:10:LONG
2026-04-16,11:09:43,2026-04-16,11:11:15,NIFTY,SELL,TYPE_F,BOOK_ENTRY_1,BOOK_EXIT_1,24326.3,24310.7,NIFTY21APR2624350PE,24350.0,PE,203.4,207.4,205.0,205.0,205.0,205.0,0.002461,0.002167,ws,ws,book_ladder,book_ladder,False,False,-1.6,2.4,65,260.0,strategy_S9-149__TYPE_F:NIFTY:2026-04-16T11:09:43:SHORT
2026-04-16,11:12:40,2026-04-16,11:13:17,NIFTY,SELL,TYPE_F,BOOK_ENTRY_1,BOOK_EXIT_1,24312.15,24307.0,NIFTY21APR2624350PE,24350.0,PE,209.9,210.5,210.0,210.0,210.0,210.0,0.001907,0.002609,ws,ws,book_ladder,book_ladder,False,False,-0.1,0.5,65,39.0,strategy_S9-149__TYPE_F:NIFTY:2026-04-16T11:12:40:SHORT
2026-04-16,11:13:21,2026-04-16,11:13:47,NIFTY,BUY,TYPE_F,BOOK_ENTRY_1,BOOK_EXIT_1,24308.6,24313.4,NIFTY21APR2624300CE,24300.0,CE,187.4,187.0,190.0,185.0,190.0,185.0,0.002137,0.001603,ws,ws,book_ladder,book_ladder,False,False,-2.6,2.0,65,-26.0,strategy_S9-149__TYPE_F:NIFTY:2026-04-16T11:13:21:LONG
2026-04-16,11:14:27,2026-04-16,11:14:33,NIFTY,BUY,TYPE_F,BOOK_ENTRY_1,BOOK_EXIT_1,24316.65,24314.15,NIFTY21APR2624300CE,24300.0,CE,187.45,187.4,190.0,185.0,190.0,185.0,0.001869,0.001067,ws,ws,book_ladder,book_ladder,False,False,-2.55,2.4,65,-3.25,strategy_S9-149__TYPE_F:NIFTY:2026-04-16T11:14:27:LONG
2026-04-16,11:15:08,2026-04-16,11:15:15,NIFTY,BUY,TYPE_F,BOOK_ENTRY_1,BOOK_EXIT_1,24317.3,24318.3,NIFTY21APR2624300CE,24300.0,CE,189.65,188.8,190.0,185.0,190.0,185.0,0.001847,0.002116,ws,ws,book_ladder,book_ladder,False,False,-0.35,3.8,65,-55.25,strategy_S9-149__TYPE_F:NIFTY:2026-04-16T11:15:08:LONG
2026-04-16,11:15:41,2026-04-16,11:16:10,NIFTY,SELL,TYPE_F,BOOK_ENTRY_1,BOOK_EXIT_1,24315.2,24304.25,NIFTY21APR2624350PE,24350.0,PE,210.0,214.2,210.0,210.0,210.0,210.0,0.001668,0.002099,ws,ws,book_ladder,book_ladder,False,False,0.0,4.2,65,273.0,strategy_S9-149__TYPE_F:NIFTY:2026-04-16T11:15:41:SHORT
2026-04-16,11:16:53,2026-04-16,11:16:56,NIFTY,BUY,TYPE_F,BOOK_ENTRY_1,BOOK_EXIT_1,24305.35,24303.95,NIFTY21APR2624300CE,24300.0,CE,184.55,183.05,185.0,180.0,185.0,180.0,0.000271,0.002183,ws,ws,book_ladder,book_ladder,False,False,-0.45,3.05,65,-97.5,strategy_S9-149__TYPE_F:NIFTY:2026-04-16T11:16:53:LONG
2026-04-16,11:17:02,2026-04-16,11:17:19,NIFTY,SELL,TYPE_F,BOOK_ENTRY_1,BOOK_EXIT_1,24296.8,24299.95,NIFTY21APR2624300PE,24300.0,PE,194.85,192.2,195.0,190.0,195.0,190.0,0.002312,0.002339,ws,ws,book_ladder,book_ladder,False,False,-0.15,2.2,65,-172.25,strategy_S9-149__TYPE_F:NIFTY:2026-04-16T11:17:02:SHORT
2026-04-16,11:17:41,2026-04-16,11:18:06,NIFTY,SELL,TYPE_F,BOOK_ENTRY_1,BOOK_EXIT_1,24297.55,24298.15,NIFTY21APR2624300PE,24300.0,PE,193.6,194.15,195.0,190.0,195.0,190.0,0.002327,0.001801,ws,ws,book_ladder,book_ladder,False,False,-1.4,4.15,65,35.75,strategy_S9-149__TYPE_F:NIFTY:2026-04-16T11:17:41:SHORT
2026-04-16,11:18:10,2026-04-16,11:18:23,NIFTY,BUY,TYPE_F,BOOK_ENTRY_1,BOOK_EXIT_1,24303.1,24302.3,NIFTY21APR2624300CE,24300.0,CE,183.8,183.3,185.0,180.0,185.0,180.0,0.001634,0.001635,ws,ws,book_ladder,book_ladder,False,False,-1.2,3.3,65,-32.5,strategy_S9-149__TYPE_F:NIFTY:2026-04-16T11:18:10:LONG
2026-04-16,11:18:33,2026-04-16,11:18:48,NIFTY,BUY,TYPE_F,BOOK_ENTRY_1,BOOK_EXIT_1,24307.15,24305.8,NIFTY21APR2624300CE,24300.0,CE,184.75,184.45,185.0,180.0,185.0,180.0,0.000541,0.001354,ws,ws,book_ladder,book_ladder,False,False,-0.25,4.45,65,-19.5,strategy_S9-149__TYPE_F:NIFTY:2026-04-16T11:18:33:LONG
2026-04-16,11:20:01,2026-04-16,11:20:12,NIFTY,BUY,TYPE_F,BOOK_ENTRY_1,BOOK_EXIT_1,24319.85,24317.55,NIFTY21APR2624300CE,24300.0,CE,188.45,187.6,190.0,185.0,190.0,185.0,0.002125,0.00213,ws,ws,book_ladder,book_ladder,False,False,-1.55,2.6,65,-55.25,strategy_S9-149__TYPE_F:NIFTY:2026-04-16T11:20:01:LONG
2026-04-16,11:20:40,2026-04-16,11:20:55,NIFTY,BUY,TYPE_F,BOOK_ENTRY_1,BOOK_EXIT_1,24323.9,24323.7,NIFTY21APR2624300CE,24300.0,CE,189.75,188.6,190.0,185.0,190.0,185.0,0.001318,0.002119,ws,ws,book_ladder,book_ladder,False,False,-0.25,3.6,65,-74.75,strategy_S9-149__TYPE_F:NIFTY:2026-04-16T11:20:40:LONG
2026-04-16,11:22:14,2026-04-16,11:22:26,NIFTY,SELL,TYPE_F,BOOK_ENTRY_1,BOOK_EXIT_1,24308.6,24306.25,NIFTY21APR2624350PE,24350.0,PE,209.75,209.0,210.0,205.0,210.0,205.0,0.002387,0.002151,ws,ws,book_ladder,book_ladder,False,False,-0.25,4.0,65,-48.75,strategy_S9-149__TYPE_F:NIFTY:2026-04-16T11:22:14:SHORT
2026-04-16,11:22:45,2026-04-16,11:23:08,NIFTY,SELL,TYPE_F,BOOK_ENTRY_1,BOOK_EXIT_1,24302.75,24302.4,NIFTY21APR2624350PE,24350.0,PE,211.0,211.0,215.0,210.0,215.0,210.0,0.000948,0.000947,ws,ws,book_ladder,book_ladder,False,False,-4.0,1.0,65,0.0,strategy_S9-149__TYPE_F:NIFTY:2026-04-16T11:22:45:SHORT
2026-04-16,11:23:11,2026-04-16,11:23:24,NIFTY,SELL,TYPE_F,BOOK_ENTRY_1,BOOK_EXIT_1,24297.9,24301.9,NIFTY21APR2624300PE,24300.0,PE,186.55,186.35,190.0,185.0,190.0,185.0,0.001609,0.001876,ws,ws,book_ladder,book_ladder,False,False,-3.45,1.35,65,-13.0,strategy_S9-149__TYPE_F:NIFTY:2026-04-16T11:23:11:SHORT
2026-04-16,11:23:53,2026-04-16,11:24:00,NIFTY,SELL,TYPE_F,BOOK_ENTRY_1,BOOK_EXIT_1,24295.8,24299.0,NIFTY21APR2624300PE,24300.0,PE,189.7,189.0,190.0,185.0,190.0,185.0,0.001847,0.00185,ws,ws,book_ladder,book_ladder,False,False,-0.3,4.0,65,-45.5,strategy_S9-149__TYPE_F:NIFTY:2026-04-16T11:23:53:SHORT
2026-04-16,11:24:26,2026-04-16,11:24:51,NIFTY,SELL,TYPE_F,BOOK_ENTRY_1,BOOK_EXIT_1,24295.15,24298.0,NIFTY21APR2624300PE,24300.0,PE,189.3,191.3,190.0,190.0,190.0,190.0,0.001322,0.001045,ws,ws,book_ladder,book_ladder,False,False,-0.7,1.3,65,130.0,strategy_S9-149__TYPE_F:NIFTY:2026-04-16T11:24:26:SHORT
2026-04-16,11:25:12,2026-04-16,11:25:17,NIFTY,SELL,TYPE_F,BOOK_ENTRY_1,BOOK_EXIT_1,24296.3,24299.05,NIFTY21APR2624300PE,24300.0,PE,191.7,192.35,195.0,190.0,195.0,190.0,0.00235,0.001818,ws,ws,book_ladder,book_ladder,False,False,-3.3,2.35,65,42.25,strategy_S9-149__TYPE_F:NIFTY:2026-04-16T11:25:12:SHORT
2026-04-16,11:26:04,2026-04-16,11:26:49,NIFTY,SELL,TYPE_F,BOOK_ENTRY_1,BOOK_EXIT_1,24292.15,24286.9,NIFTY21APR2624300PE,24300.0,PE,196.0,201.45,200.0,200.0,200.0,200.0,0.002299,0.000744,ws,ws,book_ladder,book_ladder,False,False,-4.0,1.45,65,354.25,strategy_S9-149__TYPE_F:NIFTY:2026-04-16T11:26:04:SHORT
2026-04-16,11:32:50,2026-04-16,11:33:00,NIFTY,BUY,TYPE_F,BOOK_ENTRY_1,BOOK_EXIT_1,24295.65,24296.55,NIFTY21APR2624250CE,24250.0,CE,205.3,205.2,210.0,205.0,210.0,205.0,0.001706,0.002191,ws,ws,book_ladder,book_ladder,False,False,-4.7,0.2,65,-6.5,strategy_S9-149__TYPE_F:NIFTY:2026-04-16T11:32:50:LONG
2026-04-16,11:34:54,2026-04-16,11:35:00,NIFTY,BUY,TYPE_F,BOOK_ENTRY_1,BOOK_EXIT_1,24300.85,24299.0,NIFTY21APR2624300CE,24300.0,CE,178.95,176.55,180.0,175.0,180.0,175.0,0.001958,0.00198,ws,ws,book_ladder,book_ladder,False,False,-1.05,1.55,65,-156.0,strategy_S9-149__TYPE_F:NIFTY:2026-04-16T11:34:54:LONG
2026-04-16,11:36:31,2026-04-16,11:36:38,NIFTY,BUY,TYPE_F,BOOK_ENTRY_1,BOOK_EXIT_1,24300.15,24298.7,NIFTY21APR2624300CE,24300.0,CE,177.95,177.75,180.0,175.0,180.0,175.0,0.001969,0.001405,ws,ws,book_ladder,book_ladder,False,False,-2.05,2.75,65,-13.0,strategy_S9-149__TYPE_F:NIFTY:2026-04-16T11:36:31:LONG
2026-04-16,11:37:00,2026-04-16,11:37:05,NIFTY,SELL,TYPE_F,BOOK_ENTRY_1,BOOK_EXIT_1,24295.15,24297.65,NIFTY21APR2624300PE,24300.0,PE,194.4,194.15,195.0,190.0,195.0,190.0,0.001802,0.001544,ws,ws,book_ladder,book_ladder,False,False,-0.6,4.15,65,-16.25,strategy_S9-149__TYPE_F:NIFTY:2026-04-16T11:37:00:SHORT
2026-04-16,11:37:44,2026-04-16,11:38:21,NIFTY,SELL,TYPE_F,BOOK_ENTRY_1,BOOK_EXIT_1,24292.35,24285.05,NIFTY21APR2624300PE,24300.0,PE,197.3,199.65,200.0,195.0,200.0,195.0,0.002029,0.002251,ws,ws,book_ladder,book_ladder,False,False,-2.7,4.65,65,152.75,strategy_S9-149__TYPE_F:NIFTY:2026-04-16T11:37:44:SHORT
2026-04-16,11:39:25,2026-04-16,11:39:49,NIFTY,SELL,TYPE_F,BOOK_ENTRY_1,BOOK_EXIT_1,24272.2,24271.8,NIFTY21APR2624300PE,24300.0,PE,208.25,207.1,210.0,205.0,210.0,205.0,0.001923,0.001689,ws,ws,book_ladder,book_ladder,False,False,-1.75,2.1,65,-74.75,strategy_S9-149__TYPE_F:NIFTY:2026-04-16T11:39:25:SHORT
2026-04-16,11:39:56,2026-04-16,11:40:08,NIFTY,BUY,TYPE_F,BOOK_ENTRY_1,BOOK_EXIT_1,24280.2,24275.85,NIFTY21APR2624250CE,24250.0,CE,195.0,193.0,195.0,190.0,195.0,190.0,0.00231,0.001812,ws,ws,book_ladder,book_ladder,False,False,0.0,3.0,65,-130.0,strategy_S9-149__TYPE_F:NIFTY:2026-04-16T11:39:56:LONG
2026-04-16,11:41:10,2026-04-16,11:41:12,NIFTY,SELL,TYPE_F,BOOK_ENTRY_1,BOOK_EXIT_1,24270.75,24274.25,NIFTY21APR2624300PE,24300.0,PE,208.4,208.0,210.0,205.0,210.0,205.0,0.001921,0.001921,ws,ws,book_ladder,book_ladder,False,False,-1.6,3.0,65,-26.0,strategy_S9-149__TYPE_F:NIFTY:2026-04-16T11:41:10:SHORT
2026-04-16,11:41:20,2026-04-16,11:41:39,NIFTY,SELL,TYPE_F,BOOK_ENTRY_1,BOOK_EXIT_1,24267.35,24266.6,NIFTY21APR2624300PE,24300.0,PE,209.6,207.7,210.0,205.0,210.0,205.0,0.002149,0.001924,ws,ws,book_ladder,book_ladder,False,False,-0.4,2.7,65,-123.5,strategy_S9-149__TYPE_F:NIFTY:2026-04-16T11:41:20:SHORT
2026-04-16,11:42:07,2026-04-16,11:43:03,NIFTY,SELL,TYPE_F,BOOK_ENTRY_1,BOOK_EXIT_1,24265.55,24264.0,NIFTY21APR2624300PE,24300.0,PE,209.2,209.25,210.0,205.0,210.0,205.0,0.001914,0.002387,ws,ws,book_ladder,book_ladder,False,False,-0.8,4.25,65,3.25,strategy_S9-149__TYPE_F:NIFTY:2026-04-16T11:42:07:SHORT
2026-04-16,11:43:42,2026-04-16,11:44:01,NIFTY,BUY,TYPE_F,BOOK_ENTRY_1,BOOK_EXIT_1,24268.85,24264.85,NIFTY21APR2624250CE,24250.0,CE,191.35,190.3,195.0,190.0,195.0,190.0,0.002093,0.001575,ws,ws,book_ladder,book_ladder,False,False,-3.65,0.3,65,-68.25,strategy_S9-149__TYPE_F:NIFTY:2026-04-16T11:43:42:LONG
2026-04-16,11:44:10,2026-04-16,11:44:35,NIFTY,SELL,TYPE_F,BOOK_ENTRY_1,BOOK_EXIT_1,24262.2,24258.5,NIFTY21APR2624300PE,24300.0,PE,214.7,215.1,215.0,215.0,215.0,215.0,0.001398,0.002322,ws,ws,book_ladder,book_ladder,False,False,-0.3,0.1,65,26.0,strategy_S9-149__TYPE_F:NIFTY:2026-04-16T11:44:10:SHORT
2026-04-16,11:45:00,2026-04-16,11:46:30,NIFTY,SELL,TYPE_F,BOOK_ENTRY_1,BOOK_EXIT_1,24254.3,24242.1,NIFTY21APR2624300PE,24300.0,PE,219.0,230.05,220.0,230.0,220.0,230.0,0.002057,0.001954,ws,ws,book_ladder,book_ladder,False,False,-1.0,0.05,65,718.25,strategy_S9-149__TYPE_F:NIFTY:2026-04-16T11:45:00:SHORT
2026-04-16,11:46:51,2026-04-16,11:47:11,NIFTY,SELL,TYPE_F,BOOK_ENTRY_1,BOOK_EXIT_1,24237.8,24229.2,NIFTY21APR2624250PE,24250.0,PE,208.0,209.5,210.0,205.0,210.0,205.0,0.000962,0.000477,ws,ws,book_ladder,book_ladder,False,False,-2.0,4.5,65,97.5,strategy_S9-149__TYPE_F:NIFTY:2026-04-16T11:46:51:SHORT
2026-04-16,11:47:35,2026-04-16,11:48:35,NIFTY,SELL,TYPE_F,BOOK_ENTRY_1,BOOK_EXIT_1,24226.2,24219.25,NIFTY21APR2624250PE,24250.0,PE,213.0,213.05,215.0,210.0,215.0,210.0,0.002115,0.001876,ws,ws,book_ladder,book_ladder,False,False,-2.0,3.05,65,3.25,strategy_S9-149__TYPE_F:NIFTY:2026-04-16T11:47:35:SHORT
2026-04-16,11:48:53,2026-04-16,11:49:40,NIFTY,BUY,TYPE_F,BOOK_ENTRY_1,BOOK_EXIT_1,24222.35,24242.3,NIFTY21APR2624200CE,24200.0,CE,199.8,206.0,200.0,205.0,200.0,205.0,0.001503,0.00097,ws,ws,book_ladder,book_ladder,False,False,-0.2,1.0,65,403.0,strategy_S9-149__TYPE_F:NIFTY:2026-04-16T11:48:53:LONG
2026-04-16,11:49:52,2026-04-16,11:50:00,NIFTY,BUY,TYPE_F,BOOK_ENTRY_1,BOOK_EXIT_1,24244.85,24241.2,NIFTY21APR2624200CE,24200.0,CE,207.65,204.55,210.0,200.0,210.0,200.0,0.001928,0.00171,ws,ws,book_ladder,book_ladder,False,False,-2.35,4.55,65,-201.5,strategy_S9-149__TYPE_F:NIFTY:2026-04-16T11:49:52:LONG
2026-04-16,11:50:16,2026-04-16,11:50:37,NIFTY,SELL,TYPE_F,BOOK_ENTRY_1,BOOK_EXIT_1,24237.1,24234.8,NIFTY21APR2624250PE,24250.0,PE,208.25,208.55,210.0,205.0,210.0,205.0,0.001923,0.001916,ws,ws,book_ladder,book_ladder,False,False,-1.75,3.55,65,19.5,strategy_S9-149__TYPE_F:NIFTY:2026-04-16T11:50:16:SHORT
2026-04-16,11:50:55,2026-04-16,11:51:14,NIFTY,SELL,TYPE_F,BOOK_ENTRY_1,BOOK_EXIT_1,24230.4,24223.0,NIFTY21APR2624250PE,24250.0,PE,212.5,212.75,215.0,210.0,215.0,210.0,0.00212,0.001409,ws,ws,book_ladder,book_ladder,False,False,-2.5,2.75,65,16.25,strategy_S9-149__TYPE_F:NIFTY:2026-04-16T11:50:55:SHORT
2026-04-16,11:52:10,2026-04-16,11:52:17,NIFTY,SELL,TYPE_F,BOOK_ENTRY_1,BOOK_EXIT_1,24218.4,24221.75,NIFTY21APR2624250PE,24250.0,PE,212.7,211.3,215.0,210.0,215.0,210.0,0.002118,0.002127,ws,ws,book_ladder,book_ladder,False,False,-2.3,1.3,65,-91.0,strategy_S9-149__TYPE_F:NIFTY:2026-04-16T11:52:10:SHORT
2026-04-16,11:52:30,2026-04-16,11:52:51,NIFTY,BUY,TYPE_F,BOOK_ENTRY_1,BOOK_EXIT_1,24229.7,24231.5,NIFTY21APR2624200CE,24200.0,CE,201.15,199.5,205.0,195.0,205.0,195.0,0.000746,0.001002,ws,ws,book_ladder,book_ladder,False,False,-3.85,4.5,65,-107.25,strategy_S9-149__TYPE_F:NIFTY:2026-04-16T11:52:30:LONG
2026-04-16,11:53:29,2026-04-16,11:53:41,NIFTY,BUY,TYPE_F,BOOK_ENTRY_1,BOOK_EXIT_1,24234.7,24233.55,NIFTY21APR2624200CE,24200.0,CE,201.25,202.4,205.0,200.0,205.0,200.0,0.001741,0.001728,ws,ws,book_ladder,book_ladder,False,False,-3.75,2.4,65,74.75,strategy_S9-149__TYPE_F:NIFTY:2026-04-16T11:53:29:LONG
2026-04-16,11:54:10,2026-04-16,11:54:17,NIFTY,BUY,TYPE_F,BOOK_ENTRY_1,BOOK_EXIT_1,24236.85,24234.15,NIFTY21APR2624200CE,24200.0,CE,203.1,202.9,205.0,200.0,205.0,200.0,0.001232,0.001969,ws,ws,book_ladder,book_ladder,False,False,-1.9,2.9,65,-13.0,strategy_S9-149__TYPE_F:NIFTY:2026-04-16T11:54:10:LONG
2026-04-16,11:54:26,2026-04-16,11:54:44,NIFTY,SELL,TYPE_F,BOOK_ENTRY_1,BOOK_EXIT_1,24229.35,24228.7,NIFTY21APR2624250PE,24250.0,PE,208.0,205.0,210.0,205.0,210.0,205.0,0.001925,0.001462,ws,ws,book_ladder,book_ladder,False,False,-2.0,0.0,65,-195.0,strategy_S9-149__TYPE_F:NIFTY:2026-04-16T11:54:26:SHORT
2026-04-16,11:54:50,2026-04-16,11:55:02,NIFTY,BUY,TYPE_F,BOOK_ENTRY_1,BOOK_EXIT_1,24235.95,24235.1,NIFTY21APR2624200CE,24200.0,CE,203.4,202.4,205.0,200.0,205.0,200.0,0.001722,0.001481,ws,ws,book_ladder,book_ladder,False,False,-1.6,2.4,65,-65.0,strategy_S9-149__TYPE_F:NIFTY:2026-04-16T11:54:50:LONG
2026-04-16,11:55:21,2026-04-16,11:55:36,NIFTY,SELL,TYPE_F,BOOK_ENTRY_1,BOOK_EXIT_1,24231.35,24234.0,NIFTY21APR2624250PE,24250.0,PE,207.0,208.35,210.0,205.0,210.0,205.0,0.001934,0.000959,ws,ws,book_ladder,book_ladder,False,False,-3.0,3.35,65,87.75,strategy_S9-149__TYPE_F:NIFTY:2026-04-16T11:55:21:SHORT
2026-04-16,11:55:46,2026-04-16,11:56:13,NIFTY,SELL,TYPE_F,BOOK_ENTRY_1,BOOK_EXIT_1,24228.9,24226.9,NIFTY21APR2624250PE,24250.0,PE,208.55,212.15,210.0,210.0,210.0,210.0,0.00216,0.001648,ws,ws,book_ladder,book_ladder,False,False,-1.45,2.15,65,234.0,strategy_S9-149__TYPE_F:NIFTY:2026-04-16T11:55:46:SHORT
2026-04-16,11:57:40,2026-04-16,11:58:23,NIFTY,SELL,TYPE_F,BOOK_ENTRY_1,BOOK_EXIT_1,24216.7,24203.15,NIFTY21APR2624250PE,24250.0,PE,222.0,224.15,225.0,220.0,225.0,220.0,0.002481,0.001115,ws,ws,book_ladder,book_ladder,False,False,-3.0,4.15,65,139.75,strategy_S9-149__TYPE_F:NIFTY:2026-04-16T11:57:40:SHORT
2026-04-16,11:58:51,2026-04-16,11:59:03,NIFTY,BUY,TYPE_F,BOOK_ENTRY_1,BOOK_EXIT_1,24205.55,24203.95,NIFTY21APR2624200CE,24200.0,CE,191.7,191.3,195.0,190.0,195.0,190.0,0.002873,0.00235,ws,ws,book_ladder,book_ladder,False,False,-3.3,1.3,65,-26.0,strategy_S9-149__TYPE_F:NIFTY:2026-04-16T11:58:51:LONG
2026-04-16,11:59:10,2026-04-16,11:59:22,NIFTY,BUY,TYPE_F,BOOK_ENTRY_1,BOOK_EXIT_1,24206.65,24208.2,NIFTY21APR2624200CE,24200.0,CE,192.45,191.5,195.0,190.0,195.0,190.0,0.002341,0.002087,ws,ws,book_ladder,book_ladder,False,False,-2.55,1.5,65,-61.75,strategy_S9-149__TYPE_F:NIFTY:2026-04-16T11:59:10:LONG
2026-04-16,11:59:40,2026-04-16,12:00:28,NIFTY,SELL,TYPE_F,BOOK_ENTRY_1,BOOK_EXIT_1,24204.8,24179.5,NIFTY21APR2624250PE,24250.0,PE,227.0,240.75,230.0,240.0,230.0,240.0,0.001984,0.002075,ws,ws,book_ladder,book_ladder,False,False,-3.0,0.75,65,893.75,strategy_S9-149__TYPE_F:NIFTY:2026-04-16T11:59:40:SHORT
2026-04-16,12:00:45,2026-04-16,12:00:51,NIFTY,SELL,TYPE_F,BOOK_ENTRY_1,BOOK_EXIT_1,24176.5,24181.25,NIFTY21APR2624200PE,24200.0,PE,216.85,216.3,220.0,215.0,220.0,215.0,0.00254,0.001155,ws,ws,book_ladder,book_ladder,False,False,-3.15,1.3,65,-35.75,strategy_S9-149__TYPE_F:NIFTY:2026-04-16T12:00:45:SHORT
2026-04-16,12:01:45,2026-04-16,12:02:06,NIFTY,SELL,TYPE_F,BOOK_ENTRY_1,BOOK_EXIT_1,24174.6,24169.5,NIFTY21APR2624200PE,24200.0,PE,221.45,224.4,225.0,220.0,225.0,220.0,0.002034,0.001113,ws,ws,book_ladder,book_ladder,False,False,-3.55,4.4,65,191.75,strategy_S9-149__TYPE_F:NIFTY:2026-04-16T12:01:45:SHORT
2026-04-16,12:02:22,2026-04-16,12:02:39,NIFTY,SELL,TYPE_F,BOOK_ENTRY_1,BOOK_EXIT_1,24166.65,24168.2,NIFTY21APR2624200PE,24200.0,PE,227.35,224.15,230.0,220.0,230.0,220.0,0.002202,0.002451,ws,ws,book_ladder,book_ladder,False,False,-2.65,4.15,65,-208.0,strategy_S9-149__TYPE_F:NIFTY:2026-04-16T12:02:22:SHORT
2026-04-16,12:03:19,2026-04-16,12:03:26,NIFTY,BUY,TYPE_F,BOOK_ENTRY_1,BOOK_EXIT_1,24171.8,24169.15,NIFTY21APR2624150CE,24150.0,CE,203.3,203.75,205.0,200.0,205.0,200.0,0.001477,0.002451,ws,ws,book_ladder,book_ladder,False,False,-1.7,3.75,65,29.25,strategy_S9-149__TYPE_F:NIFTY:2026-04-16T12:03:19:LONG
2026-04-16,12:04:18,2026-04-16,12:04:51,NIFTY,SELL,TYPE_F,BOOK_ENTRY_1,BOOK_EXIT_1,24165.05,24161.5,NIFTY21APR2624200PE,24200.0,PE,227.05,228.55,230.0,225.0,230.0,225.0,0.002425,0.001967,ws,ws,book_ladder,book_ladder,False,False,-2.95,3.55,65,97.5,strategy_S9-149__TYPE_F:NIFTY:2026-04-16T12:04:18:SHORT
2026-04-16,12:05:06,2026-04-16,12:05:21,NIFTY,SELL,TYPE_F,BOOK_ENTRY_1,BOOK_EXIT_1,24156.15,24157.3,NIFTY21APR2624200PE,24200.0,PE,228.95,227.7,230.0,225.0,230.0,225.0,0.002186,0.001974,ws,ws,book_ladder,book_ladder,False,False,-1.05,2.7,65,-81.25,strategy_S9-149__TYPE_F:NIFTY:2026-04-16T12:05:06:SHORT
2026-04-16,12:05:40,2026-04-16,12:05:45,NIFTY,SELL,TYPE_F,BOOK_ENTRY_1,BOOK_EXIT_1,24154.6,24156.85,NIFTY21APR2624200PE,24200.0,PE,228.5,226.35,230.0,225.0,230.0,225.0,0.001314,0.001766,ws,ws,book_ladder,book_ladder,False,False,-1.5,1.35,65,-139.75,strategy_S9-149__TYPE_F:NIFTY:2026-04-16T12:05:40:SHORT
2026-04-16,12:05:58,2026-04-16,12:06:11,NIFTY,BUY,TYPE_F,BOOK_ENTRY_1,BOOK_EXIT_1,24159.95,24160.75,NIFTY21APR2624150CE,24150.0,CE,201.3,199.25,205.0,195.0,205.0,195.0,0.001989,0.001505,ws,ws,book_ladder,book_ladder,False,False,-3.7,4.25,65,-133.25,strategy_S9-149__TYPE_F:NIFTY:2026-04-16T12:05:58:LONG
2026-04-16,12:06:28,2026-04-16,12:06:52,NIFTY,BUY,TYPE_F,BOOK_ENTRY_1,BOOK_EXIT_1,24163.95,24167.05,NIFTY21APR2624150CE,24150.0,CE,200.75,202.7,205.0,200.0,205.0,200.0,0.001745,0.002464,ws,ws,book_ladder,book_ladder,False,False,-4.25,2.7,65,126.75,strategy_S9-149__TYPE_F:NIFTY:2026-04-16T12:06:28:LONG
2026-04-16,12:07:34,2026-04-16,12:08:04,NIFTY,SELL,TYPE_F,BOOK_ENTRY_1,BOOK_EXIT_1,24161.0,24156.85,NIFTY21APR2624200PE,24200.0,PE,228.4,228.95,230.0,225.0,230.0,225.0,0.000876,0.001964,ws,ws,book_ladder,book_ladder,False,False,-1.6,3.95,65,35.75,strategy_S9-149__TYPE_F:NIFTY:2026-04-16T12:07:34:SHORT
2026-04-16,12:08:27,2026-04-16,12:08:33,NIFTY,SELL,TYPE_F,BOOK_ENTRY_1,BOOK_EXIT_1,24153.8,24156.3,NIFTY21APR2624200PE,24200.0,PE,230.0,227.05,230.0,225.0,230.0,225.0,0.000217,0.0022,ws,ws,book_ladder,book_ladder,False,False,0.0,2.05,65,-191.75,strategy_S9-149__TYPE_F:NIFTY:2026-04-16T12:08:27:SHORT
2026-04-16,12:08:51,2026-04-16,12:09:41,NIFTY,BUY,TYPE_F,BOOK_ENTRY_1,BOOK_EXIT_1,24162.15,24174.05,NIFTY21APR2624150CE,24150.0,CE,198.95,201.55,200.0,200.0,200.0,200.0,0.002264,0.002478,ws,ws,book_ladder,book_ladder,False,False,-1.05,1.55,65,169.0,strategy_S9-149__TYPE_F:NIFTY:2026-04-16T12:08:51:LONG
2026-04-16,12:09:50,2026-04-16,12:09:57,NIFTY,SELL,TYPE_F,BOOK_ENTRY_1,BOOK_EXIT_1,24169.4,24173.95,NIFTY21APR2624200PE,24200.0,PE,220.0,217.65,220.0,215.0,220.0,215.0,0.002503,0.002065,ws,ws,book_ladder,book_ladder,False,False,0.0,2.65,65,-152.75,strategy_S9-149__TYPE_F:NIFTY:2026-04-16T12:09:50:SHORT
2026-04-16,12:10:24,2026-04-16,12:10:31,NIFTY,BUY,TYPE_F,BOOK_ENTRY_1,BOOK_EXIT_1,24175.9,24172.7,NIFTY21APR2624150CE,24150.0,CE,204.85,202.55,205.0,200.0,205.0,200.0,0.001466,0.002219,ws,ws,book_ladder,book_ladder,False,False,-0.15,2.55,65,-149.5,strategy_S9-149__TYPE_F:NIFTY:2026-04-16T12:10:24:LONG
2026-04-16,12:10:46,2026-04-16,12:11:58,NIFTY,BUY,TYPE_F,BOOK_ENTRY_1,BOOK_EXIT_1,24175.5,24185.95,NIFTY21APR2624150CE,24150.0,CE,203.9,206.3,205.0,205.0,205.0,205.0,0.002209,0.002179,ws,ws,book_ladder,book_ladder,False,False,-1.1,1.3,65,156.0,strategy_S9-149__TYPE_F:NIFTY:2026-04-16T12:10:46:LONG
2026-04-16,12:12:13,2026-04-16,12:12:22,NIFTY,BUY,TYPE_F,BOOK_ENTRY_1,BOOK_EXIT_1,24188.2,24187.6,NIFTY21APR2624150CE,24150.0,CE,207.0,207.75,210.0,205.0,210.0,205.0,0.00145,0.002404,ws,ws,book_ladder,book_ladder,False,False,-3.0,2.75,65,48.75,strategy_S9-149__TYPE_F:NIFTY:2026-04-16T12:12:13:LONG
2026-04-16,12:12:32,2026-04-16,12:13:08,NIFTY,SELL,TYPE_F,BOOK_ENTRY_1,BOOK_EXIT_1,24179.1,24175.35,NIFTY21APR2624200PE,24200.0,PE,214.5,217.05,215.0,215.0,215.0,215.0,0.0014,0.001841,ws,ws,book_ladder,book_ladder,False,False,-0.5,2.05,65,165.75,strategy_S9-149__TYPE_F:NIFTY:2026-04-16T12:12:32:SHORT
2026-04-16,12:13:50,2026-04-16,12:14:05,NIFTY,BUY,TYPE_F,BOOK_ENTRY_1,BOOK_EXIT_1,24177.85,24179.35,NIFTY21APR2624150CE,24150.0,CE,205.45,206.3,210.0,205.0,210.0,205.0,0.001218,0.001695,ws,ws,book_ladder,book_ladder,False,False,-4.55,1.3,65,55.25,strategy_S9-149__TYPE_F:NIFTY:2026-04-16T12:13:50:LONG
2026-04-16,12:14:30,2026-04-16,12:14:36,NIFTY,BUY,TYPE_F,BOOK_ENTRY_1,BOOK_EXIT_1,24184.35,24183.1,NIFTY21APR2624150CE,24150.0,CE,207.9,207.85,210.0,205.0,210.0,205.0,0.002408,0.002403,ws,ws,book_ladder,book_ladder,False,False,-2.1,2.85,65,-3.25,strategy_S9-149__TYPE_F:NIFTY:2026-04-16T12:14:30:LONG
2026-04-16,12:14:48,2026-04-16,12:14:59,NIFTY,BUY,TYPE_F,BOOK_ENTRY_1,BOOK_EXIT_1,24187.0,24184.9,NIFTY21APR2624150CE,24150.0,CE,208.45,208.7,210.0,205.0,210.0,205.0,0.00072,0.000718,ws,ws,book_ladder,book_ladder,False,False,-1.55,3.7,65,16.25,strategy_S9-149__TYPE_F:NIFTY:2026-04-16T12:14:48:LONG
2026-04-16,12:15:53,2026-04-16,12:16:37,NIFTY,SELL,TYPE_F,BOOK_ENTRY_1,BOOK_EXIT_1,24182.7,24172.65,NIFTY21APR2624200PE,24200.0,PE,213.35,215.9,215.0,215.0,215.0,215.0,0.002111,0.002082,ws,ws,book_ladder,book_ladder,False,False,-1.65,0.9,65,165.75,strategy_S9-149__TYPE_F:NIFTY:2026-04-16T12:15:53:SHORT
2026-04-16,12:17:12,2026-04-16,12:17:25,NIFTY,SELL,TYPE_F,BOOK_ENTRY_1,BOOK_EXIT_1,24171.0,24170.45,NIFTY21APR2624200PE,24200.0,PE,218.0,218.5,220.0,215.0,220.0,215.0,0.001607,0.002057,ws,ws,book_ladder,book_ladder,False,False,-2.0,3.5,65,32.5,strategy_S9-149__TYPE_F:NIFTY:2026-04-16T12:17:12:SHORT
2026-04-16,12:17:57,2026-04-16,12:18:31,NIFTY,SELL,TYPE_F,BOOK_ENTRY_1,BOOK_EXIT_1,24164.6,24161.7,NIFTY21APR2624200PE,24200.0,PE,222.0,221.2,225.0,220.0,225.0,220.0,0.001803,0.002709,ws,ws,book_ladder,book_ladder,False,False,-3.0,1.2,65,-52.0,strategy_S9-149__TYPE_F:NIFTY:2026-04-16T12:17:57:SHORT
2026-04-16,12:18:49,2026-04-16,12:19:12,NIFTY,BUY,TYPE_F,BOOK_ENTRY_1,BOOK_EXIT_1,24167.7,24173.8,NIFTY21APR2624150CE,24150.0,CE,204.0,205.65,205.0,205.0,205.0,205.0,0.001963,0.002186,ws,ws,book_ladder,book_ladder,False,False,-1.0,0.65,65,107.25,strategy_S9-149__TYPE_F:NIFTY:2026-04-16T12:18:49:LONG
2026-04-16,12:19:23,2026-04-16,12:19:26,NIFTY,BUY,TYPE_F,BOOK_ENTRY_1,BOOK_EXIT_1,24176.45,24174.25,NIFTY21APR2624150CE,24150.0,CE,205.6,204.55,210.0,200.0,210.0,200.0,0.002191,0.002198,ws,ws,book_ladder,book_ladder,False,False,-4.4,4.55,65,-68.25,strategy_S9-149__TYPE_F:NIFTY:2026-04-16T12:19:23:LONG
2026-04-16,12:19:30,2026-04-16,12:19:43,NIFTY,SELL,TYPE_F,BOOK_ENTRY_1,BOOK_EXIT_1,24171.5,24170.7,NIFTY21APR2624200PE,24200.0,PE,217.5,216.35,220.0,215.0,220.0,215.0,0.001841,0.002078,ws,ws,book_ladder,book_ladder,False,False,-2.5,1.35,65,-74.75,strategy_S9-149__TYPE_F:NIFTY:2026-04-16T12:19:30:SHORT
2026-04-16,12:20:41,2026-04-16,12:21:00,NIFTY,SELL,TYPE_F,BOOK_ENTRY_1,BOOK_EXIT_1,24175.1,24176.85,NIFTY21APR2624200PE,24200.0,PE,214.5,215.4,215.0,215.0,215.0,215.0,0.001867,0.002087,ws,ws,book_ladder,book_ladder,False,False,-0.5,0.4,65,58.5,strategy_S9-149__TYPE_F:NIFTY:2026-04-16T12:20:41:SHORT
2026-04-16,12:21:16,2026-04-16,12:21:26,NIFTY,SELL,TYPE_F,BOOK_ENTRY_1,BOOK_EXIT_1,24174.65,24175.65,NIFTY21APR2624200PE,24200.0,PE,215.65,213.7,220.0,210.0,220.0,210.0,0.002089,0.002337,ws,ws,book_ladder,book_ladder,False,False,-4.35,3.7,65,-126.75,strategy_S9-149__TYPE_F:NIFTY:2026-04-16T12:21:16:SHORT
2026-04-16,12:22:00,2026-04-16,12:22:13,NIFTY,BUY,TYPE_F,BOOK_ENTRY_1,BOOK_EXIT_1,24178.85,24177.9,NIFTY21APR2624150CE,24150.0,CE,207.75,207.7,210.0,205.0,210.0,205.0,0.001445,0.001443,ws,ws,book_ladder,book_ladder,False,False,-2.25,2.7,65,-3.25,strategy_S9-149__TYPE_F:NIFTY:2026-04-16T12:22:00:LONG
2026-04-16,12:22:20,2026-04-16,12:23:01,NIFTY,SELL,TYPE_F,BOOK_ENTRY_1,BOOK_EXIT_1,24173.6,24169.65,NIFTY21APR2624200PE,24200.0,PE,214.9,217.2,215.0,215.0,215.0,215.0,0.00163,0.00115,ws,ws,book_ladder,book_ladder,False,False,-0.1,2.2,65,149.5,strategy_S9-149__TYPE_F:NIFTY:2026-04-16T12:22:20:SHORT
2026-04-16,12:23:10,2026-04-16,12:23:20,NIFTY,BUY,TYPE_F,BOOK_ENTRY_1,BOOK_EXIT_1,24173.25,24172.35,NIFTY21APR2624150CE,24150.0,CE,203.95,203.45,205.0,200.0,205.0,200.0,0.001227,0.001964,ws,ws,book_ladder,book_ladder,False,False,-1.05,3.45,65,-32.5,strategy_S9-149__TYPE_F:NIFTY:2026-04-16T12:23:10:LONG
2026-04-16,12:23:30,2026-04-16,12:24:13,NIFTY,SELL,TYPE_F,BOOK_ENTRY_1,BOOK_EXIT_1,24166.15,24157.3,NIFTY21APR2624200PE,24200.0,PE,220.6,224.35,225.0,220.0,225.0,220.0,0.002269,0.002226,ws,ws,book_ladder,book_ladder,False,False,-4.4,4.35,65,243.75,strategy_S9-149__TYPE_F:NIFTY:2026-04-16T12:23:30:SHORT
2026-04-16,12:24:39,2026-04-16,12:24:45,NIFTY,SELL,TYPE_F,BOOK_ENTRY_1,BOOK_EXIT_1,24153.4,24154.1,NIFTY21APR2624200PE,24200.0,PE,228.8,228.1,230.0,225.0,230.0,225.0,0.002407,0.001533,ws,ws,book_ladder,book_ladder,False,False,-1.2,3.1,65,-45.5,strategy_S9-149__TYPE_F:NIFTY:2026-04-16T12:24:39:SHORT
2026-04-16,12:25:35,2026-04-16,12:26:00,NIFTY,BUY,TYPE_F,BOOK_ENTRY_1,BOOK_EXIT_1,24164.3,24164.4,NIFTY21APR2624150CE,24150.0,CE,201.45,201.1,205.0,200.0,205.0,200.0,0.001739,0.001242,ws,ws,book_ladder,book_ladder,False,False,-3.55,1.1,65,-22.75,strategy_S9-149__TYPE_F:NIFTY:2026-04-16T12:25:35:LONG
2026-04-16,12:26:18,2026-04-16,12:26:35,NIFTY,SELL,TYPE_F,BOOK_ENTRY_1,BOOK_EXIT_1,24161.4,24162.1,NIFTY21APR2624200PE,24200.0,PE,223.65,220.9,225.0,220.0,225.0,220.0,0.00179,0.002261,ws,ws,book_ladder,book_ladder,False,False,-1.35,0.9,65,-178.75,strategy_S9-149__TYPE_F:NIFTY:2026-04-16T12:26:18:SHORT
2026-04-16,12:26:50,2026-04-16,12:26:57,NIFTY,BUY,TYPE_F,BOOK_ENTRY_1,BOOK_EXIT_1,24168.9,24166.3,NIFTY21APR2624150CE,24150.0,CE,201.75,199.6,205.0,195.0,205.0,195.0,0.001736,0.000501,ws,ws,book_ladder,book_ladder,False,False,-3.25,4.6,65,-139.75,strategy_S9-149__TYPE_F:NIFTY:2026-04-16T12:26:50:LONG
2026-04-16,12:27:14,2026-04-16,12:27:52,NIFTY,SELL,TYPE_F,BOOK_ENTRY_1,BOOK_EXIT_1,24163.1,24161.7,NIFTY21APR2624200PE,24200.0,PE,223.65,222.0,225.0,220.0,225.0,220.0,0.002014,0.002025,ws,ws,book_ladder,book_ladder,False,False,-1.35,2.0,65,-107.25,strategy_S9-149__TYPE_F:NIFTY:2026-04-16T12:27:14:SHORT
2026-04-16,12:28:30,2026-04-16,12:28:43,NIFTY,SELL,TYPE_F,BOOK_ENTRY_1,BOOK_EXIT_1,24160.55,24161.5,NIFTY21APR2624200PE,24200.0,PE,224.0,221.4,225.0,220.0,225.0,220.0,0.00134,0.002256,ws,ws,book_ladder,book_ladder,False,False,-1.0,1.4,65,-169.0,strategy_S9-149__TYPE_F:NIFTY:2026-04-16T12:28:30:SHORT
2026-04-16,12:29:01,2026-04-16,12:29:06,NIFTY,BUY,TYPE_F,BOOK_ENTRY_1,BOOK_EXIT_1,24164.1,24162.2,NIFTY21APR2624150CE,24150.0,CE,199.75,198.2,200.0,195.0,200.0,195.0,0.001002,0.000504,ws,ws,book_ladder,book_ladder,False,False,-0.25,3.2,65,-100.75,strategy_S9-149__TYPE_F:NIFTY:2026-04-16T12:29:01:LONG
2026-04-16,12:30:21,2026-04-16,12:30:27,NIFTY,SELL,TYPE_F,BOOK_ENTRY_1,BOOK_EXIT_1,24158.1,24162.55,NIFTY21APR2624200PE,24200.0,PE,226.35,221.75,230.0,220.0,230.0,220.0,0.001326,0.001802,ws,ws,book_ladder,book_ladder,False,False,-3.65,1.75,65,-299.0,strategy_S9-149__TYPE_F:NIFTY:2026-04-16T12:30:21:SHORT
2026-04-16,12:30:30,2026-04-16,12:30:37,NIFTY,BUY,TYPE_F,BOOK_ENTRY_1,BOOK_EXIT_1,24165.4,24164.1,NIFTY21APR2624150CE,24150.0,CE,197.4,196.05,200.0,195.0,200.0,195.0,0.001775,0.001784,ws,ws,book_ladder,book_ladder,False,False,-2.6,1.05,65,-87.75,strategy_S9-149__TYPE_F:NIFTY:2026-04-16T12:30:30:LONG
2026-04-16,12:31:50,2026-04-16,12:32:25,NIFTY,BUY,TYPE_F,BOOK_ENTRY_1,BOOK_EXIT_1,24162.3,24167.5,NIFTY21APR2624150CE,24150.0,CE,196.0,199.55,200.0,195.0,200.0,195.0,0.001787,0.002253,ws,ws,book_ladder,book_ladder,False,False,-4.0,4.55,65,230.75,strategy_S9-149__TYPE_F:NIFTY:2026-04-16T12:31:50:LONG
2026-04-16,12:32:50,2026-04-16,12:32:56,NIFTY,SELL,TYPE_F,BOOK_ENTRY_1,BOOK_EXIT_1,24162.65,24166.8,NIFTY21APR2624200PE,24200.0,PE,222.2,219.35,225.0,215.0,225.0,215.0,0.001802,0.001822,ws,ws,book_ladder,book_ladder,False,False,-2.8,4.35,65,-185.25,strategy_S9-149__TYPE_F:NIFTY:2026-04-16T12:32:50:SHORT
2026-04-16,12:33:30,2026-04-16,12:33:40,NIFTY,SELL,TYPE_F,BOOK_ENTRY_1,BOOK_EXIT_1,24152.7,24154.65,NIFTY21APR2624200PE,24200.0,PE,227.0,225.9,230.0,225.0,230.0,225.0,0.000661,0.002211,ws,ws,book_ladder,book_ladder,False,False,-3.0,0.9,65,-71.5,strategy_S9-149__TYPE_F:NIFTY:2026-04-16T12:33:30:SHORT
2026-04-16,12:33:54,2026-04-16,12:33:58,NIFTY,BUY,TYPE_F,BOOK_ENTRY_1,BOOK_EXIT_1,24158.45,24156.15,NIFTY21APR2624150CE,24150.0,CE,195.75,195.15,200.0,195.0,200.0,195.0,0.001534,0.002048,ws,ws,book_ladder,book_ladder,False,False,-4.25,0.15,65,-39.0,strategy_S9-149__TYPE_F:NIFTY:2026-04-16T12:33:54:LONG
2026-04-16,12:34:40,2026-04-16,12:35:16,NIFTY,SELL,TYPE_F,BOOK_ENTRY_1,BOOK_EXIT_1,24142.7,24139.4,NIFTY21APR2624150PE,24150.0,PE,204.95,206.0,205.0,205.0,205.0,205.0,0.001954,0.000728,ws,ws,book_ladder,book_ladder,False,False,-0.05,1.0,65,68.25,strategy_S9-149__TYPE_F:NIFTY:2026-04-16T12:34:40:SHORT
2026-04-16,12:35:45,2026-04-16,12:35:55,NIFTY,BUY,TYPE_F,BOOK_ENTRY_1,BOOK_EXIT_1,24144.05,24144.15,NIFTY21APR2624100CE,24100.0,CE,215.6,215.0,220.0,215.0,220.0,215.0,0.001392,0.001162,ws,ws,book_ladder,book_ladder,False,False,-4.4,0.0,65,-39.0,strategy_S9-149__TYPE_F:NIFTY:2026-04-16T12:35:45:LONG
2026-04-16,12:36:27,2026-04-16,12:36:31,NIFTY,SELL,TYPE_F,BOOK_ENTRY_1,BOOK_EXIT_1,24136.9,24138.7,NIFTY21APR2624150PE,24150.0,PE,212.4,211.85,215.0,210.0,215.0,210.0,0.002357,0.002122,ws,ws,book_ladder,book_ladder,False,False,-2.6,1.85,65,-35.75,strategy_S9-149__TYPE_F:NIFTY:2026-04-16T12:36:27:SHORT
2026-04-16,12:36:45,2026-04-16,12:37:09,NIFTY,SELL,TYPE_F,BOOK_ENTRY_1,BOOK_EXIT_1,24135.55,24134.75,NIFTY21APR2624150PE,24150.0,PE,214.8,214.8,215.0,210.0,215.0,210.0,0.001864,0.002093,ws,ws,book_ladder,book_ladder,False,False,-0.2,4.8,65,0.0,strategy_S9-149__TYPE_F:NIFTY:2026-04-16T12:36:45:SHORT
2026-04-16,12:37:13,2026-04-16,12:37:38,NIFTY,BUY,TYPE_F,BOOK_ENTRY_1,BOOK_EXIT_1,24136.3,24136.45,NIFTY21APR2624100CE,24100.0,CE,212.3,212.35,215.0,210.0,215.0,210.0,0.001414,0.002822,ws,ws,book_ladder,book_ladder,False,False,-2.7,2.35,65,3.25,strategy_S9-149__TYPE_F:NIFTY:2026-04-16T12:37:13:LONG
2026-04-16,12:38:20,2026-04-16,12:39:33,NIFTY,BUY,TYPE_F,BOOK_ENTRY_1,BOOK_EXIT_1,24137.15,24154.3,NIFTY21APR2624100CE,24100.0,CE,214.75,219.1,215.0,215.0,215.0,215.0,0.001864,0.002279,ws,ws,book_ladder,book_ladder,False,False,-0.25,4.1,65,282.75,strategy_S9-149__TYPE_F:NIFTY:2026-04-16T12:38:20:LONG
2026-04-16,12:39:40,2026-04-16,12:39:48,NIFTY,SELL,TYPE_F,BOOK_ENTRY_1,BOOK_EXIT_1,24152.7,24155.7,NIFTY21APR2624200PE,24200.0,PE,231.4,228.9,235.0,225.0,235.0,225.0,0.002163,0.002182,ws,ws,book_ladder,book_ladder,False,False,-3.6,3.9,65,-162.5,strategy_S9-149__TYPE_F:NIFTY:2026-04-16T12:39:40:SHORT
2026-04-16,12:40:06,2026-04-16,12:40:18,NIFTY,BUY,TYPE_F,BOOK_ENTRY_1,BOOK_EXIT_1,24160.0,24158.85,NIFTY21APR2624150CE,24150.0,CE,195.45,195.35,200.0,195.0,200.0,195.0,0.002305,0.002301,ws,ws,book_ladder,book_ladder,False,False,-4.55,0.35,65,-6.5,strategy_S9-149__TYPE_F:NIFTY:2026-04-16T12:40:06:LONG
2026-04-16,12:40:22,2026-04-16,12:40:47,NIFTY,SELL,TYPE_F,BOOK_ENTRY_1,BOOK_EXIT_1,24154.55,24156.5,NIFTY21APR2624200PE,24200.0,PE,228.35,228.0,230.0,225.0,230.0,225.0,0.001973,0.001753,ws,ws,book_ladder,book_ladder,False,False,-1.65,3.0,65,-22.75,strategy_S9-149__TYPE_F:NIFTY:2026-04-16T12:40:22:SHORT
2026-04-16,12:41:00,2026-04-16,12:41:06,NIFTY,BUY,TYPE_F,BOOK_ENTRY_1,BOOK_EXIT_1,24158.85,24157.1,NIFTY21APR2624150CE,24150.0,CE,197.1,196.4,200.0,195.0,200.0,195.0,0.002031,0.00178,ws,ws,book_ladder,book_ladder,False,False,-2.9,1.4,65,-45.5,strategy_S9-149__TYPE_F:NIFTY:2026-04-16T12:41:00:LONG
2026-04-16,12:41:31,2026-04-16,12:41:52,NIFTY,BUY,TYPE_F,BOOK_ENTRY_1,BOOK_EXIT_1,24160.45,24161.35,NIFTY21APR2624150CE,24150.0,CE,196.85,195.7,200.0,195.0,200.0,195.0,0.002289,0.001787,ws,ws,book_ladder,book_ladder,False,False,-3.15,0.7,65,-74.75,strategy_S9-149__TYPE_F:NIFTY:2026-04-16T12:41:31:LONG
2026-04-16,12:42:03,2026-04-16,12:42:16,NIFTY,SELL,TYPE_F,BOOK_ENTRY_1,BOOK_EXIT_1,24158.5,24160.15,NIFTY21APR2624200PE,24200.0,PE,227.9,224.25,230.0,220.0,230.0,220.0,0.001977,0.002005,ws,ws,book_ladder,book_ladder,False,False,-2.1,4.25,65,-237.25,strategy_S9-149__TYPE_F:NIFTY:2026-04-16T12:42:03:SHORT
2026-04-16,12:42:21,2026-04-16,12:42:46,NIFTY,BUY,TYPE_F,BOOK_ENTRY_1,BOOK_EXIT_1,24164.7,24163.3,NIFTY21APR2624150CE,24150.0,CE,195.8,196.75,200.0,195.0,200.0,195.0,0.001789,0.002031,ws,ws,book_ladder,book_ladder,False,False,-4.2,1.75,65,61.75,strategy_S9-149__TYPE_F:NIFTY:2026-04-16T12:42:21:LONG
2026-04-16,12:42:51,2026-04-16,12:43:20,NIFTY,BUY,TYPE_F,BOOK_ENTRY_1,BOOK_EXIT_1,24166.05,24167.3,NIFTY21APR2624150CE,24150.0,CE,197.85,197.0,200.0,195.0,200.0,195.0,0.001517,0.002028,ws,ws,book_ladder,book_ladder,False,False,-2.15,2.0,65,-55.25,strategy_S9-149__TYPE_F:NIFTY:2026-04-16T12:42:51:LONG
2026-04-16,12:44:22,2026-04-16,12:45:00,NIFTY,SELL,TYPE_F,BOOK_ENTRY_1,BOOK_EXIT_1,24158.1,24140.8,NIFTY21APR2624200PE,24200.0,PE,224.35,232.1,225.0,230.0,225.0,230.0,0.001785,0.002152,ws,ws,book_ladder,book_ladder,False,False,-0.65,2.1,65,503.75,strategy_S9-149__TYPE_F:NIFTY:2026-04-16T12:44:22:SHORT
2026-04-16,12:45:37,2026-04-16,12:45:45,NIFTY,SELL,TYPE_F,BOOK_ENTRY_1,BOOK_EXIT_1,24130.9,24134.3,NIFTY21APR2624150PE,24150.0,PE,209.7,209.15,210.0,205.0,210.0,205.0,0.001909,0.002388,ws,ws,book_ladder,book_ladder,False,False,-0.3,4.15,65,-35.75,strategy_S9-149__TYPE_F:NIFTY:2026-04-16T12:45:37:SHORT
2026-04-16,12:46:14,2026-04-16,12:46:53,NIFTY,BUY,TYPE_F,BOOK_ENTRY_1,BOOK_EXIT_1,24145.9,24151.3,NIFTY21APR2624100CE,24100.0,CE,218.5,219.2,220.0,215.0,220.0,215.0,0.002062,0.000684,ws,ws,book_ladder,book_ladder,False,False,-1.5,4.2,65,45.5,strategy_S9-149__TYPE_F:NIFTY:2026-04-16T12:46:14:LONG
2026-04-16,12:47:11,2026-04-16,12:47:17,NIFTY,SELL,TYPE_F,BOOK_ENTRY_1,BOOK_EXIT_1,24145.65,24149.3,NIFTY21APR2624150PE,24150.0,PE,203.9,203.15,205.0,200.0,205.0,200.0,0.001227,0.002213,ws,ws,book_ladder,book_ladder,False,False,-1.1,3.15,65,-48.75,strategy_S9-149__TYPE_F:NIFTY:2026-04-16T12:47:11:SHORT
2026-04-16,12:47:22,2026-04-16,12:47:34,NIFTY,SELL,TYPE_F,BOOK_ENTRY_1,BOOK_EXIT_1,24144.3,24145.75,NIFTY21APR2624150PE,24150.0,PE,204.75,205.15,205.0,205.0,205.0,205.0,0.001956,0.001461,ws,ws,book_ladder,book_ladder,False,False,-0.25,0.15,65,26.0,strategy_S9-149__TYPE_F:NIFTY:2026-04-16T12:47:22:SHORT
2026-04-16,12:47:41,2026-04-16,12:48:11,NIFTY,SELL,TYPE_F,BOOK_ENTRY_1,BOOK_EXIT_1,24140.25,24137.75,NIFTY21APR2624150PE,24150.0,PE,207.05,207.0,210.0,205.0,210.0,205.0,0.001692,0.002172,ws,ws,book_ladder,book_ladder,False,False,-2.95,2.0,65,-3.25,strategy_S9-149__TYPE_F:NIFTY:2026-04-16T12:47:41:SHORT
2026-04-16,12:48:51,2026-04-16,12:49:01,NIFTY,SELL,TYPE_F,BOOK_ENTRY_1,BOOK_EXIT_1,24135.8,24136.75,NIFTY21APR2624150PE,24150.0,PE,207.95,207.7,210.0,205.0,210.0,205.0,0.002166,0.001924,ws,ws,book_ladder,book_ladder,False,False,-2.05,2.7,65,-16.25,strategy_S9-149__TYPE_F:NIFTY:2026-04-16T12:48:51:SHORT
2026-04-16,12:50:58,2026-04-16,12:51:17,NIFTY,SELL,TYPE_F,BOOK_ENTRY_1,BOOK_EXIT_1,24133.35,24131.9,NIFTY21APR2624150PE,24150.0,PE,209.8,208.9,210.0,205.0,210.0,205.0,0.002147,0.000239,ws,ws,book_ladder,book_ladder,False,False,-0.2,3.9,65,-58.5,strategy_S9-149__TYPE_F:NIFTY:2026-04-16T12:50:58:SHORT
2026-04-16,12:51:47,2026-04-16,12:52:00,NIFTY,BUY,TYPE_F,BOOK_ENTRY_1,BOOK_EXIT_1,24140.75,24142.3,NIFTY21APR2624100CE,24100.0,CE,214.0,213.05,215.0,210.0,215.0,210.0,0.001637,0.00211,ws,ws,book_ladder,book_ladder,False,False,-1.0,3.05,65,-61.75,strategy_S9-149__TYPE_F:NIFTY:2026-04-16T12:51:47:LONG
2026-04-16,12:52:48,2026-04-16,12:52:56,NIFTY,BUY,TYPE_F,BOOK_ENTRY_1,BOOK_EXIT_1,24147.95,24146.5,NIFTY21APR2624100CE,24100.0,CE,215.6,215.45,220.0,215.0,220.0,215.0,0.002322,0.001855,ws,ws,book_ladder,book_ladder,False,False,-4.4,0.45,65,-9.75,strategy_S9-149__TYPE_F:NIFTY:2026-04-16T12:52:48:LONG
2026-04-16,12:53:40,2026-04-16,12:54:50,NIFTY,SELL,TYPE_F,BOOK_ENTRY_1,BOOK_EXIT_1,24150.1,24127.45,NIFTY21APR2624200PE,24200.0,PE,227.6,237.1,230.0,235.0,230.0,235.0,0.001979,0.001896,ws,ws,book_ladder,book_ladder,False,False,-2.4,2.1,65,617.5,strategy_S9-149__TYPE_F:NIFTY:2026-04-16T12:53:40:SHORT
2026-04-16,12:55:00,2026-04-16,12:55:18,NIFTY,SELL,TYPE_F,BOOK_ENTRY_1,BOOK_EXIT_1,24122.75,24125.5,NIFTY21APR2624150PE,24150.0,PE,211.25,210.65,215.0,210.0,215.0,210.0,0.000947,0.00166,ws,ws,book_ladder,book_ladder,False,False,-3.75,0.65,65,-39.0,strategy_S9-149__TYPE_F:NIFTY:2026-04-16T12:55:00:SHORT
2026-04-16,12:56:11,2026-04-16,12:56:21,NIFTY,SELL,TYPE_F,BOOK_ENTRY_1,BOOK_EXIT_1,24120.05,24122.2,NIFTY21APR2624150PE,24150.0,PE,214.35,213.8,215.0,210.0,215.0,210.0,0.001401,0.002103,ws,ws,book_ladder,book_ladder,False,False,-0.65,3.8,65,-35.75,strategy_S9-149__TYPE_F:NIFTY:2026-04-16T12:56:11:SHORT
2026-04-16,12:56:35,2026-04-16,12:56:59,NIFTY,BUY,TYPE_F,BOOK_ENTRY_1,BOOK_EXIT_1,24125.6,24125.2,NIFTY21APR2624100CE,24100.0,CE,206.45,205.0,210.0,205.0,210.0,205.0,0.000969,0.002193,ws,ws,book_ladder,book_ladder,False,False,-3.55,0.0,65,-94.25,strategy_S9-149__TYPE_F:NIFTY:2026-04-16T12:56:35:LONG
2026-04-16,12:57:33,2026-04-16,12:57:51,NIFTY,SELL,TYPE_F,BOOK_ENTRY_1,BOOK_EXIT_1,24120.9,24120.55,NIFTY21APR2624150PE,24150.0,PE,213.95,212.15,215.0,210.0,215.0,210.0,0.00234,0.002119,ws,ws,book_ladder,book_ladder,False,False,-1.05,2.15,65,-117.0,strategy_S9-149__TYPE_F:NIFTY:2026-04-16T12:57:33:SHORT
2026-04-16,12:58:10,2026-04-16,12:58:20,NIFTY,BUY,TYPE_F,BOOK_ENTRY_1,BOOK_EXIT_1,24127.8,24126.2,NIFTY21APR2624100CE,24100.0,CE,206.35,205.75,210.0,205.0,210.0,205.0,0.002183,0.001214,ws,ws,book_ladder,book_ladder,False,False,-3.65,0.75,65,-39.0,strategy_S9-149__TYPE_F:NIFTY:2026-04-16T12:58:10:LONG
2026-04-16,12:59:01,2026-04-16,12:59:31,NIFTY,BUY,TYPE_F,BOOK_ENTRY_1,BOOK_EXIT_1,24130.3,24134.95,NIFTY21APR2624100CE,24100.0,CE,206.65,207.5,210.0,205.0,210.0,205.0,0.001938,0.000482,ws,ws,book_ladder,book_ladder,False,False,-3.35,2.5,65,55.25,strategy_S9-149__TYPE_F:NIFTY:2026-04-16T12:59:01:LONG
2026-04-16,12:59:45,2026-04-16,13:00:56,NIFTY,BUY,TYPE_F,BOOK_ENTRY_1,BOOK_EXIT_1,24137.8,24147.45,NIFTY21APR2624100CE,24100.0,CE,209.9,215.7,210.0,215.0,210.0,215.0,0.001669,0.002084,ws,ws,book_ladder,book_ladder,False,False,-0.1,0.7,65,377.0,strategy_S9-149__TYPE_F:NIFTY:2026-04-16T12:59:45:LONG
2026-04-16,13:01:01,2026-04-16,13:01:28,NIFTY,SELL,TYPE_F,BOOK_ENTRY_1,BOOK_EXIT_1,24141.2,24141.45,NIFTY21APR2624150PE,24150.0,PE,203.4,204.3,205.0,200.0,205.0,200.0,0.001722,0.001956,ws,ws,book_ladder,book_ladder,False,False,-1.6,4.3,65,58.5,strategy_S9-149__TYPE_F:NIFTY:2026-04-16T13:01:01:SHORT
2026-04-16,13:01:31,2026-04-16,13:01:35,NIFTY,SELL,TYPE_F,BOOK_ENTRY_1,BOOK_EXIT_1,24138.7,24140.05,NIFTY21APR2624150PE,24150.0,PE,204.65,204.3,205.0,200.0,205.0,200.0,0.001467,0.002689,ws,ws,book_ladder,book_ladder,False,False,-0.35,4.3,65,-22.75,strategy_S9-149__TYPE_F:NIFTY:2026-04-16T13:01:31:SHORT
2026-04-16,13:03:09,2026-04-16,13:03:18,NIFTY,BUY,TYPE_F,BOOK_ENTRY_1,BOOK_EXIT_1,24143.2,24140.45,NIFTY21APR2624100CE,24100.0,CE,212.55,211.4,215.0,210.0,215.0,210.0,0.001177,0.000709,ws,ws,book_ladder,book_ladder,False,False,-2.45,1.4,65,-74.75,strategy_S9-149__TYPE_F:NIFTY:2026-04-16T13:03:09:LONG
2026-04-16,13:03:34,2026-04-16,13:03:59,NIFTY,BUY,TYPE_F,BOOK_ENTRY_1,BOOK_EXIT_1,24146.7,24150.3,NIFTY21APR2624100CE,24100.0,CE,214.8,216.65,215.0,215.0,215.0,215.0,0.002097,0.001614,ws,ws,book_ladder,book_ladder,False,False,-0.2,1.65,65,120.25,strategy_S9-149__TYPE_F:NIFTY:2026-04-16T13:03:34:LONG
2026-04-16,13:04:29,2026-04-16,13:04:37,NIFTY,SELL,TYPE_F,BOOK_ENTRY_1,BOOK_EXIT_1,24144.7,24145.3,NIFTY21APR2624150PE,24150.0,PE,201.95,201.7,205.0,200.0,205.0,200.0,0.001735,0.001734,ws,ws,book_ladder,book_ladder,False,False,-3.05,1.7,65,-16.25,strategy_S9-149__TYPE_F:NIFTY:2026-04-16T13:04:29:SHORT
2026-04-16,13:05:01,2026-04-16,13:05:37,NIFTY,BUY,TYPE_F,BOOK_ENTRY_1,BOOK_EXIT_1,24150.6,24154.5,NIFTY21APR2624150CE,24150.0,CE,189.7,190.0,190.0,190.0,190.0,190.0,0.001847,0.002103,ws,ws,book_ladder,book_ladder,False,False,-0.3,0.0,65,19.5,strategy_S9-149__TYPE_F:NIFTY:2026-04-16T13:05:01:LONG
2026-04-16,13:07:07,2026-04-16,13:07:10,NIFTY,SELL,TYPE_F,BOOK_ENTRY_1,BOOK_EXIT_1,24128.55,24131.35,NIFTY21APR2624150PE,24150.0,PE,206.2,205.0,210.0,205.0,210.0,205.0,0.001942,0.001949,ws,ws,book_ladder,book_ladder,False,False,-3.8,0.0,65,-78.0,strategy_S9-149__TYPE_F:NIFTY:2026-04-16T13:07:07:SHORT
2026-04-16,13:07:30,2026-04-16,13:07:43,NIFTY,SELL,TYPE_F,BOOK_ENTRY_1,BOOK_EXIT_1,24126.9,24128.95,NIFTY21APR2624150PE,24150.0,PE,205.9,205.95,210.0,205.0,210.0,205.0,0.002675,0.002183,ws,ws,book_ladder,book_ladder,False,False,-4.1,0.95,65,3.25,strategy_S9-149__TYPE_F:NIFTY:2026-04-16T13:07:30:SHORT
2026-04-16,13:09:00,2026-04-16,13:09:50,NIFTY,SELL,TYPE_F,BOOK_ENTRY_1,BOOK_EXIT_1,24129.25,24120.15,NIFTY21APR2624150PE,24150.0,PE,206.45,210.25,210.0,210.0,210.0,210.0,0.002182,0.002375,ws,ws,book_ladder,book_ladder,False,False,-3.55,0.25,65,247.0,strategy_S9-149__TYPE_F:NIFTY:2026-04-16T13:09:00:SHORT
2026-04-16,13:10:23,2026-04-16,13:10:28,NIFTY,BUY,TYPE_F,BOOK_ENTRY_1,BOOK_EXIT_1,24121.4,24119.3,NIFTY21APR2624100CE,24100.0,CE,205.75,204.65,210.0,200.0,210.0,200.0,0.00219,0.002196,ws,ws,book_ladder,book_ladder,False,False,-4.25,4.65,65,-71.5,strategy_S9-149__TYPE_F:NIFTY:2026-04-16T13:10:23:LONG
2026-04-16,13:10:38,2026-04-16,13:11:11,NIFTY,SELL,TYPE_F,BOOK_ENTRY_1,BOOK_EXIT_1,24117.3,24112.35,NIFTY21APR2624150PE,24150.0,PE,212.25,217.65,215.0,215.0,215.0,215.0,0.00165,0.001836,ws,ws,book_ladder,book_ladder,False,False,-2.75,2.65,65,351.0,strategy_S9-149__TYPE_F:NIFTY:2026-04-16T13:10:38:SHORT
2026-04-16,13:11:39,2026-04-16,13:12:18,NIFTY,BUY,TYPE_F,BOOK_ENTRY_1,BOOK_EXIT_1,24116.85,24118.85,NIFTY21APR2624100CE,24100.0,CE,204.8,203.55,205.0,200.0,205.0,200.0,0.001955,0.000491,ws,ws,book_ladder,book_ladder,False,False,-0.2,3.55,65,-81.25,strategy_S9-149__TYPE_F:NIFTY:2026-04-16T13:11:39:LONG
2026-04-16,13:12:26,2026-04-16,13:12:35,NIFTY,SELL,TYPE_F,BOOK_ENTRY_1,BOOK_EXIT_1,24116.15,24116.6,NIFTY21APR2624150PE,24150.0,PE,215.8,214.75,220.0,210.0,220.0,210.0,0.002087,0.002093,ws,ws,book_ladder,book_ladder,False,False,-4.2,4.75,65,-68.25,strategy_S9-149__TYPE_F:NIFTY:2026-04-16T13:12:26:SHORT
2026-04-16,13:12:55,2026-04-16,13:12:59,NIFTY,BUY,TYPE_F,BOOK_ENTRY_1,BOOK_EXIT_1,24122.85,24119.9,NIFTY21APR2624100CE,24100.0,CE,204.95,204.0,205.0,200.0,205.0,200.0,0.001709,0.001225,ws,ws,book_ladder,book_ladder,False,False,-0.05,4.0,65,-61.75,strategy_S9-149__TYPE_F:NIFTY:2026-04-16T13:12:55:LONG
2026-04-16,13:13:13,2026-04-16,13:13:21,NIFTY,BUY,TYPE_F,BOOK_ENTRY_1,BOOK_EXIT_1,24123.15,24120.55,NIFTY21APR2624100CE,24100.0,CE,205.8,203.85,210.0,200.0,210.0,200.0,0.002432,0.002205,ws,ws,book_ladder,book_ladder,False,False,-4.2,3.85,65,-126.75,strategy_S9-149__TYPE_F:NIFTY:2026-04-16T13:13:13:LONG
2026-04-16,13:13:30,2026-04-16,13:13:44,NIFTY,BUY,TYPE_F,BOOK_ENTRY_1,BOOK_EXIT_1,24123.5,24124.1,NIFTY21APR2624100CE,24100.0,CE,204.9,204.1,205.0,200.0,205.0,200.0,0.002443,0.000979,ws,ws,book_ladder,book_ladder,False,False,-0.1,4.1,65,-52.0,strategy_S9-149__TYPE_F:NIFTY:2026-04-16T13:13:30:LONG
2026-04-16,13:13:55,2026-04-16,13:14:10,NIFTY,SELL,TYPE_F,BOOK_ENTRY_1,BOOK_EXIT_1,24117.8,24120.95,NIFTY21APR2624150PE,24150.0,PE,210.7,209.45,215.0,205.0,215.0,205.0,0.002138,0.002146,ws,ws,book_ladder,book_ladder,False,False,-4.3,4.45,65,-81.25,strategy_S9-149__TYPE_F:NIFTY:2026-04-16T13:13:55:SHORT
2026-04-16,13:15:30,2026-04-16,13:16:02,NIFTY,BUY,TYPE_F,BOOK_ENTRY_1,BOOK_EXIT_1,24122.6,24123.7,NIFTY21APR2624100CE,24100.0,CE,202.95,203.95,205.0,200.0,205.0,200.0,0.00222,0.00098,ws,ws,book_ladder,book_ladder,False,False,-2.05,3.95,65,65.0,strategy_S9-149__TYPE_F:NIFTY:2026-04-16T13:15:30:LONG
2026-04-16,13:16:37,2026-04-16,13:16:49,NIFTY,BUY,TYPE_F,BOOK_ENTRY_1,BOOK_EXIT_1,24124.1,24122.15,NIFTY21APR2624100CE,24100.0,CE,202.2,201.3,205.0,200.0,205.0,200.0,0.002228,0.000497,ws,ws,book_ladder,book_ladder,False,False,-2.8,1.3,65,-58.5,strategy_S9-149__TYPE_F:NIFTY:2026-04-16T13:16:37:LONG
2026-04-16,13:17:10,2026-04-16,13:17:31,NIFTY,SELL,TYPE_F,BOOK_ENTRY_1,BOOK_EXIT_1,24118.15,24114.9,NIFTY21APR2624150PE,24150.0,PE,213.25,213.6,215.0,210.0,215.0,210.0,0.001643,0.002338,ws,ws,book_ladder,book_ladder,False,False,-1.75,3.6,65,22.75,strategy_S9-149__TYPE_F:NIFTY:2026-04-16T13:17:10:SHORT
2026-04-16,13:17:42,2026-04-16,13:18:18,NIFTY,BUY,TYPE_F,BOOK_ENTRY_1,BOOK_EXIT_1,24120.55,24129.3,NIFTY21APR2624100CE,24100.0,CE,200.8,203.6,205.0,200.0,205.0,200.0,0.000997,0.001963,ws,ws,book_ladder,book_ladder,False,False,-4.2,3.6,65,182.0,strategy_S9-149__TYPE_F:NIFTY:2026-04-16T13:17:42:LONG
2026-04-16,13:18:40,2026-04-16,13:18:57,NIFTY,BUY,TYPE_F,BOOK_ENTRY_1,BOOK_EXIT_1,24132.35,24131.3,NIFTY21APR2624100CE,24100.0,CE,205.0,204.05,205.0,200.0,205.0,200.0,0.002442,0.001469,ws,ws,book_ladder,book_ladder,False,False,0.0,4.05,65,-61.75,strategy_S9-149__TYPE_F:NIFTY:2026-04-16T13:18:40:LONG
2026-04-16,13:19:00,2026-04-16,13:19:09,NIFTY,SELL,TYPE_F,BOOK_ENTRY_1,BOOK_EXIT_1,24130.3,24131.95,NIFTY21APR2624150PE,24150.0,PE,208.35,206.65,210.0,205.0,210.0,205.0,0.002162,0.001692,ws,ws,book_ladder,book_ladder,False,False,-1.65,1.65,65,-110.5,strategy_S9-149__TYPE_F:NIFTY:2026-04-16T13:19:00:SHORT
2026-04-16,13:19:24,2026-04-16,13:19:33,NIFTY,BUY,TYPE_F,BOOK_ENTRY_1,BOOK_EXIT_1,24137.85,24134.9,NIFTY21APR2624100CE,24100.0,CE,208.0,205.75,210.0,205.0,210.0,205.0,0.002166,0.002185,ws,ws,book_ladder,book_ladder,False,False,-2.0,0.75,65,-146.25,strategy_S9-149__TYPE_F:NIFTY:2026-04-16T13:19:24:LONG
2026-04-16,13:20:02,2026-04-16,13:20:05,NIFTY,BUY,TYPE_F,BOOK_ENTRY_1,BOOK_EXIT_1,24138.5,24136.15,NIFTY21APR2624100CE,24100.0,CE,207.45,206.55,210.0,205.0,210.0,205.0,0.002413,0.001935,ws,ws,book_ladder,book_ladder,False,False,-2.55,1.55,65,-58.5,strategy_S9-149__TYPE_F:NIFTY:2026-04-16T13:20:02:LONG
2026-04-16,13:20:13,2026-04-16,13:20:23,NIFTY,BUY,TYPE_F,BOOK_ENTRY_1,BOOK_EXIT_1,24140.7,24136.6,NIFTY21APR2624100CE,24100.0,CE,208.2,206.0,210.0,205.0,210.0,205.0,0.00048,0.001455,ws,ws,book_ladder,book_ladder,False,False,-1.8,1.0,65,-143.0,strategy_S9-149__TYPE_F:NIFTY:2026-04-16T13:20:13:LONG
2026-04-16,13:20:40,2026-04-16,13:20:58,NIFTY,SELL,TYPE_F,BOOK_ENTRY_1,BOOK_EXIT_1,24130.8,24133.15,NIFTY21APR2624150PE,24150.0,PE,207.0,206.5,210.0,205.0,210.0,205.0,0.002176,0.001935,ws,ws,book_ladder,book_ladder,False,False,-3.0,1.5,65,-32.5,strategy_S9-149__TYPE_F:NIFTY:2026-04-16T13:20:40:SHORT
2026-04-16,13:22:02,2026-04-16,13:22:34,NIFTY,BUY,TYPE_F,BOOK_ENTRY_1,BOOK_EXIT_1,24136.1,24139.85,NIFTY21APR2624100CE,24100.0,CE,207.2,209.05,210.0,205.0,210.0,205.0,0.002416,0.001912,ws,ws,book_ladder,book_ladder,False,False,-2.8,4.05,65,120.25,strategy_S9-149__TYPE_F:NIFTY:2026-04-16T13:22:02:LONG
2026-04-16,13:22:55,2026-04-16,13:24:25,NIFTY,SELL,TYPE_F,BOOK_ENTRY_1,BOOK_EXIT_1,24133.75,24106.45,NIFTY21APR2624150PE,24150.0,PE,206.5,218.6,210.0,215.0,210.0,215.0,0.002182,0.0016,ws,ws,book_ladder,book_ladder,False,False,-3.5,3.6,65,786.5,strategy_S9-149__TYPE_F:NIFTY:2026-04-16T13:22:55:SHORT
2026-04-16,13:25:10,2026-04-16,13:25:22,NIFTY,SELL,TYPE_F,BOOK_ENTRY_1,BOOK_EXIT_1,24103.7,24106.45,NIFTY21APR2624150PE,24150.0,PE,223.35,219.45,225.0,215.0,225.0,215.0,0.002466,0.001366,ws,ws,book_ladder,book_ladder,False,False,-1.65,4.45,65,-253.5,strategy_S9-149__TYPE_F:NIFTY:2026-04-16T13:25:10:SHORT
2026-04-16,13:25:43,2026-04-16,13:25:53,NIFTY,BUY,TYPE_F,BOOK_ENTRY_1,BOOK_EXIT_1,24111.2,24110.6,NIFTY21APR2624100CE,24100.0,CE,195.95,194.2,200.0,190.0,200.0,190.0,0.002299,0.001801,ws,ws,book_ladder,book_ladder,False,False,-4.05,4.2,65,-113.75,strategy_S9-149__TYPE_F:NIFTY:2026-04-16T13:25:43:LONG
2026-04-16,13:26:09,2026-04-16,13:26:23,NIFTY,BUY,TYPE_F,BOOK_ENTRY_1,BOOK_EXIT_1,24113.1,24113.9,NIFTY21APR2624100CE,24100.0,CE,195.8,194.2,200.0,190.0,200.0,190.0,0.002045,0.002058,ws,ws,book_ladder,book_ladder,False,False,-4.2,4.2,65,-104.0,strategy_S9-149__TYPE_F:NIFTY:2026-04-16T13:26:09:LONG
2026-04-16,13:26:31,2026-04-16,13:26:37,NIFTY,SELL,TYPE_F,BOOK_ENTRY_1,BOOK_EXIT_1,24109.95,24112.2,NIFTY21APR2624150PE,24150.0,PE,220.0,218.15,220.0,215.0,220.0,215.0,0.002275,0.000916,ws,ws,book_ladder,book_ladder,False,False,0.0,3.15,65,-120.25,strategy_S9-149__TYPE_F:NIFTY:2026-04-16T13:26:31:SHORT
2026-04-16,13:26:40,2026-04-16,13:26:52,NIFTY,SELL,TYPE_F,BOOK_ENTRY_1,BOOK_EXIT_1,24109.85,24109.35,NIFTY21APR2624150PE,24150.0,PE,219.7,218.95,220.0,215.0,220.0,215.0,0.001366,0.002053,ws,ws,book_ladder,book_ladder,False,False,-0.3,3.95,65,-48.75,strategy_S9-149__TYPE_F:NIFTY:2026-04-16T13:26:40:SHORT
2026-04-16,13:27:05,2026-04-16,13:27:08,NIFTY,BUY,TYPE_F,BOOK_ENTRY_1,BOOK_EXIT_1,24113.9,24109.5,NIFTY21APR2624100CE,24100.0,CE,192.2,191.25,195.0,190.0,195.0,190.0,0.000781,0.001567,ws,ws,book_ladder,book_ladder,False,False,-2.8,1.25,65,-61.75,strategy_S9-149__TYPE_F:NIFTY:2026-04-16T13:27:05:LONG
2026-04-16,13:27:40,2026-04-16,13:27:50,NIFTY,BUY,TYPE_F,BOOK_ENTRY_1,BOOK_EXIT_1,24110.6,24108.2,NIFTY21APR2624100CE,24100.0,CE,192.15,191.45,195.0,190.0,195.0,190.0,0.002606,0.001566,ws,ws,book_ladder,book_ladder,False,False,-2.85,1.45,65,-45.5,strategy_S9-149__TYPE_F:NIFTY:2026-04-16T13:27:40:LONG
2026-04-16,13:28:00,2026-04-16,13:29:07,NIFTY,BUY,TYPE_F,BOOK_ENTRY_1,BOOK_EXIT_1,24112.1,24120.8,NIFTY21APR2624100CE,24100.0,CE,193.95,197.7,195.0,195.0,195.0,195.0,0.000774,0.001516,ws,ws,book_ladder,book_ladder,False,False,-1.05,2.7,65,243.75,strategy_S9-149__TYPE_F:NIFTY:2026-04-16T13:28:00:LONG
2026-04-16,13:29:36,2026-04-16,13:29:44,NIFTY,SELL,TYPE_F,BOOK_ENTRY_1,BOOK_EXIT_1,24118.05,24120.5,NIFTY21APR2624150PE,24150.0,PE,215.7,214.4,220.0,210.0,220.0,210.0,0.002088,0.002097,ws,ws,book_ladder,book_ladder,False,False,-4.3,4.4,65,-84.5,strategy_S9-149__TYPE_F:NIFTY:2026-04-16T13:29:36:SHORT
2026-04-16,13:29:53,2026-04-16,13:30:01,NIFTY,SELL,TYPE_F,BOOK_ENTRY_1,BOOK_EXIT_1,24115.75,24117.75,NIFTY21APR2624150PE,24150.0,PE,216.15,215.05,220.0,215.0,220.0,215.0,0.001621,0.001626,ws,ws,book_ladder,book_ladder,False,False,-3.85,0.05,65,-71.5,strategy_S9-149__TYPE_F:NIFTY:2026-04-16T13:29:53:SHORT
2026-04-16,13:30:25,2026-04-16,13:30:32,NIFTY,BUY,TYPE_F,BOOK_ENTRY_1,BOOK_EXIT_1,24123.25,24119.9,NIFTY21APR2624100CE,24100.0,CE,198.5,197.1,200.0,195.0,200.0,195.0,0.001765,0.000761,ws,ws,book_ladder,book_ladder,False,False,-1.5,2.1,65,-91.0,strategy_S9-149__TYPE_F:NIFTY:2026-04-16T13:30:25:LONG
2026-04-16,13:31:05,2026-04-16,13:31:23,NIFTY,SELL,TYPE_F,BOOK_ENTRY_1,BOOK_EXIT_1,24116.55,24118.0,NIFTY21APR2624150PE,24150.0,PE,216.65,215.05,220.0,215.0,220.0,215.0,0.001386,0.001626,ws,ws,book_ladder,book_ladder,False,False,-3.35,0.05,65,-104.0,strategy_S9-149__TYPE_F:NIFTY:2026-04-16T13:31:05:SHORT
2026-04-16,13:31:47,2026-04-16,13:32:20,NIFTY,BUY,TYPE_F,BOOK_ENTRY_1,BOOK_EXIT_1,24120.7,24124.05,NIFTY21APR2624100CE,24100.0,CE,197.95,198.6,200.0,195.0,200.0,195.0,0.002023,0.001761,ws,ws,book_ladder,book_ladder,False,False,-2.05,3.6,65,42.25,strategy_S9-149__TYPE_F:NIFTY:2026-04-16T13:31:47:LONG
2026-04-16,13:33:31,2026-04-16,13:33:40,NIFTY,SELL,TYPE_F,BOOK_ENTRY_1,BOOK_EXIT_1,24120.75,24124.5,NIFTY21APR2624150PE,24150.0,PE,214.3,212.25,215.0,210.0,215.0,210.0,0.001868,0.001648,ws,ws,book_ladder,book_ladder,False,False,-0.7,2.25,65,-133.25,strategy_S9-149__TYPE_F:NIFTY:2026-04-16T13:33:31:SHORT
2026-04-16,13:33:53,2026-04-16,13:34:09,NIFTY,BUY,TYPE_F,BOOK_ENTRY_1,BOOK_EXIT_1,24126.65,24125.8,NIFTY21APR2624100CE,24100.0,CE,198.65,201.05,200.0,200.0,200.0,200.0,0.000755,0.001739,ws,ws,book_ladder,book_ladder,False,False,-1.35,1.05,65,156.0,strategy_S9-149__TYPE_F:NIFTY:2026-04-16T13:33:53:LONG
2026-04-16,13:34:11,2026-04-16,13:34:25,NIFTY,BUY,TYPE_F,BOOK_ENTRY_1,BOOK_EXIT_1,24128.3,24125.65,NIFTY21APR2624100CE,24100.0,CE,201.1,199.1,205.0,195.0,205.0,195.0,0.001742,0.002508,ws,ws,book_ladder,book_ladder,False,False,-3.9,4.1,65,-130.0,strategy_S9-149__TYPE_F:NIFTY:2026-04-16T13:34:11:LONG
2026-04-16,13:34:34,2026-04-16,13:34:46,NIFTY,SELL,TYPE_F,BOOK_ENTRY_1,BOOK_EXIT_1,24121.85,24125.55,NIFTY21APR2624150PE,24150.0,PE,211.0,210.95,215.0,210.0,215.0,210.0,0.001423,0.001658,ws,ws,book_ladder,book_ladder,False,False,-4.0,0.95,65,-3.25,strategy_S9-149__TYPE_F:NIFTY:2026-04-16T13:34:34:SHORT
2026-04-16,13:35:10,2026-04-16,13:35:35,NIFTY,SELL,TYPE_F,BOOK_ENTRY_1,BOOK_EXIT_1,24121.35,24123.75,NIFTY21APR2624150PE,24150.0,PE,212.0,211.6,215.0,210.0,215.0,210.0,0.000708,0.00236,ws,ws,book_ladder,book_ladder,False,False,-3.0,1.6,65,-26.0,strategy_S9-149__TYPE_F:NIFTY:2026-04-16T13:35:10:SHORT
2026-04-16,13:36:20,2026-04-16,13:36:27,NIFTY,BUY,TYPE_F,BOOK_ENTRY_1,BOOK_EXIT_1,24125.35,24121.8,NIFTY21APR2624100CE,24100.0,CE,199.65,197.55,200.0,195.0,200.0,195.0,0.001504,0.001517,ws,ws,book_ladder,book_ladder,False,False,-0.35,2.55,65,-136.5,strategy_S9-149__TYPE_F:NIFTY:2026-04-16T13:36:20:LONG
2026-04-16,13:37:27,2026-04-16,13:37:32,NIFTY,SELL,TYPE_F,BOOK_ENTRY_1,BOOK_EXIT_1,24118.55,24121.9,NIFTY21APR2624150PE,24150.0,PE,214.7,212.2,215.0,210.0,215.0,210.0,0.001632,0.001883,ws,ws,book_ladder,book_ladder,False,False,-0.3,2.2,65,-162.5,strategy_S9-149__TYPE_F:NIFTY:2026-04-16T13:37:27:SHORT
2026-04-16,13:38:05,2026-04-16,13:38:10,NIFTY,SELL,TYPE_F,BOOK_ENTRY_1,BOOK_EXIT_1,24118.1,24120.85,NIFTY21APR2624150PE,24150.0,PE,215.7,215.0,220.0,215.0,220.0,215.0,0.001856,0.001859,ws,ws,book_ladder,book_ladder,False,False,-4.3,0.0,65,-45.5,strategy_S9-149__TYPE_F:NIFTY:2026-04-16T13:38:05:SHORT
2026-04-16,13:38:40,2026-04-16,13:38:43,NIFTY,SELL,TYPE_F,BOOK_ENTRY_1,BOOK_EXIT_1,24119.05,24121.85,NIFTY21APR2624150PE,24150.0,PE,214.3,213.25,215.0,210.0,215.0,210.0,0.001868,0.00164,ws,ws,book_ladder,book_ladder,False,False,-0.7,3.25,65,-68.25,strategy_S9-149__TYPE_F:NIFTY:2026-04-16T13:38:40:SHORT
2026-04-16,13:39:08,2026-04-16,13:39:18,NIFTY,BUY,TYPE_F,BOOK_ENTRY_1,BOOK_EXIT_1,24123.85,24122.3,NIFTY21APR2624100CE,24100.0,CE,199.95,199.0,200.0,195.0,200.0,195.0,0.001752,0.001255,ws,ws,book_ladder,book_ladder,False,False,-0.05,4.0,65,-61.75,strategy_S9-149__TYPE_F:NIFTY:2026-04-16T13:39:08:LONG
2026-04-16,13:39:30,2026-04-16,13:39:44,NIFTY,BUY,TYPE_F,BOOK_ENTRY_1,BOOK_EXIT_1,24125.3,24122.45,NIFTY21APR2624100CE,24100.0,CE,199.95,199.25,200.0,195.0,200.0,195.0,0.002253,0.001755,ws,ws,book_ladder,book_ladder,False,False,-0.05,4.25,65,-45.5,strategy_S9-149__TYPE_F:NIFTY:2026-04-16T13:39:30:LONG
2026-04-16,13:40:15,2026-04-16,13:40:26,NIFTY,SELL,TYPE_F,BOOK_ENTRY_1,BOOK_EXIT_1,24122.7,24124.2,NIFTY21APR2624150PE,24150.0,PE,212.6,211.3,215.0,210.0,215.0,210.0,0.001412,0.00071,ws,ws,book_ladder,book_ladder,False,False,-2.4,1.3,65,-84.5,strategy_S9-149__TYPE_F:NIFTY:2026-04-16T13:40:15:SHORT
2026-04-16,13:41:00,2026-04-16,13:41:04,NIFTY,BUY,TYPE_F,BOOK_ENTRY_1,BOOK_EXIT_1,24127.0,24124.05,NIFTY21APR2624100CE,24100.0,CE,199.45,199.15,200.0,195.0,200.0,195.0,0.000251,0.002007,ws,ws,book_ladder,book_ladder,False,False,-0.55,4.15,65,-19.5,strategy_S9-149__TYPE_F:NIFTY:2026-04-16T13:41:00:LONG
2026-04-16,13:41:11,2026-04-16,13:41:23,NIFTY,SELL,TYPE_F,BOOK_ENTRY_1,BOOK_EXIT_1,24122.6,24124.6,NIFTY21APR2624150PE,24150.0,PE,212.55,212.0,215.0,210.0,215.0,210.0,0.001648,0.002356,ws,ws,book_ladder,book_ladder,False,False,-2.45,2.0,65,-35.75,strategy_S9-149__TYPE_F:NIFTY:2026-04-16T13:41:11:SHORT
2026-04-16,13:41:30,2026-04-16,13:41:54,NIFTY,BUY,TYPE_F,BOOK_ENTRY_1,BOOK_EXIT_1,24126.5,24130.6,NIFTY21APR2624100CE,24100.0,CE,202.2,203.2,205.0,200.0,205.0,200.0,0.00198,0.001721,ws,ws,book_ladder,book_ladder,False,False,-2.8,3.2,65,65.0,strategy_S9-149__TYPE_F:NIFTY:2026-04-16T13:41:30:LONG
2026-04-16,13:42:16,2026-04-16,13:42:21,NIFTY,BUY,TYPE_F,BOOK_ENTRY_1,BOOK_EXIT_1,24133.45,24131.3,NIFTY21APR2624100CE,24100.0,CE,204.95,204.3,205.0,200.0,205.0,200.0,0.000976,0.0022,ws,ws,book_ladder,book_ladder,False,False,-0.05,4.3,65,-42.25,strategy_S9-149__TYPE_F:NIFTY:2026-04-16T13:42:16:LONG
2026-04-16,13:42:32,2026-04-16,13:42:57,NIFTY,BUY,TYPE_F,BOOK_ENTRY_1,BOOK_EXIT_1,24134.85,24135.05,NIFTY21APR2624100CE,24100.0,CE,206.0,204.5,210.0,200.0,210.0,200.0,0.0017,0.00171,ws,ws,book_ladder,book_ladder,False,False,-4.0,4.5,65,-97.5,strategy_S9-149__TYPE_F:NIFTY:2026-04-16T13:42:32:LONG
2026-04-16,13:43:10,2026-04-16,13:43:41,NIFTY,BUY,TYPE_F,BOOK_ENTRY_1,BOOK_EXIT_1,24135.6,24135.4,NIFTY21APR2624100CE,24100.0,CE,206.65,206.05,210.0,205.0,210.0,205.0,0.001938,0.001213,ws,ws,book_ladder,book_ladder,False,False,-3.35,1.05,65,-39.0,strategy_S9-149__TYPE_F:NIFTY:2026-04-16T13:43:10:LONG
2026-04-16,13:44:14,2026-04-16,13:44:36,NIFTY,BUY,TYPE_F,BOOK_ENTRY_1,BOOK_EXIT_1,24137.55,24136.9,NIFTY21APR2624100CE,24100.0,CE,207.75,208.05,210.0,205.0,210.0,205.0,0.001445,0.001681,ws,ws,book_ladder,book_ladder,False,False,-2.25,3.05,65,19.5,strategy_S9-149__TYPE_F:NIFTY:2026-04-16T13:44:14:LONG
2026-04-16,13:44:41,2026-04-16,13:44:53,NIFTY,SELL,TYPE_F,BOOK_ENTRY_1,BOOK_EXIT_1,24136.1,24137.7,NIFTY21APR2624150PE,24150.0,PE,205.65,204.3,210.0,200.0,210.0,200.0,0.00146,0.0022,ws,ws,book_ladder,book_ladder,False,False,-4.35,4.3,65,-87.75,strategy_S9-149__TYPE_F:NIFTY:2026-04-16T13:44:41:SHORT
2026-04-16,13:45:19,2026-04-16,13:45:44,NIFTY,BUY,TYPE_F,BOOK_ENTRY_1,BOOK_EXIT_1,24141.9,24143.4,NIFTY21APR2624100CE,24100.0,CE,209.85,210.1,210.0,210.0,210.0,210.0,0.002385,0.001664,ws,ws,book_ladder,book_ladder,False,False,-0.15,0.1,65,16.25,strategy_S9-149__TYPE_F:NIFTY:2026-04-16T13:45:19:LONG
2026-04-16,13:46:12,2026-04-16,13:46:17,NIFTY,SELL,TYPE_F,BOOK_ENTRY_1,BOOK_EXIT_1,24144.2,24146.35,NIFTY21APR2624150PE,24150.0,PE,199.6,198.55,200.0,195.0,200.0,195.0,0.002257,0.002264,ws,ws,book_ladder,book_ladder,False,False,-0.4,3.55,65,-68.25,strategy_S9-149__TYPE_F:NIFTY:2026-04-16T13:46:12:SHORT
2026-04-16,13:46:31,2026-04-16,13:46:56,NIFTY,BUY,TYPE_F,BOOK_ENTRY_1,BOOK_EXIT_1,24148.35,24148.4,NIFTY21APR2624100CE,24100.0,CE,212.3,212.65,215.0,210.0,215.0,210.0,0.001178,0.001879,ws,ws,book_ladder,book_ladder,False,False,-2.7,2.65,65,22.75,strategy_S9-149__TYPE_F:NIFTY:2026-04-16T13:46:31:LONG
2026-04-16,13:47:25,2026-04-16,13:47:42,NIFTY,SELL,TYPE_F,BOOK_ENTRY_1,BOOK_EXIT_1,24145.85,24144.15,NIFTY21APR2624150PE,24150.0,PE,199.85,202.2,200.0,200.0,200.0,200.0,0.002254,0.001236,ws,ws,book_ladder,book_ladder,False,False,-0.15,2.2,65,152.75,strategy_S9-149__TYPE_F:NIFTY:2026-04-16T13:47:25:SHORT
2026-04-16,13:48:13,2026-04-16,13:48:45,NIFTY,BUY,TYPE_F,BOOK_ENTRY_1,BOOK_EXIT_1,24146.9,24147.05,NIFTY21APR2624100CE,24100.0,CE,211.3,211.95,215.0,210.0,215.0,210.0,0.001421,0.001414,ws,ws,book_ladder,book_ladder,False,False,-3.7,1.95,65,42.25,strategy_S9-149__TYPE_F:NIFTY:2026-04-16T13:48:13:LONG
2026-04-16,13:48:55,2026-04-16,13:49:16,NIFTY,BUY,TYPE_F,BOOK_ENTRY_1,BOOK_EXIT_1,24149.8,24149.4,NIFTY21APR2624100CE,24100.0,CE,213.8,213.85,215.0,210.0,215.0,210.0,0.000468,0.000701,ws,ws,book_ladder,book_ladder,False,False,-1.2,3.85,65,3.25,strategy_S9-149__TYPE_F:NIFTY:2026-04-16T13:48:55:LONG
2026-04-16,13:50:03,2026-04-16,13:51:21,NIFTY,BUY,TYPE_F,BOOK_ENTRY_1,BOOK_EXIT_1,24152.45,24177.05,NIFTY21APR2624150CE,24150.0,CE,187.65,199.1,190.0,195.0,190.0,195.0,0.002401,0.001004,ws,ws,book_ladder,book_ladder,False,False,-2.35,4.1,65,744.25,strategy_S9-149__TYPE_F:NIFTY:2026-04-16T13:50:03:LONG
2026-04-16,13:51:46,2026-04-16,13:52:17,NIFTY,SELL,TYPE_F,BOOK_ENTRY_1,BOOK_EXIT_1,24174.15,24166.45,NIFTY21APR2624200PE,24200.0,PE,206.9,210.7,210.0,210.0,210.0,210.0,0.001935,0.001897,ws,ws,book_ladder,book_ladder,False,False,-3.1,0.7,65,247.0,strategy_S9-149__TYPE_F:NIFTY:2026-04-16T13:51:46:SHORT
2026-04-16,13:52:41,2026-04-16,13:52:48,NIFTY,SELL,TYPE_F,BOOK_ENTRY_1,BOOK_EXIT_1,24163.5,24169.15,NIFTY21APR2624200PE,24200.0,PE,213.0,208.8,215.0,205.0,215.0,205.0,0.001409,0.002153,ws,ws,book_ladder,book_ladder,False,False,-2.0,3.8,65,-273.0,strategy_S9-149__TYPE_F:NIFTY:2026-04-16T13:52:41:SHORT
2026-04-16,13:53:21,2026-04-16,13:53:25,NIFTY,SELL,TYPE_F,BOOK_ENTRY_1,BOOK_EXIT_1,24162.9,24167.5,NIFTY21APR2624200PE,24200.0,PE,211.15,209.2,215.0,205.0,215.0,205.0,0.001659,0.00191,ws,ws,book_ladder,book_ladder,False,False,-3.85,4.2,65,-126.75,strategy_S9-149__TYPE_F:NIFTY:2026-04-16T13:53:21:SHORT
2026-04-16,13:54:01,2026-04-16,13:54:16,NIFTY,BUY,TYPE_F,BOOK_ENTRY_1,BOOK_EXIT_1,24171.55,24169.6,NIFTY21APR2624150CE,24150.0,CE,197.2,196.1,200.0,195.0,200.0,195.0,0.00203,0.002038,ws,ws,book_ladder,book_ladder,False,False,-2.8,1.1,65,-71.5,strategy_S9-149__TYPE_F:NIFTY:2026-04-16T13:54:01:LONG
2026-04-16,13:54:32,2026-04-16,13:55:02,NIFTY,BUY,TYPE_F,BOOK_ENTRY_1,BOOK_EXIT_1,24172.9,24182.2,NIFTY21APR2624150CE,24150.0,CE,195.8,197.9,200.0,195.0,200.0,195.0,0.002301,0.002271,ws,ws,book_ladder,book_ladder,False,False,-4.2,2.9,65,136.5,strategy_S9-149__TYPE_F:NIFTY:2026-04-16T13:54:32:LONG
2026-04-16,13:55:10,2026-04-16,13:55:22,NIFTY,SELL,TYPE_F,BOOK_ENTRY_1,BOOK_EXIT_1,24178.95,24182.7,NIFTY21APR2624200PE,24200.0,PE,208.0,206.0,210.0,205.0,210.0,205.0,0.000721,0.00097,ws,ws,book_ladder,book_ladder,False,False,-2.0,1.0,65,-130.0,strategy_S9-149__TYPE_F:NIFTY:2026-04-16T13:55:10:SHORT
2026-04-16,13:55:50,2026-04-16,13:56:08,NIFTY,SELL,TYPE_F,BOOK_ENTRY_1,BOOK_EXIT_1,24184.05,24179.4,NIFTY21APR2624200PE,24200.0,PE,206.7,208.55,210.0,205.0,210.0,205.0,0.00121,0.001677,ws,ws,book_ladder,book_ladder,False,False,-3.3,3.55,65,120.25,strategy_S9-149__TYPE_F:NIFTY:2026-04-16T13:55:50:SHORT
2026-04-16,13:56:35,2026-04-16,13:56:43,NIFTY,SELL,TYPE_F,BOOK_ENTRY_1,BOOK_EXIT_1,24173.5,24175.8,NIFTY21APR2624200PE,24200.0,PE,209.6,208.55,210.0,205.0,210.0,205.0,0.001432,0.001916,ws,ws,book_ladder,book_ladder,False,False,-0.4,3.55,65,-68.25,strategy_S9-149__TYPE_F:NIFTY:2026-04-16T13:56:35:SHORT
2026-04-16,13:57:40,2026-04-16,13:57:45,NIFTY,BUY,TYPE_F,BOOK_ENTRY_1,BOOK_EXIT_1,24187.55,24184.8,NIFTY21APR2624150CE,24150.0,CE,197.35,196.0,200.0,195.0,200.0,195.0,0.001014,0.001529,ws,ws,book_ladder,book_ladder,False,False,-2.65,1.0,65,-87.75,strategy_S9-149__TYPE_F:NIFTY:2026-04-16T13:57:40:LONG
2026-04-16,13:57:50,2026-04-16,13:58:02,NIFTY,SELL,TYPE_F,BOOK_ENTRY_1,BOOK_EXIT_1,24181.75,24177.3,NIFTY21APR2624200PE,24200.0,PE,208.0,208.15,210.0,205.0,210.0,205.0,0.001684,0.00096,ws,ws,book_ladder,book_ladder,False,False,-2.0,3.15,65,9.75,strategy_S9-149__TYPE_F:NIFTY:2026-04-16T13:57:50:SHORT
2026-04-16,13:58:12,2026-04-16,13:58:15,NIFTY,BUY,TYPE_F,BOOK_ENTRY_1,BOOK_EXIT_1,24185.8,24181.5,NIFTY21APR2624150CE,24150.0,CE,197.7,195.0,200.0,195.0,200.0,195.0,0.001772,0.001025,ws,ws,book_ladder,book_ladder,False,False,-2.3,0.0,65,-175.5,strategy_S9-149__TYPE_F:NIFTY:2026-04-16T13:58:12:LONG
2026-04-16,13:58:30,2026-04-16,13:58:58,NIFTY,SELL,TYPE_F,BOOK_ENTRY_1,BOOK_EXIT_1,24172.0,24169.4,NIFTY21APR2624200PE,24200.0,PE,208.45,208.9,210.0,205.0,210.0,205.0,0.00096,0.001435,ws,ws,book_ladder,book_ladder,False,False,-1.55,3.9,65,29.25,strategy_S9-149__TYPE_F:NIFTY:2026-04-16T13:58:30:SHORT
2026-04-16,13:59:10,2026-04-16,13:59:37,NIFTY,BUY,TYPE_F,BOOK_ENTRY_1,BOOK_EXIT_1,24174.0,24180.95,NIFTY21APR2624150CE,24150.0,CE,194.05,197.0,195.0,195.0,195.0,195.0,0.000515,0.001775,ws,ws,book_ladder,book_ladder,False,False,-0.95,2.0,65,191.75,strategy_S9-149__TYPE_F:NIFTY:2026-04-16T13:59:10:LONG
2026-04-16,14:00:44,2026-04-16,14:00:51,NIFTY,SELL,TYPE_F,BOOK_ENTRY_1,BOOK_EXIT_1,24178.45,24177.55,NIFTY21APR2624200PE,24200.0,PE,208.3,207.7,210.0,205.0,210.0,205.0,0.001201,0.002164,ws,ws,book_ladder,book_ladder,False,False,-1.7,2.7,65,-39.0,strategy_S9-149__TYPE_F:NIFTY:2026-04-16T14:00:44:SHORT
2026-04-16,14:01:30,2026-04-16,14:01:41,NIFTY,SELL,TYPE_F,BOOK_ENTRY_1,BOOK_EXIT_1,24177.7,24179.75,NIFTY21APR2624200PE,24200.0,PE,206.05,204.0,210.0,200.0,210.0,200.0,0.000971,0.001225,ws,ws,book_ladder,book_ladder,False,False,-3.95,4.0,65,-133.25,strategy_S9-149__TYPE_F:NIFTY:2026-04-16T14:01:30:SHORT
2026-04-16,14:01:55,2026-04-16,14:02:10,NIFTY,SELL,TYPE_F,BOOK_ENTRY_1,BOOK_EXIT_1,24177.95,24174.05,NIFTY21APR2624200PE,24200.0,PE,206.1,207.5,210.0,205.0,210.0,205.0,0.001457,0.002407,ws,ws,book_ladder,book_ladder,False,False,-3.9,2.5,65,91.0,strategy_S9-149__TYPE_F:NIFTY:2026-04-16T14:01:55:SHORT
2026-04-16,14:02:43,2026-04-16,14:02:51,NIFTY,SELL,TYPE_F,BOOK_ENTRY_1,BOOK_EXIT_1,24173.95,24170.1,NIFTY21APR2624200PE,24200.0,PE,207.9,211.05,210.0,210.0,210.0,210.0,0.001444,0.002366,ws,ws,book_ladder,book_ladder,False,False,-2.1,1.05,65,204.75,strategy_S9-149__TYPE_F:NIFTY:2026-04-16T14:02:43:SHORT
2026-04-16,14:03:00,2026-04-16,14:03:11,NIFTY,SELL,TYPE_F,BOOK_ENTRY_1,BOOK_EXIT_1,24159.65,24163.3,NIFTY21APR2624200PE,24200.0,PE,214.3,214.1,215.0,210.0,215.0,210.0,0.002336,0.002333,ws,ws,book_ladder,book_ladder,False,False,-0.7,4.1,65,-13.0,strategy_S9-149__TYPE_F:NIFTY:2026-04-16T14:03:00:SHORT
2026-04-16,14:03:36,2026-04-16,14:03:43,NIFTY,SELL,TYPE_F,BOOK_ENTRY_1,BOOK_EXIT_1,24140.8,24145.95,NIFTY21APR2624150PE,24150.0,PE,200.8,200.05,205.0,200.0,205.0,200.0,0.001994,0.002247,ws,ws,book_ladder,book_ladder,False,False,-4.2,0.05,65,-48.75,strategy_S9-149__TYPE_F:NIFTY:2026-04-16T14:03:36:SHORT
2026-04-16,14:04:00,2026-04-16,14:04:10,NIFTY,SELL,TYPE_F,BOOK_ENTRY_1,BOOK_EXIT_1,24138.3,24144.1,NIFTY21APR2624150PE,24150.0,PE,200.75,198.1,205.0,195.0,205.0,195.0,0.001995,0.001009,ws,ws,book_ladder,book_ladder,False,False,-4.25,3.1,65,-172.25,strategy_S9-149__TYPE_F:NIFTY:2026-04-16T14:04:00:SHORT
2026-04-16,14:04:21,2026-04-16,14:04:26,NIFTY,BUY,TYPE_F,BOOK_ENTRY_1,BOOK_EXIT_1,24147.95,24145.3,NIFTY21APR2624100CE,24100.0,CE,208.35,208.0,210.0,205.0,210.0,205.0,0.002403,0.000961,ws,ws,book_ladder,book_ladder,False,False,-1.65,3.0,65,-22.75,strategy_S9-149__TYPE_F:NIFTY:2026-04-16T14:04:21:LONG
2026-04-16,14:05:14,2026-04-16,14:05:38,NIFTY,SELL,TYPE_F,BOOK_ENTRY_1,BOOK_EXIT_1,24139.9,24138.55,NIFTY21APR2624150PE,24150.0,PE,201.0,205.5,205.0,205.0,205.0,205.0,0.001743,0.001945,ws,ws,book_ladder,book_ladder,False,False,-4.0,0.5,65,292.5,strategy_S9-149__TYPE_F:NIFTY:2026-04-16T14:05:14:SHORT
2026-04-16,14:05:55,2026-04-16,14:06:20,NIFTY,BUY,TYPE_F,BOOK_ENTRY_1,BOOK_EXIT_1,24141.9,24148.3,NIFTY21APR2624100CE,24100.0,CE,204.85,207.4,205.0,205.0,205.0,205.0,0.00171,0.002408,ws,ws,book_ladder,book_ladder,False,False,-0.15,2.4,65,165.75,strategy_S9-149__TYPE_F:NIFTY:2026-04-16T14:05:55:LONG
2026-04-16,14:07:28,2026-04-16,14:07:46,NIFTY,BUY,TYPE_F,BOOK_ENTRY_1,BOOK_EXIT_1,24153.5,24156.2,NIFTY21APR2624150CE,24150.0,CE,184.3,185.45,185.0,185.0,185.0,185.0,0.002173,0.002155,ws,ws,book_ladder,book_ladder,False,False,-0.7,0.45,65,74.75,strategy_S9-149__TYPE_F:NIFTY:2026-04-16T14:07:28:LONG
2026-04-16,14:08:00,2026-04-16,14:08:18,NIFTY,SELL,TYPE_F,BOOK_ENTRY_1,BOOK_EXIT_1,24149.6,24147.8,NIFTY21APR2624150PE,24150.0,PE,197.55,196.65,200.0,195.0,200.0,195.0,0.002027,0.000254,ws,ws,book_ladder,book_ladder,False,False,-2.45,1.65,65,-58.5,strategy_S9-149__TYPE_F:NIFTY:2026-04-16T14:08:00:SHORT
2026-04-16,14:09:22,2026-04-16,14:09:26,NIFTY,BUY,TYPE_F,BOOK_ENTRY_1,BOOK_EXIT_1,24153.9,24151.7,NIFTY21APR2624150CE,24150.0,CE,182.6,181.9,185.0,180.0,185.0,180.0,0.002193,0.000824,ws,ws,book_ladder,book_ladder,False,False,-2.4,1.9,65,-45.5,strategy_S9-149__TYPE_F:NIFTY:2026-04-16T14:09:22:LONG
2026-04-16,14:09:47,2026-04-16,14:10:15,NIFTY,BUY,TYPE_F,BOOK_ENTRY_1,BOOK_EXIT_1,24154.9,24155.25,NIFTY21APR2624150CE,24150.0,CE,183.75,183.15,185.0,180.0,185.0,180.0,0.001634,0.002182,ws,ws,book_ladder,book_ladder,False,False,-1.25,3.15,65,-39.0,strategy_S9-149__TYPE_F:NIFTY:2026-04-16T14:09:47:LONG
2026-04-16,14:10:55,2026-04-16,14:11:00,NIFTY,SELL,TYPE_F,BOOK_ENTRY_1,BOOK_EXIT_1,24153.6,24157.0,NIFTY21APR2624200PE,24200.0,PE,219.75,217.2,220.0,215.0,220.0,215.0,0.000911,0.00184,ws,ws,book_ladder,book_ladder,False,False,-0.25,2.2,65,-165.75,strategy_S9-149__TYPE_F:NIFTY:2026-04-16T14:10:55:SHORT
2026-04-16,14:11:18,2026-04-16,14:11:26,NIFTY,BUY,TYPE_F,BOOK_ENTRY_1,BOOK_EXIT_1,24165.5,24162.75,NIFTY21APR2624150CE,24150.0,CE,190.75,188.7,195.0,185.0,195.0,185.0,0.001837,0.002118,ws,ws,book_ladder,book_ladder,False,False,-4.25,3.7,65,-133.25,strategy_S9-149__TYPE_F:NIFTY:2026-04-16T14:11:18:LONG
2026-04-16,14:11:50,2026-04-16,14:12:07,NIFTY,BUY,TYPE_F,BOOK_ENTRY_1,BOOK_EXIT_1,24163.45,24162.65,NIFTY21APR2624150CE,24150.0,CE,188.35,187.8,190.0,185.0,190.0,185.0,0.002126,0.001596,ws,ws,book_ladder,book_ladder,False,False,-1.65,2.8,65,-35.75,strategy_S9-149__TYPE_F:NIFTY:2026-04-16T14:11:50:LONG
2026-04-16,14:12:11,2026-04-16,14:12:26,NIFTY,BUY,TYPE_F,BOOK_ENTRY_1,BOOK_EXIT_1,24165.5,24163.4,NIFTY21APR2624150CE,24150.0,CE,188.9,189.4,190.0,185.0,190.0,185.0,0.00212,0.001319,ws,ws,book_ladder,book_ladder,False,False,-1.1,4.4,65,32.5,strategy_S9-149__TYPE_F:NIFTY:2026-04-16T14:12:11:LONG
2026-04-16,14:12:51,2026-04-16,14:12:56,NIFTY,SELL,TYPE_F,BOOK_ENTRY_1,BOOK_EXIT_1,24160.55,24163.6,NIFTY21APR2624200PE,24200.0,PE,212.75,212.2,215.0,210.0,215.0,210.0,0.000705,0.002353,ws,ws,book_ladder,book_ladder,False,False,-2.25,2.2,65,-35.75,strategy_S9-149__TYPE_F:NIFTY:2026-04-16T14:12:51:SHORT
2026-04-16,14:13:00,2026-04-16,14:13:15,NIFTY,BUY,TYPE_F,BOOK_ENTRY_1,BOOK_EXIT_1,24166.55,24168.55,NIFTY21APR2624150CE,24150.0,CE,192.6,189.5,195.0,185.0,195.0,185.0,0.000519,0.001845,ws,ws,book_ladder,book_ladder,False,False,-2.4,4.5,65,-201.5,strategy_S9-149__TYPE_F:NIFTY:2026-04-16T14:13:00:LONG
2026-04-16,14:14:06,2026-04-16,14:14:15,NIFTY,BUY,TYPE_F,BOOK_ENTRY_1,BOOK_EXIT_1,24173.25,24171.8,NIFTY21APR2624150CE,24150.0,CE,192.45,191.05,195.0,190.0,195.0,190.0,0.00052,0.001569,ws,ws,book_ladder,book_ladder,False,False,-2.55,1.05,65,-91.0,strategy_S9-149__TYPE_F:NIFTY:2026-04-16T14:14:06:LONG
2026-04-16,14:14:23,2026-04-16,14:14:47,NIFTY,SELL,TYPE_F,BOOK_ENTRY_1,BOOK_EXIT_1,24166.85,24167.2,NIFTY21APR2624200PE,24200.0,PE,212.15,213.65,215.0,210.0,215.0,210.0,0.001651,0.001637,ws,ws,book_ladder,book_ladder,False,False,-2.85,3.65,65,97.5,strategy_S9-149__TYPE_F:NIFTY:2026-04-16T14:14:23:SHORT
2026-04-16,14:14:52,2026-04-16,14:15:03,NIFTY,BUY,TYPE_F,BOOK_ENTRY_1,BOOK_EXIT_1,24168.15,24165.9,NIFTY21APR2624150CE,24150.0,CE,190.45,188.65,195.0,185.0,195.0,185.0,0.000525,0.001324,ws,ws,book_ladder,book_ladder,False,False,-4.55,3.65,65,-117.0,strategy_S9-149__TYPE_F:NIFTY:2026-04-16T14:14:52:LONG
2026-04-16,14:15:12,2026-04-16,14:15:15,NIFTY,SELL,TYPE_F,BOOK_ENTRY_1,BOOK_EXIT_1,24162.9,24164.9,NIFTY21APR2624200PE,24200.0,PE,216.25,215.15,220.0,215.0,220.0,215.0,0.002083,0.002553,ws,ws,book_ladder,book_ladder,False,False,-3.75,0.15,65,-71.5,strategy_S9-149__TYPE_F:NIFTY:2026-04-16T14:15:12:SHORT
2026-04-16,14:15:35,2026-04-16,14:15:50,NIFTY,SELL,TYPE_F,BOOK_ENTRY_1,BOOK_EXIT_1,24161.35,24163.4,NIFTY21APR2624200PE,24200.0,PE,217.0,214.1,220.0,210.0,220.0,210.0,0.001614,0.001867,ws,ws,book_ladder,book_ladder,False,False,-3.0,4.1,65,-188.5,strategy_S9-149__TYPE_F:NIFTY:2026-04-16T14:15:35:SHORT
2026-04-16,14:16:01,2026-04-16,14:16:23,NIFTY,BUY,TYPE_F,BOOK_ENTRY_1,BOOK_EXIT_1,24166.5,24161.55,NIFTY21APR2624150CE,24150.0,CE,191.25,187.75,195.0,185.0,195.0,185.0,0.001832,0.002128,ws,ws,book_ladder,book_ladder,False,False,-3.75,2.75,65,-227.5,strategy_S9-149__TYPE_F:NIFTY:2026-04-16T14:16:01:LONG
2026-04-16,14:16:48,2026-04-16,14:17:01,NIFTY,BUY,TYPE_F,BOOK_ENTRY_1,BOOK_EXIT_1,24168.05,24163.25,NIFTY21APR2624150CE,24150.0,CE,188.15,186.45,190.0,185.0,190.0,185.0,0.001596,0.001608,ws,ws,book_ladder,book_ladder,False,False,-1.85,1.45,65,-110.5,strategy_S9-149__TYPE_F:NIFTY:2026-04-16T14:16:48:LONG
2026-04-16,14:17:43,2026-04-16,14:18:07,NIFTY,SELL,TYPE_F,BOOK_ENTRY_1,BOOK_EXIT_1,24162.25,24160.8,NIFTY21APR2624200PE,24200.0,PE,217.0,215.0,220.0,215.0,220.0,215.0,0.000691,0.002323,ws,ws,book_ladder,book_ladder,False,False,-3.0,0.0,65,-130.0,strategy_S9-149__TYPE_F:NIFTY:2026-04-16T14:17:43:SHORT
2026-04-16,14:19:25,2026-04-16,14:19:27,NIFTY,SELL,TYPE_F,BOOK_ENTRY_1,BOOK_EXIT_1,24161.45,24163.3,NIFTY21APR2624200PE,24200.0,PE,216.8,216.8,220.0,215.0,220.0,215.0,0.001847,0.000922,ws,ws,book_ladder,book_ladder,False,False,-3.2,1.8,65,0.0,strategy_S9-149__TYPE_F:NIFTY:2026-04-16T14:19:25:SHORT
2026-04-16,14:19:44,2026-04-16,14:19:54,NIFTY,BUY,TYPE_F,BOOK_ENTRY_1,BOOK_EXIT_2,24166.35,24166.0,NIFTY21APR2624150CE,24150.0,CE,188.65,189.9,190.0,190.0,190.0,185.0,0.000795,0.002104,ws,ws,book_ladder,book_ladder,False,True,-1.35,-0.1,65,81.25,strategy_S9-149__TYPE_F:NIFTY:2026-04-16T14:19:44:LONG
2026-04-16,14:20:03,2026-04-16,14:20:16,NIFTY,SELL,TYPE_F,BOOK_ENTRY_1,BOOK_EXIT_1,24161.35,24163.35,NIFTY21APR2624200PE,24200.0,PE,215.7,214.0,220.0,210.0,220.0,210.0,0.001624,0.001401,ws,ws,book_ladder,book_ladder,False,False,-4.3,4.0,65,-110.5,strategy_S9-149__TYPE_F:NIFTY:2026-04-16T14:20:03:SHORT
2026-04-16,14:20:38,2026-04-16,14:20:48,NIFTY,BUY,TYPE_F,BOOK_ENTRY_1,BOOK_EXIT_1,24169.5,24167.45,NIFTY21APR2624150CE,24150.0,CE,190.7,188.15,195.0,185.0,195.0,185.0,0.001049,0.002124,ws,ws,book_ladder,book_ladder,False,False,-4.3,3.15,65,-165.75,strategy_S9-149__TYPE_F:NIFTY:2026-04-16T14:20:38:LONG
2026-04-16,14:22:02,2026-04-16,14:22:24,NIFTY,BUY,TYPE_F,BOOK_ENTRY_1,BOOK_EXIT_1,24166.25,24166.2,NIFTY21APR2624150CE,24150.0,CE,189.65,190.6,190.0,190.0,190.0,190.0,0.001319,0.001835,ws,ws,book_ladder,book_ladder,False,False,-0.35,0.6,65,61.75,strategy_S9-149__TYPE_F:NIFTY:2026-04-16T14:22:02:LONG
2026-04-16,14:22:40,2026-04-16,14:23:01,NIFTY,BUY,TYPE_F,BOOK_ENTRY_1,BOOK_EXIT_1,24169.65,24169.15,NIFTY21APR2624150CE,24150.0,CE,192.45,192.1,195.0,190.0,195.0,190.0,0.002081,0.00182,ws,ws,book_ladder,book_ladder,False,False,-2.55,2.1,65,-22.75,strategy_S9-149__TYPE_F:NIFTY:2026-04-16T14:22:40:LONG
2026-04-16,14:23:56,2026-04-16,14:24:31,NIFTY,SELL,TYPE_F,BOOK_ENTRY_1,BOOK_EXIT_1,24167.1,24158.7,NIFTY21APR2624200PE,24200.0,PE,214.5,220.05,215.0,220.0,215.0,220.0,0.002334,0.00227,ws,ws,book_ladder,book_ladder,False,False,-0.5,0.05,65,360.75,strategy_S9-149__TYPE_F:NIFTY:2026-04-16T14:23:56:SHORT
2026-04-16,14:24:53,2026-04-16,14:25:15,NIFTY,BUY,TYPE_F,BOOK_ENTRY_1,BOOK_EXIT_1,24161.75,24165.7,NIFTY21APR2624150CE,24150.0,CE,187.2,187.95,190.0,185.0,190.0,185.0,0.001871,0.001595,ws,ws,book_ladder,book_ladder,False,False,-2.8,2.95,65,48.75,strategy_S9-149__TYPE_F:NIFTY:2026-04-16T14:24:53:LONG
2026-04-16,14:25:31,2026-04-16,14:25:55,NIFTY,BUY,TYPE_F,BOOK_ENTRY_1,BOOK_EXIT_1,24170.4,24170.85,NIFTY21APR2624150CE,24150.0,CE,190.8,192.05,195.0,190.0,195.0,190.0,0.001836,0.000521,ws,ws,book_ladder,book_ladder,False,False,-4.2,2.05,65,81.25,strategy_S9-149__TYPE_F:NIFTY:2026-04-16T14:25:31:LONG
2026-04-16,14:26:12,2026-04-16,14:27:04,NIFTY,BUY,TYPE_F,BOOK_ENTRY_1,BOOK_EXIT_1,24173.1,24179.25,NIFTY21APR2624150CE,24150.0,CE,195.55,197.35,200.0,195.0,200.0,195.0,0.000256,0.002278,ws,ws,book_ladder,book_ladder,False,False,-4.45,2.35,65,117.0,strategy_S9-149__TYPE_F:NIFTY:2026-04-16T14:26:12:LONG
2026-04-16,14:27:22,2026-04-16,14:27:44,NIFTY,BUY,TYPE_F,BOOK_ENTRY_1,BOOK_EXIT_1,24182.05,24181.0,NIFTY21APR2624150CE,24150.0,CE,198.95,198.2,200.0,195.0,200.0,195.0,0.001257,0.001512,ws,ws,book_ladder,book_ladder,False,False,-1.05,3.2,65,-48.75,strategy_S9-149__TYPE_F:NIFTY:2026-04-16T14:27:22:LONG
2026-04-16,14:28:22,2026-04-16,14:28:50,NIFTY,SELL,TYPE_F,BOOK_ENTRY_1,BOOK_EXIT_1,24178.7,24177.35,NIFTY21APR2624200PE,24200.0,PE,203.8,205.2,205.0,205.0,205.0,205.0,0.001719,0.001461,ws,ws,book_ladder,book_ladder,False,False,-1.2,0.2,65,91.0,strategy_S9-149__TYPE_F:NIFTY:2026-04-16T14:28:22:SHORT
2026-04-16,14:29:20,2026-04-16,14:29:40,NIFTY,SELL,TYPE_F,BOOK_ENTRY_1,BOOK_EXIT_1,24173.8,24176.85,NIFTY21APR2624200PE,24200.0,PE,205.45,202.55,210.0,200.0,210.0,200.0,0.001705,0.001234,ws,ws,book_ladder,book_ladder,False,False,-4.55,2.55,65,-188.5,strategy_S9-149__TYPE_F:NIFTY:2026-04-16T14:29:20:SHORT
2026-04-16,14:29:50,2026-04-16,14:30:43,NIFTY,BUY,TYPE_F,BOOK_ENTRY_1,BOOK_EXIT_1,24182.7,24193.65,NIFTY21APR2624150CE,24150.0,CE,199.65,205.45,200.0,205.0,200.0,205.0,0.001253,0.002188,ws,ws,book_ladder,book_ladder,False,False,-0.35,0.45,65,377.0,strategy_S9-149__TYPE_F:NIFTY:2026-04-16T14:29:50:LONG
2026-04-16,14:31:00,2026-04-16,14:31:19,NIFTY,BUY,TYPE_F,BOOK_ENTRY_1,BOOK_EXIT_1,24196.35,24199.9,NIFTY21APR2624150CE,24150.0,CE,207.05,209.5,210.0,205.0,210.0,205.0,0.000242,0.002146,ws,ws,book_ladder,book_ladder,False,False,-2.95,4.5,65,159.25,strategy_S9-149__TYPE_F:NIFTY:2026-04-16T14:31:00:LONG
2026-04-16,14:33:00,2026-04-16,14:33:16,NIFTY,BUY,TYPE_F,BOOK_ENTRY_1,BOOK_EXIT_1,24211.35,24214.2,NIFTY21APR2624200CE,24200.0,CE,192.4,192.9,195.0,190.0,195.0,190.0,0.0013,0.002589,ws,ws,book_ladder,book_ladder,False,False,-2.6,2.9,65,32.5,strategy_S9-149__TYPE_F:NIFTY:2026-04-16T14:33:00:LONG
2026-04-16,14:33:39,2026-04-16,14:33:47,NIFTY,SELL,TYPE_F,BOOK_ENTRY_1,BOOK_EXIT_1,24205.8,24207.8,NIFTY21APR2624250PE,24250.0,PE,215.55,215.25,220.0,215.0,220.0,215.0,0.001857,0.000697,ws,ws,book_ladder,book_ladder,False,False,-4.45,0.25,65,-19.5,strategy_S9-149__TYPE_F:NIFTY:2026-04-16T14:33:39:SHORT
2026-04-16,14:34:31,2026-04-16,14:34:45,NIFTY,SELL,TYPE_F,BOOK_ENTRY_1,BOOK_EXIT_1,24209.55,24212.25,NIFTY21APR2624250PE,24250.0,PE,210.9,209.6,215.0,205.0,215.0,205.0,0.002136,0.000954,ws,ws,book_ladder,book_ladder,False,False,-4.1,4.6,65,-84.5,strategy_S9-149__TYPE_F:NIFTY:2026-04-16T14:34:31:SHORT
2026-04-16,14:34:50,2026-04-16,14:35:10,NIFTY,BUY,TYPE_F,BOOK_ENTRY_1,BOOK_EXIT_1,24215.6,24221.9,NIFTY21APR2624200CE,24200.0,CE,196.15,198.5,200.0,195.0,200.0,195.0,0.002297,0.001762,ws,ws,book_ladder,book_ladder,False,False,-3.85,3.5,65,152.75,strategy_S9-149__TYPE_F:NIFTY:2026-04-16T14:34:50:LONG
2026-04-16,14:35:35,2026-04-16,14:35:47,NIFTY,SELL,TYPE_F,BOOK_ENTRY_1,BOOK_EXIT_1,24219.15,24221.45,NIFTY21APR2624250PE,24250.0,PE,206.95,205.8,210.0,205.0,210.0,205.0,0.002177,0.001457,ws,ws,book_ladder,book_ladder,False,False,-3.05,0.8,65,-74.75,strategy_S9-149__TYPE_F:NIFTY:2026-04-16T14:35:35:SHORT
2026-04-16,14:35:59,2026-04-16,14:36:17,NIFTY,SELL,TYPE_F,BOOK_ENTRY_1,BOOK_EXIT_1,24216.1,24214.2,NIFTY21APR2624250PE,24250.0,PE,207.95,207.4,210.0,205.0,210.0,205.0,0.001444,0.001686,ws,ws,book_ladder,book_ladder,False,False,-2.05,2.4,65,-35.75,strategy_S9-149__TYPE_F:NIFTY:2026-04-16T14:35:59:SHORT
2026-04-16,14:37:01,2026-04-16,14:37:40,NIFTY,BUY,TYPE_F,BOOK_ENTRY_1,BOOK_EXIT_1,24218.45,24222.8,NIFTY21APR2624200CE,24200.0,CE,193.9,193.4,195.0,190.0,195.0,190.0,0.002065,0.002066,ws,ws,book_ladder,book_ladder,False,False,-1.1,3.4,65,-32.5,strategy_S9-149__TYPE_F:NIFTY:2026-04-16T14:37:01:LONG
2026-04-16,14:39:10,2026-04-16,14:39:28,NIFTY,SELL,TYPE_F,BOOK_ENTRY_1,BOOK_EXIT_1,24217.75,24217.35,NIFTY21APR2624250PE,24250.0,PE,203.75,201.6,205.0,200.0,205.0,200.0,0.002211,0.001982,ws,ws,book_ladder,book_ladder,False,False,-1.25,1.6,65,-139.75,strategy_S9-149__TYPE_F:NIFTY:2026-04-16T14:39:10:SHORT
2026-04-16,14:39:33,2026-04-16,14:39:50,NIFTY,BUY,TYPE_F,BOOK_ENTRY_1,BOOK_EXIT_1,24222.0,24222.3,NIFTY21APR2624200CE,24200.0,CE,192.95,192.9,195.0,190.0,195.0,190.0,0.001816,0.002071,ws,ws,book_ladder,book_ladder,False,False,-2.05,2.9,65,-3.25,strategy_S9-149__TYPE_F:NIFTY:2026-04-16T14:39:33:LONG
2026-04-16,14:40:32,2026-04-16,14:40:48,NIFTY,BUY,TYPE_F,BOOK_ENTRY_1,BOOK_EXIT_1,24227.25,24226.5,NIFTY21APR2624200CE,24200.0,CE,196.95,195.5,200.0,195.0,200.0,195.0,0.001524,0.002044,ws,ws,book_ladder,book_ladder,False,False,-3.05,0.5,65,-94.25,strategy_S9-149__TYPE_F:NIFTY:2026-04-16T14:40:32:LONG
2026-04-16,14:42:00,2026-04-16,14:42:18,NIFTY,BUY,TYPE_F,BOOK_ENTRY_1,BOOK_EXIT_1,24229.8,24230.35,NIFTY21APR2624200CE,24200.0,CE,198.45,197.75,200.0,195.0,200.0,195.0,0.00227,0.002021,ws,ws,book_ladder,book_ladder,False,False,-1.55,2.75,65,-45.5,strategy_S9-149__TYPE_F:NIFTY:2026-04-16T14:42:00:LONG
2026-04-16,14:42:44,2026-04-16,14:43:12,NIFTY,SELL,TYPE_F,BOOK_ENTRY_1,BOOK_EXIT_1,24227.35,24227.25,NIFTY21APR2624250PE,24250.0,PE,196.45,195.45,200.0,195.0,200.0,195.0,0.002293,0.0023,ws,ws,book_ladder,book_ladder,False,False,-3.55,0.45,65,-65.0,strategy_S9-149__TYPE_F:NIFTY:2026-04-16T14:42:44:SHORT
2026-04-16,14:43:20,2026-04-16,14:43:35,NIFTY,BUY,TYPE_F,BOOK_ENTRY_1,BOOK_EXIT_1,24231.05,24230.5,NIFTY21APR2624200CE,24200.0,CE,198.95,196.5,200.0,195.0,200.0,195.0,0.001509,0.002034,ws,ws,book_ladder,book_ladder,False,False,-1.05,1.5,65,-159.25,strategy_S9-149__TYPE_F:NIFTY:2026-04-16T14:43:20:LONG
2026-04-16,14:43:40,2026-04-16,14:43:49,NIFTY,BUY,TYPE_F,BOOK_ENTRY_1,BOOK_EXIT_1,24232.5,24230.05,NIFTY21APR2624200CE,24200.0,CE,197.3,197.0,200.0,195.0,200.0,195.0,0.002029,0.001775,ws,ws,book_ladder,book_ladder,False,False,-2.7,2.0,65,-19.5,strategy_S9-149__TYPE_F:NIFTY:2026-04-16T14:43:40:LONG
2026-04-16,14:44:23,2026-04-16,14:44:46,NIFTY,SELL,TYPE_F,BOOK_ENTRY_1,BOOK_EXIT_1,24222.7,24216.6,NIFTY21APR2624250PE,24250.0,PE,201.05,205.0,205.0,205.0,205.0,205.0,0.001742,0.002436,ws,ws,book_ladder,book_ladder,False,False,-3.95,0.0,65,256.75,strategy_S9-149__TYPE_F:NIFTY:2026-04-16T14:44:23:SHORT
2026-04-16,14:45:10,2026-04-16,14:45:34,NIFTY,BUY,TYPE_F,BOOK_ENTRY_1,BOOK_EXIT_1,24233.8,24236.85,NIFTY21APR2624200CE,24200.0,CE,197.25,197.85,200.0,195.0,200.0,195.0,0.00203,0.001767,ws,ws,book_ladder,book_ladder,False,False,-2.75,2.85,65,39.0,strategy_S9-149__TYPE_F:NIFTY:2026-04-16T14:45:10:LONG
2026-04-16,14:45:40,2026-04-16,14:45:56,NIFTY,BUY,TYPE_F,BOOK_ENTRY_1,BOOK_EXIT_1,24238.85,24238.5,NIFTY21APR2624200CE,24200.0,CE,198.0,198.05,200.0,195.0,200.0,195.0,0.001516,0.002018,ws,ws,book_ladder,book_ladder,False,False,-2.0,3.05,65,3.25,strategy_S9-149__TYPE_F:NIFTY:2026-04-16T14:45:40:LONG
2026-04-16,14:47:20,2026-04-16,14:47:43,NIFTY,BUY,TYPE_F,BOOK_ENTRY_1,BOOK_EXIT_1,24234.35,24233.45,NIFTY21APR2624200CE,24200.0,CE,197.5,196.9,200.0,195.0,200.0,195.0,0.001774,0.002029,ws,ws,book_ladder,book_ladder,False,False,-2.5,1.9,65,-39.0,strategy_S9-149__TYPE_F:NIFTY:2026-04-16T14:47:20:LONG
2026-04-16,14:47:55,2026-04-16,14:48:08,NIFTY,SELL,TYPE_F,BOOK_ENTRY_1,BOOK_EXIT_1,24232.0,24234.4,NIFTY21APR2624250PE,24250.0,PE,194.0,192.2,195.0,190.0,195.0,190.0,0.002322,0.00156,ws,ws,book_ladder,book_ladder,False,False,-1.0,2.2,65,-117.0,strategy_S9-149__TYPE_F:NIFTY:2026-04-16T14:47:55:SHORT
2026-04-16,14:49:12,2026-04-16,14:49:30,NIFTY,SELL,TYPE_F,BOOK_ENTRY_1,BOOK_EXIT_1,24232.2,24230.4,NIFTY21APR2624250PE,24250.0,PE,195.25,193.8,200.0,190.0,200.0,190.0,0.001538,0.001547,ws,ws,book_ladder,book_ladder,False,False,-4.75,3.8,65,-94.25,strategy_S9-149__TYPE_F:NIFTY:2026-04-16T14:49:12:SHORT
2026-04-16,14:50:01,2026-04-16,14:50:34,NIFTY,BUY,TYPE_F,BOOK_ENTRY_1,BOOK_EXIT_1,24236.0,24242.2,NIFTY21APR2624200CE,24200.0,CE,198.9,199.05,200.0,195.0,200.0,195.0,0.001761,0.002008,ws,ws,book_ladder,book_ladder,False,False,-1.1,4.05,65,9.75,strategy_S9-149__TYPE_F:NIFTY:2026-04-16T14:50:01:LONG
2026-04-16,14:50:43,2026-04-16,14:51:23,NIFTY,SELL,TYPE_F,BOOK_ENTRY_1,BOOK_EXIT_1,24239.9,24238.15,NIFTY21APR2624250PE,24250.0,PE,193.8,192.0,195.0,190.0,195.0,190.0,0.002325,0.001821,ws,ws,book_ladder,book_ladder,False,False,-1.2,2.0,65,-117.0,strategy_S9-149__TYPE_F:NIFTY:2026-04-16T14:50:43:SHORT
2026-04-16,14:51:40,2026-04-16,14:52:15,NIFTY,BUY,TYPE_F,BOOK_ENTRY_1,BOOK_EXIT_1,24240.85,24241.55,NIFTY21APR2624200CE,24200.0,CE,201.6,202.55,205.0,200.0,205.0,200.0,0.001986,0.001726,ws,ws,book_ladder,book_ladder,False,False,-3.4,2.55,65,61.75,strategy_S9-149__TYPE_F:NIFTY:2026-04-16T14:51:40:LONG
2026-04-16,14:54:02,2026-04-16,14:54:11,NIFTY,SELL,TYPE_F,BOOK_ENTRY_1,BOOK_EXIT_1,24231.5,24233.85,NIFTY21APR2624250PE,24250.0,PE,191.75,192.85,195.0,190.0,195.0,190.0,0.00235,0.001813,ws,ws,book_ladder,book_ladder,False,False,-3.25,2.85,65,71.5,strategy_S9-149__TYPE_F:NIFTY:2026-04-16T14:54:02:SHORT
2026-04-16,14:54:40,2026-04-16,14:54:59,NIFTY,BUY,TYPE_F,BOOK_ENTRY_1,BOOK_EXIT_1,24235.6,24240.75,NIFTY21APR2624200CE,24200.0,CE,198.15,197.65,200.0,195.0,200.0,195.0,0.002021,0.001769,ws,ws,book_ladder,book_ladder,False,False,-1.85,2.65,65,-32.5,strategy_S9-149__TYPE_F:NIFTY:2026-04-16T14:54:40:LONG
2026-04-16,14:55:52,2026-04-16,14:56:16,NIFTY,SELL,TYPE_F,BOOK_ENTRY_1,BOOK_EXIT_1,24233.85,24231.15,NIFTY21APR2624250PE,24250.0,PE,194.8,195.45,195.0,195.0,195.0,195.0,0.002055,0.001789,ws,ws,book_ladder,book_ladder,False,False,-0.2,0.45,65,42.25,strategy_S9-149__TYPE_F:NIFTY:2026-04-16T14:55:52:SHORT
2026-04-16,14:56:52,2026-04-16,14:57:06,NIFTY,SELL,TYPE_F,BOOK_ENTRY_1,BOOK_EXIT_1,24228.55,24229.45,NIFTY21APR2624250PE,24250.0,PE,199.2,198.55,200.0,195.0,200.0,195.0,0.002513,0.00151,ws,ws,book_ladder,book_ladder,False,False,-0.8,3.55,65,-42.25,strategy_S9-149__TYPE_F:NIFTY:2026-04-16T14:56:52:SHORT
2026-04-16,14:57:22,2026-04-16,14:57:44,NIFTY,BUY,TYPE_F,BOOK_ENTRY_1,BOOK_EXIT_1,24233.35,24227.05,NIFTY21APR2624200CE,24200.0,CE,193.6,193.1,195.0,190.0,195.0,190.0,0.001809,0.001811,ws,ws,book_ladder,book_ladder,False,False,-1.4,3.1,65,-32.5,strategy_S9-149__TYPE_F:NIFTY:2026-04-16T14:57:22:LONG
2026-04-16,14:57:50,2026-04-16,14:58:00,NIFTY,SELL,TYPE_F,BOOK_ENTRY_1,BOOK_EXIT_1,24219.0,24220.55,NIFTY21APR2624250PE,24250.0,PE,201.9,200.55,205.0,200.0,205.0,200.0,0.001983,0.000997,ws,ws,book_ladder,book_ladder,False,False,-3.1,0.55,65,-87.75,strategy_S9-149__TYPE_F:NIFTY:2026-04-16T14:57:50:SHORT
2026-04-16,14:58:24,2026-04-16,14:59:22,NIFTY,BUY,TYPE_F,BOOK_ENTRY_1,BOOK_EXIT_1,24223.75,24228.0,NIFTY21APR2624200CE,24200.0,CE,190.7,193.25,195.0,190.0,195.0,190.0,0.001837,0.002326,ws,ws,book_ladder,book_ladder,False,False,-4.3,3.25,65,165.75,strategy_S9-149__TYPE_F:NIFTY:2026-04-16T14:58:24:LONG
2026-04-16,15:00:03,2026-04-16,15:00:15,NIFTY,BUY,TYPE_F,BOOK_ENTRY_1,BOOK_EXIT_1,24234.6,24235.4,NIFTY21APR2624200CE,24200.0,CE,195.0,195.9,195.0,195.0,195.0,195.0,0.001026,0.002549,ws,ws,book_ladder,book_ladder,False,False,0.0,0.9,65,58.5,strategy_S9-149__TYPE_F:NIFTY:2026-04-16T15:00:03:LONG
2026-04-16,15:00:42,2026-04-16,15:00:57,NIFTY,SELL,TYPE_F,BOOK_ENTRY_1,BOOK_EXIT_1,24229.05,24206.3,NIFTY21APR2624250PE,24250.0,PE,197.85,205.85,200.0,205.0,200.0,205.0,0.001771,0.002184,ws,ws,book_ladder,book_ladder,False,False,-2.15,0.85,65,520.0,strategy_S9-149__TYPE_F:NIFTY:2026-04-16T15:00:42:SHORT
2026-04-16,15:01:14,2026-04-16,15:01:19,NIFTY,SELL,TYPE_F,BOOK_ENTRY_1,BOOK_EXIT_1,24188.55,24194.5,NIFTY21APR2624200PE,24200.0,PE,188.9,186.45,190.0,185.0,190.0,185.0,0.00265,0.002411,ws,ws,book_ladder,book_ladder,False,False,-1.1,1.45,65,-159.25,strategy_S9-149__TYPE_F:NIFTY:2026-04-16T15:01:14:SHORT
2026-04-16,15:01:45,2026-04-16,15:01:52,NIFTY,SELL,TYPE_F,BOOK_ENTRY_1,BOOK_EXIT_1,24190.75,24195.7,NIFTY21APR2624200PE,24200.0,PE,186.5,184.7,190.0,180.0,190.0,180.0,0.002147,0.001082,ws,ws,book_ladder,book_ladder,False,False,-3.5,4.7,65,-117.0,strategy_S9-149__TYPE_F:NIFTY:2026-04-16T15:01:45:SHORT
2026-04-16,15:02:20,2026-04-16,15:02:35,NIFTY,BUY,TYPE_F,BOOK_ENTRY_1,BOOK_EXIT_1,24201.95,24213.15,NIFTY21APR2624200CE,24200.0,CE,181.0,182.8,185.0,180.0,185.0,180.0,0.001659,0.002186,ws,ws,book_ladder,book_ladder,False,False,-4.0,2.8,65,117.0,strategy_S9-149__TYPE_F:NIFTY:2026-04-16T15:02:20:LONG
2026-04-16,15:03:09,2026-04-16,15:03:16,NIFTY,BUY,TYPE_F,BOOK_ENTRY_1,BOOK_EXIT_1,24222.0,24218.35,NIFTY21APR2624200CE,24200.0,CE,184.35,183.5,185.0,180.0,185.0,180.0,0.001629,0.001634,ws,ws,book_ladder,book_ladder,False,False,-0.65,3.5,65,-55.25,strategy_S9-149__TYPE_F:NIFTY:2026-04-16T15:03:09:LONG
2026-04-16,15:04:01,2026-04-16,15:04:21,NIFTY,BUY,TYPE_F,BOOK_ENTRY_1,BOOK_EXIT_1,24221.05,24223.45,NIFTY21APR2624200CE,24200.0,CE,185.55,189.05,190.0,185.0,190.0,185.0,0.001888,0.002114,ws,ws,book_ladder,book_ladder,False,False,-4.45,4.05,65,227.5,strategy_S9-149__TYPE_F:NIFTY:2026-04-16T15:04:01:LONG
2026-04-16,15:04:43,2026-04-16,15:05:03,NIFTY,SELL,TYPE_F,BOOK_ENTRY_1,BOOK_EXIT_1,24219.4,24206.85,NIFTY21APR2624250PE,24250.0,PE,204.8,209.35,205.0,205.0,205.0,205.0,0.000977,0.001193,ws,ws,book_ladder,book_ladder,False,False,-0.2,4.35,65,295.75,strategy_S9-149__TYPE_F:NIFTY:2026-04-16T15:04:43:SHORT
2026-04-16,15:06:16,2026-04-16,15:06:26,NIFTY,BUY,TYPE_F,BOOK_ENTRY_1,BOOK_EXIT_1,24203.85,24201.7,NIFTY21APR2624200CE,24200.0,CE,183.25,182.85,185.0,180.0,185.0,180.0,0.001638,0.002185,ws,ws,book_ladder,book_ladder,False,False,-1.75,2.85,65,-26.0,strategy_S9-149__TYPE_F:NIFTY:2026-04-16T15:06:16:LONG
2026-04-16,15:06:42,2026-04-16,15:07:03,NIFTY,SELL,TYPE_F,BOOK_ENTRY_1,BOOK_EXIT_1,24198.4,24198.35,NIFTY21APR2624200PE,24200.0,PE,188.8,191.15,190.0,190.0,190.0,190.0,0.00106,0.000784,ws,ws,book_ladder,book_ladder,False,False,-1.2,1.15,65,152.75,strategy_S9-149__TYPE_F:NIFTY:2026-04-16T15:06:42:SHORT
2026-04-16,15:07:20,2026-04-16,15:07:35,NIFTY,SELL,TYPE_F,BOOK_ENTRY_1,BOOK_EXIT_1,24195.3,24192.9,NIFTY21APR2624200PE,24200.0,PE,194.25,192.9,195.0,190.0,195.0,190.0,0.00103,0.002847,ws,ws,book_ladder,book_ladder,False,False,-0.75,2.9,65,-87.75,strategy_S9-149__TYPE_F:NIFTY:2026-04-16T15:07:20:SHORT
2026-04-16,15:08:04,2026-04-16,15:08:35,NIFTY,SELL,TYPE_F,BOOK_ENTRY_1,BOOK_EXIT_1,24188.8,24179.35,NIFTY21APR2624200PE,24200.0,PE,195.3,201.1,200.0,200.0,200.0,200.0,0.001537,0.001739,ws,ws,book_ladder,book_ladder,False,False,-4.7,1.1,65,377.0,strategy_S9-149__TYPE_F:NIFTY:2026-04-16T15:08:04:SHORT
2026-04-16,15:08:50,2026-04-16,15:09:17,NIFTY,SELL,TYPE_F,BOOK_ENTRY_1,BOOK_EXIT_1,24170.5,24169.8,NIFTY21APR2624200PE,24200.0,PE,204.35,203.8,205.0,200.0,205.0,200.0,0.001714,0.001226,ws,ws,book_ladder,book_ladder,False,False,-0.65,3.8,65,-35.75,strategy_S9-149__TYPE_F:NIFTY:2026-04-16T15:08:50:SHORT
2026-04-16,15:09:45,2026-04-16,15:09:52,NIFTY,SELL,TYPE_F,BOOK_ENTRY_1,BOOK_EXIT_1,24165.3,24169.95,NIFTY21APR2624200PE,24200.0,PE,204.85,202.35,205.0,200.0,205.0,200.0,0.00171,0.001975,ws,ws,book_ladder,book_ladder,False,False,-0.15,2.35,65,-162.5,strategy_S9-149__TYPE_F:NIFTY:2026-04-16T15:09:45:SHORT
2026-04-16,15:10:08,2026-04-16,15:10:37,NIFTY,BUY,TYPE_F,BOOK_ENTRY_1,BOOK_EXIT_1,24174.9,24190.0,NIFTY21APR2624150CE,24150.0,CE,199.45,202.5,200.0,200.0,200.0,200.0,0.000502,0.001973,ws,ws,book_ladder,book_ladder,False,False,-0.55,2.5,65,198.25,strategy_S9-149__TYPE_F:NIFTY:2026-04-16T15:10:08:LONG
2026-04-16,15:11:10,2026-04-16,15:11:20,NIFTY,BUY,TYPE_F,BOOK_ENTRY_1,BOOK_EXIT_1,24199.25,24195.3,NIFTY21APR2624150CE,24150.0,CE,203.7,202.05,205.0,200.0,205.0,200.0,0.00172,0.001237,ws,ws,book_ladder,book_ladder,False,False,-1.3,2.05,65,-107.25,strategy_S9-149__TYPE_F:NIFTY:2026-04-16T15:11:10:LONG
2026-04-16,15:11:52,2026-04-16,15:12:14,NIFTY,BUY,TYPE_F,BOOK_ENTRY_1,BOOK_EXIT_1,24199.9,24198.3,NIFTY21APR2624150CE,24150.0,CE,204.85,203.65,205.0,200.0,205.0,200.0,0.002199,0.001717,ws,ws,book_ladder,book_ladder,False,False,-0.15,3.65,65,-78.0,strategy_S9-149__TYPE_F:NIFTY:2026-04-16T15:11:52:LONG
2026-04-16,15:12:37,2026-04-16,15:12:42,NIFTY,SELL,TYPE_F,BOOK_ENTRY_1,BOOK_EXIT_1,24195.45,24198.5,NIFTY21APR2624200PE,24200.0,PE,198.3,196.65,200.0,195.0,200.0,195.0,0.001009,0.002539,ws,ws,book_ladder,book_ladder,False,False,-1.7,1.65,65,-107.25,strategy_S9-149__TYPE_F:NIFTY:2026-04-16T15:12:37:SHORT
2026-04-16,15:13:32,2026-04-16,15:13:56,NIFTY,SELL,TYPE_F,BOOK_ENTRY_1,BOOK_EXIT_1,24196.5,24191.25,NIFTY21APR2624200PE,24200.0,PE,197.9,197.4,200.0,195.0,200.0,195.0,0.001264,0.002277,ws,ws,book_ladder,book_ladder,False,False,-2.1,2.4,65,-32.5,strategy_S9-149__TYPE_F:NIFTY:2026-04-16T15:13:32:SHORT
2026-04-16,15:14:20,2026-04-16,15:14:50,NIFTY,SELL,TYPE_F,BOOK_ENTRY_1,BOOK_EXIT_1,24188.15,24187.0,NIFTY21APR2624200PE,24200.0,PE,198.9,197.35,200.0,195.0,200.0,195.0,0.000503,0.001519,ws,ws,book_ladder,book_ladder,False,False,-1.1,2.35,65,-100.75,strategy_S9-149__TYPE_F:NIFTY:2026-04-16T15:14:20:SHORT
2026-04-16,15:15:00,2026-04-16,15:15:18,NIFTY,SELL,TYPE_F,BOOK_ENTRY_1,BOOK_EXIT_1,24182.6,24181.5,NIFTY21APR2624200PE,24200.0,PE,197.9,197.45,200.0,195.0,200.0,195.0,0.001011,0.001518,ws,ws,book_ladder,book_ladder,False,False,-2.1,2.45,65,-29.25,strategy_S9-149__TYPE_F:NIFTY:2026-04-16T15:15:00:SHORT
2026-04-16,15:15:30,2026-04-16,15:15:50,NIFTY,BUY,TYPE_F,BOOK_ENTRY_1,BOOK_EXIT_1,24187.95,24193.35,NIFTY21APR2624150CE,24150.0,CE,208.45,208.8,210.0,205.0,210.0,205.0,0.00168,0.002392,ws,ws,book_ladder,book_ladder,False,False,-1.55,3.8,65,22.75,strategy_S9-149__TYPE_F:NIFTY:2026-04-16T15:15:30:LONG
2026-04-16,15:16:21,2026-04-16,15:16:46,NIFTY,SELL,TYPE_F,BOOK_ENTRY_1,BOOK_EXIT_1,24195.2,24195.0,NIFTY21APR2624200PE,24200.0,PE,196.25,195.05,200.0,195.0,200.0,195.0,0.000765,0.002304,ws,ws,book_ladder,book_ladder,False,False,-3.75,0.05,65,-78.0,strategy_S9-149__TYPE_F:NIFTY:2026-04-16T15:16:21:SHORT
2026-04-16,15:17:22,2026-04-16,15:17:27,NIFTY,SELL,TYPE_F,BOOK_ENTRY_1,BOOK_EXIT_1,24192.9,24197.65,NIFTY21APR2624200PE,24200.0,PE,195.45,195.5,200.0,195.0,200.0,195.0,0.001792,0.000511,ws,ws,book_ladder,book_ladder,False,False,-4.55,0.5,65,3.25,strategy_S9-149__TYPE_F:NIFTY:2026-04-16T15:17:22:SHORT
2026-04-16,15:17:40,2026-04-16,15:17:51,NIFTY,SELL,TYPE_F,BOOK_ENTRY_1,BOOK_EXIT_1,24194.1,24195.9,NIFTY21APR2624200PE,24200.0,PE,198.65,197.25,200.0,195.0,200.0,195.0,0.001511,0.00152,ws,ws,book_ladder,book_ladder,False,False,-1.35,2.25,65,-91.0,strategy_S9-149__TYPE_F:NIFTY:2026-04-16T15:17:40:SHORT
2026-04-16,15:18:10,2026-04-16,15:18:55,NIFTY,SELL,TYPE_F,BOOK_ENTRY_1,BOOK_EXIT_1,24191.8,24180.8,NIFTY21APR2624200PE,24200.0,PE,198.4,197.0,200.0,195.0,200.0,195.0,0.002271,0.000761,ws,ws,book_ladder,book_ladder,False,False,-1.6,2.0,65,-91.0,strategy_S9-149__TYPE_F:NIFTY:2026-04-16T15:18:10:SHORT
2026-04-16,15:19:16,2026-04-16,15:19:25,NIFTY,BUY,TYPE_F,BOOK_ENTRY_1,BOOK_EXIT_1,24183.2,24182.15,NIFTY21APR2624150CE,24150.0,CE,208.7,208.0,210.0,205.0,210.0,205.0,0.002399,0.001921,ws,ws,book_ladder,book_ladder,False,False,-1.3,3.0,65,-45.5,strategy_S9-149__TYPE_F:NIFTY:2026-04-16T15:19:16:LONG
2026-04-16,15:19:32,2026-04-16,15:19:57,NIFTY,SELL,TYPE_F,BOOK_ENTRY_1,BOOK_EXIT_1,24178.55,24181.05,NIFTY21APR2624200PE,24200.0,PE,197.0,196.3,200.0,195.0,200.0,195.0,0.000762,0.001018,ws,ws,book_ladder,book_ladder,False,False,-3.0,1.3,65,-45.5,strategy_S9-149__TYPE_F:NIFTY:2026-04-16T15:19:32:SHORT
2026-04-16,15:20:24,2026-04-16,15:20:45,NIFTY,BUY,TYPE_F,BOOK_ENTRY_1,BOOK_EXIT_1,24191.85,24194.6,NIFTY21APR2624150CE,24150.0,CE,209.7,209.4,210.0,205.0,210.0,205.0,0.002148,0.00167,ws,ws,book_ladder,book_ladder,False,False,-0.3,4.4,65,-19.5,strategy_S9-149__TYPE_F:NIFTY:2026-04-16T15:20:24:LONG
2026-04-16,15:21:55,2026-04-16,15:22:06,NIFTY,BUY,TYPE_F,BOOK_ENTRY_1,BOOK_EXIT_1,24195.15,24194.4,NIFTY21APR2624150CE,24150.0,CE,208.05,205.65,210.0,205.0,210.0,205.0,0.001684,0.002671,ws,ws,book_ladder,book_ladder,False,False,-1.95,0.65,65,-156.0,strategy_S9-149__TYPE_F:NIFTY:2026-04-16T15:21:55:LONG
2026-04-16,15:22:34,2026-04-16,15:22:59,NIFTY,BUY,TYPE_F,BOOK_ENTRY_1,BOOK_EXIT_1,24196.4,24196.2,NIFTY21APR2624150CE,24150.0,CE,205.95,206.25,210.0,205.0,210.0,205.0,0.002187,0.002179,ws,ws,book_ladder,book_ladder,False,False,-4.05,1.25,65,19.5,strategy_S9-149__TYPE_F:NIFTY:2026-04-16T15:22:34:LONG
2026-04-16,15:24:26,2026-04-16,15:24:33,NIFTY,BUY,TYPE_F,BOOK_ENTRY_1,BOOK_EXIT_1,24198.6,24196.2,NIFTY21APR2624150CE,24150.0,CE,205.85,205.3,210.0,205.0,210.0,205.0,0.001702,0.00073,ws,ws,book_ladder,book_ladder,False,False,-4.15,0.3,65,-35.75,strategy_S9-149__TYPE_F:NIFTY:2026-04-16T15:24:26:LONG
