Entry_Date,Entry_Time,Exit_Date,Exit_Time,Underlying_Symbol,Strategy_Direction,Execution_Mode,Entry_Label,Exit_Label,Underlying_Entry_Price,Underlying_Exit_Price,Option_Symbol,Option_Strike,Option_Type,Option_Entry_Price,Option_Exit_Price,Entry_Fair_Value,Exit_Fair_Value,Entry_Limit_Price,Exit_Limit_Price,Entry_Spread_Pct,Exit_Spread_Pct,Entry_Quote_Source,Exit_Quote_Source,Entry_Pricing_Mode,Exit_Pricing_Mode,Entry_Repriced,Exit_Repriced,Entry_Slippage_vs_Fair,Exit_Slippage_vs_Fair,Qty,PnL,Trade_ID
2026-04-13,09:18:22,2026-04-13,09:18:55,NIFTY,SELL,TYPE_F,BOOK_ENTRY_1,BOOK_EXIT_1,23564.4,23570.25,NIFTY13APR2623600PE,23600.0,PE,101.9,99.05,105.0,95.0,105.0,95.0,0.002456,0.001513,ws,ws,book_ladder,book_ladder,False,False,-3.1,4.05,65,-185.25,strategy_S9-10__TYPE_F:NIFTY:2026-04-13T09:18:22:SHORT
2026-04-13,09:19:00,2026-04-13,09:19:17,NIFTY,BUY,TYPE_F,BOOK_ENTRY_1,BOOK_EXIT_1,23571.15,23569.75,NIFTY13APR2623550CE,23550.0,CE,103.65,104.05,105.0,100.0,105.0,100.0,0.002899,0.0024,ws,ws,book_ladder,book_ladder,False,False,-1.35,4.05,65,26.0,strategy_S9-10__TYPE_F:NIFTY:2026-04-13T09:19:00:LONG
2026-04-13,09:19:30,2026-04-13,09:19:35,NIFTY,BUY,TYPE_F,BOOK_ENTRY_1,BOOK_EXIT_1,23577.0,23573.6,NIFTY13APR2623550CE,23550.0,CE,105.3,104.2,110.0,100.0,110.0,100.0,0.001901,0.002396,ws,ws,book_ladder,book_ladder,False,False,-4.7,4.2,65,-71.5,strategy_S9-10__TYPE_F:NIFTY:2026-04-13T09:19:30:LONG
2026-04-13,09:21:04,2026-04-13,09:21:16,NIFTY,SELL,TYPE_F,BOOK_ENTRY_1,BOOK_EXIT_1,23575.55,23583.55,NIFTY13APR2623600PE,23600.0,PE,98.55,96.9,100.0,95.0,100.0,95.0,0.001523,0.002062,ws,ws,book_ladder,book_ladder,False,False,-1.45,1.9,65,-107.25,strategy_S9-10__TYPE_F:NIFTY:2026-04-13T09:21:04:SHORT
2026-04-13,09:21:35,2026-04-13,09:21:54,NIFTY,BUY,TYPE_F,BOOK_ENTRY_1,BOOK_EXIT_1,23590.3,23583.0,NIFTY13APR2623550CE,23550.0,CE,107.7,104.55,110.0,100.0,110.0,100.0,0.002789,0.002865,ws,ws,book_ladder,book_ladder,False,False,-2.3,4.55,65,-204.75,strategy_S9-10__TYPE_F:NIFTY:2026-04-13T09:21:35:LONG
2026-04-13,09:22:24,2026-04-13,09:22:45,NIFTY,SELL,TYPE_F,BOOK_ENTRY_1,BOOK_EXIT_1,23576.75,23578.9,NIFTY13APR2623600PE,23600.0,PE,99.65,97.2,100.0,95.0,100.0,95.0,0.002009,0.002569,ws,ws,book_ladder,book_ladder,False,False,-0.35,2.2,65,-159.25,strategy_S9-10__TYPE_F:NIFTY:2026-04-13T09:22:24:SHORT
2026-04-13,09:22:56,2026-04-13,09:22:59,NIFTY,SELL,TYPE_F,BOOK_ENTRY_1,BOOK_EXIT_1,23573.0,23580.35,NIFTY13APR2623600PE,23600.0,PE,100.0,98.9,100.0,95.0,100.0,95.0,0.001501,0.002525,ws,ws,book_ladder,book_ladder,False,False,0.0,3.9,65,-71.5,strategy_S9-10__TYPE_F:NIFTY:2026-04-13T09:22:56:SHORT
2026-04-13,09:23:15,2026-04-13,09:24:07,NIFTY,BUY,TYPE_F,BOOK_ENTRY_1,BOOK_EXIT_1,23586.25,23582.8,NIFTY13APR2623550CE,23550.0,CE,103.65,101.3,105.0,100.0,105.0,100.0,0.000965,0.002465,ws,ws,book_ladder,book_ladder,False,False,-1.35,1.3,65,-152.75,strategy_S9-10__TYPE_F:NIFTY:2026-04-13T09:23:15:LONG
2026-04-13,09:24:22,2026-04-13,09:24:41,NIFTY,SELL,TYPE_F,BOOK_ENTRY_1,BOOK_EXIT_1,23576.7,23587.4,NIFTY13APR2623600PE,23600.0,PE,97.15,91.35,100.0,90.0,100.0,90.0,0.002061,0.002733,ws,ws,book_ladder,book_ladder,False,False,-2.85,1.35,65,-377.0,strategy_S9-10__TYPE_F:NIFTY:2026-04-13T09:24:22:SHORT
2026-04-13,09:25:16,2026-04-13,09:26:34,NIFTY,BUY,TYPE_F,BOOK_ENTRY_1,BOOK_EXIT_1,23593.6,23593.1,NIFTY13APR2623550CE,23550.0,CE,107.85,107.35,110.0,105.0,110.0,105.0,0.001856,0.001861,ws,ws,book_ladder,book_ladder,False,False,-2.15,2.35,65,-32.5,strategy_S9-10__TYPE_F:NIFTY:2026-04-13T09:25:16:LONG
2026-04-13,09:26:40,2026-04-13,09:26:50,NIFTY,SELL,TYPE_F,BOOK_ENTRY_1,BOOK_EXIT_1,23590.95,23597.2,NIFTY13APR2623600PE,23600.0,PE,90.3,89.75,95.0,85.0,95.0,85.0,0.002772,0.002782,ws,ws,book_ladder,book_ladder,False,False,-4.7,4.75,65,-35.75,strategy_S9-10__TYPE_F:NIFTY:2026-04-13T09:26:40:SHORT
2026-04-13,09:27:28,2026-04-13,09:27:43,NIFTY,BUY,TYPE_F,BOOK_ENTRY_1,BOOK_EXIT_1,23605.1,23598.55,NIFTY13APR2623600CE,23600.0,CE,83.15,81.25,85.0,80.0,85.0,80.0,0.001203,0.002459,ws,ws,book_ladder,book_ladder,False,False,-1.85,1.25,65,-123.5,strategy_S9-10__TYPE_F:NIFTY:2026-04-13T09:27:28:LONG
2026-04-13,09:28:02,2026-04-13,09:28:53,NIFTY,SELL,TYPE_F,BOOK_ENTRY_1,BOOK_EXIT_1,23594.8,23591.85,NIFTY13APR2623600PE,23600.0,PE,85.45,91.25,90.0,90.0,90.0,90.0,0.002343,0.002736,ws,ws,book_ladder,book_ladder,False,False,-4.55,1.25,65,377.0,strategy_S9-10__TYPE_F:NIFTY:2026-04-13T09:28:02:SHORT
2026-04-13,09:29:12,2026-04-13,09:29:52,NIFTY,BUY,TYPE_F,BOOK_ENTRY_1,BOOK_EXIT_1,23596.65,23603.3,NIFTY13APR2623550CE,23550.0,CE,102.0,107.2,105.0,105.0,105.0,105.0,0.001963,0.002795,ws,ws,book_ladder,book_ladder,False,False,-3.0,2.2,65,338.0,strategy_S9-10__TYPE_F:NIFTY:2026-04-13T09:29:12:LONG
2026-04-13,09:30:01,2026-04-13,09:31:22,NIFTY,SELL,TYPE_F,BOOK_ENTRY_1,BOOK_EXIT_1,23600.5,23593.45,NIFTY13APR2623650PE,23650.0,PE,114.65,121.35,115.0,120.0,115.0,120.0,0.00262,0.001647,ws,ws,book_ladder,book_ladder,False,False,-0.35,1.35,65,435.5,strategy_S9-10__TYPE_F:NIFTY:2026-04-13T09:30:01:SHORT
2026-04-13,09:31:41,2026-04-13,09:31:59,NIFTY,BUY,TYPE_F,BOOK_ENTRY_1,BOOK_EXIT_1,23595.55,23592.7,NIFTY13APR2623550CE,23550.0,CE,100.8,100.5,105.0,100.0,105.0,100.0,0.002483,0.002484,ws,ws,book_ladder,book_ladder,False,False,-4.2,0.5,65,-19.5,strategy_S9-10__TYPE_F:NIFTY:2026-04-13T09:31:41:LONG
2026-04-13,09:32:22,2026-04-13,09:33:10,NIFTY,BUY,TYPE_F,BOOK_ENTRY_1,BOOK_EXIT_1,23605.7,23607.1,NIFTY13APR2623600CE,23600.0,CE,79.8,79.7,80.0,75.0,80.0,75.0,0.003138,0.002506,ws,ws,book_ladder,book_ladder,False,False,-0.2,4.7,65,-6.5,strategy_S9-10__TYPE_F:NIFTY:2026-04-13T09:32:22:LONG
2026-04-13,09:33:33,2026-04-13,09:33:58,NIFTY,BUY,TYPE_F,BOOK_ENTRY_1,BOOK_EXIT_1,23611.5,23610.3,NIFTY13APR2623600CE,23600.0,CE,79.75,82.4,80.0,80.0,80.0,80.0,0.002511,0.002424,ws,ws,book_ladder,book_ladder,False,False,-0.25,2.4,65,172.25,strategy_S9-10__TYPE_F:NIFTY:2026-04-13T09:33:33:LONG
2026-04-13,09:34:40,2026-04-13,09:34:52,NIFTY,BUY,TYPE_F,BOOK_ENTRY_1,BOOK_EXIT_1,23615.8,23612.95,NIFTY13APR2623600CE,23600.0,CE,84.65,81.5,85.0,80.0,85.0,80.0,0.002365,0.002451,ws,ws,book_ladder,book_ladder,False,False,-0.35,1.5,65,-204.75,strategy_S9-10__TYPE_F:NIFTY:2026-04-13T09:34:40:LONG
2026-04-13,09:35:02,2026-04-13,09:36:31,NIFTY,SELL,TYPE_F,BOOK_ENTRY_1,BOOK_EXIT_1,23610.8,23593.9,NIFTY13APR2623650PE,23650.0,PE,108.65,119.0,110.0,115.0,110.0,115.0,0.002765,0.002518,ws,ws,book_ladder,book_ladder,False,False,-1.35,4.0,65,672.75,strategy_S9-10__TYPE_F:NIFTY:2026-04-13T09:35:02:SHORT
2026-04-13,09:36:53,2026-04-13,09:37:04,NIFTY,SELL,TYPE_F,BOOK_ENTRY_1,BOOK_EXIT_1,23581.75,23583.45,NIFTY13APR2623600PE,23600.0,PE,92.95,92.75,95.0,90.0,95.0,90.0,0.001076,0.001616,ws,ws,book_ladder,book_ladder,False,False,-2.05,2.75,65,-13.0,strategy_S9-10__TYPE_F:NIFTY:2026-04-13T09:36:53:SHORT
2026-04-13,09:37:17,2026-04-13,09:38:14,NIFTY,BUY,TYPE_F,BOOK_ENTRY_1,BOOK_EXIT_1,23589.0,23587.95,NIFTY13APR2623550CE,23550.0,CE,96.2,94.35,100.0,90.0,100.0,90.0,0.002602,0.002646,ws,ws,book_ladder,book_ladder,False,False,-3.8,4.35,65,-120.25,strategy_S9-10__TYPE_F:NIFTY:2026-04-13T09:37:17:LONG
2026-04-13,09:39:03,2026-04-13,09:39:29,NIFTY,BUY,TYPE_F,BOOK_ENTRY_1,BOOK_EXIT_1,23593.75,23592.75,NIFTY13APR2623550CE,23550.0,CE,98.2,97.0,100.0,95.0,100.0,95.0,0.002039,0.00206,ws,ws,book_ladder,book_ladder,False,False,-1.8,2.0,65,-78.0,strategy_S9-10__TYPE_F:NIFTY:2026-04-13T09:39:03:LONG
2026-04-13,09:39:45,2026-04-13,09:40:18,NIFTY,SELL,TYPE_F,BOOK_ENTRY_1,BOOK_EXIT_1,23589.45,23592.55,NIFTY13APR2623600PE,23600.0,PE,87.95,87.4,90.0,85.0,90.0,85.0,0.002277,0.002286,ws,ws,book_ladder,book_ladder,False,False,-2.05,2.4,65,-35.75,strategy_S9-10__TYPE_F:NIFTY:2026-04-13T09:39:45:SHORT
2026-04-13,09:40:45,2026-04-13,09:40:54,NIFTY,SELL,TYPE_F,BOOK_ENTRY_1,BOOK_EXIT_1,23590.3,23594.35,NIFTY13APR2623600PE,23600.0,PE,88.15,87.25,90.0,85.0,90.0,85.0,0.001703,0.001718,ws,ws,book_ladder,book_ladder,False,False,-1.85,2.25,65,-58.5,strategy_S9-10__TYPE_F:NIFTY:2026-04-13T09:40:45:SHORT
2026-04-13,09:41:00,2026-04-13,09:42:44,NIFTY,BUY,TYPE_F,BOOK_ENTRY_1,BOOK_EXIT_1,23596.2,23635.1,NIFTY13APR2623550CE,23550.0,CE,98.65,127.65,100.0,125.0,100.0,125.0,0.001522,0.002738,ws,ws,book_ladder,book_ladder,False,False,-1.35,2.65,65,1885.0,strategy_S9-10__TYPE_F:NIFTY:2026-04-13T09:41:00:LONG
2026-04-13,09:43:00,2026-04-13,09:43:15,NIFTY,SELL,TYPE_F,BOOK_ENTRY_1,BOOK_EXIT_1,23626.1,23629.75,NIFTY13APR2623650PE,23650.0,PE,98.9,97.55,100.0,95.0,100.0,95.0,0.003038,0.003071,ws,ws,book_ladder,book_ladder,False,False,-1.1,2.55,65,-87.75,strategy_S9-10__TYPE_F:NIFTY:2026-04-13T09:43:00:SHORT
2026-04-13,09:43:21,2026-04-13,09:44:08,NIFTY,BUY,TYPE_F,BOOK_ENTRY_1,BOOK_EXIT_1,23637.5,23633.25,NIFTY13APR2623600CE,23600.0,CE,95.5,97.4,100.0,95.0,100.0,95.0,0.003146,0.002051,ws,ws,book_ladder,book_ladder,False,False,-4.5,2.4,65,123.5,strategy_S9-10__TYPE_F:NIFTY:2026-04-13T09:43:21:LONG
2026-04-13,09:44:12,2026-04-13,09:44:45,NIFTY,SELL,TYPE_F,BOOK_ENTRY_1,BOOK_EXIT_1,23632.25,23631.9,NIFTY13APR2623650PE,23650.0,PE,95.45,92.8,100.0,90.0,100.0,90.0,0.002623,0.002153,ws,ws,book_ladder,book_ladder,False,False,-4.55,2.8,65,-172.25,strategy_S9-10__TYPE_F:NIFTY:2026-04-13T09:44:12:SHORT
2026-04-13,09:44:58,2026-04-13,09:45:13,NIFTY,BUY,TYPE_F,BOOK_ENTRY_1,BOOK_EXIT_1,23634.45,23629.75,NIFTY13APR2623600CE,23600.0,CE,97.95,90.05,100.0,90.0,100.0,90.0,0.001533,0.002772,ws,ws,book_ladder,book_ladder,False,False,-2.05,0.05,65,-513.5,strategy_S9-10__TYPE_F:NIFTY:2026-04-13T09:44:58:LONG
2026-04-13,09:45:24,2026-04-13,09:45:58,NIFTY,SELL,TYPE_F,BOOK_ENTRY_1,BOOK_EXIT_1,23628.55,23620.0,NIFTY13APR2623650PE,23650.0,PE,97.45,96.55,100.0,95.0,100.0,95.0,0.002054,0.002586,ws,ws,book_ladder,book_ladder,False,False,-2.55,1.55,65,-58.5,strategy_S9-10__TYPE_F:NIFTY:2026-04-13T09:45:24:SHORT
2026-04-13,09:46:14,2026-04-13,09:46:27,NIFTY,SELL,TYPE_F,BOOK_ENTRY_1,BOOK_EXIT_1,23620.4,23625.4,NIFTY13APR2623650PE,23650.0,PE,99.25,96.8,100.0,95.0,100.0,95.0,0.003027,0.001548,ws,ws,book_ladder,book_ladder,False,False,-0.75,1.8,65,-159.25,strategy_S9-10__TYPE_F:NIFTY:2026-04-13T09:46:14:SHORT
2026-04-13,09:46:30,2026-04-13,09:46:36,NIFTY,BUY,TYPE_F,BOOK_ENTRY_1,BOOK_EXIT_1,23626.4,23624.45,NIFTY13APR2623600CE,23600.0,CE,89.3,86.1,90.0,85.0,90.0,85.0,0.002803,0.002899,ws,ws,book_ladder,book_ladder,False,False,-0.7,1.1,65,-208.0,strategy_S9-10__TYPE_F:NIFTY:2026-04-13T09:46:30:LONG
2026-04-13,09:46:51,2026-04-13,09:47:36,NIFTY,BUY,TYPE_F,BOOK_ENTRY_1,BOOK_EXIT_1,23628.0,23632.8,NIFTY13APR2623600CE,23600.0,CE,92.2,92.5,95.0,90.0,95.0,90.0,0.002172,0.002699,ws,ws,book_ladder,book_ladder,False,False,-2.8,2.5,65,19.5,strategy_S9-10__TYPE_F:NIFTY:2026-04-13T09:46:51:LONG
2026-04-13,09:58:49,2026-04-13,09:59:07,NIFTY,SELL,TYPE_F,BOOK_ENTRY_1,BOOK_EXIT_1,23665.5,23671.2,NIFTY13APR2623700PE,23700.0,PE,101.8,98.1,105.0,95.0,105.0,95.0,0.002459,0.003053,ws,ws,book_ladder,book_ladder,False,False,-3.2,3.1,65,-240.5,strategy_S9-10__TYPE_F:NIFTY:2026-04-13T09:58:49:SHORT
2026-04-13,09:59:15,2026-04-13,09:59:45,NIFTY,BUY,TYPE_F,BOOK_ENTRY_1,BOOK_EXIT_1,23673.1,23668.4,NIFTY13APR2623650CE,23650.0,CE,83.9,81.8,85.0,80.0,85.0,80.0,0.001789,0.002442,ws,ws,book_ladder,book_ladder,False,False,-1.1,1.8,65,-136.5,strategy_S9-10__TYPE_F:NIFTY:2026-04-13T09:59:15:LONG
2026-04-13,10:00:14,2026-04-13,10:00:53,NIFTY,SELL,TYPE_F,BOOK_ENTRY_1,BOOK_EXIT_1,23664.95,23659.75,NIFTY13APR2623700PE,23700.0,PE,102.35,103.6,105.0,100.0,105.0,100.0,0.002446,0.000483,ws,ws,book_ladder,book_ladder,False,False,-2.65,3.6,65,81.25,strategy_S9-10__TYPE_F:NIFTY:2026-04-13T10:00:14:SHORT
2026-04-13,10:01:28,2026-04-13,10:02:07,NIFTY,BUY,TYPE_F,BOOK_ENTRY_1,BOOK_EXIT_1,23661.55,23669.5,NIFTY13APR2623650CE,23650.0,CE,78.0,79.45,80.0,75.0,80.0,75.0,0.001283,0.003142,ws,ws,book_ladder,book_ladder,False,False,-2.0,4.45,65,94.25,strategy_S9-10__TYPE_F:NIFTY:2026-04-13T10:01:28:LONG
2026-04-13,10:02:54,2026-04-13,10:02:58,NIFTY,BUY,TYPE_F,BOOK_ENTRY_1,BOOK_EXIT_1,23676.05,23671.85,NIFTY13APR2623650CE,23650.0,CE,82.85,82.2,85.0,80.0,85.0,80.0,0.002417,0.00243,ws,ws,book_ladder,book_ladder,False,False,-2.15,2.2,65,-42.25,strategy_S9-10__TYPE_F:NIFTY:2026-04-13T10:02:54:LONG
2026-04-13,10:03:05,2026-04-13,10:03:21,NIFTY,SELL,TYPE_F,BOOK_ENTRY_1,BOOK_EXIT_1,23666.55,23674.95,NIFTY13APR2623700PE,23700.0,PE,100.45,95.65,105.0,95.0,105.0,95.0,0.002492,0.001567,ws,ws,book_ladder,book_ladder,False,False,-4.55,0.65,65,-312.0,strategy_S9-10__TYPE_F:NIFTY:2026-04-13T10:03:05:SHORT
2026-04-13,10:03:30,2026-04-13,10:03:42,NIFTY,BUY,TYPE_F,BOOK_ENTRY_1,BOOK_EXIT_1,23677.35,23671.75,NIFTY13APR2623650CE,23650.0,CE,83.7,81.65,85.0,80.0,85.0,80.0,0.002991,0.002446,ws,ws,book_ladder,book_ladder,False,False,-1.3,1.65,65,-133.25,strategy_S9-10__TYPE_F:NIFTY:2026-04-13T10:03:30:LONG
2026-04-13,10:04:24,2026-04-13,10:04:49,NIFTY,SELL,TYPE_F,BOOK_ENTRY_1,BOOK_EXIT_1,23657.95,23662.3,NIFTY13APR2623700PE,23700.0,PE,103.7,100.65,105.0,100.0,105.0,100.0,0.001931,0.002481,ws,ws,book_ladder,book_ladder,False,False,-1.3,0.65,65,-198.25,strategy_S9-10__TYPE_F:NIFTY:2026-04-13T10:04:24:SHORT
2026-04-13,10:05:06,2026-04-13,10:05:31,NIFTY,BUY,TYPE_F,BOOK_ENTRY_1,BOOK_EXIT_1,23675.3,23671.15,NIFTY13APR2623650CE,23650.0,CE,82.25,79.7,85.0,75.0,85.0,75.0,0.003044,0.002506,ws,ws,book_ladder,book_ladder,False,False,-2.75,4.7,65,-165.75,strategy_S9-10__TYPE_F:NIFTY:2026-04-13T10:05:06:LONG
2026-04-13,10:05:45,2026-04-13,10:05:47,NIFTY,BUY,TYPE_F,BOOK_ENTRY_1,BOOK_EXIT_1,23675.7,23671.2,NIFTY13APR2623650CE,23650.0,CE,80.8,81.65,85.0,80.0,85.0,80.0,0.003099,0.002446,ws,ws,book_ladder,book_ladder,False,False,-4.2,1.65,65,55.25,strategy_S9-10__TYPE_F:NIFTY:2026-04-13T10:05:45:LONG
2026-04-13,10:06:06,2026-04-13,10:07:05,NIFTY,SELL,TYPE_F,BOOK_ENTRY_1,BOOK_EXIT_1,23668.85,23664.15,NIFTY13APR2623700PE,23700.0,PE,98.6,102.2,100.0,100.0,100.0,100.0,0.003047,0.002443,ws,ws,book_ladder,book_ladder,False,False,-1.4,2.2,65,234.0,strategy_S9-10__TYPE_F:NIFTY:2026-04-13T10:06:06:SHORT
2026-04-13,10:07:11,2026-04-13,10:07:20,NIFTY,SELL,TYPE_F,BOOK_ENTRY_1,BOOK_EXIT_1,23658.85,23667.15,NIFTY13APR2623700PE,23700.0,PE,104.4,98.0,105.0,95.0,105.0,95.0,0.002398,0.003057,ws,ws,book_ladder,book_ladder,False,False,-0.6,3.0,65,-416.0,strategy_S9-10__TYPE_F:NIFTY:2026-04-13T10:07:11:SHORT
2026-04-13,10:07:31,2026-04-13,10:08:04,NIFTY,BUY,TYPE_F,BOOK_ENTRY_1,BOOK_EXIT_1,23674.1,23668.6,NIFTY13APR2623650CE,23650.0,CE,81.65,80.1,85.0,80.0,85.0,80.0,0.003067,0.002494,ws,ws,book_ladder,book_ladder,False,False,-3.35,0.1,65,-100.75,strategy_S9-10__TYPE_F:NIFTY:2026-04-13T10:07:31:LONG
2026-04-13,10:08:15,2026-04-13,10:08:38,NIFTY,SELL,TYPE_F,BOOK_ENTRY_1,BOOK_EXIT_1,23664.1,23666.0,NIFTY13APR2623700PE,23700.0,PE,101.15,100.45,105.0,100.0,105.0,100.0,0.00297,0.002486,ws,ws,book_ladder,book_ladder,False,False,-3.85,0.45,65,-45.5,strategy_S9-10__TYPE_F:NIFTY:2026-04-13T10:08:15:SHORT
2026-04-13,10:08:40,2026-04-13,10:10:08,NIFTY,BUY,TYPE_F,BOOK_ENTRY_1,BOOK_EXIT_1,23668.85,23670.1,NIFTY13APR2623650CE,23650.0,CE,78.05,78.5,80.0,75.0,80.0,75.0,0.001924,0.002545,ws,ws,book_ladder,book_ladder,False,False,-1.95,3.5,65,29.25,strategy_S9-10__TYPE_F:NIFTY:2026-04-13T10:08:40:LONG
2026-04-13,10:10:10,2026-04-13,10:10:26,NIFTY,SELL,TYPE_F,BOOK_ENTRY_1,BOOK_EXIT_1,23667.95,23675.8,NIFTY13APR2623700PE,23700.0,PE,99.9,94.75,100.0,90.0,100.0,90.0,0.001503,0.002635,ws,ws,book_ladder,book_ladder,False,False,-0.1,4.75,65,-334.75,strategy_S9-10__TYPE_F:NIFTY:2026-04-13T10:10:10:SHORT
2026-04-13,10:10:46,2026-04-13,10:10:54,NIFTY,BUY,TYPE_F,BOOK_ENTRY_1,BOOK_EXIT_1,23678.3,23672.55,NIFTY13APR2623650CE,23650.0,CE,83.0,80.65,85.0,80.0,85.0,80.0,0.001206,0.002477,ws,ws,book_ladder,book_ladder,False,False,-2.0,0.65,65,-152.75,strategy_S9-10__TYPE_F:NIFTY:2026-04-13T10:10:46:LONG
2026-04-13,10:11:00,2026-04-13,10:11:41,NIFTY,SELL,TYPE_F,BOOK_ENTRY_1,BOOK_EXIT_1,23670.25,23669.05,NIFTY13APR2623700PE,23700.0,PE,95.45,97.65,100.0,95.0,100.0,95.0,0.002098,0.002557,ws,ws,book_ladder,book_ladder,False,False,-4.55,2.65,65,143.0,strategy_S9-10__TYPE_F:NIFTY:2026-04-13T10:11:00:SHORT
2026-04-13,10:12:10,2026-04-13,10:12:12,NIFTY,BUY,TYPE_F,BOOK_ENTRY_1,BOOK_EXIT_1,23679.1,23673.65,NIFTY13APR2623650CE,23650.0,CE,82.95,81.55,85.0,80.0,85.0,80.0,0.002414,0.002449,ws,ws,book_ladder,book_ladder,False,False,-2.05,1.55,65,-91.0,strategy_S9-10__TYPE_F:NIFTY:2026-04-13T10:12:10:LONG
2026-04-13,10:12:27,2026-04-13,10:12:35,NIFTY,BUY,TYPE_F,BOOK_ENTRY_1,BOOK_EXIT_1,23680.95,23676.9,NIFTY13APR2623650CE,23650.0,CE,83.3,80.15,85.0,80.0,85.0,80.0,0.003006,0.002492,ws,ws,book_ladder,book_ladder,False,False,-1.7,0.15,65,-204.75,strategy_S9-10__TYPE_F:NIFTY:2026-04-13T10:12:27:LONG
2026-04-13,10:12:43,2026-04-13,10:12:57,NIFTY,SELL,TYPE_F,BOOK_ENTRY_1,BOOK_EXIT_1,23674.55,23678.2,NIFTY13APR2623700PE,23700.0,PE,93.85,92.95,95.0,90.0,95.0,90.0,0.002133,0.002686,ws,ws,book_ladder,book_ladder,False,False,-1.15,2.95,65,-58.5,strategy_S9-10__TYPE_F:NIFTY:2026-04-13T10:12:43:SHORT
2026-04-13,10:13:01,2026-04-13,10:13:12,NIFTY,BUY,TYPE_F,BOOK_ENTRY_1,BOOK_EXIT_1,23679.7,23674.9,NIFTY13APR2623650CE,23650.0,CE,82.0,79.65,85.0,75.0,85.0,75.0,0.00122,0.001881,ws,ws,book_ladder,book_ladder,False,False,-3.0,4.65,65,-152.75,strategy_S9-10__TYPE_F:NIFTY:2026-04-13T10:13:01:LONG
2026-04-13,10:13:48,2026-04-13,10:14:34,NIFTY,SELL,TYPE_F,BOOK_ENTRY_1,BOOK_EXIT_1,23665.8,23664.0,NIFTY13APR2623700PE,23700.0,PE,97.6,98.9,100.0,95.0,100.0,95.0,0.002565,0.003029,ws,ws,book_ladder,book_ladder,False,False,-2.4,3.9,65,84.5,strategy_S9-10__TYPE_F:NIFTY:2026-04-13T10:13:48:SHORT
2026-04-13,10:15:00,2026-04-13,10:15:53,NIFTY,SELL,TYPE_F,BOOK_ENTRY_1,BOOK_EXIT_1,23655.5,23647.9,NIFTY13APR2623700PE,23700.0,PE,103.05,109.35,105.0,105.0,105.0,105.0,0.002429,0.000914,ws,ws,book_ladder,book_ladder,False,False,-1.95,4.35,65,409.5,strategy_S9-10__TYPE_F:NIFTY:2026-04-13T10:15:00:SHORT
2026-04-13,10:16:01,2026-04-13,10:16:17,NIFTY,SELL,TYPE_F,BOOK_ENTRY_1,BOOK_EXIT_1,23639.95,23648.65,NIFTY13APR2623650PE,23650.0,PE,80.45,78.25,85.0,75.0,85.0,75.0,0.003112,0.001915,ws,ws,book_ladder,book_ladder,False,False,-4.55,3.25,65,-143.0,strategy_S9-10__TYPE_F:NIFTY:2026-04-13T10:16:01:SHORT
2026-04-13,10:16:50,2026-04-13,10:17:30,NIFTY,SELL,TYPE_F,BOOK_ENTRY_1,BOOK_EXIT_1,23643.05,23641.4,NIFTY13APR2623650PE,23650.0,PE,81.05,80.1,85.0,80.0,85.0,80.0,0.001235,0.002494,ws,ws,book_ladder,book_ladder,False,False,-3.95,0.1,65,-61.75,strategy_S9-10__TYPE_F:NIFTY:2026-04-13T10:16:50:SHORT
2026-04-13,10:17:43,2026-04-13,10:17:53,NIFTY,BUY,TYPE_F,BOOK_ENTRY_1,BOOK_EXIT_1,23645.35,23637.3,NIFTY13APR2623600CE,23600.0,CE,89.6,85.3,90.0,85.0,90.0,85.0,0.002794,0.002927,ws,ws,book_ladder,book_ladder,False,False,-0.4,0.3,65,-279.5,strategy_S9-10__TYPE_F:NIFTY:2026-04-13T10:17:43:LONG
2026-04-13,10:18:09,2026-04-13,10:22:29,NIFTY,BUY,TYPE_F,BOOK_ENTRY_1,BOOK_EXIT_1,23644.95,23707.35,NIFTY13APR2623600CE,23600.0,CE,87.05,137.35,90.0,135.0,90.0,135.0,0.001725,0.002545,ws,ws,book_ladder,book_ladder,False,False,-2.95,2.35,65,3269.5,strategy_S9-10__TYPE_F:NIFTY:2026-04-13T10:18:09:LONG
2026-04-13,10:22:45,2026-04-13,10:23:14,NIFTY,BUY,TYPE_F,BOOK_ENTRY_1,BOOK_EXIT_1,23713.3,23716.05,NIFTY13APR2623700CE,23700.0,CE,80.25,79.05,85.0,75.0,85.0,75.0,0.002495,0.002527,ws,ws,book_ladder,book_ladder,False,False,-4.75,4.05,65,-78.0,strategy_S9-10__TYPE_F:NIFTY:2026-04-13T10:22:45:LONG
2026-04-13,10:24:01,2026-04-13,10:24:30,NIFTY,BUY,TYPE_F,BOOK_ENTRY_1,BOOK_EXIT_1,23714.8,23717.95,NIFTY13APR2623700CE,23700.0,CE,81.15,81.65,85.0,80.0,85.0,80.0,0.00185,0.003057,ws,ws,book_ladder,book_ladder,False,False,-3.85,1.65,65,32.5,strategy_S9-10__TYPE_F:NIFTY:2026-04-13T10:24:01:LONG
2026-04-13,10:25:23,2026-04-13,10:26:21,NIFTY,SELL,TYPE_F,BOOK_ENTRY_1,BOOK_EXIT_1,23708.15,23708.85,NIFTY13APR2623750PE,23750.0,PE,98.45,97.1,100.0,95.0,100.0,95.0,0.002034,0.001544,ws,ws,book_ladder,book_ladder,False,False,-1.55,2.1,65,-87.75,strategy_S9-10__TYPE_F:NIFTY:2026-04-13T10:25:23:SHORT
2026-04-13,10:26:43,2026-04-13,10:27:46,NIFTY,BUY,TYPE_F,BOOK_ENTRY_1,BOOK_EXIT_1,23710.35,23724.7,NIFTY13APR2623700CE,23700.0,CE,76.5,84.85,80.0,80.0,80.0,80.0,0.002618,0.002354,ws,ws,book_ladder,book_ladder,False,False,-3.5,4.85,65,542.75,strategy_S9-10__TYPE_F:NIFTY:2026-04-13T10:26:43:LONG
2026-04-13,10:28:32,2026-04-13,10:29:22,NIFTY,SELL,TYPE_F,BOOK_ENTRY_1,BOOK_EXIT_1,23722.85,23719.25,NIFTY13APR2623750PE,23750.0,PE,91.6,93.95,95.0,90.0,95.0,90.0,0.002186,0.001595,ws,ws,book_ladder,book_ladder,False,False,-3.4,3.95,65,152.75,strategy_S9-10__TYPE_F:NIFTY:2026-04-13T10:28:32:SHORT
2026-04-13,10:30:05,2026-04-13,10:30:12,NIFTY,BUY,TYPE_F,BOOK_ENTRY_1,BOOK_EXIT_1,23723.5,23721.05,NIFTY13APR2623700CE,23700.0,CE,81.45,80.55,85.0,80.0,85.0,80.0,0.001229,0.001241,ws,ws,book_ladder,book_ladder,False,False,-3.55,0.55,65,-58.5,strategy_S9-10__TYPE_F:NIFTY:2026-04-13T10:30:05:LONG
2026-04-13,10:30:22,2026-04-13,10:30:48,NIFTY,BUY,TYPE_F,BOOK_ENTRY_1,BOOK_EXIT_1,23725.55,23724.55,NIFTY13APR2623700CE,23700.0,CE,82.75,81.85,85.0,80.0,85.0,80.0,0.001814,0.001831,ws,ws,book_ladder,book_ladder,False,False,-2.25,1.85,65,-58.5,strategy_S9-10__TYPE_F:NIFTY:2026-04-13T10:30:22:LONG
2026-04-13,10:31:10,2026-04-13,10:32:34,NIFTY,SELL,TYPE_F,BOOK_ENTRY_1,BOOK_EXIT_1,23723.2,23719.65,NIFTY13APR2623750PE,23750.0,PE,90.5,91.15,95.0,90.0,95.0,90.0,0.002212,0.002192,ws,ws,book_ladder,book_ladder,False,False,-4.5,1.15,65,42.25,strategy_S9-10__TYPE_F:NIFTY:2026-04-13T10:31:10:SHORT
2026-04-13,10:32:41,2026-04-13,10:33:14,NIFTY,BUY,TYPE_F,BOOK_ENTRY_1,BOOK_EXIT_1,23721.5,23721.55,NIFTY13APR2623700CE,23700.0,CE,80.7,80.3,85.0,80.0,85.0,80.0,0.002481,0.003108,ws,ws,book_ladder,book_ladder,False,False,-4.3,0.3,65,-26.0,strategy_S9-10__TYPE_F:NIFTY:2026-04-13T10:32:41:LONG
2026-04-13,10:33:25,2026-04-13,10:33:52,NIFTY,SELL,TYPE_F,BOOK_ENTRY_1,BOOK_EXIT_1,23717.9,23712.6,NIFTY13APR2623750PE,23750.0,PE,92.05,95.4,95.0,95.0,95.0,95.0,0.002175,0.002094,ws,ws,book_ladder,book_ladder,False,False,-2.95,0.4,65,217.75,strategy_S9-10__TYPE_F:NIFTY:2026-04-13T10:33:25:SHORT
2026-04-13,10:34:29,2026-04-13,10:34:50,NIFTY,BUY,TYPE_F,BOOK_ENTRY_1,BOOK_EXIT_1,23714.2,23715.0,NIFTY13APR2623700CE,23700.0,CE,76.6,76.6,80.0,75.0,80.0,75.0,0.002614,0.003258,ws,ws,book_ladder,book_ladder,False,False,-3.4,1.6,65,0.0,strategy_S9-10__TYPE_F:NIFTY:2026-04-13T10:34:29:LONG
2026-04-13,10:35:09,2026-04-13,10:35:35,NIFTY,BUY,TYPE_F,BOOK_ENTRY_1,BOOK_EXIT_1,23717.9,23716.95,NIFTY13APR2623700CE,23700.0,CE,80.25,76.7,85.0,75.0,85.0,75.0,0.002495,0.002604,ws,ws,book_ladder,book_ladder,False,False,-4.75,1.7,65,-230.75,strategy_S9-10__TYPE_F:NIFTY:2026-04-13T10:35:09:LONG
2026-04-13,10:35:42,2026-04-13,10:36:45,NIFTY,SELL,TYPE_F,BOOK_ENTRY_1,BOOK_EXIT_1,23714.65,23706.45,NIFTY13APR2623750PE,23750.0,PE,94.2,94.95,95.0,90.0,95.0,90.0,0.002125,0.002104,ws,ws,book_ladder,book_ladder,False,False,-0.8,4.95,65,48.75,strategy_S9-10__TYPE_F:NIFTY:2026-04-13T10:35:42:SHORT
2026-04-13,10:36:52,2026-04-13,10:37:05,NIFTY,BUY,TYPE_F,BOOK_ENTRY_1,BOOK_EXIT_1,23709.3,23702.95,NIFTY13APR2623700CE,23700.0,CE,75.1,72.15,80.0,70.0,80.0,70.0,0.001999,0.002077,ws,ws,book_ladder,book_ladder,False,False,-4.9,2.15,65,-191.75,strategy_S9-10__TYPE_F:NIFTY:2026-04-13T10:36:52:LONG
2026-04-13,10:37:10,2026-04-13,10:37:37,NIFTY,SELL,TYPE_F,BOOK_ENTRY_1,BOOK_EXIT_1,23701.95,23706.35,NIFTY13APR2623750PE,23750.0,PE,97.6,97.6,100.0,95.0,100.0,95.0,0.001025,0.002558,ws,ws,book_ladder,book_ladder,False,False,-2.4,2.6,65,0.0,strategy_S9-10__TYPE_F:NIFTY:2026-04-13T10:37:10:SHORT
2026-04-13,10:37:40,2026-04-13,10:38:09,NIFTY,BUY,TYPE_F,BOOK_ENTRY_1,BOOK_EXIT_1,23712.3,23713.25,NIFTY13APR2623700CE,23700.0,CE,73.7,75.25,75.0,75.0,75.0,75.0,0.001358,0.002654,ws,ws,book_ladder,book_ladder,False,False,-1.3,0.25,65,100.75,strategy_S9-10__TYPE_F:NIFTY:2026-04-13T10:37:40:LONG
2026-04-13,10:38:17,2026-04-13,10:39:06,NIFTY,SELL,TYPE_F,BOOK_ENTRY_1,BOOK_EXIT_1,23708.4,23711.3,NIFTY13APR2623750PE,23750.0,PE,94.6,92.05,95.0,90.0,95.0,90.0,0.002646,0.001086,ws,ws,book_ladder,book_ladder,False,False,-0.4,2.05,65,-165.75,strategy_S9-10__TYPE_F:NIFTY:2026-04-13T10:38:17:SHORT
2026-04-13,10:39:13,2026-04-13,10:39:59,NIFTY,BUY,TYPE_F,BOOK_ENTRY_1,BOOK_EXIT_1,23714.2,23728.6,NIFTY13APR2623700CE,23700.0,CE,78.9,82.2,80.0,80.0,80.0,80.0,0.002538,0.001823,ws,ws,book_ladder,book_ladder,False,False,-1.1,2.2,65,214.5,strategy_S9-10__TYPE_F:NIFTY:2026-04-13T10:39:13:LONG
2026-04-13,10:40:03,2026-04-13,10:40:51,NIFTY,BUY,TYPE_F,BOOK_ENTRY_1,BOOK_EXIT_1,23732.75,23733.0,NIFTY13APR2623700CE,23700.0,CE,85.45,82.55,90.0,80.0,90.0,80.0,0.00293,0.001211,ws,ws,book_ladder,book_ladder,False,False,-4.55,2.55,65,-188.5,strategy_S9-10__TYPE_F:NIFTY:2026-04-13T10:40:03:LONG
2026-04-13,10:41:20,2026-04-13,10:41:35,NIFTY,BUY,TYPE_F,BOOK_ENTRY_1,BOOK_EXIT_1,23735.95,23731.1,NIFTY13APR2623700CE,23700.0,CE,86.9,84.35,90.0,80.0,90.0,80.0,0.002304,0.001777,ws,ws,book_ladder,book_ladder,False,False,-3.1,4.35,65,-165.75,strategy_S9-10__TYPE_F:NIFTY:2026-04-13T10:41:20:LONG
2026-04-13,10:41:40,2026-04-13,10:43:13,NIFTY,SELL,TYPE_F,BOOK_ENTRY_1,BOOK_EXIT_1,23722.45,23707.1,NIFTY13APR2623750PE,23750.0,PE,90.5,96.95,95.0,95.0,95.0,95.0,0.002212,0.002575,ws,ws,book_ladder,book_ladder,False,False,-4.5,1.95,65,419.25,strategy_S9-10__TYPE_F:NIFTY:2026-04-13T10:41:40:SHORT
2026-04-13,10:43:29,2026-04-13,10:44:13,NIFTY,BUY,TYPE_F,BOOK_ENTRY_1,BOOK_EXIT_1,23708.85,23715.9,NIFTY13APR2623700CE,23700.0,CE,70.95,76.35,75.0,75.0,75.0,75.0,0.002823,0.002616,ws,ws,book_ladder,book_ladder,False,False,-4.05,1.35,65,351.0,strategy_S9-10__TYPE_F:NIFTY:2026-04-13T10:43:29:LONG
2026-04-13,10:44:40,2026-04-13,10:44:55,NIFTY,BUY,TYPE_F,BOOK_ENTRY_1,BOOK_EXIT_1,23726.0,23724.5,NIFTY13APR2623700CE,23700.0,CE,77.75,76.85,80.0,75.0,80.0,75.0,0.002576,0.002599,ws,ws,book_ladder,book_ladder,False,False,-2.25,1.85,65,-58.5,strategy_S9-10__TYPE_F:NIFTY:2026-04-13T10:44:40:LONG
2026-04-13,10:45:11,2026-04-13,10:45:51,NIFTY,BUY,TYPE_F,BOOK_ENTRY_1,BOOK_EXIT_1,23730.35,23731.3,NIFTY13APR2623700CE,23700.0,CE,80.95,80.1,85.0,80.0,85.0,80.0,0.001855,0.000624,ws,ws,book_ladder,book_ladder,False,False,-4.05,0.1,65,-55.25,strategy_S9-10__TYPE_F:NIFTY:2026-04-13T10:45:11:LONG
2026-04-13,10:46:05,2026-04-13,10:47:00,NIFTY,BUY,TYPE_F,BOOK_ENTRY_1,BOOK_EXIT_1,23735.85,23742.4,NIFTY13APR2623700CE,23700.0,CE,81.6,85.1,85.0,85.0,85.0,85.0,0.002454,0.002347,ws,ws,book_ladder,book_ladder,False,False,-3.4,0.1,65,227.5,strategy_S9-10__TYPE_F:NIFTY:2026-04-13T10:46:05:LONG
2026-04-13,10:47:28,2026-04-13,10:47:51,NIFTY,SELL,TYPE_F,BOOK_ENTRY_1,BOOK_EXIT_1,23734.15,23734.05,NIFTY13APR2623750PE,23750.0,PE,81.95,81.85,85.0,80.0,85.0,80.0,0.001221,0.002441,ws,ws,book_ladder,book_ladder,False,False,-3.05,1.85,65,-6.5,strategy_S9-10__TYPE_F:NIFTY:2026-04-13T10:47:28:SHORT
2026-04-13,10:48:04,2026-04-13,10:48:26,NIFTY,BUY,TYPE_F,BOOK_ENTRY_1,BOOK_EXIT_1,23740.35,23739.9,NIFTY13APR2623700CE,23700.0,CE,84.35,83.3,85.0,80.0,85.0,80.0,0.002968,0.002398,ws,ws,book_ladder,book_ladder,False,False,-0.65,3.3,65,-68.25,strategy_S9-10__TYPE_F:NIFTY:2026-04-13T10:48:04:LONG
2026-04-13,10:48:38,2026-04-13,10:48:49,NIFTY,BUY,TYPE_F,BOOK_ENTRY_1,BOOK_EXIT_1,23745.4,23740.0,NIFTY13APR2623700CE,23700.0,CE,86.7,82.35,90.0,80.0,90.0,80.0,0.002888,0.002426,ws,ws,book_ladder,book_ladder,False,False,-3.3,2.35,65,-282.75,strategy_S9-10__TYPE_F:NIFTY:2026-04-13T10:48:38:LONG
2026-04-13,10:49:09,2026-04-13,10:49:44,NIFTY,SELL,TYPE_F,BOOK_ENTRY_1,BOOK_EXIT_1,23736.9,23733.05,NIFTY13APR2623750PE,23750.0,PE,82.0,82.65,85.0,80.0,85.0,80.0,0.00122,0.00302,ws,ws,book_ladder,book_ladder,False,False,-3.0,2.65,65,42.25,strategy_S9-10__TYPE_F:NIFTY:2026-04-13T10:49:09:SHORT
2026-04-13,10:50:12,2026-04-13,10:50:25,NIFTY,BUY,TYPE_F,BOOK_ENTRY_1,BOOK_EXIT_1,23734.4,23734.05,NIFTY13APR2623700CE,23700.0,CE,80.85,79.55,85.0,75.0,85.0,75.0,0.002477,0.001884,ws,ws,book_ladder,book_ladder,False,False,-4.15,4.55,65,-84.5,strategy_S9-10__TYPE_F:NIFTY:2026-04-13T10:50:12:LONG
2026-04-13,10:50:37,2026-04-13,10:50:52,NIFTY,BUY,TYPE_F,BOOK_ENTRY_1,BOOK_EXIT_1,23738.75,23738.45,NIFTY13APR2623700CE,23700.0,CE,82.95,84.3,85.0,80.0,85.0,80.0,0.003018,0.001778,ws,ws,book_ladder,book_ladder,False,False,-2.05,4.3,65,87.75,strategy_S9-10__TYPE_F:NIFTY:2026-04-13T10:50:37:LONG
2026-04-13,10:51:12,2026-04-13,10:51:15,NIFTY,BUY,TYPE_F,BOOK_ENTRY_1,BOOK_EXIT_1,23741.3,23739.1,NIFTY13APR2623700CE,23700.0,CE,83.1,81.9,85.0,80.0,85.0,80.0,0.003013,0.003048,ws,ws,book_ladder,book_ladder,False,False,-1.9,1.9,65,-78.0,strategy_S9-10__TYPE_F:NIFTY:2026-04-13T10:51:12:LONG
2026-04-13,10:51:21,2026-04-13,10:51:26,NIFTY,BUY,TYPE_F,BOOK_ENTRY_1,BOOK_EXIT_1,23741.6,23738.75,NIFTY13APR2623700CE,23700.0,CE,84.1,83.35,85.0,80.0,85.0,80.0,0.002381,0.001798,ws,ws,book_ladder,book_ladder,False,False,-0.9,3.35,65,-48.75,strategy_S9-10__TYPE_F:NIFTY:2026-04-13T10:51:21:LONG
2026-04-13,10:52:19,2026-04-13,10:53:28,NIFTY,BUY,TYPE_F,BOOK_ENTRY_1,BOOK_EXIT_1,23737.0,23748.6,NIFTY13APR2623700CE,23700.0,CE,83.85,89.5,85.0,85.0,85.0,85.0,0.002388,0.002789,ws,ws,book_ladder,book_ladder,False,False,-1.15,4.5,65,367.25,strategy_S9-10__TYPE_F:NIFTY:2026-04-13T10:52:19:LONG
2026-04-13,10:54:32,2026-04-13,10:55:02,NIFTY,SELL,TYPE_F,BOOK_ENTRY_1,BOOK_EXIT_1,23745.2,23746.9,NIFTY13APR2623750PE,23750.0,PE,75.55,74.35,80.0,70.0,80.0,70.0,0.003315,0.002686,ws,ws,book_ladder,book_ladder,False,False,-4.45,4.35,65,-78.0,strategy_S9-10__TYPE_F:NIFTY:2026-04-13T10:54:32:SHORT
2026-04-13,10:55:22,2026-04-13,10:55:44,NIFTY,BUY,TYPE_F,BOOK_ENTRY_1,BOOK_EXIT_1,23748.05,23744.0,NIFTY13APR2623700CE,23700.0,CE,87.15,84.2,90.0,80.0,90.0,80.0,0.002873,0.002372,ws,ws,book_ladder,book_ladder,False,False,-2.85,4.2,65,-191.75,strategy_S9-10__TYPE_F:NIFTY:2026-04-13T10:55:22:LONG
2026-04-13,10:56:22,2026-04-13,10:56:31,NIFTY,SELL,TYPE_F,BOOK_ENTRY_1,BOOK_EXIT_1,23749.4,23753.55,NIFTY13APR2623750PE,23750.0,PE,71.35,69.75,75.0,65.0,75.0,65.0,0.002105,0.002148,ws,ws,book_ladder,book_ladder,False,False,-3.65,4.75,65,-104.0,strategy_S9-10__TYPE_F:NIFTY:2026-04-13T10:56:22:SHORT
2026-04-13,10:56:55,2026-04-13,10:57:23,NIFTY,BUY,TYPE_F,BOOK_ENTRY_1,BOOK_EXIT_1,23755.05,23755.5,NIFTY13APR2623750CE,23750.0,CE,63.7,64.35,65.0,60.0,65.0,60.0,0.002358,0.002328,ws,ws,book_ladder,book_ladder,False,False,-1.3,4.35,65,42.25,strategy_S9-10__TYPE_F:NIFTY:2026-04-13T10:56:55:LONG
2026-04-13,10:57:54,2026-04-13,10:57:57,NIFTY,SELL,TYPE_F,BOOK_ENTRY_1,BOOK_EXIT_1,23755.45,23757.15,NIFTY13APR2623800PE,23800.0,PE,98.0,97.55,100.0,95.0,100.0,95.0,0.002043,0.003071,ws,ws,book_ladder,book_ladder,False,False,-2.0,2.55,65,-29.25,strategy_S9-10__TYPE_F:NIFTY:2026-04-13T10:57:54:SHORT
2026-04-13,10:58:03,2026-04-13,10:59:59,NIFTY,SELL,TYPE_F,BOOK_ENTRY_1,BOOK_EXIT_1,23753.35,23740.0,NIFTY13APR2623800PE,23800.0,PE,99.3,106.15,100.0,105.0,100.0,105.0,0.002016,0.001882,ws,ws,book_ladder,book_ladder,False,False,-0.7,1.15,65,445.25,strategy_S9-10__TYPE_F:NIFTY:2026-04-13T10:58:03:SHORT
2026-04-13,11:00:20,2026-04-13,11:00:30,NIFTY,SELL,TYPE_F,BOOK_ENTRY_1,BOOK_EXIT_1,23732.9,23735.6,NIFTY13APR2623750PE,23750.0,PE,77.2,76.4,80.0,75.0,80.0,75.0,0.002594,0.002614,ws,ws,book_ladder,book_ladder,False,False,-2.8,1.4,65,-52.0,strategy_S9-10__TYPE_F:NIFTY:2026-04-13T11:00:20:SHORT
2026-04-13,11:00:57,2026-04-13,11:01:10,NIFTY,BUY,TYPE_F,BOOK_ENTRY_1,BOOK_EXIT_1,23736.8,23735.35,NIFTY13APR2623700CE,23700.0,CE,81.45,80.25,85.0,80.0,85.0,80.0,0.002459,0.001867,ws,ws,book_ladder,book_ladder,False,False,-3.55,0.25,65,-78.0,strategy_S9-10__TYPE_F:NIFTY:2026-04-13T11:00:57:LONG
2026-04-13,11:01:40,2026-04-13,11:02:05,NIFTY,SELL,TYPE_F,BOOK_ENTRY_1,BOOK_EXIT_1,23733.3,23735.55,NIFTY13APR2623750PE,23750.0,PE,78.5,77.75,80.0,75.0,80.0,75.0,0.001913,0.001927,ws,ws,book_ladder,book_ladder,False,False,-1.5,2.75,65,-48.75,strategy_S9-10__TYPE_F:NIFTY:2026-04-13T11:01:40:SHORT
2026-04-13,11:02:42,2026-04-13,11:02:49,NIFTY,SELL,TYPE_F,BOOK_ENTRY_1,BOOK_EXIT_1,23734.65,23736.85,NIFTY13APR2623750PE,23750.0,PE,76.5,76.35,80.0,75.0,80.0,75.0,0.001308,0.002616,ws,ws,book_ladder,book_ladder,False,False,-3.5,1.35,65,-9.75,strategy_S9-10__TYPE_F:NIFTY:2026-04-13T11:02:42:SHORT
2026-04-13,11:03:04,2026-04-13,11:03:10,NIFTY,BUY,TYPE_F,BOOK_ENTRY_1,BOOK_EXIT_1,23737.85,23735.6,NIFTY13APR2623700CE,23700.0,CE,82.1,80.4,85.0,80.0,85.0,80.0,0.00305,0.002484,ws,ws,book_ladder,book_ladder,False,False,-2.9,0.4,65,-110.5,strategy_S9-10__TYPE_F:NIFTY:2026-04-13T11:03:04:LONG
2026-04-13,11:03:50,2026-04-13,11:04:13,NIFTY,SELL,TYPE_F,BOOK_ENTRY_1,BOOK_EXIT_1,23734.0,23738.1,NIFTY13APR2623750PE,23750.0,PE,79.95,77.35,80.0,75.0,80.0,75.0,0.002505,0.003227,ws,ws,book_ladder,book_ladder,False,False,-0.05,2.35,65,-169.0,strategy_S9-10__TYPE_F:NIFTY:2026-04-13T11:03:50:SHORT
2026-04-13,11:04:40,2026-04-13,11:05:01,NIFTY,SELL,TYPE_F,BOOK_ENTRY_1,BOOK_EXIT_1,23735.6,23738.9,NIFTY13APR2623750PE,23750.0,PE,78.55,76.6,80.0,75.0,80.0,75.0,0.002549,0.002608,ws,ws,book_ladder,book_ladder,False,False,-1.45,1.6,65,-126.75,strategy_S9-10__TYPE_F:NIFTY:2026-04-13T11:04:40:SHORT
2026-04-13,11:05:10,2026-04-13,11:06:13,NIFTY,BUY,TYPE_F,BOOK_ENTRY_1,BOOK_EXIT_1,23743.2,23747.9,NIFTY13APR2623700CE,23700.0,CE,83.4,85.55,85.0,85.0,85.0,85.0,0.002401,0.001752,ws,ws,book_ladder,book_ladder,False,False,-1.6,0.55,65,139.75,strategy_S9-10__TYPE_F:NIFTY:2026-04-13T11:05:10:LONG
2026-04-13,11:06:24,2026-04-13,11:06:33,NIFTY,SELL,TYPE_F,BOOK_ENTRY_1,BOOK_EXIT_1,23742.8,23744.85,NIFTY13APR2623750PE,23750.0,PE,74.1,73.85,75.0,70.0,75.0,70.0,0.00135,0.002705,ws,ws,book_ladder,book_ladder,False,False,-0.9,3.85,65,-16.25,strategy_S9-10__TYPE_F:NIFTY:2026-04-13T11:06:24:SHORT
2026-04-13,11:06:42,2026-04-13,11:07:13,NIFTY,SELL,TYPE_F,BOOK_ENTRY_1,BOOK_EXIT_1,23740.75,23741.7,NIFTY13APR2623750PE,23750.0,PE,74.75,74.35,75.0,70.0,75.0,70.0,0.002679,0.000672,ws,ws,book_ladder,book_ladder,False,False,-0.25,4.35,65,-26.0,strategy_S9-10__TYPE_F:NIFTY:2026-04-13T11:06:42:SHORT
2026-04-13,11:08:01,2026-04-13,11:08:20,NIFTY,SELL,TYPE_F,BOOK_ENTRY_1,BOOK_EXIT_1,23742.9,23744.35,NIFTY13APR2623750PE,23750.0,PE,71.2,71.45,75.0,70.0,75.0,70.0,0.000702,0.003493,ws,ws,book_ladder,book_ladder,False,False,-3.8,1.45,65,16.25,strategy_S9-10__TYPE_F:NIFTY:2026-04-13T11:08:01:SHORT
2026-04-13,11:08:30,2026-04-13,11:09:51,NIFTY,BUY,TYPE_F,BOOK_ENTRY_1,BOOK_EXIT_1,23745.75,23750.0,NIFTY13APR2623700CE,23700.0,CE,85.85,88.3,90.0,85.0,90.0,85.0,0.002332,0.002827,ws,ws,book_ladder,book_ladder,False,False,-4.15,3.3,65,159.25,strategy_S9-10__TYPE_F:NIFTY:2026-04-13T11:08:30:LONG
2026-04-13,11:10:21,2026-04-13,11:11:28,NIFTY,SELL,TYPE_F,BOOK_ENTRY_1,BOOK_EXIT_1,23747.5,23734.45,NIFTY13APR2623750PE,23750.0,PE,70.5,76.9,75.0,75.0,75.0,75.0,0.00213,0.001949,ws,ws,book_ladder,book_ladder,False,False,-4.5,1.9,65,416.0,strategy_S9-10__TYPE_F:NIFTY:2026-04-13T11:10:21:SHORT
2026-04-13,11:12:05,2026-04-13,11:13:07,NIFTY,BUY,TYPE_F,BOOK_ENTRY_1,BOOK_EXIT_1,23738.25,23745.65,NIFTY13APR2623700CE,23700.0,CE,81.55,84.55,85.0,80.0,85.0,80.0,0.002455,0.002363,ws,ws,book_ladder,book_ladder,False,False,-3.45,4.55,65,195.0,strategy_S9-10__TYPE_F:NIFTY:2026-04-13T11:12:05:LONG
2026-04-13,11:13:22,2026-04-13,11:13:26,NIFTY,BUY,TYPE_F,BOOK_ENTRY_1,BOOK_EXIT_1,23749.65,23745.75,NIFTY13APR2623700CE,23700.0,CE,85.55,84.8,90.0,80.0,90.0,80.0,0.001755,0.002944,ws,ws,book_ladder,book_ladder,False,False,-4.45,4.8,65,-48.75,strategy_S9-10__TYPE_F:NIFTY:2026-04-13T11:13:22:LONG
2026-04-13,11:14:02,2026-04-13,11:14:57,NIFTY,SELL,TYPE_F,BOOK_ENTRY_1,BOOK_EXIT_1,23743.85,23743.4,NIFTY13APR2623750PE,23750.0,PE,73.15,73.4,75.0,70.0,75.0,70.0,0.002053,0.002042,ws,ws,book_ladder,book_ladder,False,False,-1.85,3.4,65,16.25,strategy_S9-10__TYPE_F:NIFTY:2026-04-13T11:14:02:SHORT
2026-04-13,11:15:03,2026-04-13,11:15:31,NIFTY,BUY,TYPE_F,BOOK_ENTRY_1,BOOK_EXIT_1,23745.1,23745.8,NIFTY13APR2623700CE,23700.0,CE,84.9,85.95,85.0,85.0,85.0,85.0,0.002358,0.000582,ws,ws,book_ladder,book_ladder,False,False,-0.1,0.95,65,68.25,strategy_S9-10__TYPE_F:NIFTY:2026-04-13T11:15:03:LONG
2026-04-13,11:16:06,2026-04-13,11:16:14,NIFTY,SELL,TYPE_F,BOOK_ENTRY_1,BOOK_EXIT_1,23744.9,23746.45,NIFTY13APR2623750PE,23750.0,PE,70.65,69.65,75.0,65.0,75.0,65.0,0.002125,0.002151,ws,ws,book_ladder,book_ladder,False,False,-4.35,4.65,65,-65.0,strategy_S9-10__TYPE_F:NIFTY:2026-04-13T11:16:06:SHORT
2026-04-13,11:16:31,2026-04-13,11:17:14,NIFTY,BUY,TYPE_F,BOOK_ENTRY_1,BOOK_EXIT_1,23750.7,23746.7,NIFTY13APR2623750CE,23750.0,CE,58.55,57.0,60.0,55.0,60.0,55.0,0.002565,0.002628,ws,ws,book_ladder,book_ladder,False,False,-1.45,2.0,65,-100.75,strategy_S9-10__TYPE_F:NIFTY:2026-04-13T11:16:31:LONG
2026-04-13,11:17:30,2026-04-13,11:18:14,NIFTY,BUY,TYPE_F,BOOK_ENTRY_1,BOOK_EXIT_1,23749.35,23748.2,NIFTY13APR2623700CE,23700.0,CE,86.4,85.4,90.0,85.0,90.0,85.0,0.002898,0.002339,ws,ws,book_ladder,book_ladder,False,False,-3.6,0.4,65,-65.0,strategy_S9-10__TYPE_F:NIFTY:2026-04-13T11:17:30:LONG
2026-04-13,11:19:33,2026-04-13,11:19:51,NIFTY,BUY,TYPE_F,BOOK_ENTRY_1,BOOK_EXIT_1,23751.25,23747.3,NIFTY13APR2623750CE,23750.0,CE,60.7,59.4,65.0,55.0,65.0,55.0,0.0033,0.002522,ws,ws,book_ladder,book_ladder,False,False,-4.3,4.4,65,-84.5,strategy_S9-10__TYPE_F:NIFTY:2026-04-13T11:19:33:LONG
2026-04-13,11:20:22,2026-04-13,11:20:24,NIFTY,BUY,TYPE_F,BOOK_ENTRY_1,BOOK_EXIT_1,23750.4,23748.55,NIFTY13APR2623750CE,23750.0,CE,58.95,58.0,60.0,55.0,60.0,55.0,0.001698,0.002583,ws,ws,book_ladder,book_ladder,False,False,-1.05,3.0,65,-61.75,strategy_S9-10__TYPE_F:NIFTY:2026-04-13T11:20:22:LONG
2026-04-13,11:20:40,2026-04-13,11:21:33,NIFTY,SELL,TYPE_F,BOOK_ENTRY_1,BOOK_EXIT_1,23743.85,23735.05,NIFTY13APR2623750PE,23750.0,PE,70.95,75.6,75.0,75.0,75.0,75.0,0.002823,0.001322,ws,ws,book_ladder,book_ladder,False,False,-4.05,0.6,65,302.25,strategy_S9-10__TYPE_F:NIFTY:2026-04-13T11:20:40:SHORT
2026-04-13,11:21:50,2026-04-13,11:23:34,NIFTY,BUY,TYPE_F,BOOK_ENTRY_1,BOOK_EXIT_1,23738.9,23755.6,NIFTY13APR2623700CE,23700.0,CE,79.35,88.3,80.0,85.0,80.0,85.0,0.001892,0.002827,ws,ws,book_ladder,book_ladder,False,False,-0.65,3.3,65,581.75,strategy_S9-10__TYPE_F:NIFTY:2026-04-13T11:21:50:LONG
2026-04-13,11:23:54,2026-04-13,11:25:03,NIFTY,SELL,TYPE_F,BOOK_ENTRY_1,BOOK_EXIT_1,23749.7,23746.2,NIFTY13APR2623750PE,23750.0,PE,66.9,69.45,70.0,65.0,70.0,65.0,0.002994,0.002876,ws,ws,book_ladder,book_ladder,False,False,-3.1,4.45,65,165.75,strategy_S9-10__TYPE_F:NIFTY:2026-04-13T11:23:54:SHORT
2026-04-13,11:25:33,2026-04-13,11:26:07,NIFTY,BUY,TYPE_F,BOOK_ENTRY_1,BOOK_EXIT_1,23745.8,23750.1,NIFTY13APR2623700CE,23700.0,CE,81.95,86.9,85.0,85.0,85.0,85.0,0.001832,0.002299,ws,ws,book_ladder,book_ladder,False,False,-3.05,1.9,65,321.75,strategy_S9-10__TYPE_F:NIFTY:2026-04-13T11:25:33:LONG
2026-04-13,11:26:56,2026-04-13,11:28:03,NIFTY,SELL,TYPE_F,BOOK_ENTRY_1,BOOK_EXIT_1,23752.15,23745.1,NIFTY13APR2623800PE,23800.0,PE,95.7,101.2,100.0,100.0,100.0,100.0,0.002092,0.001974,ws,ws,book_ladder,book_ladder,False,False,-4.3,1.2,65,357.5,strategy_S9-10__TYPE_F:NIFTY:2026-04-13T11:26:56:SHORT
2026-04-13,11:28:33,2026-04-13,11:29:12,NIFTY,BUY,TYPE_F,BOOK_ENTRY_1,BOOK_EXIT_1,23745.25,23746.0,NIFTY13APR2623700CE,23700.0,CE,83.2,81.55,85.0,80.0,85.0,80.0,0.000601,0.001838,ws,ws,book_ladder,book_ladder,False,False,-1.8,1.55,65,-107.25,strategy_S9-10__TYPE_F:NIFTY:2026-04-13T11:28:33:LONG
2026-04-13,11:29:22,2026-04-13,11:30:15,NIFTY,SELL,TYPE_F,BOOK_ENTRY_1,BOOK_EXIT_1,23741.8,23742.5,NIFTY13APR2623750PE,23750.0,PE,74.0,73.65,75.0,70.0,75.0,70.0,0.002029,0.002712,ws,ws,book_ladder,book_ladder,False,False,-1.0,3.65,65,-22.75,strategy_S9-10__TYPE_F:NIFTY:2026-04-13T11:29:22:SHORT
2026-04-13,11:30:20,2026-04-13,11:31:17,NIFTY,BUY,TYPE_F,BOOK_ENTRY_1,BOOK_EXIT_1,23743.7,23746.95,NIFTY13APR2623700CE,23700.0,CE,80.7,82.4,85.0,80.0,85.0,80.0,0.003103,0.001819,ws,ws,book_ladder,book_ladder,False,False,-4.3,2.4,65,110.5,strategy_S9-10__TYPE_F:NIFTY:2026-04-13T11:30:20:LONG
2026-04-13,11:31:35,2026-04-13,11:32:12,NIFTY,SELL,TYPE_F,BOOK_ENTRY_1,BOOK_EXIT_1,23744.05,23735.95,NIFTY13APR2623750PE,23750.0,PE,71.5,74.65,75.0,70.0,75.0,70.0,0.002801,0.002676,ws,ws,book_ladder,book_ladder,False,False,-3.5,4.65,65,204.75,strategy_S9-10__TYPE_F:NIFTY:2026-04-13T11:31:35:SHORT
2026-04-13,11:33:14,2026-04-13,11:33:19,NIFTY,SELL,TYPE_F,BOOK_ENTRY_1,BOOK_EXIT_1,23730.9,23734.6,NIFTY13APR2623750PE,23750.0,PE,75.5,74.6,80.0,70.0,80.0,70.0,0.002653,0.002677,ws,ws,book_ladder,book_ladder,False,False,-4.5,4.6,65,-58.5,strategy_S9-10__TYPE_F:NIFTY:2026-04-13T11:33:14:SHORT
2026-04-13,11:33:51,2026-04-13,11:33:56,NIFTY,BUY,TYPE_F,BOOK_ENTRY_1,BOOK_EXIT_1,23733.95,23732.4,NIFTY13APR2623700CE,23700.0,CE,77.0,76.5,80.0,75.0,80.0,75.0,0.002601,0.001959,ws,ws,book_ladder,book_ladder,False,False,-3.0,1.5,65,-32.5,strategy_S9-10__TYPE_F:NIFTY:2026-04-13T11:33:51:LONG
2026-04-13,11:34:06,2026-04-13,11:34:27,NIFTY,BUY,TYPE_F,BOOK_ENTRY_1,BOOK_EXIT_1,23736.1,23733.35,NIFTY13APR2623700CE,23700.0,CE,75.6,76.8,80.0,75.0,80.0,75.0,0.002649,0.002601,ws,ws,book_ladder,book_ladder,False,False,-4.4,1.8,65,78.0,strategy_S9-10__TYPE_F:NIFTY:2026-04-13T11:34:06:LONG
2026-04-13,11:34:53,2026-04-13,11:36:13,NIFTY,BUY,TYPE_F,BOOK_ENTRY_1,BOOK_EXIT_1,23739.7,23749.65,NIFTY13APR2623700CE,23700.0,CE,79.55,81.3,80.0,80.0,80.0,80.0,0.000629,0.002457,ws,ws,book_ladder,book_ladder,False,False,-0.45,1.3,65,113.75,strategy_S9-10__TYPE_F:NIFTY:2026-04-13T11:34:53:LONG
2026-04-13,11:36:43,2026-04-13,11:38:00,NIFTY,BUY,TYPE_F,BOOK_ENTRY_1,BOOK_EXIT_1,23752.05,23759.15,NIFTY13APR2623750CE,23750.0,CE,55.85,59.25,60.0,55.0,60.0,55.0,0.003587,0.000844,ws,ws,book_ladder,book_ladder,False,False,-4.15,4.25,65,221.0,strategy_S9-10__TYPE_F:NIFTY:2026-04-13T11:36:43:LONG
2026-04-13,11:38:16,2026-04-13,11:38:44,NIFTY,BUY,TYPE_F,BOOK_ENTRY_1,BOOK_EXIT_1,23764.55,23766.95,NIFTY13APR2623750CE,23750.0,CE,63.4,63.6,65.0,60.0,65.0,60.0,0.001579,0.00314,ws,ws,book_ladder,book_ladder,False,False,-1.6,3.6,65,13.0,strategy_S9-10__TYPE_F:NIFTY:2026-04-13T11:38:16:LONG
2026-04-13,11:39:10,2026-04-13,11:39:37,NIFTY,BUY,TYPE_F,BOOK_ENTRY_1,BOOK_EXIT_1,23767.75,23767.45,NIFTY13APR2623750CE,23750.0,CE,65.15,64.2,70.0,60.0,70.0,60.0,0.003075,0.001556,ws,ws,book_ladder,book_ladder,False,False,-4.85,4.2,65,-61.75,strategy_S9-10__TYPE_F:NIFTY:2026-04-13T11:39:10:LONG
2026-04-13,11:39:42,2026-04-13,11:40:16,NIFTY,SELL,TYPE_F,BOOK_ENTRY_1,BOOK_EXIT_1,23763.65,23762.3,NIFTY13APR2623800PE,23800.0,PE,86.05,86.75,90.0,85.0,90.0,85.0,0.002327,0.002878,ws,ws,book_ladder,book_ladder,False,False,-3.95,1.75,65,45.5,strategy_S9-10__TYPE_F:NIFTY:2026-04-13T11:39:42:SHORT
2026-04-13,11:44:00,2026-04-13,11:44:51,NIFTY,BUY,TYPE_F,BOOK_ENTRY_1,BOOK_EXIT_1,23754.2,23756.7,NIFTY13APR2623750CE,23750.0,CE,55.95,58.75,60.0,55.0,60.0,55.0,0.002685,0.003398,ws,ws,book_ladder,book_ladder,False,False,-4.05,3.75,65,182.0,strategy_S9-10__TYPE_F:NIFTY:2026-04-13T11:44:00:LONG
2026-04-13,11:45:10,2026-04-13,11:45:24,NIFTY,SELL,TYPE_F,BOOK_ENTRY_1,BOOK_EXIT_1,23754.6,23758.85,NIFTY13APR2623800PE,23800.0,PE,90.6,90.15,95.0,90.0,95.0,90.0,0.00221,0.002216,ws,ws,book_ladder,book_ladder,False,False,-4.4,0.15,65,-29.25,strategy_S9-10__TYPE_F:NIFTY:2026-04-13T11:45:10:SHORT
2026-04-13,11:45:31,2026-04-13,11:46:09,NIFTY,BUY,TYPE_F,BOOK_ENTRY_1,BOOK_EXIT_1,23763.0,23760.4,NIFTY13APR2623750CE,23750.0,CE,60.1,64.25,65.0,60.0,65.0,60.0,0.001665,0.003108,ws,ws,book_ladder,book_ladder,False,False,-4.9,4.25,65,269.75,strategy_S9-10__TYPE_F:NIFTY:2026-04-13T11:45:31:LONG
2026-04-13,11:46:11,2026-04-13,11:46:22,NIFTY,SELL,TYPE_F,BOOK_ENTRY_1,BOOK_EXIT_1,23759.65,23763.45,NIFTY13APR2623800PE,23800.0,PE,84.8,81.0,85.0,80.0,85.0,80.0,0.00177,0.00185,ws,ws,book_ladder,book_ladder,False,False,-0.2,1.0,65,-247.0,strategy_S9-10__TYPE_F:NIFTY:2026-04-13T11:46:11:SHORT
2026-04-13,11:47:00,2026-04-13,11:47:00,NIFTY,SELL,TYPE_F,BOOK_ENTRY_1,BOOK_EXIT_1,23759.95,23762.75,NIFTY13APR2623800PE,23800.0,PE,82.1,81.85,85.0,80.0,85.0,80.0,0.001829,0.002441,ws,ws,book_ladder,book_ladder,False,False,-2.9,1.85,65,-16.25,strategy_S9-10__TYPE_F:NIFTY:2026-04-13T11:47:00:SHORT
2026-04-13,11:47:18,2026-04-13,11:47:45,NIFTY,SELL,TYPE_F,BOOK_ENTRY_1,BOOK_EXIT_1,23758.9,23761.1,NIFTY13APR2623800PE,23800.0,PE,83.1,82.1,85.0,80.0,85.0,80.0,0.00241,0.002433,ws,ws,book_ladder,book_ladder,False,False,-1.9,2.1,65,-65.0,strategy_S9-10__TYPE_F:NIFTY:2026-04-13T11:47:18:SHORT
2026-04-13,11:47:56,2026-04-13,11:48:56,NIFTY,BUY,TYPE_F,BOOK_ENTRY_1,BOOK_EXIT_1,23762.9,23771.2,NIFTY13APR2623750CE,23750.0,CE,62.5,65.25,65.0,65.0,65.0,65.0,0.003205,0.002296,ws,ws,book_ladder,book_ladder,False,False,-2.5,0.25,65,178.75,strategy_S9-10__TYPE_F:NIFTY:2026-04-13T11:47:56:LONG
2026-04-13,11:49:16,2026-04-13,11:49:21,NIFTY,BUY,TYPE_F,BOOK_ENTRY_1,BOOK_EXIT_1,23775.5,23773.4,NIFTY13APR2623750CE,23750.0,CE,65.85,65.2,70.0,65.0,70.0,65.0,0.002281,0.003063,ws,ws,book_ladder,book_ladder,False,False,-4.15,0.2,65,-42.25,strategy_S9-10__TYPE_F:NIFTY:2026-04-13T11:49:16:LONG
2026-04-13,11:49:38,2026-04-13,11:49:58,NIFTY,SELL,TYPE_F,BOOK_ENTRY_1,BOOK_EXIT_1,23771.4,23773.75,NIFTY13APR2623800PE,23800.0,PE,78.2,76.65,80.0,75.0,80.0,75.0,0.002561,0.003256,ws,ws,book_ladder,book_ladder,False,False,-1.8,1.65,65,-100.75,strategy_S9-10__TYPE_F:NIFTY:2026-04-13T11:49:38:SHORT
2026-04-13,11:50:00,2026-04-13,11:51:19,NIFTY,BUY,TYPE_F,BOOK_ENTRY_1,BOOK_EXIT_1,23778.5,23794.65,NIFTY13APR2623750CE,23750.0,CE,72.75,86.85,75.0,85.0,75.0,85.0,0.002064,0.0023,ws,ws,book_ladder,book_ladder,False,False,-2.25,1.85,65,916.5,strategy_S9-10__TYPE_F:NIFTY:2026-04-13T11:50:00:LONG
2026-04-13,11:52:12,2026-04-13,11:52:37,NIFTY,SELL,TYPE_F,BOOK_ENTRY_1,BOOK_EXIT_1,23791.25,23786.05,NIFTY13APR2623800PE,23800.0,PE,68.35,69.1,70.0,65.0,70.0,65.0,0.00293,0.002168,ws,ws,book_ladder,book_ladder,False,False,-1.65,4.1,65,48.75,strategy_S9-10__TYPE_F:NIFTY:2026-04-13T11:52:12:SHORT
2026-04-13,11:52:52,2026-04-13,11:53:39,NIFTY,SELL,TYPE_F,BOOK_ENTRY_1,BOOK_EXIT_1,23783.3,23782.7,NIFTY13APR2623800PE,23800.0,PE,71.15,69.45,75.0,65.0,75.0,65.0,0.00211,0.002157,ws,ws,book_ladder,book_ladder,False,False,-3.85,4.45,65,-110.5,strategy_S9-10__TYPE_F:NIFTY:2026-04-13T11:52:52:SHORT
2026-04-13,11:54:02,2026-04-13,11:55:43,NIFTY,BUY,TYPE_F,BOOK_ENTRY_1,BOOK_EXIT_1,23784.9,23807.6,NIFTY13APR2623750CE,23750.0,CE,81.65,95.1,85.0,95.0,85.0,95.0,0.001839,0.00315,ws,ws,book_ladder,book_ladder,False,False,-3.35,0.1,65,874.25,strategy_S9-10__TYPE_F:NIFTY:2026-04-13T11:54:02:LONG
2026-04-13,11:56:20,2026-04-13,11:57:23,NIFTY,SELL,TYPE_F,BOOK_ENTRY_1,BOOK_EXIT_1,23802.45,23795.45,NIFTY13APR2623850PE,23850.0,PE,88.85,92.2,90.0,90.0,90.0,90.0,0.00169,0.001626,ws,ws,book_ladder,book_ladder,False,False,-1.15,2.2,65,217.75,strategy_S9-10__TYPE_F:NIFTY:2026-04-13T11:56:20:SHORT
2026-04-13,11:57:51,2026-04-13,11:58:21,NIFTY,SELL,TYPE_F,BOOK_ENTRY_1,BOOK_EXIT_1,23792.15,23796.75,NIFTY13APR2623800PE,23800.0,PE,63.9,64.45,65.0,60.0,65.0,60.0,0.000783,0.002325,ws,ws,book_ladder,book_ladder,False,False,-1.1,4.45,65,35.75,strategy_S9-10__TYPE_F:NIFTY:2026-04-13T11:57:51:SHORT
2026-04-13,11:59:17,2026-04-13,12:00:01,NIFTY,SELL,TYPE_F,BOOK_ENTRY_1,BOOK_EXIT_1,23792.15,23787.85,NIFTY13APR2623800PE,23800.0,PE,65.5,66.1,70.0,65.0,70.0,65.0,0.002293,0.002267,ws,ws,book_ladder,book_ladder,False,False,-4.5,1.1,65,39.0,strategy_S9-10__TYPE_F:NIFTY:2026-04-13T11:59:17:SHORT
2026-04-13,12:00:35,2026-04-13,12:00:46,NIFTY,BUY,TYPE_F,BOOK_ENTRY_1,BOOK_EXIT_1,23794.65,23791.8,NIFTY13APR2623750CE,23750.0,CE,84.85,82.9,85.0,80.0,85.0,80.0,0.00236,0.001206,ws,ws,book_ladder,book_ladder,False,False,-0.15,2.9,65,-126.75,strategy_S9-10__TYPE_F:NIFTY:2026-04-13T12:00:35:LONG
2026-04-13,12:01:00,2026-04-13,12:01:09,NIFTY,BUY,TYPE_F,BOOK_ENTRY_1,BOOK_EXIT_1,23794.35,23791.4,NIFTY13APR2623750CE,23750.0,CE,85.9,83.55,90.0,80.0,90.0,80.0,0.002915,0.002988,ws,ws,book_ladder,book_ladder,False,False,-4.1,3.55,65,-152.75,strategy_S9-10__TYPE_F:NIFTY:2026-04-13T12:01:00:LONG
2026-04-13,12:01:26,2026-04-13,12:02:02,NIFTY,SELL,TYPE_F,BOOK_ENTRY_1,BOOK_EXIT_1,23787.95,23788.4,NIFTY13APR2623800PE,23800.0,PE,66.75,66.75,70.0,65.0,70.0,65.0,0.003001,0.002992,ws,ws,book_ladder,book_ladder,False,False,-3.25,1.75,65,0.0,strategy_S9-10__TYPE_F:NIFTY:2026-04-13T12:01:26:SHORT
2026-04-13,12:02:41,2026-04-13,12:02:55,NIFTY,SELL,TYPE_F,BOOK_ENTRY_1,BOOK_EXIT_1,23787.85,23789.35,NIFTY13APR2623800PE,23800.0,PE,68.0,67.9,70.0,65.0,70.0,65.0,0.001472,0.002207,ws,ws,book_ladder,book_ladder,False,False,-2.0,2.9,65,-6.5,strategy_S9-10__TYPE_F:NIFTY:2026-04-13T12:02:41:SHORT
2026-04-13,12:03:13,2026-04-13,12:03:50,NIFTY,SELL,TYPE_F,BOOK_ENTRY_1,BOOK_EXIT_1,23787.0,23788.0,NIFTY13APR2623800PE,23800.0,PE,68.25,67.65,70.0,65.0,70.0,65.0,0.000733,0.002952,ws,ws,book_ladder,book_ladder,False,False,-1.75,2.65,65,-39.0,strategy_S9-10__TYPE_F:NIFTY:2026-04-13T12:03:13:SHORT
2026-04-13,12:04:30,2026-04-13,12:04:45,NIFTY,SELL,TYPE_F,BOOK_ENTRY_1,BOOK_EXIT_1,23786.85,23787.75,NIFTY13APR2623800PE,23800.0,PE,67.7,66.85,70.0,65.0,70.0,65.0,0.002218,0.002241,ws,ws,book_ladder,book_ladder,False,False,-2.3,1.85,65,-55.25,strategy_S9-10__TYPE_F:NIFTY:2026-04-13T12:04:30:SHORT
2026-04-13,12:05:01,2026-04-13,12:07:40,NIFTY,BUY,TYPE_F,BOOK_ENTRY_1,BOOK_EXIT_1,23789.9,23803.65,NIFTY13APR2623750CE,23750.0,CE,83.25,87.0,85.0,85.0,85.0,85.0,0.001803,0.002869,ws,ws,book_ladder,book_ladder,False,False,-1.75,2.0,65,243.75,strategy_S9-10__TYPE_F:NIFTY:2026-04-13T12:05:01:LONG
2026-04-13,12:08:39,2026-04-13,12:09:06,NIFTY,SELL,TYPE_F,BOOK_ENTRY_1,BOOK_EXIT_1,23798.85,23799.5,NIFTY13APR2623800PE,23800.0,PE,59.7,60.2,60.0,60.0,60.0,60.0,0.002516,0.00166,ws,ws,book_ladder,book_ladder,False,False,-0.3,0.2,65,32.5,strategy_S9-10__TYPE_F:NIFTY:2026-04-13T12:08:39:SHORT
2026-04-13,12:09:31,2026-04-13,12:09:51,NIFTY,BUY,TYPE_F,BOOK_ENTRY_1,BOOK_EXIT_1,23799.45,23798.1,NIFTY13APR2623750CE,23750.0,CE,86.8,86.6,90.0,85.0,90.0,85.0,0.002307,0.002307,ws,ws,book_ladder,book_ladder,False,False,-3.2,1.6,65,-13.0,strategy_S9-10__TYPE_F:NIFTY:2026-04-13T12:09:31:LONG
2026-04-13,12:10:05,2026-04-13,12:11:29,NIFTY,BUY,TYPE_F,BOOK_ENTRY_1,BOOK_EXIT_1,23801.55,23807.15,NIFTY13APR2623800CE,23800.0,CE,59.45,61.65,60.0,60.0,60.0,60.0,0.002526,0.00243,ws,ws,book_ladder,book_ladder,False,False,-0.55,1.65,65,143.0,strategy_S9-10__TYPE_F:NIFTY:2026-04-13T12:10:05:LONG
2026-04-13,12:12:23,2026-04-13,12:13:02,NIFTY,SELL,TYPE_F,BOOK_ENTRY_1,BOOK_EXIT_1,23798.7,23798.55,NIFTY13APR2623800PE,23800.0,PE,60.5,59.8,65.0,55.0,65.0,55.0,0.001654,0.001671,ws,ws,book_ladder,book_ladder,False,False,-4.5,4.8,65,-45.5,strategy_S9-10__TYPE_F:NIFTY:2026-04-13T12:12:23:SHORT
2026-04-13,12:13:11,2026-04-13,12:15:38,NIFTY,BUY,TYPE_F,BOOK_ENTRY_1,BOOK_EXIT_1,23802.1,23815.85,NIFTY13APR2623800CE,23800.0,CE,60.0,65.25,60.0,65.0,60.0,65.0,0.003339,0.001531,ws,ws,book_ladder,book_ladder,False,False,0.0,0.25,65,341.25,strategy_S9-10__TYPE_F:NIFTY:2026-04-13T12:13:11:LONG
2026-04-13,12:15:43,2026-04-13,12:16:32,NIFTY,SELL,TYPE_F,BOOK_ENTRY_1,BOOK_EXIT_1,23813.55,23811.05,NIFTY13APR2623850PE,23850.0,PE,79.75,83.9,80.0,80.0,80.0,80.0,0.001883,0.002381,ws,ws,book_ladder,book_ladder,False,False,-0.25,3.9,65,269.75,strategy_S9-10__TYPE_F:NIFTY:2026-04-13T12:15:43:SHORT
2026-04-13,12:16:44,2026-04-13,12:17:22,NIFTY,BUY,TYPE_F,BOOK_ENTRY_1,BOOK_EXIT_1,23814.1,23813.15,NIFTY13APR2623800CE,23800.0,CE,64.8,64.75,65.0,60.0,65.0,60.0,0.003091,0.002314,ws,ws,book_ladder,book_ladder,False,False,-0.2,4.75,65,-3.25,strategy_S9-10__TYPE_F:NIFTY:2026-04-13T12:16:44:LONG
2026-04-13,12:17:31,2026-04-13,12:18:55,NIFTY,SELL,TYPE_F,BOOK_ENTRY_1,BOOK_EXIT_1,23811.9,23808.0,NIFTY13APR2623850PE,23850.0,PE,81.45,83.05,85.0,80.0,85.0,80.0,0.002459,0.000602,ws,ws,book_ladder,book_ladder,False,False,-3.55,3.05,65,104.0,strategy_S9-10__TYPE_F:NIFTY:2026-04-13T12:17:31:SHORT
2026-04-13,12:19:26,2026-04-13,12:20:25,NIFTY,BUY,TYPE_F,BOOK_ENTRY_1,BOOK_EXIT_1,23809.5,23818.7,NIFTY13APR2623800CE,23800.0,CE,63.2,66.45,65.0,65.0,65.0,65.0,0.001584,0.003005,ws,ws,book_ladder,book_ladder,False,False,-1.8,1.45,65,211.25,strategy_S9-10__TYPE_F:NIFTY:2026-04-13T12:19:26:LONG
2026-04-13,12:21:34,2026-04-13,12:22:21,NIFTY,SELL,TYPE_F,BOOK_ENTRY_1,BOOK_EXIT_1,23817.0,23806.05,NIFTY13APR2623850PE,23850.0,PE,79.15,84.9,80.0,80.0,80.0,80.0,0.001897,0.00294,ws,ws,book_ladder,book_ladder,False,False,-0.85,4.9,65,373.75,strategy_S9-10__TYPE_F:NIFTY:2026-04-13T12:21:34:SHORT
2026-04-13,12:22:35,2026-04-13,12:23:12,NIFTY,SELL,TYPE_F,BOOK_ENTRY_1,BOOK_EXIT_1,23801.7,23799.5,NIFTY13APR2623850PE,23850.0,PE,86.25,86.95,90.0,85.0,90.0,85.0,0.001741,0.001724,ws,ws,book_ladder,book_ladder,False,False,-3.75,1.95,65,45.5,strategy_S9-10__TYPE_F:NIFTY:2026-04-13T12:22:35:SHORT
2026-04-13,12:23:53,2026-04-13,12:24:14,NIFTY,BUY,TYPE_F,BOOK_ENTRY_1,BOOK_EXIT_1,23801.1,23798.55,NIFTY13APR2623800CE,23800.0,CE,59.95,59.3,60.0,55.0,60.0,55.0,0.000834,0.001685,ws,ws,book_ladder,book_ladder,False,False,-0.05,4.3,65,-42.25,strategy_S9-10__TYPE_F:NIFTY:2026-04-13T12:23:53:LONG
2026-04-13,12:24:23,2026-04-13,12:24:45,NIFTY,SELL,TYPE_F,BOOK_ENTRY_1,BOOK_EXIT_1,23797.95,23799.9,NIFTY13APR2623800PE,23800.0,PE,60.0,58.55,60.0,55.0,60.0,55.0,0.002503,0.000854,ws,ws,book_ladder,book_ladder,False,False,0.0,3.55,65,-94.25,strategy_S9-10__TYPE_F:NIFTY:2026-04-13T12:24:23:SHORT
2026-04-13,12:25:04,2026-04-13,12:27:24,NIFTY,BUY,TYPE_F,BOOK_ENTRY_1,BOOK_EXIT_1,23805.7,23823.35,NIFTY13APR2623800CE,23800.0,CE,62.8,70.4,65.0,70.0,65.0,70.0,0.002391,0.001419,ws,ws,book_ladder,book_ladder,False,False,-2.2,0.4,65,494.0,strategy_S9-10__TYPE_F:NIFTY:2026-04-13T12:25:04:LONG
2026-04-13,12:27:55,2026-04-13,12:28:22,NIFTY,BUY,TYPE_F,BOOK_ENTRY_1,BOOK_EXIT_1,23827.8,23828.2,NIFTY13APR2623800CE,23800.0,CE,74.6,73.25,75.0,70.0,75.0,70.0,0.003357,0.002046,ws,ws,book_ladder,book_ladder,False,False,-0.4,3.25,65,-87.75,strategy_S9-10__TYPE_F:NIFTY:2026-04-13T12:27:55:LONG
2026-04-13,12:28:40,2026-04-13,12:29:40,NIFTY,BUY,TYPE_F,BOOK_ENTRY_1,BOOK_EXIT_1,23830.35,23833.2,NIFTY13APR2623800CE,23800.0,CE,74.6,74.0,75.0,70.0,75.0,70.0,0.001341,0.002699,ws,ws,book_ladder,book_ladder,False,False,-0.4,4.0,65,-39.0,strategy_S9-10__TYPE_F:NIFTY:2026-04-13T12:28:40:LONG
2026-04-13,12:29:52,2026-04-13,12:30:16,NIFTY,BUY,TYPE_F,BOOK_ENTRY_1,BOOK_EXIT_1,23835.75,23836.65,NIFTY13APR2623800CE,23800.0,CE,76.65,76.65,80.0,75.0,80.0,75.0,0.001305,0.001955,ws,ws,book_ladder,book_ladder,False,False,-3.35,1.65,65,0.0,strategy_S9-10__TYPE_F:NIFTY:2026-04-13T12:29:52:LONG
2026-04-13,12:30:28,2026-04-13,12:30:34,NIFTY,SELL,TYPE_F,BOOK_ENTRY_1,BOOK_EXIT_1,23832.85,23835.45,NIFTY13APR2623850PE,23850.0,PE,66.3,65.3,70.0,65.0,70.0,65.0,0.001509,0.00153,ws,ws,book_ladder,book_ladder,False,False,-3.7,0.3,65,-65.0,strategy_S9-10__TYPE_F:NIFTY:2026-04-13T12:30:28:SHORT
2026-04-13,12:31:26,2026-04-13,12:31:57,NIFTY,BUY,TYPE_F,BOOK_ENTRY_1,BOOK_EXIT_1,23837.45,23836.45,NIFTY13APR2623800CE,23800.0,CE,78.5,76.7,80.0,75.0,80.0,75.0,0.002551,0.000652,ws,ws,book_ladder,book_ladder,False,False,-1.5,1.7,65,-117.0,strategy_S9-10__TYPE_F:NIFTY:2026-04-13T12:31:26:LONG
2026-04-13,12:32:10,2026-04-13,12:33:19,NIFTY,SELL,TYPE_F,BOOK_ENTRY_1,BOOK_EXIT_1,23835.4,23834.75,NIFTY13APR2623850PE,23850.0,PE,65.3,64.3,70.0,60.0,70.0,60.0,0.0023,0.001554,ws,ws,book_ladder,book_ladder,False,False,-4.7,4.3,65,-65.0,strategy_S9-10__TYPE_F:NIFTY:2026-04-13T12:32:10:SHORT
2026-04-13,12:33:43,2026-04-13,12:33:58,NIFTY,SELL,TYPE_F,BOOK_ENTRY_1,BOOK_EXIT_1,23828.95,23830.3,NIFTY13APR2623850PE,23850.0,PE,66.5,66.5,70.0,65.0,70.0,65.0,0.001505,0.002253,ws,ws,book_ladder,book_ladder,False,False,-3.5,1.5,65,0.0,strategy_S9-10__TYPE_F:NIFTY:2026-04-13T12:33:43:SHORT
2026-04-13,12:35:20,2026-04-13,12:35:27,NIFTY,BUY,TYPE_F,BOOK_ENTRY_1,BOOK_EXIT_1,23832.45,23830.35,NIFTY13APR2623800CE,23800.0,CE,74.55,74.15,75.0,70.0,75.0,70.0,0.002014,0.002694,ws,ws,book_ladder,book_ladder,False,False,-0.45,4.15,65,-26.0,strategy_S9-10__TYPE_F:NIFTY:2026-04-13T12:35:20:LONG
2026-04-13,12:35:45,2026-04-13,12:36:16,NIFTY,SELL,TYPE_F,BOOK_ENTRY_1,BOOK_EXIT_1,23827.5,23830.35,NIFTY13APR2623850PE,23850.0,PE,67.75,67.15,70.0,65.0,70.0,65.0,0.002216,0.002231,ws,ws,book_ladder,book_ladder,False,False,-2.25,2.15,65,-39.0,strategy_S9-10__TYPE_F:NIFTY:2026-04-13T12:35:45:SHORT
2026-04-13,12:36:22,2026-04-13,12:36:47,NIFTY,SELL,TYPE_F,BOOK_ENTRY_1,BOOK_EXIT_1,23828.35,23825.7,NIFTY13APR2623850PE,23850.0,PE,68.7,70.0,70.0,70.0,70.0,70.0,0.002186,0.002141,ws,ws,book_ladder,book_ladder,False,False,-1.3,0.0,65,84.5,strategy_S9-10__TYPE_F:NIFTY:2026-04-13T12:36:22:SHORT
2026-04-13,12:37:17,2026-04-13,12:38:44,NIFTY,BUY,TYPE_F,BOOK_ENTRY_1,BOOK_EXIT_1,23828.45,23837.8,NIFTY13APR2623800CE,23800.0,CE,72.0,76.1,75.0,75.0,75.0,75.0,0.002086,0.00328,ws,ws,book_ladder,book_ladder,False,False,-3.0,1.1,65,266.5,strategy_S9-10__TYPE_F:NIFTY:2026-04-13T12:37:17:LONG
2026-04-13,12:39:05,2026-04-13,12:39:24,NIFTY,BUY,TYPE_F,BOOK_ENTRY_1,BOOK_EXIT_1,23843.25,23838.65,NIFTY13APR2623800CE,23800.0,CE,78.0,72.8,80.0,70.0,80.0,70.0,0.001925,0.002058,ws,ws,book_ladder,book_ladder,False,False,-2.0,2.8,65,-338.0,strategy_S9-10__TYPE_F:NIFTY:2026-04-13T12:39:05:LONG
2026-04-13,12:39:48,2026-04-13,12:39:53,NIFTY,SELL,TYPE_F,BOOK_ENTRY_1,BOOK_EXIT_1,23835.05,23838.65,NIFTY13APR2623850PE,23850.0,PE,63.7,62.35,65.0,60.0,65.0,60.0,0.002358,0.003203,ws,ws,book_ladder,book_ladder,False,False,-1.3,2.35,65,-87.75,strategy_S9-10__TYPE_F:NIFTY:2026-04-13T12:39:48:SHORT
2026-04-13,12:41:27,2026-04-13,12:41:59,NIFTY,BUY,TYPE_F,BOOK_ENTRY_1,BOOK_EXIT_1,23831.6,23831.75,NIFTY13APR2623800CE,23800.0,CE,72.5,72.2,75.0,70.0,75.0,70.0,0.002762,0.002075,ws,ws,book_ladder,book_ladder,False,False,-2.5,2.2,65,-19.5,strategy_S9-10__TYPE_F:NIFTY:2026-04-13T12:41:27:LONG
2026-04-13,12:42:04,2026-04-13,12:43:11,NIFTY,BUY,TYPE_F,BOOK_ENTRY_1,BOOK_EXIT_1,23835.95,23841.0,NIFTY13APR2623800CE,23800.0,CE,74.4,75.5,75.0,75.0,75.0,75.0,0.002018,0.000662,ws,ws,book_ladder,book_ladder,False,False,-0.6,0.5,65,71.5,strategy_S9-10__TYPE_F:NIFTY:2026-04-13T12:42:04:LONG
2026-04-13,12:43:37,2026-04-13,12:44:17,NIFTY,SELL,TYPE_F,BOOK_ENTRY_1,BOOK_EXIT_1,23838.5,23839.5,NIFTY13APR2623850PE,23850.0,PE,61.85,61.4,65.0,60.0,65.0,60.0,0.003239,0.000814,ws,ws,book_ladder,book_ladder,False,False,-3.15,1.4,65,-29.25,strategy_S9-10__TYPE_F:NIFTY:2026-04-13T12:43:37:SHORT
2026-04-13,12:44:27,2026-04-13,12:45:18,NIFTY,BUY,TYPE_F,BOOK_ENTRY_1,BOOK_EXIT_1,23841.35,23840.15,NIFTY13APR2623800CE,23800.0,CE,76.9,75.5,80.0,75.0,80.0,75.0,0.001301,0.001985,ws,ws,book_ladder,book_ladder,False,False,-3.1,0.5,65,-91.0,strategy_S9-10__TYPE_F:NIFTY:2026-04-13T12:44:27:LONG
2026-04-13,12:45:36,2026-04-13,12:47:02,NIFTY,SELL,TYPE_F,BOOK_ENTRY_1,BOOK_EXIT_1,23839.55,23829.55,NIFTY13APR2623850PE,23850.0,PE,61.8,64.05,65.0,60.0,65.0,60.0,0.001619,0.002339,ws,ws,book_ladder,book_ladder,False,False,-3.2,4.05,65,146.25,strategy_S9-10__TYPE_F:NIFTY:2026-04-13T12:45:36:SHORT
2026-04-13,12:47:45,2026-04-13,12:47:51,NIFTY,BUY,TYPE_F,BOOK_ENTRY_1,BOOK_EXIT_1,23831.2,23826.8,NIFTY13APR2623800CE,23800.0,CE,73.15,72.05,75.0,70.0,75.0,70.0,0.002053,0.002772,ws,ws,book_ladder,book_ladder,False,False,-1.85,2.05,65,-71.5,strategy_S9-10__TYPE_F:NIFTY:2026-04-13T12:47:45:LONG
2026-04-13,12:48:13,2026-04-13,12:48:29,NIFTY,BUY,TYPE_F,BOOK_ENTRY_1,BOOK_EXIT_1,23833.0,23830.05,NIFTY13APR2623800CE,23800.0,CE,74.85,71.65,75.0,70.0,75.0,70.0,0.002676,0.002787,ws,ws,book_ladder,book_ladder,False,False,-0.15,1.65,65,-208.0,strategy_S9-10__TYPE_F:NIFTY:2026-04-13T12:48:13:LONG
2026-04-13,12:48:37,2026-04-13,12:48:50,NIFTY,SELL,TYPE_F,BOOK_ENTRY_1,BOOK_EXIT_1,23829.25,23831.25,NIFTY13APR2623850PE,23850.0,PE,65.9,64.4,70.0,60.0,70.0,60.0,0.002279,0.001552,ws,ws,book_ladder,book_ladder,False,False,-4.1,4.4,65,-97.5,strategy_S9-10__TYPE_F:NIFTY:2026-04-13T12:48:37:SHORT
2026-04-13,12:49:06,2026-04-13,12:49:58,NIFTY,BUY,TYPE_F,BOOK_ENTRY_1,BOOK_EXIT_1,23833.35,23839.45,NIFTY13APR2623800CE,23800.0,CE,73.5,73.8,75.0,70.0,75.0,70.0,0.001361,0.002706,ws,ws,book_ladder,book_ladder,False,False,-1.5,3.8,65,19.5,strategy_S9-10__TYPE_F:NIFTY:2026-04-13T12:49:06:LONG
2026-04-13,12:50:41,2026-04-13,12:50:46,NIFTY,SELL,TYPE_F,BOOK_ENTRY_1,BOOK_EXIT_1,23836.85,23839.65,NIFTY13APR2623850PE,23850.0,PE,63.85,63.9,65.0,60.0,65.0,60.0,0.002352,0.002345,ws,ws,book_ladder,book_ladder,False,False,-1.15,3.9,65,3.25,strategy_S9-10__TYPE_F:NIFTY:2026-04-13T12:50:41:SHORT
2026-04-13,12:50:50,2026-04-13,12:51:11,NIFTY,BUY,TYPE_F,BOOK_ENTRY_1,BOOK_EXIT_1,23843.85,23836.75,NIFTY13APR2623800CE,23800.0,CE,74.15,69.45,75.0,65.0,75.0,65.0,0.002701,0.002157,ws,ws,book_ladder,book_ladder,False,False,-0.85,4.45,65,-305.5,strategy_S9-10__TYPE_F:NIFTY:2026-04-13T12:50:50:LONG
2026-04-13,12:51:20,2026-04-13,12:51:39,NIFTY,SELL,TYPE_F,BOOK_ENTRY_1,BOOK_EXIT_1,23833.45,23837.2,NIFTY13APR2623850PE,23850.0,PE,68.85,67.0,70.0,65.0,70.0,65.0,0.002909,0.001491,ws,ws,book_ladder,book_ladder,False,False,-1.15,2.0,65,-120.25,strategy_S9-10__TYPE_F:NIFTY:2026-04-13T12:51:20:SHORT
2026-04-13,12:51:46,2026-04-13,12:53:13,NIFTY,BUY,TYPE_F,BOOK_ENTRY_1,BOOK_EXIT_1,23840.8,23840.75,NIFTY13APR2623800CE,23800.0,CE,72.95,71.9,75.0,70.0,75.0,70.0,0.001372,0.002084,ws,ws,book_ladder,book_ladder,False,False,-2.05,1.9,65,-68.25,strategy_S9-10__TYPE_F:NIFTY:2026-04-13T12:51:46:LONG
2026-04-13,12:53:50,2026-04-13,12:53:52,NIFTY,SELL,TYPE_F,BOOK_ENTRY_1,BOOK_EXIT_1,23840.5,23845.3,NIFTY13APR2623850PE,23850.0,PE,66.65,66.75,70.0,65.0,70.0,65.0,0.002253,0.002245,ws,ws,book_ladder,book_ladder,False,False,-3.35,1.75,65,6.5,strategy_S9-10__TYPE_F:NIFTY:2026-04-13T12:53:50:SHORT
2026-04-13,12:54:06,2026-04-13,12:55:13,NIFTY,SELL,TYPE_F,BOOK_ENTRY_1,BOOK_EXIT_1,23837.4,23822.0,NIFTY13APR2623850PE,23850.0,PE,66.9,71.45,70.0,70.0,70.0,70.0,0.003744,0.001399,ws,ws,book_ladder,book_ladder,False,False,-3.1,1.45,65,295.75,strategy_S9-10__TYPE_F:NIFTY:2026-04-13T12:54:06:SHORT
2026-04-13,12:55:20,2026-04-13,12:55:50,NIFTY,SELL,TYPE_F,BOOK_ENTRY_1,BOOK_EXIT_1,23815.9,23818.05,NIFTY13APR2623850PE,23850.0,PE,73.25,72.25,75.0,70.0,75.0,70.0,0.002734,0.002074,ws,ws,book_ladder,book_ladder,False,False,-1.75,2.25,65,-65.0,strategy_S9-10__TYPE_F:NIFTY:2026-04-13T12:55:20:SHORT
2026-04-13,12:56:08,2026-04-13,12:56:10,NIFTY,BUY,TYPE_F,BOOK_ENTRY_1,BOOK_EXIT_1,23820.6,23816.9,NIFTY13APR2623800CE,23800.0,CE,63.3,62.8,65.0,60.0,65.0,60.0,0.002372,0.001591,ws,ws,book_ladder,book_ladder,False,False,-1.7,2.8,65,-32.5,strategy_S9-10__TYPE_F:NIFTY:2026-04-13T12:56:08:LONG
2026-04-13,12:56:22,2026-04-13,12:57:23,NIFTY,SELL,TYPE_F,BOOK_ENTRY_1,BOOK_EXIT_1,23811.25,23788.65,NIFTY13APR2623850PE,23850.0,PE,75.95,91.85,80.0,90.0,80.0,90.0,0.001977,0.002175,ws,ws,book_ladder,book_ladder,False,False,-4.05,1.85,65,1033.5,strategy_S9-10__TYPE_F:NIFTY:2026-04-13T12:56:22:SHORT
2026-04-13,12:57:49,2026-04-13,12:58:47,NIFTY,BUY,TYPE_F,BOOK_ENTRY_1,BOOK_EXIT_1,23795.95,23822.6,NIFTY13APR2623750CE,23750.0,CE,78.05,90.8,80.0,90.0,80.0,90.0,0.002566,0.001651,ws,ws,book_ladder,book_ladder,False,False,-1.95,0.8,65,828.75,strategy_S9-10__TYPE_F:NIFTY:2026-04-13T12:57:49:LONG
2026-04-13,12:59:27,2026-04-13,13:00:48,NIFTY,SELL,TYPE_F,BOOK_ENTRY_1,BOOK_EXIT_1,23811.1,23800.1,NIFTY13APR2623850PE,23850.0,PE,79.05,84.35,80.0,80.0,80.0,80.0,0.002533,0.001777,ws,ws,book_ladder,book_ladder,False,False,-0.95,4.35,65,344.5,strategy_S9-10__TYPE_F:NIFTY:2026-04-13T12:59:27:SHORT
2026-04-13,13:00:50,2026-04-13,13:01:52,NIFTY,BUY,TYPE_F,BOOK_ENTRY_1,BOOK_EXIT_1,23803.95,23809.75,NIFTY13APR2623800CE,23800.0,CE,54.2,57.3,55.0,55.0,55.0,55.0,0.002771,0.000872,ws,ws,book_ladder,book_ladder,False,False,-0.8,2.3,65,201.5,strategy_S9-10__TYPE_F:NIFTY:2026-04-13T13:00:50:LONG
2026-04-13,13:02:14,2026-04-13,13:03:54,NIFTY,SELL,TYPE_F,BOOK_ENTRY_1,BOOK_EXIT_1,23806.65,23774.3,NIFTY13APR2623850PE,23850.0,PE,81.4,101.0,85.0,100.0,85.0,100.0,0.001844,0.002472,ws,ws,book_ladder,book_ladder,False,False,-3.6,1.0,65,1274.0,strategy_S9-10__TYPE_F:NIFTY:2026-04-13T13:02:14:SHORT
2026-04-13,13:04:01,2026-04-13,13:06:36,NIFTY,BUY,TYPE_F,BOOK_ENTRY_1,BOOK_EXIT_1,23782.3,23800.85,NIFTY13APR2623750CE,23750.0,CE,67.45,79.8,70.0,75.0,70.0,75.0,0.002226,0.001878,ws,ws,book_ladder,book_ladder,False,False,-2.55,4.8,65,802.75,strategy_S9-10__TYPE_F:NIFTY:2026-04-13T13:04:01:LONG
2026-04-13,13:07:16,2026-04-13,13:07:54,NIFTY,BUY,TYPE_F,BOOK_ENTRY_1,BOOK_EXIT_1,23806.5,23806.5,NIFTY13APR2623800CE,23800.0,CE,53.4,52.15,55.0,50.0,55.0,50.0,0.000937,0.000958,ws,ws,book_ladder,book_ladder,False,False,-1.6,2.15,65,-81.25,strategy_S9-10__TYPE_F:NIFTY:2026-04-13T13:07:16:LONG
2026-04-13,13:08:04,2026-04-13,13:08:33,NIFTY,SELL,TYPE_F,BOOK_ENTRY_1,BOOK_EXIT_1,23805.2,23807.55,NIFTY13APR2623850PE,23850.0,PE,83.2,78.3,85.0,75.0,85.0,75.0,0.001203,0.002551,ws,ws,book_ladder,book_ladder,False,False,-1.8,3.3,65,-318.5,strategy_S9-10__TYPE_F:NIFTY:2026-04-13T13:08:04:SHORT
2026-04-13,13:08:46,2026-04-13,13:08:50,NIFTY,BUY,TYPE_F,BOOK_ENTRY_1,BOOK_EXIT_1,23809.9,23808.05,NIFTY13APR2623800CE,23800.0,CE,56.8,55.65,60.0,55.0,60.0,55.0,0.002644,0.002692,ws,ws,book_ladder,book_ladder,False,False,-3.2,0.65,65,-74.75,strategy_S9-10__TYPE_F:NIFTY:2026-04-13T13:08:46:LONG
2026-04-13,13:09:11,2026-04-13,13:09:24,NIFTY,BUY,TYPE_F,BOOK_ENTRY_1,BOOK_EXIT_1,23813.1,23810.3,NIFTY13APR2623800CE,23800.0,CE,57.35,54.35,60.0,50.0,60.0,50.0,0.002619,0.002756,ws,ws,book_ladder,book_ladder,False,False,-2.65,4.35,65,-195.0,strategy_S9-10__TYPE_F:NIFTY:2026-04-13T13:09:11:LONG
2026-04-13,13:10:00,2026-04-13,13:10:33,NIFTY,SELL,TYPE_F,BOOK_ENTRY_1,BOOK_EXIT_1,23809.1,23806.55,NIFTY13APR2623850PE,23850.0,PE,78.55,78.65,80.0,75.0,80.0,75.0,0.001911,0.00254,ws,ws,book_ladder,book_ladder,False,False,-1.45,3.65,65,6.5,strategy_S9-10__TYPE_F:NIFTY:2026-04-13T13:10:00:SHORT
2026-04-13,13:11:16,2026-04-13,13:12:29,NIFTY,BUY,TYPE_F,BOOK_ENTRY_1,BOOK_EXIT_1,23807.25,23813.15,NIFTY13APR2623800CE,23800.0,CE,56.0,60.55,60.0,60.0,60.0,60.0,0.001787,0.000825,ws,ws,book_ladder,book_ladder,False,False,-4.0,0.55,65,295.75,strategy_S9-10__TYPE_F:NIFTY:2026-04-13T13:11:16:LONG
2026-04-13,13:12:51,2026-04-13,13:13:09,NIFTY,BUY,TYPE_F,BOOK_ENTRY_1,BOOK_EXIT_1,23821.35,23820.15,NIFTY13APR2623800CE,23800.0,CE,61.9,60.3,65.0,60.0,65.0,60.0,0.002426,0.002484,ws,ws,book_ladder,book_ladder,False,False,-3.1,0.3,65,-104.0,strategy_S9-10__TYPE_F:NIFTY:2026-04-13T13:12:51:LONG
2026-04-13,13:13:26,2026-04-13,13:14:13,NIFTY,SELL,TYPE_F,BOOK_ENTRY_1,BOOK_EXIT_1,23817.9,23813.35,NIFTY13APR2623850PE,23850.0,PE,70.4,75.25,75.0,75.0,75.0,75.0,0.001421,0.002654,ws,ws,book_ladder,book_ladder,False,False,-4.6,0.25,65,315.25,strategy_S9-10__TYPE_F:NIFTY:2026-04-13T13:13:26:SHORT
2026-04-13,13:14:38,2026-04-13,13:15:41,NIFTY,BUY,TYPE_F,BOOK_ENTRY_1,BOOK_EXIT_1,23818.25,23825.45,NIFTY13APR2623800CE,23800.0,CE,60.55,64.95,65.0,60.0,65.0,60.0,0.003309,0.003075,ws,ws,book_ladder,book_ladder,False,False,-4.45,4.95,65,286.0,strategy_S9-10__TYPE_F:NIFTY:2026-04-13T13:14:38:LONG
2026-04-13,13:16:07,2026-04-13,13:17:12,NIFTY,SELL,TYPE_F,BOOK_ENTRY_1,BOOK_EXIT_1,23819.35,23811.55,NIFTY13APR2623850PE,23850.0,PE,68.2,75.05,70.0,75.0,70.0,75.0,0.002202,0.001997,ws,ws,book_ladder,book_ladder,False,False,-1.8,0.05,65,445.25,strategy_S9-10__TYPE_F:NIFTY:2026-04-13T13:16:07:SHORT
2026-04-13,13:17:59,2026-04-13,13:18:05,NIFTY,SELL,TYPE_F,BOOK_ENTRY_1,BOOK_EXIT_1,23806.45,23808.2,NIFTY13APR2623850PE,23850.0,PE,74.2,72.25,75.0,70.0,75.0,70.0,0.003375,0.002764,ws,ws,book_ladder,book_ladder,False,False,-0.8,2.25,65,-126.75,strategy_S9-10__TYPE_F:NIFTY:2026-04-13T13:17:59:SHORT
2026-04-13,13:18:10,2026-04-13,13:20:14,NIFTY,BUY,TYPE_F,BOOK_ENTRY_1,BOOK_EXIT_1,23814.8,23835.15,NIFTY13APR2623800CE,23800.0,CE,57.25,64.6,60.0,60.0,60.0,60.0,0.002624,0.002319,ws,ws,book_ladder,book_ladder,False,False,-2.75,4.6,65,477.75,strategy_S9-10__TYPE_F:NIFTY:2026-04-13T13:18:10:LONG
2026-04-13,13:20:37,2026-04-13,13:20:54,NIFTY,SELL,TYPE_F,BOOK_ENTRY_1,BOOK_EXIT_1,23831.5,23830.35,NIFTY13APR2623850PE,23850.0,PE,61.4,60.6,65.0,60.0,65.0,60.0,0.002446,0.002472,ws,ws,book_ladder,book_ladder,False,False,-3.6,0.6,65,-52.0,strategy_S9-10__TYPE_F:NIFTY:2026-04-13T13:20:37:SHORT
2026-04-13,13:21:23,2026-04-13,13:21:38,NIFTY,BUY,TYPE_F,BOOK_ENTRY_1,BOOK_EXIT_1,23833.1,23829.95,NIFTY13APR2623800CE,23800.0,CE,65.25,64.8,70.0,60.0,70.0,60.0,0.002301,0.002312,ws,ws,book_ladder,book_ladder,False,False,-4.75,4.8,65,-29.25,strategy_S9-10__TYPE_F:NIFTY:2026-04-13T13:21:23:LONG
2026-04-13,13:22:44,2026-04-13,13:23:14,NIFTY,SELL,TYPE_F,BOOK_ENTRY_1,BOOK_EXIT_1,23829.3,23824.85,NIFTY13APR2623850PE,23850.0,PE,60.2,61.0,65.0,60.0,65.0,60.0,0.002495,0.001638,ws,ws,book_ladder,book_ladder,False,False,-4.8,1.0,65,52.0,strategy_S9-10__TYPE_F:NIFTY:2026-04-13T13:22:44:SHORT
2026-04-13,13:24:10,2026-04-13,13:24:44,NIFTY,SELL,TYPE_F,BOOK_ENTRY_1,BOOK_EXIT_1,23825.05,23827.35,NIFTY13APR2623850PE,23850.0,PE,61.2,61.15,65.0,60.0,65.0,60.0,0.001635,0.001634,ws,ws,book_ladder,book_ladder,False,False,-3.8,1.15,65,-3.25,strategy_S9-10__TYPE_F:NIFTY:2026-04-13T13:24:10:SHORT
2026-04-13,13:25:09,2026-04-13,13:25:40,NIFTY,BUY,TYPE_F,BOOK_ENTRY_1,BOOK_EXIT_1,23827.9,23829.5,NIFTY13APR2623800CE,23800.0,CE,63.85,64.45,65.0,60.0,65.0,60.0,0.002352,0.002325,ws,ws,book_ladder,book_ladder,False,False,-1.15,4.45,65,39.0,strategy_S9-10__TYPE_F:NIFTY:2026-04-13T13:25:09:LONG
2026-04-13,13:25:50,2026-04-13,13:26:35,NIFTY,SELL,TYPE_F,BOOK_ENTRY_1,BOOK_EXIT_1,23825.9,23828.15,NIFTY13APR2623850PE,23850.0,PE,60.15,60.55,65.0,60.0,65.0,60.0,0.001664,0.00165,ws,ws,book_ladder,book_ladder,False,False,-4.85,0.55,65,26.0,strategy_S9-10__TYPE_F:NIFTY:2026-04-13T13:25:50:SHORT
2026-04-13,13:26:42,2026-04-13,13:27:02,NIFTY,SELL,TYPE_F,BOOK_ENTRY_1,BOOK_EXIT_1,23822.5,23823.4,NIFTY13APR2623850PE,23850.0,PE,62.3,62.05,65.0,60.0,65.0,60.0,0.000803,0.003218,ws,ws,book_ladder,book_ladder,False,False,-2.7,2.05,65,-16.25,strategy_S9-10__TYPE_F:NIFTY:2026-04-13T13:26:42:SHORT
2026-04-13,13:28:16,2026-04-13,13:28:32,NIFTY,BUY,TYPE_F,BOOK_ENTRY_1,BOOK_EXIT_1,23826.1,23826.0,NIFTY13APR2623800CE,23800.0,CE,61.9,61.15,65.0,60.0,65.0,60.0,0.002426,0.000817,ws,ws,book_ladder,book_ladder,False,False,-3.1,1.15,65,-48.75,strategy_S9-10__TYPE_F:NIFTY:2026-04-13T13:28:16:LONG
2026-04-13,13:29:54,2026-04-13,13:30:18,NIFTY,SELL,TYPE_F,BOOK_ENTRY_1,BOOK_EXIT_1,23825.15,23828.05,NIFTY13APR2623850PE,23850.0,PE,61.75,59.55,65.0,55.0,65.0,55.0,0.002432,0.001678,ws,ws,book_ladder,book_ladder,False,False,-3.25,4.55,65,-143.0,strategy_S9-10__TYPE_F:NIFTY:2026-04-13T13:29:54:SHORT
2026-04-13,13:30:29,2026-04-13,13:30:49,NIFTY,BUY,TYPE_F,BOOK_ENTRY_1,BOOK_EXIT_1,23829.4,23824.85,NIFTY13APR2623800CE,23800.0,CE,66.95,63.6,70.0,60.0,70.0,60.0,0.000747,0.00314,ws,ws,book_ladder,book_ladder,False,False,-3.05,3.6,65,-217.75,strategy_S9-10__TYPE_F:NIFTY:2026-04-13T13:30:29:LONG
2026-04-13,13:31:30,2026-04-13,13:31:49,NIFTY,SELL,TYPE_F,BOOK_ENTRY_1,BOOK_EXIT_1,23825.9,23828.05,NIFTY13APR2623850PE,23850.0,PE,59.05,57.95,60.0,55.0,60.0,55.0,0.001695,0.003445,ws,ws,book_ladder,book_ladder,False,False,-0.95,2.95,65,-71.5,strategy_S9-10__TYPE_F:NIFTY:2026-04-13T13:31:30:SHORT
2026-04-13,13:31:55,2026-04-13,13:33:39,NIFTY,BUY,TYPE_F,BOOK_ENTRY_1,BOOK_EXIT_1,23829.5,23847.1,NIFTY13APR2623800CE,23800.0,CE,62.55,71.6,65.0,70.0,65.0,70.0,0.003203,0.002093,ws,ws,book_ladder,book_ladder,False,False,-2.45,1.6,65,588.25,strategy_S9-10__TYPE_F:NIFTY:2026-04-13T13:31:55:LONG
2026-04-13,13:33:43,2026-04-13,13:34:07,NIFTY,SELL,TYPE_F,BOOK_ENTRY_1,BOOK_EXIT_1,23837.1,23846.55,NIFTY13APR2623850PE,23850.0,PE,50.7,46.1,55.0,45.0,55.0,45.0,0.001974,0.002167,ws,ws,book_ladder,book_ladder,False,False,-4.3,1.1,65,-299.0,strategy_S9-10__TYPE_F:NIFTY:2026-04-13T13:33:43:SHORT
2026-04-13,13:34:13,2026-04-13,13:34:45,NIFTY,BUY,TYPE_F,BOOK_ENTRY_1,BOOK_EXIT_1,23849.6,23849.7,NIFTY13APR2623800CE,23800.0,CE,75.95,73.7,80.0,70.0,80.0,70.0,0.002637,0.00271,ws,ws,book_ladder,book_ladder,False,False,-4.05,3.7,65,-146.25,strategy_S9-10__TYPE_F:NIFTY:2026-04-13T13:34:13:LONG
2026-04-13,13:34:50,2026-04-13,13:35:32,NIFTY,SELL,TYPE_F,BOOK_ENTRY_1,BOOK_EXIT_1,23847.25,23842.15,NIFTY13APR2623850PE,23850.0,PE,43.85,46.85,45.0,45.0,45.0,45.0,0.001141,0.003197,ws,ws,book_ladder,book_ladder,False,False,-1.15,1.85,65,195.0,strategy_S9-10__TYPE_F:NIFTY:2026-04-13T13:34:50:SHORT
2026-04-13,13:35:47,2026-04-13,13:36:23,NIFTY,BUY,TYPE_F,BOOK_ENTRY_1,BOOK_EXIT_1,23850.4,23843.3,NIFTY13APR2623850CE,23850.0,CE,45.15,40.05,50.0,40.0,50.0,40.0,0.003328,0.003738,ws,ws,book_ladder,book_ladder,False,False,-4.85,0.05,65,-331.5,strategy_S9-10__TYPE_F:NIFTY:2026-04-13T13:35:47:LONG
2026-04-13,13:37:08,2026-04-13,13:37:45,NIFTY,BUY,TYPE_F,BOOK_ENTRY_1,BOOK_EXIT_1,23851.4,23852.2,NIFTY13APR2623850CE,23850.0,CE,43.4,43.05,45.0,40.0,45.0,40.0,0.003462,0.00232,ws,ws,book_ladder,book_ladder,False,False,-1.6,3.05,65,-22.75,strategy_S9-10__TYPE_F:NIFTY:2026-04-13T13:37:08:LONG
2026-04-13,13:38:30,2026-04-13,13:39:53,NIFTY,SELL,TYPE_F,BOOK_ENTRY_1,BOOK_EXIT_1,23852.85,23847.05,NIFTY13APR2623900PE,23900.0,PE,74.85,79.55,75.0,75.0,75.0,75.0,0.002006,0.002511,ws,ws,book_ladder,book_ladder,False,False,-0.15,4.55,65,305.5,strategy_S9-10__TYPE_F:NIFTY:2026-04-13T13:38:30:SHORT
2026-04-13,13:40:26,2026-04-13,13:40:36,NIFTY,SELL,TYPE_F,BOOK_ENTRY_1,BOOK_EXIT_1,23842.6,23845.3,NIFTY13APR2623850PE,23850.0,PE,49.7,48.4,50.0,45.0,50.0,45.0,0.002014,0.002064,ws,ws,book_ladder,book_ladder,False,False,-0.3,3.4,65,-84.5,strategy_S9-10__TYPE_F:NIFTY:2026-04-13T13:40:26:SHORT
2026-04-13,13:40:42,2026-04-13,13:42:02,NIFTY,SELL,TYPE_F,BOOK_ENTRY_1,BOOK_EXIT_1,23841.25,23837.2,NIFTY13APR2623850PE,23850.0,PE,49.65,49.6,50.0,45.0,50.0,45.0,0.003026,0.002014,ws,ws,book_ladder,book_ladder,False,False,-0.35,4.6,65,-3.25,strategy_S9-10__TYPE_F:NIFTY:2026-04-13T13:40:42:SHORT
2026-04-13,13:42:15,2026-04-13,13:42:41,NIFTY,BUY,TYPE_F,BOOK_ENTRY_1,BOOK_EXIT_1,23839.6,23833.95,NIFTY13APR2623800CE,23800.0,CE,67.2,61.0,70.0,60.0,70.0,60.0,0.002235,0.000819,ws,ws,book_ladder,book_ladder,False,False,-2.8,1.0,65,-403.0,strategy_S9-10__TYPE_F:NIFTY:2026-04-13T13:42:15:LONG
2026-04-13,13:42:50,2026-04-13,13:43:05,NIFTY,SELL,TYPE_F,BOOK_ENTRY_1,BOOK_EXIT_1,23831.6,23832.8,NIFTY13APR2623850PE,23850.0,PE,51.0,50.85,55.0,50.0,55.0,50.0,0.001963,0.002946,ws,ws,book_ladder,book_ladder,False,False,-4.0,0.85,65,-9.75,strategy_S9-10__TYPE_F:NIFTY:2026-04-13T13:42:50:SHORT
2026-04-13,13:43:42,2026-04-13,13:44:12,NIFTY,BUY,TYPE_F,BOOK_ENTRY_1,BOOK_EXIT_1,23836.55,23838.9,NIFTY13APR2623800CE,23800.0,CE,63.1,64.3,65.0,60.0,65.0,60.0,0.00238,0.003106,ws,ws,book_ladder,book_ladder,False,False,-1.9,4.3,65,78.0,strategy_S9-10__TYPE_F:NIFTY:2026-04-13T13:43:42:LONG
2026-04-13,13:44:51,2026-04-13,13:45:07,NIFTY,SELL,TYPE_F,BOOK_ENTRY_1,BOOK_EXIT_1,23837.55,23838.3,NIFTY13APR2623850PE,23850.0,PE,48.65,49.1,50.0,45.0,50.0,45.0,0.002058,0.002035,ws,ws,book_ladder,book_ladder,False,False,-1.35,4.1,65,29.25,strategy_S9-10__TYPE_F:NIFTY:2026-04-13T13:44:51:SHORT
2026-04-13,13:45:13,2026-04-13,13:45:36,NIFTY,SELL,TYPE_F,BOOK_ENTRY_1,BOOK_EXIT_1,23834.2,23835.45,NIFTY13APR2623850PE,23850.0,PE,49.8,51.7,50.0,50.0,50.0,50.0,0.00201,0.002897,ws,ws,book_ladder,book_ladder,False,False,-0.2,1.7,65,123.5,strategy_S9-10__TYPE_F:NIFTY:2026-04-13T13:45:13:SHORT
2026-04-13,13:46:03,2026-04-13,13:46:50,NIFTY,BUY,TYPE_F,BOOK_ENTRY_1,BOOK_EXIT_1,23835.55,23833.55,NIFTY13APR2623800CE,23800.0,CE,61.75,58.4,65.0,55.0,65.0,55.0,0.003244,0.002565,ws,ws,book_ladder,book_ladder,False,False,-3.25,3.4,65,-217.75,strategy_S9-10__TYPE_F:NIFTY:2026-04-13T13:46:03:LONG
2026-04-13,13:47:53,2026-04-13,13:48:15,NIFTY,SELL,TYPE_F,BOOK_ENTRY_1,BOOK_EXIT_1,23834.5,23833.9,NIFTY13APR2623850PE,23850.0,PE,52.95,51.4,55.0,50.0,55.0,50.0,0.00189,0.002914,ws,ws,book_ladder,book_ladder,False,False,-2.05,1.4,65,-100.75,strategy_S9-10__TYPE_F:NIFTY:2026-04-13T13:47:53:SHORT
2026-04-13,13:48:20,2026-04-13,13:49:30,NIFTY,BUY,TYPE_F,BOOK_ENTRY_1,BOOK_EXIT_1,23836.0,23839.3,NIFTY13APR2623800CE,23800.0,CE,58.65,63.65,60.0,60.0,60.0,60.0,0.002561,0.000785,ws,ws,book_ladder,book_ladder,False,False,-1.35,3.65,65,325.0,strategy_S9-10__TYPE_F:NIFTY:2026-04-13T13:48:20:LONG
2026-04-13,13:49:44,2026-04-13,13:49:51,NIFTY,BUY,TYPE_F,BOOK_ENTRY_1,BOOK_EXIT_1,23843.35,23839.05,NIFTY13APR2623800CE,23800.0,CE,64.6,65.85,65.0,65.0,65.0,65.0,0.003101,0.003033,ws,ws,book_ladder,book_ladder,False,False,-0.4,0.85,65,81.25,strategy_S9-10__TYPE_F:NIFTY:2026-04-13T13:49:44:LONG
2026-04-13,13:50:17,2026-04-13,13:50:20,NIFTY,SELL,TYPE_F,BOOK_ENTRY_1,BOOK_EXIT_1,23836.55,23841.1,NIFTY13APR2623850PE,23850.0,PE,49.2,48.2,50.0,45.0,50.0,45.0,0.003053,0.003107,ws,ws,book_ladder,book_ladder,False,False,-0.8,3.2,65,-65.0,strategy_S9-10__TYPE_F:NIFTY:2026-04-13T13:50:17:SHORT
2026-04-13,13:50:52,2026-04-13,13:51:13,NIFTY,BUY,TYPE_F,BOOK_ENTRY_1,BOOK_EXIT_1,23844.65,23840.3,NIFTY13APR2623800CE,23800.0,CE,66.3,64.35,70.0,60.0,70.0,60.0,0.003021,0.002328,ws,ws,book_ladder,book_ladder,False,False,-3.7,4.35,65,-126.75,strategy_S9-10__TYPE_F:NIFTY:2026-04-13T13:50:52:LONG
2026-04-13,13:51:23,2026-04-13,13:51:32,NIFTY,SELL,TYPE_F,BOOK_ENTRY_1,BOOK_EXIT_1,23838.95,23842.0,NIFTY13APR2623850PE,23850.0,PE,45.25,45.4,50.0,45.0,50.0,45.0,0.00332,0.0022,ws,ws,book_ladder,book_ladder,False,False,-4.75,0.4,65,9.75,strategy_S9-10__TYPE_F:NIFTY:2026-04-13T13:51:23:SHORT
2026-04-13,13:51:55,2026-04-13,13:53:23,NIFTY,BUY,TYPE_F,BOOK_ENTRY_1,BOOK_EXIT_1,23844.85,23870.9,NIFTY13APR2623800CE,23800.0,CE,67.15,83.75,70.0,80.0,70.0,80.0,0.002236,0.002385,ws,ws,book_ladder,book_ladder,False,False,-2.85,3.75,65,1079.0,strategy_S9-10__TYPE_F:NIFTY:2026-04-13T13:51:55:LONG
2026-04-13,13:53:40,2026-04-13,13:53:54,NIFTY,SELL,TYPE_F,BOOK_ENTRY_1,BOOK_EXIT_1,23864.15,23865.5,NIFTY13APR2623900PE,23900.0,PE,59.75,59.55,60.0,55.0,60.0,55.0,0.002514,0.003353,ws,ws,book_ladder,book_ladder,False,False,-0.25,4.55,65,-13.0,strategy_S9-10__TYPE_F:NIFTY:2026-04-13T13:53:40:SHORT
2026-04-13,13:54:22,2026-04-13,13:55:19,NIFTY,BUY,TYPE_F,BOOK_ENTRY_1,BOOK_EXIT_1,23871.05,23878.7,NIFTY13APR2623850CE,23850.0,CE,53.85,56.3,55.0,55.0,55.0,55.0,0.002789,0.000888,ws,ws,book_ladder,book_ladder,False,False,-1.15,1.3,65,159.25,strategy_S9-10__TYPE_F:NIFTY:2026-04-13T13:54:22:LONG
2026-04-13,13:55:32,2026-04-13,13:57:53,NIFTY,BUY,TYPE_F,BOOK_ENTRY_1,BOOK_EXIT_1,23882.35,23900.2,NIFTY13APR2623850CE,23850.0,CE,59.35,70.4,60.0,70.0,60.0,70.0,0.002531,0.003545,ws,ws,book_ladder,book_ladder,False,False,-0.65,0.4,65,718.25,strategy_S9-10__TYPE_F:NIFTY:2026-04-13T13:55:32:LONG
2026-04-13,13:58:21,2026-04-13,13:58:38,NIFTY,BUY,TYPE_F,BOOK_ENTRY_1,BOOK_EXIT_1,23904.9,23902.3,NIFTY13APR2623900CE,23900.0,CE,42.95,40.0,45.0,40.0,45.0,40.0,0.002331,0.001249,ws,ws,book_ladder,book_ladder,False,False,-2.05,0.0,65,-191.75,strategy_S9-10__TYPE_F:NIFTY:2026-04-13T13:58:21:LONG
2026-04-13,13:58:43,2026-04-13,13:59:53,NIFTY,SELL,TYPE_F,BOOK_ENTRY_1,BOOK_EXIT_1,23901.2,23894.95,NIFTY13APR2623950PE,23950.0,PE,71.15,74.05,75.0,70.0,75.0,70.0,0.002815,0.004043,ws,ws,book_ladder,book_ladder,False,False,-3.85,4.05,65,188.5,strategy_S9-10__TYPE_F:NIFTY:2026-04-13T13:58:43:SHORT
2026-04-13,14:00:04,2026-04-13,14:00:06,NIFTY,SELL,TYPE_F,BOOK_ENTRY_1,BOOK_EXIT_1,23891.65,23896.45,NIFTY13APR2623900PE,23900.0,PE,42.15,40.15,45.0,40.0,45.0,40.0,0.003565,0.002488,ws,ws,book_ladder,book_ladder,False,False,-2.85,0.15,65,-130.0,strategy_S9-10__TYPE_F:NIFTY:2026-04-13T14:00:04:SHORT
2026-04-13,14:00:21,2026-04-13,14:00:38,NIFTY,SELL,TYPE_F,BOOK_ENTRY_1,BOOK_EXIT_1,23889.75,23891.65,NIFTY13APR2623900PE,23900.0,PE,45.65,42.4,50.0,40.0,50.0,40.0,0.002193,0.003531,ws,ws,book_ladder,book_ladder,False,False,-4.35,2.4,65,-211.25,strategy_S9-10__TYPE_F:NIFTY:2026-04-13T14:00:21:SHORT
2026-04-13,14:00:53,2026-04-13,14:01:01,NIFTY,SELL,TYPE_F,BOOK_ENTRY_1,BOOK_EXIT_1,23888.3,23891.2,NIFTY13APR2623900PE,23900.0,PE,43.65,43.05,45.0,40.0,45.0,40.0,0.002294,0.00232,ws,ws,book_ladder,book_ladder,False,False,-1.35,3.05,65,-39.0,strategy_S9-10__TYPE_F:NIFTY:2026-04-13T14:00:53:SHORT
2026-04-13,14:01:23,2026-04-13,14:01:45,NIFTY,BUY,TYPE_F,BOOK_ENTRY_1,BOOK_EXIT_1,23894.7,23891.8,NIFTY13APR2623850CE,23850.0,CE,66.0,63.2,70.0,60.0,70.0,60.0,0.003795,0.002371,ws,ws,book_ladder,book_ladder,False,False,-4.0,3.2,65,-182.0,strategy_S9-10__TYPE_F:NIFTY:2026-04-13T14:01:23:LONG
2026-04-13,14:01:54,2026-04-13,14:01:55,NIFTY,SELL,TYPE_F,BOOK_ENTRY_1,BOOK_EXIT_1,23890.65,23892.45,NIFTY13APR2623900PE,23900.0,PE,42.9,42.75,45.0,40.0,45.0,40.0,0.003503,0.003503,ws,ws,book_ladder,book_ladder,False,False,-2.1,2.75,65,-9.75,strategy_S9-10__TYPE_F:NIFTY:2026-04-13T14:01:54:SHORT
2026-04-13,14:02:14,2026-04-13,14:02:20,NIFTY,BUY,TYPE_F,BOOK_ENTRY_1,BOOK_EXIT_1,23893.55,23892.3,NIFTY13APR2623850CE,23850.0,CE,62.35,62.6,65.0,60.0,65.0,60.0,0.002409,0.002393,ws,ws,book_ladder,book_ladder,False,False,-2.65,2.6,65,16.25,strategy_S9-10__TYPE_F:NIFTY:2026-04-13T14:02:14:LONG
2026-04-13,14:02:34,2026-04-13,14:03:04,NIFTY,SELL,TYPE_F,BOOK_ENTRY_1,BOOK_EXIT_1,23887.5,23888.2,NIFTY13APR2623900PE,23900.0,PE,42.2,43.45,45.0,40.0,45.0,40.0,0.003561,0.002299,ws,ws,book_ladder,book_ladder,False,False,-2.8,3.45,65,81.25,strategy_S9-10__TYPE_F:NIFTY:2026-04-13T14:02:34:SHORT
2026-04-13,14:03:21,2026-04-13,14:03:29,NIFTY,BUY,TYPE_F,BOOK_ENTRY_1,BOOK_EXIT_1,23888.8,23885.65,NIFTY13APR2623850CE,23850.0,CE,58.05,57.35,60.0,55.0,60.0,55.0,0.001724,0.002612,ws,ws,book_ladder,book_ladder,False,False,-1.95,2.35,65,-45.5,strategy_S9-10__TYPE_F:NIFTY:2026-04-13T14:03:21:LONG
2026-04-13,14:03:38,2026-04-13,14:03:57,NIFTY,SELL,TYPE_F,BOOK_ENTRY_1,BOOK_EXIT_1,23884.0,23884.8,NIFTY13APR2623900PE,23900.0,PE,45.3,44.5,50.0,40.0,50.0,40.0,0.00221,0.003365,ws,ws,book_ladder,book_ladder,False,False,-4.7,4.5,65,-52.0,strategy_S9-10__TYPE_F:NIFTY:2026-04-13T14:03:38:SHORT
2026-04-13,14:04:01,2026-04-13,14:04:20,NIFTY,BUY,TYPE_F,BOOK_ENTRY_1,BOOK_EXIT_1,23886.45,23882.8,NIFTY13APR2623850CE,23850.0,CE,57.25,55.15,60.0,55.0,60.0,55.0,0.002624,0.002716,ws,ws,book_ladder,book_ladder,False,False,-2.75,0.15,65,-136.5,strategy_S9-10__TYPE_F:NIFTY:2026-04-13T14:04:01:LONG
2026-04-13,14:04:31,2026-04-13,14:05:16,NIFTY,BUY,TYPE_F,BOOK_ENTRY_1,BOOK_EXIT_1,23886.95,23886.15,NIFTY13APR2623850CE,23850.0,CE,58.5,57.25,60.0,55.0,60.0,55.0,0.002567,0.003487,ws,ws,book_ladder,book_ladder,False,False,-1.5,2.25,65,-81.25,strategy_S9-10__TYPE_F:NIFTY:2026-04-13T14:04:31:LONG
2026-04-13,14:05:30,2026-04-13,14:07:32,NIFTY,SELL,TYPE_F,BOOK_ENTRY_1,BOOK_EXIT_1,23884.9,23861.8,NIFTY13APR2623900PE,23900.0,PE,44.55,57.3,45.0,55.0,45.0,55.0,0.001123,0.002614,ws,ws,book_ladder,book_ladder,False,False,-0.45,2.3,65,828.75,strategy_S9-10__TYPE_F:NIFTY:2026-04-13T14:05:30:SHORT
2026-04-13,14:07:44,2026-04-13,14:08:44,NIFTY,BUY,TYPE_F,BOOK_ENTRY_1,BOOK_EXIT_1,23867.0,23870.25,NIFTY13APR2623850CE,23850.0,CE,44.95,45.85,45.0,45.0,45.0,45.0,0.003343,0.003266,ws,ws,book_ladder,book_ladder,False,False,-0.05,0.85,65,58.5,strategy_S9-10__TYPE_F:NIFTY:2026-04-13T14:07:44:LONG
2026-04-13,14:09:18,2026-04-13,14:09:55,NIFTY,SELL,TYPE_F,BOOK_ENTRY_1,BOOK_EXIT_1,23866.55,23857.45,NIFTY13APR2623900PE,23900.0,PE,53.4,60.7,55.0,60.0,55.0,60.0,0.002813,0.002468,ws,ws,book_ladder,book_ladder,False,False,-1.6,0.7,65,474.5,strategy_S9-10__TYPE_F:NIFTY:2026-04-13T14:09:18:SHORT
2026-04-13,14:10:33,2026-04-13,14:12:25,NIFTY,SELL,TYPE_F,BOOK_ENTRY_1,BOOK_EXIT_1,23845.6,23838.75,NIFTY13APR2623850PE,23850.0,PE,37.9,44.65,40.0,40.0,40.0,40.0,0.002642,0.001119,ws,ws,book_ladder,book_ladder,False,False,-2.1,4.65,65,438.75,strategy_S9-10__TYPE_F:NIFTY:2026-04-13T14:10:33:SHORT
2026-04-13,14:12:49,2026-04-13,14:13:14,NIFTY,BUY,TYPE_F,BOOK_ENTRY_1,BOOK_EXIT_1,23845.7,23844.2,NIFTY13APR2623800CE,23800.0,CE,61.35,59.2,65.0,55.0,65.0,55.0,0.002448,0.002531,ws,ws,book_ladder,book_ladder,False,False,-3.65,4.2,65,-139.75,strategy_S9-10__TYPE_F:NIFTY:2026-04-13T14:12:49:LONG
2026-04-13,14:13:27,2026-04-13,14:13:36,NIFTY,SELL,TYPE_F,BOOK_ENTRY_1,BOOK_EXIT_1,23841.2,23846.15,NIFTY13APR2623850PE,23850.0,PE,41.3,39.55,45.0,35.0,45.0,35.0,0.003639,0.002525,ws,ws,book_ladder,book_ladder,False,False,-3.7,4.55,65,-113.75,strategy_S9-10__TYPE_F:NIFTY:2026-04-13T14:13:27:SHORT
2026-04-13,14:13:40,2026-04-13,14:13:56,NIFTY,BUY,TYPE_F,BOOK_ENTRY_1,BOOK_EXIT_1,23848.7,23846.9,NIFTY13APR2623800CE,23800.0,CE,61.65,62.5,65.0,60.0,65.0,60.0,0.002436,0.0008,ws,ws,book_ladder,book_ladder,False,False,-3.35,2.5,65,55.25,strategy_S9-10__TYPE_F:NIFTY:2026-04-13T14:13:40:LONG
2026-04-13,14:14:14,2026-04-13,14:14:40,NIFTY,SELL,TYPE_F,BOOK_ENTRY_1,BOOK_EXIT_1,23845.3,23848.7,NIFTY13APR2623850PE,23850.0,PE,41.4,37.8,45.0,35.0,45.0,35.0,0.00363,0.00396,ws,ws,book_ladder,book_ladder,False,False,-3.6,2.8,65,-234.0,strategy_S9-10__TYPE_F:NIFTY:2026-04-13T14:14:14:SHORT
2026-04-13,14:15:00,2026-04-13,14:15:44,NIFTY,BUY,TYPE_F,BOOK_ENTRY_1,BOOK_EXIT_1,23854.75,23853.1,NIFTY13APR2623850CE,23850.0,CE,34.85,34.05,35.0,30.0,35.0,30.0,0.004313,0.002933,ws,ws,book_ladder,book_ladder,False,False,-0.15,4.05,65,-52.0,strategy_S9-10__TYPE_F:NIFTY:2026-04-13T14:15:00:LONG
2026-04-13,14:15:50,2026-04-13,14:16:15,NIFTY,SELL,TYPE_F,BOOK_ENTRY_1,BOOK_EXIT_1,23845.2,23844.8,NIFTY13APR2623850PE,23850.0,PE,40.3,38.85,45.0,35.0,45.0,35.0,0.003729,0.002571,ws,ws,book_ladder,book_ladder,False,False,-4.7,3.85,65,-94.25,strategy_S9-10__TYPE_F:NIFTY:2026-04-13T14:15:50:SHORT
2026-04-13,14:16:50,2026-04-13,14:17:16,NIFTY,SELL,TYPE_F,BOOK_ENTRY_1,BOOK_EXIT_1,23841.05,23840.5,NIFTY13APR2623850PE,23850.0,PE,40.95,36.5,45.0,35.0,45.0,35.0,0.00367,0.001369,ws,ws,book_ladder,book_ladder,False,False,-4.05,1.5,65,-289.25,strategy_S9-10__TYPE_F:NIFTY:2026-04-13T14:16:50:SHORT
2026-04-13,14:17:29,2026-04-13,14:18:48,NIFTY,BUY,TYPE_F,BOOK_ENTRY_1,BOOK_EXIT_1,23843.05,23853.35,NIFTY13APR2623800CE,23800.0,CE,60.7,67.75,65.0,65.0,65.0,65.0,0.0033,0.002948,ws,ws,book_ladder,book_ladder,False,False,-4.3,2.75,65,458.25,strategy_S9-10__TYPE_F:NIFTY:2026-04-13T14:17:29:LONG
2026-04-13,14:19:02,2026-04-13,14:19:36,NIFTY,SELL,TYPE_F,BOOK_ENTRY_1,BOOK_EXIT_1,23846.65,23849.2,NIFTY13APR2623850PE,23850.0,PE,35.25,31.6,40.0,30.0,40.0,30.0,0.002841,0.001581,ws,ws,book_ladder,book_ladder,False,False,-4.75,1.6,65,-237.25,strategy_S9-10__TYPE_F:NIFTY:2026-04-13T14:19:02:SHORT
2026-04-13,14:19:55,2026-04-13,14:20:23,NIFTY,BUY,TYPE_F,BOOK_ENTRY_1,BOOK_EXIT_1,23851.55,23857.45,NIFTY13APR2623850CE,23850.0,CE,33.75,36.65,35.0,35.0,35.0,35.0,0.002967,0.004084,ws,ws,book_ladder,book_ladder,False,False,-1.25,1.65,65,188.5,strategy_S9-10__TYPE_F:NIFTY:2026-04-13T14:19:55:LONG
2026-04-13,14:20:41,2026-04-13,14:20:56,NIFTY,BUY,TYPE_F,BOOK_ENTRY_1,BOOK_EXIT_1,23862.65,23858.65,NIFTY13APR2623850CE,23850.0,CE,38.3,35.35,40.0,35.0,40.0,35.0,0.002614,0.002825,ws,ws,book_ladder,book_ladder,False,False,-1.7,0.35,65,-191.75,strategy_S9-10__TYPE_F:NIFTY:2026-04-13T14:20:41:LONG
2026-04-13,14:21:00,2026-04-13,14:21:39,NIFTY,SELL,TYPE_F,BOOK_ENTRY_1,BOOK_EXIT_1,23857.3,23859.25,NIFTY13APR2623900PE,23900.0,PE,62.05,62.25,65.0,60.0,65.0,60.0,0.00242,0.001605,ws,ws,book_ladder,book_ladder,False,False,-2.95,2.25,65,13.0,strategy_S9-10__TYPE_F:NIFTY:2026-04-13T14:21:00:SHORT
2026-04-13,14:22:00,2026-04-13,14:22:37,NIFTY,SELL,TYPE_F,BOOK_ENTRY_1,BOOK_EXIT_1,23855.2,23855.6,NIFTY13APR2623900PE,23900.0,PE,64.2,62.9,65.0,60.0,65.0,60.0,0.00312,0.003967,ws,ws,book_ladder,book_ladder,False,False,-0.8,2.9,65,-84.5,strategy_S9-10__TYPE_F:NIFTY:2026-04-13T14:22:00:SHORT
2026-04-13,14:22:41,2026-04-13,14:23:28,NIFTY,BUY,TYPE_F,BOOK_ENTRY_1,BOOK_EXIT_1,23857.0,23865.8,NIFTY13APR2623850CE,23850.0,CE,34.25,37.45,35.0,35.0,35.0,35.0,0.002924,0.003997,ws,ws,book_ladder,book_ladder,False,False,-0.75,2.45,65,208.0,strategy_S9-10__TYPE_F:NIFTY:2026-04-13T14:22:41:LONG
2026-04-13,14:24:07,2026-04-13,14:24:24,NIFTY,SELL,TYPE_F,BOOK_ENTRY_1,BOOK_EXIT_1,23859.95,23860.25,NIFTY13APR2623900PE,23900.0,PE,59.25,55.4,60.0,55.0,60.0,55.0,0.003381,0.002704,ws,ws,book_ladder,book_ladder,False,False,-0.75,0.4,65,-250.25,strategy_S9-10__TYPE_F:NIFTY:2026-04-13T14:24:07:SHORT
2026-04-13,14:24:42,2026-04-13,14:25:20,NIFTY,BUY,TYPE_F,BOOK_ENTRY_1,BOOK_EXIT_1,23861.35,23865.8,NIFTY13APR2623850CE,23850.0,CE,37.4,39.7,40.0,35.0,40.0,35.0,0.004019,0.002516,ws,ws,book_ladder,book_ladder,False,False,-2.6,4.7,65,149.5,strategy_S9-10__TYPE_F:NIFTY:2026-04-13T14:24:42:LONG
2026-04-13,14:25:35,2026-04-13,14:26:03,NIFTY,BUY,TYPE_F,BOOK_ENTRY_1,BOOK_EXIT_1,23872.5,23871.85,NIFTY13APR2623850CE,23850.0,CE,44.65,42.1,45.0,40.0,45.0,40.0,0.002242,0.001187,ws,ws,book_ladder,book_ladder,False,False,-0.35,2.1,65,-165.75,strategy_S9-10__TYPE_F:NIFTY:2026-04-13T14:25:35:LONG
2026-04-13,14:26:36,2026-04-13,14:26:40,NIFTY,SELL,TYPE_F,BOOK_ENTRY_1,BOOK_EXIT_1,23867.4,23871.4,NIFTY13APR2623900PE,23900.0,PE,47.85,45.35,50.0,45.0,50.0,45.0,0.00314,0.003302,ws,ws,book_ladder,book_ladder,False,False,-2.15,0.35,65,-162.5,strategy_S9-10__TYPE_F:NIFTY:2026-04-13T14:26:36:SHORT
2026-04-13,14:26:58,2026-04-13,14:27:52,NIFTY,BUY,TYPE_F,BOOK_ENTRY_1,BOOK_EXIT_1,23877.15,23877.75,NIFTY13APR2623850CE,23850.0,CE,47.3,45.7,50.0,45.0,50.0,45.0,0.002116,0.002186,ws,ws,book_ladder,book_ladder,False,False,-2.7,0.7,65,-104.0,strategy_S9-10__TYPE_F:NIFTY:2026-04-13T14:26:58:LONG
2026-04-13,14:28:22,2026-04-13,14:30:01,NIFTY,SELL,TYPE_F,BOOK_ENTRY_1,BOOK_EXIT_1,23877.7,23868.5,NIFTY13APR2623900PE,23900.0,PE,41.6,47.3,45.0,45.0,45.0,45.0,0.003612,0.002112,ws,ws,book_ladder,book_ladder,False,False,-3.4,2.3,65,370.5,strategy_S9-10__TYPE_F:NIFTY:2026-04-13T14:28:22:SHORT
2026-04-13,14:30:11,2026-04-13,14:31:07,NIFTY,BUY,TYPE_F,BOOK_ENTRY_1,BOOK_EXIT_1,23873.2,23887.05,NIFTY13APR2623850CE,23850.0,CE,43.75,52.05,45.0,50.0,45.0,50.0,0.003434,0.002878,ws,ws,book_ladder,book_ladder,False,False,-1.25,2.05,65,539.5,strategy_S9-10__TYPE_F:NIFTY:2026-04-13T14:30:11:LONG
2026-04-13,14:31:12,2026-04-13,14:31:46,NIFTY,SELL,TYPE_F,BOOK_ENTRY_1,BOOK_EXIT_1,23880.75,23883.55,NIFTY13APR2623900PE,23900.0,PE,34.65,34.2,35.0,30.0,35.0,30.0,0.00289,0.00292,ws,ws,book_ladder,book_ladder,False,False,-0.35,4.2,65,-29.25,strategy_S9-10__TYPE_F:NIFTY:2026-04-13T14:31:12:SHORT
2026-04-13,14:32:08,2026-04-13,14:32:23,NIFTY,SELL,TYPE_F,BOOK_ENTRY_1,BOOK_EXIT_1,23879.45,23882.95,NIFTY13APR2623900PE,23900.0,PE,37.45,35.0,40.0,35.0,40.0,35.0,0.001336,0.002853,ws,ws,book_ladder,book_ladder,False,False,-2.55,0.0,65,-159.25,strategy_S9-10__TYPE_F:NIFTY:2026-04-13T14:32:08:SHORT
2026-04-13,14:32:41,2026-04-13,14:33:51,NIFTY,BUY,TYPE_F,BOOK_ENTRY_1,BOOK_EXIT_1,23884.55,23886.85,NIFTY13APR2623850CE,23850.0,CE,51.6,54.05,55.0,50.0,55.0,50.0,0.002911,0.002771,ws,ws,book_ladder,book_ladder,False,False,-3.4,4.05,65,159.25,strategy_S9-10__TYPE_F:NIFTY:2026-04-13T14:32:41:LONG
2026-04-13,14:34:08,2026-04-13,14:34:13,NIFTY,SELL,TYPE_F,BOOK_ENTRY_1,BOOK_EXIT_1,23885.05,23887.25,NIFTY13APR2623900PE,23900.0,PE,32.95,32.0,35.0,30.0,35.0,30.0,0.00304,0.00312,ws,ws,book_ladder,book_ladder,False,False,-2.05,2.0,65,-61.75,strategy_S9-10__TYPE_F:NIFTY:2026-04-13T14:34:08:SHORT
2026-04-13,14:34:20,2026-04-13,14:34:37,NIFTY,SELL,TYPE_F,BOOK_ENTRY_1,BOOK_EXIT_1,23883.25,23886.3,NIFTY13APR2623900PE,23900.0,PE,33.4,31.9,35.0,30.0,35.0,30.0,0.002999,0.001566,ws,ws,book_ladder,book_ladder,False,False,-1.6,1.9,65,-97.5,strategy_S9-10__TYPE_F:NIFTY:2026-04-13T14:34:20:SHORT
2026-04-13,14:34:52,2026-04-13,14:35:31,NIFTY,SELL,TYPE_F,BOOK_ENTRY_1,BOOK_EXIT_1,23883.7,23878.8,NIFTY13APR2623900PE,23900.0,PE,33.6,34.8,35.0,30.0,35.0,30.0,0.002981,0.004301,ws,ws,book_ladder,book_ladder,False,False,-1.4,4.8,65,78.0,strategy_S9-10__TYPE_F:NIFTY:2026-04-13T14:34:52:SHORT
2026-04-13,14:35:50,2026-04-13,14:36:28,NIFTY,BUY,TYPE_F,BOOK_ENTRY_1,BOOK_EXIT_1,23882.7,23881.5,NIFTY13APR2623850CE,23850.0,CE,52.3,50.7,55.0,50.0,55.0,50.0,0.001914,0.002954,ws,ws,book_ladder,book_ladder,False,False,-2.7,0.7,65,-104.0,strategy_S9-10__TYPE_F:NIFTY:2026-04-13T14:35:50:LONG
2026-04-13,14:36:32,2026-04-13,14:36:35,NIFTY,SELL,TYPE_F,BOOK_ENTRY_1,BOOK_EXIT_1,23880.3,23884.5,NIFTY13APR2623900PE,23900.0,PE,33.7,32.9,35.0,30.0,35.0,30.0,0.002972,0.003035,ws,ws,book_ladder,book_ladder,False,False,-1.3,2.9,65,-52.0,strategy_S9-10__TYPE_F:NIFTY:2026-04-13T14:36:32:SHORT
2026-04-13,14:36:42,2026-04-13,14:36:56,NIFTY,SELL,TYPE_F,BOOK_ENTRY_1,BOOK_EXIT_1,23878.5,23882.1,NIFTY13APR2623900PE,23900.0,PE,34.8,35.05,35.0,35.0,35.0,35.0,0.002878,0.002849,ws,ws,book_ladder,book_ladder,False,False,-0.2,0.05,65,16.25,strategy_S9-10__TYPE_F:NIFTY:2026-04-13T14:36:42:SHORT
2026-04-13,14:37:18,2026-04-13,14:37:24,NIFTY,BUY,TYPE_F,BOOK_ENTRY_1,BOOK_EXIT_1,23885.1,23881.9,NIFTY13APR2623850CE,23850.0,CE,51.05,50.0,55.0,50.0,55.0,50.0,0.001961,0.002996,ws,ws,book_ladder,book_ladder,False,False,-3.95,0.0,65,-68.25,strategy_S9-10__TYPE_F:NIFTY:2026-04-13T14:37:18:LONG
2026-04-13,14:37:31,2026-04-13,14:37:57,NIFTY,SELL,TYPE_F,BOOK_ENTRY_1,BOOK_EXIT_1,23877.7,23878.7,NIFTY13APR2623900PE,23900.0,PE,35.8,33.15,40.0,30.0,40.0,30.0,0.001398,0.003012,ws,ws,book_ladder,book_ladder,False,False,-4.2,3.15,65,-172.25,strategy_S9-10__TYPE_F:NIFTY:2026-04-13T14:37:31:SHORT
2026-04-13,14:38:21,2026-04-13,14:38:58,NIFTY,BUY,TYPE_F,BOOK_ENTRY_1,BOOK_EXIT_1,23892.65,23891.65,NIFTY13APR2623850CE,23850.0,CE,55.6,53.2,60.0,50.0,60.0,50.0,0.003604,0.002816,ws,ws,book_ladder,book_ladder,False,False,-4.4,3.2,65,-156.0,strategy_S9-10__TYPE_F:NIFTY:2026-04-13T14:38:21:LONG
2026-04-13,14:39:13,2026-04-13,14:40:21,NIFTY,SELL,TYPE_F,BOOK_ENTRY_1,BOOK_EXIT_1,23888.8,23873.65,NIFTY13APR2623900PE,23900.0,PE,32.95,44.9,35.0,40.0,35.0,40.0,0.001519,0.003335,ws,ws,book_ladder,book_ladder,False,False,-2.05,4.9,65,776.75,strategy_S9-10__TYPE_F:NIFTY:2026-04-13T14:39:13:SHORT
2026-04-13,14:41:15,2026-04-13,14:41:44,NIFTY,BUY,TYPE_F,BOOK_ENTRY_1,BOOK_EXIT_1,23876.6,23876.85,NIFTY13APR2623850CE,23850.0,CE,39.2,38.55,40.0,35.0,40.0,35.0,0.003834,0.003883,ws,ws,book_ladder,book_ladder,False,False,-0.8,3.55,65,-42.25,strategy_S9-10__TYPE_F:NIFTY:2026-04-13T14:41:15:LONG
2026-04-13,14:41:58,2026-04-13,14:42:55,NIFTY,SELL,TYPE_F,BOOK_ENTRY_1,BOOK_EXIT_1,23874.35,23867.85,NIFTY13APR2623900PE,23900.0,PE,42.2,47.7,45.0,45.0,45.0,45.0,0.003561,0.002094,ws,ws,book_ladder,book_ladder,False,False,-2.8,2.7,65,357.5,strategy_S9-10__TYPE_F:NIFTY:2026-04-13T14:41:58:SHORT
2026-04-13,14:43:00,2026-04-13,14:43:07,NIFTY,SELL,TYPE_F,BOOK_ENTRY_1,BOOK_EXIT_1,23864.75,23867.35,NIFTY13APR2623900PE,23900.0,PE,51.85,48.55,55.0,45.0,55.0,45.0,0.002897,0.003085,ws,ws,book_ladder,book_ladder,False,False,-3.15,3.55,65,-214.5,strategy_S9-10__TYPE_F:NIFTY:2026-04-13T14:43:00:SHORT
2026-04-13,14:43:14,2026-04-13,14:43:32,NIFTY,SELL,TYPE_F,BOOK_ENTRY_1,BOOK_EXIT_1,23863.65,23860.15,NIFTY13APR2623900PE,23900.0,PE,53.0,55.05,55.0,55.0,55.0,55.0,0.002834,0.002721,ws,ws,book_ladder,book_ladder,False,False,-2.0,0.05,65,133.25,strategy_S9-10__TYPE_F:NIFTY:2026-04-13T14:43:14:SHORT
2026-04-13,14:43:55,2026-04-13,14:43:58,NIFTY,BUY,TYPE_F,BOOK_ENTRY_1,BOOK_EXIT_1,23864.3,23856.75,NIFTY13APR2623850CE,23850.0,CE,27.35,24.65,30.0,20.0,30.0,20.0,0.003663,0.004049,ws,ws,book_ladder,book_ladder,False,False,-2.65,4.65,65,-175.5,strategy_S9-10__TYPE_F:NIFTY:2026-04-13T14:43:55:LONG
2026-04-13,14:44:35,2026-04-13,14:45:00,NIFTY,BUY,TYPE_F,BOOK_ENTRY_1,BOOK_EXIT_1,23863.15,23863.3,NIFTY13APR2623850CE,23850.0,CE,26.95,29.0,30.0,25.0,30.0,25.0,0.003717,0.003442,ws,ws,book_ladder,book_ladder,False,False,-3.05,4.0,65,133.25,strategy_S9-10__TYPE_F:NIFTY:2026-04-13T14:44:35:LONG
2026-04-13,14:45:14,2026-04-13,14:45:44,NIFTY,SELL,TYPE_F,BOOK_ENTRY_1,BOOK_EXIT_1,23856.4,23859.55,NIFTY13APR2623900PE,23900.0,PE,48.2,48.95,50.0,45.0,50.0,45.0,0.003117,0.004077,ws,ws,book_ladder,book_ladder,False,False,-1.8,3.95,65,48.75,strategy_S9-10__TYPE_F:NIFTY:2026-04-13T14:45:14:SHORT
2026-04-13,14:45:50,2026-04-13,14:46:24,NIFTY,BUY,TYPE_F,BOOK_ENTRY_1,BOOK_EXIT_1,23864.8,23872.55,NIFTY13APR2623850CE,23850.0,CE,29.3,32.05,30.0,30.0,30.0,30.0,0.003419,0.004669,ws,ws,book_ladder,book_ladder,False,False,-0.7,2.05,65,178.75,strategy_S9-10__TYPE_F:NIFTY:2026-04-13T14:45:50:LONG
2026-04-13,14:47:01,2026-04-13,14:47:13,NIFTY,BUY,TYPE_F,BOOK_ENTRY_1,BOOK_EXIT_1,23873.0,23871.05,NIFTY13APR2623850CE,23850.0,CE,32.35,31.75,35.0,30.0,35.0,30.0,0.003096,0.004713,ws,ws,book_ladder,book_ladder,False,False,-2.65,1.75,65,-39.0,strategy_S9-10__TYPE_F:NIFTY:2026-04-13T14:47:01:LONG
2026-04-13,14:47:22,2026-04-13,14:47:32,NIFTY,SELL,TYPE_F,BOOK_ENTRY_1,BOOK_EXIT_1,23866.45,23871.1,NIFTY13APR2623900PE,23900.0,PE,46.7,43.0,50.0,40.0,50.0,40.0,0.003217,0.001162,ws,ws,book_ladder,book_ladder,False,False,-3.3,3.0,65,-240.5,strategy_S9-10__TYPE_F:NIFTY:2026-04-13T14:47:22:SHORT
2026-04-13,14:47:40,2026-04-13,14:49:35,NIFTY,BUY,TYPE_F,BOOK_ENTRY_1,BOOK_EXIT_1,23875.85,23885.0,NIFTY13APR2623850CE,23850.0,CE,32.2,43.15,35.0,40.0,35.0,40.0,0.00311,0.002315,ws,ws,book_ladder,book_ladder,False,False,-2.8,3.15,65,711.75,strategy_S9-10__TYPE_F:NIFTY:2026-04-13T14:47:40:LONG
2026-04-13,14:50:24,2026-04-13,14:51:09,NIFTY,SELL,TYPE_F,BOOK_ENTRY_1,BOOK_EXIT_1,23879.8,23881.7,NIFTY13APR2623900PE,23900.0,PE,29.8,27.15,30.0,25.0,30.0,25.0,0.001679,0.003676,ws,ws,book_ladder,book_ladder,False,False,-0.2,2.15,65,-172.25,strategy_S9-10__TYPE_F:NIFTY:2026-04-13T14:50:24:SHORT
2026-04-13,14:51:15,2026-04-13,14:52:50,NIFTY,BUY,TYPE_F,BOOK_ENTRY_1,BOOK_EXIT_1,23882.65,23888.3,NIFTY13APR2623850CE,23850.0,CE,45.0,47.7,45.0,45.0,45.0,45.0,0.003339,0.00314,ws,ws,book_ladder,book_ladder,False,False,0.0,2.7,65,175.5,strategy_S9-10__TYPE_F:NIFTY:2026-04-13T14:51:15:LONG
2026-04-13,14:53:11,2026-04-13,14:53:31,NIFTY,SELL,TYPE_F,BOOK_ENTRY_1,BOOK_EXIT_1,23883.55,23884.4,NIFTY13APR2623900PE,23900.0,PE,26.1,25.0,30.0,25.0,30.0,25.0,0.003839,0.001998,ws,ws,book_ladder,book_ladder,False,False,-3.9,0.0,65,-71.5,strategy_S9-10__TYPE_F:NIFTY:2026-04-13T14:53:11:SHORT
2026-04-13,14:53:59,2026-04-13,14:55:01,NIFTY,SELL,TYPE_F,BOOK_ENTRY_1,BOOK_EXIT_1,23883.25,23883.5,NIFTY13APR2623900PE,23900.0,PE,24.3,22.35,25.0,20.0,25.0,20.0,0.00206,0.002235,ws,ws,book_ladder,book_ladder,False,False,-0.7,2.35,65,-126.75,strategy_S9-10__TYPE_F:NIFTY:2026-04-13T14:53:59:SHORT
2026-04-13,14:55:14,2026-04-13,14:55:33,NIFTY,BUY,TYPE_F,BOOK_ENTRY_1,BOOK_EXIT_1,23892.9,23891.4,NIFTY13APR2623850CE,23850.0,CE,52.8,50.25,55.0,50.0,55.0,50.0,0.002845,0.002981,ws,ws,book_ladder,book_ladder,False,False,-2.2,0.25,65,-165.75,strategy_S9-10__TYPE_F:NIFTY:2026-04-13T14:55:14:LONG
2026-04-13,14:55:42,2026-04-13,14:56:42,NIFTY,SELL,TYPE_F,BOOK_ENTRY_1,BOOK_EXIT_1,23888.15,23886.6,NIFTY13APR2623900PE,23900.0,PE,22.35,22.45,25.0,20.0,25.0,20.0,0.004484,0.004444,ws,ws,book_ladder,book_ladder,False,False,-2.65,2.45,65,6.5,strategy_S9-10__TYPE_F:NIFTY:2026-04-13T14:55:42:SHORT
2026-04-13,14:57:00,2026-04-13,14:57:25,NIFTY,SELL,TYPE_F,BOOK_ENTRY_1,BOOK_EXIT_1,23884.35,23886.25,NIFTY13APR2623900PE,23900.0,PE,23.8,21.0,25.0,20.0,25.0,20.0,0.002103,0.004751,ws,ws,book_ladder,book_ladder,False,False,-1.2,1.0,65,-182.0,strategy_S9-10__TYPE_F:NIFTY:2026-04-13T14:57:00:SHORT
2026-04-13,14:57:35,2026-04-13,14:57:55,NIFTY,SELL,TYPE_F,BOOK_ENTRY_1,BOOK_EXIT_1,23882.25,23884.55,NIFTY13APR2623900PE,23900.0,PE,21.5,20.2,25.0,20.0,25.0,20.0,0.002328,0.004938,ws,ws,book_ladder,book_ladder,False,False,-3.5,0.2,65,-84.5,strategy_S9-10__TYPE_F:NIFTY:2026-04-13T14:57:35:SHORT
2026-04-13,14:58:02,2026-04-13,14:59:08,NIFTY,BUY,TYPE_F,BOOK_ENTRY_1,BOOK_EXIT_1,23887.0,23891.6,NIFTY13APR2623850CE,23850.0,CE,48.6,51.2,50.0,50.0,50.0,50.0,0.004124,0.002925,ws,ws,book_ladder,book_ladder,False,False,-1.4,1.2,65,169.0,strategy_S9-10__TYPE_F:NIFTY:2026-04-13T14:58:02:LONG
2026-04-13,14:59:51,2026-04-13,15:01:51,NIFTY,SELL,TYPE_F,BOOK_ENTRY_1,BOOK_EXIT_1,23887.85,23832.9,NIFTY13APR2623900PE,23900.0,PE,21.65,62.85,25.0,60.0,25.0,60.0,0.00463,0.00397,ws,ws,book_ladder,book_ladder,False,False,-3.35,2.85,65,2678.0,strategy_S9-10__TYPE_F:NIFTY:2026-04-13T14:59:51:SHORT
2026-04-13,15:02:08,2026-04-13,15:03:39,NIFTY,BUY,TYPE_F,BOOK_ENTRY_1,BOOK_EXIT_1,23850.5,23880.75,NIFTY13APR2623850CE,23850.0,CE,17.15,20.9,20.0,20.0,20.0,20.0,0.00292,0.004773,ws,ws,book_ladder,book_ladder,False,False,-2.85,0.9,65,243.75,strategy_S9-10__TYPE_F:NIFTY:2026-04-13T15:02:08:LONG
2026-04-13,15:03:54,2026-04-13,15:05:04,NIFTY,SELL,TYPE_F,BOOK_ENTRY_1,BOOK_EXIT_1,23869.65,23845.3,NIFTY13APR2623900PE,23900.0,PE,41.65,51.45,45.0,50.0,45.0,50.0,0.003608,0.002911,ws,ws,book_ladder,book_ladder,False,False,-3.35,1.45,65,637.0,strategy_S9-10__TYPE_F:NIFTY:2026-04-13T15:03:54:SHORT
2026-04-13,15:05:20,2026-04-13,15:05:54,NIFTY,SELL,TYPE_F,BOOK_ENTRY_1,BOOK_EXIT_1,23832.85,23833.75,NIFTY13APR2623850PE,23850.0,PE,12.1,12.05,15.0,10.0,15.0,10.0,0.004141,0.008264,ws,ws,book_ladder,book_ladder,False,False,-2.9,2.05,65,-3.25,strategy_S9-10__TYPE_F:NIFTY:2026-04-13T15:05:20:SHORT
2026-04-13,15:06:02,2026-04-13,15:06:45,NIFTY,BUY,TYPE_F,BOOK_ENTRY_1,BOOK_EXIT_1,23844.9,23860.6,NIFTY13APR2623800CE,23800.0,CE,48.25,51.85,50.0,50.0,50.0,50.0,0.003114,0.002889,ws,ws,book_ladder,book_ladder,False,False,-1.75,1.85,65,234.0,strategy_S9-10__TYPE_F:NIFTY:2026-04-13T15:06:02:LONG
2026-04-13,15:07:14,2026-04-13,15:08:07,NIFTY,SELL,TYPE_F,BOOK_ENTRY_1,BOOK_EXIT_1,23854.45,23832.5,NIFTY13APR2623900PE,23900.0,PE,54.45,62.1,55.0,60.0,55.0,60.0,0.00368,0.003215,ws,ws,book_ladder,book_ladder,False,False,-0.55,2.1,65,497.25,strategy_S9-10__TYPE_F:NIFTY:2026-04-13T15:07:14:SHORT
2026-04-13,15:08:21,2026-04-13,15:08:40,NIFTY,BUY,TYPE_F,BOOK_ENTRY_1,BOOK_EXIT_1,23842.5,23845.7,NIFTY13APR2623800CE,23800.0,CE,42.15,40.0,45.0,40.0,45.0,40.0,0.004756,0.002497,ws,ws,book_ladder,book_ladder,False,False,-2.85,0.0,65,-139.75,strategy_S9-10__TYPE_F:NIFTY:2026-04-13T15:08:21:LONG
2026-04-13,15:08:51,2026-04-13,15:09:34,NIFTY,SELL,TYPE_F,BOOK_ENTRY_1,BOOK_EXIT_1,23838.5,23839.15,NIFTY13APR2623850PE,23850.0,PE,19.75,16.45,20.0,15.0,20.0,15.0,0.007624,0.003035,ws,ws,book_ladder,book_ladder,False,False,-0.25,1.45,65,-214.5,strategy_S9-10__TYPE_F:NIFTY:2026-04-13T15:08:51:SHORT
2026-04-13,15:09:41,2026-04-13,15:10:00,NIFTY,BUY,TYPE_F,BOOK_ENTRY_1,BOOK_EXIT_1,23843.0,23839.35,NIFTY13APR2623800CE,23800.0,CE,35.95,33.8,40.0,30.0,40.0,30.0,0.004181,0.001478,ws,ws,book_ladder,book_ladder,False,False,-4.05,3.8,65,-139.75,strategy_S9-10__TYPE_F:NIFTY:2026-04-13T15:09:41:LONG
2026-04-13,15:11:06,2026-04-13,15:11:26,NIFTY,SELL,TYPE_F,BOOK_ENTRY_1,BOOK_EXIT_1,23835.1,23835.1,NIFTY13APR2623850PE,23850.0,PE,18.05,15.1,20.0,15.0,20.0,15.0,0.005556,0.006601,ws,ws,book_ladder,book_ladder,False,False,-1.95,0.1,65,-191.75,strategy_S9-10__TYPE_F:NIFTY:2026-04-13T15:11:06:SHORT
2026-04-13,15:11:43,2026-04-13,15:11:50,NIFTY,SELL,TYPE_F,BOOK_ENTRY_1,BOOK_EXIT_1,23831.0,23835.45,NIFTY13APR2623850PE,23850.0,PE,18.25,17.3,20.0,15.0,20.0,15.0,0.002743,0.002886,ws,ws,book_ladder,book_ladder,False,False,-1.75,2.3,65,-61.75,strategy_S9-10__TYPE_F:NIFTY:2026-04-13T15:11:43:SHORT
2026-04-13,15:12:21,2026-04-13,15:12:49,NIFTY,BUY,TYPE_F,BOOK_ENTRY_1,BOOK_EXIT_1,23849.75,23851.05,NIFTY13APR2623800CE,23800.0,CE,38.1,41.6,40.0,40.0,40.0,40.0,0.003945,0.003599,ws,ws,book_ladder,book_ladder,False,False,-1.9,1.6,65,227.5,strategy_S9-10__TYPE_F:NIFTY:2026-04-13T15:12:21:LONG
2026-04-13,15:13:08,2026-04-13,15:14:17,NIFTY,SELL,TYPE_F,BOOK_ENTRY_1,BOOK_EXIT_1,23841.45,23833.15,NIFTY13APR2623850PE,23850.0,PE,15.35,13.05,20.0,10.0,20.0,10.0,0.006536,0.003824,ws,ws,book_ladder,book_ladder,False,False,-4.65,3.05,65,-149.5,strategy_S9-10__TYPE_F:NIFTY:2026-04-13T15:13:08:SHORT
2026-04-13,15:14:33,2026-04-13,15:15:08,NIFTY,BUY,TYPE_F,BOOK_ENTRY_1,BOOK_EXIT_1,23836.55,23840.3,NIFTY13APR2623800CE,23800.0,CE,38.2,37.4,40.0,35.0,40.0,35.0,0.002621,0.004003,ws,ws,book_ladder,book_ladder,False,False,-1.8,2.4,65,-52.0,strategy_S9-10__TYPE_F:NIFTY:2026-04-13T15:14:33:LONG
2026-04-13,15:15:26,2026-04-13,15:16:17,NIFTY,SELL,TYPE_F,BOOK_ENTRY_1,BOOK_EXIT_1,23838.4,23838.05,NIFTY13APR2623850PE,23850.0,PE,15.0,12.45,15.0,10.0,15.0,10.0,0.003339,0.008,ws,ws,book_ladder,book_ladder,False,False,0.0,2.45,65,-165.75,strategy_S9-10__TYPE_F:NIFTY:2026-04-13T15:15:26:SHORT
2026-04-13,15:16:48,2026-04-13,15:17:45,NIFTY,SELL,TYPE_F,BOOK_ENTRY_1,BOOK_EXIT_1,23834.35,23829.0,NIFTY13APR2623850PE,23850.0,PE,11.9,12.5,15.0,10.0,15.0,10.0,0.008439,0.007968,ws,ws,book_ladder,book_ladder,False,False,-3.1,2.5,65,39.0,strategy_S9-10__TYPE_F:NIFTY:2026-04-13T15:16:48:SHORT
2026-04-13,15:17:59,2026-04-13,15:18:20,NIFTY,BUY,TYPE_F,BOOK_ENTRY_1,BOOK_EXIT_1,23834.5,23835.3,NIFTY13APR2623800CE,23800.0,CE,38.55,38.4,40.0,35.0,40.0,35.0,0.001298,0.003899,ws,ws,book_ladder,book_ladder,False,False,-1.45,3.4,65,-9.75,strategy_S9-10__TYPE_F:NIFTY:2026-04-13T15:17:59:LONG
2026-04-13,15:18:41,2026-04-13,15:18:59,NIFTY,SELL,TYPE_F,BOOK_ENTRY_1,BOOK_EXIT_1,23834.55,23839.2,NIFTY13APR2623850PE,23850.0,PE,12.35,11.35,15.0,10.0,15.0,10.0,0.004057,0.008772,ws,ws,book_ladder,book_ladder,False,False,-2.65,1.35,65,-65.0,strategy_S9-10__TYPE_F:NIFTY:2026-04-13T15:18:41:SHORT
2026-04-13,15:19:33,2026-04-13,15:20:34,NIFTY,SELL,TYPE_F,BOOK_ENTRY_1,BOOK_EXIT_1,23833.5,23824.8,NIFTY13APR2623850PE,23850.0,PE,10.85,12.4,15.0,10.0,15.0,10.0,0.009259,0.004024,ws,ws,book_ladder,book_ladder,False,False,-4.15,2.4,65,100.75,strategy_S9-10__TYPE_F:NIFTY:2026-04-13T15:19:33:SHORT
2026-04-13,15:20:47,2026-04-13,15:21:26,NIFTY,BUY,TYPE_F,BOOK_ENTRY_1,BOOK_EXIT_1,23827.95,23829.6,NIFTY13APR2623800CE,23800.0,CE,38.5,39.4,40.0,35.0,40.0,35.0,0.0013,0.002535,ws,ws,book_ladder,book_ladder,False,False,-1.5,4.4,65,58.5,strategy_S9-10__TYPE_F:NIFTY:2026-04-13T15:20:47:LONG
2026-04-13,15:22:02,2026-04-13,15:22:34,NIFTY,BUY,TYPE_F,BOOK_ENTRY_1,BOOK_EXIT_1,23831.2,23829.1,NIFTY13APR2623800CE,23800.0,CE,39.2,40.3,40.0,40.0,40.0,40.0,0.003834,0.002478,ws,ws,book_ladder,book_ladder,False,False,-0.8,0.3,65,71.5,strategy_S9-10__TYPE_F:NIFTY:2026-04-13T15:22:02:LONG
2026-04-13,15:22:44,2026-04-13,15:24:00,NIFTY,SELL,TYPE_F,BOOK_ENTRY_1,BOOK_EXIT_1,23827.65,23820.7,NIFTY13APR2623850PE,23850.0,PE,10.5,10.85,15.0,10.0,15.0,10.0,0.004773,0.004598,ws,ws,book_ladder,book_ladder,False,False,-4.5,0.85,65,22.75,strategy_S9-10__TYPE_F:NIFTY:2026-04-13T15:22:44:SHORT
2026-04-13,15:24:45,2026-04-13,15:25:11,NIFTY,BUY,TYPE_F,BOOK_ENTRY_1,BOOK_EXIT_1,23823.35,23820.1,NIFTY13APR2623800CE,23800.0,CE,40.4,40.05,45.0,40.0,45.0,40.0,0.001238,0.002494,ws,ws,book_ladder,book_ladder,False,False,-4.6,0.05,65,-22.75,strategy_S9-10__TYPE_F:NIFTY:2026-04-13T15:24:45:LONG
2026-04-15,09:18:01,2026-04-15,09:18:20,NIFTY,SELL,TYPE_F,BOOK_ENTRY_1,BOOK_EXIT_1,24226.4,24229.75,NIFTY21APR2624250PE,24250.0,PE,222.9,219.1,225.0,215.0,225.0,215.0,0.000673,0.002279,ws,ws,book_ladder,book_ladder,False,False,-2.1,4.1,65,-247.0,strategy_S9-10__TYPE_F:NIFTY:2026-04-15T09:18:01:SHORT
2026-04-15,09:18:40,2026-04-15,09:18:56,NIFTY,BUY,TYPE_F,BOOK_ENTRY_1,BOOK_EXIT_1,24235.45,24234.3,NIFTY21APR2624200CE,24200.0,CE,246.1,250.4,250.0,250.0,250.0,250.0,0.002034,0.000798,ws,ws,book_ladder,book_ladder,False,False,-3.9,0.4,65,279.5,strategy_S9-10__TYPE_F:NIFTY:2026-04-15T09:18:40:LONG
2026-04-15,09:19:01,2026-04-15,09:19:16,NIFTY,SELL,TYPE_F,BOOK_ENTRY_1,BOOK_EXIT_1,24228.8,24231.0,NIFTY21APR2624250PE,24250.0,PE,218.05,216.0,220.0,215.0,220.0,215.0,0.002296,0.000694,ws,ws,book_ladder,book_ladder,False,False,-1.95,1.0,65,-133.25,strategy_S9-10__TYPE_F:NIFTY:2026-04-15T09:19:01:SHORT
2026-04-15,09:19:46,2026-04-15,09:20:40,NIFTY,BUY,TYPE_F,BOOK_ENTRY_1,BOOK_EXIT_1,24235.3,24227.85,NIFTY21APR2624200CE,24200.0,CE,247.7,245.85,250.0,245.0,250.0,245.0,0.000606,0.002235,ws,ws,book_ladder,book_ladder,False,False,-2.3,0.85,65,-120.25,strategy_S9-10__TYPE_F:NIFTY:2026-04-15T09:19:46:LONG
2026-04-15,09:21:26,2026-04-15,09:22:11,NIFTY,SELL,TYPE_F,BOOK_ENTRY_1,BOOK_EXIT_1,24226.5,24222.15,NIFTY21APR2624250PE,24250.0,PE,219.35,223.75,220.0,220.0,220.0,220.0,0.002282,0.000447,ws,ws,book_ladder,book_ladder,False,False,-0.65,3.75,65,286.0,strategy_S9-10__TYPE_F:NIFTY:2026-04-15T09:21:26:SHORT
2026-04-15,09:22:40,2026-04-15,09:23:12,NIFTY,SELL,TYPE_F,BOOK_ENTRY_1,BOOK_EXIT_1,24217.8,24219.95,NIFTY21APR2624250PE,24250.0,PE,227.25,226.95,230.0,225.0,230.0,225.0,0.001762,0.002421,ws,ws,book_ladder,book_ladder,False,False,-2.75,1.95,65,-19.5,strategy_S9-10__TYPE_F:NIFTY:2026-04-15T09:22:40:SHORT
2026-04-15,09:23:20,2026-04-15,09:23:51,NIFTY,BUY,TYPE_F,BOOK_ENTRY_1,BOOK_EXIT_1,24222.95,24220.7,NIFTY21APR2624200CE,24200.0,CE,243.25,244.45,245.0,240.0,245.0,240.0,0.001234,0.001839,ws,ws,book_ladder,book_ladder,False,False,-1.75,4.45,65,78.0,strategy_S9-10__TYPE_F:NIFTY:2026-04-15T09:23:20:LONG
2026-04-15,09:24:26,2026-04-15,09:25:50,NIFTY,SELL,TYPE_F,BOOK_ENTRY_1,BOOK_EXIT_1,24217.8,24207.3,NIFTY21APR2624250PE,24250.0,PE,228.0,230.2,230.0,230.0,230.0,230.0,0.000219,0.000868,ws,ws,book_ladder,book_ladder,False,False,-2.0,0.2,65,143.0,strategy_S9-10__TYPE_F:NIFTY:2026-04-15T09:24:26:SHORT
2026-04-15,09:27:14,2026-04-15,09:28:42,NIFTY,SELL,TYPE_F,BOOK_ENTRY_1,BOOK_EXIT_1,24205.95,24188.0,NIFTY21APR2624250PE,24250.0,PE,233.5,244.8,235.0,240.0,235.0,240.0,0.001715,0.000817,ws,ws,book_ladder,book_ladder,False,False,-1.5,4.8,65,734.5,strategy_S9-10__TYPE_F:NIFTY:2026-04-15T09:27:14:SHORT
2026-04-15,09:29:35,2026-04-15,09:29:56,NIFTY,BUY,TYPE_F,BOOK_ENTRY_1,BOOK_EXIT_1,24192.9,24191.3,NIFTY21APR2624150CE,24150.0,CE,262.6,262.85,265.0,260.0,265.0,260.0,0.002097,0.00247,ws,ws,book_ladder,book_ladder,False,False,-2.4,2.85,65,16.25,strategy_S9-10__TYPE_F:NIFTY:2026-04-15T09:29:35:LONG
2026-04-15,09:30:10,2026-04-15,09:30:47,NIFTY,SELL,TYPE_F,BOOK_ENTRY_1,BOOK_EXIT_1,24187.85,24183.25,NIFTY21APR2624200PE,24200.0,PE,223.2,227.7,225.0,225.0,225.0,225.0,0.002467,0.002632,ws,ws,book_ladder,book_ladder,False,False,-1.8,2.7,65,292.5,strategy_S9-10__TYPE_F:NIFTY:2026-04-15T09:30:10:SHORT
2026-04-15,09:31:11,2026-04-15,09:31:22,NIFTY,SELL,TYPE_F,BOOK_ENTRY_1,BOOK_EXIT_1,24179.65,24180.55,NIFTY21APR2624200PE,24200.0,PE,230.0,229.25,230.0,225.0,230.0,225.0,0.001523,0.002614,ws,ws,book_ladder,book_ladder,False,False,0.0,4.25,65,-48.75,strategy_S9-10__TYPE_F:NIFTY:2026-04-15T09:31:11:SHORT
2026-04-15,09:31:30,2026-04-15,09:31:56,NIFTY,SELL,TYPE_F,BOOK_ENTRY_1,BOOK_EXIT_1,24174.75,24176.95,NIFTY21APR2624200PE,24200.0,PE,231.95,230.55,235.0,230.0,235.0,230.0,0.001726,0.001733,ws,ws,book_ladder,book_ladder,False,False,-3.05,0.55,65,-91.0,strategy_S9-10__TYPE_F:NIFTY:2026-04-15T09:31:30:SHORT
2026-04-15,09:32:01,2026-04-15,09:32:09,NIFTY,BUY,TYPE_F,BOOK_ENTRY_1,BOOK_EXIT_1,24180.6,24175.75,NIFTY21APR2624150CE,24150.0,CE,260.35,258.05,265.0,255.0,265.0,255.0,0.001345,0.001742,ws,ws,book_ladder,book_ladder,False,False,-4.65,3.05,65,-149.5,strategy_S9-10__TYPE_F:NIFTY:2026-04-15T09:32:01:LONG
2026-04-15,09:32:30,2026-04-15,09:33:12,NIFTY,BUY,TYPE_F,BOOK_ENTRY_1,BOOK_EXIT_1,24178.35,24180.45,NIFTY21APR2624150CE,24150.0,CE,259.5,260.45,260.0,260.0,260.0,260.0,0.002315,0.001918,ws,ws,book_ladder,book_ladder,False,False,-0.5,0.45,65,61.75,strategy_S9-10__TYPE_F:NIFTY:2026-04-15T09:32:30:LONG
2026-04-15,09:33:22,2026-04-15,09:33:41,NIFTY,SELL,TYPE_F,BOOK_ENTRY_1,BOOK_EXIT_1,24176.25,24175.3,NIFTY21APR2624200PE,24200.0,PE,232.5,234.0,235.0,230.0,235.0,230.0,0.001937,0.002134,ws,ws,book_ladder,book_ladder,False,False,-2.5,4.0,65,97.5,strategy_S9-10__TYPE_F:NIFTY:2026-04-15T09:33:22:SHORT
2026-04-15,09:34:11,2026-04-15,09:34:50,NIFTY,SELL,TYPE_F,BOOK_ENTRY_1,BOOK_EXIT_1,24174.3,24172.0,NIFTY21APR2624200PE,24200.0,PE,234.45,235.0,235.0,235.0,235.0,235.0,0.002135,0.001488,ws,ws,book_ladder,book_ladder,False,False,-0.55,0.0,65,35.75,strategy_S9-10__TYPE_F:NIFTY:2026-04-15T09:34:11:SHORT
2026-04-15,09:36:21,2026-04-15,09:36:47,NIFTY,BUY,TYPE_F,BOOK_ENTRY_1,BOOK_EXIT_1,24174.5,24173.35,NIFTY21APR2624150CE,24150.0,CE,259.85,260.4,260.0,260.0,260.0,260.0,0.001926,0.001727,ws,ws,book_ladder,book_ladder,False,False,-0.15,0.4,65,35.75,strategy_S9-10__TYPE_F:NIFTY:2026-04-15T09:36:21:LONG
2026-04-15,09:36:55,2026-04-15,09:37:01,NIFTY,SELL,TYPE_F,BOOK_ENTRY_1,BOOK_EXIT_1,24171.5,24175.95,NIFTY21APR2624200PE,24200.0,PE,240.0,236.65,240.0,235.0,240.0,235.0,0.000834,0.001689,ws,ws,book_ladder,book_ladder,False,False,0.0,1.65,65,-217.75,strategy_S9-10__TYPE_F:NIFTY:2026-04-15T09:36:55:SHORT
2026-04-15,09:37:50,2026-04-15,09:37:55,NIFTY,BUY,TYPE_F,BOOK_ENTRY_1,BOOK_EXIT_1,24175.9,24172.1,NIFTY21APR2624150CE,24150.0,CE,261.4,259.65,265.0,255.0,265.0,255.0,0.001531,0.001539,ws,ws,book_ladder,book_ladder,False,False,-3.6,4.65,65,-113.75,strategy_S9-10__TYPE_F:NIFTY:2026-04-15T09:37:50:LONG
2026-04-15,09:38:13,2026-04-15,09:39:15,NIFTY,SELL,TYPE_F,BOOK_ENTRY_1,BOOK_EXIT_1,24169.5,24149.95,NIFTY21APR2624200PE,24200.0,PE,240.7,253.75,245.0,250.0,245.0,250.0,0.002079,0.000788,ws,ws,book_ladder,book_ladder,False,False,-4.3,3.75,65,848.25,strategy_S9-10__TYPE_F:NIFTY:2026-04-15T09:38:13:SHORT
2026-04-15,09:40:11,2026-04-15,09:40:22,NIFTY,SELL,TYPE_F,BOOK_ENTRY_1,BOOK_EXIT_1,24150.65,24156.45,NIFTY21APR2624200PE,24200.0,PE,253.6,249.35,255.0,245.0,255.0,245.0,0.002171,0.002203,ws,ws,book_ladder,book_ladder,False,False,-1.4,4.35,65,-276.25,strategy_S9-10__TYPE_F:NIFTY:2026-04-15T09:40:11:SHORT
2026-04-15,09:40:30,2026-04-15,09:41:49,NIFTY,BUY,TYPE_F,BOOK_ENTRY_1,BOOK_EXIT_1,24160.45,24178.25,NIFTY21APR2624150CE,24150.0,CE,254.15,262.0,255.0,260.0,255.0,260.0,0.001181,0.000954,ws,ws,book_ladder,book_ladder,False,False,-0.85,2.0,65,510.25,strategy_S9-10__TYPE_F:NIFTY:2026-04-15T09:40:30:LONG
2026-04-15,09:42:03,2026-04-15,09:42:28,NIFTY,BUY,TYPE_F,BOOK_ENTRY_1,BOOK_EXIT_1,24182.4,24184.25,NIFTY21APR2624150CE,24150.0,CE,262.6,263.65,265.0,260.0,265.0,260.0,0.002287,0.002273,ws,ws,book_ladder,book_ladder,False,False,-2.4,3.65,65,68.25,strategy_S9-10__TYPE_F:NIFTY:2026-04-15T09:42:03:LONG
2026-04-15,09:42:51,2026-04-15,09:44:39,NIFTY,BUY,TYPE_F,BOOK_ENTRY_1,BOOK_EXIT_1,24186.25,24211.45,NIFTY21APR2624150CE,24150.0,CE,264.95,273.5,265.0,270.0,265.0,270.0,0.001133,0.002009,ws,ws,book_ladder,book_ladder,False,False,-0.05,3.5,65,555.75,strategy_S9-10__TYPE_F:NIFTY:2026-04-15T09:42:51:LONG
2026-04-15,09:45:13,2026-04-15,09:46:34,NIFTY,BUY,TYPE_F,BOOK_ENTRY_1,BOOK_EXIT_1,24214.65,24220.6,NIFTY21APR2624200CE,24200.0,CE,247.3,248.2,250.0,245.0,250.0,245.0,0.000202,0.001409,ws,ws,book_ladder,book_ladder,False,False,-2.7,3.2,65,58.5,strategy_S9-10__TYPE_F:NIFTY:2026-04-15T09:45:13:LONG
2026-04-15,09:47:17,2026-04-15,09:47:20,NIFTY,SELL,TYPE_F,BOOK_ENTRY_1,BOOK_EXIT_1,24221.5,24223.15,NIFTY21APR2624250PE,24250.0,PE,234.6,235.7,235.0,235.0,235.0,235.0,0.00192,0.001272,ws,ws,book_ladder,book_ladder,False,False,-0.4,0.7,65,71.5,strategy_S9-10__TYPE_F:NIFTY:2026-04-15T09:47:17:SHORT
2026-04-15,09:47:38,2026-04-15,09:47:51,NIFTY,SELL,TYPE_F,BOOK_ENTRY_1,BOOK_EXIT_1,24219.0,24219.15,NIFTY21APR2624250PE,24250.0,PE,236.45,236.35,240.0,235.0,240.0,235.0,0.002117,0.001268,ws,ws,book_ladder,book_ladder,False,False,-3.55,1.35,65,-6.5,strategy_S9-10__TYPE_F:NIFTY:2026-04-15T09:47:38:SHORT
2026-04-15,09:48:03,2026-04-15,09:49:16,NIFTY,SELL,TYPE_F,BOOK_ENTRY_1,BOOK_EXIT_1,24214.55,24199.9,NIFTY21APR2624250PE,24250.0,PE,238.5,244.4,240.0,240.0,240.0,240.0,0.001469,0.00184,ws,ws,book_ladder,book_ladder,False,False,-1.5,4.4,65,383.5,strategy_S9-10__TYPE_F:NIFTY:2026-04-15T09:48:03:SHORT
2026-04-15,09:49:34,2026-04-15,09:49:44,NIFTY,SELL,TYPE_F,BOOK_ENTRY_1,BOOK_EXIT_1,24197.45,24199.85,NIFTY21APR2624200PE,24200.0,PE,223.5,222.4,225.0,220.0,225.0,220.0,0.00224,0.002021,ws,ws,book_ladder,book_ladder,False,False,-1.5,2.4,65,-71.5,strategy_S9-10__TYPE_F:NIFTY:2026-04-15T09:49:34:SHORT
2026-04-15,09:49:55,2026-04-15,09:51:01,NIFTY,SELL,TYPE_F,BOOK_ENTRY_1,BOOK_EXIT_1,24195.65,24189.95,NIFTY21APR2624200PE,24200.0,PE,224.4,230.15,225.0,230.0,225.0,230.0,0.002231,0.002387,ws,ws,book_ladder,book_ladder,False,False,-0.6,0.15,65,373.75,strategy_S9-10__TYPE_F:NIFTY:2026-04-15T09:49:55:SHORT
2026-04-15,09:51:20,2026-04-15,09:51:45,NIFTY,BUY,TYPE_F,BOOK_ENTRY_1,BOOK_EXIT_1,24196.85,24193.6,NIFTY21APR2624150CE,24150.0,CE,264.8,262.65,265.0,260.0,265.0,260.0,0.002458,0.001712,ws,ws,book_ladder,book_ladder,False,False,-0.2,2.65,65,-139.75,strategy_S9-10__TYPE_F:NIFTY:2026-04-15T09:51:20:LONG
2026-04-15,09:51:50,2026-04-15,09:51:53,NIFTY,SELL,TYPE_F,BOOK_ENTRY_1,BOOK_EXIT_1,24190.5,24194.6,NIFTY21APR2624200PE,24200.0,PE,229.45,225.8,230.0,225.0,230.0,225.0,0.0024,0.00177,ws,ws,book_ladder,book_ladder,False,False,-0.55,0.8,65,-237.25,strategy_S9-10__TYPE_F:NIFTY:2026-04-15T09:51:50:SHORT
2026-04-15,09:52:06,2026-04-15,09:53:31,NIFTY,BUY,TYPE_F,BOOK_ENTRY_1,BOOK_EXIT_1,24199.8,24207.65,NIFTY21APR2624150CE,24150.0,CE,267.4,270.05,270.0,270.0,270.0,270.0,0.002434,0.001295,ws,ws,book_ladder,book_ladder,False,False,-2.6,0.05,65,172.25,strategy_S9-10__TYPE_F:NIFTY:2026-04-15T09:52:06:LONG
2026-04-15,09:53:44,2026-04-15,09:54:40,NIFTY,BUY,TYPE_F,BOOK_ENTRY_1,BOOK_EXIT_1,24211.9,24214.0,NIFTY21APR2624200CE,24200.0,CE,241.6,242.9,245.0,240.0,245.0,240.0,0.002072,0.002056,ws,ws,book_ladder,book_ladder,False,False,-3.4,2.9,65,84.5,strategy_S9-10__TYPE_F:NIFTY:2026-04-15T09:53:44:LONG
2026-04-15,09:55:07,2026-04-15,09:55:14,NIFTY,SELL,TYPE_F,BOOK_ENTRY_1,BOOK_EXIT_1,24211.35,24217.2,NIFTY21APR2624250PE,24250.0,PE,240.9,238.2,245.0,235.0,245.0,235.0,0.00187,0.001259,ws,ws,book_ladder,book_ladder,False,False,-4.1,3.2,65,-175.5,strategy_S9-10__TYPE_F:NIFTY:2026-04-15T09:55:07:SHORT
2026-04-15,09:55:50,2026-04-15,09:56:06,NIFTY,BUY,TYPE_F,BOOK_ENTRY_1,BOOK_EXIT_1,24220.05,24217.55,NIFTY21APR2624200CE,24200.0,CE,246.45,244.45,250.0,240.0,250.0,240.0,0.001624,0.001226,ws,ws,book_ladder,book_ladder,False,False,-3.55,4.45,65,-130.0,strategy_S9-10__TYPE_F:NIFTY:2026-04-15T09:55:50:LONG
2026-04-15,09:56:33,2026-04-15,09:57:18,NIFTY,SELL,TYPE_F,BOOK_ENTRY_1,BOOK_EXIT_1,24215.35,24217.75,NIFTY21APR2624250PE,24250.0,PE,238.55,235.85,240.0,235.0,240.0,235.0,0.001678,0.001271,ws,ws,book_ladder,book_ladder,False,False,-1.45,0.85,65,-175.5,strategy_S9-10__TYPE_F:NIFTY:2026-04-15T09:56:33:SHORT
2026-04-15,09:57:31,2026-04-15,09:57:55,NIFTY,BUY,TYPE_F,BOOK_ENTRY_1,BOOK_EXIT_1,24223.85,24218.85,NIFTY21APR2624200CE,24200.0,CE,249.35,246.6,250.0,245.0,250.0,245.0,0.002409,0.002228,ws,ws,book_ladder,book_ladder,False,False,-0.65,1.6,65,-178.75,strategy_S9-10__TYPE_F:NIFTY:2026-04-15T09:57:31:LONG
2026-04-15,09:58:10,2026-04-15,09:59:20,NIFTY,SELL,TYPE_F,BOOK_ENTRY_1,BOOK_EXIT_1,24217.95,24210.7,NIFTY21APR2624250PE,24250.0,PE,236.65,239.55,240.0,235.0,240.0,235.0,0.001903,0.001668,ws,ws,book_ladder,book_ladder,False,False,-3.35,4.55,65,188.5,strategy_S9-10__TYPE_F:NIFTY:2026-04-15T09:58:10:SHORT
2026-04-15,09:59:40,2026-04-15,10:00:49,NIFTY,BUY,TYPE_F,BOOK_ENTRY_1,BOOK_EXIT_1,24214.55,24219.85,NIFTY21APR2624200CE,24200.0,CE,243.9,246.55,245.0,245.0,245.0,245.0,0.002463,0.002431,ws,ws,book_ladder,book_ladder,False,False,-1.1,1.55,65,172.25,strategy_S9-10__TYPE_F:NIFTY:2026-04-15T09:59:40:LONG
2026-04-15,10:01:13,2026-04-15,10:01:33,NIFTY,BUY,TYPE_F,BOOK_ENTRY_1,BOOK_EXIT_1,24224.45,24224.95,NIFTY21APR2624200CE,24200.0,CE,248.0,248.0,250.0,245.0,250.0,245.0,0.002018,0.002014,ws,ws,book_ladder,book_ladder,False,False,-2.0,3.0,65,0.0,strategy_S9-10__TYPE_F:NIFTY:2026-04-15T10:01:13:LONG
2026-04-15,10:01:54,2026-04-15,10:02:41,NIFTY,SELL,TYPE_F,BOOK_ENTRY_1,BOOK_EXIT_1,24223.6,24218.8,NIFTY21APR2624250PE,24250.0,PE,234.0,236.1,235.0,235.0,235.0,235.0,0.001069,0.002327,ws,ws,book_ladder,book_ladder,False,False,-1.0,1.1,65,136.5,strategy_S9-10__TYPE_F:NIFTY:2026-04-15T10:01:54:SHORT
2026-04-15,10:02:59,2026-04-15,10:03:01,NIFTY,SELL,TYPE_F,BOOK_ENTRY_1,BOOK_EXIT_1,24216.0,24219.0,NIFTY21APR2624250PE,24250.0,PE,237.3,236.45,240.0,235.0,240.0,235.0,0.001265,0.00169,ws,ws,book_ladder,book_ladder,False,False,-2.7,1.45,65,-55.25,strategy_S9-10__TYPE_F:NIFTY:2026-04-15T10:02:59:SHORT
2026-04-15,10:03:35,2026-04-15,10:03:46,NIFTY,BUY,TYPE_F,BOOK_ENTRY_1,BOOK_EXIT_1,24224.5,24221.05,NIFTY21APR2624200CE,24200.0,CE,246.65,245.0,250.0,245.0,250.0,245.0,0.002232,0.001835,ws,ws,book_ladder,book_ladder,False,False,-3.35,0.0,65,-107.25,strategy_S9-10__TYPE_F:NIFTY:2026-04-15T10:03:35:LONG
2026-04-15,10:04:01,2026-04-15,10:04:56,NIFTY,BUY,TYPE_F,BOOK_ENTRY_1,BOOK_EXIT_1,24227.15,24230.05,NIFTY21APR2624200CE,24200.0,CE,248.65,249.2,250.0,245.0,250.0,245.0,0.001811,0.001203,ws,ws,book_ladder,book_ladder,False,False,-1.35,4.2,65,35.75,strategy_S9-10__TYPE_F:NIFTY:2026-04-15T10:04:01:LONG
2026-04-15,10:05:00,2026-04-15,10:05:30,NIFTY,BUY,TYPE_F,BOOK_ENTRY_1,BOOK_EXIT_1,24233.65,24234.85,NIFTY21APR2624200CE,24200.0,CE,251.0,252.8,255.0,250.0,255.0,250.0,0.001994,0.002173,ws,ws,book_ladder,book_ladder,False,False,-4.0,2.8,65,117.0,strategy_S9-10__TYPE_F:NIFTY:2026-04-15T10:05:00:LONG
2026-04-15,10:06:20,2026-04-15,10:06:44,NIFTY,BUY,TYPE_F,BOOK_ENTRY_1,BOOK_EXIT_1,24239.6,24237.75,NIFTY21APR2624200CE,24200.0,CE,256.0,252.8,260.0,250.0,260.0,250.0,0.000586,0.001778,ws,ws,book_ladder,book_ladder,False,False,-4.0,2.8,65,-208.0,strategy_S9-10__TYPE_F:NIFTY:2026-04-15T10:06:20:LONG
2026-04-15,10:07:01,2026-04-15,10:07:22,NIFTY,BUY,TYPE_F,BOOK_ENTRY_1,BOOK_EXIT_1,24243.9,24243.9,NIFTY21APR2624200CE,24200.0,CE,255.95,255.9,260.0,255.0,260.0,255.0,0.000977,0.001367,ws,ws,book_ladder,book_ladder,False,False,-4.05,0.9,65,-3.25,strategy_S9-10__TYPE_F:NIFTY:2026-04-15T10:07:01:LONG
2026-04-15,10:07:32,2026-04-15,10:07:36,NIFTY,BUY,TYPE_F,BOOK_ENTRY_1,BOOK_EXIT_1,24246.45,24243.5,NIFTY21APR2624200CE,24200.0,CE,257.0,256.75,260.0,255.0,260.0,255.0,0.002142,0.001168,ws,ws,book_ladder,book_ladder,False,False,-3.0,1.75,65,-16.25,strategy_S9-10__TYPE_F:NIFTY:2026-04-15T10:07:32:LONG
2026-04-15,10:08:12,2026-04-15,10:09:05,NIFTY,SELL,TYPE_F,BOOK_ENTRY_1,BOOK_EXIT_1,24237.95,24237.75,NIFTY21APR2624250PE,24250.0,PE,224.7,224.35,225.0,220.0,225.0,220.0,0.002228,0.002004,ws,ws,book_ladder,book_ladder,False,False,-0.3,4.35,65,-22.75,strategy_S9-10__TYPE_F:NIFTY:2026-04-15T10:08:12:SHORT
2026-04-15,10:09:40,2026-04-15,10:11:09,NIFTY,BUY,TYPE_F,BOOK_ENTRY_1,BOOK_EXIT_1,24236.95,24244.85,NIFTY21APR2624200CE,24200.0,CE,254.0,256.55,255.0,255.0,255.0,255.0,0.00197,0.001753,ws,ws,book_ladder,book_ladder,False,False,-1.0,1.55,65,165.75,strategy_S9-10__TYPE_F:NIFTY:2026-04-15T10:09:40:LONG
2026-04-15,10:11:25,2026-04-15,10:12:00,NIFTY,SELL,TYPE_F,BOOK_ENTRY_1,BOOK_EXIT_1,24242.55,24245.0,NIFTY21APR2624250PE,24250.0,PE,220.45,218.25,225.0,215.0,225.0,215.0,0.002043,0.002288,ws,ws,book_ladder,book_ladder,False,False,-4.55,3.25,65,-143.0,strategy_S9-10__TYPE_F:NIFTY:2026-04-15T10:11:25:SHORT
2026-04-15,10:12:25,2026-04-15,10:12:44,NIFTY,BUY,TYPE_F,BOOK_ENTRY_1,BOOK_EXIT_1,24248.45,24244.1,NIFTY21APR2624200CE,24200.0,CE,259.15,257.15,260.0,255.0,260.0,255.0,0.002318,0.002331,ws,ws,book_ladder,book_ladder,False,False,-0.85,2.15,65,-130.0,strategy_S9-10__TYPE_F:NIFTY:2026-04-15T10:12:25:LONG
2026-04-15,10:13:09,2026-04-15,10:14:28,NIFTY,SELL,TYPE_F,BOOK_ENTRY_1,BOOK_EXIT_1,24246.6,24242.25,NIFTY21APR2624250PE,24250.0,PE,219.1,218.75,220.0,215.0,220.0,215.0,0.001827,0.002283,ws,ws,book_ladder,book_ladder,False,False,-0.9,3.75,65,-22.75,strategy_S9-10__TYPE_F:NIFTY:2026-04-15T10:13:09:SHORT
2026-04-15,10:15:02,2026-04-15,10:15:34,NIFTY,BUY,TYPE_F,BOOK_ENTRY_1,BOOK_EXIT_1,24244.35,24245.8,NIFTY21APR2624200CE,24200.0,CE,257.65,257.6,260.0,255.0,260.0,255.0,0.001554,0.002326,ws,ws,book_ladder,book_ladder,False,False,-2.35,2.6,65,-3.25,strategy_S9-10__TYPE_F:NIFTY:2026-04-15T10:15:02:LONG
2026-04-15,10:15:52,2026-04-15,10:18:11,NIFTY,BUY,TYPE_F,BOOK_ENTRY_1,BOOK_EXIT_1,24247.85,24251.9,NIFTY21APR2624200CE,24200.0,CE,258.6,257.9,260.0,255.0,260.0,255.0,0.000967,0.000581,ws,ws,book_ladder,book_ladder,False,False,-1.4,2.9,65,-45.5,strategy_S9-10__TYPE_F:NIFTY:2026-04-15T10:15:52:LONG
2026-04-15,10:18:35,2026-04-15,10:18:54,NIFTY,BUY,TYPE_F,BOOK_ENTRY_1,BOOK_EXIT_1,24255.5,24255.15,NIFTY21APR2624250CE,24250.0,CE,231.0,233.3,235.0,230.0,235.0,230.0,0.00195,0.002355,ws,ws,book_ladder,book_ladder,False,False,-4.0,3.3,65,149.5,strategy_S9-10__TYPE_F:NIFTY:2026-04-15T10:18:35:LONG
2026-04-15,10:19:03,2026-04-15,10:20:12,NIFTY,BUY,TYPE_F,BOOK_ENTRY_1,BOOK_EXIT_1,24259.6,24260.4,NIFTY21APR2624250CE,24250.0,CE,234.4,238.0,235.0,235.0,235.0,235.0,0.002135,0.002099,ws,ws,book_ladder,book_ladder,False,False,-0.6,3.0,65,234.0,strategy_S9-10__TYPE_F:NIFTY:2026-04-15T10:19:03:LONG
2026-04-15,10:20:37,2026-04-15,10:21:03,NIFTY,BUY,TYPE_F,BOOK_ENTRY_1,BOOK_EXIT_1,24262.75,24260.9,NIFTY21APR2624250CE,24250.0,CE,238.6,238.3,240.0,235.0,240.0,235.0,0.001468,0.002096,ws,ws,book_ladder,book_ladder,False,False,-1.4,3.3,65,-19.5,strategy_S9-10__TYPE_F:NIFTY:2026-04-15T10:20:37:LONG
2026-04-15,10:21:55,2026-04-15,10:22:39,NIFTY,SELL,TYPE_F,BOOK_ENTRY_1,BOOK_EXIT_1,24259.55,24253.1,NIFTY21APR2624300PE,24300.0,PE,235.7,237.4,240.0,235.0,240.0,235.0,0.001486,0.000632,ws,ws,book_ladder,book_ladder,False,False,-4.3,2.4,65,110.5,strategy_S9-10__TYPE_F:NIFTY:2026-04-15T10:21:55:SHORT
2026-04-15,10:22:56,2026-04-15,10:24:29,NIFTY,BUY,TYPE_F,BOOK_ENTRY_1,BOOK_EXIT_1,24261.5,24264.8,NIFTY21APR2624250CE,24250.0,CE,236.2,240.5,240.0,240.0,240.0,240.0,0.001907,0.002492,ws,ws,book_ladder,book_ladder,False,False,-3.8,0.5,65,279.5,strategy_S9-10__TYPE_F:NIFTY:2026-04-15T10:22:56:LONG
2026-04-15,10:24:46,2026-04-15,10:25:05,NIFTY,SELL,TYPE_F,BOOK_ENTRY_1,BOOK_EXIT_1,24266.25,24266.5,NIFTY21APR2624300PE,24300.0,PE,234.0,234.0,235.0,230.0,235.0,230.0,0.001497,0.001708,ws,ws,book_ladder,book_ladder,False,False,-1.0,4.0,65,0.0,strategy_S9-10__TYPE_F:NIFTY:2026-04-15T10:24:46:SHORT
2026-04-15,10:26:31,2026-04-15,10:26:51,NIFTY,BUY,TYPE_F,BOOK_ENTRY_1,BOOK_EXIT_1,24263.7,24262.55,NIFTY21APR2624250CE,24250.0,CE,237.9,237.0,240.0,235.0,240.0,235.0,0.002315,0.001897,ws,ws,book_ladder,book_ladder,False,False,-2.1,2.0,65,-58.5,strategy_S9-10__TYPE_F:NIFTY:2026-04-15T10:26:31:LONG
2026-04-15,10:27:46,2026-04-15,10:28:11,NIFTY,BUY,TYPE_F,BOOK_ENTRY_1,BOOK_EXIT_1,24263.4,24260.8,NIFTY21APR2624250CE,24250.0,CE,240.0,237.5,240.0,235.0,240.0,235.0,0.000625,0.001052,ws,ws,book_ladder,book_ladder,False,False,0.0,2.5,65,-162.5,strategy_S9-10__TYPE_F:NIFTY:2026-04-15T10:27:46:LONG
2026-04-15,10:28:20,2026-04-15,10:28:23,NIFTY,SELL,TYPE_F,BOOK_ENTRY_1,BOOK_EXIT_1,24259.4,24262.6,NIFTY21APR2624300PE,24300.0,PE,235.3,235.35,240.0,235.0,240.0,235.0,0.001063,0.001274,ws,ws,book_ladder,book_ladder,False,False,-4.7,0.35,65,3.25,strategy_S9-10__TYPE_F:NIFTY:2026-04-15T10:28:20:SHORT
2026-04-15,10:29:03,2026-04-15,10:29:23,NIFTY,SELL,TYPE_F,BOOK_ENTRY_1,BOOK_EXIT_1,24259.5,24261.45,NIFTY21APR2624300PE,24300.0,PE,236.55,236.0,240.0,235.0,240.0,235.0,0.002328,0.001905,ws,ws,book_ladder,book_ladder,False,False,-3.45,1.0,65,-35.75,strategy_S9-10__TYPE_F:NIFTY:2026-04-15T10:29:03:SHORT
2026-04-15,10:29:53,2026-04-15,10:31:08,NIFTY,BUY,TYPE_F,BOOK_ENTRY_1,BOOK_EXIT_1,24260.85,24269.65,NIFTY21APR2624250CE,24250.0,CE,237.55,242.55,240.0,240.0,240.0,240.0,0.002318,0.002676,ws,ws,book_ladder,book_ladder,False,False,-2.45,2.55,65,325.0,strategy_S9-10__TYPE_F:NIFTY:2026-04-15T10:29:53:LONG
2026-04-15,10:31:24,2026-04-15,10:32:35,NIFTY,SELL,TYPE_F,BOOK_ENTRY_1,BOOK_EXIT_1,24268.25,24263.6,NIFTY21APR2624300PE,24300.0,PE,231.35,233.0,235.0,230.0,235.0,230.0,0.000865,0.001287,ws,ws,book_ladder,book_ladder,False,False,-3.65,3.0,65,107.25,strategy_S9-10__TYPE_F:NIFTY:2026-04-15T10:31:24:SHORT
2026-04-15,10:33:09,2026-04-15,10:33:35,NIFTY,SELL,TYPE_F,BOOK_ENTRY_1,BOOK_EXIT_1,24260.7,24262.9,NIFTY21APR2624300PE,24300.0,PE,234.55,233.65,235.0,230.0,235.0,230.0,0.001707,0.002351,ws,ws,book_ladder,book_ladder,False,False,-0.45,3.65,65,-58.5,strategy_S9-10__TYPE_F:NIFTY:2026-04-15T10:33:09:SHORT
2026-04-15,10:33:50,2026-04-15,10:34:26,NIFTY,BUY,TYPE_F,BOOK_ENTRY_1,BOOK_EXIT_1,24263.65,24263.45,NIFTY21APR2624250CE,24250.0,CE,238.5,239.0,240.0,235.0,240.0,235.0,0.001889,0.000627,ws,ws,book_ladder,book_ladder,False,False,-1.5,4.0,65,32.5,strategy_S9-10__TYPE_F:NIFTY:2026-04-15T10:33:50:LONG
2026-04-15,10:34:39,2026-04-15,10:35:01,NIFTY,SELL,TYPE_F,BOOK_ENTRY_1,BOOK_EXIT_1,24262.05,24261.7,NIFTY21APR2624300PE,24300.0,PE,235.0,235.3,235.0,235.0,235.0,235.0,0.00149,0.001062,ws,ws,book_ladder,book_ladder,False,False,0.0,0.3,65,19.5,strategy_S9-10__TYPE_F:NIFTY:2026-04-15T10:34:39:SHORT
2026-04-15,10:35:23,2026-04-15,10:36:05,NIFTY,SELL,TYPE_F,BOOK_ENTRY_1,BOOK_EXIT_1,24258.6,24260.15,NIFTY21APR2624300PE,24300.0,PE,236.7,236.05,240.0,235.0,240.0,235.0,0.000845,0.001905,ws,ws,book_ladder,book_ladder,False,False,-3.3,1.05,65,-42.25,strategy_S9-10__TYPE_F:NIFTY:2026-04-15T10:35:23:SHORT
2026-04-15,10:36:20,2026-04-15,10:36:32,NIFTY,BUY,TYPE_F,BOOK_ENTRY_1,BOOK_EXIT_1,24261.1,24257.6,NIFTY21APR2624250CE,24250.0,CE,235.65,231.3,240.0,230.0,240.0,230.0,0.001911,0.00108,ws,ws,book_ladder,book_ladder,False,False,-4.35,1.3,65,-282.75,strategy_S9-10__TYPE_F:NIFTY:2026-04-15T10:36:20:LONG
2026-04-15,10:36:44,2026-04-15,10:37:34,NIFTY,SELL,TYPE_F,BOOK_ENTRY_1,BOOK_EXIT_1,24254.25,24249.25,NIFTY21APR2624300PE,24300.0,PE,239.5,240.2,240.0,240.0,240.0,240.0,0.001462,0.000832,ws,ws,book_ladder,book_ladder,False,False,-0.5,0.2,65,45.5,strategy_S9-10__TYPE_F:NIFTY:2026-04-15T10:36:44:SHORT
2026-04-15,10:37:50,2026-04-15,10:38:04,NIFTY,BUY,TYPE_F,BOOK_ENTRY_1,BOOK_EXIT_1,24254.3,24250.6,NIFTY21APR2624250CE,24250.0,CE,232.7,232.0,235.0,230.0,235.0,230.0,0.00129,0.001723,ws,ws,book_ladder,book_ladder,False,False,-2.3,2.0,65,-45.5,strategy_S9-10__TYPE_F:NIFTY:2026-04-15T10:37:50:LONG
2026-04-15,10:38:27,2026-04-15,10:38:58,NIFTY,BUY,TYPE_F,BOOK_ENTRY_1,BOOK_EXIT_1,24254.25,24252.25,NIFTY21APR2624250CE,24250.0,CE,234.3,231.9,235.0,230.0,235.0,230.0,0.00235,0.001723,ws,ws,book_ladder,book_ladder,False,False,-0.7,1.9,65,-156.0,strategy_S9-10__TYPE_F:NIFTY:2026-04-15T10:38:27:LONG
2026-04-15,10:39:11,2026-04-15,10:39:43,NIFTY,SELL,TYPE_F,BOOK_ENTRY_1,BOOK_EXIT_1,24250.8,24246.9,NIFTY21APR2624300PE,24300.0,PE,239.3,241.0,240.0,240.0,240.0,240.0,0.002092,0.001865,ws,ws,book_ladder,book_ladder,False,False,-0.7,1.0,65,110.5,strategy_S9-10__TYPE_F:NIFTY:2026-04-15T10:39:11:SHORT
2026-04-15,10:40:28,2026-04-15,10:40:58,NIFTY,BUY,TYPE_F,BOOK_ENTRY_1,BOOK_EXIT_1,24247.9,24245.45,NIFTY21APR2624200CE,24200.0,CE,258.5,260.35,260.0,260.0,260.0,260.0,0.001936,0.001727,ws,ws,book_ladder,book_ladder,False,False,-1.5,0.35,65,120.25,strategy_S9-10__TYPE_F:NIFTY:2026-04-15T10:40:28:LONG
2026-04-15,10:41:05,2026-04-15,10:41:27,NIFTY,BUY,TYPE_F,BOOK_ENTRY_1,BOOK_EXIT_1,24248.15,24245.5,NIFTY21APR2624200CE,24200.0,CE,261.0,259.05,265.0,255.0,265.0,255.0,0.001342,0.001928,ws,ws,book_ladder,book_ladder,False,False,-4.0,4.05,65,-126.75,strategy_S9-10__TYPE_F:NIFTY:2026-04-15T10:41:05:LONG
2026-04-15,10:41:30,2026-04-15,10:42:01,NIFTY,SELL,TYPE_F,BOOK_ENTRY_1,BOOK_EXIT_1,24245.05,24244.75,NIFTY21APR2624250PE,24250.0,PE,218.0,217.85,220.0,215.0,220.0,215.0,0.001837,0.000459,ws,ws,book_ladder,book_ladder,False,False,-2.0,2.85,65,-9.75,strategy_S9-10__TYPE_F:NIFTY:2026-04-15T10:41:30:SHORT
2026-04-15,10:42:20,2026-04-15,10:42:58,NIFTY,BUY,TYPE_F,BOOK_ENTRY_1,BOOK_EXIT_1,24247.05,24248.75,NIFTY21APR2624200CE,24200.0,CE,259.4,260.3,260.0,260.0,260.0,260.0,0.001929,0.001727,ws,ws,book_ladder,book_ladder,False,False,-0.6,0.3,65,58.5,strategy_S9-10__TYPE_F:NIFTY:2026-04-15T10:42:20:LONG
2026-04-15,10:43:05,2026-04-15,10:43:10,NIFTY,BUY,TYPE_F,BOOK_ENTRY_1,BOOK_EXIT_1,24251.45,24248.6,NIFTY21APR2624250CE,24250.0,CE,231.75,230.8,235.0,230.0,235.0,230.0,0.002376,0.001299,ws,ws,book_ladder,book_ladder,False,False,-3.25,0.8,65,-61.75,strategy_S9-10__TYPE_F:NIFTY:2026-04-15T10:43:05:LONG
2026-04-15,10:43:20,2026-04-15,10:43:36,NIFTY,BUY,TYPE_F,BOOK_ENTRY_1,BOOK_EXIT_1,24251.15,24248.05,NIFTY21APR2624250CE,24250.0,CE,231.75,231.0,235.0,230.0,235.0,230.0,0.001944,0.001514,ws,ws,book_ladder,book_ladder,False,False,-3.25,1.0,65,-48.75,strategy_S9-10__TYPE_F:NIFTY:2026-04-15T10:43:20:LONG
2026-04-15,10:43:47,2026-04-15,10:44:39,NIFTY,SELL,TYPE_F,BOOK_ENTRY_1,BOOK_EXIT_1,24246.85,24238.7,NIFTY21APR2624250PE,24250.0,PE,217.1,219.75,220.0,215.0,220.0,215.0,0.002075,0.002046,ws,ws,book_ladder,book_ladder,False,False,-2.9,4.75,65,172.25,strategy_S9-10__TYPE_F:NIFTY:2026-04-15T10:43:47:SHORT
2026-04-15,10:45:12,2026-04-15,10:45:37,NIFTY,BUY,TYPE_F,BOOK_ENTRY_1,BOOK_EXIT_1,24243.6,24244.8,NIFTY21APR2624200CE,24200.0,CE,257.0,259.45,260.0,255.0,260.0,255.0,0.000779,0.000771,ws,ws,book_ladder,book_ladder,False,False,-3.0,4.45,65,159.25,strategy_S9-10__TYPE_F:NIFTY:2026-04-15T10:45:12:LONG
2026-04-15,10:46:35,2026-04-15,10:47:00,NIFTY,BUY,TYPE_F,BOOK_ENTRY_1,BOOK_EXIT_1,24247.95,24246.1,NIFTY21APR2624200CE,24200.0,CE,258.8,257.1,260.0,255.0,260.0,255.0,0.00174,0.00136,ws,ws,book_ladder,book_ladder,False,False,-1.2,2.1,65,-110.5,strategy_S9-10__TYPE_F:NIFTY:2026-04-15T10:46:35:LONG
2026-04-15,10:47:11,2026-04-15,10:47:34,NIFTY,SELL,TYPE_F,BOOK_ENTRY_1,BOOK_EXIT_1,24245.4,24247.3,NIFTY21APR2624250PE,24250.0,PE,218.75,216.6,220.0,215.0,220.0,215.0,0.002517,0.000692,ws,ws,book_ladder,book_ladder,False,False,-1.25,1.6,65,-139.75,strategy_S9-10__TYPE_F:NIFTY:2026-04-15T10:47:11:SHORT
2026-04-15,10:48:19,2026-04-15,10:48:40,NIFTY,BUY,TYPE_F,BOOK_ENTRY_1,BOOK_EXIT_1,24250.35,24247.2,NIFTY21APR2624250CE,24250.0,CE,229.9,231.35,230.0,230.0,230.0,230.0,0.002177,0.001943,ws,ws,book_ladder,book_ladder,False,False,-0.1,1.35,65,94.25,strategy_S9-10__TYPE_F:NIFTY:2026-04-15T10:48:19:LONG
2026-04-15,10:49:14,2026-04-15,10:51:05,NIFTY,SELL,TYPE_F,BOOK_ENTRY_1,BOOK_EXIT_1,24249.35,24230.85,NIFTY21APR2624250PE,24250.0,PE,215.85,223.05,220.0,220.0,220.0,220.0,0.002551,0.001344,ws,ws,book_ladder,book_ladder,False,False,-4.15,3.05,65,468.0,strategy_S9-10__TYPE_F:NIFTY:2026-04-15T10:49:14:SHORT
2026-04-15,10:51:21,2026-04-15,10:51:41,NIFTY,SELL,TYPE_F,BOOK_ENTRY_1,BOOK_EXIT_1,24228.25,24226.95,NIFTY21APR2624250PE,24250.0,PE,224.8,225.3,225.0,225.0,225.0,225.0,0.002004,0.002217,ws,ws,book_ladder,book_ladder,False,False,-0.2,0.3,65,32.5,strategy_S9-10__TYPE_F:NIFTY:2026-04-15T10:51:21:SHORT
2026-04-15,10:52:23,2026-04-15,10:52:27,NIFTY,BUY,TYPE_F,BOOK_ENTRY_1,BOOK_EXIT_1,24228.5,24226.05,NIFTY21APR2624200CE,24200.0,CE,247.75,247.1,250.0,245.0,250.0,245.0,0.00202,0.002021,ws,ws,book_ladder,book_ladder,False,False,-2.25,2.1,65,-42.25,strategy_S9-10__TYPE_F:NIFTY:2026-04-15T10:52:23:LONG
2026-04-15,10:52:42,2026-04-15,10:54:15,NIFTY,SELL,TYPE_F,BOOK_ENTRY_1,BOOK_EXIT_1,24224.5,24212.75,NIFTY21APR2624250PE,24250.0,PE,229.0,235.25,230.0,235.0,230.0,235.0,0.000655,0.002335,ws,ws,book_ladder,book_ladder,False,False,-1.0,0.25,65,406.25,strategy_S9-10__TYPE_F:NIFTY:2026-04-15T10:52:42:SHORT
2026-04-15,10:54:27,2026-04-15,10:54:57,NIFTY,BUY,TYPE_F,BOOK_ENTRY_1,BOOK_EXIT_1,24216.3,24221.3,NIFTY21APR2624200CE,24200.0,CE,244.35,246.0,245.0,245.0,245.0,245.0,0.002048,0.001828,ws,ws,book_ladder,book_ladder,False,False,-0.65,1.0,65,107.25,strategy_S9-10__TYPE_F:NIFTY:2026-04-15T10:54:27:LONG
2026-04-15,10:55:19,2026-04-15,10:55:40,NIFTY,BUY,TYPE_F,BOOK_ENTRY_1,BOOK_EXIT_1,24225.05,24224.55,NIFTY21APR2624200CE,24200.0,CE,248.7,246.15,250.0,245.0,250.0,245.0,0.002214,0.001826,ws,ws,book_ladder,book_ladder,False,False,-1.3,1.15,65,-165.75,strategy_S9-10__TYPE_F:NIFTY:2026-04-15T10:55:19:LONG
2026-04-15,10:56:13,2026-04-15,10:56:29,NIFTY,SELL,TYPE_F,BOOK_ENTRY_1,BOOK_EXIT_1,24223.35,24225.05,NIFTY21APR2624250PE,24250.0,PE,232.6,230.2,235.0,230.0,235.0,230.0,0.002152,0.001953,ws,ws,book_ladder,book_ladder,False,False,-2.4,0.2,65,-156.0,strategy_S9-10__TYPE_F:NIFTY:2026-04-15T10:56:13:SHORT
2026-04-15,10:56:40,2026-04-15,10:56:57,NIFTY,SELL,TYPE_F,BOOK_ENTRY_1,BOOK_EXIT_1,24222.05,24222.35,NIFTY21APR2624250PE,24250.0,PE,233.45,230.95,235.0,230.0,235.0,230.0,0.0015,0.001947,ws,ws,book_ladder,book_ladder,False,False,-1.55,0.95,65,-162.5,strategy_S9-10__TYPE_F:NIFTY:2026-04-15T10:56:40:SHORT
2026-04-15,10:57:34,2026-04-15,10:58:15,NIFTY,BUY,TYPE_F,BOOK_ENTRY_1,BOOK_EXIT_1,24225.45,24224.3,NIFTY21APR2624200CE,24200.0,CE,247.8,249.6,250.0,245.0,250.0,245.0,0.002222,0.001601,ws,ws,book_ladder,book_ladder,False,False,-2.2,4.6,65,117.0,strategy_S9-10__TYPE_F:NIFTY:2026-04-15T10:57:34:LONG
2026-04-15,10:58:54,2026-04-15,10:59:05,NIFTY,SELL,TYPE_F,BOOK_ENTRY_1,BOOK_EXIT_1,24221.75,24224.65,NIFTY21APR2624250PE,24250.0,PE,233.8,231.6,235.0,230.0,235.0,230.0,0.001712,0.002372,ws,ws,book_ladder,book_ladder,False,False,-1.2,1.6,65,-143.0,strategy_S9-10__TYPE_F:NIFTY:2026-04-15T10:58:54:SHORT
2026-04-15,10:59:29,2026-04-15,11:00:40,NIFTY,SELL,TYPE_F,BOOK_ENTRY_1,BOOK_EXIT_1,24220.6,24210.4,NIFTY21APR2624250PE,24250.0,PE,232.8,237.45,235.0,235.0,235.0,235.0,0.001935,0.002314,ws,ws,book_ladder,book_ladder,False,False,-2.2,2.45,65,302.25,strategy_S9-10__TYPE_F:NIFTY:2026-04-15T10:59:29:SHORT
2026-04-15,11:01:33,2026-04-15,11:01:52,NIFTY,BUY,TYPE_F,BOOK_ENTRY_1,BOOK_EXIT_1,24209.25,24208.65,NIFTY21APR2624200CE,24200.0,CE,241.55,242.5,245.0,240.0,245.0,240.0,0.00228,0.00103,ws,ws,book_ladder,book_ladder,False,False,-3.45,2.5,65,61.75,strategy_S9-10__TYPE_F:NIFTY:2026-04-15T11:01:33:LONG
2026-04-15,11:02:02,2026-04-15,11:02:40,NIFTY,BUY,TYPE_F,BOOK_ENTRY_1,BOOK_EXIT_1,24215.25,24209.65,NIFTY21APR2624200CE,24200.0,CE,242.8,242.7,245.0,240.0,245.0,240.0,0.001443,0.002469,ws,ws,book_ladder,book_ladder,False,False,-2.2,2.7,65,-6.5,strategy_S9-10__TYPE_F:NIFTY:2026-04-15T11:02:02:LONG
2026-04-15,11:03:05,2026-04-15,11:03:43,NIFTY,SELL,TYPE_F,BOOK_ENTRY_1,BOOK_EXIT_1,24209.6,24207.95,NIFTY21APR2624250PE,24250.0,PE,235.9,236.25,240.0,235.0,240.0,235.0,0.002122,0.000423,ws,ws,book_ladder,book_ladder,False,False,-4.1,1.25,65,22.75,strategy_S9-10__TYPE_F:NIFTY:2026-04-15T11:03:05:SHORT
2026-04-15,11:04:01,2026-04-15,11:04:25,NIFTY,BUY,TYPE_F,BOOK_ENTRY_1,BOOK_EXIT_1,24209.65,24207.6,NIFTY21APR2624200CE,24200.0,CE,242.8,243.35,245.0,240.0,245.0,240.0,0.001443,0.001847,ws,ws,book_ladder,book_ladder,False,False,-2.2,3.35,65,35.75,strategy_S9-10__TYPE_F:NIFTY:2026-04-15T11:04:01:LONG
2026-04-15,11:04:50,2026-04-15,11:05:11,NIFTY,BUY,TYPE_F,BOOK_ENTRY_1,BOOK_EXIT_1,24210.9,24208.35,NIFTY21APR2624200CE,24200.0,CE,242.75,242.35,245.0,240.0,245.0,240.0,0.002268,0.002267,ws,ws,book_ladder,book_ladder,False,False,-2.25,2.35,65,-26.0,strategy_S9-10__TYPE_F:NIFTY:2026-04-15T11:04:50:LONG
2026-04-15,11:05:23,2026-04-15,11:05:57,NIFTY,SELL,TYPE_F,BOOK_ENTRY_1,BOOK_EXIT_1,24208.0,24207.2,NIFTY21APR2624250PE,24250.0,PE,238.0,238.55,240.0,235.0,240.0,235.0,0.001051,0.002303,ws,ws,book_ladder,book_ladder,False,False,-2.0,3.55,65,35.75,strategy_S9-10__TYPE_F:NIFTY:2026-04-15T11:05:23:SHORT
2026-04-15,11:06:05,2026-04-15,11:06:36,NIFTY,SELL,TYPE_F,BOOK_ENTRY_1,BOOK_EXIT_1,24204.85,24202.9,NIFTY21APR2624250PE,24250.0,PE,239.55,239.25,240.0,235.0,240.0,235.0,0.002299,0.002713,ws,ws,book_ladder,book_ladder,False,False,-0.45,4.25,65,-19.5,strategy_S9-10__TYPE_F:NIFTY:2026-04-15T11:06:05:SHORT
2026-04-15,11:07:03,2026-04-15,11:07:50,NIFTY,SELL,TYPE_F,BOOK_ENTRY_1,BOOK_EXIT_1,24193.85,24191.1,NIFTY21APR2624200PE,24200.0,PE,220.0,222.45,220.0,220.0,220.0,220.0,0.001365,0.002021,ws,ws,book_ladder,book_ladder,False,False,0.0,2.45,65,159.25,strategy_S9-10__TYPE_F:NIFTY:2026-04-15T11:07:03:SHORT
2026-04-15,11:08:11,2026-04-15,11:09:12,NIFTY,BUY,TYPE_F,BOOK_ENTRY_1,BOOK_EXIT_1,24193.3,24195.8,NIFTY21APR2624150CE,24150.0,CE,265.6,263.05,270.0,260.0,270.0,260.0,0.001884,0.00114,ws,ws,book_ladder,book_ladder,False,False,-4.4,3.05,65,-165.75,strategy_S9-10__TYPE_F:NIFTY:2026-04-15T11:08:11:LONG
2026-04-15,11:09:38,2026-04-15,11:10:11,NIFTY,SELL,TYPE_F,BOOK_ENTRY_1,BOOK_EXIT_1,24192.05,24188.6,NIFTY21APR2624200PE,24200.0,PE,225.0,227.05,225.0,225.0,225.0,225.0,0.000222,0.00176,ws,ws,book_ladder,book_ladder,False,False,0.0,2.05,65,133.25,strategy_S9-10__TYPE_F:NIFTY:2026-04-15T11:09:38:SHORT
2026-04-15,11:10:36,2026-04-15,11:11:09,NIFTY,SELL,TYPE_F,BOOK_ENTRY_1,BOOK_EXIT_1,24185.2,24183.85,NIFTY21APR2624200PE,24200.0,PE,228.9,229.25,230.0,225.0,230.0,225.0,0.001968,0.001961,ws,ws,book_ladder,book_ladder,False,False,-1.1,4.25,65,22.75,strategy_S9-10__TYPE_F:NIFTY:2026-04-15T11:10:36:SHORT
2026-04-15,11:11:44,2026-04-15,11:12:22,NIFTY,BUY,TYPE_F,BOOK_ENTRY_1,BOOK_EXIT_1,24183.9,24189.4,NIFTY21APR2624150CE,24150.0,CE,258.4,260.7,260.0,260.0,260.0,260.0,0.000581,0.002107,ws,ws,book_ladder,book_ladder,False,False,-1.6,0.7,65,149.5,strategy_S9-10__TYPE_F:NIFTY:2026-04-15T11:11:44:LONG
2026-04-15,11:12:50,2026-04-15,11:13:02,NIFTY,SELL,TYPE_F,BOOK_ENTRY_1,BOOK_EXIT_1,24183.8,24186.85,NIFTY21APR2624200PE,24200.0,PE,229.95,228.1,230.0,225.0,230.0,225.0,0.000217,0.001971,ws,ws,book_ladder,book_ladder,False,False,-0.05,3.1,65,-120.25,strategy_S9-10__TYPE_F:NIFTY:2026-04-15T11:12:50:SHORT
2026-04-15,11:13:50,2026-04-15,11:14:49,NIFTY,BUY,TYPE_F,BOOK_ENTRY_1,BOOK_EXIT_1,24185.55,24184.7,NIFTY21APR2624150CE,24150.0,CE,259.15,260.4,260.0,260.0,260.0,260.0,0.001738,0.001918,ws,ws,book_ladder,book_ladder,False,False,-0.85,0.4,65,81.25,strategy_S9-10__TYPE_F:NIFTY:2026-04-15T11:13:50:LONG
2026-04-15,11:15:00,2026-04-15,11:15:37,NIFTY,SELL,TYPE_F,BOOK_ENTRY_1,BOOK_EXIT_1,24183.55,24181.1,NIFTY21APR2624200PE,24200.0,PE,231.0,232.85,235.0,230.0,235.0,230.0,0.002167,0.001931,ws,ws,book_ladder,book_ladder,False,False,-4.0,2.85,65,120.25,strategy_S9-10__TYPE_F:NIFTY:2026-04-15T11:15:00:SHORT
2026-04-15,11:15:57,2026-04-15,11:18:43,NIFTY,BUY,TYPE_F,BOOK_ENTRY_1,BOOK_EXIT_1,24182.7,24202.95,NIFTY21APR2624150CE,24150.0,CE,259.8,265.25,260.0,265.0,260.0,265.0,0.000578,0.001695,ws,ws,book_ladder,book_ladder,False,False,-0.2,0.25,65,354.25,strategy_S9-10__TYPE_F:NIFTY:2026-04-15T11:15:57:LONG
2026-04-15,11:18:55,2026-04-15,11:20:05,NIFTY,SELL,TYPE_F,BOOK_ENTRY_1,BOOK_EXIT_1,24197.1,24189.5,NIFTY21APR2624200PE,24200.0,PE,224.55,230.1,225.0,230.0,225.0,230.0,0.002229,0.001954,ws,ws,book_ladder,book_ladder,False,False,-0.45,0.1,65,360.75,strategy_S9-10__TYPE_F:NIFTY:2026-04-15T11:18:55:SHORT
2026-04-15,11:20:35,2026-04-15,11:21:18,NIFTY,BUY,TYPE_F,BOOK_ENTRY_1,BOOK_EXIT_1,24192.35,24193.1,NIFTY21APR2624150CE,24150.0,CE,262.65,264.05,265.0,260.0,265.0,260.0,0.001905,0.002081,ws,ws,book_ladder,book_ladder,False,False,-2.35,4.05,65,91.0,strategy_S9-10__TYPE_F:NIFTY:2026-04-15T11:20:35:LONG
2026-04-15,11:21:20,2026-04-15,11:21:53,NIFTY,BUY,TYPE_F,BOOK_ENTRY_1,BOOK_EXIT_1,24194.85,24194.5,NIFTY21APR2624150CE,24150.0,CE,264.8,265.3,265.0,265.0,265.0,265.0,0.00189,0.002259,ws,ws,book_ladder,book_ladder,False,False,-0.2,0.3,65,32.5,strategy_S9-10__TYPE_F:NIFTY:2026-04-15T11:21:20:LONG
2026-04-15,11:22:02,2026-04-15,11:22:46,NIFTY,BUY,TYPE_F,BOOK_ENTRY_1,BOOK_EXIT_1,24197.2,24203.65,NIFTY21APR2624150CE,24150.0,CE,266.55,267.45,270.0,265.0,270.0,265.0,0.001878,0.002054,ws,ws,book_ladder,book_ladder,False,False,-3.45,2.45,65,58.5,strategy_S9-10__TYPE_F:NIFTY:2026-04-15T11:22:02:LONG
2026-04-15,11:23:36,2026-04-15,11:24:21,NIFTY,SELL,TYPE_F,BOOK_ENTRY_1,BOOK_EXIT_1,24197.2,24195.9,NIFTY21APR2624200PE,24200.0,PE,227.0,226.55,230.0,225.0,230.0,225.0,0.000881,0.001764,ws,ws,book_ladder,book_ladder,False,False,-3.0,1.55,65,-29.25,strategy_S9-10__TYPE_F:NIFTY:2026-04-15T11:23:36:SHORT
2026-04-15,11:24:32,2026-04-15,11:25:11,NIFTY,BUY,TYPE_F,BOOK_ENTRY_1,BOOK_EXIT_1,24197.15,24197.95,NIFTY21APR2624150CE,24150.0,CE,266.5,265.35,270.0,265.0,270.0,265.0,0.00169,0.002071,ws,ws,book_ladder,book_ladder,False,False,-3.5,0.35,65,-74.75,strategy_S9-10__TYPE_F:NIFTY:2026-04-15T11:24:32:LONG
2026-04-15,11:26:12,2026-04-15,11:27:09,NIFTY,SELL,TYPE_F,BOOK_ENTRY_1,BOOK_EXIT_1,24188.3,24184.05,NIFTY21APR2624200PE,24200.0,PE,227.4,229.6,230.0,225.0,230.0,225.0,0.00044,0.001741,ws,ws,book_ladder,book_ladder,False,False,-2.6,4.6,65,143.0,strategy_S9-10__TYPE_F:NIFTY:2026-04-15T11:26:12:SHORT
2026-04-15,11:27:33,2026-04-15,11:28:29,NIFTY,BUY,TYPE_F,BOOK_ENTRY_1,BOOK_EXIT_1,24186.4,24191.9,NIFTY21APR2624150CE,24150.0,CE,263.35,264.05,265.0,260.0,265.0,260.0,0.002091,0.001514,ws,ws,book_ladder,book_ladder,False,False,-1.65,4.05,65,45.5,strategy_S9-10__TYPE_F:NIFTY:2026-04-15T11:27:33:LONG
2026-04-15,11:29:14,2026-04-15,11:29:22,NIFTY,BUY,TYPE_F,BOOK_ENTRY_1,BOOK_EXIT_1,24190.2,24187.4,NIFTY21APR2624150CE,24150.0,CE,265.8,263.8,270.0,260.0,270.0,260.0,0.001883,0.002083,ws,ws,book_ladder,book_ladder,False,False,-4.2,3.8,65,-130.0,strategy_S9-10__TYPE_F:NIFTY:2026-04-15T11:29:14:LONG
2026-04-15,11:29:36,2026-04-15,11:30:03,NIFTY,SELL,TYPE_F,BOOK_ENTRY_1,BOOK_EXIT_1,24186.1,24189.25,NIFTY21APR2624200PE,24200.0,PE,228.55,227.75,230.0,225.0,230.0,225.0,0.001971,0.002412,ws,ws,book_ladder,book_ladder,False,False,-1.45,2.75,65,-52.0,strategy_S9-10__TYPE_F:NIFTY:2026-04-15T11:29:36:SHORT
2026-04-15,11:30:13,2026-04-15,11:30:19,NIFTY,SELL,TYPE_F,BOOK_ENTRY_1,BOOK_EXIT_1,24185.4,24188.75,NIFTY21APR2624200PE,24200.0,PE,228.7,226.5,230.0,225.0,230.0,225.0,0.000875,0.002205,ws,ws,book_ladder,book_ladder,False,False,-1.3,1.5,65,-143.0,strategy_S9-10__TYPE_F:NIFTY:2026-04-15T11:30:13:SHORT
2026-04-15,11:30:24,2026-04-15,11:30:53,NIFTY,BUY,TYPE_F,BOOK_ENTRY_1,BOOK_EXIT_1,24191.2,24190.6,NIFTY21APR2624150CE,24150.0,CE,265.45,265.0,270.0,265.0,270.0,265.0,0.001885,0.001885,ws,ws,book_ladder,book_ladder,False,False,-4.55,0.0,65,-29.25,strategy_S9-10__TYPE_F:NIFTY:2026-04-15T11:30:24:LONG
2026-04-15,11:31:05,2026-04-15,11:31:34,NIFTY,SELL,TYPE_F,BOOK_ENTRY_1,BOOK_EXIT_1,24187.9,24189.15,NIFTY21APR2624200PE,24200.0,PE,227.8,227.0,230.0,225.0,230.0,225.0,0.002417,0.001761,ws,ws,book_ladder,book_ladder,False,False,-2.2,2.0,65,-52.0,strategy_S9-10__TYPE_F:NIFTY:2026-04-15T11:31:05:SHORT
2026-04-15,11:31:43,2026-04-15,11:32:09,NIFTY,BUY,TYPE_F,BOOK_ENTRY_1,BOOK_EXIT_1,24190.65,24189.55,NIFTY21APR2624150CE,24150.0,CE,265.35,264.1,270.0,260.0,270.0,260.0,0.001697,0.00208,ws,ws,book_ladder,book_ladder,False,False,-4.65,4.1,65,-81.25,strategy_S9-10__TYPE_F:NIFTY:2026-04-15T11:31:43:LONG
2026-04-15,11:32:12,2026-04-15,11:32:20,NIFTY,SELL,TYPE_F,BOOK_ENTRY_1,BOOK_EXIT_1,24188.55,24190.1,NIFTY21APR2624200PE,24200.0,PE,228.25,227.1,230.0,225.0,230.0,225.0,0.000657,0.00132,ws,ws,book_ladder,book_ladder,False,False,-1.75,2.1,65,-74.75,strategy_S9-10__TYPE_F:NIFTY:2026-04-15T11:32:12:SHORT
2026-04-15,11:32:44,2026-04-15,11:33:33,NIFTY,SELL,TYPE_F,BOOK_ENTRY_1,BOOK_EXIT_1,24187.5,24188.5,NIFTY21APR2624200PE,24200.0,PE,228.8,227.5,230.0,225.0,230.0,225.0,0.000875,0.000879,ws,ws,book_ladder,book_ladder,False,False,-1.2,2.5,65,-84.5,strategy_S9-10__TYPE_F:NIFTY:2026-04-15T11:32:44:SHORT
2026-04-15,11:33:48,2026-04-15,11:34:20,NIFTY,SELL,TYPE_F,BOOK_ENTRY_1,BOOK_EXIT_1,24185.1,24187.35,NIFTY21APR2624200PE,24200.0,PE,227.7,226.3,230.0,225.0,230.0,225.0,0.001978,0.001104,ws,ws,book_ladder,book_ladder,False,False,-2.3,1.3,65,-91.0,strategy_S9-10__TYPE_F:NIFTY:2026-04-15T11:33:48:SHORT
2026-04-15,11:34:30,2026-04-15,11:36:43,NIFTY,BUY,TYPE_F,BOOK_ENTRY_1,BOOK_EXIT_1,24187.7,24195.9,NIFTY21APR2624150CE,24150.0,CE,263.95,265.7,265.0,265.0,265.0,265.0,0.001706,0.002631,ws,ws,book_ladder,book_ladder,False,False,-1.05,0.7,65,113.75,strategy_S9-10__TYPE_F:NIFTY:2026-04-15T11:34:30:LONG
2026-04-15,11:37:01,2026-04-15,11:38:10,NIFTY,BUY,TYPE_F,BOOK_ENTRY_1,BOOK_EXIT_1,24198.35,24198.5,NIFTY21APR2624150CE,24150.0,CE,266.95,267.2,270.0,265.0,270.0,265.0,0.000937,0.002056,ws,ws,book_ladder,book_ladder,False,False,-3.05,2.2,65,16.25,strategy_S9-10__TYPE_F:NIFTY:2026-04-15T11:37:01:LONG
2026-04-15,11:38:31,2026-04-15,11:39:00,NIFTY,BUY,TYPE_F,BOOK_ENTRY_1,BOOK_EXIT_1,24201.25,24199.2,NIFTY21APR2624200CE,24200.0,CE,238.8,237.6,240.0,235.0,240.0,235.0,0.001676,0.00021,ws,ws,book_ladder,book_ladder,False,False,-1.2,2.6,65,-78.0,strategy_S9-10__TYPE_F:NIFTY:2026-04-15T11:38:31:LONG
2026-04-15,11:39:33,2026-04-15,11:40:00,NIFTY,SELL,TYPE_F,BOOK_ENTRY_1,BOOK_EXIT_1,24197.7,24200.4,NIFTY21APR2624200PE,24200.0,PE,223.7,221.25,225.0,220.0,225.0,220.0,0.00179,0.000904,ws,ws,book_ladder,book_ladder,False,False,-1.3,1.25,65,-159.25,strategy_S9-10__TYPE_F:NIFTY:2026-04-15T11:39:33:SHORT
2026-04-15,11:40:42,2026-04-15,11:40:59,NIFTY,SELL,TYPE_F,BOOK_ENTRY_1,BOOK_EXIT_1,24197.25,24198.65,NIFTY21APR2624200PE,24200.0,PE,222.6,222.1,225.0,220.0,225.0,220.0,0.001349,0.000675,ws,ws,book_ladder,book_ladder,False,False,-2.4,2.1,65,-32.5,strategy_S9-10__TYPE_F:NIFTY:2026-04-15T11:40:42:SHORT
2026-04-15,11:41:20,2026-04-15,11:41:43,NIFTY,BUY,TYPE_F,BOOK_ENTRY_1,BOOK_EXIT_2,24201.9,24202.5,NIFTY21APR2624200CE,24200.0,CE,240.0,239.85,240.0,240.0,240.0,235.0,0.002086,0.002082,ws,ws,book_ladder,book_ladder,False,True,0.0,-0.15,65,-9.75,strategy_S9-10__TYPE_F:NIFTY:2026-04-15T11:41:20:LONG
2026-04-15,11:42:11,2026-04-15,11:42:32,NIFTY,SELL,TYPE_F,BOOK_ENTRY_1,BOOK_EXIT_1,24201.3,24204.15,NIFTY21APR2624250PE,24250.0,PE,243.4,242.0,245.0,240.0,245.0,240.0,0.001645,0.002064,ws,ws,book_ladder,book_ladder,False,False,-1.6,2.0,65,-91.0,strategy_S9-10__TYPE_F:NIFTY:2026-04-15T11:42:11:SHORT
2026-04-15,11:43:02,2026-04-15,11:43:47,NIFTY,BUY,TYPE_F,BOOK_ENTRY_1,BOOK_EXIT_1,24206.65,24205.95,NIFTY21APR2624200CE,24200.0,CE,242.4,243.15,245.0,240.0,245.0,240.0,0.001445,0.002054,ws,ws,book_ladder,book_ladder,False,False,-2.6,3.15,65,48.75,strategy_S9-10__TYPE_F:NIFTY:2026-04-15T11:43:02:LONG
2026-04-15,11:44:14,2026-04-15,11:44:25,NIFTY,SELL,TYPE_F,BOOK_ENTRY_1,BOOK_EXIT_1,24206.25,24208.4,NIFTY21APR2624250PE,24250.0,PE,239.55,237.55,240.0,235.0,240.0,235.0,0.002089,0.001893,ws,ws,book_ladder,book_ladder,False,False,-0.45,2.55,65,-130.0,strategy_S9-10__TYPE_F:NIFTY:2026-04-15T11:44:14:SHORT
2026-04-15,11:44:35,2026-04-15,11:45:26,NIFTY,BUY,TYPE_F,BOOK_ENTRY_1,BOOK_EXIT_1,24209.35,24208.6,NIFTY21APR2624200CE,24200.0,CE,243.0,242.5,245.0,240.0,245.0,240.0,0.001854,0.001236,ws,ws,book_ladder,book_ladder,False,False,-2.0,2.5,65,-32.5,strategy_S9-10__TYPE_F:NIFTY:2026-04-15T11:44:35:LONG
2026-04-15,11:45:30,2026-04-15,11:45:50,NIFTY,SELL,TYPE_F,BOOK_ENTRY_1,BOOK_EXIT_1,24207.35,24204.85,NIFTY21APR2624250PE,24250.0,PE,239.3,240.9,240.0,240.0,240.0,240.0,0.000836,0.002281,ws,ws,book_ladder,book_ladder,False,False,-0.7,0.9,65,104.0,strategy_S9-10__TYPE_F:NIFTY:2026-04-15T11:45:30:SHORT
2026-04-15,11:46:50,2026-04-15,11:47:07,NIFTY,BUY,TYPE_F,BOOK_ENTRY_1,BOOK_EXIT_1,24206.25,24203.45,NIFTY21APR2624200CE,24200.0,CE,242.4,241.5,245.0,240.0,245.0,240.0,0.001652,0.002481,ws,ws,book_ladder,book_ladder,False,False,-2.6,1.5,65,-58.5,strategy_S9-10__TYPE_F:NIFTY:2026-04-15T11:46:50:LONG
2026-04-15,11:47:12,2026-04-15,11:47:31,NIFTY,SELL,TYPE_F,BOOK_ENTRY_1,BOOK_EXIT_1,24202.9,24205.8,NIFTY21APR2624250PE,24250.0,PE,241.15,238.55,245.0,235.0,245.0,235.0,0.00166,0.000419,ws,ws,book_ladder,book_ladder,False,False,-3.85,3.55,65,-169.0,strategy_S9-10__TYPE_F:NIFTY:2026-04-15T11:47:12:SHORT
2026-04-15,11:47:40,2026-04-15,11:49:15,NIFTY,BUY,TYPE_F,BOOK_ENTRY_1,BOOK_EXIT_1,24206.95,24217.75,NIFTY21APR2624200CE,24200.0,CE,243.3,249.15,245.0,245.0,245.0,245.0,0.001234,0.002405,ws,ws,book_ladder,book_ladder,False,False,-1.7,4.15,65,380.25,strategy_S9-10__TYPE_F:NIFTY:2026-04-15T11:47:40:LONG
2026-04-15,11:50:42,2026-04-15,11:51:13,NIFTY,SELL,TYPE_F,BOOK_ENTRY_1,BOOK_EXIT_1,24219.65,24221.0,NIFTY21APR2624250PE,24250.0,PE,228.0,226.4,230.0,225.0,230.0,225.0,0.001536,0.001545,ws,ws,book_ladder,book_ladder,False,False,-2.0,1.4,65,-104.0,strategy_S9-10__TYPE_F:NIFTY:2026-04-15T11:50:42:SHORT
2026-04-15,11:51:20,2026-04-15,11:51:43,NIFTY,BUY,TYPE_F,BOOK_ENTRY_1,BOOK_EXIT_1,24222.0,24222.4,NIFTY21APR2624200CE,24200.0,CE,250.7,250.3,255.0,250.0,255.0,250.0,0.002396,0.001597,ws,ws,book_ladder,book_ladder,False,False,-4.3,0.3,65,-26.0,strategy_S9-10__TYPE_F:NIFTY:2026-04-15T11:51:20:LONG
2026-04-15,11:51:50,2026-04-15,11:51:55,NIFTY,BUY,TYPE_F,BOOK_ENTRY_1,BOOK_EXIT_1,24224.5,24222.45,NIFTY21APR2624200CE,24200.0,CE,250.8,250.1,255.0,250.0,255.0,250.0,0.002195,0.002197,ws,ws,book_ladder,book_ladder,False,False,-4.2,0.1,65,-45.5,strategy_S9-10__TYPE_F:NIFTY:2026-04-15T11:51:50:LONG
2026-04-15,11:52:12,2026-04-15,11:54:01,NIFTY,SELL,TYPE_F,BOOK_ENTRY_1,BOOK_EXIT_1,24220.2,24217.55,NIFTY21APR2624250PE,24250.0,PE,228.15,228.6,230.0,225.0,230.0,225.0,0.001974,0.000219,ws,ws,book_ladder,book_ladder,False,False,-1.85,3.6,65,29.25,strategy_S9-10__TYPE_F:NIFTY:2026-04-15T11:52:12:SHORT
2026-04-15,11:54:20,2026-04-15,11:54:54,NIFTY,BUY,TYPE_F,BOOK_ENTRY_1,BOOK_EXIT_1,24220.45,24222.8,NIFTY21APR2624200CE,24200.0,CE,249.45,249.45,250.0,245.0,250.0,245.0,0.001404,0.002402,ws,ws,book_ladder,book_ladder,False,False,-0.55,4.45,65,0.0,strategy_S9-10__TYPE_F:NIFTY:2026-04-15T11:54:20:LONG
2026-04-15,11:55:14,2026-04-15,11:55:35,NIFTY,SELL,TYPE_F,BOOK_ENTRY_1,BOOK_EXIT_1,24217.25,24221.85,NIFTY21APR2624250PE,24250.0,PE,228.0,226.0,230.0,225.0,230.0,225.0,0.001317,0.001547,ws,ws,book_ladder,book_ladder,False,False,-2.0,1.0,65,-130.0,strategy_S9-10__TYPE_F:NIFTY:2026-04-15T11:55:14:SHORT
2026-04-15,11:55:40,2026-04-15,11:56:01,NIFTY,SELL,TYPE_F,BOOK_ENTRY_1,BOOK_EXIT_1,24219.45,24221.7,NIFTY21APR2624250PE,24250.0,PE,225.7,226.15,230.0,225.0,230.0,225.0,0.001552,0.001988,ws,ws,book_ladder,book_ladder,False,False,-4.3,1.15,65,29.25,strategy_S9-10__TYPE_F:NIFTY:2026-04-15T11:55:40:SHORT
2026-04-15,11:56:18,2026-04-15,11:56:26,NIFTY,SELL,TYPE_F,BOOK_ENTRY_1,BOOK_EXIT_1,24219.45,24220.65,NIFTY21APR2624250PE,24250.0,PE,227.3,225.6,230.0,225.0,230.0,225.0,0.001761,0.001993,ws,ws,book_ladder,book_ladder,False,False,-2.7,0.6,65,-110.5,strategy_S9-10__TYPE_F:NIFTY:2026-04-15T11:56:18:SHORT
2026-04-15,11:56:32,2026-04-15,11:56:47,NIFTY,BUY,TYPE_F,BOOK_ENTRY_1,BOOK_EXIT_1,24222.25,24220.3,NIFTY21APR2624200CE,24200.0,CE,250.2,248.7,255.0,245.0,255.0,245.0,0.0002,0.002008,ws,ws,book_ladder,book_ladder,False,False,-4.8,3.7,65,-97.5,strategy_S9-10__TYPE_F:NIFTY:2026-04-15T11:56:32:LONG
2026-04-15,11:57:10,2026-04-15,11:57:35,NIFTY,SELL,TYPE_F,BOOK_ENTRY_1,BOOK_EXIT_1,24217.2,24219.75,NIFTY21APR2624250PE,24250.0,PE,226.45,227.1,230.0,225.0,230.0,225.0,0.002432,0.00198,ws,ws,book_ladder,book_ladder,False,False,-3.55,2.1,65,42.25,strategy_S9-10__TYPE_F:NIFTY:2026-04-15T11:57:10:SHORT
2026-04-15,11:57:41,2026-04-15,11:57:50,NIFTY,BUY,TYPE_F,BOOK_ENTRY_1,BOOK_EXIT_1,24221.3,24218.95,NIFTY21APR2624200CE,24200.0,CE,249.4,248.3,250.0,245.0,250.0,245.0,0.001605,0.002213,ws,ws,book_ladder,book_ladder,False,False,-0.6,3.3,65,-71.5,strategy_S9-10__TYPE_F:NIFTY:2026-04-15T11:57:41:LONG
2026-04-15,11:58:00,2026-04-15,11:58:26,NIFTY,SELL,TYPE_F,BOOK_ENTRY_1,BOOK_EXIT_1,24215.25,24217.7,NIFTY21APR2624250PE,24250.0,PE,229.0,227.65,230.0,225.0,230.0,225.0,0.000437,0.001975,ws,ws,book_ladder,book_ladder,False,False,-1.0,2.65,65,-87.75,strategy_S9-10__TYPE_F:NIFTY:2026-04-15T11:58:00:SHORT
2026-04-15,11:58:55,2026-04-15,11:59:20,NIFTY,SELL,TYPE_F,BOOK_ENTRY_1,BOOK_EXIT_1,24214.6,24217.6,NIFTY21APR2624250PE,24250.0,PE,229.9,228.35,230.0,225.0,230.0,225.0,0.002177,0.002187,ws,ws,book_ladder,book_ladder,False,False,-0.1,3.35,65,-100.75,strategy_S9-10__TYPE_F:NIFTY:2026-04-15T11:58:55:SHORT
2026-04-15,11:59:46,2026-04-15,12:00:34,NIFTY,BUY,TYPE_F,BOOK_ENTRY_1,BOOK_EXIT_1,24217.5,24221.0,NIFTY21APR2624200CE,24200.0,CE,247.0,249.8,250.0,245.0,250.0,245.0,0.001621,0.002,ws,ws,book_ladder,book_ladder,False,False,-3.0,4.8,65,182.0,strategy_S9-10__TYPE_F:NIFTY:2026-04-15T11:59:46:LONG
2026-04-15,12:00:50,2026-04-15,12:01:11,NIFTY,BUY,TYPE_F,BOOK_ENTRY_1,BOOK_EXIT_1,24223.7,24222.75,NIFTY21APR2624200CE,24200.0,CE,250.0,248.0,250.0,245.0,250.0,245.0,0.001001,0.002014,ws,ws,book_ladder,book_ladder,False,False,0.0,3.0,65,-130.0,strategy_S9-10__TYPE_F:NIFTY:2026-04-15T12:00:50:LONG
2026-04-15,12:01:46,2026-04-15,12:02:17,NIFTY,SELL,TYPE_F,BOOK_ENTRY_1,BOOK_EXIT_1,24221.3,24222.1,NIFTY21APR2624250PE,24250.0,PE,226.4,224.55,230.0,220.0,230.0,220.0,0.00199,0.001557,ws,ws,book_ladder,book_ladder,False,False,-3.6,4.55,65,-120.25,strategy_S9-10__TYPE_F:NIFTY:2026-04-15T12:01:46:SHORT
2026-04-15,12:02:20,2026-04-15,12:02:34,NIFTY,BUY,TYPE_F,BOOK_ENTRY_1,BOOK_EXIT_1,24223.9,24221.8,NIFTY21APR2624200CE,24200.0,CE,249.1,247.5,250.0,245.0,250.0,245.0,0.002412,0.002018,ws,ws,book_ladder,book_ladder,False,False,-0.9,2.5,65,-104.0,strategy_S9-10__TYPE_F:NIFTY:2026-04-15T12:02:20:LONG
2026-04-15,12:02:54,2026-04-15,12:03:17,NIFTY,BUY,TYPE_F,BOOK_ENTRY_1,BOOK_EXIT_1,24224.65,24223.7,NIFTY21APR2624200CE,24200.0,CE,248.9,248.95,250.0,245.0,250.0,245.0,0.000402,0.000803,ws,ws,book_ladder,book_ladder,False,False,-1.1,3.95,65,3.25,strategy_S9-10__TYPE_F:NIFTY:2026-04-15T12:02:54:LONG
2026-04-15,12:03:24,2026-04-15,12:03:50,NIFTY,SELL,TYPE_F,BOOK_ENTRY_1,BOOK_EXIT_1,24222.0,24224.25,NIFTY21APR2624250PE,24250.0,PE,225.75,224.8,230.0,220.0,230.0,220.0,0.00133,0.000667,ws,ws,book_ladder,book_ladder,False,False,-4.25,4.8,65,-61.75,strategy_S9-10__TYPE_F:NIFTY:2026-04-15T12:03:24:SHORT
2026-04-15,12:04:29,2026-04-15,12:04:56,NIFTY,BUY,TYPE_F,BOOK_ENTRY_1,BOOK_EXIT_1,24226.85,24228.75,NIFTY21APR2624200CE,24200.0,CE,249.75,251.6,250.0,250.0,250.0,250.0,0.001603,0.001589,ws,ws,book_ladder,book_ladder,False,False,-0.25,1.6,65,120.25,strategy_S9-10__TYPE_F:NIFTY:2026-04-15T12:04:29:LONG
2026-04-15,12:05:27,2026-04-15,12:05:35,NIFTY,SELL,TYPE_F,BOOK_ENTRY_1,BOOK_EXIT_1,24228.05,24231.0,NIFTY21APR2624250PE,24250.0,PE,224.0,223.5,225.0,220.0,225.0,220.0,0.002011,0.001565,ws,ws,book_ladder,book_ladder,False,False,-1.0,3.5,65,-32.5,strategy_S9-10__TYPE_F:NIFTY:2026-04-15T12:05:27:SHORT
2026-04-15,12:05:40,2026-04-15,12:06:20,NIFTY,SELL,TYPE_F,BOOK_ENTRY_1,BOOK_EXIT_1,24228.4,24224.95,NIFTY21APR2624250PE,24250.0,PE,224.45,225.5,225.0,225.0,225.0,225.0,0.002007,0.002436,ws,ws,book_ladder,book_ladder,False,False,-0.55,0.5,65,68.25,strategy_S9-10__TYPE_F:NIFTY:2026-04-15T12:05:40:SHORT
2026-04-15,12:06:34,2026-04-15,12:06:57,NIFTY,BUY,TYPE_F,BOOK_ENTRY_1,BOOK_EXIT_1,24226.85,24223.9,NIFTY21APR2624200CE,24200.0,CE,251.5,250.75,255.0,250.0,255.0,250.0,0.002189,0.001395,ws,ws,book_ladder,book_ladder,False,False,-3.5,0.75,65,-48.75,strategy_S9-10__TYPE_F:NIFTY:2026-04-15T12:06:34:LONG
2026-04-15,12:08:11,2026-04-15,12:08:35,NIFTY,SELL,TYPE_F,BOOK_ENTRY_1,BOOK_EXIT_1,24221.65,24223.4,NIFTY21APR2624250PE,24250.0,PE,225.65,224.75,230.0,220.0,230.0,220.0,0.001552,0.000667,ws,ws,book_ladder,book_ladder,False,False,-4.35,4.75,65,-58.5,strategy_S9-10__TYPE_F:NIFTY:2026-04-15T12:08:11:SHORT
2026-04-15,12:08:44,2026-04-15,12:09:08,NIFTY,BUY,TYPE_F,BOOK_ENTRY_1,BOOK_EXIT_1,24224.1,24222.05,NIFTY21APR2624200CE,24200.0,CE,250.35,250.5,255.0,250.0,255.0,250.0,0.000999,0.001396,ws,ws,book_ladder,book_ladder,False,False,-4.65,0.5,65,9.75,strategy_S9-10__TYPE_F:NIFTY:2026-04-15T12:08:44:LONG
2026-04-15,12:09:20,2026-04-15,12:10:44,NIFTY,BUY,TYPE_F,BOOK_ENTRY_1,BOOK_EXIT_1,24225.7,24229.3,NIFTY21APR2624200CE,24200.0,CE,251.25,252.55,255.0,250.0,255.0,250.0,0.000796,0.000792,ws,ws,book_ladder,book_ladder,False,False,-3.75,2.55,65,84.5,strategy_S9-10__TYPE_F:NIFTY:2026-04-15T12:09:20:LONG
2026-04-15,12:11:05,2026-04-15,12:11:16,NIFTY,BUY,TYPE_F,BOOK_ENTRY_1,BOOK_EXIT_1,24233.5,24232.6,NIFTY21APR2624200CE,24200.0,CE,252.25,252.35,255.0,250.0,255.0,250.0,0.000595,0.002375,ws,ws,book_ladder,book_ladder,False,False,-2.75,2.35,65,6.5,strategy_S9-10__TYPE_F:NIFTY:2026-04-15T12:11:05:LONG
2026-04-15,12:11:20,2026-04-15,12:11:28,NIFTY,BUY,TYPE_F,BOOK_ENTRY_1,BOOK_EXIT_1,24234.55,24232.5,NIFTY21APR2624200CE,24200.0,CE,252.7,252.0,255.0,250.0,255.0,250.0,0.001782,0.001586,ws,ws,book_ladder,book_ladder,False,False,-2.3,2.0,65,-45.5,strategy_S9-10__TYPE_F:NIFTY:2026-04-15T12:11:20:LONG
2026-04-15,12:12:18,2026-04-15,12:12:33,NIFTY,SELL,TYPE_F,BOOK_ENTRY_1,BOOK_EXIT_1,24231.2,24232.0,NIFTY21APR2624250PE,24250.0,PE,223.0,222.0,225.0,220.0,225.0,220.0,0.000897,0.0018,ws,ws,book_ladder,book_ladder,False,False,-2.0,2.0,65,-65.0,strategy_S9-10__TYPE_F:NIFTY:2026-04-15T12:12:18:SHORT
2026-04-15,12:12:44,2026-04-15,12:12:56,NIFTY,BUY,TYPE_F,BOOK_ENTRY_1,BOOK_EXIT_1,24234.1,24230.25,NIFTY21APR2624200CE,24200.0,CE,252.7,252.1,255.0,250.0,255.0,250.0,0.001584,0.002575,ws,ws,book_ladder,book_ladder,False,False,-2.3,2.1,65,-39.0,strategy_S9-10__TYPE_F:NIFTY:2026-04-15T12:12:44:LONG
2026-04-15,12:13:06,2026-04-15,12:14:05,NIFTY,SELL,TYPE_F,BOOK_ENTRY_1,BOOK_EXIT_2,24229.15,24228.15,NIFTY21APR2624250PE,24250.0,PE,222.35,224.95,225.0,225.0,225.0,220.0,0.002026,0.001333,ws,ws,book_ladder,book_ladder,False,True,-2.65,-0.05,65,169.0,strategy_S9-10__TYPE_F:NIFTY:2026-04-15T12:13:06:SHORT
2026-04-15,12:14:35,2026-04-15,12:14:51,NIFTY,BUY,TYPE_F,BOOK_ENTRY_1,BOOK_EXIT_1,24228.2,24226.9,NIFTY21APR2624200CE,24200.0,CE,251.0,250.55,255.0,250.0,255.0,250.0,0.001395,0.001396,ws,ws,book_ladder,book_ladder,False,False,-4.0,0.55,65,-29.25,strategy_S9-10__TYPE_F:NIFTY:2026-04-15T12:14:35:LONG
2026-04-15,12:15:17,2026-04-15,12:15:40,NIFTY,BUY,TYPE_F,BOOK_ENTRY_1,BOOK_EXIT_1,24228.8,24228.5,NIFTY21APR2624200CE,24200.0,CE,250.75,251.05,255.0,250.0,255.0,250.0,0.001996,0.00199,ws,ws,book_ladder,book_ladder,False,False,-4.25,1.05,65,19.5,strategy_S9-10__TYPE_F:NIFTY:2026-04-15T12:15:17:LONG
2026-04-15,12:15:50,2026-04-15,12:16:26,NIFTY,BUY,TYPE_F,BOOK_ENTRY_1,BOOK_EXIT_1,24231.55,24230.35,NIFTY21APR2624200CE,24200.0,CE,251.85,251.2,255.0,250.0,255.0,250.0,0.002186,0.001988,ws,ws,book_ladder,book_ladder,False,False,-3.15,1.2,65,-42.25,strategy_S9-10__TYPE_F:NIFTY:2026-04-15T12:15:50:LONG
2026-04-15,12:16:50,2026-04-15,12:17:12,NIFTY,BUY,TYPE_F,BOOK_ENTRY_1,BOOK_EXIT_1,24233.25,24229.05,NIFTY21APR2624200CE,24200.0,CE,251.3,251.55,255.0,250.0,255.0,250.0,0.00239,0.001787,ws,ws,book_ladder,book_ladder,False,False,-3.7,1.55,65,16.25,strategy_S9-10__TYPE_F:NIFTY:2026-04-15T12:16:50:LONG
2026-04-15,12:17:40,2026-04-15,12:18:50,NIFTY,SELL,TYPE_F,BOOK_ENTRY_1,BOOK_EXIT_1,24229.5,24218.3,NIFTY21APR2624250PE,24250.0,PE,224.9,230.9,225.0,230.0,225.0,230.0,0.00178,0.002163,ws,ws,book_ladder,book_ladder,False,False,-0.1,0.9,65,390.0,strategy_S9-10__TYPE_F:NIFTY:2026-04-15T12:17:40:SHORT
2026-04-15,12:19:30,2026-04-15,12:19:35,NIFTY,SELL,TYPE_F,BOOK_ENTRY_1,BOOK_EXIT_1,24216.85,24220.15,NIFTY21APR2624250PE,24250.0,PE,231.4,230.65,235.0,230.0,235.0,230.0,0.00238,0.001733,ws,ws,book_ladder,book_ladder,False,False,-3.6,0.65,65,-48.75,strategy_S9-10__TYPE_F:NIFTY:2026-04-15T12:19:30:SHORT
2026-04-15,12:20:20,2026-04-15,12:20:43,NIFTY,BUY,TYPE_F,BOOK_ENTRY_1,BOOK_EXIT_1,24221.1,24219.15,NIFTY21APR2624200CE,24200.0,CE,246.8,244.45,250.0,240.0,250.0,240.0,0.002434,0.002043,ws,ws,book_ladder,book_ladder,False,False,-3.2,4.45,65,-152.75,strategy_S9-10__TYPE_F:NIFTY:2026-04-15T12:20:20:LONG
2026-04-15,12:20:58,2026-04-15,12:21:50,NIFTY,SELL,TYPE_F,BOOK_ENTRY_1,BOOK_EXIT_1,24217.2,24208.7,NIFTY21APR2624250PE,24250.0,PE,231.7,238.2,235.0,235.0,235.0,235.0,0.001512,0.001259,ws,ws,book_ladder,book_ladder,False,False,-3.3,3.2,65,422.5,strategy_S9-10__TYPE_F:NIFTY:2026-04-15T12:20:58:SHORT
2026-04-15,12:22:09,2026-04-15,12:22:20,NIFTY,SELL,TYPE_F,BOOK_ENTRY_1,BOOK_EXIT_1,24205.05,24206.25,NIFTY21APR2624250PE,24250.0,PE,239.4,239.75,240.0,235.0,240.0,235.0,0.001672,0.000625,ws,ws,book_ladder,book_ladder,False,False,-0.6,4.75,65,22.75,strategy_S9-10__TYPE_F:NIFTY:2026-04-15T12:22:09:SHORT
2026-04-15,12:22:41,2026-04-15,12:22:50,NIFTY,SELL,TYPE_F,BOOK_ENTRY_1,BOOK_EXIT_1,24200.95,24203.85,NIFTY21APR2624250PE,24250.0,PE,241.9,240.0,245.0,240.0,245.0,240.0,0.002276,0.001457,ws,ws,book_ladder,book_ladder,False,False,-3.1,0.0,65,-123.5,strategy_S9-10__TYPE_F:NIFTY:2026-04-15T12:22:41:SHORT
2026-04-15,12:23:05,2026-04-15,12:23:44,NIFTY,BUY,TYPE_F,BOOK_ENTRY_1,BOOK_EXIT_1,24205.85,24209.6,NIFTY21APR2624200CE,24200.0,CE,237.9,239.7,240.0,235.0,240.0,235.0,0.001683,0.001251,ws,ws,book_ladder,book_ladder,False,False,-2.1,4.7,65,117.0,strategy_S9-10__TYPE_F:NIFTY:2026-04-15T12:23:05:LONG
2026-04-15,12:25:20,2026-04-15,12:25:25,NIFTY,BUY,TYPE_F,BOOK_ENTRY_1,BOOK_EXIT_1,24224.9,24222.95,NIFTY21APR2624200CE,24200.0,CE,243.5,242.85,245.0,240.0,245.0,240.0,0.002261,0.002057,ws,ws,book_ladder,book_ladder,False,False,-1.5,2.85,65,-42.25,strategy_S9-10__TYPE_F:NIFTY:2026-04-15T12:25:20:LONG
2026-04-15,12:25:50,2026-04-15,12:25:57,NIFTY,BUY,TYPE_F,BOOK_ENTRY_1,BOOK_EXIT_1,24225.05,24223.5,NIFTY21APR2624200CE,24200.0,CE,244.25,243.45,245.0,240.0,245.0,240.0,0.001844,0.002257,ws,ws,book_ladder,book_ladder,False,False,-0.75,3.45,65,-52.0,strategy_S9-10__TYPE_F:NIFTY:2026-04-15T12:25:50:LONG
2026-04-15,12:26:20,2026-04-15,12:26:43,NIFTY,BUY,TYPE_F,BOOK_ENTRY_1,BOOK_EXIT_1,24224.1,24222.45,NIFTY21APR2624200CE,24200.0,CE,242.8,244.45,245.0,240.0,245.0,240.0,0.001649,0.001839,ws,ws,book_ladder,book_ladder,False,False,-2.2,4.45,65,107.25,strategy_S9-10__TYPE_F:NIFTY:2026-04-15T12:26:20:LONG
2026-04-15,12:28:07,2026-04-15,12:28:37,NIFTY,SELL,TYPE_F,BOOK_ENTRY_1,BOOK_EXIT_1,24224.45,24225.0,NIFTY21APR2624250PE,24250.0,PE,226.7,227.25,230.0,225.0,230.0,225.0,0.001987,0.002198,ws,ws,book_ladder,book_ladder,False,False,-3.3,2.25,65,35.75,strategy_S9-10__TYPE_F:NIFTY:2026-04-15T12:28:07:SHORT
2026-04-15,12:29:31,2026-04-15,12:29:50,NIFTY,SELL,TYPE_F,BOOK_ENTRY_1,BOOK_EXIT_1,24223.85,24223.45,NIFTY21APR2624250PE,24250.0,PE,228.05,228.45,230.0,225.0,230.0,225.0,0.001975,0.001968,ws,ws,book_ladder,book_ladder,False,False,-1.95,3.45,65,26.0,strategy_S9-10__TYPE_F:NIFTY:2026-04-15T12:29:31:SHORT
2026-04-15,12:31:23,2026-04-15,12:31:31,NIFTY,SELL,TYPE_F,BOOK_ENTRY_1,BOOK_EXIT_1,24216.45,24218.75,NIFTY21APR2624250PE,24250.0,PE,229.65,230.6,230.0,230.0,230.0,230.0,0.001525,0.002166,ws,ws,book_ladder,book_ladder,False,False,-0.35,0.6,65,61.75,strategy_S9-10__TYPE_F:NIFTY:2026-04-15T12:31:23:SHORT
2026-04-15,12:31:49,2026-04-15,12:32:05,NIFTY,SELL,TYPE_F,BOOK_ENTRY_1,BOOK_EXIT_1,24216.5,24217.25,NIFTY21APR2624250PE,24250.0,PE,233.35,230.9,235.0,230.0,235.0,230.0,0.001716,0.001082,ws,ws,book_ladder,book_ladder,False,False,-1.65,0.9,65,-159.25,strategy_S9-10__TYPE_F:NIFTY:2026-04-15T12:31:49:SHORT
2026-04-15,12:32:11,2026-04-15,12:32:27,NIFTY,SELL,TYPE_F,BOOK_ENTRY_1,BOOK_EXIT_1,24213.95,24217.05,NIFTY21APR2624250PE,24250.0,PE,231.95,231.2,235.0,230.0,235.0,230.0,0.001726,0.001944,ws,ws,book_ladder,book_ladder,False,False,-3.05,1.2,65,-48.75,strategy_S9-10__TYPE_F:NIFTY:2026-04-15T12:32:11:SHORT
2026-04-15,12:32:42,2026-04-15,12:33:05,NIFTY,SELL,TYPE_F,BOOK_ENTRY_1,BOOK_EXIT_1,24213.6,24216.65,NIFTY21APR2624250PE,24250.0,PE,232.95,232.45,235.0,230.0,235.0,230.0,0.001504,0.002149,ws,ws,book_ladder,book_ladder,False,False,-2.05,2.45,65,-32.5,strategy_S9-10__TYPE_F:NIFTY:2026-04-15T12:32:42:SHORT
2026-04-15,12:33:30,2026-04-15,12:33:49,NIFTY,BUY,TYPE_F,BOOK_ENTRY_1,BOOK_EXIT_1,24218.05,24216.2,NIFTY21APR2624200CE,24200.0,CE,240.55,239.05,245.0,235.0,245.0,235.0,0.002081,0.002089,ws,ws,book_ladder,book_ladder,False,False,-4.45,4.05,65,-97.5,strategy_S9-10__TYPE_F:NIFTY:2026-04-15T12:33:30:LONG
2026-04-15,12:34:02,2026-04-15,12:34:20,NIFTY,SELL,TYPE_F,BOOK_ENTRY_1,BOOK_EXIT_1,24214.65,24215.7,NIFTY21APR2624250PE,24250.0,PE,233.7,232.7,235.0,230.0,235.0,230.0,0.001499,0.000644,ws,ws,book_ladder,book_ladder,False,False,-1.3,2.7,65,-65.0,strategy_S9-10__TYPE_F:NIFTY:2026-04-15T12:34:02:SHORT
2026-04-15,12:34:48,2026-04-15,12:35:10,NIFTY,BUY,TYPE_F,BOOK_ENTRY_1,BOOK_EXIT_1,24215.9,24215.85,NIFTY21APR2624200CE,24200.0,CE,240.9,241.2,245.0,240.0,245.0,240.0,0.002286,0.001864,ws,ws,book_ladder,book_ladder,False,False,-4.1,1.2,65,19.5,strategy_S9-10__TYPE_F:NIFTY:2026-04-15T12:34:48:LONG
2026-04-15,12:35:25,2026-04-15,12:37:02,NIFTY,BUY,TYPE_F,BOOK_ENTRY_1,BOOK_EXIT_1,24219.1,24229.5,NIFTY21APR2624200CE,24200.0,CE,242.8,245.0,245.0,245.0,245.0,245.0,0.000824,0.002446,ws,ws,book_ladder,book_ladder,False,False,-2.2,0.0,65,143.0,strategy_S9-10__TYPE_F:NIFTY:2026-04-15T12:35:25:LONG
2026-04-15,12:37:50,2026-04-15,12:39:26,NIFTY,BUY,TYPE_F,BOOK_ENTRY_1,BOOK_EXIT_1,24232.35,24234.8,NIFTY21APR2624200CE,24200.0,CE,246.0,247.8,250.0,245.0,250.0,245.0,0.001831,0.002217,ws,ws,book_ladder,book_ladder,False,False,-4.0,2.8,65,117.0,strategy_S9-10__TYPE_F:NIFTY:2026-04-15T12:37:50:LONG
2026-04-15,12:39:41,2026-04-15,12:41:01,NIFTY,SELL,TYPE_F,BOOK_ENTRY_1,BOOK_EXIT_1,24233.45,24230.85,NIFTY21APR2624250PE,24250.0,PE,225.9,226.35,230.0,225.0,230.0,225.0,0.000886,0.001986,ws,ws,book_ladder,book_ladder,False,False,-4.1,1.35,65,29.25,strategy_S9-10__TYPE_F:NIFTY:2026-04-15T12:39:41:SHORT
2026-04-15,12:41:20,2026-04-15,12:41:29,NIFTY,BUY,TYPE_F,BOOK_ENTRY_1,BOOK_EXIT_1,24234.05,24230.4,NIFTY21APR2624200CE,24200.0,CE,248.9,247.55,250.0,245.0,250.0,245.0,0.002212,0.002421,ws,ws,book_ladder,book_ladder,False,False,-1.1,2.55,65,-87.75,strategy_S9-10__TYPE_F:NIFTY:2026-04-15T12:41:20:LONG
2026-04-15,12:42:13,2026-04-15,12:42:36,NIFTY,SELL,TYPE_F,BOOK_ENTRY_1,BOOK_EXIT_1,24222.95,24224.95,NIFTY21APR2624250PE,24250.0,PE,228.0,227.4,230.0,225.0,230.0,225.0,0.000878,0.001757,ws,ws,book_ladder,book_ladder,False,False,-2.0,2.4,65,-39.0,strategy_S9-10__TYPE_F:NIFTY:2026-04-15T12:42:13:SHORT
2026-04-15,12:42:41,2026-04-15,12:43:20,NIFTY,SELL,TYPE_F,BOOK_ENTRY_1,BOOK_EXIT_1,24222.65,24219.3,NIFTY21APR2624250PE,24250.0,PE,228.1,229.5,230.0,225.0,230.0,225.0,0.001755,0.001959,ws,ws,book_ladder,book_ladder,False,False,-1.9,4.5,65,91.0,strategy_S9-10__TYPE_F:NIFTY:2026-04-15T12:42:41:SHORT
2026-04-15,12:43:45,2026-04-15,12:44:21,NIFTY,BUY,TYPE_F,BOOK_ENTRY_1,BOOK_EXIT_1,24221.8,24224.3,NIFTY21APR2624200CE,24200.0,CE,245.0,243.85,245.0,240.0,245.0,240.0,0.002043,0.002458,ws,ws,book_ladder,book_ladder,False,False,0.0,3.85,65,-74.75,strategy_S9-10__TYPE_F:NIFTY:2026-04-15T12:43:45:LONG
2026-04-15,12:44:34,2026-04-15,12:44:58,NIFTY,BUY,TYPE_F,BOOK_ENTRY_1,BOOK_EXIT_1,24229.2,24227.6,NIFTY21APR2624200CE,24200.0,CE,246.25,245.0,250.0,245.0,250.0,245.0,0.001829,0.001224,ws,ws,book_ladder,book_ladder,False,False,-3.75,0.0,65,-81.25,strategy_S9-10__TYPE_F:NIFTY:2026-04-15T12:44:34:LONG
2026-04-15,12:45:20,2026-04-15,12:46:02,NIFTY,BUY,TYPE_F,BOOK_ENTRY_1,BOOK_EXIT_1,24230.75,24230.4,NIFTY21APR2624200CE,24200.0,CE,245.5,246.05,250.0,245.0,250.0,245.0,0.001835,0.002233,ws,ws,book_ladder,book_ladder,False,False,-4.5,1.05,65,35.75,strategy_S9-10__TYPE_F:NIFTY:2026-04-15T12:45:20:LONG
2026-04-15,12:46:32,2026-04-15,12:46:50,NIFTY,SELL,TYPE_F,BOOK_ENTRY_1,BOOK_EXIT_1,24228.85,24229.4,NIFTY21APR2624250PE,24250.0,PE,227.3,226.8,230.0,225.0,230.0,225.0,0.0011,0.002202,ws,ws,book_ladder,book_ladder,False,False,-2.7,1.8,65,-32.5,strategy_S9-10__TYPE_F:NIFTY:2026-04-15T12:46:32:SHORT
2026-04-15,12:47:08,2026-04-15,12:47:50,NIFTY,SELL,TYPE_F,BOOK_ENTRY_1,BOOK_EXIT_1,24225.35,24221.35,NIFTY21APR2624250PE,24250.0,PE,229.0,232.2,230.0,230.0,230.0,230.0,0.00153,0.002151,ws,ws,book_ladder,book_ladder,False,False,-1.0,2.2,65,208.0,strategy_S9-10__TYPE_F:NIFTY:2026-04-15T12:47:08:SHORT
2026-04-15,12:48:02,2026-04-15,12:48:31,NIFTY,SELL,TYPE_F,BOOK_ENTRY_1,BOOK_EXIT_1,24216.55,24213.6,NIFTY21APR2624250PE,24250.0,PE,233.35,236.2,235.0,235.0,235.0,235.0,0.00236,0.002537,ws,ws,book_ladder,book_ladder,False,False,-1.65,1.2,65,185.25,strategy_S9-10__TYPE_F:NIFTY:2026-04-15T12:48:02:SHORT
2026-04-15,12:49:05,2026-04-15,12:49:20,NIFTY,SELL,TYPE_F,BOOK_ENTRY_1,BOOK_EXIT_1,24212.3,24214.25,NIFTY21APR2624250PE,24250.0,PE,238.9,236.5,240.0,235.0,240.0,235.0,0.002095,0.002112,ws,ws,book_ladder,book_ladder,False,False,-1.1,1.5,65,-156.0,strategy_S9-10__TYPE_F:NIFTY:2026-04-15T12:49:05:SHORT
2026-04-15,12:49:50,2026-04-15,12:50:43,NIFTY,BUY,TYPE_F,BOOK_ENTRY_1,BOOK_EXIT_1,24215.8,24217.85,NIFTY21APR2624200CE,24200.0,CE,237.15,238.25,240.0,235.0,240.0,235.0,0.001266,0.00021,ws,ws,book_ladder,book_ladder,False,False,-2.85,3.25,65,71.5,strategy_S9-10__TYPE_F:NIFTY:2026-04-15T12:49:50:LONG
2026-04-15,12:51:08,2026-04-15,12:51:53,NIFTY,BUY,TYPE_F,BOOK_ENTRY_1,BOOK_EXIT_1,24224.05,24231.35,NIFTY21APR2624200CE,24200.0,CE,239.75,243.05,240.0,240.0,240.0,240.0,0.002297,0.00226,ws,ws,book_ladder,book_ladder,False,False,-0.25,3.05,65,214.5,strategy_S9-10__TYPE_F:NIFTY:2026-04-15T12:51:08:LONG
2026-04-15,12:52:16,2026-04-15,12:53:05,NIFTY,SELL,TYPE_F,BOOK_ENTRY_1,BOOK_EXIT_1,24227.0,24221.7,NIFTY21APR2624250PE,24250.0,PE,229.6,232.8,230.0,230.0,230.0,230.0,0.001526,0.001931,ws,ws,book_ladder,book_ladder,False,False,-0.4,2.8,65,208.0,strategy_S9-10__TYPE_F:NIFTY:2026-04-15T12:52:16:SHORT
2026-04-15,12:53:13,2026-04-15,12:54:31,NIFTY,SELL,TYPE_F,BOOK_ENTRY_1,BOOK_EXIT_1,24219.65,24207.25,NIFTY21APR2624250PE,24250.0,PE,233.85,241.0,235.0,240.0,235.0,240.0,0.002355,0.001658,ws,ws,book_ladder,book_ladder,False,False,-1.15,1.0,65,464.75,strategy_S9-10__TYPE_F:NIFTY:2026-04-15T12:53:13:SHORT
2026-04-15,12:54:42,2026-04-15,12:55:41,NIFTY,BUY,TYPE_F,BOOK_ENTRY_1,BOOK_EXIT_1,24211.25,24213.9,NIFTY21APR2624200CE,24200.0,CE,232.55,234.55,235.0,230.0,235.0,230.0,0.001937,0.002129,ws,ws,book_ladder,book_ladder,False,False,-2.45,4.55,65,130.0,strategy_S9-10__TYPE_F:NIFTY:2026-04-15T12:54:42:LONG
2026-04-15,12:55:50,2026-04-15,12:55:58,NIFTY,BUY,TYPE_F,BOOK_ENTRY_1,BOOK_EXIT_1,24216.55,24214.2,NIFTY21APR2624200CE,24200.0,CE,235.5,234.0,240.0,230.0,240.0,230.0,0.001062,0.002134,ws,ws,book_ladder,book_ladder,False,False,-4.5,4.0,65,-97.5,strategy_S9-10__TYPE_F:NIFTY:2026-04-15T12:55:50:LONG
2026-04-15,12:56:18,2026-04-15,12:56:20,NIFTY,SELL,TYPE_F,BOOK_ENTRY_1,BOOK_EXIT_1,24211.55,24214.2,NIFTY21APR2624250PE,24250.0,PE,239.75,239.6,240.0,235.0,240.0,235.0,0.00167,0.001668,ws,ws,book_ladder,book_ladder,False,False,-0.25,4.6,65,-9.75,strategy_S9-10__TYPE_F:NIFTY:2026-04-15T12:56:18:SHORT
2026-04-15,12:56:46,2026-04-15,12:57:09,NIFTY,BUY,TYPE_F,BOOK_ENTRY_1,BOOK_EXIT_1,24216.15,24216.7,NIFTY21APR2624200CE,24200.0,CE,235.7,236.3,240.0,235.0,240.0,235.0,0.002124,0.001057,ws,ws,book_ladder,book_ladder,False,False,-4.3,1.3,65,39.0,strategy_S9-10__TYPE_F:NIFTY:2026-04-15T12:56:46:LONG
2026-04-15,12:57:27,2026-04-15,12:57:34,NIFTY,SELL,TYPE_F,BOOK_ENTRY_1,BOOK_EXIT_1,24214.35,24217.3,NIFTY21APR2624250PE,24250.0,PE,237.85,237.05,240.0,235.0,240.0,235.0,0.002104,0.002317,ws,ws,book_ladder,book_ladder,False,False,-2.15,2.05,65,-52.0,strategy_S9-10__TYPE_F:NIFTY:2026-04-15T12:57:27:SHORT
2026-04-15,12:58:01,2026-04-15,12:58:58,NIFTY,SELL,TYPE_F,BOOK_ENTRY_1,BOOK_EXIT_1,24213.75,24210.8,NIFTY21APR2624250PE,24250.0,PE,239.9,240.6,240.0,240.0,240.0,240.0,0.002295,0.002283,ws,ws,book_ladder,book_ladder,False,False,-0.1,0.6,65,45.5,strategy_S9-10__TYPE_F:NIFTY:2026-04-15T12:58:01:SHORT
2026-04-15,12:59:11,2026-04-15,12:59:20,NIFTY,BUY,TYPE_F,BOOK_ENTRY_1,BOOK_EXIT_1,24211.65,24209.25,NIFTY21APR2624200CE,24200.0,CE,233.95,232.95,235.0,230.0,235.0,230.0,0.001069,0.001287,ws,ws,book_ladder,book_ladder,False,False,-1.05,2.95,65,-65.0,strategy_S9-10__TYPE_F:NIFTY:2026-04-15T12:59:11:LONG
2026-04-15,13:00:04,2026-04-15,13:01:30,NIFTY,SELL,TYPE_F,BOOK_ENTRY_1,BOOK_EXIT_1,24206.6,24203.0,NIFTY21APR2624250PE,24250.0,PE,242.55,241.6,245.0,240.0,245.0,240.0,0.00227,0.001241,ws,ws,book_ladder,book_ladder,False,False,-2.45,1.6,65,-61.75,strategy_S9-10__TYPE_F:NIFTY:2026-04-15T13:00:04:SHORT
2026-04-15,13:01:47,2026-04-15,13:04:02,NIFTY,BUY,TYPE_F,BOOK_ENTRY_1,BOOK_EXIT_1,24207.65,24214.95,NIFTY21APR2624200CE,24200.0,CE,234.0,235.15,235.0,235.0,235.0,235.0,0.001925,0.001912,ws,ws,book_ladder,book_ladder,False,False,-1.0,0.15,65,74.75,strategy_S9-10__TYPE_F:NIFTY:2026-04-15T13:01:47:LONG
2026-04-15,13:04:38,2026-04-15,13:05:05,NIFTY,SELL,TYPE_F,BOOK_ENTRY_1,BOOK_EXIT_1,24210.55,24211.45,NIFTY21APR2624250PE,24250.0,PE,238.3,238.0,240.0,235.0,240.0,235.0,0.00105,0.00147,ws,ws,book_ladder,book_ladder,False,False,-1.7,3.0,65,-19.5,strategy_S9-10__TYPE_F:NIFTY:2026-04-15T13:04:38:SHORT
2026-04-15,13:05:20,2026-04-15,13:05:23,NIFTY,BUY,TYPE_F,BOOK_ENTRY_1,BOOK_EXIT_1,24212.65,24210.8,NIFTY21APR2624200CE,24200.0,CE,234.7,234.6,235.0,230.0,235.0,230.0,0.002346,0.001491,ws,ws,book_ladder,book_ladder,False,False,-0.3,4.6,65,-6.5,strategy_S9-10__TYPE_F:NIFTY:2026-04-15T13:05:20:LONG
2026-04-15,13:05:41,2026-04-15,13:06:17,NIFTY,SELL,TYPE_F,BOOK_ENTRY_1,BOOK_EXIT_1,24209.0,24208.55,NIFTY21APR2624250PE,24250.0,PE,239.25,239.65,240.0,235.0,240.0,235.0,0.001673,0.001043,ws,ws,book_ladder,book_ladder,False,False,-0.75,4.65,65,26.0,strategy_S9-10__TYPE_F:NIFTY:2026-04-15T13:05:41:SHORT
2026-04-15,13:06:50,2026-04-15,13:07:18,NIFTY,SELL,TYPE_F,BOOK_ENTRY_1,BOOK_EXIT_1,24207.05,24208.45,NIFTY21APR2624250PE,24250.0,PE,240.35,239.0,245.0,235.0,245.0,235.0,0.001874,0.000836,ws,ws,book_ladder,book_ladder,False,False,-4.65,4.0,65,-87.75,strategy_S9-10__TYPE_F:NIFTY:2026-04-15T13:06:50:SHORT
2026-04-15,13:07:35,2026-04-15,13:07:41,NIFTY,BUY,TYPE_F,BOOK_ENTRY_1,BOOK_EXIT_1,24209.2,24207.3,NIFTY21APR2624200CE,24200.0,CE,234.15,233.55,235.0,230.0,235.0,230.0,0.00171,0.001497,ws,ws,book_ladder,book_ladder,False,False,-0.85,3.55,65,-39.0,strategy_S9-10__TYPE_F:NIFTY:2026-04-15T13:07:35:LONG
2026-04-15,13:07:50,2026-04-15,13:08:35,NIFTY,SELL,TYPE_F,BOOK_ENTRY_1,BOOK_EXIT_1,24205.5,24205.25,NIFTY21APR2624250PE,24250.0,PE,243.45,243.1,245.0,240.0,245.0,240.0,0.002056,0.00226,ws,ws,book_ladder,book_ladder,False,False,-1.55,3.1,65,-22.75,strategy_S9-10__TYPE_F:NIFTY:2026-04-15T13:07:50:SHORT
2026-04-15,13:08:59,2026-04-15,13:09:33,NIFTY,BUY,TYPE_F,BOOK_ENTRY_1,BOOK_EXIT_1,24207.6,24210.7,NIFTY21APR2624200CE,24200.0,CE,233.95,235.55,235.0,235.0,235.0,235.0,0.001283,0.001061,ws,ws,book_ladder,book_ladder,False,False,-1.05,0.55,65,104.0,strategy_S9-10__TYPE_F:NIFTY:2026-04-15T13:08:59:LONG
2026-04-15,13:09:50,2026-04-15,13:13:14,NIFTY,BUY,TYPE_F,BOOK_ENTRY_1,BOOK_EXIT_1,24212.45,24219.4,NIFTY21APR2624200CE,24200.0,CE,236.0,240.55,240.0,240.0,240.0,240.0,0.001696,0.001869,ws,ws,book_ladder,book_ladder,False,False,-4.0,0.55,65,295.75,strategy_S9-10__TYPE_F:NIFTY:2026-04-15T13:09:50:LONG
2026-04-15,13:13:28,2026-04-15,13:13:47,NIFTY,SELL,TYPE_F,BOOK_ENTRY_1,BOOK_EXIT_1,24218.0,24218.7,NIFTY21APR2624250PE,24250.0,PE,231.9,227.35,235.0,225.0,235.0,225.0,0.002375,0.001099,ws,ws,book_ladder,book_ladder,False,False,-3.1,2.35,65,-295.75,strategy_S9-10__TYPE_F:NIFTY:2026-04-15T13:13:28:SHORT
2026-04-15,13:14:50,2026-04-15,13:15:05,NIFTY,BUY,TYPE_F,BOOK_ENTRY_1,BOOK_EXIT_1,24220.2,24219.4,NIFTY21APR2624200CE,24200.0,CE,241.55,240.45,245.0,240.0,245.0,240.0,0.002072,0.002492,ws,ws,book_ladder,book_ladder,False,False,-3.45,0.45,65,-71.5,strategy_S9-10__TYPE_F:NIFTY:2026-04-15T13:14:50:LONG
2026-04-15,13:15:24,2026-04-15,13:15:56,NIFTY,SELL,TYPE_F,BOOK_ENTRY_1,BOOK_EXIT_1,24218.15,24217.65,NIFTY21APR2624250PE,24250.0,PE,231.4,229.0,235.0,225.0,235.0,225.0,0.001081,0.001527,ws,ws,book_ladder,book_ladder,False,False,-3.6,4.0,65,-156.0,strategy_S9-10__TYPE_F:NIFTY:2026-04-15T13:15:24:SHORT
2026-04-15,13:16:22,2026-04-15,13:17:23,NIFTY,BUY,TYPE_F,BOOK_ENTRY_1,BOOK_EXIT_1,24219.7,24223.25,NIFTY21APR2624200CE,24200.0,CE,239.0,238.9,240.0,235.0,240.0,235.0,0.002094,0.002091,ws,ws,book_ladder,book_ladder,False,False,-1.0,3.9,65,-6.5,strategy_S9-10__TYPE_F:NIFTY:2026-04-15T13:16:22:LONG
2026-04-15,13:17:49,2026-04-15,13:20:40,NIFTY,BUY,TYPE_F,BOOK_ENTRY_1,BOOK_EXIT_1,24226.65,24235.0,NIFTY21APR2624200CE,24200.0,CE,241.0,246.3,245.0,245.0,245.0,245.0,0.001246,0.001825,ws,ws,book_ladder,book_ladder,False,False,-4.0,1.3,65,344.5,strategy_S9-10__TYPE_F:NIFTY:2026-04-15T13:17:49:LONG
2026-04-15,13:21:08,2026-04-15,13:22:50,NIFTY,SELL,TYPE_F,BOOK_ENTRY_1,BOOK_EXIT_1,24234.45,24208.4,NIFTY21APR2624250PE,24250.0,PE,225.3,233.05,230.0,230.0,230.0,230.0,0.001332,0.002143,ws,ws,book_ladder,book_ladder,False,False,-4.7,3.05,65,503.75,strategy_S9-10__TYPE_F:NIFTY:2026-04-15T13:21:08:SHORT
2026-04-15,13:23:20,2026-04-15,13:23:33,NIFTY,BUY,TYPE_F,BOOK_ENTRY_1,BOOK_EXIT_1,24214.1,24210.85,NIFTY21APR2624200CE,24200.0,CE,238.2,236.0,240.0,235.0,240.0,235.0,0.002101,0.000212,ws,ws,book_ladder,book_ladder,False,False,-1.8,1.0,65,-143.0,strategy_S9-10__TYPE_F:NIFTY:2026-04-15T13:23:20:LONG
2026-04-15,13:24:23,2026-04-15,13:24:37,NIFTY,SELL,TYPE_F,BOOK_ENTRY_1,BOOK_EXIT_1,24200.2,24200.75,NIFTY21APR2624250PE,24250.0,PE,240.9,242.25,245.0,240.0,245.0,240.0,0.001662,0.002474,ws,ws,book_ladder,book_ladder,False,False,-4.1,2.25,65,87.75,strategy_S9-10__TYPE_F:NIFTY:2026-04-15T13:24:23:SHORT
2026-04-15,13:25:02,2026-04-15,13:25:15,NIFTY,SELL,TYPE_F,BOOK_ENTRY_1,BOOK_EXIT_1,24196.1,24199.0,NIFTY21APR2624200PE,24200.0,PE,224.75,221.75,225.0,220.0,225.0,220.0,0.00245,0.001352,ws,ws,book_ladder,book_ladder,False,False,-0.25,1.75,65,-195.0,strategy_S9-10__TYPE_F:NIFTY:2026-04-15T13:25:02:SHORT
2026-04-15,13:25:20,2026-04-15,13:25:40,NIFTY,BUY,TYPE_F,BOOK_ENTRY_1,BOOK_EXIT_1,24200.9,24198.25,NIFTY21APR2624200CE,24200.0,CE,226.75,224.25,230.0,220.0,230.0,220.0,0.002429,0.002005,ws,ws,book_ladder,book_ladder,False,False,-3.25,4.25,65,-162.5,strategy_S9-10__TYPE_F:NIFTY:2026-04-15T13:25:20:LONG
2026-04-15,13:26:26,2026-04-15,13:26:56,NIFTY,SELL,TYPE_F,BOOK_ENTRY_1,BOOK_EXIT_1,24198.05,24198.4,NIFTY21APR2624200PE,24200.0,PE,223.55,221.1,225.0,220.0,225.0,220.0,0.000224,0.002484,ws,ws,book_ladder,book_ladder,False,False,-1.45,1.1,65,-159.25,strategy_S9-10__TYPE_F:NIFTY:2026-04-15T13:26:26:SHORT
2026-04-15,13:27:01,2026-04-15,13:27:50,NIFTY,BUY,TYPE_F,BOOK_ENTRY_1,BOOK_EXIT_1,24200.15,24202.3,NIFTY21APR2624200CE,24200.0,CE,225.5,228.15,230.0,225.0,230.0,225.0,0.001553,0.002189,ws,ws,book_ladder,book_ladder,False,False,-4.5,3.15,65,172.25,strategy_S9-10__TYPE_F:NIFTY:2026-04-15T13:27:01:LONG
2026-04-15,13:28:13,2026-04-15,13:28:35,NIFTY,SELL,TYPE_F,BOOK_ENTRY_1,BOOK_EXIT_1,24200.45,24202.45,NIFTY21APR2624250PE,24250.0,PE,245.95,244.4,250.0,240.0,250.0,240.0,0.000203,0.002248,ws,ws,book_ladder,book_ladder,False,False,-4.05,4.4,65,-100.75,strategy_S9-10__TYPE_F:NIFTY:2026-04-15T13:28:13:SHORT
2026-04-15,13:28:46,2026-04-15,13:29:48,NIFTY,SELL,TYPE_F,BOOK_ENTRY_1,BOOK_EXIT_1,24200.3,24198.5,NIFTY21APR2624250PE,24250.0,PE,244.8,245.85,245.0,245.0,245.0,245.0,0.002249,0.002032,ws,ws,book_ladder,book_ladder,False,False,-0.2,0.85,65,68.25,strategy_S9-10__TYPE_F:NIFTY:2026-04-15T13:28:46:SHORT
2026-04-15,13:30:02,2026-04-15,13:30:49,NIFTY,SELL,TYPE_F,BOOK_ENTRY_1,BOOK_EXIT_1,24195.0,24193.3,NIFTY21APR2624200PE,24200.0,PE,224.4,225.95,225.0,225.0,225.0,225.0,0.002677,0.00221,ws,ws,book_ladder,book_ladder,False,False,-0.6,0.95,65,100.75,strategy_S9-10__TYPE_F:NIFTY:2026-04-15T13:30:02:SHORT
2026-04-15,13:31:05,2026-04-15,13:34:14,NIFTY,BUY,TYPE_F,BOOK_ENTRY_1,BOOK_EXIT_1,24194.7,24217.85,NIFTY21APR2624150CE,24150.0,CE,254.4,264.4,255.0,260.0,255.0,260.0,0.002164,0.001889,ws,ws,book_ladder,book_ladder,False,False,-0.6,4.4,65,650.0,strategy_S9-10__TYPE_F:NIFTY:2026-04-15T13:31:05:LONG
2026-04-15,13:34:39,2026-04-15,13:35:22,NIFTY,SELL,TYPE_F,BOOK_ENTRY_1,BOOK_EXIT_1,24215.45,24212.45,NIFTY21APR2624250PE,24250.0,PE,234.7,232.7,235.0,230.0,235.0,230.0,0.000639,0.001503,ws,ws,book_ladder,book_ladder,False,False,-0.3,2.7,65,-130.0,strategy_S9-10__TYPE_F:NIFTY:2026-04-15T13:34:39:SHORT
2026-04-15,13:35:37,2026-04-15,13:36:23,NIFTY,BUY,TYPE_F,BOOK_ENTRY_1,BOOK_EXIT_1,24214.65,24220.0,NIFTY21APR2624200CE,24200.0,CE,236.85,238.45,240.0,235.0,240.0,235.0,0.00169,0.002304,ws,ws,book_ladder,book_ladder,False,False,-3.15,3.45,65,104.0,strategy_S9-10__TYPE_F:NIFTY:2026-04-15T13:35:37:LONG
2026-04-15,13:36:38,2026-04-15,13:36:59,NIFTY,BUY,TYPE_F,BOOK_ENTRY_1,BOOK_EXIT_1,24222.25,24221.0,NIFTY21APR2624200CE,24200.0,CE,238.65,237.05,240.0,235.0,240.0,235.0,0.001468,0.000422,ws,ws,book_ladder,book_ladder,False,False,-1.35,2.05,65,-104.0,strategy_S9-10__TYPE_F:NIFTY:2026-04-15T13:36:38:LONG
2026-04-15,13:37:50,2026-04-15,13:39:47,NIFTY,SELL,TYPE_F,BOOK_ENTRY_1,BOOK_EXIT_1,24213.8,24195.05,NIFTY21APR2624250PE,24250.0,PE,232.15,247.25,235.0,245.0,235.0,245.0,0.00194,0.00202,ws,ws,book_ladder,book_ladder,False,False,-2.85,2.25,65,981.5,strategy_S9-10__TYPE_F:NIFTY:2026-04-15T13:37:50:SHORT
2026-04-15,13:40:10,2026-04-15,13:40:17,NIFTY,SELL,TYPE_F,BOOK_ENTRY_1,BOOK_EXIT_1,24192.6,24193.9,NIFTY21APR2624200PE,24200.0,PE,226.0,223.4,230.0,220.0,230.0,220.0,0.001771,0.002236,ws,ws,book_ladder,book_ladder,False,False,-4.0,3.4,65,-169.0,strategy_S9-10__TYPE_F:NIFTY:2026-04-15T13:40:10:SHORT
2026-04-15,13:40:26,2026-04-15,13:42:55,NIFTY,BUY,TYPE_F,BOOK_ENTRY_1,BOOK_EXIT_1,24198.1,24211.9,NIFTY21APR2624150CE,24150.0,CE,254.6,261.75,255.0,260.0,255.0,260.0,0.001769,0.00229,ws,ws,book_ladder,book_ladder,False,False,-0.4,1.75,65,464.75,strategy_S9-10__TYPE_F:NIFTY:2026-04-15T13:40:26:LONG
2026-04-15,13:43:14,2026-04-15,13:43:35,NIFTY,SELL,TYPE_F,BOOK_ENTRY_1,BOOK_EXIT_1,24211.0,24214.7,NIFTY21APR2624250PE,24250.0,PE,236.35,233.8,240.0,230.0,240.0,230.0,0.002542,0.001069,ws,ws,book_ladder,book_ladder,False,False,-3.65,3.8,65,-165.75,strategy_S9-10__TYPE_F:NIFTY:2026-04-15T13:43:14:SHORT
2026-04-15,13:43:46,2026-04-15,13:45:19,NIFTY,BUY,TYPE_F,BOOK_ENTRY_1,BOOK_EXIT_1,24215.3,24213.75,NIFTY21APR2624200CE,24200.0,CE,233.45,233.2,235.0,230.0,235.0,230.0,0.001929,0.001928,ws,ws,book_ladder,book_ladder,False,False,-1.55,3.2,65,-16.25,strategy_S9-10__TYPE_F:NIFTY:2026-04-15T13:43:46:LONG
2026-04-15,13:45:20,2026-04-15,13:45:30,NIFTY,SELL,TYPE_F,BOOK_ENTRY_1,BOOK_EXIT_1,24213.05,24216.9,NIFTY21APR2624250PE,24250.0,PE,232.95,232.95,235.0,230.0,235.0,230.0,0.001719,0.001287,ws,ws,book_ladder,book_ladder,False,False,-2.05,2.95,65,0.0,strategy_S9-10__TYPE_F:NIFTY:2026-04-15T13:45:20:SHORT
2026-04-15,13:46:20,2026-04-15,13:47:18,NIFTY,SELL,TYPE_F,BOOK_ENTRY_1,BOOK_EXIT_1,24215.25,24209.65,NIFTY21APR2624250PE,24250.0,PE,233.2,234.8,235.0,230.0,235.0,230.0,0.001502,0.00149,ws,ws,book_ladder,book_ladder,False,False,-1.8,4.8,65,104.0,strategy_S9-10__TYPE_F:NIFTY:2026-04-15T13:46:20:SHORT
2026-04-15,13:47:43,2026-04-15,13:47:50,NIFTY,SELL,TYPE_F,BOOK_ENTRY_1,BOOK_EXIT_1,24206.35,24208.55,NIFTY21APR2624250PE,24250.0,PE,236.45,236.4,240.0,235.0,240.0,235.0,0.001481,0.000846,ws,ws,book_ladder,book_ladder,False,False,-3.55,1.4,65,-3.25,strategy_S9-10__TYPE_F:NIFTY:2026-04-15T13:47:43:SHORT
2026-04-15,13:48:10,2026-04-15,13:48:30,NIFTY,SELL,TYPE_F,BOOK_ENTRY_1,BOOK_EXIT_1,24206.3,24207.45,NIFTY21APR2624250PE,24250.0,PE,236.4,237.15,240.0,235.0,240.0,235.0,0.000846,0.002527,ws,ws,book_ladder,book_ladder,False,False,-3.6,2.15,65,48.75,strategy_S9-10__TYPE_F:NIFTY:2026-04-15T13:48:10:SHORT
2026-04-15,13:49:11,2026-04-15,13:49:42,NIFTY,SELL,TYPE_F,BOOK_ENTRY_1,BOOK_EXIT_1,24202.85,24204.1,NIFTY21APR2624250PE,24250.0,PE,237.0,236.4,240.0,235.0,240.0,235.0,0.002112,0.001057,ws,ws,book_ladder,book_ladder,False,False,-3.0,1.4,65,-39.0,strategy_S9-10__TYPE_F:NIFTY:2026-04-15T13:49:11:SHORT
2026-04-15,13:49:50,2026-04-15,13:50:14,NIFTY,BUY,TYPE_F,BOOK_ENTRY_1,BOOK_EXIT_1,24205.55,24206.25,NIFTY21APR2624200CE,24200.0,CE,232.0,232.25,235.0,230.0,235.0,230.0,0.00151,0.001721,ws,ws,book_ladder,book_ladder,False,False,-3.0,2.25,65,16.25,strategy_S9-10__TYPE_F:NIFTY:2026-04-15T13:49:50:LONG
2026-04-15,13:50:45,2026-04-15,13:51:15,NIFTY,BUY,TYPE_F,BOOK_ENTRY_1,BOOK_EXIT_1,24209.0,24208.05,NIFTY21APR2624200CE,24200.0,CE,232.95,233.0,235.0,230.0,235.0,230.0,0.001504,0.001715,ws,ws,book_ladder,book_ladder,False,False,-2.05,3.0,65,3.25,strategy_S9-10__TYPE_F:NIFTY:2026-04-15T13:50:45:LONG
2026-04-15,13:51:35,2026-04-15,13:51:56,NIFTY,BUY,TYPE_F,BOOK_ENTRY_1,BOOK_EXIT_1,24210.1,24208.2,NIFTY21APR2624200CE,24200.0,CE,233.0,233.0,235.0,230.0,235.0,230.0,0.001503,0.000858,ws,ws,book_ladder,book_ladder,False,False,-2.0,3.0,65,0.0,strategy_S9-10__TYPE_F:NIFTY:2026-04-15T13:51:35:LONG
2026-04-15,13:52:02,2026-04-15,13:52:20,NIFTY,SELL,TYPE_F,BOOK_ENTRY_1,BOOK_EXIT_1,24207.6,24208.45,NIFTY21APR2624250PE,24250.0,PE,236.0,235.9,240.0,235.0,240.0,235.0,0.002333,0.00254,ws,ws,book_ladder,book_ladder,False,False,-4.0,0.9,65,-6.5,strategy_S9-10__TYPE_F:NIFTY:2026-04-15T13:52:02:SHORT
2026-04-15,13:52:33,2026-04-15,13:53:02,NIFTY,SELL,TYPE_F,BOOK_ENTRY_1,BOOK_EXIT_1,24202.35,24202.25,NIFTY21APR2624250PE,24250.0,PE,238.35,238.8,240.0,235.0,240.0,235.0,0.00252,0.002092,ws,ws,book_ladder,book_ladder,False,False,-1.65,3.8,65,29.25,strategy_S9-10__TYPE_F:NIFTY:2026-04-15T13:52:33:SHORT
2026-04-15,13:53:12,2026-04-15,13:53:46,NIFTY,SELL,TYPE_F,BOOK_ENTRY_1,BOOK_EXIT_1,24197.8,24198.2,NIFTY21APR2624200PE,24200.0,PE,217.95,216.35,220.0,215.0,220.0,215.0,0.002067,0.001847,ws,ws,book_ladder,book_ladder,False,False,-2.05,1.35,65,-104.0,strategy_S9-10__TYPE_F:NIFTY:2026-04-15T13:53:12:SHORT
2026-04-15,13:54:01,2026-04-15,13:54:28,NIFTY,BUY,TYPE_F,BOOK_ENTRY_1,BOOK_EXIT_1,24200.35,24200.85,NIFTY21APR2624200CE,24200.0,CE,229.05,230.65,230.0,230.0,230.0,230.0,0.001967,0.00065,ws,ws,book_ladder,book_ladder,False,False,-0.95,0.65,65,104.0,strategy_S9-10__TYPE_F:NIFTY:2026-04-15T13:54:01:LONG
2026-04-15,13:55:22,2026-04-15,13:57:13,NIFTY,BUY,TYPE_F,BOOK_ENTRY_1,BOOK_EXIT_1,24202.55,24215.8,NIFTY21APR2624200CE,24200.0,CE,232.25,237.0,235.0,235.0,235.0,235.0,0.000431,0.002107,ws,ws,book_ladder,book_ladder,False,False,-2.75,2.0,65,308.75,strategy_S9-10__TYPE_F:NIFTY:2026-04-15T13:55:22:LONG
2026-04-15,13:57:53,2026-04-15,13:58:27,NIFTY,SELL,TYPE_F,BOOK_ENTRY_1,BOOK_EXIT_1,24215.05,24214.7,NIFTY21APR2624250PE,24250.0,PE,231.25,231.15,235.0,230.0,235.0,230.0,0.001082,0.001729,ws,ws,book_ladder,book_ladder,False,False,-3.75,1.15,65,-6.5,strategy_S9-10__TYPE_F:NIFTY:2026-04-15T13:57:53:SHORT
2026-04-15,13:58:35,2026-04-15,13:59:10,NIFTY,BUY,TYPE_F,BOOK_ENTRY_1,BOOK_EXIT_1,24215.75,24216.25,NIFTY21APR2624200CE,24200.0,CE,238.0,236.75,240.0,235.0,240.0,235.0,0.001893,0.000422,ws,ws,book_ladder,book_ladder,False,False,-2.0,1.75,65,-81.25,strategy_S9-10__TYPE_F:NIFTY:2026-04-15T13:58:35:LONG
2026-04-15,13:59:29,2026-04-15,14:00:44,NIFTY,BUY,TYPE_F,BOOK_ENTRY_1,BOOK_EXIT_1,24218.05,24225.7,NIFTY21APR2624200CE,24200.0,CE,237.3,240.65,240.0,240.0,240.0,240.0,0.001054,0.000831,ws,ws,book_ladder,book_ladder,False,False,-2.7,0.65,65,217.75,strategy_S9-10__TYPE_F:NIFTY:2026-04-15T13:59:29:LONG
2026-04-15,14:01:26,2026-04-15,14:02:01,NIFTY,SELL,TYPE_F,BOOK_ENTRY_1,BOOK_EXIT_1,24224.9,24225.45,NIFTY21APR2624250PE,24250.0,PE,227.4,226.05,230.0,225.0,230.0,225.0,0.001981,0.001989,ws,ws,book_ladder,book_ladder,False,False,-2.6,1.05,65,-87.75,strategy_S9-10__TYPE_F:NIFTY:2026-04-15T14:01:26:SHORT
2026-04-15,14:03:09,2026-04-15,14:03:20,NIFTY,SELL,TYPE_F,BOOK_ENTRY_1,BOOK_EXIT_1,24222.35,24223.85,NIFTY21APR2624250PE,24250.0,PE,224.55,225.3,225.0,225.0,225.0,225.0,0.000668,0.001995,ws,ws,book_ladder,book_ladder,False,False,-0.45,0.3,65,48.75,strategy_S9-10__TYPE_F:NIFTY:2026-04-15T14:03:09:SHORT
2026-04-15,14:03:57,2026-04-15,14:04:02,NIFTY,BUY,TYPE_F,BOOK_ENTRY_1,BOOK_EXIT_1,24229.05,24227.1,NIFTY21APR2624200CE,24200.0,CE,244.2,244.1,245.0,240.0,245.0,240.0,0.00205,0.001433,ws,ws,book_ladder,book_ladder,False,False,-0.8,4.1,65,-6.5,strategy_S9-10__TYPE_F:NIFTY:2026-04-15T14:03:57:LONG
2026-04-15,14:04:20,2026-04-15,14:04:35,NIFTY,BUY,TYPE_F,BOOK_ENTRY_1,BOOK_EXIT_1,24230.05,24227.05,NIFTY21APR2624200CE,24200.0,CE,245.4,242.45,250.0,240.0,250.0,240.0,0.001835,0.001648,ws,ws,book_ladder,book_ladder,False,False,-4.6,2.45,65,-191.75,strategy_S9-10__TYPE_F:NIFTY:2026-04-15T14:04:20:LONG
2026-04-15,14:04:44,2026-04-15,14:05:01,NIFTY,SELL,TYPE_F,BOOK_ENTRY_1,BOOK_EXIT_1,24225.85,24227.3,NIFTY21APR2624250PE,24250.0,PE,225.0,223.1,225.0,220.0,225.0,220.0,0.002002,0.001568,ws,ws,book_ladder,book_ladder,False,False,0.0,3.1,65,-123.5,strategy_S9-10__TYPE_F:NIFTY:2026-04-15T14:04:44:SHORT
2026-04-15,14:05:20,2026-04-15,14:05:24,NIFTY,BUY,TYPE_F,BOOK_ENTRY_1,BOOK_EXIT_1,24228.35,24225.5,NIFTY21APR2624200CE,24200.0,CE,243.0,242.75,245.0,240.0,245.0,240.0,0.002266,0.002469,ws,ws,book_ladder,book_ladder,False,False,-2.0,2.75,65,-16.25,strategy_S9-10__TYPE_F:NIFTY:2026-04-15T14:05:20:LONG
2026-04-15,14:07:04,2026-04-15,14:07:41,NIFTY,BUY,TYPE_F,BOOK_ENTRY_1,BOOK_EXIT_1,24230.85,24227.95,NIFTY21APR2624200CE,24200.0,CE,244.0,243.1,245.0,240.0,245.0,240.0,0.001025,0.001439,ws,ws,book_ladder,book_ladder,False,False,-1.0,3.1,65,-58.5,strategy_S9-10__TYPE_F:NIFTY:2026-04-15T14:07:04:LONG
2026-04-15,14:08:53,2026-04-15,14:09:25,NIFTY,SELL,TYPE_F,BOOK_ENTRY_1,BOOK_EXIT_1,24225.75,24225.65,NIFTY21APR2624250PE,24250.0,PE,221.85,221.1,225.0,220.0,225.0,220.0,0.002256,0.002484,ws,ws,book_ladder,book_ladder,False,False,-3.15,1.1,65,-48.75,strategy_S9-10__TYPE_F:NIFTY:2026-04-15T14:08:53:SHORT
2026-04-15,14:10:13,2026-04-15,14:11:00,NIFTY,SELL,TYPE_F,BOOK_ENTRY_1,BOOK_EXIT_1,24224.2,24222.75,NIFTY21APR2624250PE,24250.0,PE,223.85,226.65,225.0,225.0,225.0,225.0,0.00246,0.001543,ws,ws,book_ladder,book_ladder,False,False,-1.15,1.65,65,182.0,strategy_S9-10__TYPE_F:NIFTY:2026-04-15T14:10:13:SHORT
2026-04-15,14:11:19,2026-04-15,14:11:31,NIFTY,SELL,TYPE_F,BOOK_ENTRY_1,BOOK_EXIT_1,24220.25,24222.1,NIFTY21APR2624250PE,24250.0,PE,229.0,227.95,230.0,225.0,230.0,225.0,0.000655,0.001972,ws,ws,book_ladder,book_ladder,False,False,-1.0,2.95,65,-68.25,strategy_S9-10__TYPE_F:NIFTY:2026-04-15T14:11:19:SHORT
2026-04-15,14:11:40,2026-04-15,14:11:50,NIFTY,SELL,TYPE_F,BOOK_ENTRY_1,BOOK_EXIT_1,24220.3,24221.2,NIFTY21APR2624250PE,24250.0,PE,229.7,228.15,230.0,225.0,230.0,225.0,0.002179,0.00197,ws,ws,book_ladder,book_ladder,False,False,-0.3,3.15,65,-100.75,strategy_S9-10__TYPE_F:NIFTY:2026-04-15T14:11:40:SHORT
2026-04-15,14:12:01,2026-04-15,14:13:12,NIFTY,BUY,TYPE_F,BOOK_ENTRY_1,BOOK_EXIT_1,24228.35,24235.0,NIFTY21APR2624200CE,24200.0,CE,241.4,245.15,245.0,245.0,245.0,245.0,0.001244,0.002241,ws,ws,book_ladder,book_ladder,False,False,-3.6,0.15,65,243.75,strategy_S9-10__TYPE_F:NIFTY:2026-04-15T14:12:01:LONG
2026-04-15,14:13:29,2026-04-15,14:13:58,NIFTY,SELL,TYPE_F,BOOK_ENTRY_1,BOOK_EXIT_1,24232.3,24233.0,NIFTY21APR2624250PE,24250.0,PE,222.15,222.2,225.0,220.0,225.0,220.0,0.002253,0.002472,ws,ws,book_ladder,book_ladder,False,False,-2.85,2.2,65,3.25,strategy_S9-10__TYPE_F:NIFTY:2026-04-15T14:13:29:SHORT
2026-04-15,14:14:46,2026-04-15,14:16:16,NIFTY,SELL,TYPE_F,BOOK_ENTRY_1,BOOK_EXIT_1,24227.1,24221.45,NIFTY21APR2624250PE,24250.0,PE,222.4,225.0,225.0,225.0,225.0,225.0,0.001575,0.001776,ws,ws,book_ladder,book_ladder,False,False,-2.6,0.0,65,169.0,strategy_S9-10__TYPE_F:NIFTY:2026-04-15T14:14:46:SHORT
2026-04-15,14:16:33,2026-04-15,14:17:54,NIFTY,BUY,TYPE_F,BOOK_ENTRY_1,BOOK_EXIT_1,24223.5,24228.65,NIFTY21APR2624200CE,24200.0,CE,239.15,240.0,240.0,240.0,240.0,240.0,0.001465,0.000833,ws,ws,book_ladder,book_ladder,False,False,-0.85,0.0,65,55.25,strategy_S9-10__TYPE_F:NIFTY:2026-04-15T14:16:33:LONG
2026-04-15,14:18:10,2026-04-15,14:19:05,NIFTY,SELL,TYPE_F,BOOK_ENTRY_1,BOOK_EXIT_2,24226.9,24224.45,NIFTY21APR2624250PE,24250.0,PE,224.0,224.95,225.0,225.0,225.0,220.0,0.001564,0.00222,ws,ws,book_ladder,book_ladder,False,True,-1.0,-0.05,65,61.75,strategy_S9-10__TYPE_F:NIFTY:2026-04-15T14:18:10:SHORT
2026-04-15,14:19:23,2026-04-15,14:19:35,NIFTY,SELL,TYPE_F,BOOK_ENTRY_1,BOOK_EXIT_1,24222.2,24224.85,NIFTY21APR2624250PE,24250.0,PE,224.9,224.1,225.0,220.0,225.0,220.0,0.000667,0.001783,ws,ws,book_ladder,book_ladder,False,False,-0.1,4.1,65,-52.0,strategy_S9-10__TYPE_F:NIFTY:2026-04-15T14:19:23:SHORT
2026-04-15,14:19:43,2026-04-15,14:21:42,NIFTY,BUY,TYPE_F,BOOK_ENTRY_1,BOOK_EXIT_1,24225.65,24231.55,NIFTY21APR2624200CE,24200.0,CE,239.45,243.85,240.0,240.0,240.0,240.0,0.00209,0.000615,ws,ws,book_ladder,book_ladder,False,False,-0.55,3.85,65,286.0,strategy_S9-10__TYPE_F:NIFTY:2026-04-15T14:19:43:LONG
2026-04-15,14:21:58,2026-04-15,14:22:22,NIFTY,BUY,TYPE_F,BOOK_ENTRY_1,BOOK_EXIT_1,24237.55,24236.0,NIFTY21APR2624200CE,24200.0,CE,245.0,243.25,245.0,240.0,245.0,240.0,0.000612,0.002258,ws,ws,book_ladder,book_ladder,False,False,0.0,3.25,65,-113.75,strategy_S9-10__TYPE_F:NIFTY:2026-04-15T14:21:58:LONG
2026-04-15,14:22:32,2026-04-15,14:22:50,NIFTY,SELL,TYPE_F,BOOK_ENTRY_1,BOOK_EXIT_1,24233.45,24232.65,NIFTY21APR2624250PE,24250.0,PE,220.35,220.25,225.0,220.0,225.0,220.0,0.002044,0.000454,ws,ws,book_ladder,book_ladder,False,False,-4.65,0.25,65,-6.5,strategy_S9-10__TYPE_F:NIFTY:2026-04-15T14:22:32:SHORT
2026-04-15,14:23:19,2026-04-15,14:24:35,NIFTY,SELL,TYPE_F,BOOK_ENTRY_1,BOOK_EXIT_1,24228.9,24219.35,NIFTY21APR2624250PE,24250.0,PE,221.6,223.5,225.0,220.0,225.0,220.0,0.002259,0.002458,ws,ws,book_ladder,book_ladder,False,False,-3.4,3.5,65,123.5,strategy_S9-10__TYPE_F:NIFTY:2026-04-15T14:23:19:SHORT
2026-04-15,14:24:48,2026-04-15,14:25:11,NIFTY,SELL,TYPE_F,BOOK_ENTRY_1,BOOK_EXIT_1,24215.6,24217.05,NIFTY21APR2624250PE,24250.0,PE,224.1,223.65,225.0,220.0,225.0,220.0,0.001116,0.002233,ws,ws,book_ladder,book_ladder,False,False,-0.9,3.65,65,-29.25,strategy_S9-10__TYPE_F:NIFTY:2026-04-15T14:24:48:SHORT
2026-04-15,14:25:20,2026-04-15,14:25:43,NIFTY,BUY,TYPE_F,BOOK_ENTRY_1,BOOK_EXIT_1,24225.25,24223.35,NIFTY21APR2624200CE,24200.0,CE,243.0,240.4,245.0,240.0,245.0,240.0,0.002266,0.002078,ws,ws,book_ladder,book_ladder,False,False,-2.0,0.4,65,-169.0,strategy_S9-10__TYPE_F:NIFTY:2026-04-15T14:25:20:LONG
2026-04-15,14:26:00,2026-04-15,14:26:05,NIFTY,BUY,TYPE_F,BOOK_ENTRY_1,BOOK_EXIT_1,24227.15,24226.2,NIFTY21APR2624200CE,24200.0,CE,242.8,242.15,245.0,240.0,245.0,240.0,0.002061,0.001651,ws,ws,book_ladder,book_ladder,False,False,-2.2,2.15,65,-42.25,strategy_S9-10__TYPE_F:NIFTY:2026-04-15T14:26:00:LONG
2026-04-15,14:26:31,2026-04-15,14:27:34,NIFTY,BUY,TYPE_F,BOOK_ENTRY_1,BOOK_EXIT_1,24228.8,24233.45,NIFTY21APR2624200CE,24200.0,CE,243.45,243.05,245.0,240.0,245.0,240.0,0.00185,0.000411,ws,ws,book_ladder,book_ladder,False,False,-1.55,3.05,65,-26.0,strategy_S9-10__TYPE_F:NIFTY:2026-04-15T14:26:31:LONG
2026-04-15,14:28:02,2026-04-15,14:28:12,NIFTY,SELL,TYPE_F,BOOK_ENTRY_1,BOOK_EXIT_1,24232.05,24232.65,NIFTY21APR2624250PE,24250.0,PE,220.5,221.05,225.0,220.0,225.0,220.0,0.001816,0.001808,ws,ws,book_ladder,book_ladder,False,False,-4.5,1.05,65,35.75,strategy_S9-10__TYPE_F:NIFTY:2026-04-15T14:28:02:SHORT
2026-04-15,14:28:22,2026-04-15,14:28:46,NIFTY,SELL,TYPE_F,BOOK_ENTRY_1,BOOK_EXIT_1,24227.75,24228.75,NIFTY21APR2624250PE,24250.0,PE,221.15,220.15,225.0,220.0,225.0,220.0,0.001357,0.002495,ws,ws,book_ladder,book_ladder,False,False,-3.85,0.15,65,-65.0,strategy_S9-10__TYPE_F:NIFTY:2026-04-15T14:28:22:SHORT
2026-04-15,14:29:11,2026-04-15,14:29:48,NIFTY,BUY,TYPE_F,BOOK_ENTRY_1,BOOK_EXIT_1,24232.0,24230.55,NIFTY21APR2624200CE,24200.0,CE,242.3,242.7,245.0,240.0,245.0,240.0,0.001652,0.001235,ws,ws,book_ladder,book_ladder,False,False,-2.7,2.7,65,26.0,strategy_S9-10__TYPE_F:NIFTY:2026-04-15T14:29:11:LONG
2026-04-15,14:29:50,2026-04-15,14:30:39,NIFTY,BUY,TYPE_F,BOOK_ENTRY_1,BOOK_EXIT_1,24232.85,24235.45,NIFTY21APR2624200CE,24200.0,CE,243.0,246.65,245.0,245.0,245.0,245.0,0.001647,0.00162,ws,ws,book_ladder,book_ladder,False,False,-2.0,1.65,65,237.25,strategy_S9-10__TYPE_F:NIFTY:2026-04-15T14:29:50:LONG
2026-04-15,14:31:35,2026-04-15,14:31:40,NIFTY,BUY,TYPE_F,BOOK_ENTRY_1,BOOK_EXIT_1,24236.1,24233.85,NIFTY21APR2624200CE,24200.0,CE,247.15,246.8,250.0,245.0,250.0,245.0,0.00162,0.001822,ws,ws,book_ladder,book_ladder,False,False,-2.85,1.8,65,-22.75,strategy_S9-10__TYPE_F:NIFTY:2026-04-15T14:31:35:LONG
2026-04-15,14:32:08,2026-04-15,14:32:39,NIFTY,BUY,TYPE_F,BOOK_ENTRY_1,BOOK_EXIT_1,24235.75,24232.45,NIFTY21APR2624200CE,24200.0,CE,246.5,244.5,250.0,240.0,250.0,240.0,0.001624,0.001839,ws,ws,book_ladder,book_ladder,False,False,-3.5,4.5,65,-130.0,strategy_S9-10__TYPE_F:NIFTY:2026-04-15T14:32:08:LONG
2026-04-15,14:32:41,2026-04-15,14:33:20,NIFTY,SELL,TYPE_F,BOOK_ENTRY_1,BOOK_EXIT_1,24231.5,24230.85,NIFTY21APR2624250PE,24250.0,PE,219.6,220.0,220.0,220.0,220.0,220.0,0.002051,0.00159,ws,ws,book_ladder,book_ladder,False,False,-0.4,0.0,65,26.0,strategy_S9-10__TYPE_F:NIFTY:2026-04-15T14:32:41:SHORT
2026-04-15,14:33:50,2026-04-15,14:33:59,NIFTY,BUY,TYPE_F,BOOK_ENTRY_1,BOOK_EXIT_1,24231.6,24229.95,NIFTY21APR2624200CE,24200.0,CE,242.6,240.5,245.0,240.0,245.0,240.0,0.001031,0.001869,ws,ws,book_ladder,book_ladder,False,False,-2.4,0.5,65,-136.5,strategy_S9-10__TYPE_F:NIFTY:2026-04-15T14:33:50:LONG
2026-04-15,14:34:11,2026-04-15,14:35:05,NIFTY,BUY,TYPE_F,BOOK_ENTRY_1,BOOK_EXIT_1,24232.55,24234.15,NIFTY21APR2624200CE,24200.0,CE,242.0,241.75,245.0,240.0,245.0,240.0,0.00062,0.00186,ws,ws,book_ladder,book_ladder,False,False,-3.0,1.75,65,-16.25,strategy_S9-10__TYPE_F:NIFTY:2026-04-15T14:34:11:LONG
2026-04-15,14:35:20,2026-04-15,14:35:40,NIFTY,BUY,TYPE_F,BOOK_ENTRY_1,BOOK_EXIT_1,24236.25,24232.85,NIFTY21APR2624200CE,24200.0,CE,242.0,240.5,245.0,240.0,245.0,240.0,0.000827,0.001662,ws,ws,book_ladder,book_ladder,False,False,-3.0,0.5,65,-97.5,strategy_S9-10__TYPE_F:NIFTY:2026-04-15T14:35:20:LONG
2026-04-15,14:36:41,2026-04-15,14:36:50,NIFTY,SELL,TYPE_F,BOOK_ENTRY_1,BOOK_EXIT_1,24231.2,24231.7,NIFTY21APR2624250PE,24250.0,PE,221.8,222.15,225.0,220.0,225.0,220.0,0.001353,0.002024,ws,ws,book_ladder,book_ladder,False,False,-3.2,2.15,65,22.75,strategy_S9-10__TYPE_F:NIFTY:2026-04-15T14:36:41:SHORT
2026-04-15,14:37:04,2026-04-15,14:37:45,NIFTY,SELL,TYPE_F,BOOK_ENTRY_1,BOOK_EXIT_1,24228.2,24224.05,NIFTY21APR2624250PE,24250.0,PE,222.95,224.0,225.0,220.0,225.0,220.0,0.002245,0.00223,ws,ws,book_ladder,book_ladder,False,False,-2.05,4.0,65,68.25,strategy_S9-10__TYPE_F:NIFTY:2026-04-15T14:37:04:SHORT
2026-04-15,14:38:17,2026-04-15,14:38:35,NIFTY,BUY,TYPE_F,BOOK_ENTRY_1,BOOK_EXIT_1,24226.95,24224.95,NIFTY21APR2624200CE,24200.0,CE,236.6,235.85,240.0,235.0,240.0,235.0,0.002116,0.001059,ws,ws,book_ladder,book_ladder,False,False,-3.4,0.85,65,-48.75,strategy_S9-10__TYPE_F:NIFTY:2026-04-15T14:38:17:LONG
2026-04-15,14:38:42,2026-04-15,14:39:20,NIFTY,SELL,TYPE_F,BOOK_ENTRY_1,BOOK_EXIT_1,24222.3,24222.05,NIFTY21APR2624250PE,24250.0,PE,226.0,225.6,230.0,225.0,230.0,225.0,0.00155,0.001993,ws,ws,book_ladder,book_ladder,False,False,-4.0,0.6,65,-26.0,strategy_S9-10__TYPE_F:NIFTY:2026-04-15T14:38:42:SHORT
2026-04-15,14:39:47,2026-04-15,14:41:25,NIFTY,BUY,TYPE_F,BOOK_ENTRY_1,BOOK_EXIT_1,24223.85,24228.05,NIFTY21APR2624200CE,24200.0,CE,235.0,236.9,235.0,235.0,235.0,235.0,0.000426,0.001898,ws,ws,book_ladder,book_ladder,False,False,0.0,1.9,65,123.5,strategy_S9-10__TYPE_F:NIFTY:2026-04-15T14:39:47:LONG
2026-04-15,14:41:35,2026-04-15,14:42:01,NIFTY,BUY,TYPE_F,BOOK_ENTRY_1,BOOK_EXIT_1,24231.05,24229.6,NIFTY21APR2624200CE,24200.0,CE,237.6,237.05,240.0,235.0,240.0,235.0,0.001263,0.000422,ws,ws,book_ladder,book_ladder,False,False,-2.4,2.05,65,-35.75,strategy_S9-10__TYPE_F:NIFTY:2026-04-15T14:41:35:LONG
2026-04-15,14:42:26,2026-04-15,14:43:51,NIFTY,BUY,TYPE_F,BOOK_ENTRY_1,BOOK_EXIT_1,24231.95,24233.5,NIFTY21APR2624200CE,24200.0,CE,238.75,240.5,240.0,240.0,240.0,240.0,0.001677,0.002077,ws,ws,book_ladder,book_ladder,False,False,-1.25,0.5,65,113.75,strategy_S9-10__TYPE_F:NIFTY:2026-04-15T14:42:26:LONG
2026-04-15,14:44:13,2026-04-15,14:44:44,NIFTY,SELL,TYPE_F,BOOK_ENTRY_1,BOOK_EXIT_1,24232.55,24235.35,NIFTY21APR2624250PE,24250.0,PE,223.95,224.45,225.0,220.0,225.0,220.0,0.000893,0.002225,ws,ws,book_ladder,book_ladder,False,False,-1.05,4.45,65,32.5,strategy_S9-10__TYPE_F:NIFTY:2026-04-15T14:44:13:SHORT
2026-04-15,14:45:05,2026-04-15,14:45:33,NIFTY,BUY,TYPE_F,BOOK_ENTRY_1,BOOK_EXIT_1,24235.7,24234.7,NIFTY21APR2624200CE,24200.0,CE,244.85,243.3,245.0,240.0,245.0,240.0,0.002249,0.002258,ws,ws,book_ladder,book_ladder,False,False,-0.15,3.3,65,-100.75,strategy_S9-10__TYPE_F:NIFTY:2026-04-15T14:45:05:LONG
2026-04-15,14:45:47,2026-04-15,14:45:57,NIFTY,SELL,TYPE_F,BOOK_ENTRY_1,BOOK_EXIT_1,24233.1,24234.15,NIFTY21APR2624250PE,24250.0,PE,226.9,226.3,230.0,225.0,230.0,225.0,0.00022,0.001766,ws,ws,book_ladder,book_ladder,False,False,-3.1,1.3,65,-39.0,strategy_S9-10__TYPE_F:NIFTY:2026-04-15T14:45:47:SHORT
2026-04-15,14:46:10,2026-04-15,14:46:20,NIFTY,SELL,TYPE_F,BOOK_ENTRY_1,BOOK_EXIT_1,24232.4,24233.95,NIFTY21APR2624250PE,24250.0,PE,225.95,225.7,230.0,225.0,230.0,225.0,0.002215,0.001992,ws,ws,book_ladder,book_ladder,False,False,-4.05,0.7,65,-16.25,strategy_S9-10__TYPE_F:NIFTY:2026-04-15T14:46:10:SHORT
2026-04-15,14:46:32,2026-04-15,14:47:05,NIFTY,BUY,TYPE_F,BOOK_ENTRY_1,BOOK_EXIT_1,24234.95,24233.5,NIFTY21APR2624200CE,24200.0,CE,242.4,242.3,245.0,240.0,245.0,240.0,0.001032,0.001649,ws,ws,book_ladder,book_ladder,False,False,-2.6,2.3,65,-6.5,strategy_S9-10__TYPE_F:NIFTY:2026-04-15T14:46:32:LONG
2026-04-15,14:47:27,2026-04-15,14:48:18,NIFTY,BUY,TYPE_F,BOOK_ENTRY_1,BOOK_EXIT_1,24236.6,24237.5,NIFTY21APR2624200CE,24200.0,CE,243.0,244.0,245.0,240.0,245.0,240.0,0.001854,0.001229,ws,ws,book_ladder,book_ladder,False,False,-2.0,4.0,65,65.0,strategy_S9-10__TYPE_F:NIFTY:2026-04-15T14:47:27:LONG
2026-04-15,14:48:36,2026-04-15,14:48:53,NIFTY,SELL,TYPE_F,BOOK_ENTRY_1,BOOK_EXIT_1,24236.3,24238.1,NIFTY21APR2624250PE,24250.0,PE,224.75,223.8,225.0,220.0,225.0,220.0,0.00245,0.002009,ws,ws,book_ladder,book_ladder,False,False,-0.25,3.8,65,-61.75,strategy_S9-10__TYPE_F:NIFTY:2026-04-15T14:48:36:SHORT
2026-04-15,14:49:05,2026-04-15,14:50:09,NIFTY,BUY,TYPE_F,BOOK_ENTRY_1,BOOK_EXIT_1,24239.5,24243.3,NIFTY21APR2624200CE,24200.0,CE,244.8,247.45,245.0,245.0,245.0,245.0,0.00184,0.000404,ws,ws,book_ladder,book_ladder,False,False,-0.2,2.45,65,172.25,strategy_S9-10__TYPE_F:NIFTY:2026-04-15T14:49:05:LONG
2026-04-15,14:50:16,2026-04-15,14:50:50,NIFTY,SELL,TYPE_F,BOOK_ENTRY_1,BOOK_EXIT_1,24239.1,24238.15,NIFTY21APR2624250PE,24250.0,PE,222.85,223.25,225.0,220.0,225.0,220.0,0.001572,0.00179,ws,ws,book_ladder,book_ladder,False,False,-2.15,3.25,65,26.0,strategy_S9-10__TYPE_F:NIFTY:2026-04-15T14:50:16:SHORT
2026-04-15,14:51:04,2026-04-15,14:53:02,NIFTY,BUY,TYPE_F,BOOK_ENTRY_1,BOOK_EXIT_1,24240.0,24258.55,NIFTY21APR2624200CE,24200.0,CE,246.75,255.7,250.0,255.0,250.0,255.0,0.001825,0.002344,ws,ws,book_ladder,book_ladder,False,False,-3.25,0.7,65,581.75,strategy_S9-10__TYPE_F:NIFTY:2026-04-15T14:51:04:LONG
2026-04-15,14:53:32,2026-04-15,14:54:20,NIFTY,SELL,TYPE_F,BOOK_ENTRY_1,BOOK_EXIT_1,24255.7,24249.75,NIFTY21APR2624300PE,24300.0,PE,236.45,239.0,240.0,235.0,240.0,235.0,0.00127,0.001672,ws,ws,book_ladder,book_ladder,False,False,-3.55,4.0,65,165.75,strategy_S9-10__TYPE_F:NIFTY:2026-04-15T14:53:32:SHORT
2026-04-15,14:55:10,2026-04-15,14:55:50,NIFTY,SELL,TYPE_F,BOOK_ENTRY_1,BOOK_EXIT_1,24244.2,24246.95,NIFTY21APR2624250PE,24250.0,PE,216.6,216.35,220.0,215.0,220.0,215.0,0.001848,0.001847,ws,ws,book_ladder,book_ladder,False,False,-3.4,1.35,65,-16.25,strategy_S9-10__TYPE_F:NIFTY:2026-04-15T14:55:10:SHORT
2026-04-15,14:56:00,2026-04-15,14:56:08,NIFTY,BUY,TYPE_F,BOOK_ENTRY_1,BOOK_EXIT_1,24247.65,24245.6,NIFTY21APR2624200CE,24200.0,CE,253.7,252.6,255.0,250.0,255.0,250.0,0.002368,0.002175,ws,ws,book_ladder,book_ladder,False,False,-1.3,2.6,65,-71.5,strategy_S9-10__TYPE_F:NIFTY:2026-04-15T14:56:00:LONG
2026-04-15,14:56:13,2026-04-15,14:56:40,NIFTY,SELL,TYPE_F,BOOK_ENTRY_1,BOOK_EXIT_1,24242.35,24243.7,NIFTY21APR2624250PE,24250.0,PE,217.0,217.3,220.0,215.0,220.0,215.0,0.000461,0.00138,ws,ws,book_ladder,book_ladder,False,False,-3.0,2.3,65,19.5,strategy_S9-10__TYPE_F:NIFTY:2026-04-15T14:56:13:SHORT
2026-04-15,14:56:50,2026-04-15,14:57:18,NIFTY,BUY,TYPE_F,BOOK_ENTRY_1,BOOK_EXIT_1,24246.2,24249.5,NIFTY21APR2624200CE,24200.0,CE,251.4,253.25,255.0,250.0,255.0,250.0,0.000199,0.001381,ws,ws,book_ladder,book_ladder,False,False,-3.6,3.25,65,120.25,strategy_S9-10__TYPE_F:NIFTY:2026-04-15T14:56:50:LONG
2026-04-15,14:57:26,2026-04-15,14:57:51,NIFTY,BUY,TYPE_F,BOOK_ENTRY_1,BOOK_EXIT_1,24253.95,24253.65,NIFTY21APR2624250CE,24250.0,CE,225.55,225.15,230.0,225.0,230.0,225.0,0.001997,0.002661,ws,ws,book_ladder,book_ladder,False,False,-4.45,0.15,65,-26.0,strategy_S9-10__TYPE_F:NIFTY:2026-04-15T14:57:26:LONG
2026-04-15,14:58:13,2026-04-15,14:58:20,NIFTY,SELL,TYPE_F,BOOK_ENTRY_1,BOOK_EXIT_1,24251.85,24254.8,NIFTY21APR2624300PE,24300.0,PE,238.95,238.05,240.0,235.0,240.0,235.0,0.001675,0.00084,ws,ws,book_ladder,book_ladder,False,False,-1.05,3.05,65,-58.5,strategy_S9-10__TYPE_F:NIFTY:2026-04-15T14:58:13:SHORT
2026-04-15,14:58:43,2026-04-15,14:59:43,NIFTY,BUY,TYPE_F,BOOK_ENTRY_1,BOOK_EXIT_1,24256.7,24260.95,NIFTY21APR2624250CE,24250.0,CE,226.1,226.5,230.0,225.0,230.0,225.0,0.001992,0.001764,ws,ws,book_ladder,book_ladder,False,False,-3.9,1.5,65,26.0,strategy_S9-10__TYPE_F:NIFTY:2026-04-15T14:58:43:LONG
2026-04-15,15:00:00,2026-04-15,15:00:21,NIFTY,BUY,TYPE_F,BOOK_ENTRY_1,BOOK_EXIT_1,24263.75,24261.85,NIFTY21APR2624250CE,24250.0,CE,225.8,224.6,230.0,220.0,230.0,220.0,0.002439,0.002002,ws,ws,book_ladder,book_ladder,False,False,-4.2,4.6,65,-78.0,strategy_S9-10__TYPE_F:NIFTY:2026-04-15T15:00:00:LONG
2026-04-15,15:00:32,2026-04-15,15:01:00,NIFTY,SELL,TYPE_F,BOOK_ENTRY_1,BOOK_EXIT_1,24249.35,24239.8,NIFTY21APR2624250PE,24250.0,PE,217.65,220.25,220.0,220.0,220.0,220.0,0.0023,0.002041,ws,ws,book_ladder,book_ladder,False,False,-2.35,0.25,65,169.0,strategy_S9-10__TYPE_F:NIFTY:2026-04-15T15:00:32:SHORT
2026-04-15,15:02:02,2026-04-15,15:02:23,NIFTY,BUY,TYPE_F,BOOK_ENTRY_1,BOOK_EXIT_1,24242.55,24240.7,NIFTY21APR2624200CE,24200.0,CE,241.9,240.0,245.0,240.0,245.0,240.0,0.002069,0.002081,ws,ws,book_ladder,book_ladder,False,False,-3.1,0.0,65,-123.5,strategy_S9-10__TYPE_F:NIFTY:2026-04-15T15:02:02:LONG
2026-04-15,15:02:43,2026-04-15,15:03:29,NIFTY,BUY,TYPE_F,BOOK_ENTRY_1,BOOK_EXIT_1,24244.15,24244.9,NIFTY21APR2624200CE,24200.0,CE,243.0,243.4,245.0,240.0,245.0,240.0,0.000617,0.001232,ws,ws,book_ladder,book_ladder,False,False,-2.0,3.4,65,26.0,strategy_S9-10__TYPE_F:NIFTY:2026-04-15T15:02:43:LONG
2026-04-15,15:04:00,2026-04-15,15:04:08,NIFTY,BUY,TYPE_F,BOOK_ENTRY_1,BOOK_EXIT_1,24245.95,24243.15,NIFTY21APR2624200CE,24200.0,CE,242.85,241.7,245.0,240.0,245.0,240.0,0.000618,0.002273,ws,ws,book_ladder,book_ladder,False,False,-2.15,1.7,65,-74.75,strategy_S9-10__TYPE_F:NIFTY:2026-04-15T15:04:00:LONG
2026-04-15,15:04:29,2026-04-15,15:04:41,NIFTY,SELL,TYPE_F,BOOK_ENTRY_1,BOOK_EXIT_1,24241.85,24243.75,NIFTY21APR2624250PE,24250.0,PE,222.5,221.0,225.0,220.0,225.0,220.0,0.00045,0.002034,ws,ws,book_ladder,book_ladder,False,False,-2.5,1.0,65,-97.5,strategy_S9-10__TYPE_F:NIFTY:2026-04-15T15:04:29:SHORT
2026-04-15,15:04:50,2026-04-15,15:05:34,NIFTY,BUY,TYPE_F,BOOK_ENTRY_1,BOOK_EXIT_1,24244.85,24247.15,NIFTY21APR2624200CE,24200.0,CE,243.5,242.9,245.0,240.0,245.0,240.0,0.001027,0.002056,ws,ws,book_ladder,book_ladder,False,False,-1.5,2.9,65,-39.0,strategy_S9-10__TYPE_F:NIFTY:2026-04-15T15:04:50:LONG
2026-04-15,15:05:52,2026-04-15,15:05:59,NIFTY,BUY,TYPE_F,BOOK_ENTRY_1,BOOK_EXIT_1,24248.85,24248.05,NIFTY21APR2624200CE,24200.0,CE,244.7,244.35,245.0,240.0,245.0,240.0,0.001022,0.001023,ws,ws,book_ladder,book_ladder,False,False,-0.3,4.35,65,-22.75,strategy_S9-10__TYPE_F:NIFTY:2026-04-15T15:05:52:LONG
2026-04-15,15:06:18,2026-04-15,15:06:42,NIFTY,SELL,TYPE_F,BOOK_ENTRY_1,BOOK_EXIT_1,24244.7,24244.8,NIFTY21APR2624250PE,24250.0,PE,223.0,223.0,225.0,220.0,225.0,220.0,0.001571,0.001344,ws,ws,book_ladder,book_ladder,False,False,-2.0,3.0,65,0.0,strategy_S9-10__TYPE_F:NIFTY:2026-04-15T15:06:18:SHORT
2026-04-15,15:06:50,2026-04-15,15:07:03,NIFTY,BUY,TYPE_F,BOOK_ENTRY_1,BOOK_EXIT_1,24246.3,24244.35,NIFTY21APR2624200CE,24200.0,CE,240.55,238.05,245.0,235.0,245.0,235.0,0.001872,0.002098,ws,ws,book_ladder,book_ladder,False,False,-4.45,3.05,65,-162.5,strategy_S9-10__TYPE_F:NIFTY:2026-04-15T15:06:50:LONG
2026-04-15,15:07:21,2026-04-15,15:07:51,NIFTY,SELL,TYPE_F,BOOK_ENTRY_1,BOOK_EXIT_1,24242.8,24234.2,NIFTY21APR2624250PE,24250.0,PE,225.85,231.7,230.0,230.0,230.0,230.0,0.001994,0.00194,ws,ws,book_ladder,book_ladder,False,False,-4.15,1.7,65,380.25,strategy_S9-10__TYPE_F:NIFTY:2026-04-15T15:07:21:SHORT
2026-04-15,15:08:10,2026-04-15,15:08:24,NIFTY,BUY,TYPE_F,BOOK_ENTRY_1,BOOK_EXIT_1,24238.75,24235.15,NIFTY21APR2624200CE,24200.0,CE,235.9,234.65,240.0,230.0,240.0,230.0,0.001697,0.00149,ws,ws,book_ladder,book_ladder,False,False,-4.1,4.65,65,-81.25,strategy_S9-10__TYPE_F:NIFTY:2026-04-15T15:08:10:LONG
2026-04-15,15:08:37,2026-04-15,15:09:00,NIFTY,SELL,TYPE_F,BOOK_ENTRY_1,BOOK_EXIT_1,24232.15,24235.05,NIFTY21APR2624250PE,24250.0,PE,233.0,233.0,235.0,230.0,235.0,230.0,0.000429,0.001929,ws,ws,book_ladder,book_ladder,False,False,-2.0,3.0,65,0.0,strategy_S9-10__TYPE_F:NIFTY:2026-04-15T15:08:37:SHORT
2026-04-15,15:10:32,2026-04-15,15:10:37,NIFTY,BUY,TYPE_F,BOOK_ENTRY_1,BOOK_EXIT_1,24240.2,24236.15,NIFTY21APR2624200CE,24200.0,CE,238.5,238.3,240.0,235.0,240.0,235.0,0.001679,0.001468,ws,ws,book_ladder,book_ladder,False,False,-1.5,3.3,65,-13.0,strategy_S9-10__TYPE_F:NIFTY:2026-04-15T15:10:32:LONG
2026-04-15,15:10:54,2026-04-15,15:11:03,NIFTY,BUY,TYPE_F,BOOK_ENTRY_1,BOOK_EXIT_1,24242.45,24238.65,NIFTY21APR2624200CE,24200.0,CE,237.65,236.05,240.0,235.0,240.0,235.0,0.001685,0.001482,ws,ws,book_ladder,book_ladder,False,False,-2.35,1.05,65,-104.0,strategy_S9-10__TYPE_F:NIFTY:2026-04-15T15:10:54:LONG
2026-04-15,15:11:11,2026-04-15,15:11:33,NIFTY,SELL,TYPE_F,BOOK_ENTRY_1,BOOK_EXIT_1,24235.3,24235.75,NIFTY21APR2624250PE,24250.0,PE,234.05,232.4,235.0,230.0,235.0,230.0,0.000214,0.001934,ws,ws,book_ladder,book_ladder,False,False,-0.95,2.4,65,-107.25,strategy_S9-10__TYPE_F:NIFTY:2026-04-15T15:11:11:SHORT
2026-04-15,15:11:51,2026-04-15,15:12:12,NIFTY,SELL,TYPE_F,BOOK_ENTRY_1,BOOK_EXIT_1,24233.2,24233.7,NIFTY21APR2624250PE,24250.0,PE,233.6,231.1,235.0,230.0,235.0,230.0,0.002143,0.000649,ws,ws,book_ladder,book_ladder,False,False,-1.4,1.1,65,-162.5,strategy_S9-10__TYPE_F:NIFTY:2026-04-15T15:11:51:SHORT
2026-04-15,15:12:21,2026-04-15,15:12:50,NIFTY,SELL,TYPE_F,BOOK_ENTRY_1,BOOK_EXIT_1,24229.6,24228.15,NIFTY21APR2624250PE,24250.0,PE,233.0,232.35,235.0,230.0,235.0,230.0,0.001718,0.00086,ws,ws,book_ladder,book_ladder,False,False,-2.0,2.35,65,-42.25,strategy_S9-10__TYPE_F:NIFTY:2026-04-15T15:12:21:SHORT
2026-04-15,15:13:08,2026-04-15,15:13:31,NIFTY,SELL,TYPE_F,BOOK_ENTRY_1,BOOK_EXIT_1,24225.9,24226.0,NIFTY21APR2624250PE,24250.0,PE,232.65,229.95,235.0,225.0,235.0,225.0,0.001721,0.000652,ws,ws,book_ladder,book_ladder,False,False,-2.35,4.95,65,-175.5,strategy_S9-10__TYPE_F:NIFTY:2026-04-15T15:13:08:SHORT
2026-04-15,15:13:53,2026-04-15,15:14:31,NIFTY,BUY,TYPE_F,BOOK_ENTRY_1,BOOK_EXIT_1,24227.6,24227.8,NIFTY21APR2624200CE,24200.0,CE,236.75,236.3,240.0,235.0,240.0,235.0,0.002326,0.002114,ws,ws,book_ladder,book_ladder,False,False,-3.25,1.3,65,-29.25,strategy_S9-10__TYPE_F:NIFTY:2026-04-15T15:13:53:LONG
2026-04-15,15:15:06,2026-04-15,15:15:42,NIFTY,SELL,TYPE_F,BOOK_ENTRY_1,BOOK_EXIT_2,24225.65,24225.65,NIFTY21APR2624250PE,24250.0,PE,235.0,229.9,235.0,230.0,235.0,225.0,0.001277,0.001738,ws,ws,book_ladder,book_ladder,False,True,0.0,-0.1,65,-331.5,strategy_S9-10__TYPE_F:NIFTY:2026-04-15T15:15:06:SHORT
2026-04-15,15:16:02,2026-04-15,15:16:11,NIFTY,BUY,TYPE_F,BOOK_ENTRY_1,BOOK_EXIT_1,24226.65,24224.55,NIFTY21APR2624200CE,24200.0,CE,237.65,236.7,240.0,235.0,240.0,235.0,0.00021,0.002532,ws,ws,book_ladder,book_ladder,False,False,-2.35,1.7,65,-61.75,strategy_S9-10__TYPE_F:NIFTY:2026-04-15T15:16:02:LONG
2026-04-15,15:16:21,2026-04-15,15:16:41,NIFTY,SELL,TYPE_F,BOOK_ENTRY_1,BOOK_EXIT_1,24223.15,24224.2,NIFTY21APR2624250PE,24250.0,PE,232.65,232.1,235.0,230.0,235.0,230.0,0.002151,0.001292,ws,ws,book_ladder,book_ladder,False,False,-2.35,2.1,65,-35.75,strategy_S9-10__TYPE_F:NIFTY:2026-04-15T15:16:21:SHORT
2026-04-15,15:17:05,2026-04-15,15:18:06,NIFTY,BUY,TYPE_F,BOOK_ENTRY_1,BOOK_EXIT_1,24226.95,24228.15,NIFTY21APR2624200CE,24200.0,CE,237.15,236.3,240.0,235.0,240.0,235.0,0.001899,0.002114,ws,ws,book_ladder,book_ladder,False,False,-2.85,1.3,65,-55.25,strategy_S9-10__TYPE_F:NIFTY:2026-04-15T15:17:05:LONG
2026-04-15,15:18:31,2026-04-15,15:18:38,NIFTY,BUY,TYPE_F,BOOK_ENTRY_1,BOOK_EXIT_1,24230.25,24229.0,NIFTY21APR2624200CE,24200.0,CE,236.9,236.95,240.0,235.0,240.0,235.0,0.001267,0.000211,ws,ws,book_ladder,book_ladder,False,False,-3.1,1.95,65,3.25,strategy_S9-10__TYPE_F:NIFTY:2026-04-15T15:18:31:LONG
2026-04-15,15:18:56,2026-04-15,15:19:15,NIFTY,SELL,TYPE_F,BOOK_ENTRY_1,BOOK_EXIT_1,24227.45,24229.55,NIFTY21APR2624250PE,24250.0,PE,231.45,232.0,235.0,230.0,235.0,230.0,0.00173,0.000862,ws,ws,book_ladder,book_ladder,False,False,-3.55,2.0,65,35.75,strategy_S9-10__TYPE_F:NIFTY:2026-04-15T15:18:56:SHORT
2026-04-15,15:19:26,2026-04-15,15:20:07,NIFTY,SELL,TYPE_F,BOOK_ENTRY_1,BOOK_EXIT_1,24226.35,24225.45,NIFTY21APR2624250PE,24250.0,PE,232.9,233.85,235.0,230.0,235.0,230.0,0.001074,0.001068,ws,ws,book_ladder,book_ladder,False,False,-2.1,3.85,65,61.75,strategy_S9-10__TYPE_F:NIFTY:2026-04-15T15:19:26:SHORT
2026-04-15,15:20:16,2026-04-15,15:20:36,NIFTY,BUY,TYPE_F,BOOK_ENTRY_1,BOOK_EXIT_1,24228.05,24226.3,NIFTY21APR2624200CE,24200.0,CE,236.0,234.85,240.0,230.0,240.0,230.0,0.000636,0.001702,ws,ws,book_ladder,book_ladder,False,False,-4.0,4.85,65,-74.75,strategy_S9-10__TYPE_F:NIFTY:2026-04-15T15:20:16:LONG
2026-04-15,15:21:00,2026-04-15,15:21:09,NIFTY,BUY,TYPE_F,BOOK_ENTRY_1,BOOK_EXIT_1,24227.15,24225.05,NIFTY21APR2624200CE,24200.0,CE,235.35,235.05,240.0,235.0,240.0,235.0,0.001276,0.001488,ws,ws,book_ladder,book_ladder,False,False,-4.65,0.05,65,-19.5,strategy_S9-10__TYPE_F:NIFTY:2026-04-15T15:21:00:LONG
2026-04-15,15:22:25,2026-04-15,15:22:57,NIFTY,SELL,TYPE_F,BOOK_ENTRY_1,BOOK_EXIT_1,24223.3,24224.9,NIFTY21APR2624250PE,24250.0,PE,234.05,233.7,235.0,230.0,235.0,230.0,0.00171,0.001069,ws,ws,book_ladder,book_ladder,False,False,-0.95,3.7,65,-22.75,strategy_S9-10__TYPE_F:NIFTY:2026-04-15T15:22:25:SHORT
2026-04-15,15:23:01,2026-04-15,15:23:09,NIFTY,BUY,TYPE_F,BOOK_ENTRY_1,BOOK_EXIT_1,24225.45,24223.35,NIFTY21APR2624200CE,24200.0,CE,236.0,235.2,240.0,235.0,240.0,235.0,0.001484,0.001062,ws,ws,book_ladder,book_ladder,False,False,-4.0,0.2,65,-52.0,strategy_S9-10__TYPE_F:NIFTY:2026-04-15T15:23:01:LONG
2026-04-15,15:23:24,2026-04-15,15:23:45,NIFTY,SELL,TYPE_F,BOOK_ENTRY_1,BOOK_EXIT_2,24220.35,24222.3,NIFTY21APR2624250PE,24250.0,PE,234.7,234.9,235.0,235.0,235.0,230.0,0.001492,0.002126,ws,ws,book_ladder,book_ladder,False,True,-0.3,-0.1,65,13.0,strategy_S9-10__TYPE_F:NIFTY:2026-04-15T15:23:24:SHORT
2026-04-15,15:24:00,2026-04-15,15:25:26,NIFTY,BUY,TYPE_F,BOOK_ENTRY_1,BOOK_EXIT_1,24223.3,24223.1,NIFTY21APR2624200CE,24200.0,CE,235.0,236.25,235.0,235.0,235.0,235.0,0.00149,0.001058,ws,ws,book_ladder,book_ladder,False,False,0.0,1.25,65,81.25,strategy_S9-10__TYPE_F:NIFTY:2026-04-15T15:24:00:LONG
