Entry_Date,Entry_Time,Exit_Date,Exit_Time,Underlying_Symbol,Strategy_Direction,Execution_Mode,Entry_Label,Exit_Label,Underlying_Entry_Price,Underlying_Exit_Price,Option_Symbol,Option_Strike,Option_Type,Option_Entry_Price,Option_Exit_Price,Entry_Fair_Value,Exit_Fair_Value,Entry_Limit_Price,Exit_Limit_Price,Entry_Spread_Pct,Exit_Spread_Pct,Entry_Quote_Source,Exit_Quote_Source,Entry_Pricing_Mode,Exit_Pricing_Mode,Entry_Repriced,Exit_Repriced,Entry_Slippage_vs_Fair,Exit_Slippage_vs_Fair,Qty,PnL,Trade_ID
2026-04-16,09:18:29,2026-04-16,09:18:54,NIFTY,SELL,TYPE_D,LIMIT_ENTRY,LIMIT_EXIT,24371.1,24374.65,NIFTY21APR2624400PE,24400.0,PE,219.3,215.45,218.9,215.8,220.0,210.0,0.022823,0.023178,ws,ws,entry_l1_cap,exit_l1_profit_protect,False,False,0.4,-0.35,65,-250.25,strategy_S5-10__TYPE_D:NIFTY:2026-04-16T09:18:29:SHORT
2026-04-16,09:19:03,2026-04-16,09:20:12,NIFTY,BUY,TYPE_D,LIMIT_ENTRY,LIMIT_EXIT,24379.0,24389.45,NIFTY21APR2624350CE,24350.0,CE,195.7,206.1,195.63,206.39,200.0,200.0,0.025575,0.024231,ws,ws,entry_l1_cap,exit_l1_profit_protect,False,False,0.0667,-0.2857,65,676.0,strategy_S5-10__TYPE_D:NIFTY:2026-04-16T09:19:03:LONG
2026-04-16,09:20:33,2026-04-16,09:21:07,NIFTY,SELL,TYPE_D,LIMIT_ENTRY,LIMIT_EXIT,24389.0,24390.05,NIFTY21APR2624400PE,24400.0,PE,206.15,207.95,206.08,207.97,210.0,200.0,0.02426,0.024036,ws,ws,entry_l1_cap,exit_l1_profit_protect,False,False,0.0667,-0.025,65,117.0,strategy_S5-10__TYPE_D:NIFTY:2026-04-16T09:20:33:SHORT
2026-04-16,09:21:12,2026-04-16,09:21:27,NIFTY,BUY,TYPE_D,LIMIT_ENTRY,LIMIT_EXIT,24391.85,24387.3,NIFTY21APR2624350CE,24350.0,CE,205.0,204.8,204.76,204.83,205.0,195.0,0.024405,0.024402,ws,ws,entry_l1_cap,exit_l1_profit_protect,False,False,0.2358,-0.0333,65,-13.0,strategy_S5-10__TYPE_D:NIFTY:2026-04-16T09:21:12:LONG
2026-04-16,09:21:36,2026-04-16,09:21:42,NIFTY,SELL,TYPE_D,LIMIT_ENTRY,LIMIT_EXIT,24385.85,24388.85,NIFTY21APR2624400PE,24400.0,PE,208.95,207.7,208.53,207.93,210.0,200.0,0.023958,0.024047,ws,ws,entry_l1_cap,exit_l1_profit_protect,False,False,0.425,-0.225,65,-81.25,strategy_S5-10__TYPE_D:NIFTY:2026-04-16T09:21:36:SHORT
2026-04-16,09:22:04,2026-04-16,09:22:36,NIFTY,SELL,TYPE_D,LIMIT_ENTRY,LIMIT_EXIT,24385.15,24389.4,NIFTY21APR2624400PE,24400.0,PE,208.75,208.0,208.67,208.29,210.0,200.0,0.023964,0.024021,ws,ws,entry_l1_cap,exit_l1_profit_protect,False,False,0.08,-0.2941,65,-48.75,strategy_S5-10__TYPE_D:NIFTY:2026-04-16T09:22:04:SHORT
2026-04-16,09:23:09,2026-04-16,09:23:33,NIFTY,SELL,TYPE_D,LIMIT_ENTRY,LIMIT_EXIT,24383.8,24383.75,NIFTY21APR2624400PE,24400.0,PE,207.8,207.1,207.7,207.28,210.0,200.0,0.024079,0.024128,ws,ws,entry_l1_cap,exit_l1_profit_protect,False,False,0.1,-0.1786,65,-45.5,strategy_S5-10__TYPE_D:NIFTY:2026-04-16T09:23:09:SHORT
2026-04-16,09:23:53,2026-04-16,09:23:58,NIFTY,BUY,TYPE_D,LIMIT_ENTRY,LIMIT_EXIT,24385.7,24381.15,NIFTY21APR2624350CE,24350.0,CE,201.1,198.8,201.1,199.05,205.0,190.0,0.024879,0.025119,ws,ws,entry_l1_cap,exit_l1_profit_protect,False,False,0.004,-0.25,65,-149.5,strategy_S5-10__TYPE_D:NIFTY:2026-04-16T09:23:53:LONG
2026-04-16,09:24:21,2026-04-16,09:24:46,NIFTY,SELL,TYPE_D,LIMIT_ENTRY,LIMIT_EXIT,24378.45,24376.95,NIFTY21APR2624400PE,24400.0,PE,209.1,207.15,209.09,207.19,210.0,200.0,0.023929,0.024111,ws,ws,entry_l1_cap,exit_l1_profit_protect,False,False,0.0125,-0.0375,65,-126.75,strategy_S5-10__TYPE_D:NIFTY:2026-04-16T09:24:21:SHORT
2026-04-16,09:24:51,2026-04-16,09:25:55,NIFTY,BUY,TYPE_D,LIMIT_ENTRY,LIMIT_EXIT,24384.25,24396.1,NIFTY21APR2624350CE,24350.0,CE,199.95,206.2,199.65,206.54,200.0,200.0,0.025031,0.024216,ws,ws,entry_l1_cap,exit_l1_profit_protect,False,False,0.3,-0.3438,65,406.25,strategy_S5-10__TYPE_D:NIFTY:2026-04-16T09:24:51:LONG
2026-04-16,09:26:22,2026-04-16,09:27:05,NIFTY,SELL,TYPE_D,LIMIT_ENTRY,LIMIT_EXIT,24391.8,24389.4,NIFTY21APR2624400PE,24400.0,PE,197.9,198.65,197.72,198.75,200.0,190.0,0.025288,0.025148,ws,ws,entry_l1_cap,exit_l1_profit_protect,False,False,0.175,-0.105,65,48.75,strategy_S5-10__TYPE_D:NIFTY:2026-04-16T09:26:22:SHORT
2026-04-16,09:27:12,2026-04-16,09:27:42,NIFTY,BUY,TYPE_D,LIMIT_ENTRY,LIMIT_EXIT,24394.0,24391.6,NIFTY21APR2624350CE,24350.0,CE,207.6,204.3,207.36,204.33,210.0,195.0,0.024114,0.024456,ws,ws,entry_l1_cap,exit_l1_profit_protect,False,False,0.2353,-0.0333,65,-214.5,strategy_S5-10__TYPE_D:NIFTY:2026-04-16T09:27:12:LONG
2026-04-16,09:27:50,2026-04-16,09:28:16,NIFTY,SELL,TYPE_D,LIMIT_ENTRY,LIMIT_EXIT,24388.1,24384.75,NIFTY21APR2624400PE,24400.0,PE,201.0,202.25,200.91,202.4,205.0,195.0,0.024903,0.024704,ws,ws,entry_l1_cap,exit_l1_profit_protect,False,False,0.09,-0.15,65,81.25,strategy_S5-10__TYPE_D:NIFTY:2026-04-16T09:27:50:SHORT
2026-04-16,09:28:32,2026-04-16,09:28:44,NIFTY,SELL,TYPE_D,LIMIT_ENTRY,LIMIT_EXIT,24382.0,24385.3,NIFTY21APR2624400PE,24400.0,PE,203.1,201.3,202.89,201.68,205.0,195.0,0.02464,0.024808,ws,ws,entry_l1_cap,exit_l1_profit_protect,False,False,0.21,-0.375,65,-117.0,strategy_S5-10__TYPE_D:NIFTY:2026-04-16T09:28:32:SHORT
2026-04-16,09:28:55,2026-04-16,09:29:16,NIFTY,BUY,TYPE_D,LIMIT_ENTRY,LIMIT_EXIT,24388.85,24389.35,NIFTY21APR2624350CE,24350.0,CE,203.2,203.85,203.16,204.29,205.0,195.0,0.024624,0.024498,ws,ws,entry_l1_cap,exit_l1_profit_protect,False,False,0.0375,-0.4375,65,42.25,strategy_S5-10__TYPE_D:NIFTY:2026-04-16T09:28:55:LONG
2026-04-16,09:29:50,2026-04-16,09:30:04,NIFTY,SELL,TYPE_D,LIMIT_ENTRY,LIMIT_EXIT,24387.8,24391.1,NIFTY21APR2624400PE,24400.0,PE,200.95,199.05,200.85,199.19,205.0,190.0,0.024903,0.0251,ws,ws,entry_l1_cap,exit_l1_profit_protect,False,False,0.1,-0.1364,65,-123.5,strategy_S5-10__TYPE_D:NIFTY:2026-04-16T09:29:50:SHORT
2026-04-16,09:30:34,2026-04-16,09:30:36,NIFTY,SELL,TYPE_D,LIMIT_ENTRY,LIMIT_EXIT,24388.3,24392.25,NIFTY21APR2624400PE,24400.0,PE,199.6,199.4,199.55,199.56,200.0,190.0,0.025056,0.025047,ws,ws,entry_l1_cap,exit_l1_profit_protect,False,False,0.05,-0.1558,65,-13.0,strategy_S5-10__TYPE_D:NIFTY:2026-04-16T09:30:34:SHORT
2026-04-16,09:30:53,2026-04-16,09:31:16,NIFTY,SELL,TYPE_D,LIMIT_ENTRY,LIMIT_EXIT,24385.7,24390.15,NIFTY21APR2624400PE,24400.0,PE,200.75,200.0,200.55,200.21,205.0,195.0,0.024928,0.024984,ws,ws,entry_l1_cap,exit_l1_profit_protect,False,False,0.2,-0.2091,65,-48.75,strategy_S5-10__TYPE_D:NIFTY:2026-04-16T09:30:53:SHORT
2026-04-16,09:31:32,2026-04-16,09:33:08,NIFTY,SELL,TYPE_D,LIMIT_ENTRY,LIMIT_EXIT,24386.1,24368.85,NIFTY21APR2624400PE,24400.0,PE,203.35,213.5,203.07,213.8,205.0,205.0,0.024621,0.023395,ws,ws,entry_l1_cap,exit_l1_profit_protect,False,False,0.2833,-0.3,65,659.75,strategy_S5-10__TYPE_D:NIFTY:2026-04-16T09:31:32:SHORT
2026-04-16,09:33:20,2026-04-16,09:33:53,NIFTY,SELL,TYPE_D,LIMIT_ENTRY,LIMIT_EXIT,24365.8,24364.2,NIFTY21APR2624400PE,24400.0,PE,214.75,214.85,214.63,214.91,215.0,205.0,0.023307,0.023264,ws,ws,entry_l1_cap,exit_l1_profit_protect,False,False,0.1227,-0.0643,65,6.5,strategy_S5-10__TYPE_D:NIFTY:2026-04-16T09:33:20:SHORT
2026-04-16,09:34:18,2026-04-16,09:34:39,NIFTY,SELL,TYPE_D,LIMIT_ENTRY,LIMIT_EXIT,24353.7,24358.55,NIFTY21APR2624400PE,24400.0,PE,216.0,216.3,215.85,216.47,220.0,210.0,0.023156,0.023089,ws,ws,entry_l1_cap,exit_l1_profit_protect,False,False,0.1488,-0.1667,65,19.5,strategy_S5-10__TYPE_D:NIFTY:2026-04-16T09:34:18:SHORT
2026-04-16,09:35:01,2026-04-16,09:35:18,NIFTY,BUY,TYPE_D,LIMIT_ENTRY,LIMIT_EXIT,24360.2,24355.65,NIFTY21APR2624350CE,24350.0,CE,189.75,186.45,189.63,186.67,190.0,180.0,0.026375,0.026792,ws,ws,entry_l1_cap,exit_l1_profit_protect,False,False,0.1167,-0.2188,65,-214.5,strategy_S5-10__TYPE_D:NIFTY:2026-04-16T09:35:01:LONG
2026-04-16,09:35:22,2026-04-16,09:36:02,NIFTY,SELL,TYPE_D,LIMIT_ENTRY,LIMIT_EXIT,24355.05,24357.3,NIFTY21APR2624400PE,24400.0,PE,218.5,217.4,218.2,217.52,220.0,210.0,0.02291,0.022973,ws,ws,entry_l1_cap,exit_l1_profit_protect,False,False,0.3,-0.1212,65,-71.5,strategy_S5-10__TYPE_D:NIFTY:2026-04-16T09:35:22:SHORT
2026-04-16,09:36:11,2026-04-16,09:36:30,NIFTY,BUY,TYPE_D,LIMIT_ENTRY,LIMIT_EXIT,24360.15,24358.7,NIFTY21APR2624350CE,24350.0,CE,189.45,188.8,189.21,189.1,190.0,180.0,0.026424,0.026455,ws,ws,entry_l1_cap,exit_l1_profit_protect,False,False,0.2411,-0.3,65,-42.25,strategy_S5-10__TYPE_D:NIFTY:2026-04-16T09:36:11:LONG
2026-04-16,09:37:01,2026-04-16,09:39:25,NIFTY,SELL,TYPE_D,LIMIT_ENTRY,LIMIT_EXIT,24355.75,24314.8,NIFTY21APR2624400PE,24400.0,PE,219.55,239.6,219.49,239.8,220.0,230.0,0.022802,0.020842,ws,ws,entry_l1_cap,exit_l1_profit_protect,False,False,0.0647,-0.2,65,1303.25,strategy_S5-10__TYPE_D:NIFTY:2026-04-16T09:37:01:SHORT
2026-04-16,09:39:33,2026-04-16,09:39:52,NIFTY,BUY,TYPE_D,LIMIT_ENTRY,LIMIT_EXIT,24324.85,24325.1,NIFTY21APR2624300CE,24300.0,CE,203.25,203.05,202.93,203.29,205.0,195.0,0.024634,0.024597,ws,ws,entry_l1_cap,exit_l1_profit_protect,False,False,0.3208,-0.2423,65,-13.0,strategy_S5-10__TYPE_D:NIFTY:2026-04-16T09:39:33:LONG
2026-04-16,09:40:03,2026-04-16,09:40:29,NIFTY,BUY,TYPE_D,LIMIT_ENTRY,LIMIT_EXIT,24328.05,24329.1,NIFTY21APR2624300CE,24300.0,CE,201.05,201.8,200.66,202.03,205.0,195.0,0.0249,0.024749,ws,ws,entry_l1_cap,exit_l1_profit_protect,False,False,0.3889,-0.225,65,48.75,strategy_S5-10__TYPE_D:NIFTY:2026-04-16T09:40:03:LONG
2026-04-16,09:40:33,2026-04-16,09:42:07,NIFTY,SELL,TYPE_D,LIMIT_ENTRY,LIMIT_EXIT,24324.65,24310.6,NIFTY21APR2624350PE,24350.0,PE,212.0,218.55,211.81,218.72,215.0,210.0,0.023613,0.022852,ws,ws,entry_l1_cap,exit_l1_profit_protect,False,False,0.1923,-0.1667,65,425.75,strategy_S5-10__TYPE_D:NIFTY:2026-04-16T09:40:33:SHORT
2026-04-16,09:42:16,2026-04-16,09:42:24,NIFTY,BUY,TYPE_D,LIMIT_ENTRY,LIMIT_EXIT,24313.4,24309.2,NIFTY21APR2624300CE,24300.0,CE,197.25,196.45,196.83,196.55,200.0,190.0,0.025377,0.025423,ws,ws,entry_l1_cap,exit_l1_profit_protect,False,False,0.4179,-0.1,65,-52.0,strategy_S5-10__TYPE_D:NIFTY:2026-04-16T09:42:16:LONG
2026-04-16,09:42:47,2026-04-16,09:43:01,NIFTY,SELL,TYPE_D,LIMIT_ENTRY,LIMIT_EXIT,24306.8,24308.7,NIFTY21APR2624350PE,24350.0,PE,222.55,221.5,222.3,221.84,225.0,215.0,0.022492,0.02255,ws,ws,entry_l1_cap,exit_l1_profit_protect,False,False,0.25,-0.3375,65,-68.25,strategy_S5-10__TYPE_D:NIFTY:2026-04-16T09:42:47:SHORT
2026-04-16,09:43:22,2026-04-16,09:43:50,NIFTY,BUY,TYPE_D,LIMIT_ENTRY,LIMIT_EXIT,24307.7,24302.45,NIFTY21APR2624300CE,24300.0,CE,195.8,192.85,195.49,193.15,200.0,185.0,0.025562,0.025897,ws,ws,entry_l1_cap,exit_l1_profit_protect,False,False,0.3111,-0.3,65,-191.75,strategy_S5-10__TYPE_D:NIFTY:2026-04-16T09:43:22:LONG
2026-04-16,09:45:22,2026-04-16,09:45:46,NIFTY,SELL,TYPE_D,LIMIT_ENTRY,LIMIT_EXIT,24298.5,24300.3,NIFTY21APR2624300PE,24300.0,PE,204.6,203.25,204.21,203.35,205.0,195.0,0.024468,0.024579,ws,ws,entry_l1_cap,exit_l1_profit_protect,False,False,0.3889,-0.105,65,-87.75,strategy_S5-10__TYPE_D:NIFTY:2026-04-16T09:45:22:SHORT
2026-04-16,09:45:50,2026-04-16,09:47:19,NIFTY,BUY,TYPE_D,LIMIT_ENTRY,LIMIT_EXIT,24303.65,24325.05,NIFTY21APR2624300CE,24300.0,CE,192.0,198.3,191.75,198.6,195.0,190.0,0.026062,0.025192,ws,ws,entry_l1_cap,exit_l1_profit_protect,False,False,0.2538,-0.3,65,409.5,strategy_S5-10__TYPE_D:NIFTY:2026-04-16T09:45:50:LONG
2026-04-16,09:47:56,2026-04-16,09:48:15,NIFTY,SELL,TYPE_D,LIMIT_ENTRY,LIMIT_EXIT,24320.5,24324.35,NIFTY21APR2624350PE,24350.0,PE,213.8,212.75,213.63,212.85,215.0,205.0,0.023414,0.023485,ws,ws,entry_l1_cap,exit_l1_profit_protect,False,False,0.1667,-0.1,65,-68.25,strategy_S5-10__TYPE_D:NIFTY:2026-04-16T09:47:56:SHORT
2026-04-16,09:48:27,2026-04-16,09:48:47,NIFTY,BUY,TYPE_D,LIMIT_ENTRY,LIMIT_EXIT,24330.55,24325.4,NIFTY21APR2624300CE,24300.0,CE,201.0,200.2,200.81,200.32,205.0,195.0,0.024888,0.024959,ws,ws,entry_l1_cap,exit_l1_profit_protect,False,False,0.1921,-0.125,65,-52.0,strategy_S5-10__TYPE_D:NIFTY:2026-04-16T09:48:27:LONG
2026-04-16,09:49:39,2026-04-16,09:50:02,NIFTY,BUY,TYPE_D,LIMIT_ENTRY,LIMIT_EXIT,24329.2,24325.3,NIFTY21APR2624300CE,24300.0,CE,200.55,200.45,200.37,200.67,205.0,195.0,0.024966,0.024913,ws,ws,entry_l1_cap,exit_l1_profit_protect,False,False,0.1833,-0.2188,65,-6.5,strategy_S5-10__TYPE_D:NIFTY:2026-04-16T09:49:39:LONG
2026-04-16,09:50:10,2026-04-16,09:50:21,NIFTY,SELL,TYPE_D,LIMIT_ENTRY,LIMIT_EXIT,24324.7,24328.4,NIFTY21APR2624350PE,24350.0,PE,210.8,208.5,210.58,208.8,215.0,200.0,0.023742,0.023955,ws,ws,entry_l1_cap,exit_l1_profit_protect,False,False,0.2182,-0.3,65,-149.5,strategy_S5-10__TYPE_D:NIFTY:2026-04-16T09:50:10:SHORT
2026-04-16,09:50:50,2026-04-16,09:51:12,NIFTY,BUY,TYPE_D,LIMIT_ENTRY,LIMIT_EXIT,24333.55,24327.5,NIFTY21APR2624300CE,24300.0,CE,203.5,202.0,203.29,202.13,205.0,195.0,0.024588,0.024743,ws,ws,entry_l1_cap,exit_l1_profit_protect,False,False,0.2118,-0.1312,65,-97.5,strategy_S5-10__TYPE_D:NIFTY:2026-04-16T09:50:50:LONG
2026-04-16,09:51:23,2026-04-16,09:51:45,NIFTY,SELL,TYPE_D,LIMIT_ENTRY,LIMIT_EXIT,24318.9,24318.8,NIFTY21APR2624350PE,24350.0,PE,214.1,215.1,213.93,215.3,215.0,210.0,0.023367,0.023223,ws,ws,entry_l1_cap,exit_l1_profit_protect,False,False,0.1667,-0.2,65,65.0,strategy_S5-10__TYPE_D:NIFTY:2026-04-16T09:51:23:SHORT
2026-04-16,09:51:53,2026-04-16,09:52:39,NIFTY,BUY,TYPE_D,LIMIT_ENTRY,LIMIT_EXIT,24326.05,24329.55,NIFTY21APR2624300CE,24300.0,CE,201.0,202.55,200.9,202.66,205.0,195.0,0.024897,0.024655,ws,ws,entry_l1_cap,exit_l1_profit_protect,False,False,0.0955,-0.1071,65,100.75,strategy_S5-10__TYPE_D:NIFTY:2026-04-16T09:51:53:LONG
2026-04-16,09:52:45,2026-04-16,09:54:21,NIFTY,SELL,TYPE_D,LIMIT_ENTRY,LIMIT_EXIT,24327.25,24307.75,NIFTY21APR2624350PE,24350.0,PE,208.9,220.55,208.56,220.65,210.0,215.0,0.023958,0.022645,ws,ws,entry_l1_cap,exit_l1_profit_protect,False,False,0.3429,-0.1,65,757.25,strategy_S5-10__TYPE_D:NIFTY:2026-04-16T09:52:45:SHORT
2026-04-16,09:54:31,2026-04-16,09:54:57,NIFTY,BUY,TYPE_D,LIMIT_ENTRY,LIMIT_EXIT,24313.65,24315.35,NIFTY21APR2624300CE,24300.0,CE,194.35,194.7,194.12,194.76,195.0,185.0,0.02575,0.025657,ws,ws,entry_l1_cap,exit_l1_profit_protect,False,False,0.2333,-0.0636,65,22.75,strategy_S5-10__TYPE_D:NIFTY:2026-04-16T09:54:31:LONG
2026-04-16,09:55:11,2026-04-16,09:56:06,NIFTY,SELL,TYPE_D,LIMIT_ENTRY,LIMIT_EXIT,24306.05,24306.05,NIFTY21APR2624350PE,24350.0,PE,222.45,222.85,222.3,223.22,225.0,215.0,0.022492,0.022411,ws,ws,entry_l1_cap,exit_l1_profit_protect,False,False,0.15,-0.375,65,26.0,strategy_S5-10__TYPE_D:NIFTY:2026-04-16T09:55:11:SHORT
2026-04-16,09:56:20,2026-04-16,09:56:51,NIFTY,SELL,TYPE_D,LIMIT_ENTRY,LIMIT_EXIT,24294.15,24297.8,NIFTY21APR2624300PE,24300.0,PE,204.65,204.1,204.55,204.31,205.0,195.0,0.024453,0.02448,ws,ws,entry_l1_cap,exit_l1_profit_protect,False,False,0.1,-0.21,65,-35.75,strategy_S5-10__TYPE_D:NIFTY:2026-04-16T09:56:20:SHORT
2026-04-16,09:57:02,2026-04-16,09:58:21,NIFTY,SELL,TYPE_D,LIMIT_ENTRY,LIMIT_EXIT,24292.6,24279.75,NIFTY21APR2624300PE,24300.0,PE,206.95,211.25,206.86,211.4,210.0,205.0,0.024169,0.023643,ws,ws,entry_l1_cap,exit_l1_profit_protect,False,False,0.0857,-0.15,65,279.5,strategy_S5-10__TYPE_D:NIFTY:2026-04-16T09:57:02:SHORT
2026-04-16,09:58:40,2026-04-16,09:58:55,NIFTY,BUY,TYPE_D,LIMIT_ENTRY,LIMIT_EXIT,24283.9,24281.85,NIFTY21APR2624250CE,24250.0,CE,209.3,208.3,209.26,208.62,210.0,200.0,0.023909,0.023975,ws,ws,entry_l1_cap,exit_l1_profit_protect,False,False,0.0438,-0.3235,65,-65.0,strategy_S5-10__TYPE_D:NIFTY:2026-04-16T09:58:40:LONG
2026-04-16,09:59:21,2026-04-16,09:59:41,NIFTY,SELL,TYPE_D,LIMIT_ENTRY,LIMIT_EXIT,24280.0,24278.55,NIFTY21APR2624300PE,24300.0,PE,213.4,216.6,213.24,216.62,215.0,210.0,0.023441,0.023063,ws,ws,entry_l1_cap,exit_l1_profit_protect,False,False,0.16,-0.0186,65,208.0,strategy_S5-10__TYPE_D:NIFTY:2026-04-16T09:59:21:SHORT
2026-04-16,09:59:50,2026-04-16,10:00:16,NIFTY,SELL,TYPE_D,LIMIT_ENTRY,LIMIT_EXIT,24272.5,24273.75,NIFTY21APR2624300PE,24300.0,PE,217.65,215.85,217.43,215.88,220.0,210.0,0.022996,0.023159,ws,ws,entry_l1_cap,exit_l1_profit_protect,False,False,0.225,-0.0333,65,-117.0,strategy_S5-10__TYPE_D:NIFTY:2026-04-16T09:59:50:SHORT
2026-04-16,10:00:45,2026-04-16,10:00:59,NIFTY,BUY,TYPE_D,LIMIT_ENTRY,LIMIT_EXIT,24278.4,24273.4,NIFTY21APR2624250CE,24250.0,CE,205.75,204.65,205.7,204.99,210.0,195.0,0.024316,0.024405,ws,ws,entry_l1_cap,exit_l1_profit_protect,False,False,0.05,-0.3375,65,-71.5,strategy_S5-10__TYPE_D:NIFTY:2026-04-16T10:00:45:LONG
2026-04-16,10:01:02,2026-04-16,10:01:11,NIFTY,BUY,TYPE_D,LIMIT_ENTRY,LIMIT_EXIT,24279.8,24275.25,NIFTY21APR2624250CE,24250.0,CE,205.5,205.5,205.48,205.52,210.0,200.0,0.024349,0.024313,ws,ws,entry_l1_cap,exit_l1_profit_protect,False,False,0.0158,-0.0231,65,0.0,strategy_S5-10__TYPE_D:NIFTY:2026-04-16T10:01:02:LONG
2026-04-16,10:01:21,2026-04-16,10:01:44,NIFTY,SELL,TYPE_D,LIMIT_ENTRY,LIMIT_EXIT,24270.0,24278.75,NIFTY21APR2624300PE,24300.0,PE,218.6,212.4,218.43,212.82,220.0,205.0,0.022899,0.023516,ws,ws,entry_l1_cap,exit_l1_profit_protect,False,False,0.1667,-0.4179,65,-403.0,strategy_S5-10__TYPE_D:NIFTY:2026-04-16T10:01:21:SHORT
2026-04-16,10:03:00,2026-04-16,10:03:17,NIFTY,BUY,TYPE_D,LIMIT_ENTRY,LIMIT_EXIT,24290.4,24287.55,NIFTY21APR2624250CE,24250.0,CE,212.2,209.8,212.08,210.06,215.0,200.0,0.023588,0.023807,ws,ws,entry_l1_cap,exit_l1_profit_protect,False,False,0.1227,-0.2571,65,-156.0,strategy_S5-10__TYPE_D:NIFTY:2026-04-16T10:03:00:LONG
2026-04-16,10:03:21,2026-04-16,10:03:53,NIFTY,SELL,TYPE_D,LIMIT_ENTRY,LIMIT_EXIT,24285.7,24282.9,NIFTY21APR2624300PE,24300.0,PE,210.7,208.95,210.32,209.26,215.0,200.0,0.023759,0.023909,ws,ws,entry_l1_cap,exit_l1_profit_protect,False,False,0.375,-0.3063,65,-113.75,strategy_S5-10__TYPE_D:NIFTY:2026-04-16T10:03:21:SHORT
2026-04-16,10:04:03,2026-04-16,10:04:28,NIFTY,BUY,TYPE_D,LIMIT_ENTRY,LIMIT_EXIT,24288.4,24288.4,NIFTY21APR2624250CE,24250.0,CE,211.3,211.0,211.07,211.27,215.0,205.0,0.02368,0.023674,ws,ws,entry_l1_cap,exit_l1_profit_protect,False,False,0.225,-0.2667,65,-19.5,strategy_S5-10__TYPE_D:NIFTY:2026-04-16T10:04:03:LONG
2026-04-16,10:04:42,2026-04-16,10:05:13,NIFTY,BUY,TYPE_D,LIMIT_ENTRY,LIMIT_EXIT,24295.35,24297.8,NIFTY21APR2624250CE,24250.0,CE,214.75,216.2,214.5,216.52,215.0,210.0,0.02331,0.023097,ws,ws,entry_l1_cap,exit_l1_profit_protect,False,False,0.25,-0.3184,65,94.25,strategy_S5-10__TYPE_D:NIFTY:2026-04-16T10:04:42:LONG
2026-04-16,10:05:28,2026-04-16,10:05:51,NIFTY,SELL,TYPE_D,LIMIT_ENTRY,LIMIT_EXIT,24293.7,24297.9,NIFTY21APR2624300PE,24300.0,PE,202.1,200.9,201.82,201.23,205.0,195.0,0.024765,0.024863,ws,ws,entry_l1_cap,exit_l1_profit_protect,False,False,0.2824,-0.3333,65,-78.0,strategy_S5-10__TYPE_D:NIFTY:2026-04-16T10:05:28:SHORT
2026-04-16,10:06:01,2026-04-16,10:06:05,NIFTY,BUY,TYPE_D,LIMIT_ENTRY,LIMIT_EXIT,24298.6,24296.15,NIFTY21APR2624250CE,24250.0,CE,217.1,215.6,217.0,215.96,220.0,210.0,0.023047,0.023164,ws,ws,entry_l1_cap,exit_l1_profit_protect,False,False,0.1,-0.3636,65,-97.5,strategy_S5-10__TYPE_D:NIFTY:2026-04-16T10:06:01:LONG
2026-04-16,10:06:17,2026-04-16,10:06:47,NIFTY,SELL,TYPE_D,LIMIT_ENTRY,LIMIT_EXIT,24292.35,24293.1,NIFTY21APR2624300PE,24300.0,PE,204.85,205.8,204.57,205.82,205.0,200.0,0.024435,0.024292,ws,ws,entry_l1_cap,exit_l1_profit_protect,False,False,0.2812,-0.0167,65,61.75,strategy_S5-10__TYPE_D:NIFTY:2026-04-16T10:06:17:SHORT
2026-04-16,10:06:55,2026-04-16,10:07:26,NIFTY,SELL,TYPE_D,LIMIT_ENTRY,LIMIT_EXIT,24287.0,24284.95,NIFTY21APR2624300PE,24300.0,PE,207.85,207.7,207.55,207.85,210.0,200.0,0.024085,0.024047,ws,ws,entry_l1_cap,exit_l1_profit_protect,False,False,0.3,-0.15,65,-9.75,strategy_S5-10__TYPE_D:NIFTY:2026-04-16T10:06:55:SHORT
2026-04-16,10:07:41,2026-04-16,10:09:16,NIFTY,BUY,TYPE_D,LIMIT_ENTRY,LIMIT_EXIT,24288.85,24307.15,NIFTY21APR2624250CE,24250.0,CE,214.85,218.8,214.61,219.24,215.0,210.0,0.023288,0.022826,ws,ws,entry_l1_cap,exit_l1_profit_protect,False,False,0.24,-0.4375,65,256.75,strategy_S5-10__TYPE_D:NIFTY:2026-04-16T10:07:41:LONG
2026-04-16,10:09:44,2026-04-16,10:10:03,NIFTY,SELL,TYPE_D,LIMIT_ENTRY,LIMIT_EXIT,24305.65,24310.8,NIFTY21APR2624350PE,24350.0,PE,223.3,219.85,223.16,219.97,225.0,210.0,0.022416,0.022725,ws,ws,entry_l1_cap,exit_l1_profit_protect,False,False,0.1364,-0.1167,65,-224.25,strategy_S5-10__TYPE_D:NIFTY:2026-04-16T10:09:44:SHORT
2026-04-16,10:10:14,2026-04-16,10:10:42,NIFTY,BUY,TYPE_D,LIMIT_ENTRY,LIMIT_EXIT,24311.6,24316.2,NIFTY21APR2624300CE,24300.0,CE,193.2,195.65,192.95,195.71,195.0,190.0,0.025913,0.025533,ws,ws,entry_l1_cap,exit_l1_profit_protect,False,False,0.25,-0.0636,65,159.25,strategy_S5-10__TYPE_D:NIFTY:2026-04-16T10:10:14:LONG
2026-04-16,10:11:10,2026-04-16,10:11:33,NIFTY,SELL,TYPE_D,LIMIT_ENTRY,LIMIT_EXIT,24313.6,24318.9,NIFTY21APR2624350PE,24350.0,PE,218.15,216.6,218.02,216.7,220.0,210.0,0.022941,0.023073,ws,ws,entry_l1_cap,exit_l1_profit_protect,False,False,0.1333,-0.1,65,-100.75,strategy_S5-10__TYPE_D:NIFTY:2026-04-16T10:11:10:SHORT
2026-04-16,10:12:04,2026-04-16,10:12:51,NIFTY,SELL,TYPE_D,LIMIT_ENTRY,LIMIT_EXIT,24315.5,24299.2,NIFTY21APR2624350PE,24350.0,PE,219.0,222.75,218.78,223.04,220.0,215.0,0.022844,0.022427,ws,ws,entry_l1_cap,exit_l1_profit_protect,False,False,0.225,-0.2857,65,243.75,strategy_S5-10__TYPE_D:NIFTY:2026-04-16T10:12:04:SHORT
2026-04-16,10:13:23,2026-04-16,10:13:59,NIFTY,BUY,TYPE_D,LIMIT_ENTRY,LIMIT_EXIT,24305.75,24306.7,NIFTY21APR2624300CE,24300.0,CE,194.4,193.2,194.36,193.29,195.0,185.0,0.02574,0.025856,ws,ws,entry_l1_cap,exit_l1_profit_protect,False,False,0.0375,-0.0875,65,-78.0,strategy_S5-10__TYPE_D:NIFTY:2026-04-16T10:13:23:LONG
2026-04-16,10:14:11,2026-04-16,10:14:24,NIFTY,SELL,TYPE_D,LIMIT_ENTRY,LIMIT_EXIT,24304.75,24307.2,NIFTY21APR2624350PE,24350.0,PE,221.15,218.45,221.03,218.59,225.0,210.0,0.022627,0.022868,ws,ws,entry_l1_cap,exit_l1_profit_protect,False,False,0.1167,-0.1412,65,-175.5,strategy_S5-10__TYPE_D:NIFTY:2026-04-16T10:14:11:SHORT
2026-04-16,10:14:33,2026-04-16,10:15:00,NIFTY,BUY,TYPE_D,LIMIT_ENTRY,LIMIT_EXIT,24307.95,24306.15,NIFTY21APR2624300CE,24300.0,CE,193.8,193.05,193.45,193.18,195.0,185.0,0.02583,0.025883,ws,ws,entry_l1_cap,exit_l1_profit_protect,False,False,0.3462,-0.125,65,-48.75,strategy_S5-10__TYPE_D:NIFTY:2026-04-16T10:14:33:LONG
2026-04-16,10:15:31,2026-04-16,10:16:12,NIFTY,SELL,TYPE_D,LIMIT_ENTRY,LIMIT_EXIT,24302.55,24297.5,NIFTY21APR2624350PE,24350.0,PE,220.0,224.05,219.8,224.09,220.0,215.0,0.022745,0.022306,ws,ws,entry_l1_cap,exit_l1_profit_protect,False,False,0.2026,-0.04,65,263.25,strategy_S5-10__TYPE_D:NIFTY:2026-04-16T10:15:31:SHORT
2026-04-16,10:16:20,2026-04-16,10:16:33,NIFTY,SELL,TYPE_D,LIMIT_ENTRY,LIMIT_EXIT,24294.25,24296.9,NIFTY21APR2624300PE,24300.0,PE,200.25,198.65,200.03,198.77,205.0,190.0,0.024984,0.02516,ws,ws,entry_l1_cap,exit_l1_profit_protect,False,False,0.2177,-0.12,65,-104.0,strategy_S5-10__TYPE_D:NIFTY:2026-04-16T10:16:20:SHORT
2026-04-16,10:16:48,2026-04-16,10:17:01,NIFTY,BUY,TYPE_D,LIMIT_ENTRY,LIMIT_EXIT,24310.6,24311.1,NIFTY21APR2624300CE,24300.0,CE,191.8,191.55,191.63,191.65,195.0,185.0,0.026096,0.026079,ws,ws,entry_l1_cap,exit_l1_profit_protect,False,False,0.1714,-0.1,65,-16.25,strategy_S5-10__TYPE_D:NIFTY:2026-04-16T10:16:48:LONG
2026-04-16,10:17:30,2026-04-16,10:17:34,NIFTY,SELL,TYPE_D,LIMIT_ENTRY,LIMIT_EXIT,24297.45,24303.75,NIFTY21APR2624300PE,24300.0,PE,196.35,192.85,196.19,193.1,200.0,185.0,0.025494,0.025907,ws,ws,entry_l1_cap,exit_l1_profit_protect,False,False,0.1607,-0.2455,65,-227.5,strategy_S5-10__TYPE_D:NIFTY:2026-04-16T10:17:30:SHORT
2026-04-16,10:17:51,2026-04-16,10:17:59,NIFTY,BUY,TYPE_D,LIMIT_ENTRY,LIMIT_EXIT,24306.15,24301.05,NIFTY21APR2624300CE,24300.0,CE,192.6,190.15,192.45,190.31,195.0,185.0,0.025977,0.026267,ws,ws,entry_l1_cap,exit_l1_profit_protect,False,False,0.1458,-0.16,65,-159.25,strategy_S5-10__TYPE_D:NIFTY:2026-04-16T10:17:51:LONG
2026-04-16,10:18:01,2026-04-16,10:19:17,NIFTY,BUY,TYPE_D,LIMIT_ENTRY,LIMIT_EXIT,24308.1,24322.85,NIFTY21APR2624300CE,24300.0,CE,192.2,195.15,191.89,195.53,195.0,190.0,0.026048,0.025592,ws,ws,entry_l1_cap,exit_l1_profit_protect,False,False,0.3088,-0.3808,65,191.75,strategy_S5-10__TYPE_D:NIFTY:2026-04-16T10:18:01:LONG
2026-04-16,10:19:49,2026-04-16,10:20:16,NIFTY,SELL,TYPE_D,LIMIT_ENTRY,LIMIT_EXIT,24305.95,24309.65,NIFTY21APR2624350PE,24350.0,PE,218.95,216.65,218.72,216.77,220.0,210.0,0.02286,0.023049,ws,ws,entry_l1_cap,exit_l1_profit_protect,False,False,0.225,-0.1158,65,-149.5,strategy_S5-10__TYPE_D:NIFTY:2026-04-16T10:19:49:SHORT
2026-04-16,10:20:30,2026-04-16,10:20:38,NIFTY,SELL,TYPE_D,LIMIT_ENTRY,LIMIT_EXIT,24307.3,24309.95,NIFTY21APR2624350PE,24350.0,PE,214.65,213.6,214.57,213.68,215.0,205.0,0.023313,0.0234,ws,ws,entry_l1_cap,exit_l1_profit_protect,False,False,0.0778,-0.075,65,-68.25,strategy_S5-10__TYPE_D:NIFTY:2026-04-16T10:20:30:SHORT
2026-04-16,10:24:02,2026-04-16,10:27:00,NIFTY,BUY,TYPE_D,LIMIT_ENTRY,LIMIT_EXIT,24309.15,24312.0,NIFTY21APR2624300CE,24300.0,CE,190.8,193.2,190.67,193.39,195.0,185.0,0.026236,0.02585,ws,ws,entry_l1_cap,exit_l1_profit_protect,False,False,0.1286,-0.1853,65,156.0,strategy_S5-10__TYPE_D:NIFTY:2026-04-16T10:24:02:LONG
2026-04-16,10:27:18,2026-04-16,10:27:26,NIFTY,BUY,TYPE_D,LIMIT_ENTRY,LIMIT_EXIT,24316.75,24313.25,NIFTY21APR2624300CE,24300.0,CE,190.8,190.45,190.71,190.53,195.0,185.0,0.02623,0.026226,ws,ws,entry_l1_cap,exit_l1_profit_protect,False,False,0.0875,-0.0842,65,-22.75,strategy_S5-10__TYPE_D:NIFTY:2026-04-16T10:27:18:LONG
2026-04-16,10:27:36,2026-04-16,10:29:19,NIFTY,SELL,TYPE_D,LIMIT_ENTRY,LIMIT_EXIT,24308.75,24304.45,NIFTY21APR2624350PE,24350.0,PE,215.3,216.85,215.18,217.12,220.0,210.0,0.02325,0.023036,ws,ws,entry_l1_cap,exit_l1_profit_protect,False,False,0.1154,-0.2667,65,100.75,strategy_S5-10__TYPE_D:NIFTY:2026-04-16T10:27:36:SHORT
2026-04-16,10:30:06,2026-04-16,10:31:01,NIFTY,BUY,TYPE_D,LIMIT_ENTRY,LIMIT_EXIT,24302.65,24306.25,NIFTY21APR2624300CE,24300.0,CE,187.3,185.5,187.08,185.58,190.0,180.0,0.026727,0.026925,ws,ws,entry_l1_cap,exit_l1_profit_protect,False,False,0.2152,-0.0833,65,-117.0,strategy_S5-10__TYPE_D:NIFTY:2026-04-16T10:30:06:LONG
2026-04-16,10:39:14,2026-04-16,10:39:36,NIFTY,SELL,TYPE_D,LIMIT_ENTRY,LIMIT_EXIT,24303.4,24302.05,NIFTY21APR2624350PE,24350.0,PE,221.0,220.65,220.72,220.96,225.0,215.0,0.022645,0.022642,ws,ws,entry_l1_cap,exit_l1_profit_protect,False,False,0.2769,-0.3063,65,-22.75,strategy_S5-10__TYPE_D:NIFTY:2026-04-16T10:39:14:SHORT
2026-04-16,10:40:00,2026-04-16,10:40:05,NIFTY,SELL,TYPE_D,LIMIT_ENTRY,LIMIT_EXIT,24298.6,24301.8,NIFTY21APR2624300PE,24300.0,PE,196.6,196.1,196.51,196.46,200.0,190.0,0.025458,0.025465,ws,ws,entry_l1_cap,exit_l1_profit_protect,False,False,0.0889,-0.3611,65,-32.5,strategy_S5-10__TYPE_D:NIFTY:2026-04-16T10:40:00:SHORT
2026-04-16,10:40:28,2026-04-16,10:40:39,NIFTY,SELL,TYPE_D,LIMIT_ENTRY,LIMIT_EXIT,24298.25,24301.4,NIFTY21APR2624300PE,24300.0,PE,197.95,196.95,197.91,197.07,200.0,190.0,0.025281,0.025358,ws,ws,entry_l1_cap,exit_l1_profit_protect,False,False,0.0437,-0.12,65,-65.0,strategy_S5-10__TYPE_D:NIFTY:2026-04-16T10:40:28:SHORT
2026-04-16,10:41:06,2026-04-16,10:41:12,NIFTY,SELL,TYPE_D,LIMIT_ENTRY,LIMIT_EXIT,24298.5,24301.6,NIFTY21APR2624300PE,24300.0,PE,196.35,195.0,196.29,195.28,200.0,190.0,0.025487,0.025615,ws,ws,entry_l1_cap,exit_l1_profit_protect,False,False,0.0565,-0.2795,65,-87.75,strategy_S5-10__TYPE_D:NIFTY:2026-04-16T10:41:06:SHORT
2026-04-16,10:41:33,2026-04-16,10:41:41,NIFTY,BUY,TYPE_D,LIMIT_ENTRY,LIMIT_EXIT,24306.7,24304.8,NIFTY21APR2624300CE,24300.0,CE,187.3,187.5,186.87,187.78,190.0,180.0,0.026727,0.026635,ws,ws,entry_l1_cap,exit_l1_profit_protect,False,False,0.4275,-0.2769,65,13.0,strategy_S5-10__TYPE_D:NIFTY:2026-04-16T10:41:33:LONG
2026-04-16,10:41:51,2026-04-16,10:42:17,NIFTY,BUY,TYPE_D,LIMIT_ENTRY,LIMIT_EXIT,24309.2,24309.25,NIFTY21APR2624300CE,24300.0,CE,189.6,188.0,189.27,188.42,190.0,180.0,0.026399,0.026564,ws,ws,entry_l1_cap,exit_l1_profit_protect,False,False,0.3273,-0.4154,65,-104.0,strategy_S5-10__TYPE_D:NIFTY:2026-04-16T10:41:51:LONG
2026-04-16,10:42:30,2026-04-16,10:42:50,NIFTY,BUY,TYPE_D,LIMIT_ENTRY,LIMIT_EXIT,24312.0,24313.75,NIFTY21APR2624300CE,24300.0,CE,190.35,190.65,190.23,190.68,195.0,185.0,0.026298,0.026199,ws,ws,entry_l1_cap,exit_l1_profit_protect,False,False,0.1167,-0.0333,65,19.5,strategy_S5-10__TYPE_D:NIFTY:2026-04-16T10:42:30:LONG
2026-04-16,10:43:12,2026-04-16,10:43:23,NIFTY,SELL,TYPE_D,LIMIT_ENTRY,LIMIT_EXIT,24310.3,24313.65,NIFTY21APR2624350PE,24350.0,PE,213.15,211.35,212.87,211.68,215.0,205.0,0.023485,0.023629,ws,ws,entry_l1_cap,exit_l1_profit_protect,False,False,0.2778,-0.3333,65,-117.0,strategy_S5-10__TYPE_D:NIFTY:2026-04-16T10:43:12:SHORT
2026-04-16,10:44:12,2026-04-16,10:44:16,NIFTY,SELL,TYPE_D,LIMIT_ENTRY,LIMIT_EXIT,24311.45,24313.1,NIFTY21APR2624350PE,24350.0,PE,211.85,211.65,211.46,211.88,215.0,205.0,0.023627,0.023599,ws,ws,entry_l1_cap,exit_l1_profit_protect,False,False,0.3937,-0.225,65,-13.0,strategy_S5-10__TYPE_D:NIFTY:2026-04-16T10:44:12:SHORT
2026-04-16,10:44:32,2026-04-16,10:44:40,NIFTY,BUY,TYPE_D,LIMIT_ENTRY,LIMIT_EXIT,24315.05,24312.65,NIFTY21APR2624300CE,24300.0,CE,191.05,190.05,191.02,190.15,195.0,185.0,0.026178,0.026278,ws,ws,entry_l1_cap,exit_l1_profit_protect,False,False,0.0333,-0.1,65,-65.0,strategy_S5-10__TYPE_D:NIFTY:2026-04-16T10:44:32:LONG
2026-04-16,10:44:50,2026-04-16,10:45:06,NIFTY,SELL,TYPE_D,LIMIT_ENTRY,LIMIT_EXIT,24307.4,24309.6,NIFTY21APR2624350PE,24350.0,PE,212.9,212.25,212.72,212.31,215.0,205.0,0.023505,0.023532,ws,ws,entry_l1_cap,exit_l1_profit_protect,False,False,0.175,-0.0614,65,-42.25,strategy_S5-10__TYPE_D:NIFTY:2026-04-16T10:44:50:SHORT
2026-04-16,10:45:13,2026-04-16,10:45:40,NIFTY,BUY,TYPE_D,LIMIT_ENTRY,LIMIT_EXIT,24315.35,24315.65,NIFTY21APR2624300CE,24300.0,CE,190.8,192.0,190.76,192.18,195.0,185.0,0.026223,0.026015,ws,ws,entry_l1_cap,exit_l1_profit_protect,False,False,0.0417,-0.1846,65,78.0,strategy_S5-10__TYPE_D:NIFTY:2026-04-16T10:45:13:LONG
2026-04-16,10:46:20,2026-04-16,10:46:25,NIFTY,BUY,TYPE_D,LIMIT_ENTRY,LIMIT_EXIT,24317.1,24315.55,NIFTY21APR2624300CE,24300.0,CE,192.45,191.6,192.44,191.87,195.0,185.0,0.026011,0.026076,ws,ws,entry_l1_cap,exit_l1_profit_protect,False,False,0.0098,-0.2727,65,-55.25,strategy_S5-10__TYPE_D:NIFTY:2026-04-16T10:46:20:LONG
2026-04-16,10:46:50,2026-04-16,10:46:57,NIFTY,SELL,TYPE_D,LIMIT_ENTRY,LIMIT_EXIT,24313.2,24318.85,NIFTY21APR2624350PE,24350.0,PE,210.35,208.35,210.3,208.5,215.0,200.0,0.023781,0.023984,ws,ws,entry_l1_cap,exit_l1_profit_protect,False,False,0.05,-0.15,65,-130.0,strategy_S5-10__TYPE_D:NIFTY:2026-04-16T10:46:50:SHORT
2026-04-16,10:47:30,2026-04-16,10:47:49,NIFTY,BUY,TYPE_D,LIMIT_ENTRY,LIMIT_EXIT,24320.3,24318.35,NIFTY21APR2624300CE,24300.0,CE,193.25,193.2,193.07,193.28,195.0,185.0,0.0259,0.025863,ws,ws,entry_l1_cap,exit_l1_profit_protect,False,False,0.1778,-0.0833,65,-3.25,strategy_S5-10__TYPE_D:NIFTY:2026-04-16T10:47:30:LONG
2026-04-16,10:48:01,2026-04-16,10:48:22,NIFTY,BUY,TYPE_D,LIMIT_ENTRY,LIMIT_EXIT,24322.1,24324.1,NIFTY21APR2624300CE,24300.0,CE,194.0,193.95,193.7,194.23,195.0,185.0,0.025796,0.025757,ws,ws,entry_l1_cap,exit_l1_profit_protect,False,False,0.2962,-0.28,65,-3.25,strategy_S5-10__TYPE_D:NIFTY:2026-04-16T10:48:01:LONG
2026-04-16,10:48:48,2026-04-16,10:49:49,NIFTY,SELL,TYPE_D,LIMIT_ENTRY,LIMIT_EXIT,24319.5,24316.05,NIFTY21APR2624350PE,24350.0,PE,208.75,207.15,208.67,207.35,210.0,200.0,0.023972,0.024117,ws,ws,entry_l1_cap,exit_l1_profit_protect,False,False,0.0778,-0.2,65,-104.0,strategy_S5-10__TYPE_D:NIFTY:2026-04-16T10:48:48:SHORT
2026-04-16,10:50:12,2026-04-16,10:50:42,NIFTY,SELL,TYPE_D,LIMIT_ENTRY,LIMIT_EXIT,24312.95,24315.75,NIFTY21APR2624350PE,24350.0,PE,208.6,208.75,208.54,208.82,210.0,200.0,0.023978,0.023943,ws,ws,entry_l1_cap,exit_l1_profit_protect,False,False,0.06,-0.0667,65,9.75,strategy_S5-10__TYPE_D:NIFTY:2026-04-16T10:50:12:SHORT
2026-04-16,10:50:51,2026-04-16,10:51:16,NIFTY,BUY,TYPE_D,LIMIT_ENTRY,LIMIT_EXIT,24316.45,24315.25,NIFTY21APR2624300CE,24300.0,CE,191.9,191.05,191.68,191.1,195.0,185.0,0.026082,0.02614,ws,ws,entry_l1_cap,exit_l1_profit_protect,False,False,0.2182,-0.0474,65,-55.25,strategy_S5-10__TYPE_D:NIFTY:2026-04-16T10:50:51:LONG
2026-04-16,10:51:45,2026-04-16,10:51:56,NIFTY,BUY,TYPE_D,LIMIT_ENTRY,LIMIT_EXIT,24318.75,24314.75,NIFTY21APR2624300CE,24300.0,CE,193.0,190.85,192.81,191.0,195.0,185.0,0.02592,0.026171,ws,ws,entry_l1_cap,exit_l1_profit_protect,False,False,0.1857,-0.15,65,-139.75,strategy_S5-10__TYPE_D:NIFTY:2026-04-16T10:51:45:LONG
2026-04-16,10:52:56,2026-04-16,10:53:15,NIFTY,SELL,TYPE_D,LIMIT_ENTRY,LIMIT_EXIT,24313.65,24317.0,NIFTY21APR2624350PE,24350.0,PE,209.6,207.35,209.32,207.43,210.0,200.0,0.023883,0.024088,ws,ws,entry_l1_cap,exit_l1_profit_protect,False,False,0.2778,-0.075,65,-146.25,strategy_S5-10__TYPE_D:NIFTY:2026-04-16T10:52:56:SHORT
2026-04-16,10:53:50,2026-04-16,10:54:17,NIFTY,SELL,TYPE_D,LIMIT_ENTRY,LIMIT_EXIT,24315.75,24317.85,NIFTY21APR2624350PE,24350.0,PE,208.2,208.95,207.78,209.24,210.0,200.0,0.024041,0.023909,ws,ws,entry_l1_cap,exit_l1_profit_protect,False,False,0.4179,-0.2917,65,48.75,strategy_S5-10__TYPE_D:NIFTY:2026-04-16T10:53:50:SHORT
2026-04-16,10:54:33,2026-04-16,10:57:08,NIFTY,SELL,TYPE_D,LIMIT_ENTRY,LIMIT_EXIT,24313.35,24306.4,NIFTY21APR2624350PE,24350.0,PE,210.0,214.3,209.83,214.43,210.0,205.0,0.023821,0.023318,ws,ws,entry_l1_cap,exit_l1_profit_protect,False,False,0.1667,-0.125,65,279.5,strategy_S5-10__TYPE_D:NIFTY:2026-04-16T10:54:33:SHORT
2026-04-16,10:57:30,2026-04-16,10:58:06,NIFTY,BUY,TYPE_D,LIMIT_ENTRY,LIMIT_EXIT,24311.05,24310.2,NIFTY21APR2624300CE,24300.0,CE,189.0,188.6,188.81,188.68,190.0,180.0,0.026469,0.02649,ws,ws,entry_l1_cap,exit_l1_profit_protect,False,False,0.1901,-0.075,65,-26.0,strategy_S5-10__TYPE_D:NIFTY:2026-04-16T10:57:30:LONG
2026-04-16,10:58:11,2026-04-16,10:58:21,NIFTY,SELL,TYPE_D,LIMIT_ENTRY,LIMIT_EXIT,24308.85,24311.55,NIFTY21APR2624350PE,24350.0,PE,214.05,212.5,213.74,212.72,215.0,205.0,0.023389,0.023505,ws,ws,entry_l1_cap,exit_l1_profit_protect,False,False,0.3094,-0.225,65,-100.75,strategy_S5-10__TYPE_D:NIFTY:2026-04-16T10:58:11:SHORT
2026-04-16,10:59:06,2026-04-16,10:59:32,NIFTY,SELL,TYPE_D,LIMIT_ENTRY,LIMIT_EXIT,24305.3,24307.2,NIFTY21APR2624350PE,24350.0,PE,214.15,213.75,213.91,214.11,215.0,205.0,0.02337,0.023364,ws,ws,entry_l1_cap,exit_l1_profit_protect,False,False,0.24,-0.3571,65,-26.0,strategy_S5-10__TYPE_D:NIFTY:2026-04-16T10:59:06:SHORT
2026-04-16,11:00:02,2026-04-16,11:01:47,NIFTY,BUY,TYPE_D,LIMIT_ENTRY,LIMIT_EXIT,24311.15,24317.6,NIFTY21APR2624300CE,24300.0,CE,188.25,191.75,188.21,192.13,190.0,185.0,0.026571,0.026048,ws,ws,entry_l1_cap,exit_l1_profit_protect,False,False,0.0375,-0.3789,65,227.5,strategy_S5-10__TYPE_D:NIFTY:2026-04-16T11:00:02:LONG
2026-04-16,11:01:56,2026-04-16,11:02:33,NIFTY,SELL,TYPE_D,LIMIT_ENTRY,LIMIT_EXIT,24313.4,24316.9,NIFTY21APR2624350PE,24350.0,PE,209.0,209.0,208.91,209.28,210.0,200.0,0.023929,0.023906,ws,ws,entry_l1_cap,exit_l1_profit_protect,False,False,0.0912,-0.2769,65,0.0,strategy_S5-10__TYPE_D:NIFTY:2026-04-16T11:01:56:SHORT
2026-04-16,11:02:49,2026-04-16,11:04:00,NIFTY,BUY,TYPE_D,LIMIT_ENTRY,LIMIT_EXIT,24319.8,24322.5,NIFTY21APR2624300CE,24300.0,CE,191.65,193.15,191.6,193.21,195.0,185.0,0.02611,0.025863,ws,ws,entry_l1_cap,exit_l1_profit_protect,False,False,0.05,-0.0553,65,97.5,strategy_S5-10__TYPE_D:NIFTY:2026-04-16T11:02:49:LONG
2026-04-16,11:04:40,2026-04-16,11:05:24,NIFTY,SELL,TYPE_D,LIMIT_ENTRY,LIMIT_EXIT,24324.9,24325.5,NIFTY21APR2624350PE,24350.0,PE,204.4,205.0,204.13,205.04,205.0,200.0,0.024486,0.024375,ws,ws,entry_l1_cap,exit_l1_profit_protect,False,False,0.2667,-0.0357,65,39.0,strategy_S5-10__TYPE_D:NIFTY:2026-04-16T11:04:40:SHORT
2026-04-16,11:05:51,2026-04-16,11:06:04,NIFTY,BUY,TYPE_D,LIMIT_ENTRY,LIMIT_EXIT,24326.9,24320.7,NIFTY21APR2624300CE,24300.0,CE,194.95,192.85,194.79,192.94,195.0,185.0,0.025674,0.025907,ws,ws,entry_l1_cap,exit_l1_profit_protect,False,False,0.16,-0.09,65,-136.5,strategy_S5-10__TYPE_D:NIFTY:2026-04-16T11:05:51:LONG
2026-04-16,11:06:36,2026-04-16,11:07:33,NIFTY,SELL,TYPE_D,LIMIT_ENTRY,LIMIT_EXIT,24321.95,24317.25,NIFTY21APR2624350PE,24350.0,PE,205.3,204.05,205.17,204.41,210.0,195.0,0.024366,0.024477,ws,ws,entry_l1_cap,exit_l1_profit_protect,False,False,0.1333,-0.36,65,-81.25,strategy_S5-10__TYPE_D:NIFTY:2026-04-16T11:06:36:SHORT
2026-04-16,11:07:44,2026-04-16,11:07:57,NIFTY,SELL,TYPE_D,LIMIT_ENTRY,LIMIT_EXIT,24312.4,24314.75,NIFTY21APR2624350PE,24350.0,PE,206.2,205.7,206.05,205.88,210.0,200.0,0.024272,0.02429,ws,ws,entry_l1_cap,exit_l1_profit_protect,False,False,0.1538,-0.18,65,-32.5,strategy_S5-10__TYPE_D:NIFTY:2026-04-16T11:07:44:SHORT
2026-04-16,11:08:13,2026-04-16,11:08:31,NIFTY,SELL,TYPE_D,LIMIT_ENTRY,LIMIT_EXIT,24308.6,24315.6,NIFTY21APR2624350PE,24350.0,PE,208.6,206.45,208.31,206.6,210.0,200.0,0.023998,0.024201,ws,ws,entry_l1_cap,exit_l1_profit_protect,False,False,0.2917,-0.15,65,-139.75,strategy_S5-10__TYPE_D:NIFTY:2026-04-16T11:08:13:SHORT
2026-04-16,11:08:40,2026-04-16,11:09:01,NIFTY,BUY,TYPE_D,LIMIT_ENTRY,LIMIT_EXIT,24321.85,24328.0,NIFTY21APR2624300CE,24300.0,CE,192.95,193.85,192.7,193.9,195.0,185.0,0.025937,0.02577,ws,ws,entry_l1_cap,exit_l1_profit_protect,False,False,0.25,-0.0525,65,58.5,strategy_S5-10__TYPE_D:NIFTY:2026-04-16T11:08:40:LONG
2026-04-16,11:09:44,2026-04-16,11:11:22,NIFTY,SELL,TYPE_D,LIMIT_ENTRY,LIMIT_EXIT,24325.45,24313.75,NIFTY21APR2624350PE,24350.0,PE,204.95,206.45,204.72,206.86,205.0,200.0,0.024414,0.024187,ws,ws,entry_l1_cap,exit_l1_profit_protect,False,False,0.225,-0.4125,65,97.5,strategy_S5-10__TYPE_D:NIFTY:2026-04-16T11:09:44:SHORT
2026-04-16,11:12:18,2026-04-16,11:12:21,NIFTY,SELL,TYPE_D,LIMIT_ENTRY,LIMIT_EXIT,24314.2,24317.5,NIFTY21APR2624350PE,24350.0,PE,208.35,207.0,208.15,207.19,210.0,200.0,0.024021,0.024143,ws,ws,entry_l1_cap,exit_l1_profit_protect,False,False,0.2,-0.192,65,-87.75,strategy_S5-10__TYPE_D:NIFTY:2026-04-16T11:12:18:SHORT
2026-04-16,11:12:40,2026-04-16,11:13:17,NIFTY,SELL,TYPE_D,LIMIT_ENTRY,LIMIT_EXIT,24312.15,24307.0,NIFTY21APR2624350PE,24350.0,PE,209.9,211.4,209.86,211.66,210.0,205.0,0.023844,0.023627,ws,ws,entry_l1_cap,exit_l1_profit_protect,False,False,0.0444,-0.2625,65,97.5,strategy_S5-10__TYPE_D:NIFTY:2026-04-16T11:12:40:SHORT
2026-04-16,11:13:30,2026-04-16,11:14:48,NIFTY,BUY,TYPE_D,LIMIT_ENTRY,LIMIT_EXIT,24312.4,24313.3,NIFTY21APR2624300CE,24300.0,CE,188.5,187.6,188.17,187.65,190.0,180.0,0.02656,0.026631,ws,ws,entry_l1_cap,exit_l1_profit_protect,False,False,0.3333,-0.05,65,-58.5,strategy_S5-10__TYPE_D:NIFTY:2026-04-16T11:13:30:LONG
2026-04-16,11:14:51,2026-04-16,11:15:00,NIFTY,SELL,TYPE_D,LIMIT_ENTRY,LIMIT_EXIT,24312.1,24314.6,NIFTY21APR2624350PE,24350.0,PE,211.35,209.7,211.24,210.04,215.0,200.0,0.02368,0.023818,ws,ws,entry_l1_cap,exit_l1_profit_protect,False,False,0.1091,-0.3375,65,-107.25,strategy_S5-10__TYPE_D:NIFTY:2026-04-16T11:14:51:SHORT
2026-04-16,11:15:10,2026-04-16,11:15:20,NIFTY,BUY,TYPE_D,LIMIT_ENTRY,LIMIT_EXIT,24319.85,24317.65,NIFTY21APR2624300CE,24300.0,CE,189.9,188.25,189.67,188.32,190.0,180.0,0.026354,0.026543,ws,ws,entry_l1_cap,exit_l1_profit_protect,False,False,0.2265,-0.0714,65,-107.25,strategy_S5-10__TYPE_D:NIFTY:2026-04-16T11:15:10:LONG
2026-04-16,11:15:42,2026-04-16,11:16:12,NIFTY,SELL,TYPE_D,LIMIT_ENTRY,LIMIT_EXIT,24314.1,24305.2,NIFTY21APR2624350PE,24350.0,PE,210.4,214.5,210.36,214.78,215.0,205.0,0.023787,0.023291,ws,ws,entry_l1_cap,exit_l1_profit_protect,False,False,0.0444,-0.28,65,266.5,strategy_S5-10__TYPE_D:NIFTY:2026-04-16T11:15:42:SHORT
2026-04-16,11:17:01,2026-04-16,11:18:06,NIFTY,SELL,TYPE_D,LIMIT_ENTRY,LIMIT_EXIT,24299.2,24298.15,NIFTY21APR2624300PE,24300.0,PE,193.0,194.15,192.72,194.24,195.0,185.0,0.025927,0.02573,ws,ws,entry_l1_cap,exit_l1_profit_protect,False,False,0.2795,-0.0875,65,74.75,strategy_S5-10__TYPE_D:NIFTY:2026-04-16T11:17:01:SHORT
2026-04-16,11:18:10,2026-04-16,11:18:52,NIFTY,BUY,TYPE_D,LIMIT_ENTRY,LIMIT_EXIT,24303.1,24304.85,NIFTY21APR2624300CE,24300.0,CE,183.8,184.05,183.65,184.07,185.0,175.0,0.027226,0.027144,ws,ws,entry_l1_cap,exit_l1_profit_protect,False,False,0.15,-0.0187,65,16.25,strategy_S5-10__TYPE_D:NIFTY:2026-04-16T11:18:10:LONG
2026-04-16,11:19:11,2026-04-16,11:19:51,NIFTY,BUY,TYPE_D,LIMIT_ENTRY,LIMIT_EXIT,24309.1,24317.6,NIFTY21APR2624300CE,24300.0,CE,185.2,186.65,185.15,186.87,190.0,180.0,0.027027,0.026767,ws,ws,entry_l1_cap,exit_l1_profit_protect,False,False,0.0522,-0.2182,65,94.25,strategy_S5-10__TYPE_D:NIFTY:2026-04-16T11:19:11:LONG
2026-04-16,11:20:35,2026-04-16,11:21:04,NIFTY,BUY,TYPE_D,LIMIT_ENTRY,LIMIT_EXIT,24321.95,24320.4,NIFTY21APR2624300CE,24300.0,CE,189.2,188.15,189.1,188.42,190.0,180.0,0.026438,0.026543,ws,ws,entry_l1_cap,exit_l1_profit_protect,False,False,0.0964,-0.2659,65,-68.25,strategy_S5-10__TYPE_D:NIFTY:2026-04-16T11:20:35:LONG
2026-04-16,11:21:32,2026-04-16,11:21:54,NIFTY,BUY,TYPE_D,LIMIT_ENTRY,LIMIT_EXIT,24324.35,24322.95,NIFTY21APR2624300CE,24300.0,CE,190.3,190.0,190.24,190.1,195.0,185.0,0.026292,0.026305,ws,ws,entry_l1_cap,exit_l1_profit_protect,False,False,0.0588,-0.1,65,-19.5,strategy_S5-10__TYPE_D:NIFTY:2026-04-16T11:21:32:LONG
2026-04-16,11:22:02,2026-04-16,11:24:17,NIFTY,SELL,TYPE_D,LIMIT_ENTRY,LIMIT_EXIT,24312.15,24300.0,NIFTY21APR2624350PE,24350.0,PE,207.85,213.55,207.49,213.82,210.0,205.0,0.024085,0.023389,ws,ws,entry_l1_cap,exit_l1_profit_protect,False,False,0.3571,-0.27,65,370.5,strategy_S5-10__TYPE_D:NIFTY:2026-04-16T11:22:02:SHORT
2026-04-16,11:24:21,2026-04-16,11:25:03,NIFTY,SELL,TYPE_D,LIMIT_ENTRY,LIMIT_EXIT,24296.8,24299.4,NIFTY21APR2624300PE,24300.0,PE,189.5,190.25,189.15,190.62,190.0,185.0,0.026413,0.02625,ws,ws,entry_l1_cap,exit_l1_profit_protect,False,False,0.35,-0.375,65,48.75,strategy_S5-10__TYPE_D:NIFTY:2026-04-16T11:24:21:SHORT
2026-04-16,11:25:22,2026-04-16,11:25:28,NIFTY,BUY,TYPE_D,LIMIT_ENTRY,LIMIT_EXIT,24300.15,24297.95,NIFTY21APR2624300CE,24300.0,CE,182.95,182.75,182.65,182.9,185.0,175.0,0.027356,0.027337,ws,ws,entry_l1_cap,exit_l1_profit_protect,False,False,0.2962,-0.15,65,-13.0,strategy_S5-10__TYPE_D:NIFTY:2026-04-16T11:25:22:LONG
2026-04-16,11:25:42,2026-04-16,11:25:55,NIFTY,BUY,TYPE_D,LIMIT_ENTRY,LIMIT_EXIT,24300.35,24296.6,NIFTY21APR2624300CE,24300.0,CE,183.05,180.0,182.9,180.15,185.0,175.0,0.027337,0.027766,ws,ws,entry_l1_cap,exit_l1_profit_protect,False,False,0.15,-0.149,65,-198.25,strategy_S5-10__TYPE_D:NIFTY:2026-04-16T11:25:42:LONG
2026-04-16,11:32:52,2026-04-16,11:33:12,NIFTY,BUY,TYPE_D,LIMIT_ENTRY,LIMIT_EXIT,24296.5,24296.55,NIFTY21APR2624250CE,24250.0,CE,205.5,204.4,205.39,204.45,210.0,195.0,0.024361,0.024444,ws,ws,entry_l1_cap,exit_l1_profit_protect,False,False,0.1111,-0.05,65,-71.5,strategy_S5-10__TYPE_D:NIFTY:2026-04-16T11:32:52:LONG
2026-04-16,11:33:44,2026-04-16,11:33:48,NIFTY,BUY,TYPE_D,LIMIT_ENTRY,LIMIT_EXIT,24298.35,24294.3,NIFTY21APR2624250CE,24250.0,CE,204.5,203.0,204.36,203.33,205.0,195.0,0.024477,0.024603,ws,ws,entry_l1_cap,exit_l1_profit_protect,False,False,0.1385,-0.3273,65,-97.5,strategy_S5-10__TYPE_D:NIFTY:2026-04-16T11:33:44:LONG
2026-04-16,11:34:52,2026-04-16,11:35:01,NIFTY,BUY,TYPE_D,LIMIT_ENTRY,LIMIT_EXIT,24300.4,24296.8,NIFTY21APR2624300CE,24300.0,CE,178.7,176.75,178.61,176.97,180.0,170.0,0.028007,0.028257,ws,ws,entry_l1_cap,exit_l1_profit_protect,False,False,0.0875,-0.2167,65,-126.75,strategy_S5-10__TYPE_D:NIFTY:2026-04-16T11:34:52:LONG
2026-04-16,11:35:31,2026-04-16,11:35:44,NIFTY,BUY,TYPE_D,LIMIT_ENTRY,LIMIT_EXIT,24299.35,24296.6,NIFTY21APR2624250CE,24250.0,CE,205.8,203.7,205.51,203.96,210.0,195.0,0.024316,0.024525,ws,ws,entry_l1_cap,exit_l1_profit_protect,False,False,0.2917,-0.2625,65,-136.5,strategy_S5-10__TYPE_D:NIFTY:2026-04-16T11:35:31:LONG
2026-04-16,11:35:55,2026-04-16,11:36:27,NIFTY,SELL,TYPE_D,LIMIT_ENTRY,LIMIT_EXIT,24295.9,24299.55,NIFTY21APR2624300PE,24300.0,PE,195.6,193.35,195.27,193.71,200.0,185.0,0.025585,0.02583,ws,ws,entry_l1_cap,exit_l1_profit_protect,False,False,0.3316,-0.36,65,-146.25,strategy_S5-10__TYPE_D:NIFTY:2026-04-16T11:35:55:SHORT
2026-04-16,11:36:31,2026-04-16,11:36:45,NIFTY,BUY,TYPE_D,LIMIT_ENTRY,LIMIT_EXIT,24300.15,24296.95,NIFTY21APR2624300CE,24300.0,CE,178.0,177.1,177.88,177.12,180.0,170.0,0.028114,0.028213,ws,ws,entry_l1_cap,exit_l1_profit_protect,False,False,0.125,-0.0227,65,-58.5,strategy_S5-10__TYPE_D:NIFTY:2026-04-16T11:36:31:LONG
2026-04-16,11:37:00,2026-04-16,11:37:05,NIFTY,SELL,TYPE_D,LIMIT_ENTRY,LIMIT_EXIT,24295.15,24297.65,NIFTY21APR2624300PE,24300.0,PE,194.4,194.15,194.11,194.3,195.0,185.0,0.025743,0.025733,ws,ws,entry_l1_cap,exit_l1_profit_protect,False,False,0.2917,-0.15,65,-16.25,strategy_S5-10__TYPE_D:NIFTY:2026-04-16T11:37:00:SHORT
2026-04-16,11:37:23,2026-04-16,11:38:28,NIFTY,SELL,TYPE_D,LIMIT_ENTRY,LIMIT_EXIT,24294.8,24285.9,NIFTY21APR2624300PE,24300.0,PE,195.15,200.5,195.09,200.72,200.0,195.0,0.025644,0.02491,ws,ws,entry_l1_cap,exit_l1_profit_protect,False,False,0.0583,-0.225,65,347.75,strategy_S5-10__TYPE_D:NIFTY:2026-04-16T11:37:23:SHORT
2026-04-16,11:38:41,2026-04-16,11:39:54,NIFTY,SELL,TYPE_D,LIMIT_ENTRY,LIMIT_EXIT,24283.5,24275.55,NIFTY21APR2624300PE,24300.0,PE,202.6,204.0,202.23,204.3,205.0,195.0,0.024707,0.024483,ws,ws,entry_l1_cap,exit_l1_profit_protect,False,False,0.3682,-0.3,65,91.0,strategy_S5-10__TYPE_D:NIFTY:2026-04-16T11:38:41:SHORT
2026-04-16,11:40:33,2026-04-16,11:40:56,NIFTY,SELL,TYPE_D,LIMIT_ENTRY,LIMIT_EXIT,24271.5,24274.4,NIFTY21APR2624300PE,24300.0,PE,206.5,208.55,206.45,208.63,210.0,200.0,0.024219,0.023949,ws,ws,entry_l1_cap,exit_l1_profit_protect,False,False,0.05,-0.0766,65,133.25,strategy_S5-10__TYPE_D:NIFTY:2026-04-16T11:40:33:SHORT
2026-04-16,11:41:18,2026-04-16,11:43:03,NIFTY,SELL,TYPE_D,LIMIT_ENTRY,LIMIT_EXIT,24269.45,24265.0,NIFTY21APR2624300PE,24300.0,PE,209.35,209.2,209.25,209.37,210.0,200.0,0.023903,0.023872,ws,ws,entry_l1_cap,exit_l1_profit_protect,False,False,0.1,-0.1667,65,-9.75,strategy_S5-10__TYPE_D:NIFTY:2026-04-16T11:41:18:SHORT
2026-04-16,11:43:42,2026-04-16,11:44:01,NIFTY,BUY,TYPE_D,LIMIT_ENTRY,LIMIT_EXIT,24268.85,24264.85,NIFTY21APR2624250CE,24250.0,CE,191.35,190.3,191.02,190.55,195.0,185.0,0.026157,0.026254,ws,ws,entry_l1_cap,exit_l1_profit_protect,False,False,0.3273,-0.25,65,-68.25,strategy_S5-10__TYPE_D:NIFTY:2026-04-16T11:43:42:LONG
2026-04-16,11:44:11,2026-04-16,11:44:35,NIFTY,SELL,TYPE_D,LIMIT_ENTRY,LIMIT_EXIT,24261.1,24258.5,NIFTY21APR2624300PE,24300.0,PE,214.7,215.1,214.59,215.29,215.0,210.0,0.023305,0.023218,ws,ws,entry_l1_cap,exit_l1_profit_protect,False,False,0.1125,-0.1923,65,26.0,strategy_S5-10__TYPE_D:NIFTY:2026-04-16T11:44:11:SHORT
2026-04-16,11:44:42,2026-04-16,11:48:35,NIFTY,SELL,TYPE_D,LIMIT_ENTRY,LIMIT_EXIT,24254.35,24219.25,NIFTY21APR2624300PE,24300.0,PE,217.0,240.0,216.94,240.05,220.0,235.0,0.023049,0.020822,ws,ws,entry_l1_cap,exit_l1_profit_protect,False,False,0.0635,-0.05,65,1495.0,strategy_S5-10__TYPE_D:NIFTY:2026-04-16T11:44:42:SHORT
2026-04-16,11:48:53,2026-04-16,11:49:44,NIFTY,BUY,TYPE_D,LIMIT_ENTRY,LIMIT_EXIT,24222.35,24240.45,NIFTY21APR2624200CE,24200.0,CE,199.8,205.85,199.55,206.03,200.0,200.0,0.025044,0.024269,ws,ws,entry_l1_cap,exit_l1_profit_protect,False,False,0.25,-0.175,65,393.25,strategy_S5-10__TYPE_D:NIFTY:2026-04-16T11:48:53:LONG
2026-04-16,11:50:18,2026-04-16,11:51:27,NIFTY,SELL,TYPE_D,LIMIT_ENTRY,LIMIT_EXIT,24236.15,24223.05,NIFTY21APR2624250PE,24250.0,PE,208.5,213.8,208.41,213.84,210.0,205.0,0.024007,0.023364,ws,ws,entry_l1_cap,exit_l1_profit_protect,False,False,0.09,-0.04,65,344.5,strategy_S5-10__TYPE_D:NIFTY:2026-04-16T11:50:18:SHORT
2026-04-16,11:51:56,2026-04-16,11:52:17,NIFTY,SELL,TYPE_D,LIMIT_ENTRY,LIMIT_EXIT,24218.9,24221.75,NIFTY21APR2624250PE,24250.0,PE,214.6,211.95,214.36,212.01,215.0,205.0,0.023321,0.023565,ws,ws,entry_l1_cap,exit_l1_profit_protect,False,False,0.24,-0.0643,65,-172.25,strategy_S5-10__TYPE_D:NIFTY:2026-04-16T11:51:56:SHORT
2026-04-16,11:52:28,2026-04-16,11:52:53,NIFTY,BUY,TYPE_D,LIMIT_ENTRY,LIMIT_EXIT,24227.1,24231.2,NIFTY21APR2624200CE,24200.0,CE,199.55,199.55,199.54,199.85,200.0,190.0,0.02506,0.025031,ws,ws,entry_l1_cap,exit_l1_profit_protect,False,False,0.0063,-0.3,65,0.0,strategy_S5-10__TYPE_D:NIFTY:2026-04-16T11:52:28:LONG
2026-04-16,11:54:10,2026-04-16,11:54:21,NIFTY,BUY,TYPE_D,LIMIT_ENTRY,LIMIT_EXIT,24236.85,24232.85,NIFTY21APR2624200CE,24200.0,CE,203.1,202.9,203.07,203.2,205.0,195.0,0.024634,0.024618,ws,ws,entry_l1_cap,exit_l1_profit_protect,False,False,0.025,-0.3,65,-13.0,strategy_S5-10__TYPE_D:NIFTY:2026-04-16T11:54:10:LONG
2026-04-16,11:54:38,2026-04-16,11:54:45,NIFTY,SELL,TYPE_D,LIMIT_ENTRY,LIMIT_EXIT,24223.95,24229.65,NIFTY21APR2624250PE,24250.0,PE,207.6,204.4,207.53,204.75,210.0,195.0,0.024105,0.024435,ws,ws,entry_l1_cap,exit_l1_profit_protect,False,False,0.07,-0.35,65,-208.0,strategy_S5-10__TYPE_D:NIFTY:2026-04-16T11:54:38:SHORT
2026-04-16,11:54:58,2026-04-16,11:55:05,NIFTY,BUY,TYPE_D,LIMIT_ENTRY,LIMIT_EXIT,24238.0,24234.65,NIFTY21APR2624200CE,24200.0,CE,203.4,202.35,203.38,202.6,205.0,195.0,0.024606,0.024685,ws,ws,entry_l1_cap,exit_l1_profit_protect,False,False,0.0237,-0.25,65,-68.25,strategy_S5-10__TYPE_D:NIFTY:2026-04-16T11:54:58:LONG
2026-04-16,11:55:21,2026-04-16,11:56:13,NIFTY,SELL,TYPE_D,LIMIT_ENTRY,LIMIT_EXIT,24231.35,24226.9,NIFTY21APR2624250PE,24250.0,PE,207.0,210.6,206.83,210.7,210.0,205.0,0.024178,0.023725,ws,ws,entry_l1_cap,exit_l1_profit_protect,False,False,0.1714,-0.1,65,234.0,strategy_S5-10__TYPE_D:NIFTY:2026-04-16T11:55:21:SHORT
2026-04-16,11:56:53,2026-04-16,11:58:23,NIFTY,SELL,TYPE_D,LIMIT_ENTRY,LIMIT_EXIT,24221.9,24203.15,NIFTY21APR2624250PE,24250.0,PE,215.0,224.15,214.88,224.28,215.0,215.0,0.023277,0.022294,ws,ws,entry_l1_cap,exit_l1_profit_protect,False,False,0.125,-0.125,65,594.75,strategy_S5-10__TYPE_D:NIFTY:2026-04-16T11:56:53:SHORT
2026-04-16,11:59:10,2026-04-16,11:59:38,NIFTY,BUY,TYPE_D,LIMIT_ENTRY,LIMIT_EXIT,24206.65,24207.25,NIFTY21APR2624200CE,24200.0,CE,192.0,190.0,191.74,190.05,195.0,185.0,0.026076,0.026312,ws,ws,entry_l1_cap,exit_l1_profit_protect,False,False,0.2632,-0.0495,65,-130.0,strategy_S5-10__TYPE_D:NIFTY:2026-04-16T11:59:10:LONG
2026-04-16,11:59:40,2026-04-16,12:01:17,NIFTY,SELL,TYPE_D,LIMIT_ENTRY,LIMIT_EXIT,24203.7,24184.0,NIFTY21APR2624250PE,24250.0,PE,227.0,240.25,226.61,240.5,230.0,235.0,0.022048,0.02079,ws,ws,entry_l1_cap,exit_l1_profit_protect,False,False,0.3867,-0.25,65,861.25,strategy_S5-10__TYPE_D:NIFTY:2026-04-16T11:59:40:SHORT
2026-04-16,12:01:44,2026-04-16,12:02:39,NIFTY,SELL,TYPE_D,LIMIT_ENTRY,LIMIT_EXIT,24175.05,24168.85,NIFTY21APR2624200PE,24200.0,PE,221.45,224.15,221.18,224.31,225.0,215.0,0.022601,0.022279,ws,ws,entry_l1_cap,exit_l1_profit_protect,False,False,0.27,-0.1571,65,175.5,strategy_S5-10__TYPE_D:NIFTY:2026-04-16T12:01:44:SHORT
2026-04-16,12:02:52,2026-04-16,12:03:10,NIFTY,SELL,TYPE_D,LIMIT_ENTRY,LIMIT_EXIT,24165.2,24168.3,NIFTY21APR2624200PE,24200.0,PE,228.2,226.5,228.0,226.72,230.0,220.0,0.021923,0.022053,ws,ws,entry_l1_cap,exit_l1_profit_protect,False,False,0.2,-0.225,65,-110.5,strategy_S5-10__TYPE_D:NIFTY:2026-04-16T12:02:52:SHORT
2026-04-16,12:03:51,2026-04-16,12:05:21,NIFTY,SELL,TYPE_D,LIMIT_ENTRY,LIMIT_EXIT,24167.55,24157.3,NIFTY21APR2624200PE,24200.0,PE,228.7,227.7,228.58,227.79,230.0,220.0,0.021889,0.021937,ws,ws,entry_l1_cap,exit_l1_profit_protect,False,False,0.1222,-0.09,65,-65.0,strategy_S5-10__TYPE_D:NIFTY:2026-04-16T12:03:51:SHORT
2026-04-16,12:05:40,2026-04-16,12:05:45,NIFTY,SELL,TYPE_D,LIMIT_ENTRY,LIMIT_EXIT,24154.6,24156.85,NIFTY21APR2624200PE,24200.0,PE,228.5,226.35,228.26,226.43,230.0,220.0,0.021896,0.02207,ws,ws,entry_l1_cap,exit_l1_profit_protect,False,False,0.24,-0.08,65,-139.75,strategy_S5-10__TYPE_D:NIFTY:2026-04-16T12:05:40:SHORT
2026-04-16,12:06:00,2026-04-16,12:06:14,NIFTY,BUY,TYPE_D,LIMIT_ENTRY,LIMIT_EXIT,24162.3,24159.0,NIFTY21APR2624150CE,24150.0,CE,201.3,199.7,201.2,199.9,205.0,190.0,0.024857,0.025013,ws,ws,entry_l1_cap,exit_l1_profit_protect,False,False,0.1,-0.2,65,-104.0,strategy_S5-10__TYPE_D:NIFTY:2026-04-16T12:06:00:LONG
2026-04-16,12:06:30,2026-04-16,12:07:02,NIFTY,BUY,TYPE_D,LIMIT_ENTRY,LIMIT_EXIT,24165.2,24166.95,NIFTY21APR2624150CE,24150.0,CE,200.7,202.8,200.69,202.94,205.0,195.0,0.024916,0.02464,ws,ws,entry_l1_cap,exit_l1_profit_protect,False,False,0.01,-0.1429,65,136.5,strategy_S5-10__TYPE_D:NIFTY:2026-04-16T12:06:30:LONG
2026-04-16,12:07:25,2026-04-16,12:08:33,NIFTY,SELL,TYPE_D,LIMIT_ENTRY,LIMIT_EXIT,24163.9,24156.3,NIFTY21APR2624200PE,24200.0,PE,223.0,227.05,222.75,227.13,225.0,220.0,0.022442,0.021997,ws,ws,entry_l1_cap,exit_l1_profit_protect,False,False,0.2462,-0.0769,65,263.25,strategy_S5-10__TYPE_D:NIFTY:2026-04-16T12:07:25:SHORT
2026-04-16,12:08:51,2026-04-16,12:09:43,NIFTY,BUY,TYPE_D,LIMIT_ENTRY,LIMIT_EXIT,24163.2,24171.1,NIFTY21APR2624150CE,24150.0,CE,198.95,202.0,198.57,202.2,200.0,195.0,0.02516,0.024722,ws,ws,entry_l1_cap,exit_l1_profit_protect,False,False,0.3808,-0.1957,65,198.25,strategy_S5-10__TYPE_D:NIFTY:2026-04-16T12:08:51:LONG
2026-04-16,12:10:24,2026-04-16,12:10:34,NIFTY,BUY,TYPE_D,LIMIT_ENTRY,LIMIT_EXIT,24175.9,24170.55,NIFTY21APR2624150CE,24150.0,CE,204.85,202.45,204.7,202.62,205.0,195.0,0.024426,0.024667,ws,ws,entry_l1_cap,exit_l1_profit_protect,False,False,0.15,-0.1667,65,-156.0,strategy_S5-10__TYPE_D:NIFTY:2026-04-16T12:10:24:LONG
2026-04-16,12:10:54,2026-04-16,12:12:24,NIFTY,BUY,TYPE_D,LIMIT_ENTRY,LIMIT_EXIT,24177.0,24184.2,NIFTY21APR2624150CE,24150.0,CE,204.0,207.0,203.79,207.31,205.0,200.0,0.024525,0.024134,ws,ws,entry_l1_cap,exit_l1_profit_protect,False,False,0.213,-0.3063,65,195.0,strategy_S5-10__TYPE_D:NIFTY:2026-04-16T12:10:54:LONG
2026-04-16,12:12:32,2026-04-16,12:13:33,NIFTY,SELL,TYPE_D,LIMIT_ENTRY,LIMIT_EXIT,24179.1,24175.45,NIFTY21APR2624200PE,24200.0,PE,214.5,215.25,214.35,215.58,215.0,210.0,0.023326,0.023207,ws,ws,entry_l1_cap,exit_l1_profit_protect,False,False,0.15,-0.3333,65,48.75,strategy_S5-10__TYPE_D:NIFTY:2026-04-16T12:12:32:SHORT
2026-04-16,12:13:58,2026-04-16,12:15:00,NIFTY,BUY,TYPE_D,LIMIT_ENTRY,LIMIT_EXIT,24179.15,24182.95,NIFTY21APR2624150CE,24150.0,CE,206.65,207.5,206.59,207.76,210.0,200.0,0.024216,0.024073,ws,ws,entry_l1_cap,exit_l1_profit_protect,False,False,0.0636,-0.2571,65,55.25,strategy_S5-10__TYPE_D:NIFTY:2026-04-16T12:13:58:LONG
2026-04-16,12:15:35,2026-04-16,12:15:49,NIFTY,BUY,TYPE_D,LIMIT_ENTRY,LIMIT_EXIT,24189.7,24183.5,NIFTY21APR2624150CE,24150.0,CE,209.2,206.9,208.96,207.25,210.0,200.0,0.023929,0.024143,ws,ws,entry_l1_cap,exit_l1_profit_protect,False,False,0.2368,-0.35,65,-149.5,strategy_S5-10__TYPE_D:NIFTY:2026-04-16T12:15:35:LONG
2026-04-16,12:15:53,2026-04-16,12:17:45,NIFTY,SELL,TYPE_D,LIMIT_ENTRY,LIMIT_EXIT,24182.7,24169.5,NIFTY21APR2624200PE,24200.0,PE,213.35,218.75,213.29,218.83,215.0,210.0,0.02346,0.022844,ws,ws,entry_l1_cap,exit_l1_profit_protect,False,False,0.0643,-0.0833,65,351.0,strategy_S5-10__TYPE_D:NIFTY:2026-04-16T12:15:53:SHORT
2026-04-16,12:17:54,2026-04-16,12:18:32,NIFTY,SELL,TYPE_D,LIMIT_ENTRY,LIMIT_EXIT,24165.15,24162.15,NIFTY21APR2624200PE,24200.0,PE,220.8,220.0,220.68,220.45,225.0,215.0,0.022671,0.022704,ws,ws,entry_l1_cap,exit_l1_profit_protect,False,False,0.125,-0.4469,65,-52.0,strategy_S5-10__TYPE_D:NIFTY:2026-04-16T12:17:54:SHORT
2026-04-16,12:18:49,2026-04-16,12:19:27,NIFTY,BUY,TYPE_D,LIMIT_ENTRY,LIMIT_EXIT,24168.05,24173.4,NIFTY21APR2624150CE,24150.0,CE,204.25,204.55,203.99,204.78,205.0,195.0,0.02451,0.024417,ws,ws,entry_l1_cap,exit_l1_profit_protect,False,False,0.26,-0.225,65,19.5,strategy_S5-10__TYPE_D:NIFTY:2026-04-16T12:18:49:LONG
2026-04-16,12:19:34,2026-04-16,12:19:50,NIFTY,SELL,TYPE_D,LIMIT_ENTRY,LIMIT_EXIT,24169.35,24172.25,NIFTY21APR2624200PE,24200.0,PE,216.95,216.0,216.78,216.05,220.0,210.0,0.023073,0.023145,ws,ws,entry_l1_cap,exit_l1_profit_protect,False,False,0.1667,-0.0474,65,-61.75,strategy_S5-10__TYPE_D:NIFTY:2026-04-16T12:19:34:SHORT
2026-04-16,12:20:07,2026-04-16,12:20:21,NIFTY,BUY,TYPE_D,LIMIT_ENTRY,LIMIT_EXIT,24184.35,24180.85,NIFTY21APR2624150CE,24150.0,CE,206.4,206.15,206.17,206.2,210.0,200.0,0.024245,0.024228,ws,ws,entry_l1_cap,exit_l1_profit_protect,False,False,0.2333,-0.0529,65,-16.25,strategy_S5-10__TYPE_D:NIFTY:2026-04-16T12:20:07:LONG
2026-04-16,12:20:41,2026-04-16,12:21:32,NIFTY,SELL,TYPE_D,LIMIT_ENTRY,LIMIT_EXIT,24175.1,24176.3,NIFTY21APR2624200PE,24200.0,PE,214.5,214.1,214.13,214.3,215.0,205.0,0.023332,0.023332,ws,ws,entry_l1_cap,exit_l1_profit_protect,False,False,0.3667,-0.2,65,-26.0,strategy_S5-10__TYPE_D:NIFTY:2026-04-16T12:20:41:SHORT
2026-04-16,12:21:51,2026-04-16,12:22:14,NIFTY,BUY,TYPE_D,LIMIT_ENTRY,LIMIT_EXIT,24178.75,24177.75,NIFTY21APR2624150CE,24150.0,CE,206.8,206.85,206.66,206.91,210.0,200.0,0.024207,0.024149,ws,ws,entry_l1_cap,exit_l1_profit_protect,False,False,0.1389,-0.0615,65,3.25,strategy_S5-10__TYPE_D:NIFTY:2026-04-16T12:21:51:LONG
2026-04-16,12:22:24,2026-04-16,12:23:01,NIFTY,SELL,TYPE_D,LIMIT_ENTRY,LIMIT_EXIT,24172.45,24169.65,NIFTY21APR2624200PE,24200.0,PE,216.05,217.2,215.88,217.38,220.0,210.0,0.023164,0.023007,ws,ws,entry_l1_cap,exit_l1_profit_protect,False,False,0.1714,-0.1786,65,74.75,strategy_S5-10__TYPE_D:NIFTY:2026-04-16T12:22:24:SHORT
2026-04-16,12:23:10,2026-04-16,12:23:23,NIFTY,BUY,TYPE_D,LIMIT_ENTRY,LIMIT_EXIT,24173.25,24171.2,NIFTY21APR2624150CE,24150.0,CE,203.55,202.8,203.48,203.14,205.0,195.0,0.024591,0.024634,ws,ws,entry_l1_cap,exit_l1_profit_protect,False,False,0.0692,-0.3397,65,-48.75,strategy_S5-10__TYPE_D:NIFTY:2026-04-16T12:23:10:LONG
2026-04-16,12:23:32,2026-04-16,12:24:13,NIFTY,SELL,TYPE_D,LIMIT_ENTRY,LIMIT_EXIT,24164.65,24157.3,NIFTY21APR2624200PE,24200.0,PE,221.0,224.35,220.76,224.46,225.0,215.0,0.022637,0.022262,ws,ws,entry_l1_cap,exit_l1_profit_protect,False,False,0.2361,-0.1111,65,217.75,strategy_S5-10__TYPE_D:NIFTY:2026-04-16T12:23:32:SHORT
2026-04-16,12:24:27,2026-04-16,12:24:50,NIFTY,SELL,TYPE_D,LIMIT_ENTRY,LIMIT_EXIT,24154.6,24156.6,NIFTY21APR2624200PE,24200.0,PE,225.75,226.6,225.65,226.69,230.0,220.0,0.02217,0.022046,ws,ws,entry_l1_cap,exit_l1_profit_protect,False,False,0.1,-0.0889,65,55.25,strategy_S5-10__TYPE_D:NIFTY:2026-04-16T12:24:27:SHORT
2026-04-16,12:25:50,2026-04-16,12:26:06,NIFTY,BUY,TYPE_D,LIMIT_ENTRY,LIMIT_EXIT,24164.85,24162.55,NIFTY21APR2624150CE,24150.0,CE,201.25,200.05,201.18,200.1,205.0,195.0,0.024869,0.024975,ws,ws,entry_l1_cap,exit_l1_profit_protect,False,False,0.0667,-0.05,65,-78.0,strategy_S5-10__TYPE_D:NIFTY:2026-04-16T12:25:50:LONG
2026-04-16,12:26:20,2026-04-16,12:26:42,NIFTY,SELL,TYPE_D,LIMIT_ENTRY,LIMIT_EXIT,24159.65,24162.65,NIFTY21APR2624200PE,24200.0,PE,223.6,221.35,223.47,221.49,225.0,215.0,0.022381,0.022566,ws,ws,entry_l1_cap,exit_l1_profit_protect,False,False,0.1333,-0.135,65,-146.25,strategy_S5-10__TYPE_D:NIFTY:2026-04-16T12:26:20:SHORT
2026-04-16,12:26:50,2026-04-16,12:27:02,NIFTY,BUY,TYPE_D,LIMIT_ENTRY,LIMIT_EXIT,24169.0,24164.75,NIFTY21APR2624150CE,24150.0,CE,201.85,198.7,201.46,198.96,205.0,190.0,0.024799,0.025135,ws,ws,entry_l1_cap,exit_l1_profit_protect,False,False,0.3857,-0.2647,65,-204.75,strategy_S5-10__TYPE_D:NIFTY:2026-04-16T12:26:50:LONG
2026-04-16,12:27:14,2026-04-16,12:27:57,NIFTY,SELL,TYPE_D,LIMIT_ENTRY,LIMIT_EXIT,24163.1,24162.35,NIFTY21APR2624200PE,24200.0,PE,223.65,222.05,223.26,222.23,225.0,215.0,0.022379,0.022495,ws,ws,entry_l1_cap,exit_l1_profit_protect,False,False,0.3857,-0.18,65,-104.0,strategy_S5-10__TYPE_D:NIFTY:2026-04-16T12:27:14:SHORT
2026-04-16,12:28:12,2026-04-16,12:28:45,NIFTY,SELL,TYPE_D,LIMIT_ENTRY,LIMIT_EXIT,24158.5,24162.5,NIFTY21APR2624200PE,24200.0,PE,223.85,221.25,223.51,221.61,225.0,215.0,0.022364,0.022573,ws,ws,entry_l1_cap,exit_l1_profit_protect,False,False,0.3438,-0.3636,65,-169.0,strategy_S5-10__TYPE_D:NIFTY:2026-04-16T12:28:12:SHORT
2026-04-16,12:28:53,2026-04-16,12:29:07,NIFTY,BUY,TYPE_D,LIMIT_ENTRY,LIMIT_EXIT,24163.2,24161.75,NIFTY21APR2624150CE,24150.0,CE,197.95,198.1,197.93,198.38,200.0,190.0,0.025265,0.025218,ws,ws,entry_l1_cap,exit_l1_profit_protect,False,False,0.0167,-0.28,65,9.75,strategy_S5-10__TYPE_D:NIFTY:2026-04-16T12:28:53:LONG
2026-04-16,12:29:30,2026-04-16,12:29:54,NIFTY,BUY,TYPE_D,LIMIT_ENTRY,LIMIT_EXIT,24164.8,24162.3,NIFTY21APR2624150CE,24150.0,CE,198.05,197.65,197.83,197.69,200.0,190.0,0.025272,0.025268,ws,ws,entry_l1_cap,exit_l1_profit_protect,False,False,0.2222,-0.0375,65,-26.0,strategy_S5-10__TYPE_D:NIFTY:2026-04-16T12:29:30:LONG
2026-04-16,12:30:06,2026-04-16,12:30:27,NIFTY,SELL,TYPE_D,LIMIT_ENTRY,LIMIT_EXIT,24160.3,24162.55,NIFTY21APR2624200PE,24200.0,PE,224.2,221.75,224.15,222.02,225.0,215.0,0.022306,0.022528,ws,ws,entry_l1_cap,exit_l1_profit_protect,False,False,0.05,-0.2667,65,-159.25,strategy_S5-10__TYPE_D:NIFTY:2026-04-16T12:30:06:SHORT
2026-04-16,12:30:30,2026-04-16,12:30:44,NIFTY,BUY,TYPE_D,LIMIT_ENTRY,LIMIT_EXIT,24165.4,24159.1,NIFTY21APR2624150CE,24150.0,CE,197.4,195.3,197.08,195.67,200.0,190.0,0.025352,0.025575,ws,ws,entry_l1_cap,exit_l1_profit_protect,False,False,0.3208,-0.3692,65,-136.5,strategy_S5-10__TYPE_D:NIFTY:2026-04-16T12:30:30:LONG
2026-04-16,12:30:52,2026-04-16,12:31:08,NIFTY,SELL,TYPE_D,LIMIT_ENTRY,LIMIT_EXIT,24154.4,24158.25,NIFTY21APR2624200PE,24200.0,PE,225.25,222.4,225.14,222.69,230.0,215.0,0.02222,0.022464,ws,ws,entry_l1_cap,exit_l1_profit_protect,False,False,0.1125,-0.2917,65,-185.25,strategy_S5-10__TYPE_D:NIFTY:2026-04-16T12:30:52:SHORT
2026-04-16,12:31:50,2026-04-16,12:32:31,NIFTY,BUY,TYPE_D,LIMIT_ENTRY,LIMIT_EXIT,24162.3,24165.2,NIFTY21APR2624150CE,24150.0,CE,196.0,198.1,195.87,198.12,200.0,190.0,0.025533,0.025227,ws,ws,entry_l1_cap,exit_l1_profit_protect,False,False,0.1273,-0.025,65,136.5,strategy_S5-10__TYPE_D:NIFTY:2026-04-16T12:31:50:LONG
2026-04-16,12:32:50,2026-04-16,12:32:56,NIFTY,SELL,TYPE_D,LIMIT_ENTRY,LIMIT_EXIT,24162.65,24166.8,NIFTY21APR2624200PE,24200.0,PE,222.2,219.35,222.17,219.51,225.0,210.0,0.022523,0.022774,ws,ws,entry_l1_cap,exit_l1_profit_protect,False,False,0.0333,-0.16,65,-185.25,strategy_S5-10__TYPE_D:NIFTY:2026-04-16T12:32:50:SHORT
2026-04-16,12:33:07,2026-04-16,12:33:47,NIFTY,SELL,TYPE_D,LIMIT_ENTRY,LIMIT_EXIT,24157.15,24156.3,NIFTY21APR2624200PE,24200.0,PE,226.5,223.1,226.22,223.5,230.0,215.0,0.022097,0.022386,ws,ws,entry_l1_cap,exit_l1_profit_protect,False,False,0.2769,-0.4,65,-221.0,strategy_S5-10__TYPE_D:NIFTY:2026-04-16T12:33:07:SHORT
2026-04-16,12:34:09,2026-04-16,12:34:32,NIFTY,SELL,TYPE_D,LIMIT_ENTRY,LIMIT_EXIT,24150.45,24147.2,NIFTY21APR2624200PE,24200.0,PE,226.95,228.25,226.7,228.38,230.0,220.0,0.022058,0.021896,ws,ws,entry_l1_cap,exit_l1_profit_protect,False,False,0.25,-0.1333,65,84.5,strategy_S5-10__TYPE_D:NIFTY:2026-04-16T12:34:09:SHORT
2026-04-16,12:34:40,2026-04-16,12:35:18,NIFTY,SELL,TYPE_D,LIMIT_ENTRY,LIMIT_EXIT,24142.7,24141.15,NIFTY21APR2624150PE,24150.0,PE,204.95,204.45,204.8,204.64,205.0,195.0,0.02442,0.024426,ws,ws,entry_l1_cap,exit_l1_profit_protect,False,False,0.1455,-0.1905,65,-32.5,strategy_S5-10__TYPE_D:NIFTY:2026-04-16T12:34:40:SHORT
2026-04-16,12:35:44,2026-04-16,12:35:59,NIFTY,BUY,TYPE_D,LIMIT_ENTRY,LIMIT_EXIT,24143.25,24140.35,NIFTY21APR2624100CE,24100.0,CE,214.5,211.45,214.11,211.57,215.0,205.0,0.023337,0.023635,ws,ws,entry_l1_cap,exit_l1_profit_protect,False,False,0.3929,-0.1222,65,-198.25,strategy_S5-10__TYPE_D:NIFTY:2026-04-16T12:35:44:LONG
2026-04-16,12:36:34,2026-04-16,12:37:09,NIFTY,SELL,TYPE_D,LIMIT_ENTRY,LIMIT_EXIT,24136.25,24135.05,NIFTY21APR2624150PE,24150.0,PE,213.0,214.8,212.7,214.89,215.0,205.0,0.023496,0.023253,ws,ws,entry_l1_cap,exit_l1_profit_protect,False,False,0.3,-0.09,65,117.0,strategy_S5-10__TYPE_D:NIFTY:2026-04-16T12:36:34:SHORT
2026-04-16,12:37:42,2026-04-16,12:38:15,NIFTY,SELL,TYPE_D,LIMIT_ENTRY,LIMIT_EXIT,24133.15,24135.55,NIFTY21APR2624150PE,24150.0,PE,216.5,213.85,216.2,213.98,220.0,205.0,0.023121,0.023362,ws,ws,entry_l1_cap,exit_l1_profit_protect,False,False,0.3,-0.1273,65,-172.25,strategy_S5-10__TYPE_D:NIFTY:2026-04-16T12:37:42:SHORT
2026-04-16,12:38:20,2026-04-16,12:39:33,NIFTY,BUY,TYPE_D,LIMIT_ENTRY,LIMIT_EXIT,24137.15,24154.3,NIFTY21APR2624100CE,24100.0,CE,214.75,219.1,214.57,219.15,215.0,210.0,0.023305,0.022795,ws,ws,entry_l1_cap,exit_l1_profit_protect,False,False,0.1778,-0.0455,65,282.75,strategy_S5-10__TYPE_D:NIFTY:2026-04-16T12:38:20:LONG
2026-04-16,12:39:57,2026-04-16,12:40:21,NIFTY,BUY,TYPE_D,LIMIT_ENTRY,LIMIT_EXIT,24158.2,24157.25,NIFTY21APR2624150CE,24150.0,CE,193.6,194.4,193.37,194.69,195.0,185.0,0.02585,0.025697,ws,ws,entry_l1_cap,exit_l1_profit_protect,False,False,0.2333,-0.2917,65,52.0,strategy_S5-10__TYPE_D:NIFTY:2026-04-16T12:39:57:LONG
2026-04-16,12:41:00,2026-04-16,12:41:26,NIFTY,BUY,TYPE_D,LIMIT_ENTRY,LIMIT_EXIT,24158.85,24157.05,NIFTY21APR2624150CE,24150.0,CE,197.1,195.6,197.05,195.97,200.0,190.0,0.025394,0.025526,ws,ws,entry_l1_cap,exit_l1_profit_protect,False,False,0.05,-0.3667,65,-97.5,strategy_S5-10__TYPE_D:NIFTY:2026-04-16T12:41:00:LONG
2026-04-16,12:41:32,2026-04-16,12:41:52,NIFTY,BUY,TYPE_D,LIMIT_ENTRY,LIMIT_EXIT,24161.8,24160.35,NIFTY21APR2624150CE,24150.0,CE,197.25,195.7,197.11,195.99,200.0,190.0,0.025368,0.025526,ws,ws,entry_l1_cap,exit_l1_profit_protect,False,False,0.1385,-0.2917,65,-100.75,strategy_S5-10__TYPE_D:NIFTY:2026-04-16T12:41:32:LONG
2026-04-16,12:42:03,2026-04-16,12:42:16,NIFTY,SELL,TYPE_D,LIMIT_ENTRY,LIMIT_EXIT,24157.8,24160.15,NIFTY21APR2624200PE,24200.0,PE,227.9,224.25,227.81,224.45,230.0,215.0,0.021961,0.022274,ws,ws,entry_l1_cap,exit_l1_profit_protect,False,False,0.09,-0.2045,65,-237.25,strategy_S5-10__TYPE_D:NIFTY:2026-04-16T12:42:03:SHORT
2026-04-16,12:42:21,2026-04-16,12:43:21,NIFTY,BUY,TYPE_D,LIMIT_ENTRY,LIMIT_EXIT,24164.7,24165.3,NIFTY21APR2624150CE,24150.0,CE,195.8,196.85,195.47,196.92,200.0,190.0,0.025559,0.025384,ws,ws,entry_l1_cap,exit_l1_profit_protect,False,False,0.3348,-0.0714,65,68.25,strategy_S5-10__TYPE_D:NIFTY:2026-04-16T12:42:21:LONG
2026-04-16,12:44:01,2026-04-16,12:44:13,NIFTY,BUY,TYPE_D,LIMIT_ENTRY,LIMIT_EXIT,24164.7,24162.65,NIFTY21APR2624150CE,24150.0,CE,197.3,196.35,197.1,196.48,200.0,190.0,0.025361,0.025449,ws,ws,entry_l1_cap,exit_l1_profit_protect,False,False,0.2,-0.1333,65,-61.75,strategy_S5-10__TYPE_D:NIFTY:2026-04-16T12:44:01:LONG
2026-04-16,12:44:22,2026-04-16,12:45:02,NIFTY,SELL,TYPE_D,LIMIT_ENTRY,LIMIT_EXIT,24157.9,24141.45,NIFTY21APR2624200PE,24200.0,PE,224.35,231.75,224.27,231.92,225.0,225.0,0.022306,0.021554,ws,ws,entry_l1_cap,exit_l1_profit_protect,False,False,0.08,-0.1687,65,481.0,strategy_S5-10__TYPE_D:NIFTY:2026-04-16T12:44:22:SHORT
2026-04-16,12:45:37,2026-04-16,12:46:01,NIFTY,SELL,TYPE_D,LIMIT_ENTRY,LIMIT_EXIT,24130.9,24137.3,NIFTY21APR2624150PE,24150.0,PE,209.7,207.2,209.59,207.36,210.0,200.0,0.023866,0.024108,ws,ws,entry_l1_cap,exit_l1_profit_protect,False,False,0.1091,-0.16,65,-162.5,strategy_S5-10__TYPE_D:NIFTY:2026-04-16T12:45:37:SHORT
2026-04-16,12:46:10,2026-04-16,12:47:05,NIFTY,BUY,TYPE_D,LIMIT_ENTRY,LIMIT_EXIT,24142.95,24150.75,NIFTY21APR2624100CE,24100.0,CE,217.95,219.1,217.88,219.11,220.0,210.0,0.022949,0.022808,ws,ws,entry_l1_cap,exit_l1_profit_protect,False,False,0.075,-0.0135,65,74.75,strategy_S5-10__TYPE_D:NIFTY:2026-04-16T12:46:10:LONG
2026-04-16,12:47:22,2026-04-16,12:48:22,NIFTY,SELL,TYPE_D,LIMIT_ENTRY,LIMIT_EXIT,24144.3,24138.9,NIFTY21APR2624150PE,24150.0,PE,204.75,206.1,204.39,206.15,205.0,200.0,0.024444,0.024231,ws,ws,entry_l1_cap,exit_l1_profit_protect,False,False,0.3636,-0.05,65,87.75,strategy_S5-10__TYPE_D:NIFTY:2026-04-16T12:47:22:SHORT
2026-04-16,12:48:41,2026-04-16,12:49:36,NIFTY,SELL,TYPE_D,LIMIT_ENTRY,LIMIT_EXIT,24136.7,24136.25,NIFTY21APR2624150PE,24150.0,PE,205.9,206.0,205.8,206.15,210.0,200.0,0.024307,0.024254,ws,ws,entry_l1_cap,exit_l1_profit_protect,False,False,0.1,-0.15,65,6.5,strategy_S5-10__TYPE_D:NIFTY:2026-04-16T12:48:41:SHORT
2026-04-16,12:49:40,2026-04-16,12:50:01,NIFTY,BUY,TYPE_D,LIMIT_ENTRY,LIMIT_EXIT,24137.15,24134.9,NIFTY21APR2624100CE,24100.0,CE,215.2,212.5,215.13,212.76,220.0,205.0,0.023245,0.023513,ws,ws,entry_l1_cap,exit_l1_profit_protect,False,False,0.0667,-0.2625,65,-175.5,strategy_S5-10__TYPE_D:NIFTY:2026-04-16T12:49:40:LONG
2026-04-16,12:50:13,2026-04-16,12:50:24,NIFTY,SELL,TYPE_D,LIMIT_ENTRY,LIMIT_EXIT,24131.05,24137.75,NIFTY21APR2624150PE,24150.0,PE,210.3,206.1,210.19,206.32,215.0,200.0,0.02379,0.024237,ws,ws,entry_l1_cap,exit_l1_profit_protect,False,False,0.1071,-0.225,65,-273.0,strategy_S5-10__TYPE_D:NIFTY:2026-04-16T12:50:13:SHORT
2026-04-16,12:50:42,2026-04-16,12:50:45,NIFTY,SELL,TYPE_D,LIMIT_ENTRY,LIMIT_EXIT,24134.9,24137.4,NIFTY21APR2624150PE,24150.0,PE,205.8,206.0,205.36,206.08,210.0,200.0,0.024325,0.02426,ws,ws,entry_l1_cap,exit_l1_profit_protect,False,False,0.44,-0.0833,65,13.0,strategy_S5-10__TYPE_D:NIFTY:2026-04-16T12:50:42:SHORT
2026-04-16,12:50:57,2026-04-16,12:51:24,NIFTY,SELL,TYPE_D,LIMIT_ENTRY,LIMIT_EXIT,24133.65,24134.5,NIFTY21APR2624150PE,24150.0,PE,209.8,207.35,209.39,207.4,210.0,200.0,0.023858,0.024085,ws,ws,entry_l1_cap,exit_l1_profit_protect,False,False,0.4071,-0.0455,65,-159.25,strategy_S5-10__TYPE_D:NIFTY:2026-04-16T12:50:57:SHORT
2026-04-16,12:51:46,2026-04-16,12:52:00,NIFTY,BUY,TYPE_D,LIMIT_ENTRY,LIMIT_EXIT,24136.05,24142.3,NIFTY21APR2624100CE,24100.0,CE,211.8,213.05,211.72,213.46,215.0,205.0,0.023618,0.023444,ws,ws,entry_l1_cap,exit_l1_profit_protect,False,False,0.0783,-0.4091,65,81.25,strategy_S5-10__TYPE_D:NIFTY:2026-04-16T12:51:46:LONG
2026-04-16,12:52:16,2026-04-16,12:53:37,NIFTY,BUY,TYPE_D,LIMIT_ENTRY,LIMIT_EXIT,24145.0,24153.75,NIFTY21APR2624100CE,24100.0,CE,215.3,218.35,214.97,218.64,220.0,210.0,0.023245,0.022881,ws,ws,entry_l1_cap,exit_l1_profit_protect,False,False,0.3333,-0.2917,65,198.25,strategy_S5-10__TYPE_D:NIFTY:2026-04-16T12:52:16:LONG
2026-04-16,12:53:43,2026-04-16,12:54:50,NIFTY,SELL,TYPE_D,LIMIT_ENTRY,LIMIT_EXIT,24147.35,24127.7,NIFTY21APR2624150PE,24150.0,PE,202.75,211.1,202.35,211.13,205.0,205.0,0.024688,0.023671,ws,ws,entry_l1_cap,exit_l1_profit_protect,False,False,0.3971,-0.0312,65,542.75,strategy_S5-10__TYPE_D:NIFTY:2026-04-16T12:53:43:SHORT
2026-04-16,12:55:00,2026-04-16,12:55:18,NIFTY,SELL,TYPE_D,LIMIT_ENTRY,LIMIT_EXIT,24122.75,24125.5,NIFTY21APR2624150PE,24150.0,PE,211.25,210.65,211.24,210.73,215.0,205.0,0.02368,0.023716,ws,ws,entry_l1_cap,exit_l1_profit_protect,False,False,0.0125,-0.0808,65,-39.0,strategy_S5-10__TYPE_D:NIFTY:2026-04-16T12:55:00:SHORT
2026-04-16,12:56:03,2026-04-16,12:56:23,NIFTY,SELL,TYPE_D,LIMIT_ENTRY,LIMIT_EXIT,24123.95,24122.8,NIFTY21APR2624150PE,24150.0,PE,211.75,212.3,211.62,212.54,215.0,205.0,0.023627,0.023535,ws,ws,entry_l1_cap,exit_l1_profit_protect,False,False,0.125,-0.2357,65,35.75,strategy_S5-10__TYPE_D:NIFTY:2026-04-16T12:56:03:SHORT
2026-04-16,12:56:35,2026-04-16,12:57:12,NIFTY,BUY,TYPE_D,LIMIT_ENTRY,LIMIT_EXIT,24125.6,24123.95,NIFTY21APR2624100CE,24100.0,CE,206.45,204.3,206.43,204.44,210.0,195.0,0.024231,0.02445,ws,ws,entry_l1_cap,exit_l1_profit_protect,False,False,0.02,-0.1412,65,-139.75,strategy_S5-10__TYPE_D:NIFTY:2026-04-16T12:56:35:LONG
2026-04-16,12:57:23,2026-04-16,12:57:51,NIFTY,SELL,TYPE_D,LIMIT_ENTRY,LIMIT_EXIT,24122.55,24121.85,NIFTY21APR2624150PE,24150.0,PE,212.65,212.15,212.38,212.23,215.0,205.0,0.023535,0.023543,ws,ws,entry_l1_cap,exit_l1_profit_protect,False,False,0.2667,-0.0818,65,-32.5,strategy_S5-10__TYPE_D:NIFTY:2026-04-16T12:57:23:SHORT
2026-04-16,12:58:58,2026-04-16,13:00:57,NIFTY,BUY,TYPE_D,LIMIT_ENTRY,LIMIT_EXIT,24128.85,24146.2,NIFTY21APR2624100CE,24100.0,CE,206.4,215.7,206.38,215.96,210.0,210.0,0.024228,0.023156,ws,ws,entry_l1_cap,exit_l1_profit_protect,False,False,0.025,-0.2625,65,604.5,strategy_S5-10__TYPE_D:NIFTY:2026-04-16T12:58:58:LONG
2026-04-16,13:01:31,2026-04-16,13:01:42,NIFTY,SELL,TYPE_D,LIMIT_ENTRY,LIMIT_EXIT,24138.7,24141.35,NIFTY21APR2624150PE,24150.0,PE,204.65,202.75,204.58,202.9,205.0,195.0,0.02445,0.024643,ws,ws,entry_l1_cap,exit_l1_profit_protect,False,False,0.0667,-0.15,65,-123.5,strategy_S5-10__TYPE_D:NIFTY:2026-04-16T13:01:31:SHORT
2026-04-16,13:01:57,2026-04-16,13:02:28,NIFTY,SELL,TYPE_D,LIMIT_ENTRY,LIMIT_EXIT,24137.75,24141.85,NIFTY21APR2624150PE,24150.0,PE,204.55,201.9,204.2,202.08,205.0,195.0,0.024474,0.024746,ws,ws,entry_l1_cap,exit_l1_profit_protect,False,False,0.3462,-0.18,65,-172.25,strategy_S5-10__TYPE_D:NIFTY:2026-04-16T13:01:57:SHORT
2026-04-16,13:02:34,2026-04-16,13:03:18,NIFTY,BUY,TYPE_D,LIMIT_ENTRY,LIMIT_EXIT,24142.55,24140.45,NIFTY21APR2624100CE,24100.0,CE,212.95,211.4,212.69,211.54,215.0,205.0,0.023499,0.023643,ws,ws,entry_l1_cap,exit_l1_profit_protect,False,False,0.2625,-0.1364,65,-100.75,strategy_S5-10__TYPE_D:NIFTY:2026-04-16T13:02:34:LONG
2026-04-16,13:03:29,2026-04-16,13:04:04,NIFTY,BUY,TYPE_D,LIMIT_ENTRY,LIMIT_EXIT,24143.0,24147.65,NIFTY21APR2624100CE,24100.0,CE,213.0,215.3,212.62,215.54,215.0,210.0,0.023496,0.023196,ws,ws,entry_l1_cap,exit_l1_profit_protect,False,False,0.3822,-0.2353,65,149.5,strategy_S5-10__TYPE_D:NIFTY:2026-04-16T13:03:29:LONG
2026-04-16,13:04:24,2026-04-16,13:04:44,NIFTY,SELL,TYPE_D,LIMIT_ENTRY,LIMIT_EXIT,24147.2,24146.75,NIFTY21APR2624150PE,24150.0,PE,201.0,198.75,200.94,198.95,205.0,190.0,0.024891,0.025138,ws,ws,entry_l1_cap,exit_l1_profit_protect,False,False,0.0625,-0.2,65,-146.25,strategy_S5-10__TYPE_D:NIFTY:2026-04-16T13:04:24:SHORT
2026-04-16,13:05:01,2026-04-16,13:05:38,NIFTY,BUY,TYPE_D,LIMIT_ENTRY,LIMIT_EXIT,24150.6,24154.15,NIFTY21APR2624150CE,24150.0,CE,189.7,190.0,189.44,190.33,190.0,185.0,0.026382,0.026288,ws,ws,entry_l1_cap,exit_l1_profit_protect,False,False,0.2625,-0.3333,65,19.5,strategy_S5-10__TYPE_D:NIFTY:2026-04-16T13:05:01:LONG
2026-04-16,13:05:49,2026-04-16,13:05:54,NIFTY,BUY,TYPE_D,LIMIT_ENTRY,LIMIT_EXIT,24160.05,24154.85,NIFTY21APR2624150CE,24150.0,CE,191.3,189.4,191.27,189.65,195.0,180.0,0.02614,0.026375,ws,ws,entry_l1_cap,exit_l1_profit_protect,False,False,0.0333,-0.25,65,-123.5,strategy_S5-10__TYPE_D:NIFTY:2026-04-16T13:05:49:LONG
2026-04-16,13:06:14,2026-04-16,13:08:00,NIFTY,SELL,TYPE_D,LIMIT_ENTRY,LIMIT_EXIT,24151.05,24131.0,NIFTY21APR2624200PE,24200.0,PE,225.25,231.25,225.0,231.4,230.0,225.0,0.022222,0.021598,ws,ws,entry_l1_cap,exit_l1_profit_protect,False,False,0.25,-0.15,65,390.0,strategy_S5-10__TYPE_D:NIFTY:2026-04-16T13:06:14:SHORT
2026-04-16,13:08:25,2026-04-16,13:08:40,NIFTY,BUY,TYPE_D,LIMIT_ENTRY,LIMIT_EXIT,24131.8,24131.3,NIFTY21APR2624100CE,24100.0,CE,210.15,210.85,209.89,210.86,215.0,205.0,0.023812,0.023705,ws,ws,entry_l1_cap,exit_l1_profit_protect,False,False,0.2625,-0.0143,65,45.5,strategy_S5-10__TYPE_D:NIFTY:2026-04-16T13:08:25:LONG
2026-04-16,13:09:00,2026-04-16,13:09:50,NIFTY,SELL,TYPE_D,LIMIT_ENTRY,LIMIT_EXIT,24129.25,24120.15,NIFTY21APR2624150PE,24150.0,PE,206.45,210.25,206.05,210.51,210.0,205.0,0.024245,0.023753,ws,ws,entry_l1_cap,exit_l1_profit_protect,False,False,0.4,-0.2647,65,247.0,strategy_S5-10__TYPE_D:NIFTY:2026-04-16T13:09:00:SHORT
2026-04-16,13:10:38,2026-04-16,13:11:12,NIFTY,SELL,TYPE_D,LIMIT_ENTRY,LIMIT_EXIT,24117.3,24114.95,NIFTY21APR2624150PE,24150.0,PE,212.25,216.9,212.05,216.94,215.0,210.0,0.023577,0.023049,ws,ws,entry_l1_cap,exit_l1_profit_protect,False,False,0.2,-0.04,65,302.25,strategy_S5-10__TYPE_D:NIFTY:2026-04-16T13:10:38:SHORT
2026-04-16,13:11:39,2026-04-16,13:12:19,NIFTY,BUY,TYPE_D,LIMIT_ENTRY,LIMIT_EXIT,24116.85,24118.6,NIFTY21APR2624100CE,24100.0,CE,204.8,203.15,204.6,203.37,205.0,195.0,0.024438,0.024597,ws,ws,entry_l1_cap,exit_l1_profit_protect,False,False,0.2,-0.2188,65,-107.25,strategy_S5-10__TYPE_D:NIFTY:2026-04-16T13:11:39:LONG
2026-04-16,13:12:27,2026-04-16,13:12:37,NIFTY,SELL,TYPE_D,LIMIT_ENTRY,LIMIT_EXIT,24114.8,24122.7,NIFTY21APR2624150PE,24150.0,PE,215.8,213.65,215.63,213.68,220.0,205.0,0.023194,0.023397,ws,ws,entry_l1_cap,exit_l1_profit_protect,False,False,0.1731,-0.025,65,-139.75,strategy_S5-10__TYPE_D:NIFTY:2026-04-16T13:12:27:SHORT
2026-04-16,13:13:13,2026-04-16,13:13:47,NIFTY,BUY,TYPE_D,LIMIT_ENTRY,LIMIT_EXIT,24123.15,24122.75,NIFTY21APR2624100CE,24100.0,CE,205.8,203.8,205.35,204.11,210.0,195.0,0.024325,0.024513,ws,ws,entry_l1_cap,exit_l1_profit_protect,False,False,0.45,-0.3111,65,-130.0,strategy_S5-10__TYPE_D:NIFTY:2026-04-16T13:13:13:LONG
2026-04-16,13:13:55,2026-04-16,13:14:16,NIFTY,SELL,TYPE_D,LIMIT_ENTRY,LIMIT_EXIT,24117.8,24122.75,NIFTY21APR2624150PE,24150.0,PE,210.7,210.35,210.62,210.48,215.0,205.0,0.023756,0.023747,ws,ws,entry_l1_cap,exit_l1_profit_protect,False,False,0.0818,-0.1333,65,-22.75,strategy_S5-10__TYPE_D:NIFTY:2026-04-16T13:13:55:SHORT
2026-04-16,13:14:39,2026-04-16,13:14:49,NIFTY,SELL,TYPE_D,LIMIT_ENTRY,LIMIT_EXIT,24118.75,24125.1,NIFTY21APR2624150PE,24150.0,PE,211.2,209.45,211.0,209.5,215.0,200.0,0.023688,0.023864,ws,ws,entry_l1_cap,exit_l1_profit_protect,False,False,0.2,-0.05,65,-113.75,strategy_S5-10__TYPE_D:NIFTY:2026-04-16T13:14:39:SHORT
2026-04-16,13:15:10,2026-04-16,13:15:16,NIFTY,SELL,TYPE_D,LIMIT_ENTRY,LIMIT_EXIT,24119.55,24120.35,NIFTY21APR2624150PE,24150.0,PE,213.0,210.65,212.7,210.79,215.0,205.0,0.023493,0.023722,ws,ws,entry_l1_cap,exit_l1_profit_protect,False,False,0.2962,-0.1389,65,-152.75,strategy_S5-10__TYPE_D:NIFTY:2026-04-16T13:15:10:SHORT
2026-04-16,13:15:30,2026-04-16,13:16:13,NIFTY,BUY,TYPE_D,LIMIT_ENTRY,LIMIT_EXIT,24122.6,24122.2,NIFTY21APR2624100CE,24100.0,CE,202.95,201.4,202.53,201.49,205.0,195.0,0.024664,0.024814,ws,ws,entry_l1_cap,exit_l1_profit_protect,False,False,0.4154,-0.0857,65,-100.75,strategy_S5-10__TYPE_D:NIFTY:2026-04-16T13:15:30:LONG
2026-04-16,13:17:02,2026-04-16,13:17:33,NIFTY,SELL,TYPE_D,LIMIT_ENTRY,LIMIT_EXIT,24121.2,24116.75,NIFTY21APR2624150PE,24150.0,PE,211.15,212.3,211.12,212.43,215.0,205.0,0.023688,0.023527,ws,ws,entry_l1_cap,exit_l1_profit_protect,False,False,0.03,-0.1286,65,74.75,strategy_S5-10__TYPE_D:NIFTY:2026-04-16T13:17:02:SHORT
2026-04-16,13:17:48,2026-04-16,13:18:57,NIFTY,BUY,TYPE_D,LIMIT_ENTRY,LIMIT_EXIT,24121.05,24131.3,NIFTY21APR2624100CE,24100.0,CE,201.55,204.05,201.54,204.3,205.0,195.0,0.024811,0.024486,ws,ws,entry_l1_cap,exit_l1_profit_protect,False,False,0.0063,-0.2538,65,162.5,strategy_S5-10__TYPE_D:NIFTY:2026-04-16T13:17:48:LONG
2026-04-16,13:19:02,2026-04-16,13:19:14,NIFTY,SELL,TYPE_D,LIMIT_ENTRY,LIMIT_EXIT,24128.4,24133.85,NIFTY21APR2624150PE,24150.0,PE,208.95,205.45,208.91,205.55,210.0,200.0,0.023949,0.024319,ws,ws,entry_l1_cap,exit_l1_profit_protect,False,False,0.035,-0.1,65,-227.5,strategy_S5-10__TYPE_D:NIFTY:2026-04-16T13:19:02:SHORT
2026-04-16,13:19:20,2026-04-16,13:20:23,NIFTY,BUY,TYPE_D,LIMIT_ENTRY,LIMIT_EXIT,24136.4,24136.6,NIFTY21APR2624100CE,24100.0,CE,207.35,206.0,206.98,206.28,210.0,200.0,0.02414,0.024254,ws,ws,entry_l1_cap,exit_l1_profit_protect,False,False,0.3667,-0.2765,65,-87.75,strategy_S5-10__TYPE_D:NIFTY:2026-04-16T13:19:20:LONG
2026-04-16,13:20:40,2026-04-16,13:21:10,NIFTY,SELL,TYPE_D,LIMIT_ENTRY,LIMIT_EXIT,24130.8,24134.25,NIFTY21APR2624150PE,24150.0,PE,207.0,204.55,206.76,204.65,210.0,195.0,0.024181,0.024417,ws,ws,entry_l1_cap,exit_l1_profit_protect,False,False,0.2382,-0.0964,65,-159.25,strategy_S5-10__TYPE_D:NIFTY:2026-04-16T13:20:40:SHORT
2026-04-16,13:21:32,2026-04-16,13:21:39,NIFTY,SELL,TYPE_D,LIMIT_ENTRY,LIMIT_EXIT,24131.2,24133.65,NIFTY21APR2624150PE,24150.0,PE,206.05,205.2,205.94,205.6,210.0,200.0,0.02429,0.02434,ws,ws,entry_l1_cap,exit_l1_profit_protect,False,False,0.1091,-0.4034,65,-55.25,strategy_S5-10__TYPE_D:NIFTY:2026-04-16T13:21:32:SHORT
2026-04-16,13:22:02,2026-04-16,13:22:38,NIFTY,BUY,TYPE_D,LIMIT_ENTRY,LIMIT_EXIT,24136.1,24138.05,NIFTY21APR2624100CE,24100.0,CE,207.2,208.2,207.02,208.52,210.0,200.0,0.02416,0.023989,ws,ws,entry_l1_cap,exit_l1_profit_protect,False,False,0.1842,-0.3214,65,65.0,strategy_S5-10__TYPE_D:NIFTY:2026-04-16T13:22:02:LONG
2026-04-16,13:22:55,2026-04-16,13:24:59,NIFTY,SELL,TYPE_D,LIMIT_ENTRY,LIMIT_EXIT,24133.75,24107.75,NIFTY21APR2624150PE,24150.0,PE,206.5,222.0,206.2,222.17,210.0,215.0,0.024239,0.022512,ws,ws,entry_l1_cap,exit_l1_profit_protect,False,False,0.3,-0.1659,65,1007.5,strategy_S5-10__TYPE_D:NIFTY:2026-04-16T13:22:55:SHORT
2026-04-16,13:25:10,2026-04-16,13:25:22,NIFTY,SELL,TYPE_D,LIMIT_ENTRY,LIMIT_EXIT,24103.5,24107.3,NIFTY21APR2624150PE,24150.0,PE,223.35,218.9,223.11,219.09,225.0,210.0,0.022414,0.022818,ws,ws,entry_l1_cap,exit_l1_profit_protect,False,False,0.2357,-0.1929,65,-289.25,strategy_S5-10__TYPE_D:NIFTY:2026-04-16T13:25:10:SHORT
2026-04-16,13:25:44,2026-04-16,13:25:57,NIFTY,BUY,TYPE_D,LIMIT_ENTRY,LIMIT_EXIT,24111.35,24109.3,NIFTY21APR2624100CE,24100.0,CE,195.95,193.5,195.82,193.6,200.0,185.0,0.025546,0.025816,ws,ws,entry_l1_cap,exit_l1_profit_protect,False,False,0.1286,-0.105,65,-159.25,strategy_S5-10__TYPE_D:NIFTY:2026-04-16T13:25:44:LONG
2026-04-16,13:26:10,2026-04-16,13:26:25,NIFTY,BUY,TYPE_D,LIMIT_ENTRY,LIMIT_EXIT,24113.75,24112.45,NIFTY21APR2624100CE,24100.0,CE,196.15,193.65,196.03,193.65,200.0,185.0,0.025507,0.025796,ws,ws,entry_l1_cap,exit_l1_profit_protect,False,False,0.125,-0.0035,65,-162.5,strategy_S5-10__TYPE_D:NIFTY:2026-04-16T13:26:10:LONG
2026-04-16,13:26:42,2026-04-16,13:26:53,NIFTY,SELL,TYPE_D,LIMIT_ENTRY,LIMIT_EXIT,24109.35,24112.35,NIFTY21APR2624150PE,24150.0,PE,219.85,218.3,219.82,218.62,220.0,210.0,0.022758,0.022886,ws,ws,entry_l1_cap,exit_l1_profit_protect,False,False,0.0333,-0.325,65,-100.75,strategy_S5-10__TYPE_D:NIFTY:2026-04-16T13:26:42:SHORT
2026-04-16,13:27:12,2026-04-16,13:27:16,NIFTY,SELL,TYPE_D,LIMIT_ENTRY,LIMIT_EXIT,24106.35,24109.65,NIFTY21APR2624150PE,24150.0,PE,221.35,221.6,221.34,221.73,225.0,215.0,0.022607,0.022543,ws,ws,entry_l1_cap,exit_l1_profit_protect,False,False,0.0146,-0.1302,65,16.25,strategy_S5-10__TYPE_D:NIFTY:2026-04-16T13:27:12:SHORT
2026-04-16,13:27:30,2026-04-16,13:27:37,NIFTY,SELL,TYPE_D,LIMIT_ENTRY,LIMIT_EXIT,24105.9,24107.45,NIFTY21APR2624150PE,24150.0,PE,222.55,220.4,222.22,220.43,225.0,215.0,0.02249,0.022673,ws,ws,entry_l1_cap,exit_l1_profit_protect,False,False,0.3273,-0.0278,65,-139.75,strategy_S5-10__TYPE_D:NIFTY:2026-04-16T13:27:30:SHORT
2026-04-16,13:28:00,2026-04-16,13:29:08,NIFTY,BUY,TYPE_D,LIMIT_ENTRY,LIMIT_EXIT,24112.1,24120.0,NIFTY21APR2624100CE,24100.0,CE,193.95,197.2,193.86,197.5,195.0,190.0,0.02579,0.025326,ws,ws,entry_l1_cap,exit_l1_profit_protect,False,False,0.09,-0.3,65,211.25,strategy_S5-10__TYPE_D:NIFTY:2026-04-16T13:28:00:LONG
2026-04-16,13:29:53,2026-04-16,13:30:03,NIFTY,SELL,TYPE_D,LIMIT_ENTRY,LIMIT_EXIT,24115.75,24120.0,NIFTY21APR2624150PE,24150.0,PE,216.15,214.55,216.08,214.85,220.0,205.0,0.023151,0.02328,ws,ws,entry_l1_cap,exit_l1_profit_protect,False,False,0.07,-0.3,65,-104.0,strategy_S5-10__TYPE_D:NIFTY:2026-04-16T13:29:53:SHORT
2026-04-16,13:30:20,2026-04-16,13:30:33,NIFTY,BUY,TYPE_D,LIMIT_ENTRY,LIMIT_EXIT,24121.0,24116.45,NIFTY21APR2624100CE,24100.0,CE,198.0,196.05,197.67,196.17,200.0,190.0,0.025275,0.025491,ws,ws,entry_l1_cap,exit_l1_profit_protect,False,False,0.3337,-0.12,65,-126.75,strategy_S5-10__TYPE_D:NIFTY:2026-04-16T13:30:20:LONG
2026-04-16,13:31:05,2026-04-16,13:31:23,NIFTY,SELL,TYPE_D,LIMIT_ENTRY,LIMIT_EXIT,24116.55,24118.0,NIFTY21APR2624150PE,24150.0,PE,216.65,215.05,216.5,215.25,220.0,210.0,0.023095,0.023232,ws,ws,entry_l1_cap,exit_l1_profit_protect,False,False,0.15,-0.2,65,-104.0,strategy_S5-10__TYPE_D:NIFTY:2026-04-16T13:31:05:SHORT
2026-04-16,13:31:42,2026-04-16,13:32:20,NIFTY,BUY,TYPE_D,LIMIT_ENTRY,LIMIT_EXIT,24120.1,24124.05,NIFTY21APR2624100CE,24100.0,CE,197.35,198.6,197.14,198.65,200.0,190.0,0.025355,0.025154,ws,ws,entry_l1_cap,exit_l1_profit_protect,False,False,0.2143,-0.0538,65,81.25,strategy_S5-10__TYPE_D:NIFTY:2026-04-16T13:31:42:LONG
2026-04-16,13:33:31,2026-04-16,13:33:44,NIFTY,SELL,TYPE_D,LIMIT_ENTRY,LIMIT_EXIT,24120.75,24125.6,NIFTY21APR2624150PE,24150.0,PE,214.3,211.35,214.0,211.4,215.0,205.0,0.023354,0.023638,ws,ws,entry_l1_cap,exit_l1_profit_protect,False,False,0.3,-0.05,65,-191.75,strategy_S5-10__TYPE_D:NIFTY:2026-04-16T13:33:31:SHORT
2026-04-16,13:33:53,2026-04-16,13:34:29,NIFTY,BUY,TYPE_D,LIMIT_ENTRY,LIMIT_EXIT,24126.65,24125.25,NIFTY21APR2624100CE,24100.0,CE,198.65,198.5,198.64,198.78,200.0,190.0,0.025179,0.025164,ws,ws,entry_l1_cap,exit_l1_profit_protect,False,False,0.01,-0.275,65,-9.75,strategy_S5-10__TYPE_D:NIFTY:2026-04-16T13:33:53:LONG
2026-04-16,13:34:30,2026-04-16,13:36:17,NIFTY,SELL,TYPE_D,LIMIT_ENTRY,LIMIT_EXIT,24123.9,24123.7,NIFTY21APR2624150PE,24150.0,PE,211.9,210.0,211.66,210.12,215.0,205.0,0.023616,0.023801,ws,ws,entry_l1_cap,exit_l1_profit_protect,False,False,0.245,-0.123,65,-123.5,strategy_S5-10__TYPE_D:NIFTY:2026-04-16T13:34:30:SHORT
2026-04-16,13:36:20,2026-04-16,13:36:27,NIFTY,BUY,TYPE_D,LIMIT_ENTRY,LIMIT_EXIT,24125.35,24121.8,NIFTY21APR2624100CE,24100.0,CE,199.65,197.55,199.57,197.6,200.0,190.0,0.025063,0.025291,ws,ws,entry_l1_cap,exit_l1_profit_protect,False,False,0.0818,-0.05,65,-136.5,strategy_S5-10__TYPE_D:NIFTY:2026-04-16T13:36:20:LONG
2026-04-16,13:36:45,2026-04-16,13:37:13,NIFTY,SELL,TYPE_D,LIMIT_ENTRY,LIMIT_EXIT,24120.0,24122.4,NIFTY21APR2624150PE,24150.0,PE,213.15,213.7,212.88,213.81,215.0,205.0,0.023485,0.023373,ws,ws,entry_l1_cap,exit_l1_profit_protect,False,False,0.2692,-0.1125,65,35.75,strategy_S5-10__TYPE_D:NIFTY:2026-04-16T13:36:45:SHORT
2026-04-16,13:37:27,2026-04-16,13:37:36,NIFTY,SELL,TYPE_D,LIMIT_ENTRY,LIMIT_EXIT,24118.55,24122.25,NIFTY21APR2624150PE,24150.0,PE,214.7,212.9,214.64,213.12,215.0,205.0,0.023307,0.023458,ws,ws,entry_l1_cap,exit_l1_profit_protect,False,False,0.0583,-0.2222,65,-117.0,strategy_S5-10__TYPE_D:NIFTY:2026-04-16T13:37:27:SHORT
2026-04-16,13:37:52,2026-04-16,13:37:55,NIFTY,BUY,TYPE_D,LIMIT_ENTRY,LIMIT_EXIT,24123.65,24119.35,NIFTY21APR2624100CE,24100.0,CE,198.35,196.7,198.24,196.85,200.0,190.0,0.025218,0.02541,ws,ws,entry_l1_cap,exit_l1_profit_protect,False,False,0.1125,-0.1452,65,-107.25,strategy_S5-10__TYPE_D:NIFTY:2026-04-16T13:37:52:LONG
2026-04-16,13:39:08,2026-04-16,13:39:44,NIFTY,BUY,TYPE_D,LIMIT_ENTRY,LIMIT_EXIT,24123.85,24122.45,NIFTY21APR2624100CE,24100.0,CE,199.95,199.25,199.61,199.37,200.0,190.0,0.025028,0.025072,ws,ws,entry_l1_cap,exit_l1_profit_protect,False,False,0.3408,-0.1167,65,-45.5,strategy_S5-10__TYPE_D:NIFTY:2026-04-16T13:39:08:LONG
2026-04-16,13:40:14,2026-04-16,13:40:29,NIFTY,SELL,TYPE_D,LIMIT_ENTRY,LIMIT_EXIT,24123.05,24124.65,NIFTY21APR2624150PE,24150.0,PE,212.6,210.9,212.54,211.08,215.0,205.0,0.023535,0.023694,ws,ws,entry_l1_cap,exit_l1_profit_protect,False,False,0.06,-0.1786,65,-110.5,strategy_S5-10__TYPE_D:NIFTY:2026-04-16T13:40:14:SHORT
2026-04-16,13:41:06,2026-04-16,13:41:24,NIFTY,SELL,TYPE_D,LIMIT_ENTRY,LIMIT_EXIT,24123.5,24125.15,NIFTY21APR2624150PE,24150.0,PE,212.2,210.3,212.03,210.65,215.0,205.0,0.02359,0.023747,ws,ws,entry_l1_cap,exit_l1_profit_protect,False,False,0.1667,-0.35,65,-123.5,strategy_S5-10__TYPE_D:NIFTY:2026-04-16T13:41:06:SHORT
2026-04-16,13:41:30,2026-04-16,13:42:21,NIFTY,BUY,TYPE_D,LIMIT_ENTRY,LIMIT_EXIT,24126.5,24131.3,NIFTY21APR2624100CE,24100.0,CE,202.2,204.3,201.97,204.34,205.0,195.0,0.024752,0.024447,ws,ws,entry_l1_cap,exit_l1_profit_protect,False,False,0.225,-0.0375,65,136.5,strategy_S5-10__TYPE_D:NIFTY:2026-04-16T13:41:30:LONG
2026-04-16,13:43:11,2026-04-16,13:43:41,NIFTY,BUY,TYPE_D,LIMIT_ENTRY,LIMIT_EXIT,24136.45,24135.4,NIFTY21APR2624100CE,24100.0,CE,206.65,206.05,206.37,206.11,210.0,200.0,0.024219,0.024251,ws,ws,entry_l1_cap,exit_l1_profit_protect,False,False,0.28,-0.0625,65,-39.0,strategy_S5-10__TYPE_D:NIFTY:2026-04-16T13:43:11:LONG
2026-04-16,13:44:14,2026-04-16,13:44:36,NIFTY,BUY,TYPE_D,LIMIT_ENTRY,LIMIT_EXIT,24137.55,24136.9,NIFTY21APR2624100CE,24100.0,CE,207.75,208.05,207.48,208.38,210.0,200.0,0.024085,0.024012,ws,ws,entry_l1_cap,exit_l1_profit_protect,False,False,0.2667,-0.3333,65,19.5,strategy_S5-10__TYPE_D:NIFTY:2026-04-16T13:44:14:LONG
2026-04-16,13:44:41,2026-04-16,13:45:01,NIFTY,SELL,TYPE_D,LIMIT_ENTRY,LIMIT_EXIT,24135.2,24138.4,NIFTY21APR2624150PE,24150.0,PE,205.65,203.6,205.41,203.64,210.0,195.0,0.024331,0.024534,ws,ws,entry_l1_cap,exit_l1_profit_protect,False,False,0.24,-0.0444,65,-133.25,strategy_S5-10__TYPE_D:NIFTY:2026-04-16T13:44:41:SHORT
2026-04-16,13:45:19,2026-04-16,13:45:44,NIFTY,BUY,TYPE_D,LIMIT_ENTRY,LIMIT_EXIT,24142.5,24143.4,NIFTY21APR2624100CE,24100.0,CE,211.4,210.1,210.98,210.15,215.0,205.0,0.023677,0.023778,ws,ws,entry_l1_cap,exit_l1_profit_protect,False,False,0.4219,-0.0467,65,-84.5,strategy_S5-10__TYPE_D:NIFTY:2026-04-16T13:45:19:LONG
2026-04-16,13:46:28,2026-04-16,13:47:03,NIFTY,BUY,TYPE_D,LIMIT_ENTRY,LIMIT_EXIT,24147.55,24147.75,NIFTY21APR2624100CE,24100.0,CE,213.75,211.7,213.4,211.94,215.0,205.0,0.023419,0.02359,ws,ws,entry_l1_cap,exit_l1_profit_protect,False,False,0.3462,-0.2407,65,-133.25,strategy_S5-10__TYPE_D:NIFTY:2026-04-16T13:46:28:LONG
2026-04-16,13:47:25,2026-04-16,13:47:42,NIFTY,SELL,TYPE_D,LIMIT_ENTRY,LIMIT_EXIT,24145.85,24144.15,NIFTY21APR2624150PE,24150.0,PE,199.85,202.2,199.75,202.28,200.0,195.0,0.025047,0.024713,ws,ws,entry_l1_cap,exit_l1_profit_protect,False,False,0.1038,-0.075,65,152.75,strategy_S5-10__TYPE_D:NIFTY:2026-04-16T13:47:25:SHORT
2026-04-16,13:48:11,2026-04-16,13:48:45,NIFTY,BUY,TYPE_D,LIMIT_ENTRY,LIMIT_EXIT,24146.0,24147.05,NIFTY21APR2624100CE,24100.0,CE,211.9,211.95,211.61,212.05,215.0,205.0,0.023621,0.023574,ws,ws,entry_l1_cap,exit_l1_profit_protect,False,False,0.2864,-0.1,65,3.25,strategy_S5-10__TYPE_D:NIFTY:2026-04-16T13:48:11:LONG
2026-04-16,13:48:59,2026-04-16,13:49:16,NIFTY,BUY,TYPE_D,LIMIT_ENTRY,LIMIT_EXIT,24150.2,24149.4,NIFTY21APR2624150CE,24150.0,CE,187.85,186.85,187.52,186.93,190.0,180.0,0.026649,0.026727,ws,ws,entry_l1_cap,exit_l1_profit_protect,False,False,0.3316,-0.0771,65,-65.0,strategy_S5-10__TYPE_D:NIFTY:2026-04-16T13:48:59:LONG
2026-04-16,13:49:38,2026-04-16,13:49:41,NIFTY,BUY,TYPE_D,LIMIT_ENTRY,LIMIT_EXIT,24151.4,24149.6,NIFTY21APR2624150CE,24150.0,CE,186.5,185.4,186.33,185.53,190.0,180.0,0.026838,0.02694,ws,ws,entry_l1_cap,exit_l1_profit_protect,False,False,0.1667,-0.1333,65,-71.5,strategy_S5-10__TYPE_D:NIFTY:2026-04-16T13:49:38:LONG
2026-04-16,13:49:59,2026-04-16,13:51:21,NIFTY,BUY,TYPE_D,LIMIT_ENTRY,LIMIT_EXIT,24151.5,24177.05,NIFTY21APR2624150CE,24150.0,CE,186.9,199.1,186.83,199.17,190.0,190.0,0.026767,0.0251,ws,ws,entry_l1_cap,exit_l1_profit_protect,False,False,0.0667,-0.0667,65,793.0,strategy_S5-10__TYPE_D:NIFTY:2026-04-16T13:49:59:LONG
2026-04-16,13:51:47,2026-04-16,13:52:31,NIFTY,SELL,TYPE_D,LIMIT_ENTRY,LIMIT_EXIT,24172.35,24172.5,NIFTY21APR2624200PE,24200.0,PE,208.25,207.25,208.12,207.54,210.0,200.0,0.024027,0.024099,ws,ws,entry_l1_cap,exit_l1_profit_protect,False,False,0.1312,-0.2864,65,-65.0,strategy_S5-10__TYPE_D:NIFTY:2026-04-16T13:51:47:SHORT
2026-04-16,13:52:41,2026-04-16,13:52:57,NIFTY,SELL,TYPE_D,LIMIT_ENTRY,LIMIT_EXIT,24163.5,24170.6,NIFTY21APR2624200PE,24200.0,PE,213.0,208.15,212.71,208.41,215.0,200.0,0.023491,0.023995,ws,ws,entry_l1_cap,exit_l1_profit_protect,False,False,0.2942,-0.2571,65,-315.25,strategy_S5-10__TYPE_D:NIFTY:2026-04-16T13:52:41:SHORT
2026-04-16,13:53:05,2026-04-16,13:53:25,NIFTY,SELL,TYPE_D,LIMIT_ENTRY,LIMIT_EXIT,24164.85,24167.5,NIFTY21APR2624200PE,24200.0,PE,211.35,209.2,211.25,209.35,215.0,200.0,0.02368,0.023878,ws,ws,entry_l1_cap,exit_l1_profit_protect,False,False,0.1,-0.15,65,-139.75,strategy_S5-10__TYPE_D:NIFTY:2026-04-16T13:53:05:SHORT
2026-04-16,13:54:01,2026-04-16,13:54:21,NIFTY,BUY,TYPE_D,LIMIT_ENTRY,LIMIT_EXIT,24171.55,24168.7,NIFTY21APR2624150CE,24150.0,CE,197.2,194.55,197.16,194.72,200.0,185.0,0.025381,0.025674,ws,ws,entry_l1_cap,exit_l1_profit_protect,False,False,0.04,-0.1667,65,-172.25,strategy_S5-10__TYPE_D:NIFTY:2026-04-16T13:54:01:LONG
2026-04-16,13:54:50,2026-04-16,13:55:10,NIFTY,BUY,TYPE_D,LIMIT_ENTRY,LIMIT_EXIT,24182.25,24179.55,NIFTY21APR2624150CE,24150.0,CE,198.55,197.85,198.27,197.89,200.0,190.0,0.025205,0.025268,ws,ws,entry_l1_cap,exit_l1_profit_protect,False,False,0.28,-0.04,65,-45.5,strategy_S5-10__TYPE_D:NIFTY:2026-04-16T13:54:50:LONG
2026-04-16,13:55:23,2026-04-16,13:55:41,NIFTY,BUY,TYPE_D,LIMIT_ENTRY,LIMIT_EXIT,24184.7,24188.35,NIFTY21APR2624150CE,24150.0,CE,198.9,201.95,198.51,201.95,200.0,195.0,0.025167,0.024756,ws,ws,entry_l1_cap,exit_l1_profit_protect,False,False,0.3857,-0.0011,65,198.25,strategy_S5-10__TYPE_D:NIFTY:2026-04-16T13:55:23:LONG
2026-04-16,13:55:51,2026-04-16,13:56:53,NIFTY,SELL,TYPE_D,LIMIT_ENTRY,LIMIT_EXIT,24182.25,24178.85,NIFTY21APR2624200PE,24200.0,PE,206.7,208.55,206.49,208.78,210.0,200.0,0.024204,0.023949,ws,ws,entry_l1_cap,exit_l1_profit_protect,False,False,0.2083,-0.225,65,120.25,strategy_S5-10__TYPE_D:NIFTY:2026-04-16T13:55:51:SHORT
2026-04-16,13:57:40,2026-04-16,13:57:45,NIFTY,BUY,TYPE_D,LIMIT_ENTRY,LIMIT_EXIT,24187.55,24184.8,NIFTY21APR2624150CE,24150.0,CE,197.35,196.0,197.31,196.23,200.0,190.0,0.025349,0.025491,ws,ws,entry_l1_cap,exit_l1_profit_protect,False,False,0.04,-0.2318,65,-87.75,strategy_S5-10__TYPE_D:NIFTY:2026-04-16T13:57:40:LONG
2026-04-16,13:57:50,2026-04-16,13:58:04,NIFTY,SELL,TYPE_D,LIMIT_ENTRY,LIMIT_EXIT,24181.1,24180.4,NIFTY21APR2624200PE,24200.0,PE,208.0,206.85,207.91,206.97,210.0,200.0,0.024059,0.024158,ws,ws,entry_l1_cap,exit_l1_profit_protect,False,False,0.0875,-0.125,65,-74.75,strategy_S5-10__TYPE_D:NIFTY:2026-04-16T13:57:50:SHORT
2026-04-16,13:58:26,2026-04-16,13:59:00,NIFTY,SELL,TYPE_D,LIMIT_ENTRY,LIMIT_EXIT,24173.1,24171.5,NIFTY21APR2624200PE,24200.0,PE,208.6,208.55,208.16,208.81,210.0,200.0,0.023998,0.023958,ws,ws,entry_l1_cap,exit_l1_profit_protect,False,False,0.4375,-0.2571,65,-3.25,strategy_S5-10__TYPE_D:NIFTY:2026-04-16T13:58:26:SHORT
2026-04-16,13:59:11,2026-04-16,13:59:41,NIFTY,BUY,TYPE_D,LIMIT_ENTRY,LIMIT_EXIT,24177.3,24180.25,NIFTY21APR2624150CE,24150.0,CE,194.3,197.35,194.11,197.58,195.0,190.0,0.02575,0.025313,ws,ws,entry_l1_cap,exit_l1_profit_protect,False,False,0.1875,-0.2333,65,198.25,strategy_S5-10__TYPE_D:NIFTY:2026-04-16T13:59:11:LONG
2026-04-16,14:00:02,2026-04-16,14:00:06,NIFTY,BUY,TYPE_D,LIMIT_ENTRY,LIMIT_EXIT,24183.7,24180.75,NIFTY21APR2624150CE,24150.0,CE,196.3,195.45,196.19,195.75,200.0,190.0,0.025497,0.025556,ws,ws,entry_l1_cap,exit_l1_profit_protect,False,False,0.1143,-0.3,65,-55.25,strategy_S5-10__TYPE_D:NIFTY:2026-04-16T14:00:02:LONG
2026-04-16,14:00:34,2026-04-16,14:02:13,NIFTY,SELL,TYPE_D,LIMIT_ENTRY,LIMIT_EXIT,24180.15,24176.1,NIFTY21APR2624200PE,24200.0,PE,206.1,207.3,205.87,207.4,210.0,200.0,0.024278,0.024091,ws,ws,entry_l1_cap,exit_l1_profit_protect,False,False,0.2308,-0.1,65,78.0,strategy_S5-10__TYPE_D:NIFTY:2026-04-16T14:00:34:SHORT
2026-04-16,14:02:37,2026-04-16,14:04:11,NIFTY,SELL,TYPE_D,LIMIT_ENTRY,LIMIT_EXIT,24175.45,24144.7,NIFTY21APR2624200PE,24200.0,PE,206.2,223.8,205.99,223.97,210.0,215.0,0.024278,0.022319,ws,ws,entry_l1_cap,exit_l1_profit_protect,False,False,0.2059,-0.1687,65,1144.0,strategy_S5-10__TYPE_D:NIFTY:2026-04-16T14:02:37:SHORT
2026-04-16,14:04:23,2026-04-16,14:04:55,NIFTY,BUY,TYPE_D,LIMIT_ENTRY,LIMIT_EXIT,24149.15,24144.05,NIFTY21APR2624100CE,24100.0,CE,208.7,207.65,208.47,208.03,210.0,200.0,0.023984,0.024056,ws,ws,entry_l1_cap,exit_l1_profit_protect,False,False,0.225,-0.381,65,-68.25,strategy_S5-10__TYPE_D:NIFTY:2026-04-16T14:04:23:LONG
2026-04-16,14:05:14,2026-04-16,14:05:38,NIFTY,SELL,TYPE_D,LIMIT_ENTRY,LIMIT_EXIT,24139.9,24138.55,NIFTY21APR2624150PE,24150.0,PE,201.0,205.5,200.66,205.7,205.0,200.0,0.024897,0.024307,ws,ws,entry_l1_cap,exit_l1_profit_protect,False,False,0.3436,-0.2,65,292.5,strategy_S5-10__TYPE_D:NIFTY:2026-04-16T14:05:14:SHORT
2026-04-16,14:05:59,2026-04-16,14:06:20,NIFTY,BUY,TYPE_D,LIMIT_ENTRY,LIMIT_EXIT,24143.25,24148.3,NIFTY21APR2624100CE,24100.0,CE,205.45,207.4,205.28,207.62,210.0,200.0,0.024358,0.024079,ws,ws,entry_l1_cap,exit_l1_profit_protect,False,False,0.175,-0.2206,65,126.75,strategy_S5-10__TYPE_D:NIFTY:2026-04-16T14:05:59:LONG
2026-04-16,14:06:45,2026-04-16,14:07:09,NIFTY,SELL,TYPE_D,LIMIT_ENTRY,LIMIT_EXIT,24144.1,24148.9,NIFTY21APR2624150PE,24150.0,PE,202.55,198.2,202.18,198.41,205.0,190.0,0.024713,0.025205,ws,ws,entry_l1_cap,exit_l1_profit_protect,False,False,0.3682,-0.21,65,-282.75,strategy_S5-10__TYPE_D:NIFTY:2026-04-16T14:06:45:SHORT
2026-04-16,14:07:13,2026-04-16,14:07:53,NIFTY,BUY,TYPE_D,LIMIT_ENTRY,LIMIT_EXIT,24150.4,24154.6,NIFTY21APR2624150CE,24150.0,CE,181.2,184.55,181.12,184.64,185.0,175.0,0.027605,0.027067,ws,ws,entry_l1_cap,exit_l1_profit_protect,False,False,0.075,-0.0875,65,217.75,strategy_S5-10__TYPE_D:NIFTY:2026-04-16T14:07:13:LONG
2026-04-16,14:08:00,2026-04-16,14:08:20,NIFTY,SELL,TYPE_D,LIMIT_ENTRY,LIMIT_EXIT,24149.6,24152.5,NIFTY21APR2624150PE,24150.0,PE,197.55,195.4,197.42,195.44,200.0,190.0,0.025336,0.025562,ws,ws,entry_l1_cap,exit_l1_profit_protect,False,False,0.1333,-0.0444,65,-139.75,strategy_S5-10__TYPE_D:NIFTY:2026-04-16T14:08:00:SHORT
2026-04-16,14:09:00,2026-04-16,14:09:07,NIFTY,SELL,TYPE_D,LIMIT_ENTRY,LIMIT_EXIT,24148.0,24151.45,NIFTY21APR2624150PE,24150.0,PE,197.5,196.15,197.19,196.31,200.0,190.0,0.025339,0.025465,ws,ws,entry_l1_cap,exit_l1_profit_protect,False,False,0.3111,-0.16,65,-87.75,strategy_S5-10__TYPE_D:NIFTY:2026-04-16T14:09:00:SHORT
2026-04-16,14:09:27,2026-04-16,14:09:31,NIFTY,SELL,TYPE_D,LIMIT_ENTRY,LIMIT_EXIT,24150.85,24153.95,NIFTY21APR2624200PE,24200.0,PE,222.55,219.75,222.4,219.9,225.0,210.0,0.02249,0.02273,ws,ws,entry_l1_cap,exit_l1_profit_protect,False,False,0.15,-0.15,65,-182.0,strategy_S5-10__TYPE_D:NIFTY:2026-04-16T14:09:27:SHORT
2026-04-16,14:09:49,2026-04-16,14:10:17,NIFTY,BUY,TYPE_D,LIMIT_ENTRY,LIMIT_EXIT,24155.45,24154.65,NIFTY21APR2624150CE,24150.0,CE,184.0,183.4,183.72,183.57,185.0,175.0,0.0272,0.027233,ws,ws,entry_l1_cap,exit_l1_profit_protect,False,False,0.275,-0.1667,65,-39.0,strategy_S5-10__TYPE_D:NIFTY:2026-04-16T14:09:49:LONG
2026-04-16,14:11:01,2026-04-16,14:12:35,NIFTY,BUY,TYPE_D,LIMIT_ENTRY,LIMIT_EXIT,24159.35,24162.5,NIFTY21APR2624150CE,24150.0,CE,185.8,188.8,185.49,189.09,190.0,180.0,0.02694,0.026452,ws,ws,entry_l1_cap,exit_l1_profit_protect,False,False,0.3111,-0.2893,65,195.0,strategy_S5-10__TYPE_D:NIFTY:2026-04-16T14:11:01:LONG
2026-04-16,14:13:00,2026-04-16,14:13:32,NIFTY,BUY,TYPE_D,LIMIT_ENTRY,LIMIT_EXIT,24166.55,24167.25,NIFTY21APR2624150CE,24150.0,CE,192.6,188.5,192.57,188.66,195.0,180.0,0.025967,0.026494,ws,ws,entry_l1_cap,exit_l1_profit_protect,False,False,0.03,-0.1636,65,-266.5,strategy_S5-10__TYPE_D:NIFTY:2026-04-16T14:13:00:LONG
2026-04-16,14:14:05,2026-04-16,14:14:17,NIFTY,BUY,TYPE_D,LIMIT_ENTRY,LIMIT_EXIT,24172.25,24171.0,NIFTY21APR2624150CE,24150.0,CE,192.45,191.6,192.38,191.93,195.0,185.0,0.025988,0.026072,ws,ws,entry_l1_cap,exit_l1_profit_protect,False,False,0.0667,-0.3333,65,-55.25,strategy_S5-10__TYPE_D:NIFTY:2026-04-16T14:14:05:LONG
2026-04-16,14:15:04,2026-04-16,14:15:26,NIFTY,SELL,TYPE_D,LIMIT_ENTRY,LIMIT_EXIT,24164.55,24167.95,NIFTY21APR2624200PE,24200.0,PE,216.25,214.65,216.22,215.04,220.0,205.0,0.023129,0.023264,ws,ws,entry_l1_cap,exit_l1_profit_protect,False,False,0.0281,-0.3929,65,-104.0,strategy_S5-10__TYPE_D:NIFTY:2026-04-16T14:15:04:SHORT
2026-04-16,14:15:33,2026-04-16,14:15:50,NIFTY,SELL,TYPE_D,LIMIT_ENTRY,LIMIT_EXIT,24164.05,24163.4,NIFTY21APR2624200PE,24200.0,PE,216.4,214.1,216.28,214.19,220.0,205.0,0.023132,0.023332,ws,ws,entry_l1_cap,exit_l1_profit_protect,False,False,0.12,-0.0889,65,-149.5,strategy_S5-10__TYPE_D:NIFTY:2026-04-16T14:15:33:SHORT
2026-04-16,14:16:23,2026-04-16,14:16:35,NIFTY,SELL,TYPE_D,LIMIT_ENTRY,LIMIT_EXIT,24161.55,24163.65,NIFTY21APR2624200PE,24200.0,PE,216.85,217.1,216.73,217.31,220.0,210.0,0.023087,0.023002,ws,ws,entry_l1_cap,exit_l1_profit_protect,False,False,0.1179,-0.2095,65,16.25,strategy_S5-10__TYPE_D:NIFTY:2026-04-16T14:16:23:SHORT
2026-04-16,14:16:48,2026-04-16,14:17:01,NIFTY,BUY,TYPE_D,LIMIT_ENTRY,LIMIT_EXIT,24168.85,24163.25,NIFTY21APR2624150CE,24150.0,CE,188.15,187.55,187.91,187.62,190.0,180.0,0.026596,0.026628,ws,ws,entry_l1_cap,exit_l1_profit_protect,False,False,0.24,-0.075,65,-39.0,strategy_S5-10__TYPE_D:NIFTY:2026-04-16T14:16:48:LONG
2026-04-16,14:17:41,2026-04-16,14:18:11,NIFTY,SELL,TYPE_D,LIMIT_ENTRY,LIMIT_EXIT,24163.8,24163.35,NIFTY21APR2624200PE,24200.0,PE,214.6,215.1,214.43,215.22,215.0,210.0,0.023321,0.023226,ws,ws,entry_l1_cap,exit_l1_profit_protect,False,False,0.1714,-0.1167,65,32.5,strategy_S5-10__TYPE_D:NIFTY:2026-04-16T14:17:41:SHORT
2026-04-16,14:19:02,2026-04-16,14:19:13,NIFTY,BUY,TYPE_D,LIMIT_ENTRY,LIMIT_EXIT,24164.35,24161.7,NIFTY21APR2624150CE,24150.0,CE,188.85,187.05,188.61,187.19,190.0,180.0,0.026497,0.026706,ws,ws,entry_l1_cap,exit_l1_profit_protect,False,False,0.24,-0.14,65,-117.0,strategy_S5-10__TYPE_D:NIFTY:2026-04-16T14:19:02:LONG
2026-04-16,14:19:31,2026-04-16,14:19:58,NIFTY,BUY,TYPE_D,LIMIT_ENTRY,LIMIT_EXIT,24164.6,24165.05,NIFTY21APR2624150CE,24150.0,CE,187.95,189.25,187.8,189.3,190.0,180.0,0.026624,0.026389,ws,ws,entry_l1_cap,exit_l1_profit_protect,False,False,0.15,-0.054,65,84.5,strategy_S5-10__TYPE_D:NIFTY:2026-04-16T14:19:31:LONG
2026-04-16,14:20:38,2026-04-16,14:20:49,NIFTY,BUY,TYPE_D,LIMIT_ENTRY,LIMIT_EXIT,24169.5,24166.65,NIFTY21APR2624150CE,24150.0,CE,190.7,187.65,190.48,187.71,195.0,180.0,0.02625,0.026621,ws,ws,entry_l1_cap,exit_l1_profit_protect,False,False,0.216,-0.0636,65,-198.25,strategy_S5-10__TYPE_D:NIFTY:2026-04-16T14:20:38:LONG
2026-04-16,14:21:59,2026-04-16,14:23:01,NIFTY,BUY,TYPE_D,LIMIT_ENTRY,LIMIT_EXIT,24165.9,24169.15,NIFTY21APR2624150CE,24150.0,CE,189.9,192.1,189.82,192.36,190.0,185.0,0.02634,0.026004,ws,ws,entry_l1_cap,exit_l1_profit_protect,False,False,0.075,-0.2625,65,143.0,strategy_S5-10__TYPE_D:NIFTY:2026-04-16T14:21:59:LONG
2026-04-16,14:23:36,2026-04-16,14:24:31,NIFTY,SELL,TYPE_D,LIMIT_ENTRY,LIMIT_EXIT,24168.3,24158.7,NIFTY21APR2624200PE,24200.0,PE,212.7,220.05,212.65,220.37,215.0,215.0,0.023513,0.022696,ws,ws,entry_l1_cap,exit_l1_profit_protect,False,False,0.05,-0.3235,65,477.75,strategy_S5-10__TYPE_D:NIFTY:2026-04-16T14:23:36:SHORT
2026-04-16,14:24:55,2026-04-16,14:27:45,NIFTY,BUY,TYPE_D,LIMIT_ENTRY,LIMIT_EXIT,24163.45,24180.65,NIFTY21APR2624150CE,24150.0,CE,188.55,198.4,188.48,198.41,190.0,190.0,0.02655,0.025198,ws,ws,entry_l1_cap,exit_l1_profit_protect,False,False,0.0726,-0.0071,65,640.25,strategy_S5-10__TYPE_D:NIFTY:2026-04-16T14:24:55:LONG
2026-04-16,14:28:05,2026-04-16,14:28:51,NIFTY,SELL,TYPE_D,LIMIT_ENTRY,LIMIT_EXIT,24180.3,24178.1,NIFTY21APR2624200PE,24200.0,PE,205.55,203.85,205.22,204.02,210.0,195.0,0.024346,0.024513,ws,ws,entry_l1_cap,exit_l1_profit_protect,False,False,0.3267,-0.1667,65,-110.5,strategy_S5-10__TYPE_D:NIFTY:2026-04-16T14:28:05:SHORT
2026-04-16,14:29:16,2026-04-16,14:29:40,NIFTY,SELL,TYPE_D,LIMIT_ENTRY,LIMIT_EXIT,24175.4,24176.85,NIFTY21APR2624200PE,24200.0,PE,205.8,203.15,205.59,203.42,210.0,195.0,0.024316,0.024591,ws,ws,entry_l1_cap,exit_l1_profit_protect,False,False,0.21,-0.2722,65,-172.25,strategy_S5-10__TYPE_D:NIFTY:2026-04-16T14:29:16:SHORT
2026-04-16,14:29:51,2026-04-16,14:30:46,NIFTY,BUY,TYPE_D,LIMIT_ENTRY,LIMIT_EXIT,24183.5,24193.25,NIFTY21APR2624150CE,24150.0,CE,199.65,205.7,199.5,205.76,200.0,200.0,0.02506,0.024281,ws,ws,entry_l1_cap,exit_l1_profit_protect,False,False,0.15,-0.0563,65,393.25,strategy_S5-10__TYPE_D:NIFTY:2026-04-16T14:29:51:LONG
2026-04-16,14:31:01,2026-04-16,14:32:22,NIFTY,BUY,TYPE_D,LIMIT_ENTRY,LIMIT_EXIT,24196.7,24206.5,NIFTY21APR2624150CE,24150.0,CE,208.65,214.3,208.53,214.67,210.0,205.0,0.023981,0.023307,ws,ws,entry_l1_cap,exit_l1_profit_protect,False,False,0.12,-0.3706,65,367.25,strategy_S5-10__TYPE_D:NIFTY:2026-04-16T14:31:01:LONG
2026-04-16,14:32:36,2026-04-16,14:32:55,NIFTY,SELL,TYPE_D,LIMIT_ENTRY,LIMIT_EXIT,24205.0,24208.1,NIFTY21APR2624250PE,24250.0,PE,216.75,216.55,216.7,216.61,220.0,210.0,0.023089,0.023065,ws,ws,entry_l1_cap,exit_l1_profit_protect,False,False,0.0471,-0.0643,65,-13.0,strategy_S5-10__TYPE_D:NIFTY:2026-04-16T14:32:36:SHORT
2026-04-16,14:33:00,2026-04-16,14:33:21,NIFTY,BUY,TYPE_D,LIMIT_ENTRY,LIMIT_EXIT,24211.35,24210.45,NIFTY21APR2624200CE,24200.0,CE,192.4,192.15,192.18,192.26,195.0,185.0,0.026004,0.025991,ws,ws,entry_l1_cap,exit_l1_profit_protect,False,False,0.2188,-0.1125,65,-16.25,strategy_S5-10__TYPE_D:NIFTY:2026-04-16T14:33:00:LONG
2026-04-16,14:33:37,2026-04-16,14:33:57,NIFTY,SELL,TYPE_D,LIMIT_ENTRY,LIMIT_EXIT,24206.95,24211.9,NIFTY21APR2624250PE,24250.0,PE,215.8,213.5,215.53,213.61,220.0,205.0,0.023191,0.023403,ws,ws,entry_l1_cap,exit_l1_profit_protect,False,False,0.2667,-0.1125,65,-149.5,strategy_S5-10__TYPE_D:NIFTY:2026-04-16T14:33:37:SHORT
2026-04-16,14:34:12,2026-04-16,14:34:17,NIFTY,BUY,TYPE_D,LIMIT_ENTRY,LIMIT_EXIT,24213.5,24209.45,NIFTY21APR2624200CE,24200.0,CE,194.7,193.0,194.4,193.06,195.0,185.0,0.025707,0.0259,ws,ws,entry_l1_cap,exit_l1_profit_protect,False,False,0.3,-0.0576,65,-110.5,strategy_S5-10__TYPE_D:NIFTY:2026-04-16T14:34:12:LONG
2026-04-16,14:34:47,2026-04-16,14:35:26,NIFTY,BUY,TYPE_D,LIMIT_ENTRY,LIMIT_EXIT,24215.15,24223.2,NIFTY21APR2624200CE,24200.0,CE,196.95,197.0,196.83,197.33,200.0,190.0,0.025407,0.025358,ws,ws,entry_l1_cap,exit_l1_profit_protect,False,False,0.12,-0.3306,65,3.25,strategy_S5-10__TYPE_D:NIFTY:2026-04-16T14:34:47:LONG
2026-04-16,14:35:53,2026-04-16,14:36:31,NIFTY,SELL,TYPE_D,LIMIT_ENTRY,LIMIT_EXIT,24216.65,24215.35,NIFTY21APR2624250PE,24250.0,PE,208.05,205.25,207.95,205.37,210.0,200.0,0.024059,0.02434,ws,ws,entry_l1_cap,exit_l1_profit_protect,False,False,0.1,-0.1167,65,-182.0,strategy_S5-10__TYPE_D:NIFTY:2026-04-16T14:35:53:SHORT
2026-04-16,14:37:01,2026-04-16,14:37:40,NIFTY,BUY,TYPE_D,LIMIT_ENTRY,LIMIT_EXIT,24218.45,24222.8,NIFTY21APR2624200CE,24200.0,CE,193.9,193.4,193.7,193.5,195.0,185.0,0.025813,0.025826,ws,ws,entry_l1_cap,exit_l1_profit_protect,False,False,0.2,-0.1,65,-32.5,strategy_S5-10__TYPE_D:NIFTY:2026-04-16T14:37:01:LONG
2026-04-16,14:37:57,2026-04-16,14:38:12,NIFTY,SELL,TYPE_D,LIMIT_ENTRY,LIMIT_EXIT,24212.55,24218.55,NIFTY21APR2624250PE,24250.0,PE,205.0,203.55,204.96,203.82,205.0,195.0,0.024399,0.02454,ws,ws,entry_l1_cap,exit_l1_profit_protect,False,False,0.0375,-0.2667,65,-94.25,strategy_S5-10__TYPE_D:NIFTY:2026-04-16T14:37:57:SHORT
2026-04-16,14:38:52,2026-04-16,14:38:56,NIFTY,BUY,TYPE_D,LIMIT_ENTRY,LIMIT_EXIT,24221.4,24219.05,NIFTY21APR2624200CE,24200.0,CE,192.0,191.9,191.76,191.97,195.0,185.0,0.026059,0.026042,ws,ws,entry_l1_cap,exit_l1_profit_protect,False,False,0.2379,-0.0727,65,-6.5,strategy_S5-10__TYPE_D:NIFTY:2026-04-16T14:38:52:LONG
2026-04-16,14:39:10,2026-04-16,14:39:28,NIFTY,SELL,TYPE_D,LIMIT_ENTRY,LIMIT_EXIT,24217.55,24217.35,NIFTY21APR2624250PE,24250.0,PE,203.75,201.6,203.45,201.9,205.0,195.0,0.024567,0.024777,ws,ws,entry_l1_cap,exit_l1_profit_protect,False,False,0.3,-0.3,65,-139.75,strategy_S5-10__TYPE_D:NIFTY:2026-04-16T14:39:10:SHORT
2026-04-16,14:39:43,2026-04-16,14:39:51,NIFTY,BUY,TYPE_D,LIMIT_ENTRY,LIMIT_EXIT,24225.7,24221.85,NIFTY21APR2624200CE,24200.0,CE,193.75,192.9,193.54,192.99,195.0,185.0,0.025836,0.025893,ws,ws,entry_l1_cap,exit_l1_profit_protect,False,False,0.2077,-0.0889,65,-55.25,strategy_S5-10__TYPE_D:NIFTY:2026-04-16T14:39:43:LONG
2026-04-16,14:40:04,2026-04-16,14:40:52,NIFTY,BUY,TYPE_D,LIMIT_ENTRY,LIMIT_EXIT,24225.7,24226.05,NIFTY21APR2624200CE,24200.0,CE,193.55,193.65,193.26,193.78,195.0,185.0,0.02586,0.02579,ws,ws,entry_l1_cap,exit_l1_profit_protect,False,False,0.2857,-0.126,65,6.5,strategy_S5-10__TYPE_D:NIFTY:2026-04-16T14:40:04:LONG
2026-04-16,14:41:40,2026-04-16,14:42:23,NIFTY,BUY,TYPE_D,LIMIT_ENTRY,LIMIT_EXIT,24228.25,24229.75,NIFTY21APR2624200CE,24200.0,CE,196.05,198.05,195.85,198.24,200.0,190.0,0.025533,0.025218,ws,ws,entry_l1_cap,exit_l1_profit_protect,False,False,0.2,-0.1853,65,130.0,strategy_S5-10__TYPE_D:NIFTY:2026-04-16T14:41:40:LONG
2026-04-16,14:42:33,2026-04-16,14:42:38,NIFTY,BUY,TYPE_D,LIMIT_ENTRY,LIMIT_EXIT,24231.75,24229.3,NIFTY21APR2624200CE,24200.0,CE,198.75,197.2,198.42,197.31,200.0,190.0,0.025186,0.025345,ws,ws,entry_l1_cap,exit_l1_profit_protect,False,False,0.3273,-0.1125,65,-100.75,strategy_S5-10__TYPE_D:NIFTY:2026-04-16T14:42:33:LONG
2026-04-16,14:42:44,2026-04-16,14:43:13,NIFTY,SELL,TYPE_D,LIMIT_ENTRY,LIMIT_EXIT,24227.35,24228.0,NIFTY21APR2624250PE,24250.0,PE,196.45,195.45,196.26,195.56,200.0,190.0,0.025481,0.025553,ws,ws,entry_l1_cap,exit_l1_profit_protect,False,False,0.1875,-0.1125,65,-65.0,strategy_S5-10__TYPE_D:NIFTY:2026-04-16T14:42:44:SHORT
2026-04-16,14:43:20,2026-04-16,14:43:49,NIFTY,BUY,TYPE_D,LIMIT_ENTRY,LIMIT_EXIT,24231.05,24230.05,NIFTY21APR2624200CE,24200.0,CE,198.95,197.0,198.91,197.25,200.0,190.0,0.025151,0.025358,ws,ws,entry_l1_cap,exit_l1_profit_protect,False,False,0.0429,-0.2528,65,-126.75,strategy_S5-10__TYPE_D:NIFTY:2026-04-16T14:43:20:LONG
2026-04-16,14:44:21,2026-04-16,14:45:02,NIFTY,SELL,TYPE_D,LIMIT_ENTRY,LIMIT_EXIT,24227.85,24222.45,NIFTY21APR2624250PE,24250.0,PE,198.6,200.4,198.38,200.64,200.0,195.0,0.025192,0.024925,ws,ws,entry_l1_cap,exit_l1_profit_protect,False,False,0.2174,-0.24,65,117.0,strategy_S5-10__TYPE_D:NIFTY:2026-04-16T14:44:21:SHORT
2026-04-16,14:45:12,2026-04-16,14:46:02,NIFTY,BUY,TYPE_D,LIMIT_ENTRY,LIMIT_EXIT,24234.25,24236.5,NIFTY21APR2624200CE,24200.0,CE,196.25,196.45,196.12,196.57,200.0,190.0,0.025507,0.025436,ws,ws,entry_l1_cap,exit_l1_profit_protect,False,False,0.135,-0.125,65,13.0,strategy_S5-10__TYPE_D:NIFTY:2026-04-16T14:45:12:LONG
2026-04-16,14:46:15,2026-04-16,14:46:57,NIFTY,SELL,TYPE_D,LIMIT_ENTRY,LIMIT_EXIT,24231.8,24231.8,NIFTY21APR2624250PE,24250.0,PE,197.7,196.05,197.5,196.14,200.0,190.0,0.02531,0.025497,ws,ws,entry_l1_cap,exit_l1_profit_protect,False,False,0.2,-0.0944,65,-107.25,strategy_S5-10__TYPE_D:NIFTY:2026-04-16T14:46:15:SHORT
2026-04-16,14:47:03,2026-04-16,14:47:43,NIFTY,BUY,TYPE_D,LIMIT_ENTRY,LIMIT_EXIT,24232.8,24233.45,NIFTY21APR2624200CE,24200.0,CE,196.4,196.9,196.2,197.19,200.0,190.0,0.025484,0.025368,ws,ws,entry_l1_cap,exit_l1_profit_protect,False,False,0.2,-0.2857,65,32.5,strategy_S5-10__TYPE_D:NIFTY:2026-04-16T14:47:03:LONG
2026-04-16,14:47:55,2026-04-16,14:48:16,NIFTY,SELL,TYPE_D,LIMIT_ENTRY,LIMIT_EXIT,24231.6,24235.25,NIFTY21APR2624250PE,24250.0,PE,194.0,192.65,193.6,192.85,195.0,185.0,0.025803,0.025927,ws,ws,entry_l1_cap,exit_l1_profit_protect,False,False,0.3971,-0.2,65,-87.75,strategy_S5-10__TYPE_D:NIFTY:2026-04-16T14:47:55:SHORT
2026-04-16,14:48:26,2026-04-16,14:48:44,NIFTY,BUY,TYPE_D,LIMIT_ENTRY,LIMIT_EXIT,24236.35,24235.75,NIFTY21APR2624200CE,24200.0,CE,197.95,196.9,197.88,197.22,200.0,190.0,0.025278,0.025365,ws,ws,entry_l1_cap,exit_l1_profit_protect,False,False,0.075,-0.315,65,-68.25,strategy_S5-10__TYPE_D:NIFTY:2026-04-16T14:48:26:LONG
2026-04-16,14:49:08,2026-04-16,14:49:52,NIFTY,SELL,TYPE_D,LIMIT_ENTRY,LIMIT_EXIT,24233.45,24232.2,NIFTY21APR2624250PE,24250.0,PE,194.5,194.4,194.35,194.43,195.0,185.0,0.025723,0.025697,ws,ws,entry_l1_cap,exit_l1_profit_protect,False,False,0.15,-0.0269,65,-6.5,strategy_S5-10__TYPE_D:NIFTY:2026-04-16T14:49:08:SHORT
2026-04-16,14:50:01,2026-04-16,14:50:34,NIFTY,BUY,TYPE_D,LIMIT_ENTRY,LIMIT_EXIT,24236.0,24242.2,NIFTY21APR2624200CE,24200.0,CE,198.9,199.05,198.72,199.1,200.0,190.0,0.02516,0.025094,ws,ws,entry_l1_cap,exit_l1_profit_protect,False,False,0.175,-0.0533,65,9.75,strategy_S5-10__TYPE_D:NIFTY:2026-04-16T14:50:01:LONG
2026-04-16,14:51:01,2026-04-16,14:51:23,NIFTY,SELL,TYPE_D,LIMIT_ENTRY,LIMIT_EXIT,24238.1,24238.15,NIFTY21APR2624250PE,24250.0,PE,193.85,192.35,193.82,192.39,195.0,185.0,0.025796,0.025967,ws,ws,entry_l1_cap,exit_l1_profit_protect,False,False,0.0333,-0.0364,65,-97.5,strategy_S5-10__TYPE_D:NIFTY:2026-04-16T14:51:01:SHORT
2026-04-16,14:51:36,2026-04-16,14:52:29,NIFTY,BUY,TYPE_D,LIMIT_ENTRY,LIMIT_EXIT,24240.3,24238.7,NIFTY21APR2624200CE,24200.0,CE,202.0,202.2,201.71,202.32,205.0,195.0,0.024771,0.024697,ws,ws,entry_l1_cap,exit_l1_profit_protect,False,False,0.2892,-0.1207,65,13.0,strategy_S5-10__TYPE_D:NIFTY:2026-04-16T14:51:36:LONG
2026-04-16,14:52:55,2026-04-16,14:53:26,NIFTY,SELL,TYPE_D,LIMIT_ENTRY,LIMIT_EXIT,24238.3,24234.7,NIFTY21APR2624250PE,24250.0,PE,192.95,194.2,192.86,194.24,195.0,185.0,0.02594,0.025727,ws,ws,entry_l1_cap,exit_l1_profit_protect,False,False,0.0909,-0.0375,65,81.25,strategy_S5-10__TYPE_D:NIFTY:2026-04-16T14:52:55:SHORT
2026-04-16,14:54:02,2026-04-16,14:54:36,NIFTY,SELL,TYPE_D,LIMIT_ENTRY,LIMIT_EXIT,24231.5,24232.6,NIFTY21APR2624250PE,24250.0,PE,191.75,193.7,191.53,193.8,195.0,185.0,0.026106,0.025803,ws,ws,entry_l1_cap,exit_l1_profit_protect,False,False,0.225,-0.1,65,126.75,strategy_S5-10__TYPE_D:NIFTY:2026-04-16T14:54:02:SHORT
2026-04-16,14:54:40,2026-04-16,14:55:01,NIFTY,BUY,TYPE_D,LIMIT_ENTRY,LIMIT_EXIT,24236.8,24238.35,NIFTY21APR2624200CE,24200.0,CE,199.15,196.65,199.05,196.68,200.0,190.0,0.025116,0.02541,ws,ws,entry_l1_cap,exit_l1_profit_protect,False,False,0.1038,-0.0278,65,-162.5,strategy_S5-10__TYPE_D:NIFTY:2026-04-16T14:54:40:LONG
2026-04-16,14:55:52,2026-04-16,14:56:16,NIFTY,SELL,TYPE_D,LIMIT_ENTRY,LIMIT_EXIT,24233.85,24231.15,NIFTY21APR2624250PE,24250.0,PE,194.8,195.45,194.73,195.65,195.0,190.0,0.025694,0.025559,ws,ws,entry_l1_cap,exit_l1_profit_protect,False,False,0.0667,-0.2,65,42.25,strategy_S5-10__TYPE_D:NIFTY:2026-04-16T14:55:52:SHORT
2026-04-16,14:56:29,2026-04-16,14:56:47,NIFTY,BUY,TYPE_D,LIMIT_ENTRY,LIMIT_EXIT,24234.0,24230.7,NIFTY21APR2624200CE,24200.0,CE,194.7,192.2,194.6,192.28,195.0,185.0,0.025707,0.025998,ws,ws,entry_l1_cap,exit_l1_profit_protect,False,False,0.1,-0.0833,65,-162.5,strategy_S5-10__TYPE_D:NIFTY:2026-04-16T14:56:29:LONG
2026-04-16,14:56:51,2026-04-16,14:57:08,NIFTY,SELL,TYPE_D,LIMIT_ENTRY,LIMIT_EXIT,24229.1,24230.95,NIFTY21APR2624250PE,24250.0,PE,199.2,197.55,199.17,197.82,200.0,190.0,0.025132,0.025291,ws,ws,entry_l1_cap,exit_l1_profit_protect,False,False,0.0333,-0.27,65,-107.25,strategy_S5-10__TYPE_D:NIFTY:2026-04-16T14:56:51:SHORT
2026-04-16,14:57:22,2026-04-16,14:57:44,NIFTY,BUY,TYPE_D,LIMIT_ENTRY,LIMIT_EXIT,24233.35,24227.05,NIFTY21APR2624200CE,24200.0,CE,193.6,193.1,193.51,193.35,195.0,185.0,0.02585,0.02587,ws,ws,entry_l1_cap,exit_l1_profit_protect,False,False,0.0875,-0.2545,65,-32.5,strategy_S5-10__TYPE_D:NIFTY:2026-04-16T14:57:22:LONG
2026-04-16,14:57:50,2026-04-16,14:58:00,NIFTY,SELL,TYPE_D,LIMIT_ENTRY,LIMIT_EXIT,24219.0,24220.55,NIFTY21APR2624250PE,24250.0,PE,201.9,200.55,201.77,200.59,205.0,195.0,0.024789,0.024919,ws,ws,entry_l1_cap,exit_l1_profit_protect,False,False,0.1333,-0.0444,65,-87.75,strategy_S5-10__TYPE_D:NIFTY:2026-04-16T14:57:50:SHORT
2026-04-16,14:58:50,2026-04-16,14:59:25,NIFTY,BUY,TYPE_D,LIMIT_ENTRY,LIMIT_EXIT,24227.35,24226.35,NIFTY21APR2624200CE,24200.0,CE,192.95,193.65,192.9,193.76,195.0,185.0,0.025927,0.02581,ws,ws,entry_l1_cap,exit_l1_profit_protect,False,False,0.05,-0.1059,65,45.5,strategy_S5-10__TYPE_D:NIFTY:2026-04-16T14:58:50:LONG
2026-04-16,14:59:57,2026-04-16,15:00:35,NIFTY,BUY,TYPE_D,LIMIT_ENTRY,LIMIT_EXIT,24230.1,24235.6,NIFTY21APR2624200CE,24200.0,CE,194.45,196.7,194.38,196.9,195.0,190.0,0.02574,0.0254,ws,ws,entry_l1_cap,exit_l1_profit_protect,False,False,0.075,-0.2,65,146.25,strategy_S5-10__TYPE_D:NIFTY:2026-04-16T14:59:57:LONG
2026-04-16,15:00:40,2026-04-16,15:02:10,NIFTY,SELL,TYPE_D,LIMIT_ENTRY,LIMIT_EXIT,24229.65,24198.1,NIFTY21APR2624250PE,24250.0,PE,196.65,213.75,196.47,214.06,200.0,205.0,0.025445,0.023364,ws,ws,entry_l1_cap,exit_l1_profit_protect,False,False,0.18,-0.3095,65,1111.5,strategy_S5-10__TYPE_D:NIFTY:2026-04-16T15:00:40:SHORT
2026-04-16,15:02:20,2026-04-16,15:03:17,NIFTY,BUY,TYPE_D,LIMIT_ENTRY,LIMIT_EXIT,24201.95,24212.85,NIFTY21APR2624200CE,24200.0,CE,181.0,181.0,180.71,181.27,185.0,175.0,0.027647,0.027601,ws,ws,entry_l1_cap,exit_l1_profit_protect,False,False,0.2895,-0.2727,65,0.0,strategy_S5-10__TYPE_D:NIFTY:2026-04-16T15:02:20:LONG
2026-04-16,15:03:38,2026-04-16,15:03:45,NIFTY,BUY,TYPE_D,LIMIT_ENTRY,LIMIT_EXIT,24218.8,24214.3,NIFTY21APR2624200CE,24200.0,CE,184.95,184.15,184.82,184.42,185.0,175.0,0.027067,0.02713,ws,ws,entry_l1_cap,exit_l1_profit_protect,False,False,0.1324,-0.2727,65,-52.0,strategy_S5-10__TYPE_D:NIFTY:2026-04-16T15:03:38:LONG
2026-04-16,15:03:57,2026-04-16,15:04:31,NIFTY,BUY,TYPE_D,LIMIT_ENTRY,LIMIT_EXIT,24218.9,24223.8,NIFTY21APR2624200CE,24200.0,CE,185.9,189.75,185.67,189.86,190.0,180.0,0.026925,0.026319,ws,ws,entry_l1_cap,exit_l1_profit_protect,False,False,0.2286,-0.1125,65,250.25,strategy_S5-10__TYPE_D:NIFTY:2026-04-16T15:03:57:LONG
2026-04-16,15:04:43,2026-04-16,15:05:51,NIFTY,SELL,TYPE_D,LIMIT_ENTRY,LIMIT_EXIT,24219.4,24199.65,NIFTY21APR2624250PE,24250.0,PE,204.8,209.8,204.77,209.9,205.0,200.0,0.024426,0.023807,ws,ws,entry_l1_cap,exit_l1_profit_protect,False,False,0.0333,-0.1,65,325.0,strategy_S5-10__TYPE_D:NIFTY:2026-04-16T15:04:43:SHORT
2026-04-16,15:06:42,2026-04-16,15:07:03,NIFTY,SELL,TYPE_D,LIMIT_ENTRY,LIMIT_EXIT,24199.15,24198.35,NIFTY21APR2624200PE,24200.0,PE,188.4,191.15,188.07,191.29,190.0,185.0,0.026571,0.026147,ws,ws,entry_l1_cap,exit_l1_profit_protect,False,False,0.3273,-0.1385,65,178.75,strategy_S5-10__TYPE_D:NIFTY:2026-04-16T15:06:42:SHORT
2026-04-16,15:07:20,2026-04-16,15:07:55,NIFTY,SELL,TYPE_D,LIMIT_ENTRY,LIMIT_EXIT,24195.3,24194.25,NIFTY21APR2624200PE,24200.0,PE,194.25,195.2,194.2,195.25,195.0,190.0,0.025753,0.025589,ws,ws,entry_l1_cap,exit_l1_profit_protect,False,False,0.05,-0.0545,65,61.75,strategy_S5-10__TYPE_D:NIFTY:2026-04-16T15:07:20:SHORT
2026-04-16,15:08:04,2026-04-16,15:08:39,NIFTY,SELL,TYPE_D,LIMIT_ENTRY,LIMIT_EXIT,24188.8,24181.9,NIFTY21APR2624200PE,24200.0,PE,195.3,200.1,195.3,200.4,200.0,195.0,0.025621,0.024963,ws,ws,entry_l1_cap,exit_l1_profit_protect,False,False,0.0019,-0.3,65,312.0,strategy_S5-10__TYPE_D:NIFTY:2026-04-16T15:08:04:SHORT
2026-04-16,15:08:48,2026-04-16,15:09:33,NIFTY,SELL,TYPE_D,LIMIT_ENTRY,LIMIT_EXIT,24172.3,24170.25,NIFTY21APR2624200PE,24200.0,PE,204.65,203.65,204.48,203.88,205.0,195.0,0.024459,0.024534,ws,ws,entry_l1_cap,exit_l1_profit_protect,False,False,0.1688,-0.225,65,-65.0,strategy_S5-10__TYPE_D:NIFTY:2026-04-16T15:08:48:SHORT
2026-04-16,15:10:08,2026-04-16,15:10:42,NIFTY,BUY,TYPE_D,LIMIT_ENTRY,LIMIT_EXIT,24174.9,24188.6,NIFTY21APR2624150CE,24150.0,CE,199.45,201.55,199.43,201.73,200.0,195.0,0.025075,0.024789,ws,ws,entry_l1_cap,exit_l1_profit_protect,False,False,0.02,-0.18,65,136.5,strategy_S5-10__TYPE_D:NIFTY:2026-04-16T15:10:08:LONG
2026-04-16,15:11:09,2026-04-16,15:11:22,NIFTY,BUY,TYPE_D,LIMIT_ENTRY,LIMIT_EXIT,24197.4,24193.0,NIFTY21APR2624150CE,24150.0,CE,203.7,201.25,203.44,201.43,205.0,195.0,0.024567,0.024823,ws,ws,entry_l1_cap,exit_l1_profit_protect,False,False,0.2625,-0.175,65,-159.25,strategy_S5-10__TYPE_D:NIFTY:2026-04-16T15:11:09:LONG
2026-04-16,15:11:53,2026-04-16,15:12:14,NIFTY,BUY,TYPE_D,LIMIT_ENTRY,LIMIT_EXIT,24200.0,24198.3,NIFTY21APR2624150CE,24150.0,CE,204.85,203.65,204.74,203.82,205.0,195.0,0.024435,0.024531,ws,ws,entry_l1_cap,exit_l1_profit_protect,False,False,0.1125,-0.175,65,-78.0,strategy_S5-10__TYPE_D:NIFTY:2026-04-16T15:11:53:LONG
2026-04-16,15:12:37,2026-04-16,15:13:29,NIFTY,SELL,TYPE_D,LIMIT_ENTRY,LIMIT_EXIT,24195.45,24201.7,NIFTY21APR2624200PE,24200.0,PE,198.3,195.4,198.12,195.54,200.0,190.0,0.025227,0.025566,ws,ws,entry_l1_cap,exit_l1_profit_protect,False,False,0.1833,-0.14,65,-188.5,strategy_S5-10__TYPE_D:NIFTY:2026-04-16T15:12:37:SHORT
2026-04-16,15:13:32,2026-04-16,15:14:14,NIFTY,SELL,TYPE_D,LIMIT_ENTRY,LIMIT_EXIT,24196.5,24190.9,NIFTY21APR2624200PE,24200.0,PE,197.9,196.7,197.73,196.83,200.0,190.0,0.025281,0.025407,ws,ws,entry_l1_cap,exit_l1_profit_protect,False,False,0.1667,-0.1333,65,-78.0,strategy_S5-10__TYPE_D:NIFTY:2026-04-16T15:13:32:SHORT
2026-04-16,15:14:25,2026-04-16,15:15:23,NIFTY,SELL,TYPE_D,LIMIT_ENTRY,LIMIT_EXIT,24187.7,24182.5,NIFTY21APR2624200PE,24200.0,PE,198.55,195.15,198.39,195.2,200.0,190.0,0.025208,0.025605,ws,ws,entry_l1_cap,exit_l1_profit_protect,False,False,0.16,-0.05,65,-221.0,strategy_S5-10__TYPE_D:NIFTY:2026-04-16T15:14:25:SHORT
2026-04-16,15:15:36,2026-04-16,15:16:17,NIFTY,BUY,TYPE_D,LIMIT_ENTRY,LIMIT_EXIT,24191.05,24198.0,NIFTY21APR2624150CE,24150.0,CE,209.4,207.5,209.08,207.59,210.0,200.0,0.023909,0.024088,ws,ws,entry_l1_cap,exit_l1_profit_protect,False,False,0.3184,-0.0868,65,-123.5,strategy_S5-10__TYPE_D:NIFTY:2026-04-16T15:15:36:LONG
2026-04-16,15:16:38,2026-04-16,15:16:59,NIFTY,SELL,TYPE_D,LIMIT_ENTRY,LIMIT_EXIT,24191.3,24197.8,NIFTY21APR2624200PE,24200.0,PE,195.7,196.5,195.6,196.73,200.0,190.0,0.025579,0.025423,ws,ws,entry_l1_cap,exit_l1_profit_protect,False,False,0.1038,-0.2333,65,52.0,strategy_S5-10__TYPE_D:NIFTY:2026-04-16T15:16:38:SHORT
2026-04-16,15:17:29,2026-04-16,15:17:40,NIFTY,BUY,TYPE_D,LIMIT_ENTRY,LIMIT_EXIT,24198.35,24194.1,NIFTY21APR2624150CE,24150.0,CE,207.5,206.8,207.39,206.97,210.0,200.0,0.02412,0.024152,ws,ws,entry_l1_cap,exit_l1_profit_protect,False,False,0.1143,-0.1731,65,-45.5,strategy_S5-10__TYPE_D:NIFTY:2026-04-16T15:17:29:LONG
2026-04-16,15:17:59,2026-04-16,15:18:05,NIFTY,BUY,TYPE_D,LIMIT_ENTRY,LIMIT_EXIT,24197.5,24195.15,NIFTY21APR2624150CE,24150.0,CE,208.25,206.75,207.9,206.78,210.0,200.0,0.024036,0.024178,ws,ws,entry_l1_cap,exit_l1_profit_protect,False,False,0.35,-0.0333,65,-97.5,strategy_S5-10__TYPE_D:NIFTY:2026-04-16T15:17:59:LONG
2026-04-16,15:18:10,2026-04-16,15:19:01,NIFTY,SELL,TYPE_D,LIMIT_ENTRY,LIMIT_EXIT,24191.8,24182.1,NIFTY21APR2624200PE,24200.0,PE,198.4,197.0,198.12,197.22,200.0,190.0,0.02523,0.025358,ws,ws,entry_l1_cap,exit_l1_profit_protect,False,False,0.2812,-0.2188,65,-91.0,strategy_S5-10__TYPE_D:NIFTY:2026-04-16T15:18:10:SHORT
2026-04-16,15:19:32,2026-04-16,15:20:14,NIFTY,SELL,TYPE_D,LIMIT_ENTRY,LIMIT_EXIT,24178.55,24183.85,NIFTY21APR2624200PE,24200.0,PE,197.0,195.3,196.86,195.35,200.0,190.0,0.02539,0.025585,ws,ws,entry_l1_cap,exit_l1_profit_protect,False,False,0.1393,-0.05,65,-110.5,strategy_S5-10__TYPE_D:NIFTY:2026-04-16T15:19:32:SHORT
2026-04-16,15:20:21,2026-04-16,15:20:52,NIFTY,BUY,TYPE_D,LIMIT_ENTRY,LIMIT_EXIT,24188.6,24193.45,NIFTY21APR2624150CE,24150.0,CE,208.65,209.3,208.41,209.39,210.0,200.0,0.023981,0.023883,ws,ws,entry_l1_cap,exit_l1_profit_protect,False,False,0.24,-0.0857,65,42.25,strategy_S5-10__TYPE_D:NIFTY:2026-04-16T15:20:21:LONG
2026-04-16,15:21:17,2026-04-16,15:21:42,NIFTY,SELL,TYPE_D,LIMIT_ENTRY,LIMIT_EXIT,24189.45,24194.65,NIFTY21APR2624200PE,24200.0,PE,196.85,196.2,196.49,196.58,200.0,190.0,0.025429,0.025455,ws,ws,entry_l1_cap,exit_l1_profit_protect,False,False,0.3553,-0.3808,65,-42.25,strategy_S5-10__TYPE_D:NIFTY:2026-04-16T15:21:17:SHORT
2026-04-16,15:21:56,2026-04-16,15:22:21,NIFTY,BUY,TYPE_D,LIMIT_ENTRY,LIMIT_EXIT,24195.25,24192.7,NIFTY21APR2624150CE,24150.0,CE,208.05,206.4,207.95,206.66,210.0,200.0,0.024053,0.024204,ws,ws,entry_l1_cap,exit_l1_profit_protect,False,False,0.1,-0.2625,65,-107.25,strategy_S5-10__TYPE_D:NIFTY:2026-04-16T15:21:56:LONG
2026-04-16,15:22:43,2026-04-16,15:23:14,NIFTY,BUY,TYPE_D,LIMIT_ENTRY,LIMIT_EXIT,24197.45,24194.8,NIFTY21APR2624150CE,24150.0,CE,207.0,205.55,206.82,205.59,210.0,200.0,0.024166,0.024301,ws,ws,entry_l1_cap,exit_l1_profit_protect,False,False,0.1765,-0.0444,65,-94.25,strategy_S5-10__TYPE_D:NIFTY:2026-04-16T15:22:43:LONG
2026-04-16,15:24:00,2026-04-16,15:24:05,NIFTY,BUY,TYPE_D,LIMIT_ENTRY,LIMIT_EXIT,24198.0,24194.85,NIFTY21APR2624150CE,24150.0,CE,206.55,206.1,206.23,206.21,210.0,200.0,0.024231,0.024248,ws,ws,entry_l1_cap,exit_l1_profit_protect,False,False,0.3167,-0.1111,65,-29.25,strategy_S5-10__TYPE_D:NIFTY:2026-04-16T15:24:00:LONG
2026-04-16,15:24:44,2026-04-16,15:24:46,NIFTY,SELL,TYPE_D,LIMIT_ENTRY,LIMIT_EXIT,24194.5,24197.8,NIFTY21APR2624200PE,24200.0,PE,194.85,194.75,194.74,194.78,195.0,185.0,0.025677,0.025671,ws,ws,entry_l1_cap,exit_l1_profit_protect,False,False,0.1071,-0.0312,65,-6.5,strategy_S5-10__TYPE_D:NIFTY:2026-04-16T15:24:44:SHORT
