Entry_Date,Entry_Time,Exit_Date,Exit_Time,Underlying_Symbol,Strategy_Direction,Execution_Mode,Entry_Label,Exit_Label,Underlying_Entry_Price,Underlying_Exit_Price,Option_Symbol,Option_Strike,Option_Type,Option_Entry_Price,Option_Exit_Price,Entry_Fair_Value,Exit_Fair_Value,Entry_Limit_Price,Exit_Limit_Price,Entry_Spread_Pct,Exit_Spread_Pct,Entry_Quote_Source,Exit_Quote_Source,Entry_Pricing_Mode,Exit_Pricing_Mode,Entry_Repriced,Exit_Repriced,Entry_Slippage_vs_Fair,Exit_Slippage_vs_Fair,Qty,PnL,Trade_ID
2026-04-20,09:18:29,2026-04-20,09:18:41,NIFTY,BUY,TYPE_F,BOOK_ENTRY_1,BOOK_EXIT_1,24320.85,24319.45,NIFTY21APR2624300CE,24300.0,CE,141.3,140.3,145.0,140.0,145.0,140.0,0.002125,0.001425,ws,ws,book_ladder,book_ladder,False,False,-3.7,0.3,65,-65.0,strategy_S9-149__TYPE_F:NIFTY:2026-04-20T09:18:29:LONG
2026-04-20,09:19:03,2026-04-20,09:19:09,NIFTY,SELL,TYPE_F,BOOK_ENTRY_1,BOOK_EXIT_1,24300.15,24305.45,NIFTY21APR2624350PE,24350.0,PE,168.35,166.8,170.0,165.0,170.0,165.0,0.002081,0.002694,ws,ws,book_ladder,book_ladder,False,False,-1.65,1.8,65,-100.75,strategy_S9-149__TYPE_F:NIFTY:2026-04-20T09:19:03:SHORT
2026-04-20,09:19:32,2026-04-20,09:20:28,NIFTY,BUY,TYPE_F,BOOK_ENTRY_1,BOOK_EXIT_1,24316.9,24352.25,NIFTY21APR2624300CE,24300.0,CE,136.65,157.15,140.0,155.0,140.0,155.0,0.001098,0.002542,ws,ws,book_ladder,book_ladder,False,False,-3.35,2.15,65,1332.5,strategy_S9-149__TYPE_F:NIFTY:2026-04-20T09:19:32:LONG
2026-04-20,09:20:50,2026-04-20,09:21:05,NIFTY,BUY,TYPE_F,BOOK_ENTRY_1,BOOK_EXIT_1,24365.85,24359.05,NIFTY21APR2624350CE,24350.0,CE,132.75,134.45,135.0,130.0,135.0,130.0,0.002262,0.000743,ws,ws,book_ladder,book_ladder,False,False,-2.25,4.45,65,110.5,strategy_S9-149__TYPE_F:NIFTY:2026-04-20T09:20:50:LONG
2026-04-20,09:21:20,2026-04-20,09:21:26,NIFTY,SELL,TYPE_F,BOOK_ENTRY_1,BOOK_EXIT_1,24356.65,24361.3,NIFTY21APR2624400PE,24400.0,PE,170.0,167.7,170.0,165.0,170.0,165.0,0.000883,0.00268,ws,ws,book_ladder,book_ladder,False,False,0.0,2.7,65,-149.5,strategy_S9-149__TYPE_F:NIFTY:2026-04-20T09:21:20:SHORT
2026-04-20,09:22:05,2026-04-20,09:22:22,NIFTY,BUY,TYPE_F,BOOK_ENTRY_1,BOOK_EXIT_1,24373.1,24375.6,NIFTY21APR2624350CE,24350.0,CE,139.95,138.75,140.0,135.0,140.0,135.0,0.002504,0.00144,ws,ws,book_ladder,book_ladder,False,False,-0.05,3.75,65,-78.0,strategy_S9-149__TYPE_F:NIFTY:2026-04-20T09:22:05:LONG
2026-04-20,09:23:00,2026-04-20,09:23:10,NIFTY,BUY,TYPE_F,BOOK_ENTRY_1,BOOK_EXIT_1,24379.65,24376.2,NIFTY21APR2624350CE,24350.0,CE,142.4,141.0,145.0,140.0,145.0,140.0,0.001405,0.001771,ws,ws,book_ladder,book_ladder,False,False,-2.6,1.0,65,-91.0,strategy_S9-149__TYPE_F:NIFTY:2026-04-20T09:23:00:LONG
2026-04-20,09:23:26,2026-04-20,09:24:00,NIFTY,BUY,TYPE_F,BOOK_ENTRY_1,BOOK_EXIT_1,24385.75,24386.65,NIFTY21APR2624350CE,24350.0,CE,146.95,147.5,150.0,145.0,150.0,145.0,0.002726,0.002032,ws,ws,book_ladder,book_ladder,False,False,-3.05,2.5,65,35.75,strategy_S9-149__TYPE_F:NIFTY:2026-04-20T09:23:26:LONG
2026-04-20,09:24:10,2026-04-20,09:24:36,NIFTY,BUY,TYPE_F,BOOK_ENTRY_1,BOOK_EXIT_1,24392.1,24392.5,NIFTY21APR2624350CE,24350.0,CE,151.2,148.6,155.0,145.0,155.0,145.0,0.002317,0.002017,ws,ws,book_ladder,book_ladder,False,False,-3.8,3.6,65,-169.0,strategy_S9-149__TYPE_F:NIFTY:2026-04-20T09:24:10:LONG
2026-04-20,09:24:46,2026-04-20,09:25:00,NIFTY,BUY,TYPE_F,BOOK_ENTRY_1,BOOK_EXIT_1,24395.2,24393.0,NIFTY21APR2624350CE,24350.0,CE,150.4,149.6,155.0,145.0,155.0,145.0,0.001664,0.00267,ws,ws,book_ladder,book_ladder,False,False,-4.6,4.6,65,-52.0,strategy_S9-149__TYPE_F:NIFTY:2026-04-20T09:24:46:LONG
2026-04-20,09:25:30,2026-04-20,09:25:52,NIFTY,BUY,TYPE_F,BOOK_ENTRY_1,BOOK_EXIT_1,24407.55,24411.15,NIFTY21APR2624400CE,24400.0,CE,135.65,133.65,140.0,130.0,140.0,130.0,0.002953,0.002242,ws,ws,book_ladder,book_ladder,False,False,-4.35,3.65,65,-130.0,strategy_S9-149__TYPE_F:NIFTY:2026-04-20T09:25:30:LONG
2026-04-20,09:26:30,2026-04-20,09:26:39,NIFTY,SELL,TYPE_F,BOOK_ENTRY_1,BOOK_EXIT_1,24389.35,24391.45,NIFTY21APR2624400PE,24400.0,PE,151.05,150.0,155.0,150.0,155.0,150.0,0.001325,0.001665,ws,ws,book_ladder,book_ladder,False,False,-3.95,0.0,65,-68.25,strategy_S9-149__TYPE_F:NIFTY:2026-04-20T09:26:30:SHORT
2026-04-20,09:26:55,2026-04-20,09:27:10,NIFTY,SELL,TYPE_F,BOOK_ENTRY_1,BOOK_EXIT_1,24386.95,24383.85,NIFTY21APR2624400PE,24400.0,PE,153.9,152.15,155.0,150.0,155.0,150.0,0.002602,0.002626,ws,ws,book_ladder,book_ladder,False,False,-1.1,2.15,65,-113.75,strategy_S9-149__TYPE_F:NIFTY:2026-04-20T09:26:55:SHORT
2026-04-20,09:28:00,2026-04-20,09:28:41,NIFTY,BUY,TYPE_F,BOOK_ENTRY_1,BOOK_EXIT_1,24388.25,24405.65,NIFTY21APR2624350CE,24350.0,CE,149.95,159.0,150.0,155.0,150.0,155.0,0.002337,0.002826,ws,ws,book_ladder,book_ladder,False,False,-0.05,4.0,65,588.25,strategy_S9-149__TYPE_F:NIFTY:2026-04-20T09:28:00:LONG
2026-04-20,09:28:54,2026-04-20,09:29:06,NIFTY,SELL,TYPE_F,BOOK_ENTRY_1,BOOK_EXIT_1,24396.95,24401.0,NIFTY21APR2624400PE,24400.0,PE,148.85,147.7,150.0,145.0,150.0,145.0,0.002691,0.002367,ws,ws,book_ladder,book_ladder,False,False,-1.15,2.7,65,-74.75,strategy_S9-149__TYPE_F:NIFTY:2026-04-20T09:28:54:SHORT
2026-04-20,09:29:10,2026-04-20,09:29:26,NIFTY,SELL,TYPE_F,BOOK_ENTRY_1,BOOK_EXIT_1,24396.45,24394.75,NIFTY21APR2624400PE,24400.0,PE,149.0,148.85,150.0,145.0,150.0,145.0,0.002015,0.002013,ws,ws,book_ladder,book_ladder,False,False,-1.0,3.85,65,-9.75,strategy_S9-149__TYPE_F:NIFTY:2026-04-20T09:29:10:SHORT
2026-04-20,09:29:41,2026-04-20,09:30:08,NIFTY,SELL,TYPE_F,BOOK_ENTRY_1,BOOK_EXIT_1,24392.0,24387.7,NIFTY21APR2624400PE,24400.0,PE,149.75,150.05,150.0,150.0,150.0,150.0,0.002675,0.00233,ws,ws,book_ladder,book_ladder,False,False,-0.25,0.05,65,19.5,strategy_S9-149__TYPE_F:NIFTY:2026-04-20T09:29:41:SHORT
2026-04-20,09:30:40,2026-04-20,09:31:29,NIFTY,SELL,TYPE_F,BOOK_ENTRY_1,BOOK_EXIT_1,24383.95,24369.2,NIFTY21APR2624400PE,24400.0,PE,152.8,161.4,155.0,160.0,155.0,160.0,0.001637,0.001548,ws,ws,book_ladder,book_ladder,False,False,-2.2,1.4,65,559.0,strategy_S9-149__TYPE_F:NIFTY:2026-04-20T09:30:40:SHORT
2026-04-20,09:31:53,2026-04-20,09:31:56,NIFTY,BUY,TYPE_F,BOOK_ENTRY_1,BOOK_EXIT_1,24371.7,24367.95,NIFTY21APR2624350CE,24350.0,CE,143.15,141.15,145.0,140.0,145.0,140.0,0.001748,0.001416,ws,ws,book_ladder,book_ladder,False,False,-1.85,1.15,65,-130.0,strategy_S9-149__TYPE_F:NIFTY:2026-04-20T09:31:53:LONG
2026-04-20,09:32:20,2026-04-20,09:32:59,NIFTY,SELL,TYPE_F,BOOK_ENTRY_1,BOOK_EXIT_1,24359.4,24345.05,NIFTY21APR2624400PE,24400.0,PE,164.6,172.15,165.0,170.0,165.0,170.0,0.001216,0.000871,ws,ws,book_ladder,book_ladder,False,False,-0.4,2.15,65,490.75,strategy_S9-149__TYPE_F:NIFTY:2026-04-20T09:32:20:SHORT
2026-04-20,09:33:25,2026-04-20,09:33:57,NIFTY,BUY,TYPE_F,BOOK_ENTRY_1,BOOK_EXIT_1,24353.25,24369.15,NIFTY21APR2624350CE,24350.0,CE,134.8,138.85,135.0,135.0,135.0,135.0,0.001113,0.002518,ws,ws,book_ladder,book_ladder,False,False,-0.2,3.85,65,263.25,strategy_S9-149__TYPE_F:NIFTY:2026-04-20T09:33:25:LONG
2026-04-20,09:34:10,2026-04-20,09:34:35,NIFTY,SELL,TYPE_F,BOOK_ENTRY_1,BOOK_EXIT_1,24366.7,24355.15,NIFTY21APR2624400PE,24400.0,PE,161.55,169.45,165.0,165.0,165.0,165.0,0.001549,0.002652,ws,ws,book_ladder,book_ladder,False,False,-3.45,4.45,65,513.5,strategy_S9-149__TYPE_F:NIFTY:2026-04-20T09:34:10:SHORT
2026-04-20,09:35:00,2026-04-20,09:35:07,NIFTY,BUY,TYPE_F,BOOK_ENTRY_1,BOOK_EXIT_1,24360.25,24355.25,NIFTY21APR2624350CE,24350.0,CE,133.15,130.95,135.0,130.0,135.0,130.0,0.002632,0.002669,ws,ws,book_ladder,book_ladder,False,False,-1.85,0.95,65,-143.0,strategy_S9-149__TYPE_F:NIFTY:2026-04-20T09:35:00:LONG
2026-04-20,09:35:22,2026-04-20,09:35:36,NIFTY,BUY,TYPE_F,BOOK_ENTRY_1,BOOK_EXIT_1,24361.4,24364.25,NIFTY21APR2624350CE,24350.0,CE,133.25,131.85,135.0,130.0,135.0,130.0,0.002254,0.003029,ws,ws,book_ladder,book_ladder,False,False,-1.75,1.85,65,-91.0,strategy_S9-149__TYPE_F:NIFTY:2026-04-20T09:35:22:LONG
2026-04-20,09:36:20,2026-04-20,09:36:46,NIFTY,SELL,TYPE_F,BOOK_ENTRY_1,BOOK_EXIT_1,24358.95,24354.65,NIFTY21APR2624400PE,24400.0,PE,166.65,166.55,170.0,165.0,170.0,165.0,0.002704,0.002399,ws,ws,book_ladder,book_ladder,False,False,-3.35,1.55,65,-6.5,strategy_S9-149__TYPE_F:NIFTY:2026-04-20T09:36:20:SHORT
2026-04-20,09:37:07,2026-04-20,09:37:15,NIFTY,SELL,TYPE_F,BOOK_ENTRY_1,BOOK_EXIT_1,24350.25,24352.7,NIFTY21APR2624400PE,24400.0,PE,167.9,166.1,170.0,165.0,170.0,165.0,0.002087,0.002706,ws,ws,book_ladder,book_ladder,False,False,-2.1,1.1,65,-117.0,strategy_S9-149__TYPE_F:NIFTY:2026-04-20T09:37:07:SHORT
2026-04-20,09:38:30,2026-04-20,09:38:40,NIFTY,SELL,TYPE_F,BOOK_ENTRY_1,BOOK_EXIT_1,24345.95,24346.0,NIFTY21APR2624350PE,24350.0,PE,140.9,141.4,145.0,140.0,145.0,140.0,0.002487,0.002825,ws,ws,book_ladder,book_ladder,False,False,-4.1,1.4,65,32.5,strategy_S9-149__TYPE_F:NIFTY:2026-04-20T09:38:30:SHORT
2026-04-20,09:38:51,2026-04-20,09:39:10,NIFTY,SELL,TYPE_F,BOOK_ENTRY_1,BOOK_EXIT_1,24335.35,24338.9,NIFTY21APR2624350PE,24350.0,PE,145.0,142.7,145.0,140.0,145.0,140.0,0.002417,0.002799,ws,ws,book_ladder,book_ladder,False,False,0.0,2.7,65,-149.5,strategy_S9-149__TYPE_F:NIFTY:2026-04-20T09:38:51:SHORT
2026-04-20,09:40:07,2026-04-20,09:40:12,NIFTY,SELL,TYPE_F,BOOK_ENTRY_1,BOOK_EXIT_1,24341.2,24344.3,NIFTY21APR2624350PE,24350.0,PE,143.85,142.35,145.0,140.0,145.0,140.0,0.001739,0.002105,ws,ws,book_ladder,book_ladder,False,False,-1.15,2.35,65,-97.5,strategy_S9-149__TYPE_F:NIFTY:2026-04-20T09:40:07:SHORT
2026-04-20,09:40:21,2026-04-20,09:40:38,NIFTY,SELL,TYPE_F,BOOK_ENTRY_1,BOOK_EXIT_1,24338.3,24339.95,NIFTY21APR2624350PE,24350.0,PE,146.35,145.3,150.0,145.0,150.0,145.0,0.001368,0.002063,ws,ws,book_ladder,book_ladder,False,False,-3.65,0.3,65,-68.25,strategy_S9-149__TYPE_F:NIFTY:2026-04-20T09:40:21:SHORT
2026-04-20,09:41:01,2026-04-20,09:41:10,NIFTY,BUY,TYPE_F,BOOK_ENTRY_1,BOOK_EXIT_1,24345.75,24344.05,NIFTY21APR2624300CE,24300.0,CE,156.55,155.05,160.0,155.0,160.0,155.0,0.001918,0.002255,ws,ws,book_ladder,book_ladder,False,False,-3.45,0.05,65,-97.5,strategy_S9-149__TYPE_F:NIFTY:2026-04-20T09:41:01:LONG
2026-04-20,09:41:50,2026-04-20,09:42:05,NIFTY,SELL,TYPE_F,BOOK_ENTRY_1,BOOK_EXIT_1,24336.1,24333.3,NIFTY21APR2624350PE,24350.0,PE,147.4,150.05,150.0,150.0,150.0,150.0,0.002377,0.002662,ws,ws,book_ladder,book_ladder,False,False,-2.6,0.05,65,172.25,strategy_S9-149__TYPE_F:NIFTY:2026-04-20T09:41:50:SHORT
2026-04-20,09:42:22,2026-04-20,09:42:57,NIFTY,SELL,TYPE_F,BOOK_ENTRY_1,BOOK_EXIT_1,24327.65,24323.8,NIFTY21APR2624350PE,24350.0,PE,150.7,150.5,155.0,150.0,155.0,150.0,0.002325,0.00166,ws,ws,book_ladder,book_ladder,False,False,-4.3,0.5,65,-13.0,strategy_S9-149__TYPE_F:NIFTY:2026-04-20T09:42:22:SHORT
2026-04-20,09:43:20,2026-04-20,09:43:49,NIFTY,SELL,TYPE_F,BOOK_ENTRY_1,BOOK_EXIT_1,24321.75,24313.45,NIFTY21APR2624350PE,24350.0,PE,154.0,157.4,155.0,155.0,155.0,155.0,0.002275,0.001587,ws,ws,book_ladder,book_ladder,False,False,-1.0,2.4,65,221.0,strategy_S9-149__TYPE_F:NIFTY:2026-04-20T09:43:20:SHORT
2026-04-20,09:44:04,2026-04-20,09:44:36,NIFTY,SELL,TYPE_F,BOOK_ENTRY_1,BOOK_EXIT_1,24307.7,24298.6,NIFTY21APR2624350PE,24350.0,PE,159.95,165.0,160.0,165.0,160.0,165.0,0.002817,0.002724,ws,ws,book_ladder,book_ladder,False,False,-0.05,0.0,65,328.25,strategy_S9-149__TYPE_F:NIFTY:2026-04-20T09:44:04:SHORT
2026-04-20,09:45:30,2026-04-20,09:45:45,NIFTY,SELL,TYPE_F,BOOK_ENTRY_1,BOOK_EXIT_1,24291.85,24295.2,NIFTY21APR2624300PE,24300.0,PE,143.55,141.95,145.0,140.0,145.0,140.0,0.002441,0.002111,ws,ws,book_ladder,book_ladder,False,False,-1.45,1.95,65,-104.0,strategy_S9-149__TYPE_F:NIFTY:2026-04-20T09:45:30:SHORT
2026-04-20,09:46:09,2026-04-20,09:46:17,NIFTY,BUY,TYPE_F,BOOK_ENTRY_1,BOOK_EXIT_1,24300.2,24295.8,NIFTY21APR2624300CE,24300.0,CE,127.95,127.35,130.0,125.0,130.0,125.0,0.001564,0.001961,ws,ws,book_ladder,book_ladder,False,False,-2.05,2.35,65,-39.0,strategy_S9-149__TYPE_F:NIFTY:2026-04-20T09:46:09:LONG
2026-04-20,09:47:00,2026-04-20,09:47:31,NIFTY,SELL,TYPE_F,BOOK_ENTRY_1,BOOK_EXIT_1,24291.0,24285.6,NIFTY21APR2624300PE,24300.0,PE,146.0,149.85,150.0,145.0,150.0,145.0,0.0024,0.002333,ws,ws,book_ladder,book_ladder,False,False,-4.0,4.85,65,250.25,strategy_S9-149__TYPE_F:NIFTY:2026-04-20T09:47:00:SHORT
2026-04-20,09:48:40,2026-04-20,09:49:06,NIFTY,SELL,TYPE_F,BOOK_ENTRY_1,BOOK_EXIT_1,24284.5,24284.65,NIFTY21APR2624300PE,24300.0,PE,150.95,149.05,155.0,145.0,155.0,145.0,0.002321,0.002345,ws,ws,book_ladder,book_ladder,False,False,-4.05,4.05,65,-123.5,strategy_S9-149__TYPE_F:NIFTY:2026-04-20T09:48:40:SHORT
2026-04-20,09:49:19,2026-04-20,09:49:58,NIFTY,BUY,TYPE_F,BOOK_ENTRY_1,BOOK_EXIT_1,24288.45,24297.6,NIFTY21APR2624250CE,24250.0,CE,150.75,151.3,155.0,150.0,155.0,150.0,0.00166,0.001321,ws,ws,book_ladder,book_ladder,False,False,-4.25,1.3,65,35.75,strategy_S9-149__TYPE_F:NIFTY:2026-04-20T09:49:19:LONG
2026-04-20,09:50:57,2026-04-20,09:51:03,NIFTY,BUY,TYPE_F,BOOK_ENTRY_1,BOOK_EXIT_1,24292.85,24289.4,NIFTY21APR2624250CE,24250.0,CE,149.35,149.5,150.0,145.0,150.0,145.0,0.001675,0.002338,ws,ws,book_ladder,book_ladder,False,False,-0.65,4.5,65,9.75,strategy_S9-149__TYPE_F:NIFTY:2026-04-20T09:50:57:LONG
2026-04-20,09:51:21,2026-04-20,09:51:41,NIFTY,BUY,TYPE_F,BOOK_ENTRY_1,BOOK_EXIT_1,24296.0,24294.55,NIFTY21APR2624250CE,24250.0,CE,153.0,153.75,155.0,150.0,155.0,150.0,0.00229,0.002598,ws,ws,book_ladder,book_ladder,False,False,-2.0,3.75,65,48.75,strategy_S9-149__TYPE_F:NIFTY:2026-04-20T09:51:21:LONG
2026-04-20,09:52:10,2026-04-20,09:53:50,NIFTY,BUY,TYPE_F,BOOK_ENTRY_1,BOOK_EXIT_1,24298.65,24320.65,NIFTY21APR2624250CE,24250.0,CE,154.05,164.55,155.0,160.0,155.0,160.0,0.001949,0.002428,ws,ws,book_ladder,book_ladder,False,False,-0.95,4.55,65,682.5,strategy_S9-149__TYPE_F:NIFTY:2026-04-20T09:52:10:LONG
2026-04-20,09:54:48,2026-04-20,09:55:06,NIFTY,BUY,TYPE_F,BOOK_ENTRY_1,BOOK_EXIT_1,24332.55,24333.4,NIFTY21APR2624300CE,24300.0,CE,144.15,146.4,145.0,145.0,145.0,145.0,0.001388,0.002047,ws,ws,book_ladder,book_ladder,False,False,-0.85,1.4,65,146.25,strategy_S9-149__TYPE_F:NIFTY:2026-04-20T09:54:48:LONG
2026-04-20,09:55:31,2026-04-20,09:55:58,NIFTY,BUY,TYPE_F,BOOK_ENTRY_1,BOOK_EXIT_1,24339.25,24340.95,NIFTY21APR2624300CE,24300.0,CE,149.5,151.45,150.0,150.0,150.0,150.0,0.001004,0.002967,ws,ws,book_ladder,book_ladder,False,False,-0.5,1.45,65,126.75,strategy_S9-149__TYPE_F:NIFTY:2026-04-20T09:55:31:LONG
2026-04-20,09:56:10,2026-04-20,09:56:56,NIFTY,SELL,TYPE_F,BOOK_ENTRY_1,BOOK_EXIT_1,24336.8,24329.25,NIFTY21APR2624350PE,24350.0,PE,152.7,155.25,155.0,155.0,155.0,155.0,0.002295,0.002252,ws,ws,book_ladder,book_ladder,False,False,-2.3,0.25,65,165.75,strategy_S9-149__TYPE_F:NIFTY:2026-04-20T09:56:10:SHORT
2026-04-20,09:57:14,2026-04-20,09:57:22,NIFTY,BUY,TYPE_F,BOOK_ENTRY_1,BOOK_EXIT_1,24332.05,24329.35,NIFTY21APR2624300CE,24300.0,CE,146.05,143.55,150.0,140.0,150.0,140.0,0.002056,0.002435,ws,ws,book_ladder,book_ladder,False,False,-3.95,3.55,65,-162.5,strategy_S9-149__TYPE_F:NIFTY:2026-04-20T09:57:14:LONG
2026-04-20,09:58:10,2026-04-20,09:58:33,NIFTY,SELL,TYPE_F,BOOK_ENTRY_1,BOOK_EXIT_1,24322.3,24323.7,NIFTY21APR2624350PE,24350.0,PE,158.4,156.25,160.0,155.0,160.0,155.0,0.002528,0.002876,ws,ws,book_ladder,book_ladder,False,False,-1.6,1.25,65,-139.75,strategy_S9-149__TYPE_F:NIFTY:2026-04-20T09:58:10:SHORT
2026-04-20,09:59:20,2026-04-20,09:59:47,NIFTY,BUY,TYPE_F,BOOK_ENTRY_1,BOOK_EXIT_1,24327.75,24327.55,NIFTY21APR2624300CE,24300.0,CE,145.4,146.5,150.0,145.0,150.0,145.0,0.002755,0.002046,ws,ws,book_ladder,book_ladder,False,False,-4.6,1.5,65,71.5,strategy_S9-149__TYPE_F:NIFTY:2026-04-20T09:59:20:LONG
2026-04-20,10:00:40,2026-04-20,10:01:09,NIFTY,BUY,TYPE_F,BOOK_ENTRY_1,BOOK_EXIT_1,24332.7,24332.05,NIFTY21APR2624300CE,24300.0,CE,147.7,145.2,150.0,145.0,150.0,145.0,0.002033,0.001376,ws,ws,book_ladder,book_ladder,False,False,-2.3,0.2,65,-162.5,strategy_S9-149__TYPE_F:NIFTY:2026-04-20T10:00:40:LONG
2026-04-20,10:01:30,2026-04-20,10:01:52,NIFTY,BUY,TYPE_F,BOOK_ENTRY_1,BOOK_EXIT_1,24336.4,24334.3,NIFTY21APR2624300CE,24300.0,CE,148.4,148.5,150.0,145.0,150.0,145.0,0.002361,0.002018,ws,ws,book_ladder,book_ladder,False,False,-1.6,3.5,65,6.5,strategy_S9-149__TYPE_F:NIFTY:2026-04-20T10:01:30:LONG
2026-04-20,10:02:02,2026-04-20,10:02:10,NIFTY,SELL,TYPE_F,BOOK_ENTRY_1,BOOK_EXIT_1,24332.05,24333.4,NIFTY21APR2624350PE,24350.0,PE,155.55,153.75,160.0,150.0,160.0,150.0,0.002253,0.002274,ws,ws,book_ladder,book_ladder,False,False,-4.45,3.75,65,-117.0,strategy_S9-149__TYPE_F:NIFTY:2026-04-20T10:02:02:SHORT
2026-04-20,10:02:32,2026-04-20,10:03:31,NIFTY,BUY,TYPE_F,BOOK_ENTRY_1,BOOK_EXIT_1,24337.55,24358.2,NIFTY21APR2624300CE,24300.0,CE,148.1,161.3,150.0,160.0,150.0,160.0,0.002366,0.002477,ws,ws,book_ladder,book_ladder,False,False,-1.9,1.3,65,858.0,strategy_S9-149__TYPE_F:NIFTY:2026-04-20T10:02:32:LONG
2026-04-20,10:04:13,2026-04-20,10:04:25,NIFTY,SELL,TYPE_F,BOOK_ENTRY_1,BOOK_EXIT_1,24351.5,24349.0,NIFTY21APR2624400PE,24400.0,PE,167.75,169.55,170.0,165.0,170.0,165.0,0.002387,0.002062,ws,ws,book_ladder,book_ladder,False,False,-2.25,4.55,65,117.0,strategy_S9-149__TYPE_F:NIFTY:2026-04-20T10:04:13:SHORT
2026-04-20,10:05:01,2026-04-20,10:05:20,NIFTY,BUY,TYPE_F,BOOK_ENTRY_1,BOOK_EXIT_1,24356.9,24358.85,NIFTY21APR2624350CE,24350.0,CE,136.0,135.45,140.0,135.0,140.0,135.0,0.002577,0.002212,ws,ws,book_ladder,book_ladder,False,False,-4.0,0.45,65,-35.75,strategy_S9-149__TYPE_F:NIFTY:2026-04-20T10:05:01:LONG
2026-04-20,10:05:44,2026-04-20,10:05:58,NIFTY,BUY,TYPE_F,BOOK_ENTRY_1,BOOK_EXIT_1,24362.7,24362.35,NIFTY21APR2624350CE,24350.0,CE,137.1,136.65,140.0,135.0,140.0,135.0,0.002191,0.002558,ws,ws,book_ladder,book_ladder,False,False,-2.9,1.65,65,-29.25,strategy_S9-149__TYPE_F:NIFTY:2026-04-20T10:05:44:LONG
2026-04-20,10:06:00,2026-04-20,10:06:04,NIFTY,BUY,TYPE_F,BOOK_ENTRY_1,BOOK_EXIT_1,24364.4,24361.45,NIFTY21APR2624350CE,24350.0,CE,136.85,134.6,140.0,130.0,140.0,130.0,0.001828,0.002597,ws,ws,book_ladder,book_ladder,False,False,-3.15,4.6,65,-146.25,strategy_S9-149__TYPE_F:NIFTY:2026-04-20T10:06:00:LONG
2026-04-20,10:06:10,2026-04-20,10:06:33,NIFTY,SELL,TYPE_F,BOOK_ENTRY_1,BOOK_EXIT_1,24360.3,24361.75,NIFTY21APR2624400PE,24400.0,PE,165.0,163.65,165.0,160.0,165.0,160.0,0.001516,0.002136,ws,ws,book_ladder,book_ladder,False,False,0.0,3.65,65,-87.75,strategy_S9-149__TYPE_F:NIFTY:2026-04-20T10:06:10:SHORT
2026-04-20,10:06:40,2026-04-20,10:07:05,NIFTY,SELL,TYPE_F,BOOK_ENTRY_1,BOOK_EXIT_1,24356.35,24358.85,NIFTY21APR2624400PE,24400.0,PE,168.45,164.55,170.0,160.0,170.0,160.0,0.002377,0.002125,ws,ws,book_ladder,book_ladder,False,False,-1.55,4.55,65,-253.5,strategy_S9-149__TYPE_F:NIFTY:2026-04-20T10:06:40:SHORT
2026-04-20,10:07:10,2026-04-20,10:08:44,NIFTY,BUY,TYPE_F,BOOK_ENTRY_1,BOOK_EXIT_1,24361.55,24378.4,NIFTY21APR2624350CE,24350.0,CE,135.3,141.6,140.0,140.0,140.0,140.0,0.001849,0.001764,ws,ws,book_ladder,book_ladder,False,False,-4.7,1.6,65,409.5,strategy_S9-149__TYPE_F:NIFTY:2026-04-20T10:07:10:LONG
2026-04-20,10:09:19,2026-04-20,10:09:29,NIFTY,BUY,TYPE_F,BOOK_ENTRY_1,BOOK_EXIT_1,24385.5,24382.2,NIFTY21APR2624350CE,24350.0,CE,146.7,145.5,150.0,145.0,150.0,145.0,0.002047,0.003088,ws,ws,book_ladder,book_ladder,False,False,-3.3,0.5,65,-78.0,strategy_S9-149__TYPE_F:NIFTY:2026-04-20T10:09:19:LONG
2026-04-20,10:10:20,2026-04-20,10:10:32,NIFTY,SELL,TYPE_F,BOOK_ENTRY_1,BOOK_EXIT_1,24380.9,24377.3,NIFTY21APR2624400PE,24400.0,PE,150.5,151.05,155.0,150.0,155.0,150.0,0.000997,0.002314,ws,ws,book_ladder,book_ladder,False,False,-4.5,1.05,65,35.75,strategy_S9-149__TYPE_F:NIFTY:2026-04-20T10:10:20:SHORT
2026-04-20,10:11:34,2026-04-20,10:11:57,NIFTY,SELL,TYPE_F,BOOK_ENTRY_1,BOOK_EXIT_1,24379.2,24380.6,NIFTY21APR2624400PE,24400.0,PE,152.3,151.0,155.0,150.0,155.0,150.0,0.000985,0.001985,ws,ws,book_ladder,book_ladder,False,False,-2.7,1.0,65,-84.5,strategy_S9-149__TYPE_F:NIFTY:2026-04-20T10:11:34:SHORT
2026-04-20,10:12:34,2026-04-20,10:13:03,NIFTY,SELL,TYPE_F,BOOK_ENTRY_1,BOOK_EXIT_1,24378.25,24367.9,NIFTY21APR2624400PE,24400.0,PE,153.85,158.7,155.0,155.0,155.0,155.0,0.002278,0.002517,ws,ws,book_ladder,book_ladder,False,False,-1.15,3.7,65,315.25,strategy_S9-149__TYPE_F:NIFTY:2026-04-20T10:12:34:SHORT
2026-04-20,10:13:57,2026-04-20,10:14:03,NIFTY,BUY,TYPE_F,BOOK_ENTRY_1,BOOK_EXIT_1,24372.7,24370.7,NIFTY21APR2624350CE,24350.0,CE,144.35,142.0,145.0,140.0,145.0,140.0,0.001733,0.002462,ws,ws,book_ladder,book_ladder,False,False,-0.65,2.0,65,-152.75,strategy_S9-149__TYPE_F:NIFTY:2026-04-20T10:13:57:LONG
2026-04-20,10:14:41,2026-04-20,10:14:56,NIFTY,BUY,TYPE_F,BOOK_ENTRY_1,BOOK_EXIT_1,24377.55,24378.15,NIFTY21APR2624350CE,24350.0,CE,146.65,147.1,150.0,145.0,150.0,145.0,0.002048,0.002377,ws,ws,book_ladder,book_ladder,False,False,-3.35,2.1,65,29.25,strategy_S9-149__TYPE_F:NIFTY:2026-04-20T10:14:41:LONG
2026-04-20,10:15:20,2026-04-20,10:15:50,NIFTY,SELL,TYPE_F,BOOK_ENTRY_1,BOOK_EXIT_1,24376.05,24376.1,NIFTY21APR2624400PE,24400.0,PE,153.4,152.1,155.0,150.0,155.0,150.0,0.001631,0.001642,ws,ws,book_ladder,book_ladder,False,False,-1.6,2.1,65,-84.5,strategy_S9-149__TYPE_F:NIFTY:2026-04-20T10:15:20:SHORT
2026-04-20,10:16:10,2026-04-20,10:17:00,NIFTY,BUY,TYPE_F,BOOK_ENTRY_1,BOOK_EXIT_1,24382.5,24385.8,NIFTY21APR2624350CE,24350.0,CE,150.5,151.15,155.0,150.0,155.0,150.0,0.002661,0.002313,ws,ws,book_ladder,book_ladder,False,False,-4.5,1.15,65,42.25,strategy_S9-149__TYPE_F:NIFTY:2026-04-20T10:16:10:LONG
2026-04-20,10:17:16,2026-04-20,10:17:52,NIFTY,BUY,TYPE_F,BOOK_ENTRY_1,BOOK_EXIT_1,24391.65,24395.2,NIFTY21APR2624350CE,24350.0,CE,154.4,157.2,155.0,155.0,155.0,155.0,0.002594,0.002541,ws,ws,book_ladder,book_ladder,False,False,-0.6,2.2,65,182.0,strategy_S9-149__TYPE_F:NIFTY:2026-04-20T10:17:16:LONG
2026-04-20,10:18:02,2026-04-20,10:18:13,NIFTY,BUY,TYPE_F,BOOK_ENTRY_1,BOOK_EXIT_1,24398.15,24396.35,NIFTY21APR2624350CE,24350.0,CE,157.8,157.5,160.0,155.0,160.0,155.0,0.002856,0.002536,ws,ws,book_ladder,book_ladder,False,False,-2.2,2.5,65,-19.5,strategy_S9-149__TYPE_F:NIFTY:2026-04-20T10:18:02:LONG
2026-04-20,10:18:22,2026-04-20,10:18:55,NIFTY,SELL,TYPE_F,BOOK_ENTRY_1,BOOK_EXIT_1,24393.75,24390.15,NIFTY21APR2624400PE,24400.0,PE,146.0,145.85,150.0,145.0,150.0,145.0,0.000343,0.002055,ws,ws,book_ladder,book_ladder,False,False,-4.0,0.85,65,-9.75,strategy_S9-149__TYPE_F:NIFTY:2026-04-20T10:18:22:SHORT
2026-04-20,10:19:27,2026-04-20,10:19:50,NIFTY,SELL,TYPE_F,BOOK_ENTRY_1,BOOK_EXIT_1,24387.15,24387.9,NIFTY21APR2624400PE,24400.0,PE,147.6,146.4,150.0,145.0,150.0,145.0,0.002035,0.000683,ws,ws,book_ladder,book_ladder,False,False,-2.4,1.4,65,-78.0,strategy_S9-149__TYPE_F:NIFTY:2026-04-20T10:19:27:SHORT
2026-04-20,10:20:40,2026-04-20,10:21:37,NIFTY,SELL,TYPE_F,BOOK_ENTRY_1,BOOK_EXIT_1,24387.95,24379.6,NIFTY21APR2624400PE,24400.0,PE,147.25,151.8,150.0,150.0,150.0,150.0,0.002039,0.000659,ws,ws,book_ladder,book_ladder,False,False,-2.75,1.8,65,295.75,strategy_S9-149__TYPE_F:NIFTY:2026-04-20T10:20:40:SHORT
2026-04-20,10:22:10,2026-04-20,10:22:40,NIFTY,BUY,TYPE_F,BOOK_ENTRY_1,BOOK_EXIT_1,24384.4,24389.3,NIFTY21APR2624350CE,24350.0,CE,150.35,149.9,155.0,145.0,155.0,145.0,0.002331,0.002332,ws,ws,book_ladder,book_ladder,False,False,-4.65,4.9,65,-29.25,strategy_S9-149__TYPE_F:NIFTY:2026-04-20T10:22:10:LONG
2026-04-20,10:23:01,2026-04-20,10:24:41,NIFTY,BUY,TYPE_F,BOOK_ENTRY_1,BOOK_EXIT_1,24391.45,24402.2,NIFTY21APR2624350CE,24350.0,CE,152.6,159.25,155.0,155.0,155.0,155.0,0.002296,0.002822,ws,ws,book_ladder,book_ladder,False,False,-2.4,4.25,65,432.25,strategy_S9-149__TYPE_F:NIFTY:2026-04-20T10:23:01:LONG
2026-04-20,10:25:06,2026-04-20,10:25:39,NIFTY,SELL,TYPE_F,BOOK_ENTRY_1,BOOK_EXIT_1,24396.95,24392.3,NIFTY21APR2624400PE,24400.0,PE,144.75,146.75,145.0,145.0,145.0,145.0,0.002421,0.002382,ws,ws,book_ladder,book_ladder,False,False,-0.25,1.75,65,130.0,strategy_S9-149__TYPE_F:NIFTY:2026-04-20T10:25:06:SHORT
2026-04-20,10:25:57,2026-04-20,10:26:40,NIFTY,BUY,TYPE_F,BOOK_ENTRY_1,BOOK_EXIT_1,24399.2,24402.2,NIFTY21APR2624350CE,24350.0,CE,155.9,158.0,160.0,155.0,160.0,155.0,0.001926,0.002528,ws,ws,book_ladder,book_ladder,False,False,-4.1,3.0,65,136.5,strategy_S9-149__TYPE_F:NIFTY:2026-04-20T10:25:57:LONG
2026-04-20,10:27:26,2026-04-20,10:27:51,NIFTY,SELL,TYPE_F,BOOK_ENTRY_1,BOOK_EXIT_1,24399.6,24399.5,NIFTY21APR2624400PE,24400.0,PE,140.65,143.55,145.0,140.0,145.0,140.0,0.001779,0.002435,ws,ws,book_ladder,book_ladder,False,False,-4.35,3.55,65,188.5,strategy_S9-149__TYPE_F:NIFTY:2026-04-20T10:27:26:SHORT
2026-04-20,10:28:31,2026-04-20,10:28:54,NIFTY,BUY,TYPE_F,BOOK_ENTRY_1,BOOK_EXIT_1,24402.25,24409.15,NIFTY21APR2624400CE,24400.0,CE,132.65,134.05,135.0,130.0,135.0,130.0,0.002642,0.002608,ws,ws,book_ladder,book_ladder,False,False,-2.35,4.05,65,91.0,strategy_S9-149__TYPE_F:NIFTY:2026-04-20T10:28:31:LONG
2026-04-20,10:29:53,2026-04-20,10:30:36,NIFTY,BUY,TYPE_F,BOOK_ENTRY_1,BOOK_EXIT_1,24410.6,24422.5,NIFTY21APR2624400CE,24400.0,CE,132.75,148.35,135.0,145.0,135.0,145.0,0.00264,0.001347,ws,ws,book_ladder,book_ladder,False,False,-2.25,3.35,65,1014.0,strategy_S9-149__TYPE_F:NIFTY:2026-04-20T10:29:53:LONG
2026-04-20,10:31:12,2026-04-20,10:31:34,NIFTY,BUY,TYPE_F,BOOK_ENTRY_1,BOOK_EXIT_1,24428.7,24428.0,NIFTY21APR2624400CE,24400.0,CE,150.8,150.45,155.0,150.0,155.0,150.0,0.001991,0.002324,ws,ws,book_ladder,book_ladder,False,False,-4.2,0.45,65,-22.75,strategy_S9-149__TYPE_F:NIFTY:2026-04-20T10:31:12:LONG
2026-04-20,10:31:45,2026-04-20,10:31:51,NIFTY,SELL,TYPE_F,BOOK_ENTRY_1,BOOK_EXIT_1,24426.25,24427.9,NIFTY21APR2624450PE,24450.0,PE,151.8,149.25,155.0,145.0,155.0,145.0,0.000989,0.002342,ws,ws,book_ladder,book_ladder,False,False,-3.2,4.25,65,-165.75,strategy_S9-149__TYPE_F:NIFTY:2026-04-20T10:31:45:SHORT
2026-04-20,10:32:10,2026-04-20,10:32:46,NIFTY,BUY,TYPE_F,BOOK_ENTRY_1,BOOK_EXIT_1,24433.65,24438.2,NIFTY21APR2624400CE,24400.0,CE,154.0,157.1,155.0,155.0,155.0,155.0,0.002275,0.001908,ws,ws,book_ladder,book_ladder,False,False,-1.0,2.1,65,201.5,strategy_S9-149__TYPE_F:NIFTY:2026-04-20T10:32:10:LONG
2026-04-20,10:33:18,2026-04-20,10:33:42,NIFTY,SELL,TYPE_F,BOOK_ENTRY_1,BOOK_EXIT_1,24434.95,24434.05,NIFTY21APR2624450PE,24450.0,PE,146.75,147.7,150.0,145.0,150.0,145.0,0.002388,0.002029,ws,ws,book_ladder,book_ladder,False,False,-3.25,2.7,65,61.75,strategy_S9-149__TYPE_F:NIFTY:2026-04-20T10:33:18:SHORT
2026-04-20,10:34:40,2026-04-20,10:34:56,NIFTY,SELL,TYPE_F,BOOK_ENTRY_1,BOOK_EXIT_1,24431.8,24427.75,NIFTY21APR2624450PE,24450.0,PE,148.15,148.75,150.0,145.0,150.0,145.0,0.001689,0.002685,ws,ws,book_ladder,book_ladder,False,False,-1.85,3.75,65,39.0,strategy_S9-149__TYPE_F:NIFTY:2026-04-20T10:34:40:SHORT
2026-04-20,10:35:17,2026-04-20,10:35:54,NIFTY,BUY,TYPE_F,BOOK_ENTRY_1,BOOK_EXIT_1,24432.95,24433.7,NIFTY21APR2624400CE,24400.0,CE,154.2,153.5,155.0,150.0,155.0,150.0,0.000973,0.001952,ws,ws,book_ladder,book_ladder,False,False,-0.8,3.5,65,-45.5,strategy_S9-149__TYPE_F:NIFTY:2026-04-20T10:35:17:LONG
2026-04-20,10:37:27,2026-04-20,10:37:49,NIFTY,BUY,TYPE_F,BOOK_ENTRY_1,BOOK_EXIT_1,24437.9,24438.05,NIFTY21APR2624400CE,24400.0,CE,155.0,154.25,155.0,150.0,155.0,150.0,0.002584,0.001619,ws,ws,book_ladder,book_ladder,False,False,0.0,4.25,65,-48.75,strategy_S9-149__TYPE_F:NIFTY:2026-04-20T10:37:27:LONG
2026-04-20,10:38:08,2026-04-20,10:38:12,NIFTY,SELL,TYPE_F,BOOK_ENTRY_1,BOOK_EXIT_1,24435.3,24438.0,NIFTY21APR2624450PE,24450.0,PE,146.35,145.45,150.0,145.0,150.0,145.0,0.00171,0.001717,ws,ws,book_ladder,book_ladder,False,False,-3.65,0.45,65,-58.5,strategy_S9-149__TYPE_F:NIFTY:2026-04-20T10:38:08:SHORT
2026-04-20,10:38:24,2026-04-20,10:38:37,NIFTY,SELL,TYPE_F,BOOK_ENTRY_1,BOOK_EXIT_1,24435.15,24434.85,NIFTY21APR2624450PE,24450.0,PE,146.7,147.0,150.0,145.0,150.0,145.0,0.001706,0.002039,ws,ws,book_ladder,book_ladder,False,False,-3.3,2.0,65,19.5,strategy_S9-149__TYPE_F:NIFTY:2026-04-20T10:38:24:SHORT
2026-04-20,10:38:42,2026-04-20,10:39:20,NIFTY,SELL,TYPE_F,BOOK_ENTRY_1,BOOK_EXIT_1,24430.75,24423.8,NIFTY21APR2624450PE,24450.0,PE,149.3,151.45,150.0,150.0,150.0,150.0,0.001676,0.002308,ws,ws,book_ladder,book_ladder,False,False,-0.7,1.45,65,139.75,strategy_S9-149__TYPE_F:NIFTY:2026-04-20T10:38:42:SHORT
2026-04-20,10:39:31,2026-04-20,10:39:50,NIFTY,BUY,TYPE_F,BOOK_ENTRY_1,BOOK_EXIT_1,24428.35,24430.1,NIFTY21APR2624400CE,24400.0,CE,149.7,150.1,150.0,150.0,150.0,150.0,0.002676,0.001997,ws,ws,book_ladder,book_ladder,False,False,-0.3,0.1,65,26.0,strategy_S9-149__TYPE_F:NIFTY:2026-04-20T10:39:31:LONG
2026-04-20,10:40:01,2026-04-20,10:41:10,NIFTY,BUY,TYPE_F,BOOK_ENTRY_1,BOOK_EXIT_1,24434.45,24445.0,NIFTY21APR2624400CE,24400.0,CE,150.9,156.0,155.0,155.0,155.0,155.0,0.00199,0.000961,ws,ws,book_ladder,book_ladder,False,False,-4.1,1.0,65,331.5,strategy_S9-149__TYPE_F:NIFTY:2026-04-20T10:40:01:LONG
2026-04-20,10:41:39,2026-04-20,10:41:49,NIFTY,SELL,TYPE_F,BOOK_ENTRY_1,BOOK_EXIT_1,24443.1,24444.55,NIFTY21APR2624450PE,24450.0,PE,144.95,143.4,145.0,140.0,145.0,140.0,0.001726,0.00209,ws,ws,book_ladder,book_ladder,False,False,-0.05,3.4,65,-100.75,strategy_S9-149__TYPE_F:NIFTY:2026-04-20T10:41:39:SHORT
2026-04-20,10:42:10,2026-04-20,10:42:57,NIFTY,SELL,TYPE_F,BOOK_ENTRY_1,BOOK_EXIT_1,24443.05,24439.8,NIFTY21APR2624450PE,24450.0,PE,143.3,144.15,145.0,140.0,145.0,140.0,0.002096,0.001733,ws,ws,book_ladder,book_ladder,False,False,-1.7,4.15,65,55.25,strategy_S9-149__TYPE_F:NIFTY:2026-04-20T10:42:10:SHORT
2026-04-20,10:43:11,2026-04-20,10:43:27,NIFTY,SELL,TYPE_F,BOOK_ENTRY_1,BOOK_EXIT_1,24436.9,24438.9,NIFTY21APR2624450PE,24450.0,PE,144.9,144.55,145.0,140.0,145.0,140.0,0.000345,0.002418,ws,ws,book_ladder,book_ladder,False,False,-0.1,4.55,65,-22.75,strategy_S9-149__TYPE_F:NIFTY:2026-04-20T10:43:11:SHORT
2026-04-20,10:44:01,2026-04-20,10:44:46,NIFTY,BUY,TYPE_F,BOOK_ENTRY_1,BOOK_EXIT_1,24442.05,24444.1,NIFTY21APR2624400CE,24400.0,CE,154.45,155.0,155.0,155.0,155.0,155.0,0.00162,0.001612,ws,ws,book_ladder,book_ladder,False,False,-0.55,0.0,65,35.75,strategy_S9-149__TYPE_F:NIFTY:2026-04-20T10:44:01:LONG
2026-04-20,10:44:54,2026-04-20,10:45:22,NIFTY,SELL,TYPE_F,BOOK_ENTRY_1,BOOK_EXIT_1,24440.3,24434.8,NIFTY21APR2624450PE,24450.0,PE,141.3,144.0,145.0,140.0,145.0,140.0,0.002125,0.001735,ws,ws,book_ladder,book_ladder,False,False,-3.7,4.0,65,175.5,strategy_S9-149__TYPE_F:NIFTY:2026-04-20T10:44:54:SHORT
2026-04-20,10:45:30,2026-04-20,10:46:11,NIFTY,SELL,TYPE_F,BOOK_ENTRY_1,BOOK_EXIT_1,24432.5,24426.25,NIFTY21APR2624450PE,24450.0,PE,145.55,148.4,150.0,145.0,150.0,145.0,0.002408,0.00202,ws,ws,book_ladder,book_ladder,False,False,-4.45,3.4,65,185.25,strategy_S9-149__TYPE_F:NIFTY:2026-04-20T10:45:30:SHORT
2026-04-20,10:46:32,2026-04-20,10:46:55,NIFTY,SELL,TYPE_F,BOOK_ENTRY_1,BOOK_EXIT_1,24420.2,24420.05,NIFTY21APR2624450PE,24450.0,PE,150.9,151.65,155.0,150.0,155.0,150.0,0.00199,0.002305,ws,ws,book_ladder,book_ladder,False,False,-4.1,1.65,65,48.75,strategy_S9-149__TYPE_F:NIFTY:2026-04-20T10:46:32:SHORT
2026-04-20,10:47:21,2026-04-20,10:47:57,NIFTY,BUY,TYPE_F,BOOK_ENTRY_1,BOOK_EXIT_1,24425.0,24429.55,NIFTY21APR2624400CE,24400.0,CE,145.9,148.9,150.0,145.0,150.0,145.0,0.002058,0.002348,ws,ws,book_ladder,book_ladder,False,False,-4.1,3.9,65,195.0,strategy_S9-149__TYPE_F:NIFTY:2026-04-20T10:47:21:LONG
2026-04-20,10:48:01,2026-04-20,10:48:15,NIFTY,BUY,TYPE_F,BOOK_ENTRY_1,BOOK_EXIT_1,24432.5,24431.25,NIFTY21APR2624400CE,24400.0,CE,150.6,150.05,155.0,150.0,155.0,150.0,0.002327,0.000999,ws,ws,book_ladder,book_ladder,False,False,-4.4,0.05,65,-35.75,strategy_S9-149__TYPE_F:NIFTY:2026-04-20T10:48:01:LONG
2026-04-20,10:49:41,2026-04-20,10:49:57,NIFTY,SELL,TYPE_F,BOOK_ENTRY_1,BOOK_EXIT_1,24427.55,24430.85,NIFTY21APR2624450PE,24450.0,PE,149.4,148.45,150.0,145.0,150.0,145.0,0.00201,0.002019,ws,ws,book_ladder,book_ladder,False,False,-0.6,3.45,65,-61.75,strategy_S9-149__TYPE_F:NIFTY:2026-04-20T10:49:41:SHORT
2026-04-20,10:50:20,2026-04-20,10:51:01,NIFTY,SELL,TYPE_F,BOOK_ENTRY_1,BOOK_EXIT_1,24426.7,24420.7,NIFTY21APR2624450PE,24450.0,PE,149.75,153.2,150.0,150.0,150.0,150.0,0.002675,0.002282,ws,ws,book_ladder,book_ladder,False,False,-0.25,3.2,65,224.25,strategy_S9-149__TYPE_F:NIFTY:2026-04-20T10:50:20:SHORT
2026-04-20,10:51:37,2026-04-20,10:52:02,NIFTY,SELL,TYPE_F,BOOK_ENTRY_1,BOOK_EXIT_1,24414.55,24413.45,NIFTY21APR2624450PE,24450.0,PE,155.9,155.35,160.0,155.0,160.0,155.0,0.002569,0.002572,ws,ws,book_ladder,book_ladder,False,False,-4.1,0.35,65,-35.75,strategy_S9-149__TYPE_F:NIFTY:2026-04-20T10:51:37:SHORT
2026-04-20,10:52:19,2026-04-20,10:52:41,NIFTY,BUY,TYPE_F,BOOK_ENTRY_1,BOOK_EXIT_1,24419.7,24422.65,NIFTY21APR2624400CE,24400.0,CE,144.75,146.1,145.0,145.0,145.0,145.0,0.002421,0.00171,ws,ws,book_ladder,book_ladder,False,False,-0.25,1.1,65,87.75,strategy_S9-149__TYPE_F:NIFTY:2026-04-20T10:52:19:LONG
2026-04-20,10:53:12,2026-04-20,10:53:22,NIFTY,BUY,TYPE_F,BOOK_ENTRY_1,BOOK_EXIT_1,24422.95,24421.7,NIFTY21APR2624400CE,24400.0,CE,146.3,145.7,150.0,145.0,150.0,145.0,0.002053,0.001714,ws,ws,book_ladder,book_ladder,False,False,-3.7,0.7,65,-39.0,strategy_S9-149__TYPE_F:NIFTY:2026-04-20T10:53:12:LONG
2026-04-20,10:53:42,2026-04-20,10:53:50,NIFTY,BUY,TYPE_F,BOOK_ENTRY_1,BOOK_EXIT_1,24424.95,24422.1,NIFTY21APR2624400CE,24400.0,CE,146.05,145.0,150.0,145.0,150.0,145.0,0.002399,0.002067,ws,ws,book_ladder,book_ladder,False,False,-3.95,0.0,65,-68.25,strategy_S9-149__TYPE_F:NIFTY:2026-04-20T10:53:42:LONG
2026-04-20,10:54:07,2026-04-20,10:54:10,NIFTY,BUY,TYPE_F,BOOK_ENTRY_1,BOOK_EXIT_1,24426.5,24424.65,NIFTY21APR2624400CE,24400.0,CE,148.85,148.1,150.0,145.0,150.0,145.0,0.002354,0.002697,ws,ws,book_ladder,book_ladder,False,False,-1.15,3.1,65,-48.75,strategy_S9-149__TYPE_F:NIFTY:2026-04-20T10:54:07:LONG
2026-04-20,10:54:40,2026-04-20,10:54:50,NIFTY,SELL,TYPE_F,BOOK_ENTRY_1,BOOK_EXIT_1,24422.4,24423.8,NIFTY21APR2624450PE,24450.0,PE,151.55,151.4,155.0,150.0,155.0,150.0,0.001321,0.002639,ws,ws,book_ladder,book_ladder,False,False,-3.45,1.4,65,-9.75,strategy_S9-149__TYPE_F:NIFTY:2026-04-20T10:54:40:SHORT
2026-04-20,10:55:01,2026-04-20,10:55:07,NIFTY,BUY,TYPE_F,BOOK_ENTRY_1,BOOK_EXIT_1,24426.05,24422.4,NIFTY21APR2624400CE,24400.0,CE,146.95,144.1,150.0,140.0,150.0,140.0,0.002044,0.001733,ws,ws,book_ladder,book_ladder,False,False,-3.05,4.1,65,-185.25,strategy_S9-149__TYPE_F:NIFTY:2026-04-20T10:55:01:LONG
2026-04-20,10:55:13,2026-04-20,10:55:38,NIFTY,SELL,TYPE_F,BOOK_ENTRY_1,BOOK_EXIT_1,24421.35,24421.0,NIFTY21APR2624450PE,24450.0,PE,153.25,153.4,155.0,150.0,155.0,150.0,0.001633,0.002604,ws,ws,book_ladder,book_ladder,False,False,-1.75,3.4,65,9.75,strategy_S9-149__TYPE_F:NIFTY:2026-04-20T10:55:13:SHORT
2026-04-20,10:55:51,2026-04-20,10:56:06,NIFTY,SELL,TYPE_F,BOOK_ENTRY_1,BOOK_EXIT_1,24418.4,24419.35,NIFTY21APR2624450PE,24450.0,PE,154.9,154.5,155.0,150.0,155.0,150.0,0.001615,0.002263,ws,ws,book_ladder,book_ladder,False,False,-0.1,4.5,65,-26.0,strategy_S9-149__TYPE_F:NIFTY:2026-04-20T10:55:51:SHORT
2026-04-20,10:56:34,2026-04-20,10:56:50,NIFTY,SELL,TYPE_F,BOOK_ENTRY_1,BOOK_EXIT_1,24417.65,24419.45,NIFTY21APR2624450PE,24450.0,PE,155.65,155.0,160.0,155.0,160.0,155.0,0.002251,0.001289,ws,ws,book_ladder,book_ladder,False,False,-4.35,0.0,65,-42.25,strategy_S9-149__TYPE_F:NIFTY:2026-04-20T10:56:34:SHORT
2026-04-20,10:57:01,2026-04-20,10:57:25,NIFTY,BUY,TYPE_F,BOOK_ENTRY_1,BOOK_EXIT_1,24421.4,24425.7,NIFTY21APR2624400CE,24400.0,CE,144.35,146.5,145.0,145.0,145.0,145.0,0.002428,0.002386,ws,ws,book_ladder,book_ladder,False,False,-0.65,1.5,65,139.75,strategy_S9-149__TYPE_F:NIFTY:2026-04-20T10:57:01:LONG
2026-04-20,10:58:16,2026-04-20,10:58:45,NIFTY,BUY,TYPE_F,BOOK_ENTRY_1,BOOK_EXIT_1,24428.9,24429.1,NIFTY21APR2624400CE,24400.0,CE,147.95,148.7,150.0,145.0,150.0,145.0,0.001014,0.002351,ws,ws,book_ladder,book_ladder,False,False,-2.05,3.7,65,48.75,strategy_S9-149__TYPE_F:NIFTY:2026-04-20T10:58:16:LONG
2026-04-20,10:59:06,2026-04-20,10:59:17,NIFTY,BUY,TYPE_F,BOOK_ENTRY_1,BOOK_EXIT_1,24431.9,24428.95,NIFTY21APR2624400CE,24400.0,CE,149.05,148.7,150.0,145.0,150.0,145.0,0.002015,0.002015,ws,ws,book_ladder,book_ladder,False,False,-0.95,3.7,65,-22.75,strategy_S9-149__TYPE_F:NIFTY:2026-04-20T10:59:06:LONG
2026-04-20,11:00:12,2026-04-20,11:00:20,NIFTY,BUY,TYPE_F,BOOK_ENTRY_1,BOOK_EXIT_1,24431.8,24430.7,NIFTY21APR2624400CE,24400.0,CE,147.5,148.2,150.0,145.0,150.0,145.0,0.002036,0.002695,ws,ws,book_ladder,book_ladder,False,False,-2.5,3.2,65,45.5,strategy_S9-149__TYPE_F:NIFTY:2026-04-20T11:00:12:LONG
2026-04-20,11:02:41,2026-04-20,11:02:55,NIFTY,SELL,TYPE_F,BOOK_ENTRY_1,BOOK_EXIT_1,24418.3,24417.8,NIFTY21APR2624450PE,24450.0,PE,153.75,154.5,155.0,150.0,155.0,150.0,0.002279,0.002263,ws,ws,book_ladder,book_ladder,False,False,-1.25,4.5,65,48.75,strategy_S9-149__TYPE_F:NIFTY:2026-04-20T11:02:41:SHORT
2026-04-20,11:03:40,2026-04-20,11:04:30,NIFTY,BUY,TYPE_F,BOOK_ENTRY_1,BOOK_EXIT_1,24421.1,24426.4,NIFTY21APR2624400CE,24400.0,CE,145.1,147.4,150.0,145.0,150.0,145.0,0.001034,0.002372,ws,ws,book_ladder,book_ladder,False,False,-4.9,2.4,65,149.5,strategy_S9-149__TYPE_F:NIFTY:2026-04-20T11:03:40:LONG
2026-04-20,11:05:40,2026-04-20,11:05:54,NIFTY,SELL,TYPE_F,BOOK_ENTRY_1,BOOK_EXIT_1,24431.7,24433.0,NIFTY21APR2624450PE,24450.0,PE,148.15,146.15,150.0,145.0,150.0,145.0,0.001013,0.001368,ws,ws,book_ladder,book_ladder,False,False,-1.85,1.15,65,-130.0,strategy_S9-149__TYPE_F:NIFTY:2026-04-20T11:05:40:SHORT
2026-04-20,11:06:01,2026-04-20,11:06:33,NIFTY,BUY,TYPE_F,BOOK_ENTRY_1,BOOK_EXIT_1,24435.45,24437.35,NIFTY21APR2624400CE,24400.0,CE,154.75,153.55,155.0,150.0,155.0,150.0,0.002588,0.002277,ws,ws,book_ladder,book_ladder,False,False,-0.25,3.55,65,-78.0,strategy_S9-149__TYPE_F:NIFTY:2026-04-20T11:06:01:LONG
2026-04-20,11:06:40,2026-04-20,11:07:06,NIFTY,SELL,TYPE_F,BOOK_ENTRY_1,BOOK_EXIT_1,24433.2,24426.55,NIFTY21APR2624450PE,24450.0,PE,147.7,148.65,150.0,145.0,150.0,145.0,0.002033,0.001345,ws,ws,book_ladder,book_ladder,False,False,-2.3,3.65,65,61.75,strategy_S9-149__TYPE_F:NIFTY:2026-04-20T11:06:40:SHORT
2026-04-20,11:07:25,2026-04-20,11:07:41,NIFTY,SELL,TYPE_F,BOOK_ENTRY_1,BOOK_EXIT_1,24425.8,24427.65,NIFTY21APR2624450PE,24450.0,PE,149.75,148.65,150.0,145.0,150.0,145.0,0.002005,0.00168,ws,ws,book_ladder,book_ladder,False,False,-0.25,3.65,65,-71.5,strategy_S9-149__TYPE_F:NIFTY:2026-04-20T11:07:25:SHORT
2026-04-20,11:08:43,2026-04-20,11:08:45,NIFTY,SELL,TYPE_F,BOOK_ENTRY_1,BOOK_EXIT_1,24424.9,24425.85,NIFTY21APR2624450PE,24450.0,PE,151.3,151.55,155.0,150.0,155.0,150.0,0.001323,0.000989,ws,ws,book_ladder,book_ladder,False,False,-3.7,1.55,65,16.25,strategy_S9-149__TYPE_F:NIFTY:2026-04-20T11:08:43:SHORT
2026-04-20,11:08:51,2026-04-20,11:10:06,NIFTY,SELL,TYPE_F,BOOK_ENTRY_1,BOOK_EXIT_1,24423.7,24407.85,NIFTY21APR2624450PE,24450.0,PE,153.3,158.9,155.0,155.0,155.0,155.0,0.001305,0.002828,ws,ws,book_ladder,book_ladder,False,False,-1.7,3.9,65,364.0,strategy_S9-149__TYPE_F:NIFTY:2026-04-20T11:08:51:SHORT
2026-04-20,11:10:17,2026-04-20,11:10:26,NIFTY,SELL,TYPE_F,BOOK_ENTRY_1,BOOK_EXIT_1,24403.3,24399.35,NIFTY21APR2624450PE,24450.0,PE,162.85,162.35,165.0,160.0,165.0,160.0,0.001844,0.002461,ws,ws,book_ladder,book_ladder,False,False,-2.15,2.35,65,-32.5,strategy_S9-149__TYPE_F:NIFTY:2026-04-20T11:10:17:SHORT
2026-04-20,11:10:40,2026-04-20,11:11:11,NIFTY,BUY,TYPE_F,BOOK_ENTRY_1,BOOK_EXIT_1,24405.15,24406.7,NIFTY21APR2624400CE,24400.0,CE,138.4,137.95,140.0,135.0,140.0,135.0,0.00217,0.001811,ws,ws,book_ladder,book_ladder,False,False,-1.6,2.95,65,-29.25,strategy_S9-149__TYPE_F:NIFTY:2026-04-20T11:10:40:LONG
2026-04-20,11:11:46,2026-04-20,11:11:52,NIFTY,BUY,TYPE_F,BOOK_ENTRY_1,BOOK_EXIT_1,24411.3,24407.65,NIFTY21APR2624400CE,24400.0,CE,141.0,139.55,145.0,135.0,145.0,135.0,0.001419,0.002147,ws,ws,book_ladder,book_ladder,False,False,-4.0,4.55,65,-94.25,strategy_S9-149__TYPE_F:NIFTY:2026-04-20T11:11:46:LONG
2026-04-20,11:12:05,2026-04-20,11:12:41,NIFTY,BUY,TYPE_F,BOOK_ENTRY_1,BOOK_EXIT_1,24411.7,24416.3,NIFTY21APR2624400CE,24400.0,CE,141.15,142.05,145.0,140.0,145.0,140.0,0.001773,0.002461,ws,ws,book_ladder,book_ladder,False,False,-3.85,2.05,65,58.5,strategy_S9-149__TYPE_F:NIFTY:2026-04-20T11:12:05:LONG
2026-04-20,11:13:30,2026-04-20,11:13:35,NIFTY,SELL,TYPE_F,BOOK_ENTRY_1,BOOK_EXIT_2,24413.7,24416.2,NIFTY21APR2624450PE,24450.0,PE,157.2,154.95,160.0,155.0,160.0,150.0,0.002229,0.002578,ws,ws,book_ladder,book_ladder,False,True,-2.8,-0.05,65,-146.25,strategy_S9-149__TYPE_F:NIFTY:2026-04-20T11:13:30:SHORT
2026-04-20,11:14:50,2026-04-20,11:15:05,NIFTY,SELL,TYPE_F,BOOK_ENTRY_1,BOOK_EXIT_1,24410.65,24409.9,NIFTY21APR2624450PE,24450.0,PE,159.85,157.85,160.0,155.0,160.0,155.0,0.002192,0.001899,ws,ws,book_ladder,book_ladder,False,False,-0.15,2.85,65,-130.0,strategy_S9-149__TYPE_F:NIFTY:2026-04-20T11:14:50:SHORT
2026-04-20,11:15:27,2026-04-20,11:16:27,NIFTY,BUY,TYPE_F,BOOK_ENTRY_1,BOOK_EXIT_1,24413.1,24426.1,NIFTY21APR2624400CE,24400.0,CE,139.6,146.05,140.0,145.0,140.0,145.0,0.00251,0.002052,ws,ws,book_ladder,book_ladder,False,False,-0.4,1.05,65,419.25,strategy_S9-149__TYPE_F:NIFTY:2026-04-20T11:15:27:LONG
2026-04-20,11:16:50,2026-04-20,11:17:35,NIFTY,SELL,TYPE_F,BOOK_ENTRY_1,BOOK_EXIT_1,24423.5,24419.6,NIFTY21APR2624450PE,24450.0,PE,152.5,153.75,155.0,150.0,155.0,150.0,0.002298,0.001949,ws,ws,book_ladder,book_ladder,False,False,-2.5,3.75,65,81.25,strategy_S9-149__TYPE_F:NIFTY:2026-04-20T11:16:50:SHORT
2026-04-20,11:17:56,2026-04-20,11:18:19,NIFTY,BUY,TYPE_F,BOOK_ENTRY_1,BOOK_EXIT_1,24423.8,24424.3,NIFTY21APR2624400CE,24400.0,CE,146.6,146.3,150.0,145.0,150.0,145.0,0.00239,0.000683,ws,ws,book_ladder,book_ladder,False,False,-3.4,1.3,65,-19.5,strategy_S9-149__TYPE_F:NIFTY:2026-04-20T11:17:56:LONG
2026-04-20,11:18:42,2026-04-20,11:18:59,NIFTY,BUY,TYPE_F,BOOK_ENTRY_1,BOOK_EXIT_1,24428.65,24430.75,NIFTY21APR2624400CE,24400.0,CE,149.7,150.0,150.0,150.0,150.0,150.0,0.001337,0.002331,ws,ws,book_ladder,book_ladder,False,False,-0.3,0.0,65,19.5,strategy_S9-149__TYPE_F:NIFTY:2026-04-20T11:18:42:LONG
2026-04-20,11:19:25,2026-04-20,11:19:51,NIFTY,SELL,TYPE_F,BOOK_ENTRY_1,BOOK_EXIT_1,24425.95,24425.7,NIFTY21APR2624450PE,24450.0,PE,150.85,150.85,155.0,150.0,155.0,150.0,0.001991,0.002648,ws,ws,book_ladder,book_ladder,False,False,-4.15,0.85,65,0.0,strategy_S9-149__TYPE_F:NIFTY:2026-04-20T11:19:25:SHORT
2026-04-20,11:20:12,2026-04-20,11:20:37,NIFTY,BUY,TYPE_F,BOOK_ENTRY_1,BOOK_EXIT_1,24428.5,24428.0,NIFTY21APR2624400CE,24400.0,CE,148.55,147.7,150.0,145.0,150.0,145.0,0.002022,0.001691,ws,ws,book_ladder,book_ladder,False,False,-1.45,2.7,65,-55.25,strategy_S9-149__TYPE_F:NIFTY:2026-04-20T11:20:12:LONG
2026-04-20,11:20:56,2026-04-20,11:21:10,NIFTY,BUY,TYPE_F,BOOK_ENTRY_1,BOOK_EXIT_1,24429.95,24429.75,NIFTY21APR2624400CE,24400.0,CE,150.4,148.7,155.0,145.0,155.0,145.0,0.00233,0.002015,ws,ws,book_ladder,book_ladder,False,False,-4.6,3.7,65,-110.5,strategy_S9-149__TYPE_F:NIFTY:2026-04-20T11:20:56:LONG
2026-04-20,11:21:53,2026-04-20,11:22:11,NIFTY,BUY,TYPE_F,BOOK_ENTRY_1,BOOK_EXIT_1,24434.85,24435.4,NIFTY21APR2624400CE,24400.0,CE,152.95,151.85,155.0,150.0,155.0,150.0,0.001963,0.001645,ws,ws,book_ladder,book_ladder,False,False,-2.05,1.85,65,-71.5,strategy_S9-149__TYPE_F:NIFTY:2026-04-20T11:21:53:LONG
2026-04-20,11:22:30,2026-04-20,11:22:42,NIFTY,SELL,TYPE_F,BOOK_ENTRY_1,BOOK_EXIT_1,24429.95,24431.45,NIFTY21APR2624450PE,24450.0,PE,148.9,147.55,150.0,145.0,150.0,145.0,0.002353,0.002369,ws,ws,book_ladder,book_ladder,False,False,-1.1,2.55,65,-87.75,strategy_S9-149__TYPE_F:NIFTY:2026-04-20T11:22:30:SHORT
2026-04-20,11:23:00,2026-04-20,11:25:08,NIFTY,BUY,TYPE_F,BOOK_ENTRY_1,BOOK_EXIT_1,24433.05,24453.55,NIFTY21APR2624400CE,24400.0,CE,152.45,165.0,155.0,165.0,155.0,165.0,0.002298,0.000909,ws,ws,book_ladder,book_ladder,False,False,-2.55,0.0,65,815.75,strategy_S9-149__TYPE_F:NIFTY:2026-04-20T11:23:00:LONG
2026-04-20,11:25:28,2026-04-20,11:25:45,NIFTY,BUY,TYPE_F,BOOK_ENTRY_1,BOOK_EXIT_1,24457.3,24460.15,NIFTY21APR2624450CE,24450.0,CE,138.95,139.7,140.0,135.0,140.0,135.0,0.00144,0.002145,ws,ws,book_ladder,book_ladder,False,False,-1.05,4.7,65,48.75,strategy_S9-149__TYPE_F:NIFTY:2026-04-20T11:25:28:LONG
2026-04-20,11:26:20,2026-04-20,11:26:25,NIFTY,BUY,TYPE_F,BOOK_ENTRY_1,BOOK_EXIT_1,24462.9,24461.15,NIFTY21APR2624450CE,24450.0,CE,140.8,139.8,145.0,135.0,145.0,135.0,0.002133,0.0025,ws,ws,book_ladder,book_ladder,False,False,-4.2,4.8,65,-65.0,strategy_S9-149__TYPE_F:NIFTY:2026-04-20T11:26:20:LONG
2026-04-20,11:26:40,2026-04-20,11:26:55,NIFTY,SELL,TYPE_F,BOOK_ENTRY_1,BOOK_EXIT_1,24458.85,24459.95,NIFTY21APR2624500PE,24500.0,PE,159.35,158.6,160.0,155.0,160.0,155.0,0.00157,0.00189,ws,ws,book_ladder,book_ladder,False,False,-0.65,3.6,65,-48.75,strategy_S9-149__TYPE_F:NIFTY:2026-04-20T11:26:40:SHORT
2026-04-20,11:27:14,2026-04-20,11:27:52,NIFTY,SELL,TYPE_F,BOOK_ENTRY_1,BOOK_EXIT_1,24458.35,24450.75,NIFTY21APR2624500PE,24500.0,PE,160.4,163.15,165.0,160.0,165.0,160.0,0.001872,0.002143,ws,ws,book_ladder,book_ladder,False,False,-4.6,3.15,65,178.75,strategy_S9-149__TYPE_F:NIFTY:2026-04-20T11:27:14:SHORT
2026-04-20,11:28:08,2026-04-20,11:28:21,NIFTY,BUY,TYPE_F,BOOK_ENTRY_1,BOOK_EXIT_1,24457.4,24457.35,NIFTY21APR2624450CE,24450.0,CE,138.75,139.0,140.0,135.0,140.0,135.0,0.002526,0.001438,ws,ws,book_ladder,book_ladder,False,False,-1.25,4.0,65,16.25,strategy_S9-149__TYPE_F:NIFTY:2026-04-20T11:28:08:LONG
2026-04-20,11:28:43,2026-04-20,11:29:00,NIFTY,BUY,TYPE_F,BOOK_ENTRY_1,BOOK_EXIT_1,24460.35,24458.75,NIFTY21APR2624450CE,24450.0,CE,140.25,139.15,145.0,135.0,145.0,135.0,0.001784,0.002512,ws,ws,book_ladder,book_ladder,False,False,-4.75,4.15,65,-71.5,strategy_S9-149__TYPE_F:NIFTY:2026-04-20T11:28:43:LONG
2026-04-20,11:30:12,2026-04-20,11:30:20,NIFTY,BUY,TYPE_F,BOOK_ENTRY_1,BOOK_EXIT_1,24467.3,24465.5,NIFTY21APR2624450CE,24450.0,CE,141.3,139.35,145.0,135.0,145.0,135.0,0.00248,0.002509,ws,ws,book_ladder,book_ladder,False,False,-3.7,4.35,65,-126.75,strategy_S9-149__TYPE_F:NIFTY:2026-04-20T11:30:12:LONG
2026-04-20,11:30:30,2026-04-20,11:30:54,NIFTY,SELL,TYPE_F,BOOK_ENTRY_1,BOOK_EXIT_1,24462.55,24462.8,NIFTY21APR2624500PE,24500.0,PE,157.2,155.6,160.0,155.0,160.0,155.0,0.001273,0.001285,ws,ws,book_ladder,book_ladder,False,False,-2.8,0.6,65,-104.0,strategy_S9-149__TYPE_F:NIFTY:2026-04-20T11:30:30:SHORT
2026-04-20,11:31:15,2026-04-20,11:31:49,NIFTY,SELL,TYPE_F,BOOK_ENTRY_1,BOOK_EXIT_1,24458.65,24453.75,NIFTY21APR2624500PE,24500.0,PE,158.25,158.65,160.0,155.0,160.0,155.0,0.002214,0.001575,ws,ws,book_ladder,book_ladder,False,False,-1.75,3.65,65,26.0,strategy_S9-149__TYPE_F:NIFTY:2026-04-20T11:31:15:SHORT
2026-04-20,11:32:31,2026-04-20,11:32:40,NIFTY,BUY,TYPE_F,BOOK_ENTRY_1,BOOK_EXIT_1,24455.25,24453.4,NIFTY21APR2624450CE,24450.0,CE,137.45,137.0,140.0,135.0,140.0,135.0,0.00182,0.001823,ws,ws,book_ladder,book_ladder,False,False,-2.55,2.0,65,-29.25,strategy_S9-149__TYPE_F:NIFTY:2026-04-20T11:32:31:LONG
2026-04-20,11:33:30,2026-04-20,11:33:35,NIFTY,SELL,TYPE_F,BOOK_ENTRY_1,BOOK_EXIT_1,24451.2,24452.7,NIFTY21APR2624500PE,24500.0,PE,156.9,156.35,160.0,155.0,160.0,155.0,0.000956,0.001278,ws,ws,book_ladder,book_ladder,False,False,-3.1,1.35,65,-35.75,strategy_S9-149__TYPE_F:NIFTY:2026-04-20T11:33:30:SHORT
2026-04-20,11:34:46,2026-04-20,11:34:51,NIFTY,BUY,TYPE_F,BOOK_ENTRY_1,BOOK_EXIT_1,24453.35,24451.5,NIFTY21APR2624450CE,24450.0,CE,135.0,133.7,135.0,130.0,135.0,130.0,0.002225,0.002241,ws,ws,book_ladder,book_ladder,False,False,0.0,3.7,65,-84.5,strategy_S9-149__TYPE_F:NIFTY:2026-04-20T11:34:46:LONG
2026-04-20,11:36:00,2026-04-20,11:36:20,NIFTY,BUY,TYPE_F,BOOK_ENTRY_1,BOOK_EXIT_1,24453.05,24454.0,NIFTY21APR2624450CE,24450.0,CE,132.45,136.15,135.0,135.0,135.0,135.0,0.002268,0.002201,ws,ws,book_ladder,book_ladder,False,False,-2.55,1.15,65,240.5,strategy_S9-149__TYPE_F:NIFTY:2026-04-20T11:36:00:LONG
2026-04-20,11:36:35,2026-04-20,11:36:55,NIFTY,SELL,TYPE_F,BOOK_ENTRY_1,BOOK_EXIT_1,24452.0,24449.55,NIFTY21APR2624500PE,24500.0,PE,158.0,159.7,160.0,155.0,160.0,155.0,0.001267,0.000626,ws,ws,book_ladder,book_ladder,False,False,-2.0,4.7,65,110.5,strategy_S9-149__TYPE_F:NIFTY:2026-04-20T11:36:35:SHORT
2026-04-20,11:37:30,2026-04-20,11:37:40,NIFTY,SELL,TYPE_F,BOOK_ENTRY_1,BOOK_EXIT_1,24448.6,24449.95,NIFTY21APR2624450PE,24450.0,PE,134.45,133.8,135.0,130.0,135.0,130.0,0.002607,0.00224,ws,ws,book_ladder,book_ladder,False,False,-0.55,3.8,65,-42.25,strategy_S9-149__TYPE_F:NIFTY:2026-04-20T11:37:30:SHORT
2026-04-20,11:37:59,2026-04-20,11:38:30,NIFTY,SELL,TYPE_F,BOOK_ENTRY_1,BOOK_EXIT_1,24448.0,24442.15,NIFTY21APR2624450PE,24450.0,PE,134.7,136.55,135.0,135.0,135.0,135.0,0.00223,0.00256,ws,ws,book_ladder,book_ladder,False,False,-0.3,1.55,65,120.25,strategy_S9-149__TYPE_F:NIFTY:2026-04-20T11:37:59:SHORT
2026-04-20,11:38:42,2026-04-20,11:39:37,NIFTY,BUY,TYPE_F,BOOK_ENTRY_1,BOOK_EXIT_1,24446.55,24454.65,NIFTY21APR2624400CE,24400.0,CE,161.25,163.65,165.0,160.0,165.0,160.0,0.00062,0.001526,ws,ws,book_ladder,book_ladder,False,False,-3.75,3.65,65,156.0,strategy_S9-149__TYPE_F:NIFTY:2026-04-20T11:38:42:LONG
2026-04-20,11:39:50,2026-04-20,11:40:32,NIFTY,BUY,TYPE_F,BOOK_ENTRY_1,BOOK_EXIT_1,24457.1,24458.1,NIFTY21APR2624450CE,24450.0,CE,136.15,137.0,140.0,135.0,140.0,135.0,0.000735,0.002187,ws,ws,book_ladder,book_ladder,False,False,-3.85,2.0,65,55.25,strategy_S9-149__TYPE_F:NIFTY:2026-04-20T11:39:50:LONG
2026-04-20,11:40:45,2026-04-20,11:40:53,NIFTY,SELL,TYPE_F,BOOK_ENTRY_1,BOOK_EXIT_1,24457.35,24459.1,NIFTY21APR2624500PE,24500.0,PE,159.0,155.7,160.0,155.0,160.0,155.0,0.001889,0.001925,ws,ws,book_ladder,book_ladder,False,False,-1.0,0.7,65,-214.5,strategy_S9-149__TYPE_F:NIFTY:2026-04-20T11:40:45:SHORT
2026-04-20,11:41:01,2026-04-20,11:41:06,NIFTY,BUY,TYPE_F,BOOK_ENTRY_1,BOOK_EXIT_1,24461.5,24458.9,NIFTY21APR2624450CE,24450.0,CE,138.2,136.1,140.0,135.0,140.0,135.0,0.001448,0.001835,ws,ws,book_ladder,book_ladder,False,False,-1.8,1.1,65,-136.5,strategy_S9-149__TYPE_F:NIFTY:2026-04-20T11:41:01:LONG
2026-04-20,11:42:34,2026-04-20,11:43:15,NIFTY,BUY,TYPE_F,BOOK_ENTRY_1,BOOK_EXIT_1,24462.2,24467.15,NIFTY21APR2624450CE,24450.0,CE,138.4,139.45,140.0,135.0,140.0,135.0,0.000361,0.002507,ws,ws,book_ladder,book_ladder,False,False,-1.6,4.45,65,68.25,strategy_S9-149__TYPE_F:NIFTY:2026-04-20T11:42:34:LONG
2026-04-20,11:43:50,2026-04-20,11:44:03,NIFTY,BUY,TYPE_F,BOOK_ENTRY_1,BOOK_EXIT_1,24468.9,24467.7,NIFTY21APR2624450CE,24450.0,CE,139.05,138.8,140.0,135.0,140.0,135.0,0.00216,0.002159,ws,ws,book_ladder,book_ladder,False,False,-0.95,3.8,65,-16.25,strategy_S9-149__TYPE_F:NIFTY:2026-04-20T11:43:50:LONG
2026-04-20,11:44:10,2026-04-20,11:44:15,NIFTY,BUY,TYPE_F,BOOK_ENTRY_1,BOOK_EXIT_1,24470.35,24467.65,NIFTY21APR2624450CE,24450.0,CE,140.65,138.55,145.0,135.0,145.0,135.0,0.002492,0.002163,ws,ws,book_ladder,book_ladder,False,False,-4.35,3.55,65,-136.5,strategy_S9-149__TYPE_F:NIFTY:2026-04-20T11:44:10:LONG
2026-04-20,11:44:20,2026-04-20,11:44:30,NIFTY,SELL,TYPE_F,BOOK_ENTRY_1,BOOK_EXIT_1,24464.5,24463.8,NIFTY21APR2624500PE,24500.0,PE,157.85,158.6,160.0,155.0,160.0,155.0,0.001902,0.002519,ws,ws,book_ladder,book_ladder,False,False,-2.15,3.6,65,48.75,strategy_S9-149__TYPE_F:NIFTY:2026-04-20T11:44:20:SHORT
2026-04-20,11:45:25,2026-04-20,11:45:41,NIFTY,BUY,TYPE_F,BOOK_ENTRY_1,BOOK_EXIT_1,24466.65,24466.0,NIFTY21APR2624450CE,24450.0,CE,137.75,136.8,140.0,135.0,140.0,135.0,0.001453,0.002191,ws,ws,book_ladder,book_ladder,False,False,-2.25,1.8,65,-61.75,strategy_S9-149__TYPE_F:NIFTY:2026-04-20T11:45:25:LONG
2026-04-20,11:45:57,2026-04-20,11:46:41,NIFTY,BUY,TYPE_F,BOOK_ENTRY_1,BOOK_EXIT_1,24468.6,24470.4,NIFTY21APR2624450CE,24450.0,CE,138.65,139.2,140.0,135.0,140.0,135.0,0.002528,0.002511,ws,ws,book_ladder,book_ladder,False,False,-1.35,4.2,65,35.75,strategy_S9-149__TYPE_F:NIFTY:2026-04-20T11:45:57:LONG
2026-04-20,11:47:05,2026-04-20,11:47:19,NIFTY,BUY,TYPE_F,BOOK_ENTRY_1,BOOK_EXIT_1,24472.55,24471.5,NIFTY21APR2624450CE,24450.0,CE,140.75,140.25,145.0,140.0,145.0,140.0,0.001778,0.001425,ws,ws,book_ladder,book_ladder,False,False,-4.25,0.25,65,-32.5,strategy_S9-149__TYPE_F:NIFTY:2026-04-20T11:47:05:LONG
2026-04-20,11:48:30,2026-04-20,11:48:31,NIFTY,SELL,TYPE_F,BOOK_ENTRY_1,BOOK_EXIT_1,24468.55,24469.9,NIFTY21APR2624500PE,24500.0,PE,153.9,153.55,155.0,150.0,155.0,150.0,0.002277,0.002277,ws,ws,book_ladder,book_ladder,False,False,-1.1,3.55,65,-22.75,strategy_S9-149__TYPE_F:NIFTY:2026-04-20T11:48:30:SHORT
2026-04-20,11:48:40,2026-04-20,11:49:10,NIFTY,SELL,TYPE_F,BOOK_ENTRY_1,BOOK_EXIT_1,24463.95,24465.95,NIFTY21APR2624500PE,24500.0,PE,155.25,157.1,160.0,155.0,160.0,155.0,0.001934,0.002543,ws,ws,book_ladder,book_ladder,False,False,-4.75,2.1,65,120.25,strategy_S9-149__TYPE_F:NIFTY:2026-04-20T11:48:40:SHORT
2026-04-20,11:49:31,2026-04-20,11:50:00,NIFTY,BUY,TYPE_F,BOOK_ENTRY_1,BOOK_EXIT_1,24466.3,24466.95,NIFTY21APR2624450CE,24450.0,CE,136.4,136.85,140.0,135.0,140.0,135.0,0.001835,0.00219,ws,ws,book_ladder,book_ladder,False,False,-3.6,1.85,65,29.25,strategy_S9-149__TYPE_F:NIFTY:2026-04-20T11:49:31:LONG
2026-04-20,11:50:21,2026-04-20,11:50:35,NIFTY,SELL,TYPE_F,BOOK_ENTRY_1,BOOK_EXIT_1,24464.7,24466.75,NIFTY21APR2624500PE,24500.0,PE,156.6,154.75,160.0,150.0,160.0,150.0,0.000958,0.002259,ws,ws,book_ladder,book_ladder,False,False,-3.4,4.75,65,-120.25,strategy_S9-149__TYPE_F:NIFTY:2026-04-20T11:50:21:SHORT
2026-04-20,11:50:54,2026-04-20,11:51:10,NIFTY,SELL,TYPE_F,BOOK_ENTRY_1,BOOK_EXIT_1,24464.75,24465.75,NIFTY21APR2624500PE,24500.0,PE,156.9,155.4,160.0,155.0,160.0,155.0,0.001914,0.000965,ws,ws,book_ladder,book_ladder,False,False,-3.1,0.4,65,-97.5,strategy_S9-149__TYPE_F:NIFTY:2026-04-20T11:50:54:SHORT
2026-04-20,11:51:20,2026-04-20,11:51:46,NIFTY,SELL,TYPE_F,BOOK_ENTRY_1,BOOK_EXIT_1,24463.65,24460.2,NIFTY21APR2624500PE,24500.0,PE,157.2,157.9,160.0,155.0,160.0,155.0,0.000955,0.002214,ws,ws,book_ladder,book_ladder,False,False,-2.8,2.9,65,45.5,strategy_S9-149__TYPE_F:NIFTY:2026-04-20T11:51:20:SHORT
2026-04-20,11:52:09,2026-04-20,11:52:12,NIFTY,SELL,TYPE_F,BOOK_ENTRY_1,BOOK_EXIT_1,24456.4,24458.3,NIFTY21APR2624500PE,24500.0,PE,159.15,158.55,160.0,155.0,160.0,155.0,0.002517,0.001576,ws,ws,book_ladder,book_ladder,False,False,-0.85,3.55,65,-39.0,strategy_S9-149__TYPE_F:NIFTY:2026-04-20T11:52:09:SHORT
2026-04-20,11:52:35,2026-04-20,11:53:15,NIFTY,BUY,TYPE_F,BOOK_ENTRY_1,BOOK_EXIT_1,24460.85,24462.7,NIFTY21APR2624450CE,24450.0,CE,133.3,133.4,135.0,130.0,135.0,130.0,0.002629,0.001498,ws,ws,book_ladder,book_ladder,False,False,-1.7,3.4,65,6.5,strategy_S9-149__TYPE_F:NIFTY:2026-04-20T11:52:35:LONG
2026-04-20,11:53:36,2026-04-20,11:53:46,NIFTY,SELL,TYPE_F,BOOK_ENTRY_1,BOOK_EXIT_1,24460.5,24462.55,NIFTY21APR2624500PE,24500.0,PE,158.0,157.35,160.0,155.0,160.0,155.0,0.002535,0.001588,ws,ws,book_ladder,book_ladder,False,False,-2.0,2.35,65,-42.25,strategy_S9-149__TYPE_F:NIFTY:2026-04-20T11:53:36:SHORT
2026-04-20,11:54:01,2026-04-20,11:54:15,NIFTY,BUY,TYPE_F,BOOK_ENTRY_1,BOOK_EXIT_1,24463.4,24462.9,NIFTY21APR2624450CE,24450.0,CE,134.4,135.95,135.0,135.0,135.0,135.0,0.001489,0.00147,ws,ws,book_ladder,book_ladder,False,False,-0.6,0.95,65,100.75,strategy_S9-149__TYPE_F:NIFTY:2026-04-20T11:54:01:LONG
2026-04-20,11:54:37,2026-04-20,11:55:03,NIFTY,BUY,TYPE_F,BOOK_ENTRY_1,BOOK_EXIT_1,24465.15,24465.45,NIFTY21APR2624450CE,24450.0,CE,136.75,137.7,140.0,135.0,140.0,135.0,0.002563,0.001089,ws,ws,book_ladder,book_ladder,False,False,-3.25,2.7,65,61.75,strategy_S9-149__TYPE_F:NIFTY:2026-04-20T11:54:37:LONG
2026-04-20,11:55:10,2026-04-20,11:55:22,NIFTY,BUY,TYPE_F,BOOK_ENTRY_1,BOOK_EXIT_1,24466.3,24465.2,NIFTY21APR2624450CE,24450.0,CE,138.5,136.55,140.0,135.0,140.0,135.0,0.001445,0.00256,ws,ws,book_ladder,book_ladder,False,False,-1.5,1.55,65,-126.75,strategy_S9-149__TYPE_F:NIFTY:2026-04-20T11:55:10:LONG
2026-04-20,11:55:31,2026-04-20,11:55:40,NIFTY,BUY,TYPE_F,BOOK_ENTRY_1,BOOK_EXIT_1,24467.4,24465.85,NIFTY21APR2624450CE,24450.0,CE,138.75,137.4,140.0,135.0,140.0,135.0,0.001442,0.002544,ws,ws,book_ladder,book_ladder,False,False,-1.25,2.4,65,-87.75,strategy_S9-149__TYPE_F:NIFTY:2026-04-20T11:55:31:LONG
2026-04-20,11:55:50,2026-04-20,11:56:22,NIFTY,SELL,TYPE_F,BOOK_ENTRY_1,BOOK_EXIT_1,24463.1,24461.75,NIFTY21APR2624500PE,24500.0,PE,157.55,157.6,160.0,155.0,160.0,155.0,0.001906,0.002851,ws,ws,book_ladder,book_ladder,False,False,-2.45,2.6,65,3.25,strategy_S9-149__TYPE_F:NIFTY:2026-04-20T11:55:50:SHORT
2026-04-20,11:58:32,2026-04-20,11:59:16,NIFTY,BUY,TYPE_F,BOOK_ENTRY_1,BOOK_EXIT_1,24465.05,24466.35,NIFTY21APR2624450CE,24450.0,CE,138.7,137.5,140.0,135.0,140.0,135.0,0.002527,0.000364,ws,ws,book_ladder,book_ladder,False,False,-1.3,2.5,65,-78.0,strategy_S9-149__TYPE_F:NIFTY:2026-04-20T11:58:32:LONG
2026-04-20,11:59:20,2026-04-20,11:59:46,NIFTY,SELL,TYPE_F,BOOK_ENTRY_1,BOOK_EXIT_1,24463.85,24462.7,NIFTY21APR2624500PE,24500.0,PE,157.45,158.05,160.0,155.0,160.0,155.0,0.000953,0.001896,ws,ws,book_ladder,book_ladder,False,False,-2.55,3.05,65,39.0,strategy_S9-149__TYPE_F:NIFTY:2026-04-20T11:59:20:SHORT
2026-04-20,12:00:01,2026-04-20,12:00:11,NIFTY,BUY,TYPE_F,BOOK_ENTRY_1,BOOK_EXIT_1,24465.5,24463.75,NIFTY21APR2624450CE,24450.0,CE,136.65,137.55,140.0,135.0,140.0,135.0,0.001465,0.001816,ws,ws,book_ladder,book_ladder,False,False,-3.35,2.55,65,58.5,strategy_S9-149__TYPE_F:NIFTY:2026-04-20T12:00:01:LONG
2026-04-20,12:00:20,2026-04-20,12:00:50,NIFTY,BUY,TYPE_F,BOOK_ENTRY_1,BOOK_EXIT_1,24465.85,24467.9,NIFTY21APR2624450CE,24450.0,CE,136.2,140.6,140.0,140.0,140.0,140.0,0.002205,0.002131,ws,ws,book_ladder,book_ladder,False,False,-3.8,0.6,65,286.0,strategy_S9-149__TYPE_F:NIFTY:2026-04-20T12:00:20:LONG
2026-04-20,12:02:36,2026-04-20,12:02:40,NIFTY,BUY,TYPE_F,BOOK_ENTRY_1,BOOK_EXIT_1,24465.8,24464.1,NIFTY21APR2624450CE,24450.0,CE,136.6,135.7,140.0,135.0,140.0,135.0,0.002199,0.001841,ws,ws,book_ladder,book_ladder,False,False,-3.4,0.7,65,-58.5,strategy_S9-149__TYPE_F:NIFTY:2026-04-20T12:02:36:LONG
2026-04-20,12:04:03,2026-04-20,12:04:29,NIFTY,SELL,TYPE_F,BOOK_ENTRY_1,BOOK_EXIT_1,24461.3,24460.85,NIFTY21APR2624500PE,24500.0,PE,156.95,156.05,160.0,155.0,160.0,155.0,0.001594,0.00224,ws,ws,book_ladder,book_ladder,False,False,-3.05,1.05,65,-58.5,strategy_S9-149__TYPE_F:NIFTY:2026-04-20T12:04:03:SHORT
2026-04-20,12:05:44,2026-04-20,12:06:12,NIFTY,SELL,TYPE_F,BOOK_ENTRY_1,BOOK_EXIT_1,24456.55,24452.9,NIFTY21APR2624500PE,24500.0,PE,159.0,160.4,160.0,160.0,160.0,160.0,0.001889,0.001557,ws,ws,book_ladder,book_ladder,False,False,-1.0,0.4,65,91.0,strategy_S9-149__TYPE_F:NIFTY:2026-04-20T12:05:44:SHORT
2026-04-20,12:06:33,2026-04-20,12:06:57,NIFTY,SELL,TYPE_F,BOOK_ENTRY_1,BOOK_EXIT_1,24450.25,24451.05,NIFTY21APR2624500PE,24500.0,PE,161.85,159.9,165.0,155.0,165.0,155.0,0.002784,0.001562,ws,ws,book_ladder,book_ladder,False,False,-3.15,4.9,65,-126.75,strategy_S9-149__TYPE_F:NIFTY:2026-04-20T12:06:33:SHORT
2026-04-20,12:07:02,2026-04-20,12:07:29,NIFTY,BUY,TYPE_F,BOOK_ENTRY_1,BOOK_EXIT_1,24452.7,24454.35,NIFTY21APR2624450CE,24450.0,CE,130.45,129.9,135.0,125.0,135.0,125.0,0.001534,0.001923,ws,ws,book_ladder,book_ladder,False,False,-4.55,4.9,65,-35.75,strategy_S9-149__TYPE_F:NIFTY:2026-04-20T12:07:02:LONG
2026-04-20,12:08:23,2026-04-20,12:08:56,NIFTY,BUY,TYPE_F,BOOK_ENTRY_1,BOOK_EXIT_1,24456.35,24460.7,NIFTY21APR2624450CE,24450.0,CE,130.5,131.7,135.0,130.0,135.0,130.0,0.00115,0.001896,ws,ws,book_ladder,book_ladder,False,False,-4.5,1.7,65,78.0,strategy_S9-149__TYPE_F:NIFTY:2026-04-20T12:08:23:LONG
2026-04-20,12:09:11,2026-04-20,12:09:19,NIFTY,SELL,TYPE_F,BOOK_ENTRY_1,BOOK_EXIT_1,24457.2,24459.3,NIFTY21APR2624500PE,24500.0,PE,162.3,161.25,165.0,160.0,165.0,160.0,0.00185,0.002168,ws,ws,book_ladder,book_ladder,False,False,-2.7,1.25,65,-68.25,strategy_S9-149__TYPE_F:NIFTY:2026-04-20T12:09:11:SHORT
2026-04-20,12:09:25,2026-04-20,12:09:45,NIFTY,SELL,TYPE_F,BOOK_ENTRY_1,BOOK_EXIT_1,24453.7,24455.3,NIFTY21APR2624500PE,24500.0,PE,163.0,161.2,165.0,160.0,165.0,160.0,0.000307,0.00155,ws,ws,book_ladder,book_ladder,False,False,-2.0,1.2,65,-117.0,strategy_S9-149__TYPE_F:NIFTY:2026-04-20T12:09:25:SHORT
2026-04-20,12:09:53,2026-04-20,12:11:01,NIFTY,SELL,TYPE_F,BOOK_ENTRY_1,BOOK_EXIT_1,24449.4,24440.5,NIFTY21APR2624450PE,24450.0,PE,134.8,139.5,135.0,135.0,135.0,135.0,0.001856,0.001791,ws,ws,book_ladder,book_ladder,False,False,-0.2,4.5,65,305.5,strategy_S9-149__TYPE_F:NIFTY:2026-04-20T12:09:53:SHORT
2026-04-20,12:11:37,2026-04-20,12:12:02,NIFTY,BUY,TYPE_F,BOOK_ENTRY_1,BOOK_EXIT_1,24444.05,24444.05,NIFTY21APR2624400CE,24400.0,CE,155.4,154.35,160.0,150.0,160.0,150.0,0.001932,0.001618,ws,ws,book_ladder,book_ladder,False,False,-4.6,4.35,65,-68.25,strategy_S9-149__TYPE_F:NIFTY:2026-04-20T12:11:37:LONG
2026-04-20,12:12:19,2026-04-20,12:12:24,NIFTY,BUY,TYPE_F,BOOK_ENTRY_1,BOOK_EXIT_1,24446.5,24443.75,NIFTY21APR2624400CE,24400.0,CE,156.15,155.75,160.0,155.0,160.0,155.0,0.000961,0.001924,ws,ws,book_ladder,book_ladder,False,False,-3.85,0.75,65,-26.0,strategy_S9-149__TYPE_F:NIFTY:2026-04-20T12:12:19:LONG
2026-04-20,12:12:31,2026-04-20,12:12:35,NIFTY,BUY,TYPE_F,BOOK_ENTRY_1,BOOK_EXIT_1,24445.95,24443.95,NIFTY21APR2624400CE,24400.0,CE,157.6,154.7,160.0,150.0,160.0,150.0,0.00127,0.002582,ws,ws,book_ladder,book_ladder,False,False,-2.4,4.7,65,-188.5,strategy_S9-149__TYPE_F:NIFTY:2026-04-20T12:12:31:LONG
2026-04-20,12:12:47,2026-04-20,12:13:12,NIFTY,SELL,TYPE_F,BOOK_ENTRY_1,BOOK_EXIT_1,24441.9,24441.9,NIFTY21APR2624450PE,24450.0,PE,138.25,138.05,140.0,135.0,140.0,135.0,0.00181,0.001809,ws,ws,book_ladder,book_ladder,False,False,-1.75,3.05,65,-13.0,strategy_S9-149__TYPE_F:NIFTY:2026-04-20T12:12:47:SHORT
2026-04-20,12:13:20,2026-04-20,12:13:41,NIFTY,SELL,TYPE_F,BOOK_ENTRY_1,BOOK_EXIT_1,24439.8,24434.05,NIFTY21APR2624450PE,24450.0,PE,139.25,141.9,140.0,140.0,140.0,140.0,0.001797,0.002463,ws,ws,book_ladder,book_ladder,False,False,-0.75,1.9,65,172.25,strategy_S9-149__TYPE_F:NIFTY:2026-04-20T12:13:20:SHORT
2026-04-20,12:14:09,2026-04-20,12:14:23,NIFTY,SELL,TYPE_F,BOOK_ENTRY_1,BOOK_EXIT_1,24424.85,24424.9,NIFTY21APR2624450PE,24450.0,PE,147.35,146.3,150.0,145.0,150.0,145.0,0.000679,0.002048,ws,ws,book_ladder,book_ladder,False,False,-2.65,1.3,65,-68.25,strategy_S9-149__TYPE_F:NIFTY:2026-04-20T12:14:09:SHORT
2026-04-20,12:14:40,2026-04-20,12:15:23,NIFTY,BUY,TYPE_F,BOOK_ENTRY_1,BOOK_EXIT_1,24426.85,24433.6,NIFTY21APR2624400CE,24400.0,CE,147.9,147.95,150.0,145.0,150.0,145.0,0.001692,0.002026,ws,ws,book_ladder,book_ladder,False,False,-2.1,2.95,65,3.25,strategy_S9-149__TYPE_F:NIFTY:2026-04-20T12:14:40:LONG
2026-04-20,12:15:37,2026-04-20,12:16:03,NIFTY,BUY,TYPE_F,BOOK_ENTRY_1,BOOK_EXIT_1,24435.3,24434.95,NIFTY21APR2624400CE,24400.0,CE,149.25,151.65,150.0,150.0,150.0,150.0,0.001676,0.001318,ws,ws,book_ladder,book_ladder,False,False,-0.75,1.65,65,156.0,strategy_S9-149__TYPE_F:NIFTY:2026-04-20T12:15:37:LONG
2026-04-20,12:16:11,2026-04-20,12:16:20,NIFTY,BUY,TYPE_F,BOOK_ENTRY_1,BOOK_EXIT_1,24438.55,24436.65,NIFTY21APR2624400CE,24400.0,CE,153.2,150.2,155.0,150.0,155.0,150.0,0.001306,0.001995,ws,ws,book_ladder,book_ladder,False,False,-1.8,0.2,65,-195.0,strategy_S9-149__TYPE_F:NIFTY:2026-04-20T12:16:11:LONG
2026-04-20,12:16:40,2026-04-20,12:16:56,NIFTY,SELL,TYPE_F,BOOK_ENTRY_1,BOOK_EXIT_1,24433.0,24430.4,NIFTY21APR2624450PE,24450.0,PE,146.25,148.5,150.0,145.0,150.0,145.0,0.001711,0.002354,ws,ws,book_ladder,book_ladder,False,False,-3.75,3.5,65,146.25,strategy_S9-149__TYPE_F:NIFTY:2026-04-20T12:16:40:SHORT
2026-04-20,12:17:35,2026-04-20,12:17:42,NIFTY,SELL,TYPE_F,BOOK_ENTRY_1,BOOK_EXIT_1,24428.2,24429.6,NIFTY21APR2624450PE,24450.0,PE,148.2,146.05,150.0,145.0,150.0,145.0,0.002364,0.000684,ws,ws,book_ladder,book_ladder,False,False,-1.8,1.05,65,-139.75,strategy_S9-149__TYPE_F:NIFTY:2026-04-20T12:17:35:SHORT
2026-04-20,12:18:14,2026-04-20,12:18:27,NIFTY,SELL,TYPE_F,BOOK_ENTRY_1,BOOK_EXIT_1,24428.25,24429.0,NIFTY21APR2624450PE,24450.0,PE,146.55,146.85,150.0,145.0,150.0,145.0,0.001707,0.00034,ws,ws,book_ladder,book_ladder,False,False,-3.45,1.85,65,19.5,strategy_S9-149__TYPE_F:NIFTY:2026-04-20T12:18:14:SHORT
2026-04-20,12:19:30,2026-04-20,12:19:42,NIFTY,SELL,TYPE_F,BOOK_ENTRY_1,BOOK_EXIT_1,24427.15,24427.85,NIFTY21APR2624450PE,24450.0,PE,148.75,147.7,150.0,145.0,150.0,145.0,0.002019,0.001691,ws,ws,book_ladder,book_ladder,False,False,-1.25,2.7,65,-68.25,strategy_S9-149__TYPE_F:NIFTY:2026-04-20T12:19:30:SHORT
2026-04-20,12:20:21,2026-04-20,12:20:51,NIFTY,BUY,TYPE_F,BOOK_ENTRY_1,BOOK_EXIT_1,24433.45,24433.85,NIFTY21APR2624400CE,24400.0,CE,147.0,148.4,150.0,145.0,150.0,145.0,0.002043,0.00202,ws,ws,book_ladder,book_ladder,False,False,-3.0,3.4,65,91.0,strategy_S9-149__TYPE_F:NIFTY:2026-04-20T12:20:21:LONG
2026-04-20,12:21:04,2026-04-20,12:21:41,NIFTY,BUY,TYPE_F,BOOK_ENTRY_1,BOOK_EXIT_1,24437.6,24438.4,NIFTY21APR2624400CE,24400.0,CE,151.15,150.9,155.0,150.0,155.0,150.0,0.002318,0.002647,ws,ws,book_ladder,book_ladder,False,False,-3.85,0.9,65,-16.25,strategy_S9-149__TYPE_F:NIFTY:2026-04-20T12:21:04:LONG
2026-04-20,12:21:51,2026-04-20,12:21:56,NIFTY,BUY,TYPE_F,BOOK_ENTRY_1,BOOK_EXIT_1,24440.1,24437.8,NIFTY21APR2624400CE,24400.0,CE,150.8,149.5,155.0,145.0,155.0,145.0,0.002656,0.002338,ws,ws,book_ladder,book_ladder,False,False,-4.2,4.5,65,-84.5,strategy_S9-149__TYPE_F:NIFTY:2026-04-20T12:21:51:LONG
2026-04-20,12:22:33,2026-04-20,12:22:53,NIFTY,BUY,TYPE_F,BOOK_ENTRY_1,BOOK_EXIT_1,24441.5,24442.05,NIFTY21APR2624400CE,24400.0,CE,152.85,153.4,155.0,150.0,155.0,150.0,0.002948,0.002279,ws,ws,book_ladder,book_ladder,False,False,-2.15,3.4,65,35.75,strategy_S9-149__TYPE_F:NIFTY:2026-04-20T12:22:33:LONG
2026-04-20,12:24:57,2026-04-20,12:25:09,NIFTY,BUY,TYPE_F,BOOK_ENTRY_1,BOOK_EXIT_1,24446.25,24444.7,NIFTY21APR2624400CE,24400.0,CE,154.6,154.45,155.0,150.0,155.0,150.0,0.001618,0.00194,ws,ws,book_ladder,book_ladder,False,False,-0.4,4.45,65,-9.75,strategy_S9-149__TYPE_F:NIFTY:2026-04-20T12:24:57:LONG
2026-04-20,12:25:58,2026-04-20,12:26:15,NIFTY,BUY,TYPE_F,BOOK_ENTRY_1,BOOK_EXIT_1,24448.45,24447.65,NIFTY21APR2624400CE,24400.0,CE,156.9,155.25,160.0,155.0,160.0,155.0,0.002553,0.002252,ws,ws,book_ladder,book_ladder,False,False,-3.1,0.25,65,-107.25,strategy_S9-149__TYPE_F:NIFTY:2026-04-20T12:25:58:LONG
2026-04-20,12:26:21,2026-04-20,12:26:25,NIFTY,SELL,TYPE_F,BOOK_ENTRY_1,BOOK_EXIT_1,24445.15,24446.35,NIFTY21APR2624450PE,24450.0,PE,140.2,138.0,145.0,135.0,145.0,135.0,0.001785,0.002172,ws,ws,book_ladder,book_ladder,False,False,-4.8,3.0,65,-143.0,strategy_S9-149__TYPE_F:NIFTY:2026-04-20T12:26:21:SHORT
2026-04-20,12:26:31,2026-04-20,12:27:32,NIFTY,BUY,TYPE_F,BOOK_ENTRY_1,BOOK_EXIT_1,24454.35,24460.25,NIFTY21APR2624450CE,24450.0,CE,132.95,136.0,135.0,135.0,135.0,135.0,0.002259,0.00257,ws,ws,book_ladder,book_ladder,False,False,-2.05,1.0,65,198.25,strategy_S9-149__TYPE_F:NIFTY:2026-04-20T12:26:31:LONG
2026-04-20,12:28:40,2026-04-20,12:29:20,NIFTY,SELL,TYPE_F,BOOK_ENTRY_1,BOOK_EXIT_1,24459.5,24459.5,NIFTY21APR2624500PE,24500.0,PE,154.85,154.5,155.0,150.0,155.0,150.0,0.002263,0.00097,ws,ws,book_ladder,book_ladder,False,False,-0.15,4.5,65,-22.75,strategy_S9-149__TYPE_F:NIFTY:2026-04-20T12:28:40:SHORT
2026-04-20,12:29:30,2026-04-20,12:29:54,NIFTY,BUY,TYPE_F,BOOK_ENTRY_1,BOOK_EXIT_1,24460.3,24461.2,NIFTY21APR2624450CE,24450.0,CE,137.0,138.6,140.0,135.0,140.0,135.0,0.001095,0.001802,ws,ws,book_ladder,book_ladder,False,False,-3.0,3.6,65,104.0,strategy_S9-149__TYPE_F:NIFTY:2026-04-20T12:29:30:LONG
2026-04-20,12:30:33,2026-04-20,12:30:55,NIFTY,SELL,TYPE_F,BOOK_ENTRY_1,BOOK_EXIT_1,24463.15,24463.45,NIFTY21APR2624500PE,24500.0,PE,153.5,151.65,155.0,150.0,155.0,150.0,0.00163,0.001976,ws,ws,book_ladder,book_ladder,False,False,-1.5,1.65,65,-120.25,strategy_S9-149__TYPE_F:NIFTY:2026-04-20T12:30:33:SHORT
2026-04-20,12:31:16,2026-04-20,12:31:42,NIFTY,SELL,TYPE_F,BOOK_ENTRY_1,BOOK_EXIT_1,24460.0,24458.35,NIFTY21APR2624500PE,24500.0,PE,155.3,155.35,160.0,155.0,160.0,155.0,0.000966,0.001929,ws,ws,book_ladder,book_ladder,False,False,-4.7,0.35,65,3.25,strategy_S9-149__TYPE_F:NIFTY:2026-04-20T12:31:16:SHORT
2026-04-20,12:32:53,2026-04-20,12:32:57,NIFTY,SELL,TYPE_F,BOOK_ENTRY_1,BOOK_EXIT_1,24457.2,24458.8,NIFTY21APR2624500PE,24500.0,PE,152.95,151.8,155.0,150.0,155.0,150.0,0.001636,0.002632,ws,ws,book_ladder,book_ladder,False,False,-2.05,1.8,65,-74.75,strategy_S9-149__TYPE_F:NIFTY:2026-04-20T12:32:53:SHORT
2026-04-20,12:33:05,2026-04-20,12:33:45,NIFTY,BUY,TYPE_F,BOOK_ENTRY_1,BOOK_EXIT_1,24460.8,24464.25,NIFTY21APR2624450CE,24450.0,CE,138.2,140.5,140.0,140.0,140.0,140.0,0.001811,0.001067,ws,ws,book_ladder,book_ladder,False,False,-1.8,0.5,65,149.5,strategy_S9-149__TYPE_F:NIFTY:2026-04-20T12:33:05:LONG
2026-04-20,12:33:50,2026-04-20,12:34:23,NIFTY,BUY,TYPE_F,BOOK_ENTRY_1,BOOK_EXIT_1,24465.4,24466.65,NIFTY21APR2624450CE,24450.0,CE,141.0,139.6,145.0,135.0,145.0,135.0,0.001775,0.002504,ws,ws,book_ladder,book_ladder,False,False,-4.0,4.6,65,-91.0,strategy_S9-149__TYPE_F:NIFTY:2026-04-20T12:33:50:LONG
2026-04-20,12:34:51,2026-04-20,12:34:57,NIFTY,SELL,TYPE_F,BOOK_ENTRY_1,BOOK_EXIT_1,24465.2,24466.3,NIFTY21APR2624500PE,24500.0,PE,148.55,147.0,150.0,145.0,150.0,145.0,0.002022,0.001699,ws,ws,book_ladder,book_ladder,False,False,-1.45,2.0,65,-100.75,strategy_S9-149__TYPE_F:NIFTY:2026-04-20T12:34:51:SHORT
2026-04-20,12:35:53,2026-04-20,12:36:12,NIFTY,SELL,TYPE_F,BOOK_ENTRY_1,BOOK_EXIT_1,24464.75,24462.95,NIFTY21APR2624500PE,24500.0,PE,149.25,148.6,150.0,145.0,150.0,145.0,0.002012,0.002688,ws,ws,book_ladder,book_ladder,False,False,-0.75,3.6,65,-42.25,strategy_S9-149__TYPE_F:NIFTY:2026-04-20T12:35:53:SHORT
2026-04-20,12:36:21,2026-04-20,12:36:35,NIFTY,SELL,TYPE_F,BOOK_ENTRY_1,BOOK_EXIT_1,24460.5,24456.25,NIFTY21APR2624500PE,24500.0,PE,151.8,153.6,155.0,150.0,155.0,150.0,0.002308,0.002276,ws,ws,book_ladder,book_ladder,False,False,-3.2,3.6,65,117.0,strategy_S9-149__TYPE_F:NIFTY:2026-04-20T12:36:21:SHORT
2026-04-20,12:38:21,2026-04-20,12:38:31,NIFTY,SELL,TYPE_F,BOOK_ENTRY_1,BOOK_EXIT_1,24456.6,24459.3,NIFTY21APR2624500PE,24500.0,PE,153.3,149.9,155.0,145.0,155.0,145.0,0.001959,0.001999,ws,ws,book_ladder,book_ladder,False,False,-1.7,4.9,65,-221.0,strategy_S9-149__TYPE_F:NIFTY:2026-04-20T12:38:21:SHORT
2026-04-20,12:38:42,2026-04-20,12:39:30,NIFTY,BUY,TYPE_F,BOOK_ENTRY_1,BOOK_EXIT_1,24461.85,24467.0,NIFTY21APR2624450CE,24450.0,CE,138.0,139.55,140.0,135.0,140.0,135.0,0.002176,0.002505,ws,ws,book_ladder,book_ladder,False,False,-2.0,4.55,65,100.75,strategy_S9-149__TYPE_F:NIFTY:2026-04-20T12:38:42:LONG
2026-04-20,12:40:40,2026-04-20,12:40:55,NIFTY,SELL,TYPE_F,BOOK_ENTRY_1,BOOK_EXIT_1,24465.45,24461.4,NIFTY21APR2624500PE,24500.0,PE,149.95,151.1,150.0,150.0,150.0,150.0,0.001669,0.002644,ws,ws,book_ladder,book_ladder,False,False,-0.05,1.1,65,74.75,strategy_S9-149__TYPE_F:NIFTY:2026-04-20T12:40:40:SHORT
2026-04-20,12:41:10,2026-04-20,12:41:21,NIFTY,BUY,TYPE_F,BOOK_ENTRY_1,BOOK_EXIT_1,24464.15,24462.6,NIFTY21APR2624450CE,24450.0,CE,138.85,137.85,140.0,135.0,140.0,135.0,0.00072,0.002174,ws,ws,book_ladder,book_ladder,False,False,-1.15,2.85,65,-65.0,strategy_S9-149__TYPE_F:NIFTY:2026-04-20T12:41:10:LONG
2026-04-20,12:42:01,2026-04-20,12:42:47,NIFTY,BUY,TYPE_F,BOOK_ENTRY_1,BOOK_EXIT_1,24465.15,24467.05,NIFTY21APR2624450CE,24450.0,CE,137.55,138.2,140.0,135.0,140.0,135.0,0.002183,0.000723,ws,ws,book_ladder,book_ladder,False,False,-2.45,3.2,65,42.25,strategy_S9-149__TYPE_F:NIFTY:2026-04-20T12:42:01:LONG
2026-04-20,12:43:33,2026-04-20,12:43:46,NIFTY,SELL,TYPE_F,BOOK_ENTRY_1,BOOK_EXIT_1,24463.75,24464.5,NIFTY21APR2624500PE,24500.0,PE,150.6,150.15,155.0,150.0,155.0,150.0,0.000997,0.00266,ws,ws,book_ladder,book_ladder,False,False,-4.4,0.15,65,-29.25,strategy_S9-149__TYPE_F:NIFTY:2026-04-20T12:43:33:SHORT
2026-04-20,12:43:55,2026-04-20,12:44:28,NIFTY,SELL,TYPE_F,BOOK_ENTRY_1,BOOK_EXIT_1,24461.9,24460.2,NIFTY21APR2624500PE,24500.0,PE,150.55,151.7,155.0,150.0,155.0,150.0,0.000332,0.001976,ws,ws,book_ladder,book_ladder,False,False,-4.45,1.7,65,74.75,strategy_S9-149__TYPE_F:NIFTY:2026-04-20T12:43:55:SHORT
2026-04-20,12:45:01,2026-04-20,12:45:08,NIFTY,BUY,TYPE_F,BOOK_ENTRY_1,BOOK_EXIT_1,24463.8,24461.05,NIFTY21APR2624450CE,24450.0,CE,136.45,135.3,140.0,135.0,140.0,135.0,0.002568,0.002215,ws,ws,book_ladder,book_ladder,False,False,-3.55,0.3,65,-74.75,strategy_S9-149__TYPE_F:NIFTY:2026-04-20T12:45:01:LONG
2026-04-20,12:46:31,2026-04-20,12:47:24,NIFTY,BUY,TYPE_F,BOOK_ENTRY_1,BOOK_EXIT_1,24465.4,24465.55,NIFTY21APR2624450CE,24450.0,CE,134.4,137.35,135.0,135.0,135.0,135.0,0.001117,0.001092,ws,ws,book_ladder,book_ladder,False,False,-0.6,2.35,65,191.75,strategy_S9-149__TYPE_F:NIFTY:2026-04-20T12:46:31:LONG
2026-04-20,12:48:30,2026-04-20,12:48:50,NIFTY,BUY,TYPE_F,BOOK_ENTRY_1,BOOK_EXIT_1,24473.25,24472.65,NIFTY21APR2624450CE,24450.0,CE,141.5,142.05,145.0,140.0,145.0,140.0,0.002122,0.00211,ws,ws,book_ladder,book_ladder,False,False,-3.5,2.05,65,35.75,strategy_S9-149__TYPE_F:NIFTY:2026-04-20T12:48:30:LONG
2026-04-20,12:49:32,2026-04-20,12:49:45,NIFTY,SELL,TYPE_F,BOOK_ENTRY_1,BOOK_EXIT_1,24471.0,24471.0,NIFTY21APR2624500PE,24500.0,PE,148.7,148.2,150.0,145.0,150.0,145.0,0.002357,0.002022,ws,ws,book_ladder,book_ladder,False,False,-1.3,3.2,65,-32.5,strategy_S9-149__TYPE_F:NIFTY:2026-04-20T12:49:32:SHORT
2026-04-20,12:52:31,2026-04-20,12:52:50,NIFTY,BUY,TYPE_F,BOOK_ENTRY_1,BOOK_EXIT_1,24479.15,24478.75,NIFTY21APR2624450CE,24450.0,CE,147.3,146.75,150.0,145.0,150.0,145.0,0.002039,0.001702,ws,ws,book_ladder,book_ladder,False,False,-2.7,1.75,65,-35.75,strategy_S9-149__TYPE_F:NIFTY:2026-04-20T12:52:31:LONG
2026-04-20,12:53:23,2026-04-20,12:53:49,NIFTY,SELL,TYPE_F,BOOK_ENTRY_1,BOOK_EXIT_1,24476.6,24476.35,NIFTY21APR2624500PE,24500.0,PE,143.65,143.6,145.0,140.0,145.0,140.0,0.000696,0.002087,ws,ws,book_ladder,book_ladder,False,False,-1.35,3.6,65,-3.25,strategy_S9-149__TYPE_F:NIFTY:2026-04-20T12:53:23:SHORT
2026-04-20,12:54:31,2026-04-20,12:54:45,NIFTY,BUY,TYPE_F,BOOK_ENTRY_1,BOOK_EXIT_1,24479.35,24479.05,NIFTY21APR2624450CE,24450.0,CE,148.35,145.65,150.0,145.0,150.0,145.0,0.002024,0.001715,ws,ws,book_ladder,book_ladder,False,False,-1.65,0.65,65,-175.5,strategy_S9-149__TYPE_F:NIFTY:2026-04-20T12:54:31:LONG
2026-04-20,12:55:25,2026-04-20,12:55:31,NIFTY,SELL,TYPE_F,BOOK_ENTRY_1,BOOK_EXIT_1,24472.65,24474.95,NIFTY21APR2624500PE,24500.0,PE,146.9,146.0,150.0,145.0,150.0,145.0,0.001362,0.001711,ws,ws,book_ladder,book_ladder,False,False,-3.1,1.0,65,-58.5,strategy_S9-149__TYPE_F:NIFTY:2026-04-20T12:55:25:SHORT
2026-04-20,12:55:45,2026-04-20,12:56:09,NIFTY,BUY,TYPE_F,BOOK_ENTRY_1,BOOK_EXIT_1,24476.5,24476.05,NIFTY21APR2624450CE,24450.0,CE,142.15,141.7,145.0,140.0,145.0,140.0,0.000704,0.00141,ws,ws,book_ladder,book_ladder,False,False,-2.85,1.7,65,-29.25,strategy_S9-149__TYPE_F:NIFTY:2026-04-20T12:55:45:LONG
2026-04-20,12:56:16,2026-04-20,12:56:42,NIFTY,SELL,TYPE_F,BOOK_ENTRY_1,BOOK_EXIT_1,24474.7,24473.75,NIFTY21APR2624500PE,24500.0,PE,147.4,148.45,150.0,145.0,150.0,145.0,0.001358,0.002019,ws,ws,book_ladder,book_ladder,False,False,-2.6,3.45,65,68.25,strategy_S9-149__TYPE_F:NIFTY:2026-04-20T12:56:16:SHORT
2026-04-20,12:57:40,2026-04-20,12:57:45,NIFTY,SELL,TYPE_F,BOOK_ENTRY_1,BOOK_EXIT_1,24468.65,24471.45,NIFTY21APR2624500PE,24500.0,PE,150.95,149.35,155.0,145.0,155.0,145.0,0.002321,0.002341,ws,ws,book_ladder,book_ladder,False,False,-4.05,4.35,65,-104.0,strategy_S9-149__TYPE_F:NIFTY:2026-04-20T12:57:40:SHORT
2026-04-20,12:58:20,2026-04-20,12:58:57,NIFTY,SELL,TYPE_F,BOOK_ENTRY_1,BOOK_EXIT_1,24467.4,24465.45,NIFTY21APR2624500PE,24500.0,PE,152.85,152.6,155.0,150.0,155.0,150.0,0.000982,0.001964,ws,ws,book_ladder,book_ladder,False,False,-2.15,2.6,65,-16.25,strategy_S9-149__TYPE_F:NIFTY:2026-04-20T12:58:20:SHORT
2026-04-20,12:59:16,2026-04-20,12:59:20,NIFTY,BUY,TYPE_F,BOOK_ENTRY_1,BOOK_EXIT_1,24466.25,24463.35,NIFTY21APR2624450CE,24450.0,CE,136.3,134.0,140.0,130.0,140.0,130.0,0.001468,0.001491,ws,ws,book_ladder,book_ladder,False,False,-3.7,4.0,65,-149.5,strategy_S9-149__TYPE_F:NIFTY:2026-04-20T12:59:16:LONG
2026-04-20,13:00:33,2026-04-20,13:00:47,NIFTY,SELL,TYPE_F,BOOK_ENTRY_1,BOOK_EXIT_1,24455.2,24430.9,NIFTY21APR2624500PE,24500.0,PE,157.4,172.7,160.0,170.0,160.0,170.0,0.00159,0.002602,ws,ws,book_ladder,book_ladder,False,False,-2.6,2.7,65,994.5,strategy_S9-149__TYPE_F:NIFTY:2026-04-20T13:00:33:SHORT
2026-04-20,13:01:10,2026-04-20,13:01:16,NIFTY,BUY,TYPE_F,BOOK_ENTRY_1,BOOK_EXIT_1,24441.7,24437.3,NIFTY21APR2624400CE,24400.0,CE,151.45,148.9,155.0,145.0,155.0,145.0,0.001652,0.002683,ws,ws,book_ladder,book_ladder,False,False,-3.55,3.9,65,-165.75,strategy_S9-149__TYPE_F:NIFTY:2026-04-20T13:01:10:LONG
2026-04-20,13:03:10,2026-04-20,13:03:22,NIFTY,BUY,TYPE_F,BOOK_ENTRY_1,BOOK_EXIT_1,24441.85,24441.0,NIFTY21APR2624400CE,24400.0,CE,152.65,148.7,155.0,145.0,155.0,145.0,0.001967,0.002351,ws,ws,book_ladder,book_ladder,False,False,-2.35,3.7,65,-256.75,strategy_S9-149__TYPE_F:NIFTY:2026-04-20T13:03:10:LONG
2026-04-20,13:04:32,2026-04-20,13:04:45,NIFTY,SELL,TYPE_F,BOOK_ENTRY_1,BOOK_EXIT_1,24440.1,24440.65,NIFTY21APR2624450PE,24450.0,PE,143.05,141.5,145.0,140.0,145.0,140.0,0.00245,0.002118,ws,ws,book_ladder,book_ladder,False,False,-1.95,1.5,65,-100.75,strategy_S9-149__TYPE_F:NIFTY:2026-04-20T13:04:32:SHORT
2026-04-20,13:05:41,2026-04-20,13:05:59,NIFTY,BUY,TYPE_F,BOOK_ENTRY_1,BOOK_EXIT_1,24444.15,24444.9,NIFTY21APR2624400CE,24400.0,CE,149.8,150.65,150.0,150.0,150.0,150.0,0.002674,0.002321,ws,ws,book_ladder,book_ladder,False,False,-0.2,0.65,65,55.25,strategy_S9-149__TYPE_F:NIFTY:2026-04-20T13:05:41:LONG
2026-04-20,13:06:05,2026-04-20,13:06:20,NIFTY,SELL,TYPE_F,BOOK_ENTRY_1,BOOK_EXIT_1,24439.0,24433.45,NIFTY21APR2624450PE,24450.0,PE,143.25,147.4,145.0,145.0,145.0,145.0,0.002446,0.001695,ws,ws,book_ladder,book_ladder,False,False,-1.75,2.4,65,269.75,strategy_S9-149__TYPE_F:NIFTY:2026-04-20T13:06:05:SHORT
2026-04-20,13:06:36,2026-04-20,13:06:50,NIFTY,SELL,TYPE_F,BOOK_ENTRY_1,BOOK_EXIT_1,24428.6,24428.7,NIFTY21APR2624450PE,24450.0,PE,151.55,148.2,155.0,145.0,155.0,145.0,0.002643,0.002022,ws,ws,book_ladder,book_ladder,False,False,-3.45,3.2,65,-217.75,strategy_S9-149__TYPE_F:NIFTY:2026-04-20T13:06:36:SHORT
2026-04-20,13:07:05,2026-04-20,13:07:18,NIFTY,SELL,TYPE_F,BOOK_ENTRY_1,BOOK_EXIT_1,24422.1,24424.45,NIFTY21APR2624450PE,24450.0,PE,155.7,152.05,160.0,150.0,160.0,150.0,0.00225,0.002299,ws,ws,book_ladder,book_ladder,False,False,-4.3,2.05,65,-237.25,strategy_S9-149__TYPE_F:NIFTY:2026-04-20T13:07:05:SHORT
2026-04-20,13:08:14,2026-04-20,13:08:25,NIFTY,SELL,TYPE_F,BOOK_ENTRY_1,BOOK_EXIT_1,24428.1,24431.05,NIFTY21APR2624450PE,24450.0,PE,149.9,148.8,150.0,145.0,150.0,145.0,0.002338,0.002349,ws,ws,book_ladder,book_ladder,False,False,-0.1,3.8,65,-71.5,strategy_S9-149__TYPE_F:NIFTY:2026-04-20T13:08:14:SHORT
2026-04-20,13:08:47,2026-04-20,13:09:05,NIFTY,SELL,TYPE_F,BOOK_ENTRY_1,BOOK_EXIT_1,24426.85,24427.3,NIFTY21APR2624450PE,24450.0,PE,153.2,150.75,155.0,150.0,155.0,150.0,0.001633,0.002319,ws,ws,book_ladder,book_ladder,False,False,-1.8,0.75,65,-159.25,strategy_S9-149__TYPE_F:NIFTY:2026-04-20T13:08:47:SHORT
2026-04-20,13:09:14,2026-04-20,13:09:23,NIFTY,BUY,TYPE_F,BOOK_ENTRY_1,BOOK_EXIT_1,24429.65,24426.9,NIFTY21APR2624400CE,24400.0,CE,143.15,142.0,145.0,140.0,145.0,140.0,0.001748,0.001407,ws,ws,book_ladder,book_ladder,False,False,-1.85,2.0,65,-74.75,strategy_S9-149__TYPE_F:NIFTY:2026-04-20T13:09:14:LONG
2026-04-20,13:10:40,2026-04-20,13:10:48,NIFTY,SELL,TYPE_F,BOOK_ENTRY_1,BOOK_EXIT_1,24409.0,24411.35,NIFTY21APR2624450PE,24450.0,PE,159.5,157.85,160.0,155.0,160.0,155.0,0.002825,0.002215,ws,ws,book_ladder,book_ladder,False,False,-0.5,2.85,65,-107.25,strategy_S9-149__TYPE_F:NIFTY:2026-04-20T13:10:40:SHORT
2026-04-20,13:10:50,2026-04-20,13:10:55,NIFTY,SELL,TYPE_F,BOOK_ENTRY_1,BOOK_EXIT_1,24408.1,24410.95,NIFTY21APR2624450PE,24450.0,PE,158.1,157.45,160.0,155.0,160.0,155.0,0.002216,0.00222,ws,ws,book_ladder,book_ladder,False,False,-1.9,2.45,65,-42.25,strategy_S9-149__TYPE_F:NIFTY:2026-04-20T13:10:50:SHORT
2026-04-20,13:11:06,2026-04-20,13:11:27,NIFTY,SELL,TYPE_F,BOOK_ENTRY_1,BOOK_EXIT_1,24405.5,24398.7,NIFTY21APR2624450PE,24450.0,PE,159.55,170.3,160.0,170.0,160.0,170.0,0.00251,0.002346,ws,ws,book_ladder,book_ladder,False,False,-0.45,0.3,65,698.75,strategy_S9-149__TYPE_F:NIFTY:2026-04-20T13:11:06:SHORT
2026-04-20,13:12:10,2026-04-20,13:13:12,NIFTY,BUY,TYPE_F,BOOK_ENTRY_1,BOOK_EXIT_1,24404.0,24419.65,NIFTY21APR2624400CE,24400.0,CE,132.2,138.1,135.0,135.0,135.0,135.0,0.001514,0.000362,ws,ws,book_ladder,book_ladder,False,False,-2.8,3.1,65,383.5,strategy_S9-149__TYPE_F:NIFTY:2026-04-20T13:12:10:LONG
2026-04-20,13:13:50,2026-04-20,13:13:53,NIFTY,SELL,TYPE_F,BOOK_ENTRY_1,BOOK_EXIT_1,24417.5,24420.15,NIFTY21APR2624450PE,24450.0,PE,158.3,156.15,160.0,155.0,160.0,155.0,0.001897,0.002239,ws,ws,book_ladder,book_ladder,False,False,-1.7,1.15,65,-139.75,strategy_S9-149__TYPE_F:NIFTY:2026-04-20T13:13:50:SHORT
2026-04-20,13:14:39,2026-04-20,13:14:57,NIFTY,SELL,TYPE_F,BOOK_ENTRY_1,BOOK_EXIT_1,24416.8,24415.4,NIFTY21APR2624450PE,24450.0,PE,157.6,159.45,160.0,155.0,160.0,155.0,0.001905,0.002193,ws,ws,book_ladder,book_ladder,False,False,-2.4,4.45,65,120.25,strategy_S9-149__TYPE_F:NIFTY:2026-04-20T13:14:39:SHORT
2026-04-20,13:15:03,2026-04-20,13:15:20,NIFTY,SELL,TYPE_F,BOOK_ENTRY_1,BOOK_EXIT_1,24410.05,24408.9,NIFTY21APR2624450PE,24450.0,PE,162.15,165.95,165.0,165.0,165.0,165.0,0.001852,0.002407,ws,ws,book_ladder,book_ladder,False,False,-2.85,0.95,65,247.0,strategy_S9-149__TYPE_F:NIFTY:2026-04-20T13:15:03:SHORT
2026-04-20,13:15:50,2026-04-20,13:16:00,NIFTY,SELL,TYPE_F,BOOK_ENTRY_1,BOOK_EXIT_1,24405.55,24406.1,NIFTY21APR2624450PE,24450.0,PE,166.35,167.8,170.0,165.0,170.0,165.0,0.002106,0.001786,ws,ws,book_ladder,book_ladder,False,False,-3.65,2.8,65,94.25,strategy_S9-149__TYPE_F:NIFTY:2026-04-20T13:15:50:SHORT
2026-04-20,13:16:43,2026-04-20,13:17:02,NIFTY,BUY,TYPE_F,BOOK_ENTRY_1,BOOK_EXIT_1,24408.0,24418.15,NIFTY21APR2624400CE,24400.0,CE,132.2,134.45,135.0,130.0,135.0,130.0,0.001514,0.0026,ws,ws,book_ladder,book_ladder,False,False,-2.8,4.45,65,146.25,strategy_S9-149__TYPE_F:NIFTY:2026-04-20T13:16:43:LONG
2026-04-20,13:17:27,2026-04-20,13:17:43,NIFTY,BUY,TYPE_F,BOOK_ENTRY_1,BOOK_EXIT_1,24422.25,24421.35,NIFTY21APR2624400CE,24400.0,CE,138.0,138.0,140.0,135.0,140.0,135.0,0.000725,0.002172,ws,ws,book_ladder,book_ladder,False,False,-2.0,3.0,65,0.0,strategy_S9-149__TYPE_F:NIFTY:2026-04-20T13:17:27:LONG
2026-04-20,13:17:57,2026-04-20,13:18:12,NIFTY,BUY,TYPE_F,BOOK_ENTRY_1,BOOK_EXIT_1,24424.3,24421.5,NIFTY21APR2624400CE,24400.0,CE,138.65,137.05,140.0,135.0,140.0,135.0,0.002528,0.002187,ws,ws,book_ladder,book_ladder,False,False,-1.35,2.05,65,-104.0,strategy_S9-149__TYPE_F:NIFTY:2026-04-20T13:17:57:LONG
2026-04-20,13:18:41,2026-04-20,13:18:56,NIFTY,SELL,TYPE_F,BOOK_ENTRY_1,BOOK_EXIT_1,24419.3,24419.45,NIFTY21APR2624450PE,24450.0,PE,158.85,156.0,160.0,155.0,160.0,155.0,0.00126,0.001601,ws,ws,book_ladder,book_ladder,False,False,-1.15,1.0,65,-185.25,strategy_S9-149__TYPE_F:NIFTY:2026-04-20T13:18:41:SHORT
2026-04-20,13:19:03,2026-04-20,13:19:50,NIFTY,SELL,TYPE_F,BOOK_ENTRY_1,BOOK_EXIT_1,24414.5,24415.25,NIFTY21APR2624450PE,24450.0,PE,159.0,157.7,160.0,155.0,160.0,155.0,0.000944,0.001901,ws,ws,book_ladder,book_ladder,False,False,-1.0,2.7,65,-84.5,strategy_S9-149__TYPE_F:NIFTY:2026-04-20T13:19:03:SHORT
2026-04-20,13:21:16,2026-04-20,13:21:27,NIFTY,SELL,TYPE_F,BOOK_ENTRY_1,BOOK_EXIT_1,24411.5,24412.25,NIFTY21APR2624450PE,24450.0,PE,162.65,162.45,165.0,160.0,165.0,160.0,0.001846,0.002459,ws,ws,book_ladder,book_ladder,False,False,-2.35,2.45,65,-13.0,strategy_S9-149__TYPE_F:NIFTY:2026-04-20T13:21:16:SHORT
2026-04-20,13:21:30,2026-04-20,13:21:46,NIFTY,SELL,TYPE_F,BOOK_ENTRY_1,BOOK_EXIT_1,24410.3,24409.2,NIFTY21APR2624450PE,24450.0,PE,163.55,165.0,165.0,165.0,165.0,165.0,0.00153,0.002119,ws,ws,book_ladder,book_ladder,False,False,-1.45,0.0,65,94.25,strategy_S9-149__TYPE_F:NIFTY:2026-04-20T13:21:30:SHORT
2026-04-20,13:22:08,2026-04-20,13:22:49,NIFTY,SELL,TYPE_F,BOOK_ENTRY_1,BOOK_EXIT_1,24406.2,24399.95,NIFTY21APR2624450PE,24450.0,PE,166.05,170.4,170.0,170.0,170.0,170.0,0.002714,0.002345,ws,ws,book_ladder,book_ladder,False,False,-3.95,0.4,65,282.75,strategy_S9-149__TYPE_F:NIFTY:2026-04-20T13:22:08:SHORT
2026-04-20,13:23:04,2026-04-20,13:23:23,NIFTY,SELL,TYPE_F,BOOK_ENTRY_1,BOOK_EXIT_1,24395.75,24393.0,NIFTY21APR2624400PE,24400.0,PE,149.4,149.5,150.0,145.0,150.0,145.0,0.002681,0.001671,ws,ws,book_ladder,book_ladder,False,False,-0.6,4.5,65,6.5,strategy_S9-149__TYPE_F:NIFTY:2026-04-20T13:23:04:SHORT
2026-04-20,13:23:50,2026-04-20,13:24:16,NIFTY,SELL,TYPE_F,BOOK_ENTRY_1,BOOK_EXIT_1,24391.0,24387.4,NIFTY21APR2624400PE,24400.0,PE,152.1,151.95,155.0,150.0,155.0,150.0,0.002304,0.002301,ws,ws,book_ladder,book_ladder,False,False,-2.9,1.95,65,-9.75,strategy_S9-149__TYPE_F:NIFTY:2026-04-20T13:23:50:SHORT
2026-04-20,13:24:35,2026-04-20,13:24:49,NIFTY,BUY,TYPE_F,BOOK_ENTRY_1,BOOK_EXIT_1,24395.45,24394.8,NIFTY21APR2624350CE,24350.0,CE,151.7,151.4,155.0,150.0,155.0,150.0,0.001649,0.002639,ws,ws,book_ladder,book_ladder,False,False,-3.3,1.4,65,-19.5,strategy_S9-149__TYPE_F:NIFTY:2026-04-20T13:24:35:LONG
2026-04-20,13:25:03,2026-04-20,13:25:17,NIFTY,SELL,TYPE_F,BOOK_ENTRY_1,BOOK_EXIT_1,24388.9,24388.1,NIFTY21APR2624400PE,24400.0,PE,152.95,152.5,155.0,150.0,155.0,150.0,0.001963,0.002292,ws,ws,book_ladder,book_ladder,False,False,-2.05,2.5,65,-29.25,strategy_S9-149__TYPE_F:NIFTY:2026-04-20T13:25:03:SHORT
2026-04-20,13:25:40,2026-04-20,13:25:57,NIFTY,SELL,TYPE_F,BOOK_ENTRY_1,BOOK_EXIT_1,24381.7,24379.15,NIFTY21APR2624400PE,24400.0,PE,155.8,156.7,160.0,155.0,160.0,155.0,0.002571,0.002231,ws,ws,book_ladder,book_ladder,False,False,-4.2,1.7,65,58.5,strategy_S9-149__TYPE_F:NIFTY:2026-04-20T13:25:40:SHORT
2026-04-20,13:26:00,2026-04-20,13:26:15,NIFTY,SELL,TYPE_F,BOOK_ENTRY_1,BOOK_EXIT_1,24375.75,24373.4,NIFTY21APR2624400PE,24400.0,PE,158.8,157.35,160.0,155.0,160.0,155.0,0.002522,0.002222,ws,ws,book_ladder,book_ladder,False,False,-1.2,2.35,65,-94.25,strategy_S9-149__TYPE_F:NIFTY:2026-04-20T13:26:00:SHORT
2026-04-20,13:26:30,2026-04-20,13:26:43,NIFTY,SELL,TYPE_F,BOOK_ENTRY_1,BOOK_EXIT_1,24366.8,24363.75,NIFTY21APR2624400PE,24400.0,PE,162.3,162.45,165.0,160.0,165.0,160.0,0.002159,0.002766,ws,ws,book_ladder,book_ladder,False,False,-2.7,2.45,65,9.75,strategy_S9-149__TYPE_F:NIFTY:2026-04-20T13:26:30:SHORT
2026-04-20,13:27:50,2026-04-20,13:27:57,NIFTY,SELL,TYPE_F,BOOK_ENTRY_1,BOOK_EXIT_1,24360.6,24361.75,NIFTY21APR2624400PE,24400.0,PE,164.15,162.75,165.0,160.0,165.0,160.0,0.001219,0.000307,ws,ws,book_ladder,book_ladder,False,False,-0.85,2.75,65,-91.0,strategy_S9-149__TYPE_F:NIFTY:2026-04-20T13:27:50:SHORT
2026-04-20,13:28:02,2026-04-20,13:28:18,NIFTY,BUY,TYPE_F,BOOK_ENTRY_1,BOOK_EXIT_1,24364.55,24364.5,NIFTY21APR2624350CE,24350.0,CE,135.9,135.85,140.0,135.0,140.0,135.0,0.002579,0.000736,ws,ws,book_ladder,book_ladder,False,False,-4.1,0.85,65,-3.25,strategy_S9-149__TYPE_F:NIFTY:2026-04-20T13:28:02:LONG
2026-04-20,13:28:25,2026-04-20,13:28:33,NIFTY,BUY,TYPE_F,BOOK_ENTRY_1,BOOK_EXIT_1,24366.8,24364.95,NIFTY21APR2624350CE,24350.0,CE,136.65,134.85,140.0,130.0,140.0,130.0,0.001098,0.001112,ws,ws,book_ladder,book_ladder,False,False,-3.35,4.85,65,-117.0,strategy_S9-149__TYPE_F:NIFTY:2026-04-20T13:28:25:LONG
2026-04-20,13:28:44,2026-04-20,13:28:54,NIFTY,SELL,TYPE_F,BOOK_ENTRY_1,BOOK_EXIT_1,24361.15,24365.35,NIFTY21APR2624400PE,24400.0,PE,165.6,162.5,170.0,160.0,170.0,160.0,0.001208,0.001844,ws,ws,book_ladder,book_ladder,False,False,-4.4,2.5,65,-201.5,strategy_S9-149__TYPE_F:NIFTY:2026-04-20T13:28:44:SHORT
2026-04-20,13:29:12,2026-04-20,13:29:38,NIFTY,BUY,TYPE_F,BOOK_ENTRY_1,BOOK_EXIT_1,24373.95,24379.2,NIFTY21APR2624350CE,24350.0,CE,140.0,142.7,140.0,140.0,140.0,140.0,0.001072,0.00175,ws,ws,book_ladder,book_ladder,False,False,0.0,2.7,65,175.5,strategy_S9-149__TYPE_F:NIFTY:2026-04-20T13:29:12:LONG
2026-04-20,13:29:44,2026-04-20,13:30:41,NIFTY,BUY,TYPE_F,BOOK_ENTRY_1,BOOK_EXIT_1,24384.55,24398.05,NIFTY21APR2624350CE,24350.0,CE,145.75,153.0,150.0,150.0,150.0,150.0,0.00206,0.001959,ws,ws,book_ladder,book_ladder,False,False,-4.25,3.0,65,471.25,strategy_S9-149__TYPE_F:NIFTY:2026-04-20T13:29:44:LONG
2026-04-20,13:30:53,2026-04-20,13:31:36,NIFTY,SELL,TYPE_F,BOOK_ENTRY_1,BOOK_EXIT_1,24391.35,24385.0,NIFTY21APR2624400PE,24400.0,PE,146.4,149.55,150.0,145.0,150.0,145.0,0.002051,0.001003,ws,ws,book_ladder,book_ladder,False,False,-3.6,4.55,65,204.75,strategy_S9-149__TYPE_F:NIFTY:2026-04-20T13:30:53:SHORT
2026-04-20,13:32:29,2026-04-20,13:32:44,NIFTY,SELL,TYPE_F,BOOK_ENTRY_1,BOOK_EXIT_1,24380.85,24380.2,NIFTY21APR2624400PE,24400.0,PE,154.45,153.65,155.0,150.0,155.0,150.0,0.002269,0.0026,ws,ws,book_ladder,book_ladder,False,False,-0.55,3.65,65,-52.0,strategy_S9-149__TYPE_F:NIFTY:2026-04-20T13:32:29:SHORT
2026-04-20,13:33:30,2026-04-20,13:34:00,NIFTY,BUY,TYPE_F,BOOK_ENTRY_1,BOOK_EXIT_1,24388.3,24392.9,NIFTY21APR2624350CE,24350.0,CE,148.0,148.15,150.0,145.0,150.0,145.0,0.001352,0.001012,ws,ws,book_ladder,book_ladder,False,False,-2.0,3.15,65,9.75,strategy_S9-149__TYPE_F:NIFTY:2026-04-20T13:33:30:LONG
2026-04-20,13:34:45,2026-04-20,13:35:03,NIFTY,BUY,TYPE_F,BOOK_ENTRY_1,BOOK_EXIT_1,24396.7,24394.0,NIFTY21APR2624350CE,24350.0,CE,149.2,145.65,150.0,145.0,150.0,145.0,0.002013,0.0024,ws,ws,book_ladder,book_ladder,False,False,-0.8,0.65,65,-230.75,strategy_S9-149__TYPE_F:NIFTY:2026-04-20T13:34:45:LONG
2026-04-20,13:35:11,2026-04-20,13:35:29,NIFTY,SELL,TYPE_F,BOOK_ENTRY_1,BOOK_EXIT_1,24389.9,24391.65,NIFTY21APR2624400PE,24400.0,PE,150.85,150.05,155.0,150.0,155.0,150.0,0.000332,0.00233,ws,ws,book_ladder,book_ladder,False,False,-4.15,0.05,65,-52.0,strategy_S9-149__TYPE_F:NIFTY:2026-04-20T13:35:11:SHORT
2026-04-20,13:36:14,2026-04-20,13:37:05,NIFTY,SELL,TYPE_F,BOOK_ENTRY_1,BOOK_EXIT_1,24386.15,24370.95,NIFTY21APR2624400PE,24400.0,PE,154.5,160.35,155.0,160.0,155.0,160.0,0.002268,0.002491,ws,ws,book_ladder,book_ladder,False,False,-0.5,0.35,65,380.25,strategy_S9-149__TYPE_F:NIFTY:2026-04-20T13:36:14:SHORT
2026-04-20,13:37:20,2026-04-20,13:37:25,NIFTY,BUY,TYPE_F,BOOK_ENTRY_1,BOOK_EXIT_1,24377.8,24374.35,NIFTY21APR2624350CE,24350.0,CE,141.55,138.7,145.0,135.0,145.0,135.0,0.001414,0.002161,ws,ws,book_ladder,book_ladder,False,False,-3.45,3.7,65,-185.25,strategy_S9-149__TYPE_F:NIFTY:2026-04-20T13:37:20:LONG
2026-04-20,13:37:41,2026-04-20,13:37:57,NIFTY,SELL,TYPE_F,BOOK_ENTRY_1,BOOK_EXIT_1,24369.75,24372.9,NIFTY21APR2624400PE,24400.0,PE,163.7,162.2,165.0,160.0,165.0,160.0,0.002446,0.002771,ws,ws,book_ladder,book_ladder,False,False,-1.3,2.2,65,-97.5,strategy_S9-149__TYPE_F:NIFTY:2026-04-20T13:37:41:SHORT
2026-04-20,13:38:21,2026-04-20,13:38:52,NIFTY,BUY,TYPE_F,BOOK_ENTRY_1,BOOK_EXIT_1,24376.25,24378.05,NIFTY21APR2624350CE,24350.0,CE,139.95,139.8,140.0,135.0,140.0,135.0,0.00143,0.00143,ws,ws,book_ladder,book_ladder,False,False,-0.05,4.8,65,-9.75,strategy_S9-149__TYPE_F:NIFTY:2026-04-20T13:38:21:LONG
2026-04-20,13:39:10,2026-04-20,13:39:40,NIFTY,SELL,TYPE_F,BOOK_ENTRY_1,BOOK_EXIT_1,24375.35,24375.05,NIFTY21APR2624400PE,24400.0,PE,159.45,158.15,160.0,155.0,160.0,155.0,0.002826,0.002211,ws,ws,book_ladder,book_ladder,False,False,-0.55,3.15,65,-84.5,strategy_S9-149__TYPE_F:NIFTY:2026-04-20T13:39:10:SHORT
2026-04-20,13:40:01,2026-04-20,13:40:12,NIFTY,BUY,TYPE_F,BOOK_ENTRY_1,BOOK_EXIT_1,24376.2,24374.0,NIFTY21APR2624350CE,24350.0,CE,139.75,137.1,140.0,135.0,140.0,135.0,0.002508,0.002186,ws,ws,book_ladder,book_ladder,False,False,-0.25,2.1,65,-172.25,strategy_S9-149__TYPE_F:NIFTY:2026-04-20T13:40:01:LONG
2026-04-20,13:40:51,2026-04-20,13:41:02,NIFTY,BUY,TYPE_F,BOOK_ENTRY_1,BOOK_EXIT_1,24381.45,24381.5,NIFTY21APR2624350CE,24350.0,CE,143.75,142.5,145.0,140.0,145.0,140.0,0.002089,0.001403,ws,ws,book_ladder,book_ladder,False,False,-1.25,2.5,65,-81.25,strategy_S9-149__TYPE_F:NIFTY:2026-04-20T13:40:51:LONG
2026-04-20,13:41:16,2026-04-20,13:41:22,NIFTY,BUY,TYPE_F,BOOK_ENTRY_1,BOOK_EXIT_1,24384.9,24382.85,NIFTY21APR2624350CE,24350.0,CE,143.65,141.25,145.0,140.0,145.0,140.0,0.002091,0.002475,ws,ws,book_ladder,book_ladder,False,False,-1.35,1.25,65,-156.0,strategy_S9-149__TYPE_F:NIFTY:2026-04-20T13:41:16:LONG
2026-04-20,13:41:53,2026-04-20,13:42:18,NIFTY,BUY,TYPE_F,BOOK_ENTRY_1,BOOK_EXIT_1,24385.45,24386.1,NIFTY21APR2624350CE,24350.0,CE,144.45,144.0,145.0,140.0,145.0,140.0,0.001732,0.002428,ws,ws,book_ladder,book_ladder,False,False,-0.55,4.0,65,-29.25,strategy_S9-149__TYPE_F:NIFTY:2026-04-20T13:41:53:LONG
2026-04-20,13:42:24,2026-04-20,13:42:36,NIFTY,BUY,TYPE_F,BOOK_ENTRY_1,BOOK_EXIT_1,24389.75,24388.75,NIFTY21APR2624350CE,24350.0,CE,145.75,145.45,150.0,145.0,150.0,145.0,0.002404,0.00206,ws,ws,book_ladder,book_ladder,False,False,-4.25,0.45,65,-19.5,strategy_S9-149__TYPE_F:NIFTY:2026-04-20T13:42:24:LONG
2026-04-20,13:42:49,2026-04-20,13:43:23,NIFTY,BUY,TYPE_F,BOOK_ENTRY_1,BOOK_EXIT_1,24392.0,24395.1,NIFTY21APR2624350CE,24350.0,CE,147.9,149.25,150.0,145.0,150.0,145.0,0.001692,0.002342,ws,ws,book_ladder,book_ladder,False,False,-2.1,4.25,65,87.75,strategy_S9-149__TYPE_F:NIFTY:2026-04-20T13:42:49:LONG
2026-04-20,13:43:40,2026-04-20,13:44:00,NIFTY,BUY,TYPE_F,BOOK_ENTRY_1,BOOK_EXIT_1,24397.6,24399.8,NIFTY21APR2624350CE,24350.0,CE,152.0,151.15,155.0,150.0,155.0,150.0,0.001317,0.002313,ws,ws,book_ladder,book_ladder,False,False,-3.0,1.15,65,-55.25,strategy_S9-149__TYPE_F:NIFTY:2026-04-20T13:43:40:LONG
2026-04-20,13:44:12,2026-04-20,13:44:20,NIFTY,BUY,TYPE_F,BOOK_ENTRY_1,BOOK_EXIT_1,24404.0,24400.6,NIFTY21APR2624400CE,24400.0,CE,127.0,125.7,130.0,125.0,130.0,125.0,0.002365,0.001987,ws,ws,book_ladder,book_ladder,False,False,-3.0,0.7,65,-84.5,strategy_S9-149__TYPE_F:NIFTY:2026-04-20T13:44:12:LONG
2026-04-20,13:44:57,2026-04-20,13:45:22,NIFTY,SELL,TYPE_F,BOOK_ENTRY_1,BOOK_EXIT_1,24398.05,24396.15,NIFTY21APR2624400PE,24400.0,PE,145.95,147.45,150.0,145.0,150.0,145.0,0.002401,0.002033,ws,ws,book_ladder,book_ladder,False,False,-4.05,2.45,65,97.5,strategy_S9-149__TYPE_F:NIFTY:2026-04-20T13:44:57:SHORT
2026-04-20,13:45:42,2026-04-20,13:45:57,NIFTY,SELL,TYPE_F,BOOK_ENTRY_1,BOOK_EXIT_1,24393.45,24393.55,NIFTY21APR2624400PE,24400.0,PE,149.75,148.7,150.0,145.0,150.0,145.0,0.002005,0.00168,ws,ws,book_ladder,book_ladder,False,False,-0.25,3.7,65,-68.25,strategy_S9-149__TYPE_F:NIFTY:2026-04-20T13:45:42:SHORT
2026-04-20,13:46:10,2026-04-20,13:46:15,NIFTY,SELL,TYPE_F,BOOK_ENTRY_1,BOOK_EXIT_1,24391.0,24392.3,NIFTY21APR2624400PE,24400.0,PE,151.9,150.0,155.0,150.0,155.0,150.0,0.001647,0.001332,ws,ws,book_ladder,book_ladder,False,False,-3.1,0.0,65,-123.5,strategy_S9-149__TYPE_F:NIFTY:2026-04-20T13:46:10:SHORT
2026-04-20,13:46:20,2026-04-20,13:46:35,NIFTY,SELL,TYPE_F,BOOK_ENTRY_1,BOOK_EXIT_1,24389.1,24385.7,NIFTY21APR2624400PE,24400.0,PE,152.9,152.75,155.0,150.0,155.0,150.0,0.000327,0.001635,ws,ws,book_ladder,book_ladder,False,False,-2.1,2.75,65,-9.75,strategy_S9-149__TYPE_F:NIFTY:2026-04-20T13:46:20:SHORT
2026-04-20,13:47:10,2026-04-20,13:48:02,NIFTY,BUY,TYPE_F,BOOK_ENTRY_1,BOOK_EXIT_1,24389.9,24394.2,NIFTY21APR2624350CE,24350.0,CE,146.55,147.5,150.0,145.0,150.0,145.0,0.001707,0.002032,ws,ws,book_ladder,book_ladder,False,False,-3.45,2.5,65,61.75,strategy_S9-149__TYPE_F:NIFTY:2026-04-20T13:47:10:LONG
2026-04-20,13:48:46,2026-04-20,13:49:11,NIFTY,SELL,TYPE_F,BOOK_ENTRY_1,BOOK_EXIT_1,24391.95,24392.0,NIFTY21APR2624400PE,24400.0,PE,151.4,150.0,155.0,150.0,155.0,150.0,0.00033,0.001998,ws,ws,book_ladder,book_ladder,False,False,-3.6,0.0,65,-91.0,strategy_S9-149__TYPE_F:NIFTY:2026-04-20T13:48:46:SHORT
2026-04-20,13:49:23,2026-04-20,13:50:41,NIFTY,SELL,TYPE_F,BOOK_ENTRY_1,BOOK_EXIT_1,24387.15,24377.75,NIFTY21APR2624400PE,24400.0,PE,154.7,154.55,155.0,150.0,155.0,150.0,0.002265,0.001293,ws,ws,book_ladder,book_ladder,False,False,-0.3,4.55,65,-9.75,strategy_S9-149__TYPE_F:NIFTY:2026-04-20T13:49:23:SHORT
2026-04-20,13:50:57,2026-04-20,13:51:17,NIFTY,BUY,TYPE_F,BOOK_ENTRY_1,BOOK_EXIT_1,24379.2,24378.4,NIFTY21APR2624350CE,24350.0,CE,143.4,141.8,145.0,140.0,145.0,140.0,0.002444,0.002113,ws,ws,book_ladder,book_ladder,False,False,-1.6,1.8,65,-104.0,strategy_S9-149__TYPE_F:NIFTY:2026-04-20T13:50:57:LONG
2026-04-20,13:51:26,2026-04-20,13:51:53,NIFTY,SELL,TYPE_F,BOOK_ENTRY_1,BOOK_EXIT_1,24375.85,24373.45,NIFTY21APR2624400PE,24400.0,PE,156.45,155.3,160.0,155.0,160.0,155.0,0.00224,0.002251,ws,ws,book_ladder,book_ladder,False,False,-3.55,0.3,65,-74.75,strategy_S9-149__TYPE_F:NIFTY:2026-04-20T13:51:26:SHORT
2026-04-20,13:52:00,2026-04-20,13:52:16,NIFTY,BUY,TYPE_F,BOOK_ENTRY_1,BOOK_EXIT_1,24376.1,24375.9,NIFTY21APR2624350CE,24350.0,CE,141.25,141.1,145.0,140.0,145.0,140.0,0.002481,0.002477,ws,ws,book_ladder,book_ladder,False,False,-3.75,1.1,65,-9.75,strategy_S9-149__TYPE_F:NIFTY:2026-04-20T13:52:00:LONG
2026-04-20,13:52:21,2026-04-20,13:52:42,NIFTY,SELL,TYPE_F,BOOK_ENTRY_1,BOOK_EXIT_1,24371.8,24372.25,NIFTY21APR2624400PE,24400.0,PE,156.9,155.75,160.0,155.0,160.0,155.0,0.002553,0.002245,ws,ws,book_ladder,book_ladder,False,False,-3.1,0.75,65,-74.75,strategy_S9-149__TYPE_F:NIFTY:2026-04-20T13:52:21:SHORT
2026-04-20,13:52:51,2026-04-20,13:53:50,NIFTY,BUY,TYPE_F,BOOK_ENTRY_1,BOOK_EXIT_1,24374.3,24380.5,NIFTY21APR2624350CE,24350.0,CE,141.55,141.95,145.0,140.0,145.0,140.0,0.002122,0.00176,ws,ws,book_ladder,book_ladder,False,False,-3.45,1.95,65,26.0,strategy_S9-149__TYPE_F:NIFTY:2026-04-20T13:52:51:LONG
2026-04-20,13:54:07,2026-04-20,13:54:21,NIFTY,BUY,TYPE_F,BOOK_ENTRY_1,BOOK_EXIT_1,24383.55,24384.4,NIFTY21APR2624350CE,24350.0,CE,142.75,144.8,145.0,140.0,145.0,140.0,0.001753,0.00069,ws,ws,book_ladder,book_ladder,False,False,-2.25,4.8,65,133.25,strategy_S9-149__TYPE_F:NIFTY:2026-04-20T13:54:07:LONG
2026-04-20,13:54:31,2026-04-20,13:54:56,NIFTY,BUY,TYPE_F,BOOK_ENTRY_1,BOOK_EXIT_1,24387.55,24390.1,NIFTY21APR2624350CE,24350.0,CE,147.55,148.55,150.0,145.0,150.0,145.0,0.001696,0.002689,ws,ws,book_ladder,book_ladder,False,False,-2.45,3.55,65,65.0,strategy_S9-149__TYPE_F:NIFTY:2026-04-20T13:54:31:LONG
2026-04-20,13:55:29,2026-04-20,13:56:10,NIFTY,SELL,TYPE_F,BOOK_ENTRY_1,BOOK_EXIT_1,24384.75,24381.35,NIFTY21APR2624400PE,24400.0,PE,152.0,153.6,155.0,150.0,155.0,150.0,0.001646,0.001951,ws,ws,book_ladder,book_ladder,False,False,-3.0,3.6,65,104.0,strategy_S9-149__TYPE_F:NIFTY:2026-04-20T13:55:29:SHORT
2026-04-20,13:56:20,2026-04-20,13:56:26,NIFTY,SELL,TYPE_F,BOOK_ENTRY_1,BOOK_EXIT_1,24379.5,24380.6,NIFTY21APR2624400PE,24400.0,PE,155.85,154.45,160.0,150.0,160.0,150.0,0.00257,0.002264,ws,ws,book_ladder,book_ladder,False,False,-4.15,4.45,65,-91.0,strategy_S9-149__TYPE_F:NIFTY:2026-04-20T13:56:20:SHORT
2026-04-20,13:57:17,2026-04-20,13:57:25,NIFTY,SELL,TYPE_F,BOOK_ENTRY_1,BOOK_EXIT_1,24378.95,24380.25,NIFTY21APR2624400PE,24400.0,PE,156.7,153.35,160.0,150.0,160.0,150.0,0.001916,0.001954,ws,ws,book_ladder,book_ladder,False,False,-3.3,3.35,65,-217.75,strategy_S9-149__TYPE_F:NIFTY:2026-04-20T13:57:17:SHORT
2026-04-20,13:57:30,2026-04-20,13:58:21,NIFTY,BUY,TYPE_F,BOOK_ENTRY_1,BOOK_EXIT_1,24382.35,24390.2,NIFTY21APR2624350CE,24350.0,CE,143.3,146.3,145.0,145.0,145.0,145.0,0.002096,0.002048,ws,ws,book_ladder,book_ladder,False,False,-1.7,1.3,65,195.0,strategy_S9-149__TYPE_F:NIFTY:2026-04-20T13:57:30:LONG
2026-04-20,13:58:43,2026-04-20,13:58:56,NIFTY,SELL,TYPE_F,BOOK_ENTRY_1,BOOK_EXIT_1,24385.95,24385.45,NIFTY21APR2624400PE,24400.0,PE,152.25,152.0,155.0,150.0,155.0,150.0,0.001972,0.002628,ws,ws,book_ladder,book_ladder,False,False,-2.75,2.0,65,-16.25,strategy_S9-149__TYPE_F:NIFTY:2026-04-20T13:58:43:SHORT
2026-04-20,13:59:34,2026-04-20,13:59:54,NIFTY,BUY,TYPE_F,BOOK_ENTRY_1,BOOK_EXIT_1,24394.6,24395.15,NIFTY21APR2624350CE,24350.0,CE,148.0,147.5,150.0,145.0,150.0,145.0,0.001691,0.002708,ws,ws,book_ladder,book_ladder,False,False,-2.0,2.5,65,-32.5,strategy_S9-149__TYPE_F:NIFTY:2026-04-20T13:59:34:LONG
2026-04-20,14:00:41,2026-04-20,14:01:20,NIFTY,SELL,TYPE_F,BOOK_ENTRY_1,BOOK_EXIT_1,24389.9,24380.45,NIFTY21APR2624400PE,24400.0,PE,151.0,154.35,155.0,150.0,155.0,150.0,0.001989,0.001618,ws,ws,book_ladder,book_ladder,False,False,-4.0,4.35,65,217.75,strategy_S9-149__TYPE_F:NIFTY:2026-04-20T14:00:41:SHORT
2026-04-20,14:01:42,2026-04-20,14:02:15,NIFTY,BUY,TYPE_F,BOOK_ENTRY_1,BOOK_EXIT_1,24383.0,24383.25,NIFTY21APR2624350CE,24350.0,CE,141.9,140.4,145.0,140.0,145.0,140.0,0.00247,0.002134,ws,ws,book_ladder,book_ladder,False,False,-3.1,0.4,65,-97.5,strategy_S9-149__TYPE_F:NIFTY:2026-04-20T14:01:42:LONG
2026-04-20,14:02:25,2026-04-20,14:02:41,NIFTY,SELL,TYPE_F,BOOK_ENTRY_1,BOOK_EXIT_1,24379.95,24380.0,NIFTY21APR2624400PE,24400.0,PE,156.95,154.0,160.0,150.0,160.0,150.0,0.001913,0.001622,ws,ws,book_ladder,book_ladder,False,False,-3.05,4.0,65,-191.75,strategy_S9-149__TYPE_F:NIFTY:2026-04-20T14:02:25:SHORT
2026-04-20,14:02:52,2026-04-20,14:03:10,NIFTY,BUY,TYPE_F,BOOK_ENTRY_1,BOOK_EXIT_1,24384.25,24384.7,NIFTY21APR2624350CE,24350.0,CE,140.9,140.3,145.0,140.0,145.0,140.0,0.002487,0.002492,ws,ws,book_ladder,book_ladder,False,False,-4.1,0.3,65,-39.0,strategy_S9-149__TYPE_F:NIFTY:2026-04-20T14:02:52:LONG
2026-04-20,14:03:35,2026-04-20,14:04:00,NIFTY,BUY,TYPE_F,BOOK_ENTRY_1,BOOK_EXIT_1,24387.65,24389.0,NIFTY21APR2624350CE,24350.0,CE,143.9,144.1,145.0,140.0,145.0,140.0,0.002087,0.00208,ws,ws,book_ladder,book_ladder,False,False,-1.1,4.1,65,13.0,strategy_S9-149__TYPE_F:NIFTY:2026-04-20T14:03:35:LONG
2026-04-20,14:04:29,2026-04-20,14:04:46,NIFTY,BUY,TYPE_F,BOOK_ENTRY_1,BOOK_EXIT_1,24393.9,24393.9,NIFTY21APR2624350CE,24350.0,CE,149.0,146.9,150.0,145.0,150.0,145.0,0.002352,0.00204,ws,ws,book_ladder,book_ladder,False,False,-1.0,1.9,65,-136.5,strategy_S9-149__TYPE_F:NIFTY:2026-04-20T14:04:29:LONG
2026-04-20,14:05:17,2026-04-20,14:05:42,NIFTY,SELL,TYPE_F,BOOK_ENTRY_1,BOOK_EXIT_1,24388.5,24384.65,NIFTY21APR2624400PE,24400.0,PE,148.65,149.45,150.0,145.0,150.0,145.0,0.001683,0.002339,ws,ws,book_ladder,book_ladder,False,False,-1.35,4.45,65,52.0,strategy_S9-149__TYPE_F:NIFTY:2026-04-20T14:05:17:SHORT
2026-04-20,14:06:20,2026-04-20,14:06:29,NIFTY,SELL,TYPE_F,BOOK_ENTRY_1,BOOK_EXIT_1,24384.2,24386.0,NIFTY21APR2624400PE,24400.0,PE,150.5,149.2,155.0,145.0,155.0,145.0,0.002328,0.002009,ws,ws,book_ladder,book_ladder,False,False,-4.5,4.2,65,-84.5,strategy_S9-149__TYPE_F:NIFTY:2026-04-20T14:06:20:SHORT
2026-04-20,14:06:55,2026-04-20,14:07:08,NIFTY,SELL,TYPE_F,BOOK_ENTRY_1,BOOK_EXIT_1,24382.3,24381.3,NIFTY21APR2624400PE,24400.0,PE,154.0,153.9,155.0,150.0,155.0,150.0,0.002275,0.001947,ws,ws,book_ladder,book_ladder,False,False,-1.0,3.9,65,-6.5,strategy_S9-149__TYPE_F:NIFTY:2026-04-20T14:06:55:SHORT
2026-04-20,14:07:20,2026-04-20,14:07:27,NIFTY,SELL,TYPE_F,BOOK_ENTRY_1,BOOK_EXIT_1,24377.6,24380.15,NIFTY21APR2624400PE,24400.0,PE,157.4,155.5,160.0,155.0,160.0,155.0,0.002545,0.002248,ws,ws,book_ladder,book_ladder,False,False,-2.6,0.5,65,-123.5,strategy_S9-149__TYPE_F:NIFTY:2026-04-20T14:07:20:SHORT
2026-04-20,14:07:35,2026-04-20,14:07:43,NIFTY,SELL,TYPE_F,BOOK_ENTRY_1,BOOK_EXIT_1,24374.55,24378.3,NIFTY21APR2624400PE,24400.0,PE,156.7,155.85,160.0,155.0,160.0,155.0,0.002876,0.001603,ws,ws,book_ladder,book_ladder,False,False,-3.3,0.85,65,-55.25,strategy_S9-149__TYPE_F:NIFTY:2026-04-20T14:07:35:SHORT
2026-04-20,14:08:11,2026-04-20,14:08:31,NIFTY,SELL,TYPE_F,BOOK_ENTRY_1,BOOK_EXIT_1,24375.45,24377.5,NIFTY21APR2624400PE,24400.0,PE,156.3,155.45,160.0,155.0,160.0,155.0,0.002562,0.000964,ws,ws,book_ladder,book_ladder,False,False,-3.7,0.45,65,-55.25,strategy_S9-149__TYPE_F:NIFTY:2026-04-20T14:08:11:SHORT
2026-04-20,14:08:41,2026-04-20,14:08:49,NIFTY,SELL,TYPE_F,BOOK_ENTRY_1,BOOK_EXIT_1,24373.7,24375.1,NIFTY21APR2624400PE,24400.0,PE,159.2,156.65,160.0,155.0,160.0,155.0,0.001886,0.001595,ws,ws,book_ladder,book_ladder,False,False,-0.8,1.65,65,-165.75,strategy_S9-149__TYPE_F:NIFTY:2026-04-20T14:08:41:SHORT
2026-04-20,14:09:57,2026-04-20,14:10:31,NIFTY,BUY,TYPE_F,BOOK_ENTRY_1,BOOK_EXIT_1,24380.7,24384.45,NIFTY21APR2624350CE,24350.0,CE,138.95,141.45,140.0,140.0,140.0,140.0,0.002161,0.002119,ws,ws,book_ladder,book_ladder,False,False,-1.05,1.45,65,162.5,strategy_S9-149__TYPE_F:NIFTY:2026-04-20T14:09:57:LONG
2026-04-20,14:10:54,2026-04-20,14:11:21,NIFTY,BUY,TYPE_F,BOOK_ENTRY_1,BOOK_EXIT_1,24387.75,24392.85,NIFTY21APR2624350CE,24350.0,CE,142.7,145.25,145.0,145.0,145.0,145.0,0.002105,0.00172,ws,ws,book_ladder,book_ladder,False,False,-2.3,0.25,65,165.75,strategy_S9-149__TYPE_F:NIFTY:2026-04-20T14:10:54:LONG
2026-04-20,14:11:32,2026-04-20,14:11:42,NIFTY,SELL,TYPE_F,BOOK_ENTRY_1,BOOK_EXIT_1,24388.05,24389.1,NIFTY21APR2624400PE,24400.0,PE,148.5,147.8,150.0,145.0,150.0,145.0,0.002697,0.002365,ws,ws,book_ladder,book_ladder,False,False,-1.5,2.8,65,-45.5,strategy_S9-149__TYPE_F:NIFTY:2026-04-20T14:11:32:SHORT
2026-04-20,14:12:45,2026-04-20,14:13:27,NIFTY,SELL,TYPE_F,BOOK_ENTRY_1,BOOK_EXIT_1,24389.1,24388.1,NIFTY21APR2624400PE,24400.0,PE,147.3,148.95,150.0,145.0,150.0,145.0,0.001359,0.002012,ws,ws,book_ladder,book_ladder,False,False,-2.7,3.95,65,107.25,strategy_S9-149__TYPE_F:NIFTY:2026-04-20T14:12:45:SHORT
2026-04-20,14:13:54,2026-04-20,14:14:08,NIFTY,BUY,TYPE_F,BOOK_ENTRY_1,BOOK_EXIT_1,24391.5,24391.7,NIFTY21APR2624350CE,24350.0,CE,144.35,143.75,145.0,140.0,145.0,140.0,0.00208,0.002085,ws,ws,book_ladder,book_ladder,False,False,-0.65,3.75,65,-39.0,strategy_S9-149__TYPE_F:NIFTY:2026-04-20T14:13:54:LONG
2026-04-20,14:15:41,2026-04-20,14:15:52,NIFTY,BUY,TYPE_F,BOOK_ENTRY_1,BOOK_EXIT_1,24394.45,24393.5,NIFTY21APR2624350CE,24350.0,CE,145.8,145.65,150.0,145.0,150.0,145.0,0.002403,0.0024,ws,ws,book_ladder,book_ladder,False,False,-4.2,0.65,65,-9.75,strategy_S9-149__TYPE_F:NIFTY:2026-04-20T14:15:41:LONG
2026-04-20,14:16:31,2026-04-20,14:16:58,NIFTY,BUY,TYPE_F,BOOK_ENTRY_1,BOOK_EXIT_1,24395.85,24395.9,NIFTY21APR2624350CE,24350.0,CE,145.85,146.95,150.0,145.0,150.0,145.0,0.002403,0.0017,ws,ws,book_ladder,book_ladder,False,False,-4.15,1.95,65,71.5,strategy_S9-149__TYPE_F:NIFTY:2026-04-20T14:16:31:LONG
2026-04-20,14:17:00,2026-04-20,14:17:15,NIFTY,BUY,TYPE_F,BOOK_ENTRY_1,BOOK_EXIT_1,24397.8,24397.65,NIFTY21APR2624350CE,24350.0,CE,149.4,149.15,150.0,145.0,150.0,145.0,0.00067,0.002344,ws,ws,book_ladder,book_ladder,False,False,-0.6,4.15,65,-16.25,strategy_S9-149__TYPE_F:NIFTY:2026-04-20T14:17:00:LONG
2026-04-20,14:17:40,2026-04-20,14:17:57,NIFTY,SELL,TYPE_F,BOOK_ENTRY_1,BOOK_EXIT_1,24396.4,24397.3,NIFTY21APR2624400PE,24400.0,PE,143.35,141.85,145.0,140.0,145.0,140.0,0.001746,0.002464,ws,ws,book_ladder,book_ladder,False,False,-1.65,1.85,65,-97.5,strategy_S9-149__TYPE_F:NIFTY:2026-04-20T14:17:40:SHORT
2026-04-20,14:19:00,2026-04-20,14:19:11,NIFTY,SELL,TYPE_F,BOOK_ENTRY_1,BOOK_EXIT_1,24392.45,24392.75,NIFTY21APR2624400PE,24400.0,PE,146.85,146.7,150.0,145.0,150.0,145.0,0.002045,0.002043,ws,ws,book_ladder,book_ladder,False,False,-3.15,1.7,65,-9.75,strategy_S9-149__TYPE_F:NIFTY:2026-04-20T14:19:00:SHORT
2026-04-20,14:20:08,2026-04-20,14:20:16,NIFTY,BUY,TYPE_F,BOOK_ENTRY_1,BOOK_EXIT_1,24395.95,24392.7,NIFTY21APR2624350CE,24350.0,CE,147.0,145.35,150.0,145.0,150.0,145.0,0.001361,0.002405,ws,ws,book_ladder,book_ladder,False,False,-3.0,0.35,65,-107.25,strategy_S9-149__TYPE_F:NIFTY:2026-04-20T14:20:08:LONG
2026-04-20,14:20:30,2026-04-20,14:20:35,NIFTY,BUY,TYPE_F,BOOK_ENTRY_1,BOOK_EXIT_1,24396.25,24394.05,NIFTY21APR2624350CE,24350.0,CE,147.7,146.25,150.0,145.0,150.0,145.0,0.002372,0.002731,ws,ws,book_ladder,book_ladder,False,False,-2.3,1.25,65,-94.25,strategy_S9-149__TYPE_F:NIFTY:2026-04-20T14:20:30:LONG
2026-04-20,14:20:41,2026-04-20,14:20:50,NIFTY,BUY,TYPE_F,BOOK_ENTRY_1,BOOK_EXIT_1,24397.05,24396.5,NIFTY21APR2624350CE,24350.0,CE,149.55,147.6,150.0,145.0,150.0,145.0,0.001673,0.002706,ws,ws,book_ladder,book_ladder,False,False,-0.45,2.6,65,-126.75,strategy_S9-149__TYPE_F:NIFTY:2026-04-20T14:20:41:LONG
2026-04-20,14:21:00,2026-04-20,14:21:25,NIFTY,BUY,TYPE_F,BOOK_ENTRY_1,BOOK_EXIT_1,24401.55,24401.75,NIFTY21APR2624400CE,24400.0,CE,123.7,122.0,125.0,120.0,125.0,120.0,0.002023,0.002456,ws,ws,book_ladder,book_ladder,False,False,-1.3,2.0,65,-110.5,strategy_S9-149__TYPE_F:NIFTY:2026-04-20T14:21:00:LONG
2026-04-20,14:21:51,2026-04-20,14:22:12,NIFTY,SELL,TYPE_F,BOOK_ENTRY_1,BOOK_EXIT_1,24399.5,24399.25,NIFTY21APR2624400PE,24400.0,PE,143.0,144.4,145.0,140.0,145.0,140.0,0.0014,0.000692,ws,ws,book_ladder,book_ladder,False,False,-2.0,4.4,65,91.0,strategy_S9-149__TYPE_F:NIFTY:2026-04-20T14:21:51:SHORT
2026-04-20,14:22:51,2026-04-20,14:22:55,NIFTY,SELL,TYPE_F,BOOK_ENTRY_1,BOOK_EXIT_1,24396.15,24397.65,NIFTY21APR2624400PE,24400.0,PE,145.8,144.4,150.0,140.0,150.0,140.0,0.002403,0.002766,ws,ws,book_ladder,book_ladder,False,False,-4.2,4.4,65,-91.0,strategy_S9-149__TYPE_F:NIFTY:2026-04-20T14:22:51:SHORT
2026-04-20,14:24:00,2026-04-20,14:24:26,NIFTY,BUY,TYPE_F,BOOK_ENTRY_1,BOOK_EXIT_1,24402.8,24413.3,NIFTY21APR2624400CE,24400.0,CE,123.55,130.35,125.0,130.0,125.0,130.0,0.002026,0.002299,ws,ws,book_ladder,book_ladder,False,False,-1.45,0.35,65,442.0,strategy_S9-149__TYPE_F:NIFTY:2026-04-20T14:24:00:LONG
2026-04-20,14:25:10,2026-04-20,14:25:20,NIFTY,BUY,TYPE_F,BOOK_ENTRY_1,BOOK_EXIT_1,24418.2,24416.9,NIFTY21APR2624400CE,24400.0,CE,136.35,135.7,140.0,135.0,140.0,135.0,0.00257,0.001841,ws,ws,book_ladder,book_ladder,False,False,-3.65,0.7,65,-42.25,strategy_S9-149__TYPE_F:NIFTY:2026-04-20T14:25:10:LONG
2026-04-20,14:25:41,2026-04-20,14:26:05,NIFTY,BUY,TYPE_F,BOOK_ENTRY_1,BOOK_EXIT_1,24422.75,24418.75,NIFTY21APR2624400CE,24400.0,CE,137.45,131.8,140.0,130.0,140.0,130.0,0.002185,0.002274,ws,ws,book_ladder,book_ladder,False,False,-2.55,1.8,65,-367.25,strategy_S9-149__TYPE_F:NIFTY:2026-04-20T14:25:41:LONG
2026-04-20,14:26:10,2026-04-20,14:26:30,NIFTY,SELL,TYPE_F,BOOK_ENTRY_1,BOOK_EXIT_1,24415.5,24413.6,NIFTY21APR2624450PE,24450.0,PE,161.1,162.8,165.0,160.0,165.0,160.0,0.002797,0.001228,ws,ws,book_ladder,book_ladder,False,False,-3.9,2.8,65,110.5,strategy_S9-149__TYPE_F:NIFTY:2026-04-20T14:26:10:SHORT
2026-04-20,14:26:41,2026-04-20,14:26:50,NIFTY,BUY,TYPE_F,BOOK_ENTRY_1,BOOK_EXIT_1,24417.25,24416.45,NIFTY21APR2624400CE,24400.0,CE,132.1,132.4,135.0,130.0,135.0,130.0,0.001894,0.001132,ws,ws,book_ladder,book_ladder,False,False,-2.9,2.4,65,19.5,strategy_S9-149__TYPE_F:NIFTY:2026-04-20T14:26:41:LONG
2026-04-20,14:27:07,2026-04-20,14:27:21,NIFTY,SELL,TYPE_F,BOOK_ENTRY_1,BOOK_EXIT_1,24414.55,24416.1,NIFTY21APR2624450PE,24450.0,PE,161.8,158.7,165.0,155.0,165.0,155.0,0.002166,0.002203,ws,ws,book_ladder,book_ladder,False,False,-3.2,3.7,65,-201.5,strategy_S9-149__TYPE_F:NIFTY:2026-04-20T14:27:07:SHORT
2026-04-20,14:27:31,2026-04-20,14:27:46,NIFTY,BUY,TYPE_F,BOOK_ENTRY_1,BOOK_EXIT_1,24421.65,24424.25,NIFTY21APR2624400CE,24400.0,CE,136.5,137.7,140.0,135.0,140.0,135.0,0.0022,0.002539,ws,ws,book_ladder,book_ladder,False,False,-3.5,2.7,65,78.0,strategy_S9-149__TYPE_F:NIFTY:2026-04-20T14:27:31:LONG
2026-04-20,14:27:53,2026-04-20,14:28:18,NIFTY,BUY,TYPE_F,BOOK_ENTRY_1,BOOK_EXIT_1,24428.4,24425.05,NIFTY21APR2624400CE,24400.0,CE,137.6,136.15,140.0,135.0,140.0,135.0,0.002183,0.002567,ws,ws,book_ladder,book_ladder,False,False,-2.4,1.15,65,-94.25,strategy_S9-149__TYPE_F:NIFTY:2026-04-20T14:27:53:LONG
2026-04-20,14:28:22,2026-04-20,14:28:51,NIFTY,BUY,TYPE_F,BOOK_ENTRY_1,BOOK_EXIT_1,24428.35,24433.2,NIFTY21APR2624400CE,24400.0,CE,138.7,137.7,140.0,135.0,140.0,135.0,0.002527,0.002539,ws,ws,book_ladder,book_ladder,False,False,-1.3,2.7,65,-65.0,strategy_S9-149__TYPE_F:NIFTY:2026-04-20T14:28:22:LONG
2026-04-20,14:29:00,2026-04-20,14:29:05,NIFTY,BUY,TYPE_F,BOOK_ENTRY_1,BOOK_EXIT_1,24436.3,24432.1,NIFTY21APR2624400CE,24400.0,CE,139.3,136.0,140.0,135.0,140.0,135.0,0.002516,0.001837,ws,ws,book_ladder,book_ladder,False,False,-0.7,1.0,65,-214.5,strategy_S9-149__TYPE_F:NIFTY:2026-04-20T14:29:00:LONG
2026-04-20,14:29:14,2026-04-20,14:29:26,NIFTY,SELL,TYPE_F,BOOK_ENTRY_1,BOOK_EXIT_1,24430.25,24432.1,NIFTY21APR2624450PE,24450.0,PE,150.5,150.4,155.0,150.0,155.0,150.0,0.002328,0.001993,ws,ws,book_ladder,book_ladder,False,False,-4.5,0.4,65,-6.5,strategy_S9-149__TYPE_F:NIFTY:2026-04-20T14:29:14:SHORT
2026-04-20,14:29:40,2026-04-20,14:30:05,NIFTY,SELL,TYPE_F,BOOK_ENTRY_1,BOOK_EXIT_1,24430.25,24430.0,NIFTY21APR2624450PE,24450.0,PE,151.55,150.8,155.0,150.0,155.0,150.0,0.001982,0.002318,ws,ws,book_ladder,book_ladder,False,False,-3.45,0.8,65,-48.75,strategy_S9-149__TYPE_F:NIFTY:2026-04-20T14:29:40:SHORT
2026-04-20,14:30:13,2026-04-20,14:30:29,NIFTY,SELL,TYPE_F,BOOK_ENTRY_1,BOOK_EXIT_1,24428.15,24427.25,NIFTY21APR2624450PE,24450.0,PE,152.85,152.8,155.0,150.0,155.0,150.0,0.002292,0.002288,ws,ws,book_ladder,book_ladder,False,False,-2.15,2.8,65,-3.25,strategy_S9-149__TYPE_F:NIFTY:2026-04-20T14:30:13:SHORT
2026-04-20,14:30:37,2026-04-20,14:32:27,NIFTY,SELL,TYPE_F,BOOK_ENTRY_1,BOOK_EXIT_1,24422.65,24404.7,NIFTY21APR2624450PE,24450.0,PE,156.0,160.65,160.0,160.0,160.0,160.0,0.001604,0.001866,ws,ws,book_ladder,book_ladder,False,False,-4.0,0.65,65,302.25,strategy_S9-149__TYPE_F:NIFTY:2026-04-20T14:30:37:SHORT
2026-04-20,14:33:36,2026-04-20,14:34:21,NIFTY,BUY,TYPE_F,BOOK_ENTRY_1,BOOK_EXIT_1,24415.9,24422.6,NIFTY21APR2624400CE,24400.0,CE,128.9,130.1,130.0,130.0,130.0,130.0,0.00233,0.000768,ws,ws,book_ladder,book_ladder,False,False,-1.1,0.1,65,78.0,strategy_S9-149__TYPE_F:NIFTY:2026-04-20T14:33:36:LONG
2026-04-20,14:35:00,2026-04-20,14:35:18,NIFTY,BUY,TYPE_F,BOOK_ENTRY_1,BOOK_EXIT_1,24423.65,24424.05,NIFTY21APR2624400CE,24400.0,CE,130.8,129.7,135.0,125.0,135.0,125.0,0.00153,0.001541,ws,ws,book_ladder,book_ladder,False,False,-4.2,4.7,65,-71.5,strategy_S9-149__TYPE_F:NIFTY:2026-04-20T14:35:00:LONG
2026-04-20,14:36:09,2026-04-20,14:36:21,NIFTY,BUY,TYPE_F,BOOK_ENTRY_1,BOOK_EXIT_1,24427.2,24425.85,NIFTY21APR2624400CE,24400.0,CE,134.35,133.35,135.0,130.0,135.0,130.0,0.002235,0.002247,ws,ws,book_ladder,book_ladder,False,False,-0.65,3.35,65,-65.0,strategy_S9-149__TYPE_F:NIFTY:2026-04-20T14:36:09:LONG
2026-04-20,14:37:06,2026-04-20,14:37:10,NIFTY,BUY,TYPE_F,BOOK_ENTRY_1,BOOK_EXIT_1,24430.8,24426.25,NIFTY21APR2624400CE,24400.0,CE,133.25,131.85,135.0,130.0,135.0,130.0,0.001878,0.002651,ws,ws,book_ladder,book_ladder,False,False,-1.75,1.85,65,-91.0,strategy_S9-149__TYPE_F:NIFTY:2026-04-20T14:37:06:LONG
2026-04-20,14:37:35,2026-04-20,14:37:42,NIFTY,SELL,TYPE_F,BOOK_ENTRY_1,BOOK_EXIT_1,24421.45,24422.8,NIFTY21APR2624450PE,24450.0,PE,157.95,155.75,160.0,155.0,160.0,155.0,0.002536,0.002245,ws,ws,book_ladder,book_ladder,False,False,-2.05,0.75,65,-143.0,strategy_S9-149__TYPE_F:NIFTY:2026-04-20T14:37:35:SHORT
2026-04-20,14:37:55,2026-04-20,14:39:27,NIFTY,SELL,TYPE_F,BOOK_ENTRY_1,BOOK_EXIT_1,24419.25,24403.15,NIFTY21APR2624450PE,24450.0,PE,155.95,165.05,160.0,165.0,160.0,165.0,0.001604,0.002118,ws,ws,book_ladder,book_ladder,False,False,-4.05,0.05,65,591.5,strategy_S9-149__TYPE_F:NIFTY:2026-04-20T14:37:55:SHORT
2026-04-20,14:40:20,2026-04-20,14:40:42,NIFTY,SELL,TYPE_F,BOOK_ENTRY_1,BOOK_EXIT_1,24402.2,24400.0,NIFTY21APR2624450PE,24450.0,PE,168.5,167.6,170.0,165.0,170.0,165.0,0.002674,0.002086,ws,ws,book_ladder,book_ladder,False,False,-1.5,2.6,65,-58.5,strategy_S9-149__TYPE_F:NIFTY:2026-04-20T14:40:20:SHORT
2026-04-20,14:41:13,2026-04-20,14:41:33,NIFTY,BUY,TYPE_F,BOOK_ENTRY_1,BOOK_EXIT_1,24404.0,24402.0,NIFTY21APR2624400CE,24400.0,CE,122.0,119.35,125.0,115.0,125.0,115.0,0.002051,0.001674,ws,ws,book_ladder,book_ladder,False,False,-3.0,4.35,65,-172.25,strategy_S9-149__TYPE_F:NIFTY:2026-04-20T14:41:13:LONG
2026-04-20,14:41:41,2026-04-20,14:41:46,NIFTY,SELL,TYPE_F,BOOK_ENTRY_1,BOOK_EXIT_1,24401.25,24403.5,NIFTY21APR2624450PE,24450.0,PE,169.05,167.8,170.0,165.0,170.0,165.0,0.002665,0.002084,ws,ws,book_ladder,book_ladder,False,False,-0.95,2.8,65,-81.25,strategy_S9-149__TYPE_F:NIFTY:2026-04-20T14:41:41:SHORT
2026-04-20,14:41:51,2026-04-20,14:42:06,NIFTY,SELL,TYPE_F,BOOK_ENTRY_1,BOOK_EXIT_1,24400.7,24400.4,NIFTY21APR2624450PE,24450.0,PE,168.8,169.0,170.0,165.0,170.0,165.0,0.002076,0.002069,ws,ws,book_ladder,book_ladder,False,False,-1.2,4.0,65,13.0,strategy_S9-149__TYPE_F:NIFTY:2026-04-20T14:41:51:SHORT
2026-04-20,14:42:54,2026-04-20,14:43:02,NIFTY,SELL,TYPE_F,BOOK_ENTRY_1,BOOK_EXIT_1,24396.7,24399.7,NIFTY21APR2624400PE,24400.0,PE,144.25,142.5,145.0,140.0,145.0,140.0,0.002777,0.002103,ws,ws,book_ladder,book_ladder,False,False,-0.75,2.5,65,-113.75,strategy_S9-149__TYPE_F:NIFTY:2026-04-20T14:42:54:SHORT
2026-04-20,14:43:41,2026-04-20,14:44:23,NIFTY,SELL,TYPE_F,BOOK_ENTRY_1,BOOK_EXIT_1,24394.55,24394.7,NIFTY21APR2624400PE,24400.0,PE,143.4,142.7,145.0,140.0,145.0,140.0,0.001745,0.001051,ws,ws,book_ladder,book_ladder,False,False,-1.6,2.7,65,-45.5,strategy_S9-149__TYPE_F:NIFTY:2026-04-20T14:43:41:SHORT
2026-04-20,14:44:42,2026-04-20,14:45:05,NIFTY,BUY,TYPE_F,BOOK_ENTRY_1,BOOK_EXIT_1,24396.9,24400.55,NIFTY21APR2624350CE,24350.0,CE,148.95,150.2,150.0,150.0,150.0,150.0,0.002016,0.001663,ws,ws,book_ladder,book_ladder,False,False,-1.05,0.2,65,81.25,strategy_S9-149__TYPE_F:NIFTY:2026-04-20T14:44:42:LONG
2026-04-20,14:45:36,2026-04-20,14:45:54,NIFTY,SELL,TYPE_F,BOOK_ENTRY_1,BOOK_EXIT_1,24397.55,24393.6,NIFTY21APR2624400PE,24400.0,PE,148.05,145.5,150.0,145.0,150.0,145.0,0.002028,0.002403,ws,ws,book_ladder,book_ladder,False,False,-1.95,0.5,65,-165.75,strategy_S9-149__TYPE_F:NIFTY:2026-04-20T14:45:36:SHORT
2026-04-20,14:46:11,2026-04-20,14:46:50,NIFTY,SELL,TYPE_F,BOOK_ENTRY_1,BOOK_EXIT_1,24385.15,24377.55,NIFTY21APR2624400PE,24400.0,PE,153.9,160.85,155.0,160.0,155.0,160.0,0.001951,0.002794,ws,ws,book_ladder,book_ladder,False,False,-1.1,0.85,65,451.75,strategy_S9-149__TYPE_F:NIFTY:2026-04-20T14:46:11:SHORT
2026-04-20,14:47:45,2026-04-20,14:48:06,NIFTY,SELL,TYPE_F,BOOK_ENTRY_1,BOOK_EXIT_1,24379.85,24382.05,NIFTY21APR2624400PE,24400.0,PE,159.0,157.55,160.0,155.0,160.0,155.0,0.001889,0.002536,ws,ws,book_ladder,book_ladder,False,False,-1.0,2.55,65,-94.25,strategy_S9-149__TYPE_F:NIFTY:2026-04-20T14:47:45:SHORT
2026-04-20,14:48:12,2026-04-20,14:48:28,NIFTY,BUY,TYPE_F,BOOK_ENTRY_1,BOOK_EXIT_1,24385.55,24381.85,NIFTY21APR2624350CE,24350.0,CE,137.6,135.5,140.0,135.0,140.0,135.0,0.002911,0.002212,ws,ws,book_ladder,book_ladder,False,False,-2.4,0.5,65,-136.5,strategy_S9-149__TYPE_F:NIFTY:2026-04-20T14:48:12:LONG
2026-04-20,14:48:40,2026-04-20,14:49:18,NIFTY,BUY,TYPE_F,BOOK_ENTRY_1,BOOK_EXIT_1,24387.65,24390.8,NIFTY21APR2624350CE,24350.0,CE,138.8,139.3,140.0,135.0,140.0,135.0,0.001442,0.002151,ws,ws,book_ladder,book_ladder,False,False,-1.2,4.3,65,32.5,strategy_S9-149__TYPE_F:NIFTY:2026-04-20T14:48:40:LONG
2026-04-20,14:49:31,2026-04-20,14:49:36,NIFTY,BUY,TYPE_F,BOOK_ENTRY_1,BOOK_EXIT_1,24393.65,24392.25,NIFTY21APR2624350CE,24350.0,CE,141.5,141.25,145.0,140.0,145.0,140.0,0.002122,0.001768,ws,ws,book_ladder,book_ladder,False,False,-3.5,1.25,65,-16.25,strategy_S9-149__TYPE_F:NIFTY:2026-04-20T14:49:31:LONG
2026-04-20,14:49:40,2026-04-20,14:50:09,NIFTY,BUY,TYPE_F,BOOK_ENTRY_1,BOOK_EXIT_1,24395.1,24397.75,NIFTY21APR2624350CE,24350.0,CE,142.3,142.25,145.0,140.0,145.0,140.0,0.00211,0.002457,ws,ws,book_ladder,book_ladder,False,False,-2.7,2.25,65,-3.25,strategy_S9-149__TYPE_F:NIFTY:2026-04-20T14:49:40:LONG
2026-04-20,14:50:57,2026-04-20,14:51:03,NIFTY,BUY,TYPE_F,BOOK_ENTRY_1,BOOK_EXIT_1,24403.8,24401.05,NIFTY21APR2624400CE,24400.0,CE,118.75,117.35,120.0,115.0,120.0,115.0,0.002952,0.002128,ws,ws,book_ladder,book_ladder,False,False,-1.25,2.35,65,-91.0,strategy_S9-149__TYPE_F:NIFTY:2026-04-20T14:50:57:LONG
2026-04-20,14:51:41,2026-04-20,14:51:57,NIFTY,SELL,TYPE_F,BOOK_ENTRY_1,BOOK_EXIT_1,24399.75,24400.75,NIFTY21APR2624400PE,24400.0,PE,146.25,143.35,150.0,140.0,150.0,140.0,0.002739,0.002439,ws,ws,book_ladder,book_ladder,False,False,-3.75,3.35,65,-188.5,strategy_S9-149__TYPE_F:NIFTY:2026-04-20T14:51:41:SHORT
2026-04-20,14:52:16,2026-04-20,14:52:20,NIFTY,BUY,TYPE_F,BOOK_ENTRY_1,BOOK_EXIT_1,24401.85,24399.9,NIFTY21APR2624400CE,24400.0,CE,121.75,120.75,125.0,120.0,125.0,120.0,0.002467,0.002068,ws,ws,book_ladder,book_ladder,False,False,-3.25,0.75,65,-65.0,strategy_S9-149__TYPE_F:NIFTY:2026-04-20T14:52:16:LONG
2026-04-20,14:52:49,2026-04-20,14:52:50,NIFTY,BUY,TYPE_F,BOOK_ENTRY_1,BOOK_EXIT_1,24402.4,24400.35,NIFTY21APR2624400CE,24400.0,CE,122.5,121.0,125.0,120.0,125.0,120.0,0.002861,0.001652,ws,ws,book_ladder,book_ladder,False,False,-2.5,1.0,65,-97.5,strategy_S9-149__TYPE_F:NIFTY:2026-04-20T14:52:49:LONG
2026-04-20,14:53:10,2026-04-20,14:53:25,NIFTY,SELL,TYPE_F,BOOK_ENTRY_1,BOOK_EXIT_1,24398.65,24399.6,NIFTY21APR2624400PE,24400.0,PE,144.1,143.7,145.0,140.0,145.0,140.0,0.002432,0.002086,ws,ws,book_ladder,book_ladder,False,False,-0.9,3.7,65,-26.0,strategy_S9-149__TYPE_F:NIFTY:2026-04-20T14:53:10:SHORT
2026-04-20,14:53:41,2026-04-20,14:53:48,NIFTY,BUY,TYPE_F,BOOK_ENTRY_1,BOOK_EXIT_1,24402.05,24400.35,NIFTY21APR2624400CE,24400.0,CE,120.3,120.7,125.0,120.0,125.0,120.0,0.002497,0.002069,ws,ws,book_ladder,book_ladder,False,False,-4.7,0.7,65,26.0,strategy_S9-149__TYPE_F:NIFTY:2026-04-20T14:53:41:LONG
2026-04-20,14:54:07,2026-04-20,14:54:17,NIFTY,BUY,TYPE_F,BOOK_ENTRY_1,BOOK_EXIT_1,24403.0,24400.1,NIFTY21APR2624400CE,24400.0,CE,120.95,119.9,125.0,115.0,125.0,115.0,0.002069,0.002499,ws,ws,book_ladder,book_ladder,False,False,-4.05,4.9,65,-68.25,strategy_S9-149__TYPE_F:NIFTY:2026-04-20T14:54:07:LONG
2026-04-20,14:54:30,2026-04-20,14:55:03,NIFTY,BUY,TYPE_F,BOOK_ENTRY_1,BOOK_EXIT_1,24402.75,24404.9,NIFTY21APR2624400CE,24400.0,CE,121.55,123.15,125.0,120.0,125.0,120.0,0.002059,0.002433,ws,ws,book_ladder,book_ladder,False,False,-3.45,3.15,65,104.0,strategy_S9-149__TYPE_F:NIFTY:2026-04-20T14:54:30:LONG
2026-04-20,14:55:40,2026-04-20,14:55:54,NIFTY,BUY,TYPE_F,BOOK_ENTRY_1,BOOK_EXIT_1,24409.25,24405.55,NIFTY21APR2624400CE,24400.0,CE,124.5,124.4,125.0,120.0,125.0,120.0,0.002815,0.002409,ws,ws,book_ladder,book_ladder,False,False,-0.5,4.4,65,-6.5,strategy_S9-149__TYPE_F:NIFTY:2026-04-20T14:55:40:LONG
2026-04-20,14:56:30,2026-04-20,14:56:54,NIFTY,SELL,TYPE_F,BOOK_ENTRY_1,BOOK_EXIT_1,24401.1,24403.15,NIFTY21APR2624450PE,24450.0,PE,168.05,168.3,170.0,165.0,170.0,165.0,0.002681,0.001781,ws,ws,book_ladder,book_ladder,False,False,-1.95,3.3,65,16.25,strategy_S9-149__TYPE_F:NIFTY:2026-04-20T14:56:30:SHORT
2026-04-20,14:57:16,2026-04-20,14:57:30,NIFTY,BUY,TYPE_F,BOOK_ENTRY_1,BOOK_EXIT_1,24407.1,24407.35,NIFTY21APR2624400CE,24400.0,CE,120.95,119.75,125.0,115.0,125.0,115.0,0.002483,0.002086,ws,ws,book_ladder,book_ladder,False,False,-4.05,4.75,65,-78.0,strategy_S9-149__TYPE_F:NIFTY:2026-04-20T14:57:16:LONG
2026-04-20,14:57:53,2026-04-20,14:58:11,NIFTY,SELL,TYPE_F,BOOK_ENTRY_1,BOOK_EXIT_1,24404.4,24403.4,NIFTY21APR2624450PE,24450.0,PE,169.6,168.4,170.0,165.0,170.0,165.0,0.002361,0.002076,ws,ws,book_ladder,book_ladder,False,False,-0.4,3.4,65,-78.0,strategy_S9-149__TYPE_F:NIFTY:2026-04-20T14:57:53:SHORT
2026-04-20,14:59:05,2026-04-20,14:59:22,NIFTY,BUY,TYPE_F,BOOK_ENTRY_1,BOOK_EXIT_1,24407.1,24405.8,NIFTY21APR2624400CE,24400.0,CE,121.2,121.55,125.0,120.0,125.0,120.0,0.002478,0.001644,ws,ws,book_ladder,book_ladder,False,False,-3.8,1.55,65,22.75,strategy_S9-149__TYPE_F:NIFTY:2026-04-20T14:59:05:LONG
2026-04-20,14:59:46,2026-04-20,14:59:51,NIFTY,BUY,TYPE_F,BOOK_ENTRY_1,BOOK_EXIT_1,24408.55,24406.4,NIFTY21APR2624400CE,24400.0,CE,124.2,123.8,125.0,120.0,125.0,120.0,0.002418,0.001614,ws,ws,book_ladder,book_ladder,False,False,-0.8,3.8,65,-26.0,strategy_S9-149__TYPE_F:NIFTY:2026-04-20T14:59:46:LONG
2026-04-20,15:00:16,2026-04-20,15:00:43,NIFTY,BUY,TYPE_F,BOOK_ENTRY_1,BOOK_EXIT_1,24409.85,24422.3,NIFTY21APR2624400CE,24400.0,CE,124.85,131.45,125.0,130.0,125.0,130.0,0.001202,0.00114,ws,ws,book_ladder,book_ladder,False,False,-0.15,1.45,65,429.0,strategy_S9-149__TYPE_F:NIFTY:2026-04-20T15:00:16:LONG
2026-04-20,15:01:51,2026-04-20,15:01:57,NIFTY,SELL,TYPE_F,BOOK_ENTRY_1,BOOK_EXIT_1,24417.3,24419.0,NIFTY21APR2624450PE,24450.0,PE,156.2,155.15,160.0,155.0,160.0,155.0,0.001602,0.002896,ws,ws,book_ladder,book_ladder,False,False,-3.8,0.15,65,-68.25,strategy_S9-149__TYPE_F:NIFTY:2026-04-20T15:01:51:SHORT
2026-04-20,15:02:43,2026-04-20,15:03:39,NIFTY,SELL,TYPE_F,BOOK_ENTRY_1,BOOK_EXIT_1,24415.65,24411.35,NIFTY21APR2624450PE,24450.0,PE,156.7,157.7,160.0,155.0,160.0,155.0,0.002556,0.001901,ws,ws,book_ladder,book_ladder,False,False,-3.3,2.7,65,65.0,strategy_S9-149__TYPE_F:NIFTY:2026-04-20T15:02:43:SHORT
2026-04-20,15:03:51,2026-04-20,15:04:00,NIFTY,SELL,TYPE_F,BOOK_ENTRY_1,BOOK_EXIT_1,24409.45,24410.4,NIFTY21APR2624450PE,24450.0,PE,159.3,158.1,160.0,155.0,160.0,155.0,0.001885,0.000948,ws,ws,book_ladder,book_ladder,False,False,-0.7,3.1,65,-78.0,strategy_S9-149__TYPE_F:NIFTY:2026-04-20T15:03:51:SHORT
2026-04-20,15:04:52,2026-04-20,15:04:59,NIFTY,SELL,TYPE_F,BOOK_ENTRY_1,BOOK_EXIT_1,24407.5,24409.05,NIFTY21APR2624450PE,24450.0,PE,163.4,161.7,165.0,160.0,165.0,160.0,0.002144,0.002162,ws,ws,book_ladder,book_ladder,False,False,-1.6,1.7,65,-110.5,strategy_S9-149__TYPE_F:NIFTY:2026-04-20T15:04:52:SHORT
2026-04-20,15:05:11,2026-04-20,15:05:46,NIFTY,SELL,TYPE_F,BOOK_ENTRY_1,BOOK_EXIT_1,24406.7,24402.95,NIFTY21APR2624450PE,24450.0,PE,162.35,167.0,165.0,165.0,165.0,165.0,0.001541,0.002094,ws,ws,book_ladder,book_ladder,False,False,-2.65,2.0,65,302.25,strategy_S9-149__TYPE_F:NIFTY:2026-04-20T15:05:11:SHORT
2026-04-20,15:06:41,2026-04-20,15:07:00,NIFTY,SELL,TYPE_F,BOOK_ENTRY_1,BOOK_EXIT_1,24399.95,24395.75,NIFTY21APR2624400PE,24400.0,PE,141.25,147.5,145.0,145.0,145.0,145.0,0.001417,0.001355,ws,ws,book_ladder,book_ladder,False,False,-3.75,2.5,65,406.25,strategy_S9-149__TYPE_F:NIFTY:2026-04-20T15:06:41:SHORT
2026-04-20,15:07:32,2026-04-20,15:08:00,NIFTY,SELL,TYPE_F,BOOK_ENTRY_1,BOOK_EXIT_1,24392.0,24391.7,NIFTY21APR2624400PE,24400.0,PE,149.9,147.0,150.0,145.0,150.0,145.0,0.002338,0.002039,ws,ws,book_ladder,book_ladder,False,False,-0.1,2.0,65,-188.5,strategy_S9-149__TYPE_F:NIFTY:2026-04-20T15:07:32:SHORT
2026-04-20,15:08:18,2026-04-20,15:08:37,NIFTY,SELL,TYPE_F,BOOK_ENTRY_1,BOOK_EXIT_1,24387.95,24388.65,NIFTY21APR2624400PE,24400.0,PE,150.95,147.7,155.0,145.0,155.0,145.0,0.001326,0.002367,ws,ws,book_ladder,book_ladder,False,False,-4.05,2.7,65,-211.25,strategy_S9-149__TYPE_F:NIFTY:2026-04-20T15:08:18:SHORT
2026-04-20,15:09:00,2026-04-20,15:09:21,NIFTY,BUY,TYPE_F,BOOK_ENTRY_1,BOOK_EXIT_1,24391.55,24392.7,NIFTY21APR2624350CE,24350.0,CE,144.5,145.0,145.0,145.0,145.0,145.0,0.002078,0.001378,ws,ws,book_ladder,book_ladder,False,False,-0.5,0.0,65,32.5,strategy_S9-149__TYPE_F:NIFTY:2026-04-20T15:09:00:LONG
2026-04-20,15:09:53,2026-04-20,15:10:25,NIFTY,SELL,TYPE_F,BOOK_ENTRY_1,BOOK_EXIT_1,24390.85,24386.8,NIFTY21APR2624400PE,24400.0,PE,146.7,149.4,150.0,145.0,150.0,145.0,0.002047,0.002006,ws,ws,book_ladder,book_ladder,False,False,-3.3,4.4,65,175.5,strategy_S9-149__TYPE_F:NIFTY:2026-04-20T15:09:53:SHORT
2026-04-20,15:11:00,2026-04-20,15:12:00,NIFTY,BUY,TYPE_F,BOOK_ENTRY_1,BOOK_EXIT_1,24391.85,24395.4,NIFTY21APR2624350CE,24350.0,CE,145.2,143.6,150.0,140.0,150.0,140.0,0.001034,0.001739,ws,ws,book_ladder,book_ladder,False,False,-4.8,3.6,65,-104.0,strategy_S9-149__TYPE_F:NIFTY:2026-04-20T15:11:00:LONG
2026-04-20,15:12:35,2026-04-20,15:12:57,NIFTY,SELL,TYPE_F,BOOK_ENTRY_1,BOOK_EXIT_1,24393.55,24393.75,NIFTY21APR2624400PE,24400.0,PE,147.3,149.15,150.0,145.0,150.0,145.0,0.001699,0.00134,ws,ws,book_ladder,book_ladder,False,False,-2.7,4.15,65,120.25,strategy_S9-149__TYPE_F:NIFTY:2026-04-20T15:12:35:SHORT
2026-04-20,15:13:27,2026-04-20,15:13:45,NIFTY,SELL,TYPE_F,BOOK_ENTRY_1,BOOK_EXIT_1,24388.4,24386.4,NIFTY21APR2624400PE,24400.0,PE,149.75,151.4,150.0,150.0,150.0,150.0,0.002005,0.002968,ws,ws,book_ladder,book_ladder,False,False,-0.25,1.4,65,107.25,strategy_S9-149__TYPE_F:NIFTY:2026-04-20T15:13:27:SHORT
2026-04-20,15:14:00,2026-04-20,15:14:17,NIFTY,BUY,TYPE_F,BOOK_ENTRY_1,BOOK_EXIT_1,24389.45,24388.6,NIFTY21APR2624350CE,24350.0,CE,139.1,139.3,140.0,135.0,140.0,135.0,0.001799,0.002151,ws,ws,book_ladder,book_ladder,False,False,-0.9,4.3,65,13.0,strategy_S9-149__TYPE_F:NIFTY:2026-04-20T15:14:00:LONG
2026-04-20,15:14:42,2026-04-20,15:15:00,NIFTY,SELL,TYPE_F,BOOK_ENTRY_1,BOOK_EXIT_1,24384.4,24383.2,NIFTY21APR2624400PE,24400.0,PE,152.8,153.45,155.0,150.0,155.0,150.0,0.002293,0.002278,ws,ws,book_ladder,book_ladder,False,False,-2.2,3.45,65,42.25,strategy_S9-149__TYPE_F:NIFTY:2026-04-20T15:14:42:SHORT
2026-04-20,15:15:10,2026-04-20,15:15:49,NIFTY,SELL,TYPE_F,BOOK_ENTRY_1,BOOK_EXIT_1,24377.15,24373.45,NIFTY21APR2624400PE,24400.0,PE,160.2,160.45,165.0,160.0,165.0,160.0,0.001562,0.002179,ws,ws,book_ladder,book_ladder,False,False,-4.8,0.45,65,16.25,strategy_S9-149__TYPE_F:NIFTY:2026-04-20T15:15:10:SHORT
2026-04-20,15:15:54,2026-04-20,15:16:00,NIFTY,SELL,TYPE_F,BOOK_ENTRY_1,BOOK_EXIT_1,24370.9,24373.25,NIFTY21APR2624400PE,24400.0,PE,159.9,160.35,160.0,160.0,160.0,160.0,0.001252,0.002802,ws,ws,book_ladder,book_ladder,False,False,-0.1,0.35,65,29.25,strategy_S9-149__TYPE_F:NIFTY:2026-04-20T15:15:54:SHORT
2026-04-20,15:16:25,2026-04-20,15:16:46,NIFTY,SELL,TYPE_F,BOOK_ENTRY_1,BOOK_EXIT_1,24370.65,24370.5,NIFTY21APR2624400PE,24400.0,PE,161.95,162.5,165.0,160.0,165.0,160.0,0.002163,0.00123,ws,ws,book_ladder,book_ladder,False,False,-3.05,2.5,65,35.75,strategy_S9-149__TYPE_F:NIFTY:2026-04-20T15:16:25:SHORT
2026-04-20,15:16:51,2026-04-20,15:17:36,NIFTY,SELL,TYPE_F,BOOK_ENTRY_1,BOOK_EXIT_1,24367.55,24356.35,NIFTY21APR2624400PE,24400.0,PE,163.25,168.8,165.0,165.0,165.0,165.0,0.002146,0.002662,ws,ws,book_ladder,book_ladder,False,False,-1.75,3.8,65,360.75,strategy_S9-149__TYPE_F:NIFTY:2026-04-20T15:16:51:SHORT
2026-04-20,15:17:57,2026-04-20,15:19:15,NIFTY,SELL,TYPE_F,BOOK_ENTRY_1,BOOK_EXIT_1,24354.3,24333.0,NIFTY21APR2624400PE,24400.0,PE,173.4,190.8,175.0,190.0,175.0,190.0,0.002599,0.002094,ws,ws,book_ladder,book_ladder,False,False,-1.6,0.8,65,1131.0,strategy_S9-149__TYPE_F:NIFTY:2026-04-20T15:17:57:SHORT
2026-04-20,15:19:25,2026-04-20,15:19:38,NIFTY,BUY,TYPE_F,BOOK_ENTRY_1,BOOK_EXIT_1,24337.15,24332.5,NIFTY21APR2624300CE,24300.0,CE,135.0,133.55,135.0,130.0,135.0,130.0,0.002225,0.002617,ws,ws,book_ladder,book_ladder,False,False,0.0,3.55,65,-94.25,strategy_S9-149__TYPE_F:NIFTY:2026-04-20T15:19:25:LONG
2026-04-20,15:19:50,2026-04-20,15:20:03,NIFTY,SELL,TYPE_F,BOOK_ENTRY_1,BOOK_EXIT_1,24326.7,24328.05,NIFTY21APR2624350PE,24350.0,PE,164.55,162.45,165.0,160.0,165.0,160.0,0.002738,0.002152,ws,ws,book_ladder,book_ladder,False,False,-0.45,2.45,65,-136.5,strategy_S9-149__TYPE_F:NIFTY:2026-04-20T15:19:50:SHORT
2026-04-20,15:20:24,2026-04-20,15:20:26,NIFTY,BUY,TYPE_F,BOOK_ENTRY_1,BOOK_EXIT_1,24331.8,24326.6,NIFTY21APR2624300CE,24300.0,CE,132.85,135.05,135.0,135.0,135.0,135.0,0.002261,0.00074,ws,ws,book_ladder,book_ladder,False,False,-2.15,0.05,65,143.0,strategy_S9-149__TYPE_F:NIFTY:2026-04-20T15:20:24:LONG
2026-04-20,15:20:42,2026-04-20,15:21:02,NIFTY,BUY,TYPE_F,BOOK_ENTRY_1,BOOK_EXIT_1,24332.7,24336.7,NIFTY21APR2624300CE,24300.0,CE,138.6,136.3,140.0,135.0,140.0,135.0,0.002528,0.002565,ws,ws,book_ladder,book_ladder,False,False,-1.4,1.3,65,-149.5,strategy_S9-149__TYPE_F:NIFTY:2026-04-20T15:20:42:LONG
2026-04-20,15:21:46,2026-04-20,15:22:29,NIFTY,SELL,TYPE_F,BOOK_ENTRY_1,BOOK_EXIT_1,24332.2,24331.95,NIFTY21APR2624350PE,24350.0,PE,159.4,154.6,160.0,150.0,160.0,150.0,0.001884,0.002261,ws,ws,book_ladder,book_ladder,False,False,-0.6,4.6,65,-312.0,strategy_S9-149__TYPE_F:NIFTY:2026-04-20T15:21:46:SHORT
2026-04-20,15:22:50,2026-04-20,15:22:55,NIFTY,BUY,TYPE_F,BOOK_ENTRY_1,BOOK_EXIT_1,24333.0,24331.05,NIFTY21APR2624300CE,24300.0,CE,135.95,135.5,140.0,135.0,140.0,135.0,0.002578,0.001475,ws,ws,book_ladder,book_ladder,False,False,-4.05,0.5,65,-29.25,strategy_S9-149__TYPE_F:NIFTY:2026-04-20T15:22:50:LONG
2026-04-20,15:23:50,2026-04-20,15:24:27,NIFTY,SELL,TYPE_F,BOOK_ENTRY_1,BOOK_EXIT_1,24328.9,24322.45,NIFTY21APR2624350PE,24350.0,PE,159.15,160.6,160.0,160.0,160.0,160.0,0.001887,0.002488,ws,ws,book_ladder,book_ladder,False,False,-0.85,0.6,65,94.25,strategy_S9-149__TYPE_F:NIFTY:2026-04-20T15:23:50:SHORT
