Entry_Date,Entry_Time,Exit_Date,Exit_Time,Underlying_Symbol,Strategy_Direction,Execution_Mode,Entry_Label,Exit_Label,Underlying_Entry_Price,Underlying_Exit_Price,Option_Symbol,Option_Strike,Option_Type,Option_Bucket,Option_Entry_Price,Option_Exit_Price,Entry_Fair_Value,Exit_Fair_Value,Entry_Limit_Price,Exit_Limit_Price,Entry_Spread_Pct,Exit_Spread_Pct,Entry_Quote_Source,Exit_Quote_Source,Entry_Pricing_Mode,Exit_Pricing_Mode,Entry_Repriced,Exit_Repriced,Entry_Slippage_vs_Fair,Exit_Slippage_vs_Fair,Qty,PnL,Trade_ID
2026-04-21,09:18:05,2026-04-21,09:18:41,NIFTY,BUY,TYPE_B,PASSIVE,HIT_BID,24448.05,24455.05,NIFTY21APR2624400CE,24400.0,CE,ITM1,88.5,95.75,88.41,95.83,90.0,95.0,0.056577,0.052178,ws,ws,type_b_ladder,type_b_ladder,False,False,0.0893,-0.075,65,471.25,strategy_S5-10__TYPE_B:NIFTY:2026-04-21T09:18:05:LONG
2026-04-21,09:19:00,2026-04-21,09:19:07,NIFTY,BUY,TYPE_B,PASSIVE,HIT_BID,24459.55,24454.9,NIFTY21APR2624450CE,24450.0,CE,ITM1,67.85,65.25,67.8,65.28,70.0,65.0,0.073801,0.07654,ws,ws,type_b_ladder,type_b_ladder,False,False,0.0514,-0.03,65,-169.0,strategy_S5-10__TYPE_B:NIFTY:2026-04-21T09:19:00:LONG
2026-04-21,09:19:14,2026-04-21,09:20:27,NIFTY,BUY,TYPE_B,PASSIVE,HIT_BID,24462.65,24475.4,NIFTY21APR2624450CE,24450.0,CE,ITM1,68.95,80.45,68.94,80.54,70.0,80.0,0.072543,0.062093,ws,ws,type_b_ladder,type_b_ladder,False,False,0.0063,-0.09,65,747.5,strategy_S5-10__TYPE_B:NIFTY:2026-04-21T09:19:14:LONG
2026-04-21,09:21:04,2026-04-21,09:21:27,NIFTY,BUY,TYPE_B,PASSIVE,HIT_BID,24477.6,24472.05,NIFTY21APR2624450CE,24450.0,CE,ITM1,80.45,76.2,80.44,76.34,85.0,75.0,0.062247,0.065552,ws,ws,type_b_ladder,type_b_ladder,False,False,0.01,-0.144,65,-276.25,strategy_S5-10__TYPE_B:NIFTY:2026-04-21T09:21:04:LONG
2026-04-21,09:21:44,2026-04-21,09:22:29,NIFTY,SELL,TYPE_B,PASSIVE,HIT_BID,24466.35,24466.6,NIFTY21APR2624500PE,24500.0,PE,ITM1,93.1,95.7,92.93,95.88,95.0,95.0,0.053778,0.052178,ws,ws,type_b_ladder,type_b_ladder,False,False,0.1667,-0.175,65,169.0,strategy_S5-10__TYPE_B:NIFTY:2026-04-21T09:21:44:SHORT
2026-04-21,09:22:30,2026-04-21,09:22:50,NIFTY,BUY,TYPE_B,PASSIVE,HIT_BID,24469.65,24470.1,NIFTY21APR2624450CE,24450.0,CE,ITM1,74.05,77.65,73.93,77.75,75.0,75.0,0.067636,0.064329,ws,ws,type_b_ladder,type_b_ladder,False,False,0.1173,-0.1,65,234.0,strategy_S5-10__TYPE_B:NIFTY:2026-04-21T09:22:30:LONG
2026-04-21,09:23:07,2026-04-21,09:24:14,NIFTY,BUY,TYPE_B,PASSIVE,HIT_BID,24474.4,24476.7,NIFTY21APR2624450CE,24450.0,CE,ITM1,77.95,81.35,77.94,81.36,80.0,80.0,0.064164,0.061406,ws,ws,type_b_ladder,type_b_ladder,False,False,0.0083,-0.0094,65,221.0,strategy_S5-10__TYPE_B:NIFTY:2026-04-21T09:23:07:LONG
2026-04-21,09:24:22,2026-04-21,09:24:30,NIFTY,SELL,TYPE_B,PASSIVE,HIT_BID,24469.9,24475.05,NIFTY21APR2624500PE,24500.0,PE,ITM1,91.7,90.2,91.57,90.37,95.0,90.0,0.054585,0.055356,ws,ws,type_b_ladder,type_b_ladder,False,False,0.1316,-0.1667,65,-97.5,strategy_S5-10__TYPE_B:NIFTY:2026-04-21T09:24:22:SHORT
2026-04-21,09:24:46,2026-04-21,09:25:37,NIFTY,SELL,TYPE_B,PASSIVE,HIT_BID,24470.75,24457.3,NIFTY21APR2624500PE,24500.0,PE,ITM1,91.8,96.3,91.7,96.34,95.0,95.0,0.054526,0.051867,ws,ws,type_b_ladder,type_b_ladder,False,False,0.1,-0.0444,65,292.5,strategy_S5-10__TYPE_B:NIFTY:2026-04-21T09:24:46:SHORT
2026-04-21,09:25:51,2026-04-21,09:26:23,NIFTY,BUY,TYPE_B,PASSIVE,HIT_BID,24465.6,24469.5,NIFTY21APR2624450CE,24450.0,CE,ITM1,71.35,76.35,71.31,76.46,75.0,75.0,0.070175,0.065402,ws,ws,type_b_ladder,type_b_ladder,False,False,0.04,-0.1143,65,325.0,strategy_S5-10__TYPE_B:NIFTY:2026-04-21T09:25:51:LONG
2026-04-21,09:26:39,2026-04-21,09:26:49,NIFTY,BUY,TYPE_B,PASSIVE,HIT_BID,24475.2,24470.45,NIFTY21APR2624450CE,24450.0,CE,ITM1,78.1,75.2,78.01,75.27,80.0,75.0,0.064123,0.066445,ws,ws,type_b_ladder,type_b_ladder,False,False,0.0917,-0.0667,65,-188.5,strategy_S5-10__TYPE_B:NIFTY:2026-04-21T09:26:39:LONG
2026-04-21,09:26:58,2026-04-21,09:28:27,NIFTY,SELL,TYPE_B,PASSIVE,HIT_BID,24467.1,24465.95,NIFTY21APR2624500PE,24500.0,PE,ITM1,92.0,90.15,91.87,90.26,95.0,90.0,0.054392,0.055417,ws,ws,type_b_ladder,type_b_ladder,False,False,0.1306,-0.1125,65,-120.25,strategy_S5-10__TYPE_B:NIFTY:2026-04-21T09:26:58:SHORT
2026-04-21,09:28:34,2026-04-21,09:28:51,NIFTY,SELL,TYPE_B,PASSIVE,HIT_BID,24460.9,24464.2,NIFTY21APR2624500PE,24500.0,PE,ITM1,94.9,90.25,94.83,90.34,95.0,90.0,0.052715,0.05534,ws,ws,type_b_ladder,type_b_ladder,False,False,0.0667,-0.0895,65,-302.25,strategy_S5-10__TYPE_B:NIFTY:2026-04-21T09:28:34:SHORT
2026-04-21,09:29:00,2026-04-21,09:29:18,NIFTY,SELL,TYPE_B,PASSIVE,HIT_BID,24458.3,24459.95,NIFTY21APR2624500PE,24500.0,PE,ITM1,94.6,93.65,94.53,93.74,95.0,90.0,0.05291,0.053333,ws,ws,type_b_ladder,type_b_ladder,False,False,0.0667,-0.0857,65,-61.75,strategy_S5-10__TYPE_B:NIFTY:2026-04-21T09:29:00:SHORT
2026-04-21,09:29:37,2026-04-21,09:30:06,NIFTY,SELL,TYPE_B,PASSIVE,HIT_BID,24455.75,24453.6,NIFTY21APR2624500PE,24500.0,PE,ITM1,95.05,96.3,94.95,96.41,100.0,95.0,0.052659,0.05184,ws,ws,type_b_ladder,type_b_ladder,False,False,0.1,-0.1125,65,81.25,strategy_S5-10__TYPE_B:NIFTY:2026-04-21T09:29:37:SHORT
2026-04-21,09:30:22,2026-04-21,09:31:20,NIFTY,SELL,TYPE_B,PASSIVE,HIT_BID,24449.5,24445.8,NIFTY21APR2624450PE,24450.0,PE,ITM1,67.7,67.65,67.69,67.7,70.0,65.0,0.073883,0.073801,ws,ws,type_b_ladder,type_b_ladder,False,False,0.0083,-0.0522,65,-3.25,strategy_S5-10__TYPE_B:NIFTY:2026-04-21T09:30:22:SHORT
2026-04-21,09:31:32,2026-04-21,09:33:32,NIFTY,BUY,TYPE_B,PASSIVE,HIT_BID,24451.25,24461.4,NIFTY21APR2624450CE,24450.0,CE,ITM1,64.65,68.5,64.56,68.64,65.0,65.0,0.077399,0.072913,ws,ws,type_b_ladder,type_b_ladder,False,False,0.0889,-0.1367,65,250.25,strategy_S5-10__TYPE_B:NIFTY:2026-04-21T09:31:32:LONG
2026-04-21,09:34:04,2026-04-21,09:34:30,NIFTY,SELL,TYPE_B,PASSIVE,HIT_BID,24457.05,24456.95,NIFTY21APR2624500PE,24500.0,PE,ITM1,90.85,88.65,90.77,88.82,95.0,85.0,0.055112,0.056322,ws,ws,type_b_ladder,type_b_ladder,False,False,0.0809,-0.1711,65,-143.0,strategy_S5-10__TYPE_B:NIFTY:2026-04-21T09:34:04:SHORT
2026-04-21,09:35:00,2026-04-21,09:36:21,NIFTY,BUY,TYPE_B,PASSIVE,HIT_BID,24462.6,24473.85,NIFTY21APR2624450CE,24450.0,CE,ITM1,68.6,72.8,68.46,72.85,70.0,70.0,0.072993,0.068611,ws,ws,type_b_ladder,type_b_ladder,False,False,0.1394,-0.05,65,273.0,strategy_S5-10__TYPE_B:NIFTY:2026-04-21T09:35:00:LONG
2026-04-21,09:36:30,2026-04-21,09:37:09,NIFTY,SELL,TYPE_B,PASSIVE,HIT_BID,24466.55,24465.8,NIFTY21APR2624500PE,24500.0,PE,ITM1,86.05,83.5,85.9,83.7,90.0,80.0,0.058173,0.059791,ws,ws,type_b_ladder,type_b_ladder,False,False,0.15,-0.2,65,-165.75,strategy_S5-10__TYPE_B:NIFTY:2026-04-21T09:36:30:SHORT
2026-04-21,09:37:28,2026-04-21,09:37:57,NIFTY,BUY,TYPE_B,PASSIVE,HIT_BID,24467.65,24469.45,NIFTY21APR2624450CE,24450.0,CE,ITM1,70.95,71.2,70.92,71.22,75.0,70.0,0.070547,0.070126,ws,ws,type_b_ladder,type_b_ladder,False,False,0.031,-0.0182,65,16.25,strategy_S5-10__TYPE_B:NIFTY:2026-04-21T09:37:28:LONG
2026-04-21,09:38:29,2026-04-21,09:39:00,NIFTY,BUY,TYPE_B,PASSIVE,HIT_BID,24474.15,24472.35,NIFTY21APR2624450CE,24450.0,CE,ITM1,77.65,74.9,77.53,74.97,80.0,70.0,0.064454,0.066667,ws,ws,type_b_ladder,type_b_ladder,False,False,0.1184,-0.0737,65,-178.75,strategy_S5-10__TYPE_B:NIFTY:2026-04-21T09:38:29:LONG
2026-04-21,09:39:21,2026-04-21,09:39:30,NIFTY,SELL,TYPE_B,PASSIVE,HIT_BID,24470.1,24472.2,NIFTY21APR2624500PE,24500.0,PE,ITM1,80.8,80.85,80.72,80.92,85.0,80.0,0.061958,0.061767,ws,ws,type_b_ladder,type_b_ladder,False,False,0.0833,-0.0667,65,3.25,strategy_S5-10__TYPE_B:NIFTY:2026-04-21T09:39:21:SHORT
2026-04-21,09:39:46,2026-04-21,09:40:00,NIFTY,SELL,TYPE_B,PASSIVE,HIT_BID,24468.3,24471.3,NIFTY21APR2624500PE,24500.0,PE,ITM1,82.05,81.9,82.03,81.94,85.0,80.0,0.060957,0.060957,ws,ws,type_b_ladder,type_b_ladder,False,False,0.0167,-0.0429,65,-9.75,strategy_S5-10__TYPE_B:NIFTY:2026-04-21T09:39:46:SHORT
2026-04-21,09:40:11,2026-04-21,09:41:15,NIFTY,SELL,TYPE_B,PASSIVE,HIT_BID,24467.25,24458.0,NIFTY21APR2624500PE,24500.0,PE,ITM1,81.35,86.6,81.34,86.82,85.0,85.0,0.061482,0.057654,ws,ws,type_b_ladder,type_b_ladder,False,False,0.0062,-0.2222,65,341.25,strategy_S5-10__TYPE_B:NIFTY:2026-04-21T09:40:11:SHORT
2026-04-21,09:41:39,2026-04-21,09:42:51,NIFTY,BUY,TYPE_B,PASSIVE,HIT_BID,24461.65,24465.7,NIFTY21APR2624450CE,24450.0,CE,ITM1,68.4,68.4,68.28,68.45,70.0,65.0,0.073233,0.073046,ws,ws,type_b_ladder,type_b_ladder,False,False,0.1176,-0.05,65,0.0,strategy_S5-10__TYPE_B:NIFTY:2026-04-21T09:41:39:LONG
2026-04-21,09:43:01,2026-04-21,09:43:30,NIFTY,SELL,TYPE_B,PASSIVE,HIT_BID,24461.8,24455.95,NIFTY21APR2624500PE,24500.0,PE,ITM1,85.75,90.45,85.67,90.51,90.0,90.0,0.058377,0.055203,ws,ws,type_b_ladder,type_b_ladder,False,False,0.08,-0.0648,65,305.5,strategy_S5-10__TYPE_B:NIFTY:2026-04-21T09:43:01:SHORT
2026-04-21,09:44:04,2026-04-21,09:44:22,NIFTY,BUY,TYPE_B,PASSIVE,HIT_BID,24461.45,24460.55,NIFTY21APR2624450CE,24450.0,CE,ITM1,65.0,66.25,64.87,66.31,65.0,65.0,0.077012,0.075358,ws,ws,type_b_ladder,type_b_ladder,False,False,0.1313,-0.0588,65,81.25,strategy_S5-10__TYPE_B:NIFTY:2026-04-21T09:44:04:LONG
2026-04-21,09:44:30,2026-04-21,09:46:16,NIFTY,BUY,TYPE_B,PASSIVE,HIT_BID,24463.85,24500.2,NIFTY21APR2624450CE,24450.0,CE,ITM1,66.6,96.15,66.47,96.27,70.0,95.0,0.07516,0.051921,ws,ws,type_b_ladder,type_b_ladder,False,False,0.1329,-0.12,65,1920.75,strategy_S5-10__TYPE_B:NIFTY:2026-04-21T09:44:30:LONG
2026-04-21,09:46:38,2026-04-21,09:46:50,NIFTY,BUY,TYPE_B,PASSIVE,HIT_BID,24506.75,24504.8,NIFTY21APR2624500CE,24500.0,CE,ITM1,66.4,67.45,66.36,67.46,70.0,65.0,0.075386,0.074074,ws,ws,type_b_ladder,type_b_ladder,False,False,0.0441,-0.0125,65,68.25,strategy_S5-10__TYPE_B:NIFTY:2026-04-21T09:46:38:LONG
2026-04-21,09:47:00,2026-04-21,09:47:11,NIFTY,BUY,TYPE_B,PASSIVE,HIT_BID,24507.9,24504.0,NIFTY21APR2624500CE,24500.0,CE,ITM1,68.9,66.45,68.81,66.5,70.0,65.0,0.072622,0.07516,ws,ws,type_b_ladder,type_b_ladder,False,False,0.0917,-0.0517,65,-159.25,strategy_S5-10__TYPE_B:NIFTY:2026-04-21T09:47:00:LONG
2026-04-21,09:47:23,2026-04-21,09:47:42,NIFTY,BUY,TYPE_B,PASSIVE,HIT_BID,24508.9,24502.2,NIFTY21APR2624500CE,24500.0,CE,ITM1,66.55,62.7,66.49,62.81,70.0,60.0,0.075216,0.07965,ws,ws,type_b_ladder,type_b_ladder,False,False,0.06,-0.1125,65,-250.25,strategy_S5-10__TYPE_B:NIFTY:2026-04-21T09:47:23:LONG
2026-04-21,09:47:54,2026-04-21,09:48:02,NIFTY,SELL,TYPE_B,PASSIVE,HIT_BID,24498.4,24500.95,NIFTY21APR2624500PE,24500.0,PE,ITM1,63.4,60.35,63.36,60.42,65.0,60.0,0.078895,0.082747,ws,ws,type_b_ladder,type_b_ladder,False,False,0.0429,-0.0688,65,-198.25,strategy_S5-10__TYPE_B:NIFTY:2026-04-21T09:47:54:SHORT
2026-04-21,09:48:22,2026-04-21,09:48:25,NIFTY,SELL,TYPE_B,PASSIVE,HIT_BID,24501.0,24503.5,NIFTY21APR2624550PE,24550.0,PE,ITM1,86.65,85.0,86.58,85.19,90.0,85.0,0.05777,0.058754,ws,ws,type_b_ladder,type_b_ladder,False,False,0.0667,-0.1899,65,-107.25,strategy_S5-10__TYPE_B:NIFTY:2026-04-21T09:48:22:SHORT
2026-04-21,09:48:30,2026-04-21,09:48:52,NIFTY,BUY,TYPE_B,PASSIVE,HIT_BID,24508.35,24504.6,NIFTY21APR2624500CE,24500.0,CE,ITM1,66.5,63.75,66.31,63.75,70.0,60.0,0.075301,0.078339,ws,ws,type_b_ladder,type_b_ladder,False,False,0.1939,-0.0037,65,-178.75,strategy_S5-10__TYPE_B:NIFTY:2026-04-21T09:48:30:LONG
2026-04-21,09:49:25,2026-04-21,09:49:55,NIFTY,SELL,TYPE_B,PASSIVE,HIT_BID,24502.45,24503.85,NIFTY21APR2624550PE,24550.0,PE,ITM1,87.8,86.6,87.78,86.69,90.0,85.0,0.057013,0.057687,ws,ws,type_b_ladder,type_b_ladder,False,False,0.0222,-0.09,65,-78.0,strategy_S5-10__TYPE_B:NIFTY:2026-04-21T09:49:25:SHORT
2026-04-21,09:50:18,2026-04-21,09:51:15,NIFTY,BUY,TYPE_B,PASSIVE,HIT_BID,24505.65,24509.4,NIFTY21APR2624500CE,24500.0,CE,ITM1,65.4,67.95,65.37,68.09,70.0,65.0,0.076511,0.073475,ws,ws,type_b_ladder,type_b_ladder,False,False,0.0333,-0.1412,65,165.75,strategy_S5-10__TYPE_B:NIFTY:2026-04-21T09:50:18:LONG
2026-04-21,09:51:27,2026-04-21,09:52:00,NIFTY,SELL,TYPE_B,PASSIVE,HIT_BID,24505.45,24504.2,NIFTY21APR2624550PE,24550.0,PE,ITM1,85.3,85.65,85.13,85.74,90.0,85.0,0.058685,0.058309,ws,ws,type_b_ladder,type_b_ladder,False,False,0.1714,-0.0857,65,22.75,strategy_S5-10__TYPE_B:NIFTY:2026-04-21T09:51:27:SHORT
2026-04-21,09:52:10,2026-04-21,09:52:19,NIFTY,BUY,TYPE_B,PASSIVE,HIT_BID,24507.05,24502.2,NIFTY21APR2624500CE,24500.0,CE,ITM1,64.35,63.4,64.24,63.43,65.0,60.0,0.077791,0.078771,ws,ws,type_b_ladder,type_b_ladder,False,False,0.1125,-0.0281,65,-61.75,strategy_S5-10__TYPE_B:NIFTY:2026-04-21T09:52:10:LONG
2026-04-21,09:52:33,2026-04-21,09:53:00,NIFTY,SELL,TYPE_B,PASSIVE,HIT_BID,24498.75,24494.8,NIFTY21APR2624500PE,24500.0,PE,ITM1,60.45,64.05,60.37,64.08,65.0,60.0,0.08285,0.078003,ws,ws,type_b_ladder,type_b_ladder,False,False,0.081,-0.0273,65,234.0,strategy_S5-10__TYPE_B:NIFTY:2026-04-21T09:52:33:SHORT
2026-04-21,09:53:49,2026-04-21,09:54:30,NIFTY,SELL,TYPE_B,PASSIVE,HIT_BID,24491.65,24487.3,NIFTY21APR2624500PE,24500.0,PE,ITM1,65.65,67.5,65.6,67.56,70.0,65.0,0.07619,0.073964,ws,ws,type_b_ladder,type_b_ladder,False,False,0.0484,-0.0563,65,120.25,strategy_S5-10__TYPE_B:NIFTY:2026-04-21T09:53:49:SHORT
2026-04-21,09:54:42,2026-04-21,09:55:28,NIFTY,BUY,TYPE_B,PASSIVE,HIT_BID,24490.5,24495.9,NIFTY21APR2624450CE,24450.0,CE,ITM1,85.65,87.5,85.56,87.69,90.0,85.0,0.058462,0.057078,ws,ws,type_b_ladder,type_b_ladder,False,False,0.0893,-0.1875,65,120.25,strategy_S5-10__TYPE_B:NIFTY:2026-04-21T09:54:42:LONG
2026-04-21,09:56:00,2026-04-21,09:56:21,NIFTY,BUY,TYPE_B,PASSIVE,HIT_BID,24499.1,24495.95,NIFTY21APR2624450CE,24450.0,CE,ITM1,89.4,88.6,89.23,88.69,90.0,85.0,0.055991,0.05637,ws,ws,type_b_ladder,type_b_ladder,False,False,0.1667,-0.0867,65,-52.0,strategy_S5-10__TYPE_B:NIFTY:2026-04-21T09:56:00:LONG
2026-04-21,09:56:45,2026-04-21,09:57:22,NIFTY,SELL,TYPE_B,PASSIVE,HIT_BID,24493.55,24494.6,NIFTY21APR2624500PE,24500.0,PE,ITM1,65.6,63.6,65.57,63.69,70.0,60.0,0.076278,0.078524,ws,ws,type_b_ladder,type_b_ladder,False,False,0.03,-0.0938,65,-130.0,strategy_S5-10__TYPE_B:NIFTY:2026-04-21T09:56:45:SHORT
2026-04-21,09:57:36,2026-04-21,09:58:07,NIFTY,BUY,TYPE_B,PASSIVE,HIT_BID,24495.4,24496.5,NIFTY21APR2624450CE,24450.0,CE,ITM1,88.45,90.55,88.39,90.65,90.0,90.0,0.056577,0.055172,ws,ws,type_b_ladder,type_b_ladder,False,False,0.0643,-0.1,65,136.5,strategy_S5-10__TYPE_B:NIFTY:2026-04-21T09:57:36:LONG
2026-04-21,09:58:20,2026-04-21,09:59:00,NIFTY,SELL,TYPE_B,PASSIVE,HIT_BID,24495.75,24497.1,NIFTY21APR2624500PE,24500.0,PE,ITM1,62.25,61.75,62.12,61.86,65.0,60.0,0.080418,0.080873,ws,ws,type_b_ladder,type_b_ladder,False,False,0.126,-0.1076,65,-32.5,strategy_S5-10__TYPE_B:NIFTY:2026-04-21T09:58:20:SHORT
2026-04-21,09:59:20,2026-04-21,09:59:26,NIFTY,BUY,TYPE_B,PASSIVE,HIT_BID,24496.7,24495.05,NIFTY21APR2624450CE,24450.0,CE,ITM1,89.45,89.1,89.43,89.28,90.0,85.0,0.055913,0.056038,ws,ws,type_b_ladder,type_b_ladder,False,False,0.0227,-0.1827,65,-22.75,strategy_S5-10__TYPE_B:NIFTY:2026-04-21T09:59:20:LONG
2026-04-21,09:59:40,2026-04-21,10:00:40,NIFTY,BUY,TYPE_B,PASSIVE,HIT_BID,24498.55,24502.15,NIFTY21APR2624450CE,24450.0,CE,ITM1,90.8,89.4,90.79,89.54,95.0,85.0,0.055127,0.05585,ws,ws,type_b_ladder,type_b_ladder,False,False,0.0105,-0.1379,65,-91.0,strategy_S5-10__TYPE_B:NIFTY:2026-04-21T09:59:40:LONG
2026-04-21,10:01:00,2026-04-21,10:01:39,NIFTY,BUY,TYPE_B,PASSIVE,HIT_BID,24506.1,24501.5,NIFTY21APR2624500CE,24500.0,CE,ITM1,63.0,63.4,62.9,63.57,65.0,60.0,0.079428,0.07874,ws,ws,type_b_ladder,type_b_ladder,False,False,0.0977,-0.1719,65,26.0,strategy_S5-10__TYPE_B:NIFTY:2026-04-21T10:01:00:LONG
2026-04-21,10:01:50,2026-04-21,10:02:24,NIFTY,SELL,TYPE_B,PASSIVE,HIT_BID,24500.6,24502.5,NIFTY21APR2624550PE,24550.0,PE,ITM1,86.6,85.1,86.49,85.19,90.0,85.0,0.057787,0.058685,ws,ws,type_b_ladder,type_b_ladder,False,False,0.1125,-0.0875,65,-97.5,strategy_S5-10__TYPE_B:NIFTY:2026-04-21T10:01:50:SHORT
2026-04-21,10:02:56,2026-04-21,10:03:01,NIFTY,BUY,TYPE_B,PASSIVE,HIT_BID,24504.5,24501.7,NIFTY21APR2624500CE,24500.0,CE,ITM1,61.0,58.7,60.98,58.73,65.0,55.0,0.082068,0.08507,ws,ws,type_b_ladder,type_b_ladder,False,False,0.0153,-0.0321,65,-149.5,strategy_S5-10__TYPE_B:NIFTY:2026-04-21T10:02:56:LONG
2026-04-21,10:03:28,2026-04-21,10:05:24,NIFTY,BUY,TYPE_B,PASSIVE,HIT_BID,24504.75,24516.05,NIFTY21APR2624500CE,24500.0,CE,ITM1,61.95,67.95,61.93,68.0,65.0,65.0,0.080775,0.073475,ws,ws,type_b_ladder,type_b_ladder,False,False,0.0213,-0.0485,65,390.0,strategy_S5-10__TYPE_B:NIFTY:2026-04-21T10:03:28:LONG
2026-04-21,10:05:30,2026-04-21,10:05:39,NIFTY,BUY,TYPE_B,PASSIVE,HIT_BID,24519.4,24516.25,NIFTY21APR2624500CE,24500.0,CE,ITM1,67.0,66.0,66.9,66.08,70.0,65.0,0.074683,0.075672,ws,ws,type_b_ladder,type_b_ladder,False,False,0.0955,-0.0818,65,-65.0,strategy_S5-10__TYPE_B:NIFTY:2026-04-21T10:05:30:LONG
2026-04-21,10:05:53,2026-04-21,10:06:30,NIFTY,SELL,TYPE_B,PASSIVE,HIT_BID,24510.1,24511.4,NIFTY21APR2624550PE,24550.0,PE,ITM1,76.85,76.0,76.73,76.08,80.0,75.0,0.065147,0.065725,ws,ws,type_b_ladder,type_b_ladder,False,False,0.1167,-0.075,65,-55.25,strategy_S5-10__TYPE_B:NIFTY:2026-04-21T10:05:53:SHORT
2026-04-21,10:06:50,2026-04-21,10:07:44,NIFTY,BUY,TYPE_B,PASSIVE,HIT_BID,24516.95,24518.75,NIFTY21APR2624500CE,24500.0,CE,ITM1,68.2,69.35,68.19,69.38,70.0,65.0,0.073421,0.071994,ws,ws,type_b_ladder,type_b_ladder,False,False,0.0135,-0.0255,65,74.75,strategy_S5-10__TYPE_B:NIFTY:2026-04-21T10:06:50:LONG
2026-04-21,10:08:00,2026-04-21,10:08:06,NIFTY,BUY,TYPE_B,PASSIVE,HIT_BID,24519.85,24516.45,NIFTY21APR2624500CE,24500.0,CE,ITM1,68.15,67.7,68.12,67.71,70.0,65.0,0.073394,0.073828,ws,ws,type_b_ladder,type_b_ladder,False,False,0.0312,-0.0062,65,-29.25,strategy_S5-10__TYPE_B:NIFTY:2026-04-21T10:08:00:LONG
2026-04-21,10:08:24,2026-04-21,10:08:50,NIFTY,BUY,TYPE_B,PASSIVE,HIT_BID,24523.55,24521.7,NIFTY21APR2624500CE,24500.0,CE,ITM1,70.85,70.8,70.74,70.95,75.0,70.0,0.070671,0.070522,ws,ws,type_b_ladder,type_b_ladder,False,False,0.1143,-0.1478,65,-3.25,strategy_S5-10__TYPE_B:NIFTY:2026-04-21T10:08:24:LONG
2026-04-21,10:09:11,2026-04-21,10:09:30,NIFTY,SELL,TYPE_B,PASSIVE,HIT_BID,24520.4,24520.65,NIFTY21APR2624550PE,24550.0,PE,ITM1,70.45,71.1,70.36,71.28,75.0,70.0,0.071048,0.070225,ws,ws,type_b_ladder,type_b_ladder,False,False,0.09,-0.1833,65,42.25,strategy_S5-10__TYPE_B:NIFTY:2026-04-21T10:09:11:SHORT
2026-04-21,10:09:52,2026-04-21,10:10:09,NIFTY,BUY,TYPE_B,PASSIVE,HIT_BID,24521.55,24520.4,NIFTY21APR2624500CE,24500.0,CE,ITM1,70.75,69.5,70.61,69.68,75.0,65.0,0.070796,0.071839,ws,ws,type_b_ladder,type_b_ladder,False,False,0.1361,-0.179,65,-81.25,strategy_S5-10__TYPE_B:NIFTY:2026-04-21T10:09:52:LONG
2026-04-21,10:10:34,2026-04-21,10:10:54,NIFTY,SELL,TYPE_B,PASSIVE,HIT_BID,24517.45,24518.05,NIFTY21APR2624550PE,24550.0,PE,ITM1,72.05,71.4,72.02,71.51,75.0,70.0,0.069444,0.06993,ws,ws,type_b_ladder,type_b_ladder,False,False,0.0333,-0.1143,65,-42.25,strategy_S5-10__TYPE_B:NIFTY:2026-04-21T10:10:34:SHORT
2026-04-21,10:11:00,2026-04-21,10:11:22,NIFTY,BUY,TYPE_B,PASSIVE,HIT_BID,24521.4,24519.45,NIFTY21APR2624500CE,24500.0,CE,ITM1,69.4,68.6,69.32,68.6,70.0,65.0,0.072098,0.072807,ws,ws,type_b_ladder,type_b_ladder,False,False,0.08,-0.0042,65,-52.0,strategy_S5-10__TYPE_B:NIFTY:2026-04-21T10:11:00:LONG
2026-04-21,10:11:36,2026-04-21,10:12:16,NIFTY,SELL,TYPE_B,PASSIVE,HIT_BID,24517.2,24515.95,NIFTY21APR2624550PE,24550.0,PE,ITM1,72.95,72.9,72.92,72.97,75.0,70.0,0.068587,0.068517,ws,ws,type_b_ladder,type_b_ladder,False,False,0.0286,-0.0714,65,-3.25,strategy_S5-10__TYPE_B:NIFTY:2026-04-21T10:11:36:SHORT
2026-04-21,10:12:36,2026-04-21,10:12:45,NIFTY,BUY,TYPE_B,PASSIVE,HIT_BID,24517.45,24515.2,NIFTY21APR2624500CE,24500.0,CE,ITM1,67.5,66.25,67.48,66.3,70.0,65.0,0.074156,0.075358,ws,ws,type_b_ladder,type_b_ladder,False,False,0.0214,-0.0524,65,-81.25,strategy_S5-10__TYPE_B:NIFTY:2026-04-21T10:12:36:LONG
2026-04-21,10:13:00,2026-04-21,10:13:20,NIFTY,BUY,TYPE_B,PASSIVE,HIT_BID,24517.75,24516.65,NIFTY21APR2624500CE,24500.0,CE,ITM1,65.65,65.9,65.64,65.93,70.0,65.0,0.076278,0.075758,ws,ws,type_b_ladder,type_b_ladder,False,False,0.0141,-0.026,65,16.25,strategy_S5-10__TYPE_B:NIFTY:2026-04-21T10:13:00:LONG
2026-04-21,10:13:44,2026-04-21,10:14:05,NIFTY,BUY,TYPE_B,PASSIVE,HIT_BID,24519.6,24517.25,NIFTY21APR2624500CE,24500.0,CE,ITM1,68.55,65.55,68.38,65.55,70.0,65.0,0.073046,0.07622,ws,ws,type_b_ladder,type_b_ladder,False,False,0.1747,-0.0048,65,-195.0,strategy_S5-10__TYPE_B:NIFTY:2026-04-21T10:13:44:LONG
2026-04-21,10:14:11,2026-04-21,10:15:07,NIFTY,SELL,TYPE_B,PASSIVE,HIT_BID,24515.95,24517.1,NIFTY21APR2624550PE,24550.0,PE,ITM1,74.45,73.3,74.28,73.35,75.0,70.0,0.067249,0.068143,ws,ws,type_b_ladder,type_b_ladder,False,False,0.1692,-0.0545,65,-74.75,strategy_S5-10__TYPE_B:NIFTY:2026-04-21T10:14:11:SHORT
2026-04-21,10:15:33,2026-04-21,10:16:13,NIFTY,BUY,TYPE_B,PASSIVE,HIT_BID,24519.3,24518.45,NIFTY21APR2624500CE,24500.0,CE,ITM1,67.3,64.7,67.21,64.71,70.0,60.0,0.074349,0.07719,ws,ws,type_b_ladder,type_b_ladder,False,False,0.0943,-0.0132,65,-169.0,strategy_S5-10__TYPE_B:NIFTY:2026-04-21T10:15:33:LONG
2026-04-21,10:16:38,2026-04-21,10:17:00,NIFTY,SELL,TYPE_B,PASSIVE,HIT_BID,24514.65,24515.1,NIFTY21APR2624550PE,24550.0,PE,ITM1,74.0,73.95,73.96,74.07,75.0,70.0,0.067636,0.067522,ws,ws,type_b_ladder,type_b_ladder,False,False,0.0375,-0.1231,65,-3.25,strategy_S5-10__TYPE_B:NIFTY:2026-04-21T10:16:38:SHORT
2026-04-21,10:17:10,2026-04-21,10:17:55,NIFTY,SELL,TYPE_B,PASSIVE,HIT_BID,24510.55,24515.35,NIFTY21APR2624550PE,24550.0,PE,ITM1,76.1,75.8,76.09,75.89,80.0,75.0,0.065746,0.065876,ws,ws,type_b_ladder,type_b_ladder,False,False,0.01,-0.0947,65,-19.5,strategy_S5-10__TYPE_B:NIFTY:2026-04-21T10:17:10:SHORT
2026-04-21,10:18:27,2026-04-21,10:18:33,NIFTY,SELL,TYPE_B,PASSIVE,HIT_BID,24509.85,24512.55,NIFTY21APR2624550PE,24550.0,PE,ITM1,78.75,77.65,78.67,77.66,80.0,75.0,0.063593,0.064329,ws,ws,type_b_ladder,type_b_ladder,False,False,0.0761,-0.0125,65,-71.5,strategy_S5-10__TYPE_B:NIFTY:2026-04-21T10:18:27:SHORT
2026-04-21,10:18:58,2026-04-21,10:19:14,NIFTY,SELL,TYPE_B,PASSIVE,HIT_BID,24509.25,24511.9,NIFTY21APR2624550PE,24550.0,PE,ITM1,78.7,77.3,78.55,77.38,80.0,75.0,0.063613,0.06462,ws,ws,type_b_ladder,type_b_ladder,False,False,0.15,-0.075,65,-91.0,strategy_S5-10__TYPE_B:NIFTY:2026-04-21T10:18:58:SHORT
2026-04-21,10:19:21,2026-04-21,10:19:25,NIFTY,BUY,TYPE_B,PASSIVE,HIT_BID,24512.9,24510.0,NIFTY21APR2624500CE,24500.0,CE,ITM1,62.45,61.85,62.44,61.85,65.0,60.0,0.080096,0.080743,ws,ws,type_b_ladder,type_b_ladder,False,False,0.01,-0.0023,65,-39.0,strategy_S5-10__TYPE_B:NIFTY:2026-04-21T10:19:21:LONG
2026-04-21,10:19:57,2026-04-21,10:21:00,NIFTY,SELL,TYPE_B,PASSIVE,HIT_BID,24506.95,24501.6,NIFTY21APR2624550PE,24550.0,PE,ITM1,81.4,81.4,81.39,81.44,85.0,80.0,0.061463,0.06135,ws,ws,type_b_ladder,type_b_ladder,False,False,0.01,-0.0364,65,0.0,strategy_S5-10__TYPE_B:NIFTY:2026-04-21T10:19:57:SHORT
2026-04-21,10:21:45,2026-04-21,10:21:59,NIFTY,SELL,TYPE_B,PASSIVE,HIT_BID,24497.6,24500.55,NIFTY21APR2624500PE,24500.0,PE,ITM1,57.2,54.75,57.14,54.77,60.0,50.0,0.087489,0.091199,ws,ws,type_b_ladder,type_b_ladder,False,False,0.0588,-0.0191,65,-159.25,strategy_S5-10__TYPE_B:NIFTY:2026-04-21T10:21:45:SHORT
2026-04-21,10:22:17,2026-04-21,10:22:30,NIFTY,SELL,TYPE_B,PASSIVE,HIT_BID,24497.0,24499.0,NIFTY21APR2624500PE,24500.0,PE,ITM1,56.75,55.8,56.66,55.9,60.0,55.0,0.088183,0.089526,ws,ws,type_b_ladder,type_b_ladder,False,False,0.093,-0.0964,65,-61.75,strategy_S5-10__TYPE_B:NIFTY:2026-04-21T10:22:17:SHORT
2026-04-21,10:22:44,2026-04-21,10:22:56,NIFTY,SELL,TYPE_B,PASSIVE,HIT_BID,24496.15,24497.9,NIFTY21APR2624500PE,24500.0,PE,ITM1,56.3,57.1,56.21,57.23,60.0,55.0,0.088968,0.087451,ws,ws,type_b_ladder,type_b_ladder,False,False,0.0914,-0.125,65,52.0,strategy_S5-10__TYPE_B:NIFTY:2026-04-21T10:22:44:SHORT
2026-04-21,10:23:00,2026-04-21,10:23:11,NIFTY,SELL,TYPE_B,PASSIVE,HIT_BID,24495.05,24497.4,NIFTY21APR2624500PE,24500.0,PE,ITM1,57.35,58.4,57.24,58.4,60.0,55.0,0.087298,0.085507,ws,ws,type_b_ladder,type_b_ladder,False,False,0.11,-0.0039,65,68.25,strategy_S5-10__TYPE_B:NIFTY:2026-04-21T10:23:00:SHORT
2026-04-21,10:24:16,2026-04-21,10:24:48,NIFTY,BUY,TYPE_B,PASSIVE,HIT_BID,24499.9,24498.55,NIFTY21APR2624450CE,24450.0,CE,ITM1,81.0,80.95,80.85,80.99,85.0,80.0,0.061805,0.061671,ws,ws,type_b_ladder,type_b_ladder,False,False,0.1467,-0.0375,65,-3.25,strategy_S5-10__TYPE_B:NIFTY:2026-04-21T10:24:16:LONG
2026-04-21,10:25:14,2026-04-21,10:25:30,NIFTY,SELL,TYPE_B,PASSIVE,HIT_BID,24496.6,24497.55,NIFTY21APR2624500PE,24500.0,PE,ITM1,58.15,59.0,58.15,59.01,60.0,55.0,0.086096,0.084638,ws,ws,type_b_ladder,type_b_ladder,False,False,0.0043,-0.0065,65,55.25,strategy_S5-10__TYPE_B:NIFTY:2026-04-21T10:25:14:SHORT
2026-04-21,10:25:45,2026-04-21,10:25:56,NIFTY,SELL,TYPE_B,PASSIVE,HIT_BID,24492.3,24494.25,NIFTY21APR2624500PE,24500.0,PE,ITM1,60.85,58.45,60.77,58.54,65.0,55.0,0.082305,0.08547,ws,ws,type_b_ladder,type_b_ladder,False,False,0.0766,-0.0931,65,-156.0,strategy_S5-10__TYPE_B:NIFTY:2026-04-21T10:25:45:SHORT
2026-04-21,10:26:16,2026-04-21,10:26:45,NIFTY,BUY,TYPE_B,PASSIVE,HIT_BID,24499.25,24493.05,NIFTY21APR2624450CE,24450.0,CE,ITM1,80.75,78.5,80.64,78.69,85.0,75.0,0.061996,0.063593,ws,ws,type_b_ladder,type_b_ladder,False,False,0.1067,-0.1908,65,-146.25,strategy_S5-10__TYPE_B:NIFTY:2026-04-21T10:26:16:LONG
2026-04-21,10:27:10,2026-04-21,10:27:22,NIFTY,BUY,TYPE_B,PASSIVE,HIT_BID,24496.65,24493.7,NIFTY21APR2624450CE,24450.0,CE,ITM1,80.35,80.5,80.32,80.51,85.0,80.0,0.062267,0.062073,ws,ws,type_b_ladder,type_b_ladder,False,False,0.0286,-0.0071,65,9.75,strategy_S5-10__TYPE_B:NIFTY:2026-04-21T10:27:10:LONG
2026-04-21,10:27:41,2026-04-21,10:28:06,NIFTY,SELL,TYPE_B,PASSIVE,HIT_BID,24492.0,24491.1,NIFTY21APR2624500PE,24500.0,PE,ITM1,58.3,58.5,58.2,58.63,60.0,55.0,0.085874,0.085361,ws,ws,type_b_ladder,type_b_ladder,False,False,0.0978,-0.1318,65,13.0,strategy_S5-10__TYPE_B:NIFTY:2026-04-21T10:27:41:SHORT
2026-04-21,10:28:41,2026-04-21,10:28:46,NIFTY,SELL,TYPE_B,PASSIVE,HIT_BID,24490.5,24492.45,NIFTY21APR2624500PE,24500.0,PE,ITM1,58.7,58.35,58.62,58.36,60.0,55.0,0.085288,0.085616,ws,ws,type_b_ladder,type_b_ladder,False,False,0.0828,-0.0057,65,-22.75,strategy_S5-10__TYPE_B:NIFTY:2026-04-21T10:28:41:SHORT
2026-04-21,10:29:10,2026-04-21,10:29:30,NIFTY,SELL,TYPE_B,PASSIVE,HIT_BID,24488.85,24491.45,NIFTY21APR2624500PE,24500.0,PE,ITM1,61.75,59.15,61.72,59.26,65.0,55.0,0.08107,0.084424,ws,ws,type_b_ladder,type_b_ladder,False,False,0.027,-0.1085,65,-169.0,strategy_S5-10__TYPE_B:NIFTY:2026-04-21T10:29:10:SHORT
2026-04-21,10:29:59,2026-04-21,10:30:22,NIFTY,BUY,TYPE_B,PASSIVE,HIT_BID,24495.4,24493.6,NIFTY21APR2624450CE,24450.0,CE,ITM1,80.25,78.95,80.24,79.01,85.0,75.0,0.062364,0.063231,ws,ws,type_b_ladder,type_b_ladder,False,False,0.0113,-0.0584,65,-84.5,strategy_S5-10__TYPE_B:NIFTY:2026-04-21T10:29:59:LONG
2026-04-21,10:30:46,2026-04-21,10:31:20,NIFTY,BUY,TYPE_B,PASSIVE,HIT_BID,24498.05,24507.15,NIFTY21APR2624450CE,24450.0,CE,ITM1,81.8,87.8,81.68,87.81,85.0,85.0,0.0612,0.056883,ws,ws,type_b_ladder,type_b_ladder,False,False,0.12,-0.0095,65,390.0,strategy_S5-10__TYPE_B:NIFTY:2026-04-21T10:30:46:LONG
2026-04-21,10:31:43,2026-04-21,10:32:01,NIFTY,BUY,TYPE_B,PASSIVE,HIT_BID,24511.2,24507.95,NIFTY21APR2624500CE,24500.0,CE,ITM1,58.1,56.2,58.1,56.31,60.0,55.0,0.086133,0.08881,ws,ws,type_b_ladder,type_b_ladder,False,False,0.0032,-0.1074,65,-123.5,strategy_S5-10__TYPE_B:NIFTY:2026-04-21T10:31:43:LONG
2026-04-21,10:32:12,2026-04-21,10:32:14,NIFTY,SELL,TYPE_B,PASSIVE,HIT_BID,24506.0,24509.5,NIFTY21APR2624550PE,24550.0,PE,ITM1,75.8,76.25,75.68,76.3,80.0,75.0,0.06605,0.065509,ws,ws,type_b_ladder,type_b_ladder,False,False,0.1222,-0.0512,65,29.25,strategy_S5-10__TYPE_B:NIFTY:2026-04-21T10:32:12:SHORT
2026-04-21,10:32:22,2026-04-21,10:33:12,NIFTY,SELL,TYPE_B,PASSIVE,HIT_BID,24504.7,24505.35,NIFTY21APR2624550PE,24550.0,PE,ITM1,77.15,75.0,77.01,75.23,80.0,75.0,0.064893,0.066556,ws,ws,type_b_ladder,type_b_ladder,False,False,0.1385,-0.2317,65,-139.75,strategy_S5-10__TYPE_B:NIFTY:2026-04-21T10:32:22:SHORT
2026-04-21,10:33:26,2026-04-21,10:34:03,NIFTY,BUY,TYPE_B,PASSIVE,HIT_BID,24510.45,24512.0,NIFTY21APR2624500CE,24500.0,CE,ITM1,59.8,59.0,59.72,59.14,60.0,55.0,0.083682,0.084638,ws,ws,type_b_ladder,type_b_ladder,False,False,0.0833,-0.1397,65,-52.0,strategy_S5-10__TYPE_B:NIFTY:2026-04-21T10:33:26:LONG
2026-04-21,10:34:22,2026-04-21,10:35:31,NIFTY,BUY,TYPE_B,PASSIVE,HIT_BID,24519.3,24530.35,NIFTY21APR2624500CE,24500.0,CE,ITM1,63.65,70.4,63.55,70.44,65.0,70.0,0.078616,0.070922,ws,ws,type_b_ladder,type_b_ladder,False,False,0.0975,-0.0414,65,438.75,strategy_S5-10__TYPE_B:NIFTY:2026-04-21T10:34:22:LONG
2026-04-21,10:35:58,2026-04-21,10:36:31,NIFTY,BUY,TYPE_B,PASSIVE,HIT_BID,24534.95,24529.95,NIFTY21APR2624500CE,24500.0,CE,ITM1,71.85,70.2,71.81,70.2,75.0,70.0,0.069638,0.071149,ws,ws,type_b_ladder,type_b_ladder,False,False,0.0364,-0.0028,65,-107.25,strategy_S5-10__TYPE_B:NIFTY:2026-04-21T10:35:58:LONG
2026-04-21,10:37:41,2026-04-21,10:38:15,NIFTY,SELL,TYPE_B,PASSIVE,HIT_BID,24529.5,24529.25,NIFTY21APR2624550PE,24550.0,PE,ITM1,56.8,59.1,56.77,59.16,60.0,55.0,0.088145,0.084531,ws,ws,type_b_ladder,type_b_ladder,False,False,0.0341,-0.0635,65,149.5,strategy_S5-10__TYPE_B:NIFTY:2026-04-21T10:37:41:SHORT
2026-04-21,10:38:25,2026-04-21,10:39:14,NIFTY,SELL,TYPE_B,PASSIVE,HIT_BID,24524.25,24527.15,NIFTY21APR2624550PE,24550.0,PE,ITM1,58.75,56.85,58.74,56.86,60.0,55.0,0.085215,0.087835,ws,ws,type_b_ladder,type_b_ladder,False,False,0.013,-0.0075,65,-123.5,strategy_S5-10__TYPE_B:NIFTY:2026-04-21T10:38:25:SHORT
2026-04-21,10:39:20,2026-04-21,10:39:50,NIFTY,BUY,TYPE_B,PASSIVE,HIT_BID,24529.0,24529.05,NIFTY21APR2624500CE,24500.0,CE,ITM1,68.9,69.65,68.86,69.76,70.0,65.0,0.072674,0.07171,ws,ws,type_b_ladder,type_b_ladder,False,False,0.039,-0.1125,65,48.75,strategy_S5-10__TYPE_B:NIFTY:2026-04-21T10:39:20:LONG
2026-04-21,10:40:30,2026-04-21,10:41:21,NIFTY,BUY,TYPE_B,PASSIVE,HIT_BID,24532.75,24530.8,NIFTY21APR2624500CE,24500.0,CE,ITM1,69.85,68.15,69.85,68.32,70.0,65.0,0.071659,0.07326,ws,ws,type_b_ladder,type_b_ladder,False,False,0.0024,-0.1657,65,-110.5,strategy_S5-10__TYPE_B:NIFTY:2026-04-21T10:40:30:LONG
2026-04-21,10:41:31,2026-04-21,10:42:34,NIFTY,SELL,TYPE_B,PASSIVE,HIT_BID,24527.55,24518.95,NIFTY21APR2624550PE,24550.0,PE,ITM1,59.05,61.6,59.0,61.61,60.0,60.0,0.084746,0.08107,ws,ws,type_b_ladder,type_b_ladder,False,False,0.05,-0.0132,65,165.75,strategy_S5-10__TYPE_B:NIFTY:2026-04-21T10:41:31:SHORT
2026-04-21,10:43:00,2026-04-21,10:43:24,NIFTY,BUY,TYPE_B,PASSIVE,HIT_BID,24521.65,24523.95,NIFTY21APR2624500CE,24500.0,CE,ITM1,63.65,64.5,63.58,64.65,65.0,60.0,0.078616,0.077399,ws,ws,type_b_ladder,type_b_ladder,False,False,0.0727,-0.1494,65,55.25,strategy_S5-10__TYPE_B:NIFTY:2026-04-21T10:43:00:LONG
2026-04-21,10:43:31,2026-04-21,10:44:28,NIFTY,BUY,TYPE_B,PASSIVE,HIT_BID,24526.65,24527.45,NIFTY21APR2624500CE,24500.0,CE,ITM1,64.2,66.15,64.16,66.31,65.0,65.0,0.077912,0.075472,ws,ws,type_b_ladder,type_b_ladder,False,False,0.0375,-0.1617,65,126.75,strategy_S5-10__TYPE_B:NIFTY:2026-04-21T10:43:31:LONG
2026-04-21,10:45:13,2026-04-21,10:45:15,NIFTY,BUY,TYPE_B,PASSIVE,HIT_BID,24531.05,24528.55,NIFTY21APR2624500CE,24500.0,CE,ITM1,66.95,66.8,66.81,66.91,70.0,65.0,0.074766,0.074738,ws,ws,type_b_ladder,type_b_ladder,False,False,0.135,-0.1128,65,-9.75,strategy_S5-10__TYPE_B:NIFTY:2026-04-21T10:45:13:LONG
2026-04-21,10:45:43,2026-04-21,10:46:01,NIFTY,BUY,TYPE_B,PASSIVE,HIT_BID,24533.25,24530.85,NIFTY21APR2624500CE,24500.0,CE,ITM1,69.3,67.1,69.26,67.17,70.0,65.0,0.072254,0.074432,ws,ws,type_b_ladder,type_b_ladder,False,False,0.0429,-0.075,65,-143.0,strategy_S5-10__TYPE_B:NIFTY:2026-04-21T10:45:43:LONG
2026-04-21,10:46:25,2026-04-21,10:48:51,NIFTY,SELL,TYPE_B,PASSIVE,HIT_BID,24527.7,24520.85,NIFTY21APR2624550PE,24550.0,PE,ITM1,59.2,61.0,59.17,61.05,60.0,60.0,0.084567,0.081867,ws,ws,type_b_ladder,type_b_ladder,False,False,0.0321,-0.05,65,117.0,strategy_S5-10__TYPE_B:NIFTY:2026-04-21T10:46:25:SHORT
2026-04-21,10:49:00,2026-04-21,10:50:03,NIFTY,BUY,TYPE_B,PASSIVE,HIT_BID,24523.25,24524.65,NIFTY21APR2624500CE,24500.0,CE,ITM1,64.45,65.7,64.32,65.78,65.0,65.0,0.0777,0.075988,ws,ws,type_b_ladder,type_b_ladder,False,False,0.1286,-0.0804,65,81.25,strategy_S5-10__TYPE_B:NIFTY:2026-04-21T10:49:00:LONG
2026-04-21,10:50:34,2026-04-21,10:50:52,NIFTY,SELL,TYPE_B,PASSIVE,HIT_BID,24522.3,24528.0,NIFTY21APR2624550PE,24550.0,PE,ITM1,60.65,58.85,60.56,58.97,65.0,55.0,0.082508,0.084818,ws,ws,type_b_ladder,type_b_ladder,False,False,0.0857,-0.1167,65,-117.0,strategy_S5-10__TYPE_B:NIFTY:2026-04-21T10:50:34:SHORT
2026-04-21,10:51:11,2026-04-21,10:52:58,NIFTY,BUY,TYPE_B,PASSIVE,HIT_BID,24527.95,24537.6,NIFTY21APR2624500CE,24500.0,CE,ITM1,67.3,69.45,67.19,69.46,70.0,65.0,0.074432,0.071968,ws,ws,type_b_ladder,type_b_ladder,False,False,0.1074,-0.01,65,139.75,strategy_S5-10__TYPE_B:NIFTY:2026-04-21T10:51:11:LONG
2026-04-21,10:53:10,2026-04-21,10:53:22,NIFTY,BUY,TYPE_B,PASSIVE,HIT_BID,24539.45,24539.0,NIFTY21APR2624500CE,24500.0,CE,ITM1,69.0,69.75,68.85,69.86,70.0,65.0,0.072569,0.071608,ws,ws,type_b_ladder,type_b_ladder,False,False,0.1508,-0.105,65,48.75,strategy_S5-10__TYPE_B:NIFTY:2026-04-21T10:53:10:LONG
2026-04-21,10:53:30,2026-04-21,10:53:55,NIFTY,SELL,TYPE_B,PASSIVE,HIT_BID,24535.55,24538.8,NIFTY21APR2624550PE,24550.0,PE,ITM1,56.05,54.1,56.04,54.12,60.0,50.0,0.089326,0.092379,ws,ws,type_b_ladder,type_b_ladder,False,False,0.0141,-0.0167,65,-126.75,strategy_S5-10__TYPE_B:NIFTY:2026-04-21T10:53:30:SHORT
2026-04-21,10:54:00,2026-04-21,10:54:28,NIFTY,BUY,TYPE_B,PASSIVE,HIT_BID,24540.0,24540.05,NIFTY21APR2624500CE,24500.0,CE,ITM1,69.75,70.55,69.61,70.59,70.0,70.0,0.071788,0.070796,ws,ws,type_b_ladder,type_b_ladder,False,False,0.1415,-0.0375,65,52.0,strategy_S5-10__TYPE_B:NIFTY:2026-04-21T10:54:00:LONG
2026-04-21,10:54:38,2026-04-21,10:54:47,NIFTY,SELL,TYPE_B,PASSIVE,HIT_BID,24538.1,24541.4,NIFTY21APR2624550PE,24550.0,PE,ITM1,53.65,52.05,53.64,52.15,55.0,50.0,0.093327,0.095969,ws,ws,type_b_ladder,type_b_ladder,False,False,0.0109,-0.096,65,-104.0,strategy_S5-10__TYPE_B:NIFTY:2026-04-21T10:54:38:SHORT
2026-04-21,10:55:00,2026-04-21,10:55:50,NIFTY,BUY,TYPE_B,PASSIVE,HIT_BID,24544.3,24546.6,NIFTY21APR2624500CE,24500.0,CE,ITM1,73.3,75.7,73.18,75.76,75.0,75.0,0.068283,0.065963,ws,ws,type_b_ladder,type_b_ladder,False,False,0.1159,-0.0571,65,156.0,strategy_S5-10__TYPE_B:NIFTY:2026-04-21T10:55:00:LONG
2026-04-21,10:56:00,2026-04-21,10:56:30,NIFTY,SELL,TYPE_B,PASSIVE,HIT_BID,24544.0,24546.45,NIFTY21APR2624550PE,24550.0,PE,ITM1,48.75,48.05,48.68,48.07,50.0,45.0,0.102722,0.10395,ws,ws,type_b_ladder,type_b_ladder,False,False,0.0726,-0.0225,65,-45.5,strategy_S5-10__TYPE_B:NIFTY:2026-04-21T10:56:00:SHORT
2026-04-21,10:57:54,2026-04-21,10:58:39,NIFTY,BUY,TYPE_B,PASSIVE,HIT_BID,24546.0,24545.8,NIFTY21APR2624500CE,24500.0,CE,ITM1,76.15,79.6,75.97,79.72,80.0,75.0,0.065768,0.062735,ws,ws,type_b_ladder,type_b_ladder,False,False,0.1801,-0.1227,65,224.25,strategy_S5-10__TYPE_B:NIFTY:2026-04-21T10:57:54:LONG
2026-04-21,10:58:45,2026-04-21,10:59:21,NIFTY,BUY,TYPE_B,PASSIVE,HIT_BID,24550.25,24556.0,NIFTY21APR2624550CE,24550.0,CE,ITM1,49.75,51.75,49.65,51.77,50.0,50.0,0.100654,0.096479,ws,ws,type_b_ladder,type_b_ladder,False,False,0.0989,-0.0224,65,130.0,strategy_S5-10__TYPE_B:NIFTY:2026-04-21T10:58:45:LONG
2026-04-21,10:59:34,2026-04-21,11:00:00,NIFTY,SELL,TYPE_B,PASSIVE,HIT_BID,24552.35,24550.75,NIFTY21APR2624600PE,24600.0,PE,ITM1,74.0,72.45,73.89,72.52,75.0,70.0,0.067636,0.068918,ws,ws,type_b_ladder,type_b_ladder,False,False,0.1125,-0.072,65,-100.75,strategy_S5-10__TYPE_B:NIFTY:2026-04-21T10:59:34:SHORT
2026-04-21,11:00:38,2026-04-21,11:00:56,NIFTY,SELL,TYPE_B,PASSIVE,HIT_BID,24547.8,24549.15,NIFTY21APR2624550PE,24550.0,PE,ITM1,45.7,44.55,45.61,44.58,50.0,40.0,0.109529,0.112108,ws,ws,type_b_ladder,type_b_ladder,False,False,0.0875,-0.0286,65,-74.75,strategy_S5-10__TYPE_B:NIFTY:2026-04-21T11:00:38:SHORT
2026-04-21,11:01:00,2026-04-21,11:01:21,NIFTY,BUY,TYPE_B,PASSIVE,HIT_BID,24554.6,24554.4,NIFTY21APR2624550CE,24550.0,CE,ITM1,50.4,48.35,50.34,48.44,55.0,45.0,0.099354,0.103306,ws,ws,type_b_ladder,type_b_ladder,False,False,0.0603,-0.0889,65,-133.25,strategy_S5-10__TYPE_B:NIFTY:2026-04-21T11:01:00:LONG
2026-04-21,11:01:34,2026-04-21,11:02:13,NIFTY,SELL,TYPE_B,PASSIVE,HIT_BID,24546.1,24543.5,NIFTY21APR2624550PE,24550.0,PE,ITM1,46.5,49.1,46.48,49.19,50.0,45.0,0.107643,0.101626,ws,ws,type_b_ladder,type_b_ladder,False,False,0.0187,-0.0865,65,169.0,strategy_S5-10__TYPE_B:NIFTY:2026-04-21T11:01:34:SHORT
2026-04-21,11:02:34,2026-04-21,11:03:25,NIFTY,BUY,TYPE_B,PASSIVE,HIT_BID,24545.55,24547.6,NIFTY21APR2624500CE,24500.0,CE,ITM1,76.3,76.6,76.29,76.76,80.0,75.0,0.065617,0.065189,ws,ws,type_b_ladder,type_b_ladder,False,False,0.0114,-0.1615,65,19.5,strategy_S5-10__TYPE_B:NIFTY:2026-04-21T11:02:34:LONG
2026-04-21,11:04:06,2026-04-21,11:04:26,NIFTY,BUY,TYPE_B,PASSIVE,HIT_BID,24551.15,24549.3,NIFTY21APR2624550CE,24550.0,CE,ITM1,46.9,46.45,46.84,46.54,50.0,45.0,0.106781,0.107527,ws,ws,type_b_ladder,type_b_ladder,False,False,0.0609,-0.087,65,-29.25,strategy_S5-10__TYPE_B:NIFTY:2026-04-21T11:04:06:LONG
2026-04-21,11:04:59,2026-04-21,11:05:40,NIFTY,BUY,TYPE_B,PASSIVE,HIT_BID,24553.15,24552.7,NIFTY21APR2624550CE,24550.0,CE,ITM1,49.55,50.05,49.43,50.11,50.0,50.0,0.101061,0.099751,ws,ws,type_b_ladder,type_b_ladder,False,False,0.1219,-0.0579,65,32.5,strategy_S5-10__TYPE_B:NIFTY:2026-04-21T11:04:59:LONG
2026-04-21,11:06:11,2026-04-21,11:07:59,NIFTY,BUY,TYPE_B,PASSIVE,HIT_BID,24559.45,24558.85,NIFTY21APR2624550CE,24550.0,CE,ITM1,50.6,51.65,50.54,51.73,55.0,50.0,0.098961,0.096665,ws,ws,type_b_ladder,type_b_ladder,False,False,0.0565,-0.0764,65,68.25,strategy_S5-10__TYPE_B:NIFTY:2026-04-21T11:06:11:LONG
2026-04-21,11:08:03,2026-04-21,11:08:27,NIFTY,SELL,TYPE_B,PASSIVE,HIT_BID,24557.3,24558.5,NIFTY21APR2624600PE,24600.0,PE,ITM1,70.75,69.25,70.66,69.28,75.0,65.0,0.070771,0.072098,ws,ws,type_b_ladder,type_b_ladder,False,False,0.0941,-0.0296,65,-97.5,strategy_S5-10__TYPE_B:NIFTY:2026-04-21T11:08:03:SHORT
2026-04-21,11:08:32,2026-04-21,11:09:05,NIFTY,BUY,TYPE_B,PASSIVE,HIT_BID,24561.45,24560.15,NIFTY21APR2624550CE,24550.0,CE,ITM1,52.6,52.0,52.46,52.04,55.0,50.0,0.095193,0.096015,ws,ws,type_b_ladder,type_b_ladder,False,False,0.1369,-0.0418,65,-39.0,strategy_S5-10__TYPE_B:NIFTY:2026-04-21T11:08:32:LONG
2026-04-21,11:09:15,2026-04-21,11:11:00,NIFTY,SELL,TYPE_B,PASSIVE,HIT_BID,24557.95,24547.5,NIFTY21APR2624600PE,24600.0,PE,ITM1,70.95,77.0,70.93,77.11,75.0,75.0,0.070547,0.064851,ws,ws,type_b_ladder,type_b_ladder,False,False,0.0231,-0.1136,65,393.25,strategy_S5-10__TYPE_B:NIFTY:2026-04-21T11:09:15:SHORT
2026-04-21,11:11:21,2026-04-21,11:11:30,NIFTY,SELL,TYPE_B,PASSIVE,HIT_BID,24544.1,24546.6,NIFTY21APR2624550PE,24550.0,PE,ITM1,47.35,47.1,47.28,47.11,50.0,45.0,0.105764,0.106101,ws,ws,type_b_ladder,type_b_ladder,False,False,0.0698,-0.0143,65,-16.25,strategy_S5-10__TYPE_B:NIFTY:2026-04-21T11:11:21:SHORT
2026-04-21,11:11:45,2026-04-21,11:12:18,NIFTY,BUY,TYPE_B,PASSIVE,HIT_BID,24547.85,24547.15,NIFTY21APR2624500CE,24500.0,CE,ITM1,78.55,78.05,78.44,78.17,80.0,75.0,0.063735,0.063959,ws,ws,type_b_ladder,type_b_ladder,False,False,0.1067,-0.1215,65,-32.5,strategy_S5-10__TYPE_B:NIFTY:2026-04-21T11:11:45:LONG
2026-04-21,11:12:30,2026-04-21,11:13:49,NIFTY,BUY,TYPE_B,PASSIVE,HIT_BID,24549.05,24551.9,NIFTY21APR2624500CE,24500.0,CE,ITM1,77.9,79.0,77.87,79.09,80.0,75.0,0.064247,0.063251,ws,ws,type_b_ladder,type_b_ladder,False,False,0.0333,-0.0943,65,71.5,strategy_S5-10__TYPE_B:NIFTY:2026-04-21T11:12:30:LONG
2026-04-21,11:14:00,2026-04-21,11:15:08,NIFTY,BUY,TYPE_B,PASSIVE,HIT_BID,24553.1,24553.7,NIFTY21APR2624550CE,24550.0,CE,ITM1,47.85,49.4,47.8,49.51,50.0,45.0,0.104657,0.101061,ws,ws,type_b_ladder,type_b_ladder,False,False,0.0497,-0.1105,65,100.75,strategy_S5-10__TYPE_B:NIFTY:2026-04-21T11:14:00:LONG
2026-04-21,11:15:26,2026-04-21,11:15:48,NIFTY,SELL,TYPE_B,PASSIVE,HIT_BID,24554.1,24555.8,NIFTY21APR2624600PE,24600.0,PE,ITM1,74.1,74.45,74.03,74.48,75.0,70.0,0.067522,0.067092,ws,ws,type_b_ladder,type_b_ladder,False,False,0.0714,-0.03,65,22.75,strategy_S5-10__TYPE_B:NIFTY:2026-04-21T11:15:26:SHORT
2026-04-21,11:16:20,2026-04-21,11:17:22,NIFTY,SELL,TYPE_B,PASSIVE,HIT_BID,24550.9,24548.45,NIFTY21APR2624600PE,24600.0,PE,ITM1,76.35,75.6,76.31,75.69,80.0,75.0,0.065574,0.066072,ws,ws,type_b_ladder,type_b_ladder,False,False,0.0444,-0.0857,65,-48.75,strategy_S5-10__TYPE_B:NIFTY:2026-04-21T11:16:20:SHORT
2026-04-21,11:17:50,2026-04-21,11:18:10,NIFTY,BUY,TYPE_B,PASSIVE,HIT_BID,24552.8,24550.3,NIFTY21APR2624550CE,24550.0,CE,ITM1,47.0,45.7,46.95,45.72,50.0,45.0,0.10644,0.10929,ws,ws,type_b_ladder,type_b_ladder,False,False,0.0487,-0.0167,65,-84.5,strategy_S5-10__TYPE_B:NIFTY:2026-04-21T11:17:50:LONG
2026-04-21,11:18:50,2026-04-21,11:18:53,NIFTY,BUY,TYPE_B,PASSIVE,HIT_BID,24554.9,24551.3,NIFTY21APR2624550CE,24550.0,CE,ITM1,47.05,46.35,46.99,46.45,50.0,45.0,0.10644,0.107701,ws,ws,type_b_ladder,type_b_ladder,False,False,0.0597,-0.1034,65,-45.5,strategy_S5-10__TYPE_B:NIFTY:2026-04-21T11:18:50:LONG
2026-04-21,11:19:22,2026-04-21,11:19:26,NIFTY,SELL,TYPE_B,PASSIVE,HIT_BID,24550.4,24552.6,NIFTY21APR2624600PE,24600.0,PE,ITM1,75.55,75.15,75.4,75.16,80.0,75.0,0.066269,0.066467,ws,ws,type_b_ladder,type_b_ladder,False,False,0.15,-0.0083,65,-26.0,strategy_S5-10__TYPE_B:NIFTY:2026-04-21T11:19:22:SHORT
2026-04-21,11:19:54,2026-04-21,11:20:31,NIFTY,SELL,TYPE_B,PASSIVE,HIT_BID,24550.7,24551.65,NIFTY21APR2624600PE,24600.0,PE,ITM1,75.8,76.0,75.78,76.03,80.0,75.0,0.065985,0.065703,ws,ws,type_b_ladder,type_b_ladder,False,False,0.025,-0.0333,65,13.0,strategy_S5-10__TYPE_B:NIFTY:2026-04-21T11:19:54:SHORT
2026-04-21,11:21:03,2026-04-21,11:21:32,NIFTY,SELL,TYPE_B,PASSIVE,HIT_BID,24547.7,24549.05,NIFTY21APR2624550PE,24550.0,PE,ITM1,47.8,47.15,47.77,47.2,50.0,45.0,0.104767,0.105876,ws,ws,type_b_ladder,type_b_ladder,False,False,0.0318,-0.0529,65,-42.25,strategy_S5-10__TYPE_B:NIFTY:2026-04-21T11:21:03:SHORT
2026-04-21,11:21:49,2026-04-21,11:22:49,NIFTY,SELL,TYPE_B,PASSIVE,HIT_BID,24545.8,24539.55,NIFTY21APR2624550PE,24550.0,PE,ITM1,48.3,49.4,48.29,49.51,50.0,45.0,0.103627,0.101061,ws,ws,type_b_ladder,type_b_ladder,False,False,0.014,-0.1067,65,71.5,strategy_S5-10__TYPE_B:NIFTY:2026-04-21T11:21:49:SHORT
2026-04-21,11:23:23,2026-04-21,11:23:30,NIFTY,SELL,TYPE_B,PASSIVE,HIT_BID,24536.1,24538.3,NIFTY21APR2624550PE,24550.0,PE,ITM1,50.25,50.8,50.16,50.88,55.0,50.0,0.099602,0.09828,ws,ws,type_b_ladder,type_b_ladder,False,False,0.0885,-0.0789,65,35.75,strategy_S5-10__TYPE_B:NIFTY:2026-04-21T11:23:23:SHORT
2026-04-21,11:23:51,2026-04-21,11:24:00,NIFTY,SELL,TYPE_B,PASSIVE,HIT_BID,24535.3,24537.9,NIFTY21APR2624550PE,24550.0,PE,ITM1,51.3,49.85,51.28,49.92,55.0,45.0,0.097561,0.1002,ws,ws,type_b_ladder,type_b_ladder,False,False,0.0195,-0.0696,65,-94.25,strategy_S5-10__TYPE_B:NIFTY:2026-04-21T11:23:51:SHORT
2026-04-21,11:24:13,2026-04-21,11:25:02,NIFTY,BUY,TYPE_B,PASSIVE,HIT_BID,24539.4,24540.35,NIFTY21APR2624500CE,24500.0,CE,ITM1,71.7,71.85,71.59,71.96,75.0,70.0,0.069808,0.069493,ws,ws,type_b_ladder,type_b_ladder,False,False,0.1071,-0.1137,65,9.75,strategy_S5-10__TYPE_B:NIFTY:2026-04-21T11:24:13:LONG
2026-04-21,11:25:25,2026-04-21,11:26:09,NIFTY,BUY,TYPE_B,PASSIVE,HIT_BID,24542.15,24541.5,NIFTY21APR2624500CE,24500.0,CE,ITM1,72.7,71.0,72.68,71.08,75.0,70.0,0.068871,0.070373,ws,ws,type_b_ladder,type_b_ladder,False,False,0.0203,-0.078,65,-110.5,strategy_S5-10__TYPE_B:NIFTY:2026-04-21T11:25:25:LONG
2026-04-21,11:26:11,2026-04-21,11:27:03,NIFTY,SELL,TYPE_B,PASSIVE,HIT_BID,24541.2,24539.85,NIFTY21APR2624550PE,24550.0,PE,ITM1,51.5,51.7,51.36,51.8,55.0,50.0,0.097229,0.096572,ws,ws,type_b_ladder,type_b_ladder,False,False,0.1386,-0.0962,65,13.0,strategy_S5-10__TYPE_B:NIFTY:2026-04-21T11:26:11:SHORT
2026-04-21,11:27:25,2026-04-21,11:28:53,NIFTY,SELL,TYPE_B,PASSIVE,HIT_BID,24536.65,24535.5,NIFTY21APR2624550PE,24550.0,PE,ITM1,52.4,55.05,52.39,55.08,55.0,55.0,0.095557,0.090703,ws,ws,type_b_ladder,type_b_ladder,False,False,0.0145,-0.0326,65,172.25,strategy_S5-10__TYPE_B:NIFTY:2026-04-21T11:27:25:SHORT
2026-04-21,11:29:12,2026-04-21,11:30:18,NIFTY,BUY,TYPE_B,PASSIVE,HIT_BID,24537.15,24536.9,NIFTY21APR2624500CE,24500.0,CE,ITM1,67.6,67.25,67.6,67.3,70.0,65.0,0.074047,0.074267,ws,ws,type_b_ladder,type_b_ladder,False,False,0.0028,-0.0525,65,-22.75,strategy_S5-10__TYPE_B:NIFTY:2026-04-21T11:29:12:LONG
2026-04-21,11:30:22,2026-04-21,11:31:00,NIFTY,SELL,TYPE_B,PASSIVE,HIT_BID,24536.1,24532.9,NIFTY21APR2624550PE,24550.0,PE,ITM1,55.45,55.65,55.38,55.76,60.0,55.0,0.090253,0.089726,ws,ws,type_b_ladder,type_b_ladder,False,False,0.066,-0.1102,65,13.0,strategy_S5-10__TYPE_B:NIFTY:2026-04-21T11:30:22:SHORT
2026-04-21,11:31:22,2026-04-21,11:31:30,NIFTY,SELL,TYPE_B,PASSIVE,HIT_BID,24530.4,24532.1,NIFTY21APR2624550PE,24550.0,PE,ITM1,54.5,54.65,54.45,54.67,55.0,50.0,0.091827,0.091408,ws,ws,type_b_ladder,type_b_ladder,False,False,0.0545,-0.025,65,9.75,strategy_S5-10__TYPE_B:NIFTY:2026-04-21T11:31:22:SHORT
2026-04-21,11:31:46,2026-04-21,11:33:26,NIFTY,SELL,TYPE_B,PASSIVE,HIT_BID,24529.2,24520.2,NIFTY21APR2624550PE,24550.0,PE,ITM1,55.7,60.35,55.63,60.41,60.0,60.0,0.089928,0.082713,ws,ws,type_b_ladder,type_b_ladder,False,False,0.0681,-0.0564,65,302.25,strategy_S5-10__TYPE_B:NIFTY:2026-04-21T11:31:46:SHORT
2026-04-21,11:34:00,2026-04-21,11:34:20,NIFTY,BUY,TYPE_B,PASSIVE,HIT_BID,24520.85,24518.6,NIFTY21APR2624500CE,24500.0,CE,ITM1,60.65,58.5,60.53,58.62,65.0,55.0,0.082576,0.085324,ws,ws,type_b_ladder,type_b_ladder,False,False,0.1179,-0.1197,65,-139.75,strategy_S5-10__TYPE_B:NIFTY:2026-04-21T11:34:00:LONG
2026-04-21,11:34:56,2026-04-21,11:35:25,NIFTY,SELL,TYPE_B,PASSIVE,HIT_BID,24516.4,24516.65,NIFTY21APR2624550PE,24550.0,PE,ITM1,62.15,63.1,62.08,63.19,65.0,60.0,0.080548,0.079145,ws,ws,type_b_ladder,type_b_ladder,False,False,0.0695,-0.09,65,61.75,strategy_S5-10__TYPE_B:NIFTY:2026-04-21T11:34:56:SHORT
2026-04-21,11:36:11,2026-04-21,11:36:20,NIFTY,SELL,TYPE_B,PASSIVE,HIT_BID,24514.0,24518.25,NIFTY21APR2624550PE,24550.0,PE,ITM1,66.4,63.65,66.29,63.84,70.0,60.0,0.075386,0.078431,ws,ws,type_b_ladder,type_b_ladder,False,False,0.1091,-0.1917,65,-178.75,strategy_S5-10__TYPE_B:NIFTY:2026-04-21T11:36:11:SHORT
2026-04-21,11:36:44,2026-04-21,11:37:16,NIFTY,BUY,TYPE_B,PASSIVE,HIT_BID,24525.7,24525.5,NIFTY21APR2624500CE,24500.0,CE,ITM1,62.6,59.8,62.59,59.95,65.0,55.0,0.079936,0.083472,ws,ws,type_b_ladder,type_b_ladder,False,False,0.01,-0.1505,65,-182.0,strategy_S5-10__TYPE_B:NIFTY:2026-04-21T11:36:44:LONG
2026-04-21,11:37:50,2026-04-21,11:37:54,NIFTY,BUY,TYPE_B,PASSIVE,HIT_BID,24527.3,24525.4,NIFTY21APR2624500CE,24500.0,CE,ITM1,63.1,62.3,62.97,62.36,65.0,60.0,0.079334,0.08016,ws,ws,type_b_ladder,type_b_ladder,False,False,0.1313,-0.0614,65,-52.0,strategy_S5-10__TYPE_B:NIFTY:2026-04-21T11:37:50:LONG
2026-04-21,11:38:30,2026-04-21,11:38:51,NIFTY,BUY,TYPE_B,PASSIVE,HIT_BID,24529.35,24529.55,NIFTY21APR2624500CE,24500.0,CE,ITM1,64.6,64.7,64.55,64.8,65.0,60.0,0.077459,0.07719,ws,ws,type_b_ladder,type_b_ladder,False,False,0.05,-0.104,65,6.5,strategy_S5-10__TYPE_B:NIFTY:2026-04-21T11:38:30:LONG
2026-04-21,11:39:08,2026-04-21,11:39:18,NIFTY,BUY,TYPE_B,PASSIVE,HIT_BID,24532.4,24531.05,NIFTY21APR2624500CE,24500.0,CE,ITM1,65.65,65.35,65.65,65.47,70.0,65.0,0.076249,0.076423,ws,ws,type_b_ladder,type_b_ladder,False,False,0.0033,-0.1227,65,-19.5,strategy_S5-10__TYPE_B:NIFTY:2026-04-21T11:39:08:LONG
2026-04-21,11:40:06,2026-04-21,11:40:29,NIFTY,SELL,TYPE_B,PASSIVE,HIT_BID,24521.85,24521.8,NIFTY21APR2624550PE,24550.0,PE,ITM1,58.75,57.0,58.64,57.04,60.0,55.0,0.085215,0.087566,ws,ws,type_b_ladder,type_b_ladder,False,False,0.1076,-0.0385,65,-113.75,strategy_S5-10__TYPE_B:NIFTY:2026-04-21T11:40:06:SHORT
2026-04-21,11:40:53,2026-04-21,11:40:59,NIFTY,SELL,TYPE_B,PASSIVE,HIT_BID,24519.15,24522.2,NIFTY21APR2624550PE,24550.0,PE,ITM1,58.0,57.5,57.9,57.54,60.0,55.0,0.086356,0.086843,ws,ws,type_b_ladder,type_b_ladder,False,False,0.1049,-0.0353,65,-32.5,strategy_S5-10__TYPE_B:NIFTY:2026-04-21T11:40:53:SHORT
2026-04-21,11:41:03,2026-04-21,11:41:37,NIFTY,BUY,TYPE_B,PASSIVE,HIT_BID,24523.85,24522.3,NIFTY21APR2624500CE,24500.0,CE,ITM1,62.9,63.4,62.81,63.49,65.0,60.0,0.079618,0.078802,ws,ws,type_b_ladder,type_b_ladder,False,False,0.0882,-0.0927,65,32.5,strategy_S5-10__TYPE_B:NIFTY:2026-04-21T11:41:03:LONG
2026-04-21,11:41:40,2026-04-21,11:42:12,NIFTY,SELL,TYPE_B,PASSIVE,HIT_BID,24521.55,24519.35,NIFTY21APR2624550PE,24550.0,PE,ITM1,57.2,56.45,57.2,56.46,60.0,55.0,0.087489,0.088535,ws,ws,type_b_ladder,type_b_ladder,False,False,0.004,-0.01,65,-48.75,strategy_S5-10__TYPE_B:NIFTY:2026-04-21T11:41:40:SHORT
2026-04-21,11:42:52,2026-04-21,11:43:22,NIFTY,BUY,TYPE_B,PASSIVE,HIT_BID,24522.15,24522.4,NIFTY21APR2624500CE,24500.0,CE,ITM1,63.2,63.05,63.15,63.13,65.0,60.0,0.079239,0.079239,ws,ws,type_b_ladder,type_b_ladder,False,False,0.0452,-0.0786,65,-9.75,strategy_S5-10__TYPE_B:NIFTY:2026-04-21T11:42:52:LONG
2026-04-21,11:43:30,2026-04-21,11:43:40,NIFTY,BUY,TYPE_B,PASSIVE,HIT_BID,24525.05,24522.4,NIFTY21APR2624500CE,24500.0,CE,ITM1,63.35,63.35,63.21,63.42,65.0,60.0,0.079051,0.078833,ws,ws,type_b_ladder,type_b_ladder,False,False,0.1404,-0.0706,65,0.0,strategy_S5-10__TYPE_B:NIFTY:2026-04-21T11:43:30:LONG
2026-04-21,11:44:00,2026-04-21,11:46:22,NIFTY,BUY,TYPE_B,PASSIVE,HIT_BID,24526.05,24531.95,NIFTY21APR2624500CE,24500.0,CE,ITM1,63.55,67.5,63.41,67.64,65.0,65.0,0.078802,0.073992,ws,ws,type_b_ladder,type_b_ladder,False,False,0.1355,-0.1412,65,256.75,strategy_S5-10__TYPE_B:NIFTY:2026-04-21T11:44:00:LONG
2026-04-21,11:46:31,2026-04-21,11:47:46,NIFTY,BUY,TYPE_B,PASSIVE,HIT_BID,24535.7,24540.7,NIFTY21APR2624500CE,24500.0,CE,ITM1,67.95,68.6,67.95,68.71,70.0,65.0,0.073638,0.072807,ws,ws,type_b_ladder,type_b_ladder,False,False,0.0034,-0.1086,65,42.25,strategy_S5-10__TYPE_B:NIFTY:2026-04-21T11:46:31:LONG
2026-04-21,11:47:51,2026-04-21,11:48:00,NIFTY,SELL,TYPE_B,PASSIVE,HIT_BID,24540.2,24542.05,NIFTY21APR2624550PE,24550.0,PE,ITM1,47.35,45.7,47.27,45.78,50.0,45.0,0.105764,0.10929,ws,ws,type_b_ladder,type_b_ladder,False,False,0.075,-0.0841,65,-107.25,strategy_S5-10__TYPE_B:NIFTY:2026-04-21T11:47:51:SHORT
2026-04-21,11:48:12,2026-04-21,11:49:31,NIFTY,SELL,TYPE_B,PASSIVE,HIT_BID,24539.4,24532.35,NIFTY21APR2624550PE,24550.0,PE,ITM1,46.65,50.9,46.62,50.91,50.0,50.0,0.107239,0.098135,ws,ws,type_b_ladder,type_b_ladder,False,False,0.0308,-0.0091,65,276.25,strategy_S5-10__TYPE_B:NIFTY:2026-04-21T11:48:12:SHORT
2026-04-21,11:50:35,2026-04-21,11:51:05,NIFTY,SELL,TYPE_B,PASSIVE,HIT_BID,24528.85,24527.9,NIFTY21APR2624550PE,24550.0,PE,ITM1,48.55,53.75,48.41,53.79,50.0,50.0,0.103146,0.092894,ws,ws,type_b_ladder,type_b_ladder,False,False,0.1433,-0.0422,65,338.0,strategy_S5-10__TYPE_B:NIFTY:2026-04-21T11:50:35:SHORT
2026-04-21,11:51:25,2026-04-21,11:51:42,NIFTY,BUY,TYPE_B,PASSIVE,HIT_BID,24531.0,24529.0,NIFTY21APR2624500CE,24500.0,CE,ITM1,65.35,63.8,65.32,63.81,70.0,60.0,0.076599,0.078278,ws,ws,type_b_ladder,type_b_ladder,False,False,0.0333,-0.0133,65,-100.75,strategy_S5-10__TYPE_B:NIFTY:2026-04-21T11:51:25:LONG
2026-04-21,11:51:52,2026-04-21,11:52:00,NIFTY,SELL,TYPE_B,PASSIVE,HIT_BID,24527.45,24528.7,NIFTY21APR2624550PE,24550.0,PE,ITM1,53.75,53.4,53.68,53.47,55.0,50.0,0.09311,0.093458,ws,ws,type_b_ladder,type_b_ladder,False,False,0.0688,-0.0736,65,-22.75,strategy_S5-10__TYPE_B:NIFTY:2026-04-21T11:51:52:SHORT
2026-04-21,11:52:18,2026-04-21,11:52:49,NIFTY,SELL,TYPE_B,PASSIVE,HIT_BID,24526.0,24524.75,NIFTY21APR2624550PE,24550.0,PE,ITM1,54.55,54.1,54.51,54.11,55.0,50.0,0.091785,0.092336,ws,ws,type_b_ladder,type_b_ladder,False,False,0.037,-0.01,65,-29.25,strategy_S5-10__TYPE_B:NIFTY:2026-04-21T11:52:18:SHORT
2026-04-21,11:53:00,2026-04-21,11:53:44,NIFTY,BUY,TYPE_B,PASSIVE,HIT_BID,24526.2,24524.8,NIFTY21APR2624500CE,24500.0,CE,ITM1,61.8,62.65,61.69,62.79,65.0,60.0,0.081037,0.079713,ws,ws,type_b_ladder,type_b_ladder,False,False,0.1126,-0.1414,65,55.25,strategy_S5-10__TYPE_B:NIFTY:2026-04-21T11:53:00:LONG
2026-04-21,11:54:00,2026-04-21,11:54:07,NIFTY,BUY,TYPE_B,PASSIVE,HIT_BID,24527.25,24524.95,NIFTY21APR2624500CE,24500.0,CE,ITM1,62.85,62.55,62.75,62.65,65.0,60.0,0.079618,0.07984,ws,ws,type_b_ladder,type_b_ladder,False,False,0.0964,-0.1,65,-19.5,strategy_S5-10__TYPE_B:NIFTY:2026-04-21T11:54:00:LONG
2026-04-21,11:54:20,2026-04-21,11:54:28,NIFTY,BUY,TYPE_B,PASSIVE,HIT_BID,24527.7,24525.75,NIFTY21APR2624500CE,24500.0,CE,ITM1,63.55,62.7,63.45,62.7,65.0,60.0,0.078771,0.07965,ws,ws,type_b_ladder,type_b_ladder,False,False,0.1,-0.0047,65,-55.25,strategy_S5-10__TYPE_B:NIFTY:2026-04-21T11:54:20:LONG
2026-04-21,11:55:00,2026-04-21,11:55:23,NIFTY,BUY,TYPE_B,PASSIVE,HIT_BID,24529.05,24528.85,NIFTY21APR2624500CE,24500.0,CE,ITM1,63.7,63.65,63.7,63.67,65.0,60.0,0.078524,0.078431,ws,ws,type_b_ladder,type_b_ladder,False,False,0.0029,-0.0233,65,-3.25,strategy_S5-10__TYPE_B:NIFTY:2026-04-21T11:55:00:LONG
2026-04-21,11:55:44,2026-04-21,11:57:05,NIFTY,BUY,TYPE_B,PASSIVE,HIT_BID,24531.5,24536.45,NIFTY21APR2624500CE,24500.0,CE,ITM1,64.0,65.45,63.93,65.47,65.0,65.0,0.078217,0.076278,ws,ws,type_b_ladder,type_b_ladder,False,False,0.0737,-0.0233,65,94.25,strategy_S5-10__TYPE_B:NIFTY:2026-04-21T11:55:44:LONG
2026-04-21,11:57:19,2026-04-21,11:58:06,NIFTY,SELL,TYPE_B,PASSIVE,HIT_BID,24534.2,24533.2,NIFTY21APR2624550PE,24550.0,PE,ITM1,50.6,52.1,50.57,52.19,55.0,50.0,0.098912,0.095785,ws,ws,type_b_ladder,type_b_ladder,False,False,0.0261,-0.0904,65,97.5,strategy_S5-10__TYPE_B:NIFTY:2026-04-21T11:57:19:SHORT
2026-04-21,11:58:37,2026-04-21,11:59:00,NIFTY,SELL,TYPE_B,PASSIVE,HIT_BID,24529.1,24526.9,NIFTY21APR2624550PE,24550.0,PE,ITM1,53.8,55.0,53.79,55.07,55.0,55.0,0.093023,0.090785,ws,ws,type_b_ladder,type_b_ladder,False,False,0.0056,-0.0739,65,78.0,strategy_S5-10__TYPE_B:NIFTY:2026-04-21T11:58:37:SHORT
2026-04-21,11:59:30,2026-04-21,12:00:05,NIFTY,BUY,TYPE_B,PASSIVE,HIT_BID,24529.5,24529.15,NIFTY21APR2624500CE,24500.0,CE,ITM1,61.15,61.85,61.09,61.87,65.0,60.0,0.081833,0.080743,ws,ws,type_b_ladder,type_b_ladder,False,False,0.0609,-0.02,65,45.5,strategy_S5-10__TYPE_B:NIFTY:2026-04-21T11:59:30:LONG
2026-04-21,12:00:30,2026-04-21,12:00:56,NIFTY,BUY,TYPE_B,PASSIVE,HIT_BID,24532.35,24531.55,NIFTY21APR2624500CE,24500.0,CE,ITM1,62.5,63.0,62.42,63.06,65.0,60.0,0.080128,0.079271,ws,ws,type_b_ladder,type_b_ladder,False,False,0.0818,-0.0638,65,32.5,strategy_S5-10__TYPE_B:NIFTY:2026-04-21T12:00:30:LONG
2026-04-21,12:01:30,2026-04-21,12:02:58,NIFTY,BUY,TYPE_B,PASSIVE,HIT_BID,24535.05,24537.6,NIFTY21APR2624500CE,24500.0,CE,ITM1,62.3,66.8,62.26,66.9,65.0,65.0,0.080289,0.074738,ws,ws,type_b_ladder,type_b_ladder,False,False,0.0375,-0.1036,65,292.5,strategy_S5-10__TYPE_B:NIFTY:2026-04-21T12:01:30:LONG
2026-04-21,12:03:24,2026-04-21,12:03:52,NIFTY,BUY,TYPE_B,PASSIVE,HIT_BID,24540.45,24539.75,NIFTY21APR2624500CE,24500.0,CE,ITM1,68.5,69.8,68.42,69.81,70.0,65.0,0.073073,0.071531,ws,ws,type_b_ladder,type_b_ladder,False,False,0.075,-0.0115,65,84.5,strategy_S5-10__TYPE_B:NIFTY:2026-04-21T12:03:24:LONG
2026-04-21,12:04:20,2026-04-21,12:04:55,NIFTY,BUY,TYPE_B,PASSIVE,HIT_BID,24541.6,24539.7,NIFTY21APR2624500CE,24500.0,CE,ITM1,70.35,69.15,70.29,69.23,75.0,65.0,0.071174,0.072228,ws,ws,type_b_ladder,type_b_ladder,False,False,0.0582,-0.0808,65,-78.0,strategy_S5-10__TYPE_B:NIFTY:2026-04-21T12:04:20:LONG
2026-04-21,12:05:40,2026-04-21,12:05:52,NIFTY,SELL,TYPE_B,PASSIVE,HIT_BID,24538.3,24539.8,NIFTY21APR2624550PE,24550.0,PE,ITM1,42.6,42.25,42.48,42.31,45.0,40.0,0.117578,0.118133,ws,ws,type_b_ladder,type_b_ladder,False,False,0.1157,-0.0599,65,-22.75,strategy_S5-10__TYPE_B:NIFTY:2026-04-21T12:05:40:SHORT
2026-04-21,12:06:00,2026-04-21,12:06:26,NIFTY,SELL,TYPE_B,PASSIVE,HIT_BID,24536.8,24539.05,NIFTY21APR2624550PE,24550.0,PE,ITM1,43.4,41.15,43.28,41.24,45.0,40.0,0.115407,0.121359,ws,ws,type_b_ladder,type_b_ladder,False,False,0.1165,-0.0919,65,-146.25,strategy_S5-10__TYPE_B:NIFTY:2026-04-21T12:06:00:SHORT
2026-04-21,12:06:30,2026-04-21,12:07:53,NIFTY,BUY,TYPE_B,PASSIVE,HIT_BID,24540.45,24541.25,NIFTY21APR2624500CE,24500.0,CE,ITM1,69.1,71.0,68.91,71.01,70.0,70.0,0.072464,0.070398,ws,ws,type_b_ladder,type_b_ladder,False,False,0.1935,-0.0083,65,123.5,strategy_S5-10__TYPE_B:NIFTY:2026-04-21T12:06:30:LONG
2026-04-21,12:08:00,2026-04-21,12:08:37,NIFTY,BUY,TYPE_B,PASSIVE,HIT_BID,24545.55,24546.0,NIFTY21APR2624500CE,24500.0,CE,ITM1,71.25,71.45,71.22,71.46,75.0,70.0,0.070274,0.06993,ws,ws,type_b_ladder,type_b_ladder,False,False,0.03,-0.0067,65,13.0,strategy_S5-10__TYPE_B:NIFTY:2026-04-21T12:08:00:LONG
2026-04-21,12:09:21,2026-04-21,12:09:30,NIFTY,SELL,TYPE_B,PASSIVE,HIT_BID,24543.05,24545.65,NIFTY21APR2624550PE,24550.0,PE,ITM1,41.6,40.25,41.51,40.32,45.0,40.0,0.120337,0.123993,ws,ws,type_b_ladder,type_b_ladder,False,False,0.095,-0.0663,65,-87.75,strategy_S5-10__TYPE_B:NIFTY:2026-04-21T12:09:21:SHORT
2026-04-21,12:10:00,2026-04-21,12:11:27,NIFTY,BUY,TYPE_B,PASSIVE,HIT_BID,24546.45,24551.9,NIFTY21APR2624500CE,24500.0,CE,ITM1,71.0,77.0,70.96,77.05,75.0,75.0,0.070447,0.064893,ws,ws,type_b_ladder,type_b_ladder,False,False,0.0417,-0.0462,65,390.0,strategy_S5-10__TYPE_B:NIFTY:2026-04-21T12:10:00:LONG
2026-04-21,12:11:56,2026-04-21,12:12:59,NIFTY,BUY,TYPE_B,PASSIVE,HIT_BID,24555.6,24555.55,NIFTY21APR2624550CE,24550.0,CE,ITM1,47.1,43.65,47.06,43.67,50.0,40.0,0.106326,0.114416,ws,ws,type_b_ladder,type_b_ladder,False,False,0.0404,-0.0152,65,-224.25,strategy_S5-10__TYPE_B:NIFTY:2026-04-21T12:11:56:LONG
2026-04-21,12:13:22,2026-04-21,12:13:26,NIFTY,SELL,TYPE_B,PASSIVE,HIT_BID,24554.25,24556.55,NIFTY21APR2624600PE,24600.0,PE,ITM1,60.55,60.25,60.52,60.34,65.0,60.0,0.082679,0.082919,ws,ws,type_b_ladder,type_b_ladder,False,False,0.0316,-0.0889,65,-19.5,strategy_S5-10__TYPE_B:NIFTY:2026-04-21T12:13:22:SHORT
2026-04-21,12:13:44,2026-04-21,12:14:13,NIFTY,BUY,TYPE_B,PASSIVE,HIT_BID,24560.3,24564.4,NIFTY21APR2624550CE,24550.0,CE,ITM1,46.95,46.3,46.87,46.4,50.0,45.0,0.106667,0.107875,ws,ws,type_b_ladder,type_b_ladder,False,False,0.085,-0.0952,65,-42.25,strategy_S5-10__TYPE_B:NIFTY:2026-04-21T12:13:44:LONG
2026-04-21,12:14:27,2026-04-21,12:15:30,NIFTY,SELL,TYPE_B,PASSIVE,HIT_BID,24562.0,24561.2,NIFTY21APR2624600PE,24600.0,PE,ITM1,59.9,59.0,59.86,59.13,60.0,55.0,0.083507,0.084638,ws,ws,type_b_ladder,type_b_ladder,False,False,0.0375,-0.1286,65,-58.5,strategy_S5-10__TYPE_B:NIFTY:2026-04-21T12:14:27:SHORT
2026-04-21,12:16:00,2026-04-21,12:17:00,NIFTY,SELL,TYPE_B,PASSIVE,HIT_BID,24555.3,24555.3,NIFTY21APR2624600PE,24600.0,PE,ITM1,61.4,60.55,61.37,60.67,65.0,60.0,0.081533,0.082474,ws,ws,type_b_ladder,type_b_ladder,False,False,0.0259,-0.1154,65,-55.25,strategy_S5-10__TYPE_B:NIFTY:2026-04-21T12:16:00:SHORT
2026-04-21,12:17:37,2026-04-21,12:18:16,NIFTY,SELL,TYPE_B,PASSIVE,HIT_BID,24550.6,24550.25,NIFTY21APR2624600PE,24600.0,PE,ITM1,64.15,63.95,64.13,64.04,65.0,60.0,0.078034,0.078064,ws,ws,type_b_ladder,type_b_ladder,False,False,0.0234,-0.0857,65,-13.0,strategy_S5-10__TYPE_B:NIFTY:2026-04-21T12:17:37:SHORT
2026-04-21,12:18:37,2026-04-21,12:19:24,NIFTY,BUY,TYPE_B,PASSIVE,HIT_BID,24551.45,24555.65,NIFTY21APR2624550CE,24550.0,CE,ITM1,40.25,42.85,40.16,42.86,45.0,40.0,0.124378,0.11655,ws,ws,type_b_ladder,type_b_ladder,False,False,0.0883,-0.0114,65,169.0,strategy_S5-10__TYPE_B:NIFTY:2026-04-21T12:18:37:LONG
2026-04-21,12:19:31,2026-04-21,12:20:02,NIFTY,BUY,TYPE_B,PASSIVE,HIT_BID,24558.9,24559.75,NIFTY21APR2624550CE,24550.0,CE,ITM1,43.25,42.7,43.24,42.8,45.0,40.0,0.115674,0.116959,ws,ws,type_b_ladder,type_b_ladder,False,False,0.0056,-0.0953,65,-35.75,strategy_S5-10__TYPE_B:NIFTY:2026-04-21T12:19:31:LONG
2026-04-21,12:20:18,2026-04-21,12:20:30,NIFTY,SELL,TYPE_B,PASSIVE,HIT_BID,24555.8,24559.7,NIFTY21APR2624600PE,24600.0,PE,ITM1,61.9,60.3,61.9,60.31,65.0,60.0,0.080808,0.08285,ws,ws,type_b_ladder,type_b_ladder,False,False,0.0045,-0.0111,65,-104.0,strategy_S5-10__TYPE_B:NIFTY:2026-04-21T12:20:18:SHORT
2026-04-21,12:21:00,2026-04-21,12:21:52,NIFTY,BUY,TYPE_B,PASSIVE,HIT_BID,24562.25,24560.2,NIFTY21APR2624550CE,24550.0,CE,ITM1,46.15,45.3,46.11,45.34,50.0,45.0,0.108401,0.110193,ws,ws,type_b_ladder,type_b_ladder,False,False,0.0382,-0.0412,65,-55.25,strategy_S5-10__TYPE_B:NIFTY:2026-04-21T12:21:00:LONG
2026-04-21,12:23:24,2026-04-21,12:23:58,NIFTY,BUY,TYPE_B,PASSIVE,HIT_BID,24565.2,24564.5,NIFTY21APR2624550CE,24550.0,CE,ITM1,52.1,49.8,52.09,49.83,55.0,45.0,0.096108,0.100301,ws,ws,type_b_ladder,type_b_ladder,False,False,0.0094,-0.0333,65,-149.5,strategy_S5-10__TYPE_B:NIFTY:2026-04-21T12:23:24:LONG
2026-04-21,12:24:26,2026-04-21,12:25:30,NIFTY,SELL,TYPE_B,PASSIVE,HIT_BID,24563.95,24560.1,NIFTY21APR2624600PE,24600.0,PE,ITM1,54.65,57.35,54.58,57.45,55.0,55.0,0.091575,0.08707,ws,ws,type_b_ladder,type_b_ladder,False,False,0.075,-0.0969,65,175.5,strategy_S5-10__TYPE_B:NIFTY:2026-04-21T12:24:26:SHORT
2026-04-21,12:25:40,2026-04-21,12:26:13,NIFTY,BUY,TYPE_B,PASSIVE,HIT_BID,24561.7,24560.25,NIFTY21APR2624550CE,24550.0,CE,ITM1,46.75,45.55,46.7,45.62,50.0,45.0,0.107009,0.109649,ws,ws,type_b_ladder,type_b_ladder,False,False,0.0486,-0.0712,65,-78.0,strategy_S5-10__TYPE_B:NIFTY:2026-04-21T12:25:40:LONG
2026-04-21,12:26:32,2026-04-21,12:27:31,NIFTY,SELL,TYPE_B,PASSIVE,HIT_BID,24560.8,24560.3,NIFTY21APR2624600PE,24600.0,PE,ITM1,58.0,58.9,57.9,58.91,60.0,55.0,0.086281,0.084818,ws,ws,type_b_ladder,type_b_ladder,False,False,0.0968,-0.0111,65,58.5,strategy_S5-10__TYPE_B:NIFTY:2026-04-21T12:26:32:SHORT
2026-04-21,12:27:56,2026-04-21,12:28:42,NIFTY,SELL,TYPE_B,PASSIVE,HIT_BID,24557.65,24553.85,NIFTY21APR2624600PE,24600.0,PE,ITM1,58.95,60.75,58.83,60.87,60.0,60.0,0.084926,0.082169,ws,ws,type_b_ladder,type_b_ladder,False,False,0.1219,-0.1211,65,117.0,strategy_S5-10__TYPE_B:NIFTY:2026-04-21T12:27:56:SHORT
2026-04-21,12:29:01,2026-04-21,12:29:07,NIFTY,BUY,TYPE_B,PASSIVE,HIT_BID,24553.8,24551.4,NIFTY21APR2624550CE,24550.0,CE,ITM1,42.15,41.3,42.06,41.38,45.0,40.0,0.118835,0.120846,ws,ws,type_b_ladder,type_b_ladder,False,False,0.0942,-0.0802,65,-55.25,strategy_S5-10__TYPE_B:NIFTY:2026-04-21T12:29:01:LONG
2026-04-21,12:29:45,2026-04-21,12:30:00,NIFTY,SELL,TYPE_B,PASSIVE,HIT_BID,24547.75,24550.05,NIFTY21APR2624550PE,24550.0,PE,ITM1,32.75,32.45,32.72,32.46,35.0,30.0,0.152905,0.153846,ws,ws,type_b_ladder,type_b_ladder,False,False,0.0336,-0.0062,65,-19.5,strategy_S5-10__TYPE_B:NIFTY:2026-04-21T12:29:45:SHORT
2026-04-21,12:30:21,2026-04-21,12:32:21,NIFTY,BUY,TYPE_B,PASSIVE,HIT_BID,24554.85,24567.45,NIFTY21APR2624550CE,24550.0,CE,ITM1,42.55,45.1,42.54,45.16,45.0,45.0,0.117647,0.110681,ws,ws,type_b_ladder,type_b_ladder,False,False,0.007,-0.0592,65,165.75,strategy_S5-10__TYPE_B:NIFTY:2026-04-21T12:30:21:LONG
2026-04-21,12:32:51,2026-04-21,12:33:19,NIFTY,SELL,TYPE_B,PASSIVE,HIT_BID,24566.7,24568.7,NIFTY21APR2624600PE,24600.0,PE,ITM1,59.1,57.35,59.08,57.45,60.0,55.0,0.08471,0.08707,ws,ws,type_b_ladder,type_b_ladder,False,False,0.0167,-0.0971,65,-113.75,strategy_S5-10__TYPE_B:NIFTY:2026-04-21T12:32:51:SHORT
2026-04-21,12:33:28,2026-04-21,12:35:14,NIFTY,SELL,TYPE_B,PASSIVE,HIT_BID,24565.3,24551.45,NIFTY21APR2624600PE,24600.0,PE,ITM1,58.5,66.75,58.46,66.88,60.0,65.0,0.08558,0.074822,ws,ws,type_b_ladder,type_b_ladder,False,False,0.0409,-0.125,65,536.25,strategy_S5-10__TYPE_B:NIFTY:2026-04-21T12:33:28:SHORT
2026-04-21,12:35:54,2026-04-21,12:36:52,NIFTY,BUY,TYPE_B,PASSIVE,HIT_BID,24556.9,24559.4,NIFTY21APR2624550CE,24550.0,CE,ITM1,38.35,39.65,38.25,39.69,40.0,35.0,0.130548,0.126024,ws,ws,type_b_ladder,type_b_ladder,False,False,0.097,-0.035,65,84.5,strategy_S5-10__TYPE_B:NIFTY:2026-04-21T12:35:54:LONG
2026-04-21,12:37:29,2026-04-21,12:38:15,NIFTY,BUY,TYPE_B,PASSIVE,HIT_BID,24561.9,24561.25,NIFTY21APR2624550CE,24550.0,CE,ITM1,41.7,40.35,41.65,40.35,45.0,40.0,0.12012,0.123839,ws,ws,type_b_ladder,type_b_ladder,False,False,0.0524,-0.0007,65,-87.75,strategy_S5-10__TYPE_B:NIFTY:2026-04-21T12:37:29:LONG
2026-04-21,12:38:37,2026-04-21,12:39:00,NIFTY,SELL,TYPE_B,PASSIVE,HIT_BID,24557.7,24560.0,NIFTY21APR2624600PE,24600.0,PE,ITM1,62.0,62.75,61.9,62.8,65.0,60.0,0.08071,0.079618,ws,ws,type_b_ladder,type_b_ladder,False,False,0.0963,-0.05,65,48.75,strategy_S5-10__TYPE_B:NIFTY:2026-04-21T12:38:37:SHORT
2026-04-21,12:39:10,2026-04-21,12:39:15,NIFTY,BUY,TYPE_B,PASSIVE,HIT_BID,24560.8,24556.15,NIFTY21APR2624550CE,24550.0,CE,ITM1,40.05,39.95,40.01,39.97,45.0,35.0,0.124922,0.125,ws,ws,type_b_ladder,type_b_ladder,False,False,0.0417,-0.0211,65,-6.5,strategy_S5-10__TYPE_B:NIFTY:2026-04-21T12:39:10:LONG
2026-04-21,12:40:17,2026-04-21,12:41:00,NIFTY,SELL,TYPE_B,PASSIVE,HIT_BID,24550.75,24552.85,NIFTY21APR2624600PE,24600.0,PE,ITM1,64.15,63.05,64.06,63.2,65.0,60.0,0.078034,0.079177,ws,ws,type_b_ladder,type_b_ladder,False,False,0.0857,-0.15,65,-71.5,strategy_S5-10__TYPE_B:NIFTY:2026-04-21T12:40:17:SHORT
2026-04-21,12:41:32,2026-04-21,12:42:06,NIFTY,SELL,TYPE_B,PASSIVE,HIT_BID,24549.6,24549.3,NIFTY21APR2624550PE,24550.0,PE,ITM1,34.25,33.2,34.17,33.24,35.0,30.0,0.146199,0.150376,ws,ws,type_b_ladder,type_b_ladder,False,False,0.0762,-0.0445,65,-68.25,strategy_S5-10__TYPE_B:NIFTY:2026-04-21T12:41:32:SHORT
2026-04-21,12:42:30,2026-04-21,12:42:36,NIFTY,BUY,TYPE_B,PASSIVE,HIT_BID,24550.2,24546.35,NIFTY21APR2624550CE,24550.0,CE,ITM1,39.0,38.2,38.95,38.23,40.0,35.0,0.128287,0.130719,ws,ws,type_b_ladder,type_b_ladder,False,False,0.0489,-0.0321,65,-52.0,strategy_S5-10__TYPE_B:NIFTY:2026-04-21T12:42:30:LONG
2026-04-21,12:43:30,2026-04-21,12:44:51,NIFTY,BUY,TYPE_B,PASSIVE,HIT_BID,24550.3,24552.8,NIFTY21APR2624550CE,24550.0,CE,ITM1,37.9,36.4,37.81,36.45,40.0,35.0,0.132188,0.137268,ws,ws,type_b_ladder,type_b_ladder,False,False,0.0945,-0.0458,65,-97.5,strategy_S5-10__TYPE_B:NIFTY:2026-04-21T12:43:30:LONG
2026-04-21,12:45:13,2026-04-21,12:47:00,NIFTY,SELL,TYPE_B,PASSIVE,HIT_BID,24551.35,24542.25,NIFTY21APR2624600PE,24600.0,PE,ITM1,66.05,76.8,66.0,76.93,70.0,75.0,0.075786,0.065041,ws,ws,type_b_ladder,type_b_ladder,False,False,0.0545,-0.1269,65,698.75,strategy_S5-10__TYPE_B:NIFTY:2026-04-21T12:45:13:SHORT
2026-04-21,12:48:15,2026-04-21,12:48:23,NIFTY,BUY,TYPE_B,PASSIVE,HIT_BID,24535.4,24533.2,NIFTY21APR2624500CE,24500.0,CE,ITM1,57.75,56.8,57.69,56.88,60.0,55.0,0.086693,0.087912,ws,ws,type_b_ladder,type_b_ladder,False,False,0.0636,-0.0802,65,-61.75,strategy_S5-10__TYPE_B:NIFTY:2026-04-21T12:48:15:LONG
2026-04-21,12:48:34,2026-04-21,12:48:54,NIFTY,BUY,TYPE_B,PASSIVE,HIT_BID,24535.95,24535.65,NIFTY21APR2624500CE,24500.0,CE,ITM1,57.8,56.35,57.73,56.38,60.0,55.0,0.086618,0.088652,ws,ws,type_b_ladder,type_b_ladder,False,False,0.0657,-0.0269,65,-94.25,strategy_S5-10__TYPE_B:NIFTY:2026-04-21T12:48:34:LONG
2026-04-21,12:49:10,2026-04-21,12:49:56,NIFTY,BUY,TYPE_B,PASSIVE,HIT_BID,24539.45,24538.0,NIFTY21APR2624500CE,24500.0,CE,ITM1,58.75,58.1,58.66,58.24,60.0,55.0,0.085179,0.085948,ws,ws,type_b_ladder,type_b_ladder,False,False,0.0947,-0.1406,65,-42.25,strategy_S5-10__TYPE_B:NIFTY:2026-04-21T12:49:10:LONG
2026-04-21,12:50:30,2026-04-21,12:52:00,NIFTY,SELL,TYPE_B,PASSIVE,HIT_BID,24535.6,24531.1,NIFTY21APR2624550PE,24550.0,PE,ITM1,47.65,47.55,47.64,47.61,50.0,45.0,0.105097,0.105042,ws,ws,type_b_ladder,type_b_ladder,False,False,0.0061,-0.0611,65,-6.5,strategy_S5-10__TYPE_B:NIFTY:2026-04-21T12:50:30:SHORT
2026-04-21,12:52:10,2026-04-21,12:53:13,NIFTY,BUY,TYPE_B,PASSIVE,HIT_BID,24532.5,24538.15,NIFTY21APR2624500CE,24500.0,CE,ITM1,56.55,57.1,56.4,57.1,60.0,55.0,0.088535,0.087489,ws,ws,type_b_ladder,type_b_ladder,False,False,0.1482,-0.0032,65,35.75,strategy_S5-10__TYPE_B:NIFTY:2026-04-21T12:52:10:LONG
2026-04-21,12:53:41,2026-04-21,12:54:06,NIFTY,BUY,TYPE_B,PASSIVE,HIT_BID,24541.75,24541.4,NIFTY21APR2624500CE,24500.0,CE,ITM1,60.9,59.3,60.84,59.42,65.0,55.0,0.082169,0.084211,ws,ws,type_b_ladder,type_b_ladder,False,False,0.0571,-0.12,65,-104.0,strategy_S5-10__TYPE_B:NIFTY:2026-04-21T12:53:41:LONG
2026-04-21,12:54:30,2026-04-21,12:54:37,NIFTY,BUY,TYPE_B,PASSIVE,HIT_BID,24544.0,24541.3,NIFTY21APR2624500CE,24500.0,CE,ITM1,59.55,59.8,59.45,59.82,60.0,55.0,0.084069,0.083507,ws,ws,type_b_ladder,type_b_ladder,False,False,0.0977,-0.0225,65,16.25,strategy_S5-10__TYPE_B:NIFTY:2026-04-21T12:54:30:LONG
2026-04-21,12:54:51,2026-04-21,12:55:00,NIFTY,SELL,TYPE_B,PASSIVE,HIT_BID,24539.55,24542.9,NIFTY21APR2624550PE,24550.0,PE,ITM1,43.3,42.6,43.22,42.6,45.0,40.0,0.115674,0.117233,ws,ws,type_b_ladder,type_b_ladder,False,False,0.0834,-0.0029,65,-45.5,strategy_S5-10__TYPE_B:NIFTY:2026-04-21T12:54:51:SHORT
2026-04-21,12:55:33,2026-04-21,12:55:44,NIFTY,SELL,TYPE_B,PASSIVE,HIT_BID,24538.1,24541.0,NIFTY21APR2624550PE,24550.0,PE,ITM1,42.6,40.9,42.6,40.99,45.0,40.0,0.11744,0.1221,ws,ws,type_b_ladder,type_b_ladder,False,False,0.0012,-0.0949,65,-110.5,strategy_S5-10__TYPE_B:NIFTY:2026-04-21T12:55:33:SHORT
2026-04-21,12:56:00,2026-04-21,12:56:38,NIFTY,BUY,TYPE_B,PASSIVE,HIT_BID,24546.65,24542.35,NIFTY21APR2624500CE,24500.0,CE,ITM1,63.7,60.8,63.65,60.83,65.0,60.0,0.078616,0.082136,ws,ws,type_b_ladder,type_b_ladder,False,False,0.0488,-0.03,65,-188.5,strategy_S5-10__TYPE_B:NIFTY:2026-04-21T12:56:00:LONG
2026-04-21,12:57:00,2026-04-21,12:57:33,NIFTY,BUY,TYPE_B,PASSIVE,HIT_BID,24547.3,24543.75,NIFTY21APR2624500CE,24500.0,CE,ITM1,62.25,60.2,62.16,60.24,65.0,60.0,0.080386,0.082953,ws,ws,type_b_ladder,type_b_ladder,False,False,0.0919,-0.04,65,-133.25,strategy_S5-10__TYPE_B:NIFTY:2026-04-21T12:57:00:LONG
2026-04-21,12:58:30,2026-04-21,12:58:42,NIFTY,BUY,TYPE_B,PASSIVE,HIT_BID,24539.8,24537.15,NIFTY21APR2624500CE,24500.0,CE,ITM1,59.15,58.4,59.12,58.48,60.0,55.0,0.084602,0.085543,ws,ws,type_b_ladder,type_b_ladder,False,False,0.025,-0.0833,65,-48.75,strategy_S5-10__TYPE_B:NIFTY:2026-04-21T12:58:30:LONG
2026-04-21,12:59:00,2026-04-21,12:59:21,NIFTY,BUY,TYPE_B,PASSIVE,HIT_BID,24541.45,24537.35,NIFTY21APR2624500CE,24500.0,CE,ITM1,59.1,57.8,59.07,57.83,60.0,55.0,0.084638,0.086393,ws,ws,type_b_ladder,type_b_ladder,False,False,0.0272,-0.0346,65,-84.5,strategy_S5-10__TYPE_B:NIFTY:2026-04-21T12:59:00:LONG
2026-04-21,13:00:00,2026-04-21,13:00:36,NIFTY,BUY,TYPE_B,PASSIVE,HIT_BID,24540.75,24541.7,NIFTY21APR2624500CE,24500.0,CE,ITM1,58.7,58.9,58.69,58.93,60.0,55.0,0.085251,0.084818,ws,ws,type_b_ladder,type_b_ladder,False,False,0.0071,-0.0267,65,13.0,strategy_S5-10__TYPE_B:NIFTY:2026-04-21T13:00:00:LONG
2026-04-21,13:00:41,2026-04-21,13:01:00,NIFTY,SELL,TYPE_B,PASSIVE,HIT_BID,24537.65,24535.0,NIFTY21APR2624550PE,24550.0,PE,ITM1,42.65,40.1,42.62,40.13,45.0,40.0,0.117302,0.124611,ws,ws,type_b_ladder,type_b_ladder,False,False,0.0318,-0.0333,65,-165.75,strategy_S5-10__TYPE_B:NIFTY:2026-04-21T13:00:41:SHORT
2026-04-21,13:01:45,2026-04-21,13:02:24,NIFTY,BUY,TYPE_B,PASSIVE,HIT_BID,24535.8,24532.2,NIFTY21APR2624500CE,24500.0,CE,ITM1,53.1,51.5,53.0,51.51,55.0,50.0,0.09434,0.09704,ws,ws,type_b_ladder,type_b_ladder,False,False,0.1023,-0.0056,65,-104.0,strategy_S5-10__TYPE_B:NIFTY:2026-04-21T13:01:45:LONG
2026-04-21,13:02:48,2026-04-21,13:03:00,NIFTY,SELL,TYPE_B,PASSIVE,HIT_BID,24529.7,24533.55,NIFTY21APR2624550PE,24550.0,PE,ITM1,47.0,44.15,46.96,44.19,50.0,40.0,0.106553,0.113058,ws,ws,type_b_ladder,type_b_ladder,False,False,0.0417,-0.0419,65,-185.25,strategy_S5-10__TYPE_B:NIFTY:2026-04-21T13:02:48:SHORT
2026-04-21,13:03:30,2026-04-21,13:03:43,NIFTY,BUY,TYPE_B,PASSIVE,HIT_BID,24533.55,24531.5,NIFTY21APR2624500CE,24500.0,CE,ITM1,51.45,53.2,51.34,53.33,55.0,50.0,0.097324,0.093853,ws,ws,type_b_ladder,type_b_ladder,False,False,0.1056,-0.1336,65,113.75,strategy_S5-10__TYPE_B:NIFTY:2026-04-21T13:03:30:LONG
2026-04-21,13:04:00,2026-04-21,13:04:12,NIFTY,BUY,TYPE_B,PASSIVE,HIT_BID,24535.05,24531.7,NIFTY21APR2624500CE,24500.0,CE,ITM1,53.95,51.5,53.95,51.59,55.0,50.0,0.092807,0.096946,ws,ws,type_b_ladder,type_b_ladder,False,False,0.0023,-0.0908,65,-159.25,strategy_S5-10__TYPE_B:NIFTY:2026-04-21T13:04:00:LONG
2026-04-21,13:04:27,2026-04-21,13:04:45,NIFTY,SELL,TYPE_B,PASSIVE,HIT_BID,24530.3,24532.35,NIFTY21APR2624550PE,24550.0,PE,ITM1,46.0,45.5,45.97,45.59,50.0,45.0,0.108755,0.109709,ws,ws,type_b_ladder,type_b_ladder,False,False,0.0278,-0.0881,65,-32.5,strategy_S5-10__TYPE_B:NIFTY:2026-04-21T13:04:27:SHORT
2026-04-21,13:04:56,2026-04-21,13:05:11,NIFTY,SELL,TYPE_B,PASSIVE,HIT_BID,24528.3,24530.5,NIFTY21APR2624550PE,24550.0,PE,ITM1,48.15,49.1,48.07,49.16,50.0,45.0,0.10395,0.101678,ws,ws,type_b_ladder,type_b_ladder,False,False,0.0783,-0.0609,65,61.75,strategy_S5-10__TYPE_B:NIFTY:2026-04-21T13:04:56:SHORT
2026-04-21,13:05:39,2026-04-21,13:06:58,NIFTY,BUY,TYPE_B,PASSIVE,HIT_BID,24533.6,24536.95,NIFTY21APR2624500CE,24500.0,CE,ITM1,51.35,53.4,51.29,53.49,55.0,50.0,0.097513,0.093545,ws,ws,type_b_ladder,type_b_ladder,False,False,0.0643,-0.094,65,133.25,strategy_S5-10__TYPE_B:NIFTY:2026-04-21T13:05:39:LONG
2026-04-21,13:07:00,2026-04-21,13:07:28,NIFTY,SELL,TYPE_B,PASSIVE,HIT_BID,24535.2,24530.8,NIFTY21APR2624550PE,24550.0,PE,ITM1,44.5,43.25,44.43,43.37,45.0,40.0,0.112549,0.115407,ws,ws,type_b_ladder,type_b_ladder,False,False,0.07,-0.1218,65,-81.25,strategy_S5-10__TYPE_B:NIFTY:2026-04-21T13:07:00:SHORT
2026-04-21,13:08:00,2026-04-21,13:08:07,NIFTY,BUY,TYPE_B,PASSIVE,HIT_BID,24533.15,24530.05,NIFTY21APR2624500CE,24500.0,CE,ITM1,52.05,50.9,52.04,51.0,55.0,50.0,0.096154,0.098135,ws,ws,type_b_ladder,type_b_ladder,False,False,0.01,-0.0969,65,-74.75,strategy_S5-10__TYPE_B:NIFTY:2026-04-21T13:08:00:LONG
2026-04-21,13:08:30,2026-04-21,13:09:41,NIFTY,BUY,TYPE_B,PASSIVE,HIT_BID,24531.45,24532.7,NIFTY21APR2624500CE,24500.0,CE,ITM1,51.9,53.45,51.83,53.47,55.0,50.0,0.096432,0.093414,ws,ws,type_b_ladder,type_b_ladder,False,False,0.07,-0.0209,65,100.75,strategy_S5-10__TYPE_B:NIFTY:2026-04-21T13:08:30:LONG
2026-04-21,13:10:00,2026-04-21,13:10:30,NIFTY,SELL,TYPE_B,PASSIVE,HIT_BID,24531.45,24530.3,NIFTY21APR2624550PE,24550.0,PE,ITM1,44.1,45.8,44.03,45.87,45.0,45.0,0.113507,0.108992,ws,ws,type_b_ladder,type_b_ladder,False,False,0.0694,-0.0745,65,110.5,strategy_S5-10__TYPE_B:NIFTY:2026-04-21T13:10:00:SHORT
2026-04-21,13:10:44,2026-04-21,13:11:15,NIFTY,SELL,TYPE_B,PASSIVE,HIT_BID,24526.1,24530.15,NIFTY21APR2624550PE,24550.0,PE,ITM1,47.5,44.6,47.42,44.6,50.0,40.0,0.105374,0.111982,ws,ws,type_b_ladder,type_b_ladder,False,False,0.0793,-0.0016,65,-188.5,strategy_S5-10__TYPE_B:NIFTY:2026-04-21T13:10:44:SHORT
2026-04-21,13:11:30,2026-04-21,13:12:53,NIFTY,BUY,TYPE_B,PASSIVE,HIT_BID,24530.8,24537.8,NIFTY21APR2624500CE,24500.0,CE,ITM1,51.2,56.2,51.18,56.25,55.0,55.0,0.0978,0.088889,ws,ws,type_b_ladder,type_b_ladder,False,False,0.0212,-0.049,65,325.0,strategy_S5-10__TYPE_B:NIFTY:2026-04-21T13:11:30:LONG
2026-04-21,13:13:00,2026-04-21,13:13:27,NIFTY,BUY,TYPE_B,PASSIVE,HIT_BID,24541.95,24538.6,NIFTY21APR2624500CE,24500.0,CE,ITM1,57.2,56.55,57.18,56.58,60.0,55.0,0.087489,0.0883,ws,ws,type_b_ladder,type_b_ladder,False,False,0.0155,-0.0261,65,-42.25,strategy_S5-10__TYPE_B:NIFTY:2026-04-21T13:13:00:LONG
2026-04-21,13:13:42,2026-04-21,13:13:45,NIFTY,SELL,TYPE_B,PASSIVE,HIT_BID,24537.5,24540.75,NIFTY21APR2624550PE,24550.0,PE,ITM1,38.8,37.15,38.8,37.19,40.0,35.0,0.128949,0.134499,ws,ws,type_b_ladder,type_b_ladder,False,False,0.0019,-0.0442,65,-107.25,strategy_S5-10__TYPE_B:NIFTY:2026-04-21T13:13:42:SHORT
2026-04-21,13:14:00,2026-04-21,13:14:38,NIFTY,BUY,TYPE_B,PASSIVE,HIT_BID,24542.3,24540.65,NIFTY21APR2624500CE,24500.0,CE,ITM1,57.4,57.1,57.37,57.19,60.0,55.0,0.087184,0.087489,ws,ws,type_b_ladder,type_b_ladder,False,False,0.0348,-0.0938,65,-19.5,strategy_S5-10__TYPE_B:NIFTY:2026-04-21T13:14:00:LONG
2026-04-21,13:15:00,2026-04-21,13:15:58,NIFTY,BUY,TYPE_B,PASSIVE,HIT_BID,24542.5,24547.25,NIFTY21APR2624500CE,24500.0,CE,ITM1,57.95,62.15,57.91,62.19,60.0,60.0,0.086356,0.080321,ws,ws,type_b_ladder,type_b_ladder,False,False,0.0432,-0.0373,65,273.0,strategy_S5-10__TYPE_B:NIFTY:2026-04-21T13:15:00:LONG
2026-04-21,13:16:06,2026-04-21,13:16:59,NIFTY,BUY,TYPE_B,PASSIVE,HIT_BID,24550.05,24553.3,NIFTY21APR2624550CE,24550.0,CE,ITM1,32.35,33.85,32.26,33.87,35.0,30.0,0.154799,0.147601,ws,ws,type_b_ladder,type_b_ladder,False,False,0.0938,-0.0223,65,97.5,strategy_S5-10__TYPE_B:NIFTY:2026-04-21T13:16:06:LONG
2026-04-21,13:17:00,2026-04-21,13:17:09,NIFTY,BUY,TYPE_B,PASSIVE,HIT_BID,24555.8,24553.15,NIFTY21APR2624550CE,24550.0,CE,ITM1,34.8,32.5,34.77,32.58,35.0,30.0,0.143781,0.15361,ws,ws,type_b_ladder,type_b_ladder,False,False,0.0339,-0.0823,65,-149.5,strategy_S5-10__TYPE_B:NIFTY:2026-04-21T13:17:00:LONG
2026-04-21,13:17:21,2026-04-21,13:18:00,NIFTY,SELL,TYPE_B,PASSIVE,HIT_BID,24549.1,24550.0,NIFTY21APR2624550PE,24550.0,PE,ITM1,31.3,30.3,31.23,30.34,35.0,30.0,0.16,0.164745,ws,ws,type_b_ladder,type_b_ladder,False,False,0.0663,-0.0435,65,-65.0,strategy_S5-10__TYPE_B:NIFTY:2026-04-21T13:17:21:SHORT
2026-04-21,13:18:13,2026-04-21,13:18:30,NIFTY,SELL,TYPE_B,PASSIVE,HIT_BID,24546.05,24546.7,NIFTY21APR2624550PE,24550.0,PE,ITM1,31.4,31.05,31.35,31.08,35.0,30.0,0.15949,0.160772,ws,ws,type_b_ladder,type_b_ladder,False,False,0.0542,-0.0285,65,-22.75,strategy_S5-10__TYPE_B:NIFTY:2026-04-21T13:18:13:SHORT
2026-04-21,13:19:13,2026-04-21,13:19:30,NIFTY,SELL,TYPE_B,PASSIVE,HIT_BID,24543.1,24544.4,NIFTY21APR2624550PE,24550.0,PE,ITM1,33.6,33.65,33.55,33.7,35.0,30.0,0.149031,0.148478,ws,ws,type_b_ladder,type_b_ladder,False,False,0.0487,-0.0488,65,3.25,strategy_S5-10__TYPE_B:NIFTY:2026-04-21T13:19:13:SHORT
2026-04-21,13:19:44,2026-04-21,13:19:56,NIFTY,SELL,TYPE_B,PASSIVE,HIT_BID,24540.4,24542.5,NIFTY21APR2624550PE,24550.0,PE,ITM1,34.7,33.65,34.65,33.7,35.0,30.0,0.144196,0.148368,ws,ws,type_b_ladder,type_b_ladder,False,False,0.0452,-0.0524,65,-68.25,strategy_S5-10__TYPE_B:NIFTY:2026-04-21T13:19:44:SHORT
2026-04-21,13:20:00,2026-04-21,13:20:07,NIFTY,BUY,TYPE_B,PASSIVE,HIT_BID,24544.0,24540.7,NIFTY21APR2624500CE,24500.0,CE,ITM1,61.95,60.0,61.91,60.04,65.0,60.0,0.080775,0.083229,ws,ws,type_b_ladder,type_b_ladder,False,False,0.0364,-0.0435,65,-126.75,strategy_S5-10__TYPE_B:NIFTY:2026-04-21T13:20:00:LONG
2026-04-21,13:20:24,2026-04-21,13:21:22,NIFTY,BUY,TYPE_B,PASSIVE,HIT_BID,24543.0,24546.05,NIFTY21APR2624500CE,24500.0,CE,ITM1,64.45,63.1,64.33,63.24,65.0,60.0,0.07767,0.079145,ws,ws,type_b_ladder,type_b_ladder,False,False,0.1154,-0.1429,65,-87.75,strategy_S5-10__TYPE_B:NIFTY:2026-04-21T13:20:24:LONG
2026-04-21,13:22:35,2026-04-21,13:23:26,NIFTY,SELL,TYPE_B,PASSIVE,HIT_BID,24542.2,24540.25,NIFTY21APR2624550PE,24550.0,PE,ITM1,32.75,32.75,32.7,32.75,35.0,30.0,0.152788,0.152439,ws,ws,type_b_ladder,type_b_ladder,False,False,0.0482,-0.0025,65,0.0,strategy_S5-10__TYPE_B:NIFTY:2026-04-21T13:22:35:SHORT
2026-04-21,13:24:00,2026-04-21,13:24:05,NIFTY,BUY,TYPE_B,PASSIVE,HIT_BID,24541.3,24539.35,NIFTY21APR2624500CE,24500.0,CE,ITM1,62.1,61.75,62.05,61.79,65.0,60.0,0.080613,0.080939,ws,ws,type_b_ladder,type_b_ladder,False,False,0.05,-0.04,65,-22.75,strategy_S5-10__TYPE_B:NIFTY:2026-04-21T13:24:00:LONG
2026-04-21,13:24:30,2026-04-21,13:24:54,NIFTY,BUY,TYPE_B,PASSIVE,HIT_BID,24541.65,24539.05,NIFTY21APR2624500CE,24500.0,CE,ITM1,60.75,61.25,60.7,61.34,65.0,60.0,0.082406,0.081533,ws,ws,type_b_ladder,type_b_ladder,False,False,0.0471,-0.0913,65,32.5,strategy_S5-10__TYPE_B:NIFTY:2026-04-21T13:24:30:LONG
2026-04-21,13:25:00,2026-04-21,13:25:15,NIFTY,BUY,TYPE_B,PASSIVE,HIT_BID,24541.75,24539.0,NIFTY21APR2624500CE,24500.0,CE,ITM1,62.2,60.9,62.18,60.96,65.0,60.0,0.080483,0.082001,ws,ws,type_b_ladder,type_b_ladder,False,False,0.0184,-0.0625,65,-84.5,strategy_S5-10__TYPE_B:NIFTY:2026-04-21T13:25:00:LONG
2026-04-21,13:25:30,2026-04-21,13:26:37,NIFTY,BUY,TYPE_B,PASSIVE,HIT_BID,24541.55,24542.45,NIFTY21APR2624500CE,24500.0,CE,ITM1,61.7,62.9,61.69,63.05,65.0,60.0,0.08107,0.079365,ws,ws,type_b_ladder,type_b_ladder,False,False,0.0115,-0.1508,65,78.0,strategy_S5-10__TYPE_B:NIFTY:2026-04-21T13:25:30:LONG
2026-04-21,13:26:42,2026-04-21,13:27:00,NIFTY,SELL,TYPE_B,PASSIVE,HIT_BID,24540.75,24542.85,NIFTY21APR2624550PE,24550.0,PE,ITM1,32.0,30.9,31.98,30.99,35.0,30.0,0.156495,0.161551,ws,ws,type_b_ladder,type_b_ladder,False,False,0.0188,-0.0908,65,-71.5,strategy_S5-10__TYPE_B:NIFTY:2026-04-21T13:26:42:SHORT
2026-04-21,13:27:14,2026-04-21,13:29:10,NIFTY,BUY,TYPE_B,PASSIVE,HIT_BID,24548.3,24548.85,NIFTY21APR2624500CE,24500.0,CE,ITM1,64.9,60.5,64.79,60.68,65.0,60.0,0.077131,0.082508,ws,ws,type_b_ladder,type_b_ladder,False,False,0.1091,-0.1841,65,-286.0,strategy_S5-10__TYPE_B:NIFTY:2026-04-21T13:27:14:LONG
2026-04-21,13:29:30,2026-04-21,13:30:26,NIFTY,BUY,TYPE_B,PASSIVE,HIT_BID,24552.55,24552.25,NIFTY21APR2624550CE,24550.0,CE,ITM1,29.2,31.7,29.16,31.77,30.0,30.0,0.171527,0.15748,ws,ws,type_b_ladder,type_b_ladder,False,False,0.0383,-0.0729,65,162.5,strategy_S5-10__TYPE_B:NIFTY:2026-04-21T13:29:30:LONG
2026-04-21,13:30:50,2026-04-21,13:31:27,NIFTY,BUY,TYPE_B,PASSIVE,HIT_BID,24556.85,24559.1,NIFTY21APR2624550CE,24550.0,CE,ITM1,32.7,32.75,32.7,32.78,35.0,30.0,0.153139,0.152555,ws,ws,type_b_ladder,type_b_ladder,False,False,0.0029,-0.03,65,3.25,strategy_S5-10__TYPE_B:NIFTY:2026-04-21T13:30:50:LONG
2026-04-21,13:31:45,2026-04-21,13:32:28,NIFTY,BUY,TYPE_B,PASSIVE,HIT_BID,24561.35,24562.3,NIFTY21APR2624550CE,24550.0,CE,ITM1,33.2,34.25,33.2,34.32,35.0,30.0,0.150716,0.145773,ws,ws,type_b_ladder,type_b_ladder,False,False,0.0011,-0.0738,65,68.25,strategy_S5-10__TYPE_B:NIFTY:2026-04-21T13:31:45:LONG
2026-04-21,13:32:46,2026-04-21,13:32:55,NIFTY,BUY,TYPE_B,PASSIVE,HIT_BID,24566.9,24564.4,NIFTY21APR2624550CE,24550.0,CE,ITM1,42.2,40.8,42.19,40.85,45.0,40.0,0.118624,0.122399,ws,ws,type_b_ladder,type_b_ladder,False,False,0.007,-0.0458,65,-91.0,strategy_S5-10__TYPE_B:NIFTY:2026-04-21T13:32:46:LONG
2026-04-21,13:33:30,2026-04-21,13:34:04,NIFTY,BUY,TYPE_B,PASSIVE,HIT_BID,24567.85,24565.7,NIFTY21APR2624550CE,24550.0,CE,ITM1,41.45,37.1,41.43,37.14,45.0,35.0,0.120773,0.13459,ws,ws,type_b_ladder,type_b_ladder,False,False,0.02,-0.0432,65,-282.75,strategy_S5-10__TYPE_B:NIFTY:2026-04-21T13:33:30:LONG
2026-04-21,13:34:50,2026-04-21,13:35:14,NIFTY,BUY,TYPE_B,PASSIVE,HIT_BID,24567.4,24567.55,NIFTY21APR2624550CE,24550.0,CE,ITM1,38.75,37.5,38.75,37.54,40.0,35.0,0.129199,0.133245,ws,ws,type_b_ladder,type_b_ladder,False,False,0.0016,-0.038,65,-81.25,strategy_S5-10__TYPE_B:NIFTY:2026-04-21T13:34:50:LONG
2026-04-21,13:35:20,2026-04-21,13:35:45,NIFTY,SELL,TYPE_B,PASSIVE,HIT_BID,24564.5,24561.05,NIFTY21APR2624600PE,24600.0,PE,ITM1,52.95,52.2,52.89,52.34,55.0,50.0,0.094563,0.095648,ws,ws,type_b_ladder,type_b_ladder,False,False,0.0557,-0.142,65,-48.75,strategy_S5-10__TYPE_B:NIFTY:2026-04-21T13:35:20:SHORT
2026-04-21,13:36:30,2026-04-21,13:36:37,NIFTY,BUY,TYPE_B,PASSIVE,HIT_BID,24562.6,24558.15,NIFTY21APR2624550CE,24550.0,CE,ITM1,33.8,33.4,33.72,33.43,35.0,30.0,0.148148,0.149477,ws,ws,type_b_ladder,type_b_ladder,False,False,0.0777,-0.0339,65,-26.0,strategy_S5-10__TYPE_B:NIFTY:2026-04-21T13:36:30:LONG
2026-04-21,13:36:53,2026-04-21,13:38:30,NIFTY,SELL,TYPE_B,PASSIVE,HIT_BID,24555.85,24548.55,NIFTY21APR2624600PE,24600.0,PE,ITM1,59.4,67.65,59.28,67.73,60.0,65.0,0.084282,0.073801,ws,ws,type_b_ladder,type_b_ladder,False,False,0.1241,-0.0765,65,536.25,strategy_S5-10__TYPE_B:NIFTY:2026-04-21T13:36:53:SHORT
2026-04-21,13:39:20,2026-04-21,13:39:39,NIFTY,SELL,TYPE_B,PASSIVE,HIT_BID,24544.2,24546.25,NIFTY21APR2624550PE,24550.0,PE,ITM1,32.2,31.55,32.2,31.6,35.0,30.0,0.1554,0.158228,ws,ws,type_b_ladder,type_b_ladder,False,False,0.0005,-0.0544,65,-42.25,strategy_S5-10__TYPE_B:NIFTY:2026-04-21T13:39:20:SHORT
2026-04-21,13:39:43,2026-04-21,13:40:06,NIFTY,BUY,TYPE_B,PASSIVE,HIT_BID,24549.15,24551.45,NIFTY21APR2624500CE,24500.0,CE,ITM1,60.95,61.0,60.84,61.05,65.0,60.0,0.082136,0.081833,ws,ws,type_b_ladder,type_b_ladder,False,False,0.11,-0.048,65,3.25,strategy_S5-10__TYPE_B:NIFTY:2026-04-21T13:39:43:LONG
2026-04-21,13:40:30,2026-04-21,13:40:35,NIFTY,BUY,TYPE_B,PASSIVE,HIT_BID,24553.2,24550.65,NIFTY21APR2624550CE,24550.0,CE,ITM1,28.7,28.75,28.67,28.83,30.0,25.0,0.174368,0.173611,ws,ws,type_b_ladder,type_b_ladder,False,False,0.0286,-0.0777,65,3.25,strategy_S5-10__TYPE_B:NIFTY:2026-04-21T13:40:30:LONG
2026-04-21,13:41:00,2026-04-21,13:41:00,NIFTY,SELL,TYPE_B,PASSIVE,HIT_BID,24548.55,24551.65,NIFTY21APR2624550PE,24550.0,PE,ITM1,29.65,29.55,29.56,29.56,30.0,25.0,0.168919,0.168919,ws,ws,type_b_ladder,type_b_ladder,False,False,0.0917,-0.0083,65,-6.5,strategy_S5-10__TYPE_B:NIFTY:2026-04-21T13:41:00:SHORT
2026-04-21,13:41:50,2026-04-21,13:42:05,NIFTY,BUY,TYPE_B,PASSIVE,HIT_BID,24552.65,24549.25,NIFTY21APR2624550CE,24550.0,CE,ITM1,26.3,25.8,26.28,25.86,30.0,25.0,0.190295,0.193424,ws,ws,type_b_ladder,type_b_ladder,False,False,0.0238,-0.0598,65,-32.5,strategy_S5-10__TYPE_B:NIFTY:2026-04-21T13:41:50:LONG
2026-04-21,13:42:10,2026-04-21,13:42:30,NIFTY,SELL,TYPE_B,PASSIVE,HIT_BID,24546.05,24546.7,NIFTY21APR2624550PE,24550.0,PE,ITM1,34.15,33.8,34.13,33.9,35.0,30.0,0.146628,0.14771,ws,ws,type_b_ladder,type_b_ladder,False,False,0.022,-0.098,65,-22.75,strategy_S5-10__TYPE_B:NIFTY:2026-04-21T13:42:10:SHORT
2026-04-21,13:42:57,2026-04-21,13:44:00,NIFTY,SELL,TYPE_B,PASSIVE,HIT_BID,24541.15,24528.05,NIFTY21APR2624550PE,24550.0,PE,ITM1,38.0,49.4,37.91,49.42,40.0,45.0,0.131839,0.101112,ws,ws,type_b_ladder,type_b_ladder,False,False,0.0892,-0.0188,65,741.0,strategy_S5-10__TYPE_B:NIFTY:2026-04-21T13:42:57:SHORT
2026-04-21,13:44:14,2026-04-21,13:45:32,NIFTY,BUY,TYPE_B,PASSIVE,HIT_BID,24530.65,24531.35,NIFTY21APR2624500CE,24500.0,CE,ITM1,43.4,44.05,43.3,44.06,45.0,40.0,0.115407,0.113379,ws,ws,type_b_ladder,type_b_ladder,False,False,0.0964,-0.0133,65,42.25,strategy_S5-10__TYPE_B:NIFTY:2026-04-21T13:44:14:LONG
2026-04-21,13:46:00,2026-04-21,13:46:43,NIFTY,BUY,TYPE_B,PASSIVE,HIT_BID,24535.1,24535.9,NIFTY21APR2624500CE,24500.0,CE,ITM1,47.35,48.4,47.3,48.55,50.0,45.0,0.105764,0.103146,ws,ws,type_b_ladder,type_b_ladder,False,False,0.0494,-0.1463,65,68.25,strategy_S5-10__TYPE_B:NIFTY:2026-04-21T13:46:00:LONG
2026-04-21,13:46:51,2026-04-21,13:47:00,NIFTY,SELL,TYPE_B,PASSIVE,HIT_BID,24531.8,24535.4,NIFTY21APR2624550PE,24550.0,PE,ITM1,39.85,37.55,39.76,37.6,40.0,35.0,0.125628,0.133067,ws,ws,type_b_ladder,type_b_ladder,False,False,0.0935,-0.0476,65,-149.5,strategy_S5-10__TYPE_B:NIFTY:2026-04-21T13:46:51:SHORT
2026-04-21,13:47:15,2026-04-21,13:47:21,NIFTY,BUY,TYPE_B,PASSIVE,HIT_BID,24540.8,24533.25,NIFTY21APR2624500CE,24500.0,CE,ITM1,46.95,43.05,46.89,43.07,50.0,40.0,0.10661,0.116009,ws,ws,type_b_ladder,type_b_ladder,False,False,0.064,-0.017,65,-253.5,strategy_S5-10__TYPE_B:NIFTY:2026-04-21T13:47:15:LONG
2026-04-21,13:48:20,2026-04-21,13:48:45,NIFTY,SELL,TYPE_B,PASSIVE,HIT_BID,24532.65,24536.2,NIFTY21APR2624550PE,24550.0,PE,ITM1,41.2,40.85,41.12,40.89,45.0,40.0,0.121581,0.122175,ws,ws,type_b_ladder,type_b_ladder,False,False,0.0811,-0.0434,65,-22.75,strategy_S5-10__TYPE_B:NIFTY:2026-04-21T13:48:20:SHORT
2026-04-21,13:49:32,2026-04-21,13:50:29,NIFTY,BUY,TYPE_B,PASSIVE,HIT_BID,24537.35,24538.75,NIFTY21APR2624500CE,24500.0,CE,ITM1,45.55,49.65,45.47,49.65,50.0,45.0,0.10989,0.100553,ws,ws,type_b_ladder,type_b_ladder,False,False,0.0818,-0.0043,65,266.5,strategy_S5-10__TYPE_B:NIFTY:2026-04-21T13:49:32:LONG
2026-04-21,13:51:11,2026-04-21,13:53:28,NIFTY,BUY,TYPE_B,PASSIVE,HIT_BID,24541.25,24550.45,NIFTY21APR2624500CE,24500.0,CE,ITM1,50.1,57.05,50.01,57.07,55.0,55.0,0.0999,0.087527,ws,ws,type_b_ladder,type_b_ladder,False,False,0.0943,-0.0181,65,451.75,strategy_S5-10__TYPE_B:NIFTY:2026-04-21T13:51:11:LONG
2026-04-21,13:54:04,2026-04-21,13:54:38,NIFTY,SELL,TYPE_B,PASSIVE,HIT_BID,24549.1,24548.8,NIFTY21APR2624550PE,24550.0,PE,ITM1,30.15,28.65,30.13,28.69,35.0,25.0,0.166113,0.174216,ws,ws,type_b_ladder,type_b_ladder,False,False,0.0193,-0.0403,65,-97.5,strategy_S5-10__TYPE_B:NIFTY:2026-04-21T13:54:04:SHORT
2026-04-21,13:54:45,2026-04-21,13:55:41,NIFTY,BUY,TYPE_B,PASSIVE,HIT_BID,24550.9,24554.35,NIFTY21APR2624550CE,24550.0,CE,ITM1,24.7,29.4,24.68,29.4,25.0,25.0,0.20284,0.169779,ws,ws,type_b_ladder,type_b_ladder,False,False,0.0193,-0.0023,65,305.5,strategy_S5-10__TYPE_B:NIFTY:2026-04-21T13:54:45:LONG
2026-04-21,13:56:00,2026-04-21,13:56:32,NIFTY,BUY,TYPE_B,PASSIVE,HIT_BID,24558.15,24558.45,NIFTY21APR2624550CE,24550.0,CE,ITM1,30.1,30.9,30.05,30.95,35.0,30.0,0.166389,0.161551,ws,ws,type_b_ladder,type_b_ladder,False,False,0.0471,-0.0493,65,52.0,strategy_S5-10__TYPE_B:NIFTY:2026-04-21T13:56:00:LONG
2026-04-21,13:56:40,2026-04-21,13:57:03,NIFTY,BUY,TYPE_B,PASSIVE,HIT_BID,24561.65,24559.8,NIFTY21APR2624550CE,24550.0,CE,ITM1,33.8,32.7,33.8,32.72,35.0,30.0,0.148148,0.152672,ws,ws,type_b_ladder,type_b_ladder,False,False,0.0037,-0.0246,65,-71.5,strategy_S5-10__TYPE_B:NIFTY:2026-04-21T13:56:40:LONG
2026-04-21,13:57:30,2026-04-21,13:57:45,NIFTY,SELL,TYPE_B,PASSIVE,HIT_BID,24559.15,24562.4,NIFTY21APR2624600PE,24600.0,PE,ITM1,53.4,52.45,53.39,52.55,55.0,50.0,0.093765,0.095193,ws,ws,type_b_ladder,type_b_ladder,False,False,0.0125,-0.0958,65,-61.75,strategy_S5-10__TYPE_B:NIFTY:2026-04-21T13:57:30:SHORT
2026-04-21,13:57:56,2026-04-21,13:58:03,NIFTY,SELL,TYPE_B,PASSIVE,HIT_BID,24558.0,24560.7,NIFTY21APR2624600PE,24600.0,PE,ITM1,53.3,52.6,53.23,52.73,55.0,50.0,0.093941,0.094922,ws,ws,type_b_ladder,type_b_ladder,False,False,0.0731,-0.1255,65,-45.5,strategy_S5-10__TYPE_B:NIFTY:2026-04-21T13:57:56:SHORT
2026-04-21,13:58:30,2026-04-21,13:58:51,NIFTY,BUY,TYPE_B,PASSIVE,HIT_BID,24562.75,24559.65,NIFTY21APR2624550CE,24550.0,CE,ITM1,31.8,30.65,31.73,30.7,35.0,30.0,0.157604,0.162866,ws,ws,type_b_ladder,type_b_ladder,False,False,0.0736,-0.0485,65,-74.75,strategy_S5-10__TYPE_B:NIFTY:2026-04-21T13:58:30:LONG
2026-04-21,13:59:11,2026-04-21,13:59:30,NIFTY,SELL,TYPE_B,PASSIVE,HIT_BID,24558.35,24558.9,NIFTY21APR2624600PE,24600.0,PE,ITM1,53.25,53.05,53.11,53.05,55.0,50.0,0.094029,0.094118,ws,ws,type_b_ladder,type_b_ladder,False,False,0.1359,-0.0027,65,-13.0,strategy_S5-10__TYPE_B:NIFTY:2026-04-21T13:59:11:SHORT
2026-04-21,13:59:40,2026-04-21,13:59:45,NIFTY,SELL,TYPE_B,PASSIVE,HIT_BID,24557.0,24559.15,NIFTY21APR2624600PE,24600.0,PE,ITM1,52.85,52.5,52.71,52.6,55.0,50.0,0.094742,0.095057,ws,ws,type_b_ladder,type_b_ladder,False,False,0.1406,-0.1048,65,-22.75,strategy_S5-10__TYPE_B:NIFTY:2026-04-21T13:59:40:SHORT
2026-04-21,13:59:52,2026-04-21,14:01:21,NIFTY,SELL,TYPE_B,PASSIVE,HIT_BID,24555.75,24546.35,NIFTY21APR2624600PE,24600.0,PE,ITM1,54.8,58.55,54.72,58.65,55.0,55.0,0.091324,0.085288,ws,ws,type_b_ladder,type_b_ladder,False,False,0.0783,-0.0955,65,243.75,strategy_S5-10__TYPE_B:NIFTY:2026-04-21T13:59:52:SHORT
2026-04-21,14:01:58,2026-04-21,14:02:14,NIFTY,SELL,TYPE_B,PASSIVE,HIT_BID,24545.1,24547.45,NIFTY21APR2624550PE,24550.0,PE,ITM1,25.9,26.25,25.9,26.3,30.0,25.0,0.193424,0.190295,ws,ws,type_b_ladder,type_b_ladder,False,False,0.0011,-0.0484,65,22.75,strategy_S5-10__TYPE_B:NIFTY:2026-04-21T14:01:58:SHORT
2026-04-21,14:02:27,2026-04-21,14:03:28,NIFTY,SELL,TYPE_B,PASSIVE,HIT_BID,24543.4,24539.9,NIFTY21APR2624550PE,24550.0,PE,ITM1,27.45,27.0,27.43,27.05,30.0,25.0,0.182315,0.185014,ws,ws,type_b_ladder,type_b_ladder,False,False,0.0242,-0.046,65,-29.25,strategy_S5-10__TYPE_B:NIFTY:2026-04-21T14:02:27:SHORT
2026-04-21,14:03:30,2026-04-21,14:04:18,NIFTY,BUY,TYPE_B,PASSIVE,HIT_BID,24543.1,24545.0,NIFTY21APR2624500CE,24500.0,CE,ITM1,59.0,56.15,58.97,56.23,60.0,55.0,0.084782,0.088968,ws,ws,type_b_ladder,type_b_ladder,False,False,0.03,-0.08,65,-185.25,strategy_S5-10__TYPE_B:NIFTY:2026-04-21T14:03:30:LONG
2026-04-21,14:04:23,2026-04-21,14:05:45,NIFTY,SELL,TYPE_B,PASSIVE,HIT_BID,24543.25,24541.05,NIFTY21APR2624550PE,24550.0,PE,ITM1,28.15,31.5,28.08,31.53,30.0,30.0,0.177936,0.158604,ws,ws,type_b_ladder,type_b_ladder,False,False,0.0658,-0.0317,65,217.75,strategy_S5-10__TYPE_B:NIFTY:2026-04-21T14:04:23:SHORT
2026-04-21,14:06:18,2026-04-21,14:06:30,NIFTY,SELL,TYPE_B,PASSIVE,HIT_BID,24536.9,24536.65,NIFTY21APR2624550PE,24550.0,PE,ITM1,35.0,34.9,34.91,35.03,35.0,30.0,0.143062,0.142959,ws,ws,type_b_ladder,type_b_ladder,False,False,0.0942,-0.1297,65,-6.5,strategy_S5-10__TYPE_B:NIFTY:2026-04-21T14:06:18:SHORT
2026-04-21,14:07:20,2026-04-21,14:08:56,NIFTY,BUY,TYPE_B,PASSIVE,HIT_BID,24538.55,24537.05,NIFTY21APR2624500CE,24500.0,CE,ITM1,48.05,46.2,48.05,46.22,50.0,45.0,0.104167,0.108108,ws,ws,type_b_ladder,type_b_ladder,False,False,0.0041,-0.0185,65,-120.25,strategy_S5-10__TYPE_B:NIFTY:2026-04-21T14:07:20:LONG
2026-04-21,14:09:24,2026-04-21,14:09:50,NIFTY,SELL,TYPE_B,PASSIVE,HIT_BID,24534.2,24532.3,NIFTY21APR2624550PE,24550.0,PE,ITM1,35.95,37.2,35.95,37.29,40.0,35.0,0.139276,0.134228,ws,ws,type_b_ladder,type_b_ladder,False,False,0.0032,-0.0855,65,81.25,strategy_S5-10__TYPE_B:NIFTY:2026-04-21T14:09:24:SHORT
2026-04-21,14:10:08,2026-04-21,14:10:35,NIFTY,BUY,TYPE_B,PASSIVE,HIT_BID,24534.4,24535.3,NIFTY21APR2624500CE,24500.0,CE,ITM1,45.85,44.1,45.82,44.14,50.0,40.0,0.10917,0.113314,ws,ws,type_b_ladder,type_b_ladder,False,False,0.0286,-0.0381,65,-113.75,strategy_S5-10__TYPE_B:NIFTY:2026-04-21T14:10:08:LONG
2026-04-21,14:10:43,2026-04-21,14:11:41,NIFTY,SELL,TYPE_B,PASSIVE,HIT_BID,24531.8,24528.05,NIFTY21APR2624550PE,24550.0,PE,ITM1,37.85,42.15,37.77,42.24,40.0,40.0,0.132363,0.118413,ws,ws,type_b_ladder,type_b_ladder,False,False,0.0848,-0.0932,65,279.5,strategy_S5-10__TYPE_B:NIFTY:2026-04-21T14:10:43:SHORT
2026-04-21,14:12:00,2026-04-21,14:14:06,NIFTY,BUY,TYPE_B,PASSIVE,HIT_BID,24528.3,24536.5,NIFTY21APR2624500CE,24500.0,CE,ITM1,43.25,47.0,43.25,47.09,45.0,45.0,0.115674,0.106213,ws,ws,type_b_ladder,type_b_ladder,False,False,0.0034,-0.0912,65,243.75,strategy_S5-10__TYPE_B:NIFTY:2026-04-21T14:12:00:LONG
2026-04-21,14:14:30,2026-04-21,14:14:53,NIFTY,BUY,TYPE_B,PASSIVE,HIT_BID,24540.0,24537.25,NIFTY21APR2624500CE,24500.0,CE,ITM1,49.1,46.2,48.96,46.3,50.0,45.0,0.102041,0.108108,ws,ws,type_b_ladder,type_b_ladder,False,False,0.1398,-0.098,65,-188.5,strategy_S5-10__TYPE_B:NIFTY:2026-04-21T14:14:30:LONG
2026-04-21,14:15:11,2026-04-21,14:15:47,NIFTY,SELL,TYPE_B,PASSIVE,HIT_BID,24535.9,24539.1,NIFTY21APR2624550PE,24550.0,PE,ITM1,30.05,28.05,29.95,28.07,35.0,25.0,0.166667,0.177936,ws,ws,type_b_ladder,type_b_ladder,False,False,0.0967,-0.0158,65,-130.0,strategy_S5-10__TYPE_B:NIFTY:2026-04-21T14:15:11:SHORT
2026-04-21,14:15:50,2026-04-21,14:17:43,NIFTY,BUY,TYPE_B,PASSIVE,HIT_BID,24539.85,24554.9,NIFTY21APR2624500CE,24500.0,CE,ITM1,49.8,59.7,49.8,59.85,50.0,55.0,0.100503,0.083612,ws,ws,type_b_ladder,type_b_ladder,False,False,0.0048,-0.15,65,643.5,strategy_S5-10__TYPE_B:NIFTY:2026-04-21T14:15:50:LONG
2026-04-21,14:17:51,2026-04-21,14:19:26,NIFTY,BUY,TYPE_B,PASSIVE,HIT_BID,24557.35,24563.25,NIFTY21APR2624550CE,24550.0,CE,ITM1,24.75,26.15,24.72,26.15,25.0,25.0,0.202429,0.191022,ws,ws,type_b_ladder,type_b_ladder,False,False,0.0277,-0.0005,65,91.0,strategy_S5-10__TYPE_B:NIFTY:2026-04-21T14:17:51:LONG
2026-04-21,14:19:33,2026-04-21,14:20:00,NIFTY,SELL,TYPE_B,PASSIVE,HIT_BID,24553.9,24557.0,NIFTY21APR2624600PE,24600.0,PE,ITM1,51.9,51.25,51.87,51.3,55.0,50.0,0.096479,0.097418,ws,ws,type_b_ladder,type_b_ladder,False,False,0.029,-0.05,65,-42.25,strategy_S5-10__TYPE_B:NIFTY:2026-04-21T14:19:33:SHORT
2026-04-21,14:20:30,2026-04-21,14:20:52,NIFTY,BUY,TYPE_B,PASSIVE,HIT_BID,24559.25,24557.5,NIFTY21APR2624550CE,24550.0,CE,ITM1,25.5,26.2,25.47,26.21,30.0,25.0,0.196464,0.190476,ws,ws,type_b_ladder,type_b_ladder,False,False,0.0303,-0.0083,65,45.5,strategy_S5-10__TYPE_B:NIFTY:2026-04-21T14:20:30:LONG
2026-04-21,14:21:30,2026-04-21,14:21:43,NIFTY,BUY,TYPE_B,PASSIVE,HIT_BID,24559.75,24557.2,NIFTY21APR2624550CE,24550.0,CE,ITM1,26.9,30.0,26.87,30.09,30.0,30.0,0.18622,0.166251,ws,ws,type_b_ladder,type_b_ladder,False,False,0.0305,-0.0898,65,201.5,strategy_S5-10__TYPE_B:NIFTY:2026-04-21T14:21:30:LONG
2026-04-21,14:21:50,2026-04-21,14:23:07,NIFTY,BUY,TYPE_B,PASSIVE,HIT_BID,24560.95,24580.5,NIFTY21APR2624550CE,24550.0,CE,ITM1,32.0,44.8,31.99,44.84,35.0,40.0,0.156372,0.111545,ws,ws,type_b_ladder,type_b_ladder,False,False,0.0076,-0.0422,65,832.0,strategy_S5-10__TYPE_B:NIFTY:2026-04-21T14:21:50:LONG
2026-04-21,14:23:37,2026-04-21,14:23:58,NIFTY,SELL,TYPE_B,PASSIVE,HIT_BID,24573.45,24574.4,NIFTY21APR2624600PE,24600.0,PE,ITM1,34.55,34.7,34.55,34.78,35.0,30.0,0.144928,0.143885,ws,ws,type_b_ladder,type_b_ladder,False,False,0.0035,-0.082,65,9.75,strategy_S5-10__TYPE_B:NIFTY:2026-04-21T14:23:37:SHORT
2026-04-21,14:24:30,2026-04-21,14:25:08,NIFTY,BUY,TYPE_B,PASSIVE,HIT_BID,24575.0,24574.05,NIFTY21APR2624550CE,24550.0,CE,ITM1,39.65,42.1,39.61,42.11,40.0,40.0,0.126263,0.118624,ws,ws,type_b_ladder,type_b_ladder,False,False,0.0365,-0.0076,65,159.25,strategy_S5-10__TYPE_B:NIFTY:2026-04-21T14:24:30:LONG
2026-04-21,14:25:10,2026-04-21,14:25:32,NIFTY,SELL,TYPE_B,PASSIVE,HIT_BID,24572.25,24572.4,NIFTY21APR2624600PE,24600.0,PE,ITM1,33.1,36.0,33.08,36.14,35.0,35.0,0.151172,0.1386,ws,ws,type_b_ladder,type_b_ladder,False,False,0.025,-0.1369,65,188.5,strategy_S5-10__TYPE_B:NIFTY:2026-04-21T14:25:10:SHORT
2026-04-21,14:26:11,2026-04-21,14:26:50,NIFTY,SELL,TYPE_B,PASSIVE,HIT_BID,24570.85,24566.8,NIFTY21APR2624600PE,24600.0,PE,ITM1,41.75,36.7,41.69,36.85,45.0,35.0,0.119904,0.135962,ws,ws,type_b_ladder,type_b_ladder,False,False,0.0615,-0.1452,65,-328.25,strategy_S5-10__TYPE_B:NIFTY:2026-04-21T14:26:11:SHORT
2026-04-21,14:27:30,2026-04-21,14:27:35,NIFTY,BUY,TYPE_B,PASSIVE,HIT_BID,24571.65,24569.65,NIFTY21APR2624550CE,24550.0,CE,ITM1,32.8,32.4,32.75,32.41,35.0,30.0,0.152788,0.154202,ws,ws,type_b_ladder,type_b_ladder,False,False,0.0529,-0.0143,65,-26.0,strategy_S5-10__TYPE_B:NIFTY:2026-04-21T14:27:30:LONG
2026-04-21,14:27:54,2026-04-21,14:28:15,NIFTY,SELL,TYPE_B,PASSIVE,HIT_BID,24566.65,24566.6,NIFTY21APR2624600PE,24600.0,PE,ITM1,40.95,39.7,40.93,39.71,45.0,35.0,0.122175,0.125786,ws,ws,type_b_ladder,type_b_ladder,False,False,0.0151,-0.0113,65,-81.25,strategy_S5-10__TYPE_B:NIFTY:2026-04-21T14:27:54:SHORT
2026-04-21,14:28:30,2026-04-21,14:29:28,NIFTY,BUY,TYPE_B,PASSIVE,HIT_BID,24570.6,24570.2,NIFTY21APR2624550CE,24550.0,CE,ITM1,35.2,33.85,35.18,33.89,40.0,30.0,0.142248,0.147601,ws,ws,type_b_ladder,type_b_ladder,False,False,0.0167,-0.0416,65,-87.75,strategy_S5-10__TYPE_B:NIFTY:2026-04-21T14:28:30:LONG
2026-04-21,14:30:00,2026-04-21,14:30:18,NIFTY,BUY,TYPE_B,PASSIVE,HIT_BID,24573.6,24571.2,NIFTY21APR2624550CE,24550.0,CE,ITM1,33.7,30.8,33.67,30.85,35.0,30.0,0.148588,0.162075,ws,ws,type_b_ladder,type_b_ladder,False,False,0.028,-0.051,65,-188.5,strategy_S5-10__TYPE_B:NIFTY:2026-04-21T14:30:00:LONG
2026-04-21,14:30:21,2026-04-21,14:32:00,NIFTY,SELL,TYPE_B,PASSIVE,HIT_BID,24569.6,24564.9,NIFTY21APR2624600PE,24600.0,PE,ITM1,39.5,43.65,39.48,43.66,40.0,40.0,0.126823,0.114416,ws,ws,type_b_ladder,type_b_ladder,False,False,0.0186,-0.0067,65,269.75,strategy_S5-10__TYPE_B:NIFTY:2026-04-21T14:30:21:SHORT
2026-04-21,14:32:28,2026-04-21,14:33:21,NIFTY,BUY,TYPE_B,PASSIVE,HIT_BID,24566.4,24564.65,NIFTY21APR2624550CE,24550.0,CE,ITM1,28.75,26.95,28.71,27.0,30.0,25.0,0.174216,0.185357,ws,ws,type_b_ladder,type_b_ladder,False,False,0.0404,-0.0494,65,-117.0,strategy_S5-10__TYPE_B:NIFTY:2026-04-21T14:32:28:LONG
2026-04-21,14:33:37,2026-04-21,14:33:55,NIFTY,BUY,TYPE_B,PASSIVE,HIT_BID,24567.85,24564.85,NIFTY21APR2624550CE,24550.0,CE,ITM1,27.95,26.15,27.9,26.16,30.0,25.0,0.179211,0.191022,ws,ws,type_b_ladder,type_b_ladder,False,False,0.0471,-0.0079,65,-117.0,strategy_S5-10__TYPE_B:NIFTY:2026-04-21T14:33:37:LONG
2026-04-21,14:34:12,2026-04-21,14:34:30,NIFTY,SELL,TYPE_B,PASSIVE,HIT_BID,24563.3,24564.5,NIFTY21APR2624600PE,24600.0,PE,ITM1,45.2,45.25,45.2,45.33,50.0,45.0,0.110742,0.110375,ws,ws,type_b_ladder,type_b_ladder,False,False,0.0014,-0.0811,65,3.25,strategy_S5-10__TYPE_B:NIFTY:2026-04-21T14:34:12:SHORT
2026-04-21,14:34:52,2026-04-21,14:35:42,NIFTY,SELL,TYPE_B,PASSIVE,HIT_BID,24560.9,24557.0,NIFTY21APR2624600PE,24600.0,PE,ITM1,49.3,51.85,49.19,51.87,50.0,50.0,0.101574,0.096339,ws,ws,type_b_ladder,type_b_ladder,False,False,0.1146,-0.02,65,165.75,strategy_S5-10__TYPE_B:NIFTY:2026-04-21T14:34:52:SHORT
2026-04-21,14:36:22,2026-04-21,14:37:46,NIFTY,BUY,TYPE_B,PASSIVE,HIT_BID,24558.8,24559.8,NIFTY21APR2624550CE,24550.0,CE,ITM1,21.4,20.85,21.39,20.9,25.0,20.0,0.233918,0.239234,ws,ws,type_b_ladder,type_b_ladder,False,False,0.0052,-0.0482,65,-35.75,strategy_S5-10__TYPE_B:NIFTY:2026-04-21T14:36:22:LONG
2026-04-21,14:38:19,2026-04-21,14:38:30,NIFTY,SELL,TYPE_B,PASSIVE,HIT_BID,24557.1,24557.2,NIFTY21APR2624600PE,24600.0,PE,ITM1,52.6,52.4,52.46,52.42,55.0,50.0,0.095193,0.095374,ws,ws,type_b_ladder,type_b_ladder,False,False,0.1415,-0.0178,65,-13.0,strategy_S5-10__TYPE_B:NIFTY:2026-04-21T14:38:19:SHORT
2026-04-21,14:39:00,2026-04-21,14:39:16,NIFTY,BUY,TYPE_B,PASSIVE,HIT_BID,24557.5,24555.1,NIFTY21APR2624550CE,24550.0,CE,ITM1,18.7,16.5,18.66,16.51,20.0,15.0,0.268097,0.302572,ws,ws,type_b_ladder,type_b_ladder,False,False,0.0402,-0.0101,65,-143.0,strategy_S5-10__TYPE_B:NIFTY:2026-04-21T14:39:00:LONG
2026-04-21,14:39:20,2026-04-21,14:39:30,NIFTY,SELL,TYPE_B,PASSIVE,HIT_BID,24552.15,24554.1,NIFTY21APR2624600PE,24600.0,PE,ITM1,55.2,54.75,55.12,54.78,60.0,50.0,0.090703,0.091158,ws,ws,type_b_ladder,type_b_ladder,False,False,0.0794,-0.0308,65,-29.25,strategy_S5-10__TYPE_B:NIFTY:2026-04-21T14:39:20:SHORT
2026-04-21,14:39:55,2026-04-21,14:40:36,NIFTY,SELL,TYPE_B,PASSIVE,HIT_BID,24551.1,24549.75,NIFTY21APR2624600PE,24600.0,PE,ITM1,53.25,51.9,53.15,51.96,55.0,50.0,0.094029,0.0962,ws,ws,type_b_ladder,type_b_ladder,False,False,0.1036,-0.0583,65,-87.75,strategy_S5-10__TYPE_B:NIFTY:2026-04-21T14:39:55:SHORT
2026-04-21,14:40:41,2026-04-21,14:41:23,NIFTY,BUY,TYPE_B,PASSIVE,HIT_BID,24551.1,24551.7,NIFTY21APR2624550CE,24550.0,CE,ITM1,16.7,16.6,16.65,16.6,20.0,15.0,0.29985,0.300752,ws,ws,type_b_ladder,type_b_ladder,False,False,0.0486,-0.0037,65,-6.5,strategy_S5-10__TYPE_B:NIFTY:2026-04-21T14:40:41:LONG
2026-04-21,14:42:30,2026-04-21,14:42:36,NIFTY,BUY,TYPE_B,PASSIVE,HIT_BID,24554.6,24552.05,NIFTY21APR2624550CE,24550.0,CE,ITM1,14.65,14.65,14.64,14.69,15.0,10.0,0.34188,0.340716,ws,ws,type_b_ladder,type_b_ladder,False,False,0.0125,-0.0447,65,0.0,strategy_S5-10__TYPE_B:NIFTY:2026-04-21T14:42:30:LONG
2026-04-21,14:42:49,2026-04-21,14:43:46,NIFTY,SELL,TYPE_B,PASSIVE,HIT_BID,24546.8,24529.75,NIFTY21APR2624550PE,24550.0,PE,ITM1,19.8,28.85,19.79,28.87,20.0,25.0,0.253165,0.17301,ws,ws,type_b_ladder,type_b_ladder,False,False,0.0065,-0.0234,65,588.25,strategy_S5-10__TYPE_B:NIFTY:2026-04-21T14:42:49:SHORT
2026-04-21,14:43:51,2026-04-21,14:44:27,NIFTY,BUY,TYPE_B,PASSIVE,HIT_BID,24537.65,24540.2,NIFTY21APR2624500CE,24500.0,CE,ITM1,43.9,41.1,43.77,41.16,45.0,40.0,0.11409,0.121507,ws,ws,type_b_ladder,type_b_ladder,False,False,0.1275,-0.0604,65,-182.0,strategy_S5-10__TYPE_B:NIFTY:2026-04-21T14:43:51:LONG
2026-04-21,14:44:51,2026-04-21,14:45:00,NIFTY,SELL,TYPE_B,PASSIVE,HIT_BID,24537.25,24539.05,NIFTY21APR2624550PE,24550.0,PE,ITM1,25.8,26.4,25.75,26.47,30.0,25.0,0.194175,0.189036,ws,ws,type_b_ladder,type_b_ladder,False,False,0.0548,-0.066,65,39.0,strategy_S5-10__TYPE_B:NIFTY:2026-04-21T14:44:51:SHORT
2026-04-21,14:46:15,2026-04-21,14:46:29,NIFTY,SELL,TYPE_B,PASSIVE,HIT_BID,24535.5,24537.1,NIFTY21APR2624550PE,24550.0,PE,ITM1,25.0,23.15,24.92,23.16,25.0,20.0,0.200401,0.215517,ws,ws,type_b_ladder,type_b_ladder,False,False,0.0833,-0.006,65,-120.25,strategy_S5-10__TYPE_B:NIFTY:2026-04-21T14:46:15:SHORT
2026-04-21,14:46:30,2026-04-21,14:47:43,NIFTY,BUY,TYPE_B,PASSIVE,HIT_BID,24538.5,24548.4,NIFTY21APR2624500CE,24500.0,CE,ITM1,42.35,48.75,42.23,48.86,45.0,45.0,0.118273,0.102407,ws,ws,type_b_ladder,type_b_ladder,False,False,0.1233,-0.1125,65,416.0,strategy_S5-10__TYPE_B:NIFTY:2026-04-21T14:46:30:LONG
2026-04-21,14:48:00,2026-04-21,14:48:06,NIFTY,BUY,TYPE_B,PASSIVE,HIT_BID,24552.4,24549.65,NIFTY21APR2624550CE,24550.0,CE,ITM1,14.55,14.3,14.55,14.3,15.0,10.0,0.344234,0.34904,ws,ws,type_b_ladder,type_b_ladder,False,False,0.0018,-0.0011,65,-16.25,strategy_S5-10__TYPE_B:NIFTY:2026-04-21T14:48:00:LONG
2026-04-21,14:48:26,2026-04-21,14:49:19,NIFTY,SELL,TYPE_B,PASSIVE,HIT_BID,24546.45,24548.05,NIFTY21APR2624550PE,24550.0,PE,ITM1,15.95,14.1,15.94,14.16,20.0,10.0,0.313972,0.353357,ws,ws,type_b_ladder,type_b_ladder,False,False,0.0116,-0.0641,65,-120.25,strategy_S5-10__TYPE_B:NIFTY:2026-04-21T14:48:26:SHORT
2026-04-21,14:49:30,2026-04-21,14:51:48,NIFTY,BUY,TYPE_B,PASSIVE,HIT_BID,24550.2,24558.7,NIFTY21APR2624550CE,24550.0,CE,ITM1,12.85,17.7,12.83,17.75,15.0,15.0,0.389864,0.280899,ws,ws,type_b_ladder,type_b_ladder,False,False,0.0151,-0.0508,65,315.25,strategy_S5-10__TYPE_B:NIFTY:2026-04-21T14:49:30:LONG
2026-04-21,14:51:56,2026-04-21,14:52:25,NIFTY,SELL,TYPE_B,PASSIVE,HIT_BID,24557.0,24556.65,NIFTY21APR2624600PE,24600.0,PE,ITM1,45.2,41.55,45.17,41.58,50.0,40.0,0.110742,0.120192,ws,ws,type_b_ladder,type_b_ladder,False,False,0.025,-0.0333,65,-237.25,strategy_S5-10__TYPE_B:NIFTY:2026-04-21T14:51:56:SHORT
2026-04-21,14:52:30,2026-04-21,14:52:56,NIFTY,BUY,TYPE_B,PASSIVE,HIT_BID,24559.2,24555.2,NIFTY21APR2624550CE,24550.0,CE,ITM1,19.0,16.75,18.98,16.76,20.0,15.0,0.263852,0.298063,ws,ws,type_b_ladder,type_b_ladder,False,False,0.0171,-0.0083,65,-146.25,strategy_S5-10__TYPE_B:NIFTY:2026-04-21T14:52:30:LONG
2026-04-21,14:53:39,2026-04-21,14:53:58,NIFTY,SELL,TYPE_B,PASSIVE,HIT_BID,24553.0,24555.85,NIFTY21APR2624600PE,24600.0,PE,ITM1,43.65,41.55,43.59,41.6,45.0,40.0,0.114745,0.120265,ws,ws,type_b_ladder,type_b_ladder,False,False,0.06,-0.0464,65,-136.5,strategy_S5-10__TYPE_B:NIFTY:2026-04-21T14:53:39:SHORT
2026-04-21,14:54:00,2026-04-21,14:55:14,NIFTY,BUY,TYPE_B,PASSIVE,HIT_BID,24557.5,24559.35,NIFTY21APR2624550CE,24550.0,CE,ITM1,18.1,19.05,18.04,19.1,20.0,15.0,0.277008,0.262123,ws,ws,type_b_ladder,type_b_ladder,False,False,0.0644,-0.0456,65,61.75,strategy_S5-10__TYPE_B:NIFTY:2026-04-21T14:54:00:LONG
2026-04-21,14:55:30,2026-04-21,14:57:09,NIFTY,BUY,TYPE_B,PASSIVE,HIT_BID,24562.85,24567.55,NIFTY21APR2624550CE,24550.0,CE,ITM1,21.7,25.6,21.65,25.65,25.0,25.0,0.230947,0.195122,ws,ws,type_b_ladder,type_b_ladder,False,False,0.0512,-0.0462,65,253.5,strategy_S5-10__TYPE_B:NIFTY:2026-04-21T14:55:30:LONG
2026-04-21,14:57:28,2026-04-21,14:57:39,NIFTY,BUY,TYPE_B,PASSIVE,HIT_BID,24571.05,24568.3,NIFTY21APR2624550CE,24550.0,CE,ITM1,26.05,25.55,26.0,25.62,30.0,25.0,0.192308,0.195312,ws,ws,type_b_ladder,type_b_ladder,False,False,0.0457,-0.0681,65,-32.5,strategy_S5-10__TYPE_B:NIFTY:2026-04-21T14:57:28:LONG
2026-04-21,14:58:34,2026-04-21,14:59:00,NIFTY,SELL,TYPE_B,PASSIVE,HIT_BID,24565.55,24569.0,NIFTY21APR2624600PE,24600.0,PE,ITM1,36.3,31.05,36.23,31.15,40.0,30.0,0.137931,0.160772,ws,ws,type_b_ladder,type_b_ladder,False,False,0.0667,-0.0962,65,-341.25,strategy_S5-10__TYPE_B:NIFTY:2026-04-21T14:58:34:SHORT
2026-04-21,14:59:30,2026-04-21,14:59:39,NIFTY,BUY,TYPE_B,PASSIVE,HIT_BID,24570.35,24566.95,NIFTY21APR2624550CE,24550.0,CE,ITM1,22.4,22.55,22.34,22.61,25.0,20.0,0.223714,0.221239,ws,ws,type_b_ladder,type_b_ladder,False,False,0.0644,-0.0609,65,9.75,strategy_S5-10__TYPE_B:NIFTY:2026-04-21T14:59:30:LONG
2026-04-21,15:00:00,2026-04-21,15:01:39,NIFTY,BUY,TYPE_B,PASSIVE,HIT_BID,24570.05,24594.05,NIFTY21APR2624550CE,24550.0,CE,ITM1,23.1,35.75,23.07,35.82,25.0,35.0,0.21692,0.139567,ws,ws,type_b_ladder,type_b_ladder,False,False,0.0321,-0.0683,65,822.25,strategy_S5-10__TYPE_B:NIFTY:2026-04-21T15:00:00:LONG
2026-04-21,15:01:54,2026-04-21,15:03:10,NIFTY,SELL,TYPE_B,PASSIVE,HIT_BID,24589.55,24563.05,NIFTY21APR2624600PE,24600.0,PE,ITM1,20.1,25.9,20.07,25.91,25.0,25.0,0.249377,0.192678,ws,ws,type_b_ladder,type_b_ladder,False,False,0.028,-0.01,65,377.0,strategy_S5-10__TYPE_B:NIFTY:2026-04-21T15:01:54:SHORT
2026-04-21,15:03:30,2026-04-21,15:03:56,NIFTY,BUY,TYPE_B,PASSIVE,HIT_BID,24568.4,24572.6,NIFTY21APR2624550CE,24550.0,CE,ITM1,27.9,23.85,27.86,23.89,30.0,20.0,0.179533,0.209424,ws,ws,type_b_ladder,type_b_ladder,False,False,0.038,-0.0435,65,-263.25,strategy_S5-10__TYPE_B:NIFTY:2026-04-21T15:03:30:LONG
2026-04-21,15:04:13,2026-04-21,15:04:54,NIFTY,SELL,TYPE_B,PASSIVE,HIT_BID,24560.7,24556.2,NIFTY21APR2624600PE,24600.0,PE,ITM1,31.15,30.9,31.06,30.95,35.0,30.0,0.160772,0.161551,ws,ws,type_b_ladder,type_b_ladder,False,False,0.0897,-0.0457,65,-16.25,strategy_S5-10__TYPE_B:NIFTY:2026-04-21T15:04:13:SHORT
2026-04-21,15:05:06,2026-04-21,15:06:04,NIFTY,BUY,TYPE_B,PASSIVE,HIT_BID,24564.2,24565.2,NIFTY21APR2624550CE,24550.0,CE,ITM1,25.75,23.85,25.68,23.89,30.0,20.0,0.194553,0.209205,ws,ws,type_b_ladder,type_b_ladder,False,False,0.0737,-0.0369,65,-123.5,strategy_S5-10__TYPE_B:NIFTY:2026-04-21T15:05:06:LONG
2026-04-21,15:06:46,2026-04-21,15:06:50,NIFTY,BUY,TYPE_B,PASSIVE,HIT_BID,24579.55,24574.7,NIFTY21APR2624550CE,24550.0,CE,ITM1,24.05,23.65,23.99,23.68,25.0,20.0,0.208333,0.21097,ws,ws,type_b_ladder,type_b_ladder,False,False,0.0586,-0.0278,65,-26.0,strategy_S5-10__TYPE_B:NIFTY:2026-04-21T15:06:46:LONG
2026-04-21,15:07:09,2026-04-21,15:08:04,NIFTY,BUY,TYPE_B,PASSIVE,HIT_BID,24580.55,24587.45,NIFTY21APR2624550CE,24550.0,CE,ITM1,23.55,26.0,23.52,26.05,25.0,25.0,0.212766,0.191939,ws,ws,type_b_ladder,type_b_ladder,False,False,0.0277,-0.0497,65,159.25,strategy_S5-10__TYPE_B:NIFTY:2026-04-21T15:07:09:LONG
2026-04-21,15:08:15,2026-04-21,15:08:52,NIFTY,SELL,TYPE_B,PASSIVE,HIT_BID,24583.1,24571.25,NIFTY21APR2624600PE,24600.0,PE,ITM1,27.15,28.3,27.14,28.31,30.0,25.0,0.184502,0.176523,ws,ws,type_b_ladder,type_b_ladder,False,False,0.013,-0.012,65,74.75,strategy_S5-10__TYPE_B:NIFTY:2026-04-21T15:08:15:SHORT
2026-04-21,15:09:19,2026-04-21,15:09:30,NIFTY,SELL,TYPE_B,PASSIVE,HIT_BID,24560.75,24561.45,NIFTY21APR2624600PE,24600.0,PE,ITM1,27.6,28.75,27.54,28.8,30.0,25.0,0.181488,0.173611,ws,ws,type_b_ladder,type_b_ladder,False,False,0.0624,-0.0455,65,74.75,strategy_S5-10__TYPE_B:NIFTY:2026-04-21T15:09:19:SHORT
2026-04-21,15:09:41,2026-04-21,15:10:02,NIFTY,BUY,TYPE_B,PASSIVE,HIT_BID,24568.2,24571.0,NIFTY21APR2624550CE,24550.0,CE,ITM1,23.35,23.5,23.33,23.5,25.0,20.0,0.214362,0.21254,ws,ws,type_b_ladder,type_b_ladder,False,False,0.0242,-0.0045,65,9.75,strategy_S5-10__TYPE_B:NIFTY:2026-04-21T15:09:41:LONG
2026-04-21,15:10:30,2026-04-21,15:10:38,NIFTY,BUY,TYPE_B,PASSIVE,HIT_BID,24572.0,24569.85,NIFTY21APR2624550CE,24550.0,CE,ITM1,23.15,22.8,23.1,22.84,25.0,20.0,0.21645,0.219058,ws,ws,type_b_ladder,type_b_ladder,False,False,0.0477,-0.0404,65,-22.75,strategy_S5-10__TYPE_B:NIFTY:2026-04-21T15:10:30:LONG
2026-04-21,15:10:53,2026-04-21,15:11:03,NIFTY,BUY,TYPE_B,PASSIVE,HIT_BID,24574.05,24569.85,NIFTY21APR2624550CE,24550.0,CE,ITM1,23.5,23.1,23.48,23.13,25.0,20.0,0.212993,0.215983,ws,ws,type_b_ladder,type_b_ladder,False,False,0.0217,-0.0349,65,-26.0,strategy_S5-10__TYPE_B:NIFTY:2026-04-21T15:10:53:LONG
2026-04-21,15:11:10,2026-04-21,15:12:26,NIFTY,BUY,TYPE_B,PASSIVE,HIT_BID,24574.65,24579.05,NIFTY21APR2624550CE,24550.0,CE,ITM1,24.35,23.5,24.3,23.5,25.0,20.0,0.20555,0.21254,ws,ws,type_b_ladder,type_b_ladder,False,False,0.0476,-0.0037,65,-55.25,strategy_S5-10__TYPE_B:NIFTY:2026-04-21T15:11:10:LONG
2026-04-21,15:12:44,2026-04-21,15:12:52,NIFTY,SELL,TYPE_B,PASSIVE,HIT_BID,24575.25,24580.4,NIFTY21APR2624600PE,24600.0,PE,ITM1,27.2,26.05,27.11,26.1,30.0,25.0,0.184162,0.191571,ws,ws,type_b_ladder,type_b_ladder,False,False,0.0929,-0.0548,65,-74.75,strategy_S5-10__TYPE_B:NIFTY:2026-04-21T15:12:44:SHORT
2026-04-21,15:13:08,2026-04-21,15:13:12,NIFTY,BUY,TYPE_B,PASSIVE,HIT_BID,24582.05,24578.15,NIFTY21APR2624550CE,24550.0,CE,ITM1,24.6,24.15,24.54,24.19,25.0,20.0,0.203666,0.206612,ws,ws,type_b_ladder,type_b_ladder,False,False,0.0634,-0.04,65,-29.25,strategy_S5-10__TYPE_B:NIFTY:2026-04-21T15:13:08:LONG
2026-04-21,15:13:24,2026-04-21,15:13:51,NIFTY,SELL,TYPE_B,PASSIVE,HIT_BID,24568.5,24568.2,NIFTY21APR2624600PE,24600.0,PE,ITM1,25.95,27.05,25.91,27.08,30.0,25.0,0.192864,0.184672,ws,ws,type_b_ladder,type_b_ladder,False,False,0.04,-0.0275,65,71.5,strategy_S5-10__TYPE_B:NIFTY:2026-04-21T15:13:24:SHORT
2026-04-21,15:14:00,2026-04-21,15:14:33,NIFTY,BUY,TYPE_B,PASSIVE,HIT_BID,24573.25,24576.85,NIFTY21APR2624550CE,24550.0,CE,ITM1,23.85,22.5,23.81,22.54,25.0,20.0,0.210084,0.221976,ws,ws,type_b_ladder,type_b_ladder,False,False,0.0423,-0.0427,65,-87.75,strategy_S5-10__TYPE_B:NIFTY:2026-04-21T15:14:00:LONG
2026-04-21,15:14:55,2026-04-21,15:15:40,NIFTY,SELL,TYPE_B,PASSIVE,HIT_BID,24571.15,24571.8,NIFTY21APR2624600PE,24600.0,PE,ITM1,27.6,26.55,27.56,26.55,30.0,25.0,0.181324,0.18797,ws,ws,type_b_ladder,type_b_ladder,False,False,0.042,-0.0049,65,-68.25,strategy_S5-10__TYPE_B:NIFTY:2026-04-21T15:14:55:SHORT
2026-04-21,15:15:50,2026-04-21,15:16:24,NIFTY,BUY,TYPE_B,PASSIVE,HIT_BID,24575.85,24577.9,NIFTY21APR2624550CE,24550.0,CE,ITM1,23.7,24.55,23.64,24.59,25.0,20.0,0.211416,0.203252,ws,ws,type_b_ladder,type_b_ladder,False,False,0.0606,-0.0432,65,55.25,strategy_S5-10__TYPE_B:NIFTY:2026-04-21T15:15:50:LONG
2026-04-21,15:16:40,2026-04-21,15:16:52,NIFTY,BUY,TYPE_B,PASSIVE,HIT_BID,24586.8,24584.9,NIFTY21APR2624550CE,24550.0,CE,ITM1,26.9,27.75,26.86,27.78,30.0,25.0,0.18622,0.179856,ws,ws,type_b_ladder,type_b_ladder,False,False,0.0421,-0.0324,65,55.25,strategy_S5-10__TYPE_B:NIFTY:2026-04-21T15:16:40:LONG
2026-04-21,15:17:00,2026-04-21,15:17:52,NIFTY,BUY,TYPE_B,PASSIVE,HIT_BID,24590.5,24596.45,NIFTY21APR2624550CE,24550.0,CE,ITM1,27.95,29.4,27.9,29.45,30.0,25.0,0.179051,0.169924,ws,ws,type_b_ladder,type_b_ladder,False,False,0.0495,-0.0496,65,94.25,strategy_S5-10__TYPE_B:NIFTY:2026-04-21T15:17:00:LONG
2026-04-21,15:18:11,2026-04-21,15:18:43,NIFTY,SELL,TYPE_B,PASSIVE,HIT_BID,24593.8,24580.25,NIFTY21APR2624600PE,24600.0,PE,ITM1,22.0,22.9,21.94,22.94,25.0,20.0,0.22779,0.218103,ws,ws,type_b_ladder,type_b_ladder,False,False,0.0599,-0.0398,65,58.5,strategy_S5-10__TYPE_B:NIFTY:2026-04-21T15:18:11:SHORT
2026-04-21,15:20:18,2026-04-21,15:20:31,NIFTY,BUY,TYPE_B,PASSIVE,HIT_BID,24582.25,24578.8,NIFTY21APR2624550CE,24550.0,CE,ITM1,28.65,28.5,28.59,28.56,30.0,25.0,0.174825,0.175131,ws,ws,type_b_ladder,type_b_ladder,False,False,0.0577,-0.0562,65,-9.75,strategy_S5-10__TYPE_B:NIFTY:2026-04-21T15:20:18:LONG
2026-04-21,15:20:57,2026-04-21,15:21:39,NIFTY,SELL,TYPE_B,PASSIVE,HIT_BID,24577.05,24579.4,NIFTY21APR2624600PE,24600.0,PE,ITM1,22.7,21.7,22.66,21.76,25.0,20.0,0.220751,0.229885,ws,ws,type_b_ladder,type_b_ladder,False,False,0.042,-0.0576,65,-65.0,strategy_S5-10__TYPE_B:NIFTY:2026-04-21T15:20:57:SHORT
2026-04-21,15:21:40,2026-04-21,15:22:11,NIFTY,BUY,TYPE_B,PASSIVE,HIT_BID,24580.65,24584.45,NIFTY21APR2624550CE,24550.0,CE,ITM1,28.3,27.6,28.24,27.69,30.0,25.0,0.176991,0.180832,ws,ws,type_b_ladder,type_b_ladder,False,False,0.0571,-0.0856,65,-45.5,strategy_S5-10__TYPE_B:NIFTY:2026-04-21T15:21:40:LONG
2026-04-21,15:22:41,2026-04-21,15:23:15,NIFTY,SELL,TYPE_B,PASSIVE,HIT_BID,24582.6,24576.65,NIFTY21APR2624600PE,24600.0,PE,ITM1,23.0,22.4,22.9,22.45,25.0,20.0,0.217865,0.222717,ws,ws,type_b_ladder,type_b_ladder,False,False,0.0991,-0.0452,65,-39.0,strategy_S5-10__TYPE_B:NIFTY:2026-04-21T15:22:41:SHORT
2026-04-21,15:23:54,2026-04-21,15:24:04,NIFTY,BUY,TYPE_B,PASSIVE,HIT_BID,24580.15,24577.1,NIFTY21APR2624550CE,24550.0,CE,ITM1,27.85,27.4,27.79,27.46,30.0,25.0,0.179856,0.181984,ws,ws,type_b_ladder,type_b_ladder,False,False,0.061,-0.064,65,-29.25,strategy_S5-10__TYPE_B:NIFTY:2026-04-21T15:23:54:LONG
