Entry_Date,Entry_Time,Exit_Date,Exit_Time,Underlying_Symbol,Strategy_Direction,Execution_Mode,Entry_Label,Exit_Label,Underlying_Entry_Price,Underlying_Exit_Price,Option_Symbol,Option_Strike,Option_Type,Option_Bucket,Option_Entry_Price,Option_Exit_Price,Entry_Fair_Value,Exit_Fair_Value,Entry_Limit_Price,Exit_Limit_Price,Entry_Spread_Pct,Exit_Spread_Pct,Entry_Quote_Source,Exit_Quote_Source,Entry_Pricing_Mode,Exit_Pricing_Mode,Entry_Repriced,Exit_Repriced,Entry_Slippage_vs_Fair,Exit_Slippage_vs_Fair,Qty,PnL,Trade_ID
2026-04-22,09:18:02,2026-04-22,09:18:46,NIFTY,SELL,TYPE_B,PASSIVE,HIT_BID,24503.75,24491.15,NIFTY28APR2624550PE,24550.0,PE,ITM1,265.7,272.45,265.55,272.48,270.0,270.0,0.018827,0.018347,ws,ws,type_b_ladder,type_b_ladder,False,False,0.1471,-0.03,65,438.75,strategy_S5-10_ATM_5_2__TYPE_B:NIFTY:2026-04-22T09:18:02:SHORT
2026-04-22,09:18:51,2026-04-22,09:19:03,NIFTY,BUY,TYPE_B,PASSIVE,HIT_BID,24499.45,24490.9,NIFTY28APR2624450CE,24450.0,CE,ITM1,245.25,240.65,245.06,241.01,250.0,240.0,0.020398,0.020756,ws,ws,type_b_ladder,type_b_ladder,False,False,0.1944,-0.3571,65,-299.0,strategy_S5-10_ATM_5_2__TYPE_B:NIFTY:2026-04-22T09:18:51:LONG
2026-04-22,09:19:06,2026-04-22,09:19:24,NIFTY,SELL,TYPE_B,PASSIVE,HIT_BID,24489.15,24481.05,NIFTY28APR2624500PE,24500.0,PE,ITM1,246.15,251.2,245.87,251.6,250.0,250.0,0.020331,0.019881,ws,ws,type_b_ladder,type_b_ladder,False,False,0.2812,-0.4,65,328.25,strategy_S5-10_ATM_5_2__TYPE_B:NIFTY:2026-04-22T09:19:06:SHORT
2026-04-22,09:19:42,2026-04-22,09:19:48,NIFTY,BUY,TYPE_B,PASSIVE,HIT_BID,24485.05,24481.15,NIFTY28APR2624450CE,24450.0,CE,ITM1,237.85,237.65,237.73,237.88,240.0,235.0,0.021037,0.021026,ws,ws,type_b_ladder,type_b_ladder,False,False,0.1167,-0.225,65,-13.0,strategy_S5-10_ATM_5_2__TYPE_B:NIFTY:2026-04-22T09:19:42:LONG
2026-04-22,09:20:00,2026-04-22,09:20:18,NIFTY,SELL,TYPE_B,PASSIVE,HIT_BID,24477.45,24475.7,NIFTY28APR2624500PE,24500.0,PE,ITM1,253.9,252.35,253.83,252.4,255.0,250.0,0.019701,0.0198,ws,ws,type_b_ladder,type_b_ladder,False,False,0.0667,-0.05,65,-100.75,strategy_S5-10_ATM_5_2__TYPE_B:NIFTY:2026-04-22T09:20:00:SHORT
2026-04-22,09:20:30,2026-04-22,09:20:36,NIFTY,BUY,TYPE_B,PASSIVE,HIT_BID,24478.05,24476.25,NIFTY28APR2624450CE,24450.0,CE,ITM1,237.65,237.75,237.54,237.86,240.0,235.0,0.021057,0.021024,ws,ws,type_b_ladder,type_b_ladder,False,False,0.1091,-0.1059,65,6.5,strategy_S5-10_ATM_5_2__TYPE_B:NIFTY:2026-04-22T09:20:30:LONG
2026-04-22,09:20:46,2026-04-22,09:21:00,NIFTY,BUY,TYPE_B,PASSIVE,HIT_BID,24481.25,24481.55,NIFTY28APR2624450CE,24450.0,CE,ITM1,238.35,236.9,238.05,237.07,240.0,235.0,0.021,0.021084,ws,ws,type_b_ladder,type_b_ladder,False,False,0.3,-0.1667,65,-94.25,strategy_S5-10_ATM_5_2__TYPE_B:NIFTY:2026-04-22T09:20:46:LONG
2026-04-22,09:21:15,2026-04-22,09:21:31,NIFTY,SELL,TYPE_B,PASSIVE,HIT_BID,24478.85,24482.1,NIFTY28APR2624500PE,24500.0,PE,ITM1,248.65,246.4,248.43,246.7,250.0,245.0,0.020131,0.020274,ws,ws,type_b_ladder,type_b_ladder,False,False,0.22,-0.3,65,-146.25,strategy_S5-10_ATM_5_2__TYPE_B:NIFTY:2026-04-22T09:21:15:SHORT
2026-04-22,09:21:36,2026-04-22,09:22:18,NIFTY,BUY,TYPE_B,PASSIVE,HIT_BID,24486.65,24493.3,NIFTY28APR2624450CE,24450.0,CE,ITM1,240.7,243.15,240.35,243.33,245.0,240.0,0.020799,0.020536,ws,ws,type_b_ladder,type_b_ladder,False,False,0.3529,-0.1773,65,159.25,strategy_S5-10_ATM_5_2__TYPE_B:NIFTY:2026-04-22T09:21:36:LONG
2026-04-22,09:22:32,2026-04-22,09:22:54,NIFTY,SELL,TYPE_B,PASSIVE,HIT_BID,24489.4,24484.45,NIFTY28APR2624500PE,24500.0,PE,ITM1,243.55,249.1,243.5,249.16,245.0,245.0,0.020555,0.020058,ws,ws,type_b_ladder,type_b_ladder,False,False,0.0545,-0.0583,65,360.75,strategy_S5-10_ATM_5_2__TYPE_B:NIFTY:2026-04-22T09:22:32:SHORT
2026-04-22,09:23:10,2026-04-22,09:23:23,NIFTY,BUY,TYPE_B,PASSIVE,HIT_BID,24487.6,24485.4,NIFTY28APR2624450CE,24450.0,CE,ITM1,236.55,237.1,236.28,237.33,240.0,235.0,0.021153,0.021073,ws,ws,type_b_ladder,type_b_ladder,False,False,0.2722,-0.2333,65,35.75,strategy_S5-10_ATM_5_2__TYPE_B:NIFTY:2026-04-22T09:23:10:LONG
2026-04-22,09:23:32,2026-04-22,09:23:39,NIFTY,BUY,TYPE_B,PASSIVE,HIT_BID,24488.55,24486.65,NIFTY28APR2624450CE,24450.0,CE,ITM1,239.35,236.3,239.05,236.61,240.0,235.0,0.02091,0.021137,ws,ws,type_b_ladder,type_b_ladder,False,False,0.3,-0.3056,65,-198.25,strategy_S5-10_ATM_5_2__TYPE_B:NIFTY:2026-04-22T09:23:32:LONG
2026-04-22,09:23:41,2026-04-22,09:23:44,NIFTY,SELL,TYPE_B,PASSIVE,HIT_BID,24486.15,24488.3,NIFTY28APR2624500PE,24500.0,PE,ITM1,247.45,247.05,247.02,247.3,250.0,245.0,0.020227,0.020218,ws,ws,type_b_ladder,type_b_ladder,False,False,0.4286,-0.25,65,-26.0,strategy_S5-10_ATM_5_2__TYPE_B:NIFTY:2026-04-22T09:23:41:SHORT
2026-04-22,09:23:47,2026-04-22,09:23:51,NIFTY,BUY,TYPE_B,PASSIVE,HIT_BID,24489.95,24488.2,NIFTY28APR2624450CE,24450.0,CE,ITM1,239.7,236.45,239.31,236.9,240.0,235.0,0.020879,0.021119,ws,ws,type_b_ladder,type_b_ladder,False,False,0.3857,-0.45,65,-211.25,strategy_S5-10_ATM_5_2__TYPE_B:NIFTY:2026-04-22T09:23:47:LONG
2026-04-22,09:23:55,2026-04-22,09:24:35,NIFTY,SELL,TYPE_B,PASSIVE,HIT_BID,24485.2,24470.75,NIFTY28APR2624500PE,24500.0,PE,ITM1,247.75,256.95,247.59,256.96,250.0,255.0,0.02019,0.019457,ws,ws,type_b_ladder,type_b_ladder,False,False,0.16,-0.0071,65,598.0,strategy_S5-10_ATM_5_2__TYPE_B:NIFTY:2026-04-22T09:23:55:SHORT
2026-04-22,09:24:50,2026-04-22,09:24:52,NIFTY,SELL,TYPE_B,PASSIVE,HIT_BID,24459.15,24464.0,NIFTY28APR2624500PE,24500.0,PE,ITM1,259.9,259.7,259.45,259.98,260.0,255.0,0.01926,0.019229,ws,ws,type_b_ladder,type_b_ladder,False,False,0.45,-0.2826,65,-13.0,strategy_S5-10_ATM_5_2__TYPE_B:NIFTY:2026-04-22T09:24:50:SHORT
2026-04-22,09:25:03,2026-04-22,09:25:10,NIFTY,SELL,TYPE_B,PASSIVE,HIT_BID,24460.85,24458.0,NIFTY28APR2624500PE,24500.0,PE,ITM1,262.0,263.6,261.87,263.79,265.0,260.0,0.019093,0.018947,ws,ws,type_b_ladder,type_b_ladder,False,False,0.1277,-0.1895,65,104.0,strategy_S5-10_ATM_5_2__TYPE_B:NIFTY:2026-04-22T09:25:03:SHORT
2026-04-22,09:25:22,2026-04-22,09:25:32,NIFTY,SELL,TYPE_B,PASSIVE,HIT_BID,24453.1,24455.7,NIFTY28APR2624500PE,24500.0,PE,ITM1,265.55,264.4,265.27,264.57,270.0,260.0,0.018852,0.018893,ws,ws,type_b_ladder,type_b_ladder,False,False,0.2769,-0.1667,65,-74.75,strategy_S5-10_ATM_5_2__TYPE_B:NIFTY:2026-04-22T09:25:22:SHORT
2026-04-22,09:26:08,2026-04-22,09:26:15,NIFTY,BUY,TYPE_B,PASSIVE,HIT_BID,24456.05,24454.15,NIFTY28APR2624450CE,24450.0,CE,ITM1,222.15,220.8,221.98,221.16,225.0,220.0,0.022523,0.022622,ws,ws,type_b_ladder,type_b_ladder,False,False,0.1714,-0.3629,65,-87.75,strategy_S5-10_ATM_5_2__TYPE_B:NIFTY:2026-04-22T09:26:08:LONG
2026-04-22,09:26:41,2026-04-22,09:26:53,NIFTY,BUY,TYPE_B,PASSIVE,HIT_BID,24457.4,24456.4,NIFTY28APR2624450CE,24450.0,CE,ITM1,223.0,221.75,222.83,221.94,225.0,220.0,0.022434,0.022535,ws,ws,type_b_ladder,type_b_ladder,False,False,0.1667,-0.1875,65,-81.25,strategy_S5-10_ATM_5_2__TYPE_B:NIFTY:2026-04-22T09:26:41:LONG
2026-04-22,09:27:00,2026-04-22,09:27:10,NIFTY,SELL,TYPE_B,PASSIVE,HIT_BID,24453.35,24457.35,NIFTY28APR2624500PE,24500.0,PE,ITM1,264.75,264.8,264.73,264.94,265.0,260.0,0.018891,0.018861,ws,ws,type_b_ladder,type_b_ladder,False,False,0.018,-0.144,65,3.25,strategy_S5-10_ATM_5_2__TYPE_B:NIFTY:2026-04-22T09:27:00:SHORT
2026-04-22,09:27:24,2026-04-22,09:27:27,NIFTY,SELL,TYPE_B,PASSIVE,HIT_BID,24451.65,24454.1,NIFTY28APR2624500PE,24500.0,PE,ITM1,265.85,266.1,265.51,266.17,270.0,265.0,0.018829,0.018772,ws,ws,type_b_ladder,type_b_ladder,False,False,0.3429,-0.0714,65,16.25,strategy_S5-10_ATM_5_2__TYPE_B:NIFTY:2026-04-22T09:27:24:SHORT
2026-04-22,09:27:40,2026-04-22,09:27:56,NIFTY,BUY,TYPE_B,PASSIVE,HIT_BID,24456.25,24457.5,NIFTY28APR2624450CE,24450.0,CE,ITM1,221.35,221.95,221.11,222.25,225.0,220.0,0.022604,0.022502,ws,ws,type_b_ladder,type_b_ladder,False,False,0.24,-0.3,65,39.0,strategy_S5-10_ATM_5_2__TYPE_B:NIFTY:2026-04-22T09:27:40:LONG
2026-04-22,09:28:04,2026-04-22,09:28:49,NIFTY,SELL,TYPE_B,PASSIVE,HIT_BID,24454.15,24448.7,NIFTY28APR2624500PE,24500.0,PE,ITM1,265.2,269.35,265.12,269.9,270.0,265.0,0.018859,0.018543,ws,ws,type_b_ladder,type_b_ladder,False,False,0.075,-0.5545,65,269.75,strategy_S5-10_ATM_5_2__TYPE_B:NIFTY:2026-04-22T09:28:04:SHORT
2026-04-22,09:29:01,2026-04-22,09:29:06,NIFTY,SELL,TYPE_B,PASSIVE,HIT_BID,24446.2,24448.1,NIFTY28APR2624450PE,24450.0,PE,ITM1,245.15,244.75,244.8,244.91,250.0,240.0,0.020414,0.020406,ws,ws,type_b_ladder,type_b_ladder,False,False,0.35,-0.1571,65,-26.0,strategy_S5-10_ATM_5_2__TYPE_B:NIFTY:2026-04-22T09:29:01:SHORT
2026-04-22,09:29:10,2026-04-22,09:29:26,NIFTY,BUY,TYPE_B,PASSIVE,HIT_BID,24450.0,24448.55,NIFTY28APR2624400CE,24400.0,CE,ITM1,245.75,245.1,245.32,245.45,250.0,245.0,0.020371,0.020375,ws,ws,type_b_ladder,type_b_ladder,False,False,0.4286,-0.3474,65,-42.25,strategy_S5-10_ATM_5_2__TYPE_B:NIFTY:2026-04-22T09:29:10:LONG
2026-04-22,09:29:32,2026-04-22,09:29:52,NIFTY,SELL,TYPE_B,PASSIVE,HIT_BID,24447.0,24440.9,NIFTY28APR2624450PE,24450.0,PE,ITM1,246.9,248.35,246.61,248.52,250.0,245.0,0.020268,0.020109,ws,ws,type_b_ladder,type_b_ladder,False,False,0.2909,-0.1714,65,94.25,strategy_S5-10_ATM_5_2__TYPE_B:NIFTY:2026-04-22T09:29:32:SHORT
2026-04-22,09:30:01,2026-04-22,09:30:43,NIFTY,SELL,TYPE_B,PASSIVE,HIT_BID,24433.45,24434.45,NIFTY28APR2624450PE,24450.0,PE,ITM1,254.55,252.0,254.26,252.26,255.0,250.0,0.019658,0.019822,ws,ws,type_b_ladder,type_b_ladder,False,False,0.2857,-0.2647,65,-165.75,strategy_S5-10_ATM_5_2__TYPE_B:NIFTY:2026-04-22T09:30:01:SHORT
2026-04-22,09:30:45,2026-04-22,09:31:26,NIFTY,BUY,TYPE_B,PASSIVE,HIT_BID,24435.8,24442.65,NIFTY28APR2624400CE,24400.0,CE,ITM1,241.05,243.8,240.94,244.03,245.0,240.0,0.020762,0.020496,ws,ws,type_b_ladder,type_b_ladder,False,False,0.1125,-0.225,65,178.75,strategy_S5-10_ATM_5_2__TYPE_B:NIFTY:2026-04-22T09:30:45:LONG
2026-04-22,09:31:38,2026-04-22,09:31:46,NIFTY,BUY,TYPE_B,PASSIVE,HIT_BID,24445.9,24443.6,NIFTY28APR2624400CE,24400.0,CE,ITM1,245.25,243.15,245.04,243.19,250.0,240.0,0.020398,0.020561,ws,ws,type_b_ladder,type_b_ladder,False,False,0.2083,-0.0389,65,-136.5,strategy_S5-10_ATM_5_2__TYPE_B:NIFTY:2026-04-22T09:31:38:LONG
2026-04-22,09:31:51,2026-04-22,09:31:55,NIFTY,SELL,TYPE_B,PASSIVE,HIT_BID,24442.4,24445.1,NIFTY28APR2624450PE,24450.0,PE,ITM1,250.6,249.25,250.41,249.37,255.0,245.0,0.01997,0.020054,ws,ws,type_b_ladder,type_b_ladder,False,False,0.1929,-0.1239,65,-87.75,strategy_S5-10_ATM_5_2__TYPE_B:NIFTY:2026-04-22T09:31:51:SHORT
2026-04-22,09:32:04,2026-04-22,09:32:11,NIFTY,BUY,TYPE_B,PASSIVE,HIT_BID,24449.15,24445.0,NIFTY28APR2624400CE,24400.0,CE,ITM1,246.95,244.7,246.89,244.94,250.0,240.0,0.020259,0.020423,ws,ws,type_b_ladder,type_b_ladder,False,False,0.06,-0.245,65,-146.25,strategy_S5-10_ATM_5_2__TYPE_B:NIFTY:2026-04-22T09:32:04:LONG
2026-04-22,09:32:26,2026-04-22,09:32:28,NIFTY,SELL,TYPE_B,PASSIVE,HIT_BID,24445.35,24446.7,NIFTY28APR2624450PE,24450.0,PE,ITM1,248.6,247.75,248.13,247.85,250.0,245.0,0.020137,0.020165,ws,ws,type_b_ladder,type_b_ladder,False,False,0.4667,-0.1,65,-55.25,strategy_S5-10_ATM_5_2__TYPE_B:NIFTY:2026-04-22T09:32:26:SHORT
2026-04-22,09:32:36,2026-04-22,09:32:38,NIFTY,SELL,TYPE_B,PASSIVE,HIT_BID,24445.05,24446.25,NIFTY28APR2624450PE,24450.0,PE,ITM1,247.2,246.9,247.1,247.32,250.0,245.0,0.020243,0.020224,ws,ws,type_b_ladder,type_b_ladder,False,False,0.1,-0.4225,65,-19.5,strategy_S5-10_ATM_5_2__TYPE_B:NIFTY:2026-04-22T09:32:36:SHORT
2026-04-22,09:32:50,2026-04-22,09:33:36,NIFTY,BUY,TYPE_B,PASSIVE,HIT_BID,24449.25,24458.1,NIFTY28APR2624400CE,24400.0,CE,ITM1,248.7,250.85,248.35,250.89,250.0,250.0,0.020127,0.019926,ws,ws,type_b_ladder,type_b_ladder,False,False,0.3536,-0.0409,65,139.75,strategy_S5-10_ATM_5_2__TYPE_B:NIFTY:2026-04-22T09:32:50:LONG
2026-04-22,09:33:47,2026-04-22,09:34:35,NIFTY,SELL,TYPE_B,PASSIVE,HIT_BID,24456.3,24442.7,NIFTY28APR2624500PE,24500.0,PE,ITM1,268.5,275.25,268.05,275.62,270.0,275.0,0.018639,0.018147,ws,ws,type_b_ladder,type_b_ladder,False,False,0.4464,-0.3667,65,438.75,strategy_S5-10_ATM_5_2__TYPE_B:NIFTY:2026-04-22T09:33:47:SHORT
2026-04-22,09:34:40,2026-04-22,09:35:22,NIFTY,BUY,TYPE_B,PASSIVE,HIT_BID,24446.0,24454.9,NIFTY28APR2624400CE,24400.0,CE,ITM1,244.8,250.7,244.7,250.87,245.0,250.0,0.020437,0.019922,ws,ws,type_b_ladder,type_b_ladder,False,False,0.1,-0.165,65,383.5,strategy_S5-10_ATM_5_2__TYPE_B:NIFTY:2026-04-22T09:34:40:LONG
2026-04-22,09:35:35,2026-04-22,09:35:41,NIFTY,BUY,TYPE_B,PASSIVE,HIT_BID,24457.0,24453.0,NIFTY28APR2624450CE,24450.0,CE,ITM1,224.5,223.4,224.36,223.67,225.0,220.0,0.022297,0.022361,ws,ws,type_b_ladder,type_b_ladder,False,False,0.1364,-0.2667,65,-71.5,strategy_S5-10_ATM_5_2__TYPE_B:NIFTY:2026-04-22T09:35:35:LONG
2026-04-22,09:35:46,2026-04-22,09:35:50,NIFTY,SELL,TYPE_B,PASSIVE,HIT_BID,24449.95,24452.3,NIFTY28APR2624450PE,24450.0,PE,ITM1,246.0,244.35,245.72,244.84,250.0,240.0,0.020344,0.020437,ws,ws,type_b_ladder,type_b_ladder,False,False,0.2769,-0.4909,65,-107.25,strategy_S5-10_ATM_5_2__TYPE_B:NIFTY:2026-04-22T09:35:46:SHORT
2026-04-22,09:35:58,2026-04-22,09:36:17,NIFTY,SELL,TYPE_B,PASSIVE,HIT_BID,24448.35,24446.25,NIFTY28APR2624450PE,24450.0,PE,ITM1,246.6,247.55,246.51,247.62,250.0,245.0,0.020282,0.020176,ws,ws,type_b_ladder,type_b_ladder,False,False,0.09,-0.0687,65,61.75,strategy_S5-10_ATM_5_2__TYPE_B:NIFTY:2026-04-22T09:35:58:SHORT
2026-04-22,09:36:24,2026-04-22,09:37:04,NIFTY,BUY,TYPE_B,PASSIVE,HIT_BID,24449.0,24460.7,NIFTY28APR2624400CE,24400.0,CE,ITM1,249.0,254.7,248.66,254.9,250.0,250.0,0.020101,0.019612,ws,ws,type_b_ladder,type_b_ladder,False,False,0.3393,-0.2,65,370.5,strategy_S5-10_ATM_5_2__TYPE_B:NIFTY:2026-04-22T09:36:24:LONG
2026-04-22,09:37:13,2026-04-22,09:37:28,NIFTY,SELL,TYPE_B,PASSIVE,HIT_BID,24453.8,24456.55,NIFTY28APR2624500PE,24500.0,PE,ITM1,268.15,266.9,267.65,266.92,270.0,265.0,0.018665,0.018728,ws,ws,type_b_ladder,type_b_ladder,False,False,0.495,-0.0188,65,-81.25,strategy_S5-10_ATM_5_2__TYPE_B:NIFTY:2026-04-22T09:37:13:SHORT
2026-04-22,09:37:30,2026-04-22,09:37:46,NIFTY,SELL,TYPE_B,PASSIVE,HIT_BID,24453.55,24454.25,NIFTY28APR2624500PE,24500.0,PE,ITM1,268.45,268.7,268.35,268.89,270.0,265.0,0.018638,0.018598,ws,ws,type_b_ladder,type_b_ladder,False,False,0.1,-0.1875,65,16.25,strategy_S5-10_ATM_5_2__TYPE_B:NIFTY:2026-04-22T09:37:30:SHORT
2026-04-22,09:37:51,2026-04-22,09:37:58,NIFTY,SELL,TYPE_B,PASSIVE,HIT_BID,24451.15,24453.5,NIFTY28APR2624500PE,24500.0,PE,ITM1,269.6,268.7,269.34,268.87,270.0,265.0,0.018565,0.018591,ws,ws,type_b_ladder,type_b_ladder,False,False,0.2567,-0.1667,65,-58.5,strategy_S5-10_ATM_5_2__TYPE_B:NIFTY:2026-04-22T09:37:51:SHORT
2026-04-22,09:38:20,2026-04-22,09:38:32,NIFTY,SELL,TYPE_B,PASSIVE,HIT_BID,24451.95,24445.8,NIFTY28APR2624500PE,24500.0,PE,ITM1,270.85,272.6,270.57,272.82,275.0,270.0,0.018479,0.01832,ws,ws,type_b_ladder,type_b_ladder,False,False,0.275,-0.2167,65,113.75,strategy_S5-10_ATM_5_2__TYPE_B:NIFTY:2026-04-22T09:38:20:SHORT
2026-04-22,09:38:40,2026-04-22,09:39:00,NIFTY,BUY,TYPE_B,PASSIVE,HIT_BID,24449.6,24445.95,NIFTY28APR2624400CE,24400.0,CE,ITM1,247.15,245.1,246.95,245.38,250.0,245.0,0.020253,0.020375,ws,ws,type_b_ladder,type_b_ladder,False,False,0.1964,-0.2824,65,-133.25,strategy_S5-10_ATM_5_2__TYPE_B:NIFTY:2026-04-22T09:38:40:LONG
2026-04-22,09:39:11,2026-04-22,09:39:39,NIFTY,SELL,TYPE_B,PASSIVE,HIT_BID,24446.25,24444.55,NIFTY28APR2624450PE,24450.0,PE,ITM1,247.5,249.0,247.17,249.22,250.0,245.0,0.020222,0.020064,ws,ws,type_b_ladder,type_b_ladder,False,False,0.3333,-0.2154,65,97.5,strategy_S5-10_ATM_5_2__TYPE_B:NIFTY:2026-04-22T09:39:11:SHORT
2026-04-22,09:39:42,2026-04-22,09:40:18,NIFTY,SELL,TYPE_B,PASSIVE,HIT_BID,24440.45,24432.0,NIFTY28APR2624450PE,24450.0,PE,ITM1,251.4,255.3,251.33,255.63,255.0,255.0,0.019914,0.019562,ws,ws,type_b_ladder,type_b_ladder,False,False,0.0684,-0.3333,65,253.5,strategy_S5-10_ATM_5_2__TYPE_B:NIFTY:2026-04-22T09:39:42:SHORT
2026-04-22,09:40:24,2026-04-22,09:40:44,NIFTY,BUY,TYPE_B,PASSIVE,HIT_BID,24435.5,24433.2,NIFTY28APR2624400CE,24400.0,CE,ITM1,241.45,240.0,241.4,240.23,245.0,240.0,0.020715,0.02082,ws,ws,type_b_ladder,type_b_ladder,False,False,0.05,-0.2265,65,-94.25,strategy_S5-10_ATM_5_2__TYPE_B:NIFTY:2026-04-22T09:40:24:LONG
2026-04-22,09:40:50,2026-04-22,09:41:10,NIFTY,BUY,TYPE_B,PASSIVE,HIT_BID,24436.65,24437.9,NIFTY28APR2624400CE,24400.0,CE,ITM1,240.05,242.5,239.81,242.61,245.0,240.0,0.020846,0.020602,ws,ws,type_b_ladder,type_b_ladder,False,False,0.24,-0.1143,65,159.25,strategy_S5-10_ATM_5_2__TYPE_B:NIFTY:2026-04-22T09:40:50:LONG
2026-04-22,09:41:22,2026-04-22,09:41:35,NIFTY,SELL,TYPE_B,PASSIVE,HIT_BID,24436.1,24436.8,NIFTY28APR2624450PE,24450.0,PE,ITM1,255.05,254.35,254.87,254.4,260.0,250.0,0.019612,0.019639,ws,ws,type_b_ladder,type_b_ladder,False,False,0.1833,-0.0455,65,-45.5,strategy_S5-10_ATM_5_2__TYPE_B:NIFTY:2026-04-22T09:41:22:SHORT
2026-04-22,09:41:41,2026-04-22,09:42:06,NIFTY,SELL,TYPE_B,PASSIVE,HIT_BID,24434.55,24433.25,NIFTY28APR2624450PE,24450.0,PE,ITM1,254.9,256.8,254.7,257.01,255.0,255.0,0.019631,0.019461,ws,ws,type_b_ladder,type_b_ladder,False,False,0.2,-0.2143,65,123.5,strategy_S5-10_ATM_5_2__TYPE_B:NIFTY:2026-04-22T09:41:41:SHORT
2026-04-22,09:42:24,2026-04-22,09:42:40,NIFTY,BUY,TYPE_B,PASSIVE,HIT_BID,24436.35,24438.45,NIFTY28APR2624400CE,24400.0,CE,ITM1,241.4,242.0,241.28,242.07,245.0,240.0,0.020723,0.020657,ws,ws,type_b_ladder,type_b_ladder,False,False,0.125,-0.0667,65,39.0,strategy_S5-10_ATM_5_2__TYPE_B:NIFTY:2026-04-22T09:42:24:LONG
2026-04-22,09:42:47,2026-04-22,09:43:16,NIFTY,SELL,TYPE_B,PASSIVE,HIT_BID,24435.85,24425.55,NIFTY28APR2624450PE,24450.0,PE,ITM1,255.25,260.75,255.23,261.11,260.0,260.0,0.019598,0.019157,ws,ws,type_b_ladder,type_b_ladder,False,False,0.0227,-0.3571,65,357.5,strategy_S5-10_ATM_5_2__TYPE_B:NIFTY:2026-04-22T09:42:47:SHORT
2026-04-22,09:43:32,2026-04-22,09:43:34,NIFTY,SELL,TYPE_B,PASSIVE,HIT_BID,24423.45,24425.45,NIFTY28APR2624450PE,24450.0,PE,ITM1,262.4,262.1,262.07,262.24,265.0,260.0,0.019068,0.019053,ws,ws,type_b_ladder,type_b_ladder,False,False,0.325,-0.1393,65,-19.5,strategy_S5-10_ATM_5_2__TYPE_B:NIFTY:2026-04-22T09:43:32:SHORT
2026-04-22,09:43:42,2026-04-22,09:43:57,NIFTY,BUY,TYPE_B,PASSIVE,HIT_BID,24427.5,24426.9,NIFTY28APR2624400CE,24400.0,CE,ITM1,237.5,236.05,237.22,236.31,240.0,235.0,0.021077,0.021169,ws,ws,type_b_ladder,type_b_ladder,False,False,0.275,-0.2625,65,-94.25,strategy_S5-10_ATM_5_2__TYPE_B:NIFTY:2026-04-22T09:43:42:LONG
2026-04-22,09:44:01,2026-04-22,09:44:28,NIFTY,SELL,TYPE_B,PASSIVE,HIT_BID,24420.9,24424.95,NIFTY28APR2624450PE,24450.0,PE,ITM1,264.9,261.9,264.46,262.18,265.0,260.0,0.018893,0.019066,ws,ws,type_b_ladder,type_b_ladder,False,False,0.4375,-0.28,65,-195.0,strategy_S5-10_ATM_5_2__TYPE_B:NIFTY:2026-04-22T09:44:01:SHORT
2026-04-22,09:44:42,2026-04-22,09:44:47,NIFTY,SELL,TYPE_B,PASSIVE,HIT_BID,24423.75,24425.3,NIFTY28APR2624450PE,24450.0,PE,ITM1,263.1,262.3,263.03,262.64,265.0,260.0,0.019017,0.019042,ws,ws,type_b_ladder,type_b_ladder,False,False,0.07,-0.3385,65,-52.0,strategy_S5-10_ATM_5_2__TYPE_B:NIFTY:2026-04-22T09:44:42:SHORT
2026-04-22,09:44:50,2026-04-22,09:44:58,NIFTY,BUY,TYPE_B,PASSIVE,HIT_BID,24426.15,24423.85,NIFTY28APR2624400CE,24400.0,CE,ITM1,234.4,234.95,234.28,235.18,235.0,230.0,0.021352,0.021261,ws,ws,type_b_ladder,type_b_ladder,False,False,0.125,-0.225,65,35.75,strategy_S5-10_ATM_5_2__TYPE_B:NIFTY:2026-04-22T09:44:50:LONG
2026-04-22,09:45:04,2026-04-22,09:45:09,NIFTY,BUY,TYPE_B,PASSIVE,HIT_BID,24427.55,24424.25,NIFTY28APR2624400CE,24400.0,CE,ITM1,234.35,235.05,234.28,235.25,235.0,235.0,0.021345,0.021254,ws,ws,type_b_ladder,type_b_ladder,False,False,0.075,-0.2,65,45.5,strategy_S5-10_ATM_5_2__TYPE_B:NIFTY:2026-04-22T09:45:04:LONG
2026-04-22,09:45:16,2026-04-22,09:45:18,NIFTY,BUY,TYPE_B,PASSIVE,HIT_BID,24426.6,24424.95,NIFTY28APR2624400CE,24400.0,CE,ITM1,235.2,235.0,234.89,235.35,240.0,235.0,0.021281,0.021252,ws,ws,type_b_ladder,type_b_ladder,False,False,0.3125,-0.35,65,-13.0,strategy_S5-10_ATM_5_2__TYPE_B:NIFTY:2026-04-22T09:45:16:LONG
2026-04-22,09:45:23,2026-04-22,09:45:37,NIFTY,SELL,TYPE_B,PASSIVE,HIT_BID,24423.05,24424.1,NIFTY28APR2624450PE,24450.0,PE,ITM1,263.2,263.15,262.98,263.38,265.0,260.0,0.019017,0.018984,ws,ws,type_b_ladder,type_b_ladder,False,False,0.22,-0.225,65,-3.25,strategy_S5-10_ATM_5_2__TYPE_B:NIFTY:2026-04-22T09:45:23:SHORT
2026-04-22,09:45:40,2026-04-22,09:45:59,NIFTY,BUY,TYPE_B,PASSIVE,HIT_BID,24425.1,24426.5,NIFTY28APR2624400CE,24400.0,CE,ITM1,236.45,236.65,236.35,236.94,240.0,235.0,0.02116,0.021108,ws,ws,type_b_ladder,type_b_ladder,False,False,0.1,-0.2912,65,13.0,strategy_S5-10_ATM_5_2__TYPE_B:NIFTY:2026-04-22T09:45:40:LONG
2026-04-22,09:46:05,2026-04-22,09:46:12,NIFTY,BUY,TYPE_B,PASSIVE,HIT_BID,24431.1,24427.4,NIFTY28APR2624400CE,24400.0,CE,ITM1,238.15,237.0,238.12,237.28,240.0,235.0,0.021017,0.02107,ws,ws,type_b_ladder,type_b_ladder,False,False,0.0278,-0.2786,65,-74.75,strategy_S5-10_ATM_5_2__TYPE_B:NIFTY:2026-04-22T09:46:05:LONG
2026-04-22,09:46:18,2026-04-22,09:47:06,NIFTY,SELL,TYPE_B,PASSIVE,HIT_BID,24424.35,24415.3,NIFTY28APR2624450PE,24450.0,PE,ITM1,264.45,268.95,264.12,269.09,265.0,265.0,0.018925,0.018568,ws,ws,type_b_ladder,type_b_ladder,False,False,0.3333,-0.1393,65,292.5,strategy_S5-10_ATM_5_2__TYPE_B:NIFTY:2026-04-22T09:46:18:SHORT
2026-04-22,09:47:13,2026-04-22,09:47:21,NIFTY,SELL,TYPE_B,PASSIVE,HIT_BID,24412.2,24415.0,NIFTY28APR2624450PE,24450.0,PE,ITM1,269.75,270.7,269.45,270.79,270.0,270.0,0.018558,0.018457,ws,ws,type_b_ladder,type_b_ladder,False,False,0.3,-0.0889,65,61.75,strategy_S5-10_ATM_5_2__TYPE_B:NIFTY:2026-04-22T09:47:13:SHORT
2026-04-22,09:47:32,2026-04-22,09:47:36,NIFTY,SELL,TYPE_B,PASSIVE,HIT_BID,24409.2,24411.8,NIFTY28APR2624450PE,24450.0,PE,ITM1,272.2,271.95,271.96,272.55,275.0,270.0,0.018389,0.018362,ws,ws,type_b_ladder,type_b_ladder,False,False,0.24,-0.6045,65,-16.25,strategy_S5-10_ATM_5_2__TYPE_B:NIFTY:2026-04-22T09:47:32:SHORT
2026-04-22,09:47:44,2026-04-22,09:48:07,NIFTY,BUY,TYPE_B,PASSIVE,HIT_BID,24415.05,24413.7,NIFTY28APR2624400CE,24400.0,CE,ITM1,229.4,227.6,229.35,227.81,230.0,225.0,0.02182,0.021954,ws,ws,type_b_ladder,type_b_ladder,False,False,0.0476,-0.2143,65,-117.0,strategy_S5-10_ATM_5_2__TYPE_B:NIFTY:2026-04-22T09:47:44:LONG
2026-04-22,09:48:11,2026-04-22,09:48:29,NIFTY,SELL,TYPE_B,PASSIVE,HIT_BID,24410.95,24408.7,NIFTY28APR2624450PE,24450.0,PE,ITM1,271.4,273.0,271.23,273.16,275.0,270.0,0.01844,0.018297,ws,ws,type_b_ladder,type_b_ladder,False,False,0.1667,-0.1571,65,104.0,strategy_S5-10_ATM_5_2__TYPE_B:NIFTY:2026-04-22T09:48:11:SHORT
2026-04-22,09:48:38,2026-04-22,09:48:40,NIFTY,BUY,TYPE_B,PASSIVE,HIT_BID,24410.75,24408.1,NIFTY28APR2624400CE,24400.0,CE,ITM1,226.55,226.3,226.27,226.58,230.0,225.0,0.022087,0.02207,ws,ws,type_b_ladder,type_b_ladder,False,False,0.28,-0.2778,65,-16.25,strategy_S5-10_ATM_5_2__TYPE_B:NIFTY:2026-04-22T09:48:38:LONG
2026-04-22,09:48:50,2026-04-22,09:48:53,NIFTY,SELL,TYPE_B,PASSIVE,HIT_BID,24407.4,24410.05,NIFTY28APR2624450PE,24450.0,PE,ITM1,273.4,272.6,273.3,272.9,275.0,270.0,0.018312,0.018322,ws,ws,type_b_ladder,type_b_ladder,False,False,0.105,-0.3,65,-52.0,strategy_S5-10_ATM_5_2__TYPE_B:NIFTY:2026-04-22T09:48:50:SHORT
2026-04-22,09:48:58,2026-04-22,09:49:05,NIFTY,BUY,TYPE_B,PASSIVE,HIT_BID,24413.45,24412.4,NIFTY28APR2624400CE,24400.0,CE,ITM1,228.9,227.2,228.62,227.33,230.0,225.0,0.021865,0.021993,ws,ws,type_b_ladder,type_b_ladder,False,False,0.2769,-0.1286,65,-110.5,strategy_S5-10_ATM_5_2__TYPE_B:NIFTY:2026-04-22T09:48:58:LONG
2026-04-22,09:49:11,2026-04-22,09:49:15,NIFTY,BUY,TYPE_B,PASSIVE,HIT_BID,24416.7,24414.35,NIFTY28APR2624400CE,24400.0,CE,ITM1,229.4,229.15,229.31,229.38,230.0,225.0,0.021815,0.021803,ws,ws,type_b_ladder,type_b_ladder,False,False,0.0889,-0.2333,65,-16.25,strategy_S5-10_ATM_5_2__TYPE_B:NIFTY:2026-04-22T09:49:11:LONG
2026-04-22,09:49:37,2026-04-22,09:50:16,NIFTY,BUY,TYPE_B,PASSIVE,HIT_BID,24414.9,24419.3,NIFTY28APR2624400CE,24400.0,CE,ITM1,228.95,231.5,228.82,231.65,230.0,230.0,0.021858,0.021584,ws,ws,type_b_ladder,type_b_ladder,False,False,0.1333,-0.15,65,165.75,strategy_S5-10_ATM_5_2__TYPE_B:NIFTY:2026-04-22T09:49:37:LONG
2026-04-22,09:50:37,2026-04-22,09:50:40,NIFTY,BUY,TYPE_B,PASSIVE,HIT_BID,24418.5,24416.85,NIFTY28APR2624400CE,24400.0,CE,ITM1,230.95,229.15,230.61,229.22,235.0,225.0,0.021671,0.02181,ws,ws,type_b_ladder,type_b_ladder,False,False,0.3441,-0.0667,65,-117.0,strategy_S5-10_ATM_5_2__TYPE_B:NIFTY:2026-04-22T09:50:37:LONG
2026-04-22,09:50:50,2026-04-22,09:51:32,NIFTY,SELL,TYPE_B,PASSIVE,HIT_BID,24414.55,24408.35,NIFTY28APR2624450PE,24450.0,PE,ITM1,269.75,271.8,269.62,271.97,270.0,270.0,0.018553,0.018376,ws,ws,type_b_ladder,type_b_ladder,False,False,0.125,-0.1667,65,133.25,strategy_S5-10_ATM_5_2__TYPE_B:NIFTY:2026-04-22T09:50:50:SHORT
2026-04-22,09:51:37,2026-04-22,09:52:16,NIFTY,BUY,TYPE_B,PASSIVE,HIT_BID,24410.5,24429.1,NIFTY28APR2624400CE,24400.0,CE,ITM1,228.9,235.0,228.83,235.29,230.0,235.0,0.021867,0.021259,ws,ws,type_b_ladder,type_b_ladder,False,False,0.0667,-0.2857,65,396.5,strategy_S5-10_ATM_5_2__TYPE_B:NIFTY:2026-04-22T09:51:37:LONG
2026-04-22,09:52:31,2026-04-22,09:52:42,NIFTY,SELL,TYPE_B,PASSIVE,HIT_BID,24422.1,24423.0,NIFTY28APR2624450PE,24450.0,PE,ITM1,266.0,266.65,265.76,266.83,270.0,265.0,0.018809,0.018728,ws,ws,type_b_ladder,type_b_ladder,False,False,0.2435,-0.1773,65,42.25,strategy_S5-10_ATM_5_2__TYPE_B:NIFTY:2026-04-22T09:52:31:SHORT
2026-04-22,09:52:50,2026-04-22,09:52:53,NIFTY,BUY,TYPE_B,PASSIVE,HIT_BID,24427.2,24422.95,NIFTY28APR2624400CE,24400.0,CE,ITM1,233.75,232.7,233.65,232.71,235.0,230.0,0.021404,0.021468,ws,ws,type_b_ladder,type_b_ladder,False,False,0.1,-0.0138,65,-68.25,strategy_S5-10_ATM_5_2__TYPE_B:NIFTY:2026-04-22T09:52:50:LONG
2026-04-22,09:52:57,2026-04-22,09:53:08,NIFTY,SELL,TYPE_B,PASSIVE,HIT_BID,24421.8,24422.2,NIFTY28APR2624450PE,24450.0,PE,ITM1,265.75,264.35,265.18,264.87,270.0,260.0,0.018836,0.018895,ws,ws,type_b_ladder,type_b_ladder,False,False,0.5667,-0.5156,65,-91.0,strategy_S5-10_ATM_5_2__TYPE_B:NIFTY:2026-04-22T09:52:57:SHORT
2026-04-22,09:53:18,2026-04-22,09:53:30,NIFTY,BUY,TYPE_B,PASSIVE,HIT_BID,24423.15,24421.2,NIFTY28APR2624400CE,24400.0,CE,ITM1,232.0,231.7,231.93,232.0,235.0,230.0,0.021573,0.021559,ws,ws,type_b_ladder,type_b_ladder,False,False,0.075,-0.3,65,-19.5,strategy_S5-10_ATM_5_2__TYPE_B:NIFTY:2026-04-22T09:53:18:LONG
2026-04-22,09:54:02,2026-04-22,09:54:56,NIFTY,SELL,TYPE_B,PASSIVE,HIT_BID,24419.7,24410.15,NIFTY28APR2624450PE,24450.0,PE,ITM1,264.65,272.05,264.2,272.22,265.0,270.0,0.018913,0.018362,ws,ws,type_b_ladder,type_b_ladder,False,False,0.45,-0.1667,65,481.0,strategy_S5-10_ATM_5_2__TYPE_B:NIFTY:2026-04-22T09:54:02:SHORT
2026-04-22,09:55:06,2026-04-22,09:55:32,NIFTY,SELL,TYPE_B,PASSIVE,HIT_BID,24407.25,24404.5,NIFTY28APR2624450PE,24450.0,PE,ITM1,272.95,274.25,272.53,274.77,275.0,270.0,0.018339,0.018208,ws,ws,type_b_ladder,type_b_ladder,False,False,0.4154,-0.525,65,84.5,strategy_S5-10_ATM_5_2__TYPE_B:NIFTY:2026-04-22T09:55:06:SHORT
2026-04-22,09:55:45,2026-04-22,09:55:53,NIFTY,SELL,TYPE_B,PASSIVE,HIT_BID,24400.05,24403.6,NIFTY28APR2624450PE,24450.0,PE,ITM1,275.2,269.15,275.02,269.35,280.0,265.0,0.018187,0.018556,ws,ws,type_b_ladder,type_b_ladder,False,False,0.1833,-0.2,65,-393.25,strategy_S5-10_ATM_5_2__TYPE_B:NIFTY:2026-04-22T09:55:45:SHORT
2026-04-22,09:55:57,2026-04-22,09:56:11,NIFTY,BUY,TYPE_B,PASSIVE,HIT_BID,24405.85,24404.5,NIFTY28APR2624400CE,24400.0,CE,ITM1,227.2,228.1,227.19,228.36,230.0,225.0,0.022012,0.021896,ws,ws,type_b_ladder,type_b_ladder,False,False,0.0083,-0.2619,65,58.5,strategy_S5-10_ATM_5_2__TYPE_B:NIFTY:2026-04-22T09:55:57:LONG
2026-04-22,09:56:16,2026-04-22,09:56:33,NIFTY,SELL,TYPE_B,PASSIVE,HIT_BID,24399.95,24402.55,NIFTY28APR2624400PE,24400.0,PE,ITM1,247.7,246.6,247.49,246.82,250.0,245.0,0.020206,0.020257,ws,ws,type_b_ladder,type_b_ladder,False,False,0.2143,-0.2204,65,-71.5,strategy_S5-10_ATM_5_2__TYPE_B:NIFTY:2026-04-22T09:56:16:SHORT
2026-04-22,09:56:39,2026-04-22,09:56:47,NIFTY,BUY,TYPE_B,PASSIVE,HIT_BID,24404.6,24402.2,NIFTY28APR2624400CE,24400.0,CE,ITM1,227.65,226.3,227.17,226.54,230.0,225.0,0.02199,0.022075,ws,ws,type_b_ladder,type_b_ladder,False,False,0.4813,-0.24,65,-87.75,strategy_S5-10_ATM_5_2__TYPE_B:NIFTY:2026-04-22T09:56:39:LONG
2026-04-22,09:56:51,2026-04-22,09:56:53,NIFTY,SELL,TYPE_B,PASSIVE,HIT_BID,24401.0,24403.15,NIFTY28APR2624450PE,24450.0,PE,ITM1,272.8,272.15,272.31,272.41,275.0,270.0,0.01835,0.018352,ws,ws,type_b_ladder,type_b_ladder,False,False,0.4875,-0.2571,65,-42.25,strategy_S5-10_ATM_5_2__TYPE_B:NIFTY:2026-04-22T09:56:51:SHORT
2026-04-22,09:57:02,2026-04-22,09:57:08,NIFTY,BUY,TYPE_B,PASSIVE,HIT_BID,24406.75,24404.3,NIFTY28APR2624400CE,24400.0,CE,ITM1,228.6,227.8,228.37,227.93,230.0,225.0,0.021891,0.021927,ws,ws,type_b_ladder,type_b_ladder,False,False,0.2286,-0.1286,65,-52.0,strategy_S5-10_ATM_5_2__TYPE_B:NIFTY:2026-04-22T09:57:02:LONG
2026-04-22,09:57:10,2026-04-22,09:57:51,NIFTY,SELL,TYPE_B,PASSIVE,HIT_BID,24402.75,24388.55,NIFTY28APR2624450PE,24450.0,PE,ITM1,272.95,277.65,272.78,277.99,275.0,275.0,0.018327,0.01799,ws,ws,type_b_ladder,type_b_ladder,False,False,0.1667,-0.3438,65,305.5,strategy_S5-10_ATM_5_2__TYPE_B:NIFTY:2026-04-22T09:57:10:SHORT
2026-04-22,09:58:25,2026-04-22,09:58:37,NIFTY,BUY,TYPE_B,PASSIVE,HIT_BID,24389.4,24388.85,NIFTY28APR2624350CE,24350.0,CE,ITM1,246.75,245.1,246.69,245.28,250.0,245.0,0.020282,0.020392,ws,ws,type_b_ladder,type_b_ladder,False,False,0.0563,-0.1818,65,-107.25,strategy_S5-10_ATM_5_2__TYPE_B:NIFTY:2026-04-22T09:58:25:LONG
2026-04-22,09:58:56,2026-04-22,09:58:58,NIFTY,BUY,TYPE_B,PASSIVE,HIT_BID,24390.5,24389.65,NIFTY28APR2624350CE,24350.0,CE,ITM1,245.2,244.95,244.93,245.1,250.0,240.0,0.020404,0.020392,ws,ws,type_b_ladder,type_b_ladder,False,False,0.27,-0.1538,65,-16.25,strategy_S5-10_ATM_5_2__TYPE_B:NIFTY:2026-04-22T09:58:56:LONG
2026-04-22,09:59:06,2026-04-22,09:59:12,NIFTY,BUY,TYPE_B,PASSIVE,HIT_BID,24391.1,24390.35,NIFTY28APR2624350CE,24350.0,CE,ITM1,245.55,245.75,245.4,245.88,250.0,245.0,0.020375,0.020338,ws,ws,type_b_ladder,type_b_ladder,False,False,0.15,-0.1333,65,13.0,strategy_S5-10_ATM_5_2__TYPE_B:NIFTY:2026-04-22T09:59:06:LONG
2026-04-22,09:59:30,2026-04-22,10:00:13,NIFTY,SELL,TYPE_B,PASSIVE,HIT_BID,24387.8,24377.9,NIFTY28APR2624400PE,24400.0,PE,ITM1,251.9,258.0,251.63,258.27,255.0,255.0,0.019861,0.019357,ws,ws,type_b_ladder,type_b_ladder,False,False,0.2684,-0.27,65,396.5,strategy_S5-10_ATM_5_2__TYPE_B:NIFTY:2026-04-22T09:59:30:SHORT
2026-04-22,10:00:25,2026-04-22,10:00:52,NIFTY,SELL,TYPE_B,PASSIVE,HIT_BID,24371.1,24358.1,NIFTY28APR2624400PE,24400.0,PE,ITM1,263.05,270.0,262.92,270.45,265.0,270.0,0.019026,0.018501,ws,ws,type_b_ladder,type_b_ladder,False,False,0.1333,-0.4545,65,451.75,strategy_S5-10_ATM_5_2__TYPE_B:NIFTY:2026-04-22T10:00:25:SHORT
2026-04-22,10:01:13,2026-04-22,10:02:24,NIFTY,BUY,TYPE_B,PASSIVE,HIT_BID,24361.9,24380.45,NIFTY28APR2624350CE,24350.0,CE,ITM1,234.65,240.0,234.51,240.52,235.0,240.0,0.021324,0.020809,ws,ws,type_b_ladder,type_b_ladder,False,False,0.14,-0.5198,65,347.75,strategy_S5-10_ATM_5_2__TYPE_B:NIFTY:2026-04-22T10:01:13:LONG
2026-04-22,10:02:27,2026-04-22,10:02:42,NIFTY,SELL,TYPE_B,PASSIVE,HIT_BID,24376.6,24377.25,NIFTY28APR2624400PE,24400.0,PE,ITM1,261.7,261.75,261.54,261.97,265.0,260.0,0.019122,0.019093,ws,ws,type_b_ladder,type_b_ladder,False,False,0.1636,-0.2222,65,3.25,strategy_S5-10_ATM_5_2__TYPE_B:NIFTY:2026-04-22T10:02:27:SHORT
2026-04-22,10:02:46,2026-04-22,10:03:05,NIFTY,BUY,TYPE_B,PASSIVE,HIT_BID,24378.35,24380.3,NIFTY28APR2624350CE,24350.0,CE,ITM1,240.0,242.0,239.91,242.1,240.0,240.0,0.020846,0.020648,ws,ws,type_b_ladder,type_b_ladder,False,False,0.0923,-0.1,65,130.0,strategy_S5-10_ATM_5_2__TYPE_B:NIFTY:2026-04-22T10:02:46:LONG
2026-04-22,10:03:11,2026-04-22,10:03:16,NIFTY,BUY,TYPE_B,PASSIVE,HIT_BID,24382.85,24380.25,NIFTY28APR2624350CE,24350.0,CE,ITM1,241.75,240.9,241.48,241.37,245.0,240.0,0.0207,0.020732,ws,ws,type_b_ladder,type_b_ladder,False,False,0.2667,-0.4714,65,-55.25,strategy_S5-10_ATM_5_2__TYPE_B:NIFTY:2026-04-22T10:03:11:LONG
2026-04-22,10:03:25,2026-04-22,10:03:31,NIFTY,SELL,TYPE_B,PASSIVE,HIT_BID,24377.45,24380.65,NIFTY28APR2624400PE,24400.0,PE,ITM1,262.75,260.4,262.52,260.47,265.0,260.0,0.019046,0.019185,ws,ws,type_b_ladder,type_b_ladder,False,False,0.225,-0.075,65,-152.75,strategy_S5-10_ATM_5_2__TYPE_B:NIFTY:2026-04-22T10:03:25:SHORT
2026-04-22,10:03:41,2026-04-22,10:04:01,NIFTY,BUY,TYPE_B,PASSIVE,HIT_BID,24382.05,24382.1,NIFTY28APR2624350CE,24350.0,CE,ITM1,242.0,241.45,241.85,241.66,245.0,240.0,0.020676,0.020687,ws,ws,type_b_ladder,type_b_ladder,False,False,0.15,-0.2083,65,-35.75,strategy_S5-10_ATM_5_2__TYPE_B:NIFTY:2026-04-22T10:03:41:LONG
2026-04-22,10:04:06,2026-04-22,10:04:09,NIFTY,SELL,TYPE_B,PASSIVE,HIT_BID,24380.0,24383.65,NIFTY28APR2624400PE,24400.0,PE,ITM1,261.55,260.6,260.99,260.78,265.0,260.0,0.019139,0.019175,ws,ws,type_b_ladder,type_b_ladder,False,False,0.5571,-0.18,65,-61.75,strategy_S5-10_ATM_5_2__TYPE_B:NIFTY:2026-04-22T10:04:06:SHORT
2026-04-22,10:04:10,2026-04-22,10:04:26,NIFTY,BUY,TYPE_B,PASSIVE,HIT_BID,24384.65,24385.9,NIFTY28APR2624350CE,24350.0,CE,ITM1,242.6,242.2,242.35,242.39,245.0,240.0,0.020631,0.020633,ws,ws,type_b_ladder,type_b_ladder,False,False,0.25,-0.1875,65,-26.0,strategy_S5-10_ATM_5_2__TYPE_B:NIFTY:2026-04-22T10:04:10:LONG
2026-04-22,10:04:32,2026-04-22,10:04:46,NIFTY,SELL,TYPE_B,PASSIVE,HIT_BID,24384.45,24385.4,NIFTY28APR2624400PE,24400.0,PE,ITM1,260.6,259.15,260.15,259.47,265.0,255.0,0.019209,0.019272,ws,ws,type_b_ladder,type_b_ladder,False,False,0.45,-0.3231,65,-94.25,strategy_S5-10_ATM_5_2__TYPE_B:NIFTY:2026-04-22T10:04:32:SHORT
2026-04-22,10:04:55,2026-04-22,10:04:56,NIFTY,SELL,TYPE_B,PASSIVE,HIT_BID,24381.6,24383.55,NIFTY28APR2624400PE,24400.0,PE,ITM1,262.0,261.0,261.47,261.57,265.0,260.0,0.019104,0.019131,ws,ws,type_b_ladder,type_b_ladder,False,False,0.528,-0.575,65,-65.0,strategy_S5-10_ATM_5_2__TYPE_B:NIFTY:2026-04-22T10:04:55:SHORT
2026-04-22,10:05:02,2026-04-22,10:05:50,NIFTY,SELL,TYPE_B,PASSIVE,HIT_BID,24380.5,24371.9,NIFTY28APR2624400PE,24400.0,PE,ITM1,262.5,265.85,262.03,265.9,265.0,265.0,0.019068,0.018788,ws,ws,type_b_ladder,type_b_ladder,False,False,0.4714,-0.05,65,217.75,strategy_S5-10_ATM_5_2__TYPE_B:NIFTY:2026-04-22T10:05:02:SHORT
2026-04-22,10:06:05,2026-04-22,10:06:37,NIFTY,BUY,TYPE_B,PASSIVE,HIT_BID,24374.45,24377.3,NIFTY28APR2624350CE,24350.0,CE,ITM1,238.45,239.7,238.22,240.05,240.0,235.0,0.020986,0.020836,ws,ws,type_b_ladder,type_b_ladder,False,False,0.2286,-0.3536,65,81.25,strategy_S5-10_ATM_5_2__TYPE_B:NIFTY:2026-04-22T10:06:05:LONG
2026-04-22,10:06:42,2026-04-22,10:06:50,NIFTY,SELL,TYPE_B,PASSIVE,HIT_BID,24375.95,24377.9,NIFTY28APR2624400PE,24400.0,PE,ITM1,265.0,264.15,264.52,264.29,265.0,260.0,0.018886,0.018911,ws,ws,type_b_ladder,type_b_ladder,False,False,0.4783,-0.1389,65,-55.25,strategy_S5-10_ATM_5_2__TYPE_B:NIFTY:2026-04-22T10:06:42:SHORT
2026-04-22,10:06:55,2026-04-22,10:06:57,NIFTY,BUY,TYPE_B,PASSIVE,HIT_BID,24378.6,24376.9,NIFTY28APR2624350CE,24350.0,CE,ITM1,239.6,238.75,239.4,239.19,240.0,235.0,0.020886,0.020921,ws,ws,type_b_ladder,type_b_ladder,False,False,0.2,-0.4444,65,-55.25,strategy_S5-10_ATM_5_2__TYPE_B:NIFTY:2026-04-22T10:06:55:LONG
2026-04-22,10:07:12,2026-04-22,10:07:53,NIFTY,BUY,TYPE_B,PASSIVE,HIT_BID,24378.45,24381.65,NIFTY28APR2624350CE,24350.0,CE,ITM1,239.35,241.0,239.01,241.22,240.0,240.0,0.02091,0.020736,ws,ws,type_b_ladder,type_b_ladder,False,False,0.3375,-0.2222,65,107.25,strategy_S5-10_ATM_5_2__TYPE_B:NIFTY:2026-04-22T10:07:12:LONG
2026-04-22,10:08:14,2026-04-22,10:08:51,NIFTY,SELL,TYPE_B,PASSIVE,HIT_BID,24379.85,24376.0,NIFTY28APR2624400PE,24400.0,PE,ITM1,261.55,264.7,261.38,264.75,265.0,260.0,0.019135,0.018875,ws,ws,type_b_ladder,type_b_ladder,False,False,0.1667,-0.05,65,204.75,strategy_S5-10_ATM_5_2__TYPE_B:NIFTY:2026-04-22T10:08:14:SHORT
2026-04-22,10:09:09,2026-04-22,10:09:21,NIFTY,BUY,TYPE_B,PASSIVE,HIT_BID,24376.6,24377.1,NIFTY28APR2624350CE,24350.0,CE,ITM1,238.45,239.15,238.05,239.17,240.0,235.0,0.020991,0.020896,ws,ws,type_b_ladder,type_b_ladder,False,False,0.4,-0.0208,65,45.5,strategy_S5-10_ATM_5_2__TYPE_B:NIFTY:2026-04-22T10:09:09:LONG
2026-04-22,10:09:51,2026-04-22,10:10:37,NIFTY,BUY,TYPE_B,PASSIVE,HIT_BID,24380.0,24387.6,NIFTY28APR2624350CE,24350.0,CE,ITM1,237.85,242.0,237.45,242.36,240.0,240.0,0.021042,0.020642,ws,ws,type_b_ladder,type_b_ladder,False,False,0.4,-0.36,65,269.75,strategy_S5-10_ATM_5_2__TYPE_B:NIFTY:2026-04-22T10:09:51:LONG
2026-04-22,10:10:50,2026-04-22,10:11:02,NIFTY,SELL,TYPE_B,PASSIVE,HIT_BID,24386.3,24388.85,NIFTY28APR2624400PE,24400.0,PE,ITM1,259.0,257.9,258.54,258.29,260.0,255.0,0.019327,0.019369,ws,ws,type_b_ladder,type_b_ladder,False,False,0.4571,-0.3889,65,-71.5,strategy_S5-10_ATM_5_2__TYPE_B:NIFTY:2026-04-22T10:10:50:SHORT
2026-04-22,10:11:06,2026-04-22,10:11:25,NIFTY,SELL,TYPE_B,PASSIVE,HIT_BID,24386.05,24384.05,NIFTY28APR2624400PE,24400.0,PE,ITM1,258.35,260.05,258.15,260.32,260.0,260.0,0.019365,0.019207,ws,ws,type_b_ladder,type_b_ladder,False,False,0.2,-0.275,65,110.5,strategy_S5-10_ATM_5_2__TYPE_B:NIFTY:2026-04-22T10:11:06:SHORT
2026-04-22,10:11:31,2026-04-22,10:11:43,NIFTY,BUY,TYPE_B,PASSIVE,HIT_BID,24385.15,24384.85,NIFTY28APR2624350CE,24350.0,CE,ITM1,241.85,241.0,241.52,241.06,245.0,240.0,0.020698,0.020725,ws,ws,type_b_ladder,type_b_ladder,False,False,0.33,-0.0588,65,-55.25,strategy_S5-10_ATM_5_2__TYPE_B:NIFTY:2026-04-22T10:11:31:LONG
2026-04-22,10:11:51,2026-04-22,10:12:19,NIFTY,SELL,TYPE_B,PASSIVE,HIT_BID,24382.5,24383.45,NIFTY28APR2624400PE,24400.0,PE,ITM1,260.4,260.75,260.33,261.14,265.0,260.0,0.019209,0.019157,ws,ws,type_b_ladder,type_b_ladder,False,False,0.0667,-0.3889,65,22.75,strategy_S5-10_ATM_5_2__TYPE_B:NIFTY:2026-04-22T10:11:51:SHORT
2026-04-22,10:12:23,2026-04-22,10:12:50,NIFTY,BUY,TYPE_B,PASSIVE,HIT_BID,24384.1,24384.1,NIFTY28APR2624350CE,24350.0,CE,ITM1,242.0,242.05,241.74,242.2,245.0,240.0,0.020674,0.020636,ws,ws,type_b_ladder,type_b_ladder,False,False,0.2632,-0.15,65,3.25,strategy_S5-10_ATM_5_2__TYPE_B:NIFTY:2026-04-22T10:12:23:LONG
2026-04-22,10:13:14,2026-04-22,10:13:18,NIFTY,SELL,TYPE_B,PASSIVE,HIT_BID,24376.7,24378.65,NIFTY28APR2624400PE,24400.0,PE,ITM1,263.95,263.05,263.7,263.38,265.0,260.0,0.018959,0.018986,ws,ws,type_b_ladder,type_b_ladder,False,False,0.25,-0.3333,65,-58.5,strategy_S5-10_ATM_5_2__TYPE_B:NIFTY:2026-04-22T10:13:14:SHORT
2026-04-22,10:13:38,2026-04-22,10:13:56,NIFTY,SELL,TYPE_B,PASSIVE,HIT_BID,24376.1,24377.05,NIFTY28APR2624400PE,24400.0,PE,ITM1,263.75,263.4,263.7,263.69,265.0,260.0,0.018975,0.018965,ws,ws,type_b_ladder,type_b_ladder,False,False,0.0526,-0.2917,65,-22.75,strategy_S5-10_ATM_5_2__TYPE_B:NIFTY:2026-04-22T10:13:38:SHORT
2026-04-22,10:14:02,2026-04-22,10:14:13,NIFTY,SELL,TYPE_B,PASSIVE,HIT_BID,24375.35,24376.9,NIFTY28APR2624400PE,24400.0,PE,ITM1,263.95,263.25,263.74,263.27,265.0,260.0,0.018956,0.018975,ws,ws,type_b_ladder,type_b_ladder,False,False,0.21,-0.0238,65,-45.5,strategy_S5-10_ATM_5_2__TYPE_B:NIFTY:2026-04-22T10:14:02:SHORT
2026-04-22,10:14:24,2026-04-22,10:14:45,NIFTY,SELL,TYPE_B,PASSIVE,HIT_BID,24374.0,24373.4,NIFTY28APR2624400PE,24400.0,PE,ITM1,265.0,265.35,264.51,265.51,265.0,265.0,0.018886,0.018824,ws,ws,type_b_ladder,type_b_ladder,False,False,0.4947,-0.1571,65,22.75,strategy_S5-10_ATM_5_2__TYPE_B:NIFTY:2026-04-22T10:14:24:SHORT
2026-04-22,10:14:51,2026-04-22,10:15:05,NIFTY,BUY,TYPE_B,PASSIVE,HIT_BID,24374.4,24371.95,NIFTY28APR2624350CE,24350.0,CE,ITM1,236.45,235.55,236.36,235.59,240.0,235.0,0.021166,0.021216,ws,ws,type_b_ladder,type_b_ladder,False,False,0.09,-0.0357,65,-58.5,strategy_S5-10_ATM_5_2__TYPE_B:NIFTY:2026-04-22T10:14:51:LONG
2026-04-22,10:15:20,2026-04-22,10:15:35,NIFTY,BUY,TYPE_B,PASSIVE,HIT_BID,24375.3,24377.05,NIFTY28APR2624350CE,24350.0,CE,ITM1,237.35,238.4,237.18,238.61,240.0,235.0,0.021077,0.020953,ws,ws,type_b_ladder,type_b_ladder,False,False,0.175,-0.2143,65,68.25,strategy_S5-10_ATM_5_2__TYPE_B:NIFTY:2026-04-22T10:15:20:LONG
2026-04-22,10:15:51,2026-04-22,10:16:00,NIFTY,BUY,TYPE_B,PASSIVE,HIT_BID,24378.5,24378.4,NIFTY28APR2624350CE,24350.0,CE,ITM1,240.35,240.95,240.25,241.1,245.0,240.0,0.020822,0.020738,ws,ws,type_b_ladder,type_b_ladder,False,False,0.1038,-0.15,65,39.0,strategy_S5-10_ATM_5_2__TYPE_B:NIFTY:2026-04-22T10:15:51:LONG
2026-04-22,10:16:15,2026-04-22,10:16:38,NIFTY,BUY,TYPE_B,PASSIVE,HIT_BID,24382.65,24382.25,NIFTY28APR2624350CE,24350.0,CE,ITM1,241.5,241.9,241.22,241.93,245.0,240.0,0.020728,0.020665,ws,ws,type_b_ladder,type_b_ladder,False,False,0.275,-0.0333,65,26.0,strategy_S5-10_ATM_5_2__TYPE_B:NIFTY:2026-04-22T10:16:15:LONG
2026-04-22,10:16:47,2026-04-22,10:16:51,NIFTY,SELL,TYPE_B,PASSIVE,HIT_BID,24381.05,24383.95,NIFTY28APR2624400PE,24400.0,PE,ITM1,262.4,261.65,262.31,261.7,265.0,260.0,0.019069,0.019089,ws,ws,type_b_ladder,type_b_ladder,False,False,0.0889,-0.055,65,-48.75,strategy_S5-10_ATM_5_2__TYPE_B:NIFTY:2026-04-22T10:16:47:SHORT
2026-04-22,10:17:01,2026-04-22,10:17:29,NIFTY,SELL,TYPE_B,PASSIVE,HIT_BID,24380.6,24379.65,NIFTY28APR2624400PE,24400.0,PE,ITM1,262.5,260.5,262.38,260.67,265.0,260.0,0.019059,0.019175,ws,ws,type_b_ladder,type_b_ladder,False,False,0.12,-0.1667,65,-130.0,strategy_S5-10_ATM_5_2__TYPE_B:NIFTY:2026-04-22T10:17:01:SHORT
2026-04-22,10:17:50,2026-04-22,10:18:14,NIFTY,BUY,TYPE_B,PASSIVE,HIT_BID,24380.5,24380.15,NIFTY28APR2624350CE,24350.0,CE,ITM1,240.8,240.0,240.75,240.22,245.0,240.0,0.020775,0.020822,ws,ws,type_b_ladder,type_b_ladder,False,False,0.0469,-0.2181,65,-52.0,strategy_S5-10_ATM_5_2__TYPE_B:NIFTY:2026-04-22T10:17:50:LONG
2026-04-22,10:18:20,2026-04-22,10:18:38,NIFTY,SELL,TYPE_B,PASSIVE,HIT_BID,24379.4,24379.75,NIFTY28APR2624400PE,24400.0,PE,ITM1,261.25,262.1,261.1,262.16,265.0,260.0,0.019159,0.019055,ws,ws,type_b_ladder,type_b_ladder,False,False,0.15,-0.0632,65,55.25,strategy_S5-10_ATM_5_2__TYPE_B:NIFTY:2026-04-22T10:18:20:SHORT
2026-04-22,10:18:41,2026-04-22,10:18:56,NIFTY,SELL,TYPE_B,PASSIVE,HIT_BID,24377.6,24378.55,NIFTY28APR2624400PE,24400.0,PE,ITM1,263.6,261.75,263.36,262.02,265.0,260.0,0.01899,0.019082,ws,ws,type_b_ladder,type_b_ladder,False,False,0.24,-0.275,65,-120.25,strategy_S5-10_ATM_5_2__TYPE_B:NIFTY:2026-04-22T10:18:41:SHORT
2026-04-22,10:19:02,2026-04-22,10:19:09,NIFTY,BUY,TYPE_B,PASSIVE,HIT_BID,24379.15,24377.9,NIFTY28APR2624350CE,24350.0,CE,ITM1,240.15,239.45,240.03,239.55,245.0,235.0,0.020836,0.02087,ws,ws,type_b_ladder,type_b_ladder,False,False,0.1167,-0.0978,65,-45.5,strategy_S5-10_ATM_5_2__TYPE_B:NIFTY:2026-04-22T10:19:02:LONG
2026-04-22,10:19:21,2026-04-22,10:19:29,NIFTY,SELL,TYPE_B,PASSIVE,HIT_BID,24374.75,24378.05,NIFTY28APR2624400PE,24400.0,PE,ITM1,263.95,262.15,263.39,262.33,265.0,260.0,0.018965,0.019053,ws,ws,type_b_ladder,type_b_ladder,False,False,0.5636,-0.1833,65,-117.0,strategy_S5-10_ATM_5_2__TYPE_B:NIFTY:2026-04-22T10:19:21:SHORT
2026-04-22,10:19:35,2026-04-22,10:19:40,NIFTY,BUY,TYPE_B,PASSIVE,HIT_BID,24378.7,24377.45,NIFTY28APR2624350CE,24350.0,CE,ITM1,240.6,240.05,240.34,240.09,245.0,240.0,0.020801,0.02082,ws,ws,type_b_ladder,type_b_ladder,False,False,0.2625,-0.04,65,-35.75,strategy_S5-10_ATM_5_2__TYPE_B:NIFTY:2026-04-22T10:19:35:LONG
2026-04-22,10:20:08,2026-04-22,10:20:15,NIFTY,SELL,TYPE_B,PASSIVE,HIT_BID,24373.9,24375.1,NIFTY28APR2624400PE,24400.0,PE,ITM1,264.0,263.2,263.63,263.57,265.0,260.0,0.018954,0.018979,ws,ws,type_b_ladder,type_b_ladder,False,False,0.3692,-0.3667,65,-52.0,strategy_S5-10_ATM_5_2__TYPE_B:NIFTY:2026-04-22T10:20:08:SHORT
2026-04-22,10:20:27,2026-04-22,10:20:46,NIFTY,SELL,TYPE_B,PASSIVE,HIT_BID,24370.6,24370.55,NIFTY28APR2624400PE,24400.0,PE,ITM1,266.2,266.85,266.17,267.12,270.0,265.0,0.018797,0.018718,ws,ws,type_b_ladder,type_b_ladder,False,False,0.0308,-0.275,65,42.25,strategy_S5-10_ATM_5_2__TYPE_B:NIFTY:2026-04-22T10:20:27:SHORT
2026-04-22,10:21:07,2026-04-22,10:21:43,NIFTY,SELL,TYPE_B,PASSIVE,HIT_BID,24369.4,24365.35,NIFTY28APR2624400PE,24400.0,PE,ITM1,267.65,269.05,267.48,269.18,270.0,265.0,0.018693,0.018567,ws,ws,type_b_ladder,type_b_ladder,False,False,0.175,-0.125,65,91.0,strategy_S5-10_ATM_5_2__TYPE_B:NIFTY:2026-04-22T10:21:07:SHORT
2026-04-22,10:21:45,2026-04-22,10:21:46,NIFTY,BUY,TYPE_B,PASSIVE,HIT_BID,24365.85,24364.75,NIFTY28APR2624350CE,24350.0,CE,ITM1,234.25,233.7,234.14,233.82,235.0,230.0,0.021363,0.021386,ws,ws,type_b_ladder,type_b_ladder,False,False,0.1111,-0.125,65,-35.75,strategy_S5-10_ATM_5_2__TYPE_B:NIFTY:2026-04-22T10:21:45:LONG
2026-04-22,10:22:00,2026-04-22,10:22:21,NIFTY,SELL,TYPE_B,PASSIVE,HIT_BID,24363.15,24359.75,NIFTY28APR2624400PE,24400.0,PE,ITM1,271.85,275.9,271.76,276.32,275.0,275.0,0.018411,0.018106,ws,ws,type_b_ladder,type_b_ladder,False,False,0.0917,-0.4167,65,263.25,strategy_S5-10_ATM_5_2__TYPE_B:NIFTY:2026-04-22T10:22:00:SHORT
2026-04-22,10:22:38,2026-04-22,10:23:00,NIFTY,BUY,TYPE_B,PASSIVE,HIT_BID,24359.3,24357.8,NIFTY28APR2624350CE,24350.0,CE,ITM1,231.85,229.6,231.58,229.66,235.0,225.0,0.021584,0.021763,ws,ws,type_b_ladder,type_b_ladder,False,False,0.2667,-0.06,65,-146.25,strategy_S5-10_ATM_5_2__TYPE_B:NIFTY:2026-04-22T10:22:38:LONG
2026-04-22,10:23:16,2026-04-22,10:23:27,NIFTY,SELL,TYPE_B,PASSIVE,HIT_BID,24354.05,24355.55,NIFTY28APR2624400PE,24400.0,PE,ITM1,279.4,278.55,278.86,278.63,280.0,275.0,0.017916,0.017932,ws,ws,type_b_ladder,type_b_ladder,False,False,0.5417,-0.0786,65,-55.25,strategy_S5-10_ATM_5_2__TYPE_B:NIFTY:2026-04-22T10:23:16:SHORT
2026-04-22,10:23:34,2026-04-22,10:23:53,NIFTY,BUY,TYPE_B,PASSIVE,HIT_BID,24358.4,24361.25,NIFTY28APR2624350CE,24350.0,CE,ITM1,230.9,233.15,230.76,233.35,235.0,230.0,0.021678,0.021427,ws,ws,type_b_ladder,type_b_ladder,False,False,0.1389,-0.2,65,146.25,strategy_S5-10_ATM_5_2__TYPE_B:NIFTY:2026-04-22T10:23:34:LONG
2026-04-22,10:24:13,2026-04-22,10:24:30,NIFTY,BUY,TYPE_B,PASSIVE,HIT_BID,24363.45,24363.1,NIFTY28APR2624350CE,24350.0,CE,ITM1,233.4,231.35,232.98,231.43,235.0,230.0,0.021443,0.021596,ws,ws,type_b_ladder,type_b_ladder,False,False,0.4154,-0.075,65,-133.25,strategy_S5-10_ATM_5_2__TYPE_B:NIFTY:2026-04-22T10:24:13:LONG
2026-04-22,10:24:38,2026-04-22,10:24:56,NIFTY,BUY,TYPE_B,PASSIVE,HIT_BID,24365.9,24366.55,NIFTY28APR2624350CE,24350.0,CE,ITM1,233.6,233.6,233.43,233.61,235.0,230.0,0.021416,0.021386,ws,ws,type_b_ladder,type_b_ladder,False,False,0.175,-0.0108,65,0.0,strategy_S5-10_ATM_5_2__TYPE_B:NIFTY:2026-04-22T10:24:38:LONG
2026-04-22,10:25:00,2026-04-22,10:25:13,NIFTY,SELL,TYPE_B,PASSIVE,HIT_BID,24364.35,24367.1,NIFTY28APR2624400PE,24400.0,PE,ITM1,274.3,272.05,273.99,272.23,275.0,270.0,0.018247,0.018367,ws,ws,type_b_ladder,type_b_ladder,False,False,0.3094,-0.175,65,-146.25,strategy_S5-10_ATM_5_2__TYPE_B:NIFTY:2026-04-22T10:25:00:SHORT
2026-04-22,10:25:23,2026-04-22,10:25:35,NIFTY,BUY,TYPE_B,PASSIVE,HIT_BID,24368.75,24366.0,NIFTY28APR2624350CE,24350.0,CE,ITM1,235.8,234.45,235.61,234.6,240.0,230.0,0.021213,0.021313,ws,ws,type_b_ladder,type_b_ladder,False,False,0.1875,-0.15,65,-87.75,strategy_S5-10_ATM_5_2__TYPE_B:NIFTY:2026-04-22T10:25:23:LONG
2026-04-22,10:25:43,2026-04-22,10:25:48,NIFTY,SELL,TYPE_B,PASSIVE,HIT_BID,24364.3,24369.4,NIFTY28APR2624400PE,24400.0,PE,ITM1,271.0,269.0,270.77,269.15,275.0,265.0,0.018464,0.01857,ws,ws,type_b_ladder,type_b_ladder,False,False,0.2286,-0.1458,65,-130.0,strategy_S5-10_ATM_5_2__TYPE_B:NIFTY:2026-04-22T10:25:43:SHORT
2026-04-22,10:25:50,2026-04-22,10:26:00,NIFTY,BUY,TYPE_B,PASSIVE,HIT_BID,24370.75,24369.05,NIFTY28APR2624350CE,24350.0,CE,ITM1,235.8,235.85,235.65,236.05,240.0,235.0,0.02122,0.021182,ws,ws,type_b_ladder,type_b_ladder,False,False,0.15,-0.2,65,3.25,strategy_S5-10_ATM_5_2__TYPE_B:NIFTY:2026-04-22T10:25:50:LONG
2026-04-22,10:26:08,2026-04-22,10:26:35,NIFTY,BUY,TYPE_B,PASSIVE,HIT_BID,24372.95,24372.8,NIFTY28APR2624350CE,24350.0,CE,ITM1,237.0,237.6,236.67,237.64,240.0,235.0,0.021115,0.021026,ws,ws,type_b_ladder,type_b_ladder,False,False,0.3273,-0.04,65,39.0,strategy_S5-10_ATM_5_2__TYPE_B:NIFTY:2026-04-22T10:26:08:LONG
2026-04-22,10:26:41,2026-04-22,10:26:48,NIFTY,SELL,TYPE_B,PASSIVE,HIT_BID,24369.7,24371.35,NIFTY28APR2624400PE,24400.0,PE,ITM1,268.0,267.4,267.67,267.83,270.0,265.0,0.018669,0.018681,ws,ws,type_b_ladder,type_b_ladder,False,False,0.3294,-0.4286,65,-39.0,strategy_S5-10_ATM_5_2__TYPE_B:NIFTY:2026-04-22T10:26:41:SHORT
2026-04-22,10:26:50,2026-04-22,10:27:03,NIFTY,SELL,TYPE_B,PASSIVE,HIT_BID,24369.15,24371.65,NIFTY28APR2624400PE,24400.0,PE,ITM1,267.2,267.5,266.94,267.8,270.0,265.0,0.018727,0.018679,ws,ws,type_b_ladder,type_b_ladder,False,False,0.2588,-0.2962,65,19.5,strategy_S5-10_ATM_5_2__TYPE_B:NIFTY:2026-04-22T10:26:50:SHORT
2026-04-22,10:27:09,2026-04-22,10:27:30,NIFTY,SELL,TYPE_B,PASSIVE,HIT_BID,24367.3,24368.9,NIFTY28APR2624400PE,24400.0,PE,ITM1,268.1,265.1,267.87,265.4,270.0,265.0,0.018667,0.018847,ws,ws,type_b_ladder,type_b_ladder,False,False,0.2273,-0.3,65,-195.0,strategy_S5-10_ATM_5_2__TYPE_B:NIFTY:2026-04-22T10:27:09:SHORT
2026-04-22,10:27:40,2026-04-22,10:27:46,NIFTY,SELL,TYPE_B,PASSIVE,HIT_BID,24366.05,24368.15,NIFTY28APR2624400PE,24400.0,PE,ITM1,268.3,267.2,268.06,267.34,270.0,265.0,0.01865,0.018707,ws,ws,type_b_ladder,type_b_ladder,False,False,0.24,-0.14,65,-71.5,strategy_S5-10_ATM_5_2__TYPE_B:NIFTY:2026-04-22T10:27:40:SHORT
2026-04-22,10:27:58,2026-04-22,10:28:24,NIFTY,BUY,TYPE_B,PASSIVE,HIT_BID,24370.65,24370.45,NIFTY28APR2624350CE,24350.0,CE,ITM1,237.35,237.35,237.17,237.66,240.0,235.0,0.021086,0.021044,ws,ws,type_b_ladder,type_b_ladder,False,False,0.18,-0.3077,65,0.0,strategy_S5-10_ATM_5_2__TYPE_B:NIFTY:2026-04-22T10:27:58:LONG
2026-04-22,10:28:47,2026-04-22,10:29:03,NIFTY,BUY,TYPE_B,PASSIVE,HIT_BID,24373.2,24371.0,NIFTY28APR2624350CE,24350.0,CE,ITM1,237.6,236.6,237.4,236.87,240.0,235.0,0.021068,0.021115,ws,ws,type_b_ladder,type_b_ladder,False,False,0.1964,-0.2667,65,-65.0,strategy_S5-10_ATM_5_2__TYPE_B:NIFTY:2026-04-22T10:28:47:LONG
2026-04-22,10:29:05,2026-04-22,10:29:23,NIFTY,SELL,TYPE_B,PASSIVE,HIT_BID,24370.1,24370.7,NIFTY28APR2624400PE,24400.0,PE,ITM1,267.0,265.15,266.58,265.24,270.0,265.0,0.018742,0.018843,ws,ws,type_b_ladder,type_b_ladder,False,False,0.4179,-0.0889,65,-120.25,strategy_S5-10_ATM_5_2__TYPE_B:NIFTY:2026-04-22T10:29:05:SHORT
2026-04-22,10:29:38,2026-04-22,10:30:02,NIFTY,BUY,TYPE_B,PASSIVE,HIT_BID,24371.95,24371.45,NIFTY28APR2624350CE,24350.0,CE,ITM1,238.8,237.75,238.5,238.07,240.0,235.0,0.020964,0.021004,ws,ws,type_b_ladder,type_b_ladder,False,False,0.3,-0.3158,65,-68.25,strategy_S5-10_ATM_5_2__TYPE_B:NIFTY:2026-04-22T10:29:38:LONG
2026-04-22,10:30:07,2026-04-22,10:30:38,NIFTY,SELL,TYPE_B,PASSIVE,HIT_BID,24370.0,24370.4,NIFTY28APR2624400PE,24400.0,PE,ITM1,264.5,265.4,264.14,265.71,265.0,265.0,0.018918,0.01882,ws,ws,type_b_ladder,type_b_ladder,False,False,0.3556,-0.3143,65,58.5,strategy_S5-10_ATM_5_2__TYPE_B:NIFTY:2026-04-22T10:30:07:SHORT
2026-04-22,10:30:45,2026-04-22,10:31:06,NIFTY,BUY,TYPE_B,PASSIVE,HIT_BID,24372.15,24372.75,NIFTY28APR2624350CE,24350.0,CE,ITM1,237.75,237.9,237.62,237.96,240.0,235.0,0.021044,0.021011,ws,ws,type_b_ladder,type_b_ladder,False,False,0.1312,-0.06,65,9.75,strategy_S5-10_ATM_5_2__TYPE_B:NIFTY:2026-04-22T10:30:45:LONG
2026-04-22,10:31:20,2026-04-22,10:31:33,NIFTY,SELL,TYPE_B,PASSIVE,HIT_BID,24372.1,24372.65,NIFTY28APR2624400PE,24400.0,PE,ITM1,265.5,264.05,265.04,264.27,270.0,260.0,0.018854,0.018914,ws,ws,type_b_ladder,type_b_ladder,False,False,0.4615,-0.2182,65,-94.25,strategy_S5-10_ATM_5_2__TYPE_B:NIFTY:2026-04-22T10:31:20:SHORT
2026-04-22,10:31:45,2026-04-22,10:32:51,NIFTY,BUY,TYPE_B,PASSIVE,HIT_BID,24374.45,24376.95,NIFTY28APR2624350CE,24350.0,CE,ITM1,239.35,238.45,238.94,238.52,240.0,235.0,0.020914,0.020945,ws,ws,type_b_ladder,type_b_ladder,False,False,0.4125,-0.0717,65,-58.5,strategy_S5-10_ATM_5_2__TYPE_B:NIFTY:2026-04-22T10:31:45:LONG
2026-04-22,10:32:56,2026-04-22,10:33:08,NIFTY,SELL,TYPE_B,PASSIVE,HIT_BID,24375.5,24376.7,NIFTY28APR2624400PE,24400.0,PE,ITM1,263.9,263.05,263.51,263.12,265.0,260.0,0.018965,0.018997,ws,ws,type_b_ladder,type_b_ladder,False,False,0.3889,-0.075,65,-55.25,strategy_S5-10_ATM_5_2__TYPE_B:NIFTY:2026-04-22T10:32:56:SHORT
2026-04-22,10:33:13,2026-04-22,10:33:37,NIFTY,BUY,TYPE_B,PASSIVE,HIT_BID,24377.65,24378.0,NIFTY28APR2624350CE,24350.0,CE,ITM1,240.15,241.25,239.94,241.6,245.0,240.0,0.020842,0.020702,ws,ws,type_b_ladder,type_b_ladder,False,False,0.2143,-0.3536,65,71.5,strategy_S5-10_ATM_5_2__TYPE_B:NIFTY:2026-04-22T10:33:13:LONG
2026-04-22,10:33:53,2026-04-22,10:34:17,NIFTY,BUY,TYPE_B,PASSIVE,HIT_BID,24381.7,24379.95,NIFTY28APR2624350CE,24350.0,CE,ITM1,243.0,241.2,242.57,241.53,245.0,240.0,0.020599,0.020708,ws,ws,type_b_ladder,type_b_ladder,False,False,0.4308,-0.3333,65,-117.0,strategy_S5-10_ATM_5_2__TYPE_B:NIFTY:2026-04-22T10:33:53:LONG
2026-04-22,10:34:25,2026-04-22,10:34:38,NIFTY,SELL,TYPE_B,PASSIVE,HIT_BID,24379.6,24382.0,NIFTY28APR2624400PE,24400.0,PE,ITM1,261.25,260.25,261.19,260.68,265.0,260.0,0.019163,0.019188,ws,ws,type_b_ladder,type_b_ladder,False,False,0.0619,-0.4333,65,-65.0,strategy_S5-10_ATM_5_2__TYPE_B:NIFTY:2026-04-22T10:34:25:SHORT
2026-04-22,10:35:13,2026-04-22,10:35:32,NIFTY,BUY,TYPE_B,PASSIVE,HIT_BID,24382.7,24382.1,NIFTY28APR2624350CE,24350.0,CE,ITM1,243.3,242.7,242.86,243.04,245.0,240.0,0.020576,0.020582,ws,ws,type_b_ladder,type_b_ladder,False,False,0.44,-0.3375,65,-39.0,strategy_S5-10_ATM_5_2__TYPE_B:NIFTY:2026-04-22T10:35:13:LONG
2026-04-22,10:35:37,2026-04-22,10:35:38,NIFTY,SELL,TYPE_B,PASSIVE,HIT_BID,24380.9,24383.75,NIFTY28APR2624400PE,24400.0,PE,ITM1,260.5,260.1,260.46,260.41,265.0,260.0,0.019212,0.019203,ws,ws,type_b_ladder,type_b_ladder,False,False,0.0417,-0.3094,65,-26.0,strategy_S5-10_ATM_5_2__TYPE_B:NIFTY:2026-04-22T10:35:37:SHORT
2026-04-22,10:35:47,2026-04-22,10:36:03,NIFTY,SELL,TYPE_B,PASSIVE,HIT_BID,24380.7,24380.75,NIFTY28APR2624400PE,24400.0,PE,ITM1,261.9,262.2,261.56,262.51,265.0,260.0,0.019117,0.019051,ws,ws,type_b_ladder,type_b_ladder,False,False,0.34,-0.3125,65,19.5,strategy_S5-10_ATM_5_2__TYPE_B:NIFTY:2026-04-22T10:35:47:SHORT
2026-04-22,10:36:15,2026-04-22,10:36:18,NIFTY,SELL,TYPE_B,PASSIVE,HIT_BID,24378.2,24379.8,NIFTY28APR2624400PE,24400.0,PE,ITM1,263.1,262.0,262.76,262.27,265.0,260.0,0.01902,0.019068,ws,ws,type_b_ladder,type_b_ladder,False,False,0.3375,-0.27,65,-71.5,strategy_S5-10_ATM_5_2__TYPE_B:NIFTY:2026-04-22T10:36:15:SHORT
2026-04-22,10:36:29,2026-04-22,10:36:48,NIFTY,SELL,TYPE_B,PASSIVE,HIT_BID,24377.65,24379.7,NIFTY28APR2624400PE,24400.0,PE,ITM1,263.0,261.75,262.86,261.91,265.0,260.0,0.019019,0.019093,ws,ws,type_b_ladder,type_b_ladder,False,False,0.1375,-0.1562,65,-81.25,strategy_S5-10_ATM_5_2__TYPE_B:NIFTY:2026-04-22T10:36:29:SHORT
2026-04-22,10:36:57,2026-04-22,10:37:16,NIFTY,BUY,TYPE_B,PASSIVE,HIT_BID,24381.2,24381.2,NIFTY28APR2624350CE,24350.0,CE,ITM1,243.35,243.5,243.27,243.7,245.0,240.0,0.020566,0.020515,ws,ws,type_b_ladder,type_b_ladder,False,False,0.0818,-0.2,65,9.75,strategy_S5-10_ATM_5_2__TYPE_B:NIFTY:2026-04-22T10:36:57:LONG
2026-04-22,10:37:58,2026-04-22,10:38:36,NIFTY,BUY,TYPE_B,PASSIVE,HIT_BID,24385.5,24391.7,NIFTY28APR2624350CE,24350.0,CE,ITM1,244.35,247.65,244.28,247.91,245.0,245.0,0.020488,0.020176,ws,ws,type_b_ladder,type_b_ladder,False,False,0.0732,-0.2567,65,214.5,strategy_S5-10_ATM_5_2__TYPE_B:NIFTY:2026-04-22T10:37:58:LONG
2026-04-22,10:38:40,2026-04-22,10:38:52,NIFTY,BUY,TYPE_B,PASSIVE,HIT_BID,24394.3,24394.15,NIFTY28APR2624350CE,24350.0,CE,ITM1,247.7,248.25,247.55,248.62,250.0,245.0,0.020206,0.020119,ws,ws,type_b_ladder,type_b_ladder,False,False,0.15,-0.375,65,35.75,strategy_S5-10_ATM_5_2__TYPE_B:NIFTY:2026-04-22T10:38:40:LONG
2026-04-22,10:38:57,2026-04-22,10:39:08,NIFTY,SELL,TYPE_B,PASSIVE,HIT_BID,24392.3,24393.5,NIFTY28APR2624400PE,24400.0,PE,ITM1,252.05,253.2,251.6,253.33,255.0,250.0,0.019857,0.019732,ws,ws,type_b_ladder,type_b_ladder,False,False,0.4545,-0.1333,65,74.75,strategy_S5-10_ATM_5_2__TYPE_B:NIFTY:2026-04-22T10:38:57:SHORT
2026-04-22,10:39:31,2026-04-22,10:39:38,NIFTY,SELL,TYPE_B,PASSIVE,HIT_BID,24391.45,24393.65,NIFTY28APR2624400PE,24400.0,PE,ITM1,253.95,252.3,253.55,252.35,255.0,250.0,0.019706,0.019804,ws,ws,type_b_ladder,type_b_ladder,False,False,0.4,-0.05,65,-107.25,strategy_S5-10_ATM_5_2__TYPE_B:NIFTY:2026-04-22T10:39:31:SHORT
2026-04-22,10:39:44,2026-04-22,10:40:21,NIFTY,BUY,TYPE_B,PASSIVE,HIT_BID,24395.0,24400.25,NIFTY28APR2624350CE,24350.0,CE,ITM1,247.5,250.0,247.42,250.38,250.0,250.0,0.020212,0.019984,ws,ws,type_b_ladder,type_b_ladder,False,False,0.0833,-0.3801,65,162.5,strategy_S5-10_ATM_5_2__TYPE_B:NIFTY:2026-04-22T10:39:44:LONG
2026-04-22,10:40:25,2026-04-22,10:40:58,NIFTY,SELL,TYPE_B,PASSIVE,HIT_BID,24399.45,24401.9,NIFTY28APR2624400PE,24400.0,PE,ITM1,249.9,247.75,249.59,247.99,250.0,245.0,0.020022,0.020165,ws,ws,type_b_ladder,type_b_ladder,False,False,0.3097,-0.2444,65,-139.75,strategy_S5-10_ATM_5_2__TYPE_B:NIFTY:2026-04-22T10:40:25:SHORT
2026-04-22,10:41:08,2026-04-22,10:41:12,NIFTY,BUY,TYPE_B,PASSIVE,HIT_BID,24403.9,24400.45,NIFTY28APR2624400CE,24400.0,CE,ITM1,225.0,224.95,224.81,224.95,225.0,220.0,0.022232,0.022225,ws,ws,type_b_ladder,type_b_ladder,False,False,0.1947,-0.0011,65,-3.25,strategy_S5-10_ATM_5_2__TYPE_B:NIFTY:2026-04-22T10:41:08:LONG
2026-04-22,10:41:20,2026-04-22,10:41:25,NIFTY,SELL,TYPE_B,PASSIVE,HIT_BID,24399.45,24401.4,NIFTY28APR2624400PE,24400.0,PE,ITM1,249.85,247.4,249.64,247.54,250.0,245.0,0.020034,0.02019,ws,ws,type_b_ladder,type_b_ladder,False,False,0.2086,-0.1429,65,-159.25,strategy_S5-10_ATM_5_2__TYPE_B:NIFTY:2026-04-22T10:41:20:SHORT
2026-04-22,10:41:33,2026-04-22,10:41:50,NIFTY,BUY,TYPE_B,PASSIVE,HIT_BID,24402.8,24401.15,NIFTY28APR2624400CE,24400.0,CE,ITM1,224.6,224.1,224.56,224.18,225.0,220.0,0.022289,0.022289,ws,ws,type_b_ladder,type_b_ladder,False,False,0.0367,-0.0783,65,-32.5,strategy_S5-10_ATM_5_2__TYPE_B:NIFTY:2026-04-22T10:41:33:LONG
2026-04-22,10:42:13,2026-04-22,10:42:36,NIFTY,BUY,TYPE_B,PASSIVE,HIT_BID,24407.0,24407.55,NIFTY28APR2624400CE,24400.0,CE,ITM1,226.8,228.65,226.56,228.66,230.0,225.0,0.02206,0.021851,ws,ws,type_b_ladder,type_b_ladder,False,False,0.24,-0.0073,65,120.25,strategy_S5-10_ATM_5_2__TYPE_B:NIFTY:2026-04-22T10:42:13:LONG
2026-04-22,10:43:08,2026-04-22,10:43:51,NIFTY,BUY,TYPE_B,PASSIVE,HIT_BID,24411.45,24414.6,NIFTY28APR2624400CE,24400.0,CE,ITM1,229.45,231.45,229.42,231.52,230.0,230.0,0.021794,0.021577,ws,ws,type_b_ladder,type_b_ladder,False,False,0.0286,-0.0678,65,130.0,strategy_S5-10_ATM_5_2__TYPE_B:NIFTY:2026-04-22T10:43:08:LONG
2026-04-22,10:44:00,2026-04-22,10:44:02,NIFTY,SELL,TYPE_B,PASSIVE,HIT_BID,24414.35,24415.15,NIFTY28APR2624450PE,24450.0,PE,ITM1,262.75,263.7,262.7,263.93,265.0,260.0,0.019039,0.018945,ws,ws,type_b_ladder,type_b_ladder,False,False,0.05,-0.225,65,61.75,strategy_S5-10_ATM_5_2__TYPE_B:NIFTY:2026-04-22T10:44:00:SHORT
2026-04-22,10:44:28,2026-04-22,10:44:58,NIFTY,BUY,TYPE_B,PASSIVE,HIT_BID,24417.4,24415.8,NIFTY28APR2624400CE,24400.0,CE,ITM1,232.45,230.7,232.05,230.82,235.0,230.0,0.021533,0.021657,ws,ws,type_b_ladder,type_b_ladder,False,False,0.3966,-0.125,65,-113.75,strategy_S5-10_ATM_5_2__TYPE_B:NIFTY:2026-04-22T10:44:28:LONG
2026-04-22,10:45:10,2026-04-22,10:46:08,NIFTY,SELL,TYPE_B,PASSIVE,HIT_BID,24415.35,24410.65,NIFTY28APR2624450PE,24450.0,PE,ITM1,264.8,266.4,264.55,266.79,265.0,265.0,0.018893,0.018753,ws,ws,type_b_ladder,type_b_ladder,False,False,0.25,-0.3857,65,104.0,strategy_S5-10_ATM_5_2__TYPE_B:NIFTY:2026-04-22T10:45:10:SHORT
2026-04-22,10:46:11,2026-04-22,10:46:31,NIFTY,BUY,TYPE_B,PASSIVE,HIT_BID,24416.1,24427.5,NIFTY28APR2624400CE,24400.0,CE,ITM1,229.65,240.15,229.54,240.41,230.0,240.0,0.021796,0.020801,ws,ws,type_b_ladder,type_b_ladder,False,False,0.1111,-0.2605,65,682.5,strategy_S5-10_ATM_5_2__TYPE_B:NIFTY:2026-04-22T10:46:11:LONG
2026-04-22,10:46:36,2026-04-22,10:46:47,NIFTY,BUY,TYPE_B,PASSIVE,HIT_BID,24433.3,24429.85,NIFTY28APR2624400CE,24400.0,CE,ITM1,243.9,240.8,243.73,241.18,245.0,240.0,0.020519,0.020743,ws,ws,type_b_ladder,type_b_ladder,False,False,0.1688,-0.375,65,-201.5,strategy_S5-10_ATM_5_2__TYPE_B:NIFTY:2026-04-22T10:46:36:LONG
2026-04-22,10:47:28,2026-04-22,10:47:53,NIFTY,BUY,TYPE_B,PASSIVE,HIT_BID,24433.45,24433.35,NIFTY28APR2624400CE,24400.0,CE,ITM1,243.65,243.3,243.52,243.43,245.0,240.0,0.020542,0.020525,ws,ws,type_b_ladder,type_b_ladder,False,False,0.129,-0.1263,65,-22.75,strategy_S5-10_ATM_5_2__TYPE_B:NIFTY:2026-04-22T10:47:28:LONG
2026-04-22,10:48:09,2026-04-22,10:48:48,NIFTY,SELL,TYPE_B,PASSIVE,HIT_BID,24431.4,24428.25,NIFTY28APR2624450PE,24450.0,PE,ITM1,251.5,255.15,251.42,255.41,255.0,255.0,0.019897,0.019585,ws,ws,type_b_ladder,type_b_ladder,False,False,0.08,-0.2571,65,237.25,strategy_S5-10_ATM_5_2__TYPE_B:NIFTY:2026-04-22T10:48:09:SHORT
2026-04-22,10:48:51,2026-04-22,10:48:58,NIFTY,SELL,TYPE_B,PASSIVE,HIT_BID,24424.5,24428.0,NIFTY28APR2624450PE,24450.0,PE,ITM1,256.75,255.05,256.38,255.15,260.0,255.0,0.019495,0.019596,ws,ws,type_b_ladder,type_b_ladder,False,False,0.3667,-0.1,65,-110.5,strategy_S5-10_ATM_5_2__TYPE_B:NIFTY:2026-04-22T10:48:51:SHORT
2026-04-22,10:49:27,2026-04-22,10:49:28,NIFTY,SELL,TYPE_B,PASSIVE,HIT_BID,24425.0,24426.75,NIFTY28APR2624450PE,24450.0,PE,ITM1,256.85,256.45,256.52,256.52,260.0,255.0,0.019482,0.019482,ws,ws,type_b_ladder,type_b_ladder,False,False,0.3273,-0.0727,65,-26.0,strategy_S5-10_ATM_5_2__TYPE_B:NIFTY:2026-04-22T10:49:27:SHORT
2026-04-22,10:49:30,2026-04-22,10:49:32,NIFTY,SELL,TYPE_B,PASSIVE,HIT_BID,24424.85,24426.5,NIFTY28APR2624450PE,24450.0,PE,ITM1,256.3,255.7,256.06,255.76,260.0,255.0,0.019526,0.019543,ws,ws,type_b_ladder,type_b_ladder,False,False,0.2423,-0.06,65,-39.0,strategy_S5-10_ATM_5_2__TYPE_B:NIFTY:2026-04-22T10:49:30:SHORT
2026-04-22,10:49:35,2026-04-22,10:49:53,NIFTY,SELL,TYPE_B,PASSIVE,HIT_BID,24424.2,24424.75,NIFTY28APR2624450PE,24450.0,PE,ITM1,256.9,255.65,256.59,255.85,260.0,255.0,0.019476,0.019548,ws,ws,type_b_ladder,type_b_ladder,False,False,0.3076,-0.2,65,-81.25,strategy_S5-10_ATM_5_2__TYPE_B:NIFTY:2026-04-22T10:49:35:SHORT
2026-04-22,10:50:09,2026-04-22,10:50:35,NIFTY,BUY,TYPE_B,PASSIVE,HIT_BID,24426.0,24427.05,NIFTY28APR2624400CE,24400.0,CE,ITM1,238.5,239.55,238.02,239.72,240.0,235.0,0.020986,0.020855,ws,ws,type_b_ladder,type_b_ladder,False,False,0.4839,-0.1667,65,68.25,strategy_S5-10_ATM_5_2__TYPE_B:NIFTY:2026-04-22T10:50:09:LONG
2026-04-22,10:50:53,2026-04-22,10:50:54,NIFTY,BUY,TYPE_B,PASSIVE,HIT_BID,24428.6,24426.7,NIFTY28APR2624400CE,24400.0,CE,ITM1,241.15,240.6,240.95,240.75,245.0,240.0,0.020758,0.020768,ws,ws,type_b_ladder,type_b_ladder,False,False,0.1964,-0.15,65,-35.75,strategy_S5-10_ATM_5_2__TYPE_B:NIFTY:2026-04-22T10:50:53:LONG
2026-04-22,10:51:03,2026-04-22,10:51:34,NIFTY,BUY,TYPE_B,PASSIVE,HIT_BID,24429.5,24429.85,NIFTY28APR2624400CE,24400.0,CE,ITM1,240.75,242.1,240.67,242.41,245.0,240.0,0.020779,0.020631,ws,ws,type_b_ladder,type_b_ladder,False,False,0.0833,-0.3125,65,87.75,strategy_S5-10_ATM_5_2__TYPE_B:NIFTY:2026-04-22T10:51:03:LONG
2026-04-22,10:51:52,2026-04-22,10:52:00,NIFTY,BUY,TYPE_B,PASSIVE,HIT_BID,24433.85,24431.5,NIFTY28APR2624400CE,24400.0,CE,ITM1,243.0,243.4,242.58,243.75,245.0,240.0,0.020595,0.020523,ws,ws,type_b_ladder,type_b_ladder,False,False,0.4165,-0.35,65,26.0,strategy_S5-10_ATM_5_2__TYPE_B:NIFTY:2026-04-22T10:51:52:LONG
2026-04-22,10:52:30,2026-04-22,10:52:32,NIFTY,SELL,TYPE_B,PASSIVE,HIT_BID,24430.65,24432.75,NIFTY28APR2624450PE,24450.0,PE,ITM1,249.05,248.65,248.96,248.98,250.0,245.0,0.02009,0.02009,ws,ws,type_b_ladder,type_b_ladder,False,False,0.0875,-0.33,65,-26.0,strategy_S5-10_ATM_5_2__TYPE_B:NIFTY:2026-04-22T10:52:30:SHORT
2026-04-22,10:52:46,2026-04-22,10:53:16,NIFTY,BUY,TYPE_B,PASSIVE,HIT_BID,24433.75,24438.85,NIFTY28APR2624400CE,24400.0,CE,ITM1,242.05,245.05,241.65,245.23,245.0,245.0,0.020676,0.020383,ws,ws,type_b_ladder,type_b_ladder,False,False,0.4,-0.1829,65,195.0,strategy_S5-10_ATM_5_2__TYPE_B:NIFTY:2026-04-22T10:52:46:LONG
2026-04-22,10:53:25,2026-04-22,10:53:30,NIFTY,SELL,TYPE_B,PASSIVE,HIT_BID,24436.6,24438.55,NIFTY28APR2624450PE,24450.0,PE,ITM1,247.7,247.2,247.29,247.6,250.0,245.0,0.020212,0.020206,ws,ws,type_b_ladder,type_b_ladder,False,False,0.4117,-0.4,65,-32.5,strategy_S5-10_ATM_5_2__TYPE_B:NIFTY:2026-04-22T10:53:25:SHORT
2026-04-22,10:53:47,2026-04-22,10:54:17,NIFTY,BUY,TYPE_B,PASSIVE,HIT_BID,24439.95,24442.1,NIFTY28APR2624400CE,24400.0,CE,ITM1,243.8,243.7,243.6,243.91,245.0,240.0,0.02053,0.020492,ws,ws,type_b_ladder,type_b_ladder,False,False,0.2,-0.2143,65,-6.5,strategy_S5-10_ATM_5_2__TYPE_B:NIFTY:2026-04-22T10:53:47:LONG
2026-04-22,10:54:27,2026-04-22,10:54:35,NIFTY,BUY,TYPE_B,PASSIVE,HIT_BID,24447.8,24445.45,NIFTY28APR2624400CE,24400.0,CE,ITM1,245.75,244.9,245.64,245.0,250.0,240.0,0.020369,0.020406,ws,ws,type_b_ladder,type_b_ladder,False,False,0.1146,-0.1,65,-55.25,strategy_S5-10_ATM_5_2__TYPE_B:NIFTY:2026-04-22T10:54:27:LONG
2026-04-22,10:54:44,2026-04-22,10:55:08,NIFTY,SELL,TYPE_B,PASSIVE,HIT_BID,24444.65,24444.7,NIFTY28APR2624450PE,24450.0,PE,ITM1,241.7,242.25,241.37,242.49,245.0,240.0,0.02071,0.020627,ws,ws,type_b_ladder,type_b_ladder,False,False,0.33,-0.24,65,35.75,strategy_S5-10_ATM_5_2__TYPE_B:NIFTY:2026-04-22T10:54:44:SHORT
2026-04-22,10:55:18,2026-04-22,10:55:28,NIFTY,BUY,TYPE_B,PASSIVE,HIT_BID,24445.25,24443.45,NIFTY28APR2624400CE,24400.0,CE,ITM1,245.8,245.0,245.49,245.1,250.0,245.0,0.020362,0.020396,ws,ws,type_b_ladder,type_b_ladder,False,False,0.3091,-0.1,65,-52.0,strategy_S5-10_ATM_5_2__TYPE_B:NIFTY:2026-04-22T10:55:18:LONG
2026-04-22,10:55:33,2026-04-22,10:56:00,NIFTY,BUY,TYPE_B,PASSIVE,HIT_BID,24447.0,24444.8,NIFTY28APR2624400CE,24400.0,CE,ITM1,246.35,244.55,246.17,244.85,250.0,240.0,0.020315,0.020427,ws,ws,type_b_ladder,type_b_ladder,False,False,0.18,-0.3,65,-117.0,strategy_S5-10_ATM_5_2__TYPE_B:NIFTY:2026-04-22T10:55:33:LONG
2026-04-22,10:56:10,2026-04-22,10:56:19,NIFTY,SELL,TYPE_B,PASSIVE,HIT_BID,24442.15,24443.1,NIFTY28APR2624450PE,24450.0,PE,ITM1,244.7,244.25,244.44,244.27,245.0,240.0,0.020448,0.020467,ws,ws,type_b_ladder,type_b_ladder,False,False,0.2625,-0.0154,65,-29.25,strategy_S5-10_ATM_5_2__TYPE_B:NIFTY:2026-04-22T10:56:10:SHORT
2026-04-22,10:56:24,2026-04-22,10:56:58,NIFTY,SELL,TYPE_B,PASSIVE,HIT_BID,24440.5,24439.8,NIFTY28APR2624450PE,24450.0,PE,ITM1,245.45,242.95,245.21,243.05,250.0,240.0,0.020387,0.020557,ws,ws,type_b_ladder,type_b_ladder,False,False,0.24,-0.0971,65,-162.5,strategy_S5-10_ATM_5_2__TYPE_B:NIFTY:2026-04-22T10:56:24:SHORT
2026-04-22,10:57:45,2026-04-22,10:57:53,NIFTY,BUY,TYPE_B,PASSIVE,HIT_BID,24443.15,24440.65,NIFTY28APR2624400CE,24400.0,CE,ITM1,244.2,243.15,244.09,243.22,245.0,240.0,0.020496,0.020542,ws,ws,type_b_ladder,type_b_ladder,False,False,0.1136,-0.0729,65,-68.25,strategy_S5-10_ATM_5_2__TYPE_B:NIFTY:2026-04-22T10:57:45:LONG
2026-04-22,10:58:02,2026-04-22,10:58:18,NIFTY,SELL,TYPE_B,PASSIVE,HIT_BID,24440.1,24440.95,NIFTY28APR2624450PE,24450.0,PE,ITM1,245.0,245.75,244.76,245.93,245.0,245.0,0.020427,0.020338,ws,ws,type_b_ladder,type_b_ladder,False,False,0.2368,-0.175,65,48.75,strategy_S5-10_ATM_5_2__TYPE_B:NIFTY:2026-04-22T10:58:02:SHORT
2026-04-22,10:58:33,2026-04-22,10:58:38,NIFTY,SELL,TYPE_B,PASSIVE,HIT_BID,24438.55,24442.0,NIFTY28APR2624450PE,24450.0,PE,ITM1,244.95,244.9,244.74,245.15,245.0,240.0,0.020423,0.020402,ws,ws,type_b_ladder,type_b_ladder,False,False,0.2125,-0.25,65,-3.25,strategy_S5-10_ATM_5_2__TYPE_B:NIFTY:2026-04-22T10:58:33:SHORT
2026-04-22,10:58:45,2026-04-22,10:58:57,NIFTY,BUY,TYPE_B,PASSIVE,HIT_BID,24442.05,24438.85,NIFTY28APR2624400CE,24400.0,CE,ITM1,243.0,242.85,242.78,242.98,245.0,240.0,0.020587,0.020582,ws,ws,type_b_ladder,type_b_ladder,False,False,0.225,-0.1263,65,-9.75,strategy_S5-10_ATM_5_2__TYPE_B:NIFTY:2026-04-22T10:58:45:LONG
2026-04-22,10:59:30,2026-04-22,10:59:38,NIFTY,SELL,TYPE_B,PASSIVE,HIT_BID,24437.9,24438.85,NIFTY28APR2624450PE,24450.0,PE,ITM1,246.45,245.15,246.31,245.21,250.0,245.0,0.020303,0.020375,ws,ws,type_b_ladder,type_b_ladder,False,False,0.14,-0.06,65,-84.5,strategy_S5-10_ATM_5_2__TYPE_B:NIFTY:2026-04-22T10:59:30:SHORT
2026-04-22,10:59:47,2026-04-22,11:00:06,NIFTY,BUY,TYPE_B,PASSIVE,HIT_BID,24440.3,24439.15,NIFTY28APR2624400CE,24400.0,CE,ITM1,242.7,241.1,242.33,241.47,245.0,240.0,0.020625,0.020717,ws,ws,type_b_ladder,type_b_ladder,False,False,0.374,-0.375,65,-104.0,strategy_S5-10_ATM_5_2__TYPE_B:NIFTY:2026-04-22T10:59:47:LONG
2026-04-22,11:00:10,2026-04-22,11:00:38,NIFTY,SELL,TYPE_B,PASSIVE,HIT_BID,24438.4,24436.7,NIFTY28APR2624450PE,24450.0,PE,ITM1,246.5,247.85,246.28,248.17,250.0,245.0,0.020311,0.020149,ws,ws,type_b_ladder,type_b_ladder,False,False,0.2167,-0.3231,65,87.75,strategy_S5-10_ATM_5_2__TYPE_B:NIFTY:2026-04-22T11:00:10:SHORT
2026-04-22,11:00:41,2026-04-22,11:01:02,NIFTY,SELL,TYPE_B,PASSIVE,HIT_BID,24435.05,24433.2,NIFTY28APR2624450PE,24450.0,PE,ITM1,248.15,249.6,247.91,249.81,250.0,245.0,0.020171,0.020016,ws,ws,type_b_ladder,type_b_ladder,False,False,0.2444,-0.2118,65,94.25,strategy_S5-10_ATM_5_2__TYPE_B:NIFTY:2026-04-22T11:00:41:SHORT
2026-04-22,11:01:21,2026-04-22,11:01:33,NIFTY,SELL,TYPE_B,PASSIVE,HIT_BID,24428.2,24428.1,NIFTY28APR2624450PE,24450.0,PE,ITM1,250.9,251.2,250.65,251.44,255.0,250.0,0.019948,0.019879,ws,ws,type_b_ladder,type_b_ladder,False,False,0.25,-0.2364,65,19.5,strategy_S5-10_ATM_5_2__TYPE_B:NIFTY:2026-04-22T11:01:21:SHORT
2026-04-22,11:01:41,2026-04-22,11:02:44,NIFTY,BUY,TYPE_B,PASSIVE,HIT_BID,24432.0,24436.0,NIFTY28APR2624400CE,24400.0,CE,ITM1,238.55,242.9,238.31,243.1,240.0,240.0,0.020973,0.02057,ws,ws,type_b_ladder,type_b_ladder,False,False,0.24,-0.2,65,282.75,strategy_S5-10_ATM_5_2__TYPE_B:NIFTY:2026-04-22T11:01:41:LONG
2026-04-22,11:02:50,2026-04-22,11:03:01,NIFTY,SELL,TYPE_B,PASSIVE,HIT_BID,24433.65,24436.35,NIFTY28APR2624450PE,24450.0,PE,ITM1,245.45,245.0,245.15,245.4,250.0,245.0,0.020394,0.020389,ws,ws,type_b_ladder,type_b_ladder,False,False,0.2962,-0.4018,65,-29.25,strategy_S5-10_ATM_5_2__TYPE_B:NIFTY:2026-04-22T11:02:50:SHORT
2026-04-22,11:03:10,2026-04-22,11:04:15,NIFTY,SELL,TYPE_B,PASSIVE,HIT_BID,24433.65,24430.5,NIFTY28APR2624450PE,24450.0,PE,ITM1,247.0,248.75,246.79,249.06,250.0,245.0,0.020268,0.020084,ws,ws,type_b_ladder,type_b_ladder,False,False,0.2087,-0.3125,65,113.75,strategy_S5-10_ATM_5_2__TYPE_B:NIFTY:2026-04-22T11:03:10:SHORT
2026-04-22,11:04:21,2026-04-22,11:05:11,NIFTY,BUY,TYPE_B,PASSIVE,HIT_BID,24432.35,24438.85,NIFTY28APR2624400CE,24400.0,CE,ITM1,240.4,242.95,240.29,243.12,245.0,240.0,0.02082,0.020566,ws,ws,type_b_ladder,type_b_ladder,False,False,0.1111,-0.175,65,165.75,strategy_S5-10_ATM_5_2__TYPE_B:NIFTY:2026-04-22T11:04:21:LONG
2026-04-22,11:05:18,2026-04-22,11:06:18,NIFTY,SELL,TYPE_B,PASSIVE,HIT_BID,24437.2,24433.55,NIFTY28APR2624450PE,24450.0,PE,ITM1,245.55,247.6,245.48,247.92,250.0,245.0,0.020381,0.020173,ws,ws,type_b_ladder,type_b_ladder,False,False,0.0711,-0.3214,65,133.25,strategy_S5-10_ATM_5_2__TYPE_B:NIFTY:2026-04-22T11:05:18:SHORT
2026-04-22,11:06:36,2026-04-22,11:07:08,NIFTY,SELL,TYPE_B,PASSIVE,HIT_BID,24432.35,24432.55,NIFTY28APR2624450PE,24450.0,PE,ITM1,248.0,248.5,247.85,248.75,250.0,245.0,0.020169,0.020096,ws,ws,type_b_ladder,type_b_ladder,False,False,0.1455,-0.2455,65,32.5,strategy_S5-10_ATM_5_2__TYPE_B:NIFTY:2026-04-22T11:06:36:SHORT
2026-04-22,11:07:46,2026-04-22,11:08:17,NIFTY,SELL,TYPE_B,PASSIVE,HIT_BID,24430.7,24430.85,NIFTY28APR2624450PE,24450.0,PE,ITM1,249.9,249.3,249.78,249.32,250.0,245.0,0.020018,0.020054,ws,ws,type_b_ladder,type_b_ladder,False,False,0.125,-0.025,65,-39.0,strategy_S5-10_ATM_5_2__TYPE_B:NIFTY:2026-04-22T11:07:46:SHORT
2026-04-22,11:08:26,2026-04-22,11:08:52,NIFTY,BUY,TYPE_B,PASSIVE,HIT_BID,24432.7,24432.15,NIFTY28APR2624400CE,24400.0,CE,ITM1,239.5,238.35,239.22,238.41,240.0,235.0,0.02089,0.02096,ws,ws,type_b_ladder,type_b_ladder,False,False,0.2769,-0.0571,65,-74.75,strategy_S5-10_ATM_5_2__TYPE_B:NIFTY:2026-04-22T11:08:26:LONG
2026-04-22,11:09:01,2026-04-22,11:09:40,NIFTY,SELL,TYPE_B,PASSIVE,HIT_BID,24430.55,24429.5,NIFTY28APR2624450PE,24450.0,PE,ITM1,249.4,251.15,249.25,251.52,250.0,250.0,0.020064,0.019889,ws,ws,type_b_ladder,type_b_ladder,False,False,0.15,-0.3676,65,113.75,strategy_S5-10_ATM_5_2__TYPE_B:NIFTY:2026-04-22T11:09:01:SHORT
2026-04-22,11:09:51,2026-04-22,11:11:03,NIFTY,SELL,TYPE_B,PASSIVE,HIT_BID,24425.8,24415.3,NIFTY28APR2624450PE,24450.0,PE,ITM1,253.5,260.25,253.24,260.6,255.0,260.0,0.019736,0.019188,ws,ws,type_b_ladder,type_b_ladder,False,False,0.2625,-0.35,65,438.75,strategy_S5-10_ATM_5_2__TYPE_B:NIFTY:2026-04-22T11:09:51:SHORT
2026-04-22,11:11:48,2026-04-22,11:12:21,NIFTY,BUY,TYPE_B,PASSIVE,HIT_BID,24417.65,24420.65,NIFTY28APR2624400CE,24400.0,CE,ITM1,231.85,231.5,231.76,231.57,235.0,230.0,0.021589,0.021591,ws,ws,type_b_ladder,type_b_ladder,False,False,0.0938,-0.075,65,-22.75,strategy_S5-10_ATM_5_2__TYPE_B:NIFTY:2026-04-22T11:11:48:LONG
2026-04-22,11:12:33,2026-04-22,11:13:10,NIFTY,BUY,TYPE_B,PASSIVE,HIT_BID,24424.2,24426.85,NIFTY28APR2624400CE,24400.0,CE,ITM1,233.8,234.75,233.54,235.04,235.0,230.0,0.021406,0.021274,ws,ws,type_b_ladder,type_b_ladder,False,False,0.2625,-0.2881,65,61.75,strategy_S5-10_ATM_5_2__TYPE_B:NIFTY:2026-04-22T11:12:33:LONG
2026-04-22,11:13:21,2026-04-22,11:13:37,NIFTY,SELL,TYPE_B,PASSIVE,HIT_BID,24425.15,24424.8,NIFTY28APR2624450PE,24450.0,PE,ITM1,255.3,254.6,255.13,254.69,260.0,250.0,0.019604,0.019623,ws,ws,type_b_ladder,type_b_ladder,False,False,0.1739,-0.0889,65,-45.5,strategy_S5-10_ATM_5_2__TYPE_B:NIFTY:2026-04-22T11:13:21:SHORT
2026-04-22,11:14:08,2026-04-22,11:14:40,NIFTY,BUY,TYPE_B,PASSIVE,HIT_BID,24428.85,24428.05,NIFTY28APR2624400CE,24400.0,CE,ITM1,237.7,237.25,237.66,237.39,240.0,235.0,0.02105,0.02105,ws,ws,type_b_ladder,type_b_ladder,False,False,0.0437,-0.1375,65,-29.25,strategy_S5-10_ATM_5_2__TYPE_B:NIFTY:2026-04-22T11:14:08:LONG
2026-04-22,11:14:57,2026-04-22,11:15:13,NIFTY,SELL,TYPE_B,PASSIVE,HIT_BID,24427.45,24428.85,NIFTY28APR2624450PE,24450.0,PE,ITM1,251.6,251.5,251.49,251.78,255.0,250.0,0.019885,0.019863,ws,ws,type_b_ladder,type_b_ladder,False,False,0.1071,-0.2842,65,-6.5,strategy_S5-10_ATM_5_2__TYPE_B:NIFTY:2026-04-22T11:14:57:SHORT
2026-04-22,11:15:21,2026-04-22,11:15:30,NIFTY,SELL,TYPE_B,PASSIVE,HIT_BID,24425.85,24428.25,NIFTY28APR2624450PE,24450.0,PE,ITM1,253.85,251.7,253.72,251.77,255.0,250.0,0.019712,0.019845,ws,ws,type_b_ladder,type_b_ladder,False,False,0.1333,-0.0714,65,-139.75,strategy_S5-10_ATM_5_2__TYPE_B:NIFTY:2026-04-22T11:15:21:SHORT
2026-04-22,11:15:42,2026-04-22,11:15:47,NIFTY,BUY,TYPE_B,PASSIVE,HIT_BID,24429.7,24427.55,NIFTY28APR2624400CE,24400.0,CE,ITM1,238.5,235.65,238.23,235.75,240.0,235.0,0.020984,0.0212,ws,ws,type_b_ladder,type_b_ladder,False,False,0.27,-0.1,65,-185.25,strategy_S5-10_ATM_5_2__TYPE_B:NIFTY:2026-04-22T11:15:42:LONG
2026-04-22,11:15:59,2026-04-22,11:16:08,NIFTY,SELL,TYPE_B,PASSIVE,HIT_BID,24426.95,24427.5,NIFTY28APR2624450PE,24450.0,PE,ITM1,254.3,253.35,254.17,253.83,255.0,250.0,0.019673,0.019714,ws,ws,type_b_ladder,type_b_ladder,False,False,0.1286,-0.4813,65,-61.75,strategy_S5-10_ATM_5_2__TYPE_B:NIFTY:2026-04-22T11:15:59:SHORT
2026-04-22,11:16:18,2026-04-22,11:16:26,NIFTY,BUY,TYPE_B,PASSIVE,HIT_BID,24428.45,24426.65,NIFTY28APR2624400CE,24400.0,CE,ITM1,235.0,232.75,234.63,232.88,235.0,230.0,0.021299,0.021471,ws,ws,type_b_ladder,type_b_ladder,False,False,0.3684,-0.125,65,-146.25,strategy_S5-10_ATM_5_2__TYPE_B:NIFTY:2026-04-22T11:16:18:LONG
2026-04-22,11:16:30,2026-04-22,11:16:38,NIFTY,SELL,TYPE_B,PASSIVE,HIT_BID,24425.1,24426.75,NIFTY28APR2624450PE,24450.0,PE,ITM1,253.5,253.55,253.46,253.91,255.0,250.0,0.019726,0.019704,ws,ws,type_b_ladder,type_b_ladder,False,False,0.0425,-0.36,65,3.25,strategy_S5-10_ATM_5_2__TYPE_B:NIFTY:2026-04-22T11:16:30:SHORT
2026-04-22,11:16:52,2026-04-22,11:16:53,NIFTY,SELL,TYPE_B,PASSIVE,HIT_BID,24425.35,24427.15,NIFTY28APR2624450PE,24450.0,PE,ITM1,254.35,254.0,254.12,254.02,255.0,250.0,0.019668,0.019681,ws,ws,type_b_ladder,type_b_ladder,False,False,0.2333,-0.02,65,-22.75,strategy_S5-10_ATM_5_2__TYPE_B:NIFTY:2026-04-22T11:16:52:SHORT
2026-04-22,11:17:05,2026-04-22,11:17:08,NIFTY,SELL,TYPE_B,PASSIVE,HIT_BID,24424.55,24426.95,NIFTY28APR2624450PE,24450.0,PE,ITM1,253.85,252.35,253.48,252.38,255.0,250.0,0.019718,0.01981,ws,ws,type_b_ladder,type_b_ladder,False,False,0.3667,-0.0333,65,-97.5,strategy_S5-10_ATM_5_2__TYPE_B:NIFTY:2026-04-22T11:17:05:SHORT
2026-04-22,11:17:15,2026-04-22,11:17:33,NIFTY,BUY,TYPE_B,PASSIVE,HIT_BID,24430.85,24433.4,NIFTY28APR2624400CE,24400.0,CE,ITM1,236.0,235.95,235.71,235.97,240.0,235.0,0.0212,0.021189,ws,ws,type_b_ladder,type_b_ladder,False,False,0.2867,-0.0167,65,-3.25,strategy_S5-10_ATM_5_2__TYPE_B:NIFTY:2026-04-22T11:17:15:LONG
2026-04-22,11:17:50,2026-04-22,11:18:13,NIFTY,SELL,TYPE_B,PASSIVE,HIT_BID,24431.35,24432.2,NIFTY28APR2624450PE,24450.0,PE,ITM1,250.4,249.8,250.24,250.09,255.0,245.0,0.01999,0.019992,ws,ws,type_b_ladder,type_b_ladder,False,False,0.165,-0.287,65,-39.0,strategy_S5-10_ATM_5_2__TYPE_B:NIFTY:2026-04-22T11:17:50:SHORT
2026-04-22,11:18:17,2026-04-22,11:19:23,NIFTY,BUY,TYPE_B,PASSIVE,HIT_BID,24433.15,24436.35,NIFTY28APR2624400CE,24400.0,CE,ITM1,237.0,238.15,236.94,238.52,240.0,235.0,0.021101,0.020971,ws,ws,type_b_ladder,type_b_ladder,False,False,0.0588,-0.3667,65,74.75,strategy_S5-10_ATM_5_2__TYPE_B:NIFTY:2026-04-22T11:18:17:LONG
2026-04-22,11:19:33,2026-04-22,11:19:34,NIFTY,BUY,TYPE_B,PASSIVE,HIT_BID,24438.8,24437.05,NIFTY28APR2624400CE,24400.0,CE,ITM1,241.35,240.95,241.16,241.08,245.0,240.0,0.020732,0.020734,ws,ws,type_b_ladder,type_b_ladder,False,False,0.1885,-0.1333,65,-26.0,strategy_S5-10_ATM_5_2__TYPE_B:NIFTY:2026-04-22T11:19:33:LONG
2026-04-22,11:19:43,2026-04-22,11:20:06,NIFTY,BUY,TYPE_B,PASSIVE,HIT_BID,24439.4,24437.25,NIFTY28APR2624400CE,24400.0,CE,ITM1,241.95,241.3,241.63,241.37,245.0,240.0,0.020687,0.020713,ws,ws,type_b_ladder,type_b_ladder,False,False,0.3214,-0.0714,65,-42.25,strategy_S5-10_ATM_5_2__TYPE_B:NIFTY:2026-04-22T11:19:43:LONG
2026-04-22,11:20:11,2026-04-22,11:20:48,NIFTY,SELL,TYPE_B,PASSIVE,HIT_BID,24436.65,24433.65,NIFTY28APR2624450PE,24450.0,PE,ITM1,246.25,248.0,245.93,248.08,250.0,245.0,0.020325,0.020151,ws,ws,type_b_ladder,type_b_ladder,False,False,0.3158,-0.0833,65,113.75,strategy_S5-10_ATM_5_2__TYPE_B:NIFTY:2026-04-22T11:20:11:SHORT
2026-04-22,11:20:53,2026-04-22,11:21:30,NIFTY,BUY,TYPE_B,PASSIVE,HIT_BID,24435.3,24435.75,NIFTY28APR2624400CE,24400.0,CE,ITM1,238.5,240.45,238.31,240.79,240.0,240.0,0.020975,0.020771,ws,ws,type_b_ladder,type_b_ladder,False,False,0.1875,-0.3385,65,126.75,strategy_S5-10_ATM_5_2__TYPE_B:NIFTY:2026-04-22T11:20:53:LONG
2026-04-22,11:21:38,2026-04-22,11:21:51,NIFTY,BUY,TYPE_B,PASSIVE,HIT_BID,24439.0,24439.05,NIFTY28APR2624400CE,24400.0,CE,ITM1,241.0,241.55,240.56,241.77,245.0,240.0,0.020768,0.020676,ws,ws,type_b_ladder,type_b_ladder,False,False,0.4444,-0.22,65,35.75,strategy_S5-10_ATM_5_2__TYPE_B:NIFTY:2026-04-22T11:21:38:LONG
2026-04-22,11:21:57,2026-04-22,11:21:58,NIFTY,SELL,TYPE_B,PASSIVE,HIT_BID,24437.55,24440.3,NIFTY28APR2624450PE,24450.0,PE,ITM1,243.95,243.7,243.6,244.05,245.0,240.0,0.020519,0.020498,ws,ws,type_b_ladder,type_b_ladder,False,False,0.3536,-0.35,65,-16.25,strategy_S5-10_ATM_5_2__TYPE_B:NIFTY:2026-04-22T11:21:57:SHORT
2026-04-22,11:22:00,2026-04-22,11:22:13,NIFTY,SELL,TYPE_B,PASSIVE,HIT_BID,24437.1,24438.45,NIFTY28APR2624450PE,24450.0,PE,ITM1,244.75,244.45,244.59,244.7,245.0,240.0,0.020452,0.020429,ws,ws,type_b_ladder,type_b_ladder,False,False,0.165,-0.25,65,-19.5,strategy_S5-10_ATM_5_2__TYPE_B:NIFTY:2026-04-22T11:22:00:SHORT
2026-04-22,11:22:16,2026-04-22,11:22:44,NIFTY,BUY,TYPE_B,PASSIVE,HIT_BID,24439.5,24439.45,NIFTY28APR2624400CE,24400.0,CE,ITM1,240.9,243.3,240.87,243.62,245.0,240.0,0.020775,0.02053,ws,ws,type_b_ladder,type_b_ladder,False,False,0.0321,-0.3182,65,156.0,strategy_S5-10_ATM_5_2__TYPE_B:NIFTY:2026-04-22T11:22:16:LONG
2026-04-22,11:22:45,2026-04-22,11:22:55,NIFTY,BUY,TYPE_B,PASSIVE,HIT_BID,24443.3,24440.85,NIFTY28APR2624400CE,24400.0,CE,ITM1,243.8,243.2,243.62,243.29,245.0,240.0,0.02053,0.020542,ws,ws,type_b_ladder,type_b_ladder,False,False,0.1818,-0.0923,65,-39.0,strategy_S5-10_ATM_5_2__TYPE_B:NIFTY:2026-04-22T11:22:45:LONG
2026-04-22,11:23:17,2026-04-22,11:23:38,NIFTY,SELL,TYPE_B,PASSIVE,HIT_BID,24438.5,24439.45,NIFTY28APR2624450PE,24450.0,PE,ITM1,241.95,243.6,241.68,244.0,245.0,240.0,0.020685,0.020504,ws,ws,type_b_ladder,type_b_ladder,False,False,0.27,-0.4032,65,107.25,strategy_S5-10_ATM_5_2__TYPE_B:NIFTY:2026-04-22T11:23:17:SHORT
2026-04-22,11:23:43,2026-04-22,11:24:42,NIFTY,BUY,TYPE_B,PASSIVE,HIT_BID,24440.25,24444.5,NIFTY28APR2624400CE,24400.0,CE,ITM1,239.85,244.85,239.72,245.09,240.0,240.0,0.020855,0.02041,ws,ws,type_b_ladder,type_b_ladder,False,False,0.1333,-0.2407,65,325.0,strategy_S5-10_ATM_5_2__TYPE_B:NIFTY:2026-04-22T11:23:43:LONG
2026-04-22,11:24:58,2026-04-22,11:25:12,NIFTY,BUY,TYPE_B,PASSIVE,HIT_BID,24446.8,24443.7,NIFTY28APR2624400CE,24400.0,CE,ITM1,244.9,242.1,244.63,242.32,245.0,240.0,0.020431,0.020625,ws,ws,type_b_ladder,type_b_ladder,False,False,0.2676,-0.225,65,-182.0,strategy_S5-10_ATM_5_2__TYPE_B:NIFTY:2026-04-22T11:24:58:LONG
2026-04-22,11:25:20,2026-04-22,11:25:28,NIFTY,SELL,TYPE_B,PASSIVE,HIT_BID,24443.45,24444.95,NIFTY28APR2624450PE,24450.0,PE,ITM1,238.3,237.15,238.21,237.22,240.0,235.0,0.021,0.021077,ws,ws,type_b_ladder,type_b_ladder,False,False,0.0857,-0.075,65,-74.75,strategy_S5-10_ATM_5_2__TYPE_B:NIFTY:2026-04-22T11:25:20:SHORT
2026-04-22,11:25:30,2026-04-22,11:25:42,NIFTY,BUY,TYPE_B,PASSIVE,HIT_BID,24446.15,24444.75,NIFTY28APR2624400CE,24400.0,CE,ITM1,244.85,243.9,244.59,244.33,245.0,240.0,0.020433,0.020479,ws,ws,type_b_ladder,type_b_ladder,False,False,0.2636,-0.4286,65,-61.75,strategy_S5-10_ATM_5_2__TYPE_B:NIFTY:2026-04-22T11:25:30:LONG
2026-04-22,11:26:18,2026-04-22,11:26:35,NIFTY,BUY,TYPE_B,PASSIVE,HIT_BID,24447.65,24447.05,NIFTY28APR2624400CE,24400.0,CE,ITM1,247.15,246.05,247.12,246.23,250.0,245.0,0.020249,0.020298,ws,ws,type_b_ladder,type_b_ladder,False,False,0.0277,-0.1833,65,-71.5,strategy_S5-10_ATM_5_2__TYPE_B:NIFTY:2026-04-22T11:26:18:LONG
2026-04-22,11:26:51,2026-04-22,11:26:53,NIFTY,SELL,TYPE_B,PASSIVE,HIT_BID,24447.05,24448.6,NIFTY28APR2624450PE,24450.0,PE,ITM1,235.9,235.75,235.77,235.87,240.0,235.0,0.021216,0.021193,ws,ws,type_b_ladder,type_b_ladder,False,False,0.1286,-0.1167,65,-9.75,strategy_S5-10_ATM_5_2__TYPE_B:NIFTY:2026-04-22T11:26:51:SHORT
2026-04-22,11:27:06,2026-04-22,11:27:19,NIFTY,SELL,TYPE_B,PASSIVE,HIT_BID,24446.85,24447.15,NIFTY28APR2624450PE,24450.0,PE,ITM1,235.4,237.5,235.37,237.76,240.0,235.0,0.021249,0.021037,ws,ws,type_b_ladder,type_b_ladder,False,False,0.0286,-0.2625,65,136.5,strategy_S5-10_ATM_5_2__TYPE_B:NIFTY:2026-04-22T11:27:06:SHORT
2026-04-22,11:27:25,2026-04-22,11:27:26,NIFTY,SELL,TYPE_B,PASSIVE,HIT_BID,24444.95,24446.65,NIFTY28APR2624450PE,24450.0,PE,ITM1,237.6,236.85,237.38,236.93,240.0,235.0,0.021068,0.021093,ws,ws,type_b_ladder,type_b_ladder,False,False,0.223,-0.075,65,-48.75,strategy_S5-10_ATM_5_2__TYPE_B:NIFTY:2026-04-22T11:27:25:SHORT
2026-04-22,11:27:50,2026-04-22,11:28:23,NIFTY,SELL,TYPE_B,PASSIVE,HIT_BID,24444.65,24442.15,NIFTY28APR2624450PE,24450.0,PE,ITM1,236.0,239.3,235.6,239.45,240.0,235.0,0.021207,0.020875,ws,ws,type_b_ladder,type_b_ladder,False,False,0.4,-0.15,65,214.5,strategy_S5-10_ATM_5_2__TYPE_B:NIFTY:2026-04-22T11:27:50:SHORT
2026-04-22,11:28:32,2026-04-22,11:28:43,NIFTY,SELL,TYPE_B,PASSIVE,HIT_BID,24440.6,24440.95,NIFTY28APR2624450PE,24450.0,PE,ITM1,240.9,241.1,240.74,241.35,245.0,240.0,0.020766,0.020719,ws,ws,type_b_ladder,type_b_ladder,False,False,0.1562,-0.25,65,13.0,strategy_S5-10_ATM_5_2__TYPE_B:NIFTY:2026-04-22T11:28:32:SHORT
2026-04-22,11:29:03,2026-04-22,11:29:10,NIFTY,BUY,TYPE_B,PASSIVE,HIT_BID,24443.2,24440.65,NIFTY28APR2624400CE,24400.0,CE,ITM1,242.4,240.6,242.27,240.66,245.0,240.0,0.020644,0.020764,ws,ws,type_b_ladder,type_b_ladder,False,False,0.1333,-0.0615,65,-117.0,strategy_S5-10_ATM_5_2__TYPE_B:NIFTY:2026-04-22T11:29:03:LONG
2026-04-22,11:29:24,2026-04-22,11:29:38,NIFTY,SELL,TYPE_B,PASSIVE,HIT_BID,24437.4,24436.5,NIFTY28APR2624450PE,24450.0,PE,ITM1,243.05,242.6,242.9,242.71,245.0,240.0,0.020585,0.020589,ws,ws,type_b_ladder,type_b_ladder,False,False,0.15,-0.1111,65,-29.25,strategy_S5-10_ATM_5_2__TYPE_B:NIFTY:2026-04-22T11:29:24:SHORT
2026-04-22,11:30:08,2026-04-22,11:30:17,NIFTY,BUY,TYPE_B,PASSIVE,HIT_BID,24437.4,24435.3,NIFTY28APR2624400CE,24400.0,CE,ITM1,237.45,237.7,237.25,237.96,240.0,235.0,0.021075,0.021022,ws,ws,type_b_ladder,type_b_ladder,False,False,0.2,-0.2571,65,16.25,strategy_S5-10_ATM_5_2__TYPE_B:NIFTY:2026-04-22T11:30:08:LONG
2026-04-22,11:30:33,2026-04-22,11:30:43,NIFTY,BUY,TYPE_B,PASSIVE,HIT_BID,24437.85,24435.85,NIFTY28APR2624400CE,24400.0,CE,ITM1,239.7,239.1,239.37,239.28,240.0,235.0,0.020879,0.020894,ws,ws,type_b_ladder,type_b_ladder,False,False,0.33,-0.1818,65,-39.0,strategy_S5-10_ATM_5_2__TYPE_B:NIFTY:2026-04-22T11:30:33:LONG
2026-04-22,11:30:58,2026-04-22,11:31:08,NIFTY,SELL,TYPE_B,PASSIVE,HIT_BID,24435.45,24437.05,NIFTY28APR2624450PE,24450.0,PE,ITM1,242.35,242.05,242.28,242.38,245.0,240.0,0.020638,0.020636,ws,ws,type_b_ladder,type_b_ladder,False,False,0.0717,-0.3333,65,-19.5,strategy_S5-10_ATM_5_2__TYPE_B:NIFTY:2026-04-22T11:30:58:SHORT
2026-04-22,11:31:23,2026-04-22,11:31:29,NIFTY,BUY,TYPE_B,PASSIVE,HIT_BID,24437.5,24434.6,NIFTY28APR2624400CE,24400.0,CE,ITM1,239.0,239.35,238.82,239.55,240.0,235.0,0.020942,0.02087,ws,ws,type_b_ladder,type_b_ladder,False,False,0.1786,-0.1969,65,22.75,strategy_S5-10_ATM_5_2__TYPE_B:NIFTY:2026-04-22T11:31:23:LONG
2026-04-22,11:31:43,2026-04-22,11:31:44,NIFTY,BUY,TYPE_B,PASSIVE,HIT_BID,24438.0,24435.65,NIFTY28APR2624400CE,24400.0,CE,ITM1,239.45,239.05,239.4,239.4,240.0,235.0,0.020899,0.020899,ws,ws,type_b_ladder,type_b_ladder,False,False,0.0533,-0.3467,65,-26.0,strategy_S5-10_ATM_5_2__TYPE_B:NIFTY:2026-04-22T11:31:43:LONG
2026-04-22,11:31:55,2026-04-22,11:32:06,NIFTY,SELL,TYPE_B,PASSIVE,HIT_BID,24433.95,24436.75,NIFTY28APR2624450PE,24450.0,PE,ITM1,242.55,242.8,242.45,242.96,245.0,240.0,0.020627,0.020572,ws,ws,type_b_ladder,type_b_ladder,False,False,0.1,-0.1585,65,16.25,strategy_S5-10_ATM_5_2__TYPE_B:NIFTY:2026-04-22T11:31:55:SHORT
2026-04-22,11:32:23,2026-04-22,11:32:31,NIFTY,BUY,TYPE_B,PASSIVE,HIT_BID,24442.35,24439.9,NIFTY28APR2624400CE,24400.0,CE,ITM1,242.55,241.6,242.32,241.65,245.0,240.0,0.020633,0.020676,ws,ws,type_b_ladder,type_b_ladder,False,False,0.225,-0.05,65,-61.75,strategy_S5-10_ATM_5_2__TYPE_B:NIFTY:2026-04-22T11:32:23:LONG
2026-04-22,11:32:47,2026-04-22,11:32:58,NIFTY,SELL,TYPE_B,PASSIVE,HIT_BID,24438.95,24441.25,NIFTY28APR2624450PE,24450.0,PE,ITM1,239.5,238.5,239.43,238.52,240.0,235.0,0.020892,0.020956,ws,ws,type_b_ladder,type_b_ladder,False,False,0.07,-0.0182,65,-65.0,strategy_S5-10_ATM_5_2__TYPE_B:NIFTY:2026-04-22T11:32:47:SHORT
2026-04-22,11:33:03,2026-04-22,11:33:37,NIFTY,BUY,TYPE_B,PASSIVE,HIT_BID,24442.35,24444.4,NIFTY28APR2624400CE,24400.0,CE,ITM1,244.0,245.75,243.66,245.86,245.0,245.0,0.020507,0.020336,ws,ws,type_b_ladder,type_b_ladder,False,False,0.344,-0.1071,65,113.75,strategy_S5-10_ATM_5_2__TYPE_B:NIFTY:2026-04-22T11:33:03:LONG
2026-04-22,11:33:43,2026-04-22,11:33:50,NIFTY,BUY,TYPE_B,PASSIVE,HIT_BID,24448.5,24446.15,NIFTY28APR2624400CE,24400.0,CE,ITM1,248.0,248.0,247.61,248.36,250.0,245.0,0.020178,0.020141,ws,ws,type_b_ladder,type_b_ladder,False,False,0.3893,-0.3571,65,0.0,strategy_S5-10_ATM_5_2__TYPE_B:NIFTY:2026-04-22T11:33:43:LONG
2026-04-22,11:34:00,2026-04-22,11:34:15,NIFTY,SELL,TYPE_B,PASSIVE,HIT_BID,24445.25,24445.3,NIFTY28APR2624450PE,24450.0,PE,ITM1,230.95,233.7,230.91,233.83,235.0,230.0,0.021666,0.021377,ws,ws,type_b_ladder,type_b_ladder,False,False,0.0437,-0.1333,65,178.75,strategy_S5-10_ATM_5_2__TYPE_B:NIFTY:2026-04-22T11:34:00:SHORT
2026-04-22,11:34:40,2026-04-22,11:34:53,NIFTY,SELL,TYPE_B,PASSIVE,HIT_BID,24441.95,24441.85,NIFTY28APR2624450PE,24450.0,PE,ITM1,235.25,236.0,235.1,236.05,240.0,235.0,0.021263,0.021171,ws,ws,type_b_ladder,type_b_ladder,False,False,0.15,-0.05,65,48.75,strategy_S5-10_ATM_5_2__TYPE_B:NIFTY:2026-04-22T11:34:40:SHORT
2026-04-22,11:35:00,2026-04-22,11:35:07,NIFTY,BUY,TYPE_B,PASSIVE,HIT_BID,24442.65,24441.2,NIFTY28APR2624400CE,24400.0,CE,ITM1,242.75,241.25,242.69,241.43,245.0,240.0,0.020612,0.02071,ws,ws,type_b_ladder,type_b_ladder,False,False,0.0583,-0.175,65,-97.5,strategy_S5-10_ATM_5_2__TYPE_B:NIFTY:2026-04-22T11:35:00:LONG
2026-04-22,11:35:14,2026-04-22,11:36:03,NIFTY,SELL,TYPE_B,PASSIVE,HIT_BID,24439.7,24435.65,NIFTY28APR2624450PE,24450.0,PE,ITM1,238.8,241.95,238.51,242.06,240.0,240.0,0.020956,0.020648,ws,ws,type_b_ladder,type_b_ladder,False,False,0.2857,-0.1143,65,204.75,strategy_S5-10_ATM_5_2__TYPE_B:NIFTY:2026-04-22T11:35:14:SHORT
2026-04-22,11:36:10,2026-04-22,11:36:23,NIFTY,SELL,TYPE_B,PASSIVE,HIT_BID,24434.3,24435.5,NIFTY28APR2624450PE,24450.0,PE,ITM1,240.8,240.8,240.47,240.88,245.0,240.0,0.020779,0.020751,ws,ws,type_b_ladder,type_b_ladder,False,False,0.3348,-0.075,65,0.0,strategy_S5-10_ATM_5_2__TYPE_B:NIFTY:2026-04-22T11:36:10:SHORT
2026-04-22,11:36:31,2026-04-22,11:36:38,NIFTY,SELL,TYPE_B,PASSIVE,HIT_BID,24433.65,24435.25,NIFTY28APR2624450PE,24450.0,PE,ITM1,241.9,239.25,241.6,239.39,245.0,235.0,0.020691,0.020883,ws,ws,type_b_ladder,type_b_ladder,False,False,0.3,-0.14,65,-172.25,strategy_S5-10_ATM_5_2__TYPE_B:NIFTY:2026-04-22T11:36:31:SHORT
2026-04-22,11:36:49,2026-04-22,11:36:53,NIFTY,BUY,TYPE_B,PASSIVE,HIT_BID,24435.3,24433.05,NIFTY28APR2624400CE,24400.0,CE,ITM1,237.6,237.05,237.5,237.43,240.0,235.0,0.021068,0.021073,ws,ws,type_b_ladder,type_b_ladder,False,False,0.0971,-0.3808,65,-35.75,strategy_S5-10_ATM_5_2__TYPE_B:NIFTY:2026-04-22T11:36:49:LONG
2026-04-22,11:37:13,2026-04-22,11:37:28,NIFTY,BUY,TYPE_B,PASSIVE,HIT_BID,24436.7,24434.9,NIFTY28APR2624400CE,24400.0,CE,ITM1,238.0,236.65,237.8,236.74,240.0,235.0,0.021022,0.021113,ws,ws,type_b_ladder,type_b_ladder,False,False,0.2,-0.0875,65,-87.75,strategy_S5-10_ATM_5_2__TYPE_B:NIFTY:2026-04-22T11:37:13:LONG
2026-04-22,11:37:31,2026-04-22,11:37:59,NIFTY,BUY,TYPE_B,PASSIVE,HIT_BID,24436.8,24436.3,NIFTY28APR2624400CE,24400.0,CE,ITM1,238.0,235.65,237.89,236.02,240.0,235.0,0.021028,0.021193,ws,ws,type_b_ladder,type_b_ladder,False,False,0.1125,-0.3667,65,-152.75,strategy_S5-10_ATM_5_2__TYPE_B:NIFTY:2026-04-22T11:37:31:LONG
2026-04-22,11:38:13,2026-04-22,11:38:30,NIFTY,SELL,TYPE_B,PASSIVE,HIT_BID,24433.2,24435.2,NIFTY28APR2624450PE,24450.0,PE,ITM1,242.05,239.45,241.82,239.7,245.0,235.0,0.020683,0.020857,ws,ws,type_b_ladder,type_b_ladder,False,False,0.2333,-0.2538,65,-169.0,strategy_S5-10_ATM_5_2__TYPE_B:NIFTY:2026-04-22T11:38:13:SHORT
2026-04-22,11:38:43,2026-04-22,11:38:50,NIFTY,BUY,TYPE_B,PASSIVE,HIT_BID,24435.65,24434.15,NIFTY28APR2624400CE,24400.0,CE,ITM1,237.3,236.3,237.11,236.61,240.0,235.0,0.021084,0.021135,ws,ws,type_b_ladder,type_b_ladder,False,False,0.1875,-0.3056,65,-65.0,strategy_S5-10_ATM_5_2__TYPE_B:NIFTY:2026-04-22T11:38:43:LONG
2026-04-22,11:38:58,2026-04-22,11:39:13,NIFTY,BUY,TYPE_B,PASSIVE,HIT_BID,24435.45,24433.7,NIFTY28APR2624400CE,24400.0,CE,ITM1,237.2,236.7,237.19,236.87,240.0,235.0,0.021097,0.021104,ws,ws,type_b_ladder,type_b_ladder,False,False,0.0121,-0.1731,65,-32.5,strategy_S5-10_ATM_5_2__TYPE_B:NIFTY:2026-04-22T11:38:58:LONG
2026-04-22,11:39:17,2026-04-22,11:39:28,NIFTY,SELL,TYPE_B,PASSIVE,HIT_BID,24432.25,24432.1,NIFTY28APR2624450PE,24450.0,PE,ITM1,241.9,243.1,241.62,243.42,245.0,240.0,0.020689,0.020542,ws,ws,type_b_ladder,type_b_ladder,False,False,0.2812,-0.3176,65,78.0,strategy_S5-10_ATM_5_2__TYPE_B:NIFTY:2026-04-22T11:39:17:SHORT
2026-04-22,11:39:58,2026-04-22,11:40:03,NIFTY,SELL,TYPE_B,PASSIVE,HIT_BID,24430.4,24432.15,NIFTY28APR2624450PE,24450.0,PE,ITM1,243.25,242.55,243.14,242.8,245.0,240.0,0.020563,0.020593,ws,ws,type_b_ladder,type_b_ladder,False,False,0.1059,-0.25,65,-45.5,strategy_S5-10_ATM_5_2__TYPE_B:NIFTY:2026-04-22T11:39:58:SHORT
2026-04-22,11:40:06,2026-04-22,11:40:08,NIFTY,SELL,TYPE_B,PASSIVE,HIT_BID,24430.3,24431.7,NIFTY28APR2624450PE,24450.0,PE,ITM1,243.25,243.5,243.18,243.68,245.0,240.0,0.020566,0.020521,ws,ws,type_b_ladder,type_b_ladder,False,False,0.0714,-0.18,65,16.25,strategy_S5-10_ATM_5_2__TYPE_B:NIFTY:2026-04-22T11:40:06:SHORT
2026-04-22,11:40:23,2026-04-22,11:40:30,NIFTY,BUY,TYPE_B,PASSIVE,HIT_BID,24433.4,24432.15,NIFTY28APR2624400CE,24400.0,CE,ITM1,235.8,235.5,235.45,235.6,240.0,235.0,0.021225,0.021209,ws,ws,type_b_ladder,type_b_ladder,False,False,0.3462,-0.0968,65,-19.5,strategy_S5-10_ATM_5_2__TYPE_B:NIFTY:2026-04-22T11:40:23:LONG
2026-04-22,11:40:50,2026-04-22,11:41:10,NIFTY,BUY,TYPE_B,PASSIVE,HIT_BID,24435.4,24433.85,NIFTY28APR2624400CE,24400.0,CE,ITM1,238.0,236.1,237.77,236.59,240.0,235.0,0.021024,0.021153,ws,ws,type_b_ladder,type_b_ladder,False,False,0.2333,-0.4889,65,-123.5,strategy_S5-10_ATM_5_2__TYPE_B:NIFTY:2026-04-22T11:40:50:LONG
2026-04-22,11:41:47,2026-04-22,11:42:02,NIFTY,SELL,TYPE_B,PASSIVE,HIT_BID,24432.65,24434.05,NIFTY28APR2624450PE,24450.0,PE,ITM1,240.7,242.1,240.62,242.3,245.0,240.0,0.020781,0.02064,ws,ws,type_b_ladder,type_b_ladder,False,False,0.08,-0.2,65,91.0,strategy_S5-10_ATM_5_2__TYPE_B:NIFTY:2026-04-22T11:41:47:SHORT
2026-04-22,11:42:05,2026-04-22,11:42:41,NIFTY,BUY,TYPE_B,PASSIVE,HIT_BID,24434.5,24434.85,NIFTY28APR2624400CE,24400.0,CE,ITM1,234.65,235.5,234.42,235.88,235.0,235.0,0.021324,0.021211,ws,ws,type_b_ladder,type_b_ladder,False,False,0.2333,-0.3808,65,55.25,strategy_S5-10_ATM_5_2__TYPE_B:NIFTY:2026-04-22T11:42:05:LONG
2026-04-22,11:42:50,2026-04-22,11:43:23,NIFTY,SELL,TYPE_B,PASSIVE,HIT_BID,24433.85,24427.75,NIFTY28APR2624450PE,24450.0,PE,ITM1,240.9,245.1,240.5,245.32,245.0,245.0,0.020775,0.020381,ws,ws,type_b_ladder,type_b_ladder,False,False,0.405,-0.225,65,273.0,strategy_S5-10_ATM_5_2__TYPE_B:NIFTY:2026-04-22T11:42:50:SHORT
2026-04-22,11:43:25,2026-04-22,11:43:45,NIFTY,SELL,TYPE_B,PASSIVE,HIT_BID,24425.7,24425.5,NIFTY28APR2624450PE,24450.0,PE,ITM1,245.6,246.45,245.23,246.53,250.0,245.0,0.020385,0.020276,ws,ws,type_b_ladder,type_b_ladder,False,False,0.3656,-0.075,65,55.25,strategy_S5-10_ATM_5_2__TYPE_B:NIFTY:2026-04-22T11:43:25:SHORT
2026-04-22,11:44:08,2026-04-22,11:44:30,NIFTY,BUY,TYPE_B,PASSIVE,HIT_BID,24429.05,24427.05,NIFTY28APR2624400CE,24400.0,CE,ITM1,233.6,232.45,233.38,232.65,235.0,230.0,0.021425,0.021487,ws,ws,type_b_ladder,type_b_ladder,False,False,0.225,-0.2,65,-74.75,strategy_S5-10_ATM_5_2__TYPE_B:NIFTY:2026-04-22T11:44:08:LONG
2026-04-22,11:44:37,2026-04-22,11:45:31,NIFTY,SELL,TYPE_B,PASSIVE,HIT_BID,24426.35,24410.9,NIFTY28APR2624450PE,24450.0,PE,ITM1,246.55,253.4,246.42,253.55,250.0,250.0,0.020298,0.01972,ws,ws,type_b_ladder,type_b_ladder,False,False,0.1286,-0.15,65,445.25,strategy_S5-10_ATM_5_2__TYPE_B:NIFTY:2026-04-22T11:44:37:SHORT
2026-04-22,11:45:40,2026-04-22,11:45:42,NIFTY,SELL,TYPE_B,PASSIVE,HIT_BID,24408.0,24409.9,NIFTY28APR2624450PE,24450.0,PE,ITM1,255.0,253.95,254.52,254.34,255.0,250.0,0.019627,0.019666,ws,ws,type_b_ladder,type_b_ladder,False,False,0.4754,-0.3857,65,-68.25,strategy_S5-10_ATM_5_2__TYPE_B:NIFTY:2026-04-22T11:45:40:SHORT
2026-04-22,11:45:51,2026-04-22,11:46:42,NIFTY,SELL,TYPE_B,PASSIVE,HIT_BID,24408.0,24396.3,NIFTY28APR2624450PE,24450.0,PE,ITM1,254.35,262.9,254.0,263.17,255.0,260.0,0.019685,0.018997,ws,ws,type_b_ladder,type_b_ladder,False,False,0.35,-0.2727,65,555.75,strategy_S5-10_ATM_5_2__TYPE_B:NIFTY:2026-04-22T11:45:51:SHORT
2026-04-22,11:46:50,2026-04-22,11:46:58,NIFTY,BUY,TYPE_B,PASSIVE,HIT_BID,24400.45,24399.3,NIFTY28APR2624400CE,24400.0,CE,ITM1,222.75,221.3,222.62,221.37,225.0,220.0,0.022469,0.022573,ws,ws,type_b_ladder,type_b_ladder,False,False,0.126,-0.0667,65,-94.25,strategy_S5-10_ATM_5_2__TYPE_B:NIFTY:2026-04-22T11:46:50:LONG
2026-04-22,11:47:05,2026-04-22,11:47:06,NIFTY,SELL,TYPE_B,PASSIVE,HIT_BID,24397.85,24399.6,NIFTY28APR2624400PE,24400.0,PE,ITM1,238.25,237.45,238.18,237.72,240.0,235.0,0.021011,0.021037,ws,ws,type_b_ladder,type_b_ladder,False,False,0.0733,-0.27,65,-52.0,strategy_S5-10_ATM_5_2__TYPE_B:NIFTY:2026-04-22T11:47:05:SHORT
2026-04-22,11:47:12,2026-04-22,11:47:28,NIFTY,BUY,TYPE_B,PASSIVE,HIT_BID,24401.15,24396.75,NIFTY28APR2624400CE,24400.0,CE,ITM1,221.0,218.8,220.58,218.97,225.0,215.0,0.022647,0.022828,ws,ws,type_b_ladder,type_b_ladder,False,False,0.4241,-0.1687,65,-143.0,strategy_S5-10_ATM_5_2__TYPE_B:NIFTY:2026-04-22T11:47:12:LONG
2026-04-22,11:47:30,2026-04-22,11:47:33,NIFTY,SELL,TYPE_B,PASSIVE,HIT_BID,24396.0,24398.85,NIFTY28APR2624400PE,24400.0,PE,ITM1,239.75,238.8,239.49,239.03,240.0,235.0,0.02087,0.020918,ws,ws,type_b_ladder,type_b_ladder,False,False,0.2625,-0.225,65,-61.75,strategy_S5-10_ATM_5_2__TYPE_B:NIFTY:2026-04-22T11:47:30:SHORT
2026-04-22,11:47:47,2026-04-22,11:48:03,NIFTY,SELL,TYPE_B,PASSIVE,HIT_BID,24394.95,24394.7,NIFTY28APR2624400PE,24400.0,PE,ITM1,241.0,242.1,240.56,242.16,245.0,240.0,0.020768,0.020629,ws,ws,type_b_ladder,type_b_ladder,False,False,0.4385,-0.0647,65,71.5,strategy_S5-10_ATM_5_2__TYPE_B:NIFTY:2026-04-22T11:47:47:SHORT
2026-04-22,11:48:07,2026-04-22,11:48:18,NIFTY,SELL,TYPE_B,PASSIVE,HIT_BID,24391.85,24393.6,NIFTY28APR2624400PE,24400.0,PE,ITM1,242.65,243.1,242.3,243.17,245.0,240.0,0.020631,0.020553,ws,ws,type_b_ladder,type_b_ladder,False,False,0.3529,-0.07,65,29.25,strategy_S5-10_ATM_5_2__TYPE_B:NIFTY:2026-04-22T11:48:07:SHORT
2026-04-22,11:48:28,2026-04-22,11:49:40,NIFTY,BUY,TYPE_B,PASSIVE,HIT_BID,24395.65,24405.05,NIFTY28APR2624350CE,24350.0,CE,ITM1,243.1,248.7,242.95,249.01,245.0,245.0,0.02058,0.02009,ws,ws,type_b_ladder,type_b_ladder,False,False,0.15,-0.3063,65,364.0,strategy_S5-10_ATM_5_2__TYPE_B:NIFTY:2026-04-22T11:48:28:LONG
2026-04-22,11:49:51,2026-04-22,11:50:09,NIFTY,BUY,TYPE_B,PASSIVE,HIT_BID,24408.5,24404.85,NIFTY28APR2624400CE,24400.0,CE,ITM1,222.35,220.6,222.1,220.72,225.0,220.0,0.022502,0.022647,ws,ws,type_b_ladder,type_b_ladder,False,False,0.25,-0.1167,65,-113.75,strategy_S5-10_ATM_5_2__TYPE_B:NIFTY:2026-04-22T11:49:51:LONG
2026-04-22,11:50:18,2026-04-22,11:50:22,NIFTY,BUY,TYPE_B,PASSIVE,HIT_BID,24407.3,24406.2,NIFTY28APR2624400CE,24400.0,CE,ITM1,221.6,222.7,221.47,222.73,225.0,220.0,0.022573,0.022437,ws,ws,type_b_ladder,type_b_ladder,False,False,0.1333,-0.0333,65,71.5,strategy_S5-10_ATM_5_2__TYPE_B:NIFTY:2026-04-22T11:50:18:LONG
2026-04-22,11:50:36,2026-04-22,11:51:02,NIFTY,BUY,TYPE_B,PASSIVE,HIT_BID,24410.15,24408.05,NIFTY28APR2624400CE,24400.0,CE,ITM1,223.2,223.05,222.72,223.24,225.0,220.0,0.022427,0.022394,ws,ws,type_b_ladder,type_b_ladder,False,False,0.4815,-0.1875,65,-9.75,strategy_S5-10_ATM_5_2__TYPE_B:NIFTY:2026-04-22T11:50:36:LONG
2026-04-22,11:51:09,2026-04-22,11:51:16,NIFTY,SELL,TYPE_B,PASSIVE,HIT_BID,24407.3,24409.15,NIFTY28APR2624450PE,24450.0,PE,ITM1,257.2,255.0,256.81,255.41,260.0,255.0,0.019457,0.019591,ws,ws,type_b_ladder,type_b_ladder,False,False,0.3857,-0.4133,65,-143.0,strategy_S5-10_ATM_5_2__TYPE_B:NIFTY:2026-04-22T11:51:09:SHORT
2026-04-22,11:51:23,2026-04-22,11:51:42,NIFTY,BUY,TYPE_B,PASSIVE,HIT_BID,24411.0,24408.85,NIFTY28APR2624400CE,24400.0,CE,ITM1,224.75,224.15,224.36,224.49,225.0,220.0,0.022274,0.022284,ws,ws,type_b_ladder,type_b_ladder,False,False,0.3896,-0.3375,65,-39.0,strategy_S5-10_ATM_5_2__TYPE_B:NIFTY:2026-04-22T11:51:23:LONG
2026-04-22,11:51:50,2026-04-22,11:51:51,NIFTY,SELL,TYPE_B,PASSIVE,HIT_BID,24407.3,24410.05,NIFTY28APR2624450PE,24450.0,PE,ITM1,257.8,256.4,257.49,256.66,260.0,255.0,0.019412,0.019484,ws,ws,type_b_ladder,type_b_ladder,False,False,0.315,-0.2571,65,-91.0,strategy_S5-10_ATM_5_2__TYPE_B:NIFTY:2026-04-22T11:51:50:SHORT
2026-04-22,11:52:03,2026-04-22,11:52:06,NIFTY,SELL,TYPE_B,PASSIVE,HIT_BID,24406.35,24408.85,NIFTY28APR2624450PE,24450.0,PE,ITM1,257.35,256.8,257.01,256.84,260.0,255.0,0.019444,0.019461,ws,ws,type_b_ladder,type_b_ladder,False,False,0.3385,-0.0357,65,-35.75,strategy_S5-10_ATM_5_2__TYPE_B:NIFTY:2026-04-22T11:52:03:SHORT
2026-04-22,11:52:20,2026-04-22,11:52:28,NIFTY,SELL,TYPE_B,PASSIVE,HIT_BID,24405.65,24408.4,NIFTY28APR2624450PE,24450.0,PE,ITM1,258.0,255.6,257.6,255.86,260.0,255.0,0.019397,0.019547,ws,ws,type_b_ladder,type_b_ladder,False,False,0.405,-0.2571,65,-156.0,strategy_S5-10_ATM_5_2__TYPE_B:NIFTY:2026-04-22T11:52:20:SHORT
2026-04-22,11:52:51,2026-04-22,11:53:33,NIFTY,BUY,TYPE_B,PASSIVE,HIT_BID,24409.75,24410.1,NIFTY28APR2624400CE,24400.0,CE,ITM1,222.45,225.4,222.3,225.73,225.0,225.0,0.022497,0.022158,ws,ws,type_b_ladder,type_b_ladder,False,False,0.1455,-0.3333,65,191.75,strategy_S5-10_ATM_5_2__TYPE_B:NIFTY:2026-04-22T11:52:51:LONG
2026-04-22,11:53:51,2026-04-22,11:54:27,NIFTY,BUY,TYPE_B,PASSIVE,HIT_BID,24413.8,24410.8,NIFTY28APR2624400CE,24400.0,CE,ITM1,226.4,224.15,226.14,224.47,230.0,220.0,0.022099,0.022289,ws,ws,type_b_ladder,type_b_ladder,False,False,0.2625,-0.325,65,-146.25,strategy_S5-10_ATM_5_2__TYPE_B:NIFTY:2026-04-22T11:53:51:LONG
2026-04-22,11:54:36,2026-04-22,11:55:44,NIFTY,BUY,TYPE_B,PASSIVE,HIT_BID,24414.5,24416.65,NIFTY28APR2624400CE,24400.0,CE,ITM1,225.4,227.95,225.22,228.11,230.0,225.0,0.0222,0.021908,ws,ws,type_b_ladder,type_b_ladder,False,False,0.175,-0.1571,65,165.75,strategy_S5-10_ATM_5_2__TYPE_B:NIFTY:2026-04-22T11:54:36:LONG
2026-04-22,11:55:51,2026-04-22,11:56:02,NIFTY,BUY,TYPE_B,PASSIVE,HIT_BID,24419.15,24414.75,NIFTY28APR2624400CE,24400.0,CE,ITM1,227.65,226.45,227.6,226.76,230.0,225.0,0.021973,0.022053,ws,ws,type_b_ladder,type_b_ladder,False,False,0.05,-0.3143,65,-78.0,strategy_S5-10_ATM_5_2__TYPE_B:NIFTY:2026-04-22T11:55:51:LONG
2026-04-22,11:56:10,2026-04-22,11:56:21,NIFTY,SELL,TYPE_B,PASSIVE,HIT_BID,24413.45,24415.85,NIFTY28APR2624450PE,24450.0,PE,ITM1,248.7,247.7,248.45,247.76,250.0,245.0,0.020121,0.020173,ws,ws,type_b_ladder,type_b_ladder,False,False,0.25,-0.06,65,-65.0,strategy_S5-10_ATM_5_2__TYPE_B:NIFTY:2026-04-22T11:56:10:SHORT
2026-04-22,11:56:36,2026-04-22,11:56:38,NIFTY,BUY,TYPE_B,PASSIVE,HIT_BID,24416.35,24414.6,NIFTY28APR2624400CE,24400.0,CE,ITM1,226.7,226.35,226.3,226.41,230.0,225.0,0.022085,0.02208,ws,ws,type_b_ladder,type_b_ladder,False,False,0.4,-0.0571,65,-22.75,strategy_S5-10_ATM_5_2__TYPE_B:NIFTY:2026-04-22T11:56:36:LONG
2026-04-22,11:56:51,2026-04-22,11:57:20,NIFTY,BUY,TYPE_B,PASSIVE,HIT_BID,24416.75,24414.6,NIFTY28APR2624400CE,24400.0,CE,ITM1,227.25,225.45,227.19,225.68,230.0,225.0,0.022022,0.022158,ws,ws,type_b_ladder,type_b_ladder,False,False,0.0615,-0.2286,65,-117.0,strategy_S5-10_ATM_5_2__TYPE_B:NIFTY:2026-04-22T11:56:51:LONG
2026-04-22,11:57:36,2026-04-22,11:57:48,NIFTY,BUY,TYPE_B,PASSIVE,HIT_BID,24417.65,24417.05,NIFTY28APR2624400CE,24400.0,CE,ITM1,226.45,228.0,226.21,228.41,230.0,225.0,0.022099,0.021906,ws,ws,type_b_ladder,type_b_ladder,False,False,0.24,-0.4062,65,100.75,strategy_S5-10_ATM_5_2__TYPE_B:NIFTY:2026-04-22T11:57:36:LONG
2026-04-22,11:57:51,2026-04-22,11:58:32,NIFTY,BUY,TYPE_B,PASSIVE,HIT_BID,24420.5,24419.95,NIFTY28APR2624400CE,24400.0,CE,ITM1,228.9,230.3,228.76,230.48,230.0,230.0,0.021865,0.021683,ws,ws,type_b_ladder,type_b_ladder,False,False,0.1385,-0.18,65,91.0,strategy_S5-10_ATM_5_2__TYPE_B:NIFTY:2026-04-22T11:57:51:LONG
2026-04-22,11:58:35,2026-04-22,11:58:36,NIFTY,SELL,TYPE_B,PASSIVE,HIT_BID,24418.95,24422.25,NIFTY28APR2624450PE,24450.0,PE,ITM1,243.9,243.55,243.67,243.67,245.0,240.0,0.020515,0.020515,ws,ws,type_b_ladder,type_b_ladder,False,False,0.2333,-0.1167,65,-22.75,strategy_S5-10_ATM_5_2__TYPE_B:NIFTY:2026-04-22T11:58:35:SHORT
2026-04-22,11:58:45,2026-04-22,11:59:03,NIFTY,BUY,TYPE_B,PASSIVE,HIT_BID,24423.5,24422.8,NIFTY28APR2624400CE,24400.0,CE,ITM1,231.6,231.85,231.5,231.92,235.0,230.0,0.021612,0.021561,ws,ws,type_b_ladder,type_b_ladder,False,False,0.1,-0.0733,65,16.25,strategy_S5-10_ATM_5_2__TYPE_B:NIFTY:2026-04-22T11:58:45:LONG
2026-04-22,11:59:21,2026-04-22,11:59:24,NIFTY,BUY,TYPE_B,PASSIVE,HIT_BID,24426.1,24424.1,NIFTY28APR2624400CE,24400.0,CE,ITM1,233.0,233.0,232.91,233.41,235.0,230.0,0.021466,0.021439,ws,ws,type_b_ladder,type_b_ladder,False,False,0.0938,-0.4071,65,0.0,strategy_S5-10_ATM_5_2__TYPE_B:NIFTY:2026-04-22T11:59:21:LONG
2026-04-22,11:59:35,2026-04-22,12:00:29,NIFTY,BUY,TYPE_B,PASSIVE,HIT_BID,24427.0,24431.9,NIFTY28APR2624400CE,24400.0,CE,ITM1,234.4,236.8,234.26,236.87,235.0,235.0,0.021356,0.021106,ws,ws,type_b_ladder,type_b_ladder,False,False,0.1375,-0.0667,65,156.0,strategy_S5-10_ATM_5_2__TYPE_B:NIFTY:2026-04-22T11:59:35:LONG
2026-04-22,12:00:40,2026-04-22,12:00:51,NIFTY,SELL,TYPE_B,PASSIVE,HIT_BID,24429.15,24431.3,NIFTY28APR2624450PE,24450.0,PE,ITM1,237.5,237.0,237.37,237.06,240.0,235.0,0.02107,0.021084,ws,ws,type_b_ladder,type_b_ladder,False,False,0.1333,-0.0632,65,-32.5,strategy_S5-10_ATM_5_2__TYPE_B:NIFTY:2026-04-22T12:00:40:SHORT
2026-04-22,12:01:18,2026-04-22,12:01:21,NIFTY,SELL,TYPE_B,PASSIVE,HIT_BID,24427.85,24430.55,NIFTY28APR2624450PE,24450.0,PE,ITM1,238.6,238.6,238.41,238.81,240.0,235.0,0.020967,0.020934,ws,ws,type_b_ladder,type_b_ladder,False,False,0.1897,-0.2083,65,0.0,strategy_S5-10_ATM_5_2__TYPE_B:NIFTY:2026-04-22T12:01:18:SHORT
2026-04-22,12:02:06,2026-04-22,12:02:28,NIFTY,BUY,TYPE_B,PASSIVE,HIT_BID,24431.15,24429.8,NIFTY28APR2624400CE,24400.0,CE,ITM1,235.35,234.3,235.18,234.79,240.0,230.0,0.021261,0.021315,ws,ws,type_b_ladder,type_b_ladder,False,False,0.175,-0.4889,65,-68.25,strategy_S5-10_ATM_5_2__TYPE_B:NIFTY:2026-04-22T12:02:06:LONG
2026-04-22,12:02:34,2026-04-22,12:02:36,NIFTY,SELL,TYPE_B,PASSIVE,HIT_BID,24428.75,24431.1,NIFTY28APR2624450PE,24450.0,PE,ITM1,236.8,237.05,236.71,237.25,240.0,235.0,0.021124,0.021081,ws,ws,type_b_ladder,type_b_ladder,False,False,0.0909,-0.2,65,16.25,strategy_S5-10_ATM_5_2__TYPE_B:NIFTY:2026-04-22T12:02:34:SHORT
2026-04-22,12:03:00,2026-04-22,12:03:06,NIFTY,SELL,TYPE_B,PASSIVE,HIT_BID,24427.8,24430.05,NIFTY28APR2624450PE,24450.0,PE,ITM1,236.35,237.25,236.27,237.31,240.0,235.0,0.02116,0.021059,ws,ws,type_b_ladder,type_b_ladder,False,False,0.08,-0.0583,65,58.5,strategy_S5-10_ATM_5_2__TYPE_B:NIFTY:2026-04-22T12:03:00:SHORT
2026-04-22,12:03:21,2026-04-22,12:04:29,NIFTY,BUY,TYPE_B,PASSIVE,HIT_BID,24430.55,24432.75,NIFTY28APR2624400CE,24400.0,CE,ITM1,235.65,237.65,235.52,237.75,240.0,235.0,0.021236,0.02103,ws,ws,type_b_ladder,type_b_ladder,False,False,0.1333,-0.1,65,130.0,strategy_S5-10_ATM_5_2__TYPE_B:NIFTY:2026-04-22T12:03:21:LONG
2026-04-22,12:04:36,2026-04-22,12:04:38,NIFTY,BUY,TYPE_B,PASSIVE,HIT_BID,24435.7,24433.25,NIFTY28APR2624400CE,24400.0,CE,ITM1,237.8,238.7,237.61,238.95,240.0,235.0,0.021037,0.020925,ws,ws,type_b_ladder,type_b_ladder,False,False,0.1875,-0.25,65,58.5,strategy_S5-10_ATM_5_2__TYPE_B:NIFTY:2026-04-22T12:04:36:LONG
2026-04-22,12:04:51,2026-04-22,12:05:09,NIFTY,BUY,TYPE_B,PASSIVE,HIT_BID,24436.35,24433.0,NIFTY28APR2624400CE,24400.0,CE,ITM1,239.0,237.7,238.81,237.87,240.0,235.0,0.020942,0.021013,ws,ws,type_b_ladder,type_b_ladder,False,False,0.1875,-0.1667,65,-84.5,strategy_S5-10_ATM_5_2__TYPE_B:NIFTY:2026-04-22T12:04:51:LONG
2026-04-22,12:05:10,2026-04-22,12:05:21,NIFTY,SELL,TYPE_B,PASSIVE,HIT_BID,24432.9,24433.65,NIFTY28APR2624450PE,24450.0,PE,ITM1,233.75,234.25,233.58,234.27,235.0,230.0,0.021416,0.021331,ws,ws,type_b_ladder,type_b_ladder,False,False,0.1719,-0.0231,65,32.5,strategy_S5-10_ATM_5_2__TYPE_B:NIFTY:2026-04-22T12:05:10:SHORT
2026-04-22,12:05:33,2026-04-22,12:05:46,NIFTY,BUY,TYPE_B,PASSIVE,HIT_BID,24433.75,24430.65,NIFTY28APR2624400CE,24400.0,CE,ITM1,237.95,236.4,237.74,236.65,240.0,235.0,0.021037,0.02113,ws,ws,type_b_ladder,type_b_ladder,False,False,0.2115,-0.25,65,-100.75,strategy_S5-10_ATM_5_2__TYPE_B:NIFTY:2026-04-22T12:05:33:LONG
2026-04-22,12:06:01,2026-04-22,12:06:03,NIFTY,SELL,TYPE_B,PASSIVE,HIT_BID,24430.2,24432.25,NIFTY28APR2624450PE,24450.0,PE,ITM1,234.85,234.2,234.53,234.58,235.0,230.0,0.021308,0.021324,ws,ws,type_b_ladder,type_b_ladder,False,False,0.32,-0.3771,65,-42.25,strategy_S5-10_ATM_5_2__TYPE_B:NIFTY:2026-04-22T12:06:01:SHORT
2026-04-22,12:06:06,2026-04-22,12:06:08,NIFTY,BUY,TYPE_B,PASSIVE,HIT_BID,24432.9,24430.65,NIFTY28APR2624400CE,24400.0,CE,ITM1,236.9,236.6,236.86,236.78,240.0,235.0,0.02113,0.02111,ws,ws,type_b_ladder,type_b_ladder,False,False,0.0423,-0.1818,65,-19.5,strategy_S5-10_ATM_5_2__TYPE_B:NIFTY:2026-04-22T12:06:06:LONG
2026-04-22,12:06:20,2026-04-22,12:06:32,NIFTY,SELL,TYPE_B,PASSIVE,HIT_BID,24429.15,24430.65,NIFTY28APR2624450PE,24450.0,PE,ITM1,236.0,234.7,235.79,234.88,240.0,230.0,0.021198,0.021295,ws,ws,type_b_ladder,type_b_ladder,False,False,0.2102,-0.1773,65,-84.5,strategy_S5-10_ATM_5_2__TYPE_B:NIFTY:2026-04-22T12:06:20:SHORT
2026-04-22,12:06:36,2026-04-22,12:07:03,NIFTY,BUY,TYPE_B,PASSIVE,HIT_BID,24433.0,24429.85,NIFTY28APR2624400CE,24400.0,CE,ITM1,237.0,237.2,236.73,237.54,240.0,235.0,0.021115,0.021064,ws,ws,type_b_ladder,type_b_ladder,False,False,0.2667,-0.3396,65,13.0,strategy_S5-10_ATM_5_2__TYPE_B:NIFTY:2026-04-22T12:06:36:LONG
2026-04-22,12:07:13,2026-04-22,12:07:28,NIFTY,BUY,TYPE_B,PASSIVE,HIT_BID,24435.6,24432.25,NIFTY28APR2624400CE,24400.0,CE,ITM1,238.65,236.95,238.47,237.07,240.0,235.0,0.020967,0.021081,ws,ws,type_b_ladder,type_b_ladder,False,False,0.175,-0.1184,65,-110.5,strategy_S5-10_ATM_5_2__TYPE_B:NIFTY:2026-04-22T12:07:13:LONG
2026-04-22,12:07:45,2026-04-22,12:07:50,NIFTY,BUY,TYPE_B,PASSIVE,HIT_BID,24432.85,24431.7,NIFTY28APR2624400CE,24400.0,CE,ITM1,236.45,236.7,236.38,236.71,240.0,235.0,0.021166,0.021122,ws,ws,type_b_ladder,type_b_ladder,False,False,0.075,-0.005,65,16.25,strategy_S5-10_ATM_5_2__TYPE_B:NIFTY:2026-04-22T12:07:45:LONG
2026-04-22,12:08:21,2026-04-22,12:08:24,NIFTY,BUY,TYPE_B,PASSIVE,HIT_BID,24434.3,24431.3,NIFTY28APR2624400CE,24400.0,CE,ITM1,237.5,236.45,237.25,236.71,240.0,235.0,0.021075,0.021122,ws,ws,type_b_ladder,type_b_ladder,False,False,0.25,-0.2554,65,-68.25,strategy_S5-10_ATM_5_2__TYPE_B:NIFTY:2026-04-22T12:08:21:LONG
2026-04-22,12:08:37,2026-04-22,12:09:18,NIFTY,SELL,TYPE_B,PASSIVE,HIT_BID,24428.9,24427.25,NIFTY28APR2624450PE,24450.0,PE,ITM1,236.4,237.95,236.26,238.11,240.0,235.0,0.021173,0.020993,ws,ws,type_b_ladder,type_b_ladder,False,False,0.1364,-0.1636,65,100.75,strategy_S5-10_ATM_5_2__TYPE_B:NIFTY:2026-04-22T12:08:37:SHORT
2026-04-22,12:09:21,2026-04-22,12:09:43,NIFTY,SELL,TYPE_B,PASSIVE,HIT_BID,24424.4,24426.3,NIFTY28APR2624450PE,24450.0,PE,ITM1,239.0,237.65,238.65,237.81,240.0,235.0,0.02094,0.021022,ws,ws,type_b_ladder,type_b_ladder,False,False,0.3462,-0.16,65,-87.75,strategy_S5-10_ATM_5_2__TYPE_B:NIFTY:2026-04-22T12:09:21:SHORT
2026-04-22,12:09:59,2026-04-22,12:10:15,NIFTY,SELL,TYPE_B,PASSIVE,HIT_BID,24422.8,24423.3,NIFTY28APR2624450PE,24450.0,PE,ITM1,239.85,242.05,239.72,242.28,240.0,240.0,0.020853,0.020638,ws,ws,type_b_ladder,type_b_ladder,False,False,0.125,-0.225,65,143.0,strategy_S5-10_ATM_5_2__TYPE_B:NIFTY:2026-04-22T12:09:59:SHORT
2026-04-22,12:10:23,2026-04-22,12:10:42,NIFTY,SELL,TYPE_B,PASSIVE,HIT_BID,24420.65,24422.95,NIFTY28APR2624450PE,24450.0,PE,ITM1,241.85,240.0,241.71,240.47,245.0,240.0,0.020698,0.020812,ws,ws,type_b_ladder,type_b_ladder,False,False,0.1375,-0.4672,65,-120.25,strategy_S5-10_ATM_5_2__TYPE_B:NIFTY:2026-04-22T12:10:23:SHORT
2026-04-22,12:10:45,2026-04-22,12:11:28,NIFTY,BUY,TYPE_B,PASSIVE,HIT_BID,24423.6,24424.85,NIFTY28APR2624400CE,24400.0,CE,ITM1,233.8,235.1,233.51,235.16,235.0,235.0,0.021402,0.021249,ws,ws,type_b_ladder,type_b_ladder,False,False,0.2947,-0.0615,65,84.5,strategy_S5-10_ATM_5_2__TYPE_B:NIFTY:2026-04-22T12:10:45:LONG
2026-04-22,12:12:06,2026-04-22,12:12:08,NIFTY,SELL,TYPE_B,PASSIVE,HIT_BID,24424.55,24426.15,NIFTY28APR2624450PE,24450.0,PE,ITM1,239.1,238.95,238.98,239.32,240.0,235.0,0.020931,0.020905,ws,ws,type_b_ladder,type_b_ladder,False,False,0.1227,-0.375,65,-9.75,strategy_S5-10_ATM_5_2__TYPE_B:NIFTY:2026-04-22T12:12:06:SHORT
2026-04-22,12:12:18,2026-04-22,12:13:29,NIFTY,SELL,TYPE_B,PASSIVE,HIT_BID,24422.75,24412.55,NIFTY28APR2624450PE,24450.0,PE,ITM1,241.35,246.25,241.12,246.6,245.0,245.0,0.020734,0.02028,ws,ws,type_b_ladder,type_b_ladder,False,False,0.225,-0.3529,65,318.5,strategy_S5-10_ATM_5_2__TYPE_B:NIFTY:2026-04-22T12:12:18:SHORT
2026-04-22,12:13:48,2026-04-22,12:14:23,NIFTY,BUY,TYPE_B,PASSIVE,HIT_BID,24414.4,24417.6,NIFTY28APR2624400CE,24400.0,CE,ITM1,230.35,230.65,230.34,230.79,235.0,230.0,0.021723,0.021666,ws,ws,type_b_ladder,type_b_ladder,False,False,0.0109,-0.1389,65,19.5,strategy_S5-10_ATM_5_2__TYPE_B:NIFTY:2026-04-22T12:13:48:LONG
2026-04-22,12:14:45,2026-04-22,12:15:02,NIFTY,BUY,TYPE_B,PASSIVE,HIT_BID,24420.8,24418.0,NIFTY28APR2624400CE,24400.0,CE,ITM1,230.95,229.55,230.72,229.76,235.0,225.0,0.021668,0.02177,ws,ws,type_b_ladder,type_b_ladder,False,False,0.2333,-0.2105,65,-91.0,strategy_S5-10_ATM_5_2__TYPE_B:NIFTY:2026-04-22T12:14:45:LONG
2026-04-22,12:15:05,2026-04-22,12:15:18,NIFTY,SELL,TYPE_B,PASSIVE,HIT_BID,24417.7,24418.2,NIFTY28APR2624450PE,24450.0,PE,ITM1,245.0,244.35,244.8,244.69,245.0,240.0,0.020425,0.020439,ws,ws,type_b_ladder,type_b_ladder,False,False,0.2,-0.3438,65,-42.25,strategy_S5-10_ATM_5_2__TYPE_B:NIFTY:2026-04-22T12:15:05:SHORT
2026-04-22,12:15:24,2026-04-22,12:15:33,NIFTY,SELL,TYPE_B,PASSIVE,HIT_BID,24415.5,24416.3,NIFTY28APR2624450PE,24450.0,PE,ITM1,246.25,246.5,245.99,246.87,250.0,245.0,0.020329,0.020257,ws,ws,type_b_ladder,type_b_ladder,False,False,0.2571,-0.3738,65,16.25,strategy_S5-10_ATM_5_2__TYPE_B:NIFTY:2026-04-22T12:15:24:SHORT
2026-04-22,12:16:00,2026-04-22,12:16:08,NIFTY,SELL,TYPE_B,PASSIVE,HIT_BID,24413.15,24415.6,NIFTY28APR2624450PE,24450.0,PE,ITM1,247.0,246.5,246.9,246.77,250.0,245.0,0.020251,0.020265,ws,ws,type_b_ladder,type_b_ladder,False,False,0.1,-0.27,65,-32.5,strategy_S5-10_ATM_5_2__TYPE_B:NIFTY:2026-04-22T12:16:00:SHORT
2026-04-22,12:16:13,2026-04-22,12:16:30,NIFTY,BUY,TYPE_B,PASSIVE,HIT_BID,24416.9,24413.2,NIFTY28APR2624400CE,24400.0,CE,ITM1,228.4,226.6,228.18,226.7,230.0,225.0,0.021918,0.022051,ws,ws,type_b_ladder,type_b_ladder,False,False,0.22,-0.1031,65,-117.0,strategy_S5-10_ATM_5_2__TYPE_B:NIFTY:2026-04-22T12:16:13:LONG
2026-04-22,12:16:36,2026-04-22,12:16:38,NIFTY,SELL,TYPE_B,PASSIVE,HIT_BID,24411.8,24414.6,NIFTY28APR2624450PE,24450.0,PE,ITM1,246.05,245.3,245.91,245.77,250.0,245.0,0.020336,0.020358,ws,ws,type_b_ladder,type_b_ladder,False,False,0.14,-0.4667,65,-48.75,strategy_S5-10_ATM_5_2__TYPE_B:NIFTY:2026-04-22T12:16:36:SHORT
2026-04-22,12:16:51,2026-04-22,12:16:53,NIFTY,SELL,TYPE_B,PASSIVE,HIT_BID,24410.9,24413.9,NIFTY28APR2624450PE,24450.0,PE,ITM1,246.7,245.5,246.29,245.86,250.0,245.0,0.020288,0.020346,ws,ws,type_b_ladder,type_b_ladder,False,False,0.4091,-0.3571,65,-78.0,strategy_S5-10_ATM_5_2__TYPE_B:NIFTY:2026-04-22T12:16:51:SHORT
2026-04-22,12:17:20,2026-04-22,12:17:58,NIFTY,BUY,TYPE_B,PASSIVE,HIT_BID,24415.4,24420.5,NIFTY28APR2624400CE,24400.0,CE,ITM1,229.0,229.15,228.62,229.39,230.0,225.0,0.021853,0.021801,ws,ws,type_b_ladder,type_b_ladder,False,False,0.3822,-0.24,65,9.75,strategy_S5-10_ATM_5_2__TYPE_B:NIFTY:2026-04-22T12:17:20:LONG
2026-04-22,12:18:04,2026-04-22,12:18:33,NIFTY,SELL,TYPE_B,PASSIVE,HIT_BID,24418.95,24416.55,NIFTY28APR2624450PE,24450.0,PE,ITM1,245.15,245.4,245.03,245.84,250.0,245.0,0.02041,0.020352,ws,ws,type_b_ladder,type_b_ladder,False,False,0.1167,-0.4362,65,16.25,strategy_S5-10_ATM_5_2__TYPE_B:NIFTY:2026-04-22T12:18:04:SHORT
2026-04-22,12:19:00,2026-04-22,12:19:13,NIFTY,SELL,TYPE_B,PASSIVE,HIT_BID,24413.15,24412.45,NIFTY28APR2624450PE,24450.0,PE,ITM1,246.8,248.65,246.51,248.88,250.0,245.0,0.020278,0.02009,ws,ws,type_b_ladder,type_b_ladder,False,False,0.2864,-0.225,65,120.25,strategy_S5-10_ATM_5_2__TYPE_B:NIFTY:2026-04-22T12:19:00:SHORT
2026-04-22,12:20:30,2026-04-22,12:20:32,NIFTY,BUY,TYPE_B,PASSIVE,HIT_BID,24411.25,24409.8,NIFTY28APR2624400CE,24400.0,CE,ITM1,224.65,224.95,224.57,225.19,225.0,220.0,0.022264,0.022212,ws,ws,type_b_ladder,type_b_ladder,False,False,0.075,-0.24,65,19.5,strategy_S5-10_ATM_5_2__TYPE_B:NIFTY:2026-04-22T12:20:30:LONG
2026-04-22,12:20:56,2026-04-22,12:21:03,NIFTY,SELL,TYPE_B,PASSIVE,HIT_BID,24409.35,24410.85,NIFTY28APR2624450PE,24450.0,PE,ITM1,249.9,250.45,249.83,250.68,250.0,250.0,0.020022,0.019946,ws,ws,type_b_ladder,type_b_ladder,False,False,0.07,-0.225,65,35.75,strategy_S5-10_ATM_5_2__TYPE_B:NIFTY:2026-04-22T12:20:56:SHORT
2026-04-22,12:21:07,2026-04-22,12:21:13,NIFTY,SELL,TYPE_B,PASSIVE,HIT_BID,24408.15,24411.7,NIFTY28APR2624450PE,24450.0,PE,ITM1,250.35,248.35,250.23,248.59,255.0,245.0,0.019994,0.020117,ws,ws,type_b_ladder,type_b_ladder,False,False,0.1179,-0.24,65,-130.0,strategy_S5-10_ATM_5_2__TYPE_B:NIFTY:2026-04-22T12:21:07:SHORT
2026-04-22,12:21:23,2026-04-22,12:21:56,NIFTY,BUY,TYPE_B,PASSIVE,HIT_BID,24413.1,24412.3,NIFTY28APR2624400CE,24400.0,CE,ITM1,225.75,226.85,225.55,227.05,230.0,225.0,0.022163,0.022022,ws,ws,type_b_ladder,type_b_ladder,False,False,0.2,-0.2,65,71.5,strategy_S5-10_ATM_5_2__TYPE_B:NIFTY:2026-04-22T12:21:23:LONG
2026-04-22,12:22:00,2026-04-22,12:22:02,NIFTY,SELL,TYPE_B,PASSIVE,HIT_BID,24411.85,24413.5,NIFTY28APR2624450PE,24450.0,PE,ITM1,246.9,246.4,246.76,246.59,250.0,245.0,0.020274,0.020274,ws,ws,type_b_ladder,type_b_ladder,False,False,0.1375,-0.1929,65,-32.5,strategy_S5-10_ATM_5_2__TYPE_B:NIFTY:2026-04-22T12:22:00:SHORT
2026-04-22,12:22:30,2026-04-22,12:22:32,NIFTY,SELL,TYPE_B,PASSIVE,HIT_BID,24412.05,24413.7,NIFTY28APR2624450PE,24450.0,PE,ITM1,247.7,246.6,247.5,246.8,250.0,245.0,0.020204,0.020261,ws,ws,type_b_ladder,type_b_ladder,False,False,0.1969,-0.2,65,-71.5,strategy_S5-10_ATM_5_2__TYPE_B:NIFTY:2026-04-22T12:22:30:SHORT
2026-04-22,12:22:38,2026-04-22,12:22:43,NIFTY,BUY,TYPE_B,PASSIVE,HIT_BID,24415.4,24412.1,NIFTY28APR2624400CE,24400.0,CE,ITM1,226.8,226.2,226.4,226.24,230.0,225.0,0.022068,0.022087,ws,ws,type_b_ladder,type_b_ladder,False,False,0.3971,-0.0389,65,-39.0,strategy_S5-10_ATM_5_2__TYPE_B:NIFTY:2026-04-22T12:22:38:LONG
2026-04-22,12:22:48,2026-04-22,12:22:58,NIFTY,BUY,TYPE_B,PASSIVE,HIT_BID,24415.75,24411.3,NIFTY28APR2624400CE,24400.0,CE,ITM1,226.3,225.0,225.91,225.23,230.0,225.0,0.022117,0.022205,ws,ws,type_b_ladder,type_b_ladder,False,False,0.3857,-0.2308,65,-84.5,strategy_S5-10_ATM_5_2__TYPE_B:NIFTY:2026-04-22T12:22:48:LONG
2026-04-22,12:23:09,2026-04-22,12:23:13,NIFTY,SELL,TYPE_B,PASSIVE,HIT_BID,24411.0,24412.45,NIFTY28APR2624450PE,24450.0,PE,ITM1,250.05,250.0,250.03,250.27,255.0,250.0,0.019998,0.019986,ws,ws,type_b_ladder,type_b_ladder,False,False,0.025,-0.2722,65,-3.25,strategy_S5-10_ATM_5_2__TYPE_B:NIFTY:2026-04-22T12:23:09:SHORT
2026-04-22,12:23:18,2026-04-22,12:23:23,NIFTY,SELL,TYPE_B,PASSIVE,HIT_BID,24410.25,24412.55,NIFTY28APR2624450PE,24450.0,PE,ITM1,250.1,249.35,250.05,249.72,255.0,245.0,0.020012,0.02003,ws,ws,type_b_ladder,type_b_ladder,False,False,0.0455,-0.3667,65,-48.75,strategy_S5-10_ATM_5_2__TYPE_B:NIFTY:2026-04-22T12:23:18:SHORT
2026-04-22,12:23:31,2026-04-22,12:23:33,NIFTY,SELL,TYPE_B,PASSIVE,HIT_BID,24410.2,24411.8,NIFTY28APR2624450PE,24450.0,PE,ITM1,250.0,249.45,249.83,249.87,250.0,245.0,0.020012,0.020024,ws,ws,type_b_ladder,type_b_ladder,False,False,0.1737,-0.4211,65,-35.75,strategy_S5-10_ATM_5_2__TYPE_B:NIFTY:2026-04-22T12:23:31:SHORT
2026-04-22,12:23:37,2026-04-22,12:23:55,NIFTY,SELL,TYPE_B,PASSIVE,HIT_BID,24409.0,24411.2,NIFTY28APR2624450PE,24450.0,PE,ITM1,250.5,250.3,250.41,250.67,255.0,250.0,0.019972,0.019954,ws,ws,type_b_ladder,type_b_ladder,False,False,0.0857,-0.3667,65,-13.0,strategy_S5-10_ATM_5_2__TYPE_B:NIFTY:2026-04-22T12:23:37:SHORT
2026-04-22,12:24:02,2026-04-22,12:24:10,NIFTY,SELL,TYPE_B,PASSIVE,HIT_BID,24407.75,24410.9,NIFTY28APR2624450PE,24450.0,PE,ITM1,252.0,251.65,251.48,251.85,255.0,250.0,0.019865,0.019847,ws,ws,type_b_ladder,type_b_ladder,False,False,0.5176,-0.1964,65,-22.75,strategy_S5-10_ATM_5_2__TYPE_B:NIFTY:2026-04-22T12:24:02:SHORT
2026-04-22,12:24:30,2026-04-22,12:24:33,NIFTY,SELL,TYPE_B,PASSIVE,HIT_BID,24406.7,24410.35,NIFTY28APR2624450PE,24450.0,PE,ITM1,251.5,250.55,251.1,250.66,255.0,250.0,0.0199,0.019932,ws,ws,type_b_ladder,type_b_ladder,False,False,0.4,-0.1059,65,-61.75,strategy_S5-10_ATM_5_2__TYPE_B:NIFTY:2026-04-22T12:24:30:SHORT
2026-04-22,12:24:43,2026-04-22,12:25:02,NIFTY,SELL,TYPE_B,PASSIVE,HIT_BID,24405.05,24406.9,NIFTY28APR2624450PE,24450.0,PE,ITM1,253.4,252.95,252.96,253.29,255.0,250.0,0.019751,0.019745,ws,ws,type_b_ladder,type_b_ladder,False,False,0.4375,-0.3438,65,-29.25,strategy_S5-10_ATM_5_2__TYPE_B:NIFTY:2026-04-22T12:24:43:SHORT
2026-04-22,12:25:12,2026-04-22,12:25:23,NIFTY,BUY,TYPE_B,PASSIVE,HIT_BID,24407.3,24405.4,NIFTY28APR2624400CE,24400.0,CE,ITM1,222.0,222.05,221.93,222.17,225.0,220.0,0.022528,0.022492,ws,ws,type_b_ladder,type_b_ladder,False,False,0.075,-0.12,65,3.25,strategy_S5-10_ATM_5_2__TYPE_B:NIFTY:2026-04-22T12:25:12:LONG
2026-04-22,12:25:33,2026-04-22,12:25:51,NIFTY,BUY,TYPE_B,PASSIVE,HIT_BID,24410.05,24412.45,NIFTY28APR2624400CE,24400.0,CE,ITM1,224.3,225.3,224.22,225.34,225.0,225.0,0.022306,0.022185,ws,ws,type_b_ladder,type_b_ladder,False,False,0.075,-0.0429,65,65.0,strategy_S5-10_ATM_5_2__TYPE_B:NIFTY:2026-04-22T12:25:33:LONG
2026-04-22,12:26:13,2026-04-22,12:26:16,NIFTY,SELL,TYPE_B,PASSIVE,HIT_BID,24410.55,24414.1,NIFTY28APR2624450PE,24450.0,PE,ITM1,251.65,251.0,251.35,251.06,255.0,250.0,0.019893,0.01991,ws,ws,type_b_ladder,type_b_ladder,False,False,0.3,-0.0556,65,-42.25,strategy_S5-10_ATM_5_2__TYPE_B:NIFTY:2026-04-22T12:26:13:SHORT
2026-04-22,12:26:25,2026-04-22,12:26:44,NIFTY,BUY,TYPE_B,PASSIVE,HIT_BID,24415.55,24416.1,NIFTY28APR2624400CE,24400.0,CE,ITM1,225.7,225.55,225.42,225.72,230.0,225.0,0.022173,0.022148,ws,ws,type_b_ladder,type_b_ladder,False,False,0.2769,-0.1714,65,-9.75,strategy_S5-10_ATM_5_2__TYPE_B:NIFTY:2026-04-22T12:26:25:LONG
2026-04-22,12:26:48,2026-04-22,12:26:53,NIFTY,BUY,TYPE_B,PASSIVE,HIT_BID,24418.55,24415.6,NIFTY28APR2624400CE,24400.0,CE,ITM1,226.7,225.8,226.45,225.86,230.0,225.0,0.022075,0.022121,ws,ws,type_b_ladder,type_b_ladder,False,False,0.25,-0.0587,65,-58.5,strategy_S5-10_ATM_5_2__TYPE_B:NIFTY:2026-04-22T12:26:48:LONG
2026-04-22,12:27:43,2026-04-22,12:28:23,NIFTY,SELL,TYPE_B,PASSIVE,HIT_BID,24412.35,24404.8,NIFTY28APR2624450PE,24450.0,PE,ITM1,250.6,254.15,250.28,254.44,255.0,250.0,0.019968,0.019656,ws,ws,type_b_ladder,type_b_ladder,False,False,0.32,-0.2864,65,230.75,strategy_S5-10_ATM_5_2__TYPE_B:NIFTY:2026-04-22T12:27:43:SHORT
2026-04-22,12:28:38,2026-04-22,12:28:44,NIFTY,BUY,TYPE_B,PASSIVE,HIT_BID,24406.1,24402.4,NIFTY28APR2624400CE,24400.0,CE,ITM1,222.25,220.9,222.21,221.03,225.0,220.0,0.02251,0.022619,ws,ws,type_b_ladder,type_b_ladder,False,False,0.0441,-0.1286,65,-87.75,strategy_S5-10_ATM_5_2__TYPE_B:NIFTY:2026-04-22T12:28:38:LONG
2026-04-22,12:28:47,2026-04-22,12:28:53,NIFTY,SELL,TYPE_B,PASSIVE,HIT_BID,24401.25,24403.1,NIFTY28APR2624450PE,24450.0,PE,ITM1,256.5,254.6,256.44,254.8,260.0,250.0,0.019503,0.019619,ws,ws,type_b_ladder,type_b_ladder,False,False,0.0556,-0.2,65,-123.5,strategy_S5-10_ATM_5_2__TYPE_B:NIFTY:2026-04-22T12:28:47:SHORT
2026-04-22,12:29:01,2026-04-22,12:29:07,NIFTY,BUY,TYPE_B,PASSIVE,HIT_BID,24404.35,24402.05,NIFTY28APR2624400CE,24400.0,CE,ITM1,221.3,221.45,221.12,221.68,225.0,220.0,0.022604,0.022558,ws,ws,type_b_ladder,type_b_ladder,False,False,0.1833,-0.2286,65,9.75,strategy_S5-10_ATM_5_2__TYPE_B:NIFTY:2026-04-22T12:29:01:LONG
2026-04-22,12:29:12,2026-04-22,12:29:53,NIFTY,BUY,TYPE_B,PASSIVE,HIT_BID,24405.55,24408.75,NIFTY28APR2624400CE,24400.0,CE,ITM1,222.25,224.9,222.16,224.91,225.0,220.0,0.02252,0.022222,ws,ws,type_b_ladder,type_b_ladder,False,False,0.09,-0.0143,65,172.25,strategy_S5-10_ATM_5_2__TYPE_B:NIFTY:2026-04-22T12:29:12:LONG
2026-04-22,12:30:08,2026-04-22,12:31:04,NIFTY,BUY,TYPE_B,PASSIVE,HIT_BID,24413.45,24416.3,NIFTY28APR2624400CE,24400.0,CE,ITM1,226.45,231.85,226.34,231.93,230.0,230.0,0.022087,0.021559,ws,ws,type_b_ladder,type_b_ladder,False,False,0.105,-0.075,65,351.0,strategy_S5-10_ATM_5_2__TYPE_B:NIFTY:2026-04-22T12:30:08:LONG
2026-04-22,12:31:20,2026-04-22,12:31:33,NIFTY,SELL,TYPE_B,PASSIVE,HIT_BID,24417.1,24418.5,NIFTY28APR2624450PE,24450.0,PE,ITM1,243.35,244.0,243.19,244.07,245.0,240.0,0.02057,0.020486,ws,ws,type_b_ladder,type_b_ladder,False,False,0.165,-0.075,65,42.25,strategy_S5-10_ATM_5_2__TYPE_B:NIFTY:2026-04-22T12:31:20:SHORT
2026-04-22,12:32:08,2026-04-22,12:32:30,NIFTY,BUY,TYPE_B,PASSIVE,HIT_BID,24420.25,24419.35,NIFTY28APR2624400CE,24400.0,CE,ITM1,230.25,228.15,229.87,228.4,235.0,225.0,0.021737,0.021889,ws,ws,type_b_ladder,type_b_ladder,False,False,0.3825,-0.2521,65,-136.5,strategy_S5-10_ATM_5_2__TYPE_B:NIFTY:2026-04-22T12:32:08:LONG
2026-04-22,12:32:35,2026-04-22,12:32:38,NIFTY,SELL,TYPE_B,PASSIVE,HIT_BID,24418.45,24421.8,NIFTY28APR2624450PE,24450.0,PE,ITM1,244.0,242.85,243.93,243.0,245.0,240.0,0.020502,0.02057,ws,ws,type_b_ladder,type_b_ladder,False,False,0.0667,-0.15,65,-74.75,strategy_S5-10_ATM_5_2__TYPE_B:NIFTY:2026-04-22T12:32:35:SHORT
2026-04-22,12:32:50,2026-04-22,12:33:13,NIFTY,SELL,TYPE_B,PASSIVE,HIT_BID,24418.45,24418.1,NIFTY28APR2624450PE,24450.0,PE,ITM1,243.95,243.8,243.63,243.92,245.0,240.0,0.020513,0.020494,ws,ws,type_b_ladder,type_b_ladder,False,False,0.32,-0.1167,65,-9.75,strategy_S5-10_ATM_5_2__TYPE_B:NIFTY:2026-04-22T12:32:50:SHORT
2026-04-22,12:33:37,2026-04-22,12:34:08,NIFTY,BUY,TYPE_B,PASSIVE,HIT_BID,24420.25,24418.95,NIFTY28APR2624400CE,24400.0,CE,ITM1,228.0,227.4,227.98,227.49,230.0,225.0,0.021949,0.021966,ws,ws,type_b_ladder,type_b_ladder,False,False,0.0222,-0.09,65,-39.0,strategy_S5-10_ATM_5_2__TYPE_B:NIFTY:2026-04-22T12:33:37:LONG
2026-04-22,12:34:21,2026-04-22,12:34:23,NIFTY,SELL,TYPE_B,PASSIVE,HIT_BID,24417.85,24420.45,NIFTY28APR2624450PE,24450.0,PE,ITM1,242.6,243.05,242.47,243.16,245.0,240.0,0.020625,0.020553,ws,ws,type_b_ladder,type_b_ladder,False,False,0.1312,-0.1125,65,29.25,strategy_S5-10_ATM_5_2__TYPE_B:NIFTY:2026-04-22T12:34:21:SHORT
2026-04-22,12:34:36,2026-04-22,12:34:38,NIFTY,SELL,TYPE_B,PASSIVE,HIT_BID,24417.15,24419.85,NIFTY28APR2624450PE,24450.0,PE,ITM1,245.7,245.65,245.54,245.73,250.0,245.0,0.020373,0.020346,ws,ws,type_b_ladder,type_b_ladder,False,False,0.161,-0.08,65,-3.25,strategy_S5-10_ATM_5_2__TYPE_B:NIFTY:2026-04-22T12:34:36:SHORT
2026-04-22,12:34:48,2026-04-22,12:34:53,NIFTY,SELL,TYPE_B,PASSIVE,HIT_BID,24416.3,24418.85,NIFTY28APR2624450PE,24450.0,PE,ITM1,245.65,242.65,245.53,242.92,250.0,240.0,0.020369,0.020589,ws,ws,type_b_ladder,type_b_ladder,False,False,0.1167,-0.2667,65,-195.0,strategy_S5-10_ATM_5_2__TYPE_B:NIFTY:2026-04-22T12:34:48:SHORT
2026-04-22,12:35:07,2026-04-22,12:35:42,NIFTY,SELL,TYPE_B,PASSIVE,HIT_BID,24417.25,24415.25,NIFTY28APR2624450PE,24450.0,PE,ITM1,243.45,245.3,243.38,245.57,245.0,245.0,0.020557,0.020365,ws,ws,type_b_ladder,type_b_ladder,False,False,0.0675,-0.27,65,120.25,strategy_S5-10_ATM_5_2__TYPE_B:NIFTY:2026-04-22T12:35:07:SHORT
2026-04-22,12:35:53,2026-04-22,12:35:56,NIFTY,SELL,TYPE_B,PASSIVE,HIT_BID,24413.65,24415.4,NIFTY28APR2624450PE,24450.0,PE,ITM1,243.9,243.45,243.61,243.62,245.0,240.0,0.020517,0.020515,ws,ws,type_b_ladder,type_b_ladder,False,False,0.2923,-0.1692,65,-29.25,strategy_S5-10_ATM_5_2__TYPE_B:NIFTY:2026-04-22T12:35:53:SHORT
2026-04-22,12:36:05,2026-04-22,12:36:08,NIFTY,SELL,TYPE_B,PASSIVE,HIT_BID,24412.85,24415.2,NIFTY28APR2624450PE,24450.0,PE,ITM1,243.7,244.05,243.43,244.41,245.0,240.0,0.020538,0.020467,ws,ws,type_b_ladder,type_b_ladder,False,False,0.2692,-0.3636,65,22.75,strategy_S5-10_ATM_5_2__TYPE_B:NIFTY:2026-04-22T12:36:05:SHORT
2026-04-22,12:36:50,2026-04-22,12:37:13,NIFTY,SELL,TYPE_B,PASSIVE,HIT_BID,24411.9,24410.85,NIFTY28APR2624450PE,24450.0,PE,ITM1,246.75,248.55,246.39,248.64,250.0,245.0,0.020288,0.020096,ws,ws,type_b_ladder,type_b_ladder,False,False,0.36,-0.0909,65,117.0,strategy_S5-10_ATM_5_2__TYPE_B:NIFTY:2026-04-22T12:36:50:SHORT
2026-04-22,12:37:20,2026-04-22,12:37:39,NIFTY,SELL,TYPE_B,PASSIVE,HIT_BID,24407.65,24406.4,NIFTY28APR2624450PE,24450.0,PE,ITM1,249.1,251.55,249.01,251.6,250.0,250.0,0.02009,0.019865,ws,ws,type_b_ladder,type_b_ladder,False,False,0.09,-0.0545,65,159.25,strategy_S5-10_ATM_5_2__TYPE_B:NIFTY:2026-04-22T12:37:20:SHORT
2026-04-22,12:37:46,2026-04-22,12:37:53,NIFTY,SELL,TYPE_B,PASSIVE,HIT_BID,24403.5,24405.15,NIFTY28APR2624450PE,24450.0,PE,ITM1,254.8,254.2,254.62,254.53,255.0,250.0,0.019644,0.019648,ws,ws,type_b_ladder,type_b_ladder,False,False,0.1833,-0.33,65,-39.0,strategy_S5-10_ATM_5_2__TYPE_B:NIFTY:2026-04-22T12:37:46:SHORT
2026-04-22,12:37:58,2026-04-22,12:38:26,NIFTY,SELL,TYPE_B,PASSIVE,HIT_BID,24400.5,24401.4,NIFTY28APR2624450PE,24450.0,PE,ITM1,257.15,254.85,256.73,255.13,260.0,250.0,0.019463,0.0196,ws,ws,type_b_ladder,type_b_ladder,False,False,0.4167,-0.2778,65,-149.5,strategy_S5-10_ATM_5_2__TYPE_B:NIFTY:2026-04-22T12:37:58:SHORT
2026-04-22,12:38:43,2026-04-22,12:39:21,NIFTY,BUY,TYPE_B,PASSIVE,HIT_BID,24405.6,24409.6,NIFTY28APR2624400CE,24400.0,CE,ITM1,221.0,225.5,220.69,225.5,225.0,225.0,0.022645,0.022148,ws,ws,type_b_ladder,type_b_ladder,False,False,0.3077,-0.0035,65,292.5,strategy_S5-10_ATM_5_2__TYPE_B:NIFTY:2026-04-22T12:38:43:LONG
2026-04-22,12:39:38,2026-04-22,12:40:04,NIFTY,BUY,TYPE_B,PASSIVE,HIT_BID,24410.7,24410.45,NIFTY28APR2624400CE,24400.0,CE,ITM1,223.05,222.7,223.02,222.8,225.0,220.0,0.022422,0.022432,ws,ws,type_b_ladder,type_b_ladder,False,False,0.0273,-0.1,65,-22.75,strategy_S5-10_ATM_5_2__TYPE_B:NIFTY:2026-04-22T12:39:38:LONG
2026-04-22,12:40:06,2026-04-22,12:40:07,NIFTY,SELL,TYPE_B,PASSIVE,HIT_BID,24409.5,24410.6,NIFTY28APR2624450PE,24450.0,PE,ITM1,249.15,249.1,249.01,249.15,250.0,245.0,0.02009,0.02006,ws,ws,type_b_ladder,type_b_ladder,False,False,0.1375,-0.05,65,-3.25,strategy_S5-10_ATM_5_2__TYPE_B:NIFTY:2026-04-22T12:40:06:SHORT
2026-04-22,12:40:37,2026-04-22,12:40:52,NIFTY,BUY,TYPE_B,PASSIVE,HIT_BID,24413.85,24411.4,NIFTY28APR2624400CE,24400.0,CE,ITM1,225.75,222.2,225.58,222.31,230.0,220.0,0.022163,0.022482,ws,ws,type_b_ladder,type_b_ladder,False,False,0.1667,-0.1143,65,-230.75,strategy_S5-10_ATM_5_2__TYPE_B:NIFTY:2026-04-22T12:40:37:LONG
2026-04-22,12:41:02,2026-04-22,12:41:13,NIFTY,SELL,TYPE_B,PASSIVE,HIT_BID,24408.6,24409.65,NIFTY28APR2624450PE,24450.0,PE,ITM1,251.0,249.5,250.89,249.62,255.0,245.0,0.01994,0.020026,ws,ws,type_b_ladder,type_b_ladder,False,False,0.1053,-0.1167,65,-97.5,strategy_S5-10_ATM_5_2__TYPE_B:NIFTY:2026-04-22T12:41:02:SHORT
2026-04-22,12:41:35,2026-04-22,12:41:37,NIFTY,SELL,TYPE_B,PASSIVE,HIT_BID,24408.1,24409.8,NIFTY28APR2624450PE,24450.0,PE,ITM1,248.0,247.45,247.72,247.56,250.0,245.0,0.020184,0.020188,ws,ws,type_b_ladder,type_b_ladder,False,False,0.275,-0.1125,65,-35.75,strategy_S5-10_ATM_5_2__TYPE_B:NIFTY:2026-04-22T12:41:35:SHORT
2026-04-22,12:42:03,2026-04-22,12:42:15,NIFTY,BUY,TYPE_B,PASSIVE,HIT_BID,24414.85,24412.9,NIFTY28APR2624400CE,24400.0,CE,ITM1,225.6,224.45,225.42,224.66,230.0,220.0,0.022188,0.022252,ws,ws,type_b_ladder,type_b_ladder,False,False,0.1818,-0.2143,65,-74.75,strategy_S5-10_ATM_5_2__TYPE_B:NIFTY:2026-04-22T12:42:03:LONG
2026-04-22,12:42:54,2026-04-22,12:43:03,NIFTY,SELL,TYPE_B,PASSIVE,HIT_BID,24412.05,24413.35,NIFTY28APR2624450PE,24450.0,PE,ITM1,246.5,246.55,246.44,246.92,250.0,245.0,0.0203,0.020257,ws,ws,type_b_ladder,type_b_ladder,False,False,0.0571,-0.3667,65,3.25,strategy_S5-10_ATM_5_2__TYPE_B:NIFTY:2026-04-22T12:42:54:SHORT
2026-04-22,12:43:39,2026-04-22,12:44:06,NIFTY,BUY,TYPE_B,PASSIVE,HIT_BID,24414.1,24416.0,NIFTY28APR2624400CE,24400.0,CE,ITM1,224.5,226.5,224.25,226.71,225.0,225.0,0.022287,0.022063,ws,ws,type_b_ladder,type_b_ladder,False,False,0.2471,-0.2063,65,130.0,strategy_S5-10_ATM_5_2__TYPE_B:NIFTY:2026-04-22T12:43:39:LONG
2026-04-22,12:44:13,2026-04-22,12:44:28,NIFTY,BUY,TYPE_B,PASSIVE,HIT_BID,24419.35,24416.3,NIFTY28APR2624400CE,24400.0,CE,ITM1,226.65,225.15,226.3,225.36,230.0,225.0,0.022087,0.02218,ws,ws,type_b_ladder,type_b_ladder,False,False,0.3536,-0.2086,65,-97.5,strategy_S5-10_ATM_5_2__TYPE_B:NIFTY:2026-04-22T12:44:13:LONG
2026-04-22,12:45:01,2026-04-22,12:45:12,NIFTY,BUY,TYPE_B,PASSIVE,HIT_BID,24420.8,24417.1,NIFTY28APR2624400CE,24400.0,CE,ITM1,228.0,226.4,227.71,226.6,230.0,225.0,0.021944,0.022063,ws,ws,type_b_ladder,type_b_ladder,False,False,0.2947,-0.2,65,-104.0,strategy_S5-10_ATM_5_2__TYPE_B:NIFTY:2026-04-22T12:45:01:LONG
2026-04-22,12:45:21,2026-04-22,12:45:22,NIFTY,SELL,TYPE_B,PASSIVE,HIT_BID,24417.75,24419.7,NIFTY28APR2624450PE,24450.0,PE,ITM1,241.85,241.8,241.81,241.96,245.0,240.0,0.020685,0.020657,ws,ws,type_b_ladder,type_b_ladder,False,False,0.0357,-0.1591,65,-3.25,strategy_S5-10_ATM_5_2__TYPE_B:NIFTY:2026-04-22T12:45:21:SHORT
2026-04-22,12:45:32,2026-04-22,12:45:41,NIFTY,BUY,TYPE_B,PASSIVE,HIT_BID,24421.25,24420.2,NIFTY28APR2624400CE,24400.0,CE,ITM1,227.4,226.2,227.01,226.49,230.0,225.0,0.022012,0.022082,ws,ws,type_b_ladder,type_b_ladder,False,False,0.3929,-0.2864,65,-78.0,strategy_S5-10_ATM_5_2__TYPE_B:NIFTY:2026-04-22T12:45:32:LONG
2026-04-22,12:46:04,2026-04-22,12:46:27,NIFTY,SELL,TYPE_B,PASSIVE,HIT_BID,24418.8,24418.2,NIFTY28APR2624450PE,24450.0,PE,ITM1,243.25,244.1,243.22,244.33,245.0,240.0,0.02057,0.020462,ws,ws,type_b_ladder,type_b_ladder,False,False,0.0292,-0.2273,65,55.25,strategy_S5-10_ATM_5_2__TYPE_B:NIFTY:2026-04-22T12:46:04:SHORT
2026-04-22,12:47:03,2026-04-22,12:47:14,NIFTY,BUY,TYPE_B,PASSIVE,HIT_BID,24419.1,24416.3,NIFTY28APR2624400CE,24400.0,CE,ITM1,224.45,223.1,224.35,223.19,225.0,220.0,0.022294,0.022384,ws,ws,type_b_ladder,type_b_ladder,False,False,0.1,-0.0917,65,-87.75,strategy_S5-10_ATM_5_2__TYPE_B:NIFTY:2026-04-22T12:47:03:LONG
2026-04-22,12:47:21,2026-04-22,12:47:34,NIFTY,SELL,TYPE_B,PASSIVE,HIT_BID,24414.8,24416.95,NIFTY28APR2624450PE,24450.0,PE,ITM1,245.8,246.05,245.6,246.1,250.0,245.0,0.020362,0.020307,ws,ws,type_b_ladder,type_b_ladder,False,False,0.2,-0.0467,65,16.25,strategy_S5-10_ATM_5_2__TYPE_B:NIFTY:2026-04-22T12:47:21:SHORT
2026-04-22,12:47:41,2026-04-22,12:47:42,NIFTY,SELL,TYPE_B,PASSIVE,HIT_BID,24413.55,24416.05,NIFTY28APR2624450PE,24450.0,PE,ITM1,246.8,245.55,246.54,245.81,250.0,245.0,0.020284,0.020344,ws,ws,type_b_ladder,type_b_ladder,False,False,0.2571,-0.2571,65,-81.25,strategy_S5-10_ATM_5_2__TYPE_B:NIFTY:2026-04-22T12:47:41:SHORT
2026-04-22,12:48:08,2026-04-22,12:48:18,NIFTY,BUY,TYPE_B,PASSIVE,HIT_BID,24416.6,24414.55,NIFTY28APR2624400CE,24400.0,CE,ITM1,222.9,222.15,222.88,222.25,225.0,220.0,0.022454,0.022485,ws,ws,type_b_ladder,type_b_ladder,False,False,0.025,-0.1,65,-48.75,strategy_S5-10_ATM_5_2__TYPE_B:NIFTY:2026-04-22T12:48:08:LONG
2026-04-22,12:48:49,2026-04-22,12:49:23,NIFTY,SELL,TYPE_B,PASSIVE,HIT_BID,24413.15,24407.35,NIFTY28APR2624450PE,24450.0,PE,ITM1,249.5,253.9,249.38,254.27,250.0,250.0,0.020056,0.019671,ws,ws,type_b_ladder,type_b_ladder,False,False,0.1231,-0.3667,65,286.0,strategy_S5-10_ATM_5_2__TYPE_B:NIFTY:2026-04-22T12:48:49:SHORT
2026-04-22,12:49:45,2026-04-22,12:49:51,NIFTY,BUY,TYPE_B,PASSIVE,HIT_BID,24409.05,24406.85,NIFTY28APR2624400CE,24400.0,CE,ITM1,218.7,218.85,218.58,218.92,220.0,215.0,0.022889,0.022839,ws,ws,type_b_ladder,type_b_ladder,False,False,0.119,-0.0692,65,9.75,strategy_S5-10_ATM_5_2__TYPE_B:NIFTY:2026-04-22T12:49:45:LONG
2026-04-22,12:50:01,2026-04-22,12:50:13,NIFTY,SELL,TYPE_B,PASSIVE,HIT_BID,24406.35,24407.85,NIFTY28APR2624450PE,24450.0,PE,ITM1,252.75,252.35,252.65,252.58,255.0,250.0,0.01979,0.0198,ws,ws,type_b_ladder,type_b_ladder,False,False,0.1,-0.2333,65,-26.0,strategy_S5-10_ATM_5_2__TYPE_B:NIFTY:2026-04-22T12:50:01:SHORT
2026-04-22,12:50:28,2026-04-22,12:51:00,NIFTY,BUY,TYPE_B,PASSIVE,HIT_BID,24409.9,24409.8,NIFTY28APR2624400CE,24400.0,CE,ITM1,219.2,219.75,218.94,219.95,220.0,215.0,0.022831,0.022732,ws,ws,type_b_ladder,type_b_ladder,False,False,0.2571,-0.2,65,35.75,strategy_S5-10_ATM_5_2__TYPE_B:NIFTY:2026-04-22T12:50:28:LONG
2026-04-22,12:51:11,2026-04-22,12:51:23,NIFTY,SELL,TYPE_B,PASSIVE,HIT_BID,24409.45,24411.0,NIFTY28APR2624450PE,24450.0,PE,ITM1,250.3,249.15,250.09,249.26,255.0,245.0,0.019988,0.020062,ws,ws,type_b_ladder,type_b_ladder,False,False,0.2143,-0.1071,65,-74.75,strategy_S5-10_ATM_5_2__TYPE_B:NIFTY:2026-04-22T12:51:11:SHORT
2026-04-22,12:51:33,2026-04-22,12:52:46,NIFTY,BUY,TYPE_B,PASSIVE,HIT_BID,24413.4,24422.25,NIFTY28APR2624400CE,24400.0,CE,ITM1,221.4,229.6,221.03,229.6,225.0,225.0,0.022604,0.021758,ws,ws,type_b_ladder,type_b_ladder,False,False,0.3692,-0.0026,65,533.0,strategy_S5-10_ATM_5_2__TYPE_B:NIFTY:2026-04-22T12:51:33:LONG
2026-04-22,12:53:00,2026-04-22,12:53:23,NIFTY,SELL,TYPE_B,PASSIVE,HIT_BID,24420.75,24422.6,NIFTY28APR2624450PE,24450.0,PE,ITM1,240.75,240.8,240.62,241.15,245.0,240.0,0.020781,0.02074,ws,ws,type_b_ladder,type_b_ladder,False,False,0.1286,-0.3474,65,3.25,strategy_S5-10_ATM_5_2__TYPE_B:NIFTY:2026-04-22T12:53:00:SHORT
2026-04-22,12:53:33,2026-04-22,12:53:38,NIFTY,BUY,TYPE_B,PASSIVE,HIT_BID,24423.2,24420.45,NIFTY28APR2624400CE,24400.0,CE,ITM1,227.55,226.85,227.28,227.02,230.0,225.0,0.021995,0.022017,ws,ws,type_b_ladder,type_b_ladder,False,False,0.27,-0.1667,65,-45.5,strategy_S5-10_ATM_5_2__TYPE_B:NIFTY:2026-04-22T12:53:33:LONG
2026-04-22,12:53:43,2026-04-22,12:53:46,NIFTY,BUY,TYPE_B,PASSIVE,HIT_BID,24423.7,24421.4,NIFTY28APR2624400CE,24400.0,CE,ITM1,226.5,226.3,226.35,226.49,230.0,225.0,0.022085,0.022073,ws,ws,type_b_ladder,type_b_ladder,False,False,0.15,-0.1875,65,-13.0,strategy_S5-10_ATM_5_2__TYPE_B:NIFTY:2026-04-22T12:53:43:LONG
2026-04-22,12:54:10,2026-04-22,12:54:28,NIFTY,SELL,TYPE_B,PASSIVE,HIT_BID,24418.7,24421.6,NIFTY28APR2624450PE,24450.0,PE,ITM1,244.3,241.0,244.09,241.05,245.0,240.0,0.020488,0.020745,ws,ws,type_b_ladder,type_b_ladder,False,False,0.2143,-0.0475,65,-214.5,strategy_S5-10_ATM_5_2__TYPE_B:NIFTY:2026-04-22T12:54:10:SHORT
2026-04-22,12:54:30,2026-04-22,12:54:32,NIFTY,SELL,TYPE_B,PASSIVE,HIT_BID,24417.65,24421.2,NIFTY28APR2624450PE,24450.0,PE,ITM1,241.45,241.7,241.14,241.73,245.0,240.0,0.020728,0.020672,ws,ws,type_b_ladder,type_b_ladder,False,False,0.313,-0.0304,65,16.25,strategy_S5-10_ATM_5_2__TYPE_B:NIFTY:2026-04-22T12:54:30:SHORT
2026-04-22,12:55:18,2026-04-22,12:55:36,NIFTY,BUY,TYPE_B,PASSIVE,HIT_BID,24424.5,24423.9,NIFTY28APR2624400CE,24400.0,CE,ITM1,227.25,228.7,227.17,228.73,230.0,225.0,0.022024,0.021853,ws,ws,type_b_ladder,type_b_ladder,False,False,0.0844,-0.032,65,94.25,strategy_S5-10_ATM_5_2__TYPE_B:NIFTY:2026-04-22T12:55:18:LONG
2026-04-22,12:55:45,2026-04-22,12:56:20,NIFTY,BUY,TYPE_B,PASSIVE,HIT_BID,24427.0,24425.4,NIFTY28APR2624400CE,24400.0,CE,ITM1,228.5,226.45,228.27,226.62,230.0,225.0,0.021906,0.02207,ws,ws,type_b_ladder,type_b_ladder,False,False,0.2297,-0.1667,65,-133.25,strategy_S5-10_ATM_5_2__TYPE_B:NIFTY:2026-04-22T12:55:45:LONG
2026-04-22,12:56:30,2026-04-22,12:56:33,NIFTY,SELL,TYPE_B,PASSIVE,HIT_BID,24424.95,24428.05,NIFTY28APR2624450PE,24450.0,PE,ITM1,240.25,239.8,240.1,239.88,245.0,235.0,0.020825,0.020844,ws,ws,type_b_ladder,type_b_ladder,False,False,0.15,-0.075,65,-29.25,strategy_S5-10_ATM_5_2__TYPE_B:NIFTY:2026-04-22T12:56:30:SHORT
2026-04-22,12:56:48,2026-04-22,12:57:28,NIFTY,BUY,TYPE_B,PASSIVE,HIT_BID,24429.1,24429.7,NIFTY28APR2624400CE,24400.0,CE,ITM1,229.05,231.45,228.78,231.67,230.0,230.0,0.021853,0.021575,ws,ws,type_b_ladder,type_b_ladder,False,False,0.2692,-0.2222,65,156.0,strategy_S5-10_ATM_5_2__TYPE_B:NIFTY:2026-04-22T12:56:48:LONG
2026-04-22,12:58:23,2026-04-22,12:58:42,NIFTY,BUY,TYPE_B,PASSIVE,HIT_BID,24431.75,24430.55,NIFTY28APR2624400CE,24400.0,CE,ITM1,233.0,233.5,232.67,233.74,235.0,230.0,0.021475,0.021388,ws,ws,type_b_ladder,type_b_ladder,False,False,0.3267,-0.2357,65,32.5,strategy_S5-10_ATM_5_2__TYPE_B:NIFTY:2026-04-22T12:58:23:LONG
2026-04-22,12:59:00,2026-04-22,12:59:12,NIFTY,SELL,TYPE_B,PASSIVE,HIT_BID,24429.95,24432.35,NIFTY28APR2624450PE,24450.0,PE,ITM1,233.6,231.85,233.4,231.92,235.0,230.0,0.021422,0.021556,ws,ws,type_b_ladder,type_b_ladder,False,False,0.2,-0.0667,65,-113.75,strategy_S5-10_ATM_5_2__TYPE_B:NIFTY:2026-04-22T12:59:00:SHORT
2026-04-22,12:59:16,2026-04-22,12:59:37,NIFTY,BUY,TYPE_B,PASSIVE,HIT_BID,24433.15,24430.25,NIFTY28APR2624400CE,24400.0,CE,ITM1,233.85,232.7,233.53,232.97,235.0,230.0,0.021402,0.021466,ws,ws,type_b_ladder,type_b_ladder,False,False,0.3214,-0.27,65,-74.75,strategy_S5-10_ATM_5_2__TYPE_B:NIFTY:2026-04-22T12:59:16:LONG
2026-04-22,12:59:51,2026-04-22,12:59:53,NIFTY,SELL,TYPE_B,PASSIVE,HIT_BID,24429.8,24432.45,NIFTY28APR2624450PE,24450.0,PE,ITM1,234.05,233.95,233.75,234.18,235.0,230.0,0.021386,0.021352,ws,ws,type_b_ladder,type_b_ladder,False,False,0.3,-0.225,65,-6.5,strategy_S5-10_ATM_5_2__TYPE_B:NIFTY:2026-04-22T12:59:51:SHORT
2026-04-22,13:00:13,2026-04-22,13:00:18,NIFTY,SELL,TYPE_B,PASSIVE,HIT_BID,24428.95,24431.4,NIFTY28APR2624450PE,24450.0,PE,ITM1,233.3,234.8,233.28,235.02,235.0,230.0,0.021434,0.021272,ws,ws,type_b_ladder,type_b_ladder,False,False,0.025,-0.2222,65,97.5,strategy_S5-10_ATM_5_2__TYPE_B:NIFTY:2026-04-22T13:00:13:SHORT
2026-04-22,13:00:20,2026-04-22,13:00:23,NIFTY,SELL,TYPE_B,PASSIVE,HIT_BID,24428.4,24433.5,NIFTY28APR2624450PE,24450.0,PE,ITM1,235.0,233.8,234.87,233.84,235.0,230.0,0.021295,0.021368,ws,ws,type_b_ladder,type_b_ladder,False,False,0.1333,-0.0444,65,-78.0,strategy_S5-10_ATM_5_2__TYPE_B:NIFTY:2026-04-22T13:00:20:SHORT
2026-04-22,13:00:33,2026-04-22,13:00:50,NIFTY,BUY,TYPE_B,PASSIVE,HIT_BID,24434.05,24431.05,NIFTY28APR2624400CE,24400.0,CE,ITM1,233.4,232.7,233.16,233.03,235.0,230.0,0.021448,0.021464,ws,ws,type_b_ladder,type_b_ladder,False,False,0.2357,-0.3269,65,-45.5,strategy_S5-10_ATM_5_2__TYPE_B:NIFTY:2026-04-22T13:00:33:LONG
2026-04-22,13:01:08,2026-04-22,13:01:48,NIFTY,SELL,TYPE_B,PASSIVE,HIT_BID,24429.95,24425.95,NIFTY28APR2624450PE,24450.0,PE,ITM1,234.7,240.3,234.31,240.63,235.0,240.0,0.021329,0.020788,ws,ws,type_b_ladder,type_b_ladder,False,False,0.3903,-0.3273,65,364.0,strategy_S5-10_ATM_5_2__TYPE_B:NIFTY:2026-04-22T13:01:08:SHORT
2026-04-22,13:01:53,2026-04-22,13:02:34,NIFTY,BUY,TYPE_B,PASSIVE,HIT_BID,24427.3,24429.05,NIFTY28APR2624400CE,24400.0,CE,ITM1,228.2,230.0,228.16,230.44,230.0,230.0,0.021935,0.021716,ws,ws,type_b_ladder,type_b_ladder,False,False,0.0435,-0.4368,65,117.0,strategy_S5-10_ATM_5_2__TYPE_B:NIFTY:2026-04-22T13:01:53:LONG
2026-04-22,13:02:46,2026-04-22,13:02:58,NIFTY,SELL,TYPE_B,PASSIVE,HIT_BID,24429.1,24430.4,NIFTY28APR2624450PE,24450.0,PE,ITM1,236.8,236.9,236.41,237.33,240.0,235.0,0.021137,0.021084,ws,ws,type_b_ladder,type_b_ladder,False,False,0.3889,-0.4286,65,6.5,strategy_S5-10_ATM_5_2__TYPE_B:NIFTY:2026-04-22T13:02:46:SHORT
2026-04-22,13:03:17,2026-04-22,13:03:18,NIFTY,SELL,TYPE_B,PASSIVE,HIT_BID,24427.45,24429.0,NIFTY28APR2624450PE,24450.0,PE,ITM1,239.9,239.5,239.87,239.87,240.0,235.0,0.020859,0.020859,ws,ws,type_b_ladder,type_b_ladder,False,False,0.0286,-0.3714,65,-26.0,strategy_S5-10_ATM_5_2__TYPE_B:NIFTY:2026-04-22T13:03:17:SHORT
2026-04-22,13:03:20,2026-04-22,13:03:48,NIFTY,SELL,TYPE_B,PASSIVE,HIT_BID,24426.7,24422.4,NIFTY28APR2624450PE,24450.0,PE,ITM1,239.85,242.95,239.59,243.08,240.0,240.0,0.02087,0.020566,ws,ws,type_b_ladder,type_b_ladder,False,False,0.2588,-0.1346,65,201.5,strategy_S5-10_ATM_5_2__TYPE_B:NIFTY:2026-04-22T13:03:20:SHORT
2026-04-22,13:04:03,2026-04-22,13:04:38,NIFTY,BUY,TYPE_B,PASSIVE,HIT_BID,24424.3,24426.8,NIFTY28APR2624400CE,24400.0,CE,ITM1,226.25,228.0,225.99,228.33,230.0,225.0,0.022121,0.021913,ws,ws,type_b_ladder,type_b_ladder,False,False,0.2625,-0.3349,65,113.75,strategy_S5-10_ATM_5_2__TYPE_B:NIFTY:2026-04-22T13:04:03:LONG
2026-04-22,13:04:48,2026-04-22,13:04:51,NIFTY,BUY,TYPE_B,PASSIVE,HIT_BID,24430.25,24427.0,NIFTY28APR2624400CE,24400.0,CE,ITM1,229.9,229.45,229.55,229.67,230.0,225.0,0.02177,0.021768,ws,ws,type_b_ladder,type_b_ladder,False,False,0.35,-0.2222,65,-29.25,strategy_S5-10_ATM_5_2__TYPE_B:NIFTY:2026-04-22T13:04:48:LONG
2026-04-22,13:05:01,2026-04-22,13:05:47,NIFTY,BUY,TYPE_B,PASSIVE,HIT_BID,24431.7,24432.5,NIFTY28APR2624400CE,24400.0,CE,ITM1,231.0,233.0,230.96,233.08,235.0,230.0,0.021647,0.021448,ws,ws,type_b_ladder,type_b_ladder,False,False,0.0357,-0.0769,65,130.0,strategy_S5-10_ATM_5_2__TYPE_B:NIFTY:2026-04-22T13:05:01:LONG
2026-04-22,13:05:50,2026-04-22,13:05:52,NIFTY,SELL,TYPE_B,PASSIVE,HIT_BID,24431.8,24432.9,NIFTY28APR2624450PE,24450.0,PE,ITM1,234.3,234.75,233.98,234.88,235.0,230.0,0.021363,0.021288,ws,ws,type_b_ladder,type_b_ladder,False,False,0.3235,-0.125,65,29.25,strategy_S5-10_ATM_5_2__TYPE_B:NIFTY:2026-04-22T13:05:50:SHORT
2026-04-22,13:05:56,2026-04-22,13:05:58,NIFTY,SELL,TYPE_B,PASSIVE,HIT_BID,24431.6,24433.55,NIFTY28APR2624450PE,24450.0,PE,ITM1,235.3,234.6,235.09,234.63,240.0,230.0,0.021263,0.021299,ws,ws,type_b_ladder,type_b_ladder,False,False,0.2143,-0.0333,65,-45.5,strategy_S5-10_ATM_5_2__TYPE_B:NIFTY:2026-04-22T13:05:56:SHORT
2026-04-22,13:06:08,2026-04-22,13:06:43,NIFTY,BUY,TYPE_B,PASSIVE,HIT_BID,24434.95,24433.4,NIFTY28APR2624400CE,24400.0,CE,ITM1,234.0,233.25,233.97,233.35,235.0,230.0,0.021381,0.021416,ws,ws,type_b_ladder,type_b_ladder,False,False,0.0333,-0.0964,65,-48.75,strategy_S5-10_ATM_5_2__TYPE_B:NIFTY:2026-04-22T13:06:08:LONG
2026-04-22,13:07:29,2026-04-22,13:07:33,NIFTY,SELL,TYPE_B,PASSIVE,HIT_BID,24433.35,24435.85,NIFTY28APR2624450PE,24450.0,PE,ITM1,231.5,230.65,231.49,230.91,235.0,230.0,0.021603,0.021664,ws,ws,type_b_ladder,type_b_ladder,False,False,0.0071,-0.255,65,-55.25,strategy_S5-10_ATM_5_2__TYPE_B:NIFTY:2026-04-22T13:07:29:SHORT
2026-04-22,13:07:44,2026-04-22,13:07:53,NIFTY,SELL,TYPE_B,PASSIVE,HIT_BID,24432.95,24434.05,NIFTY28APR2624450PE,24450.0,PE,ITM1,233.0,231.4,232.81,231.69,235.0,230.0,0.021468,0.021582,ws,ws,type_b_ladder,type_b_ladder,False,False,0.1905,-0.2881,65,-104.0,strategy_S5-10_ATM_5_2__TYPE_B:NIFTY:2026-04-22T13:07:44:SHORT
2026-04-22,13:08:11,2026-04-22,13:08:20,NIFTY,BUY,TYPE_B,PASSIVE,HIT_BID,24434.35,24433.7,NIFTY28APR2624400CE,24400.0,CE,ITM1,232.0,233.1,231.78,233.21,235.0,230.0,0.021575,0.021432,ws,ws,type_b_ladder,type_b_ladder,False,False,0.2222,-0.1143,65,71.5,strategy_S5-10_ATM_5_2__TYPE_B:NIFTY:2026-04-22T13:08:11:LONG
2026-04-22,13:08:30,2026-04-22,13:08:41,NIFTY,BUY,TYPE_B,PASSIVE,HIT_BID,24437.15,24434.35,NIFTY28APR2624400CE,24400.0,CE,ITM1,234.0,233.1,233.97,233.15,235.0,230.0,0.02137,0.021427,ws,ws,type_b_ladder,type_b_ladder,False,False,0.025,-0.0455,65,-58.5,strategy_S5-10_ATM_5_2__TYPE_B:NIFTY:2026-04-22T13:08:30:LONG
2026-04-22,13:08:56,2026-04-22,13:09:23,NIFTY,SELL,TYPE_B,PASSIVE,HIT_BID,24434.65,24434.3,NIFTY28APR2624450PE,24450.0,PE,ITM1,230.75,233.05,230.47,233.2,235.0,230.0,0.021694,0.021434,ws,ws,type_b_ladder,type_b_ladder,False,False,0.275,-0.15,65,149.5,strategy_S5-10_ATM_5_2__TYPE_B:NIFTY:2026-04-22T13:08:56:SHORT
2026-04-22,13:09:30,2026-04-22,13:09:43,NIFTY,SELL,TYPE_B,PASSIVE,HIT_BID,24431.8,24432.25,NIFTY28APR2624450PE,24450.0,PE,ITM1,235.0,234.1,234.71,234.21,235.0,230.0,0.02129,0.021342,ws,ws,type_b_ladder,type_b_ladder,False,False,0.2882,-0.105,65,-58.5,strategy_S5-10_ATM_5_2__TYPE_B:NIFTY:2026-04-22T13:09:30:SHORT
2026-04-22,13:09:52,2026-04-22,13:09:53,NIFTY,SELL,TYPE_B,PASSIVE,HIT_BID,24429.7,24432.1,NIFTY28APR2624450PE,24450.0,PE,ITM1,235.65,235.2,235.31,235.24,240.0,235.0,0.021238,0.02124,ws,ws,type_b_ladder,type_b_ladder,False,False,0.3375,-0.0444,65,-29.25,strategy_S5-10_ATM_5_2__TYPE_B:NIFTY:2026-04-22T13:09:52:SHORT
2026-04-22,13:10:32,2026-04-22,13:10:48,NIFTY,SELL,TYPE_B,PASSIVE,HIT_BID,24429.7,24428.65,NIFTY28APR2624450PE,24450.0,PE,ITM1,235.8,238.7,235.4,238.93,240.0,235.0,0.021227,0.020927,ws,ws,type_b_ladder,type_b_ladder,False,False,0.4048,-0.225,65,188.5,strategy_S5-10_ATM_5_2__TYPE_B:NIFTY:2026-04-22T13:10:32:SHORT
2026-04-22,13:11:10,2026-04-22,13:11:13,NIFTY,SELL,TYPE_B,PASSIVE,HIT_BID,24427.15,24428.35,NIFTY28APR2624450PE,24450.0,PE,ITM1,237.35,237.25,236.96,237.52,240.0,235.0,0.021088,0.021057,ws,ws,type_b_ladder,type_b_ladder,False,False,0.3875,-0.2667,65,-6.5,strategy_S5-10_ATM_5_2__TYPE_B:NIFTY:2026-04-22T13:11:10:SHORT
2026-04-22,13:11:20,2026-04-22,13:11:21,NIFTY,SELL,TYPE_B,PASSIVE,HIT_BID,24425.85,24429.8,NIFTY28APR2624450PE,24450.0,PE,ITM1,237.4,237.15,237.32,237.34,240.0,235.0,0.021077,0.021066,ws,ws,type_b_ladder,type_b_ladder,False,False,0.0808,-0.1895,65,-16.25,strategy_S5-10_ATM_5_2__TYPE_B:NIFTY:2026-04-22T13:11:20:SHORT
2026-04-22,13:11:33,2026-04-22,13:11:45,NIFTY,BUY,TYPE_B,PASSIVE,HIT_BID,24429.8,24427.1,NIFTY28APR2624400CE,24400.0,CE,ITM1,226.95,225.8,226.78,225.82,230.0,225.0,0.022051,0.022131,ws,ws,type_b_ladder,type_b_ladder,False,False,0.1714,-0.025,65,-74.75,strategy_S5-10_ATM_5_2__TYPE_B:NIFTY:2026-04-22T13:11:33:LONG
2026-04-22,13:12:01,2026-04-22,13:12:23,NIFTY,SELL,TYPE_B,PASSIVE,HIT_BID,24425.8,24426.1,NIFTY28APR2624450PE,24450.0,PE,ITM1,239.8,241.8,239.76,242.15,240.0,240.0,0.020857,0.020657,ws,ws,type_b_ladder,type_b_ladder,False,False,0.0375,-0.3462,65,130.0,strategy_S5-10_ATM_5_2__TYPE_B:NIFTY:2026-04-22T13:12:01:SHORT
2026-04-22,13:12:40,2026-04-22,13:12:53,NIFTY,SELL,TYPE_B,PASSIVE,HIT_BID,24421.55,24421.1,NIFTY28APR2624450PE,24450.0,PE,ITM1,242.7,242.7,242.57,243.16,245.0,240.0,0.020619,0.020576,ws,ws,type_b_ladder,type_b_ladder,False,False,0.1333,-0.4588,65,0.0,strategy_S5-10_ATM_5_2__TYPE_B:NIFTY:2026-04-22T13:12:40:SHORT
2026-04-22,13:12:55,2026-04-22,13:13:03,NIFTY,SELL,TYPE_B,PASSIVE,HIT_BID,24417.8,24420.9,NIFTY28APR2624450PE,24450.0,PE,ITM1,242.7,241.65,242.25,241.95,245.0,240.0,0.020625,0.020674,ws,ws,type_b_ladder,type_b_ladder,False,False,0.4469,-0.3,65,-68.25,strategy_S5-10_ATM_5_2__TYPE_B:NIFTY:2026-04-22T13:12:55:SHORT
2026-04-22,13:13:08,2026-04-22,13:13:10,NIFTY,BUY,TYPE_B,PASSIVE,HIT_BID,24421.7,24419.9,NIFTY28APR2624400CE,24400.0,CE,ITM1,224.4,224.05,224.08,224.15,225.0,220.0,0.022302,0.022297,ws,ws,type_b_ladder,type_b_ladder,False,False,0.32,-0.1,65,-22.75,strategy_S5-10_ATM_5_2__TYPE_B:NIFTY:2026-04-22T13:13:08:LONG
2026-04-22,13:13:16,2026-04-22,13:15:00,NIFTY,BUY,TYPE_B,PASSIVE,HIT_BID,24423.55,24429.75,NIFTY28APR2624400CE,24400.0,CE,ITM1,223.9,231.5,223.59,231.76,225.0,230.0,0.022349,0.021577,ws,ws,type_b_ladder,type_b_ladder,False,False,0.315,-0.2571,65,494.0,strategy_S5-10_ATM_5_2__TYPE_B:NIFTY:2026-04-22T13:13:16:LONG
2026-04-22,13:15:19,2026-04-22,13:15:31,NIFTY,BUY,TYPE_B,PASSIVE,HIT_BID,24432.2,24431.25,NIFTY28APR2624400CE,24400.0,CE,ITM1,232.0,232.65,231.64,232.72,235.0,230.0,0.02157,0.021485,ws,ws,type_b_ladder,type_b_ladder,False,False,0.3603,-0.075,65,42.25,strategy_S5-10_ATM_5_2__TYPE_B:NIFTY:2026-04-22T13:15:19:LONG
2026-04-22,13:15:39,2026-04-22,13:15:43,NIFTY,SELL,TYPE_B,PASSIVE,HIT_BID,24430.7,24431.8,NIFTY28APR2624450PE,24450.0,PE,ITM1,231.95,232.1,231.85,232.28,235.0,230.0,0.021568,0.021526,ws,ws,type_b_ladder,type_b_ladder,False,False,0.1,-0.175,65,9.75,strategy_S5-10_ATM_5_2__TYPE_B:NIFTY:2026-04-22T13:15:39:SHORT
2026-04-22,13:15:48,2026-04-22,13:15:50,NIFTY,BUY,TYPE_B,PASSIVE,HIT_BID,24432.55,24430.6,NIFTY28APR2624400CE,24400.0,CE,ITM1,230.35,230.35,230.28,230.52,235.0,230.0,0.021711,0.021683,ws,ws,type_b_ladder,type_b_ladder,False,False,0.0706,-0.1667,65,0.0,strategy_S5-10_ATM_5_2__TYPE_B:NIFTY:2026-04-22T13:15:48:LONG
2026-04-22,13:16:00,2026-04-22,13:16:33,NIFTY,SELL,TYPE_B,PASSIVE,HIT_BID,24429.45,24426.65,NIFTY28APR2624450PE,24450.0,PE,ITM1,234.8,237.0,234.74,237.12,235.0,235.0,0.021313,0.021081,ws,ws,type_b_ladder,type_b_ladder,False,False,0.0615,-0.1225,65,143.0,strategy_S5-10_ATM_5_2__TYPE_B:NIFTY:2026-04-22T13:16:00:SHORT
2026-04-22,13:16:41,2026-04-22,13:17:12,NIFTY,BUY,TYPE_B,PASSIVE,HIT_BID,24428.1,24426.7,NIFTY28APR2624400CE,24400.0,CE,ITM1,228.05,227.6,227.63,227.7,230.0,225.0,0.021947,0.021954,ws,ws,type_b_ladder,type_b_ladder,False,False,0.4179,-0.1,65,-29.25,strategy_S5-10_ATM_5_2__TYPE_B:NIFTY:2026-04-22T13:16:41:LONG
2026-04-22,13:17:20,2026-04-22,13:17:23,NIFTY,SELL,TYPE_B,PASSIVE,HIT_BID,24426.05,24427.75,NIFTY28APR2624450PE,24450.0,PE,ITM1,236.45,237.15,236.38,237.33,240.0,235.0,0.021157,0.021064,ws,ws,type_b_ladder,type_b_ladder,False,False,0.0714,-0.18,65,45.5,strategy_S5-10_ATM_5_2__TYPE_B:NIFTY:2026-04-22T13:17:20:SHORT
2026-04-22,13:17:40,2026-04-22,13:18:08,NIFTY,SELL,TYPE_B,PASSIVE,HIT_BID,24425.1,24421.2,NIFTY28APR2624450PE,24450.0,PE,ITM1,238.8,241.05,238.28,241.38,240.0,240.0,0.020962,0.020721,ws,ws,type_b_ladder,type_b_ladder,False,False,0.5176,-0.3333,65,146.25,strategy_S5-10_ATM_5_2__TYPE_B:NIFTY:2026-04-22T13:17:40:SHORT
2026-04-22,13:18:32,2026-04-22,13:18:43,NIFTY,SELL,TYPE_B,PASSIVE,HIT_BID,24418.2,24420.1,NIFTY28APR2624450PE,24450.0,PE,ITM1,242.85,242.6,242.65,242.75,245.0,240.0,0.02061,0.020602,ws,ws,type_b_ladder,type_b_ladder,False,False,0.2,-0.15,65,-16.25,strategy_S5-10_ATM_5_2__TYPE_B:NIFTY:2026-04-22T13:18:32:SHORT
2026-04-22,13:18:45,2026-04-22,13:19:02,NIFTY,BUY,TYPE_B,PASSIVE,HIT_BID,24420.85,24418.75,NIFTY28APR2624400CE,24400.0,CE,ITM1,222.65,222.55,222.31,222.59,225.0,220.0,0.022479,0.022454,ws,ws,type_b_ladder,type_b_ladder,False,False,0.3375,-0.0357,65,-6.5,strategy_S5-10_ATM_5_2__TYPE_B:NIFTY:2026-04-22T13:18:45:LONG
2026-04-22,13:19:17,2026-04-22,13:19:43,NIFTY,SELL,TYPE_B,PASSIVE,HIT_BID,24418.65,24415.5,NIFTY28APR2624450PE,24450.0,PE,ITM1,244.8,247.5,244.63,247.56,245.0,245.0,0.020435,0.020188,ws,ws,type_b_ladder,type_b_ladder,False,False,0.1667,-0.0583,65,175.5,strategy_S5-10_ATM_5_2__TYPE_B:NIFTY:2026-04-22T13:19:17:SHORT
2026-04-22,13:19:53,2026-04-22,13:19:59,NIFTY,BUY,TYPE_B,PASSIVE,HIT_BID,24416.85,24412.4,NIFTY28APR2624400CE,24400.0,CE,ITM1,218.65,217.35,218.51,217.66,220.0,215.0,0.022894,0.022986,ws,ws,type_b_ladder,type_b_ladder,False,False,0.1429,-0.3088,65,-84.5,strategy_S5-10_ATM_5_2__TYPE_B:NIFTY:2026-04-22T13:19:53:LONG
2026-04-22,13:20:13,2026-04-22,13:20:19,NIFTY,BUY,TYPE_B,PASSIVE,HIT_BID,24415.95,24414.55,NIFTY28APR2624400CE,24400.0,CE,ITM1,218.55,217.0,218.38,217.27,220.0,215.0,0.022896,0.023026,ws,ws,type_b_ladder,type_b_ladder,False,False,0.175,-0.2741,65,-100.75,strategy_S5-10_ATM_5_2__TYPE_B:NIFTY:2026-04-22T13:20:13:LONG
2026-04-22,13:20:20,2026-04-22,13:20:53,NIFTY,SELL,TYPE_B,PASSIVE,HIT_BID,24411.75,24409.05,NIFTY28APR2624450PE,24450.0,PE,ITM1,252.7,254.45,252.59,254.59,255.0,250.0,0.019804,0.019633,ws,ws,type_b_ladder,type_b_ladder,False,False,0.1125,-0.1421,65,113.75,strategy_S5-10_ATM_5_2__TYPE_B:NIFTY:2026-04-22T13:20:20:SHORT
2026-04-22,13:20:57,2026-04-22,13:21:08,NIFTY,SELL,TYPE_B,PASSIVE,HIT_BID,24406.0,24407.3,NIFTY28APR2624450PE,24450.0,PE,ITM1,255.0,253.55,254.59,253.87,255.0,250.0,0.019627,0.019704,ws,ws,type_b_ladder,type_b_ladder,False,False,0.4059,-0.32,65,-94.25,strategy_S5-10_ATM_5_2__TYPE_B:NIFTY:2026-04-22T13:20:57:SHORT
2026-04-22,13:21:28,2026-04-22,13:21:48,NIFTY,SELL,TYPE_B,PASSIVE,HIT_BID,24404.35,24405.0,NIFTY28APR2624450PE,24450.0,PE,ITM1,256.05,255.75,255.72,255.82,260.0,255.0,0.019543,0.019535,ws,ws,type_b_ladder,type_b_ladder,False,False,0.3273,-0.0727,65,-19.5,strategy_S5-10_ATM_5_2__TYPE_B:NIFTY:2026-04-22T13:21:28:SHORT
2026-04-22,13:22:01,2026-04-22,13:22:11,NIFTY,BUY,TYPE_B,PASSIVE,HIT_BID,24407.25,24402.7,NIFTY28APR2624400CE,24400.0,CE,ITM1,213.6,210.0,213.21,210.28,215.0,210.0,0.023433,0.023793,ws,ws,type_b_ladder,type_b_ladder,False,False,0.3937,-0.2778,65,-234.0,strategy_S5-10_ATM_5_2__TYPE_B:NIFTY:2026-04-22T13:22:01:LONG
2026-04-22,13:22:18,2026-04-22,13:23:01,NIFTY,SELL,TYPE_B,PASSIVE,HIT_BID,24399.45,24391.4,NIFTY28APR2624400PE,24400.0,PE,ITM1,230.15,236.45,230.03,236.64,235.0,235.0,0.021749,0.021126,ws,ws,type_b_ladder,type_b_ladder,False,False,0.1154,-0.1895,65,409.5,strategy_S5-10_ATM_5_2__TYPE_B:NIFTY:2026-04-22T13:22:18:SHORT
2026-04-22,13:23:25,2026-04-22,13:23:32,NIFTY,SELL,TYPE_B,PASSIVE,HIT_BID,24385.8,24387.45,NIFTY28APR2624400PE,24400.0,PE,ITM1,240.65,237.65,240.55,237.73,245.0,235.0,0.020794,0.021015,ws,ws,type_b_ladder,type_b_ladder,False,False,0.1,-0.0786,65,-195.0,strategy_S5-10_ATM_5_2__TYPE_B:NIFTY:2026-04-22T13:23:25:SHORT
2026-04-22,13:23:40,2026-04-22,13:24:29,NIFTY,BUY,TYPE_B,PASSIVE,HIT_BID,24390.65,24392.85,NIFTY28APR2624350CE,24350.0,CE,ITM1,231.65,232.25,231.61,232.52,235.0,230.0,0.021598,0.021508,ws,ws,type_b_ladder,type_b_ladder,False,False,0.0429,-0.27,65,39.0,strategy_S5-10_ATM_5_2__TYPE_B:NIFTY:2026-04-22T13:23:40:LONG
2026-04-22,13:24:42,2026-04-22,13:25:03,NIFTY,SELL,TYPE_B,PASSIVE,HIT_BID,24391.2,24394.85,NIFTY28APR2624400PE,24400.0,PE,ITM1,238.0,237.6,237.88,237.66,240.0,235.0,0.02103,0.021026,ws,ws,type_b_ladder,type_b_ladder,False,False,0.125,-0.0627,65,-26.0,strategy_S5-10_ATM_5_2__TYPE_B:NIFTY:2026-04-22T13:24:42:SHORT
2026-04-22,13:25:11,2026-04-22,13:25:16,NIFTY,SELL,TYPE_B,PASSIVE,HIT_BID,24390.75,24394.4,NIFTY28APR2624400PE,24400.0,PE,ITM1,238.35,235.25,238.05,235.45,240.0,235.0,0.021,0.021236,ws,ws,type_b_ladder,type_b_ladder,False,False,0.3,-0.2,65,-201.5,strategy_S5-10_ATM_5_2__TYPE_B:NIFTY:2026-04-22T13:25:11:SHORT
2026-04-22,13:25:23,2026-04-22,13:26:00,NIFTY,BUY,TYPE_B,PASSIVE,HIT_BID,24398.75,24393.55,NIFTY28APR2624350CE,24350.0,CE,ITM1,236.0,235.0,235.86,235.18,240.0,235.0,0.021195,0.021254,ws,ws,type_b_ladder,type_b_ladder,False,False,0.1385,-0.1818,65,-65.0,strategy_S5-10_ATM_5_2__TYPE_B:NIFTY:2026-04-22T13:25:23:LONG
2026-04-22,13:26:12,2026-04-22,13:26:47,NIFTY,BUY,TYPE_B,PASSIVE,HIT_BID,24398.5,24399.55,NIFTY28APR2624350CE,24350.0,CE,ITM1,237.8,237.15,237.52,237.31,240.0,235.0,0.021044,0.021066,ws,ws,type_b_ladder,type_b_ladder,False,False,0.28,-0.16,65,-42.25,strategy_S5-10_ATM_5_2__TYPE_B:NIFTY:2026-04-22T13:26:12:LONG
2026-04-22,13:26:50,2026-04-22,13:26:56,NIFTY,SELL,TYPE_B,PASSIVE,HIT_BID,24399.25,24400.65,NIFTY28APR2624400PE,24400.0,PE,ITM1,232.05,231.15,231.77,231.31,235.0,230.0,0.021563,0.021612,ws,ws,type_b_ladder,type_b_ladder,False,False,0.28,-0.16,65,-58.5,strategy_S5-10_ATM_5_2__TYPE_B:NIFTY:2026-04-22T13:26:50:SHORT
2026-04-22,13:27:08,2026-04-22,13:27:23,NIFTY,BUY,TYPE_B,PASSIVE,HIT_BID,24402.15,24404.0,NIFTY28APR2624400CE,24400.0,CE,ITM1,212.7,214.5,212.66,214.7,215.0,210.0,0.023532,0.023288,ws,ws,type_b_ladder,type_b_ladder,False,False,0.045,-0.2,65,117.0,strategy_S5-10_ATM_5_2__TYPE_B:NIFTY:2026-04-22T13:27:08:LONG
2026-04-22,13:27:33,2026-04-22,13:27:34,NIFTY,BUY,TYPE_B,PASSIVE,HIT_BID,24406.55,24404.65,NIFTY28APR2624400CE,24400.0,CE,ITM1,214.3,214.0,214.24,214.24,215.0,210.0,0.023348,0.023348,ws,ws,type_b_ladder,type_b_ladder,False,False,0.0619,-0.2381,65,-19.5,strategy_S5-10_ATM_5_2__TYPE_B:NIFTY:2026-04-22T13:27:33:LONG
2026-04-22,13:27:42,2026-04-22,13:27:48,NIFTY,SELL,TYPE_B,PASSIVE,HIT_BID,24403.2,24405.6,NIFTY28APR2624450PE,24450.0,PE,ITM1,253.7,253.2,253.27,253.43,255.0,250.0,0.019728,0.019728,ws,ws,type_b_ladder,type_b_ladder,False,False,0.4333,-0.2317,65,-32.5,strategy_S5-10_ATM_5_2__TYPE_B:NIFTY:2026-04-22T13:27:42:SHORT
2026-04-22,13:28:21,2026-04-22,13:28:25,NIFTY,SELL,TYPE_B,PASSIVE,HIT_BID,24401.9,24403.15,NIFTY28APR2624450PE,24450.0,PE,ITM1,254.0,253.85,253.85,254.15,255.0,250.0,0.019693,0.019677,ws,ws,type_b_ladder,type_b_ladder,False,False,0.1455,-0.3,65,-9.75,strategy_S5-10_ATM_5_2__TYPE_B:NIFTY:2026-04-22T13:28:21:SHORT
2026-04-22,13:28:41,2026-04-22,13:28:58,NIFTY,SELL,TYPE_B,PASSIVE,HIT_BID,24400.35,24402.25,NIFTY28APR2624450PE,24450.0,PE,ITM1,252.1,254.3,251.99,254.43,255.0,250.0,0.019853,0.019646,ws,ws,type_b_ladder,type_b_ladder,False,False,0.1111,-0.1333,65,143.0,strategy_S5-10_ATM_5_2__TYPE_B:NIFTY:2026-04-22T13:28:41:SHORT
2026-04-22,13:29:00,2026-04-22,13:29:52,NIFTY,BUY,TYPE_B,PASSIVE,HIT_BID,24402.7,24413.2,NIFTY28APR2624400CE,24400.0,CE,ITM1,213.8,216.35,213.68,216.57,215.0,215.0,0.023406,0.023084,ws,ws,type_b_ladder,type_b_ladder,False,False,0.1167,-0.2188,65,165.75,strategy_S5-10_ATM_5_2__TYPE_B:NIFTY:2026-04-22T13:29:00:LONG
2026-04-22,13:29:59,2026-04-22,13:30:20,NIFTY,BUY,TYPE_B,PASSIVE,HIT_BID,24415.6,24416.85,NIFTY28APR2624400CE,24400.0,CE,ITM1,216.85,217.2,216.65,217.53,220.0,215.0,0.023071,0.022994,ws,ws,type_b_ladder,type_b_ladder,False,False,0.1964,-0.3333,65,22.75,strategy_S5-10_ATM_5_2__TYPE_B:NIFTY:2026-04-22T13:29:59:LONG
2026-04-22,13:30:35,2026-04-22,13:30:38,NIFTY,SELL,TYPE_B,PASSIVE,HIT_BID,24416.35,24417.85,NIFTY28APR2624450PE,24450.0,PE,ITM1,245.45,245.65,245.42,245.76,250.0,245.0,0.020387,0.020336,ws,ws,type_b_ladder,type_b_ladder,False,False,0.0267,-0.1125,65,13.0,strategy_S5-10_ATM_5_2__TYPE_B:NIFTY:2026-04-22T13:30:35:SHORT
2026-04-22,13:30:46,2026-04-22,13:30:53,NIFTY,SELL,TYPE_B,PASSIVE,HIT_BID,24416.0,24417.35,NIFTY28APR2624450PE,24450.0,PE,ITM1,246.5,247.35,246.43,247.41,250.0,245.0,0.020288,0.0202,ws,ws,type_b_ladder,type_b_ladder,False,False,0.0667,-0.0583,65,55.25,strategy_S5-10_ATM_5_2__TYPE_B:NIFTY:2026-04-22T13:30:46:SHORT
2026-04-22,13:30:55,2026-04-22,13:30:58,NIFTY,SELL,TYPE_B,PASSIVE,HIT_BID,24415.25,24417.6,NIFTY28APR2624450PE,24450.0,PE,ITM1,248.45,246.6,248.16,246.68,250.0,245.0,0.020139,0.020259,ws,ws,type_b_ladder,type_b_ladder,False,False,0.2917,-0.08,65,-120.25,strategy_S5-10_ATM_5_2__TYPE_B:NIFTY:2026-04-22T13:30:55:SHORT
2026-04-22,13:31:02,2026-04-22,13:31:23,NIFTY,SELL,TYPE_B,PASSIVE,HIT_BID,24414.3,24413.5,NIFTY28APR2624450PE,24450.0,PE,ITM1,247.4,247.15,247.31,247.27,250.0,245.0,0.020229,0.020212,ws,ws,type_b_ladder,type_b_ladder,False,False,0.09,-0.12,65,-16.25,strategy_S5-10_ATM_5_2__TYPE_B:NIFTY:2026-04-22T13:31:02:SHORT
2026-04-22,13:31:43,2026-04-22,13:32:02,NIFTY,BUY,TYPE_B,PASSIVE,HIT_BID,24414.45,24412.85,NIFTY28APR2624400CE,24400.0,CE,ITM1,218.65,217.35,218.45,217.37,220.0,215.0,0.022891,0.022981,ws,ws,type_b_ladder,type_b_ladder,False,False,0.2025,-0.0241,65,-84.5,strategy_S5-10_ATM_5_2__TYPE_B:NIFTY:2026-04-22T13:31:43:LONG
2026-04-22,13:32:07,2026-04-22,13:32:13,NIFTY,SELL,TYPE_B,PASSIVE,HIT_BID,24412.4,24413.75,NIFTY28APR2624450PE,24450.0,PE,ITM1,247.1,247.35,246.83,247.38,250.0,245.0,0.020261,0.020212,ws,ws,type_b_ladder,type_b_ladder,False,False,0.2708,-0.025,65,16.25,strategy_S5-10_ATM_5_2__TYPE_B:NIFTY:2026-04-22T13:32:07:SHORT
2026-04-22,13:32:22,2026-04-22,13:32:38,NIFTY,SELL,TYPE_B,PASSIVE,HIT_BID,24410.85,24411.15,NIFTY28APR2624450PE,24450.0,PE,ITM1,248.0,249.15,247.88,249.27,250.0,245.0,0.020176,0.020044,ws,ws,type_b_ladder,type_b_ladder,False,False,0.1167,-0.12,65,74.75,strategy_S5-10_ATM_5_2__TYPE_B:NIFTY:2026-04-22T13:32:22:SHORT
2026-04-22,13:32:48,2026-04-22,13:34:12,NIFTY,BUY,TYPE_B,PASSIVE,HIT_BID,24414.55,24424.65,NIFTY28APR2624400CE,24400.0,CE,ITM1,217.8,221.65,217.64,221.74,220.0,220.0,0.02297,0.02254,ws,ws,type_b_ladder,type_b_ladder,False,False,0.1591,-0.0875,65,250.25,strategy_S5-10_ATM_5_2__TYPE_B:NIFTY:2026-04-22T13:32:48:LONG
2026-04-22,13:34:29,2026-04-22,13:35:01,NIFTY,SELL,TYPE_B,PASSIVE,HIT_BID,24424.0,24425.7,NIFTY28APR2624450PE,24450.0,PE,ITM1,239.9,239.0,239.72,239.26,240.0,235.0,0.020857,0.020903,ws,ws,type_b_ladder,type_b_ladder,False,False,0.175,-0.26,65,-58.5,strategy_S5-10_ATM_5_2__TYPE_B:NIFTY:2026-04-22T13:34:29:SHORT
2026-04-22,13:35:13,2026-04-22,13:35:40,NIFTY,BUY,TYPE_B,PASSIVE,HIT_BID,24427.8,24426.2,NIFTY28APR2624400CE,24400.0,CE,ITM1,223.95,221.55,223.73,221.6,225.0,220.0,0.022346,0.022545,ws,ws,type_b_ladder,type_b_ladder,False,False,0.2222,-0.0529,65,-156.0,strategy_S5-10_ATM_5_2__TYPE_B:NIFTY:2026-04-22T13:35:13:LONG
2026-04-22,13:36:10,2026-04-22,13:36:13,NIFTY,SELL,TYPE_B,PASSIVE,HIT_BID,24428.0,24428.85,NIFTY28APR2624450PE,24450.0,PE,ITM1,238.65,237.8,238.19,237.86,240.0,235.0,0.020975,0.021013,ws,ws,type_b_ladder,type_b_ladder,False,False,0.4583,-0.06,65,-55.25,strategy_S5-10_ATM_5_2__TYPE_B:NIFTY:2026-04-22T13:36:10:SHORT
2026-04-22,13:36:20,2026-04-22,13:36:28,NIFTY,SELL,TYPE_B,PASSIVE,HIT_BID,24427.6,24428.05,NIFTY28APR2624450PE,24450.0,PE,ITM1,239.1,237.8,238.63,238.04,240.0,235.0,0.020938,0.021002,ws,ws,type_b_ladder,type_b_ladder,False,False,0.4737,-0.2406,65,-84.5,strategy_S5-10_ATM_5_2__TYPE_B:NIFTY:2026-04-22T13:36:20:SHORT
2026-04-22,13:37:13,2026-04-22,13:37:21,NIFTY,BUY,TYPE_B,PASSIVE,HIT_BID,24429.3,24428.05,NIFTY28APR2624400CE,24400.0,CE,ITM1,224.9,224.45,224.77,224.57,225.0,220.0,0.022249,0.022259,ws,ws,type_b_ladder,type_b_ladder,False,False,0.1273,-0.125,65,-29.25,strategy_S5-10_ATM_5_2__TYPE_B:NIFTY:2026-04-22T13:37:13:LONG
2026-04-22,13:37:27,2026-04-22,13:37:28,NIFTY,SELL,TYPE_B,PASSIVE,HIT_BID,24427.15,24429.55,NIFTY28APR2624450PE,24450.0,PE,ITM1,236.55,236.25,236.51,236.47,240.0,235.0,0.021155,0.021144,ws,ws,type_b_ladder,type_b_ladder,False,False,0.04,-0.225,65,-19.5,strategy_S5-10_ATM_5_2__TYPE_B:NIFTY:2026-04-22T13:37:27:SHORT
2026-04-22,13:37:51,2026-04-22,13:37:58,NIFTY,SELL,TYPE_B,PASSIVE,HIT_BID,24427.1,24428.3,NIFTY28APR2624450PE,24450.0,PE,ITM1,237.3,237.05,236.94,237.34,240.0,235.0,0.02109,0.021068,ws,ws,type_b_ladder,type_b_ladder,False,False,0.36,-0.2895,65,-16.25,strategy_S5-10_ATM_5_2__TYPE_B:NIFTY:2026-04-22T13:37:51:SHORT
2026-04-22,13:38:07,2026-04-22,13:38:17,NIFTY,SELL,TYPE_B,PASSIVE,HIT_BID,24425.9,24427.75,NIFTY28APR2624450PE,24450.0,PE,ITM1,238.45,236.6,238.01,236.7,240.0,235.0,0.020993,0.021113,ws,ws,type_b_ladder,type_b_ladder,False,False,0.44,-0.1,65,-120.25,strategy_S5-10_ATM_5_2__TYPE_B:NIFTY:2026-04-22T13:38:07:SHORT
2026-04-22,13:38:27,2026-04-22,13:38:33,NIFTY,SELL,TYPE_B,PASSIVE,HIT_BID,24425.2,24427.0,NIFTY28APR2624450PE,24450.0,PE,ITM1,238.3,237.75,237.82,237.91,240.0,235.0,0.021006,0.021013,ws,ws,type_b_ladder,type_b_ladder,False,False,0.4783,-0.16,65,-35.75,strategy_S5-10_ATM_5_2__TYPE_B:NIFTY:2026-04-22T13:38:27:SHORT
2026-04-22,13:38:40,2026-04-22,13:39:18,NIFTY,SELL,TYPE_B,PASSIVE,HIT_BID,24424.0,24418.6,NIFTY28APR2624450PE,24450.0,PE,ITM1,238.6,241.65,238.34,241.83,240.0,240.0,0.020975,0.02067,ws,ws,type_b_ladder,type_b_ladder,False,False,0.2571,-0.1786,65,198.25,strategy_S5-10_ATM_5_2__TYPE_B:NIFTY:2026-04-22T13:38:40:SHORT
2026-04-22,13:39:28,2026-04-22,13:39:50,NIFTY,BUY,TYPE_B,PASSIVE,HIT_BID,24420.45,24421.65,NIFTY28APR2624400CE,24400.0,CE,ITM1,221.7,222.45,221.55,222.61,225.0,220.0,0.022563,0.022467,ws,ws,type_b_ladder,type_b_ladder,False,False,0.1538,-0.16,65,48.75,strategy_S5-10_ATM_5_2__TYPE_B:NIFTY:2026-04-22T13:39:28:LONG
2026-04-22,13:39:57,2026-04-22,13:40:01,NIFTY,SELL,TYPE_B,PASSIVE,HIT_BID,24420.15,24422.85,NIFTY28APR2624450PE,24450.0,PE,ITM1,241.55,240.55,241.29,240.89,245.0,240.0,0.020715,0.020766,ws,ws,type_b_ladder,type_b_ladder,False,False,0.2625,-0.3375,65,-65.0,strategy_S5-10_ATM_5_2__TYPE_B:NIFTY:2026-04-22T13:39:57:SHORT
2026-04-22,13:40:13,2026-04-22,13:40:22,NIFTY,BUY,TYPE_B,PASSIVE,HIT_BID,24424.8,24422.25,NIFTY28APR2624400CE,24400.0,CE,ITM1,223.85,223.1,223.55,223.51,225.0,220.0,0.022359,0.022384,ws,ws,type_b_ladder,type_b_ladder,False,False,0.3,-0.4125,65,-48.75,strategy_S5-10_ATM_5_2__TYPE_B:NIFTY:2026-04-22T13:40:13:LONG
2026-04-22,13:40:30,2026-04-22,13:40:38,NIFTY,SELL,TYPE_B,PASSIVE,HIT_BID,24421.6,24425.8,NIFTY28APR2624450PE,24450.0,PE,ITM1,238.25,236.6,238.12,236.89,240.0,235.0,0.020997,0.021117,ws,ws,type_b_ladder,type_b_ladder,False,False,0.1333,-0.2917,65,-107.25,strategy_S5-10_ATM_5_2__TYPE_B:NIFTY:2026-04-22T13:40:30:SHORT
2026-04-22,13:40:53,2026-04-22,13:41:57,NIFTY,BUY,TYPE_B,PASSIVE,HIT_BID,24426.3,24431.1,NIFTY28APR2624400CE,24400.0,CE,ITM1,224.55,226.45,224.29,226.52,225.0,225.0,0.022289,0.02206,ws,ws,type_b_ladder,type_b_ladder,False,False,0.2571,-0.0667,65,123.5,strategy_S5-10_ATM_5_2__TYPE_B:NIFTY:2026-04-22T13:40:53:LONG
2026-04-22,13:42:03,2026-04-22,13:42:12,NIFTY,BUY,TYPE_B,PASSIVE,HIT_BID,24433.2,24431.7,NIFTY28APR2624400CE,24400.0,CE,ITM1,228.0,226.5,227.77,226.92,230.0,225.0,0.021942,0.022053,ws,ws,type_b_ladder,type_b_ladder,False,False,0.2292,-0.4219,65,-97.5,strategy_S5-10_ATM_5_2__TYPE_B:NIFTY:2026-04-22T13:42:03:LONG
2026-04-22,13:42:20,2026-04-22,13:43:18,NIFTY,SELL,TYPE_B,PASSIVE,HIT_BID,24430.7,24425.95,NIFTY28APR2624450PE,24450.0,PE,ITM1,235.8,237.3,235.54,237.67,240.0,235.0,0.02122,0.02105,ws,ws,type_b_ladder,type_b_ladder,False,False,0.2625,-0.3682,65,97.5,strategy_S5-10_ATM_5_2__TYPE_B:NIFTY:2026-04-22T13:42:20:SHORT
2026-04-22,13:43:33,2026-04-22,13:44:00,NIFTY,BUY,TYPE_B,PASSIVE,HIT_BID,24427.15,24427.25,NIFTY28APR2624400CE,24400.0,CE,ITM1,225.0,226.05,224.93,226.1,225.0,225.0,0.022232,0.022107,ws,ws,type_b_ladder,type_b_ladder,False,False,0.0667,-0.0484,65,68.25,strategy_S5-10_ATM_5_2__TYPE_B:NIFTY:2026-04-22T13:43:33:LONG
2026-04-22,13:44:23,2026-04-22,13:44:30,NIFTY,BUY,TYPE_B,PASSIVE,HIT_BID,24431.1,24428.1,NIFTY28APR2624400CE,24400.0,CE,ITM1,227.5,227.25,227.44,227.37,230.0,225.0,0.022002,0.02198,ws,ws,type_b_ladder,type_b_ladder,False,False,0.0556,-0.1227,65,-16.25,strategy_S5-10_ATM_5_2__TYPE_B:NIFTY:2026-04-22T13:44:23:LONG
2026-04-22,13:44:47,2026-04-22,13:45:02,NIFTY,BUY,TYPE_B,PASSIVE,HIT_BID,24430.25,24430.4,NIFTY28APR2624400CE,24400.0,CE,ITM1,227.5,228.15,227.43,228.26,230.0,225.0,0.021997,0.021908,ws,ws,type_b_ladder,type_b_ladder,False,False,0.0727,-0.1125,65,42.25,strategy_S5-10_ATM_5_2__TYPE_B:NIFTY:2026-04-22T13:44:47:LONG
2026-04-22,13:45:15,2026-04-22,13:45:21,NIFTY,SELL,TYPE_B,PASSIVE,HIT_BID,24430.45,24433.25,NIFTY28APR2624450PE,24450.0,PE,ITM1,234.35,233.25,233.99,233.69,235.0,230.0,0.021356,0.021409,ws,ws,type_b_ladder,type_b_ladder,False,False,0.36,-0.4364,65,-71.5,strategy_S5-10_ATM_5_2__TYPE_B:NIFTY:2026-04-22T13:45:15:SHORT
2026-04-22,13:45:38,2026-04-22,13:45:50,NIFTY,BUY,TYPE_B,PASSIVE,HIT_BID,24433.9,24430.95,NIFTY28APR2624400CE,24400.0,CE,ITM1,228.5,226.35,228.32,226.39,230.0,225.0,0.021901,0.022077,ws,ws,type_b_ladder,type_b_ladder,False,False,0.18,-0.0417,65,-139.75,strategy_S5-10_ATM_5_2__TYPE_B:NIFTY:2026-04-22T13:45:38:LONG
2026-04-22,13:46:45,2026-04-22,13:46:56,NIFTY,BUY,TYPE_B,PASSIVE,HIT_BID,24431.85,24430.3,NIFTY28APR2624400CE,24400.0,CE,ITM1,226.5,226.55,226.33,226.62,230.0,225.0,0.022087,0.022048,ws,ws,type_b_ladder,type_b_ladder,False,False,0.1711,-0.075,65,3.25,strategy_S5-10_ATM_5_2__TYPE_B:NIFTY:2026-04-22T13:46:45:LONG
2026-04-22,13:47:13,2026-04-22,13:47:18,NIFTY,SELL,TYPE_B,PASSIVE,HIT_BID,24428.75,24430.35,NIFTY28APR2624450PE,24450.0,PE,ITM1,237.0,236.3,236.91,236.63,240.0,235.0,0.021113,0.021135,ws,ws,type_b_ladder,type_b_ladder,False,False,0.0875,-0.33,65,-45.5,strategy_S5-10_ATM_5_2__TYPE_B:NIFTY:2026-04-22T13:47:13:SHORT
2026-04-22,13:47:20,2026-04-22,13:47:28,NIFTY,SELL,TYPE_B,PASSIVE,HIT_BID,24428.2,24430.15,NIFTY28APR2624450PE,24450.0,PE,ITM1,237.15,236.1,236.78,236.59,240.0,235.0,0.02111,0.021153,ws,ws,type_b_ladder,type_b_ladder,False,False,0.3692,-0.495,65,-68.25,strategy_S5-10_ATM_5_2__TYPE_B:NIFTY:2026-04-22T13:47:20:SHORT
2026-04-22,13:47:35,2026-04-22,13:47:36,NIFTY,SELL,TYPE_B,PASSIVE,HIT_BID,24428.3,24429.75,NIFTY28APR2624450PE,24450.0,PE,ITM1,236.1,235.5,235.77,235.66,240.0,235.0,0.021202,0.021222,ws,ws,type_b_ladder,type_b_ladder,False,False,0.33,-0.16,65,-39.0,strategy_S5-10_ATM_5_2__TYPE_B:NIFTY:2026-04-22T13:47:35:SHORT
2026-04-22,13:48:09,2026-04-22,13:48:20,NIFTY,BUY,TYPE_B,PASSIVE,HIT_BID,24430.85,24429.7,NIFTY28APR2624400CE,24400.0,CE,ITM1,226.65,227.5,226.21,227.68,230.0,225.0,0.022087,0.021964,ws,ws,type_b_ladder,type_b_ladder,False,False,0.44,-0.175,65,55.25,strategy_S5-10_ATM_5_2__TYPE_B:NIFTY:2026-04-22T13:48:09:LONG
2026-04-22,13:48:48,2026-04-22,13:49:23,NIFTY,BUY,TYPE_B,PASSIVE,HIT_BID,24432.7,24430.5,NIFTY28APR2624400CE,24400.0,CE,ITM1,228.5,227.4,228.26,227.5,230.0,225.0,0.021894,0.021971,ws,ws,type_b_ladder,type_b_ladder,False,False,0.24,-0.105,65,-71.5,strategy_S5-10_ATM_5_2__TYPE_B:NIFTY:2026-04-22T13:48:48:LONG
2026-04-22,13:49:45,2026-04-22,13:49:52,NIFTY,BUY,TYPE_B,PASSIVE,HIT_BID,24433.15,24431.95,NIFTY28APR2624400CE,24400.0,CE,ITM1,228.95,229.3,228.65,229.38,230.0,225.0,0.02186,0.021784,ws,ws,type_b_ladder,type_b_ladder,False,False,0.3,-0.0818,65,22.75,strategy_S5-10_ATM_5_2__TYPE_B:NIFTY:2026-04-22T13:49:45:LONG
2026-04-22,13:50:02,2026-04-22,13:50:15,NIFTY,BUY,TYPE_B,PASSIVE,HIT_BID,24434.45,24432.0,NIFTY28APR2624400CE,24400.0,CE,ITM1,229.2,228.05,229.1,228.43,230.0,225.0,0.021825,0.021901,ws,ws,type_b_ladder,type_b_ladder,False,False,0.1,-0.375,65,-74.75,strategy_S5-10_ATM_5_2__TYPE_B:NIFTY:2026-04-22T13:50:02:LONG
2026-04-22,13:50:21,2026-04-22,13:50:23,NIFTY,SELL,TYPE_B,PASSIVE,HIT_BID,24431.3,24433.0,NIFTY28APR2624450PE,24450.0,PE,ITM1,234.45,234.5,234.38,234.75,235.0,230.0,0.02134,0.021299,ws,ws,type_b_ladder,type_b_ladder,False,False,0.075,-0.25,65,3.25,strategy_S5-10_ATM_5_2__TYPE_B:NIFTY:2026-04-22T13:50:21:SHORT
2026-04-22,13:50:26,2026-04-22,13:50:38,NIFTY,SELL,TYPE_B,PASSIVE,HIT_BID,24430.8,24432.55,NIFTY28APR2624450PE,24450.0,PE,ITM1,235.05,234.05,234.89,234.1,240.0,230.0,0.021295,0.021345,ws,ws,type_b_ladder,type_b_ladder,False,False,0.1562,-0.05,65,-65.0,strategy_S5-10_ATM_5_2__TYPE_B:NIFTY:2026-04-22T13:50:26:SHORT
2026-04-22,13:50:49,2026-04-22,13:50:58,NIFTY,SELL,TYPE_B,PASSIVE,HIT_BID,24429.15,24429.85,NIFTY28APR2624450PE,24450.0,PE,ITM1,236.25,236.55,236.03,236.66,240.0,235.0,0.021175,0.021117,ws,ws,type_b_ladder,type_b_ladder,False,False,0.2222,-0.1071,65,19.5,strategy_S5-10_ATM_5_2__TYPE_B:NIFTY:2026-04-22T13:50:49:SHORT
2026-04-22,13:51:02,2026-04-22,13:51:15,NIFTY,SELL,TYPE_B,PASSIVE,HIT_BID,24428.2,24428.7,NIFTY28APR2624450PE,24450.0,PE,ITM1,238.15,237.6,237.79,237.97,240.0,235.0,0.021015,0.021024,ws,ws,type_b_ladder,type_b_ladder,False,False,0.36,-0.375,65,-35.75,strategy_S5-10_ATM_5_2__TYPE_B:NIFTY:2026-04-22T13:51:02:SHORT
2026-04-22,13:51:20,2026-04-22,13:51:33,NIFTY,SELL,TYPE_B,PASSIVE,HIT_BID,24427.15,24428.25,NIFTY28APR2624450PE,24450.0,PE,ITM1,238.65,238.3,238.62,238.55,240.0,235.0,0.020958,0.020969,ws,ws,type_b_ladder,type_b_ladder,False,False,0.03,-0.25,65,-22.75,strategy_S5-10_ATM_5_2__TYPE_B:NIFTY:2026-04-22T13:51:20:SHORT
2026-04-22,13:51:53,2026-04-22,13:52:02,NIFTY,BUY,TYPE_B,PASSIVE,HIT_BID,24429.05,24426.75,NIFTY28APR2624400CE,24400.0,CE,ITM1,225.1,224.25,224.8,224.32,230.0,220.0,0.022237,0.022274,ws,ws,type_b_ladder,type_b_ladder,False,False,0.3,-0.0711,65,-55.25,strategy_S5-10_ATM_5_2__TYPE_B:NIFTY:2026-04-22T13:51:53:LONG
2026-04-22,13:52:05,2026-04-22,13:52:22,NIFTY,SELL,TYPE_B,PASSIVE,HIT_BID,24424.95,24424.5,NIFTY28APR2624450PE,24450.0,PE,ITM1,240.45,241.45,240.16,241.52,245.0,240.0,0.020814,0.020685,ws,ws,type_b_ladder,type_b_ladder,False,False,0.2942,-0.0688,65,65.0,strategy_S5-10_ATM_5_2__TYPE_B:NIFTY:2026-04-22T13:52:05:SHORT
2026-04-22,13:52:38,2026-04-22,13:53:05,NIFTY,SELL,TYPE_B,PASSIVE,HIT_BID,24422.1,24422.2,NIFTY28APR2624450PE,24450.0,PE,ITM1,241.5,241.9,241.16,241.93,245.0,240.0,0.020725,0.020648,ws,ws,type_b_ladder,type_b_ladder,False,False,0.3421,-0.0333,65,26.0,strategy_S5-10_ATM_5_2__TYPE_B:NIFTY:2026-04-22T13:52:38:SHORT
2026-04-22,13:53:13,2026-04-22,13:53:14,NIFTY,BUY,TYPE_B,PASSIVE,HIT_BID,24423.7,24421.8,NIFTY28APR2624400CE,24400.0,CE,ITM1,220.35,219.95,220.03,220.27,225.0,215.0,0.022714,0.022712,ws,ws,type_b_ladder,type_b_ladder,False,False,0.3214,-0.32,65,-26.0,strategy_S5-10_ATM_5_2__TYPE_B:NIFTY:2026-04-22T13:53:13:LONG
2026-04-22,13:53:33,2026-04-22,13:53:46,NIFTY,BUY,TYPE_B,PASSIVE,HIT_BID,24425.5,24421.35,NIFTY28APR2624400CE,24400.0,CE,ITM1,220.6,216.3,220.32,216.66,225.0,215.0,0.022694,0.023089,ws,ws,type_b_ladder,type_b_ladder,False,False,0.275,-0.3611,65,-279.5,strategy_S5-10_ATM_5_2__TYPE_B:NIFTY:2026-04-22T13:53:33:LONG
2026-04-22,13:53:50,2026-04-22,13:54:23,NIFTY,SELL,TYPE_B,PASSIVE,HIT_BID,24419.6,24420.1,NIFTY28APR2624450PE,24450.0,PE,ITM1,245.65,244.9,245.37,245.03,250.0,240.0,0.020379,0.020398,ws,ws,type_b_ladder,type_b_ladder,False,False,0.2769,-0.135,65,-48.75,strategy_S5-10_ATM_5_2__TYPE_B:NIFTY:2026-04-22T13:53:50:SHORT
2026-04-22,13:54:26,2026-04-22,13:54:45,NIFTY,SELL,TYPE_B,PASSIVE,HIT_BID,24417.7,24417.6,NIFTY28APR2624450PE,24450.0,PE,ITM1,246.35,245.0,246.25,245.06,250.0,245.0,0.020309,0.020402,ws,ws,type_b_ladder,type_b_ladder,False,False,0.1,-0.06,65,-87.75,strategy_S5-10_ATM_5_2__TYPE_B:NIFTY:2026-04-22T13:54:26:SHORT
2026-04-22,13:54:58,2026-04-22,13:55:29,NIFTY,BUY,TYPE_B,PASSIVE,HIT_BID,24422.45,24428.15,NIFTY28APR2624400CE,24400.0,CE,ITM1,218.95,223.2,218.89,223.37,220.0,220.0,0.022855,0.022386,ws,ws,type_b_ladder,type_b_ladder,False,False,0.0583,-0.1688,65,276.25,strategy_S5-10_ATM_5_2__TYPE_B:NIFTY:2026-04-22T13:54:58:LONG
2026-04-22,13:55:41,2026-04-22,13:57:05,NIFTY,BUY,TYPE_B,PASSIVE,HIT_BID,24430.1,24438.1,NIFTY28APR2624400CE,24400.0,CE,ITM1,224.4,230.85,224.33,230.86,225.0,230.0,0.022299,0.02164,ws,ws,type_b_ladder,type_b_ladder,False,False,0.07,-0.0148,65,419.25,strategy_S5-10_ATM_5_2__TYPE_B:NIFTY:2026-04-22T13:55:41:LONG
2026-04-22,13:57:11,2026-04-22,13:57:18,NIFTY,SELL,TYPE_B,PASSIVE,HIT_BID,24436.15,24440.35,NIFTY28APR2624450PE,24450.0,PE,ITM1,231.15,230.0,230.82,230.08,235.0,230.0,0.021652,0.021727,ws,ws,type_b_ladder,type_b_ladder,False,False,0.3273,-0.0833,65,-74.75,strategy_S5-10_ATM_5_2__TYPE_B:NIFTY:2026-04-22T13:57:11:SHORT
2026-04-22,13:57:26,2026-04-22,13:57:28,NIFTY,SELL,TYPE_B,PASSIVE,HIT_BID,24437.35,24438.55,NIFTY28APR2624450PE,24450.0,PE,ITM1,230.45,229.5,230.28,229.65,235.0,225.0,0.021706,0.021768,ws,ws,type_b_ladder,type_b_ladder,False,False,0.1667,-0.15,65,-61.75,strategy_S5-10_ATM_5_2__TYPE_B:NIFTY:2026-04-22T13:57:26:SHORT
2026-04-22,13:57:35,2026-04-22,13:57:56,NIFTY,BUY,TYPE_B,PASSIVE,HIT_BID,24440.15,24441.9,NIFTY28APR2624400CE,24400.0,CE,ITM1,231.8,233.1,231.62,233.3,235.0,230.0,0.02158,0.021427,ws,ws,type_b_ladder,type_b_ladder,False,False,0.1833,-0.2,65,84.5,strategy_S5-10_ATM_5_2__TYPE_B:NIFTY:2026-04-22T13:57:35:LONG
2026-04-22,13:58:01,2026-04-22,13:58:23,NIFTY,BUY,TYPE_B,PASSIVE,HIT_BID,24445.2,24448.0,NIFTY28APR2624400CE,24400.0,CE,ITM1,234.3,237.25,233.99,237.56,235.0,235.0,0.021365,0.021046,ws,ws,type_b_ladder,type_b_ladder,False,False,0.3056,-0.3079,65,191.75,strategy_S5-10_ATM_5_2__TYPE_B:NIFTY:2026-04-22T13:58:01:LONG
2026-04-22,13:58:48,2026-04-22,13:59:03,NIFTY,SELL,TYPE_B,PASSIVE,HIT_BID,24445.1,24447.95,NIFTY28APR2624450PE,24450.0,PE,ITM1,225.25,224.05,225.07,224.2,230.0,220.0,0.022215,0.022299,ws,ws,type_b_ladder,type_b_ladder,False,False,0.175,-0.1474,65,-78.0,strategy_S5-10_ATM_5_2__TYPE_B:NIFTY:2026-04-22T13:58:48:SHORT
2026-04-22,13:59:11,2026-04-22,13:59:32,NIFTY,BUY,TYPE_B,PASSIVE,HIT_BID,24448.15,24449.15,NIFTY28APR2624400CE,24400.0,CE,ITM1,236.65,235.8,236.43,235.91,240.0,235.0,0.021148,0.021195,ws,ws,type_b_ladder,type_b_ladder,False,False,0.225,-0.1143,65,-55.25,strategy_S5-10_ATM_5_2__TYPE_B:NIFTY:2026-04-22T13:59:11:LONG
2026-04-22,13:59:43,2026-04-22,13:59:54,NIFTY,BUY,TYPE_B,PASSIVE,HIT_BID,24451.2,24448.15,NIFTY28APR2624450CE,24450.0,CE,ITM1,211.0,210.1,210.73,210.33,215.0,210.0,0.023714,0.023776,ws,ws,type_b_ladder,type_b_ladder,False,False,0.2671,-0.2328,65,-58.5,strategy_S5-10_ATM_5_2__TYPE_B:NIFTY:2026-04-22T13:59:43:LONG
2026-04-22,14:00:03,2026-04-22,14:00:30,NIFTY,BUY,TYPE_B,PASSIVE,HIT_BID,24452.1,24454.0,NIFTY28APR2624450CE,24450.0,CE,ITM1,212.75,213.5,212.57,213.72,215.0,210.0,0.023527,0.023395,ws,ws,type_b_ladder,type_b_ladder,False,False,0.18,-0.225,65,48.75,strategy_S5-10_ATM_5_2__TYPE_B:NIFTY:2026-04-22T14:00:03:LONG
2026-04-22,14:00:50,2026-04-22,14:01:09,NIFTY,BUY,TYPE_B,PASSIVE,HIT_BID,24456.1,24455.55,NIFTY28APR2624450CE,24450.0,CE,ITM1,215.0,214.9,214.92,214.96,215.0,210.0,0.023275,0.02324,ws,ws,type_b_ladder,type_b_ladder,False,False,0.0808,-0.0588,65,-6.5,strategy_S5-10_ATM_5_2__TYPE_B:NIFTY:2026-04-22T14:00:50:LONG
2026-04-22,14:01:11,2026-04-22,14:01:43,NIFTY,SELL,TYPE_B,PASSIVE,HIT_BID,24454.35,24450.25,NIFTY28APR2624500PE,24500.0,PE,ITM1,244.35,246.5,244.07,246.75,245.0,245.0,0.020486,0.020272,ws,ws,type_b_ladder,type_b_ladder,False,False,0.275,-0.2538,65,139.75,strategy_S5-10_ATM_5_2__TYPE_B:NIFTY:2026-04-22T14:01:11:SHORT
2026-04-22,14:01:55,2026-04-22,14:02:20,NIFTY,BUY,TYPE_B,PASSIVE,HIT_BID,24451.75,24449.75,NIFTY28APR2624450CE,24450.0,CE,ITM1,213.25,210.5,213.0,210.86,215.0,210.0,0.023474,0.023728,ws,ws,type_b_ladder,type_b_ladder,False,False,0.25,-0.36,65,-178.75,strategy_S5-10_ATM_5_2__TYPE_B:NIFTY:2026-04-22T14:01:55:LONG
2026-04-22,14:02:51,2026-04-22,14:03:20,NIFTY,SELL,TYPE_B,PASSIVE,HIT_BID,24448.0,24440.05,NIFTY28APR2624450PE,24450.0,PE,ITM1,224.35,229.6,224.06,229.86,225.0,225.0,0.022306,0.021753,ws,ws,type_b_ladder,type_b_ladder,False,False,0.2909,-0.2609,65,341.25,strategy_S5-10_ATM_5_2__TYPE_B:NIFTY:2026-04-22T14:02:51:SHORT
2026-04-22,14:03:27,2026-04-22,14:03:37,NIFTY,SELL,TYPE_B,PASSIVE,HIT_BID,24438.25,24439.55,NIFTY28APR2624450PE,24450.0,PE,ITM1,230.15,229.95,230.1,230.32,235.0,225.0,0.021746,0.021723,ws,ws,type_b_ladder,type_b_ladder,False,False,0.05,-0.375,65,-13.0,strategy_S5-10_ATM_5_2__TYPE_B:NIFTY:2026-04-22T14:03:27:SHORT
2026-04-22,14:03:41,2026-04-22,14:05:06,NIFTY,SELL,TYPE_B,PASSIVE,HIT_BID,24435.75,24423.5,NIFTY28APR2624450PE,24450.0,PE,ITM1,231.75,238.05,231.41,238.25,235.0,235.0,0.021591,0.02098,ws,ws,type_b_ladder,type_b_ladder,False,False,0.3386,-0.2,65,409.5,strategy_S5-10_ATM_5_2__TYPE_B:NIFTY:2026-04-22T14:03:41:SHORT
2026-04-22,14:05:16,2026-04-22,14:05:25,NIFTY,BUY,TYPE_B,PASSIVE,HIT_BID,24428.0,24424.5,NIFTY28APR2624400CE,24400.0,CE,ITM1,224.55,220.9,224.26,221.05,225.0,220.0,0.022289,0.022619,ws,ws,type_b_ladder,type_b_ladder,False,False,0.2864,-0.15,65,-237.25,strategy_S5-10_ATM_5_2__TYPE_B:NIFTY:2026-04-22T14:05:16:LONG
2026-04-22,14:05:33,2026-04-22,14:05:43,NIFTY,BUY,TYPE_B,PASSIVE,HIT_BID,24426.75,24425.35,NIFTY28APR2624400CE,24400.0,CE,ITM1,223.65,222.8,223.45,222.88,225.0,220.0,0.022376,0.022427,ws,ws,type_b_ladder,type_b_ladder,False,False,0.2,-0.075,65,-55.25,strategy_S5-10_ATM_5_2__TYPE_B:NIFTY:2026-04-22T14:05:33:LONG
2026-04-22,14:05:45,2026-04-22,14:06:17,NIFTY,BUY,TYPE_B,PASSIVE,HIT_BID,24428.2,24428.95,NIFTY28APR2624400CE,24400.0,CE,ITM1,224.0,222.7,223.71,222.93,225.0,220.0,0.022339,0.022437,ws,ws,type_b_ladder,type_b_ladder,False,False,0.2945,-0.2308,65,-84.5,strategy_S5-10_ATM_5_2__TYPE_B:NIFTY:2026-04-22T14:05:45:LONG
2026-04-22,14:06:22,2026-04-22,14:06:27,NIFTY,SELL,TYPE_B,PASSIVE,HIT_BID,24427.7,24428.9,NIFTY28APR2624450PE,24450.0,PE,ITM1,238.0,237.3,237.93,237.65,240.0,235.0,0.021022,0.021046,ws,ws,type_b_ladder,type_b_ladder,False,False,0.0706,-0.3536,65,-45.5,strategy_S5-10_ATM_5_2__TYPE_B:NIFTY:2026-04-22T14:06:22:SHORT
2026-04-22,14:06:47,2026-04-22,14:06:48,NIFTY,SELL,TYPE_B,PASSIVE,HIT_BID,24426.8,24428.05,NIFTY28APR2624450PE,24450.0,PE,ITM1,237.65,237.35,237.6,237.68,240.0,235.0,0.021057,0.021044,ws,ws,type_b_ladder,type_b_ladder,False,False,0.0533,-0.3333,65,-19.5,strategy_S5-10_ATM_5_2__TYPE_B:NIFTY:2026-04-22T14:06:47:SHORT
2026-04-22,14:06:50,2026-04-22,14:07:09,NIFTY,SELL,TYPE_B,PASSIVE,HIT_BID,24426.65,24425.55,NIFTY28APR2624450PE,24450.0,PE,ITM1,238.6,236.55,238.46,236.75,240.0,235.0,0.02098,0.02111,ws,ws,type_b_ladder,type_b_ladder,False,False,0.1375,-0.2,65,-133.25,strategy_S5-10_ATM_5_2__TYPE_B:NIFTY:2026-04-22T14:06:50:SHORT
2026-04-22,14:07:13,2026-04-22,14:07:51,NIFTY,BUY,TYPE_B,PASSIVE,HIT_BID,24427.1,24428.95,NIFTY28APR2624400CE,24400.0,CE,ITM1,222.2,222.0,222.16,222.19,225.0,220.0,0.02252,0.022502,ws,ws,type_b_ladder,type_b_ladder,False,False,0.0449,-0.1898,65,-13.0,strategy_S5-10_ATM_5_2__TYPE_B:NIFTY:2026-04-22T14:07:13:LONG
2026-04-22,14:07:58,2026-04-22,14:07:58,NIFTY,SELL,TYPE_B,PASSIVE,HIT_BID,24427.7,24429.55,NIFTY28APR2624450PE,24450.0,PE,ITM1,236.4,235.9,236.13,236.13,240.0,235.0,0.021173,0.021173,ws,ws,type_b_ladder,type_b_ladder,False,False,0.2727,-0.2273,65,-32.5,strategy_S5-10_ATM_5_2__TYPE_B:NIFTY:2026-04-22T14:07:58:SHORT
2026-04-22,14:08:09,2026-04-22,14:08:17,NIFTY,BUY,TYPE_B,PASSIVE,HIT_BID,24432.25,24430.25,NIFTY28APR2624400CE,24400.0,CE,ITM1,223.7,222.8,223.56,222.95,225.0,220.0,0.022379,0.022419,ws,ws,type_b_ladder,type_b_ladder,False,False,0.1375,-0.15,65,-58.5,strategy_S5-10_ATM_5_2__TYPE_B:NIFTY:2026-04-22T14:08:09:LONG
2026-04-22,14:08:23,2026-04-22,14:08:33,NIFTY,SELL,TYPE_B,PASSIVE,HIT_BID,24429.15,24431.75,NIFTY28APR2624450PE,24450.0,PE,ITM1,236.1,235.3,236.01,235.47,240.0,235.0,0.021186,0.021227,ws,ws,type_b_ladder,type_b_ladder,False,False,0.0933,-0.1667,65,-52.0,strategy_S5-10_ATM_5_2__TYPE_B:NIFTY:2026-04-22T14:08:23:SHORT
2026-04-22,14:08:50,2026-04-22,14:08:54,NIFTY,SELL,TYPE_B,PASSIVE,HIT_BID,24427.8,24429.2,NIFTY28APR2624450PE,24450.0,PE,ITM1,237.45,236.45,237.35,236.84,240.0,235.0,0.021079,0.021122,ws,ws,type_b_ladder,type_b_ladder,False,False,0.1,-0.3929,65,-65.0,strategy_S5-10_ATM_5_2__TYPE_B:NIFTY:2026-04-22T14:08:50:SHORT
2026-04-22,14:09:08,2026-04-22,14:09:10,NIFTY,SELL,TYPE_B,PASSIVE,HIT_BID,24427.05,24428.85,NIFTY28APR2624450PE,24450.0,PE,ITM1,238.0,236.85,237.83,237.09,240.0,235.0,0.021028,0.02109,ws,ws,type_b_ladder,type_b_ladder,False,False,0.1658,-0.2423,65,-74.75,strategy_S5-10_ATM_5_2__TYPE_B:NIFTY:2026-04-22T14:09:08:SHORT
2026-04-22,14:09:26,2026-04-22,14:09:35,NIFTY,SELL,TYPE_B,PASSIVE,HIT_BID,24426.2,24426.7,NIFTY28APR2624450PE,24450.0,PE,ITM1,238.7,237.2,238.4,237.3,240.0,235.0,0.020967,0.021059,ws,ws,type_b_ladder,type_b_ladder,False,False,0.3,-0.1,65,-97.5,strategy_S5-10_ATM_5_2__TYPE_B:NIFTY:2026-04-22T14:09:26:SHORT
2026-04-22,14:09:41,2026-04-22,14:11:13,NIFTY,SELL,TYPE_B,PASSIVE,HIT_BID,24424.4,24409.6,NIFTY28APR2624450PE,24450.0,PE,ITM1,238.0,245.0,237.72,245.17,240.0,245.0,0.021033,0.020387,ws,ws,type_b_ladder,type_b_ladder,False,False,0.275,-0.1667,65,455.0,strategy_S5-10_ATM_5_2__TYPE_B:NIFTY:2026-04-22T14:09:41:SHORT
2026-04-22,14:11:27,2026-04-22,14:11:28,NIFTY,SELL,TYPE_B,PASSIVE,HIT_BID,24408.35,24410.05,NIFTY28APR2624450PE,24450.0,PE,ITM1,245.45,244.45,245.28,244.5,250.0,240.0,0.020387,0.020433,ws,ws,type_b_ladder,type_b_ladder,False,False,0.1667,-0.05,65,-65.0,strategy_S5-10_ATM_5_2__TYPE_B:NIFTY:2026-04-22T14:11:27:SHORT
2026-04-22,14:11:41,2026-04-22,14:11:43,NIFTY,SELL,TYPE_B,PASSIVE,HIT_BID,24408.05,24409.3,NIFTY28APR2624450PE,24450.0,PE,ITM1,245.5,244.45,245.2,244.54,250.0,240.0,0.020383,0.020433,ws,ws,type_b_ladder,type_b_ladder,False,False,0.3,-0.0938,65,-68.25,strategy_S5-10_ATM_5_2__TYPE_B:NIFTY:2026-04-22T14:11:41:SHORT
2026-04-22,14:11:48,2026-04-22,14:12:04,NIFTY,SELL,TYPE_B,PASSIVE,HIT_BID,24406.85,24408.4,NIFTY28APR2624450PE,24450.0,PE,ITM1,245.3,245.65,244.95,245.85,250.0,245.0,0.020408,0.020333,ws,ws,type_b_ladder,type_b_ladder,False,False,0.3545,-0.2,65,22.75,strategy_S5-10_ATM_5_2__TYPE_B:NIFTY:2026-04-22T14:11:48:SHORT
2026-04-22,14:12:13,2026-04-22,14:12:34,NIFTY,BUY,TYPE_B,PASSIVE,HIT_BID,24410.3,24407.95,NIFTY28APR2624400CE,24400.0,CE,ITM1,215.95,215.05,215.61,215.06,220.0,215.0,0.023178,0.023248,ws,ws,type_b_ladder,type_b_ladder,False,False,0.3375,-0.0125,65,-58.5,strategy_S5-10_ATM_5_2__TYPE_B:NIFTY:2026-04-22T14:12:13:LONG
2026-04-22,14:12:42,2026-04-22,14:13:00,NIFTY,BUY,TYPE_B,PASSIVE,HIT_BID,24410.05,24410.25,NIFTY28APR2624400CE,24400.0,CE,ITM1,216.45,216.6,216.42,216.77,220.0,215.0,0.023121,0.02306,ws,ws,type_b_ladder,type_b_ladder,False,False,0.0308,-0.1658,65,9.75,strategy_S5-10_ATM_5_2__TYPE_B:NIFTY:2026-04-22T14:12:42:LONG
2026-04-22,14:13:32,2026-04-22,14:13:58,NIFTY,SELL,TYPE_B,PASSIVE,HIT_BID,24409.9,24408.45,NIFTY28APR2624450PE,24450.0,PE,ITM1,245.75,247.6,245.47,247.78,250.0,245.0,0.020362,0.02018,ws,ws,type_b_ladder,type_b_ladder,False,False,0.2769,-0.175,65,120.25,strategy_S5-10_ATM_5_2__TYPE_B:NIFTY:2026-04-22T14:13:32:SHORT
2026-04-22,14:14:03,2026-04-22,14:14:50,NIFTY,BUY,TYPE_B,PASSIVE,HIT_BID,24410.3,24414.4,NIFTY28APR2624400CE,24400.0,CE,ITM1,215.55,217.0,215.5,217.3,220.0,215.0,0.02321,0.023023,ws,ws,type_b_ladder,type_b_ladder,False,False,0.05,-0.3027,65,94.25,strategy_S5-10_ATM_5_2__TYPE_B:NIFTY:2026-04-22T14:14:03:LONG
2026-04-22,14:15:03,2026-04-22,14:15:05,NIFTY,BUY,TYPE_B,PASSIVE,HIT_BID,24417.75,24415.2,NIFTY28APR2624400CE,24400.0,CE,ITM1,216.75,216.25,216.62,216.42,220.0,215.0,0.023092,0.0231,ws,ws,type_b_ladder,type_b_ladder,False,False,0.1286,-0.1714,65,-32.5,strategy_S5-10_ATM_5_2__TYPE_B:NIFTY:2026-04-22T14:15:03:LONG
2026-04-22,14:15:15,2026-04-22,14:15:23,NIFTY,BUY,TYPE_B,PASSIVE,HIT_BID,24417.3,24415.15,NIFTY28APR2624400CE,24400.0,CE,ITM1,216.8,216.85,216.71,217.16,220.0,215.0,0.023089,0.023036,ws,ws,type_b_ladder,type_b_ladder,False,False,0.0909,-0.3077,65,3.25,strategy_S5-10_ATM_5_2__TYPE_B:NIFTY:2026-04-22T14:15:15:LONG
2026-04-22,14:15:50,2026-04-22,14:16:15,NIFTY,SELL,TYPE_B,PASSIVE,HIT_BID,24415.25,24415.05,NIFTY28APR2624450PE,24450.0,PE,ITM1,246.0,246.3,245.8,246.45,250.0,245.0,0.020344,0.02028,ws,ws,type_b_ladder,type_b_ladder,False,False,0.2045,-0.1538,65,19.5,strategy_S5-10_ATM_5_2__TYPE_B:NIFTY:2026-04-22T14:15:50:SHORT
2026-04-22,14:16:20,2026-04-22,14:16:25,NIFTY,BUY,TYPE_B,PASSIVE,HIT_BID,24415.9,24413.4,NIFTY28APR2624400CE,24400.0,CE,ITM1,216.1,215.05,215.88,215.32,220.0,215.0,0.023156,0.023234,ws,ws,type_b_ladder,type_b_ladder,False,False,0.2188,-0.275,65,-68.25,strategy_S5-10_ATM_5_2__TYPE_B:NIFTY:2026-04-22T14:16:20:LONG
2026-04-22,14:16:37,2026-04-22,14:16:39,NIFTY,BUY,TYPE_B,PASSIVE,HIT_BID,24416.3,24413.55,NIFTY28APR2624400CE,24400.0,CE,ITM1,215.4,215.05,215.27,215.3,220.0,215.0,0.023223,0.023232,ws,ws,type_b_ladder,type_b_ladder,False,False,0.1333,-0.2545,65,-22.75,strategy_S5-10_ATM_5_2__TYPE_B:NIFTY:2026-04-22T14:16:37:LONG
2026-04-22,14:16:51,2026-04-22,14:17:04,NIFTY,SELL,TYPE_B,PASSIVE,HIT_BID,24412.05,24405.55,NIFTY28APR2624450PE,24450.0,PE,ITM1,248.4,251.8,248.27,252.02,250.0,250.0,0.020145,0.019833,ws,ws,type_b_ladder,type_b_ladder,False,False,0.1333,-0.2182,65,221.0,strategy_S5-10_ATM_5_2__TYPE_B:NIFTY:2026-04-22T14:16:51:SHORT
2026-04-22,14:17:34,2026-04-22,14:18:00,NIFTY,SELL,TYPE_B,PASSIVE,HIT_BID,24401.35,24397.3,NIFTY28APR2624450PE,24450.0,PE,ITM1,256.4,258.4,256.12,258.46,260.0,255.0,0.019512,0.019335,ws,ws,type_b_ladder,type_b_ladder,False,False,0.276,-0.0571,65,130.0,strategy_S5-10_ATM_5_2__TYPE_B:NIFTY:2026-04-22T14:17:34:SHORT
2026-04-22,14:18:12,2026-04-22,14:18:23,NIFTY,SELL,TYPE_B,PASSIVE,HIT_BID,24394.35,24395.9,NIFTY28APR2624400PE,24400.0,PE,ITM1,234.85,232.4,234.67,232.52,235.0,230.0,0.021311,0.021489,ws,ws,type_b_ladder,type_b_ladder,False,False,0.18,-0.1158,65,-159.25,strategy_S5-10_ATM_5_2__TYPE_B:NIFTY:2026-04-22T14:18:12:SHORT
2026-04-22,14:18:27,2026-04-22,14:18:28,NIFTY,SELL,TYPE_B,PASSIVE,HIT_BID,24394.3,24396.4,NIFTY28APR2624400PE,24400.0,PE,ITM1,233.7,233.2,233.41,233.62,235.0,230.0,0.021416,0.021418,ws,ws,type_b_ladder,type_b_ladder,False,False,0.2893,-0.4231,65,-32.5,strategy_S5-10_ATM_5_2__TYPE_B:NIFTY:2026-04-22T14:18:27:SHORT
2026-04-22,14:18:33,2026-04-22,14:18:43,NIFTY,SELL,TYPE_B,PASSIVE,HIT_BID,24393.85,24395.9,NIFTY28APR2624400PE,24400.0,PE,ITM1,234.0,231.9,233.95,232.16,235.0,230.0,0.021374,0.021533,ws,ws,type_b_ladder,type_b_ladder,False,False,0.05,-0.2571,65,-136.5,strategy_S5-10_ATM_5_2__TYPE_B:NIFTY:2026-04-22T14:18:33:SHORT
2026-04-22,14:18:48,2026-04-22,14:19:08,NIFTY,SELL,TYPE_B,PASSIVE,HIT_BID,24393.3,24393.65,NIFTY28APR2624400PE,24400.0,PE,ITM1,234.8,234.9,234.63,235.26,235.0,230.0,0.021317,0.021263,ws,ws,type_b_ladder,type_b_ladder,False,False,0.1667,-0.3636,65,6.5,strategy_S5-10_ATM_5_2__TYPE_B:NIFTY:2026-04-22T14:18:48:SHORT
2026-04-22,14:19:10,2026-04-22,14:20:09,NIFTY,BUY,TYPE_B,PASSIVE,HIT_BID,24394.15,24401.85,NIFTY28APR2624350CE,24350.0,CE,ITM1,233.75,237.05,233.48,237.27,235.0,235.0,0.021413,0.021075,ws,ws,type_b_ladder,type_b_ladder,False,False,0.2692,-0.2222,65,214.5,strategy_S5-10_ATM_5_2__TYPE_B:NIFTY:2026-04-22T14:19:10:LONG
2026-04-22,14:20:37,2026-04-22,14:21:09,NIFTY,SELL,TYPE_B,PASSIVE,HIT_BID,24402.4,24398.0,NIFTY28APR2624450PE,24450.0,PE,ITM1,256.5,255.6,256.13,255.78,260.0,255.0,0.019514,0.019545,ws,ws,type_b_ladder,type_b_ladder,False,False,0.3667,-0.18,65,-58.5,strategy_S5-10_ATM_5_2__TYPE_B:NIFTY:2026-04-22T14:20:37:SHORT
2026-04-22,14:21:16,2026-04-22,14:21:47,NIFTY,BUY,TYPE_B,PASSIVE,HIT_BID,24399.95,24406.1,NIFTY28APR2624350CE,24350.0,CE,ITM1,239.65,240.25,239.57,240.45,240.0,240.0,0.020881,0.020799,ws,ws,type_b_ladder,type_b_ladder,False,False,0.08,-0.2,65,39.0,strategy_S5-10_ATM_5_2__TYPE_B:NIFTY:2026-04-22T14:21:16:LONG
2026-04-22,14:22:05,2026-04-22,14:22:18,NIFTY,SELL,TYPE_B,PASSIVE,HIT_BID,24405.05,24406.9,NIFTY28APR2624450PE,24450.0,PE,ITM1,249.65,249.7,249.56,249.85,250.0,245.0,0.02005,0.020006,ws,ws,type_b_ladder,type_b_ladder,False,False,0.0868,-0.15,65,3.25,strategy_S5-10_ATM_5_2__TYPE_B:NIFTY:2026-04-22T14:22:05:SHORT
2026-04-22,14:22:30,2026-04-22,14:22:32,NIFTY,SELL,TYPE_B,PASSIVE,HIT_BID,24405.5,24407.0,NIFTY28APR2624450PE,24450.0,PE,ITM1,249.35,247.9,249.12,247.95,250.0,245.0,0.020064,0.020149,ws,ws,type_b_ladder,type_b_ladder,False,False,0.225,-0.05,65,-94.25,strategy_S5-10_ATM_5_2__TYPE_B:NIFTY:2026-04-22T14:22:30:SHORT
2026-04-22,14:22:43,2026-04-22,14:22:47,NIFTY,BUY,TYPE_B,PASSIVE,HIT_BID,24408.15,24406.5,NIFTY28APR2624400CE,24400.0,CE,ITM1,215.1,215.25,215.07,215.39,220.0,215.0,0.02325,0.023221,ws,ws,type_b_ladder,type_b_ladder,False,False,0.0294,-0.14,65,9.75,strategy_S5-10_ATM_5_2__TYPE_B:NIFTY:2026-04-22T14:22:43:LONG
2026-04-22,14:22:57,2026-04-22,14:22:58,NIFTY,SELL,TYPE_B,PASSIVE,HIT_BID,24405.45,24407.6,NIFTY28APR2624450PE,24450.0,PE,ITM1,248.65,247.0,248.56,247.46,250.0,245.0,0.020127,0.020218,ws,ws,type_b_ladder,type_b_ladder,False,False,0.09,-0.4636,65,-107.25,strategy_S5-10_ATM_5_2__TYPE_B:NIFTY:2026-04-22T14:22:57:SHORT
2026-04-22,14:23:03,2026-04-22,14:23:30,NIFTY,BUY,TYPE_B,PASSIVE,HIT_BID,24410.25,24411.7,NIFTY28APR2624400CE,24400.0,CE,ITM1,217.35,215.6,217.28,215.91,220.0,215.0,0.023023,0.023172,ws,ws,type_b_ladder,type_b_ladder,False,False,0.07,-0.3111,65,-113.75,strategy_S5-10_ATM_5_2__TYPE_B:NIFTY:2026-04-22T14:23:03:LONG
2026-04-22,14:23:58,2026-04-22,14:24:08,NIFTY,SELL,TYPE_B,PASSIVE,HIT_BID,24408.7,24409.45,NIFTY28APR2624450PE,24450.0,PE,ITM1,248.2,248.15,248.07,248.22,250.0,245.0,0.020153,0.020127,ws,ws,type_b_ladder,type_b_ladder,False,False,0.1333,-0.0687,65,-3.25,strategy_S5-10_ATM_5_2__TYPE_B:NIFTY:2026-04-22T14:23:58:SHORT
2026-04-22,14:24:20,2026-04-22,14:24:23,NIFTY,SELL,TYPE_B,PASSIVE,HIT_BID,24408.05,24408.9,NIFTY28APR2624450PE,24450.0,PE,ITM1,249.2,248.25,249.02,248.61,250.0,245.0,0.020086,0.020123,ws,ws,type_b_ladder,type_b_ladder,False,False,0.1833,-0.36,65,-61.75,strategy_S5-10_ATM_5_2__TYPE_B:NIFTY:2026-04-22T14:24:20:SHORT
2026-04-22,14:24:37,2026-04-22,14:25:29,NIFTY,BUY,TYPE_B,PASSIVE,HIT_BID,24410.5,24412.1,NIFTY28APR2624400CE,24400.0,CE,ITM1,215.45,217.6,215.12,217.67,220.0,215.0,0.023232,0.022959,ws,ws,type_b_ladder,type_b_ladder,False,False,0.3333,-0.0745,65,139.75,strategy_S5-10_ATM_5_2__TYPE_B:NIFTY:2026-04-22T14:24:37:LONG
2026-04-22,14:25:33,2026-04-22,14:26:09,NIFTY,BUY,TYPE_B,PASSIVE,HIT_BID,24416.95,24413.75,NIFTY28APR2624400CE,24400.0,CE,ITM1,218.95,217.95,218.86,218.0,220.0,215.0,0.022857,0.022925,ws,ws,type_b_ladder,type_b_ladder,False,False,0.0889,-0.0545,65,-65.0,strategy_S5-10_ATM_5_2__TYPE_B:NIFTY:2026-04-22T14:25:33:LONG
2026-04-22,14:26:21,2026-04-22,14:26:28,NIFTY,SELL,TYPE_B,PASSIVE,HIT_BID,24412.9,24414.05,NIFTY28APR2624450PE,24450.0,PE,ITM1,246.7,245.6,246.56,245.87,250.0,245.0,0.020288,0.020333,ws,ws,type_b_ladder,type_b_ladder,False,False,0.1364,-0.27,65,-71.5,strategy_S5-10_ATM_5_2__TYPE_B:NIFTY:2026-04-22T14:26:21:SHORT
2026-04-22,14:26:43,2026-04-22,14:26:44,NIFTY,BUY,TYPE_B,PASSIVE,HIT_BID,24414.65,24412.5,NIFTY28APR2624400CE,24400.0,CE,ITM1,217.25,217.0,217.09,217.09,220.0,215.0,0.023028,0.023028,ws,ws,type_b_ladder,type_b_ladder,False,False,0.1579,-0.0921,65,-16.25,strategy_S5-10_ATM_5_2__TYPE_B:NIFTY:2026-04-22T14:26:43:LONG
2026-04-22,14:26:55,2026-04-22,14:27:17,NIFTY,SELL,TYPE_B,PASSIVE,HIT_BID,24411.7,24409.3,NIFTY28APR2624450PE,24450.0,PE,ITM1,246.35,246.95,246.05,247.04,250.0,245.0,0.020323,0.020233,ws,ws,type_b_ladder,type_b_ladder,False,False,0.2979,-0.0875,65,39.0,strategy_S5-10_ATM_5_2__TYPE_B:NIFTY:2026-04-22T14:26:55:SHORT
2026-04-22,14:27:27,2026-04-22,14:27:28,NIFTY,SELL,TYPE_B,PASSIVE,HIT_BID,24407.45,24409.25,NIFTY28APR2624450PE,24450.0,PE,ITM1,247.25,246.25,246.97,246.43,250.0,245.0,0.020241,0.020284,ws,ws,type_b_ladder,type_b_ladder,False,False,0.2812,-0.1818,65,-65.0,strategy_S5-10_ATM_5_2__TYPE_B:NIFTY:2026-04-22T14:27:27:SHORT
2026-04-22,14:27:48,2026-04-22,14:27:55,NIFTY,BUY,TYPE_B,PASSIVE,HIT_BID,24410.4,24409.45,NIFTY28APR2624400CE,24400.0,CE,ITM1,216.35,216.2,216.19,216.43,220.0,215.0,0.023129,0.023105,ws,ws,type_b_ladder,type_b_ladder,False,False,0.1556,-0.2286,65,-9.75,strategy_S5-10_ATM_5_2__TYPE_B:NIFTY:2026-04-22T14:27:48:LONG
2026-04-22,14:28:05,2026-04-22,14:28:28,NIFTY,SELL,TYPE_B,PASSIVE,HIT_BID,24407.95,24406.95,NIFTY28APR2624450PE,24450.0,PE,ITM1,247.8,246.65,247.56,246.98,250.0,245.0,0.0202,0.020251,ws,ws,type_b_ladder,type_b_ladder,False,False,0.2357,-0.3333,65,-74.75,strategy_S5-10_ATM_5_2__TYPE_B:NIFTY:2026-04-22T14:28:05:SHORT
2026-04-22,14:28:33,2026-04-22,14:28:40,NIFTY,BUY,TYPE_B,PASSIVE,HIT_BID,24407.55,24405.05,NIFTY28APR2624400CE,24400.0,CE,ITM1,215.0,213.1,214.81,213.37,215.0,210.0,0.023272,0.023441,ws,ws,type_b_ladder,type_b_ladder,False,False,0.1909,-0.2667,65,-123.5,strategy_S5-10_ATM_5_2__TYPE_B:NIFTY:2026-04-22T14:28:33:LONG
2026-04-22,14:28:54,2026-04-22,14:28:58,NIFTY,SELL,TYPE_B,PASSIVE,HIT_BID,24404.95,24406.6,NIFTY28APR2624450PE,24450.0,PE,ITM1,247.4,246.45,247.34,246.58,250.0,245.0,0.020229,0.02027,ws,ws,type_b_ladder,type_b_ladder,False,False,0.0563,-0.1286,65,-61.75,strategy_S5-10_ATM_5_2__TYPE_B:NIFTY:2026-04-22T14:28:54:SHORT
2026-04-22,14:29:23,2026-04-22,14:29:31,NIFTY,SELL,TYPE_B,PASSIVE,HIT_BID,24405.3,24405.8,NIFTY28APR2624450PE,24450.0,PE,ITM1,247.0,247.4,246.62,247.57,250.0,245.0,0.020261,0.020202,ws,ws,type_b_ladder,type_b_ladder,False,False,0.3774,-0.1733,65,26.0,strategy_S5-10_ATM_5_2__TYPE_B:NIFTY:2026-04-22T14:29:23:SHORT
2026-04-22,14:29:40,2026-04-22,14:29:43,NIFTY,SELL,TYPE_B,PASSIVE,HIT_BID,24402.8,24404.95,NIFTY28APR2624450PE,24450.0,PE,ITM1,247.65,247.35,247.58,247.6,250.0,245.0,0.020204,0.020196,ws,ws,type_b_ladder,type_b_ladder,False,False,0.07,-0.25,65,-19.5,strategy_S5-10_ATM_5_2__TYPE_B:NIFTY:2026-04-22T14:29:40:SHORT
2026-04-22,14:29:48,2026-04-22,14:30:05,NIFTY,BUY,TYPE_B,PASSIVE,HIT_BID,24406.05,24404.0,NIFTY28APR2624400CE,24400.0,CE,ITM1,214.85,211.85,214.69,212.12,215.0,210.0,0.023294,0.023579,ws,ws,type_b_ladder,type_b_ladder,False,False,0.16,-0.2667,65,-195.0,strategy_S5-10_ATM_5_2__TYPE_B:NIFTY:2026-04-22T14:29:48:LONG
2026-04-22,14:30:32,2026-04-22,14:30:36,NIFTY,SELL,TYPE_B,PASSIVE,HIT_BID,24402.95,24406.7,NIFTY28APR2624450PE,24450.0,PE,ITM1,251.35,247.3,251.09,247.47,255.0,245.0,0.01991,0.0202,ws,ws,type_b_ladder,type_b_ladder,False,False,0.2571,-0.1687,65,-263.25,strategy_S5-10_ATM_5_2__TYPE_B:NIFTY:2026-04-22T14:30:32:SHORT
2026-04-22,14:30:58,2026-04-22,14:31:06,NIFTY,BUY,TYPE_B,PASSIVE,HIT_BID,24408.9,24407.5,NIFTY28APR2624400CE,24400.0,CE,ITM1,216.2,215.65,216.12,215.77,220.0,215.0,0.023148,0.023167,ws,ws,type_b_ladder,type_b_ladder,False,False,0.075,-0.1167,65,-35.75,strategy_S5-10_ATM_5_2__TYPE_B:NIFTY:2026-04-22T14:30:58:LONG
2026-04-22,14:31:12,2026-04-22,14:31:51,NIFTY,BUY,TYPE_B,PASSIVE,HIT_BID,24410.95,24411.45,NIFTY28APR2624400CE,24400.0,CE,ITM1,217.9,217.8,217.57,218.11,220.0,215.0,0.022965,0.022936,ws,ws,type_b_ladder,type_b_ladder,False,False,0.3316,-0.3077,65,-6.5,strategy_S5-10_ATM_5_2__TYPE_B:NIFTY:2026-04-22T14:31:12:LONG
2026-04-22,14:31:57,2026-04-22,14:32:18,NIFTY,SELL,TYPE_B,PASSIVE,HIT_BID,24410.8,24409.4,NIFTY28APR2624450PE,24450.0,PE,ITM1,246.55,245.5,246.47,245.77,250.0,245.0,0.0203,0.020348,ws,ws,type_b_ladder,type_b_ladder,False,False,0.0833,-0.27,65,-68.25,strategy_S5-10_ATM_5_2__TYPE_B:NIFTY:2026-04-22T14:31:57:SHORT
2026-04-22,14:32:25,2026-04-22,14:32:38,NIFTY,BUY,TYPE_B,PASSIVE,HIT_BID,24410.15,24407.9,NIFTY28APR2624400CE,24400.0,CE,ITM1,216.85,213.65,216.71,213.89,220.0,210.0,0.023081,0.023384,ws,ws,type_b_ladder,type_b_ladder,False,False,0.1406,-0.2423,65,-208.0,strategy_S5-10_ATM_5_2__TYPE_B:NIFTY:2026-04-22T14:32:25:LONG
2026-04-22,14:33:13,2026-04-22,14:33:18,NIFTY,BUY,TYPE_B,PASSIVE,HIT_BID,24409.85,24408.55,NIFTY28APR2624400CE,24400.0,CE,ITM1,216.0,214.3,215.7,214.42,220.0,210.0,0.023167,0.023313,ws,ws,type_b_ladder,type_b_ladder,False,False,0.2956,-0.1167,65,-110.5,strategy_S5-10_ATM_5_2__TYPE_B:NIFTY:2026-04-22T14:33:13:LONG
2026-04-22,14:33:28,2026-04-22,14:33:36,NIFTY,BUY,TYPE_B,PASSIVE,HIT_BID,24410.65,24409.45,NIFTY28APR2624400CE,24400.0,CE,ITM1,216.0,215.0,215.71,215.29,220.0,215.0,0.023167,0.023237,ws,ws,type_b_ladder,type_b_ladder,False,False,0.2917,-0.2917,65,-65.0,strategy_S5-10_ATM_5_2__TYPE_B:NIFTY:2026-04-22T14:33:28:LONG
2026-04-22,14:33:43,2026-04-22,14:34:00,NIFTY,BUY,TYPE_B,PASSIVE,HIT_BID,24412.5,24412.55,NIFTY28APR2624400CE,24400.0,CE,ITM1,216.8,216.35,216.65,216.59,220.0,215.0,0.023087,0.023095,ws,ws,type_b_ladder,type_b_ladder,False,False,0.15,-0.24,65,-29.25,strategy_S5-10_ATM_5_2__TYPE_B:NIFTY:2026-04-22T14:33:43:LONG
2026-04-22,14:34:20,2026-04-22,14:34:25,NIFTY,BUY,TYPE_B,PASSIVE,HIT_BID,24414.85,24413.0,NIFTY28APR2624400CE,24400.0,CE,ITM1,216.85,216.7,216.8,216.8,220.0,215.0,0.023071,0.023057,ws,ws,type_b_ladder,type_b_ladder,False,False,0.0517,-0.1,65,-9.75,strategy_S5-10_ATM_5_2__TYPE_B:NIFTY:2026-04-22T14:34:20:LONG
2026-04-22,14:34:35,2026-04-22,14:34:45,NIFTY,SELL,TYPE_B,PASSIVE,HIT_BID,24411.6,24411.9,NIFTY28APR2624450PE,24450.0,PE,ITM1,246.65,245.7,246.39,246.09,250.0,245.0,0.020286,0.020327,ws,ws,type_b_ladder,type_b_ladder,False,False,0.2625,-0.3929,65,-61.75,strategy_S5-10_ATM_5_2__TYPE_B:NIFTY:2026-04-22T14:34:35:SHORT
2026-04-22,14:34:50,2026-04-22,14:34:55,NIFTY,SELL,TYPE_B,PASSIVE,HIT_BID,24410.55,24411.95,NIFTY28APR2624450PE,24450.0,PE,ITM1,246.4,245.3,246.33,245.82,250.0,245.0,0.020315,0.020356,ws,ws,type_b_ladder,type_b_ladder,False,False,0.0733,-0.52,65,-71.5,strategy_S5-10_ATM_5_2__TYPE_B:NIFTY:2026-04-22T14:34:50:SHORT
2026-04-22,14:35:04,2026-04-22,14:35:08,NIFTY,SELL,TYPE_B,PASSIVE,HIT_BID,24410.0,24411.7,NIFTY28APR2624450PE,24450.0,PE,ITM1,246.7,245.7,246.43,246.07,250.0,245.0,0.02029,0.020329,ws,ws,type_b_ladder,type_b_ladder,False,False,0.275,-0.375,65,-65.0,strategy_S5-10_ATM_5_2__TYPE_B:NIFTY:2026-04-22T14:35:04:SHORT
2026-04-22,14:35:25,2026-04-22,14:35:27,NIFTY,SELL,TYPE_B,PASSIVE,HIT_BID,24410.4,24412.75,NIFTY28APR2624450PE,24450.0,PE,ITM1,246.75,246.0,246.3,246.2,250.0,245.0,0.020286,0.020309,ws,ws,type_b_ladder,type_b_ladder,False,False,0.45,-0.2,65,-48.75,strategy_S5-10_ATM_5_2__TYPE_B:NIFTY:2026-04-22T14:35:25:SHORT
2026-04-22,14:35:46,2026-04-22,14:35:51,NIFTY,BUY,TYPE_B,PASSIVE,HIT_BID,24413.05,24410.95,NIFTY28APR2624400CE,24400.0,CE,ITM1,215.45,214.6,215.34,214.77,220.0,210.0,0.023221,0.023288,ws,ws,type_b_ladder,type_b_ladder,False,False,0.1071,-0.1692,65,-55.25,strategy_S5-10_ATM_5_2__TYPE_B:NIFTY:2026-04-22T14:35:46:LONG
2026-04-22,14:36:02,2026-04-22,14:36:12,NIFTY,BUY,TYPE_B,PASSIVE,HIT_BID,24414.2,24411.75,NIFTY28APR2624400CE,24400.0,CE,ITM1,215.75,215.1,215.62,215.2,220.0,215.0,0.023194,0.023234,ws,ws,type_b_ladder,type_b_ladder,False,False,0.1312,-0.1,65,-42.25,strategy_S5-10_ATM_5_2__TYPE_B:NIFTY:2026-04-22T14:36:02:LONG
2026-04-22,14:36:24,2026-04-22,14:37:38,NIFTY,BUY,TYPE_B,PASSIVE,HIT_BID,24415.2,24427.2,NIFTY28APR2624400CE,24400.0,CE,ITM1,217.55,224.2,217.38,224.22,220.0,220.0,0.022996,0.022287,ws,ws,type_b_ladder,type_b_ladder,False,False,0.1667,-0.025,65,432.25,strategy_S5-10_ATM_5_2__TYPE_B:NIFTY:2026-04-22T14:36:24:LONG
2026-04-22,14:37:57,2026-04-22,14:39:18,NIFTY,SELL,TYPE_B,PASSIVE,HIT_BID,24426.05,24415.65,NIFTY28APR2624450PE,24450.0,PE,ITM1,235.95,241.65,235.72,242.05,240.0,240.0,0.021207,0.02067,ws,ws,type_b_ladder,type_b_ladder,False,False,0.2333,-0.4,65,370.5,strategy_S5-10_ATM_5_2__TYPE_B:NIFTY:2026-04-22T14:37:57:SHORT
2026-04-22,14:39:24,2026-04-22,14:39:43,NIFTY,SELL,TYPE_B,PASSIVE,HIT_BID,24412.5,24412.9,NIFTY28APR2624450PE,24450.0,PE,ITM1,244.0,243.0,243.53,243.24,245.0,240.0,0.020515,0.020563,ws,ws,type_b_ladder,type_b_ladder,False,False,0.4736,-0.24,65,-65.0,strategy_S5-10_ATM_5_2__TYPE_B:NIFTY:2026-04-22T14:39:24:SHORT
2026-04-22,14:39:52,2026-04-22,14:40:10,NIFTY,BUY,TYPE_B,PASSIVE,HIT_BID,24414.75,24417.8,NIFTY28APR2624400CE,24400.0,CE,ITM1,218.35,220.7,218.12,220.85,220.0,220.0,0.022917,0.022632,ws,ws,type_b_ladder,type_b_ladder,False,False,0.2333,-0.15,65,152.75,strategy_S5-10_ATM_5_2__TYPE_B:NIFTY:2026-04-22T14:39:52:LONG
2026-04-22,14:40:36,2026-04-22,14:40:48,NIFTY,SELL,TYPE_B,PASSIVE,HIT_BID,24416.25,24416.05,NIFTY28APR2624450PE,24450.0,PE,ITM1,241.85,241.7,241.62,241.94,245.0,240.0,0.020687,0.02067,ws,ws,type_b_ladder,type_b_ladder,False,False,0.225,-0.24,65,-9.75,strategy_S5-10_ATM_5_2__TYPE_B:NIFTY:2026-04-22T14:40:36:SHORT
2026-04-22,14:40:52,2026-04-22,14:41:01,NIFTY,SELL,TYPE_B,PASSIVE,HIT_BID,24413.6,24414.1,NIFTY28APR2624450PE,24450.0,PE,ITM1,243.0,244.2,242.89,244.42,245.0,240.0,0.020593,0.020454,ws,ws,type_b_ladder,type_b_ladder,False,False,0.1143,-0.2222,65,78.0,strategy_S5-10_ATM_5_2__TYPE_B:NIFTY:2026-04-22T14:40:52:SHORT
2026-04-22,14:41:10,2026-04-22,14:41:13,NIFTY,SELL,TYPE_B,PASSIVE,HIT_BID,24412.9,24414.75,NIFTY28APR2624450PE,24450.0,PE,ITM1,244.0,243.55,243.69,243.65,245.0,240.0,0.020515,0.020513,ws,ws,type_b_ladder,type_b_ladder,False,False,0.3143,-0.1,65,-29.25,strategy_S5-10_ATM_5_2__TYPE_B:NIFTY:2026-04-22T14:41:10:SHORT
2026-04-22,14:41:21,2026-04-22,14:41:36,NIFTY,BUY,TYPE_B,PASSIVE,HIT_BID,24416.35,24415.15,NIFTY28APR2624400CE,24400.0,CE,ITM1,219.95,219.5,219.56,219.67,220.0,215.0,0.022758,0.022766,ws,ws,type_b_ladder,type_b_ladder,False,False,0.3889,-0.1667,65,-29.25,strategy_S5-10_ATM_5_2__TYPE_B:NIFTY:2026-04-22T14:41:21:LONG
2026-04-22,14:41:57,2026-04-22,14:42:17,NIFTY,BUY,TYPE_B,PASSIVE,HIT_BID,24416.55,24417.5,NIFTY28APR2624400CE,24400.0,CE,ITM1,219.9,219.3,219.62,219.38,220.0,215.0,0.022761,0.022779,ws,ws,type_b_ladder,type_b_ladder,False,False,0.2812,-0.08,65,-39.0,strategy_S5-10_ATM_5_2__TYPE_B:NIFTY:2026-04-22T14:41:57:LONG
2026-04-22,14:42:21,2026-04-22,14:42:31,NIFTY,SELL,TYPE_B,PASSIVE,HIT_BID,24416.75,24417.85,NIFTY28APR2624450PE,24450.0,PE,ITM1,243.65,242.05,243.46,242.15,245.0,240.0,0.020547,0.020636,ws,ws,type_b_ladder,type_b_ladder,False,False,0.1875,-0.1,65,-104.0,strategy_S5-10_ATM_5_2__TYPE_B:NIFTY:2026-04-22T14:42:21:SHORT
2026-04-22,14:42:47,2026-04-22,14:42:52,NIFTY,SELL,TYPE_B,PASSIVE,HIT_BID,24415.6,24417.6,NIFTY28APR2624450PE,24450.0,PE,ITM1,242.45,241.25,242.18,241.26,245.0,240.0,0.02064,0.020719,ws,ws,type_b_ladder,type_b_ladder,False,False,0.2667,-0.015,65,-78.0,strategy_S5-10_ATM_5_2__TYPE_B:NIFTY:2026-04-22T14:42:47:SHORT
2026-04-22,14:43:05,2026-04-22,14:43:13,NIFTY,SELL,TYPE_B,PASSIVE,HIT_BID,24414.75,24415.45,NIFTY28APR2624450PE,24450.0,PE,ITM1,243.75,243.5,243.66,243.67,245.0,240.0,0.020519,0.020513,ws,ws,type_b_ladder,type_b_ladder,False,False,0.0875,-0.1667,65,-16.25,strategy_S5-10_ATM_5_2__TYPE_B:NIFTY:2026-04-22T14:43:05:SHORT
2026-04-22,14:43:25,2026-04-22,14:43:37,NIFTY,BUY,TYPE_B,PASSIVE,HIT_BID,24416.65,24417.05,NIFTY28APR2624400CE,24400.0,CE,ITM1,220.85,220.7,220.6,220.84,225.0,220.0,0.022665,0.022632,ws,ws,type_b_ladder,type_b_ladder,False,False,0.25,-0.1421,65,-9.75,strategy_S5-10_ATM_5_2__TYPE_B:NIFTY:2026-04-22T14:43:25:LONG
2026-04-22,14:43:45,2026-04-22,14:43:52,NIFTY,BUY,TYPE_B,PASSIVE,HIT_BID,24418.55,24418.0,NIFTY28APR2624400CE,24400.0,CE,ITM1,221.65,220.8,221.42,220.82,225.0,220.0,0.022584,0.022635,ws,ws,type_b_ladder,type_b_ladder,False,False,0.2308,-0.0222,65,-55.25,strategy_S5-10_ATM_5_2__TYPE_B:NIFTY:2026-04-22T14:43:45:LONG
2026-04-22,14:43:55,2026-04-22,14:44:00,NIFTY,SELL,TYPE_B,PASSIVE,HIT_BID,24416.6,24418.3,NIFTY28APR2624450PE,24450.0,PE,ITM1,241.95,241.1,241.78,241.25,245.0,240.0,0.020687,0.020721,ws,ws,type_b_ladder,type_b_ladder,False,False,0.1667,-0.1538,65,-55.25,strategy_S5-10_ATM_5_2__TYPE_B:NIFTY:2026-04-22T14:43:55:SHORT
2026-04-22,14:44:10,2026-04-22,14:44:28,NIFTY,SELL,TYPE_B,PASSIVE,HIT_BID,24415.7,24416.2,NIFTY28APR2624450PE,24450.0,PE,ITM1,243.0,244.55,242.85,244.56,245.0,240.0,0.020593,0.020427,ws,ws,type_b_ladder,type_b_ladder,False,False,0.15,-0.0073,65,100.75,strategy_S5-10_ATM_5_2__TYPE_B:NIFTY:2026-04-22T14:44:10:SHORT
2026-04-22,14:44:32,2026-04-22,14:44:45,NIFTY,SELL,TYPE_B,PASSIVE,HIT_BID,24413.8,24414.65,NIFTY28APR2624450PE,24450.0,PE,ITM1,244.95,247.0,244.8,247.3,245.0,245.0,0.020431,0.020229,ws,ws,type_b_ladder,type_b_ladder,False,False,0.15,-0.2975,65,133.25,strategy_S5-10_ATM_5_2__TYPE_B:NIFTY:2026-04-22T14:44:32:SHORT
2026-04-22,14:44:50,2026-04-22,14:45:03,NIFTY,SELL,TYPE_B,PASSIVE,HIT_BID,24412.55,24414.1,NIFTY28APR2624450PE,24450.0,PE,ITM1,246.6,246.25,246.41,246.58,250.0,245.0,0.020296,0.020284,ws,ws,type_b_ladder,type_b_ladder,False,False,0.1944,-0.3333,65,-22.75,strategy_S5-10_ATM_5_2__TYPE_B:NIFTY:2026-04-22T14:44:50:SHORT
2026-04-22,14:45:13,2026-04-22,14:45:17,NIFTY,BUY,TYPE_B,PASSIVE,HIT_BID,24413.8,24412.6,NIFTY28APR2624400CE,24400.0,CE,ITM1,222.8,222.2,222.77,222.26,225.0,220.0,0.022447,0.022487,ws,ws,type_b_ladder,type_b_ladder,False,False,0.0286,-0.06,65,-39.0,strategy_S5-10_ATM_5_2__TYPE_B:NIFTY:2026-04-22T14:45:13:LONG
2026-04-22,14:45:20,2026-04-22,14:45:32,NIFTY,SELL,TYPE_B,PASSIVE,HIT_BID,24410.75,24411.25,NIFTY28APR2624450PE,24450.0,PE,ITM1,248.0,247.1,247.7,247.35,250.0,245.0,0.02018,0.020214,ws,ws,type_b_ladder,type_b_ladder,False,False,0.3,-0.25,65,-58.5,strategy_S5-10_ATM_5_2__TYPE_B:NIFTY:2026-04-22T14:45:20:SHORT
2026-04-22,14:45:40,2026-04-22,14:46:00,NIFTY,BUY,TYPE_B,PASSIVE,HIT_BID,24412.65,24412.1,NIFTY28APR2624400CE,24400.0,CE,ITM1,222.5,221.75,222.24,221.76,225.0,220.0,0.022487,0.022535,ws,ws,type_b_ladder,type_b_ladder,False,False,0.2625,-0.0135,65,-48.75,strategy_S5-10_ATM_5_2__TYPE_B:NIFTY:2026-04-22T14:45:40:LONG
2026-04-22,14:46:31,2026-04-22,14:46:40,NIFTY,SELL,TYPE_B,PASSIVE,HIT_BID,24412.0,24412.75,NIFTY28APR2624450PE,24450.0,PE,ITM1,247.0,245.75,246.86,246.12,250.0,245.0,0.020255,0.020325,ws,ws,type_b_ladder,type_b_ladder,False,False,0.14,-0.375,65,-81.25,strategy_S5-10_ATM_5_2__TYPE_B:NIFTY:2026-04-22T14:46:31:SHORT
2026-04-22,14:46:54,2026-04-22,14:46:58,NIFTY,SELL,TYPE_B,PASSIVE,HIT_BID,24410.05,24411.95,NIFTY28APR2624450PE,24450.0,PE,ITM1,247.0,246.3,246.83,246.45,250.0,245.0,0.020259,0.020284,ws,ws,type_b_ladder,type_b_ladder,False,False,0.1714,-0.1455,65,-45.5,strategy_S5-10_ATM_5_2__TYPE_B:NIFTY:2026-04-22T14:46:54:SHORT
2026-04-22,14:47:06,2026-04-22,14:47:10,NIFTY,SELL,TYPE_B,PASSIVE,HIT_BID,24410.55,24411.95,NIFTY28APR2624450PE,24450.0,PE,ITM1,245.65,244.3,245.29,244.61,250.0,240.0,0.020379,0.02045,ws,ws,type_b_ladder,type_b_ladder,False,False,0.36,-0.3077,65,-87.75,strategy_S5-10_ATM_5_2__TYPE_B:NIFTY:2026-04-22T14:47:06:SHORT
2026-04-22,14:47:27,2026-04-22,14:47:28,NIFTY,SELL,TYPE_B,PASSIVE,HIT_BID,24411.15,24413.05,NIFTY28APR2624450PE,24450.0,PE,ITM1,245.5,245.15,245.31,245.42,250.0,245.0,0.020387,0.020375,ws,ws,type_b_ladder,type_b_ladder,False,False,0.1875,-0.2727,65,-22.75,strategy_S5-10_ATM_5_2__TYPE_B:NIFTY:2026-04-22T14:47:27:SHORT
2026-04-22,14:47:35,2026-04-22,14:47:44,NIFTY,BUY,TYPE_B,PASSIVE,HIT_BID,24414.5,24413.35,NIFTY28APR2624400CE,24400.0,CE,ITM1,221.0,220.4,220.78,220.66,225.0,220.0,0.022637,0.022668,ws,ws,type_b_ladder,type_b_ladder,False,False,0.2222,-0.2625,65,-39.0,strategy_S5-10_ATM_5_2__TYPE_B:NIFTY:2026-04-22T14:47:35:LONG
2026-04-22,14:47:53,2026-04-22,14:48:25,NIFTY,BUY,TYPE_B,PASSIVE,HIT_BID,24415.95,24418.55,NIFTY28APR2624400CE,24400.0,CE,ITM1,221.75,222.05,221.36,222.08,225.0,220.0,0.022573,0.0225,ws,ws,type_b_ladder,type_b_ladder,False,False,0.3913,-0.0333,65,19.5,strategy_S5-10_ATM_5_2__TYPE_B:NIFTY:2026-04-22T14:47:53:LONG
2026-04-22,14:48:50,2026-04-22,14:48:58,NIFTY,SELL,TYPE_B,PASSIVE,HIT_BID,24416.8,24418.25,NIFTY28APR2624450PE,24450.0,PE,ITM1,244.0,243.05,243.55,243.25,245.0,240.0,0.020513,0.020553,ws,ws,type_b_ladder,type_b_ladder,False,False,0.4474,-0.2,65,-61.75,strategy_S5-10_ATM_5_2__TYPE_B:NIFTY:2026-04-22T14:48:50:SHORT
2026-04-22,14:49:03,2026-04-22,14:49:14,NIFTY,BUY,TYPE_B,PASSIVE,HIT_BID,24419.2,24418.15,NIFTY28APR2624400CE,24400.0,CE,ITM1,221.35,220.15,221.12,220.24,225.0,220.0,0.022612,0.022686,ws,ws,type_b_ladder,type_b_ladder,False,False,0.225,-0.0882,65,-78.0,strategy_S5-10_ATM_5_2__TYPE_B:NIFTY:2026-04-22T14:49:03:LONG
2026-04-22,14:49:23,2026-04-22,14:49:43,NIFTY,SELL,TYPE_B,PASSIVE,HIT_BID,24416.3,24416.65,NIFTY28APR2624450PE,24450.0,PE,ITM1,243.75,243.6,243.6,243.92,245.0,240.0,0.020528,0.020509,ws,ws,type_b_ladder,type_b_ladder,False,False,0.15,-0.32,65,-9.75,strategy_S5-10_ATM_5_2__TYPE_B:NIFTY:2026-04-22T14:49:23:SHORT
2026-04-22,14:49:57,2026-04-22,14:50:22,NIFTY,SELL,TYPE_B,PASSIVE,HIT_BID,24414.95,24410.2,NIFTY28APR2624450PE,24450.0,PE,ITM1,244.8,247.75,244.54,247.93,245.0,245.0,0.020446,0.020169,ws,ws,type_b_ladder,type_b_ladder,False,False,0.2609,-0.18,65,191.75,strategy_S5-10_ATM_5_2__TYPE_B:NIFTY:2026-04-22T14:49:57:SHORT
2026-04-22,14:50:43,2026-04-22,14:50:57,NIFTY,BUY,TYPE_B,PASSIVE,HIT_BID,24411.5,24410.15,NIFTY28APR2624400CE,24400.0,CE,ITM1,219.0,218.6,218.86,218.72,220.0,215.0,0.022844,0.02286,ws,ws,type_b_ladder,type_b_ladder,False,False,0.1429,-0.125,65,-26.0,strategy_S5-10_ATM_5_2__TYPE_B:NIFTY:2026-04-22T14:50:43:LONG
2026-04-22,14:51:20,2026-04-22,14:51:22,NIFTY,SELL,TYPE_B,PASSIVE,HIT_BID,24409.35,24410.9,NIFTY28APR2624450PE,24450.0,PE,ITM1,246.45,245.2,246.08,245.3,250.0,245.0,0.020307,0.020385,ws,ws,type_b_ladder,type_b_ladder,False,False,0.3682,-0.1,65,-81.25,strategy_S5-10_ATM_5_2__TYPE_B:NIFTY:2026-04-22T14:51:20:SHORT
2026-04-22,14:51:28,2026-04-22,14:51:43,NIFTY,BUY,TYPE_B,PASSIVE,HIT_BID,24414.0,24413.45,NIFTY28APR2624400CE,24400.0,CE,ITM1,221.35,220.85,221.15,220.94,225.0,220.0,0.022607,0.022617,ws,ws,type_b_ladder,type_b_ladder,False,False,0.2,-0.09,65,-32.5,strategy_S5-10_ATM_5_2__TYPE_B:NIFTY:2026-04-22T14:51:28:LONG
2026-04-22,14:51:48,2026-04-22,14:52:35,NIFTY,BUY,TYPE_B,PASSIVE,HIT_BID,24415.15,24419.05,NIFTY28APR2624400CE,24400.0,CE,ITM1,221.4,223.0,221.17,223.07,225.0,220.0,0.022601,0.022411,ws,ws,type_b_ladder,type_b_ladder,False,False,0.2333,-0.0667,65,104.0,strategy_S5-10_ATM_5_2__TYPE_B:NIFTY:2026-04-22T14:51:48:LONG
2026-04-22,14:52:49,2026-04-22,14:52:57,NIFTY,SELL,TYPE_B,PASSIVE,HIT_BID,24417.65,24418.95,NIFTY28APR2624450PE,24450.0,PE,ITM1,242.2,240.7,242.05,240.71,245.0,240.0,0.020663,0.020762,ws,ws,type_b_ladder,type_b_ladder,False,False,0.15,-0.01,65,-97.5,strategy_S5-10_ATM_5_2__TYPE_B:NIFTY:2026-04-22T14:52:49:SHORT
2026-04-22,14:53:03,2026-04-22,14:53:20,NIFTY,BUY,TYPE_B,PASSIVE,HIT_BID,24419.7,24418.95,NIFTY28APR2624400CE,24400.0,CE,ITM1,222.9,223.0,222.78,223.09,225.0,220.0,0.022439,0.022404,ws,ws,type_b_ladder,type_b_ladder,False,False,0.125,-0.0875,65,6.5,strategy_S5-10_ATM_5_2__TYPE_B:NIFTY:2026-04-22T14:53:03:LONG
2026-04-22,14:53:30,2026-04-22,14:53:33,NIFTY,SELL,TYPE_B,PASSIVE,HIT_BID,24418.1,24420.05,NIFTY28APR2624450PE,24450.0,PE,ITM1,241.5,240.85,241.44,240.86,245.0,240.0,0.020728,0.020756,ws,ws,type_b_ladder,type_b_ladder,False,False,0.055,-0.0125,65,-42.25,strategy_S5-10_ATM_5_2__TYPE_B:NIFTY:2026-04-22T14:53:30:SHORT
2026-04-22,14:54:02,2026-04-22,14:54:17,NIFTY,SELL,TYPE_B,PASSIVE,HIT_BID,24418.0,24418.15,NIFTY28APR2624450PE,24450.0,PE,ITM1,242.35,241.25,242.29,241.62,245.0,240.0,0.020642,0.020702,ws,ws,type_b_ladder,type_b_ladder,False,False,0.0625,-0.3667,65,-71.5,strategy_S5-10_ATM_5_2__TYPE_B:NIFTY:2026-04-22T14:54:02:SHORT
2026-04-22,14:54:28,2026-04-22,14:55:58,NIFTY,BUY,TYPE_B,PASSIVE,HIT_BID,24419.4,24428.1,NIFTY28APR2624400CE,24400.0,CE,ITM1,222.0,227.0,221.75,227.09,225.0,225.0,0.022535,0.022002,ws,ws,type_b_ladder,type_b_ladder,False,False,0.2481,-0.0921,65,325.0,strategy_S5-10_ATM_5_2__TYPE_B:NIFTY:2026-04-22T14:54:28:LONG
2026-04-22,14:56:01,2026-04-22,14:56:20,NIFTY,SELL,TYPE_B,PASSIVE,HIT_BID,24426.2,24427.4,NIFTY28APR2624450PE,24450.0,PE,ITM1,238.35,238.95,238.28,239.36,240.0,235.0,0.020997,0.020903,ws,ws,type_b_ladder,type_b_ladder,False,False,0.0692,-0.413,65,39.0,strategy_S5-10_ATM_5_2__TYPE_B:NIFTY:2026-04-22T14:56:01:SHORT
2026-04-22,14:56:33,2026-04-22,14:56:50,NIFTY,BUY,TYPE_B,PASSIVE,HIT_BID,24428.2,24427.5,NIFTY28APR2624400CE,24400.0,CE,ITM1,225.6,226.7,225.47,226.79,230.0,225.0,0.02217,0.022046,ws,ws,type_b_ladder,type_b_ladder,False,False,0.125,-0.0857,65,71.5,strategy_S5-10_ATM_5_2__TYPE_B:NIFTY:2026-04-22T14:56:33:LONG
2026-04-22,14:56:55,2026-04-22,14:57:13,NIFTY,SELL,TYPE_B,PASSIVE,HIT_BID,24426.2,24426.9,NIFTY28APR2624450PE,24450.0,PE,ITM1,240.2,240.95,240.1,241.02,245.0,240.0,0.020822,0.020743,ws,ws,type_b_ladder,type_b_ladder,False,False,0.1,-0.0667,65,48.75,strategy_S5-10_ATM_5_2__TYPE_B:NIFTY:2026-04-22T14:56:55:SHORT
2026-04-22,14:57:20,2026-04-22,14:57:38,NIFTY,SELL,TYPE_B,PASSIVE,HIT_BID,24424.75,24426.8,NIFTY28APR2624450PE,24450.0,PE,ITM1,241.25,239.45,241.21,239.63,245.0,235.0,0.02074,0.020862,ws,ws,type_b_ladder,type_b_ladder,False,False,0.0368,-0.18,65,-117.0,strategy_S5-10_ATM_5_2__TYPE_B:NIFTY:2026-04-22T14:57:20:SHORT
2026-04-22,14:57:41,2026-04-22,14:57:50,NIFTY,BUY,TYPE_B,PASSIVE,HIT_BID,24427.15,24425.75,NIFTY28APR2624400CE,24400.0,CE,ITM1,226.95,227.2,226.94,227.4,230.0,225.0,0.022034,0.021988,ws,ws,type_b_ladder,type_b_ladder,False,False,0.01,-0.2,65,16.25,strategy_S5-10_ATM_5_2__TYPE_B:NIFTY:2026-04-22T14:57:41:LONG
2026-04-22,14:58:02,2026-04-22,14:58:25,NIFTY,SELL,TYPE_B,PASSIVE,HIT_BID,24424.7,24423.8,NIFTY28APR2624450PE,24450.0,PE,ITM1,241.9,242.35,241.72,242.57,245.0,240.0,0.020693,0.020621,ws,ws,type_b_ladder,type_b_ladder,False,False,0.1833,-0.225,65,29.25,strategy_S5-10_ATM_5_2__TYPE_B:NIFTY:2026-04-22T14:58:02:SHORT
2026-04-22,14:58:58,2026-04-22,14:59:20,NIFTY,BUY,TYPE_B,PASSIVE,HIT_BID,24424.65,24426.3,NIFTY28APR2624400CE,24400.0,CE,ITM1,225.05,228.4,224.88,228.49,230.0,225.0,0.02224,0.021875,ws,ws,type_b_ladder,type_b_ladder,False,False,0.1658,-0.0875,65,217.75,strategy_S5-10_ATM_5_2__TYPE_B:NIFTY:2026-04-22T14:58:58:LONG
2026-04-22,14:59:28,2026-04-22,14:59:40,NIFTY,SELL,TYPE_B,PASSIVE,HIT_BID,24425.15,24426.25,NIFTY28APR2624450PE,24450.0,PE,ITM1,240.85,239.2,240.75,239.32,245.0,235.0,0.020771,0.020892,ws,ws,type_b_ladder,type_b_ladder,False,False,0.1,-0.125,65,-107.25,strategy_S5-10_ATM_5_2__TYPE_B:NIFTY:2026-04-22T14:59:28:SHORT
2026-04-22,15:00:00,2026-04-22,15:00:11,NIFTY,SELL,TYPE_B,PASSIVE,HIT_BID,24423.15,24417.6,NIFTY28APR2624450PE,24450.0,PE,ITM1,239.75,244.85,239.64,245.12,240.0,240.0,0.020877,0.020404,ws,ws,type_b_ladder,type_b_ladder,False,False,0.1111,-0.2667,65,331.5,strategy_S5-10_ATM_5_2__TYPE_B:NIFTY:2026-04-22T15:00:00:SHORT
2026-04-22,15:00:21,2026-04-22,15:00:48,NIFTY,SELL,TYPE_B,PASSIVE,HIT_BID,24413.5,24406.65,NIFTY28APR2624450PE,24450.0,PE,ITM1,248.35,249.9,248.08,250.0,250.0,245.0,0.020149,0.019988,ws,ws,type_b_ladder,type_b_ladder,False,False,0.2667,-0.1,65,100.75,strategy_S5-10_ATM_5_2__TYPE_B:NIFTY:2026-04-22T15:00:21:SHORT
2026-04-22,15:01:00,2026-04-22,15:02:02,NIFTY,SELL,TYPE_B,PASSIVE,HIT_BID,24403.35,24393.1,NIFTY28APR2624450PE,24450.0,PE,ITM1,253.3,254.45,253.07,254.89,255.0,250.0,0.019757,0.019627,ws,ws,type_b_ladder,type_b_ladder,False,False,0.225,-0.44,65,74.75,strategy_S5-10_ATM_5_2__TYPE_B:NIFTY:2026-04-22T15:01:00:SHORT
2026-04-22,15:02:17,2026-04-22,15:02:33,NIFTY,SELL,TYPE_B,PASSIVE,HIT_BID,24391.65,24388.7,NIFTY28APR2624400PE,24400.0,PE,ITM1,232.0,233.5,231.95,233.72,235.0,230.0,0.021559,0.021393,ws,ws,type_b_ladder,type_b_ladder,False,False,0.05,-0.225,65,97.5,strategy_S5-10_ATM_5_2__TYPE_B:NIFTY:2026-04-22T15:02:17:SHORT
2026-04-22,15:02:39,2026-04-22,15:03:03,NIFTY,BUY,TYPE_B,PASSIVE,HIT_BID,24391.4,24396.5,NIFTY28APR2624350CE,24350.0,CE,ITM1,236.6,238.6,236.55,238.93,240.0,235.0,0.021144,0.020934,ws,ws,type_b_ladder,type_b_ladder,False,False,0.05,-0.3333,65,130.0,strategy_S5-10_ATM_5_2__TYPE_B:NIFTY:2026-04-22T15:02:39:LONG
2026-04-22,15:03:08,2026-04-22,15:04:03,NIFTY,SELL,TYPE_B,PASSIVE,HIT_BID,24392.75,24383.6,NIFTY28APR2624400PE,24400.0,PE,ITM1,231.75,236.65,231.7,237.04,235.0,235.0,0.021591,0.021099,ws,ws,type_b_ladder,type_b_ladder,False,False,0.0467,-0.3927,65,318.5,strategy_S5-10_ATM_5_2__TYPE_B:NIFTY:2026-04-22T15:03:08:SHORT
2026-04-22,15:04:13,2026-04-22,15:04:30,NIFTY,BUY,TYPE_B,PASSIVE,HIT_BID,24384.7,24383.15,NIFTY28APR2624350CE,24350.0,CE,ITM1,233.7,232.7,233.58,233.03,235.0,230.0,0.02142,0.021464,ws,ws,type_b_ladder,type_b_ladder,False,False,0.1222,-0.3333,65,-65.0,strategy_S5-10_ATM_5_2__TYPE_B:NIFTY:2026-04-22T15:04:13:LONG
2026-04-22,15:04:38,2026-04-22,15:04:48,NIFTY,BUY,TYPE_B,PASSIVE,HIT_BID,24385.3,24385.15,NIFTY28APR2624350CE,24350.0,CE,ITM1,234.3,232.2,234.07,232.55,235.0,230.0,0.021361,0.021515,ws,ws,type_b_ladder,type_b_ladder,False,False,0.225,-0.35,65,-136.5,strategy_S5-10_ATM_5_2__TYPE_B:NIFTY:2026-04-22T15:04:38:LONG
2026-04-22,15:04:55,2026-04-22,15:05:00,NIFTY,SELL,TYPE_B,PASSIVE,HIT_BID,24383.9,24385.75,NIFTY28APR2624400PE,24400.0,PE,ITM1,236.6,235.85,236.43,235.9,240.0,235.0,0.021155,0.021186,ws,ws,type_b_ladder,type_b_ladder,False,False,0.1667,-0.05,65,-48.75,strategy_S5-10_ATM_5_2__TYPE_B:NIFTY:2026-04-22T15:04:55:SHORT
2026-04-22,15:05:05,2026-04-22,15:05:53,NIFTY,SELL,TYPE_B,PASSIVE,HIT_BID,24383.6,24381.25,NIFTY28APR2624400PE,24400.0,PE,ITM1,239.7,237.55,239.43,237.98,240.0,235.0,0.020877,0.021026,ws,ws,type_b_ladder,type_b_ladder,False,False,0.2703,-0.4286,65,-139.75,strategy_S5-10_ATM_5_2__TYPE_B:NIFTY:2026-04-22T15:05:05:SHORT
2026-04-22,15:06:15,2026-04-22,15:06:17,NIFTY,SELL,TYPE_B,PASSIVE,HIT_BID,24379.25,24380.7,NIFTY28APR2624400PE,24400.0,PE,ITM1,239.5,239.3,239.13,239.66,240.0,235.0,0.020903,0.020868,ws,ws,type_b_ladder,type_b_ladder,False,False,0.3667,-0.36,65,-13.0,strategy_S5-10_ATM_5_2__TYPE_B:NIFTY:2026-04-22T15:06:15:SHORT
2026-04-22,15:06:50,2026-04-22,15:06:56,NIFTY,SELL,TYPE_B,PASSIVE,HIT_BID,24379.15,24380.5,NIFTY28APR2624400PE,24400.0,PE,ITM1,238.6,237.7,238.24,237.88,240.0,235.0,0.020975,0.021015,ws,ws,type_b_ladder,type_b_ladder,False,False,0.36,-0.18,65,-58.5,strategy_S5-10_ATM_5_2__TYPE_B:NIFTY:2026-04-22T15:06:50:SHORT
2026-04-22,15:07:08,2026-04-22,15:07:26,NIFTY,BUY,TYPE_B,PASSIVE,HIT_BID,24381.9,24381.55,NIFTY28APR2624350CE,24350.0,CE,ITM1,230.2,230.5,229.91,230.57,235.0,230.0,0.021737,0.021673,ws,ws,type_b_ladder,type_b_ladder,False,False,0.2917,-0.0667,65,19.5,strategy_S5-10_ATM_5_2__TYPE_B:NIFTY:2026-04-22T15:07:08:LONG
2026-04-22,15:07:30,2026-04-22,15:08:43,NIFTY,SELL,TYPE_B,PASSIVE,HIT_BID,24380.5,24375.7,NIFTY28APR2624400PE,24400.0,PE,ITM1,237.95,238.9,237.66,239.15,240.0,235.0,0.021037,0.020916,ws,ws,type_b_ladder,type_b_ladder,False,False,0.2895,-0.2538,65,61.75,strategy_S5-10_ATM_5_2__TYPE_B:NIFTY:2026-04-22T15:07:30:SHORT
2026-04-22,15:09:08,2026-04-22,15:09:26,NIFTY,BUY,TYPE_B,PASSIVE,HIT_BID,24377.3,24379.3,NIFTY28APR2624350CE,24350.0,CE,ITM1,232.3,231.9,232.07,232.15,235.0,230.0,0.021538,0.021538,ws,ws,type_b_ladder,type_b_ladder,False,False,0.225,-0.25,65,-26.0,strategy_S5-10_ATM_5_2__TYPE_B:NIFTY:2026-04-22T15:09:08:LONG
2026-04-22,15:09:59,2026-04-22,15:10:08,NIFTY,SELL,TYPE_B,PASSIVE,HIT_BID,24378.8,24379.7,NIFTY28APR2624400PE,24400.0,PE,ITM1,238.65,240.55,238.57,240.65,240.0,240.0,0.020975,0.020777,ws,ws,type_b_ladder,type_b_ladder,False,False,0.0786,-0.1,65,123.5,strategy_S5-10_ATM_5_2__TYPE_B:NIFTY:2026-04-22T15:09:59:SHORT
2026-04-22,15:10:18,2026-04-22,15:10:53,NIFTY,SELL,TYPE_B,PASSIVE,HIT_BID,24376.15,24376.85,NIFTY28APR2624400PE,24400.0,PE,ITM1,242.55,240.2,242.26,240.43,245.0,240.0,0.020636,0.020803,ws,ws,type_b_ladder,type_b_ladder,False,False,0.2941,-0.225,65,-152.75,strategy_S5-10_ATM_5_2__TYPE_B:NIFTY:2026-04-22T15:10:18:SHORT
2026-04-22,15:11:02,2026-04-22,15:11:11,NIFTY,BUY,TYPE_B,PASSIVE,HIT_BID,24377.35,24376.95,NIFTY28APR2624350CE,24350.0,CE,ITM1,231.3,231.45,231.01,231.5,235.0,230.0,0.021643,0.021582,ws,ws,type_b_ladder,type_b_ladder,False,False,0.2912,-0.05,65,9.75,strategy_S5-10_ATM_5_2__TYPE_B:NIFTY:2026-04-22T15:11:02:LONG
2026-04-22,15:11:17,2026-04-22,15:11:30,NIFTY,BUY,TYPE_B,PASSIVE,HIT_BID,24378.9,24377.1,NIFTY28APR2624350CE,24350.0,CE,ITM1,232.7,232.05,232.44,232.29,235.0,230.0,0.021512,0.021529,ws,ws,type_b_ladder,type_b_ladder,False,False,0.2588,-0.24,65,-42.25,strategy_S5-10_ATM_5_2__TYPE_B:NIFTY:2026-04-22T15:11:17:LONG
2026-04-22,15:11:59,2026-04-22,15:12:15,NIFTY,SELL,TYPE_B,PASSIVE,HIT_BID,24376.5,24377.5,NIFTY28APR2624400PE,24400.0,PE,ITM1,238.0,237.35,237.88,237.59,240.0,235.0,0.021017,0.021046,ws,ws,type_b_ladder,type_b_ladder,False,False,0.125,-0.2423,65,-42.25,strategy_S5-10_ATM_5_2__TYPE_B:NIFTY:2026-04-22T15:11:59:SHORT
2026-04-22,15:12:27,2026-04-22,15:12:30,NIFTY,BUY,TYPE_B,PASSIVE,HIT_BID,24379.05,24376.65,NIFTY28APR2624350CE,24350.0,CE,ITM1,233.8,233.25,233.57,233.26,235.0,230.0,0.021397,0.02142,ws,ws,type_b_ladder,type_b_ladder,False,False,0.225,-0.0121,65,-35.75,strategy_S5-10_ATM_5_2__TYPE_B:NIFTY:2026-04-22T15:12:27:LONG
2026-04-22,15:12:40,2026-04-22,15:12:58,NIFTY,SELL,TYPE_B,PASSIVE,HIT_BID,24376.25,24378.0,NIFTY28APR2624400PE,24400.0,PE,ITM1,237.5,236.2,237.26,236.39,240.0,235.0,0.021066,0.021151,ws,ws,type_b_ladder,type_b_ladder,False,False,0.24,-0.1905,65,-84.5,strategy_S5-10_ATM_5_2__TYPE_B:NIFTY:2026-04-22T15:12:40:SHORT
2026-04-22,15:13:07,2026-04-22,15:13:55,NIFTY,BUY,TYPE_B,PASSIVE,HIT_BID,24378.85,24379.6,NIFTY28APR2624350CE,24350.0,CE,ITM1,233.55,235.4,233.44,235.81,235.0,235.0,0.021422,0.02122,ws,ws,type_b_ladder,type_b_ladder,False,False,0.105,-0.4125,65,120.25,strategy_S5-10_ATM_5_2__TYPE_B:NIFTY:2026-04-22T15:13:07:LONG
2026-04-22,15:14:02,2026-04-22,15:14:30,NIFTY,BUY,TYPE_B,PASSIVE,HIT_BID,24381.8,24383.0,NIFTY28APR2624350CE,24350.0,CE,ITM1,238.6,238.45,238.45,238.74,240.0,235.0,0.020971,0.020949,ws,ws,type_b_ladder,type_b_ladder,False,False,0.15,-0.2912,65,-9.75,strategy_S5-10_ATM_5_2__TYPE_B:NIFTY:2026-04-22T15:14:02:LONG
2026-04-22,15:14:35,2026-04-22,15:14:53,NIFTY,SELL,TYPE_B,PASSIVE,HIT_BID,24382.5,24383.3,NIFTY28APR2624400PE,24400.0,PE,ITM1,229.75,230.0,229.7,230.33,230.0,230.0,0.021782,0.021723,ws,ws,type_b_ladder,type_b_ladder,False,False,0.05,-0.3333,65,16.25,strategy_S5-10_ATM_5_2__TYPE_B:NIFTY:2026-04-22T15:14:35:SHORT
2026-04-22,15:15:04,2026-04-22,15:15:08,NIFTY,BUY,TYPE_B,PASSIVE,HIT_BID,24383.35,24381.7,NIFTY28APR2624350CE,24350.0,CE,ITM1,239.0,238.95,238.72,238.99,240.0,235.0,0.02094,0.02091,ws,ws,type_b_ladder,type_b_ladder,False,False,0.2812,-0.0389,65,-3.25,strategy_S5-10_ATM_5_2__TYPE_B:NIFTY:2026-04-22T15:15:04:LONG
2026-04-22,15:15:10,2026-04-22,15:15:35,NIFTY,BUY,TYPE_B,PASSIVE,HIT_BID,24383.15,24388.85,NIFTY28APR2624350CE,24350.0,CE,ITM1,239.1,244.5,238.77,244.53,240.0,240.0,0.020927,0.020431,ws,ws,type_b_ladder,type_b_ladder,False,False,0.3321,-0.025,65,351.0,strategy_S5-10_ATM_5_2__TYPE_B:NIFTY:2026-04-22T15:15:10:LONG
2026-04-22,15:15:49,2026-04-22,15:16:03,NIFTY,BUY,TYPE_B,PASSIVE,HIT_BID,24391.15,24390.55,NIFTY28APR2624350CE,24350.0,CE,ITM1,245.0,242.4,244.83,242.65,245.0,240.0,0.020425,0.020606,ws,ws,type_b_ladder,type_b_ladder,False,False,0.1667,-0.25,65,-169.0,strategy_S5-10_ATM_5_2__TYPE_B:NIFTY:2026-04-22T15:15:49:LONG
2026-04-22,15:16:07,2026-04-22,15:16:40,NIFTY,SELL,TYPE_B,PASSIVE,HIT_BID,24389.9,24386.9,NIFTY28APR2624400PE,24400.0,PE,ITM1,224.3,225.45,224.18,225.65,225.0,225.0,0.022304,0.022163,ws,ws,type_b_ladder,type_b_ladder,False,False,0.125,-0.2,65,74.75,strategy_S5-10_ATM_5_2__TYPE_B:NIFTY:2026-04-22T15:16:07:SHORT
2026-04-22,15:17:06,2026-04-22,15:17:26,NIFTY,SELL,TYPE_B,PASSIVE,HIT_BID,24385.6,24385.6,NIFTY28APR2624400PE,24400.0,PE,ITM1,227.65,227.0,227.26,227.15,230.0,225.0,0.021985,0.022005,ws,ws,type_b_ladder,type_b_ladder,False,False,0.3938,-0.15,65,-42.25,strategy_S5-10_ATM_5_2__TYPE_B:NIFTY:2026-04-22T15:17:06:SHORT
2026-04-22,15:17:37,2026-04-22,15:17:52,NIFTY,SELL,TYPE_B,PASSIVE,HIT_BID,24383.8,24383.65,NIFTY28APR2624400PE,24400.0,PE,ITM1,227.3,226.4,226.88,226.53,230.0,225.0,0.022019,0.022058,ws,ws,type_b_ladder,type_b_ladder,False,False,0.4179,-0.132,65,-58.5,strategy_S5-10_ATM_5_2__TYPE_B:NIFTY:2026-04-22T15:17:37:SHORT
2026-04-22,15:18:03,2026-04-22,15:18:24,NIFTY,SELL,TYPE_B,PASSIVE,HIT_BID,24381.45,24381.55,NIFTY28APR2624400PE,24400.0,PE,ITM1,228.0,228.4,227.58,228.7,230.0,225.0,0.021951,0.02187,ws,ws,type_b_ladder,type_b_ladder,False,False,0.4213,-0.3,65,26.0,strategy_S5-10_ATM_5_2__TYPE_B:NIFTY:2026-04-22T15:18:03:SHORT
2026-04-22,15:18:34,2026-04-22,15:18:51,NIFTY,SELL,TYPE_B,PASSIVE,HIT_BID,24377.0,24379.1,NIFTY28APR2624400PE,24400.0,PE,ITM1,229.65,228.7,229.59,228.74,230.0,225.0,0.021794,0.021839,ws,ws,type_b_ladder,type_b_ladder,False,False,0.0643,-0.0357,65,-61.75,strategy_S5-10_ATM_5_2__TYPE_B:NIFTY:2026-04-22T15:18:34:SHORT
2026-04-22,15:19:04,2026-04-22,15:19:30,NIFTY,BUY,TYPE_B,PASSIVE,HIT_BID,24379.6,24378.9,NIFTY28APR2624350CE,24350.0,CE,ITM1,240.95,241.3,240.75,241.41,245.0,240.0,0.020762,0.020708,ws,ws,type_b_ladder,type_b_ladder,False,False,0.197,-0.1071,65,22.75,strategy_S5-10_ATM_5_2__TYPE_B:NIFTY:2026-04-22T15:19:04:LONG
2026-04-22,15:19:47,2026-04-22,15:19:57,NIFTY,SELL,TYPE_B,PASSIVE,HIT_BID,24378.1,24379.2,NIFTY28APR2624400PE,24400.0,PE,ITM1,227.55,228.0,227.54,228.04,230.0,225.0,0.021976,0.021925,ws,ws,type_b_ladder,type_b_ladder,False,False,0.013,-0.0364,65,29.25,strategy_S5-10_ATM_5_2__TYPE_B:NIFTY:2026-04-22T15:19:47:SHORT
2026-04-22,15:20:18,2026-04-22,15:20:19,NIFTY,SELL,TYPE_B,PASSIVE,HIT_BID,24376.8,24378.45,NIFTY28APR2624400PE,24400.0,PE,ITM1,229.5,229.2,229.46,229.46,230.0,225.0,0.021801,0.021801,ws,ws,type_b_ladder,type_b_ladder,False,False,0.04,-0.26,65,-19.5,strategy_S5-10_ATM_5_2__TYPE_B:NIFTY:2026-04-22T15:20:18:SHORT
2026-04-22,15:20:20,2026-04-22,15:20:41,NIFTY,SELL,TYPE_B,PASSIVE,HIT_BID,24376.25,24378.4,NIFTY28APR2624400PE,24400.0,PE,ITM1,229.65,228.0,229.23,228.14,230.0,225.0,0.021798,0.021923,ws,ws,type_b_ladder,type_b_ladder,False,False,0.4167,-0.144,65,-107.25,strategy_S5-10_ATM_5_2__TYPE_B:NIFTY:2026-04-22T15:20:20:SHORT
2026-04-22,15:20:56,2026-04-22,15:20:56,NIFTY,BUY,TYPE_B,PASSIVE,HIT_BID,24378.0,24376.85,NIFTY28APR2624350CE,24350.0,CE,ITM1,243.0,242.5,242.51,242.51,245.0,240.0,0.020597,0.020597,ws,ws,type_b_ladder,type_b_ladder,False,False,0.4909,-0.0091,65,-32.5,strategy_S5-10_ATM_5_2__TYPE_B:NIFTY:2026-04-22T15:20:56:LONG
2026-04-22,15:21:14,2026-04-22,15:21:20,NIFTY,BUY,TYPE_B,PASSIVE,HIT_BID,24379.55,24377.0,NIFTY28APR2624350CE,24350.0,CE,ITM1,243.45,242.75,243.15,242.84,245.0,240.0,0.020557,0.020587,ws,ws,type_b_ladder,type_b_ladder,False,False,0.3,-0.0938,65,-45.5,strategy_S5-10_ATM_5_2__TYPE_B:NIFTY:2026-04-22T15:21:14:LONG
2026-04-22,15:22:01,2026-04-22,15:22:08,NIFTY,BUY,TYPE_B,PASSIVE,HIT_BID,24378.85,24376.25,NIFTY28APR2624350CE,24350.0,CE,ITM1,243.5,241.7,243.37,241.75,245.0,240.0,0.02054,0.020672,ws,ws,type_b_ladder,type_b_ladder,False,False,0.132,-0.0452,65,-117.0,strategy_S5-10_ATM_5_2__TYPE_B:NIFTY:2026-04-22T15:22:01:LONG
2026-04-22,15:22:24,2026-04-22,15:22:30,NIFTY,BUY,TYPE_B,PASSIVE,HIT_BID,24379.0,24377.8,NIFTY28APR2624350CE,24350.0,CE,ITM1,243.0,243.2,242.97,243.35,245.0,240.0,0.020578,0.020538,ws,ws,type_b_ladder,type_b_ladder,False,False,0.0333,-0.15,65,13.0,strategy_S5-10_ATM_5_2__TYPE_B:NIFTY:2026-04-22T15:22:24:LONG
2026-04-22,15:22:37,2026-04-22,15:23:18,NIFTY,BUY,TYPE_B,PASSIVE,HIT_BID,24380.05,24379.15,NIFTY28APR2624350CE,24350.0,CE,ITM1,243.5,243.85,243.27,244.06,245.0,240.0,0.020544,0.020481,ws,ws,type_b_ladder,type_b_ladder,False,False,0.2292,-0.2063,65,22.75,strategy_S5-10_ATM_5_2__TYPE_B:NIFTY:2026-04-22T15:22:37:LONG
2026-04-22,15:23:20,2026-04-22,15:23:44,NIFTY,SELL,TYPE_B,PASSIVE,HIT_BID,24378.5,24379.65,NIFTY28APR2624400PE,24400.0,PE,ITM1,226.2,228.0,226.11,228.22,230.0,225.0,0.022119,0.021918,ws,ws,type_b_ladder,type_b_ladder,False,False,0.0938,-0.2152,65,117.0,strategy_S5-10_ATM_5_2__TYPE_B:NIFTY:2026-04-22T15:23:20:SHORT
2026-04-22,15:23:53,2026-04-22,15:23:56,NIFTY,SELL,TYPE_B,PASSIVE,HIT_BID,24377.5,24378.25,NIFTY28APR2624400PE,24400.0,PE,ITM1,228.95,228.3,228.91,228.55,230.0,225.0,0.021858,0.021875,ws,ws,type_b_ladder,type_b_ladder,False,False,0.04,-0.25,65,-42.25,strategy_S5-10_ATM_5_2__TYPE_B:NIFTY:2026-04-22T15:23:53:SHORT
2026-04-22,15:24:04,2026-04-22,15:24:17,NIFTY,SELL,TYPE_B,PASSIVE,HIT_BID,24374.95,24377.05,NIFTY28APR2624400PE,24400.0,PE,ITM1,228.65,228.7,228.63,228.71,230.0,225.0,0.021872,0.021853,ws,ws,type_b_ladder,type_b_ladder,False,False,0.02,-0.0143,65,3.25,strategy_S5-10_ATM_5_2__TYPE_B:NIFTY:2026-04-22T15:24:04:SHORT
2026-04-22,15:24:28,2026-04-22,15:25:04,NIFTY,SELL,TYPE_B,PASSIVE,HIT_BID,24371.9,24371.3,NIFTY28APR2624400PE,24400.0,PE,ITM1,230.0,229.5,229.56,229.85,230.0,225.0,0.02176,0.02176,ws,ws,type_b_ladder,type_b_ladder,False,False,0.4357,-0.3474,65,-32.5,strategy_S5-10_ATM_5_2__TYPE_B:NIFTY:2026-04-22T15:24:28:SHORT
