Entry_Date,Entry_Time,Exit_Date,Exit_Time,Underlying_Symbol,Strategy_Direction,Execution_Mode,Entry_Label,Exit_Label,Underlying_Entry_Price,Underlying_Exit_Price,Option_Symbol,Option_Strike,Option_Type,Option_Entry_Price,Option_Exit_Price,Entry_Fair_Value,Exit_Fair_Value,Entry_Limit_Price,Exit_Limit_Price,Entry_Spread_Pct,Exit_Spread_Pct,Entry_Quote_Source,Exit_Quote_Source,Entry_Pricing_Mode,Exit_Pricing_Mode,Entry_Repriced,Exit_Repriced,Entry_Slippage_vs_Fair,Exit_Slippage_vs_Fair,Qty,PnL,Trade_ID
2026-04-20,09:18:31,2026-04-20,09:18:42,NIFTY,BUY,TYPE_F,BOOK_ENTRY_1,BOOK_EXIT_1,24322.95,24316.8,NIFTY21APR2624300CE,24300.0,CE,140.35,136.7,145.0,135.0,145.0,135.0,0.001783,0.002557,ws,ws,book_ladder,book_ladder,False,False,-4.65,1.7,65,-237.25,strategy_S9-10__TYPE_F:NIFTY:2026-04-20T09:18:31:LONG
2026-04-20,09:19:03,2026-04-20,09:19:12,NIFTY,SELL,TYPE_F,BOOK_ENTRY_1,BOOK_EXIT_1,24300.15,24310.45,NIFTY21APR2624350PE,24350.0,PE,168.35,167.3,170.0,165.0,170.0,165.0,0.002081,0.002388,ws,ws,book_ladder,book_ladder,False,False,-1.65,2.3,65,-68.25,strategy_S9-10__TYPE_F:NIFTY:2026-04-20T09:19:03:SHORT
2026-04-20,09:19:34,2026-04-20,09:21:05,NIFTY,BUY,TYPE_F,BOOK_ENTRY_1,BOOK_EXIT_1,24317.85,24359.05,NIFTY21APR2624300CE,24300.0,CE,139.75,162.3,140.0,160.0,140.0,160.0,0.002508,0.002462,ws,ws,book_ladder,book_ladder,False,False,-0.25,2.3,65,1465.75,strategy_S9-10__TYPE_F:NIFTY:2026-04-20T09:19:34:LONG
2026-04-20,09:21:22,2026-04-20,09:21:42,NIFTY,SELL,TYPE_F,BOOK_ENTRY_1,BOOK_EXIT_1,24354.4,24365.75,NIFTY21APR2624400PE,24400.0,PE,170.0,166.2,170.0,165.0,170.0,165.0,0.002651,0.002104,ws,ws,book_ladder,book_ladder,False,False,0.0,1.2,65,-247.0,strategy_S9-10__TYPE_F:NIFTY:2026-04-20T09:21:22:SHORT
2026-04-20,09:22:00,2026-04-20,09:22:45,NIFTY,BUY,TYPE_F,BOOK_ENTRY_1,BOOK_EXIT_1,24370.65,24369.1,NIFTY21APR2624350CE,24350.0,CE,138.65,137.4,140.0,135.0,140.0,135.0,0.001805,0.002907,ws,ws,book_ladder,book_ladder,False,False,-1.35,2.4,65,-81.25,strategy_S9-10__TYPE_F:NIFTY:2026-04-20T09:22:00:LONG
2026-04-20,09:23:01,2026-04-20,09:23:11,NIFTY,BUY,TYPE_F,BOOK_ENTRY_1,BOOK_EXIT_1,24379.8,24375.45,NIFTY21APR2624350CE,24350.0,CE,142.4,141.0,145.0,140.0,145.0,140.0,0.001405,0.001771,ws,ws,book_ladder,book_ladder,False,False,-2.6,1.0,65,-91.0,strategy_S9-10__TYPE_F:NIFTY:2026-04-20T09:23:01:LONG
2026-04-20,09:23:23,2026-04-20,09:24:00,NIFTY,BUY,TYPE_F,BOOK_ENTRY_1,BOOK_EXIT_1,24381.5,24386.65,NIFTY21APR2624350CE,24350.0,CE,144.6,147.5,145.0,145.0,145.0,145.0,0.00173,0.002032,ws,ws,book_ladder,book_ladder,False,False,-0.4,2.5,65,188.5,strategy_S9-10__TYPE_F:NIFTY:2026-04-20T09:23:23:LONG
2026-04-20,09:24:12,2026-04-20,09:24:38,NIFTY,BUY,TYPE_F,BOOK_ENTRY_1,BOOK_EXIT_1,24396.15,24389.9,NIFTY21APR2624350CE,24350.0,CE,152.0,148.15,155.0,145.0,155.0,145.0,0.001646,0.002696,ws,ws,book_ladder,book_ladder,False,False,-3.0,3.15,65,-250.25,strategy_S9-10__TYPE_F:NIFTY:2026-04-20T09:24:12:LONG
2026-04-20,09:24:52,2026-04-20,09:25:00,NIFTY,BUY,TYPE_F,BOOK_ENTRY_1,BOOK_EXIT_1,24396.2,24393.0,NIFTY21APR2624350CE,24350.0,CE,150.3,149.6,155.0,145.0,155.0,145.0,0.001998,0.00267,ws,ws,book_ladder,book_ladder,False,False,-4.7,4.6,65,-45.5,strategy_S9-10__TYPE_F:NIFTY:2026-04-20T09:24:52:LONG
2026-04-20,09:25:24,2026-04-20,09:26:12,NIFTY,BUY,TYPE_F,BOOK_ENTRY_1,BOOK_EXIT_1,24401.45,24408.7,NIFTY21APR2624400CE,24400.0,CE,133.45,132.2,135.0,130.0,135.0,130.0,0.0015,0.002644,ws,ws,book_ladder,book_ladder,False,False,-1.55,2.2,65,-81.25,strategy_S9-10__TYPE_F:NIFTY:2026-04-20T09:25:24:LONG
2026-04-20,09:26:30,2026-04-20,09:26:46,NIFTY,SELL,TYPE_F,BOOK_ENTRY_1,BOOK_EXIT_1,24388.45,24395.5,NIFTY21APR2624400PE,24400.0,PE,151.05,149.2,155.0,145.0,155.0,145.0,0.001325,0.001674,ws,ws,book_ladder,book_ladder,False,False,-3.95,4.2,65,-120.25,strategy_S9-10__TYPE_F:NIFTY:2026-04-20T09:26:30:SHORT
2026-04-20,09:26:56,2026-04-20,09:27:13,NIFTY,SELL,TYPE_F,BOOK_ENTRY_1,BOOK_EXIT_1,24385.35,24387.0,NIFTY21APR2624400PE,24400.0,PE,155.35,150.65,160.0,150.0,160.0,150.0,0.002578,0.001989,ws,ws,book_ladder,book_ladder,False,False,-4.65,0.65,65,-305.5,strategy_S9-10__TYPE_F:NIFTY:2026-04-20T09:26:56:SHORT
2026-04-20,09:27:35,2026-04-20,09:27:40,NIFTY,SELL,TYPE_F,BOOK_ENTRY_1,BOOK_EXIT_1,24381.4,24385.2,NIFTY21APR2624400PE,24400.0,PE,154.7,152.1,155.0,150.0,155.0,150.0,0.002589,0.002626,ws,ws,book_ladder,book_ladder,False,False,-0.3,2.1,65,-169.0,strategy_S9-10__TYPE_F:NIFTY:2026-04-20T09:27:35:SHORT
2026-04-20,09:28:01,2026-04-20,09:28:41,NIFTY,BUY,TYPE_F,BOOK_ENTRY_1,BOOK_EXIT_1,24390.5,24405.65,NIFTY21APR2624350CE,24350.0,CE,152.0,159.0,155.0,155.0,155.0,155.0,0.001317,0.002826,ws,ws,book_ladder,book_ladder,False,False,-3.0,4.0,65,455.0,strategy_S9-10__TYPE_F:NIFTY:2026-04-20T09:28:01:LONG
2026-04-20,09:29:10,2026-04-20,09:30:15,NIFTY,SELL,TYPE_F,BOOK_ENTRY_1,BOOK_EXIT_1,24396.45,24389.75,NIFTY21APR2624400PE,24400.0,PE,149.0,149.1,150.0,145.0,150.0,145.0,0.002015,0.002345,ws,ws,book_ladder,book_ladder,False,False,-1.0,4.1,65,6.5,strategy_S9-10__TYPE_F:NIFTY:2026-04-20T09:29:10:SHORT
2026-04-20,09:30:40,2026-04-20,09:31:29,NIFTY,SELL,TYPE_F,BOOK_ENTRY_1,BOOK_EXIT_1,24383.95,24369.2,NIFTY21APR2624400PE,24400.0,PE,152.8,161.4,155.0,160.0,155.0,160.0,0.001637,0.001548,ws,ws,book_ladder,book_ladder,False,False,-2.2,1.4,65,559.0,strategy_S9-10__TYPE_F:NIFTY:2026-04-20T09:30:40:SHORT
2026-04-20,09:32:14,2026-04-20,09:33:25,NIFTY,SELL,TYPE_F,BOOK_ENTRY_1,BOOK_EXIT_1,24363.7,24352.2,NIFTY21APR2624400PE,24400.0,PE,163.45,167.8,165.0,165.0,165.0,165.0,0.00245,0.001786,ws,ws,book_ladder,book_ladder,False,False,-1.55,2.8,65,282.75,strategy_S9-10__TYPE_F:NIFTY:2026-04-20T09:32:14:SHORT
2026-04-20,09:33:31,2026-04-20,09:34:05,NIFTY,BUY,TYPE_F,BOOK_ENTRY_1,BOOK_EXIT_1,24361.75,24369.05,NIFTY21APR2624350CE,24350.0,CE,136.3,139.2,140.0,135.0,140.0,135.0,0.001836,0.002511,ws,ws,book_ladder,book_ladder,False,False,-3.7,4.2,65,188.5,strategy_S9-10__TYPE_F:NIFTY:2026-04-20T09:33:31:LONG
2026-04-20,09:34:15,2026-04-20,09:34:51,NIFTY,SELL,TYPE_F,BOOK_ENTRY_1,BOOK_EXIT_1,24359.75,24355.8,NIFTY21APR2624400PE,24400.0,PE,164.5,165.3,165.0,165.0,165.0,165.0,0.00213,0.001813,ws,ws,book_ladder,book_ladder,False,False,-0.5,0.3,65,52.0,strategy_S9-10__TYPE_F:NIFTY:2026-04-20T09:34:15:SHORT
2026-04-20,09:35:00,2026-04-20,09:36:15,NIFTY,BUY,TYPE_F,BOOK_ENTRY_1,BOOK_EXIT_1,24360.25,24364.6,NIFTY21APR2624350CE,24350.0,CE,133.15,132.6,135.0,130.0,135.0,130.0,0.002632,0.003012,ws,ws,book_ladder,book_ladder,False,False,-1.85,2.6,65,-35.75,strategy_S9-10__TYPE_F:NIFTY:2026-04-20T09:35:00:LONG
2026-04-20,09:36:20,2026-04-20,09:37:17,NIFTY,SELL,TYPE_F,BOOK_ENTRY_1,BOOK_EXIT_1,24356.8,24353.65,NIFTY21APR2624400PE,24400.0,PE,167.8,164.6,170.0,160.0,170.0,160.0,0.002088,0.00273,ws,ws,book_ladder,book_ladder,False,False,-2.2,4.6,65,-208.0,strategy_S9-10__TYPE_F:NIFTY:2026-04-20T09:36:20:SHORT
2026-04-20,09:37:52,2026-04-20,09:38:08,NIFTY,SELL,TYPE_F,BOOK_ENTRY_1,BOOK_EXIT_1,24350.3,24353.2,NIFTY21APR2624400PE,24400.0,PE,167.0,162.6,170.0,160.0,170.0,160.0,0.002098,0.00215,ws,ws,book_ladder,book_ladder,False,False,-3.0,2.6,65,-286.0,strategy_S9-10__TYPE_F:NIFTY:2026-04-20T09:37:52:SHORT
2026-04-20,09:38:22,2026-04-20,09:39:11,NIFTY,SELL,TYPE_F,BOOK_ENTRY_1,BOOK_EXIT_1,24348.25,24341.6,NIFTY21APR2624350PE,24350.0,PE,139.9,142.7,140.0,140.0,140.0,140.0,0.002147,0.002799,ws,ws,book_ladder,book_ladder,False,False,-0.1,2.7,65,182.0,strategy_S9-10__TYPE_F:NIFTY:2026-04-20T09:38:22:SHORT
2026-04-20,09:40:05,2026-04-20,09:40:12,NIFTY,SELL,TYPE_F,BOOK_ENTRY_1,BOOK_EXIT_1,24341.8,24344.3,NIFTY21APR2624350PE,24350.0,PE,144.25,142.35,145.0,140.0,145.0,140.0,0.001735,0.002105,ws,ws,book_ladder,book_ladder,False,False,-0.75,2.35,65,-123.5,strategy_S9-10__TYPE_F:NIFTY:2026-04-20T09:40:05:SHORT
2026-04-20,09:40:21,2026-04-20,09:40:47,NIFTY,SELL,TYPE_F,BOOK_ENTRY_1,BOOK_EXIT_1,24338.3,24340.9,NIFTY21APR2624350PE,24350.0,PE,146.35,146.15,150.0,145.0,150.0,145.0,0.001368,0.002392,ws,ws,book_ladder,book_ladder,False,False,-3.65,1.15,65,-13.0,strategy_S9-10__TYPE_F:NIFTY:2026-04-20T09:40:21:SHORT
2026-04-20,09:40:57,2026-04-20,09:41:43,NIFTY,BUY,TYPE_F,BOOK_ENTRY_1,BOOK_EXIT_1,24343.25,24338.65,NIFTY21APR2624300CE,24300.0,CE,155.45,150.65,160.0,150.0,160.0,150.0,0.002899,0.000332,ws,ws,book_ladder,book_ladder,False,False,-4.55,0.65,65,-312.0,strategy_S9-10__TYPE_F:NIFTY:2026-04-20T09:40:57:LONG
2026-04-20,09:41:50,2026-04-20,09:42:11,NIFTY,SELL,TYPE_F,BOOK_ENTRY_1,BOOK_EXIT_1,24336.1,24336.5,NIFTY21APR2624350PE,24350.0,PE,147.4,144.8,150.0,140.0,150.0,140.0,0.002377,0.002759,ws,ws,book_ladder,book_ladder,False,False,-2.6,4.8,65,-169.0,strategy_S9-10__TYPE_F:NIFTY:2026-04-20T09:41:50:SHORT
2026-04-20,09:42:22,2026-04-20,09:42:57,NIFTY,SELL,TYPE_F,BOOK_ENTRY_1,BOOK_EXIT_1,24327.65,24325.5,NIFTY21APR2624350PE,24350.0,PE,150.7,150.85,155.0,150.0,155.0,150.0,0.002325,0.002979,ws,ws,book_ladder,book_ladder,False,False,-4.3,0.85,65,9.75,strategy_S9-10__TYPE_F:NIFTY:2026-04-20T09:42:22:SHORT
2026-04-20,09:43:19,2026-04-20,09:44:42,NIFTY,SELL,TYPE_F,BOOK_ENTRY_1,BOOK_EXIT_1,24322.0,24302.3,NIFTY21APR2624350PE,24350.0,PE,154.0,162.8,155.0,160.0,155.0,160.0,0.002275,0.002454,ws,ws,book_ladder,book_ladder,False,False,-1.0,2.8,65,572.0,strategy_S9-10__TYPE_F:NIFTY:2026-04-20T09:43:19:SHORT
2026-04-20,09:45:09,2026-04-20,09:45:23,NIFTY,BUY,TYPE_F,BOOK_ENTRY_1,BOOK_EXIT_1,24304.7,24300.35,NIFTY21APR2624300CE,24300.0,CE,130.5,127.75,135.0,125.0,135.0,125.0,0.001534,0.001564,ws,ws,book_ladder,book_ladder,False,False,-4.5,2.75,65,-178.75,strategy_S9-10__TYPE_F:NIFTY:2026-04-20T09:45:09:LONG
2026-04-20,09:45:30,2026-04-20,09:45:47,NIFTY,SELL,TYPE_F,BOOK_ENTRY_1,BOOK_EXIT_1,24291.85,24295.3,NIFTY21APR2624300PE,24300.0,PE,143.55,142.0,145.0,140.0,145.0,140.0,0.002441,0.001056,ws,ws,book_ladder,book_ladder,False,False,-1.45,2.0,65,-100.75,strategy_S9-10__TYPE_F:NIFTY:2026-04-20T09:45:30:SHORT
2026-04-20,09:46:09,2026-04-20,09:46:38,NIFTY,BUY,TYPE_F,BOOK_ENTRY_1,BOOK_EXIT_1,24300.2,24293.2,NIFTY21APR2624300CE,24300.0,CE,127.95,125.5,130.0,125.0,130.0,125.0,0.001564,0.002785,ws,ws,book_ladder,book_ladder,False,False,-2.05,0.5,65,-159.25,strategy_S9-10__TYPE_F:NIFTY:2026-04-20T09:46:09:LONG
2026-04-20,09:46:59,2026-04-20,09:48:01,NIFTY,SELL,TYPE_F,BOOK_ENTRY_1,BOOK_EXIT_1,24291.5,24285.7,NIFTY21APR2624300PE,24300.0,PE,146.0,150.55,150.0,150.0,150.0,150.0,0.0024,0.002322,ws,ws,book_ladder,book_ladder,False,False,-4.0,0.55,65,295.75,strategy_S9-10__TYPE_F:NIFTY:2026-04-20T09:46:59:SHORT
2026-04-20,09:48:22,2026-04-20,09:48:37,NIFTY,BUY,TYPE_F,BOOK_ENTRY_1,BOOK_EXIT_1,24290.05,24286.75,NIFTY21APR2624250CE,24250.0,CE,149.9,146.45,150.0,145.0,150.0,145.0,0.002338,0.000683,ws,ws,book_ladder,book_ladder,False,False,-0.1,1.45,65,-224.25,strategy_S9-10__TYPE_F:NIFTY:2026-04-20T09:48:22:LONG
2026-04-20,09:48:40,2026-04-20,09:49:06,NIFTY,SELL,TYPE_F,BOOK_ENTRY_1,BOOK_EXIT_1,24283.85,24284.65,NIFTY21APR2624300PE,24300.0,PE,150.95,149.05,155.0,145.0,155.0,145.0,0.002321,0.002345,ws,ws,book_ladder,book_ladder,False,False,-4.05,4.05,65,-123.5,strategy_S9-10__TYPE_F:NIFTY:2026-04-20T09:48:40:SHORT
2026-04-20,09:49:20,2026-04-20,09:50:07,NIFTY,BUY,TYPE_F,BOOK_ENTRY_1,BOOK_EXIT_1,24288.9,24294.75,NIFTY21APR2624250CE,24250.0,CE,150.7,148.6,155.0,145.0,155.0,145.0,0.00166,0.001345,ws,ws,book_ladder,book_ladder,False,False,-4.3,3.6,65,-136.5,strategy_S9-10__TYPE_F:NIFTY:2026-04-20T09:49:20:LONG
2026-04-20,09:51:17,2026-04-20,09:51:41,NIFTY,BUY,TYPE_F,BOOK_ENTRY_1,BOOK_EXIT_1,24294.2,24294.55,NIFTY21APR2624250CE,24250.0,CE,152.0,153.75,155.0,150.0,155.0,150.0,0.001317,0.002598,ws,ws,book_ladder,book_ladder,False,False,-3.0,3.75,65,113.75,strategy_S9-10__TYPE_F:NIFTY:2026-04-20T09:51:17:LONG
2026-04-20,09:52:10,2026-04-20,09:53:59,NIFTY,BUY,TYPE_F,BOOK_ENTRY_1,BOOK_EXIT_1,24298.65,24319.05,NIFTY21APR2624250CE,24250.0,CE,154.05,162.4,155.0,160.0,155.0,160.0,0.001949,0.00246,ws,ws,book_ladder,book_ladder,False,False,-0.95,2.4,65,542.75,strategy_S9-10__TYPE_F:NIFTY:2026-04-20T09:52:10:LONG
2026-04-20,09:54:15,2026-04-20,09:55:07,NIFTY,BUY,TYPE_F,BOOK_ENTRY_1,BOOK_EXIT_1,24323.7,24331.75,NIFTY21APR2624300CE,24300.0,CE,141.0,146.4,145.0,145.0,145.0,145.0,0.00213,0.002047,ws,ws,book_ladder,book_ladder,False,False,-4.0,1.4,65,351.0,strategy_S9-10__TYPE_F:NIFTY:2026-04-20T09:54:15:LONG
2026-04-20,09:55:25,2026-04-20,09:55:58,NIFTY,BUY,TYPE_F,BOOK_ENTRY_1,BOOK_EXIT_1,24336.75,24340.95,NIFTY21APR2624300CE,24300.0,CE,150.35,151.45,155.0,150.0,155.0,150.0,0.001997,0.002967,ws,ws,book_ladder,book_ladder,False,False,-4.65,1.45,65,71.5,strategy_S9-10__TYPE_F:NIFTY:2026-04-20T09:55:25:LONG
2026-04-20,09:56:26,2026-04-20,09:56:56,NIFTY,SELL,TYPE_F,BOOK_ENTRY_1,BOOK_EXIT_1,24334.8,24329.25,NIFTY21APR2624350PE,24350.0,PE,155.95,155.25,160.0,155.0,160.0,155.0,0.002568,0.002252,ws,ws,book_ladder,book_ladder,False,False,-4.05,0.25,65,-45.5,strategy_S9-10__TYPE_F:NIFTY:2026-04-20T09:56:26:SHORT
2026-04-20,09:57:37,2026-04-20,09:58:01,NIFTY,SELL,TYPE_F,BOOK_ENTRY_1,BOOK_EXIT_1,24325.9,24327.4,NIFTY21APR2624350PE,24350.0,PE,157.8,156.7,160.0,155.0,160.0,155.0,0.001903,0.002549,ws,ws,book_ladder,book_ladder,False,False,-2.2,1.7,65,-71.5,strategy_S9-10__TYPE_F:NIFTY:2026-04-20T09:57:37:SHORT
2026-04-20,09:58:10,2026-04-20,09:58:45,NIFTY,SELL,TYPE_F,BOOK_ENTRY_1,BOOK_EXIT_1,24322.3,24324.4,NIFTY21APR2624350PE,24350.0,PE,158.4,155.6,160.0,155.0,160.0,155.0,0.002528,0.001926,ws,ws,book_ladder,book_ladder,False,False,-1.6,0.6,65,-182.0,strategy_S9-10__TYPE_F:NIFTY:2026-04-20T09:58:10:SHORT
2026-04-20,09:59:16,2026-04-20,10:00:11,NIFTY,BUY,TYPE_F,BOOK_ENTRY_1,BOOK_EXIT_1,24325.65,24328.05,NIFTY21APR2624300CE,24300.0,CE,145.95,143.75,150.0,140.0,150.0,140.0,0.002401,0.001738,ws,ws,book_ladder,book_ladder,False,False,-4.05,3.75,65,-143.0,strategy_S9-10__TYPE_F:NIFTY:2026-04-20T09:59:16:LONG
2026-04-20,10:00:40,2026-04-20,10:01:52,NIFTY,BUY,TYPE_F,BOOK_ENTRY_1,BOOK_EXIT_1,24332.7,24334.3,NIFTY21APR2624300CE,24300.0,CE,147.7,148.5,150.0,145.0,150.0,145.0,0.002033,0.002018,ws,ws,book_ladder,book_ladder,False,False,-2.3,3.5,65,52.0,strategy_S9-10__TYPE_F:NIFTY:2026-04-20T10:00:40:LONG
2026-04-20,10:02:02,2026-04-20,10:02:14,NIFTY,SELL,TYPE_F,BOOK_ENTRY_1,BOOK_EXIT_1,24332.05,24334.4,NIFTY21APR2624350PE,24350.0,PE,155.55,151.7,160.0,150.0,160.0,150.0,0.002253,0.001976,ws,ws,book_ladder,book_ladder,False,False,-4.45,1.7,65,-250.25,strategy_S9-10__TYPE_F:NIFTY:2026-04-20T10:02:02:SHORT
2026-04-20,10:02:32,2026-04-20,10:04:04,NIFTY,BUY,TYPE_F,BOOK_ENTRY_1,BOOK_EXIT_1,24337.55,24359.95,NIFTY21APR2624300CE,24300.0,CE,148.1,161.7,150.0,160.0,150.0,160.0,0.002366,0.001854,ws,ws,book_ladder,book_ladder,False,False,-1.9,1.7,65,884.0,strategy_S9-10__TYPE_F:NIFTY:2026-04-20T10:02:32:LONG
2026-04-20,10:04:13,2026-04-20,10:05:01,NIFTY,SELL,TYPE_F,BOOK_ENTRY_1,BOOK_EXIT_1,24350.2,24356.9,NIFTY21APR2624400PE,24400.0,PE,168.75,163.55,170.0,160.0,170.0,160.0,0.002373,0.002138,ws,ws,book_ladder,book_ladder,False,False,-1.25,3.55,65,-338.0,strategy_S9-10__TYPE_F:NIFTY:2026-04-20T10:04:13:SHORT
2026-04-20,10:05:44,2026-04-20,10:06:04,NIFTY,BUY,TYPE_F,BOOK_ENTRY_1,BOOK_EXIT_1,24362.7,24361.45,NIFTY21APR2624350CE,24350.0,CE,137.1,134.6,140.0,130.0,140.0,130.0,0.002191,0.002597,ws,ws,book_ladder,book_ladder,False,False,-2.9,4.6,65,-162.5,strategy_S9-10__TYPE_F:NIFTY:2026-04-20T10:05:44:LONG
2026-04-20,10:06:10,2026-04-20,10:07:09,NIFTY,SELL,TYPE_F,BOOK_ENTRY_1,BOOK_EXIT_1,24360.3,24361.5,NIFTY21APR2624400PE,24400.0,PE,165.0,162.2,165.0,160.0,165.0,160.0,0.001516,0.001848,ws,ws,book_ladder,book_ladder,False,False,0.0,2.2,65,-182.0,strategy_S9-10__TYPE_F:NIFTY:2026-04-20T10:06:10:SHORT
2026-04-20,10:07:10,2026-04-20,10:08:44,NIFTY,BUY,TYPE_F,BOOK_ENTRY_1,BOOK_EXIT_1,24361.85,24377.75,NIFTY21APR2624350CE,24350.0,CE,135.3,141.6,140.0,140.0,140.0,140.0,0.001849,0.001764,ws,ws,book_ladder,book_ladder,False,False,-4.7,1.6,65,409.5,strategy_S9-10__TYPE_F:NIFTY:2026-04-20T10:07:10:LONG
2026-04-20,10:09:05,2026-04-20,10:09:52,NIFTY,BUY,TYPE_F,BOOK_ENTRY_1,BOOK_EXIT_1,24381.95,24385.05,NIFTY21APR2624350CE,24350.0,CE,144.6,148.8,145.0,145.0,145.0,145.0,0.002423,0.002349,ws,ws,book_ladder,book_ladder,False,False,-0.4,3.8,65,273.0,strategy_S9-10__TYPE_F:NIFTY:2026-04-20T10:09:05:LONG
2026-04-20,10:10:20,2026-04-20,10:10:40,NIFTY,SELL,TYPE_F,BOOK_ENTRY_1,BOOK_EXIT_1,24380.9,24383.05,NIFTY21APR2624400PE,24400.0,PE,150.5,148.0,155.0,145.0,155.0,145.0,0.000997,0.002025,ws,ws,book_ladder,book_ladder,False,False,-4.5,3.0,65,-162.5,strategy_S9-10__TYPE_F:NIFTY:2026-04-20T10:10:20:SHORT
2026-04-20,10:11:19,2026-04-20,10:12:01,NIFTY,SELL,TYPE_F,BOOK_ENTRY_1,BOOK_EXIT_1,24379.75,24381.2,NIFTY21APR2624400PE,24400.0,PE,150.95,151.2,155.0,150.0,155.0,150.0,0.002321,0.001652,ws,ws,book_ladder,book_ladder,False,False,-4.05,1.2,65,16.25,strategy_S9-10__TYPE_F:NIFTY:2026-04-20T10:11:19:SHORT
2026-04-20,10:12:40,2026-04-20,10:13:31,NIFTY,SELL,TYPE_F,BOOK_ENTRY_1,BOOK_EXIT_1,24376.9,24371.2,NIFTY21APR2624400PE,24400.0,PE,154.0,154.1,155.0,150.0,155.0,150.0,0.00065,0.000649,ws,ws,book_ladder,book_ladder,False,False,-1.0,4.1,65,6.5,strategy_S9-10__TYPE_F:NIFTY:2026-04-20T10:12:40:SHORT
2026-04-20,10:14:07,2026-04-20,10:14:26,NIFTY,SELL,TYPE_F,BOOK_ENTRY_1,BOOK_EXIT_1,24369.05,24372.0,NIFTY21APR2624400PE,24400.0,PE,156.2,154.15,160.0,150.0,160.0,150.0,0.001602,0.002592,ws,ws,book_ladder,book_ladder,False,False,-3.8,4.15,65,-133.25,strategy_S9-10__TYPE_F:NIFTY:2026-04-20T10:14:07:SHORT
2026-04-20,10:14:33,2026-04-20,10:15:16,NIFTY,BUY,TYPE_F,BOOK_ENTRY_1,BOOK_EXIT_1,24375.5,24377.4,NIFTY21APR2624350CE,24350.0,CE,145.1,146.8,150.0,145.0,150.0,145.0,0.000689,0.002042,ws,ws,book_ladder,book_ladder,False,False,-4.9,1.8,65,110.5,strategy_S9-10__TYPE_F:NIFTY:2026-04-20T10:14:33:LONG
2026-04-20,10:15:22,2026-04-20,10:15:50,NIFTY,SELL,TYPE_F,BOOK_ENTRY_1,BOOK_EXIT_1,24375.1,24376.1,NIFTY21APR2624400PE,24400.0,PE,154.4,152.1,155.0,150.0,155.0,150.0,0.001945,0.001642,ws,ws,book_ladder,book_ladder,False,False,-0.6,2.1,65,-149.5,strategy_S9-10__TYPE_F:NIFTY:2026-04-20T10:15:22:SHORT
2026-04-20,10:16:10,2026-04-20,10:18:14,NIFTY,BUY,TYPE_F,BOOK_ENTRY_1,BOOK_EXIT_1,24382.5,24395.9,NIFTY21APR2624350CE,24350.0,CE,150.5,157.6,155.0,155.0,155.0,155.0,0.002661,0.002535,ws,ws,book_ladder,book_ladder,False,False,-4.5,2.6,65,461.5,strategy_S9-10__TYPE_F:NIFTY:2026-04-20T10:16:10:LONG
2026-04-20,10:18:22,2026-04-20,10:19:53,NIFTY,SELL,TYPE_F,BOOK_ENTRY_1,BOOK_EXIT_1,24393.75,24389.35,NIFTY21APR2624400PE,24400.0,PE,146.0,145.0,150.0,145.0,150.0,145.0,0.000343,0.002755,ws,ws,book_ladder,book_ladder,False,False,-4.0,0.0,65,-65.0,strategy_S9-10__TYPE_F:NIFTY:2026-04-20T10:18:22:SHORT
2026-04-20,10:20:40,2026-04-20,10:21:48,NIFTY,SELL,TYPE_F,BOOK_ENTRY_1,BOOK_EXIT_1,24387.95,24381.2,NIFTY21APR2624400PE,24400.0,PE,147.25,150.35,150.0,150.0,150.0,150.0,0.002039,0.002325,ws,ws,book_ladder,book_ladder,False,False,-2.75,0.35,65,201.5,strategy_S9-10__TYPE_F:NIFTY:2026-04-20T10:20:40:SHORT
2026-04-20,10:22:05,2026-04-20,10:22:44,NIFTY,BUY,TYPE_F,BOOK_ENTRY_1,BOOK_EXIT_1,24383.65,24388.35,NIFTY21APR2624350CE,24350.0,CE,149.75,149.9,150.0,145.0,150.0,145.0,0.00234,0.002332,ws,ws,book_ladder,book_ladder,False,False,-0.25,4.9,65,9.75,strategy_S9-10__TYPE_F:NIFTY:2026-04-20T10:22:05:LONG
2026-04-20,10:23:04,2026-04-20,10:25:00,NIFTY,BUY,TYPE_F,BOOK_ENTRY_1,BOOK_EXIT_1,24392.3,24400.6,NIFTY21APR2624350CE,24350.0,CE,151.7,157.4,155.0,155.0,155.0,155.0,0.00033,0.001587,ws,ws,book_ladder,book_ladder,False,False,-3.3,2.4,65,370.5,strategy_S9-10__TYPE_F:NIFTY:2026-04-20T10:23:04:LONG
2026-04-20,10:25:23,2026-04-20,10:25:45,NIFTY,SELL,TYPE_F,BOOK_ENTRY_1,BOOK_EXIT_1,24393.0,24394.4,NIFTY21APR2624400PE,24400.0,PE,144.65,143.95,145.0,140.0,145.0,140.0,0.001038,0.001735,ws,ws,book_ladder,book_ladder,False,False,-0.35,3.95,65,-45.5,strategy_S9-10__TYPE_F:NIFTY:2026-04-20T10:25:23:SHORT
2026-04-20,10:26:16,2026-04-20,10:27:11,NIFTY,BUY,TYPE_F,BOOK_ENTRY_1,BOOK_EXIT_1,24402.35,24401.35,NIFTY21APR2624400CE,24400.0,CE,129.55,129.7,130.0,125.0,130.0,125.0,0.002318,0.00231,ws,ws,book_ladder,book_ladder,False,False,-0.45,4.7,65,9.75,strategy_S9-10__TYPE_F:NIFTY:2026-04-20T10:26:16:LONG
2026-04-20,10:27:26,2026-04-20,10:27:53,NIFTY,SELL,TYPE_F,BOOK_ENTRY_1,BOOK_EXIT_1,24399.6,24401.55,NIFTY21APR2624400PE,24400.0,PE,140.65,142.25,145.0,140.0,145.0,140.0,0.001779,0.002457,ws,ws,book_ladder,book_ladder,False,False,-4.35,2.25,65,104.0,strategy_S9-10__TYPE_F:NIFTY:2026-04-20T10:27:26:SHORT
2026-04-20,10:28:22,2026-04-20,10:28:25,NIFTY,SELL,TYPE_F,BOOK_ENTRY_1,BOOK_EXIT_1,24397.65,24401.1,NIFTY21APR2624400PE,24400.0,PE,142.25,140.8,145.0,140.0,145.0,140.0,0.002816,0.001419,ws,ws,book_ladder,book_ladder,False,False,-2.75,0.8,65,-94.25,strategy_S9-10__TYPE_F:NIFTY:2026-04-20T10:28:22:SHORT
2026-04-20,10:28:30,2026-04-20,10:29:16,NIFTY,BUY,TYPE_F,BOOK_ENTRY_1,BOOK_EXIT_1,24401.75,24408.45,NIFTY21APR2624400CE,24400.0,CE,132.65,134.05,135.0,130.0,135.0,130.0,0.002642,0.002235,ws,ws,book_ladder,book_ladder,False,False,-2.35,4.05,65,91.0,strategy_S9-10__TYPE_F:NIFTY:2026-04-20T10:28:30:LONG
2026-04-20,10:29:44,2026-04-20,10:29:45,NIFTY,BUY,TYPE_F,BOOK_ENTRY_1,BOOK_EXIT_1,24408.5,24406.05,NIFTY21APR2624400CE,24400.0,CE,133.55,133.25,135.0,130.0,135.0,130.0,0.002249,0.002249,ws,ws,book_ladder,book_ladder,False,False,-1.45,3.25,65,-19.5,strategy_S9-10__TYPE_F:NIFTY:2026-04-20T10:29:44:LONG
2026-04-20,10:29:53,2026-04-20,10:30:45,NIFTY,BUY,TYPE_F,BOOK_ENTRY_1,BOOK_EXIT_1,24410.6,24422.15,NIFTY21APR2624400CE,24400.0,CE,132.75,146.7,135.0,145.0,135.0,145.0,0.00264,0.002383,ws,ws,book_ladder,book_ladder,False,False,-2.25,1.7,65,906.75,strategy_S9-10__TYPE_F:NIFTY:2026-04-20T10:29:53:LONG
2026-04-20,10:31:12,2026-04-20,10:31:34,NIFTY,BUY,TYPE_F,BOOK_ENTRY_1,BOOK_EXIT_1,24428.7,24428.0,NIFTY21APR2624400CE,24400.0,CE,150.8,150.45,155.0,150.0,155.0,150.0,0.001991,0.002324,ws,ws,book_ladder,book_ladder,False,False,-4.2,0.45,65,-22.75,strategy_S9-10__TYPE_F:NIFTY:2026-04-20T10:31:12:LONG
2026-04-20,10:32:10,2026-04-20,10:32:47,NIFTY,BUY,TYPE_F,BOOK_ENTRY_1,BOOK_EXIT_1,24433.65,24436.8,NIFTY21APR2624400CE,24400.0,CE,154.0,154.7,155.0,150.0,155.0,150.0,0.002275,0.002582,ws,ws,book_ladder,book_ladder,False,False,-1.0,4.7,65,45.5,strategy_S9-10__TYPE_F:NIFTY:2026-04-20T10:32:10:LONG
2026-04-20,10:33:01,2026-04-20,10:33:10,NIFTY,BUY,TYPE_F,BOOK_ENTRY_1,BOOK_EXIT_1,24438.35,24436.4,NIFTY21APR2624400CE,24400.0,CE,157.0,153.65,160.0,150.0,160.0,150.0,0.001594,0.001951,ws,ws,book_ladder,book_ladder,False,False,-3.0,3.65,65,-217.75,strategy_S9-10__TYPE_F:NIFTY:2026-04-20T10:33:01:LONG
2026-04-20,10:33:29,2026-04-20,10:33:45,NIFTY,SELL,TYPE_F,BOOK_ENTRY_1,BOOK_EXIT_1,24433.7,24435.15,NIFTY21APR2624450PE,24450.0,PE,147.55,146.1,150.0,145.0,150.0,145.0,0.002035,0.001368,ws,ws,book_ladder,book_ladder,False,False,-2.45,1.1,65,-94.25,strategy_S9-10__TYPE_F:NIFTY:2026-04-20T10:33:29:SHORT
2026-04-20,10:34:27,2026-04-20,10:35:10,NIFTY,SELL,TYPE_F,BOOK_ENTRY_1,BOOK_EXIT_1,24433.9,24429.65,NIFTY21APR2624450PE,24450.0,PE,147.4,147.95,150.0,145.0,150.0,145.0,0.002377,0.000676,ws,ws,book_ladder,book_ladder,False,False,-2.6,2.95,65,35.75,strategy_S9-10__TYPE_F:NIFTY:2026-04-20T10:34:27:SHORT
2026-04-20,10:35:26,2026-04-20,10:35:54,NIFTY,BUY,TYPE_F,BOOK_ENTRY_1,BOOK_EXIT_1,24436.05,24433.7,NIFTY21APR2624400CE,24400.0,CE,155.75,153.5,160.0,150.0,160.0,150.0,0.001928,0.001952,ws,ws,book_ladder,book_ladder,False,False,-4.25,3.5,65,-146.25,strategy_S9-10__TYPE_F:NIFTY:2026-04-20T10:35:26:LONG
2026-04-20,10:36:22,2026-04-20,10:37:10,NIFTY,SELL,TYPE_F,BOOK_ENTRY_1,BOOK_EXIT_1,24435.25,24435.05,NIFTY21APR2624450PE,24450.0,PE,148.0,146.3,150.0,145.0,150.0,145.0,0.001352,0.002048,ws,ws,book_ladder,book_ladder,False,False,-2.0,1.3,65,-110.5,strategy_S9-10__TYPE_F:NIFTY:2026-04-20T10:36:22:SHORT
2026-04-20,10:37:27,2026-04-20,10:37:52,NIFTY,BUY,TYPE_F,BOOK_ENTRY_1,BOOK_EXIT_1,24437.9,24437.05,NIFTY21APR2624400CE,24400.0,CE,155.0,154.05,155.0,150.0,155.0,150.0,0.002584,0.002269,ws,ws,book_ladder,book_ladder,False,False,0.0,4.05,65,-61.75,strategy_S9-10__TYPE_F:NIFTY:2026-04-20T10:37:27:LONG
2026-04-20,10:38:26,2026-04-20,10:39:23,NIFTY,SELL,TYPE_F,BOOK_ENTRY_1,BOOK_EXIT_1,24434.35,24424.65,NIFTY21APR2624450PE,24450.0,PE,147.0,151.25,150.0,150.0,150.0,150.0,0.00034,0.002641,ws,ws,book_ladder,book_ladder,False,False,-3.0,1.25,65,276.25,strategy_S9-10__TYPE_F:NIFTY:2026-04-20T10:38:26:SHORT
2026-04-20,10:39:39,2026-04-20,10:41:14,NIFTY,BUY,TYPE_F,BOOK_ENTRY_1,BOOK_EXIT_1,24431.05,24444.7,NIFTY21APR2624400CE,24400.0,CE,150.55,155.05,155.0,155.0,155.0,155.0,0.001329,0.002255,ws,ws,book_ladder,book_ladder,False,False,-4.45,0.05,65,292.5,strategy_S9-10__TYPE_F:NIFTY:2026-04-20T10:39:39:LONG
2026-04-20,10:42:24,2026-04-20,10:43:34,NIFTY,SELL,TYPE_F,BOOK_ENTRY_1,BOOK_EXIT_1,24442.2,24439.85,NIFTY21APR2624450PE,24450.0,PE,144.2,143.15,145.0,140.0,145.0,140.0,0.00243,0.002094,ws,ws,book_ladder,book_ladder,False,False,-0.8,3.15,65,-68.25,strategy_S9-10__TYPE_F:NIFTY:2026-04-20T10:42:24:SHORT
2026-04-20,10:43:57,2026-04-20,10:44:49,NIFTY,BUY,TYPE_F,BOOK_ENTRY_1,BOOK_EXIT_1,24441.25,24442.45,NIFTY21APR2624400CE,24400.0,CE,154.65,154.0,155.0,150.0,155.0,150.0,0.001618,0.00227,ws,ws,book_ladder,book_ladder,False,False,-0.35,4.0,65,-42.25,strategy_S9-10__TYPE_F:NIFTY:2026-04-20T10:43:57:LONG
2026-04-20,10:44:54,2026-04-20,10:47:01,NIFTY,SELL,TYPE_F,BOOK_ENTRY_1,BOOK_EXIT_1,24440.3,24421.45,NIFTY21APR2624450PE,24450.0,PE,141.3,150.75,145.0,150.0,145.0,150.0,0.002125,0.000995,ws,ws,book_ladder,book_ladder,False,False,-3.7,0.75,65,614.25,strategy_S9-10__TYPE_F:NIFTY:2026-04-20T10:44:54:SHORT
2026-04-20,10:47:19,2026-04-20,10:48:25,NIFTY,BUY,TYPE_F,BOOK_ENTRY_1,BOOK_EXIT_1,24423.35,24431.65,NIFTY21APR2624400CE,24400.0,CE,146.4,151.2,150.0,150.0,150.0,150.0,0.001709,0.001982,ws,ws,book_ladder,book_ladder,False,False,-3.6,1.2,65,312.0,strategy_S9-10__TYPE_F:NIFTY:2026-04-20T10:47:19:LONG
2026-04-20,10:49:14,2026-04-20,10:49:57,NIFTY,SELL,TYPE_F,BOOK_ENTRY_1,BOOK_EXIT_1,24430.75,24430.85,NIFTY21APR2624450PE,24450.0,PE,148.8,148.45,150.0,145.0,150.0,145.0,0.002692,0.002019,ws,ws,book_ladder,book_ladder,False,False,-1.2,3.45,65,-22.75,strategy_S9-10__TYPE_F:NIFTY:2026-04-20T10:49:14:SHORT
2026-04-20,10:50:04,2026-04-20,10:50:15,NIFTY,BUY,TYPE_F,BOOK_ENTRY_1,BOOK_EXIT_1,24432.2,24428.6,NIFTY21APR2624400CE,24400.0,CE,150.0,148.0,150.0,145.0,150.0,145.0,0.002336,0.002025,ws,ws,book_ladder,book_ladder,False,False,0.0,3.0,65,-130.0,strategy_S9-10__TYPE_F:NIFTY:2026-04-20T10:50:04:LONG
2026-04-20,10:50:20,2026-04-20,10:51:01,NIFTY,SELL,TYPE_F,BOOK_ENTRY_1,BOOK_EXIT_1,24426.7,24420.7,NIFTY21APR2624450PE,24450.0,PE,149.75,153.2,150.0,150.0,150.0,150.0,0.002675,0.002282,ws,ws,book_ladder,book_ladder,False,False,-0.25,3.2,65,224.25,strategy_S9-10__TYPE_F:NIFTY:2026-04-20T10:50:20:SHORT
2026-04-20,10:51:37,2026-04-20,10:52:02,NIFTY,SELL,TYPE_F,BOOK_ENTRY_1,BOOK_EXIT_1,24414.55,24413.45,NIFTY21APR2624450PE,24450.0,PE,155.9,155.35,160.0,155.0,160.0,155.0,0.002569,0.002572,ws,ws,book_ladder,book_ladder,False,False,-4.1,0.35,65,-35.75,strategy_S9-10__TYPE_F:NIFTY:2026-04-20T10:51:37:SHORT
2026-04-20,10:52:19,2026-04-20,10:52:49,NIFTY,BUY,TYPE_F,BOOK_ENTRY_1,BOOK_EXIT_1,24421.0,24421.5,NIFTY21APR2624400CE,24400.0,CE,146.55,145.7,150.0,145.0,150.0,145.0,0.002049,0.002057,ws,ws,book_ladder,book_ladder,False,False,-3.45,0.7,65,-55.25,strategy_S9-10__TYPE_F:NIFTY:2026-04-20T10:52:19:LONG
2026-04-20,10:53:42,2026-04-20,10:54:38,NIFTY,BUY,TYPE_F,BOOK_ENTRY_1,BOOK_EXIT_1,24424.95,24424.2,NIFTY21APR2624400CE,24400.0,CE,146.05,145.75,150.0,145.0,150.0,145.0,0.002399,0.002056,ws,ws,book_ladder,book_ladder,False,False,-3.95,0.75,65,-19.5,strategy_S9-10__TYPE_F:NIFTY:2026-04-20T10:53:42:LONG
2026-04-20,10:54:40,2026-04-20,10:54:57,NIFTY,SELL,TYPE_F,BOOK_ENTRY_1,BOOK_EXIT_1,24422.4,24425.35,NIFTY21APR2624450PE,24450.0,PE,151.55,150.7,155.0,150.0,155.0,150.0,0.001321,0.001989,ws,ws,book_ladder,book_ladder,False,False,-3.45,0.7,65,-55.25,strategy_S9-10__TYPE_F:NIFTY:2026-04-20T10:54:40:SHORT
2026-04-20,10:55:01,2026-04-20,10:55:07,NIFTY,BUY,TYPE_F,BOOK_ENTRY_1,BOOK_EXIT_1,24426.05,24422.4,NIFTY21APR2624400CE,24400.0,CE,146.95,144.1,150.0,140.0,150.0,140.0,0.002044,0.001733,ws,ws,book_ladder,book_ladder,False,False,-3.05,4.1,65,-185.25,strategy_S9-10__TYPE_F:NIFTY:2026-04-20T10:55:01:LONG
2026-04-20,10:55:17,2026-04-20,10:55:38,NIFTY,SELL,TYPE_F,BOOK_ENTRY_1,BOOK_EXIT_1,24419.85,24421.15,NIFTY21APR2624450PE,24450.0,PE,153.45,153.2,155.0,150.0,155.0,150.0,0.001957,0.000653,ws,ws,book_ladder,book_ladder,False,False,-1.55,3.2,65,-16.25,strategy_S9-10__TYPE_F:NIFTY:2026-04-20T10:55:17:SHORT
2026-04-20,10:55:51,2026-04-20,10:56:16,NIFTY,SELL,TYPE_F,BOOK_ENTRY_1,BOOK_EXIT_1,24418.4,24420.35,NIFTY21APR2624450PE,24450.0,PE,154.9,153.35,155.0,150.0,155.0,150.0,0.001615,0.002605,ws,ws,book_ladder,book_ladder,False,False,-0.1,3.35,65,-100.75,strategy_S9-10__TYPE_F:NIFTY:2026-04-20T10:55:51:SHORT
2026-04-20,10:56:45,2026-04-20,10:56:50,NIFTY,SELL,TYPE_F,BOOK_ENTRY_1,BOOK_EXIT_1,24417.0,24419.45,NIFTY21APR2624450PE,24450.0,PE,156.3,155.0,160.0,155.0,160.0,155.0,0.002562,0.001289,ws,ws,book_ladder,book_ladder,False,False,-3.7,0.0,65,-84.5,strategy_S9-10__TYPE_F:NIFTY:2026-04-20T10:56:45:SHORT
2026-04-20,10:57:01,2026-04-20,10:57:44,NIFTY,BUY,TYPE_F,BOOK_ENTRY_1,BOOK_EXIT_1,24421.4,24425.3,NIFTY21APR2624400CE,24400.0,CE,144.35,145.4,145.0,145.0,145.0,145.0,0.002428,0.001718,ws,ws,book_ladder,book_ladder,False,False,-0.65,0.4,65,68.25,strategy_S9-10__TYPE_F:NIFTY:2026-04-20T10:57:01:LONG
2026-04-20,10:58:16,2026-04-20,10:59:17,NIFTY,BUY,TYPE_F,BOOK_ENTRY_1,BOOK_EXIT_1,24428.9,24428.95,NIFTY21APR2624400CE,24400.0,CE,147.95,148.7,150.0,145.0,150.0,145.0,0.001014,0.002015,ws,ws,book_ladder,book_ladder,False,False,-2.05,3.7,65,48.75,strategy_S9-10__TYPE_F:NIFTY:2026-04-20T10:58:16:LONG
2026-04-20,10:59:56,2026-04-20,11:00:24,NIFTY,BUY,TYPE_F,BOOK_ENTRY_1,BOOK_EXIT_1,24431.05,24428.9,NIFTY21APR2624400CE,24400.0,CE,149.5,149.0,150.0,145.0,150.0,145.0,0.001004,0.002011,ws,ws,book_ladder,book_ladder,False,False,-0.5,4.0,65,-32.5,strategy_S9-10__TYPE_F:NIFTY:2026-04-20T10:59:56:LONG
2026-04-20,11:01:51,2026-04-20,11:02:01,NIFTY,SELL,TYPE_F,BOOK_ENTRY_1,BOOK_EXIT_1,24419.9,24420.95,NIFTY21APR2624450PE,24450.0,PE,153.3,152.7,155.0,150.0,155.0,150.0,0.002286,0.002616,ws,ws,book_ladder,book_ladder,False,False,-1.7,2.7,65,-39.0,strategy_S9-10__TYPE_F:NIFTY:2026-04-20T11:01:51:SHORT
2026-04-20,11:02:38,2026-04-20,11:03:21,NIFTY,SELL,TYPE_F,BOOK_ENTRY_1,BOOK_EXIT_1,24419.3,24419.0,NIFTY21APR2624450PE,24450.0,PE,153.0,153.7,155.0,150.0,155.0,150.0,0.000981,0.002275,ws,ws,book_ladder,book_ladder,False,False,-2.0,3.7,65,45.5,strategy_S9-10__TYPE_F:NIFTY:2026-04-20T11:02:38:SHORT
2026-04-20,11:03:33,2026-04-20,11:05:22,NIFTY,BUY,TYPE_F,BOOK_ENTRY_1,BOOK_EXIT_1,24419.8,24432.05,NIFTY21APR2624400CE,24400.0,CE,143.85,151.8,145.0,150.0,145.0,150.0,0.001391,0.001974,ws,ws,book_ladder,book_ladder,False,False,-1.15,1.8,65,516.75,strategy_S9-10__TYPE_F:NIFTY:2026-04-20T11:03:33:LONG
2026-04-20,11:05:58,2026-04-20,11:06:33,NIFTY,BUY,TYPE_F,BOOK_ENTRY_1,BOOK_EXIT_1,24434.4,24436.8,NIFTY21APR2624400CE,24400.0,CE,154.65,153.55,155.0,150.0,155.0,150.0,0.000647,0.002277,ws,ws,book_ladder,book_ladder,False,False,-0.35,3.55,65,-71.5,strategy_S9-10__TYPE_F:NIFTY:2026-04-20T11:05:58:LONG
2026-04-20,11:06:42,2026-04-20,11:07:12,NIFTY,SELL,TYPE_F,BOOK_ENTRY_1,BOOK_EXIT_1,24431.4,24428.75,NIFTY21APR2624450PE,24450.0,PE,149.35,147.2,150.0,145.0,150.0,145.0,0.001675,0.002375,ws,ws,book_ladder,book_ladder,False,False,-0.65,2.2,65,-139.75,strategy_S9-10__TYPE_F:NIFTY:2026-04-20T11:06:42:SHORT
2026-04-20,11:08:43,2026-04-20,11:10:32,NIFTY,SELL,TYPE_F,BOOK_ENTRY_1,BOOK_EXIT_1,24424.9,24402.2,NIFTY21APR2624450PE,24450.0,PE,151.3,160.95,155.0,160.0,155.0,160.0,0.001323,0.002172,ws,ws,book_ladder,book_ladder,False,False,-3.7,0.95,65,627.25,strategy_S9-10__TYPE_F:NIFTY:2026-04-20T11:08:43:SHORT
2026-04-20,11:10:54,2026-04-20,11:11:52,NIFTY,BUY,TYPE_F,BOOK_ENTRY_1,BOOK_EXIT_1,24409.1,24407.15,NIFTY21APR2624400CE,24400.0,CE,140.85,138.4,145.0,135.0,145.0,135.0,0.002132,0.001805,ws,ws,book_ladder,book_ladder,False,False,-4.15,3.4,65,-159.25,strategy_S9-10__TYPE_F:NIFTY:2026-04-20T11:10:54:LONG
2026-04-20,11:12:05,2026-04-20,11:12:41,NIFTY,BUY,TYPE_F,BOOK_ENTRY_1,BOOK_EXIT_1,24411.7,24415.85,NIFTY21APR2624400CE,24400.0,CE,141.15,142.05,145.0,140.0,145.0,140.0,0.001773,0.002461,ws,ws,book_ladder,book_ladder,False,False,-3.85,2.05,65,58.5,strategy_S9-10__TYPE_F:NIFTY:2026-04-20T11:12:05:LONG
2026-04-20,11:12:57,2026-04-20,11:13:00,NIFTY,BUY,TYPE_F,BOOK_ENTRY_1,BOOK_EXIT_1,24418.25,24416.05,NIFTY21APR2624400CE,24400.0,CE,141.85,141.75,145.0,140.0,145.0,140.0,0.000705,0.001762,ws,ws,book_ladder,book_ladder,False,False,-3.15,1.75,65,-6.5,strategy_S9-10__TYPE_F:NIFTY:2026-04-20T11:12:57:LONG
2026-04-20,11:13:30,2026-04-20,11:13:35,NIFTY,SELL,TYPE_F,BOOK_ENTRY_1,BOOK_EXIT_2,24413.7,24416.2,NIFTY21APR2624450PE,24450.0,PE,157.2,154.95,160.0,155.0,160.0,150.0,0.002229,0.002578,ws,ws,book_ladder,book_ladder,False,True,-2.8,-0.05,65,-146.25,strategy_S9-10__TYPE_F:NIFTY:2026-04-20T11:13:30:SHORT
2026-04-20,11:13:47,2026-04-20,11:14:21,NIFTY,BUY,TYPE_F,BOOK_ENTRY_1,BOOK_EXIT_1,24418.3,24418.35,NIFTY21APR2624400CE,24400.0,CE,142.05,140.85,145.0,140.0,145.0,140.0,0.002467,0.001773,ws,ws,book_ladder,book_ladder,False,False,-2.95,0.85,65,-78.0,strategy_S9-10__TYPE_F:NIFTY:2026-04-20T11:13:47:LONG
2026-04-20,11:14:51,2026-04-20,11:15:07,NIFTY,SELL,TYPE_F,BOOK_ENTRY_1,BOOK_EXIT_1,24410.6,24410.15,NIFTY21APR2624450PE,24450.0,PE,159.85,156.6,160.0,155.0,160.0,155.0,0.002192,0.002551,ws,ws,book_ladder,book_ladder,False,False,-0.15,1.6,65,-211.25,strategy_S9-10__TYPE_F:NIFTY:2026-04-20T11:14:51:SHORT
2026-04-20,11:15:27,2026-04-20,11:16:36,NIFTY,BUY,TYPE_F,BOOK_ENTRY_1,BOOK_EXIT_1,24413.1,24424.25,NIFTY21APR2624400CE,24400.0,CE,139.6,144.4,140.0,140.0,140.0,140.0,0.00251,0.002075,ws,ws,book_ladder,book_ladder,False,False,-0.4,4.4,65,312.0,strategy_S9-10__TYPE_F:NIFTY:2026-04-20T11:15:27:LONG
2026-04-20,11:16:57,2026-04-20,11:17:42,NIFTY,SELL,TYPE_F,BOOK_ENTRY_1,BOOK_EXIT_1,24420.35,24420.6,NIFTY21APR2624450PE,24450.0,PE,153.75,151.9,155.0,150.0,155.0,150.0,0.001953,0.000658,ws,ws,book_ladder,book_ladder,False,False,-1.25,1.9,65,-120.25,strategy_S9-10__TYPE_F:NIFTY:2026-04-20T11:16:57:SHORT
2026-04-20,11:17:54,2026-04-20,11:18:23,NIFTY,BUY,TYPE_F,BOOK_ENTRY_1,BOOK_EXIT_1,24422.8,24423.5,NIFTY21APR2624400CE,24400.0,CE,145.6,145.0,150.0,145.0,150.0,145.0,0.001719,0.002067,ws,ws,book_ladder,book_ladder,False,False,-4.4,0.0,65,-39.0,strategy_S9-10__TYPE_F:NIFTY:2026-04-20T11:17:54:LONG
2026-04-20,11:18:39,2026-04-20,11:19:07,NIFTY,BUY,TYPE_F,BOOK_ENTRY_1,BOOK_EXIT_1,24427.05,24429.15,NIFTY21APR2624400CE,24400.0,CE,148.7,148.5,150.0,145.0,150.0,145.0,0.002357,0.00269,ws,ws,book_ladder,book_ladder,False,False,-1.3,3.5,65,-13.0,strategy_S9-10__TYPE_F:NIFTY:2026-04-20T11:18:39:LONG
2026-04-20,11:19:30,2026-04-20,11:19:53,NIFTY,SELL,TYPE_F,BOOK_ENTRY_1,BOOK_EXIT_1,24425.05,24426.55,NIFTY21APR2624450PE,24450.0,PE,151.3,150.25,155.0,150.0,155.0,150.0,0.001654,0.001995,ws,ws,book_ladder,book_ladder,False,False,-3.7,0.25,65,-68.25,strategy_S9-10__TYPE_F:NIFTY:2026-04-20T11:19:30:SHORT
2026-04-20,11:20:12,2026-04-20,11:21:16,NIFTY,BUY,TYPE_F,BOOK_ENTRY_1,BOOK_EXIT_1,24428.5,24429.3,NIFTY21APR2624400CE,24400.0,CE,148.55,147.65,150.0,145.0,150.0,145.0,0.002022,0.002368,ws,ws,book_ladder,book_ladder,False,False,-1.45,2.65,65,-58.5,strategy_S9-10__TYPE_F:NIFTY:2026-04-20T11:20:12:LONG
2026-04-20,11:21:47,2026-04-20,11:22:24,NIFTY,BUY,TYPE_F,BOOK_ENTRY_1,BOOK_EXIT_1,24432.8,24433.9,NIFTY21APR2624400CE,24400.0,CE,150.35,151.2,155.0,150.0,155.0,150.0,0.000998,0.001982,ws,ws,book_ladder,book_ladder,False,False,-4.65,1.2,65,55.25,strategy_S9-10__TYPE_F:NIFTY:2026-04-20T11:21:47:LONG
2026-04-20,11:22:32,2026-04-20,11:22:51,NIFTY,SELL,TYPE_F,BOOK_ENTRY_1,BOOK_EXIT_1,24429.4,24431.85,NIFTY21APR2624450PE,24450.0,PE,149.85,147.2,150.0,145.0,150.0,145.0,0.002004,0.002036,ws,ws,book_ladder,book_ladder,False,False,-0.15,2.2,65,-172.25,strategy_S9-10__TYPE_F:NIFTY:2026-04-20T11:22:32:SHORT
2026-04-20,11:23:01,2026-04-20,11:26:25,NIFTY,BUY,TYPE_F,BOOK_ENTRY_1,BOOK_EXIT_1,24433.35,24461.15,NIFTY21APR2624400CE,24400.0,CE,152.8,168.0,155.0,165.0,155.0,165.0,0.00131,0.00119,ws,ws,book_ladder,book_ladder,False,False,-2.2,3.0,65,988.0,strategy_S9-10__TYPE_F:NIFTY:2026-04-20T11:23:01:LONG
2026-04-20,11:27:11,2026-04-20,11:27:53,NIFTY,SELL,TYPE_F,BOOK_ENTRY_1,BOOK_EXIT_1,24458.55,24451.55,NIFTY21APR2624500PE,24500.0,PE,161.0,162.95,165.0,160.0,165.0,160.0,0.001243,0.002146,ws,ws,book_ladder,book_ladder,False,False,-4.0,2.95,65,126.75,strategy_S9-10__TYPE_F:NIFTY:2026-04-20T11:27:11:SHORT
2026-04-20,11:28:08,2026-04-20,11:28:21,NIFTY,BUY,TYPE_F,BOOK_ENTRY_1,BOOK_EXIT_1,24457.4,24457.35,NIFTY21APR2624450CE,24450.0,CE,138.75,139.0,140.0,135.0,140.0,135.0,0.002526,0.001438,ws,ws,book_ladder,book_ladder,False,False,-1.25,4.0,65,16.25,strategy_S9-10__TYPE_F:NIFTY:2026-04-20T11:28:08:LONG
2026-04-20,11:28:41,2026-04-20,11:30:23,NIFTY,BUY,TYPE_F,BOOK_ENTRY_1,BOOK_EXIT_1,24459.45,24463.85,NIFTY21APR2624450CE,24450.0,CE,139.45,138.75,140.0,135.0,140.0,135.0,0.001076,0.002519,ws,ws,book_ladder,book_ladder,False,False,-0.55,3.75,65,-45.5,strategy_S9-10__TYPE_F:NIFTY:2026-04-20T11:28:41:LONG
2026-04-20,11:30:30,2026-04-20,11:31:03,NIFTY,SELL,TYPE_F,BOOK_ENTRY_1,BOOK_EXIT_1,24462.55,24463.55,NIFTY21APR2624500PE,24500.0,PE,157.2,157.3,160.0,155.0,160.0,155.0,0.001273,0.002223,ws,ws,book_ladder,book_ladder,False,False,-2.8,2.3,65,6.5,strategy_S9-10__TYPE_F:NIFTY:2026-04-20T11:30:30:SHORT
2026-04-20,11:31:19,2026-04-20,11:32:21,NIFTY,SELL,TYPE_F,BOOK_ENTRY_1,BOOK_EXIT_1,24457.9,24452.9,NIFTY21APR2624500PE,24500.0,PE,159.65,158.25,160.0,155.0,160.0,155.0,0.002509,0.001579,ws,ws,book_ladder,book_ladder,False,False,-0.35,3.25,65,-91.0,strategy_S9-10__TYPE_F:NIFTY:2026-04-20T11:31:19:SHORT
2026-04-20,11:32:37,2026-04-20,11:33:04,NIFTY,BUY,TYPE_F,BOOK_ENTRY_1,BOOK_EXIT_1,24455.9,24453.9,NIFTY21APR2624450CE,24450.0,CE,137.9,136.6,140.0,135.0,140.0,135.0,0.002541,0.002194,ws,ws,book_ladder,book_ladder,False,False,-2.1,1.6,65,-84.5,strategy_S9-10__TYPE_F:NIFTY:2026-04-20T11:32:37:LONG
2026-04-20,11:33:30,2026-04-20,11:33:39,NIFTY,SELL,TYPE_F,BOOK_ENTRY_1,BOOK_EXIT_1,24451.2,24453.95,NIFTY21APR2624500PE,24500.0,PE,156.9,156.05,160.0,155.0,160.0,155.0,0.000956,0.00224,ws,ws,book_ladder,book_ladder,False,False,-3.1,1.05,65,-55.25,strategy_S9-10__TYPE_F:NIFTY:2026-04-20T11:33:30:SHORT
2026-04-20,11:33:52,2026-04-20,11:34:08,NIFTY,SELL,TYPE_F,BOOK_ENTRY_1,BOOK_EXIT_1,24451.05,24453.1,NIFTY21APR2624500PE,24500.0,PE,157.0,156.0,160.0,155.0,160.0,155.0,0.002551,0.000641,ws,ws,book_ladder,book_ladder,False,False,-3.0,1.0,65,-65.0,strategy_S9-10__TYPE_F:NIFTY:2026-04-20T11:33:52:SHORT
2026-04-20,11:34:42,2026-04-20,11:34:52,NIFTY,BUY,TYPE_F,BOOK_ENTRY_1,BOOK_EXIT_1,24453.0,24450.25,NIFTY21APR2624450CE,24450.0,CE,134.4,132.8,135.0,130.0,135.0,130.0,0.002235,0.001881,ws,ws,book_ladder,book_ladder,False,False,-0.6,2.8,65,-104.0,strategy_S9-10__TYPE_F:NIFTY:2026-04-20T11:34:42:LONG
2026-04-20,11:35:11,2026-04-20,11:35:55,NIFTY,SELL,TYPE_F,BOOK_ENTRY_1,BOOK_EXIT_1,24450.6,24449.2,NIFTY21APR2624500PE,24500.0,PE,158.5,157.15,160.0,155.0,160.0,155.0,0.001895,0.002542,ws,ws,book_ladder,book_ladder,False,False,-1.5,2.15,65,-87.75,strategy_S9-10__TYPE_F:NIFTY:2026-04-20T11:35:11:SHORT
2026-04-20,11:36:00,2026-04-20,11:36:20,NIFTY,BUY,TYPE_F,BOOK_ENTRY_1,BOOK_EXIT_1,24453.05,24454.0,NIFTY21APR2624450CE,24450.0,CE,132.45,136.15,135.0,135.0,135.0,135.0,0.002268,0.002201,ws,ws,book_ladder,book_ladder,False,False,-2.55,1.15,65,240.5,strategy_S9-10__TYPE_F:NIFTY:2026-04-20T11:36:00:LONG
2026-04-20,11:36:40,2026-04-20,11:38:37,NIFTY,SELL,TYPE_F,BOOK_ENTRY_1,BOOK_EXIT_1,24450.7,24444.35,NIFTY21APR2624500PE,24500.0,PE,159.3,160.8,160.0,160.0,160.0,160.0,0.001885,0.001243,ws,ws,book_ladder,book_ladder,False,False,-0.7,0.8,65,97.5,strategy_S9-10__TYPE_F:NIFTY:2026-04-20T11:36:40:SHORT
2026-04-20,11:38:42,2026-04-20,11:40:32,NIFTY,BUY,TYPE_F,BOOK_ENTRY_1,BOOK_EXIT_1,24446.55,24458.1,NIFTY21APR2624400CE,24400.0,CE,161.25,165.35,165.0,165.0,165.0,165.0,0.00062,0.002416,ws,ws,book_ladder,book_ladder,False,False,-3.75,0.35,65,266.5,strategy_S9-10__TYPE_F:NIFTY:2026-04-20T11:38:42:LONG
2026-04-20,11:41:01,2026-04-20,11:41:12,NIFTY,BUY,TYPE_F,BOOK_ENTRY_1,BOOK_EXIT_1,24461.5,24457.05,NIFTY21APR2624450CE,24450.0,CE,138.2,134.75,140.0,130.0,140.0,130.0,0.001448,0.002224,ws,ws,book_ladder,book_ladder,False,False,-1.8,4.75,65,-224.25,strategy_S9-10__TYPE_F:NIFTY:2026-04-20T11:41:01:LONG
2026-04-20,11:42:07,2026-04-20,11:43:28,NIFTY,BUY,TYPE_F,BOOK_ENTRY_1,BOOK_EXIT_1,24457.2,24466.95,NIFTY21APR2624450CE,24450.0,CE,136.9,138.7,140.0,135.0,140.0,135.0,0.001462,0.002161,ws,ws,book_ladder,book_ladder,False,False,-3.1,3.7,65,117.0,strategy_S9-10__TYPE_F:NIFTY:2026-04-20T11:42:07:LONG
2026-04-20,11:43:55,2026-04-20,11:44:03,NIFTY,BUY,TYPE_F,BOOK_ENTRY_1,BOOK_EXIT_1,24469.35,24467.7,NIFTY21APR2624450CE,24450.0,CE,140.0,138.8,140.0,135.0,140.0,135.0,0.001787,0.002159,ws,ws,book_ladder,book_ladder,False,False,0.0,3.8,65,-78.0,strategy_S9-10__TYPE_F:NIFTY:2026-04-20T11:43:55:LONG
2026-04-20,11:44:10,2026-04-20,11:44:15,NIFTY,BUY,TYPE_F,BOOK_ENTRY_1,BOOK_EXIT_1,24470.35,24467.65,NIFTY21APR2624450CE,24450.0,CE,140.65,138.55,145.0,135.0,145.0,135.0,0.002492,0.002163,ws,ws,book_ladder,book_ladder,False,False,-4.35,3.55,65,-136.5,strategy_S9-10__TYPE_F:NIFTY:2026-04-20T11:44:10:LONG
2026-04-20,11:44:20,2026-04-20,11:45:01,NIFTY,SELL,TYPE_F,BOOK_ENTRY_1,BOOK_EXIT_1,24464.5,24464.15,NIFTY21APR2624500PE,24500.0,PE,156.8,157.25,160.0,155.0,160.0,155.0,0.002235,0.001589,ws,ws,book_ladder,book_ladder,False,False,-3.2,2.25,65,29.25,strategy_S9-10__TYPE_F:NIFTY:2026-04-20T11:44:20:SHORT
2026-04-20,11:45:25,2026-04-20,11:47:28,NIFTY,BUY,TYPE_F,BOOK_ENTRY_1,BOOK_EXIT_1,24466.65,24470.05,NIFTY21APR2624450CE,24450.0,CE,137.75,138.4,140.0,135.0,140.0,135.0,0.001453,0.002165,ws,ws,book_ladder,book_ladder,False,False,-2.25,3.4,65,42.25,strategy_S9-10__TYPE_F:NIFTY:2026-04-20T11:45:25:LONG
2026-04-20,11:47:53,2026-04-20,11:47:57,NIFTY,SELL,TYPE_F,BOOK_ENTRY_1,BOOK_EXIT_1,24468.95,24470.9,NIFTY21APR2624500PE,24500.0,PE,153.1,152.6,155.0,150.0,155.0,150.0,0.002289,0.001637,ws,ws,book_ladder,book_ladder,False,False,-1.9,2.6,65,-32.5,strategy_S9-10__TYPE_F:NIFTY:2026-04-20T11:47:53:SHORT
2026-04-20,11:48:14,2026-04-20,11:48:23,NIFTY,BUY,TYPE_F,BOOK_ENTRY_1,BOOK_EXIT_1,24471.9,24470.2,NIFTY21APR2624450CE,24450.0,CE,139.75,137.4,140.0,135.0,140.0,135.0,0.002508,0.002181,ws,ws,book_ladder,book_ladder,False,False,-0.25,2.4,65,-152.75,strategy_S9-10__TYPE_F:NIFTY:2026-04-20T11:48:14:LONG
2026-04-20,11:48:32,2026-04-20,11:49:10,NIFTY,SELL,TYPE_F,BOOK_ENTRY_1,BOOK_EXIT_1,24468.1,24465.95,NIFTY21APR2624500PE,24500.0,PE,153.9,157.1,155.0,155.0,155.0,155.0,0.002602,0.002543,ws,ws,book_ladder,book_ladder,False,False,-1.1,2.1,65,208.0,strategy_S9-10__TYPE_F:NIFTY:2026-04-20T11:48:32:SHORT
2026-04-20,11:49:31,2026-04-20,11:50:02,NIFTY,BUY,TYPE_F,BOOK_ENTRY_1,BOOK_EXIT_1,24466.3,24466.1,NIFTY21APR2624450CE,24450.0,CE,136.4,136.0,140.0,135.0,140.0,135.0,0.001835,0.002203,ws,ws,book_ladder,book_ladder,False,False,-3.6,1.0,65,-26.0,strategy_S9-10__TYPE_F:NIFTY:2026-04-20T11:49:31:LONG
2026-04-20,11:50:30,2026-04-20,11:51:10,NIFTY,SELL,TYPE_F,BOOK_ENTRY_1,BOOK_EXIT_1,24463.65,24465.75,NIFTY21APR2624500PE,24500.0,PE,156.15,155.4,160.0,155.0,160.0,155.0,0.002244,0.000965,ws,ws,book_ladder,book_ladder,False,False,-3.85,0.4,65,-48.75,strategy_S9-10__TYPE_F:NIFTY:2026-04-20T11:50:30:SHORT
2026-04-20,11:51:20,2026-04-20,11:52:12,NIFTY,SELL,TYPE_F,BOOK_ENTRY_1,BOOK_EXIT_1,24463.65,24458.3,NIFTY21APR2624500PE,24500.0,PE,157.2,158.55,160.0,155.0,160.0,155.0,0.000955,0.001576,ws,ws,book_ladder,book_ladder,False,False,-2.8,3.55,65,87.75,strategy_S9-10__TYPE_F:NIFTY:2026-04-20T11:51:20:SHORT
2026-04-20,11:52:35,2026-04-20,11:53:20,NIFTY,BUY,TYPE_F,BOOK_ENTRY_1,BOOK_EXIT_1,24460.85,24462.35,NIFTY21APR2624450CE,24450.0,CE,133.3,131.55,135.0,130.0,135.0,130.0,0.002629,0.001899,ws,ws,book_ladder,book_ladder,False,False,-1.7,1.55,65,-113.75,strategy_S9-10__TYPE_F:NIFTY:2026-04-20T11:52:35:LONG
2026-04-20,11:53:40,2026-04-20,11:53:46,NIFTY,SELL,TYPE_F,BOOK_ENTRY_1,BOOK_EXIT_1,24460.15,24462.55,NIFTY21APR2624500PE,24500.0,PE,157.9,157.35,160.0,155.0,160.0,155.0,0.002219,0.001588,ws,ws,book_ladder,book_ladder,False,False,-2.1,2.35,65,-35.75,strategy_S9-10__TYPE_F:NIFTY:2026-04-20T11:53:40:SHORT
2026-04-20,11:54:01,2026-04-20,11:55:22,NIFTY,BUY,TYPE_F,BOOK_ENTRY_1,BOOK_EXIT_1,24463.4,24465.2,NIFTY21APR2624450CE,24450.0,CE,134.4,136.55,135.0,135.0,135.0,135.0,0.001489,0.00256,ws,ws,book_ladder,book_ladder,False,False,-0.6,1.55,65,139.75,strategy_S9-10__TYPE_F:NIFTY:2026-04-20T11:54:01:LONG
2026-04-20,11:55:43,2026-04-20,11:56:22,NIFTY,SELL,TYPE_F,BOOK_ENTRY_1,BOOK_EXIT_1,24465.0,24461.75,NIFTY21APR2624500PE,24500.0,PE,156.35,157.65,160.0,155.0,160.0,155.0,0.0016,0.001585,ws,ws,book_ladder,book_ladder,False,False,-3.65,2.65,65,84.5,strategy_S9-10__TYPE_F:NIFTY:2026-04-20T11:55:43:SHORT
2026-04-20,11:58:09,2026-04-20,11:58:16,NIFTY,SELL,TYPE_F,BOOK_ENTRY_1,BOOK_EXIT_1,24461.4,24464.2,NIFTY21APR2624500PE,24500.0,PE,155.8,154.55,160.0,150.0,160.0,150.0,0.000963,0.001293,ws,ws,book_ladder,book_ladder,False,False,-4.2,4.55,65,-81.25,strategy_S9-10__TYPE_F:NIFTY:2026-04-20T11:58:09:SHORT
2026-04-20,11:58:35,2026-04-20,11:59:17,NIFTY,BUY,TYPE_F,BOOK_ENTRY_1,BOOK_EXIT_1,24465.3,24465.45,NIFTY21APR2624450CE,24450.0,CE,137.45,136.2,140.0,135.0,140.0,135.0,0.00182,0.001467,ws,ws,book_ladder,book_ladder,False,False,-2.55,1.2,65,-81.25,strategy_S9-10__TYPE_F:NIFTY:2026-04-20T11:58:35:LONG
2026-04-20,11:59:26,2026-04-20,11:59:57,NIFTY,SELL,TYPE_F,BOOK_ENTRY_1,BOOK_EXIT_1,24462.3,24464.0,NIFTY21APR2624500PE,24500.0,PE,158.15,155.75,160.0,155.0,160.0,155.0,0.001899,0.001924,ws,ws,book_ladder,book_ladder,False,False,-1.85,0.75,65,-156.0,strategy_S9-10__TYPE_F:NIFTY:2026-04-20T11:59:26:SHORT
2026-04-20,12:00:01,2026-04-20,12:01:00,NIFTY,BUY,TYPE_F,BOOK_ENTRY_1,BOOK_EXIT_1,24465.5,24466.7,NIFTY21APR2624450CE,24450.0,CE,136.65,138.85,140.0,135.0,140.0,135.0,0.001465,0.001799,ws,ws,book_ladder,book_ladder,False,False,-3.35,3.85,65,143.0,strategy_S9-10__TYPE_F:NIFTY:2026-04-20T12:00:01:LONG
2026-04-20,12:03:07,2026-04-20,12:03:21,NIFTY,BUY,TYPE_F,BOOK_ENTRY_1,BOOK_EXIT_1,24465.85,24464.55,NIFTY21APR2624450CE,24450.0,CE,135.7,135.05,140.0,135.0,140.0,135.0,0.001106,0.00148,ws,ws,book_ladder,book_ladder,False,False,-4.3,0.05,65,-42.25,strategy_S9-10__TYPE_F:NIFTY:2026-04-20T12:03:07:LONG
2026-04-20,12:03:55,2026-04-20,12:04:29,NIFTY,SELL,TYPE_F,BOOK_ENTRY_1,BOOK_EXIT_1,24463.0,24461.75,NIFTY21APR2624500PE,24500.0,PE,156.7,155.65,160.0,155.0,160.0,155.0,0.001277,0.002246,ws,ws,book_ladder,book_ladder,False,False,-3.3,0.65,65,-68.25,strategy_S9-10__TYPE_F:NIFTY:2026-04-20T12:03:55:SHORT
2026-04-20,12:04:57,2026-04-20,12:05:01,NIFTY,SELL,TYPE_F,BOOK_ENTRY_1,BOOK_EXIT_1,24459.15,24460.95,NIFTY21APR2624500PE,24500.0,PE,158.15,157.05,160.0,155.0,160.0,155.0,0.002216,0.002226,ws,ws,book_ladder,book_ladder,False,False,-1.85,2.05,65,-71.5,strategy_S9-10__TYPE_F:NIFTY:2026-04-20T12:04:57:SHORT
2026-04-20,12:05:18,2026-04-20,12:05:31,NIFTY,SELL,TYPE_F,BOOK_ENTRY_1,BOOK_EXIT_1,24458.25,24460.85,NIFTY21APR2624500PE,24500.0,PE,157.6,156.95,160.0,155.0,160.0,155.0,0.001588,0.001592,ws,ws,book_ladder,book_ladder,False,False,-2.4,1.95,65,-42.25,strategy_S9-10__TYPE_F:NIFTY:2026-04-20T12:05:18:SHORT
2026-04-20,12:05:43,2026-04-20,12:06:58,NIFTY,SELL,TYPE_F,BOOK_ENTRY_1,BOOK_EXIT_1,24456.9,24451.3,NIFTY21APR2624500PE,24500.0,PE,159.0,159.4,160.0,155.0,160.0,155.0,0.001889,0.002506,ws,ws,book_ladder,book_ladder,False,False,-1.0,4.4,65,26.0,strategy_S9-10__TYPE_F:NIFTY:2026-04-20T12:05:43:SHORT
2026-04-20,12:07:02,2026-04-20,12:08:00,NIFTY,BUY,TYPE_F,BOOK_ENTRY_1,BOOK_EXIT_1,24452.7,24454.1,NIFTY21APR2624450CE,24450.0,CE,130.45,128.7,135.0,125.0,135.0,125.0,0.001534,0.001941,ws,ws,book_ladder,book_ladder,False,False,-4.55,3.7,65,-113.75,strategy_S9-10__TYPE_F:NIFTY:2026-04-20T12:07:02:LONG
2026-04-20,12:09:40,2026-04-20,12:09:45,NIFTY,SELL,TYPE_F,BOOK_ENTRY_1,BOOK_EXIT_1,24453.5,24455.3,NIFTY21APR2624500PE,24500.0,PE,162.55,161.2,165.0,160.0,165.0,160.0,0.001847,0.00155,ws,ws,book_ladder,book_ladder,False,False,-2.45,1.2,65,-87.75,strategy_S9-10__TYPE_F:NIFTY:2026-04-20T12:09:40:SHORT
2026-04-20,12:09:53,2026-04-20,12:11:02,NIFTY,SELL,TYPE_F,BOOK_ENTRY_1,BOOK_EXIT_1,24449.4,24441.4,NIFTY21APR2624450PE,24450.0,PE,134.8,139.5,135.0,135.0,135.0,135.0,0.001856,0.001791,ws,ws,book_ladder,book_ladder,False,False,-0.2,4.5,65,305.5,strategy_S9-10__TYPE_F:NIFTY:2026-04-20T12:09:53:SHORT
2026-04-20,12:11:27,2026-04-20,12:12:03,NIFTY,BUY,TYPE_F,BOOK_ENTRY_1,BOOK_EXIT_1,24443.0,24443.05,NIFTY21APR2624400CE,24400.0,CE,154.45,154.35,155.0,150.0,155.0,150.0,0.001296,0.001618,ws,ws,book_ladder,book_ladder,False,False,-0.55,4.35,65,-6.5,strategy_S9-10__TYPE_F:NIFTY:2026-04-20T12:11:27:LONG
2026-04-20,12:12:10,2026-04-20,12:12:35,NIFTY,BUY,TYPE_F,BOOK_ENTRY_1,BOOK_EXIT_1,24445.0,24443.95,NIFTY21APR2624400CE,24400.0,CE,154.6,154.7,155.0,150.0,155.0,150.0,0.000647,0.002582,ws,ws,book_ladder,book_ladder,False,False,-0.4,4.7,65,6.5,strategy_S9-10__TYPE_F:NIFTY:2026-04-20T12:12:10:LONG
2026-04-20,12:12:47,2026-04-20,12:14:23,NIFTY,SELL,TYPE_F,BOOK_ENTRY_1,BOOK_EXIT_1,24441.9,24424.9,NIFTY21APR2624450PE,24450.0,PE,138.25,146.3,140.0,145.0,140.0,145.0,0.00181,0.002048,ws,ws,book_ladder,book_ladder,False,False,-1.75,1.3,65,523.25,strategy_S9-10__TYPE_F:NIFTY:2026-04-20T12:12:47:SHORT
2026-04-20,12:14:49,2026-04-20,12:15:26,NIFTY,BUY,TYPE_F,BOOK_ENTRY_1,BOOK_EXIT_1,24429.9,24432.9,NIFTY21APR2624400CE,24400.0,CE,148.9,147.7,150.0,145.0,150.0,145.0,0.000336,0.001015,ws,ws,book_ladder,book_ladder,False,False,-1.1,2.7,65,-78.0,strategy_S9-10__TYPE_F:NIFTY:2026-04-20T12:14:49:LONG
2026-04-20,12:15:37,2026-04-20,12:16:32,NIFTY,BUY,TYPE_F,BOOK_ENTRY_1,BOOK_EXIT_1,24435.3,24434.7,NIFTY21APR2624400CE,24400.0,CE,149.25,148.3,150.0,145.0,150.0,145.0,0.001676,0.001348,ws,ws,book_ladder,book_ladder,False,False,-0.75,3.3,65,-61.75,strategy_S9-10__TYPE_F:NIFTY:2026-04-20T12:15:37:LONG
2026-04-20,12:16:40,2026-04-20,12:17:02,NIFTY,SELL,TYPE_F,BOOK_ENTRY_1,BOOK_EXIT_1,24433.0,24431.5,NIFTY21APR2624450PE,24450.0,PE,146.25,144.4,150.0,140.0,150.0,140.0,0.001711,0.00173,ws,ws,book_ladder,book_ladder,False,False,-3.75,4.4,65,-120.25,strategy_S9-10__TYPE_F:NIFTY:2026-04-20T12:16:40:SHORT
2026-04-20,12:17:38,2026-04-20,12:17:50,NIFTY,SELL,TYPE_F,BOOK_ENTRY_1,BOOK_EXIT_1,24427.75,24430.3,NIFTY21APR2624450PE,24450.0,PE,148.45,145.2,150.0,145.0,150.0,145.0,0.00236,0.002408,ws,ws,book_ladder,book_ladder,False,False,-1.55,0.2,65,-211.25,strategy_S9-10__TYPE_F:NIFTY:2026-04-20T12:17:38:SHORT
2026-04-20,12:18:16,2026-04-20,12:18:42,NIFTY,SELL,TYPE_F,BOOK_ENTRY_1,BOOK_EXIT_1,24427.9,24430.55,NIFTY21APR2624450PE,24450.0,PE,147.7,145.95,150.0,145.0,150.0,145.0,0.001016,0.001027,ws,ws,book_ladder,book_ladder,False,False,-2.3,0.95,65,-113.75,strategy_S9-10__TYPE_F:NIFTY:2026-04-20T12:18:16:SHORT
2026-04-20,12:19:21,2026-04-20,12:19:56,NIFTY,SELL,TYPE_F,BOOK_ENTRY_1,BOOK_EXIT_1,24428.2,24430.7,NIFTY21APR2624450PE,24450.0,PE,146.9,146.0,150.0,145.0,150.0,145.0,0.001362,0.001369,ws,ws,book_ladder,book_ladder,False,False,-3.1,1.0,65,-58.5,strategy_S9-10__TYPE_F:NIFTY:2026-04-20T12:19:21:SHORT
2026-04-20,12:20:21,2026-04-20,12:21:54,NIFTY,BUY,TYPE_F,BOOK_ENTRY_1,BOOK_EXIT_1,24433.45,24438.3,NIFTY21APR2624400CE,24400.0,CE,147.0,149.5,150.0,145.0,150.0,145.0,0.002043,0.002005,ws,ws,book_ladder,book_ladder,False,False,-3.0,4.5,65,162.5,strategy_S9-10__TYPE_F:NIFTY:2026-04-20T12:20:21:LONG
2026-04-20,12:22:33,2026-04-20,12:22:53,NIFTY,BUY,TYPE_F,BOOK_ENTRY_1,BOOK_EXIT_1,24441.5,24442.05,NIFTY21APR2624400CE,24400.0,CE,152.85,153.4,155.0,150.0,155.0,150.0,0.002948,0.002279,ws,ws,book_ladder,book_ladder,False,False,-2.15,3.4,65,35.75,strategy_S9-10__TYPE_F:NIFTY:2026-04-20T12:22:33:LONG
2026-04-20,12:23:00,2026-04-20,12:23:15,NIFTY,BUY,TYPE_F,BOOK_ENTRY_1,BOOK_EXIT_1,24443.65,24442.2,NIFTY21APR2624400CE,24400.0,CE,154.15,152.55,155.0,150.0,155.0,150.0,0.002598,0.001637,ws,ws,book_ladder,book_ladder,False,False,-0.85,2.55,65,-104.0,strategy_S9-10__TYPE_F:NIFTY:2026-04-20T12:23:00:LONG
2026-04-20,12:23:23,2026-04-20,12:23:42,NIFTY,SELL,TYPE_F,BOOK_ENTRY_1,BOOK_EXIT_1,24439.75,24443.15,NIFTY21APR2624450PE,24450.0,PE,141.75,139.1,145.0,135.0,145.0,135.0,0.000353,0.001796,ws,ws,book_ladder,book_ladder,False,False,-3.25,4.1,65,-172.25,strategy_S9-10__TYPE_F:NIFTY:2026-04-20T12:23:23:SHORT
2026-04-20,12:24:12,2026-04-20,12:24:16,NIFTY,BUY,TYPE_F,BOOK_ENTRY_1,BOOK_EXIT_1,24443.5,24441.8,NIFTY21APR2624400CE,24400.0,CE,154.4,153.3,155.0,150.0,155.0,150.0,0.001945,0.002281,ws,ws,book_ladder,book_ladder,False,False,-0.6,3.3,65,-71.5,strategy_S9-10__TYPE_F:NIFTY:2026-04-20T12:24:12:LONG
2026-04-20,12:24:34,2026-04-20,12:25:41,NIFTY,BUY,TYPE_F,BOOK_ENTRY_1,BOOK_EXIT_1,24442.5,24444.1,NIFTY21APR2624400CE,24400.0,CE,152.6,154.65,155.0,150.0,155.0,150.0,0.001968,0.001938,ws,ws,book_ladder,book_ladder,False,False,-2.4,4.65,65,133.25,strategy_S9-10__TYPE_F:NIFTY:2026-04-20T12:24:34:LONG
2026-04-20,12:25:58,2026-04-20,12:26:15,NIFTY,BUY,TYPE_F,BOOK_ENTRY_1,BOOK_EXIT_1,24448.45,24447.65,NIFTY21APR2624400CE,24400.0,CE,156.9,155.25,160.0,155.0,160.0,155.0,0.002553,0.002252,ws,ws,book_ladder,book_ladder,False,False,-3.1,0.25,65,-107.25,strategy_S9-10__TYPE_F:NIFTY:2026-04-20T12:25:58:LONG
2026-04-20,12:26:22,2026-04-20,12:26:27,NIFTY,SELL,TYPE_F,BOOK_ENTRY_1,BOOK_EXIT_1,24444.65,24451.75,NIFTY21APR2624450PE,24450.0,PE,140.35,133.25,145.0,130.0,145.0,130.0,0.001783,0.001874,ws,ws,book_ladder,book_ladder,False,False,-4.65,3.25,65,-461.5,strategy_S9-10__TYPE_F:NIFTY:2026-04-20T12:26:22:SHORT
2026-04-20,12:26:31,2026-04-20,12:27:32,NIFTY,BUY,TYPE_F,BOOK_ENTRY_1,BOOK_EXIT_1,24454.35,24460.25,NIFTY21APR2624450CE,24450.0,CE,132.95,136.0,135.0,135.0,135.0,135.0,0.002259,0.00257,ws,ws,book_ladder,book_ladder,False,False,-2.05,1.0,65,198.25,strategy_S9-10__TYPE_F:NIFTY:2026-04-20T12:26:31:LONG
2026-04-20,12:27:57,2026-04-20,12:28:03,NIFTY,BUY,TYPE_F,BOOK_ENTRY_1,BOOK_EXIT_1,24462.05,24460.45,NIFTY21APR2624450CE,24450.0,CE,138.8,137.1,140.0,135.0,140.0,135.0,0.001081,0.00255,ws,ws,book_ladder,book_ladder,False,False,-1.2,2.1,65,-110.5,strategy_S9-10__TYPE_F:NIFTY:2026-04-20T12:27:57:LONG
2026-04-20,12:28:23,2026-04-20,12:28:29,NIFTY,SELL,TYPE_F,BOOK_ENTRY_1,BOOK_EXIT_1,24459.9,24462.35,NIFTY21APR2624500PE,24500.0,PE,154.0,152.2,155.0,150.0,155.0,150.0,0.002601,0.001313,ws,ws,book_ladder,book_ladder,False,False,-1.0,2.2,65,-117.0,strategy_S9-10__TYPE_F:NIFTY:2026-04-20T12:28:23:SHORT
2026-04-20,12:28:49,2026-04-20,12:29:20,NIFTY,SELL,TYPE_F,BOOK_ENTRY_1,BOOK_EXIT_1,24458.8,24459.5,NIFTY21APR2624500PE,24500.0,PE,156.45,154.5,160.0,150.0,160.0,150.0,0.001919,0.00097,ws,ws,book_ladder,book_ladder,False,False,-3.55,4.5,65,-126.75,strategy_S9-10__TYPE_F:NIFTY:2026-04-20T12:28:49:SHORT
2026-04-20,12:29:30,2026-04-20,12:29:54,NIFTY,BUY,TYPE_F,BOOK_ENTRY_1,BOOK_EXIT_1,24460.3,24461.2,NIFTY21APR2624450CE,24450.0,CE,137.0,138.6,140.0,135.0,140.0,135.0,0.001095,0.001802,ws,ws,book_ladder,book_ladder,False,False,-3.0,3.6,65,104.0,strategy_S9-10__TYPE_F:NIFTY:2026-04-20T12:29:30:LONG
2026-04-20,12:30:01,2026-04-20,12:30:26,NIFTY,BUY,TYPE_F,BOOK_ENTRY_1,BOOK_EXIT_1,24465.4,24464.05,NIFTY21APR2624450CE,24450.0,CE,141.05,136.45,145.0,135.0,145.0,135.0,0.001064,0.002196,ws,ws,book_ladder,book_ladder,False,False,-3.95,1.45,65,-299.0,strategy_S9-10__TYPE_F:NIFTY:2026-04-20T12:30:01:LONG
2026-04-20,12:30:33,2026-04-20,12:30:55,NIFTY,SELL,TYPE_F,BOOK_ENTRY_1,BOOK_EXIT_1,24463.15,24463.45,NIFTY21APR2624500PE,24500.0,PE,153.5,151.65,155.0,150.0,155.0,150.0,0.00163,0.001976,ws,ws,book_ladder,book_ladder,False,False,-1.5,1.65,65,-120.25,strategy_S9-10__TYPE_F:NIFTY:2026-04-20T12:30:33:SHORT
2026-04-20,12:31:00,2026-04-20,12:31:42,NIFTY,SELL,TYPE_F,BOOK_ENTRY_1,BOOK_EXIT_1,24460.9,24458.35,NIFTY21APR2624500PE,24500.0,PE,152.05,155.35,155.0,155.0,155.0,155.0,0.001975,0.001929,ws,ws,book_ladder,book_ladder,False,False,-2.95,0.35,65,214.5,strategy_S9-10__TYPE_F:NIFTY:2026-04-20T12:31:00:SHORT
2026-04-20,12:32:50,2026-04-20,12:32:59,NIFTY,SELL,TYPE_F,BOOK_ENTRY_1,BOOK_EXIT_1,24457.55,24459.75,NIFTY21APR2624500PE,24500.0,PE,153.75,149.8,155.0,145.0,155.0,145.0,0.001627,0.001668,ws,ws,book_ladder,book_ladder,False,False,-1.25,4.8,65,-256.75,strategy_S9-10__TYPE_F:NIFTY:2026-04-20T12:32:50:SHORT
2026-04-20,12:33:10,2026-04-20,12:34:41,NIFTY,BUY,TYPE_F,BOOK_ENTRY_1,BOOK_EXIT_1,24461.2,24466.35,NIFTY21APR2624450CE,24450.0,CE,138.8,140.2,140.0,140.0,140.0,140.0,0.002164,0.002138,ws,ws,book_ladder,book_ladder,False,False,-1.2,0.2,65,91.0,strategy_S9-10__TYPE_F:NIFTY:2026-04-20T12:33:10:LONG
2026-04-20,12:34:52,2026-04-20,12:35:06,NIFTY,SELL,TYPE_F,BOOK_ENTRY_1,BOOK_EXIT_1,24464.75,24467.4,NIFTY21APR2624500PE,24500.0,PE,148.9,148.05,150.0,145.0,150.0,145.0,0.002353,0.00135,ws,ws,book_ladder,book_ladder,False,False,-1.1,3.05,65,-55.25,strategy_S9-10__TYPE_F:NIFTY:2026-04-20T12:34:52:SHORT
2026-04-20,12:35:12,2026-04-20,12:35:16,NIFTY,BUY,TYPE_F,BOOK_ENTRY_1,BOOK_EXIT_1,24468.15,24465.95,NIFTY21APR2624450CE,24450.0,CE,139.65,139.85,140.0,135.0,140.0,135.0,0.001792,0.001786,ws,ws,book_ladder,book_ladder,False,False,-0.35,4.85,65,13.0,strategy_S9-10__TYPE_F:NIFTY:2026-04-20T12:35:12:LONG
2026-04-20,12:35:22,2026-04-20,12:35:37,NIFTY,BUY,TYPE_F,BOOK_ENTRY_1,BOOK_EXIT_1,24468.45,24466.45,NIFTY21APR2624450CE,24450.0,CE,139.1,139.35,140.0,135.0,140.0,135.0,0.002159,0.002151,ws,ws,book_ladder,book_ladder,False,False,-0.9,4.35,65,16.25,strategy_S9-10__TYPE_F:NIFTY:2026-04-20T12:35:22:LONG
2026-04-20,12:35:46,2026-04-20,12:36:46,NIFTY,SELL,TYPE_F,BOOK_ENTRY_1,BOOK_EXIT_1,24465.85,24458.15,NIFTY21APR2624500PE,24500.0,PE,147.95,152.0,150.0,150.0,150.0,150.0,0.003046,0.001315,ws,ws,book_ladder,book_ladder,False,False,-2.05,2.0,65,263.25,strategy_S9-10__TYPE_F:NIFTY:2026-04-20T12:35:46:SHORT
2026-04-20,12:37:59,2026-04-20,12:38:31,NIFTY,SELL,TYPE_F,BOOK_ENTRY_1,BOOK_EXIT_1,24456.25,24459.3,NIFTY21APR2624500PE,24500.0,PE,152.55,149.9,155.0,145.0,155.0,145.0,0.00164,0.001999,ws,ws,book_ladder,book_ladder,False,False,-2.45,4.9,65,-172.25,strategy_S9-10__TYPE_F:NIFTY:2026-04-20T12:37:59:SHORT
2026-04-20,12:38:47,2026-04-20,12:39:30,NIFTY,BUY,TYPE_F,BOOK_ENTRY_1,BOOK_EXIT_1,24462.55,24467.0,NIFTY21APR2624450CE,24450.0,CE,138.75,139.55,140.0,135.0,140.0,135.0,0.001442,0.002505,ws,ws,book_ladder,book_ladder,False,False,-1.25,4.55,65,52.0,strategy_S9-10__TYPE_F:NIFTY:2026-04-20T12:38:47:LONG
2026-04-20,12:39:45,2026-04-20,12:39:54,NIFTY,BUY,TYPE_F,BOOK_ENTRY_1,BOOK_EXIT_1,24468.7,24466.8,NIFTY21APR2624450CE,24450.0,CE,139.6,139.55,140.0,135.0,140.0,135.0,0.001434,0.002505,ws,ws,book_ladder,book_ladder,False,False,-0.4,4.55,65,-3.25,strategy_S9-10__TYPE_F:NIFTY:2026-04-20T12:39:45:LONG
2026-04-20,12:40:38,2026-04-20,12:41:01,NIFTY,SELL,TYPE_F,BOOK_ENTRY_1,BOOK_EXIT_1,24466.15,24462.45,NIFTY21APR2624500PE,24500.0,PE,149.35,149.65,150.0,145.0,150.0,145.0,0.002346,0.001669,ws,ws,book_ladder,book_ladder,False,False,-0.65,4.65,65,19.5,strategy_S9-10__TYPE_F:NIFTY:2026-04-20T12:40:38:SHORT
2026-04-20,12:41:59,2026-04-20,12:42:51,NIFTY,BUY,TYPE_F,BOOK_ENTRY_1,BOOK_EXIT_1,24464.35,24466.35,NIFTY21APR2624450CE,24450.0,CE,135.6,137.6,140.0,135.0,140.0,135.0,0.002584,0.00254,ws,ws,book_ladder,book_ladder,False,False,-4.4,2.6,65,130.0,strategy_S9-10__TYPE_F:NIFTY:2026-04-20T12:41:59:LONG
2026-04-20,12:43:32,2026-04-20,12:45:01,NIFTY,SELL,TYPE_F,BOOK_ENTRY_1,BOOK_EXIT_1,24464.0,24463.8,NIFTY21APR2624500PE,24500.0,PE,150.6,149.9,155.0,145.0,155.0,145.0,0.000997,0.001333,ws,ws,book_ladder,book_ladder,False,False,-4.4,4.9,65,-45.5,strategy_S9-10__TYPE_F:NIFTY:2026-04-20T12:43:32:SHORT
2026-04-20,12:45:25,2026-04-20,12:46:03,NIFTY,BUY,TYPE_F,BOOK_ENTRY_1,BOOK_EXIT_1,24462.35,24462.5,NIFTY21APR2624450CE,24450.0,CE,134.8,134.0,135.0,130.0,135.0,130.0,0.001856,0.002236,ws,ws,book_ladder,book_ladder,False,False,-0.2,4.0,65,-52.0,strategy_S9-10__TYPE_F:NIFTY:2026-04-20T12:45:25:LONG
2026-04-20,12:46:23,2026-04-20,12:46:27,NIFTY,SELL,TYPE_F,BOOK_ENTRY_1,BOOK_EXIT_1,24463.15,24464.7,NIFTY21APR2624500PE,24500.0,PE,152.4,151.75,155.0,150.0,155.0,150.0,0.001642,0.001646,ws,ws,book_ladder,book_ladder,False,False,-2.6,1.75,65,-42.25,strategy_S9-10__TYPE_F:NIFTY:2026-04-20T12:46:23:SHORT
2026-04-20,12:46:45,2026-04-20,12:47:24,NIFTY,BUY,TYPE_F,BOOK_ENTRY_1,BOOK_EXIT_1,24466.85,24465.55,NIFTY21APR2624450CE,24450.0,CE,135.65,137.35,140.0,135.0,140.0,135.0,0.002214,0.001092,ws,ws,book_ladder,book_ladder,False,False,-4.35,2.35,65,110.5,strategy_S9-10__TYPE_F:NIFTY:2026-04-20T12:46:45:LONG
2026-04-20,12:47:39,2026-04-20,12:48:03,NIFTY,BUY,TYPE_F,BOOK_ENTRY_1,BOOK_EXIT_1,24471.6,24470.85,NIFTY21APR2624450CE,24450.0,CE,139.95,140.9,140.0,140.0,140.0,140.0,0.002146,0.001418,ws,ws,book_ladder,book_ladder,False,False,-0.05,0.9,65,61.75,strategy_S9-10__TYPE_F:NIFTY:2026-04-20T12:47:39:LONG
2026-04-20,12:48:30,2026-04-20,12:49:06,NIFTY,BUY,TYPE_F,BOOK_ENTRY_1,BOOK_EXIT_1,24473.25,24471.9,NIFTY21APR2624450CE,24450.0,CE,141.5,141.5,145.0,140.0,145.0,140.0,0.002122,0.00106,ws,ws,book_ladder,book_ladder,False,False,-3.5,1.5,65,0.0,strategy_S9-10__TYPE_F:NIFTY:2026-04-20T12:48:30:LONG
2026-04-20,12:49:32,2026-04-20,12:49:59,NIFTY,SELL,TYPE_F,BOOK_ENTRY_1,BOOK_EXIT_1,24471.0,24472.85,NIFTY21APR2624500PE,24500.0,PE,148.7,146.65,150.0,145.0,150.0,145.0,0.002357,0.001363,ws,ws,book_ladder,book_ladder,False,False,-1.3,1.65,65,-133.25,strategy_S9-10__TYPE_F:NIFTY:2026-04-20T12:49:32:SHORT
2026-04-20,12:50:12,2026-04-20,12:50:20,NIFTY,BUY,TYPE_F,BOOK_ENTRY_1,BOOK_EXIT_1,24473.8,24472.0,NIFTY21APR2624450CE,24450.0,CE,140.0,140.4,140.0,140.0,140.0,140.0,0.001072,0.002134,ws,ws,book_ladder,book_ladder,False,False,0.0,0.4,65,26.0,strategy_S9-10__TYPE_F:NIFTY:2026-04-20T12:50:12:LONG
2026-04-20,12:50:46,2026-04-20,12:50:53,NIFTY,BUY,TYPE_F,BOOK_ENTRY_1,BOOK_EXIT_1,24475.0,24472.6,NIFTY21APR2624450CE,24450.0,CE,143.9,144.15,145.0,140.0,145.0,140.0,0.001043,0.002425,ws,ws,book_ladder,book_ladder,False,False,-1.1,4.15,65,16.25,strategy_S9-10__TYPE_F:NIFTY:2026-04-20T12:50:46:LONG
2026-04-20,12:51:10,2026-04-20,12:51:37,NIFTY,SELL,TYPE_F,BOOK_ENTRY_1,BOOK_EXIT_1,24471.9,24473.4,NIFTY21APR2624500PE,24500.0,PE,146.3,144.5,150.0,140.0,150.0,140.0,0.002395,0.002074,ws,ws,book_ladder,book_ladder,False,False,-3.7,4.5,65,-117.0,strategy_S9-10__TYPE_F:NIFTY:2026-04-20T12:51:10:SHORT
2026-04-20,12:51:53,2026-04-20,12:52:21,NIFTY,BUY,TYPE_F,BOOK_ENTRY_1,BOOK_EXIT_1,24474.65,24477.3,NIFTY21APR2624450CE,24450.0,CE,149.1,147.75,150.0,145.0,150.0,145.0,0.00235,0.002028,ws,ws,book_ladder,book_ladder,False,False,-0.9,2.75,65,-87.75,strategy_S9-10__TYPE_F:NIFTY:2026-04-20T12:51:53:LONG
2026-04-20,12:52:38,2026-04-20,12:53:23,NIFTY,BUY,TYPE_F,BOOK_ENTRY_1,BOOK_EXIT_1,24479.65,24476.6,NIFTY21APR2624450CE,24450.0,CE,147.6,144.55,150.0,140.0,150.0,140.0,0.002374,0.002418,ws,ws,book_ladder,book_ladder,False,False,-2.4,4.55,65,-198.25,strategy_S9-10__TYPE_F:NIFTY:2026-04-20T12:52:38:LONG
2026-04-20,12:53:30,2026-04-20,12:53:51,NIFTY,SELL,TYPE_F,BOOK_ENTRY_1,BOOK_EXIT_1,24475.95,24476.75,NIFTY21APR2624500PE,24500.0,PE,145.8,143.9,150.0,140.0,150.0,140.0,0.001373,0.001736,ws,ws,book_ladder,book_ladder,False,False,-4.2,3.9,65,-123.5,strategy_S9-10__TYPE_F:NIFTY:2026-04-20T12:53:30:SHORT
2026-04-20,12:54:08,2026-04-20,12:54:52,NIFTY,BUY,TYPE_F,BOOK_ENTRY_1,BOOK_EXIT_1,24477.8,24477.65,NIFTY21APR2624450CE,24450.0,CE,145.4,143.45,150.0,140.0,150.0,140.0,0.002755,0.001741,ws,ws,book_ladder,book_ladder,False,False,-4.6,3.45,65,-126.75,strategy_S9-10__TYPE_F:NIFTY:2026-04-20T12:54:08:LONG
2026-04-20,12:55:25,2026-04-20,12:55:31,NIFTY,SELL,TYPE_F,BOOK_ENTRY_1,BOOK_EXIT_1,24472.65,24474.95,NIFTY21APR2624500PE,24500.0,PE,146.9,146.0,150.0,145.0,150.0,145.0,0.001362,0.001711,ws,ws,book_ladder,book_ladder,False,False,-3.1,1.0,65,-58.5,strategy_S9-10__TYPE_F:NIFTY:2026-04-20T12:55:25:SHORT
2026-04-20,12:55:42,2026-04-20,12:56:09,NIFTY,BUY,TYPE_F,BOOK_ENTRY_1,BOOK_EXIT_1,24475.95,24476.05,NIFTY21APR2624450CE,24450.0,CE,142.25,141.7,145.0,140.0,145.0,140.0,0.001407,0.00141,ws,ws,book_ladder,book_ladder,False,False,-2.75,1.7,65,-35.75,strategy_S9-10__TYPE_F:NIFTY:2026-04-20T12:55:42:LONG
2026-04-20,12:56:32,2026-04-20,12:56:52,NIFTY,SELL,TYPE_F,BOOK_ENTRY_1,BOOK_EXIT_1,24472.45,24474.6,NIFTY21APR2624500PE,24500.0,PE,148.3,148.35,150.0,145.0,150.0,145.0,0.00135,0.00202,ws,ws,book_ladder,book_ladder,False,False,-1.7,3.35,65,3.25,strategy_S9-10__TYPE_F:NIFTY:2026-04-20T12:56:32:SHORT
2026-04-20,12:57:17,2026-04-20,12:57:30,NIFTY,BUY,TYPE_F,BOOK_ENTRY_1,BOOK_EXIT_1,24476.05,24471.15,NIFTY21APR2624450CE,24450.0,CE,139.75,138.3,140.0,135.0,140.0,135.0,0.001791,0.001445,ws,ws,book_ladder,book_ladder,False,False,-0.25,3.3,65,-94.25,strategy_S9-10__TYPE_F:NIFTY:2026-04-20T12:57:17:LONG
2026-04-20,12:57:40,2026-04-20,12:58:17,NIFTY,SELL,TYPE_F,BOOK_ENTRY_1,BOOK_EXIT_1,24468.65,24470.05,NIFTY21APR2624500PE,24500.0,PE,150.95,151.25,155.0,150.0,155.0,150.0,0.002321,0.002311,ws,ws,book_ladder,book_ladder,False,False,-4.05,1.25,65,19.5,strategy_S9-10__TYPE_F:NIFTY:2026-04-20T12:57:40:SHORT
2026-04-20,12:58:20,2026-04-20,12:58:57,NIFTY,SELL,TYPE_F,BOOK_ENTRY_1,BOOK_EXIT_1,24467.4,24465.45,NIFTY21APR2624500PE,24500.0,PE,152.85,152.6,155.0,150.0,155.0,150.0,0.000982,0.001964,ws,ws,book_ladder,book_ladder,False,False,-2.15,2.6,65,-16.25,strategy_S9-10__TYPE_F:NIFTY:2026-04-20T12:58:20:SHORT
2026-04-20,12:59:34,2026-04-20,12:59:40,NIFTY,SELL,TYPE_F,BOOK_ENTRY_1,BOOK_EXIT_1,24462.7,24464.0,NIFTY21APR2624500PE,24500.0,PE,153.2,152.8,155.0,150.0,155.0,150.0,0.00196,0.001308,ws,ws,book_ladder,book_ladder,False,False,-1.8,2.8,65,-26.0,strategy_S9-10__TYPE_F:NIFTY:2026-04-20T12:59:34:SHORT
2026-04-20,12:59:53,2026-04-20,13:00:12,NIFTY,SELL,TYPE_F,BOOK_ENTRY_1,BOOK_EXIT_1,24461.55,24462.5,NIFTY21APR2624500PE,24500.0,PE,152.9,154.0,155.0,150.0,155.0,150.0,0.000982,0.001298,ws,ws,book_ladder,book_ladder,False,False,-2.1,4.0,65,71.5,strategy_S9-10__TYPE_F:NIFTY:2026-04-20T12:59:53:SHORT
2026-04-20,13:00:32,2026-04-20,13:01:01,NIFTY,SELL,TYPE_F,BOOK_ENTRY_1,BOOK_EXIT_1,24460.4,24437.9,NIFTY21APR2624500PE,24500.0,PE,157.4,168.4,160.0,165.0,160.0,165.0,0.00159,0.00089,ws,ws,book_ladder,book_ladder,False,False,-2.6,3.4,65,715.0,strategy_S9-10__TYPE_F:NIFTY:2026-04-20T13:00:32:SHORT
2026-04-20,13:01:32,2026-04-20,13:02:11,NIFTY,SELL,TYPE_F,BOOK_ENTRY_1,BOOK_EXIT_1,24434.05,24435.7,NIFTY21APR2624450PE,24450.0,PE,144.1,143.1,145.0,140.0,145.0,140.0,0.002084,0.002094,ws,ws,book_ladder,book_ladder,False,False,-0.9,3.1,65,-65.0,strategy_S9-10__TYPE_F:NIFTY:2026-04-20T13:01:32:SHORT
2026-04-20,13:03:01,2026-04-20,13:03:33,NIFTY,BUY,TYPE_F,BOOK_ENTRY_1,BOOK_EXIT_1,24439.55,24439.95,NIFTY21APR2624400CE,24400.0,CE,149.85,148.3,150.0,145.0,150.0,145.0,0.001002,0.002021,ws,ws,book_ladder,book_ladder,False,False,-0.15,3.3,65,-100.75,strategy_S9-10__TYPE_F:NIFTY:2026-04-20T13:03:01:LONG
2026-04-20,13:04:40,2026-04-20,13:04:46,NIFTY,SELL,TYPE_F,BOOK_ENTRY_1,BOOK_EXIT_1,24438.95,24440.9,NIFTY21APR2624450PE,24450.0,PE,143.25,141.3,145.0,140.0,145.0,140.0,0.001747,0.002121,ws,ws,book_ladder,book_ladder,False,False,-1.75,1.3,65,-126.75,strategy_S9-10__TYPE_F:NIFTY:2026-04-20T13:04:40:SHORT
2026-04-20,13:05:11,2026-04-20,13:05:31,NIFTY,SELL,TYPE_F,BOOK_ENTRY_1,BOOK_EXIT_1,24438.35,24440.2,NIFTY21APR2624450PE,24450.0,PE,142.2,140.4,145.0,140.0,145.0,140.0,0.002112,0.001779,ws,ws,book_ladder,book_ladder,False,False,-2.8,0.4,65,-117.0,strategy_S9-10__TYPE_F:NIFTY:2026-04-20T13:05:11:SHORT
2026-04-20,13:05:45,2026-04-20,13:06:00,NIFTY,BUY,TYPE_F,BOOK_ENTRY_1,BOOK_EXIT_1,24445.0,24443.5,NIFTY21APR2624400CE,24400.0,CE,151.25,147.7,155.0,145.0,155.0,145.0,0.001985,0.002029,ws,ws,book_ladder,book_ladder,False,False,-3.75,2.7,65,-230.75,strategy_S9-10__TYPE_F:NIFTY:2026-04-20T13:05:45:LONG
2026-04-20,13:06:36,2026-04-20,13:07:23,NIFTY,SELL,TYPE_F,BOOK_ENTRY_1,BOOK_EXIT_1,24428.6,24430.95,NIFTY21APR2624450PE,24450.0,PE,151.55,147.25,155.0,145.0,155.0,145.0,0.002643,0.002035,ws,ws,book_ladder,book_ladder,False,False,-3.45,2.25,65,-279.5,strategy_S9-10__TYPE_F:NIFTY:2026-04-20T13:06:36:SHORT
2026-04-20,13:08:01,2026-04-20,13:08:14,NIFTY,BUY,TYPE_F,BOOK_ENTRY_1,BOOK_EXIT_1,24431.8,24428.1,NIFTY21APR2624400CE,24400.0,CE,142.4,141.9,145.0,140.0,145.0,140.0,0.001757,0.001408,ws,ws,book_ladder,book_ladder,False,False,-2.6,1.9,65,-32.5,strategy_S9-10__TYPE_F:NIFTY:2026-04-20T13:08:01:LONG
2026-04-20,13:08:43,2026-04-20,13:09:05,NIFTY,SELL,TYPE_F,BOOK_ENTRY_1,BOOK_EXIT_1,24428.55,24427.3,NIFTY21APR2624450PE,24450.0,PE,152.95,150.75,155.0,150.0,155.0,150.0,0.002291,0.002319,ws,ws,book_ladder,book_ladder,False,False,-2.05,0.75,65,-143.0,strategy_S9-10__TYPE_F:NIFTY:2026-04-20T13:08:43:SHORT
2026-04-20,13:09:33,2026-04-20,13:09:35,NIFTY,SELL,TYPE_F,BOOK_ENTRY_1,BOOK_EXIT_1,24425.35,24427.4,NIFTY21APR2624450PE,24450.0,PE,151.9,151.6,155.0,150.0,155.0,150.0,0.000988,0.001977,ws,ws,book_ladder,book_ladder,False,False,-3.1,1.6,65,-19.5,strategy_S9-10__TYPE_F:NIFTY:2026-04-20T13:09:33:SHORT
2026-04-20,13:09:53,2026-04-20,13:11:37,NIFTY,SELL,TYPE_F,BOOK_ENTRY_1,BOOK_EXIT_1,24424.55,24402.0,NIFTY21APR2624450PE,24450.0,PE,151.75,166.9,155.0,165.0,155.0,165.0,0.001649,0.002693,ws,ws,book_ladder,book_ladder,False,False,-3.25,1.9,65,984.75,strategy_S9-10__TYPE_F:NIFTY:2026-04-20T13:09:53:SHORT
2026-04-20,13:12:10,2026-04-20,13:13:23,NIFTY,BUY,TYPE_F,BOOK_ENTRY_1,BOOK_EXIT_1,24404.0,24419.2,NIFTY21APR2624400CE,24400.0,CE,132.2,137.2,135.0,135.0,135.0,135.0,0.001514,0.002184,ws,ws,book_ladder,book_ladder,False,False,-2.8,2.2,65,325.0,strategy_S9-10__TYPE_F:NIFTY:2026-04-20T13:12:10:LONG
2026-04-20,13:13:54,2026-04-20,13:14:23,NIFTY,BUY,TYPE_F,BOOK_ENTRY_1,BOOK_EXIT_1,24421.3,24421.55,NIFTY21APR2624400CE,24400.0,CE,138.85,137.6,140.0,135.0,140.0,135.0,0.002163,0.001815,ws,ws,book_ladder,book_ladder,False,False,-1.15,2.6,65,-81.25,strategy_S9-10__TYPE_F:NIFTY:2026-04-20T13:13:54:LONG
2026-04-20,13:14:39,2026-04-20,13:15:20,NIFTY,SELL,TYPE_F,BOOK_ENTRY_1,BOOK_EXIT_1,24416.8,24408.9,NIFTY21APR2624450PE,24450.0,PE,157.6,165.95,160.0,165.0,160.0,165.0,0.001905,0.002407,ws,ws,book_ladder,book_ladder,False,False,-2.4,0.95,65,542.75,strategy_S9-10__TYPE_F:NIFTY:2026-04-20T13:14:39:SHORT
2026-04-20,13:15:51,2026-04-20,13:16:39,NIFTY,SELL,TYPE_F,BOOK_ENTRY_1,BOOK_EXIT_1,24405.0,24404.95,NIFTY21APR2624450PE,24450.0,PE,166.9,168.0,170.0,165.0,170.0,165.0,0.002099,0.002081,ws,ws,book_ladder,book_ladder,False,False,-3.1,3.0,65,71.5,strategy_S9-10__TYPE_F:NIFTY:2026-04-20T13:15:51:SHORT
2026-04-20,13:16:41,2026-04-20,13:17:03,NIFTY,BUY,TYPE_F,BOOK_ENTRY_1,BOOK_EXIT_1,24407.25,24416.9,NIFTY21APR2624400CE,24400.0,CE,132.0,135.05,135.0,135.0,135.0,135.0,0.001137,0.002588,ws,ws,book_ladder,book_ladder,False,False,-3.0,0.05,65,198.25,strategy_S9-10__TYPE_F:NIFTY:2026-04-20T13:16:41:LONG
2026-04-20,13:17:27,2026-04-20,13:18:12,NIFTY,BUY,TYPE_F,BOOK_ENTRY_1,BOOK_EXIT_1,24422.25,24421.5,NIFTY21APR2624400CE,24400.0,CE,138.0,137.05,140.0,135.0,140.0,135.0,0.000725,0.002187,ws,ws,book_ladder,book_ladder,False,False,-2.0,2.05,65,-61.75,strategy_S9-10__TYPE_F:NIFTY:2026-04-20T13:17:27:LONG
2026-04-20,13:18:42,2026-04-20,13:19:50,NIFTY,SELL,TYPE_F,BOOK_ENTRY_1,BOOK_EXIT_1,24418.65,24415.25,NIFTY21APR2624450PE,24450.0,PE,158.85,157.7,160.0,155.0,160.0,155.0,0.00126,0.001901,ws,ws,book_ladder,book_ladder,False,False,-1.15,2.7,65,-74.75,strategy_S9-10__TYPE_F:NIFTY:2026-04-20T13:18:42:SHORT
2026-04-20,13:20:53,2026-04-20,13:21:55,NIFTY,SELL,TYPE_F,BOOK_ENTRY_1,BOOK_EXIT_1,24414.1,24410.55,NIFTY21APR2624450PE,24450.0,PE,160.0,163.35,160.0,160.0,160.0,160.0,0.00219,0.00214,ws,ws,book_ladder,book_ladder,False,False,0.0,3.35,65,217.75,strategy_S9-10__TYPE_F:NIFTY:2026-04-20T13:20:53:SHORT
2026-04-20,13:23:50,2026-04-20,13:24:22,NIFTY,SELL,TYPE_F,BOOK_ENTRY_1,BOOK_EXIT_1,24391.0,24388.95,NIFTY21APR2624400PE,24400.0,PE,152.1,150.0,155.0,150.0,155.0,150.0,0.002304,0.002331,ws,ws,book_ladder,book_ladder,False,False,-2.9,0.0,65,-136.5,strategy_S9-10__TYPE_F:NIFTY:2026-04-20T13:23:50:SHORT
2026-04-20,13:24:35,2026-04-20,13:24:50,NIFTY,BUY,TYPE_F,BOOK_ENTRY_1,BOOK_EXIT_1,24395.45,24393.8,NIFTY21APR2624350CE,24350.0,CE,151.7,150.1,155.0,150.0,155.0,150.0,0.001649,0.001332,ws,ws,book_ladder,book_ladder,False,False,-3.3,0.1,65,-104.0,strategy_S9-10__TYPE_F:NIFTY:2026-04-20T13:24:35:LONG
2026-04-20,13:25:03,2026-04-20,13:26:51,NIFTY,SELL,TYPE_F,BOOK_ENTRY_1,BOOK_EXIT_1,24388.9,24366.1,NIFTY21APR2624400PE,24400.0,PE,152.95,161.05,155.0,160.0,155.0,160.0,0.001963,0.002481,ws,ws,book_ladder,book_ladder,False,False,-2.05,1.05,65,526.5,strategy_S9-10__TYPE_F:NIFTY:2026-04-20T13:25:03:SHORT
2026-04-20,13:27:22,2026-04-20,13:27:59,NIFTY,SELL,TYPE_F,BOOK_ENTRY_1,BOOK_EXIT_1,24362.6,24362.5,NIFTY21APR2624400PE,24400.0,PE,162.4,163.65,165.0,160.0,165.0,160.0,0.001849,0.000611,ws,ws,book_ladder,book_ladder,False,False,-2.6,3.65,65,81.25,strategy_S9-10__TYPE_F:NIFTY:2026-04-20T13:27:22:SHORT
2026-04-20,13:28:27,2026-04-20,13:28:33,NIFTY,BUY,TYPE_F,BOOK_ENTRY_1,BOOK_EXIT_1,24367.2,24364.35,NIFTY21APR2624350CE,24350.0,CE,137.6,134.85,140.0,130.0,140.0,130.0,0.002547,0.001112,ws,ws,book_ladder,book_ladder,False,False,-2.4,4.85,65,-178.75,strategy_S9-10__TYPE_F:NIFTY:2026-04-20T13:28:27:LONG
2026-04-20,13:28:41,2026-04-20,13:28:54,NIFTY,SELL,TYPE_F,BOOK_ENTRY_1,BOOK_EXIT_1,24363.05,24365.35,NIFTY21APR2624400PE,24400.0,PE,163.8,162.5,165.0,160.0,165.0,160.0,0.001833,0.001844,ws,ws,book_ladder,book_ladder,False,False,-1.2,2.5,65,-84.5,strategy_S9-10__TYPE_F:NIFTY:2026-04-20T13:28:41:SHORT
2026-04-20,13:29:14,2026-04-20,13:30:43,NIFTY,BUY,TYPE_F,BOOK_ENTRY_1,BOOK_EXIT_1,24374.6,24396.9,NIFTY21APR2624350CE,24350.0,CE,140.65,151.4,145.0,150.0,145.0,150.0,0.001779,0.002309,ws,ws,book_ladder,book_ladder,False,False,-4.35,1.4,65,698.75,strategy_S9-10__TYPE_F:NIFTY:2026-04-20T13:29:14:LONG
2026-04-20,13:31:08,2026-04-20,13:31:37,NIFTY,SELL,TYPE_F,BOOK_ENTRY_1,BOOK_EXIT_1,24389.7,24385.7,NIFTY21APR2624400PE,24400.0,PE,147.6,149.55,150.0,145.0,150.0,145.0,0.001356,0.001003,ws,ws,book_ladder,book_ladder,False,False,-2.4,4.55,65,126.75,strategy_S9-10__TYPE_F:NIFTY:2026-04-20T13:31:08:SHORT
2026-04-20,13:32:30,2026-04-20,13:32:46,NIFTY,SELL,TYPE_F,BOOK_ENTRY_1,BOOK_EXIT_1,24380.05,24381.4,NIFTY21APR2624400PE,24400.0,PE,155.9,152.35,160.0,150.0,160.0,150.0,0.001605,0.002622,ws,ws,book_ladder,book_ladder,False,False,-4.1,2.35,65,-230.75,strategy_S9-10__TYPE_F:NIFTY:2026-04-20T13:32:30:SHORT
2026-04-20,13:32:59,2026-04-20,13:33:11,NIFTY,BUY,TYPE_F,BOOK_ENTRY_1,BOOK_EXIT_1,24384.05,24383.2,NIFTY21APR2624350CE,24350.0,CE,144.2,144.7,145.0,140.0,145.0,140.0,0.000694,0.002071,ws,ws,book_ladder,book_ladder,False,False,-0.8,4.7,65,32.5,strategy_S9-10__TYPE_F:NIFTY:2026-04-20T13:32:59:LONG
2026-04-20,13:33:27,2026-04-20,13:35:03,NIFTY,BUY,TYPE_F,BOOK_ENTRY_1,BOOK_EXIT_1,24386.4,24394.0,NIFTY21APR2624350CE,24350.0,CE,146.05,145.65,150.0,145.0,150.0,145.0,0.002056,0.0024,ws,ws,book_ladder,book_ladder,False,False,-3.95,0.65,65,-26.0,strategy_S9-10__TYPE_F:NIFTY:2026-04-20T13:33:27:LONG
2026-04-20,13:35:11,2026-04-20,13:35:55,NIFTY,SELL,TYPE_F,BOOK_ENTRY_1,BOOK_EXIT_1,24389.9,24392.45,NIFTY21APR2624400PE,24400.0,PE,150.85,148.9,155.0,145.0,155.0,145.0,0.000332,0.002348,ws,ws,book_ladder,book_ladder,False,False,-4.15,3.9,65,-126.75,strategy_S9-10__TYPE_F:NIFTY:2026-04-20T13:35:11:SHORT
2026-04-20,13:36:04,2026-04-20,13:37:12,NIFTY,SELL,TYPE_F,BOOK_ENTRY_1,BOOK_EXIT_1,24388.3,24373.0,NIFTY21APR2624400PE,24400.0,PE,151.25,159.3,155.0,155.0,155.0,155.0,0.002648,0.001255,ws,ws,book_ladder,book_ladder,False,False,-3.75,4.3,65,523.25,strategy_S9-10__TYPE_F:NIFTY:2026-04-20T13:36:04:SHORT
2026-04-20,13:37:41,2026-04-20,13:38:01,NIFTY,SELL,TYPE_F,BOOK_ENTRY_1,BOOK_EXIT_1,24369.75,24374.7,NIFTY21APR2624400PE,24400.0,PE,163.7,160.0,165.0,160.0,165.0,160.0,0.002446,0.001561,ws,ws,book_ladder,book_ladder,False,False,-1.3,0.0,65,-240.5,strategy_S9-10__TYPE_F:NIFTY:2026-04-20T13:37:41:SHORT
2026-04-20,13:38:20,2026-04-20,13:38:58,NIFTY,BUY,TYPE_F,BOOK_ENTRY_1,BOOK_EXIT_1,24375.95,24377.35,NIFTY21APR2624350CE,24350.0,CE,139.15,139.7,140.0,135.0,140.0,135.0,0.002158,0.002145,ws,ws,book_ladder,book_ladder,False,False,-0.85,4.7,65,35.75,strategy_S9-10__TYPE_F:NIFTY:2026-04-20T13:38:20:LONG
2026-04-20,13:39:10,2026-04-20,13:39:40,NIFTY,SELL,TYPE_F,BOOK_ENTRY_1,BOOK_EXIT_1,24375.35,24375.05,NIFTY21APR2624400PE,24400.0,PE,159.45,158.15,160.0,155.0,160.0,155.0,0.002826,0.002211,ws,ws,book_ladder,book_ladder,False,False,-0.55,3.15,65,-84.5,strategy_S9-10__TYPE_F:NIFTY:2026-04-20T13:39:10:SHORT
2026-04-20,13:40:01,2026-04-20,13:40:21,NIFTY,BUY,TYPE_F,BOOK_ENTRY_1,BOOK_EXIT_1,24376.2,24372.55,NIFTY21APR2624350CE,24350.0,CE,139.75,136.55,140.0,135.0,140.0,135.0,0.002508,0.001464,ws,ws,book_ladder,book_ladder,False,False,-0.25,1.55,65,-208.0,strategy_S9-10__TYPE_F:NIFTY:2026-04-20T13:40:01:LONG
2026-04-20,13:40:42,2026-04-20,13:41:32,NIFTY,BUY,TYPE_F,BOOK_ENTRY_1,BOOK_EXIT_1,24375.4,24382.25,NIFTY21APR2624350CE,24350.0,CE,140.0,141.15,140.0,140.0,140.0,140.0,0.002145,0.002477,ws,ws,book_ladder,book_ladder,False,False,0.0,1.15,65,74.75,strategy_S9-10__TYPE_F:NIFTY:2026-04-20T13:40:42:LONG
2026-04-20,13:41:53,2026-04-20,13:44:39,NIFTY,BUY,TYPE_F,BOOK_ENTRY_1,BOOK_EXIT_1,24385.45,24400.45,NIFTY21APR2624350CE,24350.0,CE,144.45,151.15,145.0,150.0,145.0,150.0,0.001732,0.002313,ws,ws,book_ladder,book_ladder,False,False,-0.55,1.15,65,435.5,strategy_S9-10__TYPE_F:NIFTY:2026-04-20T13:41:53:LONG
2026-04-20,13:44:53,2026-04-20,13:47:00,NIFTY,SELL,TYPE_F,BOOK_ENTRY_1,BOOK_EXIT_1,24399.45,24385.85,NIFTY21APR2624400PE,24400.0,PE,145.7,153.45,150.0,150.0,150.0,150.0,0.000687,0.002278,ws,ws,book_ladder,book_ladder,False,False,-4.3,3.45,65,503.75,strategy_S9-10__TYPE_F:NIFTY:2026-04-20T13:44:53:SHORT
2026-04-20,13:47:10,2026-04-20,13:48:02,NIFTY,BUY,TYPE_F,BOOK_ENTRY_1,BOOK_EXIT_1,24389.9,24394.2,NIFTY21APR2624350CE,24350.0,CE,146.55,147.5,150.0,145.0,150.0,145.0,0.001707,0.002032,ws,ws,book_ladder,book_ladder,False,False,-3.45,2.5,65,61.75,strategy_S9-10__TYPE_F:NIFTY:2026-04-20T13:47:10:LONG
2026-04-20,13:48:24,2026-04-20,13:48:39,NIFTY,SELL,TYPE_F,BOOK_ENTRY_1,BOOK_EXIT_1,24393.65,24397.5,NIFTY21APR2624400PE,24400.0,PE,148.35,148.6,150.0,145.0,150.0,145.0,0.002024,0.002353,ws,ws,book_ladder,book_ladder,False,False,-1.65,3.6,65,16.25,strategy_S9-10__TYPE_F:NIFTY:2026-04-20T13:48:24:SHORT
2026-04-20,13:48:46,2026-04-20,13:50:41,NIFTY,SELL,TYPE_F,BOOK_ENTRY_1,BOOK_EXIT_1,24391.95,24377.75,NIFTY21APR2624400PE,24400.0,PE,151.4,154.55,155.0,150.0,155.0,150.0,0.00033,0.001293,ws,ws,book_ladder,book_ladder,False,False,-3.6,4.55,65,204.75,strategy_S9-10__TYPE_F:NIFTY:2026-04-20T13:48:46:SHORT
2026-04-20,13:51:05,2026-04-20,13:51:18,NIFTY,BUY,TYPE_F,BOOK_ENTRY_1,BOOK_EXIT_1,24380.05,24377.5,NIFTY21APR2624350CE,24350.0,CE,143.1,141.95,145.0,140.0,145.0,140.0,0.002099,0.001408,ws,ws,book_ladder,book_ladder,False,False,-1.9,1.95,65,-74.75,strategy_S9-10__TYPE_F:NIFTY:2026-04-20T13:51:05:LONG
2026-04-20,13:52:02,2026-04-20,13:52:17,NIFTY,BUY,TYPE_F,BOOK_ENTRY_1,BOOK_EXIT_1,24377.4,24375.7,NIFTY21APR2624350CE,24350.0,CE,141.55,139.65,145.0,135.0,145.0,135.0,0.00106,0.001789,ws,ws,book_ladder,book_ladder,False,False,-3.45,4.65,65,-123.5,strategy_S9-10__TYPE_F:NIFTY:2026-04-20T13:52:02:LONG
2026-04-20,13:52:21,2026-04-20,13:52:42,NIFTY,SELL,TYPE_F,BOOK_ENTRY_1,BOOK_EXIT_1,24371.8,24372.25,NIFTY21APR2624400PE,24400.0,PE,156.9,155.75,160.0,155.0,160.0,155.0,0.002553,0.002245,ws,ws,book_ladder,book_ladder,False,False,-3.1,0.75,65,-74.75,strategy_S9-10__TYPE_F:NIFTY:2026-04-20T13:52:21:SHORT
2026-04-20,13:52:51,2026-04-20,13:55:04,NIFTY,BUY,TYPE_F,BOOK_ENTRY_1,BOOK_EXIT_1,24374.3,24388.45,NIFTY21APR2624350CE,24350.0,CE,140.55,146.05,145.0,145.0,145.0,145.0,0.000712,0.002052,ws,ws,book_ladder,book_ladder,False,False,-4.45,1.05,65,357.5,strategy_S9-10__TYPE_F:NIFTY:2026-04-20T13:52:51:LONG
2026-04-20,13:55:28,2026-04-20,13:56:14,NIFTY,SELL,TYPE_F,BOOK_ENTRY_1,BOOK_EXIT_1,24385.05,24381.65,NIFTY21APR2624400PE,24400.0,PE,150.25,153.45,155.0,150.0,155.0,150.0,0.001332,0.001953,ws,ws,book_ladder,book_ladder,False,False,-4.75,3.45,65,208.0,strategy_S9-10__TYPE_F:NIFTY:2026-04-20T13:55:28:SHORT
2026-04-20,13:56:23,2026-04-20,13:56:27,NIFTY,SELL,TYPE_F,BOOK_ENTRY_1,BOOK_EXIT_1,24378.75,24381.95,NIFTY21APR2624400PE,24400.0,PE,156.9,155.0,160.0,155.0,160.0,155.0,0.002553,0.001612,ws,ws,book_ladder,book_ladder,False,False,-3.1,0.0,65,-123.5,strategy_S9-10__TYPE_F:NIFTY:2026-04-20T13:56:23:SHORT
2026-04-20,13:56:50,2026-04-20,13:56:57,NIFTY,SELL,TYPE_F,BOOK_ENTRY_1,BOOK_EXIT_2,24379.2,24380.6,NIFTY21APR2624400PE,24400.0,PE,155.65,154.95,160.0,155.0,160.0,150.0,0.001929,0.002256,ws,ws,book_ladder,book_ladder,False,True,-4.35,-0.05,65,-45.5,strategy_S9-10__TYPE_F:NIFTY:2026-04-20T13:56:50:SHORT
2026-04-20,13:57:17,2026-04-20,13:57:25,NIFTY,SELL,TYPE_F,BOOK_ENTRY_1,BOOK_EXIT_1,24378.8,24380.25,NIFTY21APR2624400PE,24400.0,PE,156.7,153.35,160.0,150.0,160.0,150.0,0.001916,0.001954,ws,ws,book_ladder,book_ladder,False,False,-3.3,3.35,65,-217.75,strategy_S9-10__TYPE_F:NIFTY:2026-04-20T13:57:17:SHORT
2026-04-20,13:57:30,2026-04-20,13:58:23,NIFTY,BUY,TYPE_F,BOOK_ENTRY_1,BOOK_EXIT_1,24382.35,24388.4,NIFTY21APR2624350CE,24350.0,CE,143.3,145.4,145.0,145.0,145.0,145.0,0.002096,0.002404,ws,ws,book_ladder,book_ladder,False,False,-1.7,0.4,65,136.5,strategy_S9-10__TYPE_F:NIFTY:2026-04-20T13:57:30:LONG
2026-04-20,13:58:43,2026-04-20,13:59:05,NIFTY,SELL,TYPE_F,BOOK_ENTRY_1,BOOK_EXIT_1,24385.45,24389.55,NIFTY21APR2624400PE,24400.0,PE,152.55,148.3,155.0,145.0,155.0,145.0,0.002297,0.001684,ws,ws,book_ladder,book_ladder,False,False,-2.45,3.3,65,-276.25,strategy_S9-10__TYPE_F:NIFTY:2026-04-20T13:58:43:SHORT
2026-04-20,13:59:14,2026-04-20,13:59:54,NIFTY,BUY,TYPE_F,BOOK_ENTRY_1,BOOK_EXIT_1,24392.85,24395.15,NIFTY21APR2624350CE,24350.0,CE,147.6,147.5,150.0,145.0,150.0,145.0,0.002374,0.002708,ws,ws,book_ladder,book_ladder,False,False,-2.4,2.5,65,-6.5,strategy_S9-10__TYPE_F:NIFTY:2026-04-20T13:59:14:LONG
2026-04-20,14:00:36,2026-04-20,14:01:27,NIFTY,SELL,TYPE_F,BOOK_ENTRY_1,BOOK_EXIT_1,24392.4,24381.7,NIFTY21APR2624400PE,24400.0,PE,146.6,154.65,150.0,150.0,150.0,150.0,0.002048,0.002261,ws,ws,book_ladder,book_ladder,False,False,-3.4,4.65,65,523.25,strategy_S9-10__TYPE_F:NIFTY:2026-04-20T14:00:36:SHORT
2026-04-20,14:01:56,2026-04-20,14:02:15,NIFTY,BUY,TYPE_F,BOOK_ENTRY_1,BOOK_EXIT_1,24385.6,24383.25,NIFTY21APR2624350CE,24350.0,CE,141.7,140.4,145.0,140.0,145.0,140.0,0.001766,0.002134,ws,ws,book_ladder,book_ladder,False,False,-3.3,0.4,65,-84.5,strategy_S9-10__TYPE_F:NIFTY:2026-04-20T14:01:56:LONG
2026-04-20,14:02:25,2026-04-20,14:02:42,NIFTY,SELL,TYPE_F,BOOK_ENTRY_1,BOOK_EXIT_1,24379.95,24381.0,NIFTY21APR2624400PE,24400.0,PE,156.95,152.7,160.0,150.0,160.0,150.0,0.001913,0.002289,ws,ws,book_ladder,book_ladder,False,False,-3.05,2.7,65,-276.25,strategy_S9-10__TYPE_F:NIFTY:2026-04-20T14:02:25:SHORT
2026-04-20,14:02:55,2026-04-20,14:04:06,NIFTY,BUY,TYPE_F,BOOK_ENTRY_1,BOOK_EXIT_1,24385.8,24388.3,NIFTY21APR2624350CE,24350.0,CE,140.25,142.95,145.0,140.0,145.0,140.0,0.002141,0.00035,ws,ws,book_ladder,book_ladder,False,False,-4.75,2.95,65,175.5,strategy_S9-10__TYPE_F:NIFTY:2026-04-20T14:02:55:LONG
2026-04-20,14:04:24,2026-04-20,14:04:51,NIFTY,BUY,TYPE_F,BOOK_ENTRY_1,BOOK_EXIT_1,24391.0,24392.65,NIFTY21APR2624350CE,24350.0,CE,146.45,146.05,150.0,145.0,150.0,145.0,0.002393,0.002052,ws,ws,book_ladder,book_ladder,False,False,-3.55,1.05,65,-26.0,strategy_S9-10__TYPE_F:NIFTY:2026-04-20T14:04:24:LONG
2026-04-20,14:05:16,2026-04-20,14:05:45,NIFTY,SELL,TYPE_F,BOOK_ENTRY_1,BOOK_EXIT_1,24389.4,24386.65,NIFTY21APR2624400PE,24400.0,PE,147.45,148.1,150.0,145.0,150.0,145.0,0.002037,0.00236,ws,ws,book_ladder,book_ladder,False,False,-2.55,3.1,65,42.25,strategy_S9-10__TYPE_F:NIFTY:2026-04-20T14:05:16:SHORT
2026-04-20,14:06:13,2026-04-20,14:08:31,NIFTY,SELL,TYPE_F,BOOK_ENTRY_1,BOOK_EXIT_1,24384.8,24377.5,NIFTY21APR2624400PE,24400.0,PE,150.5,155.45,155.0,155.0,155.0,155.0,0.001663,0.000964,ws,ws,book_ladder,book_ladder,False,False,-4.5,0.45,65,321.75,strategy_S9-10__TYPE_F:NIFTY:2026-04-20T14:06:13:SHORT
2026-04-20,14:08:41,2026-04-20,14:09:21,NIFTY,SELL,TYPE_F,BOOK_ENTRY_1,BOOK_EXIT_1,24373.7,24374.6,NIFTY21APR2624400PE,24400.0,PE,159.2,157.75,160.0,155.0,160.0,155.0,0.001886,0.002216,ws,ws,book_ladder,book_ladder,False,False,-0.8,2.75,65,-94.25,strategy_S9-10__TYPE_F:NIFTY:2026-04-20T14:08:41:SHORT
2026-04-20,14:09:46,2026-04-20,14:10:31,NIFTY,BUY,TYPE_F,BOOK_ENTRY_1,BOOK_EXIT_1,24376.05,24384.45,NIFTY21APR2624350CE,24350.0,CE,137.6,141.45,140.0,140.0,140.0,140.0,0.002547,0.002119,ws,ws,book_ladder,book_ladder,False,False,-2.4,1.45,65,250.25,strategy_S9-10__TYPE_F:NIFTY:2026-04-20T14:09:46:LONG
2026-04-20,14:10:54,2026-04-20,14:11:23,NIFTY,BUY,TYPE_F,BOOK_ENTRY_1,BOOK_EXIT_1,24387.75,24390.6,NIFTY21APR2624350CE,24350.0,CE,142.7,144.85,145.0,140.0,145.0,140.0,0.002105,0.002413,ws,ws,book_ladder,book_ladder,False,False,-2.3,4.85,65,139.75,strategy_S9-10__TYPE_F:NIFTY:2026-04-20T14:10:54:LONG
2026-04-20,14:11:32,2026-04-20,14:12:05,NIFTY,SELL,TYPE_F,BOOK_ENTRY_1,BOOK_EXIT_1,24387.6,24391.45,NIFTY21APR2624400PE,24400.0,PE,149.8,144.8,150.0,140.0,150.0,140.0,0.00167,0.001725,ws,ws,book_ladder,book_ladder,False,False,-0.2,4.8,65,-325.0,strategy_S9-10__TYPE_F:NIFTY:2026-04-20T14:11:32:SHORT
2026-04-20,14:12:48,2026-04-20,14:13:41,NIFTY,SELL,TYPE_F,BOOK_ENTRY_1,BOOK_EXIT_1,24388.65,24388.8,NIFTY21APR2624400PE,24400.0,PE,148.0,149.05,150.0,145.0,150.0,145.0,0.002368,0.002011,ws,ws,book_ladder,book_ladder,False,False,-2.0,4.05,65,68.25,strategy_S9-10__TYPE_F:NIFTY:2026-04-20T14:12:48:SHORT
2026-04-20,14:13:56,2026-04-20,14:14:18,NIFTY,BUY,TYPE_F,BOOK_ENTRY_1,BOOK_EXIT_1,24393.2,24390.7,NIFTY21APR2624350CE,24350.0,CE,146.2,142.55,150.0,140.0,150.0,140.0,0.001027,0.002452,ws,ws,book_ladder,book_ladder,False,False,-3.8,2.55,65,-237.25,strategy_S9-10__TYPE_F:NIFTY:2026-04-20T14:13:56:LONG
2026-04-20,14:15:41,2026-04-20,14:16:03,NIFTY,BUY,TYPE_F,BOOK_ENTRY_1,BOOK_EXIT_1,24394.45,24392.65,NIFTY21APR2624350CE,24350.0,CE,145.8,145.0,150.0,145.0,150.0,145.0,0.002403,0.002411,ws,ws,book_ladder,book_ladder,False,False,-4.2,0.0,65,-52.0,strategy_S9-10__TYPE_F:NIFTY:2026-04-20T14:15:41:LONG
2026-04-20,14:16:31,2026-04-20,14:17:15,NIFTY,BUY,TYPE_F,BOOK_ENTRY_1,BOOK_EXIT_1,24395.85,24397.65,NIFTY21APR2624350CE,24350.0,CE,145.85,149.15,150.0,145.0,150.0,145.0,0.002403,0.002344,ws,ws,book_ladder,book_ladder,False,False,-4.15,4.15,65,214.5,strategy_S9-10__TYPE_F:NIFTY:2026-04-20T14:16:31:LONG
2026-04-20,14:17:45,2026-04-20,14:18:01,NIFTY,SELL,TYPE_F,BOOK_ENTRY_1,BOOK_EXIT_1,24395.8,24398.0,NIFTY21APR2624400PE,24400.0,PE,143.4,143.1,145.0,140.0,145.0,140.0,0.001745,0.001746,ws,ws,book_ladder,book_ladder,False,False,-1.6,3.1,65,-19.5,strategy_S9-10__TYPE_F:NIFTY:2026-04-20T14:17:45:SHORT
2026-04-20,14:18:24,2026-04-20,14:19:11,NIFTY,SELL,TYPE_F,BOOK_ENTRY_1,BOOK_EXIT_1,24396.25,24394.15,NIFTY21APR2624400PE,24400.0,PE,142.9,146.4,145.0,145.0,145.0,145.0,0.00105,0.001706,ws,ws,book_ladder,book_ladder,False,False,-2.1,1.4,65,227.5,strategy_S9-10__TYPE_F:NIFTY:2026-04-20T14:18:24:SHORT
2026-04-20,14:20:08,2026-04-20,14:20:16,NIFTY,BUY,TYPE_F,BOOK_ENTRY_1,BOOK_EXIT_1,24395.95,24392.7,NIFTY21APR2624350CE,24350.0,CE,147.0,145.1,150.0,145.0,150.0,145.0,0.001361,0.002065,ws,ws,book_ladder,book_ladder,False,False,-3.0,0.1,65,-123.5,strategy_S9-10__TYPE_F:NIFTY:2026-04-20T14:20:08:LONG
2026-04-20,14:20:30,2026-04-20,14:21:36,NIFTY,BUY,TYPE_F,BOOK_ENTRY_1,BOOK_EXIT_1,24396.25,24401.05,NIFTY21APR2624350CE,24350.0,CE,147.7,149.25,150.0,145.0,150.0,145.0,0.002372,0.001674,ws,ws,book_ladder,book_ladder,False,False,-2.3,4.25,65,100.75,strategy_S9-10__TYPE_F:NIFTY:2026-04-20T14:20:30:LONG
2026-04-20,14:21:51,2026-04-20,14:22:42,NIFTY,SELL,TYPE_F,BOOK_ENTRY_1,BOOK_EXIT_1,24399.5,24400.3,NIFTY21APR2624400PE,24400.0,PE,143.0,142.0,145.0,140.0,145.0,140.0,0.0014,0.002462,ws,ws,book_ladder,book_ladder,False,False,-2.0,2.0,65,-65.0,strategy_S9-10__TYPE_F:NIFTY:2026-04-20T14:21:51:SHORT
2026-04-20,14:23:41,2026-04-20,14:23:51,NIFTY,BUY,TYPE_F,BOOK_ENTRY_1,BOOK_EXIT_1,24401.4,24399.45,NIFTY21APR2624400CE,24400.0,CE,120.3,119.0,125.0,115.0,125.0,115.0,0.00208,0.002518,ws,ws,book_ladder,book_ladder,False,False,-4.7,4.0,65,-84.5,strategy_S9-10__TYPE_F:NIFTY:2026-04-20T14:23:41:LONG
2026-04-20,14:24:05,2026-04-20,14:24:27,NIFTY,BUY,TYPE_F,BOOK_ENTRY_1,BOOK_EXIT_1,24403.45,24412.2,NIFTY21APR2624400CE,24400.0,CE,123.4,129.55,125.0,125.0,125.0,125.0,0.002028,0.002313,ws,ws,book_ladder,book_ladder,False,False,-1.6,4.55,65,399.75,strategy_S9-10__TYPE_F:NIFTY:2026-04-20T14:24:05:LONG
2026-04-20,14:25:10,2026-04-20,14:26:05,NIFTY,BUY,TYPE_F,BOOK_ENTRY_1,BOOK_EXIT_1,24418.2,24418.75,NIFTY21APR2624400CE,24400.0,CE,136.35,135.0,140.0,135.0,140.0,135.0,0.00257,0.002589,ws,ws,book_ladder,book_ladder,False,False,-3.65,0.0,65,-87.75,strategy_S9-10__TYPE_F:NIFTY:2026-04-20T14:25:10:LONG
2026-04-20,14:26:11,2026-04-20,14:26:37,NIFTY,SELL,TYPE_F,BOOK_ENTRY_1,BOOK_EXIT_1,24415.2,24414.85,NIFTY21APR2624450PE,24450.0,PE,161.1,158.4,165.0,155.0,165.0,155.0,0.002797,0.001892,ws,ws,book_ladder,book_ladder,False,False,-3.9,3.4,65,-175.5,strategy_S9-10__TYPE_F:NIFTY:2026-04-20T14:26:11:SHORT
2026-04-20,14:27:07,2026-04-20,14:27:23,NIFTY,SELL,TYPE_F,BOOK_ENTRY_1,BOOK_EXIT_1,24414.55,24418.05,NIFTY21APR2624450PE,24450.0,PE,161.8,157.9,165.0,155.0,165.0,155.0,0.002166,0.00253,ws,ws,book_ladder,book_ladder,False,False,-3.2,2.9,65,-253.5,strategy_S9-10__TYPE_F:NIFTY:2026-04-20T14:27:07:SHORT
2026-04-20,14:27:31,2026-04-20,14:28:18,NIFTY,BUY,TYPE_F,BOOK_ENTRY_1,BOOK_EXIT_1,24421.65,24425.05,NIFTY21APR2624400CE,24400.0,CE,136.5,136.15,140.0,135.0,140.0,135.0,0.0022,0.002567,ws,ws,book_ladder,book_ladder,False,False,-3.5,1.15,65,-22.75,strategy_S9-10__TYPE_F:NIFTY:2026-04-20T14:27:31:LONG
2026-04-20,14:28:23,2026-04-20,14:28:51,NIFTY,BUY,TYPE_F,BOOK_ENTRY_1,BOOK_EXIT_1,24428.6,24433.2,NIFTY21APR2624400CE,24400.0,CE,139.8,137.7,140.0,135.0,140.0,135.0,0.002148,0.002539,ws,ws,book_ladder,book_ladder,False,False,-0.2,2.7,65,-136.5,strategy_S9-10__TYPE_F:NIFTY:2026-04-20T14:28:23:LONG
2026-04-20,14:29:02,2026-04-20,14:29:05,NIFTY,BUY,TYPE_F,BOOK_ENTRY_1,BOOK_EXIT_1,24438.0,24432.1,NIFTY21APR2624400CE,24400.0,CE,139.4,136.0,140.0,135.0,140.0,135.0,0.002514,0.001837,ws,ws,book_ladder,book_ladder,False,False,-0.6,1.0,65,-221.0,strategy_S9-10__TYPE_F:NIFTY:2026-04-20T14:29:02:LONG
2026-04-20,14:30:07,2026-04-20,14:32:42,NIFTY,SELL,TYPE_F,BOOK_ENTRY_1,BOOK_EXIT_1,24428.65,24408.5,NIFTY21APR2624450PE,24450.0,PE,151.45,158.8,155.0,155.0,155.0,155.0,0.001321,0.001887,ws,ws,book_ladder,book_ladder,False,False,-3.55,3.8,65,477.75,strategy_S9-10__TYPE_F:NIFTY:2026-04-20T14:30:07:SHORT
2026-04-20,14:32:54,2026-04-20,14:34:21,NIFTY,BUY,TYPE_F,BOOK_ENTRY_1,BOOK_EXIT_1,24412.15,24422.6,NIFTY21APR2624400CE,24400.0,CE,128.15,130.1,130.0,130.0,130.0,130.0,0.001171,0.000768,ws,ws,book_ladder,book_ladder,False,False,-1.85,0.1,65,126.75,strategy_S9-10__TYPE_F:NIFTY:2026-04-20T14:32:54:LONG
2026-04-20,14:34:56,2026-04-20,14:35:48,NIFTY,BUY,TYPE_F,BOOK_ENTRY_1,BOOK_EXIT_1,24422.7,24422.55,NIFTY21APR2624400CE,24400.0,CE,131.25,129.4,135.0,125.0,135.0,125.0,0.001525,0.002316,ws,ws,book_ladder,book_ladder,False,False,-3.75,4.4,65,-120.25,strategy_S9-10__TYPE_F:NIFTY:2026-04-20T14:34:56:LONG
2026-04-20,14:36:07,2026-04-20,14:36:22,NIFTY,BUY,TYPE_F,BOOK_ENTRY_1,BOOK_EXIT_1,24425.5,24425.3,NIFTY21APR2624400CE,24400.0,CE,134.35,133.35,135.0,130.0,135.0,130.0,0.002235,0.002247,ws,ws,book_ladder,book_ladder,False,False,-0.65,3.35,65,-65.0,strategy_S9-10__TYPE_F:NIFTY:2026-04-20T14:36:07:LONG
2026-04-20,14:36:38,2026-04-20,14:37:10,NIFTY,BUY,TYPE_F,BOOK_ENTRY_1,BOOK_EXIT_1,24428.8,24426.25,NIFTY21APR2624400CE,24400.0,CE,134.2,131.85,135.0,130.0,135.0,130.0,0.002611,0.002651,ws,ws,book_ladder,book_ladder,False,False,-0.8,1.85,65,-152.75,strategy_S9-10__TYPE_F:NIFTY:2026-04-20T14:36:38:LONG
2026-04-20,14:37:34,2026-04-20,14:39:31,NIFTY,SELL,TYPE_F,BOOK_ENTRY_1,BOOK_EXIT_1,24422.8,24405.65,NIFTY21APR2624450PE,24450.0,PE,155.65,163.9,160.0,160.0,160.0,160.0,0.002251,0.001829,ws,ws,book_ladder,book_ladder,False,False,-4.35,3.9,65,536.25,strategy_S9-10__TYPE_F:NIFTY:2026-04-20T14:37:34:SHORT
2026-04-20,14:39:46,2026-04-20,14:40:42,NIFTY,SELL,TYPE_F,BOOK_ENTRY_1,BOOK_EXIT_1,24402.05,24400.0,NIFTY21APR2624450PE,24450.0,PE,166.6,167.6,170.0,165.0,170.0,165.0,0.001802,0.002086,ws,ws,book_ladder,book_ladder,False,False,-3.4,2.6,65,65.0,strategy_S9-10__TYPE_F:NIFTY:2026-04-20T14:39:46:SHORT
2026-04-20,14:40:57,2026-04-20,14:41:33,NIFTY,BUY,TYPE_F,BOOK_ENTRY_1,BOOK_EXIT_1,24402.9,24402.0,NIFTY21APR2624400CE,24400.0,CE,121.15,119.35,125.0,115.0,125.0,115.0,0.002066,0.001674,ws,ws,book_ladder,book_ladder,False,False,-3.85,4.35,65,-117.0,strategy_S9-10__TYPE_F:NIFTY:2026-04-20T14:40:57:LONG
2026-04-20,14:41:41,2026-04-20,14:42:12,NIFTY,SELL,TYPE_F,BOOK_ENTRY_1,BOOK_EXIT_1,24401.25,24402.15,NIFTY21APR2624450PE,24450.0,PE,169.05,168.55,170.0,165.0,170.0,165.0,0.002665,0.002074,ws,ws,book_ladder,book_ladder,False,False,-0.95,3.55,65,-32.5,strategy_S9-10__TYPE_F:NIFTY:2026-04-20T14:41:41:SHORT
2026-04-20,14:42:38,2026-04-20,14:43:23,NIFTY,SELL,TYPE_F,BOOK_ENTRY_1,BOOK_EXIT_1,24397.75,24402.2,NIFTY21APR2624400PE,24400.0,PE,144.05,140.65,145.0,140.0,145.0,140.0,0.002085,0.001776,ws,ws,book_ladder,book_ladder,False,False,-0.95,0.65,65,-221.0,strategy_S9-10__TYPE_F:NIFTY:2026-04-20T14:42:38:SHORT
2026-04-20,14:43:41,2026-04-20,14:44:23,NIFTY,SELL,TYPE_F,BOOK_ENTRY_1,BOOK_EXIT_1,24394.55,24394.7,NIFTY21APR2624400PE,24400.0,PE,143.4,142.7,145.0,140.0,145.0,140.0,0.001745,0.001051,ws,ws,book_ladder,book_ladder,False,False,-1.6,2.7,65,-45.5,strategy_S9-10__TYPE_F:NIFTY:2026-04-20T14:43:41:SHORT
2026-04-20,14:44:42,2026-04-20,14:45:30,NIFTY,BUY,TYPE_F,BOOK_ENTRY_1,BOOK_EXIT_1,24396.9,24402.15,NIFTY21APR2624350CE,24350.0,CE,148.95,149.45,150.0,145.0,150.0,145.0,0.002016,0.002005,ws,ws,book_ladder,book_ladder,False,False,-1.05,4.45,65,32.5,strategy_S9-10__TYPE_F:NIFTY:2026-04-20T14:44:42:LONG
2026-04-20,14:45:46,2026-04-20,14:45:56,NIFTY,SELL,TYPE_F,BOOK_ENTRY_1,BOOK_EXIT_1,24389.6,24394.7,NIFTY21APR2624400PE,24400.0,PE,149.95,147.1,150.0,145.0,150.0,145.0,0.002337,0.002377,ws,ws,book_ladder,book_ladder,False,False,-0.05,2.1,65,-185.25,strategy_S9-10__TYPE_F:NIFTY:2026-04-20T14:45:46:SHORT
2026-04-20,14:46:11,2026-04-20,14:46:57,NIFTY,SELL,TYPE_F,BOOK_ENTRY_1,BOOK_EXIT_1,24385.15,24383.15,NIFTY21APR2624400PE,24400.0,PE,153.9,155.1,155.0,155.0,155.0,155.0,0.001951,0.002254,ws,ws,book_ladder,book_ladder,False,False,-1.1,0.1,65,78.0,strategy_S9-10__TYPE_F:NIFTY:2026-04-20T14:46:11:SHORT
2026-04-20,14:47:16,2026-04-20,14:47:30,NIFTY,BUY,TYPE_F,BOOK_ENTRY_1,BOOK_EXIT_1,24386.45,24383.1,NIFTY21APR2624350CE,24350.0,CE,140.35,139.55,145.0,135.0,145.0,135.0,0.00214,0.001432,ws,ws,book_ladder,book_ladder,False,False,-4.65,4.55,65,-52.0,strategy_S9-10__TYPE_F:NIFTY:2026-04-20T14:47:16:LONG
2026-04-20,14:48:12,2026-04-20,14:48:28,NIFTY,BUY,TYPE_F,BOOK_ENTRY_1,BOOK_EXIT_1,24385.55,24381.85,NIFTY21APR2624350CE,24350.0,CE,137.6,135.5,140.0,135.0,140.0,135.0,0.002911,0.002212,ws,ws,book_ladder,book_ladder,False,False,-2.4,0.5,65,-136.5,strategy_S9-10__TYPE_F:NIFTY:2026-04-20T14:48:12:LONG
2026-04-20,14:48:40,2026-04-20,14:50:09,NIFTY,BUY,TYPE_F,BOOK_ENTRY_1,BOOK_EXIT_1,24387.65,24395.95,NIFTY21APR2624350CE,24350.0,CE,138.8,142.25,140.0,140.0,140.0,140.0,0.001442,0.002457,ws,ws,book_ladder,book_ladder,False,False,-1.2,2.25,65,224.25,strategy_S9-10__TYPE_F:NIFTY:2026-04-20T14:48:40:LONG
2026-04-20,14:50:46,2026-04-20,14:51:03,NIFTY,BUY,TYPE_F,BOOK_ENTRY_1,BOOK_EXIT_1,24402.2,24401.05,NIFTY21APR2624400CE,24400.0,CE,119.0,117.35,120.0,115.0,120.0,115.0,0.001682,0.002128,ws,ws,book_ladder,book_ladder,False,False,-1.0,2.35,65,-107.25,strategy_S9-10__TYPE_F:NIFTY:2026-04-20T14:50:46:LONG
2026-04-20,14:51:41,2026-04-20,14:52:07,NIFTY,SELL,TYPE_F,BOOK_ENTRY_1,BOOK_EXIT_1,24399.75,24401.05,NIFTY21APR2624400PE,24400.0,PE,146.25,143.6,150.0,140.0,150.0,140.0,0.002739,0.002087,ws,ws,book_ladder,book_ladder,False,False,-3.75,3.6,65,-172.25,strategy_S9-10__TYPE_F:NIFTY:2026-04-20T14:51:41:SHORT
2026-04-20,14:52:33,2026-04-20,14:52:38,NIFTY,SELL,TYPE_F,BOOK_ENTRY_1,BOOK_EXIT_1,24398.85,24400.9,NIFTY21APR2624400PE,24400.0,PE,143.9,143.65,145.0,140.0,145.0,140.0,0.002435,0.001739,ws,ws,book_ladder,book_ladder,False,False,-1.1,3.65,65,-16.25,strategy_S9-10__TYPE_F:NIFTY:2026-04-20T14:52:33:SHORT
2026-04-20,14:53:10,2026-04-20,14:53:28,NIFTY,SELL,TYPE_F,BOOK_ENTRY_1,BOOK_EXIT_1,24398.65,24400.5,NIFTY21APR2624400PE,24400.0,PE,144.1,144.5,145.0,140.0,145.0,140.0,0.002432,0.002074,ws,ws,book_ladder,book_ladder,False,False,-0.9,4.5,65,26.0,strategy_S9-10__TYPE_F:NIFTY:2026-04-20T14:53:10:SHORT
2026-04-20,14:53:41,2026-04-20,14:54:17,NIFTY,BUY,TYPE_F,BOOK_ENTRY_1,BOOK_EXIT_1,24402.05,24400.1,NIFTY21APR2624400CE,24400.0,CE,120.3,119.9,125.0,115.0,125.0,115.0,0.002497,0.002499,ws,ws,book_ladder,book_ladder,False,False,-4.7,4.9,65,-26.0,strategy_S9-10__TYPE_F:NIFTY:2026-04-20T14:53:41:LONG
2026-04-20,14:54:30,2026-04-20,14:55:03,NIFTY,BUY,TYPE_F,BOOK_ENTRY_1,BOOK_EXIT_1,24402.75,24404.9,NIFTY21APR2624400CE,24400.0,CE,121.55,123.15,125.0,120.0,125.0,120.0,0.002059,0.002433,ws,ws,book_ladder,book_ladder,False,False,-3.45,3.15,65,104.0,strategy_S9-10__TYPE_F:NIFTY:2026-04-20T14:54:30:LONG
2026-04-20,14:55:40,2026-04-20,14:55:54,NIFTY,BUY,TYPE_F,BOOK_ENTRY_1,BOOK_EXIT_1,24409.25,24405.55,NIFTY21APR2624400CE,24400.0,CE,124.5,124.4,125.0,120.0,125.0,120.0,0.002815,0.002409,ws,ws,book_ladder,book_ladder,False,False,-0.5,4.4,65,-6.5,strategy_S9-10__TYPE_F:NIFTY:2026-04-20T14:55:40:LONG
2026-04-20,14:56:30,2026-04-20,14:57:00,NIFTY,SELL,TYPE_F,BOOK_ENTRY_1,BOOK_EXIT_1,24401.1,24403.85,NIFTY21APR2624450PE,24450.0,PE,168.05,168.85,170.0,165.0,170.0,165.0,0.002681,0.000592,ws,ws,book_ladder,book_ladder,False,False,-1.95,3.85,65,52.0,strategy_S9-10__TYPE_F:NIFTY:2026-04-20T14:56:30:SHORT
2026-04-20,14:57:16,2026-04-20,14:57:33,NIFTY,BUY,TYPE_F,BOOK_ENTRY_1,BOOK_EXIT_1,24406.2,24406.4,NIFTY21APR2624400CE,24400.0,CE,120.55,119.0,125.0,115.0,125.0,115.0,0.00166,0.002099,ws,ws,book_ladder,book_ladder,False,False,-4.45,4.0,65,-100.75,strategy_S9-10__TYPE_F:NIFTY:2026-04-20T14:57:16:LONG
2026-04-20,14:57:53,2026-04-20,14:58:44,NIFTY,SELL,TYPE_F,BOOK_ENTRY_1,BOOK_EXIT_1,24404.4,24405.25,NIFTY21APR2624450PE,24450.0,PE,169.6,166.7,170.0,165.0,170.0,165.0,0.002361,0.002397,ws,ws,book_ladder,book_ladder,False,False,-0.4,1.7,65,-188.5,strategy_S9-10__TYPE_F:NIFTY:2026-04-20T14:57:53:SHORT
2026-04-20,14:59:05,2026-04-20,14:59:23,NIFTY,BUY,TYPE_F,BOOK_ENTRY_1,BOOK_EXIT_1,24407.1,24405.3,NIFTY21APR2624400CE,24400.0,CE,121.2,121.55,125.0,120.0,125.0,120.0,0.002478,0.001644,ws,ws,book_ladder,book_ladder,False,False,-3.8,1.55,65,22.75,strategy_S9-10__TYPE_F:NIFTY:2026-04-20T14:59:05:LONG
2026-04-20,15:00:16,2026-04-20,15:00:46,NIFTY,BUY,TYPE_F,BOOK_ENTRY_1,BOOK_EXIT_1,24409.85,24419.75,NIFTY21APR2624400CE,24400.0,CE,124.85,130.2,125.0,130.0,125.0,130.0,0.001202,0.001535,ws,ws,book_ladder,book_ladder,False,False,-0.15,0.2,65,347.75,strategy_S9-10__TYPE_F:NIFTY:2026-04-20T15:00:16:LONG
2026-04-20,15:01:59,2026-04-20,15:02:18,NIFTY,BUY,TYPE_F,BOOK_ENTRY_1,BOOK_EXIT_1,24420.65,24419.3,NIFTY21APR2624400CE,24400.0,CE,131.55,128.5,135.0,125.0,135.0,125.0,0.001521,0.002332,ws,ws,book_ladder,book_ladder,False,False,-3.45,3.5,65,-198.25,strategy_S9-10__TYPE_F:NIFTY:2026-04-20T15:01:59:LONG
2026-04-20,15:02:32,2026-04-20,15:05:46,NIFTY,SELL,TYPE_F,BOOK_ENTRY_1,BOOK_EXIT_1,24418.15,24402.95,NIFTY21APR2624450PE,24450.0,PE,154.05,167.0,155.0,165.0,155.0,165.0,0.002275,0.002094,ws,ws,book_ladder,book_ladder,False,False,-0.95,2.0,65,841.75,strategy_S9-10__TYPE_F:NIFTY:2026-04-20T15:02:32:SHORT
2026-04-20,15:05:53,2026-04-20,15:06:16,NIFTY,SELL,TYPE_F,BOOK_ENTRY_1,BOOK_EXIT_1,24399.65,24402.5,NIFTY21APR2624400PE,24400.0,PE,141.0,141.05,145.0,140.0,145.0,140.0,0.000355,0.001417,ws,ws,book_ladder,book_ladder,False,False,-4.0,1.05,65,3.25,strategy_S9-10__TYPE_F:NIFTY:2026-04-20T15:05:53:SHORT
2026-04-20,15:06:35,2026-04-20,15:08:00,NIFTY,SELL,TYPE_F,BOOK_ENTRY_1,BOOK_EXIT_1,24400.6,24391.7,NIFTY21APR2624450PE,24450.0,PE,170.4,173.45,175.0,170.0,175.0,170.0,0.000881,0.002591,ws,ws,book_ladder,book_ladder,False,False,-4.6,3.45,65,198.25,strategy_S9-10__TYPE_F:NIFTY:2026-04-20T15:06:35:SHORT
2026-04-20,15:08:18,2026-04-20,15:08:47,NIFTY,SELL,TYPE_F,BOOK_ENTRY_1,BOOK_EXIT_1,24387.95,24389.35,NIFTY21APR2624400PE,24400.0,PE,150.95,147.0,155.0,145.0,155.0,145.0,0.001326,0.002717,ws,ws,book_ladder,book_ladder,False,False,-4.05,2.0,65,-256.75,strategy_S9-10__TYPE_F:NIFTY:2026-04-20T15:08:18:SHORT
2026-04-20,15:09:00,2026-04-20,15:09:21,NIFTY,BUY,TYPE_F,BOOK_ENTRY_1,BOOK_EXIT_1,24391.55,24392.7,NIFTY21APR2624350CE,24350.0,CE,144.5,145.0,145.0,145.0,145.0,145.0,0.002078,0.001378,ws,ws,book_ladder,book_ladder,False,False,-0.5,0.0,65,32.5,strategy_S9-10__TYPE_F:NIFTY:2026-04-20T15:09:00:LONG
2026-04-20,15:09:53,2026-04-20,15:10:55,NIFTY,SELL,TYPE_F,BOOK_ENTRY_1,BOOK_EXIT_1,24390.85,24389.65,NIFTY21APR2624400PE,24400.0,PE,146.7,147.3,150.0,145.0,150.0,145.0,0.002047,0.002373,ws,ws,book_ladder,book_ladder,False,False,-3.3,2.3,65,39.0,strategy_S9-10__TYPE_F:NIFTY:2026-04-20T15:09:53:SHORT
2026-04-20,15:11:00,2026-04-20,15:12:24,NIFTY,BUY,TYPE_F,BOOK_ENTRY_1,BOOK_EXIT_1,24391.85,24394.8,NIFTY21APR2624350CE,24350.0,CE,145.2,142.55,150.0,140.0,150.0,140.0,0.001034,0.001752,ws,ws,book_ladder,book_ladder,False,False,-4.8,2.55,65,-172.25,strategy_S9-10__TYPE_F:NIFTY:2026-04-20T15:11:00:LONG
2026-04-20,15:12:36,2026-04-20,15:13:56,NIFTY,SELL,TYPE_F,BOOK_ENTRY_1,BOOK_EXIT_1,24393.45,24386.45,NIFTY21APR2624400PE,24400.0,PE,147.15,150.7,150.0,150.0,150.0,150.0,0.00102,0.00232,ws,ws,book_ladder,book_ladder,False,False,-2.85,0.7,65,230.75,strategy_S9-10__TYPE_F:NIFTY:2026-04-20T15:12:36:SHORT
2026-04-20,15:14:03,2026-04-20,15:14:23,NIFTY,BUY,TYPE_F,BOOK_ENTRY_1,BOOK_EXIT_1,24389.75,24388.1,NIFTY21APR2624350CE,24350.0,CE,140.5,139.2,145.0,135.0,145.0,135.0,0.002494,0.002869,ws,ws,book_ladder,book_ladder,False,False,-4.5,4.2,65,-84.5,strategy_S9-10__TYPE_F:NIFTY:2026-04-20T15:14:03:LONG
2026-04-20,15:14:32,2026-04-20,15:16:05,NIFTY,SELL,TYPE_F,BOOK_ENTRY_1,BOOK_EXIT_1,24387.1,24374.1,NIFTY21APR2624400PE,24400.0,PE,152.0,161.45,155.0,160.0,155.0,160.0,0.001646,0.002166,ws,ws,book_ladder,book_ladder,False,False,-3.0,1.45,65,614.25,strategy_S9-10__TYPE_F:NIFTY:2026-04-20T15:14:32:SHORT
2026-04-20,15:16:28,2026-04-20,15:17:46,NIFTY,SELL,TYPE_F,BOOK_ENTRY_1,BOOK_EXIT_1,24369.85,24358.25,NIFTY21APR2624400PE,24400.0,PE,162.35,168.6,165.0,165.0,165.0,165.0,0.002776,0.000297,ws,ws,book_ladder,book_ladder,False,False,-2.65,3.6,65,406.25,strategy_S9-10__TYPE_F:NIFTY:2026-04-20T15:16:28:SHORT
2026-04-20,15:17:50,2026-04-20,15:19:17,NIFTY,SELL,TYPE_F,BOOK_ENTRY_1,BOOK_EXIT_1,24355.0,24334.95,NIFTY21APR2624400PE,24400.0,PE,171.95,189.75,175.0,185.0,175.0,185.0,0.002329,0.002632,ws,ws,book_ladder,book_ladder,False,False,-3.05,4.75,65,1157.0,strategy_S9-10__TYPE_F:NIFTY:2026-04-20T15:17:50:SHORT
2026-04-20,15:19:43,2026-04-20,15:20:13,NIFTY,SELL,TYPE_F,BOOK_ENTRY_1,BOOK_EXIT_1,24331.15,24329.2,NIFTY21APR2624350PE,24350.0,PE,162.6,160.8,165.0,160.0,165.0,160.0,0.002771,0.002795,ws,ws,book_ladder,book_ladder,False,False,-2.4,0.8,65,-117.0,strategy_S9-10__TYPE_F:NIFTY:2026-04-20T15:19:43:SHORT
2026-04-20,15:20:24,2026-04-20,15:20:26,NIFTY,BUY,TYPE_F,BOOK_ENTRY_1,BOOK_EXIT_1,24331.8,24326.6,NIFTY21APR2624300CE,24300.0,CE,132.85,135.05,135.0,135.0,135.0,135.0,0.002261,0.00074,ws,ws,book_ladder,book_ladder,False,False,-2.15,0.05,65,143.0,strategy_S9-10__TYPE_F:NIFTY:2026-04-20T15:20:24:LONG
2026-04-20,15:20:42,2026-04-20,15:21:08,NIFTY,BUY,TYPE_F,BOOK_ENTRY_1,BOOK_EXIT_1,24332.7,24335.9,NIFTY21APR2624300CE,24300.0,CE,138.6,133.55,140.0,130.0,140.0,130.0,0.002528,0.002244,ws,ws,book_ladder,book_ladder,False,False,-1.4,3.55,65,-328.25,strategy_S9-10__TYPE_F:NIFTY:2026-04-20T15:20:42:LONG
2026-04-20,15:21:54,2026-04-20,15:22:29,NIFTY,SELL,TYPE_F,BOOK_ENTRY_1,BOOK_EXIT_1,24330.9,24331.95,NIFTY21APR2624350PE,24350.0,PE,161.7,154.6,165.0,150.0,165.0,150.0,0.002787,0.002261,ws,ws,book_ladder,book_ladder,False,False,-3.3,4.6,65,-461.5,strategy_S9-10__TYPE_F:NIFTY:2026-04-20T15:21:54:SHORT
2026-04-20,15:23:18,2026-04-20,15:23:28,NIFTY,SELL,TYPE_F,BOOK_ENTRY_1,BOOK_EXIT_1,24328.05,24331.6,NIFTY21APR2624350PE,24350.0,PE,160.15,158.9,165.0,155.0,165.0,155.0,0.000937,0.001258,ws,ws,book_ladder,book_ladder,False,False,-4.85,3.9,65,-81.25,strategy_S9-10__TYPE_F:NIFTY:2026-04-20T15:23:18:SHORT
2026-04-20,15:23:55,2026-04-20,15:25:03,NIFTY,SELL,TYPE_F,BOOK_ENTRY_1,BOOK_EXIT_1,24327.6,24323.15,NIFTY21APR2624350PE,24350.0,PE,159.05,160.7,160.0,160.0,160.0,160.0,0.000314,0.000311,ws,ws,book_ladder,book_ladder,False,False,-0.95,0.7,65,107.25,strategy_S9-10__TYPE_F:NIFTY:2026-04-20T15:23:55:SHORT
