Entry_Date,Entry_Time,Exit_Date,Exit_Time,Underlying_Symbol,Strategy_Direction,Execution_Mode,Entry_Label,Exit_Label,Underlying_Entry_Price,Underlying_Exit_Price,Option_Symbol,Option_Strike,Option_Type,Option_Entry_Price,Option_Exit_Price,Entry_Fair_Value,Exit_Fair_Value,Entry_Limit_Price,Exit_Limit_Price,Entry_Spread_Pct,Exit_Spread_Pct,Entry_Quote_Source,Exit_Quote_Source,Entry_Pricing_Mode,Exit_Pricing_Mode,Entry_Repriced,Exit_Repriced,Entry_Slippage_vs_Fair,Exit_Slippage_vs_Fair,Qty,PnL,Trade_ID
2026-04-20,09:18:29,2026-04-20,09:18:41,NIFTY,BUY,TYPE_B,PASSIVE,HIT_BID,24320.85,24319.45,NIFTY21APR2624300CE,24300.0,CE,141.3,140.3,141.05,140.33,145.0,140.0,0.035423,0.035613,ws,ws,type_b_ladder,type_b_ladder,False,False,0.2455,-0.0333,65,-65.0,strategy_S9-149__TYPE_B:NIFTY:2026-04-20T09:18:29:LONG
2026-04-20,09:19:03,2026-04-20,09:19:09,NIFTY,SELL,TYPE_B,PASSIVE,HIT_BID,24300.15,24305.45,NIFTY21APR2624350PE,24350.0,PE,168.35,166.8,168.16,167.18,170.0,165.0,0.029731,0.029936,ws,ws,type_b_ladder,type_b_ladder,False,False,0.1909,-0.3808,65,-100.75,strategy_S9-149__TYPE_B:NIFTY:2026-04-20T09:19:03:SHORT
2026-04-20,09:19:32,2026-04-20,09:20:28,NIFTY,BUY,TYPE_B,PASSIVE,HIT_BID,24316.9,24352.25,NIFTY21APR2624300CE,24300.0,CE,136.65,157.15,136.65,157.24,140.0,155.0,0.03661,0.031776,ws,ws,type_b_ladder,type_b_ladder,False,False,0.0029,-0.0889,65,1332.5,strategy_S9-149__TYPE_B:NIFTY:2026-04-20T09:19:32:LONG
2026-04-20,09:20:50,2026-04-20,09:21:05,NIFTY,BUY,TYPE_B,PASSIVE,HIT_BID,24365.85,24359.05,NIFTY21APR2624350CE,24350.0,CE,132.75,134.45,132.69,134.54,135.0,130.0,0.037707,0.037175,ws,ws,type_b_ladder,type_b_ladder,False,False,0.06,-0.0857,65,110.5,strategy_S9-149__TYPE_B:NIFTY:2026-04-20T09:20:50:LONG
2026-04-20,09:21:20,2026-04-20,09:21:26,NIFTY,SELL,TYPE_B,PASSIVE,HIT_BID,24356.65,24361.3,NIFTY21APR2624400PE,24400.0,PE,170.0,167.7,169.94,168.09,170.0,165.0,0.029425,0.029775,ws,ws,type_b_ladder,type_b_ladder,False,False,0.06,-0.3938,65,-149.5,strategy_S9-149__TYPE_B:NIFTY:2026-04-20T09:21:20:SHORT
2026-04-20,09:22:05,2026-04-20,09:22:22,NIFTY,BUY,TYPE_B,PASSIVE,HIT_BID,24373.1,24375.6,NIFTY21APR2624350CE,24350.0,CE,139.95,138.75,139.69,138.89,140.0,135.0,0.035772,0.03601,ws,ws,type_b_ladder,type_b_ladder,False,False,0.2625,-0.1448,65,-78.0,strategy_S9-149__TYPE_B:NIFTY:2026-04-20T09:22:05:LONG
2026-04-20,09:23:00,2026-04-20,09:23:10,NIFTY,BUY,TYPE_B,PASSIVE,HIT_BID,24379.65,24376.2,NIFTY21APR2624350CE,24350.0,CE,142.4,141.0,142.38,141.21,145.0,140.0,0.035137,0.03543,ws,ws,type_b_ladder,type_b_ladder,False,False,0.02,-0.2143,65,-91.0,strategy_S9-149__TYPE_B:NIFTY:2026-04-20T09:23:00:LONG
2026-04-20,09:23:26,2026-04-20,09:24:00,NIFTY,BUY,TYPE_B,PASSIVE,HIT_BID,24385.75,24386.65,NIFTY21APR2624350CE,24350.0,CE,146.95,147.5,146.71,147.65,150.0,145.0,0.034072,0.033864,ws,ws,type_b_ladder,type_b_ladder,False,False,0.2444,-0.15,65,35.75,strategy_S9-149__TYPE_B:NIFTY:2026-04-20T09:23:26:LONG
2026-04-20,09:24:10,2026-04-20,09:24:36,NIFTY,BUY,TYPE_B,PASSIVE,HIT_BID,24392.1,24392.5,NIFTY21APR2624350CE,24350.0,CE,151.2,148.6,151.18,148.68,155.0,145.0,0.033107,0.033613,ws,ws,type_b_ladder,type_b_ladder,False,False,0.025,-0.075,65,-169.0,strategy_S9-149__TYPE_B:NIFTY:2026-04-20T09:24:10:LONG
2026-04-20,09:24:46,2026-04-20,09:25:00,NIFTY,BUY,TYPE_B,PASSIVE,HIT_BID,24395.2,24393.0,NIFTY21APR2624350CE,24350.0,CE,150.4,149.6,150.18,149.85,155.0,145.0,0.033272,0.033378,ws,ws,type_b_ladder,type_b_ladder,False,False,0.225,-0.2526,65,-52.0,strategy_S9-149__TYPE_B:NIFTY:2026-04-20T09:24:46:LONG
2026-04-20,09:25:30,2026-04-20,09:25:52,NIFTY,BUY,TYPE_B,PASSIVE,HIT_BID,24407.55,24411.15,NIFTY21APR2624400CE,24400.0,CE,135.65,133.65,135.57,133.9,140.0,130.0,0.036914,0.037369,ws,ws,type_b_ladder,type_b_ladder,False,False,0.0842,-0.25,65,-130.0,strategy_S9-149__TYPE_B:NIFTY:2026-04-20T09:25:30:LONG
2026-04-20,09:26:30,2026-04-20,09:26:39,NIFTY,SELL,TYPE_B,PASSIVE,HIT_BID,24389.35,24391.45,NIFTY21APR2624400PE,24400.0,PE,151.05,150.0,150.95,150.07,155.0,150.0,0.033124,0.033306,ws,ws,type_b_ladder,type_b_ladder,False,False,0.1,-0.0682,65,-68.25,strategy_S9-149__TYPE_B:NIFTY:2026-04-20T09:26:30:SHORT
2026-04-20,09:26:55,2026-04-20,09:27:10,NIFTY,SELL,TYPE_B,PASSIVE,HIT_BID,24386.95,24383.85,NIFTY21APR2624400PE,24400.0,PE,153.9,152.15,153.82,152.42,155.0,150.0,0.032531,0.032819,ws,ws,type_b_ladder,type_b_ladder,False,False,0.0762,-0.2667,65,-113.75,strategy_S9-149__TYPE_B:NIFTY:2026-04-20T09:26:55:SHORT
2026-04-20,09:28:00,2026-04-20,09:28:41,NIFTY,BUY,TYPE_B,PASSIVE,HIT_BID,24388.25,24405.65,NIFTY21APR2624350CE,24350.0,CE,149.95,159.0,149.79,159.39,150.0,155.0,0.033383,0.031402,ws,ws,type_b_ladder,type_b_ladder,False,False,0.1556,-0.3877,65,588.25,strategy_S9-149__TYPE_B:NIFTY:2026-04-20T09:28:00:LONG
2026-04-20,09:28:54,2026-04-20,09:29:06,NIFTY,SELL,TYPE_B,PASSIVE,HIT_BID,24396.95,24401.0,NIFTY21APR2624400PE,24400.0,PE,148.85,147.7,148.68,147.92,150.0,145.0,0.033636,0.033812,ws,ws,type_b_ladder,type_b_ladder,False,False,0.1667,-0.2188,65,-74.75,strategy_S9-149__TYPE_B:NIFTY:2026-04-20T09:28:54:SHORT
2026-04-20,09:29:10,2026-04-20,09:29:26,NIFTY,SELL,TYPE_B,PASSIVE,HIT_BID,24396.45,24394.75,NIFTY21APR2624400PE,24400.0,PE,149.0,148.85,148.96,148.93,150.0,145.0,0.033591,0.033557,ws,ws,type_b_ladder,type_b_ladder,False,False,0.0429,-0.075,65,-9.75,strategy_S9-149__TYPE_B:NIFTY:2026-04-20T09:29:10:SHORT
2026-04-20,09:29:41,2026-04-20,09:30:08,NIFTY,SELL,TYPE_B,PASSIVE,HIT_BID,24392.0,24387.7,NIFTY21APR2624400PE,24400.0,PE,149.75,150.05,149.61,150.25,150.0,150.0,0.033434,0.033283,ws,ws,type_b_ladder,type_b_ladder,False,False,0.14,-0.1969,65,19.5,strategy_S9-149__TYPE_B:NIFTY:2026-04-20T09:29:41:SHORT
2026-04-20,09:30:40,2026-04-20,09:31:29,NIFTY,SELL,TYPE_B,PASSIVE,HIT_BID,24383.95,24369.2,NIFTY21APR2624400PE,24400.0,PE,152.8,161.4,152.68,161.43,155.0,160.0,0.032749,0.030955,ws,ws,type_b_ladder,type_b_ladder,False,False,0.125,-0.0294,65,559.0,strategy_S9-149__TYPE_B:NIFTY:2026-04-20T09:30:40:SHORT
2026-04-20,09:31:53,2026-04-20,09:31:56,NIFTY,BUY,TYPE_B,PASSIVE,HIT_BID,24371.7,24367.95,NIFTY21APR2624350CE,24350.0,CE,143.15,141.15,143.1,141.17,145.0,140.0,0.034959,0.035398,ws,ws,type_b_ladder,type_b_ladder,False,False,0.05,-0.0154,65,-130.0,strategy_S9-149__TYPE_B:NIFTY:2026-04-20T09:31:53:LONG
2026-04-20,09:32:20,2026-04-20,09:32:59,NIFTY,SELL,TYPE_B,PASSIVE,HIT_BID,24359.4,24345.05,NIFTY21APR2624400PE,24400.0,PE,164.6,172.15,164.58,172.26,165.0,170.0,0.030395,0.029032,ws,ws,type_b_ladder,type_b_ladder,False,False,0.02,-0.1125,65,490.75,strategy_S9-149__TYPE_B:NIFTY:2026-04-20T09:32:20:SHORT
2026-04-20,09:33:25,2026-04-20,09:33:57,NIFTY,BUY,TYPE_B,PASSIVE,HIT_BID,24353.25,24369.15,NIFTY21APR2624350CE,24350.0,CE,134.8,138.85,134.74,139.04,135.0,135.0,0.037113,0.035965,ws,ws,type_b_ladder,type_b_ladder,False,False,0.06,-0.1867,65,263.25,strategy_S9-149__TYPE_B:NIFTY:2026-04-20T09:33:25:LONG
2026-04-20,09:34:10,2026-04-20,09:34:35,NIFTY,SELL,TYPE_B,PASSIVE,HIT_BID,24366.7,24355.15,NIFTY21APR2624400PE,24400.0,PE,161.55,169.45,161.34,169.7,165.0,165.0,0.030974,0.029468,ws,ws,type_b_ladder,type_b_ladder,False,False,0.2115,-0.2543,65,513.5,strategy_S9-149__TYPE_B:NIFTY:2026-04-20T09:34:10:SHORT
2026-04-20,09:35:00,2026-04-20,09:35:07,NIFTY,BUY,TYPE_B,PASSIVE,HIT_BID,24360.25,24355.25,NIFTY21APR2624350CE,24350.0,CE,133.15,130.95,133.0,131.21,135.0,130.0,0.037601,0.038132,ws,ws,type_b_ladder,type_b_ladder,False,False,0.154,-0.2567,65,-143.0,strategy_S9-149__TYPE_B:NIFTY:2026-04-20T09:35:00:LONG
2026-04-20,09:35:22,2026-04-20,09:35:36,NIFTY,BUY,TYPE_B,PASSIVE,HIT_BID,24361.4,24364.25,NIFTY21APR2624350CE,24350.0,CE,133.25,131.85,133.03,132.04,135.0,130.0,0.037566,0.037864,ws,ws,type_b_ladder,type_b_ladder,False,False,0.22,-0.1939,65,-91.0,strategy_S9-149__TYPE_B:NIFTY:2026-04-20T09:35:22:LONG
2026-04-20,09:36:20,2026-04-20,09:36:46,NIFTY,SELL,TYPE_B,PASSIVE,HIT_BID,24358.95,24354.65,NIFTY21APR2624400PE,24400.0,PE,166.65,166.55,166.46,166.62,170.0,165.0,0.030044,0.029985,ws,ws,type_b_ladder,type_b_ladder,False,False,0.1929,-0.0667,65,-6.5,strategy_S9-149__TYPE_B:NIFTY:2026-04-20T09:36:20:SHORT
2026-04-20,09:37:07,2026-04-20,09:37:15,NIFTY,SELL,TYPE_B,PASSIVE,HIT_BID,24350.25,24352.7,NIFTY21APR2624400PE,24400.0,PE,167.9,166.1,167.62,166.27,170.0,165.0,0.029811,0.030062,ws,ws,type_b_ladder,type_b_ladder,False,False,0.2833,-0.1714,65,-117.0,strategy_S9-149__TYPE_B:NIFTY:2026-04-20T09:37:07:SHORT
2026-04-20,09:38:30,2026-04-20,09:38:40,NIFTY,SELL,TYPE_B,PASSIVE,HIT_BID,24345.95,24346.0,NIFTY21APR2624350PE,24350.0,PE,140.9,141.4,140.74,141.77,145.0,140.0,0.03553,0.035311,ws,ws,type_b_ladder,type_b_ladder,False,False,0.1556,-0.3692,65,32.5,strategy_S9-149__TYPE_B:NIFTY:2026-04-20T09:38:30:SHORT
2026-04-20,09:38:51,2026-04-20,09:39:10,NIFTY,SELL,TYPE_B,PASSIVE,HIT_BID,24335.35,24338.9,NIFTY21APR2624350PE,24350.0,PE,145.0,142.7,144.89,142.9,145.0,140.0,0.034524,0.03499,ws,ws,type_b_ladder,type_b_ladder,False,False,0.1065,-0.2,65,-149.5,strategy_S9-149__TYPE_B:NIFTY:2026-04-20T09:38:51:SHORT
2026-04-20,09:40:07,2026-04-20,09:40:12,NIFTY,SELL,TYPE_B,PASSIVE,HIT_BID,24341.2,24344.3,NIFTY21APR2624350PE,24350.0,PE,143.85,142.35,143.63,142.5,145.0,140.0,0.034789,0.035088,ws,ws,type_b_ladder,type_b_ladder,False,False,0.2222,-0.15,65,-97.5,strategy_S9-149__TYPE_B:NIFTY:2026-04-20T09:40:07:SHORT
2026-04-20,09:40:21,2026-04-20,09:40:38,NIFTY,SELL,TYPE_B,PASSIVE,HIT_BID,24338.3,24339.95,NIFTY21APR2624350PE,24350.0,PE,146.35,145.3,146.3,145.34,150.0,145.0,0.034188,0.034376,ws,ws,type_b_ladder,type_b_ladder,False,False,0.05,-0.045,65,-68.25,strategy_S9-149__TYPE_B:NIFTY:2026-04-20T09:40:21:SHORT
2026-04-20,09:41:01,2026-04-20,09:41:10,NIFTY,BUY,TYPE_B,PASSIVE,HIT_BID,24345.75,24344.05,NIFTY21APR2624300CE,24300.0,CE,156.55,155.05,156.39,155.19,160.0,155.0,0.031969,0.032211,ws,ws,type_b_ladder,type_b_ladder,False,False,0.1636,-0.14,65,-97.5,strategy_S9-149__TYPE_B:NIFTY:2026-04-20T09:41:01:LONG
2026-04-20,09:41:50,2026-04-20,09:42:05,NIFTY,SELL,TYPE_B,PASSIVE,HIT_BID,24336.1,24333.3,NIFTY21APR2624350PE,24350.0,PE,147.4,150.05,147.14,150.37,150.0,150.0,0.033962,0.033278,ws,ws,type_b_ladder,type_b_ladder,False,False,0.2625,-0.32,65,172.25,strategy_S9-149__TYPE_B:NIFTY:2026-04-20T09:41:50:SHORT
2026-04-20,09:42:22,2026-04-20,09:42:57,NIFTY,SELL,TYPE_B,PASSIVE,HIT_BID,24327.65,24323.8,NIFTY21APR2624350PE,24350.0,PE,150.7,150.5,150.42,150.67,155.0,150.0,0.033217,0.033195,ws,ws,type_b_ladder,type_b_ladder,False,False,0.28,-0.1667,65,-13.0,strategy_S9-149__TYPE_B:NIFTY:2026-04-20T09:42:22:SHORT
2026-04-20,09:43:20,2026-04-20,09:43:49,NIFTY,SELL,TYPE_B,PASSIVE,HIT_BID,24321.75,24313.45,NIFTY21APR2624350PE,24350.0,PE,154.0,157.4,153.67,157.55,155.0,155.0,0.032504,0.031741,ws,ws,type_b_ladder,type_b_ladder,False,False,0.335,-0.15,65,221.0,strategy_S9-149__TYPE_B:NIFTY:2026-04-20T09:43:20:SHORT
2026-04-20,09:44:04,2026-04-20,09:44:36,NIFTY,SELL,TYPE_B,PASSIVE,HIT_BID,24307.7,24298.6,NIFTY21APR2624350PE,24350.0,PE,159.95,165.0,159.71,165.4,160.0,165.0,0.031304,0.030262,ws,ws,type_b_ladder,type_b_ladder,False,False,0.24,-0.4,65,328.25,strategy_S9-149__TYPE_B:NIFTY:2026-04-20T09:44:04:SHORT
2026-04-20,09:45:30,2026-04-20,09:45:45,NIFTY,SELL,TYPE_B,PASSIVE,HIT_BID,24291.85,24295.2,NIFTY21APR2624300PE,24300.0,PE,143.55,141.95,143.25,141.99,145.0,140.0,0.034874,0.035186,ws,ws,type_b_ladder,type_b_ladder,False,False,0.3017,-0.0375,65,-104.0,strategy_S9-149__TYPE_B:NIFTY:2026-04-20T09:45:30:SHORT
2026-04-20,09:46:09,2026-04-20,09:46:17,NIFTY,BUY,TYPE_B,PASSIVE,HIT_BID,24300.2,24295.8,NIFTY21APR2624300CE,24300.0,CE,127.95,127.35,127.85,127.46,130.0,125.0,0.039108,0.039223,ws,ws,type_b_ladder,type_b_ladder,False,False,0.1,-0.1071,65,-39.0,strategy_S9-149__TYPE_B:NIFTY:2026-04-20T09:46:09:LONG
2026-04-20,09:47:00,2026-04-20,09:47:31,NIFTY,SELL,TYPE_B,PASSIVE,HIT_BID,24291.0,24285.6,NIFTY21APR2624300PE,24300.0,PE,146.0,149.85,145.78,149.94,150.0,145.0,0.034288,0.033328,ws,ws,type_b_ladder,type_b_ladder,False,False,0.225,-0.0875,65,250.25,strategy_S9-149__TYPE_B:NIFTY:2026-04-20T09:47:00:SHORT
2026-04-20,09:48:40,2026-04-20,09:49:06,NIFTY,SELL,TYPE_B,PASSIVE,HIT_BID,24284.5,24284.65,NIFTY21APR2624300PE,24300.0,PE,150.95,149.05,150.82,149.16,155.0,145.0,0.033162,0.033506,ws,ws,type_b_ladder,type_b_ladder,False,False,0.1312,-0.112,65,-123.5,strategy_S9-149__TYPE_B:NIFTY:2026-04-20T09:48:40:SHORT
2026-04-20,09:49:19,2026-04-20,09:49:58,NIFTY,BUY,TYPE_B,PASSIVE,HIT_BID,24288.45,24297.6,NIFTY21APR2624250CE,24250.0,CE,150.75,151.3,150.59,151.48,155.0,150.0,0.033195,0.033025,ws,ws,type_b_ladder,type_b_ladder,False,False,0.1618,-0.1833,65,35.75,strategy_S9-149__TYPE_B:NIFTY:2026-04-20T09:49:19:LONG
2026-04-20,09:50:10,2026-04-20,09:50:26,NIFTY,SELL,TYPE_B,PASSIVE,HIT_BID,24289.65,24289.55,NIFTY21APR2624300PE,24300.0,PE,150.1,149.5,150.07,149.62,155.0,145.0,0.033339,0.033417,ws,ws,type_b_ladder,type_b_ladder,False,False,0.025,-0.1176,65,-39.0,strategy_S9-149__TYPE_B:NIFTY:2026-04-20T09:50:10:SHORT
2026-04-20,09:50:57,2026-04-20,09:51:03,NIFTY,BUY,TYPE_B,PASSIVE,HIT_BID,24292.85,24289.4,NIFTY21APR2624250CE,24250.0,CE,149.35,149.4,149.24,149.62,150.0,145.0,0.033506,0.033428,ws,ws,type_b_ladder,type_b_ladder,False,False,0.1071,-0.2188,65,3.25,strategy_S9-149__TYPE_B:NIFTY:2026-04-20T09:50:57:LONG
2026-04-20,09:51:21,2026-04-20,09:51:41,NIFTY,BUY,TYPE_B,PASSIVE,HIT_BID,24296.0,24294.55,NIFTY21APR2624250CE,24250.0,CE,153.0,153.75,152.72,153.95,155.0,150.0,0.032717,0.032478,ws,ws,type_b_ladder,type_b_ladder,False,False,0.275,-0.2,65,48.75,strategy_S9-149__TYPE_B:NIFTY:2026-04-20T09:51:21:LONG
2026-04-20,09:52:10,2026-04-20,09:53:50,NIFTY,BUY,TYPE_B,PASSIVE,HIT_BID,24298.65,24320.65,NIFTY21APR2624250CE,24250.0,CE,154.05,164.55,153.95,164.87,155.0,160.0,0.032489,0.030349,ws,ws,type_b_ladder,type_b_ladder,False,False,0.1,-0.32,65,682.5,strategy_S9-149__TYPE_B:NIFTY:2026-04-20T09:52:10:LONG
2026-04-20,09:54:48,2026-04-20,09:55:06,NIFTY,BUY,TYPE_B,PASSIVE,HIT_BID,24332.55,24333.4,NIFTY21APR2624300CE,24300.0,CE,144.15,146.4,144.11,146.42,145.0,145.0,0.03471,0.034118,ws,ws,type_b_ladder,type_b_ladder,False,False,0.0353,-0.0187,65,146.25,strategy_S9-149__TYPE_B:NIFTY:2026-04-20T09:54:48:LONG
2026-04-20,09:55:31,2026-04-20,09:55:58,NIFTY,BUY,TYPE_B,PASSIVE,HIT_BID,24339.25,24340.95,NIFTY21APR2624300CE,24300.0,CE,149.5,151.45,149.49,151.58,150.0,150.0,0.033462,0.032965,ws,ws,type_b_ladder,type_b_ladder,False,False,0.015,-0.1303,65,126.75,strategy_S9-149__TYPE_B:NIFTY:2026-04-20T09:55:31:LONG
2026-04-20,09:56:10,2026-04-20,09:56:56,NIFTY,SELL,TYPE_B,PASSIVE,HIT_BID,24336.8,24329.25,NIFTY21APR2624350PE,24350.0,PE,152.7,155.25,152.4,155.29,155.0,155.0,0.032782,0.03217,ws,ws,type_b_ladder,type_b_ladder,False,False,0.2975,-0.0389,65,165.75,strategy_S9-149__TYPE_B:NIFTY:2026-04-20T09:56:10:SHORT
2026-04-20,09:57:14,2026-04-20,09:57:22,NIFTY,BUY,TYPE_B,PASSIVE,HIT_BID,24332.05,24329.35,NIFTY21APR2624300CE,24300.0,CE,146.05,143.55,146.02,143.71,150.0,140.0,0.03427,0.034789,ws,ws,type_b_ladder,type_b_ladder,False,False,0.03,-0.1615,65,-162.5,strategy_S9-149__TYPE_B:NIFTY:2026-04-20T09:57:14:LONG
2026-04-20,09:58:10,2026-04-20,09:58:33,NIFTY,SELL,TYPE_B,PASSIVE,HIT_BID,24322.3,24323.7,NIFTY21APR2624350PE,24350.0,PE,158.4,156.25,158.1,156.47,160.0,155.0,0.031606,0.031954,ws,ws,type_b_ladder,type_b_ladder,False,False,0.3,-0.225,65,-139.75,strategy_S9-149__TYPE_B:NIFTY:2026-04-20T09:58:10:SHORT
2026-04-20,09:59:20,2026-04-20,09:59:47,NIFTY,BUY,TYPE_B,PASSIVE,HIT_BID,24327.75,24327.55,NIFTY21APR2624300CE,24300.0,CE,145.4,146.5,145.21,146.53,150.0,145.0,0.034435,0.034095,ws,ws,type_b_ladder,type_b_ladder,False,False,0.1931,-0.0333,65,71.5,strategy_S9-149__TYPE_B:NIFTY:2026-04-20T09:59:20:LONG
2026-04-20,10:00:40,2026-04-20,10:01:09,NIFTY,BUY,TYPE_B,PASSIVE,HIT_BID,24332.7,24332.05,NIFTY21APR2624300CE,24300.0,CE,147.7,145.2,147.62,145.31,150.0,145.0,0.033887,0.034412,ws,ws,type_b_ladder,type_b_ladder,False,False,0.075,-0.1073,65,-162.5,strategy_S9-149__TYPE_B:NIFTY:2026-04-20T10:00:40:LONG
2026-04-20,10:01:30,2026-04-20,10:01:52,NIFTY,BUY,TYPE_B,PASSIVE,HIT_BID,24336.4,24334.3,NIFTY21APR2624300CE,24300.0,CE,148.4,148.5,148.32,148.69,150.0,145.0,0.033733,0.033636,ws,ws,type_b_ladder,type_b_ladder,False,False,0.084,-0.1875,65,6.5,strategy_S9-149__TYPE_B:NIFTY:2026-04-20T10:01:30:LONG
2026-04-20,10:02:02,2026-04-20,10:02:10,NIFTY,SELL,TYPE_B,PASSIVE,HIT_BID,24332.05,24333.4,NIFTY21APR2624350PE,24350.0,PE,155.55,153.75,155.44,153.98,160.0,150.0,0.03218,0.032483,ws,ws,type_b_ladder,type_b_ladder,False,False,0.1114,-0.2333,65,-117.0,strategy_S9-149__TYPE_B:NIFTY:2026-04-20T10:02:02:SHORT
2026-04-20,10:02:32,2026-04-20,10:03:31,NIFTY,BUY,TYPE_B,PASSIVE,HIT_BID,24337.55,24358.2,NIFTY21APR2624300CE,24300.0,CE,148.1,161.3,148.06,161.36,150.0,160.0,0.033801,0.03096,ws,ws,type_b_ladder,type_b_ladder,False,False,0.0368,-0.0571,65,858.0,strategy_S9-149__TYPE_B:NIFTY:2026-04-20T10:02:32:LONG
2026-04-20,10:04:13,2026-04-20,10:04:25,NIFTY,SELL,TYPE_B,PASSIVE,HIT_BID,24351.5,24349.0,NIFTY21APR2624400PE,24400.0,PE,167.75,169.55,167.5,169.75,170.0,165.0,0.029842,0.029459,ws,ws,type_b_ladder,type_b_ladder,False,False,0.2476,-0.2,65,117.0,strategy_S9-149__TYPE_B:NIFTY:2026-04-20T10:04:13:SHORT
2026-04-20,10:05:01,2026-04-20,10:05:20,NIFTY,BUY,TYPE_B,PASSIVE,HIT_BID,24356.9,24358.85,NIFTY21APR2624350CE,24350.0,CE,136.0,135.45,135.78,135.46,140.0,135.0,0.036812,0.036873,ws,ws,type_b_ladder,type_b_ladder,False,False,0.2227,-0.01,65,-35.75,strategy_S9-149__TYPE_B:NIFTY:2026-04-20T10:05:01:LONG
2026-04-20,10:05:44,2026-04-20,10:05:58,NIFTY,BUY,TYPE_B,PASSIVE,HIT_BID,24362.7,24362.35,NIFTY21APR2624350CE,24350.0,CE,137.1,136.65,136.97,136.86,140.0,135.0,0.03651,0.036543,ws,ws,type_b_ladder,type_b_ladder,False,False,0.1286,-0.2068,65,-29.25,strategy_S9-149__TYPE_B:NIFTY:2026-04-20T10:05:44:LONG
2026-04-20,10:06:00,2026-04-20,10:06:04,NIFTY,BUY,TYPE_B,PASSIVE,HIT_BID,24364.4,24361.45,NIFTY21APR2624350CE,24350.0,CE,136.85,134.6,136.73,134.88,140.0,130.0,0.03657,0.037099,ws,ws,type_b_ladder,type_b_ladder,False,False,0.1154,-0.28,65,-146.25,strategy_S9-149__TYPE_B:NIFTY:2026-04-20T10:06:00:LONG
2026-04-20,10:06:10,2026-04-20,10:06:33,NIFTY,SELL,TYPE_B,PASSIVE,HIT_BID,24360.3,24361.75,NIFTY21APR2624400PE,24400.0,PE,165.0,163.65,164.78,163.67,165.0,160.0,0.030326,0.03052,ws,ws,type_b_ladder,type_b_ladder,False,False,0.225,-0.0239,65,-87.75,strategy_S9-149__TYPE_B:NIFTY:2026-04-20T10:06:10:SHORT
2026-04-20,10:06:40,2026-04-20,10:07:05,NIFTY,SELL,TYPE_B,PASSIVE,HIT_BID,24356.35,24358.85,NIFTY21APR2624400PE,24400.0,PE,168.45,164.55,168.29,164.69,170.0,160.0,0.029718,0.030354,ws,ws,type_b_ladder,type_b_ladder,False,False,0.1647,-0.14,65,-253.5,strategy_S9-149__TYPE_B:NIFTY:2026-04-20T10:06:40:SHORT
2026-04-20,10:07:10,2026-04-20,10:08:44,NIFTY,BUY,TYPE_B,PASSIVE,HIT_BID,24361.55,24378.4,NIFTY21APR2624350CE,24350.0,CE,135.3,141.6,135.14,141.68,140.0,140.0,0.036989,0.03528,ws,ws,type_b_ladder,type_b_ladder,False,False,0.1625,-0.0833,65,409.5,strategy_S9-149__TYPE_B:NIFTY:2026-04-20T10:07:10:LONG
2026-04-20,10:09:19,2026-04-20,10:09:29,NIFTY,BUY,TYPE_B,PASSIVE,HIT_BID,24385.5,24382.2,NIFTY21APR2624350CE,24350.0,CE,146.7,145.5,146.58,145.73,150.0,145.0,0.034118,0.034311,ws,ws,type_b_ladder,type_b_ladder,False,False,0.12,-0.2325,65,-78.0,strategy_S9-149__TYPE_B:NIFTY:2026-04-20T10:09:19:LONG
2026-04-20,10:09:42,2026-04-20,10:09:50,NIFTY,BUY,TYPE_B,PASSIVE,HIT_BID,24386.85,24385.35,NIFTY21APR2624350CE,24350.0,CE,150.15,148.0,150.09,148.32,155.0,145.0,0.033339,0.033738,ws,ws,type_b_ladder,type_b_ladder,False,False,0.0583,-0.3172,65,-139.75,strategy_S9-149__TYPE_B:NIFTY:2026-04-20T10:09:42:LONG
2026-04-20,10:10:20,2026-04-20,10:10:32,NIFTY,SELL,TYPE_B,PASSIVE,HIT_BID,24380.9,24377.3,NIFTY21APR2624400PE,24400.0,PE,150.5,151.05,150.36,151.29,155.0,150.0,0.033239,0.033063,ws,ws,type_b_ladder,type_b_ladder,False,False,0.1403,-0.245,65,35.75,strategy_S9-149__TYPE_B:NIFTY:2026-04-20T10:10:20:SHORT
2026-04-20,10:11:34,2026-04-20,10:11:57,NIFTY,SELL,TYPE_B,PASSIVE,HIT_BID,24379.2,24380.6,NIFTY21APR2624400PE,24400.0,PE,152.3,151.0,152.26,151.26,155.0,150.0,0.032846,0.03308,ws,ws,type_b_ladder,type_b_ladder,False,False,0.0375,-0.2571,65,-84.5,strategy_S9-149__TYPE_B:NIFTY:2026-04-20T10:11:34:SHORT
2026-04-20,10:12:34,2026-04-20,10:13:03,NIFTY,SELL,TYPE_B,PASSIVE,HIT_BID,24378.25,24367.9,NIFTY21APR2624400PE,24400.0,PE,153.85,158.7,153.58,158.88,155.0,155.0,0.032536,0.031466,ws,ws,type_b_ladder,type_b_ladder,False,False,0.2705,-0.1818,65,315.25,strategy_S9-149__TYPE_B:NIFTY:2026-04-20T10:12:34:SHORT
2026-04-20,10:13:57,2026-04-20,10:14:03,NIFTY,BUY,TYPE_B,PASSIVE,HIT_BID,24372.7,24370.7,NIFTY21APR2624350CE,24350.0,CE,144.35,142.0,144.28,142.25,145.0,140.0,0.034668,0.035168,ws,ws,type_b_ladder,type_b_ladder,False,False,0.0714,-0.2534,65,-152.75,strategy_S9-149__TYPE_B:NIFTY:2026-04-20T10:13:57:LONG
2026-04-20,10:14:41,2026-04-20,10:14:56,NIFTY,BUY,TYPE_B,PASSIVE,HIT_BID,24377.55,24378.15,NIFTY21APR2624350CE,24350.0,CE,146.65,147.1,146.56,147.24,150.0,145.0,0.03413,0.03395,ws,ws,type_b_ladder,type_b_ladder,False,False,0.0938,-0.1361,65,29.25,strategy_S9-149__TYPE_B:NIFTY:2026-04-20T10:14:41:LONG
2026-04-20,10:15:20,2026-04-20,10:15:50,NIFTY,SELL,TYPE_B,PASSIVE,HIT_BID,24376.05,24376.1,NIFTY21APR2624400PE,24400.0,PE,153.4,152.1,153.29,152.3,155.0,150.0,0.032621,0.032846,ws,ws,type_b_ladder,type_b_ladder,False,False,0.1146,-0.2,65,-84.5,strategy_S9-149__TYPE_B:NIFTY:2026-04-20T10:15:20:SHORT
2026-04-20,10:16:10,2026-04-20,10:17:00,NIFTY,BUY,TYPE_B,PASSIVE,HIT_BID,24382.5,24385.8,NIFTY21APR2624350CE,24350.0,CE,150.5,151.15,150.23,151.18,155.0,150.0,0.033267,0.033041,ws,ws,type_b_ladder,type_b_ladder,False,False,0.2667,-0.0292,65,42.25,strategy_S9-149__TYPE_B:NIFTY:2026-04-20T10:16:10:LONG
2026-04-20,10:17:16,2026-04-20,10:17:52,NIFTY,BUY,TYPE_B,PASSIVE,HIT_BID,24391.65,24395.2,NIFTY21APR2624350CE,24350.0,CE,154.4,157.2,154.26,157.47,155.0,155.0,0.032425,0.031766,ws,ws,type_b_ladder,type_b_ladder,False,False,0.1391,-0.2727,65,182.0,strategy_S9-149__TYPE_B:NIFTY:2026-04-20T10:17:16:LONG
2026-04-20,10:18:02,2026-04-20,10:18:13,NIFTY,BUY,TYPE_B,PASSIVE,HIT_BID,24398.15,24396.35,NIFTY21APR2624350CE,24350.0,CE,157.8,157.5,157.43,157.63,160.0,155.0,0.031731,0.031706,ws,ws,type_b_ladder,type_b_ladder,False,False,0.3724,-0.1333,65,-19.5,strategy_S9-149__TYPE_B:NIFTY:2026-04-20T10:18:02:LONG
2026-04-20,10:18:22,2026-04-20,10:18:55,NIFTY,SELL,TYPE_B,PASSIVE,HIT_BID,24393.75,24390.15,NIFTY21APR2624400PE,24400.0,PE,146.0,145.85,145.97,146.04,150.0,145.0,0.034252,0.034247,ws,ws,type_b_ladder,type_b_ladder,False,False,0.0262,-0.1875,65,-9.75,strategy_S9-149__TYPE_B:NIFTY:2026-04-20T10:18:22:SHORT
2026-04-20,10:19:27,2026-04-20,10:19:50,NIFTY,SELL,TYPE_B,PASSIVE,HIT_BID,24387.15,24387.9,NIFTY21APR2624400PE,24400.0,PE,147.6,146.4,147.34,146.49,150.0,145.0,0.03391,0.034141,ws,ws,type_b_ladder,type_b_ladder,False,False,0.2591,-0.0867,65,-78.0,strategy_S9-149__TYPE_B:NIFTY:2026-04-20T10:19:27:SHORT
2026-04-20,10:20:40,2026-04-20,10:21:37,NIFTY,SELL,TYPE_B,PASSIVE,HIT_BID,24387.95,24379.6,NIFTY21APR2624400PE,24400.0,PE,147.25,151.8,147.13,151.89,150.0,150.0,0.03399,0.032927,ws,ws,type_b_ladder,type_b_ladder,False,False,0.12,-0.0875,65,295.75,strategy_S9-149__TYPE_B:NIFTY:2026-04-20T10:20:40:SHORT
2026-04-20,10:22:10,2026-04-20,10:22:40,NIFTY,BUY,TYPE_B,PASSIVE,HIT_BID,24384.4,24389.3,NIFTY21APR2624350CE,24350.0,CE,150.35,149.9,150.19,149.91,155.0,145.0,0.033294,0.033317,ws,ws,type_b_ladder,type_b_ladder,False,False,0.1647,-0.0103,65,-29.25,strategy_S9-149__TYPE_B:NIFTY:2026-04-20T10:22:10:LONG
2026-04-20,10:23:01,2026-04-20,10:24:41,NIFTY,BUY,TYPE_B,PASSIVE,HIT_BID,24391.45,24402.2,NIFTY21APR2624350CE,24350.0,CE,152.6,159.25,152.43,159.47,155.0,155.0,0.032803,0.031353,ws,ws,type_b_ladder,type_b_ladder,False,False,0.175,-0.2172,65,432.25,strategy_S9-149__TYPE_B:NIFTY:2026-04-20T10:23:01:LONG
2026-04-20,10:25:06,2026-04-20,10:25:39,NIFTY,SELL,TYPE_B,PASSIVE,HIT_BID,24396.95,24392.3,NIFTY21APR2624400PE,24400.0,PE,144.75,146.75,144.68,146.85,145.0,145.0,0.034584,0.034031,ws,ws,type_b_ladder,type_b_ladder,False,False,0.0667,-0.0972,65,130.0,strategy_S9-149__TYPE_B:NIFTY:2026-04-20T10:25:06:SHORT
2026-04-20,10:25:57,2026-04-20,10:26:40,NIFTY,BUY,TYPE_B,PASSIVE,HIT_BID,24399.2,24402.2,NIFTY21APR2624350CE,24350.0,CE,155.9,158.0,155.68,158.29,160.0,155.0,0.032103,0.031606,ws,ws,type_b_ladder,type_b_ladder,False,False,0.2172,-0.2909,65,136.5,strategy_S9-149__TYPE_B:NIFTY:2026-04-20T10:25:57:LONG
2026-04-20,10:27:26,2026-04-20,10:27:51,NIFTY,SELL,TYPE_B,PASSIVE,HIT_BID,24399.6,24399.5,NIFTY21APR2624400PE,24400.0,PE,140.65,143.55,140.64,143.72,145.0,140.0,0.035581,0.034789,ws,ws,type_b_ladder,type_b_ladder,False,False,0.0147,-0.1674,65,188.5,strategy_S9-149__TYPE_B:NIFTY:2026-04-20T10:27:26:SHORT
2026-04-20,10:28:31,2026-04-20,10:28:54,NIFTY,BUY,TYPE_B,PASSIVE,HIT_BID,24402.25,24409.15,NIFTY21APR2624400CE,24400.0,CE,132.65,134.05,132.62,134.26,135.0,130.0,0.037743,0.037251,ws,ws,type_b_ladder,type_b_ladder,False,False,0.0341,-0.2145,65,91.0,strategy_S9-149__TYPE_B:NIFTY:2026-04-20T10:28:31:LONG
2026-04-20,10:29:53,2026-04-20,10:30:36,NIFTY,BUY,TYPE_B,PASSIVE,HIT_BID,24410.6,24422.5,NIFTY21APR2624400CE,24400.0,CE,132.75,148.35,132.62,148.39,135.0,145.0,0.037715,0.033681,ws,ws,type_b_ladder,type_b_ladder,False,False,0.125,-0.04,65,1014.0,strategy_S9-149__TYPE_B:NIFTY:2026-04-20T10:29:53:LONG
2026-04-20,10:31:12,2026-04-20,10:31:34,NIFTY,BUY,TYPE_B,PASSIVE,HIT_BID,24428.7,24428.0,NIFTY21APR2624400CE,24400.0,CE,150.8,150.45,150.6,150.47,155.0,150.0,0.03319,0.033195,ws,ws,type_b_ladder,type_b_ladder,False,False,0.2,-0.0184,65,-22.75,strategy_S9-149__TYPE_B:NIFTY:2026-04-20T10:31:12:LONG
2026-04-20,10:31:45,2026-04-20,10:31:51,NIFTY,SELL,TYPE_B,PASSIVE,HIT_BID,24426.25,24427.9,NIFTY21APR2624450PE,24450.0,PE,151.8,149.25,151.76,149.47,155.0,145.0,0.032954,0.033462,ws,ws,type_b_ladder,type_b_ladder,False,False,0.0395,-0.2167,65,-165.75,strategy_S9-149__TYPE_B:NIFTY:2026-04-20T10:31:45:SHORT
2026-04-20,10:32:10,2026-04-20,10:32:46,NIFTY,BUY,TYPE_B,PASSIVE,HIT_BID,24433.65,24438.2,NIFTY21APR2624400CE,24400.0,CE,154.0,157.1,153.66,157.13,155.0,155.0,0.032504,0.031797,ws,ws,type_b_ladder,type_b_ladder,False,False,0.3365,-0.0333,65,201.5,strategy_S9-149__TYPE_B:NIFTY:2026-04-20T10:32:10:LONG
2026-04-20,10:33:18,2026-04-20,10:33:42,NIFTY,SELL,TYPE_B,PASSIVE,HIT_BID,24434.95,24434.05,NIFTY21APR2624450PE,24450.0,PE,146.75,147.7,146.62,147.82,150.0,145.0,0.034112,0.033818,ws,ws,type_b_ladder,type_b_ladder,False,False,0.1273,-0.12,65,61.75,strategy_S9-149__TYPE_B:NIFTY:2026-04-20T10:33:18:SHORT
2026-04-20,10:34:40,2026-04-20,10:34:56,NIFTY,SELL,TYPE_B,PASSIVE,HIT_BID,24431.8,24427.75,NIFTY21APR2624450PE,24450.0,PE,148.15,148.75,148.13,148.99,150.0,145.0,0.033778,0.033568,ws,ws,type_b_ladder,type_b_ladder,False,False,0.0208,-0.2364,65,39.0,strategy_S9-149__TYPE_B:NIFTY:2026-04-20T10:34:40:SHORT
2026-04-20,10:35:17,2026-04-20,10:35:54,NIFTY,BUY,TYPE_B,PASSIVE,HIT_BID,24432.95,24433.7,NIFTY21APR2624400CE,24400.0,CE,154.2,153.5,154.16,153.57,155.0,150.0,0.032441,0.032541,ws,ws,type_b_ladder,type_b_ladder,False,False,0.0375,-0.075,65,-45.5,strategy_S9-149__TYPE_B:NIFTY:2026-04-20T10:35:17:LONG
2026-04-20,10:37:27,2026-04-20,10:37:49,NIFTY,BUY,TYPE_B,PASSIVE,HIT_BID,24437.9,24438.05,NIFTY21APR2624400CE,24400.0,CE,155.0,154.25,154.77,154.36,155.0,150.0,0.0323,0.032389,ws,ws,type_b_ladder,type_b_ladder,False,False,0.2286,-0.1111,65,-48.75,strategy_S9-149__TYPE_B:NIFTY:2026-04-20T10:37:27:LONG
2026-04-20,10:38:08,2026-04-20,10:38:12,NIFTY,SELL,TYPE_B,PASSIVE,HIT_BID,24435.3,24438.0,NIFTY21APR2624450PE,24450.0,PE,146.35,145.45,146.27,145.55,150.0,145.0,0.034194,0.034347,ws,ws,type_b_ladder,type_b_ladder,False,False,0.0833,-0.1,65,-58.5,strategy_S9-149__TYPE_B:NIFTY:2026-04-20T10:38:08:SHORT
2026-04-20,10:38:24,2026-04-20,10:38:37,NIFTY,SELL,TYPE_B,PASSIVE,HIT_BID,24435.15,24434.85,NIFTY21APR2624450PE,24450.0,PE,146.7,147.0,146.62,147.08,150.0,145.0,0.034112,0.033979,ws,ws,type_b_ladder,type_b_ladder,False,False,0.0833,-0.0818,65,19.5,strategy_S9-149__TYPE_B:NIFTY:2026-04-20T10:38:24:SHORT
2026-04-20,10:38:42,2026-04-20,10:39:20,NIFTY,SELL,TYPE_B,PASSIVE,HIT_BID,24430.75,24423.8,NIFTY21APR2624450PE,24450.0,PE,149.3,151.45,149.2,151.49,150.0,150.0,0.033518,0.032976,ws,ws,type_b_ladder,type_b_ladder,False,False,0.1,-0.0438,65,139.75,strategy_S9-149__TYPE_B:NIFTY:2026-04-20T10:38:42:SHORT
2026-04-20,10:39:31,2026-04-20,10:39:50,NIFTY,BUY,TYPE_B,PASSIVE,HIT_BID,24428.35,24430.1,NIFTY21APR2624400CE,24400.0,CE,149.7,150.1,149.57,150.34,150.0,150.0,0.033445,0.033278,ws,ws,type_b_ladder,type_b_ladder,False,False,0.1302,-0.2357,65,26.0,strategy_S9-149__TYPE_B:NIFTY:2026-04-20T10:39:31:LONG
2026-04-20,10:40:01,2026-04-20,10:41:10,NIFTY,BUY,TYPE_B,PASSIVE,HIT_BID,24434.45,24445.0,NIFTY21APR2624400CE,24400.0,CE,150.9,156.0,150.86,156.01,155.0,155.0,0.033167,0.032036,ws,ws,type_b_ladder,type_b_ladder,False,False,0.0364,-0.0079,65,331.5,strategy_S9-149__TYPE_B:NIFTY:2026-04-20T10:40:01:LONG
2026-04-20,10:41:39,2026-04-20,10:41:49,NIFTY,SELL,TYPE_B,PASSIVE,HIT_BID,24443.1,24444.55,NIFTY21APR2624450PE,24450.0,PE,144.95,143.4,144.86,143.66,145.0,140.0,0.034524,0.034831,ws,ws,type_b_ladder,type_b_ladder,False,False,0.0882,-0.2571,65,-100.75,strategy_S9-149__TYPE_B:NIFTY:2026-04-20T10:41:39:SHORT
2026-04-20,10:42:10,2026-04-20,10:42:57,NIFTY,SELL,TYPE_B,PASSIVE,HIT_BID,24443.05,24439.8,NIFTY21APR2624450PE,24450.0,PE,143.3,144.15,143.21,144.29,145.0,140.0,0.034928,0.034656,ws,ws,type_b_ladder,type_b_ladder,False,False,0.09,-0.1429,65,55.25,strategy_S9-149__TYPE_B:NIFTY:2026-04-20T10:42:10:SHORT
2026-04-20,10:43:11,2026-04-20,10:43:27,NIFTY,SELL,TYPE_B,PASSIVE,HIT_BID,24436.9,24438.9,NIFTY21APR2624450PE,24450.0,PE,144.9,144.55,144.88,144.76,145.0,140.0,0.034513,0.034548,ws,ws,type_b_ladder,type_b_ladder,False,False,0.0231,-0.21,65,-22.75,strategy_S9-149__TYPE_B:NIFTY:2026-04-20T10:43:11:SHORT
2026-04-20,10:44:01,2026-04-20,10:44:46,NIFTY,BUY,TYPE_B,PASSIVE,HIT_BID,24442.05,24444.1,NIFTY21APR2624400CE,24400.0,CE,154.45,155.0,154.32,155.05,155.0,155.0,0.032399,0.032232,ws,ws,type_b_ladder,type_b_ladder,False,False,0.125,-0.0455,65,35.75,strategy_S9-149__TYPE_B:NIFTY:2026-04-20T10:44:01:LONG
2026-04-20,10:44:54,2026-04-20,10:45:22,NIFTY,SELL,TYPE_B,PASSIVE,HIT_BID,24440.3,24434.8,NIFTY21APR2624450PE,24450.0,PE,141.3,144.0,141.03,144.23,145.0,140.0,0.035423,0.034692,ws,ws,type_b_ladder,type_b_ladder,False,False,0.2654,-0.2287,65,175.5,strategy_S9-149__TYPE_B:NIFTY:2026-04-20T10:44:54:SHORT
2026-04-20,10:45:30,2026-04-20,10:46:11,NIFTY,SELL,TYPE_B,PASSIVE,HIT_BID,24432.5,24426.25,NIFTY21APR2624450PE,24450.0,PE,145.55,148.4,145.49,148.55,150.0,145.0,0.034394,0.033659,ws,ws,type_b_ladder,type_b_ladder,False,False,0.0565,-0.15,65,185.25,strategy_S9-149__TYPE_B:NIFTY:2026-04-20T10:45:30:SHORT
2026-04-20,10:46:32,2026-04-20,10:46:55,NIFTY,SELL,TYPE_B,PASSIVE,HIT_BID,24420.2,24420.05,NIFTY21APR2624450PE,24450.0,PE,150.9,151.5,150.77,151.78,155.0,150.0,0.033167,0.03296,ws,ws,type_b_ladder,type_b_ladder,False,False,0.1333,-0.28,65,39.0,strategy_S9-149__TYPE_B:NIFTY:2026-04-20T10:46:32:SHORT
2026-04-20,10:47:21,2026-04-20,10:47:57,NIFTY,BUY,TYPE_B,PASSIVE,HIT_BID,24425.0,24429.55,NIFTY21APR2624400CE,24400.0,CE,145.9,148.9,145.81,149.0,150.0,145.0,0.034305,0.03354,ws,ws,type_b_ladder,type_b_ladder,False,False,0.0857,-0.0972,65,195.0,strategy_S9-149__TYPE_B:NIFTY:2026-04-20T10:47:21:LONG
2026-04-20,10:48:01,2026-04-20,10:48:15,NIFTY,BUY,TYPE_B,PASSIVE,HIT_BID,24432.5,24431.25,NIFTY21APR2624400CE,24400.0,CE,150.6,150.05,150.4,150.1,155.0,150.0,0.033239,0.033306,ws,ws,type_b_ladder,type_b_ladder,False,False,0.2026,-0.05,65,-35.75,strategy_S9-149__TYPE_B:NIFTY:2026-04-20T10:48:01:LONG
2026-04-20,10:49:41,2026-04-20,10:49:57,NIFTY,SELL,TYPE_B,PASSIVE,HIT_BID,24427.55,24430.85,NIFTY21APR2624450PE,24450.0,PE,149.4,148.45,149.3,148.59,150.0,145.0,0.033501,0.033647,ws,ws,type_b_ladder,type_b_ladder,False,False,0.1,-0.1364,65,-61.75,strategy_S9-149__TYPE_B:NIFTY:2026-04-20T10:49:41:SHORT
2026-04-20,10:50:01,2026-04-20,10:50:09,NIFTY,BUY,TYPE_B,PASSIVE,HIT_BID,24431.55,24429.75,NIFTY21APR2624400CE,24400.0,CE,150.2,149.9,149.94,149.97,155.0,145.0,0.033322,0.033333,ws,ws,type_b_ladder,type_b_ladder,False,False,0.2625,-0.069,65,-19.5,strategy_S9-149__TYPE_B:NIFTY:2026-04-20T10:50:01:LONG
2026-04-20,10:50:20,2026-04-20,10:51:01,NIFTY,SELL,TYPE_B,PASSIVE,HIT_BID,24426.7,24420.7,NIFTY21APR2624450PE,24450.0,PE,149.75,153.2,149.68,153.42,150.0,150.0,0.033434,0.0326,ws,ws,type_b_ladder,type_b_ladder,False,False,0.075,-0.2154,65,224.25,strategy_S9-149__TYPE_B:NIFTY:2026-04-20T10:50:20:SHORT
2026-04-20,10:51:37,2026-04-20,10:52:02,NIFTY,SELL,TYPE_B,PASSIVE,HIT_BID,24414.55,24413.45,NIFTY21APR2624450PE,24450.0,PE,155.9,155.35,155.81,155.49,160.0,155.0,0.032113,0.032144,ws,ws,type_b_ladder,type_b_ladder,False,False,0.0857,-0.144,65,-35.75,strategy_S9-149__TYPE_B:NIFTY:2026-04-20T10:51:37:SHORT
2026-04-20,10:52:19,2026-04-20,10:52:41,NIFTY,BUY,TYPE_B,PASSIVE,HIT_BID,24419.7,24422.65,NIFTY21APR2624400CE,24400.0,CE,144.75,146.1,144.52,146.18,145.0,145.0,0.034584,0.034194,ws,ws,type_b_ladder,type_b_ladder,False,False,0.2286,-0.0833,65,87.75,strategy_S9-149__TYPE_B:NIFTY:2026-04-20T10:52:19:LONG
2026-04-20,10:53:12,2026-04-20,10:53:22,NIFTY,BUY,TYPE_B,PASSIVE,HIT_BID,24422.95,24421.7,NIFTY21APR2624400CE,24400.0,CE,146.3,145.7,146.1,145.85,150.0,145.0,0.034211,0.034288,ws,ws,type_b_ladder,type_b_ladder,False,False,0.2,-0.15,65,-39.0,strategy_S9-149__TYPE_B:NIFTY:2026-04-20T10:53:12:LONG
2026-04-20,10:53:42,2026-04-20,10:53:50,NIFTY,BUY,TYPE_B,PASSIVE,HIT_BID,24424.95,24422.1,NIFTY21APR2624400CE,24400.0,CE,146.05,145.0,145.82,145.29,150.0,145.0,0.034276,0.034447,ws,ws,type_b_ladder,type_b_ladder,False,False,0.2265,-0.2875,65,-68.25,strategy_S9-149__TYPE_B:NIFTY:2026-04-20T10:53:42:LONG
2026-04-20,10:54:07,2026-04-20,10:54:10,NIFTY,BUY,TYPE_B,PASSIVE,HIT_BID,24426.5,24424.65,NIFTY21APR2624400CE,24400.0,CE,148.85,148.1,148.6,148.32,150.0,145.0,0.03363,0.033715,ws,ws,type_b_ladder,type_b_ladder,False,False,0.245,-0.2233,65,-48.75,strategy_S9-149__TYPE_B:NIFTY:2026-04-20T10:54:07:LONG
2026-04-20,10:54:40,2026-04-20,10:54:50,NIFTY,SELL,TYPE_B,PASSIVE,HIT_BID,24422.4,24423.8,NIFTY21APR2624450PE,24450.0,PE,151.55,151.4,151.42,151.7,155.0,150.0,0.033014,0.032982,ws,ws,type_b_ladder,type_b_ladder,False,False,0.1333,-0.3,65,-9.75,strategy_S9-149__TYPE_B:NIFTY:2026-04-20T10:54:40:SHORT
2026-04-20,10:55:01,2026-04-20,10:55:07,NIFTY,BUY,TYPE_B,PASSIVE,HIT_BID,24426.05,24422.4,NIFTY21APR2624400CE,24400.0,CE,146.95,144.1,146.88,144.29,150.0,140.0,0.03406,0.034668,ws,ws,type_b_ladder,type_b_ladder,False,False,0.075,-0.1875,65,-185.25,strategy_S9-149__TYPE_B:NIFTY:2026-04-20T10:55:01:LONG
2026-04-20,10:55:13,2026-04-20,10:55:38,NIFTY,SELL,TYPE_B,PASSIVE,HIT_BID,24421.35,24421.0,NIFTY21APR2624450PE,24450.0,PE,153.25,153.4,153.21,153.52,155.0,150.0,0.032653,0.032552,ws,ws,type_b_ladder,type_b_ladder,False,False,0.0385,-0.12,65,9.75,strategy_S9-149__TYPE_B:NIFTY:2026-04-20T10:55:13:SHORT
2026-04-20,10:55:51,2026-04-20,10:56:06,NIFTY,SELL,TYPE_B,PASSIVE,HIT_BID,24418.4,24419.35,NIFTY21APR2624450PE,24450.0,PE,154.9,154.5,154.73,154.6,155.0,150.0,0.032305,0.032326,ws,ws,type_b_ladder,type_b_ladder,False,False,0.1667,-0.1,65,-26.0,strategy_S9-149__TYPE_B:NIFTY:2026-04-20T10:55:51:SHORT
2026-04-20,10:56:34,2026-04-20,10:56:50,NIFTY,SELL,TYPE_B,PASSIVE,HIT_BID,24417.65,24419.45,NIFTY21APR2624450PE,24450.0,PE,155.65,155.0,155.55,155.18,160.0,155.0,0.03216,0.032237,ws,ws,type_b_ladder,type_b_ladder,False,False,0.1,-0.1789,65,-42.25,strategy_S9-149__TYPE_B:NIFTY:2026-04-20T10:56:34:SHORT
2026-04-20,10:57:01,2026-04-20,10:57:25,NIFTY,BUY,TYPE_B,PASSIVE,HIT_BID,24421.4,24425.7,NIFTY21APR2624400CE,24400.0,CE,144.35,146.5,144.31,146.8,145.0,145.0,0.03468,0.034089,ws,ws,type_b_ladder,type_b_ladder,False,False,0.0372,-0.2975,65,139.75,strategy_S9-149__TYPE_B:NIFTY:2026-04-20T10:57:01:LONG
2026-04-20,10:58:16,2026-04-20,10:58:45,NIFTY,BUY,TYPE_B,PASSIVE,HIT_BID,24428.9,24429.1,NIFTY21APR2624400CE,24400.0,CE,147.95,148.7,147.84,148.82,150.0,145.0,0.033812,0.033585,ws,ws,type_b_ladder,type_b_ladder,False,False,0.1059,-0.12,65,48.75,strategy_S9-149__TYPE_B:NIFTY:2026-04-20T10:58:16:LONG
2026-04-20,10:59:06,2026-04-20,10:59:17,NIFTY,BUY,TYPE_B,PASSIVE,HIT_BID,24431.9,24428.95,NIFTY21APR2624400CE,24400.0,CE,149.05,148.7,148.85,148.81,150.0,145.0,0.03358,0.033591,ws,ws,type_b_ladder,type_b_ladder,False,False,0.2,-0.1091,65,-22.75,strategy_S9-149__TYPE_B:NIFTY:2026-04-20T10:59:06:LONG
2026-04-20,11:00:12,2026-04-20,11:00:20,NIFTY,BUY,TYPE_B,PASSIVE,HIT_BID,24431.8,24430.7,NIFTY21APR2624400CE,24400.0,CE,147.5,148.2,147.38,148.29,150.0,145.0,0.033933,0.033693,ws,ws,type_b_ladder,type_b_ladder,False,False,0.1235,-0.0857,65,45.5,strategy_S9-149__TYPE_B:NIFTY:2026-04-20T11:00:12:LONG
2026-04-20,11:00:30,2026-04-20,11:01:01,NIFTY,SELL,TYPE_B,PASSIVE,HIT_BID,24427.15,24422.8,NIFTY21APR2624450PE,24450.0,PE,150.05,151.1,149.86,151.36,155.0,150.0,0.03335,0.033047,ws,ws,type_b_ladder,type_b_ladder,False,False,0.1875,-0.2615,65,68.25,strategy_S9-149__TYPE_B:NIFTY:2026-04-20T11:00:30:SHORT
2026-04-20,11:02:41,2026-04-20,11:02:55,NIFTY,SELL,TYPE_B,PASSIVE,HIT_BID,24418.3,24417.8,NIFTY21APR2624450PE,24450.0,PE,153.75,154.5,153.59,154.71,155.0,150.0,0.032557,0.032326,ws,ws,type_b_ladder,type_b_ladder,False,False,0.1641,-0.21,65,48.75,strategy_S9-149__TYPE_B:NIFTY:2026-04-20T11:02:41:SHORT
2026-04-20,11:03:40,2026-04-20,11:04:30,NIFTY,BUY,TYPE_B,PASSIVE,HIT_BID,24421.1,24426.4,NIFTY21APR2624400CE,24400.0,CE,145.1,147.4,145.08,147.62,150.0,145.0,0.034477,0.033881,ws,ws,type_b_ladder,type_b_ladder,False,False,0.0187,-0.2217,65,149.5,strategy_S9-149__TYPE_B:NIFTY:2026-04-20T11:03:40:LONG
2026-04-20,11:04:45,2026-04-20,11:05:22,NIFTY,BUY,TYPE_B,PASSIVE,HIT_BID,24428.2,24433.2,NIFTY21APR2624400CE,24400.0,CE,150.05,152.0,149.97,152.33,155.0,150.0,0.033361,0.032857,ws,ws,type_b_ladder,type_b_ladder,False,False,0.075,-0.3323,65,126.75,strategy_S9-149__TYPE_B:NIFTY:2026-04-20T11:04:45:LONG
2026-04-20,11:05:40,2026-04-20,11:05:54,NIFTY,SELL,TYPE_B,PASSIVE,HIT_BID,24431.7,24433.0,NIFTY21APR2624450PE,24450.0,PE,148.15,146.15,148.07,146.29,150.0,145.0,0.033767,0.034188,ws,ws,type_b_ladder,type_b_ladder,False,False,0.0808,-0.1429,65,-130.0,strategy_S9-149__TYPE_B:NIFTY:2026-04-20T11:05:40:SHORT
2026-04-20,11:06:01,2026-04-20,11:06:33,NIFTY,BUY,TYPE_B,PASSIVE,HIT_BID,24435.45,24437.35,NIFTY21APR2624400CE,24400.0,CE,154.75,153.55,154.67,153.77,155.0,150.0,0.032352,0.032526,ws,ws,type_b_ladder,type_b_ladder,False,False,0.0842,-0.2154,65,-78.0,strategy_S9-149__TYPE_B:NIFTY:2026-04-20T11:06:01:LONG
2026-04-20,11:06:40,2026-04-20,11:07:06,NIFTY,SELL,TYPE_B,PASSIVE,HIT_BID,24433.2,24426.55,NIFTY21APR2624450PE,24450.0,PE,147.7,148.65,147.44,148.72,150.0,145.0,0.033887,0.033613,ws,ws,type_b_ladder,type_b_ladder,False,False,0.255,-0.0667,65,61.75,strategy_S9-149__TYPE_B:NIFTY:2026-04-20T11:06:40:SHORT
2026-04-20,11:07:25,2026-04-20,11:07:41,NIFTY,SELL,TYPE_B,PASSIVE,HIT_BID,24425.8,24427.65,NIFTY21APR2624450PE,24450.0,PE,148.8,148.65,148.74,148.82,150.0,145.0,0.03363,0.033608,ws,ws,type_b_ladder,type_b_ladder,False,False,0.0625,-0.1667,65,-9.75,strategy_S9-149__TYPE_B:NIFTY:2026-04-20T11:07:25:SHORT
2026-04-20,11:08:43,2026-04-20,11:08:45,NIFTY,SELL,TYPE_B,PASSIVE,HIT_BID,24424.9,24425.85,NIFTY21APR2624450PE,24450.0,PE,151.3,151.55,151.15,151.58,155.0,150.0,0.033069,0.032976,ws,ws,type_b_ladder,type_b_ladder,False,False,0.1455,-0.0281,65,16.25,strategy_S9-149__TYPE_B:NIFTY:2026-04-20T11:08:43:SHORT
2026-04-20,11:08:51,2026-04-20,11:10:06,NIFTY,SELL,TYPE_B,PASSIVE,HIT_BID,24423.7,24407.85,NIFTY21APR2624450PE,24450.0,PE,153.3,158.9,153.23,158.95,155.0,155.0,0.032637,0.031422,ws,ws,type_b_ladder,type_b_ladder,False,False,0.0667,-0.0482,65,364.0,strategy_S9-149__TYPE_B:NIFTY:2026-04-20T11:08:51:SHORT
2026-04-20,11:10:17,2026-04-20,11:10:26,NIFTY,SELL,TYPE_B,PASSIVE,HIT_BID,24403.3,24399.35,NIFTY21APR2624450PE,24450.0,PE,162.85,162.35,162.76,162.71,165.0,160.0,0.030731,0.03076,ws,ws,type_b_ladder,type_b_ladder,False,False,0.0857,-0.3579,65,-32.5,strategy_S9-149__TYPE_B:NIFTY:2026-04-20T11:10:17:SHORT
2026-04-20,11:10:40,2026-04-20,11:11:11,NIFTY,BUY,TYPE_B,PASSIVE,HIT_BID,24405.15,24406.7,NIFTY21APR2624400CE,24400.0,CE,138.4,137.95,138.19,138.1,140.0,135.0,0.036166,0.036212,ws,ws,type_b_ladder,type_b_ladder,False,False,0.21,-0.15,65,-29.25,strategy_S9-149__TYPE_B:NIFTY:2026-04-20T11:10:40:LONG
2026-04-20,11:11:46,2026-04-20,11:11:52,NIFTY,BUY,TYPE_B,PASSIVE,HIT_BID,24411.3,24407.65,NIFTY21APR2624400CE,24400.0,CE,141.0,139.55,140.84,139.74,145.0,135.0,0.035486,0.035791,ws,ws,type_b_ladder,type_b_ladder,False,False,0.1614,-0.1929,65,-94.25,strategy_S9-149__TYPE_B:NIFTY:2026-04-20T11:11:46:LONG
2026-04-20,11:12:05,2026-04-20,11:12:41,NIFTY,BUY,TYPE_B,PASSIVE,HIT_BID,24411.7,24416.3,NIFTY21APR2624400CE,24400.0,CE,141.15,142.05,140.97,142.25,145.0,140.0,0.035455,0.035156,ws,ws,type_b_ladder,type_b_ladder,False,False,0.1786,-0.2,65,58.5,strategy_S9-149__TYPE_B:NIFTY:2026-04-20T11:12:05:LONG
2026-04-20,11:13:30,2026-04-20,11:13:35,NIFTY,SELL,TYPE_B,PASSIVE,HIT_BID,24413.7,24416.2,NIFTY21APR2624450PE,24450.0,PE,157.2,154.95,157.11,155.04,160.0,150.0,0.031842,0.032227,ws,ws,type_b_ladder,type_b_ladder,False,False,0.0875,-0.0923,65,-146.25,strategy_S9-149__TYPE_B:NIFTY:2026-04-20T11:13:30:SHORT
2026-04-20,11:14:50,2026-04-20,11:15:05,NIFTY,SELL,TYPE_B,PASSIVE,HIT_BID,24410.65,24409.9,NIFTY21APR2624450PE,24450.0,PE,159.85,157.85,159.72,158.0,160.0,155.0,0.031314,0.031646,ws,ws,type_b_ladder,type_b_ladder,False,False,0.1346,-0.15,65,-130.0,strategy_S9-149__TYPE_B:NIFTY:2026-04-20T11:14:50:SHORT
2026-04-20,11:15:27,2026-04-20,11:16:27,NIFTY,BUY,TYPE_B,PASSIVE,HIT_BID,24413.1,24426.1,NIFTY21APR2624400CE,24400.0,CE,139.6,146.05,139.32,146.09,140.0,145.0,0.035862,0.0342,ws,ws,type_b_ladder,type_b_ladder,False,False,0.2825,-0.0429,65,419.25,strategy_S9-149__TYPE_B:NIFTY:2026-04-20T11:15:27:LONG
2026-04-20,11:16:50,2026-04-20,11:17:35,NIFTY,SELL,TYPE_B,PASSIVE,HIT_BID,24423.5,24419.6,NIFTY21APR2624450PE,24450.0,PE,152.5,153.75,152.24,153.84,155.0,150.0,0.032825,0.032489,ws,ws,type_b_ladder,type_b_ladder,False,False,0.2625,-0.09,65,81.25,strategy_S9-149__TYPE_B:NIFTY:2026-04-20T11:16:50:SHORT
2026-04-20,11:17:56,2026-04-20,11:18:19,NIFTY,BUY,TYPE_B,PASSIVE,HIT_BID,24423.8,24424.3,NIFTY21APR2624400CE,24400.0,CE,146.6,146.3,146.55,146.35,150.0,145.0,0.034147,0.034165,ws,ws,type_b_ladder,type_b_ladder,False,False,0.0467,-0.05,65,-19.5,strategy_S9-149__TYPE_B:NIFTY:2026-04-20T11:17:56:LONG
2026-04-20,11:18:42,2026-04-20,11:18:59,NIFTY,BUY,TYPE_B,PASSIVE,HIT_BID,24428.65,24430.75,NIFTY21APR2624400CE,24400.0,CE,149.7,150.0,149.5,150.33,150.0,150.0,0.033422,0.033294,ws,ws,type_b_ladder,type_b_ladder,False,False,0.1959,-0.3338,65,19.5,strategy_S9-149__TYPE_B:NIFTY:2026-04-20T11:18:42:LONG
2026-04-20,11:19:25,2026-04-20,11:19:51,NIFTY,SELL,TYPE_B,PASSIVE,HIT_BID,24425.95,24425.7,NIFTY21APR2624450PE,24450.0,PE,150.85,150.85,150.61,151.12,155.0,150.0,0.033179,0.033102,ws,ws,type_b_ladder,type_b_ladder,False,False,0.24,-0.272,65,0.0,strategy_S9-149__TYPE_B:NIFTY:2026-04-20T11:19:25:SHORT
2026-04-20,11:20:12,2026-04-20,11:20:37,NIFTY,BUY,TYPE_B,PASSIVE,HIT_BID,24428.5,24428.0,NIFTY21APR2624400CE,24400.0,CE,148.55,147.7,148.37,147.85,150.0,145.0,0.033693,0.033824,ws,ws,type_b_ladder,type_b_ladder,False,False,0.1846,-0.15,65,-55.25,strategy_S9-149__TYPE_B:NIFTY:2026-04-20T11:20:12:LONG
2026-04-20,11:20:56,2026-04-20,11:21:10,NIFTY,BUY,TYPE_B,PASSIVE,HIT_BID,24429.95,24429.75,NIFTY21APR2624400CE,24400.0,CE,150.4,148.7,150.09,148.96,155.0,145.0,0.033283,0.033591,ws,ws,type_b_ladder,type_b_ladder,False,False,0.3063,-0.2571,65,-110.5,strategy_S9-149__TYPE_B:NIFTY:2026-04-20T11:20:56:LONG
2026-04-20,11:21:53,2026-04-20,11:22:11,NIFTY,BUY,TYPE_B,PASSIVE,HIT_BID,24434.85,24435.4,NIFTY21APR2624400CE,24400.0,CE,152.95,151.85,152.74,151.92,155.0,150.0,0.032723,0.0329,ws,ws,type_b_ladder,type_b_ladder,False,False,0.2143,-0.0735,65,-71.5,strategy_S9-149__TYPE_B:NIFTY:2026-04-20T11:21:53:LONG
2026-04-20,11:22:30,2026-04-20,11:22:42,NIFTY,SELL,TYPE_B,PASSIVE,HIT_BID,24429.95,24431.45,NIFTY21APR2624450PE,24450.0,PE,148.9,147.55,148.87,147.83,150.0,145.0,0.033619,0.033847,ws,ws,type_b_ladder,type_b_ladder,False,False,0.035,-0.2823,65,-87.75,strategy_S9-149__TYPE_B:NIFTY:2026-04-20T11:22:30:SHORT
2026-04-20,11:23:00,2026-04-20,11:25:08,NIFTY,BUY,TYPE_B,PASSIVE,HIT_BID,24433.05,24453.55,NIFTY21APR2624400CE,24400.0,CE,152.45,165.0,152.25,165.12,155.0,165.0,0.032835,0.030289,ws,ws,type_b_ladder,type_b_ladder,False,False,0.2042,-0.1227,65,815.75,strategy_S9-149__TYPE_B:NIFTY:2026-04-20T11:23:00:LONG
2026-04-20,11:25:28,2026-04-20,11:25:45,NIFTY,BUY,TYPE_B,PASSIVE,HIT_BID,24457.3,24460.15,NIFTY21APR2624450CE,24450.0,CE,138.95,139.7,138.83,139.72,140.0,135.0,0.03601,0.035753,ws,ws,type_b_ladder,type_b_ladder,False,False,0.12,-0.0231,65,48.75,strategy_S9-149__TYPE_B:NIFTY:2026-04-20T11:25:28:LONG
2026-04-20,11:26:20,2026-04-20,11:26:25,NIFTY,BUY,TYPE_B,PASSIVE,HIT_BID,24462.9,24461.15,NIFTY21APR2624450CE,24450.0,CE,140.8,139.8,140.78,140.03,145.0,135.0,0.035549,0.035721,ws,ws,type_b_ladder,type_b_ladder,False,False,0.02,-0.2293,65,-65.0,strategy_S9-149__TYPE_B:NIFTY:2026-04-20T11:26:20:LONG
2026-04-20,11:26:40,2026-04-20,11:26:55,NIFTY,SELL,TYPE_B,PASSIVE,HIT_BID,24458.85,24459.95,NIFTY21APR2624500PE,24500.0,PE,159.35,158.6,159.15,158.68,160.0,155.0,0.031402,0.031496,ws,ws,type_b_ladder,type_b_ladder,False,False,0.1964,-0.075,65,-48.75,strategy_S9-149__TYPE_B:NIFTY:2026-04-20T11:26:40:SHORT
2026-04-20,11:27:14,2026-04-20,11:27:52,NIFTY,SELL,TYPE_B,PASSIVE,HIT_BID,24458.35,24450.75,NIFTY21APR2624500PE,24500.0,PE,160.4,163.15,160.39,163.27,165.0,160.0,0.031201,0.030614,ws,ws,type_b_ladder,type_b_ladder,False,False,0.0125,-0.1167,65,178.75,strategy_S9-149__TYPE_B:NIFTY:2026-04-20T11:27:14:SHORT
2026-04-20,11:28:08,2026-04-20,11:28:21,NIFTY,BUY,TYPE_B,PASSIVE,HIT_BID,24457.4,24457.35,NIFTY21APR2624450CE,24450.0,CE,138.75,139.0,138.72,139.19,140.0,135.0,0.036082,0.035945,ws,ws,type_b_ladder,type_b_ladder,False,False,0.0269,-0.1913,65,16.25,strategy_S9-149__TYPE_B:NIFTY:2026-04-20T11:28:08:LONG
2026-04-20,11:28:43,2026-04-20,11:29:00,NIFTY,BUY,TYPE_B,PASSIVE,HIT_BID,24460.35,24458.75,NIFTY21APR2624450CE,24450.0,CE,140.25,139.15,140.1,139.22,145.0,135.0,0.035682,0.035887,ws,ws,type_b_ladder,type_b_ladder,False,False,0.15,-0.0673,65,-71.5,strategy_S9-149__TYPE_B:NIFTY:2026-04-20T11:28:43:LONG
2026-04-20,11:30:12,2026-04-20,11:30:20,NIFTY,BUY,TYPE_B,PASSIVE,HIT_BID,24467.3,24465.5,NIFTY21APR2624450CE,24450.0,CE,141.3,139.85,141.25,139.89,145.0,135.0,0.03543,0.035708,ws,ws,type_b_ladder,type_b_ladder,False,False,0.05,-0.0389,65,-94.25,strategy_S9-149__TYPE_B:NIFTY:2026-04-20T11:30:12:LONG
2026-04-20,11:30:30,2026-04-20,11:30:54,NIFTY,SELL,TYPE_B,PASSIVE,HIT_BID,24462.55,24462.8,NIFTY21APR2624500PE,24500.0,PE,157.2,155.6,157.04,155.7,160.0,155.0,0.031827,0.032113,ws,ws,type_b_ladder,type_b_ladder,False,False,0.1571,-0.1,65,-104.0,strategy_S9-149__TYPE_B:NIFTY:2026-04-20T11:30:30:SHORT
2026-04-20,11:31:15,2026-04-20,11:31:49,NIFTY,SELL,TYPE_B,PASSIVE,HIT_BID,24458.65,24453.75,NIFTY21APR2624500PE,24500.0,PE,158.25,158.65,158.18,158.88,160.0,155.0,0.031631,0.031491,ws,ws,type_b_ladder,type_b_ladder,False,False,0.0656,-0.2321,65,26.0,strategy_S9-149__TYPE_B:NIFTY:2026-04-20T11:31:15:SHORT
2026-04-20,11:32:31,2026-04-20,11:32:40,NIFTY,BUY,TYPE_B,PASSIVE,HIT_BID,24455.25,24453.4,NIFTY21APR2624450CE,24450.0,CE,137.45,137.0,137.42,137.23,140.0,135.0,0.03641,0.036463,ws,ws,type_b_ladder,type_b_ladder,False,False,0.0312,-0.2321,65,-29.25,strategy_S9-149__TYPE_B:NIFTY:2026-04-20T11:32:31:LONG
2026-04-20,11:33:30,2026-04-20,11:33:35,NIFTY,SELL,TYPE_B,PASSIVE,HIT_BID,24451.2,24452.7,NIFTY21APR2624500PE,24500.0,PE,156.9,156.35,156.78,156.38,160.0,155.0,0.031883,0.031959,ws,ws,type_b_ladder,type_b_ladder,False,False,0.125,-0.0333,65,-35.75,strategy_S9-149__TYPE_B:NIFTY:2026-04-20T11:33:30:SHORT
2026-04-20,11:34:46,2026-04-20,11:34:51,NIFTY,BUY,TYPE_B,PASSIVE,HIT_BID,24453.35,24451.5,NIFTY21APR2624450CE,24450.0,CE,135.0,133.7,134.85,133.97,135.0,130.0,0.037078,0.037355,ws,ws,type_b_ladder,type_b_ladder,False,False,0.1474,-0.2657,65,-84.5,strategy_S9-149__TYPE_B:NIFTY:2026-04-20T11:34:46:LONG
2026-04-20,11:36:00,2026-04-20,11:36:20,NIFTY,BUY,TYPE_B,PASSIVE,HIT_BID,24453.05,24454.0,NIFTY21APR2624450CE,24450.0,CE,132.45,136.15,132.22,136.39,135.0,135.0,0.037793,0.036684,ws,ws,type_b_ladder,type_b_ladder,False,False,0.2308,-0.2351,65,240.5,strategy_S9-149__TYPE_B:NIFTY:2026-04-20T11:36:00:LONG
2026-04-20,11:36:35,2026-04-20,11:36:55,NIFTY,SELL,TYPE_B,PASSIVE,HIT_BID,24452.0,24449.55,NIFTY21APR2624500PE,24500.0,PE,158.0,159.7,157.82,159.79,160.0,155.0,0.031666,0.031299,ws,ws,type_b_ladder,type_b_ladder,False,False,0.1833,-0.0909,65,110.5,strategy_S9-149__TYPE_B:NIFTY:2026-04-20T11:36:35:SHORT
2026-04-20,11:37:30,2026-04-20,11:37:40,NIFTY,SELL,TYPE_B,PASSIVE,HIT_BID,24448.6,24449.95,NIFTY21APR2624450PE,24450.0,PE,134.45,133.8,134.37,134.07,135.0,130.0,0.037237,0.037327,ws,ws,type_b_ladder,type_b_ladder,False,False,0.0778,-0.27,65,-42.25,strategy_S9-149__TYPE_B:NIFTY:2026-04-20T11:37:30:SHORT
2026-04-20,11:37:59,2026-04-20,11:38:30,NIFTY,SELL,TYPE_B,PASSIVE,HIT_BID,24448.0,24442.15,NIFTY21APR2624450PE,24450.0,PE,134.7,136.55,134.69,136.75,135.0,135.0,0.037161,0.03657,ws,ws,type_b_ladder,type_b_ladder,False,False,0.007,-0.2,65,120.25,strategy_S9-149__TYPE_B:NIFTY:2026-04-20T11:37:59:SHORT
2026-04-20,11:38:42,2026-04-20,11:39:37,NIFTY,BUY,TYPE_B,PASSIVE,HIT_BID,24446.55,24454.65,NIFTY21APR2624400CE,24400.0,CE,161.25,163.65,161.22,163.82,165.0,160.0,0.031017,0.03053,ws,ws,type_b_ladder,type_b_ladder,False,False,0.0333,-0.1667,65,156.0,strategy_S9-149__TYPE_B:NIFTY:2026-04-20T11:38:42:LONG
2026-04-20,11:39:50,2026-04-20,11:40:32,NIFTY,BUY,TYPE_B,PASSIVE,HIT_BID,24457.1,24458.1,NIFTY21APR2624450CE,24450.0,CE,136.15,137.0,136.1,137.26,140.0,135.0,0.036738,0.036456,ws,ws,type_b_ladder,type_b_ladder,False,False,0.0481,-0.2625,65,55.25,strategy_S9-149__TYPE_B:NIFTY:2026-04-20T11:39:50:LONG
2026-04-20,11:40:45,2026-04-20,11:40:53,NIFTY,SELL,TYPE_B,PASSIVE,HIT_BID,24457.35,24459.1,NIFTY21APR2624500PE,24500.0,PE,159.0,156.35,158.84,156.45,160.0,155.0,0.031476,0.031944,ws,ws,type_b_ladder,type_b_ladder,False,False,0.1588,-0.0955,65,-172.25,strategy_S9-149__TYPE_B:NIFTY:2026-04-20T11:40:45:SHORT
2026-04-20,11:41:01,2026-04-20,11:41:06,NIFTY,BUY,TYPE_B,PASSIVE,HIT_BID,24461.5,24458.9,NIFTY21APR2624450CE,24450.0,CE,138.2,136.1,138.19,136.15,140.0,135.0,0.036206,0.036704,ws,ws,type_b_ladder,type_b_ladder,False,False,0.0061,-0.0476,65,-136.5,strategy_S9-149__TYPE_B:NIFTY:2026-04-20T11:41:01:LONG
2026-04-20,11:42:34,2026-04-20,11:43:15,NIFTY,BUY,TYPE_B,PASSIVE,HIT_BID,24462.2,24467.15,NIFTY21APR2624450CE,24450.0,CE,138.4,139.45,138.35,139.47,140.0,135.0,0.036134,0.03581,ws,ws,type_b_ladder,type_b_ladder,False,False,0.0455,-0.0226,65,68.25,strategy_S9-149__TYPE_B:NIFTY:2026-04-20T11:42:34:LONG
2026-04-20,11:43:50,2026-04-20,11:44:03,NIFTY,BUY,TYPE_B,PASSIVE,HIT_BID,24468.9,24467.7,NIFTY21APR2624450CE,24450.0,CE,139.05,138.8,138.9,138.99,140.0,135.0,0.035997,0.035984,ws,ws,type_b_ladder,type_b_ladder,False,False,0.15,-0.1875,65,-16.25,strategy_S9-149__TYPE_B:NIFTY:2026-04-20T11:43:50:LONG
2026-04-20,11:44:10,2026-04-20,11:44:15,NIFTY,BUY,TYPE_B,PASSIVE,HIT_BID,24470.35,24467.65,NIFTY21APR2624450CE,24450.0,CE,140.65,138.55,140.53,138.64,145.0,135.0,0.035594,0.036049,ws,ws,type_b_ladder,type_b_ladder,False,False,0.1167,-0.0857,65,-136.5,strategy_S9-149__TYPE_B:NIFTY:2026-04-20T11:44:10:LONG
2026-04-20,11:44:20,2026-04-20,11:44:30,NIFTY,SELL,TYPE_B,PASSIVE,HIT_BID,24464.5,24463.8,NIFTY21APR2624500PE,24500.0,PE,156.8,158.6,156.71,158.75,160.0,155.0,0.031923,0.031486,ws,ws,type_b_ladder,type_b_ladder,False,False,0.0875,-0.1524,65,117.0,strategy_S9-149__TYPE_B:NIFTY:2026-04-20T11:44:20:SHORT
2026-04-20,11:45:25,2026-04-20,11:45:41,NIFTY,BUY,TYPE_B,PASSIVE,HIT_BID,24466.65,24466.0,NIFTY21APR2624450CE,24450.0,CE,137.75,136.8,137.7,136.89,140.0,135.0,0.036324,0.03651,ws,ws,type_b_ladder,type_b_ladder,False,False,0.05,-0.0857,65,-61.75,strategy_S9-149__TYPE_B:NIFTY:2026-04-20T11:45:25:LONG
2026-04-20,11:45:57,2026-04-20,11:46:41,NIFTY,BUY,TYPE_B,PASSIVE,HIT_BID,24468.6,24470.4,NIFTY21APR2624450CE,24450.0,CE,138.65,139.2,138.44,139.29,140.0,135.0,0.036108,0.035874,ws,ws,type_b_ladder,type_b_ladder,False,False,0.2074,-0.0875,65,35.75,strategy_S9-149__TYPE_B:NIFTY:2026-04-20T11:45:57:LONG
2026-04-20,11:47:05,2026-04-20,11:47:19,NIFTY,BUY,TYPE_B,PASSIVE,HIT_BID,24472.55,24471.5,NIFTY21APR2624450CE,24450.0,CE,140.75,140.25,140.68,140.43,145.0,140.0,0.035556,0.035625,ws,ws,type_b_ladder,type_b_ladder,False,False,0.0682,-0.1815,65,-32.5,strategy_S9-149__TYPE_B:NIFTY:2026-04-20T11:47:05:LONG
2026-04-20,11:48:30,2026-04-20,11:48:31,NIFTY,SELL,TYPE_B,PASSIVE,HIT_BID,24468.55,24469.9,NIFTY21APR2624500PE,24500.0,PE,153.9,153.55,153.68,153.68,155.0,150.0,0.032526,0.032526,ws,ws,type_b_ladder,type_b_ladder,False,False,0.2227,-0.1273,65,-22.75,strategy_S9-149__TYPE_B:NIFTY:2026-04-20T11:48:30:SHORT
2026-04-20,11:48:40,2026-04-20,11:49:10,NIFTY,SELL,TYPE_B,PASSIVE,HIT_BID,24463.95,24465.95,NIFTY21APR2624500PE,24500.0,PE,155.25,157.1,155.12,157.41,160.0,155.0,0.032237,0.031786,ws,ws,type_b_ladder,type_b_ladder,False,False,0.1286,-0.3143,65,120.25,strategy_S9-149__TYPE_B:NIFTY:2026-04-20T11:48:40:SHORT
2026-04-20,11:49:31,2026-04-20,11:50:00,NIFTY,BUY,TYPE_B,PASSIVE,HIT_BID,24466.3,24466.95,NIFTY21APR2624450CE,24450.0,CE,136.4,136.85,136.36,137.03,140.0,135.0,0.036691,0.036496,ws,ws,type_b_ladder,type_b_ladder,False,False,0.0417,-0.18,65,29.25,strategy_S9-149__TYPE_B:NIFTY:2026-04-20T11:49:31:LONG
2026-04-20,11:50:21,2026-04-20,11:50:35,NIFTY,SELL,TYPE_B,PASSIVE,HIT_BID,24464.7,24466.75,NIFTY21APR2624500PE,24500.0,PE,156.6,154.75,156.55,154.8,160.0,150.0,0.031944,0.032274,ws,ws,type_b_ladder,type_b_ladder,False,False,0.05,-0.05,65,-120.25,strategy_S9-149__TYPE_B:NIFTY:2026-04-20T11:50:21:SHORT
2026-04-20,11:50:54,2026-04-20,11:51:10,NIFTY,SELL,TYPE_B,PASSIVE,HIT_BID,24464.75,24465.75,NIFTY21APR2624500PE,24500.0,PE,156.9,155.4,156.86,155.53,160.0,155.0,0.031898,0.03216,ws,ws,type_b_ladder,type_b_ladder,False,False,0.0375,-0.1312,65,-97.5,strategy_S9-149__TYPE_B:NIFTY:2026-04-20T11:50:54:SHORT
2026-04-20,11:51:20,2026-04-20,11:51:46,NIFTY,SELL,TYPE_B,PASSIVE,HIT_BID,24463.65,24460.2,NIFTY21APR2624500PE,24500.0,PE,157.2,157.9,157.14,157.97,160.0,155.0,0.031822,0.031631,ws,ws,type_b_ladder,type_b_ladder,False,False,0.06,-0.0656,65,45.5,strategy_S9-149__TYPE_B:NIFTY:2026-04-20T11:51:20:SHORT
2026-04-20,11:52:09,2026-04-20,11:52:12,NIFTY,SELL,TYPE_B,PASSIVE,HIT_BID,24456.4,24458.3,NIFTY21APR2624500PE,24500.0,PE,159.15,158.55,159.04,158.63,160.0,155.0,0.031456,0.031511,ws,ws,type_b_ladder,type_b_ladder,False,False,0.1077,-0.0833,65,-39.0,strategy_S9-149__TYPE_B:NIFTY:2026-04-20T11:52:09:SHORT
2026-04-20,11:52:35,2026-04-20,11:53:15,NIFTY,BUY,TYPE_B,PASSIVE,HIT_BID,24460.85,24462.7,NIFTY21APR2624450CE,24450.0,CE,133.3,133.4,133.04,133.57,135.0,130.0,0.037559,0.037453,ws,ws,type_b_ladder,type_b_ladder,False,False,0.2574,-0.175,65,6.5,strategy_S9-149__TYPE_B:NIFTY:2026-04-20T11:52:35:LONG
2026-04-20,11:53:36,2026-04-20,11:53:46,NIFTY,SELL,TYPE_B,PASSIVE,HIT_BID,24460.5,24462.55,NIFTY21APR2624500PE,24500.0,PE,158.0,157.35,157.76,157.5,160.0,155.0,0.031686,0.031751,ws,ws,type_b_ladder,type_b_ladder,False,False,0.2353,-0.15,65,-42.25,strategy_S9-149__TYPE_B:NIFTY:2026-04-20T11:53:36:SHORT
2026-04-20,11:54:01,2026-04-20,11:54:15,NIFTY,BUY,TYPE_B,PASSIVE,HIT_BID,24463.4,24462.9,NIFTY21APR2624450CE,24450.0,CE,134.4,135.95,134.28,136.08,135.0,135.0,0.03723,0.036751,ws,ws,type_b_ladder,type_b_ladder,False,False,0.12,-0.1333,65,100.75,strategy_S9-149__TYPE_B:NIFTY:2026-04-20T11:54:01:LONG
2026-04-20,11:54:37,2026-04-20,11:55:03,NIFTY,BUY,TYPE_B,PASSIVE,HIT_BID,24465.15,24465.45,NIFTY21APR2624450CE,24450.0,CE,136.75,137.75,136.56,137.79,140.0,135.0,0.03661,0.036278,ws,ws,type_b_ladder,type_b_ladder,False,False,0.1909,-0.0375,65,65.0,strategy_S9-149__TYPE_B:NIFTY:2026-04-20T11:54:37:LONG
2026-04-20,11:55:10,2026-04-20,11:55:22,NIFTY,BUY,TYPE_B,PASSIVE,HIT_BID,24466.3,24465.2,NIFTY21APR2624450CE,24450.0,CE,138.5,136.55,138.4,136.66,140.0,135.0,0.036127,0.03657,ws,ws,type_b_ladder,type_b_ladder,False,False,0.1,-0.1065,65,-126.75,strategy_S9-149__TYPE_B:NIFTY:2026-04-20T11:55:10:LONG
2026-04-20,11:55:31,2026-04-20,11:55:40,NIFTY,BUY,TYPE_B,PASSIVE,HIT_BID,24467.4,24465.85,NIFTY21APR2624450CE,24450.0,CE,138.75,137.4,138.71,137.72,140.0,135.0,0.036062,0.036344,ws,ws,type_b_ladder,type_b_ladder,False,False,0.04,-0.3241,65,-87.75,strategy_S9-149__TYPE_B:NIFTY:2026-04-20T11:55:31:LONG
2026-04-20,11:55:50,2026-04-20,11:56:22,NIFTY,SELL,TYPE_B,PASSIVE,HIT_BID,24463.1,24461.75,NIFTY21APR2624500PE,24500.0,PE,157.55,157.65,157.47,157.82,160.0,155.0,0.031766,0.031691,ws,ws,type_b_ladder,type_b_ladder,False,False,0.0818,-0.1667,65,6.5,strategy_S9-149__TYPE_B:NIFTY:2026-04-20T11:55:50:SHORT
2026-04-20,11:58:32,2026-04-20,11:59:16,NIFTY,BUY,TYPE_B,PASSIVE,HIT_BID,24465.05,24466.35,NIFTY21APR2624450CE,24450.0,CE,138.7,137.5,138.46,137.53,140.0,135.0,0.036095,0.036357,ws,ws,type_b_ladder,type_b_ladder,False,False,0.2406,-0.0312,65,-78.0,strategy_S9-149__TYPE_B:NIFTY:2026-04-20T11:58:32:LONG
2026-04-20,11:59:20,2026-04-20,11:59:46,NIFTY,SELL,TYPE_B,PASSIVE,HIT_BID,24463.85,24462.7,NIFTY21APR2624500PE,24500.0,PE,157.45,158.05,157.39,158.27,160.0,155.0,0.031771,0.031606,ws,ws,type_b_ladder,type_b_ladder,False,False,0.0643,-0.2167,65,39.0,strategy_S9-149__TYPE_B:NIFTY:2026-04-20T11:59:20:SHORT
2026-04-20,12:00:01,2026-04-20,12:00:11,NIFTY,BUY,TYPE_B,PASSIVE,HIT_BID,24465.5,24463.75,NIFTY21APR2624450CE,24450.0,CE,136.65,137.55,136.58,137.76,140.0,135.0,0.036617,0.036317,ws,ws,type_b_ladder,type_b_ladder,False,False,0.0667,-0.2105,65,58.5,strategy_S9-149__TYPE_B:NIFTY:2026-04-20T12:00:01:LONG
2026-04-20,12:00:20,2026-04-20,12:00:50,NIFTY,BUY,TYPE_B,PASSIVE,HIT_BID,24465.85,24467.9,NIFTY21APR2624450CE,24450.0,CE,136.2,140.6,136.14,140.73,140.0,140.0,0.036751,0.035524,ws,ws,type_b_ladder,type_b_ladder,False,False,0.0562,-0.1286,65,286.0,strategy_S9-149__TYPE_B:NIFTY:2026-04-20T12:00:20:LONG
2026-04-20,12:01:44,2026-04-20,12:02:22,NIFTY,SELL,TYPE_B,PASSIVE,HIT_BID,24465.95,24463.4,NIFTY21APR2624500PE,24500.0,PE,155.05,155.95,154.85,156.08,160.0,155.0,0.032284,0.032031,ws,ws,type_b_ladder,type_b_ladder,False,False,0.2042,-0.1286,65,58.5,strategy_S9-149__TYPE_B:NIFTY:2026-04-20T12:01:44:SHORT
2026-04-20,12:02:36,2026-04-20,12:02:40,NIFTY,BUY,TYPE_B,PASSIVE,HIT_BID,24465.8,24464.1,NIFTY21APR2624450CE,24450.0,CE,136.6,135.7,136.53,135.84,140.0,135.0,0.036643,0.036812,ws,ws,type_b_ladder,type_b_ladder,False,False,0.075,-0.1447,65,-58.5,strategy_S9-149__TYPE_B:NIFTY:2026-04-20T12:02:36:LONG
2026-04-20,12:04:03,2026-04-20,12:04:29,NIFTY,SELL,TYPE_B,PASSIVE,HIT_BID,24461.3,24460.85,NIFTY21APR2624500PE,24500.0,PE,156.95,156.05,156.84,156.22,160.0,155.0,0.031883,0.032005,ws,ws,type_b_ladder,type_b_ladder,False,False,0.1071,-0.175,65,-58.5,strategy_S9-149__TYPE_B:NIFTY:2026-04-20T12:04:03:SHORT
2026-04-20,12:05:44,2026-04-20,12:06:12,NIFTY,SELL,TYPE_B,PASSIVE,HIT_BID,24456.55,24452.9,NIFTY21APR2624500PE,24500.0,PE,159.0,160.4,158.71,160.51,160.0,160.0,0.031476,0.031148,ws,ws,type_b_ladder,type_b_ladder,False,False,0.2928,-0.1136,65,91.0,strategy_S9-149__TYPE_B:NIFTY:2026-04-20T12:05:44:SHORT
2026-04-20,12:06:33,2026-04-20,12:06:57,NIFTY,SELL,TYPE_B,PASSIVE,HIT_BID,24450.25,24451.05,NIFTY21APR2624500PE,24500.0,PE,161.85,159.9,161.66,160.11,165.0,155.0,0.030936,0.031245,ws,ws,type_b_ladder,type_b_ladder,False,False,0.1895,-0.2083,65,-126.75,strategy_S9-149__TYPE_B:NIFTY:2026-04-20T12:06:33:SHORT
2026-04-20,12:07:02,2026-04-20,12:07:29,NIFTY,BUY,TYPE_B,PASSIVE,HIT_BID,24452.7,24454.35,NIFTY21APR2624450CE,24450.0,CE,130.45,129.9,130.32,130.06,135.0,125.0,0.038358,0.038454,ws,ws,type_b_ladder,type_b_ladder,False,False,0.1333,-0.1607,65,-35.75,strategy_S9-149__TYPE_B:NIFTY:2026-04-20T12:07:02:LONG
2026-04-20,12:08:23,2026-04-20,12:08:56,NIFTY,BUY,TYPE_B,PASSIVE,HIT_BID,24456.35,24460.7,NIFTY21APR2624450CE,24450.0,CE,130.5,131.7,130.4,131.75,135.0,130.0,0.038336,0.037929,ws,ws,type_b_ladder,type_b_ladder,False,False,0.1,-0.0469,65,78.0,strategy_S9-149__TYPE_B:NIFTY:2026-04-20T12:08:23:LONG
2026-04-20,12:09:11,2026-04-20,12:09:19,NIFTY,SELL,TYPE_B,PASSIVE,HIT_BID,24457.2,24459.3,NIFTY21APR2624500PE,24500.0,PE,162.3,161.25,162.27,161.5,165.0,160.0,0.030836,0.030974,ws,ws,type_b_ladder,type_b_ladder,False,False,0.0279,-0.245,65,-68.25,strategy_S9-149__TYPE_B:NIFTY:2026-04-20T12:09:11:SHORT
2026-04-20,12:09:25,2026-04-20,12:09:45,NIFTY,SELL,TYPE_B,PASSIVE,HIT_BID,24453.7,24455.3,NIFTY21APR2624500PE,24500.0,PE,163.0,161.2,162.97,161.3,165.0,160.0,0.03068,0.030993,ws,ws,type_b_ladder,type_b_ladder,False,False,0.025,-0.1,65,-117.0,strategy_S9-149__TYPE_B:NIFTY:2026-04-20T12:09:25:SHORT
2026-04-20,12:09:53,2026-04-20,12:11:01,NIFTY,SELL,TYPE_B,PASSIVE,HIT_BID,24449.4,24440.5,NIFTY21APR2624450PE,24450.0,PE,134.8,139.5,134.61,139.62,135.0,135.0,0.037126,0.03581,ws,ws,type_b_ladder,type_b_ladder,False,False,0.1875,-0.125,65,305.5,strategy_S9-149__TYPE_B:NIFTY:2026-04-20T12:09:53:SHORT
2026-04-20,12:11:37,2026-04-20,12:12:02,NIFTY,BUY,TYPE_B,PASSIVE,HIT_BID,24444.05,24444.05,NIFTY21APR2624400CE,24400.0,CE,155.4,154.35,155.32,154.41,160.0,150.0,0.032206,0.032368,ws,ws,type_b_ladder,type_b_ladder,False,False,0.075,-0.0625,65,-68.25,strategy_S9-149__TYPE_B:NIFTY:2026-04-20T12:11:37:LONG
2026-04-20,12:12:19,2026-04-20,12:12:24,NIFTY,BUY,TYPE_B,PASSIVE,HIT_BID,24446.5,24443.75,NIFTY21APR2624400CE,24400.0,CE,156.15,155.75,156.0,155.9,160.0,155.0,0.032036,0.032072,ws,ws,type_b_ladder,type_b_ladder,False,False,0.1467,-0.15,65,-26.0,strategy_S9-149__TYPE_B:NIFTY:2026-04-20T12:12:19:LONG
2026-04-20,12:12:31,2026-04-20,12:12:35,NIFTY,BUY,TYPE_B,PASSIVE,HIT_BID,24445.95,24443.95,NIFTY21APR2624400CE,24400.0,CE,157.6,154.7,157.53,154.87,160.0,150.0,0.031746,0.032279,ws,ws,type_b_ladder,type_b_ladder,False,False,0.0714,-0.1724,65,-188.5,strategy_S9-149__TYPE_B:NIFTY:2026-04-20T12:12:31:LONG
2026-04-20,12:12:47,2026-04-20,12:13:12,NIFTY,SELL,TYPE_B,PASSIVE,HIT_BID,24441.9,24441.9,NIFTY21APR2624450PE,24450.0,PE,138.25,138.05,138.01,138.09,140.0,135.0,0.036199,0.036186,ws,ws,type_b_ladder,type_b_ladder,False,False,0.2424,-0.0431,65,-13.0,strategy_S9-149__TYPE_B:NIFTY:2026-04-20T12:12:47:SHORT
2026-04-20,12:13:20,2026-04-20,12:13:41,NIFTY,SELL,TYPE_B,PASSIVE,HIT_BID,24439.8,24434.05,NIFTY21APR2624450PE,24450.0,PE,139.25,141.9,139.05,142.18,140.0,140.0,0.035939,0.035193,ws,ws,type_b_ladder,type_b_ladder,False,False,0.2,-0.2833,65,172.25,strategy_S9-149__TYPE_B:NIFTY:2026-04-20T12:13:20:SHORT
2026-04-20,12:14:09,2026-04-20,12:14:23,NIFTY,SELL,TYPE_B,PASSIVE,HIT_BID,24424.85,24424.9,NIFTY21APR2624450PE,24450.0,PE,147.35,146.3,147.35,146.53,150.0,145.0,0.033944,0.034141,ws,ws,type_b_ladder,type_b_ladder,False,False,0.0048,-0.2333,65,-68.25,strategy_S9-149__TYPE_B:NIFTY:2026-04-20T12:14:09:SHORT
2026-04-20,12:14:40,2026-04-20,12:15:23,NIFTY,BUY,TYPE_B,PASSIVE,HIT_BID,24426.85,24433.6,NIFTY21APR2624400CE,24400.0,CE,147.9,148.2,147.84,148.28,150.0,145.0,0.033835,0.033704,ws,ws,type_b_ladder,type_b_ladder,False,False,0.0595,-0.078,65,19.5,strategy_S9-149__TYPE_B:NIFTY:2026-04-20T12:14:40:LONG
2026-04-20,12:15:37,2026-04-20,12:16:03,NIFTY,BUY,TYPE_B,PASSIVE,HIT_BID,24435.3,24434.95,NIFTY21APR2624400CE,24400.0,CE,149.25,151.65,149.17,151.72,150.0,150.0,0.033529,0.032949,ws,ws,type_b_ladder,type_b_ladder,False,False,0.0789,-0.0667,65,156.0,strategy_S9-149__TYPE_B:NIFTY:2026-04-20T12:15:37:LONG
2026-04-20,12:16:11,2026-04-20,12:16:20,NIFTY,BUY,TYPE_B,PASSIVE,HIT_BID,24438.55,24436.65,NIFTY21APR2624400CE,24400.0,CE,153.2,150.2,153.16,150.3,155.0,150.0,0.032658,0.033256,ws,ws,type_b_ladder,type_b_ladder,False,False,0.0435,-0.1,65,-195.0,strategy_S9-149__TYPE_B:NIFTY:2026-04-20T12:16:11:LONG
2026-04-20,12:16:40,2026-04-20,12:16:56,NIFTY,SELL,TYPE_B,PASSIVE,HIT_BID,24433.0,24430.4,NIFTY21APR2624450PE,24450.0,PE,146.25,148.5,146.23,148.65,150.0,145.0,0.034217,0.03363,ws,ws,type_b_ladder,type_b_ladder,False,False,0.0221,-0.1458,65,146.25,strategy_S9-149__TYPE_B:NIFTY:2026-04-20T12:16:40:SHORT
2026-04-20,12:17:35,2026-04-20,12:17:42,NIFTY,SELL,TYPE_B,PASSIVE,HIT_BID,24428.2,24429.6,NIFTY21APR2624450PE,24450.0,PE,148.2,146.05,148.15,146.12,150.0,145.0,0.033778,0.034223,ws,ws,type_b_ladder,type_b_ladder,False,False,0.05,-0.0667,65,-139.75,strategy_S9-149__TYPE_B:NIFTY:2026-04-20T12:17:35:SHORT
2026-04-20,12:18:14,2026-04-20,12:18:27,NIFTY,SELL,TYPE_B,PASSIVE,HIT_BID,24428.25,24429.0,NIFTY21APR2624450PE,24450.0,PE,146.55,146.85,146.32,146.88,150.0,145.0,0.034147,0.034043,ws,ws,type_b_ladder,type_b_ladder,False,False,0.2292,-0.0312,65,19.5,strategy_S9-149__TYPE_B:NIFTY:2026-04-20T12:18:14:SHORT
2026-04-20,12:19:30,2026-04-20,12:19:42,NIFTY,SELL,TYPE_B,PASSIVE,HIT_BID,24427.15,24427.85,NIFTY21APR2624450PE,24450.0,PE,148.75,147.7,148.62,147.93,150.0,145.0,0.033647,0.033824,ws,ws,type_b_ladder,type_b_ladder,False,False,0.125,-0.2262,65,-68.25,strategy_S9-149__TYPE_B:NIFTY:2026-04-20T12:19:30:SHORT
2026-04-20,12:20:21,2026-04-20,12:20:51,NIFTY,BUY,TYPE_B,PASSIVE,HIT_BID,24433.45,24433.85,NIFTY21APR2624400CE,24400.0,CE,147.0,148.4,146.87,148.41,150.0,145.0,0.034048,0.033659,ws,ws,type_b_ladder,type_b_ladder,False,False,0.1333,-0.0107,65,91.0,strategy_S9-149__TYPE_B:NIFTY:2026-04-20T12:20:21:LONG
2026-04-20,12:21:04,2026-04-20,12:21:41,NIFTY,BUY,TYPE_B,PASSIVE,HIT_BID,24437.6,24438.4,NIFTY21APR2624400CE,24400.0,CE,151.15,150.9,150.93,151.21,155.0,150.0,0.033118,0.033091,ws,ws,type_b_ladder,type_b_ladder,False,False,0.224,-0.3143,65,-16.25,strategy_S9-149__TYPE_B:NIFTY:2026-04-20T12:21:04:LONG
2026-04-20,12:21:51,2026-04-20,12:21:56,NIFTY,BUY,TYPE_B,PASSIVE,HIT_BID,24440.1,24437.8,NIFTY21APR2624400CE,24400.0,CE,150.8,149.5,150.56,149.63,155.0,145.0,0.033201,0.033406,ws,ws,type_b_ladder,type_b_ladder,False,False,0.24,-0.1328,65,-84.5,strategy_S9-149__TYPE_B:NIFTY:2026-04-20T12:21:51:LONG
2026-04-20,12:22:33,2026-04-20,12:22:53,NIFTY,BUY,TYPE_B,PASSIVE,HIT_BID,24441.5,24442.05,NIFTY21APR2624400CE,24400.0,CE,152.85,153.4,152.6,153.69,155.0,150.0,0.03276,0.032557,ws,ws,type_b_ladder,type_b_ladder,False,False,0.2468,-0.2917,65,35.75,strategy_S9-149__TYPE_B:NIFTY:2026-04-20T12:22:33:LONG
2026-04-20,12:24:57,2026-04-20,12:25:09,NIFTY,BUY,TYPE_B,PASSIVE,HIT_BID,24446.25,24444.7,NIFTY21APR2624400CE,24400.0,CE,154.6,154.45,154.38,154.56,155.0,150.0,0.032368,0.032342,ws,ws,type_b_ladder,type_b_ladder,False,False,0.2222,-0.11,65,-9.75,strategy_S9-149__TYPE_B:NIFTY:2026-04-20T12:24:57:LONG
2026-04-20,12:25:58,2026-04-20,12:26:15,NIFTY,BUY,TYPE_B,PASSIVE,HIT_BID,24448.45,24447.65,NIFTY21APR2624400CE,24400.0,CE,156.9,155.25,156.84,155.32,160.0,155.0,0.031908,0.03217,ws,ws,type_b_ladder,type_b_ladder,False,False,0.0571,-0.0721,65,-107.25,strategy_S9-149__TYPE_B:NIFTY:2026-04-20T12:25:58:LONG
2026-04-20,12:26:21,2026-04-20,12:26:25,NIFTY,SELL,TYPE_B,PASSIVE,HIT_BID,24445.15,24446.35,NIFTY21APR2624450PE,24450.0,PE,140.2,138.0,140.09,138.06,145.0,135.0,0.035695,0.036193,ws,ws,type_b_ladder,type_b_ladder,False,False,0.1111,-0.0625,65,-143.0,strategy_S9-149__TYPE_B:NIFTY:2026-04-20T12:26:21:SHORT
2026-04-20,12:26:31,2026-04-20,12:27:32,NIFTY,BUY,TYPE_B,PASSIVE,HIT_BID,24454.35,24460.25,NIFTY21APR2624450CE,24450.0,CE,132.95,136.0,132.79,136.24,135.0,135.0,0.037651,0.036717,ws,ws,type_b_ladder,type_b_ladder,False,False,0.1636,-0.2378,65,198.25,strategy_S9-149__TYPE_B:NIFTY:2026-04-20T12:26:31:LONG
2026-04-20,12:28:40,2026-04-20,12:29:20,NIFTY,SELL,TYPE_B,PASSIVE,HIT_BID,24459.5,24459.5,NIFTY21APR2624500PE,24500.0,PE,154.85,154.5,154.69,154.55,155.0,150.0,0.032326,0.032347,ws,ws,type_b_ladder,type_b_ladder,False,False,0.1591,-0.05,65,-22.75,strategy_S9-149__TYPE_B:NIFTY:2026-04-20T12:28:40:SHORT
2026-04-20,12:29:30,2026-04-20,12:29:54,NIFTY,BUY,TYPE_B,PASSIVE,HIT_BID,24460.3,24461.2,NIFTY21APR2624450CE,24450.0,CE,137.0,138.6,136.95,138.84,140.0,135.0,0.036516,0.036043,ws,ws,type_b_ladder,type_b_ladder,False,False,0.05,-0.2356,65,104.0,strategy_S9-149__TYPE_B:NIFTY:2026-04-20T12:29:30:LONG
2026-04-20,12:30:33,2026-04-20,12:30:55,NIFTY,SELL,TYPE_B,PASSIVE,HIT_BID,24463.15,24463.45,NIFTY21APR2624500PE,24500.0,PE,153.5,151.65,153.47,151.89,155.0,150.0,0.0326,0.032938,ws,ws,type_b_ladder,type_b_ladder,False,False,0.0294,-0.24,65,-120.25,strategy_S9-149__TYPE_B:NIFTY:2026-04-20T12:30:33:SHORT
2026-04-20,12:31:16,2026-04-20,12:31:42,NIFTY,SELL,TYPE_B,PASSIVE,HIT_BID,24460.0,24458.35,NIFTY21APR2624500PE,24500.0,PE,155.3,155.35,155.19,155.41,160.0,155.0,0.032211,0.032154,ws,ws,type_b_ladder,type_b_ladder,False,False,0.1125,-0.06,65,3.25,strategy_S9-149__TYPE_B:NIFTY:2026-04-20T12:31:16:SHORT
2026-04-20,12:32:53,2026-04-20,12:32:57,NIFTY,SELL,TYPE_B,PASSIVE,HIT_BID,24457.2,24458.8,NIFTY21APR2624500PE,24500.0,PE,152.95,151.8,152.87,151.85,155.0,150.0,0.032717,0.032895,ws,ws,type_b_ladder,type_b_ladder,False,False,0.0769,-0.0522,65,-74.75,strategy_S9-149__TYPE_B:NIFTY:2026-04-20T12:32:53:SHORT
2026-04-20,12:33:05,2026-04-20,12:33:45,NIFTY,BUY,TYPE_B,PASSIVE,HIT_BID,24460.8,24464.25,NIFTY21APR2624450CE,24450.0,CE,138.2,140.5,138.1,140.65,140.0,140.0,0.036212,0.035568,ws,ws,type_b_ladder,type_b_ladder,False,False,0.1,-0.1472,65,149.5,strategy_S9-149__TYPE_B:NIFTY:2026-04-20T12:33:05:LONG
2026-04-20,12:33:50,2026-04-20,12:34:23,NIFTY,BUY,TYPE_B,PASSIVE,HIT_BID,24465.4,24466.65,NIFTY21APR2624450CE,24450.0,CE,141.0,139.6,140.84,139.82,145.0,135.0,0.035492,0.035772,ws,ws,type_b_ladder,type_b_ladder,False,False,0.1643,-0.2217,65,-91.0,strategy_S9-149__TYPE_B:NIFTY:2026-04-20T12:33:50:LONG
2026-04-20,12:34:51,2026-04-20,12:34:57,NIFTY,SELL,TYPE_B,PASSIVE,HIT_BID,24465.2,24466.3,NIFTY21APR2624500PE,24500.0,PE,148.55,147.0,148.41,147.2,150.0,145.0,0.033693,0.033985,ws,ws,type_b_ladder,type_b_ladder,False,False,0.1421,-0.2031,65,-100.75,strategy_S9-149__TYPE_B:NIFTY:2026-04-20T12:34:51:SHORT
2026-04-20,12:35:53,2026-04-20,12:36:12,NIFTY,SELL,TYPE_B,PASSIVE,HIT_BID,24464.75,24462.95,NIFTY21APR2624500PE,24500.0,PE,149.25,148.6,149.15,148.76,150.0,145.0,0.033535,0.033602,ws,ws,type_b_ladder,type_b_ladder,False,False,0.1,-0.1625,65,-42.25,strategy_S9-149__TYPE_B:NIFTY:2026-04-20T12:35:53:SHORT
2026-04-20,12:36:21,2026-04-20,12:36:35,NIFTY,SELL,TYPE_B,PASSIVE,HIT_BID,24460.5,24456.25,NIFTY21APR2624500PE,24500.0,PE,151.8,153.6,151.64,153.81,155.0,150.0,0.032976,0.032515,ws,ws,type_b_ladder,type_b_ladder,False,False,0.1575,-0.21,65,117.0,strategy_S9-149__TYPE_B:NIFTY:2026-04-20T12:36:21:SHORT
2026-04-20,12:37:01,2026-04-20,12:37:21,NIFTY,BUY,TYPE_B,PASSIVE,HIT_BID,24459.65,24459.0,NIFTY21APR2624450CE,24450.0,CE,135.05,135.65,134.95,135.71,140.0,135.0,0.037064,0.036819,ws,ws,type_b_ladder,type_b_ladder,False,False,0.1,-0.06,65,39.0,strategy_S9-149__TYPE_B:NIFTY:2026-04-20T12:37:01:LONG
2026-04-20,12:38:21,2026-04-20,12:38:31,NIFTY,SELL,TYPE_B,PASSIVE,HIT_BID,24456.6,24459.3,NIFTY21APR2624500PE,24500.0,PE,153.3,149.9,153.09,150.0,155.0,145.0,0.032648,0.033322,ws,ws,type_b_ladder,type_b_ladder,False,False,0.2077,-0.0955,65,-221.0,strategy_S9-149__TYPE_B:NIFTY:2026-04-20T12:38:21:SHORT
2026-04-20,12:38:42,2026-04-20,12:39:30,NIFTY,BUY,TYPE_B,PASSIVE,HIT_BID,24461.85,24467.0,NIFTY21APR2624450CE,24450.0,CE,138.0,139.55,137.71,139.74,140.0,135.0,0.036271,0.035785,ws,ws,type_b_ladder,type_b_ladder,False,False,0.294,-0.1944,65,100.75,strategy_S9-149__TYPE_B:NIFTY:2026-04-20T12:38:42:LONG
2026-04-20,12:40:40,2026-04-20,12:40:55,NIFTY,SELL,TYPE_B,PASSIVE,HIT_BID,24465.45,24461.4,NIFTY21APR2624500PE,24500.0,PE,149.95,151.1,149.88,151.34,150.0,150.0,0.033372,0.033047,ws,ws,type_b_ladder,type_b_ladder,False,False,0.0714,-0.2444,65,74.75,strategy_S9-149__TYPE_B:NIFTY:2026-04-20T12:40:40:SHORT
2026-04-20,12:41:10,2026-04-20,12:41:21,NIFTY,BUY,TYPE_B,PASSIVE,HIT_BID,24464.15,24462.6,NIFTY21APR2624450CE,24450.0,CE,138.85,137.85,138.83,138.0,140.0,135.0,0.036023,0.036232,ws,ws,type_b_ladder,type_b_ladder,False,False,0.0154,-0.15,65,-65.0,strategy_S9-149__TYPE_B:NIFTY:2026-04-20T12:41:10:LONG
2026-04-20,12:42:01,2026-04-20,12:42:47,NIFTY,BUY,TYPE_B,PASSIVE,HIT_BID,24465.15,24467.05,NIFTY21APR2624450CE,24450.0,CE,137.55,138.2,137.49,138.22,140.0,135.0,0.03639,0.036166,ws,ws,type_b_ladder,type_b_ladder,False,False,0.06,-0.02,65,42.25,strategy_S9-149__TYPE_B:NIFTY:2026-04-20T12:42:01:LONG
2026-04-20,12:43:33,2026-04-20,12:43:46,NIFTY,SELL,TYPE_B,PASSIVE,HIT_BID,24463.75,24464.5,NIFTY21APR2624500PE,24500.0,PE,150.6,150.15,150.53,150.48,155.0,150.0,0.033217,0.033256,ws,ws,type_b_ladder,type_b_ladder,False,False,0.075,-0.3304,65,-29.25,strategy_S9-149__TYPE_B:NIFTY:2026-04-20T12:43:33:SHORT
2026-04-20,12:43:55,2026-04-20,12:44:28,NIFTY,SELL,TYPE_B,PASSIVE,HIT_BID,24461.9,24460.2,NIFTY21APR2624500PE,24500.0,PE,150.55,151.7,150.53,151.75,155.0,150.0,0.033217,0.032927,ws,ws,type_b_ladder,type_b_ladder,False,False,0.0167,-0.05,65,74.75,strategy_S9-149__TYPE_B:NIFTY:2026-04-20T12:43:55:SHORT
2026-04-20,12:45:01,2026-04-20,12:45:08,NIFTY,BUY,TYPE_B,PASSIVE,HIT_BID,24463.8,24461.05,NIFTY21APR2624450CE,24450.0,CE,136.45,135.3,136.36,135.31,140.0,135.0,0.036691,0.036914,ws,ws,type_b_ladder,type_b_ladder,False,False,0.0921,-0.012,65,-74.75,strategy_S9-149__TYPE_B:NIFTY:2026-04-20T12:45:01:LONG
2026-04-20,12:45:36,2026-04-20,12:45:50,NIFTY,BUY,TYPE_B,PASSIVE,HIT_BID,24464.15,24463.7,NIFTY21APR2624450CE,24450.0,CE,135.1,134.5,134.96,134.54,140.0,130.0,0.037044,0.037133,ws,ws,type_b_ladder,type_b_ladder,False,False,0.1364,-0.0375,65,-39.0,strategy_S9-149__TYPE_B:NIFTY:2026-04-20T12:45:36:LONG
2026-04-20,12:46:31,2026-04-20,12:47:24,NIFTY,BUY,TYPE_B,PASSIVE,HIT_BID,24465.4,24465.55,NIFTY21APR2624450CE,24450.0,CE,134.4,137.35,134.29,137.44,135.0,135.0,0.037223,0.036383,ws,ws,type_b_ladder,type_b_ladder,False,False,0.1125,-0.0938,65,191.75,strategy_S9-149__TYPE_B:NIFTY:2026-04-20T12:46:31:LONG
2026-04-20,12:48:30,2026-04-20,12:48:50,NIFTY,BUY,TYPE_B,PASSIVE,HIT_BID,24473.25,24472.65,NIFTY21APR2624450CE,24450.0,CE,141.5,142.05,141.41,142.22,145.0,140.0,0.035373,0.035162,ws,ws,type_b_ladder,type_b_ladder,False,False,0.0938,-0.1714,65,35.75,strategy_S9-149__TYPE_B:NIFTY:2026-04-20T12:48:30:LONG
2026-04-20,12:49:32,2026-04-20,12:49:45,NIFTY,SELL,TYPE_B,PASSIVE,HIT_BID,24471.0,24471.0,NIFTY21APR2624500PE,24500.0,PE,148.7,148.2,148.58,148.47,150.0,145.0,0.033664,0.033704,ws,ws,type_b_ladder,type_b_ladder,False,False,0.1207,-0.2667,65,-32.5,strategy_S9-149__TYPE_B:NIFTY:2026-04-20T12:49:32:SHORT
2026-04-20,12:52:31,2026-04-20,12:52:50,NIFTY,BUY,TYPE_B,PASSIVE,HIT_BID,24479.15,24478.75,NIFTY21APR2624450CE,24450.0,CE,147.3,146.75,147.11,146.84,150.0,145.0,0.033979,0.034043,ws,ws,type_b_ladder,type_b_ladder,False,False,0.1895,-0.0917,65,-35.75,strategy_S9-149__TYPE_B:NIFTY:2026-04-20T12:52:31:LONG
2026-04-20,12:53:23,2026-04-20,12:53:49,NIFTY,SELL,TYPE_B,PASSIVE,HIT_BID,24476.6,24476.35,NIFTY21APR2624500PE,24500.0,PE,143.65,143.6,143.55,143.85,145.0,140.0,0.034819,0.034783,ws,ws,type_b_ladder,type_b_ladder,False,False,0.0968,-0.252,65,-3.25,strategy_S9-149__TYPE_B:NIFTY:2026-04-20T12:53:23:SHORT
2026-04-20,12:54:31,2026-04-20,12:54:45,NIFTY,BUY,TYPE_B,PASSIVE,HIT_BID,24479.35,24479.05,NIFTY21APR2624450CE,24450.0,CE,148.35,145.65,148.29,145.73,150.0,145.0,0.033738,0.034299,ws,ws,type_b_ladder,type_b_ladder,False,False,0.0643,-0.0833,65,-175.5,strategy_S9-149__TYPE_B:NIFTY:2026-04-20T12:54:31:LONG
2026-04-20,12:55:25,2026-04-20,12:55:31,NIFTY,SELL,TYPE_B,PASSIVE,HIT_BID,24472.65,24474.95,NIFTY21APR2624500PE,24500.0,PE,146.9,146.0,146.84,146.2,150.0,145.0,0.03406,0.034217,ws,ws,type_b_ladder,type_b_ladder,False,False,0.0625,-0.1983,65,-58.5,strategy_S9-149__TYPE_B:NIFTY:2026-04-20T12:55:25:SHORT
2026-04-20,12:55:45,2026-04-20,12:56:09,NIFTY,BUY,TYPE_B,PASSIVE,HIT_BID,24476.5,24476.05,NIFTY21APR2624450CE,24450.0,CE,142.15,141.7,142.12,141.79,145.0,140.0,0.035186,0.035261,ws,ws,type_b_ladder,type_b_ladder,False,False,0.0333,-0.0889,65,-29.25,strategy_S9-149__TYPE_B:NIFTY:2026-04-20T12:55:45:LONG
2026-04-20,12:56:16,2026-04-20,12:56:42,NIFTY,SELL,TYPE_B,PASSIVE,HIT_BID,24474.7,24473.75,NIFTY21APR2624500PE,24500.0,PE,147.4,148.45,147.33,148.72,150.0,145.0,0.033944,0.033647,ws,ws,type_b_ladder,type_b_ladder,False,False,0.0667,-0.2719,65,68.25,strategy_S9-149__TYPE_B:NIFTY:2026-04-20T12:56:16:SHORT
2026-04-20,12:57:40,2026-04-20,12:57:45,NIFTY,SELL,TYPE_B,PASSIVE,HIT_BID,24468.65,24471.45,NIFTY21APR2624500PE,24500.0,PE,150.95,149.35,150.93,149.49,155.0,145.0,0.033162,0.033439,ws,ws,type_b_ladder,type_b_ladder,False,False,0.0206,-0.1379,65,-104.0,strategy_S9-149__TYPE_B:NIFTY:2026-04-20T12:57:40:SHORT
2026-04-20,12:58:20,2026-04-20,12:58:57,NIFTY,SELL,TYPE_B,PASSIVE,HIT_BID,24467.4,24465.45,NIFTY21APR2624500PE,24500.0,PE,152.85,152.6,152.75,152.7,155.0,150.0,0.032728,0.032733,ws,ws,type_b_ladder,type_b_ladder,False,False,0.1038,-0.0955,65,-16.25,strategy_S9-149__TYPE_B:NIFTY:2026-04-20T12:58:20:SHORT
2026-04-20,12:59:16,2026-04-20,12:59:20,NIFTY,BUY,TYPE_B,PASSIVE,HIT_BID,24466.25,24463.35,NIFTY21APR2624450CE,24450.0,CE,136.3,134.0,136.21,134.05,140.0,130.0,0.036711,0.037286,ws,ws,type_b_ladder,type_b_ladder,False,False,0.0889,-0.0468,65,-149.5,strategy_S9-149__TYPE_B:NIFTY:2026-04-20T12:59:16:LONG
2026-04-20,13:00:33,2026-04-20,13:00:47,NIFTY,SELL,TYPE_B,PASSIVE,HIT_BID,24455.2,24430.9,NIFTY21APR2624500PE,24500.0,PE,157.4,172.7,157.26,172.82,160.0,170.0,0.031791,0.028914,ws,ws,type_b_ladder,type_b_ladder,False,False,0.1389,-0.1184,65,994.5,strategy_S9-149__TYPE_B:NIFTY:2026-04-20T13:00:33:SHORT
2026-04-20,13:01:10,2026-04-20,13:01:16,NIFTY,BUY,TYPE_B,PASSIVE,HIT_BID,24441.7,24437.3,NIFTY21APR2624400CE,24400.0,CE,151.45,148.9,151.21,149.23,155.0,145.0,0.033041,0.033535,ws,ws,type_b_ladder,type_b_ladder,False,False,0.2422,-0.3294,65,-165.75,strategy_S9-149__TYPE_B:NIFTY:2026-04-20T13:01:10:LONG
2026-04-20,13:01:34,2026-04-20,13:01:42,NIFTY,SELL,TYPE_B,PASSIVE,HIT_BID,24433.05,24432.85,NIFTY21APR2624450PE,24450.0,PE,145.15,146.0,145.09,146.07,150.0,145.0,0.034477,0.034217,ws,ws,type_b_ladder,type_b_ladder,False,False,0.0625,-0.0714,65,55.25,strategy_S9-149__TYPE_B:NIFTY:2026-04-20T13:01:34:SHORT
2026-04-20,13:02:20,2026-04-20,13:02:37,NIFTY,BUY,TYPE_B,PASSIVE,HIT_BID,24439.15,24438.4,NIFTY21APR2624400CE,24400.0,CE,150.2,149.2,149.97,149.3,155.0,145.0,0.033322,0.03349,ws,ws,type_b_ladder,type_b_ladder,False,False,0.2286,-0.1,65,-65.0,strategy_S9-149__TYPE_B:NIFTY:2026-04-20T13:02:20:LONG
2026-04-20,13:03:10,2026-04-20,13:03:22,NIFTY,BUY,TYPE_B,PASSIVE,HIT_BID,24441.85,24441.0,NIFTY21APR2624400CE,24400.0,CE,152.65,148.7,152.52,148.95,155.0,145.0,0.032787,0.033585,ws,ws,type_b_ladder,type_b_ladder,False,False,0.1286,-0.2528,65,-256.75,strategy_S9-149__TYPE_B:NIFTY:2026-04-20T13:03:10:LONG
2026-04-20,13:04:32,2026-04-20,13:04:45,NIFTY,SELL,TYPE_B,PASSIVE,HIT_BID,24440.1,24440.65,NIFTY21APR2624450PE,24450.0,PE,143.05,141.5,142.89,141.6,145.0,140.0,0.034996,0.035298,ws,ws,type_b_ladder,type_b_ladder,False,False,0.1615,-0.1,65,-100.75,strategy_S9-149__TYPE_B:NIFTY:2026-04-20T13:04:32:SHORT
2026-04-20,13:05:41,2026-04-20,13:05:59,NIFTY,BUY,TYPE_B,PASSIVE,HIT_BID,24444.15,24444.9,NIFTY21APR2624400CE,24400.0,CE,149.8,150.65,149.65,150.69,150.0,150.0,0.033422,0.033151,ws,ws,type_b_ladder,type_b_ladder,False,False,0.1455,-0.0412,65,55.25,strategy_S9-149__TYPE_B:NIFTY:2026-04-20T13:05:41:LONG
2026-04-20,13:06:05,2026-04-20,13:06:20,NIFTY,SELL,TYPE_B,PASSIVE,HIT_BID,24439.0,24433.45,NIFTY21APR2624450PE,24450.0,PE,143.45,147.4,143.37,147.53,145.0,145.0,0.034886,0.033893,ws,ws,type_b_ladder,type_b_ladder,False,False,0.0833,-0.125,65,256.75,strategy_S9-149__TYPE_B:NIFTY:2026-04-20T13:06:05:SHORT
2026-04-20,13:06:36,2026-04-20,13:06:50,NIFTY,SELL,TYPE_B,PASSIVE,HIT_BID,24428.6,24428.7,NIFTY21APR2624450PE,24450.0,PE,151.55,148.2,151.28,148.31,155.0,145.0,0.033036,0.033704,ws,ws,type_b_ladder,type_b_ladder,False,False,0.2667,-0.1105,65,-217.75,strategy_S9-149__TYPE_B:NIFTY:2026-04-20T13:06:36:SHORT
2026-04-20,13:07:05,2026-04-20,13:07:18,NIFTY,SELL,TYPE_B,PASSIVE,HIT_BID,24422.1,24424.45,NIFTY21APR2624450PE,24450.0,PE,155.7,152.05,155.53,152.2,160.0,150.0,0.032149,0.032846,ws,ws,type_b_ladder,type_b_ladder,False,False,0.175,-0.15,65,-237.25,strategy_S9-149__TYPE_B:NIFTY:2026-04-20T13:07:05:SHORT
2026-04-20,13:08:14,2026-04-20,13:08:25,NIFTY,SELL,TYPE_B,PASSIVE,HIT_BID,24428.1,24431.05,NIFTY21APR2624450PE,24450.0,PE,149.9,148.8,149.8,149.02,150.0,145.0,0.033395,0.033563,ws,ws,type_b_ladder,type_b_ladder,False,False,0.1,-0.2154,65,-71.5,strategy_S9-149__TYPE_B:NIFTY:2026-04-20T13:08:14:SHORT
2026-04-20,13:08:47,2026-04-20,13:09:05,NIFTY,SELL,TYPE_B,PASSIVE,HIT_BID,24426.85,24427.3,NIFTY21APR2624450PE,24450.0,PE,153.2,150.75,153.01,151.06,155.0,150.0,0.032664,0.033129,ws,ws,type_b_ladder,type_b_ladder,False,False,0.1944,-0.315,65,-159.25,strategy_S9-149__TYPE_B:NIFTY:2026-04-20T13:08:47:SHORT
2026-04-20,13:09:14,2026-04-20,13:09:23,NIFTY,BUY,TYPE_B,PASSIVE,HIT_BID,24429.65,24426.9,NIFTY21APR2624400CE,24400.0,CE,143.15,142.0,143.03,142.15,145.0,140.0,0.034959,0.035186,ws,ws,type_b_ladder,type_b_ladder,False,False,0.125,-0.15,65,-74.75,strategy_S9-149__TYPE_B:NIFTY:2026-04-20T13:09:14:LONG
2026-04-20,13:10:00,2026-04-20,13:10:14,NIFTY,SELL,TYPE_B,PASSIVE,HIT_BID,24420.75,24416.5,NIFTY21APR2624450PE,24450.0,PE,155.15,155.55,155.12,155.63,160.0,155.0,0.032263,0.032118,ws,ws,type_b_ladder,type_b_ladder,False,False,0.035,-0.0833,65,26.0,strategy_S9-149__TYPE_B:NIFTY:2026-04-20T13:10:00:SHORT
2026-04-20,13:10:40,2026-04-20,13:10:48,NIFTY,SELL,TYPE_B,PASSIVE,HIT_BID,24409.0,24411.35,NIFTY21APR2624450PE,24450.0,PE,159.5,157.85,159.2,157.98,160.0,155.0,0.031392,0.031641,ws,ws,type_b_ladder,type_b_ladder,False,False,0.3048,-0.1312,65,-107.25,strategy_S9-149__TYPE_B:NIFTY:2026-04-20T13:10:40:SHORT
2026-04-20,13:10:50,2026-04-20,13:10:55,NIFTY,SELL,TYPE_B,PASSIVE,HIT_BID,24408.1,24410.95,NIFTY21APR2624450PE,24450.0,PE,158.1,157.45,157.93,157.52,160.0,155.0,0.031661,0.031721,ws,ws,type_b_ladder,type_b_ladder,False,False,0.175,-0.07,65,-42.25,strategy_S9-149__TYPE_B:NIFTY:2026-04-20T13:10:50:SHORT
2026-04-20,13:11:06,2026-04-20,13:11:27,NIFTY,SELL,TYPE_B,PASSIVE,HIT_BID,24405.5,24398.7,NIFTY21APR2624450PE,24450.0,PE,159.55,170.3,159.53,170.42,160.0,170.0,0.031377,0.029326,ws,ws,type_b_ladder,type_b_ladder,False,False,0.019,-0.12,65,698.75,strategy_S9-149__TYPE_B:NIFTY:2026-04-20T13:11:06:SHORT
2026-04-20,13:12:10,2026-04-20,13:13:12,NIFTY,BUY,TYPE_B,PASSIVE,HIT_BID,24404.0,24419.65,NIFTY21APR2624400CE,24400.0,CE,132.2,138.1,132.1,138.12,135.0,135.0,0.03785,0.036199,ws,ws,type_b_ladder,type_b_ladder,False,False,0.1,-0.0167,65,383.5,strategy_S9-149__TYPE_B:NIFTY:2026-04-20T13:12:10:LONG
2026-04-20,13:13:50,2026-04-20,13:13:53,NIFTY,SELL,TYPE_B,PASSIVE,HIT_BID,24417.5,24420.15,NIFTY21APR2624450PE,24450.0,PE,158.3,156.15,158.12,156.18,160.0,155.0,0.031616,0.031985,ws,ws,type_b_ladder,type_b_ladder,False,False,0.1846,-0.0339,65,-139.75,strategy_S9-149__TYPE_B:NIFTY:2026-04-20T13:13:50:SHORT
2026-04-20,13:14:18,2026-04-20,13:14:22,NIFTY,BUY,TYPE_B,PASSIVE,HIT_BID,24423.55,24421.95,NIFTY21APR2624400CE,24400.0,CE,140.2,137.6,139.98,137.76,145.0,135.0,0.035708,0.036304,ws,ws,type_b_ladder,type_b_ladder,False,False,0.2154,-0.1562,65,-169.0,strategy_S9-149__TYPE_B:NIFTY:2026-04-20T13:14:18:LONG
2026-04-20,13:14:39,2026-04-20,13:14:57,NIFTY,SELL,TYPE_B,PASSIVE,HIT_BID,24416.8,24415.4,NIFTY21APR2624450PE,24450.0,PE,157.6,159.45,157.46,159.59,160.0,155.0,0.031756,0.031323,ws,ws,type_b_ladder,type_b_ladder,False,False,0.1364,-0.14,65,120.25,strategy_S9-149__TYPE_B:NIFTY:2026-04-20T13:14:39:SHORT
2026-04-20,13:15:03,2026-04-20,13:15:20,NIFTY,SELL,TYPE_B,PASSIVE,HIT_BID,24410.05,24408.9,NIFTY21APR2624450PE,24450.0,PE,162.15,165.95,161.9,166.07,165.0,165.0,0.030864,0.030093,ws,ws,type_b_ladder,type_b_ladder,False,False,0.2538,-0.1231,65,247.0,strategy_S9-149__TYPE_B:NIFTY:2026-04-20T13:15:03:SHORT
2026-04-20,13:15:50,2026-04-20,13:16:00,NIFTY,SELL,TYPE_B,PASSIVE,HIT_BID,24405.55,24406.1,NIFTY21APR2624450PE,24450.0,PE,166.35,167.8,166.28,167.9,170.0,165.0,0.030089,0.029771,ws,ws,type_b_ladder,type_b_ladder,False,False,0.07,-0.1,65,94.25,strategy_S9-149__TYPE_B:NIFTY:2026-04-20T13:15:50:SHORT
2026-04-20,13:16:43,2026-04-20,13:17:02,NIFTY,BUY,TYPE_B,PASSIVE,HIT_BID,24408.0,24418.15,NIFTY21APR2624400CE,24400.0,CE,132.2,134.45,132.15,134.64,135.0,130.0,0.03785,0.03714,ws,ws,type_b_ladder,type_b_ladder,False,False,0.05,-0.1896,65,146.25,strategy_S9-149__TYPE_B:NIFTY:2026-04-20T13:16:43:LONG
2026-04-20,13:17:27,2026-04-20,13:17:43,NIFTY,BUY,TYPE_B,PASSIVE,HIT_BID,24422.25,24421.35,NIFTY21APR2624400CE,24400.0,CE,138.0,138.0,137.9,138.12,140.0,135.0,0.036245,0.036193,ws,ws,type_b_ladder,type_b_ladder,False,False,0.0964,-0.1227,65,0.0,strategy_S9-149__TYPE_B:NIFTY:2026-04-20T13:17:27:LONG
2026-04-20,13:17:57,2026-04-20,13:18:12,NIFTY,BUY,TYPE_B,PASSIVE,HIT_BID,24424.3,24421.5,NIFTY21APR2624400CE,24400.0,CE,138.65,137.05,138.6,137.28,140.0,135.0,0.036108,0.036443,ws,ws,type_b_ladder,type_b_ladder,False,False,0.0477,-0.225,65,-104.0,strategy_S9-149__TYPE_B:NIFTY:2026-04-20T13:17:57:LONG
2026-04-20,13:18:41,2026-04-20,13:18:56,NIFTY,SELL,TYPE_B,PASSIVE,HIT_BID,24419.3,24419.45,NIFTY21APR2624450PE,24450.0,PE,158.85,156.65,158.7,156.75,160.0,155.0,0.031496,0.031898,ws,ws,type_b_ladder,type_b_ladder,False,False,0.1455,-0.1,65,-143.0,strategy_S9-149__TYPE_B:NIFTY:2026-04-20T13:18:41:SHORT
2026-04-20,13:19:03,2026-04-20,13:19:50,NIFTY,SELL,TYPE_B,PASSIVE,HIT_BID,24414.5,24415.25,NIFTY21APR2624450PE,24450.0,PE,159.0,157.7,158.92,157.75,160.0,155.0,0.031461,0.031676,ws,ws,type_b_ladder,type_b_ladder,False,False,0.0844,-0.05,65,-84.5,strategy_S9-149__TYPE_B:NIFTY:2026-04-20T13:19:03:SHORT
2026-04-20,13:21:16,2026-04-20,13:21:27,NIFTY,SELL,TYPE_B,PASSIVE,HIT_BID,24411.5,24412.25,NIFTY21APR2624450PE,24450.0,PE,162.65,162.45,162.59,162.53,165.0,160.0,0.030769,0.030741,ws,ws,type_b_ladder,type_b_ladder,False,False,0.06,-0.08,65,-13.0,strategy_S9-149__TYPE_B:NIFTY:2026-04-20T13:21:16:SHORT
2026-04-20,13:21:30,2026-04-20,13:21:46,NIFTY,SELL,TYPE_B,PASSIVE,HIT_BID,24410.3,24409.2,NIFTY21APR2624450PE,24450.0,PE,163.55,165.0,163.53,165.26,165.0,165.0,0.030595,0.030271,ws,ws,type_b_ladder,type_b_ladder,False,False,0.0227,-0.2625,65,94.25,strategy_S9-149__TYPE_B:NIFTY:2026-04-20T13:21:30:SHORT
2026-04-20,13:22:08,2026-04-20,13:22:49,NIFTY,SELL,TYPE_B,PASSIVE,HIT_BID,24406.2,24399.95,NIFTY21APR2624450PE,24450.0,PE,166.05,170.4,165.88,170.54,170.0,170.0,0.030152,0.029308,ws,ws,type_b_ladder,type_b_ladder,False,False,0.1688,-0.14,65,282.75,strategy_S9-149__TYPE_B:NIFTY:2026-04-20T13:22:08:SHORT
2026-04-20,13:23:04,2026-04-20,13:23:23,NIFTY,SELL,TYPE_B,PASSIVE,HIT_BID,24395.75,24393.0,NIFTY21APR2624400PE,24400.0,PE,149.4,149.5,149.33,149.55,150.0,145.0,0.033512,0.033417,ws,ws,type_b_ladder,type_b_ladder,False,False,0.069,-0.0536,65,6.5,strategy_S9-149__TYPE_B:NIFTY:2026-04-20T13:23:04:SHORT
2026-04-20,13:23:50,2026-04-20,13:24:16,NIFTY,SELL,TYPE_B,PASSIVE,HIT_BID,24391.0,24387.4,NIFTY21APR2624400PE,24400.0,PE,152.1,151.95,152.05,152.06,155.0,150.0,0.032911,0.032868,ws,ws,type_b_ladder,type_b_ladder,False,False,0.0467,-0.1077,65,-9.75,strategy_S9-149__TYPE_B:NIFTY:2026-04-20T13:23:50:SHORT
2026-04-20,13:24:35,2026-04-20,13:24:49,NIFTY,BUY,TYPE_B,PASSIVE,HIT_BID,24395.45,24394.8,NIFTY21APR2624350CE,24350.0,CE,151.7,151.4,151.48,151.46,155.0,150.0,0.032987,0.032982,ws,ws,type_b_ladder,type_b_ladder,False,False,0.2159,-0.0552,65,-19.5,strategy_S9-149__TYPE_B:NIFTY:2026-04-20T13:24:35:LONG
2026-04-20,13:25:03,2026-04-20,13:25:17,NIFTY,SELL,TYPE_B,PASSIVE,HIT_BID,24388.9,24388.1,NIFTY21APR2624400PE,24400.0,PE,152.95,152.5,152.91,152.79,155.0,150.0,0.032723,0.032749,ws,ws,type_b_ladder,type_b_ladder,False,False,0.0429,-0.2852,65,-29.25,strategy_S9-149__TYPE_B:NIFTY:2026-04-20T13:25:03:SHORT
2026-04-20,13:25:40,2026-04-20,13:25:57,NIFTY,SELL,TYPE_B,PASSIVE,HIT_BID,24381.7,24379.15,NIFTY21APR2624400PE,24400.0,PE,155.8,156.7,155.65,156.99,160.0,155.0,0.032134,0.031873,ws,ws,type_b_ladder,type_b_ladder,False,False,0.15,-0.2917,65,58.5,strategy_S9-149__TYPE_B:NIFTY:2026-04-20T13:25:40:SHORT
2026-04-20,13:26:00,2026-04-20,13:26:15,NIFTY,SELL,TYPE_B,PASSIVE,HIT_BID,24375.75,24373.4,NIFTY21APR2624400PE,24400.0,PE,158.8,157.35,158.59,157.57,160.0,155.0,0.031526,0.031741,ws,ws,type_b_ladder,type_b_ladder,False,False,0.2065,-0.2188,65,-94.25,strategy_S9-149__TYPE_B:NIFTY:2026-04-20T13:26:00:SHORT
2026-04-20,13:26:30,2026-04-20,13:26:43,NIFTY,SELL,TYPE_B,PASSIVE,HIT_BID,24366.8,24363.75,NIFTY21APR2624400PE,24400.0,PE,162.3,162.45,161.96,162.72,165.0,160.0,0.03084,0.030736,ws,ws,type_b_ladder,type_b_ladder,False,False,0.3354,-0.27,65,9.75,strategy_S9-149__TYPE_B:NIFTY:2026-04-20T13:26:30:SHORT
2026-04-20,13:27:50,2026-04-20,13:27:57,NIFTY,SELL,TYPE_B,PASSIVE,HIT_BID,24360.6,24361.75,NIFTY21APR2624400PE,24400.0,PE,164.15,162.75,164.12,162.77,165.0,160.0,0.030479,0.030717,ws,ws,type_b_ladder,type_b_ladder,False,False,0.0333,-0.0167,65,-91.0,strategy_S9-149__TYPE_B:NIFTY:2026-04-20T13:27:50:SHORT
2026-04-20,13:28:02,2026-04-20,13:28:18,NIFTY,BUY,TYPE_B,PASSIVE,HIT_BID,24364.55,24364.5,NIFTY21APR2624350CE,24350.0,CE,135.9,135.85,135.66,135.88,140.0,135.0,0.036839,0.036792,ws,ws,type_b_ladder,type_b_ladder,False,False,0.2414,-0.0278,65,-3.25,strategy_S9-149__TYPE_B:NIFTY:2026-04-20T13:28:02:LONG
2026-04-20,13:28:25,2026-04-20,13:28:33,NIFTY,BUY,TYPE_B,PASSIVE,HIT_BID,24366.8,24364.95,NIFTY21APR2624350CE,24350.0,CE,136.65,134.85,136.57,134.98,140.0,130.0,0.03661,0.037058,ws,ws,type_b_ladder,type_b_ladder,False,False,0.075,-0.1324,65,-117.0,strategy_S9-149__TYPE_B:NIFTY:2026-04-20T13:28:25:LONG
2026-04-20,13:28:44,2026-04-20,13:28:54,NIFTY,SELL,TYPE_B,PASSIVE,HIT_BID,24361.15,24365.35,NIFTY21APR2624400PE,24400.0,PE,165.6,162.5,165.52,162.7,170.0,160.0,0.030211,0.030741,ws,ws,type_b_ladder,type_b_ladder,False,False,0.08,-0.2,65,-201.5,strategy_S9-149__TYPE_B:NIFTY:2026-04-20T13:28:44:SHORT
2026-04-20,13:29:12,2026-04-20,13:29:38,NIFTY,BUY,TYPE_B,PASSIVE,HIT_BID,24373.95,24379.2,NIFTY21APR2624350CE,24350.0,CE,140.0,142.7,139.87,142.73,140.0,140.0,0.035733,0.035008,ws,ws,type_b_ladder,type_b_ladder,False,False,0.1292,-0.0263,65,175.5,strategy_S9-149__TYPE_B:NIFTY:2026-04-20T13:29:12:LONG
2026-04-20,13:29:44,2026-04-20,13:30:41,NIFTY,BUY,TYPE_B,PASSIVE,HIT_BID,24384.55,24398.05,NIFTY21APR2624350CE,24350.0,CE,145.75,153.0,145.49,153.11,150.0,150.0,0.034341,0.032648,ws,ws,type_b_ladder,type_b_ladder,False,False,0.2625,-0.1071,65,471.25,strategy_S9-149__TYPE_B:NIFTY:2026-04-20T13:29:44:LONG
2026-04-20,13:30:53,2026-04-20,13:31:36,NIFTY,SELL,TYPE_B,PASSIVE,HIT_BID,24391.35,24385.0,NIFTY21APR2624400PE,24400.0,PE,146.4,149.55,146.11,149.69,150.0,145.0,0.034188,0.033417,ws,ws,type_b_ladder,type_b_ladder,False,False,0.2905,-0.1364,65,204.75,strategy_S9-149__TYPE_B:NIFTY:2026-04-20T13:30:53:SHORT
2026-04-20,13:32:29,2026-04-20,13:32:44,NIFTY,SELL,TYPE_B,PASSIVE,HIT_BID,24380.85,24380.2,NIFTY21APR2624400PE,24400.0,PE,154.45,153.65,154.3,153.77,155.0,150.0,0.03241,0.032499,ws,ws,type_b_ladder,type_b_ladder,False,False,0.15,-0.1217,65,-52.0,strategy_S9-149__TYPE_B:NIFTY:2026-04-20T13:32:29:SHORT
2026-04-20,13:33:30,2026-04-20,13:34:00,NIFTY,BUY,TYPE_B,PASSIVE,HIT_BID,24388.3,24392.9,NIFTY21APR2624350CE,24350.0,CE,148.0,148.15,147.84,148.26,150.0,145.0,0.033807,0.033733,ws,ws,type_b_ladder,type_b_ladder,False,False,0.1643,-0.1147,65,9.75,strategy_S9-149__TYPE_B:NIFTY:2026-04-20T13:33:30:LONG
2026-04-20,13:34:15,2026-04-20,13:34:21,NIFTY,BUY,TYPE_B,PASSIVE,HIT_BID,24395.6,24394.55,NIFTY21APR2624350CE,24350.0,CE,150.25,149.25,149.97,149.32,155.0,145.0,0.033317,0.033467,ws,ws,type_b_ladder,type_b_ladder,False,False,0.2844,-0.0692,65,-65.0,strategy_S9-149__TYPE_B:NIFTY:2026-04-20T13:34:15:LONG
2026-04-20,13:34:45,2026-04-20,13:35:03,NIFTY,BUY,TYPE_B,PASSIVE,HIT_BID,24396.7,24394.0,NIFTY21APR2624350CE,24350.0,CE,149.2,145.65,148.96,145.83,150.0,145.0,0.033546,0.034288,ws,ws,type_b_ladder,type_b_ladder,False,False,0.24,-0.1826,65,-230.75,strategy_S9-149__TYPE_B:NIFTY:2026-04-20T13:34:45:LONG
2026-04-20,13:35:11,2026-04-20,13:35:29,NIFTY,SELL,TYPE_B,PASSIVE,HIT_BID,24389.9,24391.65,NIFTY21APR2624400PE,24400.0,PE,150.85,150.05,150.81,150.18,155.0,150.0,0.033151,0.033283,ws,ws,type_b_ladder,type_b_ladder,False,False,0.04,-0.1273,65,-52.0,strategy_S9-149__TYPE_B:NIFTY:2026-04-20T13:35:11:SHORT
2026-04-20,13:36:14,2026-04-20,13:37:05,NIFTY,SELL,TYPE_B,PASSIVE,HIT_BID,24386.15,24370.95,NIFTY21APR2624400PE,24400.0,PE,153.5,160.35,153.32,160.69,155.0,160.0,0.032595,0.031143,ws,ws,type_b_ladder,type_b_ladder,False,False,0.1833,-0.3429,65,445.25,strategy_S9-149__TYPE_B:NIFTY:2026-04-20T13:36:14:SHORT
2026-04-20,13:37:20,2026-04-20,13:37:25,NIFTY,BUY,TYPE_B,PASSIVE,HIT_BID,24377.8,24374.35,NIFTY21APR2624350CE,24350.0,CE,141.55,138.7,141.47,138.79,145.0,135.0,0.035348,0.03601,ws,ws,type_b_ladder,type_b_ladder,False,False,0.075,-0.0868,65,-185.25,strategy_S9-149__TYPE_B:NIFTY:2026-04-20T13:37:20:LONG
2026-04-20,13:37:41,2026-04-20,13:37:57,NIFTY,SELL,TYPE_B,PASSIVE,HIT_BID,24369.75,24372.9,NIFTY21APR2624400PE,24400.0,PE,163.7,162.2,163.57,162.32,165.0,160.0,0.030581,0.030783,ws,ws,type_b_ladder,type_b_ladder,False,False,0.1333,-0.1161,65,-97.5,strategy_S9-149__TYPE_B:NIFTY:2026-04-20T13:37:41:SHORT
2026-04-20,13:38:21,2026-04-20,13:38:52,NIFTY,BUY,TYPE_B,PASSIVE,HIT_BID,24376.25,24378.05,NIFTY21APR2624350CE,24350.0,CE,139.95,139.8,139.87,139.85,140.0,135.0,0.035753,0.03574,ws,ws,type_b_ladder,type_b_ladder,False,False,0.0833,-0.0452,65,-9.75,strategy_S9-149__TYPE_B:NIFTY:2026-04-20T13:38:21:LONG
2026-04-20,13:39:10,2026-04-20,13:39:40,NIFTY,SELL,TYPE_B,PASSIVE,HIT_BID,24375.35,24375.05,NIFTY21APR2624400PE,24400.0,PE,159.45,158.15,159.36,158.31,160.0,155.0,0.031402,0.031581,ws,ws,type_b_ladder,type_b_ladder,False,False,0.09,-0.1633,65,-84.5,strategy_S9-149__TYPE_B:NIFTY:2026-04-20T13:39:10:SHORT
2026-04-20,13:40:01,2026-04-20,13:40:12,NIFTY,BUY,TYPE_B,PASSIVE,HIT_BID,24376.2,24374.0,NIFTY21APR2624350CE,24350.0,CE,139.75,137.15,139.73,137.19,140.0,135.0,0.035823,0.03641,ws,ws,type_b_ladder,type_b_ladder,False,False,0.0194,-0.035,65,-169.0,strategy_S9-149__TYPE_B:NIFTY:2026-04-20T13:40:01:LONG
2026-04-20,13:40:51,2026-04-20,13:41:02,NIFTY,BUY,TYPE_B,PASSIVE,HIT_BID,24381.45,24381.5,NIFTY21APR2624350CE,24350.0,CE,143.75,142.5,143.69,142.63,145.0,140.0,0.034819,0.035063,ws,ws,type_b_ladder,type_b_ladder,False,False,0.0556,-0.1333,65,-81.25,strategy_S9-149__TYPE_B:NIFTY:2026-04-20T13:40:51:LONG
2026-04-20,13:41:16,2026-04-20,13:41:22,NIFTY,BUY,TYPE_B,PASSIVE,HIT_BID,24384.9,24382.85,NIFTY21APR2624350CE,24350.0,CE,143.65,141.25,143.6,141.51,145.0,140.0,0.034843,0.035354,ws,ws,type_b_ladder,type_b_ladder,False,False,0.05,-0.2567,65,-156.0,strategy_S9-149__TYPE_B:NIFTY:2026-04-20T13:41:16:LONG
2026-04-20,13:41:53,2026-04-20,13:42:18,NIFTY,BUY,TYPE_B,PASSIVE,HIT_BID,24385.45,24386.1,NIFTY21APR2624350CE,24350.0,CE,144.45,144.0,144.37,144.21,145.0,140.0,0.034644,0.03468,ws,ws,type_b_ladder,type_b_ladder,False,False,0.0833,-0.2059,65,-29.25,strategy_S9-149__TYPE_B:NIFTY:2026-04-20T13:41:53:LONG
2026-04-20,13:42:24,2026-04-20,13:42:36,NIFTY,BUY,TYPE_B,PASSIVE,HIT_BID,24389.75,24388.75,NIFTY21APR2624350CE,24350.0,CE,145.75,145.45,145.69,145.61,150.0,145.0,0.034347,0.034341,ws,ws,type_b_ladder,type_b_ladder,False,False,0.0636,-0.16,65,-19.5,strategy_S9-149__TYPE_B:NIFTY:2026-04-20T13:42:24:LONG
2026-04-20,13:42:49,2026-04-20,13:43:23,NIFTY,BUY,TYPE_B,PASSIVE,HIT_BID,24392.0,24395.1,NIFTY21APR2624350CE,24350.0,CE,147.9,149.25,147.82,149.28,150.0,145.0,0.033835,0.033462,ws,ws,type_b_ladder,type_b_ladder,False,False,0.0833,-0.035,65,87.75,strategy_S9-149__TYPE_B:NIFTY:2026-04-20T13:42:49:LONG
2026-04-20,13:43:40,2026-04-20,13:44:00,NIFTY,BUY,TYPE_B,PASSIVE,HIT_BID,24397.6,24399.8,NIFTY21APR2624350CE,24350.0,CE,152.0,151.15,151.83,151.25,155.0,150.0,0.032916,0.033041,ws,ws,type_b_ladder,type_b_ladder,False,False,0.175,-0.0955,65,-55.25,strategy_S9-149__TYPE_B:NIFTY:2026-04-20T13:43:40:LONG
2026-04-20,13:44:12,2026-04-20,13:44:20,NIFTY,BUY,TYPE_B,PASSIVE,HIT_BID,24404.0,24400.6,NIFTY21APR2624400CE,24400.0,CE,127.0,125.7,126.72,125.86,130.0,125.0,0.039417,0.039738,ws,ws,type_b_ladder,type_b_ladder,False,False,0.2849,-0.1613,65,-84.5,strategy_S9-149__TYPE_B:NIFTY:2026-04-20T13:44:12:LONG
2026-04-20,13:44:57,2026-04-20,13:45:22,NIFTY,SELL,TYPE_B,PASSIVE,HIT_BID,24398.05,24396.15,NIFTY21APR2624400PE,24400.0,PE,145.95,147.25,145.88,147.42,150.0,145.0,0.034299,0.033927,ws,ws,type_b_ladder,type_b_ladder,False,False,0.0709,-0.1689,65,84.5,strategy_S9-149__TYPE_B:NIFTY:2026-04-20T13:44:57:SHORT
2026-04-20,13:45:42,2026-04-20,13:45:57,NIFTY,SELL,TYPE_B,PASSIVE,HIT_BID,24393.45,24393.55,NIFTY21APR2624400PE,24400.0,PE,149.75,150.1,149.6,150.26,150.0,150.0,0.033422,0.033278,ws,ws,type_b_ladder,type_b_ladder,False,False,0.15,-0.1615,65,22.75,strategy_S9-149__TYPE_B:NIFTY:2026-04-20T13:45:42:SHORT
2026-04-20,13:46:10,2026-04-20,13:46:15,NIFTY,SELL,TYPE_B,PASSIVE,HIT_BID,24391.0,24392.3,NIFTY21APR2624400PE,24400.0,PE,151.9,150.0,151.82,150.1,155.0,150.0,0.032944,0.033311,ws,ws,type_b_ladder,type_b_ladder,False,False,0.0833,-0.1,65,-123.5,strategy_S9-149__TYPE_B:NIFTY:2026-04-20T13:46:10:SHORT
2026-04-20,13:46:20,2026-04-20,13:46:35,NIFTY,SELL,TYPE_B,PASSIVE,HIT_BID,24389.1,24385.7,NIFTY21APR2624400PE,24400.0,PE,152.9,152.75,152.89,152.85,155.0,150.0,0.032706,0.032706,ws,ws,type_b_ladder,type_b_ladder,False,False,0.01,-0.1,65,-9.75,strategy_S9-149__TYPE_B:NIFTY:2026-04-20T13:46:20:SHORT
2026-04-20,13:47:10,2026-04-20,13:48:02,NIFTY,BUY,TYPE_B,PASSIVE,HIT_BID,24389.9,24394.2,NIFTY21APR2624350CE,24350.0,CE,146.55,147.5,146.32,147.77,150.0,145.0,0.034147,0.033864,ws,ws,type_b_ladder,type_b_ladder,False,False,0.2344,-0.2667,65,61.75,strategy_S9-149__TYPE_B:NIFTY:2026-04-20T13:47:10:LONG
2026-04-20,13:48:46,2026-04-20,13:49:11,NIFTY,SELL,TYPE_B,PASSIVE,HIT_BID,24391.95,24392.0,NIFTY21APR2624400PE,24400.0,PE,151.4,150.0,151.38,150.28,155.0,150.0,0.033031,0.0333,ws,ws,type_b_ladder,type_b_ladder,False,False,0.0167,-0.28,65,-91.0,strategy_S9-149__TYPE_B:NIFTY:2026-04-20T13:48:46:SHORT
2026-04-20,13:49:23,2026-04-20,13:50:41,NIFTY,SELL,TYPE_B,PASSIVE,HIT_BID,24387.15,24377.75,NIFTY21APR2624400PE,24400.0,PE,154.7,154.55,154.63,154.65,155.0,150.0,0.032357,0.032331,ws,ws,type_b_ladder,type_b_ladder,False,False,0.07,-0.1,65,-9.75,strategy_S9-149__TYPE_B:NIFTY:2026-04-20T13:49:23:SHORT
2026-04-20,13:50:57,2026-04-20,13:51:17,NIFTY,BUY,TYPE_B,PASSIVE,HIT_BID,24379.2,24378.4,NIFTY21APR2624350CE,24350.0,CE,143.4,141.8,143.28,141.85,145.0,140.0,0.03491,0.035224,ws,ws,type_b_ladder,type_b_ladder,False,False,0.1225,-0.0545,65,-104.0,strategy_S9-149__TYPE_B:NIFTY:2026-04-20T13:50:57:LONG
2026-04-20,13:51:26,2026-04-20,13:51:53,NIFTY,SELL,TYPE_B,PASSIVE,HIT_BID,24375.85,24373.45,NIFTY21APR2624400PE,24400.0,PE,156.45,155.3,156.41,155.47,160.0,155.0,0.031995,0.03216,ws,ws,type_b_ladder,type_b_ladder,False,False,0.0424,-0.175,65,-74.75,strategy_S9-149__TYPE_B:NIFTY:2026-04-20T13:51:26:SHORT
2026-04-20,13:52:00,2026-04-20,13:52:16,NIFTY,BUY,TYPE_B,PASSIVE,HIT_BID,24376.1,24375.9,NIFTY21APR2624350CE,24350.0,CE,141.25,141.1,141.09,141.28,145.0,140.0,0.035442,0.035392,ws,ws,type_b_ladder,type_b_ladder,False,False,0.1575,-0.1833,65,-9.75,strategy_S9-149__TYPE_B:NIFTY:2026-04-20T13:52:00:LONG
2026-04-20,13:52:21,2026-04-20,13:52:42,NIFTY,SELL,TYPE_B,PASSIVE,HIT_BID,24371.8,24372.25,NIFTY21APR2624400PE,24400.0,PE,156.9,155.75,156.78,155.94,160.0,155.0,0.031908,0.032067,ws,ws,type_b_ladder,type_b_ladder,False,False,0.12,-0.1885,65,-74.75,strategy_S9-149__TYPE_B:NIFTY:2026-04-20T13:52:21:SHORT
2026-04-20,13:52:51,2026-04-20,13:53:50,NIFTY,BUY,TYPE_B,PASSIVE,HIT_BID,24374.3,24380.5,NIFTY21APR2624350CE,24350.0,CE,140.55,141.95,140.53,142.09,145.0,140.0,0.035587,0.035193,ws,ws,type_b_ladder,type_b_ladder,False,False,0.0214,-0.1364,65,91.0,strategy_S9-149__TYPE_B:NIFTY:2026-04-20T13:52:51:LONG
2026-04-20,13:54:07,2026-04-20,13:54:21,NIFTY,BUY,TYPE_B,PASSIVE,HIT_BID,24383.55,24384.4,NIFTY21APR2624350CE,24350.0,CE,142.75,144.8,142.7,144.89,145.0,140.0,0.035057,0.034518,ws,ws,type_b_ladder,type_b_ladder,False,False,0.0469,-0.0857,65,133.25,strategy_S9-149__TYPE_B:NIFTY:2026-04-20T13:54:07:LONG
2026-04-20,13:54:31,2026-04-20,13:54:56,NIFTY,BUY,TYPE_B,PASSIVE,HIT_BID,24387.55,24390.1,NIFTY21APR2624350CE,24350.0,CE,147.55,148.55,147.5,148.72,150.0,145.0,0.033916,0.033613,ws,ws,type_b_ladder,type_b_ladder,False,False,0.0469,-0.1692,65,65.0,strategy_S9-149__TYPE_B:NIFTY:2026-04-20T13:54:31:LONG
2026-04-20,13:55:29,2026-04-20,13:56:10,NIFTY,SELL,TYPE_B,PASSIVE,HIT_BID,24384.75,24381.35,NIFTY21APR2624400PE,24400.0,PE,152.0,153.6,151.79,153.85,155.0,150.0,0.032922,0.03252,ws,ws,type_b_ladder,type_b_ladder,False,False,0.2146,-0.2538,65,104.0,strategy_S9-149__TYPE_B:NIFTY:2026-04-20T13:55:29:SHORT
2026-04-20,13:56:20,2026-04-20,13:56:26,NIFTY,SELL,TYPE_B,PASSIVE,HIT_BID,24379.5,24380.6,NIFTY21APR2624400PE,24400.0,PE,155.85,154.45,155.66,154.63,160.0,150.0,0.032123,0.032336,ws,ws,type_b_ladder,type_b_ladder,False,False,0.192,-0.1833,65,-91.0,strategy_S9-149__TYPE_B:NIFTY:2026-04-20T13:56:20:SHORT
2026-04-20,13:57:17,2026-04-20,13:57:25,NIFTY,SELL,TYPE_B,PASSIVE,HIT_BID,24378.95,24380.25,NIFTY21APR2624400PE,24400.0,PE,156.7,153.35,156.43,153.36,160.0,150.0,0.031939,0.032573,ws,ws,type_b_ladder,type_b_ladder,False,False,0.2712,-0.0115,65,-217.75,strategy_S9-149__TYPE_B:NIFTY:2026-04-20T13:57:17:SHORT
2026-04-20,13:57:30,2026-04-20,13:58:21,NIFTY,BUY,TYPE_B,PASSIVE,HIT_BID,24382.35,24390.2,NIFTY21APR2624350CE,24350.0,CE,143.3,146.3,143.17,146.51,145.0,145.0,0.034928,0.034141,ws,ws,type_b_ladder,type_b_ladder,False,False,0.1269,-0.2143,65,195.0,strategy_S9-149__TYPE_B:NIFTY:2026-04-20T13:57:30:LONG
2026-04-20,13:58:43,2026-04-20,13:58:56,NIFTY,SELL,TYPE_B,PASSIVE,HIT_BID,24385.95,24385.45,NIFTY21APR2624400PE,24400.0,PE,152.25,152.0,152.23,152.19,155.0,150.0,0.032873,0.032852,ws,ws,type_b_ladder,type_b_ladder,False,False,0.0231,-0.1911,65,-16.25,strategy_S9-149__TYPE_B:NIFTY:2026-04-20T13:58:43:SHORT
2026-04-20,13:59:34,2026-04-20,13:59:54,NIFTY,BUY,TYPE_B,PASSIVE,HIT_BID,24394.6,24395.15,NIFTY21APR2624350CE,24350.0,CE,148.0,147.5,147.84,147.65,150.0,145.0,0.033812,0.033852,ws,ws,type_b_ladder,type_b_ladder,False,False,0.163,-0.1474,65,-32.5,strategy_S9-149__TYPE_B:NIFTY:2026-04-20T13:59:34:LONG
2026-04-20,14:00:41,2026-04-20,14:01:20,NIFTY,SELL,TYPE_B,PASSIVE,HIT_BID,24389.9,24380.45,NIFTY21APR2624400PE,24400.0,PE,149.35,154.35,149.25,154.55,150.0,150.0,0.033518,0.032368,ws,ws,type_b_ladder,type_b_ladder,False,False,0.1,-0.2,65,325.0,strategy_S9-149__TYPE_B:NIFTY:2026-04-20T14:00:41:SHORT
2026-04-20,14:01:42,2026-04-20,14:02:15,NIFTY,BUY,TYPE_B,PASSIVE,HIT_BID,24383.0,24383.25,NIFTY21APR2624350CE,24350.0,CE,141.9,140.4,141.78,140.62,145.0,140.0,0.03528,0.035575,ws,ws,type_b_ladder,type_b_ladder,False,False,0.1167,-0.2229,65,-97.5,strategy_S9-149__TYPE_B:NIFTY:2026-04-20T14:01:42:LONG
2026-04-20,14:02:25,2026-04-20,14:02:41,NIFTY,SELL,TYPE_B,PASSIVE,HIT_BID,24379.95,24380.0,NIFTY21APR2624400PE,24400.0,PE,156.95,154.0,156.86,154.04,160.0,150.0,0.031888,0.032441,ws,ws,type_b_ladder,type_b_ladder,False,False,0.0857,-0.0417,65,-191.75,strategy_S9-149__TYPE_B:NIFTY:2026-04-20T14:02:25:SHORT
2026-04-20,14:02:52,2026-04-20,14:03:10,NIFTY,BUY,TYPE_B,PASSIVE,HIT_BID,24384.25,24384.7,NIFTY21APR2624350CE,24350.0,CE,140.9,140.3,140.72,140.43,145.0,140.0,0.03553,0.035594,ws,ws,type_b_ladder,type_b_ladder,False,False,0.1826,-0.1273,65,-39.0,strategy_S9-149__TYPE_B:NIFTY:2026-04-20T14:02:52:LONG
2026-04-20,14:03:35,2026-04-20,14:04:00,NIFTY,BUY,TYPE_B,PASSIVE,HIT_BID,24387.65,24389.0,NIFTY21APR2624350CE,24350.0,CE,143.9,144.1,143.77,144.14,145.0,140.0,0.034783,0.034662,ws,ws,type_b_ladder,type_b_ladder,False,False,0.1286,-0.0391,65,13.0,strategy_S9-149__TYPE_B:NIFTY:2026-04-20T14:03:35:LONG
2026-04-20,14:04:29,2026-04-20,14:04:46,NIFTY,BUY,TYPE_B,PASSIVE,HIT_BID,24393.9,24393.9,NIFTY21APR2624350CE,24350.0,CE,149.0,146.9,148.66,146.91,150.0,145.0,0.033597,0.034002,ws,ws,type_b_ladder,type_b_ladder,False,False,0.3426,-0.0115,65,-136.5,strategy_S9-149__TYPE_B:NIFTY:2026-04-20T14:04:29:LONG
2026-04-20,14:05:17,2026-04-20,14:05:42,NIFTY,SELL,TYPE_B,PASSIVE,HIT_BID,24388.5,24384.65,NIFTY21APR2624400PE,24400.0,PE,148.65,149.45,148.55,149.5,150.0,145.0,0.033664,0.033417,ws,ws,type_b_ladder,type_b_ladder,False,False,0.1029,-0.0538,65,52.0,strategy_S9-149__TYPE_B:NIFTY:2026-04-20T14:05:17:SHORT
2026-04-20,14:06:20,2026-04-20,14:06:29,NIFTY,SELL,TYPE_B,PASSIVE,HIT_BID,24384.2,24386.0,NIFTY21APR2624400PE,24400.0,PE,150.5,149.2,150.44,149.46,155.0,145.0,0.033261,0.033478,ws,ws,type_b_ladder,type_b_ladder,False,False,0.0636,-0.2571,65,-84.5,strategy_S9-149__TYPE_B:NIFTY:2026-04-20T14:06:20:SHORT
2026-04-20,14:06:55,2026-04-20,14:07:08,NIFTY,SELL,TYPE_B,PASSIVE,HIT_BID,24382.3,24381.3,NIFTY21APR2624400PE,24400.0,PE,154.0,154.5,153.9,154.74,155.0,150.0,0.032504,0.032336,ws,ws,type_b_ladder,type_b_ladder,False,False,0.1,-0.2381,65,32.5,strategy_S9-149__TYPE_B:NIFTY:2026-04-20T14:06:55:SHORT
2026-04-20,14:07:20,2026-04-20,14:07:27,NIFTY,SELL,TYPE_B,PASSIVE,HIT_BID,24377.6,24380.15,NIFTY21APR2624400PE,24400.0,PE,157.4,155.5,157.34,155.8,160.0,155.0,0.031807,0.032118,ws,ws,type_b_ladder,type_b_ladder,False,False,0.064,-0.2975,65,-123.5,strategy_S9-149__TYPE_B:NIFTY:2026-04-20T14:07:20:SHORT
2026-04-20,14:07:35,2026-04-20,14:07:43,NIFTY,SELL,TYPE_B,PASSIVE,HIT_BID,24374.55,24378.3,NIFTY21APR2624400PE,24400.0,PE,156.7,155.85,156.63,155.88,160.0,155.0,0.031954,0.032056,ws,ws,type_b_ladder,type_b_ladder,False,False,0.0733,-0.0278,65,-55.25,strategy_S9-149__TYPE_B:NIFTY:2026-04-20T14:07:35:SHORT
2026-04-20,14:08:11,2026-04-20,14:08:31,NIFTY,SELL,TYPE_B,PASSIVE,HIT_BID,24375.45,24377.5,NIFTY21APR2624400PE,24400.0,PE,156.95,155.45,156.76,155.49,160.0,155.0,0.031888,0.032149,ws,ws,type_b_ladder,type_b_ladder,False,False,0.1875,-0.0375,65,-97.5,strategy_S9-149__TYPE_B:NIFTY:2026-04-20T14:08:11:SHORT
2026-04-20,14:08:41,2026-04-20,14:08:49,NIFTY,SELL,TYPE_B,PASSIVE,HIT_BID,24373.7,24375.1,NIFTY21APR2624400PE,24400.0,PE,159.2,156.65,159.05,156.81,160.0,155.0,0.031437,0.031893,ws,ws,type_b_ladder,type_b_ladder,False,False,0.15,-0.1562,65,-165.75,strategy_S9-149__TYPE_B:NIFTY:2026-04-20T14:08:41:SHORT
2026-04-20,14:09:57,2026-04-20,14:10:31,NIFTY,BUY,TYPE_B,PASSIVE,HIT_BID,24380.7,24384.45,NIFTY21APR2624350CE,24350.0,CE,138.95,141.45,138.86,141.58,140.0,140.0,0.036023,0.035311,ws,ws,type_b_ladder,type_b_ladder,False,False,0.0923,-0.1286,65,162.5,strategy_S9-149__TYPE_B:NIFTY:2026-04-20T14:09:57:LONG
2026-04-20,14:10:54,2026-04-20,14:11:21,NIFTY,BUY,TYPE_B,PASSIVE,HIT_BID,24387.75,24392.85,NIFTY21APR2624350CE,24350.0,CE,142.7,145.25,142.49,145.29,145.0,145.0,0.035075,0.034394,ws,ws,type_b_ladder,type_b_ladder,False,False,0.2062,-0.0357,65,165.75,strategy_S9-149__TYPE_B:NIFTY:2026-04-20T14:10:54:LONG
2026-04-20,14:11:32,2026-04-20,14:11:42,NIFTY,SELL,TYPE_B,PASSIVE,HIT_BID,24388.05,24389.1,NIFTY21APR2624400PE,24400.0,PE,148.5,147.8,148.31,147.82,150.0,145.0,0.033715,0.033789,ws,ws,type_b_ladder,type_b_ladder,False,False,0.1882,-0.0184,65,-45.5,strategy_S9-149__TYPE_B:NIFTY:2026-04-20T14:11:32:SHORT
2026-04-20,14:12:45,2026-04-20,14:13:27,NIFTY,SELL,TYPE_B,PASSIVE,HIT_BID,24389.1,24388.1,NIFTY21APR2624400PE,24400.0,PE,147.3,148.95,147.28,149.24,150.0,145.0,0.033967,0.033535,ws,ws,type_b_ladder,type_b_ladder,False,False,0.0194,-0.2875,65,107.25,strategy_S9-149__TYPE_B:NIFTY:2026-04-20T14:12:45:SHORT
2026-04-20,14:13:54,2026-04-20,14:14:08,NIFTY,BUY,TYPE_B,PASSIVE,HIT_BID,24391.5,24391.7,NIFTY21APR2624350CE,24350.0,CE,144.35,144.05,144.28,144.11,145.0,140.0,0.034674,0.03468,ws,ws,type_b_ladder,type_b_ladder,False,False,0.0727,-0.0556,65,-19.5,strategy_S9-149__TYPE_B:NIFTY:2026-04-20T14:13:54:LONG
2026-04-20,14:15:41,2026-04-20,14:15:52,NIFTY,BUY,TYPE_B,PASSIVE,HIT_BID,24394.45,24393.5,NIFTY21APR2624350CE,24350.0,CE,145.8,145.65,145.69,145.69,150.0,145.0,0.034335,0.034288,ws,ws,type_b_ladder,type_b_ladder,False,False,0.105,-0.0437,65,-9.75,strategy_S9-149__TYPE_B:NIFTY:2026-04-20T14:15:41:LONG
2026-04-20,14:16:31,2026-04-20,14:16:58,NIFTY,BUY,TYPE_B,PASSIVE,HIT_BID,24395.85,24395.9,NIFTY21APR2624350CE,24350.0,CE,145.85,146.95,145.53,147.16,150.0,145.0,0.034323,0.033996,ws,ws,type_b_ladder,type_b_ladder,False,False,0.315,-0.2083,65,71.5,strategy_S9-149__TYPE_B:NIFTY:2026-04-20T14:16:31:LONG
2026-04-20,14:17:00,2026-04-20,14:17:15,NIFTY,BUY,TYPE_B,PASSIVE,HIT_BID,24397.8,24397.65,NIFTY21APR2624350CE,24350.0,CE,149.4,149.15,149.34,149.37,150.0,145.0,0.033478,0.033484,ws,ws,type_b_ladder,type_b_ladder,False,False,0.06,-0.224,65,-16.25,strategy_S9-149__TYPE_B:NIFTY:2026-04-20T14:17:00:LONG
2026-04-20,14:17:40,2026-04-20,14:17:57,NIFTY,SELL,TYPE_B,PASSIVE,HIT_BID,24396.4,24397.3,NIFTY21APR2624400PE,24400.0,PE,143.35,141.85,143.16,142.11,145.0,140.0,0.03491,0.035205,ws,ws,type_b_ladder,type_b_ladder,False,False,0.1875,-0.2625,65,-97.5,strategy_S9-149__TYPE_B:NIFTY:2026-04-20T14:17:40:SHORT
2026-04-20,14:19:00,2026-04-20,14:19:11,NIFTY,SELL,TYPE_B,PASSIVE,HIT_BID,24392.45,24392.75,NIFTY21APR2624400PE,24400.0,PE,146.85,146.7,146.76,146.71,150.0,145.0,0.034083,0.034048,ws,ws,type_b_ladder,type_b_ladder,False,False,0.0938,-0.0115,65,-9.75,strategy_S9-149__TYPE_B:NIFTY:2026-04-20T14:19:00:SHORT
2026-04-20,14:20:08,2026-04-20,14:20:16,NIFTY,BUY,TYPE_B,PASSIVE,HIT_BID,24395.95,24392.7,NIFTY21APR2624350CE,24350.0,CE,147.0,145.35,146.82,145.54,150.0,145.0,0.034037,0.034358,ws,ws,type_b_ladder,type_b_ladder,False,False,0.1759,-0.1909,65,-107.25,strategy_S9-149__TYPE_B:NIFTY:2026-04-20T14:20:08:LONG
2026-04-20,14:20:30,2026-04-20,14:20:35,NIFTY,BUY,TYPE_B,PASSIVE,HIT_BID,24396.25,24394.05,NIFTY21APR2624350CE,24350.0,CE,147.7,146.25,147.5,146.48,150.0,145.0,0.033893,0.034141,ws,ws,type_b_ladder,type_b_ladder,False,False,0.2042,-0.2333,65,-94.25,strategy_S9-149__TYPE_B:NIFTY:2026-04-20T14:20:30:LONG
2026-04-20,14:20:41,2026-04-20,14:20:50,NIFTY,BUY,TYPE_B,PASSIVE,HIT_BID,24397.05,24396.5,NIFTY21APR2624350CE,24350.0,CE,149.55,147.6,149.43,147.87,150.0,145.0,0.033462,0.033829,ws,ws,type_b_ladder,type_b_ladder,False,False,0.125,-0.2698,65,-126.75,strategy_S9-149__TYPE_B:NIFTY:2026-04-20T14:20:41:LONG
2026-04-20,14:21:00,2026-04-20,14:21:25,NIFTY,BUY,TYPE_B,PASSIVE,HIT_BID,24401.55,24401.75,NIFTY21APR2624400CE,24400.0,CE,123.7,122.0,123.68,122.13,125.0,120.0,0.040461,0.040925,ws,ws,type_b_ladder,type_b_ladder,False,False,0.0208,-0.1312,65,-110.5,strategy_S9-149__TYPE_B:NIFTY:2026-04-20T14:21:00:LONG
2026-04-20,14:21:51,2026-04-20,14:22:12,NIFTY,SELL,TYPE_B,PASSIVE,HIT_BID,24399.5,24399.25,NIFTY21APR2624400PE,24400.0,PE,143.0,144.4,142.82,144.43,145.0,140.0,0.03499,0.034614,ws,ws,type_b_ladder,type_b_ladder,False,False,0.1818,-0.025,65,91.0,strategy_S9-149__TYPE_B:NIFTY:2026-04-20T14:21:51:SHORT
2026-04-20,14:22:51,2026-04-20,14:22:55,NIFTY,SELL,TYPE_B,PASSIVE,HIT_BID,24396.15,24397.65,NIFTY21APR2624400PE,24400.0,PE,145.8,144.4,145.61,144.57,150.0,140.0,0.034335,0.034578,ws,ws,type_b_ladder,type_b_ladder,False,False,0.1885,-0.1744,65,-91.0,strategy_S9-149__TYPE_B:NIFTY:2026-04-20T14:22:51:SHORT
2026-04-20,14:24:00,2026-04-20,14:24:26,NIFTY,BUY,TYPE_B,PASSIVE,HIT_BID,24402.8,24413.3,NIFTY21APR2624400CE,24400.0,CE,123.55,130.35,123.48,130.38,125.0,130.0,0.04051,0.038314,ws,ws,type_b_ladder,type_b_ladder,False,False,0.0714,-0.03,65,442.0,strategy_S9-149__TYPE_B:NIFTY:2026-04-20T14:24:00:LONG
2026-04-20,14:24:42,2026-04-20,14:24:53,NIFTY,BUY,TYPE_B,PASSIVE,HIT_BID,24417.7,24415.2,NIFTY21APR2624400CE,24400.0,CE,135.1,133.2,134.79,133.22,140.0,130.0,0.037058,0.037495,ws,ws,type_b_ladder,type_b_ladder,False,False,0.3063,-0.0214,65,-123.5,strategy_S9-149__TYPE_B:NIFTY:2026-04-20T14:24:42:LONG
2026-04-20,14:25:10,2026-04-20,14:25:20,NIFTY,BUY,TYPE_B,PASSIVE,HIT_BID,24418.2,24416.9,NIFTY21APR2624400CE,24400.0,CE,136.35,135.7,136.33,135.71,140.0,135.0,0.036717,0.036812,ws,ws,type_b_ladder,type_b_ladder,False,False,0.0167,-0.0143,65,-42.25,strategy_S9-149__TYPE_B:NIFTY:2026-04-20T14:25:10:LONG
2026-04-20,14:25:41,2026-04-20,14:26:05,NIFTY,BUY,TYPE_B,PASSIVE,HIT_BID,24422.75,24418.75,NIFTY21APR2624400CE,24400.0,CE,137.45,135.0,137.19,135.31,140.0,135.0,0.036417,0.036989,ws,ws,type_b_ladder,type_b_ladder,False,False,0.2571,-0.3135,65,-159.25,strategy_S9-149__TYPE_B:NIFTY:2026-04-20T14:25:41:LONG
2026-04-20,14:26:10,2026-04-20,14:26:30,NIFTY,SELL,TYPE_B,PASSIVE,HIT_BID,24415.5,24413.6,NIFTY21APR2624450PE,24450.0,PE,161.1,162.8,160.88,162.9,165.0,160.0,0.03108,0.030694,ws,ws,type_b_ladder,type_b_ladder,False,False,0.225,-0.1,65,110.5,strategy_S9-149__TYPE_B:NIFTY:2026-04-20T14:26:10:SHORT
2026-04-20,14:26:41,2026-04-20,14:26:50,NIFTY,BUY,TYPE_B,PASSIVE,HIT_BID,24417.25,24416.45,NIFTY21APR2624400CE,24400.0,CE,132.1,132.4,131.93,132.44,135.0,130.0,0.037886,0.037743,ws,ws,type_b_ladder,type_b_ladder,False,False,0.1731,-0.0429,65,19.5,strategy_S9-149__TYPE_B:NIFTY:2026-04-20T14:26:41:LONG
2026-04-20,14:27:07,2026-04-20,14:27:21,NIFTY,SELL,TYPE_B,PASSIVE,HIT_BID,24414.55,24416.1,NIFTY21APR2624450PE,24450.0,PE,161.8,158.7,161.72,158.88,165.0,155.0,0.030936,0.031471,ws,ws,type_b_ladder,type_b_ladder,False,False,0.0824,-0.175,65,-201.5,strategy_S9-149__TYPE_B:NIFTY:2026-04-20T14:27:07:SHORT
2026-04-20,14:27:31,2026-04-20,14:27:46,NIFTY,BUY,TYPE_B,PASSIVE,HIT_BID,24421.65,24424.25,NIFTY21APR2624400CE,24400.0,CE,136.5,137.7,136.44,137.92,140.0,135.0,0.03667,0.036265,ws,ws,type_b_ladder,type_b_ladder,False,False,0.0643,-0.224,65,78.0,strategy_S9-149__TYPE_B:NIFTY:2026-04-20T14:27:31:LONG
2026-04-20,14:27:53,2026-04-20,14:28:18,NIFTY,BUY,TYPE_B,PASSIVE,HIT_BID,24428.4,24425.05,NIFTY21APR2624400CE,24400.0,CE,137.6,136.15,137.32,136.43,140.0,135.0,0.036377,0.036677,ws,ws,type_b_ladder,type_b_ladder,False,False,0.2833,-0.275,65,-94.25,strategy_S9-149__TYPE_B:NIFTY:2026-04-20T14:27:53:LONG
2026-04-20,14:28:22,2026-04-20,14:28:51,NIFTY,BUY,TYPE_B,PASSIVE,HIT_BID,24428.35,24433.2,NIFTY21APR2624400CE,24400.0,CE,138.7,137.7,138.57,137.76,140.0,135.0,0.036095,0.036265,ws,ws,type_b_ladder,type_b_ladder,False,False,0.1312,-0.0603,65,-65.0,strategy_S9-149__TYPE_B:NIFTY:2026-04-20T14:28:22:LONG
2026-04-20,14:29:00,2026-04-20,14:29:05,NIFTY,BUY,TYPE_B,PASSIVE,HIT_BID,24436.3,24432.1,NIFTY21APR2624400CE,24400.0,CE,139.3,136.0,138.98,136.19,140.0,135.0,0.035939,0.036731,ws,ws,type_b_ladder,type_b_ladder,False,False,0.3172,-0.1932,65,-214.5,strategy_S9-149__TYPE_B:NIFTY:2026-04-20T14:29:00:LONG
2026-04-20,14:29:14,2026-04-20,14:29:26,NIFTY,SELL,TYPE_B,PASSIVE,HIT_BID,24430.25,24432.1,NIFTY21APR2624450PE,24450.0,PE,150.5,150.4,150.27,150.66,155.0,150.0,0.033261,0.033212,ws,ws,type_b_ladder,type_b_ladder,False,False,0.2333,-0.2625,65,-6.5,strategy_S9-149__TYPE_B:NIFTY:2026-04-20T14:29:14:SHORT
2026-04-20,14:29:40,2026-04-20,14:30:05,NIFTY,SELL,TYPE_B,PASSIVE,HIT_BID,24430.25,24430.0,NIFTY21APR2624450PE,24450.0,PE,151.55,150.8,151.4,151.04,155.0,150.0,0.033025,0.033118,ws,ws,type_b_ladder,type_b_ladder,False,False,0.15,-0.2423,65,-48.75,strategy_S9-149__TYPE_B:NIFTY:2026-04-20T14:29:40:SHORT
2026-04-20,14:30:13,2026-04-20,14:30:29,NIFTY,SELL,TYPE_B,PASSIVE,HIT_BID,24428.15,24427.25,NIFTY21APR2624450PE,24450.0,PE,152.65,152.8,152.53,153.11,155.0,150.0,0.032792,0.032685,ws,ws,type_b_ladder,type_b_ladder,False,False,0.1235,-0.3062,65,9.75,strategy_S9-149__TYPE_B:NIFTY:2026-04-20T14:30:13:SHORT
2026-04-20,14:30:37,2026-04-20,14:32:27,NIFTY,SELL,TYPE_B,PASSIVE,HIT_BID,24422.65,24404.7,NIFTY21APR2624450PE,24450.0,PE,156.0,160.65,155.78,160.77,160.0,160.0,0.032077,0.031095,ws,ws,type_b_ladder,type_b_ladder,False,False,0.2188,-0.1154,65,302.25,strategy_S9-149__TYPE_B:NIFTY:2026-04-20T14:30:37:SHORT
2026-04-20,14:33:36,2026-04-20,14:34:21,NIFTY,BUY,TYPE_B,PASSIVE,HIT_BID,24415.9,24422.6,NIFTY21APR2624400CE,24400.0,CE,128.9,130.1,128.63,130.17,130.0,130.0,0.038835,0.038417,ws,ws,type_b_ladder,type_b_ladder,False,False,0.2727,-0.0667,65,78.0,strategy_S9-149__TYPE_B:NIFTY:2026-04-20T14:33:36:LONG
2026-04-20,14:35:00,2026-04-20,14:35:18,NIFTY,BUY,TYPE_B,PASSIVE,HIT_BID,24423.65,24424.05,NIFTY21APR2624400CE,24400.0,CE,130.8,129.7,130.73,129.83,135.0,125.0,0.038256,0.038521,ws,ws,type_b_ladder,type_b_ladder,False,False,0.0667,-0.1333,65,-71.5,strategy_S9-149__TYPE_B:NIFTY:2026-04-20T14:35:00:LONG
2026-04-20,14:36:09,2026-04-20,14:36:21,NIFTY,BUY,TYPE_B,PASSIVE,HIT_BID,24427.2,24425.85,NIFTY21APR2624400CE,24400.0,CE,134.35,133.35,134.27,133.48,135.0,130.0,0.037258,0.037453,ws,ws,type_b_ladder,type_b_ladder,False,False,0.0833,-0.1286,65,-65.0,strategy_S9-149__TYPE_B:NIFTY:2026-04-20T14:36:09:LONG
2026-04-20,14:37:06,2026-04-20,14:37:10,NIFTY,BUY,TYPE_B,PASSIVE,HIT_BID,24430.8,24426.25,NIFTY21APR2624400CE,24400.0,CE,132.8,131.85,132.51,131.87,135.0,130.0,0.037693,0.037872,ws,ws,type_b_ladder,type_b_ladder,False,False,0.2917,-0.0206,65,-61.75,strategy_S9-149__TYPE_B:NIFTY:2026-04-20T14:37:06:LONG
2026-04-20,14:37:35,2026-04-20,14:37:42,NIFTY,SELL,TYPE_B,PASSIVE,HIT_BID,24421.45,24422.8,NIFTY21APR2624450PE,24450.0,PE,157.95,155.75,157.8,155.8,160.0,155.0,0.031696,0.032067,ws,ws,type_b_ladder,type_b_ladder,False,False,0.1455,-0.0538,65,-143.0,strategy_S9-149__TYPE_B:NIFTY:2026-04-20T14:37:35:SHORT
2026-04-20,14:37:55,2026-04-20,14:39:27,NIFTY,SELL,TYPE_B,PASSIVE,HIT_BID,24419.25,24403.15,NIFTY21APR2624450PE,24450.0,PE,155.95,165.05,155.9,165.1,160.0,165.0,0.032087,0.030262,ws,ws,type_b_ladder,type_b_ladder,False,False,0.05,-0.05,65,591.5,strategy_S9-149__TYPE_B:NIFTY:2026-04-20T14:37:55:SHORT
2026-04-20,14:40:20,2026-04-20,14:40:42,NIFTY,SELL,TYPE_B,PASSIVE,HIT_BID,24402.2,24400.0,NIFTY21APR2624450PE,24450.0,PE,168.5,167.6,168.33,167.68,170.0,165.0,0.029713,0.029802,ws,ws,type_b_ladder,type_b_ladder,False,False,0.1658,-0.0808,65,-58.5,strategy_S9-149__TYPE_B:NIFTY:2026-04-20T14:40:20:SHORT
2026-04-20,14:41:13,2026-04-20,14:41:33,NIFTY,BUY,TYPE_B,PASSIVE,HIT_BID,24404.0,24402.0,NIFTY21APR2624400CE,24400.0,CE,122.0,119.35,121.81,119.46,125.0,115.0,0.041026,0.041859,ws,ws,type_b_ladder,type_b_ladder,False,False,0.1875,-0.1143,65,-172.25,strategy_S9-149__TYPE_B:NIFTY:2026-04-20T14:41:13:LONG
2026-04-20,14:41:41,2026-04-20,14:41:46,NIFTY,SELL,TYPE_B,PASSIVE,HIT_BID,24401.25,24403.5,NIFTY21APR2624450PE,24450.0,PE,169.05,167.8,168.96,167.85,170.0,165.0,0.029616,0.029766,ws,ws,type_b_ladder,type_b_ladder,False,False,0.0947,-0.0525,65,-81.25,strategy_S9-149__TYPE_B:NIFTY:2026-04-20T14:41:41:SHORT
2026-04-20,14:41:51,2026-04-20,14:42:06,NIFTY,SELL,TYPE_B,PASSIVE,HIT_BID,24400.7,24400.4,NIFTY21APR2624450PE,24450.0,PE,168.8,169.0,168.5,169.02,170.0,165.0,0.029652,0.029555,ws,ws,type_b_ladder,type_b_ladder,False,False,0.2962,-0.0233,65,13.0,strategy_S9-149__TYPE_B:NIFTY:2026-04-20T14:41:51:SHORT
2026-04-20,14:42:54,2026-04-20,14:43:02,NIFTY,SELL,TYPE_B,PASSIVE,HIT_BID,24396.7,24399.7,NIFTY21APR2624400PE,24400.0,PE,144.25,142.5,144.13,142.78,145.0,140.0,0.03471,0.035051,ws,ws,type_b_ladder,type_b_ladder,False,False,0.1214,-0.275,65,-113.75,strategy_S9-149__TYPE_B:NIFTY:2026-04-20T14:42:54:SHORT
2026-04-20,14:43:41,2026-04-20,14:44:23,NIFTY,SELL,TYPE_B,PASSIVE,HIT_BID,24394.55,24394.7,NIFTY21APR2624400PE,24400.0,PE,143.4,142.7,143.21,142.81,145.0,140.0,0.034898,0.03502,ws,ws,type_b_ladder,type_b_ladder,False,False,0.1875,-0.114,65,-45.5,strategy_S9-149__TYPE_B:NIFTY:2026-04-20T14:43:41:SHORT
2026-04-20,14:44:42,2026-04-20,14:45:05,NIFTY,BUY,TYPE_B,PASSIVE,HIT_BID,24396.9,24400.55,NIFTY21APR2624350CE,24350.0,CE,148.95,150.2,148.85,150.28,150.0,150.0,0.033602,0.033261,ws,ws,type_b_ladder,type_b_ladder,False,False,0.096,-0.0833,65,81.25,strategy_S9-149__TYPE_B:NIFTY:2026-04-20T14:44:42:LONG
2026-04-20,14:45:36,2026-04-20,14:45:54,NIFTY,SELL,TYPE_B,PASSIVE,HIT_BID,24397.55,24393.6,NIFTY21APR2624400PE,24400.0,PE,147.5,145.5,147.29,145.56,150.0,145.0,0.033933,0.034323,ws,ws,type_b_ladder,type_b_ladder,False,False,0.21,-0.0553,65,-130.0,strategy_S9-149__TYPE_B:NIFTY:2026-04-20T14:45:36:SHORT
2026-04-20,14:46:11,2026-04-20,14:46:50,NIFTY,SELL,TYPE_B,PASSIVE,HIT_BID,24385.15,24377.55,NIFTY21APR2624400PE,24400.0,PE,153.9,160.85,153.71,161.04,155.0,160.0,0.03252,0.031041,ws,ws,type_b_ladder,type_b_ladder,False,False,0.1895,-0.1853,65,451.75,strategy_S9-149__TYPE_B:NIFTY:2026-04-20T14:46:11:SHORT
2026-04-20,14:47:45,2026-04-20,14:48:06,NIFTY,SELL,TYPE_B,PASSIVE,HIT_BID,24379.85,24382.05,NIFTY21APR2624400PE,24400.0,PE,159.0,157.55,158.7,157.76,160.0,155.0,0.031476,0.031696,ws,ws,type_b_ladder,type_b_ladder,False,False,0.2962,-0.2118,65,-94.25,strategy_S9-149__TYPE_B:NIFTY:2026-04-20T14:47:45:SHORT
2026-04-20,14:48:12,2026-04-20,14:48:28,NIFTY,BUY,TYPE_B,PASSIVE,HIT_BID,24385.55,24381.85,NIFTY21APR2624350CE,24350.0,CE,137.6,135.5,137.48,135.73,140.0,135.0,0.03639,0.03686,ws,ws,type_b_ladder,type_b_ladder,False,False,0.1158,-0.2294,65,-136.5,strategy_S9-149__TYPE_B:NIFTY:2026-04-20T14:48:12:LONG
2026-04-20,14:48:40,2026-04-20,14:49:18,NIFTY,BUY,TYPE_B,PASSIVE,HIT_BID,24387.65,24390.8,NIFTY21APR2624350CE,24350.0,CE,138.8,139.3,138.67,139.54,140.0,135.0,0.036049,0.035855,ws,ws,type_b_ladder,type_b_ladder,False,False,0.1333,-0.24,65,32.5,strategy_S9-149__TYPE_B:NIFTY:2026-04-20T14:48:40:LONG
2026-04-20,14:49:31,2026-04-20,14:49:36,NIFTY,BUY,TYPE_B,PASSIVE,HIT_BID,24393.65,24392.25,NIFTY21APR2624350CE,24350.0,CE,141.5,141.25,141.47,141.36,145.0,140.0,0.035373,0.035367,ws,ws,type_b_ladder,type_b_ladder,False,False,0.0273,-0.1071,65,-16.25,strategy_S9-149__TYPE_B:NIFTY:2026-04-20T14:49:31:LONG
2026-04-20,14:49:40,2026-04-20,14:50:09,NIFTY,BUY,TYPE_B,PASSIVE,HIT_BID,24395.1,24397.75,NIFTY21APR2624350CE,24350.0,CE,142.3,142.25,142.27,142.35,145.0,140.0,0.035174,0.035106,ws,ws,type_b_ladder,type_b_ladder,False,False,0.03,-0.0955,65,-3.25,strategy_S9-149__TYPE_B:NIFTY:2026-04-20T14:49:40:LONG
2026-04-20,14:50:57,2026-04-20,14:51:03,NIFTY,BUY,TYPE_B,PASSIVE,HIT_BID,24403.8,24401.05,NIFTY21APR2624400CE,24400.0,CE,118.75,117.35,118.61,117.56,120.0,115.0,0.042167,0.042562,ws,ws,type_b_ladder,type_b_ladder,False,False,0.1448,-0.2083,65,-91.0,strategy_S9-149__TYPE_B:NIFTY:2026-04-20T14:50:57:LONG
2026-04-20,14:51:41,2026-04-20,14:51:57,NIFTY,SELL,TYPE_B,PASSIVE,HIT_BID,24399.75,24400.75,NIFTY21APR2624400PE,24400.0,PE,146.25,143.35,145.96,143.45,150.0,140.0,0.034235,0.034837,ws,ws,type_b_ladder,type_b_ladder,False,False,0.2947,-0.0955,65,-188.5,strategy_S9-149__TYPE_B:NIFTY:2026-04-20T14:51:41:SHORT
2026-04-20,14:52:16,2026-04-20,14:52:20,NIFTY,BUY,TYPE_B,PASSIVE,HIT_BID,24401.85,24399.9,NIFTY21APR2624400CE,24400.0,CE,121.75,120.75,121.7,120.86,125.0,120.0,0.041118,0.041365,ws,ws,type_b_ladder,type_b_ladder,False,False,0.0462,-0.1111,65,-65.0,strategy_S9-149__TYPE_B:NIFTY:2026-04-20T14:52:16:LONG
2026-04-20,14:52:49,2026-04-20,14:52:50,NIFTY,BUY,TYPE_B,PASSIVE,HIT_BID,24402.4,24400.35,NIFTY21APR2624400CE,24400.0,CE,122.5,121.0,122.27,121.18,125.0,120.0,0.040875,0.041288,ws,ws,type_b_ladder,type_b_ladder,False,False,0.2333,-0.1776,65,-97.5,strategy_S9-149__TYPE_B:NIFTY:2026-04-20T14:52:49:LONG
2026-04-20,14:53:10,2026-04-20,14:53:25,NIFTY,SELL,TYPE_B,PASSIVE,HIT_BID,24398.65,24399.6,NIFTY21APR2624400PE,24400.0,PE,144.1,143.7,143.83,143.78,145.0,140.0,0.03474,0.034758,ws,ws,type_b_ladder,type_b_ladder,False,False,0.2739,-0.0783,65,-26.0,strategy_S9-149__TYPE_B:NIFTY:2026-04-20T14:53:10:SHORT
2026-04-20,14:53:41,2026-04-20,14:53:48,NIFTY,BUY,TYPE_B,PASSIVE,HIT_BID,24402.05,24400.35,NIFTY21APR2624400CE,24400.0,CE,120.3,120.2,120.28,120.45,125.0,120.0,0.041615,0.041537,ws,ws,type_b_ladder,type_b_ladder,False,False,0.0176,-0.25,65,-6.5,strategy_S9-149__TYPE_B:NIFTY:2026-04-20T14:53:41:LONG
2026-04-20,14:54:07,2026-04-20,14:54:17,NIFTY,BUY,TYPE_B,PASSIVE,HIT_BID,24403.0,24400.1,NIFTY21APR2624400CE,24400.0,CE,120.95,119.9,120.8,120.08,125.0,115.0,0.041382,0.041649,ws,ws,type_b_ladder,type_b_ladder,False,False,0.15,-0.1839,65,-68.25,strategy_S9-149__TYPE_B:NIFTY:2026-04-20T14:54:07:LONG
2026-04-20,14:54:30,2026-04-20,14:55:03,NIFTY,BUY,TYPE_B,PASSIVE,HIT_BID,24402.75,24404.9,NIFTY21APR2624400CE,24400.0,CE,121.55,123.15,121.47,123.3,125.0,120.0,0.041178,0.040552,ws,ws,type_b_ladder,type_b_ladder,False,False,0.0833,-0.1538,65,104.0,strategy_S9-149__TYPE_B:NIFTY:2026-04-20T14:54:30:LONG
2026-04-20,14:55:40,2026-04-20,14:55:54,NIFTY,BUY,TYPE_B,PASSIVE,HIT_BID,24409.25,24405.55,NIFTY21APR2624400CE,24400.0,CE,124.5,124.4,124.26,124.43,125.0,120.0,0.040217,0.040145,ws,ws,type_b_ladder,type_b_ladder,False,False,0.2377,-0.0268,65,-6.5,strategy_S9-149__TYPE_B:NIFTY:2026-04-20T14:55:40:LONG
2026-04-20,14:56:30,2026-04-20,14:56:54,NIFTY,SELL,TYPE_B,PASSIVE,HIT_BID,24401.1,24403.15,NIFTY21APR2624450PE,24450.0,PE,168.05,168.15,167.95,168.22,170.0,165.0,0.029793,0.029709,ws,ws,type_b_ladder,type_b_ladder,False,False,0.0978,-0.075,65,6.5,strategy_S9-149__TYPE_B:NIFTY:2026-04-20T14:56:30:SHORT
2026-04-20,14:57:16,2026-04-20,14:57:30,NIFTY,BUY,TYPE_B,PASSIVE,HIT_BID,24407.1,24407.35,NIFTY21APR2624400CE,24400.0,CE,120.95,119.75,120.87,119.99,125.0,115.0,0.041391,0.04171,ws,ws,type_b_ladder,type_b_ladder,False,False,0.0828,-0.2368,65,-78.0,strategy_S9-149__TYPE_B:NIFTY:2026-04-20T14:57:16:LONG
2026-04-20,14:57:53,2026-04-20,14:58:11,NIFTY,SELL,TYPE_B,PASSIVE,HIT_BID,24404.4,24403.4,NIFTY21APR2624450PE,24450.0,PE,169.6,168.4,169.47,168.56,170.0,165.0,0.029516,0.02966,ws,ws,type_b_ladder,type_b_ladder,False,False,0.125,-0.1591,65,-78.0,strategy_S9-149__TYPE_B:NIFTY:2026-04-20T14:57:53:SHORT
2026-04-20,14:59:05,2026-04-20,14:59:22,NIFTY,BUY,TYPE_B,PASSIVE,HIT_BID,24407.1,24405.8,NIFTY21APR2624400CE,24400.0,CE,121.2,121.55,120.96,121.61,125.0,120.0,0.041305,0.041102,ws,ws,type_b_ladder,type_b_ladder,False,False,0.2447,-0.0593,65,22.75,strategy_S9-149__TYPE_B:NIFTY:2026-04-20T14:59:05:LONG
2026-04-20,14:59:46,2026-04-20,14:59:51,NIFTY,BUY,TYPE_B,PASSIVE,HIT_BID,24408.55,24406.4,NIFTY21APR2624400CE,24400.0,CE,124.2,123.8,124.03,123.83,125.0,120.0,0.040306,0.040355,ws,ws,type_b_ladder,type_b_ladder,False,False,0.1688,-0.0267,65,-26.0,strategy_S9-149__TYPE_B:NIFTY:2026-04-20T14:59:46:LONG
2026-04-20,15:00:16,2026-04-20,15:00:43,NIFTY,BUY,TYPE_B,PASSIVE,HIT_BID,24409.85,24422.3,NIFTY21APR2624400CE,24400.0,CE,124.85,131.45,124.84,131.53,125.0,130.0,0.040072,0.038016,ws,ws,type_b_ladder,type_b_ladder,False,False,0.0125,-0.075,65,429.0,strategy_S9-149__TYPE_B:NIFTY:2026-04-20T15:00:16:LONG
2026-04-20,15:00:51,2026-04-20,15:01:05,NIFTY,SELL,TYPE_B,PASSIVE,HIT_BID,24416.35,24417.5,NIFTY21APR2624450PE,24450.0,PE,155.25,153.55,154.97,153.74,160.0,150.0,0.032242,0.032531,ws,ws,type_b_ladder,type_b_ladder,False,False,0.28,-0.1929,65,-110.5,strategy_S9-149__TYPE_B:NIFTY:2026-04-20T15:00:51:SHORT
2026-04-20,15:01:51,2026-04-20,15:01:57,NIFTY,SELL,TYPE_B,PASSIVE,HIT_BID,24417.3,24419.0,NIFTY21APR2624450PE,24450.0,PE,156.2,155.15,156.07,155.35,160.0,155.0,0.032036,0.03218,ws,ws,type_b_ladder,type_b_ladder,False,False,0.125,-0.198,65,-68.25,strategy_S9-149__TYPE_B:NIFTY:2026-04-20T15:01:51:SHORT
2026-04-20,15:02:43,2026-04-20,15:03:39,NIFTY,SELL,TYPE_B,PASSIVE,HIT_BID,24415.65,24411.35,NIFTY21APR2624450PE,24450.0,PE,156.7,157.7,156.52,157.79,160.0,155.0,0.031949,0.031676,ws,ws,type_b_ladder,type_b_ladder,False,False,0.1818,-0.09,65,65.0,strategy_S9-149__TYPE_B:NIFTY:2026-04-20T15:02:43:SHORT
2026-04-20,15:03:51,2026-04-20,15:04:00,NIFTY,SELL,TYPE_B,PASSIVE,HIT_BID,24409.45,24410.4,NIFTY21APR2624450PE,24450.0,PE,159.3,158.1,159.21,158.16,160.0,155.0,0.031417,0.031611,ws,ws,type_b_ladder,type_b_ladder,False,False,0.09,-0.06,65,-78.0,strategy_S9-149__TYPE_B:NIFTY:2026-04-20T15:03:51:SHORT
2026-04-20,15:04:52,2026-04-20,15:04:59,NIFTY,SELL,TYPE_B,PASSIVE,HIT_BID,24407.5,24409.05,NIFTY21APR2624450PE,24450.0,PE,163.4,161.7,163.18,161.84,165.0,160.0,0.030633,0.030888,ws,ws,type_b_ladder,type_b_ladder,False,False,0.2154,-0.14,65,-110.5,strategy_S9-149__TYPE_B:NIFTY:2026-04-20T15:04:52:SHORT
2026-04-20,15:05:11,2026-04-20,15:05:46,NIFTY,SELL,TYPE_B,PASSIVE,HIT_BID,24406.7,24402.95,NIFTY21APR2624450PE,24450.0,PE,162.35,167.0,162.22,167.24,165.0,165.0,0.030821,0.029909,ws,ws,type_b_ladder,type_b_ladder,False,False,0.125,-0.2423,65,302.25,strategy_S9-149__TYPE_B:NIFTY:2026-04-20T15:05:11:SHORT
2026-04-20,15:06:41,2026-04-20,15:07:00,NIFTY,SELL,TYPE_B,PASSIVE,HIT_BID,24399.95,24395.75,NIFTY21APR2624400PE,24400.0,PE,141.25,147.5,141.18,147.55,145.0,145.0,0.035423,0.033875,ws,ws,type_b_ladder,type_b_ladder,False,False,0.0727,-0.0538,65,406.25,strategy_S9-149__TYPE_B:NIFTY:2026-04-20T15:06:41:SHORT
2026-04-20,15:07:32,2026-04-20,15:08:00,NIFTY,SELL,TYPE_B,PASSIVE,HIT_BID,24392.0,24391.7,NIFTY21APR2624400PE,24400.0,PE,149.9,147.0,149.74,147.03,150.0,145.0,0.033395,0.033979,ws,ws,type_b_ladder,type_b_ladder,False,False,0.1615,-0.025,65,-188.5,strategy_S9-149__TYPE_B:NIFTY:2026-04-20T15:07:32:SHORT
2026-04-20,15:08:18,2026-04-20,15:08:37,NIFTY,SELL,TYPE_B,PASSIVE,HIT_BID,24387.95,24388.65,NIFTY21APR2624400PE,24400.0,PE,150.95,147.7,150.83,147.95,155.0,145.0,0.033146,0.033812,ws,ws,type_b_ladder,type_b_ladder,False,False,0.12,-0.2528,65,-211.25,strategy_S9-149__TYPE_B:NIFTY:2026-04-20T15:08:18:SHORT
2026-04-20,15:09:00,2026-04-20,15:09:21,NIFTY,BUY,TYPE_B,PASSIVE,HIT_BID,24391.55,24392.7,NIFTY21APR2624350CE,24350.0,CE,144.5,145.0,144.29,145.06,145.0,145.0,0.034638,0.034459,ws,ws,type_b_ladder,type_b_ladder,False,False,0.2143,-0.0615,65,32.5,strategy_S9-149__TYPE_B:NIFTY:2026-04-20T15:09:00:LONG
2026-04-20,15:09:53,2026-04-20,15:10:25,NIFTY,SELL,TYPE_B,PASSIVE,HIT_BID,24390.85,24386.8,NIFTY21APR2624400PE,24400.0,PE,146.7,149.4,146.53,149.47,150.0,145.0,0.034118,0.033434,ws,ws,type_b_ladder,type_b_ladder,False,False,0.1714,-0.0652,65,175.5,strategy_S9-149__TYPE_B:NIFTY:2026-04-20T15:09:53:SHORT
2026-04-20,15:11:00,2026-04-20,15:12:00,NIFTY,BUY,TYPE_B,PASSIVE,HIT_BID,24391.85,24395.4,NIFTY21APR2624350CE,24350.0,CE,145.2,143.6,145.17,143.73,150.0,140.0,0.034453,0.034789,ws,ws,type_b_ladder,type_b_ladder,False,False,0.025,-0.131,65,-104.0,strategy_S9-149__TYPE_B:NIFTY:2026-04-20T15:11:00:LONG
2026-04-20,15:12:35,2026-04-20,15:12:57,NIFTY,SELL,TYPE_B,PASSIVE,HIT_BID,24393.55,24393.75,NIFTY21APR2624400PE,24400.0,PE,147.3,149.15,147.12,149.3,150.0,145.0,0.033973,0.033501,ws,ws,type_b_ladder,type_b_ladder,False,False,0.175,-0.1517,65,120.25,strategy_S9-149__TYPE_B:NIFTY:2026-04-20T15:12:35:SHORT
2026-04-20,15:13:27,2026-04-20,15:13:45,NIFTY,SELL,TYPE_B,PASSIVE,HIT_BID,24388.4,24386.4,NIFTY21APR2624400PE,24400.0,PE,149.75,151.4,149.51,151.67,150.0,150.0,0.033422,0.032976,ws,ws,type_b_ladder,type_b_ladder,False,False,0.2438,-0.2681,65,107.25,strategy_S9-149__TYPE_B:NIFTY:2026-04-20T15:13:27:SHORT
2026-04-20,15:14:00,2026-04-20,15:14:17,NIFTY,BUY,TYPE_B,PASSIVE,HIT_BID,24389.45,24388.6,NIFTY21APR2624350CE,24350.0,CE,139.1,139.3,139.02,139.47,140.0,135.0,0.035978,0.035855,ws,ws,type_b_ladder,type_b_ladder,False,False,0.0833,-0.175,65,13.0,strategy_S9-149__TYPE_B:NIFTY:2026-04-20T15:14:00:LONG
2026-04-20,15:14:42,2026-04-20,15:15:00,NIFTY,SELL,TYPE_B,PASSIVE,HIT_BID,24384.4,24383.2,NIFTY21APR2624400PE,24400.0,PE,152.8,153.45,152.75,153.75,155.0,150.0,0.03276,0.032547,ws,ws,type_b_ladder,type_b_ladder,False,False,0.0538,-0.3,65,42.25,strategy_S9-149__TYPE_B:NIFTY:2026-04-20T15:14:42:SHORT
2026-04-20,15:15:10,2026-04-20,15:15:49,NIFTY,SELL,TYPE_B,PASSIVE,HIT_BID,24377.15,24373.45,NIFTY21APR2624400PE,24400.0,PE,160.2,160.45,159.97,160.75,165.0,160.0,0.031235,0.031128,ws,ws,type_b_ladder,type_b_ladder,False,False,0.2292,-0.2967,65,16.25,strategy_S9-149__TYPE_B:NIFTY:2026-04-20T15:15:10:SHORT
2026-04-20,15:15:54,2026-04-20,15:16:00,NIFTY,SELL,TYPE_B,PASSIVE,HIT_BID,24370.9,24373.25,NIFTY21APR2624400PE,24400.0,PE,159.9,160.35,159.74,160.49,160.0,160.0,0.031289,0.031138,ws,ws,type_b_ladder,type_b_ladder,False,False,0.16,-0.135,65,29.25,strategy_S9-149__TYPE_B:NIFTY:2026-04-20T15:15:54:SHORT
2026-04-20,15:16:25,2026-04-20,15:16:46,NIFTY,SELL,TYPE_B,PASSIVE,HIT_BID,24370.65,24370.5,NIFTY21APR2624400PE,24400.0,PE,161.95,162.5,161.65,162.64,165.0,160.0,0.030907,0.03075,ws,ws,type_b_ladder,type_b_ladder,False,False,0.3,-0.14,65,35.75,strategy_S9-149__TYPE_B:NIFTY:2026-04-20T15:16:25:SHORT
2026-04-20,15:16:51,2026-04-20,15:17:36,NIFTY,SELL,TYPE_B,PASSIVE,HIT_BID,24367.55,24356.35,NIFTY21APR2624400PE,24400.0,PE,163.25,168.8,162.96,168.97,165.0,165.0,0.030661,0.029581,ws,ws,type_b_ladder,type_b_ladder,False,False,0.2864,-0.1707,65,360.75,strategy_S9-149__TYPE_B:NIFTY:2026-04-20T15:16:51:SHORT
2026-04-20,15:17:57,2026-04-20,15:19:15,NIFTY,SELL,TYPE_B,PASSIVE,HIT_BID,24354.3,24333.0,NIFTY21APR2624400PE,24400.0,PE,173.4,190.8,173.1,190.89,175.0,190.0,0.028873,0.026178,ws,ws,type_b_ladder,type_b_ladder,False,False,0.3,-0.0889,65,1131.0,strategy_S9-149__TYPE_B:NIFTY:2026-04-20T15:17:57:SHORT
2026-04-20,15:19:25,2026-04-20,15:19:38,NIFTY,BUY,TYPE_B,PASSIVE,HIT_BID,24337.15,24332.5,NIFTY21APR2624300CE,24300.0,CE,135.0,133.55,134.85,133.63,135.0,130.0,0.037078,0.03739,ws,ws,type_b_ladder,type_b_ladder,False,False,0.15,-0.075,65,-94.25,strategy_S9-149__TYPE_B:NIFTY:2026-04-20T15:19:25:LONG
2026-04-20,15:19:50,2026-04-20,15:20:03,NIFTY,SELL,TYPE_B,PASSIVE,HIT_BID,24326.7,24328.05,NIFTY21APR2624350PE,24350.0,PE,164.55,162.45,164.3,162.77,165.0,160.0,0.030428,0.030746,ws,ws,type_b_ladder,type_b_ladder,False,False,0.25,-0.3182,65,-136.5,strategy_S9-149__TYPE_B:NIFTY:2026-04-20T15:19:50:SHORT
2026-04-20,15:20:24,2026-04-20,15:20:26,NIFTY,BUY,TYPE_B,PASSIVE,HIT_BID,24331.8,24326.6,NIFTY21APR2624300CE,24300.0,CE,132.85,135.05,132.68,135.11,135.0,135.0,0.037679,0.03701,ws,ws,type_b_ladder,type_b_ladder,False,False,0.1714,-0.06,65,143.0,strategy_S9-149__TYPE_B:NIFTY:2026-04-20T15:20:24:LONG
2026-04-20,15:20:42,2026-04-20,15:21:02,NIFTY,BUY,TYPE_B,PASSIVE,HIT_BID,24332.7,24336.7,NIFTY21APR2624300CE,24300.0,CE,138.6,136.3,138.35,136.56,140.0,135.0,0.036121,0.036637,ws,ws,type_b_ladder,type_b_ladder,False,False,0.2545,-0.2567,65,-149.5,strategy_S9-149__TYPE_B:NIFTY:2026-04-20T15:20:42:LONG
2026-04-20,15:21:46,2026-04-20,15:22:29,NIFTY,SELL,TYPE_B,PASSIVE,HIT_BID,24332.2,24331.95,NIFTY21APR2624350PE,24350.0,PE,159.4,154.6,159.17,154.67,160.0,150.0,0.031397,0.032305,ws,ws,type_b_ladder,type_b_ladder,False,False,0.2333,-0.07,65,-312.0,strategy_S9-149__TYPE_B:NIFTY:2026-04-20T15:21:46:SHORT
2026-04-20,15:22:50,2026-04-20,15:22:55,NIFTY,BUY,TYPE_B,PASSIVE,HIT_BID,24333.0,24331.05,NIFTY21APR2624300CE,24300.0,CE,135.95,135.5,135.88,135.58,140.0,135.0,0.036826,0.036873,ws,ws,type_b_ladder,type_b_ladder,False,False,0.0737,-0.08,65,-29.25,strategy_S9-149__TYPE_B:NIFTY:2026-04-20T15:22:50:LONG
2026-04-20,15:23:50,2026-04-20,15:24:27,NIFTY,SELL,TYPE_B,PASSIVE,HIT_BID,24328.9,24322.45,NIFTY21APR2624350PE,24350.0,PE,159.15,160.6,158.99,160.88,160.0,160.0,0.031447,0.031095,ws,ws,type_b_ladder,type_b_ladder,False,False,0.1636,-0.28,65,94.25,strategy_S9-149__TYPE_B:NIFTY:2026-04-20T15:23:50:SHORT
