Entry_Date,Entry_Time,Exit_Date,Exit_Time,Underlying_Symbol,Strategy_Direction,Execution_Mode,Entry_Label,Exit_Label,Underlying_Entry_Price,Underlying_Exit_Price,Option_Symbol,Option_Strike,Option_Type,Option_Entry_Price,Option_Exit_Price,Entry_Fair_Value,Exit_Fair_Value,Entry_Limit_Price,Exit_Limit_Price,Entry_Spread_Pct,Exit_Spread_Pct,Entry_Quote_Source,Exit_Quote_Source,Entry_Pricing_Mode,Exit_Pricing_Mode,Entry_Repriced,Exit_Repriced,Entry_Slippage_vs_Fair,Exit_Slippage_vs_Fair,Qty,PnL,Trade_ID
2026-04-20,09:18:31,2026-04-20,09:18:42,NIFTY,BUY,TYPE_D,LIMIT_ENTRY,LIMIT_EXIT,24322.95,24316.8,NIFTY21APR2624300CE,24300.0,CE,140.35,136.7,140.32,136.88,145.0,130.0,0.035657,0.03653,ws,ws,entry_l1_cap,exit_l1_profit_protect,False,False,0.0278,-0.175,65,-237.25,strategy_S5-10__TYPE_D:NIFTY:2026-04-20T09:18:31:LONG
2026-04-20,09:19:06,2026-04-20,09:19:12,NIFTY,SELL,TYPE_D,LIMIT_ENTRY,LIMIT_EXIT,24299.65,24310.45,NIFTY21APR2624300PE,24300.0,PE,142.7,141.15,142.59,141.21,145.0,135.0,0.035069,0.035392,ws,ws,entry_l1_cap,exit_l1_profit_protect,False,False,0.1071,-0.0625,65,-100.75,strategy_S5-10__TYPE_D:NIFTY:2026-04-20T09:19:06:SHORT
2026-04-20,09:19:34,2026-04-20,09:21:05,NIFTY,BUY,TYPE_D,LIMIT_ENTRY,LIMIT_EXIT,24317.85,24359.05,NIFTY21APR2624300CE,24300.0,CE,139.75,162.3,139.43,162.53,140.0,155.0,0.035823,0.030769,ws,ws,entry_l1_cap,exit_l1_profit_protect,False,False,0.3208,-0.2286,65,1465.75,strategy_S5-10__TYPE_D:NIFTY:2026-04-20T09:19:34:LONG
2026-04-20,09:21:22,2026-04-20,09:21:42,NIFTY,SELL,TYPE_D,LIMIT_ENTRY,LIMIT_EXIT,24354.4,24365.75,NIFTY21APR2624400PE,24400.0,PE,170.0,166.2,169.93,166.38,170.0,160.0,0.029451,0.030053,ws,ws,entry_l1_cap,exit_l1_profit_protect,False,False,0.075,-0.175,65,-247.0,strategy_S5-10__TYPE_D:NIFTY:2026-04-20T09:21:22:SHORT
2026-04-20,09:22:00,2026-04-20,09:22:45,NIFTY,BUY,TYPE_D,LIMIT_ENTRY,LIMIT_EXIT,24370.65,24369.1,NIFTY21APR2624350CE,24350.0,CE,138.65,137.4,138.6,137.64,140.0,130.0,0.036095,0.036337,ws,ws,entry_l1_cap,exit_l1_profit_protect,False,False,0.05,-0.2364,65,-81.25,strategy_S5-10__TYPE_D:NIFTY:2026-04-20T09:22:00:LONG
2026-04-20,09:23:01,2026-04-20,09:23:11,NIFTY,BUY,TYPE_D,LIMIT_ENTRY,LIMIT_EXIT,24379.8,24375.45,NIFTY21APR2624350CE,24350.0,CE,142.4,141.0,142.38,141.21,145.0,135.0,0.035137,0.03543,ws,ws,entry_l1_cap,exit_l1_profit_protect,False,False,0.02,-0.2143,65,-91.0,strategy_S5-10__TYPE_D:NIFTY:2026-04-20T09:23:01:LONG
2026-04-20,09:23:23,2026-04-20,09:24:00,NIFTY,BUY,TYPE_D,LIMIT_ENTRY,LIMIT_EXIT,24381.5,24386.65,NIFTY21APR2624350CE,24350.0,CE,144.6,147.5,144.52,147.65,145.0,140.0,0.034608,0.033864,ws,ws,entry_l1_cap,exit_l1_profit_protect,False,False,0.0833,-0.15,65,188.5,strategy_S5-10__TYPE_D:NIFTY:2026-04-20T09:23:23:LONG
2026-04-20,09:24:12,2026-04-20,09:24:38,NIFTY,BUY,TYPE_D,LIMIT_ENTRY,LIMIT_EXIT,24396.15,24389.9,NIFTY21APR2624350CE,24350.0,CE,152.0,148.15,151.76,148.49,155.0,140.0,0.032922,0.033704,ws,ws,entry_l1_cap,exit_l1_profit_protect,False,False,0.2379,-0.34,65,-250.25,strategy_S5-10__TYPE_D:NIFTY:2026-04-20T09:24:12:LONG
2026-04-20,09:24:52,2026-04-20,09:25:00,NIFTY,BUY,TYPE_D,LIMIT_ENTRY,LIMIT_EXIT,24396.2,24393.0,NIFTY21APR2624350CE,24350.0,CE,150.3,149.6,150.19,149.85,155.0,140.0,0.0333,0.033378,ws,ws,entry_l1_cap,exit_l1_profit_protect,False,False,0.1071,-0.2526,65,-45.5,strategy_S5-10__TYPE_D:NIFTY:2026-04-20T09:24:52:LONG
2026-04-20,09:25:24,2026-04-20,09:26:12,NIFTY,BUY,TYPE_D,LIMIT_ENTRY,LIMIT_EXIT,24401.45,24408.7,NIFTY21APR2624400CE,24400.0,CE,133.45,132.2,133.35,132.36,135.0,125.0,0.037495,0.037771,ws,ws,entry_l1_cap,exit_l1_profit_protect,False,False,0.1,-0.1591,65,-81.25,strategy_S5-10__TYPE_D:NIFTY:2026-04-20T09:25:24:LONG
2026-04-20,09:26:30,2026-04-20,09:26:46,NIFTY,SELL,TYPE_D,LIMIT_ENTRY,LIMIT_EXIT,24388.45,24395.5,NIFTY21APR2624400PE,24400.0,PE,151.05,149.2,150.95,149.32,155.0,140.0,0.033124,0.033484,ws,ws,entry_l1_cap,exit_l1_profit_protect,False,False,0.1,-0.125,65,-120.25,strategy_S5-10__TYPE_D:NIFTY:2026-04-20T09:26:30:SHORT
2026-04-20,09:26:56,2026-04-20,09:27:13,NIFTY,SELL,TYPE_D,LIMIT_ENTRY,LIMIT_EXIT,24385.35,24387.0,NIFTY21APR2624400PE,24400.0,PE,155.35,151.85,155.17,152.04,160.0,145.0,0.032227,0.032889,ws,ws,entry_l1_cap,exit_l1_profit_protect,False,False,0.1818,-0.1885,65,-227.5,strategy_S5-10__TYPE_D:NIFTY:2026-04-20T09:26:56:SHORT
2026-04-20,09:27:35,2026-04-20,09:27:40,NIFTY,SELL,TYPE_D,LIMIT_ENTRY,LIMIT_EXIT,24381.4,24385.2,NIFTY21APR2624400PE,24400.0,PE,154.7,152.1,154.64,152.41,155.0,145.0,0.032362,0.03283,ws,ws,entry_l1_cap,exit_l1_profit_protect,False,False,0.0571,-0.3111,65,-169.0,strategy_S5-10__TYPE_D:NIFTY:2026-04-20T09:27:35:SHORT
2026-04-20,09:28:01,2026-04-20,09:28:41,NIFTY,BUY,TYPE_D,LIMIT_ENTRY,LIMIT_EXIT,24390.5,24405.65,NIFTY21APR2624350CE,24350.0,CE,152.0,159.0,151.95,159.39,155.0,150.0,0.032916,0.031402,ws,ws,entry_l1_cap,exit_l1_profit_protect,False,False,0.05,-0.3877,65,455.0,strategy_S5-10__TYPE_D:NIFTY:2026-04-20T09:28:01:LONG
2026-04-20,09:29:10,2026-04-20,09:30:15,NIFTY,SELL,TYPE_D,LIMIT_ENTRY,LIMIT_EXIT,24396.45,24389.75,NIFTY21APR2624400PE,24400.0,PE,149.0,149.1,148.96,149.38,150.0,140.0,0.033591,0.033495,ws,ws,entry_l1_cap,exit_l1_profit_protect,False,False,0.0429,-0.28,65,6.5,strategy_S5-10__TYPE_D:NIFTY:2026-04-20T09:29:10:SHORT
2026-04-20,09:30:40,2026-04-20,09:31:29,NIFTY,SELL,TYPE_D,LIMIT_ENTRY,LIMIT_EXIT,24383.95,24369.2,NIFTY21APR2624400PE,24400.0,PE,152.8,161.4,152.68,161.43,155.0,155.0,0.032749,0.030955,ws,ws,entry_l1_cap,exit_l1_profit_protect,False,False,0.125,-0.0294,65,559.0,strategy_S5-10__TYPE_D:NIFTY:2026-04-20T09:30:40:SHORT
2026-04-20,09:32:14,2026-04-20,09:33:25,NIFTY,SELL,TYPE_D,LIMIT_ENTRY,LIMIT_EXIT,24363.7,24352.2,NIFTY21APR2624400PE,24400.0,PE,163.45,167.8,163.29,168.01,165.0,160.0,0.030628,0.029771,ws,ws,entry_l1_cap,exit_l1_profit_protect,False,False,0.16,-0.2143,65,282.75,strategy_S5-10__TYPE_D:NIFTY:2026-04-20T09:32:14:SHORT
2026-04-20,09:33:31,2026-04-20,09:34:05,NIFTY,BUY,TYPE_D,LIMIT_ENTRY,LIMIT_EXIT,24361.75,24369.05,NIFTY21APR2624350CE,24350.0,CE,136.3,139.2,136.26,139.36,140.0,130.0,0.036717,0.035874,ws,ws,entry_l1_cap,exit_l1_profit_protect,False,False,0.0357,-0.1591,65,188.5,strategy_S5-10__TYPE_D:NIFTY:2026-04-20T09:33:31:LONG
2026-04-20,09:34:15,2026-04-20,09:34:51,NIFTY,SELL,TYPE_D,LIMIT_ENTRY,LIMIT_EXIT,24359.75,24355.8,NIFTY21APR2624400PE,24400.0,PE,164.5,165.3,164.32,165.39,165.0,160.0,0.030428,0.030221,ws,ws,entry_l1_cap,exit_l1_profit_protect,False,False,0.175,-0.0857,65,52.0,strategy_S5-10__TYPE_D:NIFTY:2026-04-20T09:34:15:SHORT
2026-04-20,09:35:00,2026-04-20,09:36:15,NIFTY,BUY,TYPE_D,LIMIT_ENTRY,LIMIT_EXIT,24360.25,24364.6,NIFTY21APR2624350CE,24350.0,CE,133.15,132.6,133.0,132.89,135.0,125.0,0.037601,0.037651,ws,ws,entry_l1_cap,exit_l1_profit_protect,False,False,0.154,-0.2875,65,-35.75,strategy_S5-10__TYPE_D:NIFTY:2026-04-20T09:35:00:LONG
2026-04-20,09:36:20,2026-04-20,09:37:17,NIFTY,SELL,TYPE_D,LIMIT_ENTRY,LIMIT_EXIT,24356.8,24353.65,NIFTY21APR2624400PE,24400.0,PE,167.8,165.6,167.65,165.64,170.0,160.0,0.029828,0.030157,ws,ws,entry_l1_cap,exit_l1_profit_protect,False,False,0.15,-0.0421,65,-143.0,strategy_S5-10__TYPE_D:NIFTY:2026-04-20T09:36:20:SHORT
2026-04-20,09:37:52,2026-04-20,09:38:08,NIFTY,SELL,TYPE_D,LIMIT_ENTRY,LIMIT_EXIT,24350.3,24353.2,NIFTY21APR2624400PE,24400.0,PE,167.0,162.6,166.69,162.65,170.0,155.0,0.029972,0.030717,ws,ws,entry_l1_cap,exit_l1_profit_protect,False,False,0.3063,-0.05,65,-286.0,strategy_S5-10__TYPE_D:NIFTY:2026-04-20T09:37:52:SHORT
2026-04-20,09:38:22,2026-04-20,09:39:11,NIFTY,SELL,TYPE_D,LIMIT_ENTRY,LIMIT_EXIT,24348.25,24341.6,NIFTY21APR2624350PE,24350.0,PE,139.9,142.7,139.73,142.9,140.0,135.0,0.035778,0.03499,ws,ws,entry_l1_cap,exit_l1_profit_protect,False,False,0.1714,-0.2,65,182.0,strategy_S5-10__TYPE_D:NIFTY:2026-04-20T09:38:22:SHORT
2026-04-20,09:40:05,2026-04-20,09:40:12,NIFTY,SELL,TYPE_D,LIMIT_ENTRY,LIMIT_EXIT,24341.8,24344.3,NIFTY21APR2624350PE,24350.0,PE,144.25,142.35,144.24,142.5,145.0,135.0,0.034692,0.035088,ws,ws,entry_l1_cap,exit_l1_profit_protect,False,False,0.0125,-0.15,65,-123.5,strategy_S5-10__TYPE_D:NIFTY:2026-04-20T09:40:05:SHORT
2026-04-20,09:40:21,2026-04-20,09:40:47,NIFTY,SELL,TYPE_D,LIMIT_ENTRY,LIMIT_EXIT,24338.3,24340.9,NIFTY21APR2624350PE,24350.0,PE,146.35,146.15,146.3,146.3,150.0,140.0,0.034188,0.034171,ws,ws,entry_l1_cap,exit_l1_profit_protect,False,False,0.05,-0.15,65,-13.0,strategy_S5-10__TYPE_D:NIFTY:2026-04-20T09:40:21:SHORT
2026-04-20,09:40:57,2026-04-20,09:41:43,NIFTY,BUY,TYPE_D,LIMIT_ENTRY,LIMIT_EXIT,24343.25,24338.65,NIFTY21APR2624300CE,24300.0,CE,155.45,150.65,155.26,150.69,160.0,145.0,0.032211,0.033184,ws,ws,entry_l1_cap,exit_l1_profit_protect,False,False,0.1895,-0.0437,65,-312.0,strategy_S5-10__TYPE_D:NIFTY:2026-04-20T09:40:57:LONG
2026-04-20,09:41:50,2026-04-20,09:42:11,NIFTY,SELL,TYPE_D,LIMIT_ENTRY,LIMIT_EXIT,24336.1,24336.5,NIFTY21APR2624350PE,24350.0,PE,147.4,146.55,147.14,146.76,150.0,140.0,0.033962,0.034072,ws,ws,entry_l1_cap,exit_l1_profit_protect,False,False,0.2625,-0.2074,65,-55.25,strategy_S5-10__TYPE_D:NIFTY:2026-04-20T09:41:50:SHORT
2026-04-20,09:42:22,2026-04-20,09:42:57,NIFTY,SELL,TYPE_D,LIMIT_ENTRY,LIMIT_EXIT,24327.65,24325.5,NIFTY21APR2624350PE,24350.0,PE,150.7,150.85,150.42,151.06,155.0,145.0,0.033217,0.033096,ws,ws,entry_l1_cap,exit_l1_profit_protect,False,False,0.28,-0.2118,65,9.75,strategy_S5-10__TYPE_D:NIFTY:2026-04-20T09:42:22:SHORT
2026-04-20,09:43:19,2026-04-20,09:44:42,NIFTY,SELL,TYPE_D,LIMIT_ENTRY,LIMIT_EXIT,24322.0,24302.3,NIFTY21APR2624350PE,24350.0,PE,154.0,162.8,153.67,163.0,155.0,155.0,0.032504,0.030675,ws,ws,entry_l1_cap,exit_l1_profit_protect,False,False,0.335,-0.2,65,572.0,strategy_S5-10__TYPE_D:NIFTY:2026-04-20T09:43:19:SHORT
2026-04-20,09:45:09,2026-04-20,09:45:23,NIFTY,BUY,TYPE_D,LIMIT_ENTRY,LIMIT_EXIT,24304.7,24300.35,NIFTY21APR2624300CE,24300.0,CE,130.5,127.75,130.36,127.85,135.0,120.0,0.038344,0.039108,ws,ws,entry_l1_cap,exit_l1_profit_protect,False,False,0.1368,-0.1,65,-178.75,strategy_S5-10__TYPE_D:NIFTY:2026-04-20T09:45:09:LONG
2026-04-20,09:45:30,2026-04-20,09:45:47,NIFTY,SELL,TYPE_D,LIMIT_ENTRY,LIMIT_EXIT,24291.85,24295.3,NIFTY21APR2624300PE,24300.0,PE,143.55,142.0,143.25,142.11,145.0,135.0,0.034874,0.035193,ws,ws,entry_l1_cap,exit_l1_profit_protect,False,False,0.3017,-0.1067,65,-100.75,strategy_S5-10__TYPE_D:NIFTY:2026-04-20T09:45:30:SHORT
2026-04-20,09:46:09,2026-04-20,09:46:38,NIFTY,BUY,TYPE_D,LIMIT_ENTRY,LIMIT_EXIT,24300.2,24293.2,NIFTY21APR2624300CE,24300.0,CE,127.95,125.5,127.85,125.77,130.0,120.0,0.039108,0.039785,ws,ws,entry_l1_cap,exit_l1_profit_protect,False,False,0.1,-0.2655,65,-159.25,strategy_S5-10__TYPE_D:NIFTY:2026-04-20T09:46:09:LONG
2026-04-20,09:46:59,2026-04-20,09:48:01,NIFTY,SELL,TYPE_D,LIMIT_ENTRY,LIMIT_EXIT,24291.5,24285.7,NIFTY21APR2624300PE,24300.0,PE,146.0,150.55,145.78,150.67,150.0,145.0,0.034288,0.033173,ws,ws,entry_l1_cap,exit_l1_profit_protect,False,False,0.225,-0.1167,65,295.75,strategy_S5-10__TYPE_D:NIFTY:2026-04-20T09:46:59:SHORT
2026-04-20,09:48:27,2026-04-20,09:48:37,NIFTY,BUY,TYPE_D,LIMIT_ENTRY,LIMIT_EXIT,24290.25,24286.75,NIFTY21APR2624250CE,24250.0,CE,149.4,146.45,149.18,146.53,150.0,140.0,0.033501,0.03413,ws,ws,entry_l1_cap,exit_l1_profit_protect,False,False,0.22,-0.075,65,-191.75,strategy_S5-10__TYPE_D:NIFTY:2026-04-20T09:48:27:LONG
2026-04-20,09:48:40,2026-04-20,09:49:06,NIFTY,SELL,TYPE_D,LIMIT_ENTRY,LIMIT_EXIT,24283.85,24284.65,NIFTY21APR2624300PE,24300.0,PE,150.95,149.05,150.82,149.16,155.0,140.0,0.033162,0.033506,ws,ws,entry_l1_cap,exit_l1_profit_protect,False,False,0.1312,-0.112,65,-123.5,strategy_S5-10__TYPE_D:NIFTY:2026-04-20T09:48:40:SHORT
2026-04-20,09:49:20,2026-04-20,09:50:07,NIFTY,BUY,TYPE_D,LIMIT_ENTRY,LIMIT_EXIT,24288.9,24294.75,NIFTY21APR2624250CE,24250.0,CE,150.7,148.6,150.51,148.68,155.0,140.0,0.033206,0.033625,ws,ws,entry_l1_cap,exit_l1_profit_protect,False,False,0.1875,-0.08,65,-136.5,strategy_S5-10__TYPE_D:NIFTY:2026-04-20T09:49:20:LONG
2026-04-20,09:50:10,2026-04-20,09:50:42,NIFTY,SELL,TYPE_D,LIMIT_ENTRY,LIMIT_EXIT,24289.65,24289.55,NIFTY21APR2624300PE,24300.0,PE,150.1,149.3,150.07,149.58,155.0,140.0,0.033339,0.033445,ws,ws,entry_l1_cap,exit_l1_profit_protect,False,False,0.025,-0.2759,65,-52.0,strategy_S5-10__TYPE_D:NIFTY:2026-04-20T09:50:10:SHORT
2026-04-20,09:51:17,2026-04-20,09:51:41,NIFTY,BUY,TYPE_D,LIMIT_ENTRY,LIMIT_EXIT,24294.2,24294.55,NIFTY21APR2624250CE,24250.0,CE,152.0,153.75,151.85,153.95,155.0,145.0,0.032916,0.032478,ws,ws,entry_l1_cap,exit_l1_profit_protect,False,False,0.1545,-0.2,65,113.75,strategy_S5-10__TYPE_D:NIFTY:2026-04-20T09:51:17:LONG
2026-04-20,09:52:10,2026-04-20,09:53:59,NIFTY,BUY,TYPE_D,LIMIT_ENTRY,LIMIT_EXIT,24298.65,24319.05,NIFTY21APR2624250CE,24250.0,CE,154.05,162.4,153.95,162.49,155.0,155.0,0.032489,0.03075,ws,ws,entry_l1_cap,exit_l1_profit_protect,False,False,0.1,-0.0857,65,542.75,strategy_S5-10__TYPE_D:NIFTY:2026-04-20T09:52:10:LONG
2026-04-20,09:54:15,2026-04-20,09:55:07,NIFTY,BUY,TYPE_D,LIMIT_ENTRY,LIMIT_EXIT,24323.7,24331.75,NIFTY21APR2624300CE,24300.0,CE,141.0,146.4,140.73,146.42,145.0,140.0,0.035499,0.034118,ws,ws,entry_l1_cap,exit_l1_profit_protect,False,False,0.266,-0.0187,65,351.0,strategy_S5-10__TYPE_D:NIFTY:2026-04-20T09:54:15:LONG
2026-04-20,09:55:25,2026-04-20,09:55:58,NIFTY,BUY,TYPE_D,LIMIT_ENTRY,LIMIT_EXIT,24336.75,24340.95,NIFTY21APR2624300CE,24300.0,CE,150.35,151.45,150.26,151.58,155.0,145.0,0.033289,0.032965,ws,ws,entry_l1_cap,exit_l1_profit_protect,False,False,0.0857,-0.1303,65,71.5,strategy_S5-10__TYPE_D:NIFTY:2026-04-20T09:55:25:LONG
2026-04-20,09:56:26,2026-04-20,09:56:56,NIFTY,SELL,TYPE_D,LIMIT_ENTRY,LIMIT_EXIT,24334.8,24329.25,NIFTY21APR2624350PE,24350.0,PE,155.95,155.25,155.79,155.29,160.0,150.0,0.032103,0.03217,ws,ws,entry_l1_cap,exit_l1_profit_protect,False,False,0.1556,-0.0389,65,-45.5,strategy_S5-10__TYPE_D:NIFTY:2026-04-20T09:56:26:SHORT
2026-04-20,09:57:37,2026-04-20,09:58:01,NIFTY,SELL,TYPE_D,LIMIT_ENTRY,LIMIT_EXIT,24325.9,24327.4,NIFTY21APR2624350PE,24350.0,PE,157.8,156.7,157.72,157.03,160.0,150.0,0.031716,0.031867,ws,ws,entry_l1_cap,exit_l1_profit_protect,False,False,0.075,-0.3333,65,-71.5,strategy_S5-10__TYPE_D:NIFTY:2026-04-20T09:57:37:SHORT
2026-04-20,09:58:10,2026-04-20,09:58:45,NIFTY,SELL,TYPE_D,LIMIT_ENTRY,LIMIT_EXIT,24322.3,24324.4,NIFTY21APR2624350PE,24350.0,PE,158.4,155.6,158.1,155.7,160.0,150.0,0.031606,0.032103,ws,ws,entry_l1_cap,exit_l1_profit_protect,False,False,0.3,-0.1,65,-182.0,strategy_S5-10__TYPE_D:NIFTY:2026-04-20T09:58:10:SHORT
2026-04-20,09:59:16,2026-04-20,10:00:11,NIFTY,BUY,TYPE_D,LIMIT_ENTRY,LIMIT_EXIT,24325.65,24328.05,NIFTY21APR2624300CE,24300.0,CE,145.95,143.75,145.69,143.82,150.0,135.0,0.034299,0.034752,ws,ws,entry_l1_cap,exit_l1_profit_protect,False,False,0.2587,-0.0682,65,-143.0,strategy_S5-10__TYPE_D:NIFTY:2026-04-20T09:59:16:LONG
2026-04-20,10:00:40,2026-04-20,10:01:52,NIFTY,BUY,TYPE_D,LIMIT_ENTRY,LIMIT_EXIT,24332.7,24334.3,NIFTY21APR2624300CE,24300.0,CE,147.7,147.7,147.62,147.73,150.0,140.0,0.033887,0.033829,ws,ws,entry_l1_cap,exit_l1_profit_protect,False,False,0.075,-0.0308,65,0.0,strategy_S5-10__TYPE_D:NIFTY:2026-04-20T10:00:40:LONG
2026-04-20,10:02:02,2026-04-20,10:02:14,NIFTY,SELL,TYPE_D,LIMIT_ENTRY,LIMIT_EXIT,24332.05,24334.4,NIFTY21APR2624350PE,24350.0,PE,155.55,151.7,155.44,151.75,160.0,145.0,0.03218,0.032927,ws,ws,entry_l1_cap,exit_l1_profit_protect,False,False,0.1114,-0.05,65,-250.25,strategy_S5-10__TYPE_D:NIFTY:2026-04-20T10:02:02:SHORT
2026-04-20,10:02:32,2026-04-20,10:04:04,NIFTY,BUY,TYPE_D,LIMIT_ENTRY,LIMIT_EXIT,24337.55,24359.95,NIFTY21APR2624300CE,24300.0,CE,148.1,161.7,148.06,161.88,150.0,155.0,0.033801,0.030893,ws,ws,entry_l1_cap,exit_l1_profit_protect,False,False,0.0368,-0.1821,65,884.0,strategy_S5-10__TYPE_D:NIFTY:2026-04-20T10:02:32:LONG
2026-04-20,10:04:13,2026-04-20,10:05:01,NIFTY,SELL,TYPE_D,LIMIT_ENTRY,LIMIT_EXIT,24350.2,24356.9,NIFTY21APR2624400PE,24400.0,PE,168.75,163.55,168.58,163.72,170.0,155.0,0.029665,0.030539,ws,ws,entry_l1_cap,exit_l1_profit_protect,False,False,0.1714,-0.175,65,-338.0,strategy_S5-10__TYPE_D:NIFTY:2026-04-20T10:04:13:SHORT
2026-04-20,10:05:48,2026-04-20,10:06:04,NIFTY,BUY,TYPE_D,LIMIT_ENTRY,LIMIT_EXIT,24362.9,24361.45,NIFTY21APR2624350CE,24350.0,CE,137.2,134.6,137.04,134.88,140.0,125.0,0.036496,0.037099,ws,ws,entry_l1_cap,exit_l1_profit_protect,False,False,0.1619,-0.28,65,-169.0,strategy_S5-10__TYPE_D:NIFTY:2026-04-20T10:05:48:LONG
2026-04-20,10:06:10,2026-04-20,10:07:09,NIFTY,SELL,TYPE_D,LIMIT_ENTRY,LIMIT_EXIT,24360.3,24361.5,NIFTY21APR2624400PE,24400.0,PE,165.0,164.15,164.78,164.17,165.0,155.0,0.030326,0.030441,ws,ws,entry_l1_cap,exit_l1_profit_protect,False,False,0.225,-0.0182,65,-55.25,strategy_S5-10__TYPE_D:NIFTY:2026-04-20T10:06:10:SHORT
2026-04-20,10:07:10,2026-04-20,10:08:44,NIFTY,BUY,TYPE_D,LIMIT_ENTRY,LIMIT_EXIT,24361.85,24377.75,NIFTY21APR2624350CE,24350.0,CE,135.3,141.6,135.14,141.68,140.0,135.0,0.036989,0.03528,ws,ws,entry_l1_cap,exit_l1_profit_protect,False,False,0.1625,-0.0833,65,409.5,strategy_S5-10__TYPE_D:NIFTY:2026-04-20T10:07:10:LONG
2026-04-20,10:09:05,2026-04-20,10:09:52,NIFTY,BUY,TYPE_D,LIMIT_ENTRY,LIMIT_EXIT,24381.95,24385.05,NIFTY21APR2624350CE,24350.0,CE,144.6,148.8,144.5,149.03,145.0,140.0,0.03462,0.033563,ws,ws,entry_l1_cap,exit_l1_profit_protect,False,False,0.105,-0.2333,65,273.0,strategy_S5-10__TYPE_D:NIFTY:2026-04-20T10:09:05:LONG
2026-04-20,10:10:20,2026-04-20,10:10:40,NIFTY,SELL,TYPE_D,LIMIT_ENTRY,LIMIT_EXIT,24380.9,24383.05,NIFTY21APR2624400PE,24400.0,PE,150.5,148.0,150.36,148.29,155.0,140.0,0.033239,0.03375,ws,ws,entry_l1_cap,exit_l1_profit_protect,False,False,0.1403,-0.2914,65,-162.5,strategy_S5-10__TYPE_D:NIFTY:2026-04-20T10:10:20:SHORT
2026-04-20,10:11:19,2026-04-20,10:12:01,NIFTY,SELL,TYPE_D,LIMIT_ENTRY,LIMIT_EXIT,24379.75,24381.2,NIFTY21APR2624400PE,24400.0,PE,150.95,152.0,150.69,152.05,155.0,145.0,0.033162,0.032889,ws,ws,entry_l1_cap,exit_l1_profit_protect,False,False,0.2625,-0.0494,65,68.25,strategy_S5-10__TYPE_D:NIFTY:2026-04-20T10:11:19:SHORT
2026-04-20,10:12:40,2026-04-20,10:13:31,NIFTY,SELL,TYPE_D,LIMIT_ENTRY,LIMIT_EXIT,24376.9,24371.2,NIFTY21APR2624400PE,24400.0,PE,154.0,155.6,153.95,155.89,155.0,150.0,0.032478,0.032098,ws,ws,entry_l1_cap,exit_l1_profit_protect,False,False,0.05,-0.2917,65,104.0,strategy_S5-10__TYPE_D:NIFTY:2026-04-20T10:12:40:SHORT
2026-04-20,10:14:07,2026-04-20,10:14:26,NIFTY,SELL,TYPE_D,LIMIT_ENTRY,LIMIT_EXIT,24369.05,24372.0,NIFTY21APR2624400PE,24400.0,PE,156.2,154.15,156.05,154.33,160.0,145.0,0.032036,0.032394,ws,ws,entry_l1_cap,exit_l1_profit_protect,False,False,0.15,-0.1846,65,-133.25,strategy_S5-10__TYPE_D:NIFTY:2026-04-20T10:14:07:SHORT
2026-04-20,10:14:33,2026-04-20,10:15:16,NIFTY,BUY,TYPE_D,LIMIT_ENTRY,LIMIT_EXIT,24375.5,24377.4,NIFTY21APR2624350CE,24350.0,CE,145.1,146.8,145.05,146.89,150.0,140.0,0.034471,0.034025,ws,ws,entry_l1_cap,exit_l1_profit_protect,False,False,0.05,-0.0882,65,110.5,strategy_S5-10__TYPE_D:NIFTY:2026-04-20T10:14:33:LONG
2026-04-20,10:15:22,2026-04-20,10:15:50,NIFTY,SELL,TYPE_D,LIMIT_ENTRY,LIMIT_EXIT,24375.1,24376.1,NIFTY21APR2624400PE,24400.0,PE,154.4,152.1,154.3,152.3,155.0,145.0,0.032415,0.032846,ws,ws,entry_l1_cap,exit_l1_profit_protect,False,False,0.1,-0.2,65,-149.5,strategy_S5-10__TYPE_D:NIFTY:2026-04-20T10:15:22:SHORT
2026-04-20,10:16:10,2026-04-20,10:18:14,NIFTY,BUY,TYPE_D,LIMIT_ENTRY,LIMIT_EXIT,24382.5,24395.9,NIFTY21APR2624350CE,24350.0,CE,150.5,157.6,150.23,157.79,155.0,150.0,0.033267,0.031686,ws,ws,entry_l1_cap,exit_l1_profit_protect,False,False,0.2667,-0.1882,65,461.5,strategy_S5-10__TYPE_D:NIFTY:2026-04-20T10:16:10:LONG
2026-04-20,10:18:22,2026-04-20,10:19:53,NIFTY,SELL,TYPE_D,LIMIT_ENTRY,LIMIT_EXIT,24393.75,24389.35,NIFTY21APR2624400PE,24400.0,PE,146.0,145.0,145.97,145.27,150.0,140.0,0.034252,0.034435,ws,ws,entry_l1_cap,exit_l1_profit_protect,False,False,0.0262,-0.272,65,-65.0,strategy_S5-10__TYPE_D:NIFTY:2026-04-20T10:18:22:SHORT
2026-04-20,10:20:40,2026-04-20,10:21:48,NIFTY,SELL,TYPE_D,LIMIT_ENTRY,LIMIT_EXIT,24387.95,24381.2,NIFTY21APR2624400PE,24400.0,PE,147.25,150.35,147.13,150.61,150.0,145.0,0.03399,0.033217,ws,ws,entry_l1_cap,exit_l1_profit_protect,False,False,0.12,-0.2625,65,201.5,strategy_S5-10__TYPE_D:NIFTY:2026-04-20T10:20:40:SHORT
2026-04-20,10:22:05,2026-04-20,10:22:44,NIFTY,BUY,TYPE_D,LIMIT_ENTRY,LIMIT_EXIT,24383.65,24388.35,NIFTY21APR2624350CE,24350.0,CE,149.75,150.0,149.61,150.03,150.0,145.0,0.033428,0.0333,ws,ws,entry_l1_cap,exit_l1_profit_protect,False,False,0.14,-0.0333,65,16.25,strategy_S5-10__TYPE_D:NIFTY:2026-04-20T10:22:05:LONG
2026-04-20,10:23:04,2026-04-20,10:25:00,NIFTY,BUY,TYPE_D,LIMIT_ENTRY,LIMIT_EXIT,24392.3,24400.6,NIFTY21APR2624350CE,24350.0,CE,151.7,157.4,151.65,157.64,155.0,150.0,0.032965,0.031741,ws,ws,entry_l1_cap,exit_l1_profit_protect,False,False,0.0464,-0.2414,65,370.5,strategy_S5-10__TYPE_D:NIFTY:2026-04-20T10:23:04:LONG
2026-04-20,10:25:23,2026-04-20,10:25:45,NIFTY,SELL,TYPE_D,LIMIT_ENTRY,LIMIT_EXIT,24393.0,24394.4,NIFTY21APR2624400PE,24400.0,PE,144.65,143.95,144.54,143.99,145.0,135.0,0.034584,0.034704,ws,ws,entry_l1_cap,exit_l1_profit_protect,False,False,0.1091,-0.0357,65,-45.5,strategy_S5-10__TYPE_D:NIFTY:2026-04-20T10:25:23:SHORT
2026-04-20,10:26:16,2026-04-20,10:27:11,NIFTY,BUY,TYPE_D,LIMIT_ENTRY,LIMIT_EXIT,24402.35,24401.35,NIFTY21APR2624400CE,24400.0,CE,129.55,129.7,129.28,129.94,130.0,120.0,0.03864,0.038506,ws,ws,entry_l1_cap,exit_l1_profit_protect,False,False,0.269,-0.24,65,9.75,strategy_S5-10__TYPE_D:NIFTY:2026-04-20T10:26:16:LONG
2026-04-20,10:27:26,2026-04-20,10:27:53,NIFTY,SELL,TYPE_D,LIMIT_ENTRY,LIMIT_EXIT,24399.6,24401.55,NIFTY21APR2624400PE,24400.0,PE,140.65,142.25,140.64,142.32,145.0,135.0,0.035581,0.035106,ws,ws,entry_l1_cap,exit_l1_profit_protect,False,False,0.0147,-0.07,65,104.0,strategy_S5-10__TYPE_D:NIFTY:2026-04-20T10:27:26:SHORT
2026-04-20,10:28:22,2026-04-20,10:28:25,NIFTY,SELL,TYPE_D,LIMIT_ENTRY,LIMIT_EXIT,24397.65,24401.1,NIFTY21APR2624400PE,24400.0,PE,142.25,140.8,141.91,140.97,145.0,135.0,0.035199,0.035486,ws,ws,entry_l1_cap,exit_l1_profit_protect,False,False,0.3407,-0.1667,65,-94.25,strategy_S5-10__TYPE_D:NIFTY:2026-04-20T10:28:22:SHORT
2026-04-20,10:28:30,2026-04-20,10:29:16,NIFTY,BUY,TYPE_D,LIMIT_ENTRY,LIMIT_EXIT,24401.75,24408.45,NIFTY21APR2624400CE,24400.0,CE,132.65,134.05,132.62,134.31,135.0,125.0,0.037743,0.037258,ws,ws,entry_l1_cap,exit_l1_profit_protect,False,False,0.0341,-0.2571,65,91.0,strategy_S5-10__TYPE_D:NIFTY:2026-04-20T10:28:30:LONG
2026-04-20,10:29:44,2026-04-20,10:29:45,NIFTY,BUY,TYPE_D,LIMIT_ENTRY,LIMIT_EXIT,24408.5,24406.05,NIFTY21APR2624400CE,24400.0,CE,133.55,133.25,133.53,133.53,135.0,125.0,0.037481,0.037481,ws,ws,entry_l1_cap,exit_l1_profit_protect,False,False,0.0167,-0.2833,65,-19.5,strategy_S5-10__TYPE_D:NIFTY:2026-04-20T10:29:44:LONG
2026-04-20,10:29:53,2026-04-20,10:30:45,NIFTY,BUY,TYPE_D,LIMIT_ENTRY,LIMIT_EXIT,24410.6,24422.15,NIFTY21APR2624400CE,24400.0,CE,132.75,146.7,132.62,146.88,135.0,140.0,0.037715,0.034043,ws,ws,entry_l1_cap,exit_l1_profit_protect,False,False,0.125,-0.175,65,906.75,strategy_S5-10__TYPE_D:NIFTY:2026-04-20T10:29:53:LONG
2026-04-20,10:31:12,2026-04-20,10:31:34,NIFTY,BUY,TYPE_D,LIMIT_ENTRY,LIMIT_EXIT,24428.7,24428.0,NIFTY21APR2624400CE,24400.0,CE,150.8,150.45,150.6,150.47,155.0,145.0,0.03319,0.033195,ws,ws,entry_l1_cap,exit_l1_profit_protect,False,False,0.2,-0.0184,65,-22.75,strategy_S5-10__TYPE_D:NIFTY:2026-04-20T10:31:12:LONG
2026-04-20,10:32:11,2026-04-20,10:32:47,NIFTY,BUY,TYPE_D,LIMIT_ENTRY,LIMIT_EXIT,24434.55,24436.8,NIFTY21APR2624400CE,24400.0,CE,153.2,154.7,152.97,154.74,155.0,145.0,0.03268,0.032279,ws,ws,entry_l1_cap,exit_l1_profit_protect,False,False,0.2316,-0.0429,65,97.5,strategy_S5-10__TYPE_D:NIFTY:2026-04-20T10:32:11:LONG
2026-04-20,10:33:01,2026-04-20,10:33:10,NIFTY,BUY,TYPE_D,LIMIT_ENTRY,LIMIT_EXIT,24438.35,24436.4,NIFTY21APR2624400CE,24400.0,CE,157.0,153.65,156.76,153.85,160.0,145.0,0.031873,0.03251,ws,ws,entry_l1_cap,exit_l1_profit_protect,False,False,0.2381,-0.2,65,-217.75,strategy_S5-10__TYPE_D:NIFTY:2026-04-20T10:33:01:LONG
2026-04-20,10:33:29,2026-04-20,10:33:45,NIFTY,SELL,TYPE_D,LIMIT_ENTRY,LIMIT_EXIT,24433.7,24435.15,NIFTY21APR2624450PE,24450.0,PE,147.55,146.1,147.41,146.2,150.0,140.0,0.033921,0.0342,ws,ws,entry_l1_cap,exit_l1_profit_protect,False,False,0.144,-0.1,65,-94.25,strategy_S5-10__TYPE_D:NIFTY:2026-04-20T10:33:29:SHORT
2026-04-20,10:34:27,2026-04-20,10:35:10,NIFTY,SELL,TYPE_D,LIMIT_ENTRY,LIMIT_EXIT,24433.9,24429.65,NIFTY21APR2624450PE,24450.0,PE,147.4,147.95,147.13,147.98,150.0,140.0,0.033962,0.033784,ws,ws,entry_l1_cap,exit_l1_profit_protect,False,False,0.2692,-0.0333,65,35.75,strategy_S5-10__TYPE_D:NIFTY:2026-04-20T10:34:27:SHORT
2026-04-20,10:35:26,2026-04-20,10:35:54,NIFTY,BUY,TYPE_D,LIMIT_ENTRY,LIMIT_EXIT,24436.05,24433.7,NIFTY21APR2624400CE,24400.0,CE,155.75,153.5,155.55,153.57,160.0,145.0,0.032134,0.032541,ws,ws,entry_l1_cap,exit_l1_profit_protect,False,False,0.2,-0.075,65,-146.25,strategy_S5-10__TYPE_D:NIFTY:2026-04-20T10:35:26:LONG
2026-04-20,10:36:22,2026-04-20,10:37:10,NIFTY,SELL,TYPE_D,LIMIT_ENTRY,LIMIT_EXIT,24435.25,24435.05,NIFTY21APR2624450PE,24450.0,PE,148.0,147.2,147.81,147.23,150.0,140.0,0.033807,0.033933,ws,ws,entry_l1_cap,exit_l1_profit_protect,False,False,0.1935,-0.03,65,-52.0,strategy_S5-10__TYPE_D:NIFTY:2026-04-20T10:36:22:SHORT
2026-04-20,10:37:27,2026-04-20,10:37:52,NIFTY,BUY,TYPE_D,LIMIT_ENTRY,LIMIT_EXIT,24437.9,24437.05,NIFTY21APR2624400CE,24400.0,CE,155.0,154.05,154.77,154.19,155.0,145.0,0.0323,0.03242,ws,ws,entry_l1_cap,exit_l1_profit_protect,False,False,0.2286,-0.14,65,-61.75,strategy_S5-10__TYPE_D:NIFTY:2026-04-20T10:37:27:LONG
2026-04-20,10:38:26,2026-04-20,10:39:23,NIFTY,SELL,TYPE_D,LIMIT_ENTRY,LIMIT_EXIT,24434.35,24424.65,NIFTY21APR2624450PE,24450.0,PE,147.0,151.25,146.96,151.35,150.0,145.0,0.034019,0.033014,ws,ws,entry_l1_cap,exit_l1_profit_protect,False,False,0.037,-0.0952,65,276.25,strategy_S5-10__TYPE_D:NIFTY:2026-04-20T10:38:26:SHORT
2026-04-20,10:39:39,2026-04-20,10:41:14,NIFTY,BUY,TYPE_D,LIMIT_ENTRY,LIMIT_EXIT,24431.05,24444.7,NIFTY21APR2624400CE,24400.0,CE,150.55,155.05,150.44,155.17,155.0,150.0,0.033234,0.032211,ws,ws,entry_l1_cap,exit_l1_profit_protect,False,False,0.1063,-0.1167,65,292.5,strategy_S5-10__TYPE_D:NIFTY:2026-04-20T10:39:39:LONG
2026-04-20,10:42:24,2026-04-20,10:43:34,NIFTY,SELL,TYPE_D,LIMIT_ENTRY,LIMIT_EXIT,24442.2,24439.85,NIFTY21APR2624450PE,24450.0,PE,144.2,143.15,143.88,143.36,145.0,135.0,0.034716,0.034892,ws,ws,entry_l1_cap,exit_l1_profit_protect,False,False,0.3208,-0.2143,65,-68.25,strategy_S5-10__TYPE_D:NIFTY:2026-04-20T10:42:24:SHORT
2026-04-20,10:43:57,2026-04-20,10:44:49,NIFTY,BUY,TYPE_D,LIMIT_ENTRY,LIMIT_EXIT,24441.25,24442.45,NIFTY21APR2624400CE,24400.0,CE,154.65,154.0,154.49,154.33,155.0,145.0,0.032357,0.032431,ws,ws,entry_l1_cap,exit_l1_profit_protect,False,False,0.1562,-0.3306,65,-42.25,strategy_S5-10__TYPE_D:NIFTY:2026-04-20T10:43:57:LONG
2026-04-20,10:44:54,2026-04-20,10:47:01,NIFTY,SELL,TYPE_D,LIMIT_ENTRY,LIMIT_EXIT,24440.3,24421.45,NIFTY21APR2624450PE,24450.0,PE,141.3,150.75,141.03,150.79,145.0,145.0,0.035423,0.033151,ws,ws,entry_l1_cap,exit_l1_profit_protect,False,False,0.2654,-0.045,65,614.25,strategy_S5-10__TYPE_D:NIFTY:2026-04-20T10:44:54:SHORT
2026-04-20,10:47:19,2026-04-20,10:48:25,NIFTY,BUY,TYPE_D,LIMIT_ENTRY,LIMIT_EXIT,24423.35,24431.65,NIFTY21APR2624400CE,24400.0,CE,146.4,151.2,146.28,151.38,150.0,145.0,0.034182,0.033036,ws,ws,entry_l1_cap,exit_l1_profit_protect,False,False,0.125,-0.1846,65,312.0,strategy_S5-10__TYPE_D:NIFTY:2026-04-20T10:47:19:LONG
2026-04-20,10:49:14,2026-04-20,10:49:57,NIFTY,SELL,TYPE_D,LIMIT_ENTRY,LIMIT_EXIT,24430.75,24430.85,NIFTY21APR2624450PE,24450.0,PE,148.8,148.45,148.48,148.59,150.0,140.0,0.033647,0.033647,ws,ws,entry_l1_cap,exit_l1_profit_protect,False,False,0.3216,-0.1364,65,-22.75,strategy_S5-10__TYPE_D:NIFTY:2026-04-20T10:49:14:SHORT
2026-04-20,10:50:04,2026-04-20,10:50:15,NIFTY,BUY,TYPE_D,LIMIT_ENTRY,LIMIT_EXIT,24432.2,24428.6,NIFTY21APR2624400CE,24400.0,CE,150.0,148.0,149.73,148.24,150.0,140.0,0.033372,0.03375,ws,ws,entry_l1_cap,exit_l1_profit_protect,False,False,0.2676,-0.2416,65,-130.0,strategy_S5-10__TYPE_D:NIFTY:2026-04-20T10:50:04:LONG
2026-04-20,10:50:20,2026-04-20,10:51:01,NIFTY,SELL,TYPE_D,LIMIT_ENTRY,LIMIT_EXIT,24426.7,24420.7,NIFTY21APR2624450PE,24450.0,PE,149.75,153.2,149.68,153.42,150.0,145.0,0.033434,0.0326,ws,ws,entry_l1_cap,exit_l1_profit_protect,False,False,0.075,-0.2154,65,224.25,strategy_S5-10__TYPE_D:NIFTY:2026-04-20T10:50:20:SHORT
2026-04-20,10:51:39,2026-04-20,10:52:02,NIFTY,SELL,TYPE_D,LIMIT_ENTRY,LIMIT_EXIT,24413.25,24413.45,NIFTY21APR2624450PE,24450.0,PE,156.1,155.35,155.85,155.49,160.0,150.0,0.032072,0.032144,ws,ws,entry_l1_cap,exit_l1_profit_protect,False,False,0.25,-0.144,65,-48.75,strategy_S5-10__TYPE_D:NIFTY:2026-04-20T10:51:39:SHORT
2026-04-20,10:52:19,2026-04-20,10:52:49,NIFTY,BUY,TYPE_D,LIMIT_ENTRY,LIMIT_EXIT,24421.0,24421.5,NIFTY21APR2624400CE,24400.0,CE,146.55,145.7,146.32,145.73,150.0,140.0,0.034153,0.034282,ws,ws,entry_l1_cap,exit_l1_profit_protect,False,False,0.2323,-0.0273,65,-55.25,strategy_S5-10__TYPE_D:NIFTY:2026-04-20T10:52:19:LONG
2026-04-20,10:53:42,2026-04-20,10:54:38,NIFTY,BUY,TYPE_D,LIMIT_ENTRY,LIMIT_EXIT,24424.95,24424.2,NIFTY21APR2624400CE,24400.0,CE,146.05,145.75,145.82,145.94,150.0,140.0,0.034276,0.03427,ws,ws,entry_l1_cap,exit_l1_profit_protect,False,False,0.2265,-0.1857,65,-19.5,strategy_S5-10__TYPE_D:NIFTY:2026-04-20T10:53:42:LONG
2026-04-20,10:54:40,2026-04-20,10:54:57,NIFTY,SELL,TYPE_D,LIMIT_ENTRY,LIMIT_EXIT,24422.4,24425.35,NIFTY21APR2624450PE,24450.0,PE,151.55,150.7,151.42,150.97,155.0,145.0,0.033014,0.033146,ws,ws,entry_l1_cap,exit_l1_profit_protect,False,False,0.1333,-0.275,65,-55.25,strategy_S5-10__TYPE_D:NIFTY:2026-04-20T10:54:40:SHORT
2026-04-20,10:55:01,2026-04-20,10:55:07,NIFTY,BUY,TYPE_D,LIMIT_ENTRY,LIMIT_EXIT,24426.05,24422.4,NIFTY21APR2624400CE,24400.0,CE,146.95,144.1,146.88,144.29,150.0,135.0,0.03406,0.034668,ws,ws,entry_l1_cap,exit_l1_profit_protect,False,False,0.075,-0.1875,65,-185.25,strategy_S5-10__TYPE_D:NIFTY:2026-04-20T10:55:01:LONG
2026-04-20,10:55:17,2026-04-20,10:55:38,NIFTY,SELL,TYPE_D,LIMIT_ENTRY,LIMIT_EXIT,24419.85,24421.15,NIFTY21APR2624450PE,24450.0,PE,153.45,153.2,153.32,153.22,155.0,145.0,0.032616,0.032626,ws,ws,entry_l1_cap,exit_l1_profit_protect,False,False,0.125,-0.0167,65,-16.25,strategy_S5-10__TYPE_D:NIFTY:2026-04-20T10:55:17:SHORT
2026-04-20,10:55:51,2026-04-20,10:56:16,NIFTY,SELL,TYPE_D,LIMIT_ENTRY,LIMIT_EXIT,24418.4,24420.35,NIFTY21APR2624450PE,24450.0,PE,154.9,153.35,154.73,153.66,155.0,145.0,0.032305,0.032563,ws,ws,entry_l1_cap,exit_l1_profit_protect,False,False,0.1667,-0.3077,65,-100.75,strategy_S5-10__TYPE_D:NIFTY:2026-04-20T10:55:51:SHORT
2026-04-20,10:56:45,2026-04-20,10:56:50,NIFTY,SELL,TYPE_D,LIMIT_ENTRY,LIMIT_EXIT,24417.0,24419.45,NIFTY21APR2624450PE,24450.0,PE,156.3,155.6,156.07,155.81,160.0,150.0,0.032031,0.032103,ws,ws,entry_l1_cap,exit_l1_profit_protect,False,False,0.2333,-0.2143,65,-45.5,strategy_S5-10__TYPE_D:NIFTY:2026-04-20T10:56:45:SHORT
2026-04-20,10:57:01,2026-04-20,10:57:44,NIFTY,BUY,TYPE_D,LIMIT_ENTRY,LIMIT_EXIT,24421.4,24425.3,NIFTY21APR2624400CE,24400.0,CE,144.35,145.4,144.31,145.57,145.0,140.0,0.03468,0.034358,ws,ws,entry_l1_cap,exit_l1_profit_protect,False,False,0.0372,-0.1667,65,68.25,strategy_S5-10__TYPE_D:NIFTY:2026-04-20T10:57:01:LONG
2026-04-20,10:58:16,2026-04-20,10:59:17,NIFTY,BUY,TYPE_D,LIMIT_ENTRY,LIMIT_EXIT,24428.9,24428.95,NIFTY21APR2624400CE,24400.0,CE,147.95,148.7,147.84,148.81,150.0,140.0,0.033812,0.033591,ws,ws,entry_l1_cap,exit_l1_profit_protect,False,False,0.1059,-0.1091,65,48.75,strategy_S5-10__TYPE_D:NIFTY:2026-04-20T10:58:16:LONG
2026-04-20,10:59:56,2026-04-20,11:00:24,NIFTY,BUY,TYPE_D,LIMIT_ENTRY,LIMIT_EXIT,24431.05,24428.9,NIFTY21APR2624400CE,24400.0,CE,149.5,149.0,149.38,149.27,150.0,140.0,0.033462,0.033523,ws,ws,entry_l1_cap,exit_l1_profit_protect,False,False,0.1184,-0.2727,65,-32.5,strategy_S5-10__TYPE_D:NIFTY:2026-04-20T10:59:56:LONG
2026-04-20,11:00:30,2026-04-20,11:01:01,NIFTY,SELL,TYPE_D,LIMIT_ENTRY,LIMIT_EXIT,24427.15,24422.8,NIFTY21APR2624450PE,24450.0,PE,150.05,151.1,149.86,151.36,155.0,145.0,0.03335,0.033047,ws,ws,entry_l1_cap,exit_l1_profit_protect,False,False,0.1875,-0.2615,65,68.25,strategy_S5-10__TYPE_D:NIFTY:2026-04-20T11:00:30:SHORT
2026-04-20,11:01:51,2026-04-20,11:02:01,NIFTY,SELL,TYPE_D,LIMIT_ENTRY,LIMIT_EXIT,24419.9,24420.95,NIFTY21APR2624450PE,24450.0,PE,153.3,152.7,153.1,152.86,155.0,145.0,0.032653,0.032701,ws,ws,entry_l1_cap,exit_l1_profit_protect,False,False,0.2,-0.1647,65,-39.0,strategy_S5-10__TYPE_D:NIFTY:2026-04-20T11:01:51:SHORT
2026-04-20,11:02:38,2026-04-20,11:03:21,NIFTY,SELL,TYPE_D,LIMIT_ENTRY,LIMIT_EXIT,24419.3,24419.0,NIFTY21APR2624450PE,24450.0,PE,153.0,153.7,152.93,153.83,155.0,145.0,0.032696,0.032494,ws,ws,entry_l1_cap,exit_l1_profit_protect,False,False,0.075,-0.1313,65,45.5,strategy_S5-10__TYPE_D:NIFTY:2026-04-20T11:02:38:SHORT
2026-04-20,11:03:33,2026-04-20,11:05:22,NIFTY,BUY,TYPE_D,LIMIT_ENTRY,LIMIT_EXIT,24419.8,24432.05,NIFTY21APR2624400CE,24400.0,CE,143.85,151.8,143.75,151.89,145.0,145.0,0.034783,0.032906,ws,ws,entry_l1_cap,exit_l1_profit_protect,False,False,0.1,-0.0923,65,516.75,strategy_S5-10__TYPE_D:NIFTY:2026-04-20T11:03:33:LONG
2026-04-20,11:05:58,2026-04-20,11:06:33,NIFTY,BUY,TYPE_D,LIMIT_ENTRY,LIMIT_EXIT,24434.4,24436.8,NIFTY21APR2624400CE,24400.0,CE,154.65,153.55,154.62,153.77,155.0,145.0,0.032342,0.032526,ws,ws,entry_l1_cap,exit_l1_profit_protect,False,False,0.0333,-0.2154,65,-71.5,strategy_S5-10__TYPE_D:NIFTY:2026-04-20T11:05:58:LONG
2026-04-20,11:06:42,2026-04-20,11:07:12,NIFTY,SELL,TYPE_D,LIMIT_ENTRY,LIMIT_EXIT,24431.4,24428.75,NIFTY21APR2624450PE,24450.0,PE,149.35,147.2,149.14,147.22,150.0,140.0,0.033506,0.033927,ws,ws,entry_l1_cap,exit_l1_profit_protect,False,False,0.2083,-0.0226,65,-139.75,strategy_S5-10__TYPE_D:NIFTY:2026-04-20T11:06:42:SHORT
2026-04-20,11:08:43,2026-04-20,11:10:32,NIFTY,SELL,TYPE_D,LIMIT_ENTRY,LIMIT_EXIT,24424.9,24402.2,NIFTY21APR2624450PE,24450.0,PE,151.3,160.95,151.15,161.09,155.0,155.0,0.033069,0.031032,ws,ws,entry_l1_cap,exit_l1_profit_protect,False,False,0.1455,-0.14,65,627.25,strategy_S5-10__TYPE_D:NIFTY:2026-04-20T11:08:43:SHORT
2026-04-20,11:10:54,2026-04-20,11:11:52,NIFTY,BUY,TYPE_D,LIMIT_ENTRY,LIMIT_EXIT,24409.1,24407.15,NIFTY21APR2624400CE,24400.0,CE,140.85,138.4,140.67,138.58,145.0,130.0,0.035537,0.036095,ws,ws,entry_l1_cap,exit_l1_profit_protect,False,False,0.18,-0.1818,65,-159.25,strategy_S5-10__TYPE_D:NIFTY:2026-04-20T11:10:54:LONG
2026-04-20,11:12:05,2026-04-20,11:12:41,NIFTY,BUY,TYPE_D,LIMIT_ENTRY,LIMIT_EXIT,24411.7,24415.85,NIFTY21APR2624400CE,24400.0,CE,141.15,142.05,140.97,142.25,145.0,135.0,0.035455,0.035156,ws,ws,entry_l1_cap,exit_l1_profit_protect,False,False,0.1786,-0.2,65,58.5,strategy_S5-10__TYPE_D:NIFTY:2026-04-20T11:12:05:LONG
2026-04-20,11:12:57,2026-04-20,11:13:00,NIFTY,BUY,TYPE_D,LIMIT_ENTRY,LIMIT_EXIT,24418.25,24416.05,NIFTY21APR2624400CE,24400.0,CE,141.85,141.75,141.83,141.76,145.0,135.0,0.035261,0.035242,ws,ws,entry_l1_cap,exit_l1_profit_protect,False,False,0.0192,-0.0068,65,-6.5,strategy_S5-10__TYPE_D:NIFTY:2026-04-20T11:12:57:LONG
2026-04-20,11:13:30,2026-04-20,11:13:35,NIFTY,SELL,TYPE_D,LIMIT_ENTRY,LIMIT_EXIT,24413.7,24416.2,NIFTY21APR2624450PE,24450.0,PE,157.2,154.95,157.11,155.04,160.0,145.0,0.031842,0.032227,ws,ws,entry_l1_cap,exit_l1_profit_protect,False,False,0.0875,-0.0923,65,-146.25,strategy_S5-10__TYPE_D:NIFTY:2026-04-20T11:13:30:SHORT
2026-04-20,11:13:47,2026-04-20,11:14:21,NIFTY,BUY,TYPE_D,LIMIT_ENTRY,LIMIT_EXIT,24418.3,24418.35,NIFTY21APR2624400CE,24400.0,CE,142.05,140.85,142.03,140.91,145.0,135.0,0.035242,0.035467,ws,ws,entry_l1_cap,exit_l1_profit_protect,False,False,0.0184,-0.0625,65,-78.0,strategy_S5-10__TYPE_D:NIFTY:2026-04-20T11:13:47:LONG
2026-04-20,11:14:51,2026-04-20,11:15:07,NIFTY,SELL,TYPE_D,LIMIT_ENTRY,LIMIT_EXIT,24409.85,24410.15,NIFTY21APR2624450PE,24450.0,PE,159.85,156.6,159.72,156.64,160.0,150.0,0.031314,0.031888,ws,ws,entry_l1_cap,exit_l1_profit_protect,False,False,0.1346,-0.0429,65,-211.25,strategy_S5-10__TYPE_D:NIFTY:2026-04-20T11:14:51:SHORT
2026-04-20,11:15:27,2026-04-20,11:16:36,NIFTY,BUY,TYPE_D,LIMIT_ENTRY,LIMIT_EXIT,24413.1,24424.25,NIFTY21APR2624400CE,24400.0,CE,139.6,144.4,139.32,144.52,140.0,135.0,0.035862,0.03459,ws,ws,entry_l1_cap,exit_l1_profit_protect,False,False,0.2825,-0.12,65,312.0,strategy_S5-10__TYPE_D:NIFTY:2026-04-20T11:15:27:LONG
2026-04-20,11:16:57,2026-04-20,11:17:42,NIFTY,SELL,TYPE_D,LIMIT_ENTRY,LIMIT_EXIT,24420.35,24420.6,NIFTY21APR2624450PE,24450.0,PE,153.75,151.9,153.55,151.95,155.0,145.0,0.032552,0.032906,ws,ws,entry_l1_cap,exit_l1_profit_protect,False,False,0.2,-0.05,65,-120.25,strategy_S5-10__TYPE_D:NIFTY:2026-04-20T11:16:57:SHORT
2026-04-20,11:17:54,2026-04-20,11:18:23,NIFTY,BUY,TYPE_D,LIMIT_ENTRY,LIMIT_EXIT,24422.8,24423.5,NIFTY21APR2624400CE,24400.0,CE,145.6,145.0,145.44,145.19,150.0,140.0,0.03437,0.034447,ws,ws,entry_l1_cap,exit_l1_profit_protect,False,False,0.1562,-0.1944,65,-39.0,strategy_S5-10__TYPE_D:NIFTY:2026-04-20T11:17:54:LONG
2026-04-20,11:18:39,2026-04-20,11:19:07,NIFTY,BUY,TYPE_D,LIMIT_ENTRY,LIMIT_EXIT,24427.05,24429.15,NIFTY21APR2624400CE,24400.0,CE,148.7,148.5,148.38,148.62,150.0,140.0,0.033664,0.033625,ws,ws,entry_l1_cap,exit_l1_profit_protect,False,False,0.3167,-0.1224,65,-13.0,strategy_S5-10__TYPE_D:NIFTY:2026-04-20T11:18:39:LONG
2026-04-20,11:19:30,2026-04-20,11:19:53,NIFTY,SELL,TYPE_D,LIMIT_ENTRY,LIMIT_EXIT,24425.05,24426.55,NIFTY21APR2624450PE,24450.0,PE,151.3,150.25,151.11,150.4,155.0,145.0,0.033074,0.033245,ws,ws,entry_l1_cap,exit_l1_profit_protect,False,False,0.1875,-0.15,65,-68.25,strategy_S5-10__TYPE_D:NIFTY:2026-04-20T11:19:30:SHORT
2026-04-20,11:20:12,2026-04-20,11:21:16,NIFTY,BUY,TYPE_D,LIMIT_ENTRY,LIMIT_EXIT,24428.5,24429.3,NIFTY21APR2624400CE,24400.0,CE,148.55,147.65,148.37,147.79,150.0,140.0,0.033693,0.033824,ws,ws,entry_l1_cap,exit_l1_profit_protect,False,False,0.1846,-0.1382,65,-58.5,strategy_S5-10__TYPE_D:NIFTY:2026-04-20T11:20:12:LONG
2026-04-20,11:21:47,2026-04-20,11:22:24,NIFTY,BUY,TYPE_D,LIMIT_ENTRY,LIMIT_EXIT,24432.8,24433.9,NIFTY21APR2624400CE,24400.0,CE,150.35,151.2,150.31,151.24,155.0,145.0,0.033272,0.033036,ws,ws,entry_l1_cap,exit_l1_profit_protect,False,False,0.0375,-0.0429,65,55.25,strategy_S5-10__TYPE_D:NIFTY:2026-04-20T11:21:47:LONG
2026-04-20,11:22:32,2026-04-20,11:22:51,NIFTY,SELL,TYPE_D,LIMIT_ENTRY,LIMIT_EXIT,24429.4,24431.85,NIFTY21APR2624450PE,24450.0,PE,149.85,147.2,149.74,147.35,150.0,140.0,0.0334,0.033933,ws,ws,entry_l1_cap,exit_l1_profit_protect,False,False,0.1125,-0.15,65,-172.25,strategy_S5-10__TYPE_D:NIFTY:2026-04-20T11:22:32:SHORT
2026-04-20,11:23:01,2026-04-20,11:26:25,NIFTY,BUY,TYPE_D,LIMIT_ENTRY,LIMIT_EXIT,24433.35,24461.15,NIFTY21APR2624400CE,24400.0,CE,152.8,168.0,152.7,168.18,155.0,160.0,0.032744,0.029744,ws,ws,entry_l1_cap,exit_l1_profit_protect,False,False,0.1,-0.175,65,988.0,strategy_S5-10__TYPE_D:NIFTY:2026-04-20T11:23:01:LONG
2026-04-20,11:27:11,2026-04-20,11:27:53,NIFTY,SELL,TYPE_D,LIMIT_ENTRY,LIMIT_EXIT,24458.55,24451.55,NIFTY21APR2624500PE,24500.0,PE,161.0,162.95,160.81,163.21,165.0,155.0,0.031075,0.030651,ws,ws,entry_l1_cap,exit_l1_profit_protect,False,False,0.1857,-0.2593,65,126.75,strategy_S5-10__TYPE_D:NIFTY:2026-04-20T11:27:11:SHORT
2026-04-20,11:28:08,2026-04-20,11:28:21,NIFTY,BUY,TYPE_D,LIMIT_ENTRY,LIMIT_EXIT,24457.4,24457.35,NIFTY21APR2624450CE,24450.0,CE,138.75,139.0,138.72,139.19,140.0,130.0,0.036082,0.035945,ws,ws,entry_l1_cap,exit_l1_profit_protect,False,False,0.0269,-0.1913,65,16.25,strategy_S5-10__TYPE_D:NIFTY:2026-04-20T11:28:08:LONG
2026-04-20,11:28:41,2026-04-20,11:30:23,NIFTY,BUY,TYPE_D,LIMIT_ENTRY,LIMIT_EXIT,24459.45,24463.85,NIFTY21APR2624450CE,24450.0,CE,139.45,138.75,139.41,138.84,140.0,130.0,0.035874,0.035991,ws,ws,entry_l1_cap,exit_l1_profit_protect,False,False,0.0375,-0.0933,65,-45.5,strategy_S5-10__TYPE_D:NIFTY:2026-04-20T11:28:41:LONG
2026-04-20,11:30:30,2026-04-20,11:31:03,NIFTY,SELL,TYPE_D,LIMIT_ENTRY,LIMIT_EXIT,24462.55,24463.55,NIFTY21APR2624500PE,24500.0,PE,157.2,157.3,157.04,157.46,160.0,150.0,0.031827,0.031751,ws,ws,entry_l1_cap,exit_l1_profit_protect,False,False,0.1571,-0.1575,65,6.5,strategy_S5-10__TYPE_D:NIFTY:2026-04-20T11:30:30:SHORT
2026-04-20,11:31:19,2026-04-20,11:32:21,NIFTY,SELL,TYPE_D,LIMIT_ENTRY,LIMIT_EXIT,24457.9,24452.9,NIFTY21APR2624500PE,24500.0,PE,159.65,158.25,159.56,158.32,160.0,150.0,0.031358,0.031571,ws,ws,entry_l1_cap,exit_l1_profit_protect,False,False,0.087,-0.0682,65,-91.0,strategy_S5-10__TYPE_D:NIFTY:2026-04-20T11:31:19:SHORT
2026-04-20,11:32:37,2026-04-20,11:33:04,NIFTY,BUY,TYPE_D,LIMIT_ENTRY,LIMIT_EXIT,24455.9,24453.9,NIFTY21APR2624450CE,24450.0,CE,137.9,136.6,137.8,136.68,140.0,130.0,0.036304,0.036563,ws,ws,entry_l1_cap,exit_l1_profit_protect,False,False,0.1016,-0.075,65,-84.5,strategy_S5-10__TYPE_D:NIFTY:2026-04-20T11:32:37:LONG
2026-04-20,11:33:30,2026-04-20,11:33:39,NIFTY,SELL,TYPE_D,LIMIT_ENTRY,LIMIT_EXIT,24451.2,24453.95,NIFTY21APR2624500PE,24500.0,PE,156.9,156.05,156.78,156.28,160.0,150.0,0.031883,0.032005,ws,ws,entry_l1_cap,exit_l1_profit_protect,False,False,0.125,-0.2333,65,-55.25,strategy_S5-10__TYPE_D:NIFTY:2026-04-20T11:33:30:SHORT
2026-04-20,11:33:52,2026-04-20,11:34:08,NIFTY,SELL,TYPE_D,LIMIT_ENTRY,LIMIT_EXIT,24451.05,24453.1,NIFTY21APR2624500PE,24500.0,PE,157.0,156.0,156.66,156.1,160.0,150.0,0.031888,0.032041,ws,ws,entry_l1_cap,exit_l1_profit_protect,False,False,0.3368,-0.0969,65,-65.0,strategy_S5-10__TYPE_D:NIFTY:2026-04-20T11:33:52:SHORT
2026-04-20,11:34:42,2026-04-20,11:34:52,NIFTY,BUY,TYPE_D,LIMIT_ENTRY,LIMIT_EXIT,24453.0,24450.25,NIFTY21APR2624450CE,24450.0,CE,134.4,132.8,134.29,132.84,135.0,125.0,0.037244,0.037615,ws,ws,entry_l1_cap,exit_l1_profit_protect,False,False,0.1125,-0.0395,65,-104.0,strategy_S5-10__TYPE_D:NIFTY:2026-04-20T11:34:42:LONG
2026-04-20,11:35:11,2026-04-20,11:35:55,NIFTY,SELL,TYPE_D,LIMIT_ENTRY,LIMIT_EXIT,24450.6,24449.2,NIFTY21APR2624500PE,24500.0,PE,158.5,157.15,158.37,157.25,160.0,150.0,0.031576,0.031776,ws,ws,entry_l1_cap,exit_l1_profit_protect,False,False,0.1269,-0.1,65,-87.75,strategy_S5-10__TYPE_D:NIFTY:2026-04-20T11:35:11:SHORT
2026-04-20,11:36:00,2026-04-20,11:36:20,NIFTY,BUY,TYPE_D,LIMIT_ENTRY,LIMIT_EXIT,24453.05,24454.0,NIFTY21APR2624450CE,24450.0,CE,132.45,136.15,132.22,136.39,135.0,130.0,0.037793,0.036684,ws,ws,entry_l1_cap,exit_l1_profit_protect,False,False,0.2308,-0.2351,65,240.5,strategy_S5-10__TYPE_D:NIFTY:2026-04-20T11:36:00:LONG
2026-04-20,11:36:40,2026-04-20,11:38:37,NIFTY,SELL,TYPE_D,LIMIT_ENTRY,LIMIT_EXIT,24450.7,24444.35,NIFTY21APR2624500PE,24500.0,PE,159.3,160.8,159.06,160.82,160.0,155.0,0.031417,0.031075,ws,ws,entry_l1_cap,exit_l1_profit_protect,False,False,0.24,-0.0208,65,97.5,strategy_S5-10__TYPE_D:NIFTY:2026-04-20T11:36:40:SHORT
2026-04-20,11:38:42,2026-04-20,11:40:32,NIFTY,BUY,TYPE_D,LIMIT_ENTRY,LIMIT_EXIT,24446.55,24458.1,NIFTY21APR2624400CE,24400.0,CE,161.25,165.35,161.22,165.37,165.0,160.0,0.031017,0.030202,ws,ws,entry_l1_cap,exit_l1_profit_protect,False,False,0.0333,-0.017,65,266.5,strategy_S5-10__TYPE_D:NIFTY:2026-04-20T11:38:42:LONG
2026-04-20,11:41:01,2026-04-20,11:41:12,NIFTY,BUY,TYPE_D,LIMIT_ENTRY,LIMIT_EXIT,24461.5,24457.05,NIFTY21APR2624450CE,24450.0,CE,138.2,134.75,138.19,134.8,140.0,125.0,0.036206,0.037064,ws,ws,entry_l1_cap,exit_l1_profit_protect,False,False,0.0061,-0.0545,65,-224.25,strategy_S5-10__TYPE_D:NIFTY:2026-04-20T11:41:01:LONG
2026-04-20,11:42:07,2026-04-20,11:43:28,NIFTY,BUY,TYPE_D,LIMIT_ENTRY,LIMIT_EXIT,24457.2,24466.95,NIFTY21APR2624450CE,24450.0,CE,136.9,138.7,136.81,138.91,140.0,130.0,0.03655,0.03601,ws,ws,entry_l1_cap,exit_l1_profit_protect,False,False,0.087,-0.2087,65,117.0,strategy_S5-10__TYPE_D:NIFTY:2026-04-20T11:42:07:LONG
2026-04-20,11:43:55,2026-04-20,11:44:03,NIFTY,BUY,TYPE_D,LIMIT_ENTRY,LIMIT_EXIT,24469.35,24467.7,NIFTY21APR2624450CE,24450.0,CE,140.0,138.8,139.82,138.99,140.0,130.0,0.035746,0.035984,ws,ws,entry_l1_cap,exit_l1_profit_protect,False,False,0.181,-0.1875,65,-78.0,strategy_S5-10__TYPE_D:NIFTY:2026-04-20T11:43:55:LONG
2026-04-20,11:44:10,2026-04-20,11:44:15,NIFTY,BUY,TYPE_D,LIMIT_ENTRY,LIMIT_EXIT,24470.35,24467.65,NIFTY21APR2624450CE,24450.0,CE,140.65,138.55,140.53,138.64,145.0,130.0,0.035594,0.036049,ws,ws,entry_l1_cap,exit_l1_profit_protect,False,False,0.1167,-0.0857,65,-136.5,strategy_S5-10__TYPE_D:NIFTY:2026-04-20T11:44:10:LONG
2026-04-20,11:44:20,2026-04-20,11:45:01,NIFTY,SELL,TYPE_D,LIMIT_ENTRY,LIMIT_EXIT,24464.5,24464.15,NIFTY21APR2624500PE,24500.0,PE,156.8,157.25,156.71,157.3,160.0,150.0,0.031923,0.031771,ws,ws,entry_l1_cap,exit_l1_profit_protect,False,False,0.0875,-0.05,65,29.25,strategy_S5-10__TYPE_D:NIFTY:2026-04-20T11:44:20:SHORT
2026-04-20,11:45:25,2026-04-20,11:47:28,NIFTY,BUY,TYPE_D,LIMIT_ENTRY,LIMIT_EXIT,24466.65,24470.05,NIFTY21APR2624450CE,24450.0,CE,137.75,138.4,137.7,138.66,140.0,130.0,0.036324,0.036088,ws,ws,entry_l1_cap,exit_l1_profit_protect,False,False,0.05,-0.2636,65,42.25,strategy_S5-10__TYPE_D:NIFTY:2026-04-20T11:45:25:LONG
2026-04-20,11:47:53,2026-04-20,11:47:57,NIFTY,SELL,TYPE_D,LIMIT_ENTRY,LIMIT_EXIT,24468.95,24470.9,NIFTY21APR2624500PE,24500.0,PE,153.1,152.6,152.98,152.68,155.0,145.0,0.032696,0.032739,ws,ws,entry_l1_cap,exit_l1_profit_protect,False,False,0.1167,-0.0833,65,-32.5,strategy_S5-10__TYPE_D:NIFTY:2026-04-20T11:47:53:SHORT
2026-04-20,11:48:14,2026-04-20,11:48:23,NIFTY,BUY,TYPE_D,LIMIT_ENTRY,LIMIT_EXIT,24471.9,24470.2,NIFTY21APR2624450CE,24450.0,CE,139.75,137.4,139.66,137.67,140.0,130.0,0.035823,0.03635,ws,ws,entry_l1_cap,exit_l1_profit_protect,False,False,0.0875,-0.2714,65,-152.75,strategy_S5-10__TYPE_D:NIFTY:2026-04-20T11:48:14:LONG
2026-04-20,11:48:32,2026-04-20,11:49:10,NIFTY,SELL,TYPE_D,LIMIT_ENTRY,LIMIT_EXIT,24468.1,24465.95,NIFTY21APR2624500PE,24500.0,PE,153.9,157.1,153.61,157.41,155.0,150.0,0.032531,0.031786,ws,ws,entry_l1_cap,exit_l1_profit_protect,False,False,0.2919,-0.3143,65,208.0,strategy_S5-10__TYPE_D:NIFTY:2026-04-20T11:48:32:SHORT
2026-04-20,11:49:31,2026-04-20,11:50:02,NIFTY,BUY,TYPE_D,LIMIT_ENTRY,LIMIT_EXIT,24466.3,24466.1,NIFTY21APR2624450CE,24450.0,CE,136.4,136.0,136.36,136.28,140.0,130.0,0.036691,0.036724,ws,ws,entry_l1_cap,exit_l1_profit_protect,False,False,0.0417,-0.2769,65,-26.0,strategy_S5-10__TYPE_D:NIFTY:2026-04-20T11:49:31:LONG
2026-04-20,11:50:30,2026-04-20,11:51:10,NIFTY,SELL,TYPE_D,LIMIT_ENTRY,LIMIT_EXIT,24463.65,24465.75,NIFTY21APR2624500PE,24500.0,PE,156.15,155.4,156.12,155.53,160.0,150.0,0.032056,0.03216,ws,ws,entry_l1_cap,exit_l1_profit_protect,False,False,0.0318,-0.1312,65,-48.75,strategy_S5-10__TYPE_D:NIFTY:2026-04-20T11:50:30:SHORT
2026-04-20,11:51:20,2026-04-20,11:52:12,NIFTY,SELL,TYPE_D,LIMIT_ENTRY,LIMIT_EXIT,24463.65,24458.3,NIFTY21APR2624500PE,24500.0,PE,157.2,158.55,157.14,158.63,160.0,150.0,0.031822,0.031511,ws,ws,entry_l1_cap,exit_l1_profit_protect,False,False,0.06,-0.0833,65,87.75,strategy_S5-10__TYPE_D:NIFTY:2026-04-20T11:51:20:SHORT
2026-04-20,11:52:35,2026-04-20,11:53:20,NIFTY,BUY,TYPE_D,LIMIT_ENTRY,LIMIT_EXIT,24460.85,24462.35,NIFTY21APR2624450CE,24450.0,CE,133.3,132.85,133.04,132.86,135.0,125.0,0.037559,0.037629,ws,ws,entry_l1_cap,exit_l1_profit_protect,False,False,0.2574,-0.01,65,-29.25,strategy_S5-10__TYPE_D:NIFTY:2026-04-20T11:52:35:LONG
2026-04-20,11:53:40,2026-04-20,11:53:46,NIFTY,SELL,TYPE_D,LIMIT_ENTRY,LIMIT_EXIT,24460.15,24462.55,NIFTY21APR2624500PE,24500.0,PE,157.9,157.35,157.83,157.5,160.0,150.0,0.031701,0.031751,ws,ws,entry_l1_cap,exit_l1_profit_protect,False,False,0.07,-0.15,65,-35.75,strategy_S5-10__TYPE_D:NIFTY:2026-04-20T11:53:40:SHORT
2026-04-20,11:54:01,2026-04-20,11:55:22,NIFTY,BUY,TYPE_D,LIMIT_ENTRY,LIMIT_EXIT,24463.4,24465.2,NIFTY21APR2624450CE,24450.0,CE,134.4,136.55,134.28,136.66,135.0,130.0,0.03723,0.03657,ws,ws,entry_l1_cap,exit_l1_profit_protect,False,False,0.12,-0.1065,65,139.75,strategy_S5-10__TYPE_D:NIFTY:2026-04-20T11:54:01:LONG
2026-04-20,11:55:43,2026-04-20,11:56:22,NIFTY,SELL,TYPE_D,LIMIT_ENTRY,LIMIT_EXIT,24465.0,24461.75,NIFTY21APR2624500PE,24500.0,PE,156.35,157.65,156.29,157.82,160.0,150.0,0.032005,0.031691,ws,ws,entry_l1_cap,exit_l1_profit_protect,False,False,0.0577,-0.1667,65,84.5,strategy_S5-10__TYPE_D:NIFTY:2026-04-20T11:55:43:SHORT
2026-04-20,11:58:09,2026-04-20,11:58:16,NIFTY,SELL,TYPE_D,LIMIT_ENTRY,LIMIT_EXIT,24461.4,24464.2,NIFTY21APR2624500PE,24500.0,PE,155.8,154.55,155.73,154.68,160.0,145.0,0.032108,0.032331,ws,ws,entry_l1_cap,exit_l1_profit_protect,False,False,0.0667,-0.125,65,-81.25,strategy_S5-10__TYPE_D:NIFTY:2026-04-20T11:58:09:SHORT
2026-04-20,11:58:35,2026-04-20,11:59:17,NIFTY,BUY,TYPE_D,LIMIT_ENTRY,LIMIT_EXIT,24465.3,24465.45,NIFTY21APR2624450CE,24450.0,CE,137.45,136.2,137.4,136.28,140.0,130.0,0.03641,0.036684,ws,ws,entry_l1_cap,exit_l1_profit_protect,False,False,0.0455,-0.08,65,-81.25,strategy_S5-10__TYPE_D:NIFTY:2026-04-20T11:58:35:LONG
2026-04-20,11:59:26,2026-04-20,11:59:57,NIFTY,SELL,TYPE_D,LIMIT_ENTRY,LIMIT_EXIT,24462.3,24464.0,NIFTY21APR2624500PE,24500.0,PE,158.15,155.75,158.1,156.01,160.0,150.0,0.031646,0.032072,ws,ws,entry_l1_cap,exit_l1_profit_protect,False,False,0.0462,-0.2586,65,-156.0,strategy_S5-10__TYPE_D:NIFTY:2026-04-20T11:59:26:SHORT
2026-04-20,12:00:01,2026-04-20,12:01:00,NIFTY,BUY,TYPE_D,LIMIT_ENTRY,LIMIT_EXIT,24465.5,24466.7,NIFTY21APR2624450CE,24450.0,CE,136.65,138.85,136.58,138.89,140.0,130.0,0.036617,0.035978,ws,ws,entry_l1_cap,exit_l1_profit_protect,False,False,0.0667,-0.0441,65,143.0,strategy_S5-10__TYPE_D:NIFTY:2026-04-20T12:00:01:LONG
2026-04-20,12:01:51,2026-04-20,12:02:27,NIFTY,SELL,TYPE_D,LIMIT_ENTRY,LIMIT_EXIT,24465.6,24464.7,NIFTY21APR2624500PE,24500.0,PE,155.4,155.1,155.15,155.22,160.0,150.0,0.032206,0.032222,ws,ws,entry_l1_cap,exit_l1_profit_protect,False,False,0.2455,-0.12,65,-19.5,strategy_S5-10__TYPE_D:NIFTY:2026-04-20T12:01:51:SHORT
2026-04-20,12:03:07,2026-04-20,12:03:21,NIFTY,BUY,TYPE_D,LIMIT_ENTRY,LIMIT_EXIT,24465.85,24464.55,NIFTY21APR2624450CE,24450.0,CE,135.7,135.05,135.64,135.21,140.0,130.0,0.036866,0.036996,ws,ws,entry_l1_cap,exit_l1_profit_protect,False,False,0.06,-0.1643,65,-42.25,strategy_S5-10__TYPE_D:NIFTY:2026-04-20T12:03:07:LONG
2026-04-20,12:03:55,2026-04-20,12:04:29,NIFTY,SELL,TYPE_D,LIMIT_ENTRY,LIMIT_EXIT,24463.0,24461.75,NIFTY21APR2624500PE,24500.0,PE,156.7,155.65,156.66,155.87,160.0,150.0,0.031928,0.032087,ws,ws,entry_l1_cap,exit_l1_profit_protect,False,False,0.0444,-0.2188,65,-68.25,strategy_S5-10__TYPE_D:NIFTY:2026-04-20T12:03:55:SHORT
2026-04-20,12:04:57,2026-04-20,12:05:01,NIFTY,SELL,TYPE_D,LIMIT_ENTRY,LIMIT_EXIT,24459.15,24460.95,NIFTY21APR2624500PE,24500.0,PE,158.15,157.05,157.94,157.31,160.0,150.0,0.031651,0.031802,ws,ws,entry_l1_cap,exit_l1_profit_protect,False,False,0.21,-0.2625,65,-71.5,strategy_S5-10__TYPE_D:NIFTY:2026-04-20T12:04:57:SHORT
2026-04-20,12:05:18,2026-04-20,12:05:31,NIFTY,SELL,TYPE_D,LIMIT_ENTRY,LIMIT_EXIT,24458.25,24460.85,NIFTY21APR2624500PE,24500.0,PE,157.6,156.95,157.43,157.1,160.0,150.0,0.031751,0.031832,ws,ws,entry_l1_cap,exit_l1_profit_protect,False,False,0.175,-0.15,65,-42.25,strategy_S5-10__TYPE_D:NIFTY:2026-04-20T12:05:18:SHORT
2026-04-20,12:05:44,2026-04-20,12:06:58,NIFTY,SELL,TYPE_D,LIMIT_ENTRY,LIMIT_EXIT,24456.55,24451.3,NIFTY21APR2624500PE,24500.0,PE,159.0,159.4,158.71,159.61,160.0,150.0,0.031476,0.031328,ws,ws,entry_l1_cap,exit_l1_profit_protect,False,False,0.2928,-0.2061,65,26.0,strategy_S5-10__TYPE_D:NIFTY:2026-04-20T12:05:44:SHORT
2026-04-20,12:07:02,2026-04-20,12:08:00,NIFTY,BUY,TYPE_D,LIMIT_ENTRY,LIMIT_EXIT,24452.7,24454.1,NIFTY21APR2624450CE,24450.0,CE,129.7,128.7,129.59,128.77,130.0,120.0,0.038573,0.038812,ws,ws,entry_l1_cap,exit_l1_profit_protect,False,False,0.1125,-0.0673,65,-65.0,strategy_S5-10__TYPE_D:NIFTY:2026-04-20T12:07:02:LONG
2026-04-20,12:08:23,2026-04-20,12:09:10,NIFTY,BUY,TYPE_D,LIMIT_ENTRY,LIMIT_EXIT,24456.5,24458.95,NIFTY21APR2624450CE,24450.0,CE,130.1,128.8,129.96,128.83,135.0,120.0,0.038469,0.03879,ws,ws,entry_l1_cap,exit_l1_profit_protect,False,False,0.1371,-0.0316,65,-84.5,strategy_S5-10__TYPE_D:NIFTY:2026-04-20T12:08:23:LONG
2026-04-20,12:09:41,2026-04-20,12:09:45,NIFTY,SELL,TYPE_D,LIMIT_ENTRY,LIMIT_EXIT,24453.15,24455.3,NIFTY21APR2624500PE,24500.0,PE,162.35,161.2,162.27,161.3,165.0,155.0,0.030821,0.030993,ws,ws,entry_l1_cap,exit_l1_profit_protect,False,False,0.0833,-0.1,65,-74.75,strategy_S5-10__TYPE_D:NIFTY:2026-04-20T12:09:41:SHORT
2026-04-20,12:09:54,2026-04-20,12:11:02,NIFTY,SELL,TYPE_D,LIMIT_ENTRY,LIMIT_EXIT,24448.75,24441.4,NIFTY21APR2624450PE,24450.0,PE,136.8,139.5,136.7,139.62,140.0,130.0,0.036576,0.03581,ws,ws,entry_l1_cap,exit_l1_profit_protect,False,False,0.1,-0.125,65,175.5,strategy_S5-10__TYPE_D:NIFTY:2026-04-20T12:09:54:SHORT
2026-04-20,12:11:27,2026-04-20,12:12:03,NIFTY,BUY,TYPE_D,LIMIT_ENTRY,LIMIT_EXIT,24443.0,24443.05,NIFTY21APR2624400CE,24400.0,CE,154.45,154.35,154.43,154.41,155.0,145.0,0.032394,0.032368,ws,ws,entry_l1_cap,exit_l1_profit_protect,False,False,0.025,-0.0625,65,-6.5,strategy_S5-10__TYPE_D:NIFTY:2026-04-20T12:11:27:LONG
2026-04-20,12:12:10,2026-04-20,12:12:35,NIFTY,BUY,TYPE_D,LIMIT_ENTRY,LIMIT_EXIT,24445.0,24443.95,NIFTY21APR2624400CE,24400.0,CE,154.6,154.7,154.5,154.87,155.0,145.0,0.032352,0.032279,ws,ws,entry_l1_cap,exit_l1_profit_protect,False,False,0.0989,-0.1724,65,6.5,strategy_S5-10__TYPE_D:NIFTY:2026-04-20T12:12:10:LONG
2026-04-20,12:12:47,2026-04-20,12:14:23,NIFTY,SELL,TYPE_D,LIMIT_ENTRY,LIMIT_EXIT,24441.9,24424.9,NIFTY21APR2624450PE,24450.0,PE,138.25,146.3,138.01,146.53,140.0,140.0,0.036199,0.034141,ws,ws,entry_l1_cap,exit_l1_profit_protect,False,False,0.2424,-0.2333,65,523.25,strategy_S5-10__TYPE_D:NIFTY:2026-04-20T12:12:47:SHORT
2026-04-20,12:14:49,2026-04-20,12:15:26,NIFTY,BUY,TYPE_D,LIMIT_ENTRY,LIMIT_EXIT,24429.9,24432.9,NIFTY21APR2624400CE,24400.0,CE,148.9,147.7,148.86,147.75,150.0,140.0,0.033585,0.033835,ws,ws,entry_l1_cap,exit_l1_profit_protect,False,False,0.0417,-0.05,65,-78.0,strategy_S5-10__TYPE_D:NIFTY:2026-04-20T12:14:49:LONG
2026-04-20,12:15:37,2026-04-20,12:16:32,NIFTY,BUY,TYPE_D,LIMIT_ENTRY,LIMIT_EXIT,24435.3,24434.7,NIFTY21APR2624400CE,24400.0,CE,149.25,148.3,149.17,148.4,150.0,140.0,0.033529,0.033693,ws,ws,entry_l1_cap,exit_l1_profit_protect,False,False,0.0789,-0.1,65,-61.75,strategy_S5-10__TYPE_D:NIFTY:2026-04-20T12:15:37:LONG
2026-04-20,12:16:40,2026-04-20,12:17:02,NIFTY,SELL,TYPE_D,LIMIT_ENTRY,LIMIT_EXIT,24433.0,24431.5,NIFTY21APR2624450PE,24450.0,PE,146.25,144.4,146.23,144.53,150.0,135.0,0.034217,0.034596,ws,ws,entry_l1_cap,exit_l1_profit_protect,False,False,0.0221,-0.125,65,-120.25,strategy_S5-10__TYPE_D:NIFTY:2026-04-20T12:16:40:SHORT
2026-04-20,12:17:38,2026-04-20,12:17:50,NIFTY,SELL,TYPE_D,LIMIT_ENTRY,LIMIT_EXIT,24427.75,24430.3,NIFTY21APR2624450PE,24450.0,PE,148.45,145.2,148.33,145.26,150.0,140.0,0.033721,0.034394,ws,ws,entry_l1_cap,exit_l1_profit_protect,False,False,0.1167,-0.0553,65,-211.25,strategy_S5-10__TYPE_D:NIFTY:2026-04-20T12:17:38:SHORT
2026-04-20,12:18:16,2026-04-20,12:18:42,NIFTY,SELL,TYPE_D,LIMIT_ENTRY,LIMIT_EXIT,24427.9,24430.55,NIFTY21APR2624450PE,24450.0,PE,147.7,145.95,147.65,146.01,150.0,140.0,0.03387,0.034241,ws,ws,entry_l1_cap,exit_l1_profit_protect,False,False,0.05,-0.06,65,-113.75,strategy_S5-10__TYPE_D:NIFTY:2026-04-20T12:18:16:SHORT
2026-04-20,12:19:22,2026-04-20,12:19:56,NIFTY,SELL,TYPE_D,LIMIT_ENTRY,LIMIT_EXIT,24427.9,24430.7,NIFTY21APR2624450PE,24450.0,PE,147.0,146.0,146.98,146.15,150.0,140.0,0.034048,0.034223,ws,ws,entry_l1_cap,exit_l1_profit_protect,False,False,0.0176,-0.1467,65,-65.0,strategy_S5-10__TYPE_D:NIFTY:2026-04-20T12:19:22:SHORT
2026-04-20,12:20:21,2026-04-20,12:21:54,NIFTY,BUY,TYPE_D,LIMIT_ENTRY,LIMIT_EXIT,24433.45,24438.3,NIFTY21APR2624400CE,24400.0,CE,147.0,149.5,146.87,149.79,150.0,140.0,0.034048,0.033411,ws,ws,entry_l1_cap,exit_l1_profit_protect,False,False,0.1333,-0.287,65,162.5,strategy_S5-10__TYPE_D:NIFTY:2026-04-20T12:20:21:LONG
2026-04-20,12:22:33,2026-04-20,12:22:53,NIFTY,BUY,TYPE_D,LIMIT_ENTRY,LIMIT_EXIT,24441.5,24442.05,NIFTY21APR2624400CE,24400.0,CE,152.85,153.4,152.6,153.69,155.0,145.0,0.03276,0.032557,ws,ws,entry_l1_cap,exit_l1_profit_protect,False,False,0.2468,-0.2917,65,35.75,strategy_S5-10__TYPE_D:NIFTY:2026-04-20T12:22:33:LONG
2026-04-20,12:23:01,2026-04-20,12:23:15,NIFTY,BUY,TYPE_D,LIMIT_ENTRY,LIMIT_EXIT,24443.95,24442.2,NIFTY21APR2624400CE,24400.0,CE,154.15,152.55,153.88,152.72,155.0,145.0,0.032478,0.032749,ws,ws,entry_l1_cap,exit_l1_profit_protect,False,False,0.2714,-0.1667,65,-104.0,strategy_S5-10__TYPE_D:NIFTY:2026-04-20T12:23:01:LONG
2026-04-20,12:23:23,2026-04-20,12:23:42,NIFTY,SELL,TYPE_D,LIMIT_ENTRY,LIMIT_EXIT,24439.75,24443.15,NIFTY21APR2624450PE,24450.0,PE,141.75,139.1,141.71,139.24,145.0,130.0,0.03528,0.035913,ws,ws,entry_l1_cap,exit_l1_profit_protect,False,False,0.0389,-0.1389,65,-172.25,strategy_S5-10__TYPE_D:NIFTY:2026-04-20T12:23:23:SHORT
2026-04-20,12:24:12,2026-04-20,12:24:16,NIFTY,BUY,TYPE_D,LIMIT_ENTRY,LIMIT_EXIT,24443.5,24441.8,NIFTY21APR2624400CE,24400.0,CE,154.4,153.3,154.19,153.46,155.0,145.0,0.032415,0.032579,ws,ws,entry_l1_cap,exit_l1_profit_protect,False,False,0.2114,-0.1615,65,-71.5,strategy_S5-10__TYPE_D:NIFTY:2026-04-20T12:24:12:LONG
2026-04-20,12:24:34,2026-04-20,12:25:41,NIFTY,BUY,TYPE_D,LIMIT_ENTRY,LIMIT_EXIT,24442.5,24444.1,NIFTY21APR2624400CE,24400.0,CE,152.6,154.65,152.36,154.77,155.0,145.0,0.032798,0.0323,ws,ws,entry_l1_cap,exit_l1_profit_protect,False,False,0.24,-0.1186,65,133.25,strategy_S5-10__TYPE_D:NIFTY:2026-04-20T12:24:34:LONG
2026-04-20,12:25:58,2026-04-20,12:26:15,NIFTY,BUY,TYPE_D,LIMIT_ENTRY,LIMIT_EXIT,24448.45,24447.65,NIFTY21APR2624400CE,24400.0,CE,156.9,155.25,156.84,155.32,160.0,150.0,0.031908,0.03217,ws,ws,entry_l1_cap,exit_l1_profit_protect,False,False,0.0571,-0.0721,65,-107.25,strategy_S5-10__TYPE_D:NIFTY:2026-04-20T12:25:58:LONG
2026-04-20,12:26:22,2026-04-20,12:26:27,NIFTY,SELL,TYPE_D,LIMIT_ENTRY,LIMIT_EXIT,24444.65,24451.75,NIFTY21APR2624450PE,24450.0,PE,140.35,133.25,140.14,133.4,145.0,125.0,0.035657,0.037488,ws,ws,entry_l1_cap,exit_l1_profit_protect,False,False,0.2109,-0.1538,65,-461.5,strategy_S5-10__TYPE_D:NIFTY:2026-04-20T12:26:22:SHORT
2026-04-20,12:26:31,2026-04-20,12:27:32,NIFTY,BUY,TYPE_D,LIMIT_ENTRY,LIMIT_EXIT,24454.35,24460.25,NIFTY21APR2624450CE,24450.0,CE,132.95,136.0,132.79,136.24,135.0,130.0,0.037651,0.036717,ws,ws,entry_l1_cap,exit_l1_profit_protect,False,False,0.1636,-0.2378,65,198.25,strategy_S5-10__TYPE_D:NIFTY:2026-04-20T12:26:31:LONG
2026-04-20,12:27:57,2026-04-20,12:28:03,NIFTY,BUY,TYPE_D,LIMIT_ENTRY,LIMIT_EXIT,24462.05,24460.45,NIFTY21APR2624450CE,24450.0,CE,138.8,137.1,138.66,137.14,140.0,130.0,0.036043,0.036423,ws,ws,entry_l1_cap,exit_l1_profit_protect,False,False,0.1378,-0.0378,65,-110.5,strategy_S5-10__TYPE_D:NIFTY:2026-04-20T12:27:57:LONG
2026-04-20,12:28:23,2026-04-20,12:28:29,NIFTY,SELL,TYPE_D,LIMIT_ENTRY,LIMIT_EXIT,24459.9,24462.35,NIFTY21APR2624500PE,24500.0,PE,154.0,152.2,153.73,152.33,155.0,145.0,0.03251,0.03283,ws,ws,entry_l1_cap,exit_l1_profit_protect,False,False,0.2706,-0.1333,65,-117.0,strategy_S5-10__TYPE_D:NIFTY:2026-04-20T12:28:23:SHORT
2026-04-20,12:28:49,2026-04-20,12:29:20,NIFTY,SELL,TYPE_D,LIMIT_ENTRY,LIMIT_EXIT,24458.8,24459.5,NIFTY21APR2624500PE,24500.0,PE,156.45,154.5,156.38,154.55,160.0,145.0,0.03199,0.032347,ws,ws,entry_l1_cap,exit_l1_profit_protect,False,False,0.075,-0.05,65,-126.75,strategy_S5-10__TYPE_D:NIFTY:2026-04-20T12:28:49:SHORT
2026-04-20,12:29:30,2026-04-20,12:29:54,NIFTY,BUY,TYPE_D,LIMIT_ENTRY,LIMIT_EXIT,24460.3,24461.2,NIFTY21APR2624450CE,24450.0,CE,137.0,138.6,136.95,138.84,140.0,130.0,0.036516,0.036043,ws,ws,entry_l1_cap,exit_l1_profit_protect,False,False,0.05,-0.2356,65,104.0,strategy_S5-10__TYPE_D:NIFTY:2026-04-20T12:29:30:LONG
2026-04-20,12:30:01,2026-04-20,12:30:26,NIFTY,BUY,TYPE_D,LIMIT_ENTRY,LIMIT_EXIT,24465.4,24464.05,NIFTY21APR2624450CE,24450.0,CE,141.05,136.45,141.0,136.53,145.0,130.0,0.035467,0.036603,ws,ws,entry_l1_cap,exit_l1_profit_protect,False,False,0.0545,-0.075,65,-299.0,strategy_S5-10__TYPE_D:NIFTY:2026-04-20T12:30:01:LONG
2026-04-20,12:30:33,2026-04-20,12:30:55,NIFTY,SELL,TYPE_D,LIMIT_ENTRY,LIMIT_EXIT,24463.15,24463.45,NIFTY21APR2624500PE,24500.0,PE,153.5,151.65,153.47,151.89,155.0,145.0,0.0326,0.032938,ws,ws,entry_l1_cap,exit_l1_profit_protect,False,False,0.0294,-0.24,65,-120.25,strategy_S5-10__TYPE_D:NIFTY:2026-04-20T12:30:33:SHORT
2026-04-20,12:31:00,2026-04-20,12:31:42,NIFTY,SELL,TYPE_D,LIMIT_ENTRY,LIMIT_EXIT,24460.9,24458.35,NIFTY21APR2624500PE,24500.0,PE,152.05,155.35,151.84,155.41,155.0,150.0,0.032916,0.032154,ws,ws,entry_l1_cap,exit_l1_profit_protect,False,False,0.2143,-0.06,65,214.5,strategy_S5-10__TYPE_D:NIFTY:2026-04-20T12:31:00:SHORT
2026-04-20,12:32:50,2026-04-20,12:32:59,NIFTY,SELL,TYPE_D,LIMIT_ENTRY,LIMIT_EXIT,24457.55,24459.75,NIFTY21APR2624500PE,24500.0,PE,153.75,149.8,153.62,149.85,155.0,140.0,0.032547,0.03335,ws,ws,entry_l1_cap,exit_l1_profit_protect,False,False,0.1341,-0.0526,65,-256.75,strategy_S5-10__TYPE_D:NIFTY:2026-04-20T12:32:50:SHORT
2026-04-20,12:33:10,2026-04-20,12:34:41,NIFTY,BUY,TYPE_D,LIMIT_ENTRY,LIMIT_EXIT,24461.2,24466.35,NIFTY21APR2624450CE,24450.0,CE,138.8,140.2,138.61,140.24,140.0,135.0,0.036062,0.035625,ws,ws,entry_l1_cap,exit_l1_profit_protect,False,False,0.1909,-0.0375,65,91.0,strategy_S5-10__TYPE_D:NIFTY:2026-04-20T12:33:10:LONG
2026-04-20,12:34:52,2026-04-20,12:35:06,NIFTY,SELL,TYPE_D,LIMIT_ENTRY,LIMIT_EXIT,24464.75,24467.4,NIFTY21APR2624500PE,24500.0,PE,148.9,148.05,148.63,148.15,150.0,140.0,0.033619,0.03375,ws,ws,entry_l1_cap,exit_l1_profit_protect,False,False,0.271,-0.1,65,-55.25,strategy_S5-10__TYPE_D:NIFTY:2026-04-20T12:34:52:SHORT
2026-04-20,12:35:12,2026-04-20,12:35:16,NIFTY,BUY,TYPE_D,LIMIT_ENTRY,LIMIT_EXIT,24468.15,24465.95,NIFTY21APR2624450CE,24450.0,CE,139.65,139.85,139.5,139.96,140.0,130.0,0.035836,0.035721,ws,ws,entry_l1_cap,exit_l1_profit_protect,False,False,0.15,-0.1136,65,13.0,strategy_S5-10__TYPE_D:NIFTY:2026-04-20T12:35:12:LONG
2026-04-20,12:35:22,2026-04-20,12:35:37,NIFTY,BUY,TYPE_D,LIMIT_ENTRY,LIMIT_EXIT,24468.45,24466.45,NIFTY21APR2624450CE,24450.0,CE,139.1,139.35,138.95,139.36,140.0,130.0,0.035984,0.035842,ws,ws,entry_l1_cap,exit_l1_profit_protect,False,False,0.15,-0.0107,65,16.25,strategy_S5-10__TYPE_D:NIFTY:2026-04-20T12:35:22:LONG
2026-04-20,12:35:46,2026-04-20,12:36:46,NIFTY,SELL,TYPE_D,LIMIT_ENTRY,LIMIT_EXIT,24465.85,24458.15,NIFTY21APR2624500PE,24500.0,PE,147.95,152.0,147.74,152.15,150.0,145.0,0.033847,0.032873,ws,ws,entry_l1_cap,exit_l1_profit_protect,False,False,0.2139,-0.15,65,263.25,strategy_S5-10__TYPE_D:NIFTY:2026-04-20T12:35:46:SHORT
2026-04-20,12:37:59,2026-04-20,12:38:31,NIFTY,SELL,TYPE_D,LIMIT_ENTRY,LIMIT_EXIT,24456.25,24459.3,NIFTY21APR2624500PE,24500.0,PE,152.55,149.9,152.54,150.0,155.0,140.0,0.032803,0.033322,ws,ws,entry_l1_cap,exit_l1_profit_protect,False,False,0.0086,-0.0955,65,-172.25,strategy_S5-10__TYPE_D:NIFTY:2026-04-20T12:37:59:SHORT
2026-04-20,12:38:47,2026-04-20,12:39:30,NIFTY,BUY,TYPE_D,LIMIT_ENTRY,LIMIT_EXIT,24462.55,24467.0,NIFTY21APR2624450CE,24450.0,CE,138.75,139.55,138.58,139.74,140.0,130.0,0.036062,0.035785,ws,ws,entry_l1_cap,exit_l1_profit_protect,False,False,0.1714,-0.1944,65,52.0,strategy_S5-10__TYPE_D:NIFTY:2026-04-20T12:38:47:LONG
2026-04-20,12:39:45,2026-04-20,12:39:54,NIFTY,BUY,TYPE_D,LIMIT_ENTRY,LIMIT_EXIT,24468.7,24466.8,NIFTY21APR2624450CE,24450.0,CE,139.6,139.55,139.56,139.65,140.0,130.0,0.035842,0.035785,ws,ws,entry_l1_cap,exit_l1_profit_protect,False,False,0.0353,-0.1,65,-3.25,strategy_S5-10__TYPE_D:NIFTY:2026-04-20T12:39:45:LONG
2026-04-20,12:40:38,2026-04-20,12:41:01,NIFTY,SELL,TYPE_D,LIMIT_ENTRY,LIMIT_EXIT,24466.15,24462.45,NIFTY21APR2624500PE,24500.0,PE,149.35,149.65,149.08,149.88,150.0,140.0,0.033518,0.033383,ws,ws,entry_l1_cap,exit_l1_profit_protect,False,False,0.2692,-0.2273,65,19.5,strategy_S5-10__TYPE_D:NIFTY:2026-04-20T12:40:38:SHORT
2026-04-20,12:41:59,2026-04-20,12:42:51,NIFTY,BUY,TYPE_D,LIMIT_ENTRY,LIMIT_EXIT,24464.35,24466.35,NIFTY21APR2624450CE,24450.0,CE,135.6,137.6,135.45,137.8,140.0,130.0,0.036921,0.036291,ws,ws,entry_l1_cap,exit_l1_profit_protect,False,False,0.1481,-0.2,65,130.0,strategy_S5-10__TYPE_D:NIFTY:2026-04-20T12:41:59:LONG
2026-04-20,12:43:32,2026-04-20,12:45:01,NIFTY,SELL,TYPE_D,LIMIT_ENTRY,LIMIT_EXIT,24464.0,24463.8,NIFTY21APR2624500PE,24500.0,PE,149.75,149.9,149.58,150.06,150.0,140.0,0.033417,0.033333,ws,ws,entry_l1_cap,exit_l1_profit_protect,False,False,0.1667,-0.16,65,9.75,strategy_S5-10__TYPE_D:NIFTY:2026-04-20T12:43:32:SHORT
2026-04-20,12:45:25,2026-04-20,12:46:03,NIFTY,BUY,TYPE_D,LIMIT_ENTRY,LIMIT_EXIT,24462.35,24462.5,NIFTY21APR2624450CE,24450.0,CE,134.8,133.5,134.6,133.58,135.0,125.0,0.037126,0.037425,ws,ws,entry_l1_cap,exit_l1_profit_protect,False,False,0.2,-0.08,65,-84.5,strategy_S5-10__TYPE_D:NIFTY:2026-04-20T12:45:25:LONG
2026-04-20,12:46:23,2026-04-20,12:46:27,NIFTY,SELL,TYPE_D,LIMIT_ENTRY,LIMIT_EXIT,24463.15,24464.7,NIFTY21APR2624500PE,24500.0,PE,152.4,152.3,152.34,152.36,155.0,145.0,0.032835,0.032819,ws,ws,entry_l1_cap,exit_l1_profit_protect,False,False,0.0556,-0.0571,65,-6.5,strategy_S5-10__TYPE_D:NIFTY:2026-04-20T12:46:23:SHORT
2026-04-20,12:46:45,2026-04-20,12:47:24,NIFTY,BUY,TYPE_D,LIMIT_ENTRY,LIMIT_EXIT,24466.85,24465.55,NIFTY21APR2624450CE,24450.0,CE,135.65,137.35,135.38,137.44,140.0,130.0,0.0369,0.036383,ws,ws,entry_l1_cap,exit_l1_profit_protect,False,False,0.271,-0.0938,65,110.5,strategy_S5-10__TYPE_D:NIFTY:2026-04-20T12:46:45:LONG
2026-04-20,12:47:39,2026-04-20,12:48:03,NIFTY,BUY,TYPE_D,LIMIT_ENTRY,LIMIT_EXIT,24471.6,24470.85,NIFTY21APR2624450CE,24450.0,CE,139.95,140.9,139.89,141.04,140.0,135.0,0.035765,0.035461,ws,ws,entry_l1_cap,exit_l1_profit_protect,False,False,0.0562,-0.1429,65,61.75,strategy_S5-10__TYPE_D:NIFTY:2026-04-20T12:47:39:LONG
2026-04-20,12:48:30,2026-04-20,12:49:06,NIFTY,BUY,TYPE_D,LIMIT_ENTRY,LIMIT_EXIT,24473.25,24471.9,NIFTY21APR2624450CE,24450.0,CE,141.5,141.5,141.41,141.51,145.0,135.0,0.035373,0.035317,ws,ws,entry_l1_cap,exit_l1_profit_protect,False,False,0.0938,-0.0062,65,0.0,strategy_S5-10__TYPE_D:NIFTY:2026-04-20T12:48:30:LONG
2026-04-20,12:49:32,2026-04-20,12:49:59,NIFTY,SELL,TYPE_D,LIMIT_ENTRY,LIMIT_EXIT,24471.0,24472.85,NIFTY21APR2624500PE,24500.0,PE,148.7,146.65,148.58,146.7,150.0,140.0,0.033664,0.034072,ws,ws,entry_l1_cap,exit_l1_profit_protect,False,False,0.1207,-0.05,65,-133.25,strategy_S5-10__TYPE_D:NIFTY:2026-04-20T12:49:32:SHORT
2026-04-20,12:50:12,2026-04-20,12:50:20,NIFTY,BUY,TYPE_D,LIMIT_ENTRY,LIMIT_EXIT,24473.8,24472.0,NIFTY21APR2624450CE,24450.0,CE,140.0,140.4,139.94,140.67,140.0,135.0,0.035733,0.035575,ws,ws,entry_l1_cap,exit_l1_profit_protect,False,False,0.0563,-0.2719,65,26.0,strategy_S5-10__TYPE_D:NIFTY:2026-04-20T12:50:12:LONG
2026-04-20,12:50:46,2026-04-20,12:50:53,NIFTY,BUY,TYPE_D,LIMIT_ENTRY,LIMIT_EXIT,24475.0,24472.6,NIFTY21APR2624450CE,24450.0,CE,143.9,144.15,143.82,144.19,145.0,135.0,0.034764,0.034644,ws,ws,entry_l1_cap,exit_l1_profit_protect,False,False,0.075,-0.0368,65,16.25,strategy_S5-10__TYPE_D:NIFTY:2026-04-20T12:50:46:LONG
2026-04-20,12:51:10,2026-04-20,12:51:37,NIFTY,SELL,TYPE_D,LIMIT_ENTRY,LIMIT_EXIT,24471.9,24473.4,NIFTY21APR2624500PE,24500.0,PE,146.3,144.3,145.98,144.52,150.0,135.0,0.034217,0.03462,ws,ws,entry_l1_cap,exit_l1_profit_protect,False,False,0.315,-0.2237,65,-130.0,strategy_S5-10__TYPE_D:NIFTY:2026-04-20T12:51:10:SHORT
2026-04-20,12:51:53,2026-04-20,12:52:21,NIFTY,BUY,TYPE_D,LIMIT_ENTRY,LIMIT_EXIT,24474.65,24477.3,NIFTY21APR2624450CE,24450.0,CE,149.1,147.75,149.03,147.97,150.0,140.0,0.033574,0.033807,ws,ws,entry_l1_cap,exit_l1_profit_protect,False,False,0.0737,-0.22,65,-87.75,strategy_S5-10__TYPE_D:NIFTY:2026-04-20T12:51:53:LONG
2026-04-20,12:52:38,2026-04-20,12:53:23,NIFTY,BUY,TYPE_D,LIMIT_ENTRY,LIMIT_EXIT,24479.65,24476.6,NIFTY21APR2624450CE,24450.0,CE,147.6,144.55,147.37,144.82,150.0,135.0,0.033916,0.034548,ws,ws,entry_l1_cap,exit_l1_profit_protect,False,False,0.2333,-0.2745,65,-198.25,strategy_S5-10__TYPE_D:NIFTY:2026-04-20T12:52:38:LONG
2026-04-20,12:53:30,2026-04-20,12:53:51,NIFTY,SELL,TYPE_D,LIMIT_ENTRY,LIMIT_EXIT,24475.95,24476.75,NIFTY21APR2624500PE,24500.0,PE,145.8,143.9,145.78,144.03,150.0,135.0,0.034317,0.034716,ws,ws,entry_l1_cap,exit_l1_profit_protect,False,False,0.0178,-0.1288,65,-123.5,strategy_S5-10__TYPE_D:NIFTY:2026-04-20T12:53:30:SHORT
2026-04-20,12:54:08,2026-04-20,12:54:52,NIFTY,BUY,TYPE_D,LIMIT_ENTRY,LIMIT_EXIT,24477.8,24477.65,NIFTY21APR2624450CE,24450.0,CE,145.4,143.45,145.27,143.5,150.0,135.0,0.034435,0.034825,ws,ws,entry_l1_cap,exit_l1_profit_protect,False,False,0.1333,-0.05,65,-126.75,strategy_S5-10__TYPE_D:NIFTY:2026-04-20T12:54:08:LONG
2026-04-20,12:55:42,2026-04-20,12:56:09,NIFTY,BUY,TYPE_D,LIMIT_ENTRY,LIMIT_EXIT,24475.95,24476.05,NIFTY21APR2624450CE,24450.0,CE,142.25,141.7,142.2,141.79,145.0,135.0,0.035174,0.035261,ws,ws,entry_l1_cap,exit_l1_profit_protect,False,False,0.05,-0.0889,65,-35.75,strategy_S5-10__TYPE_D:NIFTY:2026-04-20T12:55:42:LONG
2026-04-20,12:56:32,2026-04-20,12:56:52,NIFTY,SELL,TYPE_D,LIMIT_ENTRY,LIMIT_EXIT,24472.45,24474.6,NIFTY21APR2624500PE,24500.0,PE,148.3,148.35,148.12,148.58,150.0,140.0,0.033738,0.03367,ws,ws,entry_l1_cap,exit_l1_profit_protect,False,False,0.1833,-0.2333,65,3.25,strategy_S5-10__TYPE_D:NIFTY:2026-04-20T12:56:32:SHORT
2026-04-20,12:57:17,2026-04-20,12:57:30,NIFTY,BUY,TYPE_D,LIMIT_ENTRY,LIMIT_EXIT,24476.05,24471.15,NIFTY21APR2624450CE,24450.0,CE,139.75,138.3,139.72,138.49,140.0,130.0,0.03581,0.036127,ws,ws,entry_l1_cap,exit_l1_profit_protect,False,False,0.0294,-0.1913,65,-94.25,strategy_S5-10__TYPE_D:NIFTY:2026-04-20T12:57:17:LONG
2026-04-20,12:57:40,2026-04-20,12:58:17,NIFTY,SELL,TYPE_D,LIMIT_ENTRY,LIMIT_EXIT,24468.65,24470.05,NIFTY21APR2624500PE,24500.0,PE,150.8,151.25,150.68,151.34,155.0,145.0,0.033184,0.03302,ws,ws,entry_l1_cap,exit_l1_profit_protect,False,False,0.125,-0.0926,65,29.25,strategy_S5-10__TYPE_D:NIFTY:2026-04-20T12:57:40:SHORT
2026-04-20,12:58:20,2026-04-20,12:58:57,NIFTY,SELL,TYPE_D,LIMIT_ENTRY,LIMIT_EXIT,24467.4,24465.45,NIFTY21APR2624500PE,24500.0,PE,151.6,152.6,151.53,152.7,155.0,145.0,0.03302,0.032733,ws,ws,entry_l1_cap,exit_l1_profit_protect,False,False,0.0667,-0.0955,65,65.0,strategy_S5-10__TYPE_D:NIFTY:2026-04-20T12:58:20:SHORT
2026-04-20,12:59:34,2026-04-20,12:59:40,NIFTY,SELL,TYPE_D,LIMIT_ENTRY,LIMIT_EXIT,24462.7,24464.0,NIFTY21APR2624500PE,24500.0,PE,153.2,152.8,153.01,152.87,155.0,145.0,0.032669,0.032701,ws,ws,entry_l1_cap,exit_l1_profit_protect,False,False,0.1941,-0.0687,65,-26.0,strategy_S5-10__TYPE_D:NIFTY:2026-04-20T12:59:34:SHORT
2026-04-20,12:59:53,2026-04-20,13:00:12,NIFTY,SELL,TYPE_D,LIMIT_ENTRY,LIMIT_EXIT,24461.55,24462.5,NIFTY21APR2624500PE,24500.0,PE,152.9,154.0,152.79,154.03,155.0,145.0,0.032717,0.032446,ws,ws,entry_l1_cap,exit_l1_profit_protect,False,False,0.1071,-0.0333,65,71.5,strategy_S5-10__TYPE_D:NIFTY:2026-04-20T12:59:53:SHORT
2026-04-20,13:00:32,2026-04-20,13:01:01,NIFTY,SELL,TYPE_D,LIMIT_ENTRY,LIMIT_EXIT,24460.4,24437.9,NIFTY21APR2624500PE,24500.0,PE,157.4,168.4,157.26,168.45,160.0,160.0,0.031791,0.029678,ws,ws,entry_l1_cap,exit_l1_profit_protect,False,False,0.1389,-0.05,65,715.0,strategy_S5-10__TYPE_D:NIFTY:2026-04-20T13:00:32:SHORT
2026-04-20,13:01:32,2026-04-20,13:02:11,NIFTY,SELL,TYPE_D,LIMIT_ENTRY,LIMIT_EXIT,24434.05,24435.7,NIFTY21APR2624450PE,24450.0,PE,143.6,143.1,143.43,143.14,145.0,135.0,0.034861,0.034904,ws,ws,entry_l1_cap,exit_l1_profit_protect,False,False,0.175,-0.04,65,-32.5,strategy_S5-10__TYPE_D:NIFTY:2026-04-20T13:01:32:SHORT
2026-04-20,13:02:20,2026-04-20,13:02:40,NIFTY,BUY,TYPE_D,LIMIT_ENTRY,LIMIT_EXIT,24439.15,24437.9,NIFTY21APR2624400CE,24400.0,CE,150.2,147.35,149.97,147.47,155.0,140.0,0.033322,0.033893,ws,ws,entry_l1_cap,exit_l1_profit_protect,False,False,0.2286,-0.1167,65,-185.25,strategy_S5-10__TYPE_D:NIFTY:2026-04-20T13:02:20:LONG
2026-04-20,13:03:01,2026-04-20,13:03:33,NIFTY,BUY,TYPE_D,LIMIT_ENTRY,LIMIT_EXIT,24439.55,24439.95,NIFTY21APR2624400CE,24400.0,CE,149.85,148.3,149.84,148.52,150.0,140.0,0.033383,0.033681,ws,ws,entry_l1_cap,exit_l1_profit_protect,False,False,0.015,-0.2167,65,-100.75,strategy_S5-10__TYPE_D:NIFTY:2026-04-20T13:03:01:LONG
2026-04-20,13:04:40,2026-04-20,13:04:46,NIFTY,SELL,TYPE_D,LIMIT_ENTRY,LIMIT_EXIT,24438.95,24440.9,NIFTY21APR2624450PE,24450.0,PE,143.25,141.3,143.06,141.32,145.0,135.0,0.034934,0.035348,ws,ws,entry_l1_cap,exit_l1_profit_protect,False,False,0.1875,-0.0182,65,-126.75,strategy_S5-10__TYPE_D:NIFTY:2026-04-20T13:04:40:SHORT
2026-04-20,13:05:11,2026-04-20,13:05:31,NIFTY,SELL,TYPE_D,LIMIT_ENTRY,LIMIT_EXIT,24438.35,24440.2,NIFTY21APR2624450PE,24450.0,PE,142.2,140.4,142.13,140.44,145.0,135.0,0.035199,0.035581,ws,ws,entry_l1_cap,exit_l1_profit_protect,False,False,0.0724,-0.0417,65,-117.0,strategy_S5-10__TYPE_D:NIFTY:2026-04-20T13:05:11:SHORT
2026-04-20,13:05:45,2026-04-20,13:06:00,NIFTY,BUY,TYPE_D,LIMIT_ENTRY,LIMIT_EXIT,24445.0,24443.5,NIFTY21APR2624400CE,24400.0,CE,151.25,150.65,151.0,150.69,155.0,145.0,0.033091,0.033151,ws,ws,entry_l1_cap,exit_l1_profit_protect,False,False,0.25,-0.0412,65,-39.0,strategy_S5-10__TYPE_D:NIFTY:2026-04-20T13:05:45:LONG
2026-04-20,13:06:36,2026-04-20,13:07:23,NIFTY,SELL,TYPE_D,LIMIT_ENTRY,LIMIT_EXIT,24428.6,24430.95,NIFTY21APR2624450PE,24450.0,PE,151.55,147.25,151.28,147.41,155.0,140.0,0.033036,0.033921,ws,ws,entry_l1_cap,exit_l1_profit_protect,False,False,0.2667,-0.1607,65,-279.5,strategy_S5-10__TYPE_D:NIFTY:2026-04-20T13:06:36:SHORT
2026-04-20,13:08:01,2026-04-20,13:08:14,NIFTY,BUY,TYPE_D,LIMIT_ENTRY,LIMIT_EXIT,24431.8,24428.1,NIFTY21APR2624400CE,24400.0,CE,142.4,142.7,142.3,142.71,145.0,135.0,0.035143,0.035032,ws,ws,entry_l1_cap,exit_l1_profit_protect,False,False,0.0962,-0.0125,65,19.5,strategy_S5-10__TYPE_D:NIFTY:2026-04-20T13:08:01:LONG
2026-04-20,13:08:43,2026-04-20,13:09:05,NIFTY,SELL,TYPE_D,LIMIT_ENTRY,LIMIT_EXIT,24428.55,24427.3,NIFTY21APR2624450PE,24450.0,PE,152.95,150.75,152.89,151.06,155.0,145.0,0.032728,0.033129,ws,ws,entry_l1_cap,exit_l1_profit_protect,False,False,0.0583,-0.315,65,-143.0,strategy_S5-10__TYPE_D:NIFTY:2026-04-20T13:08:43:SHORT
2026-04-20,13:09:33,2026-04-20,13:09:35,NIFTY,SELL,TYPE_D,LIMIT_ENTRY,LIMIT_EXIT,24425.35,24427.4,NIFTY21APR2624450PE,24450.0,PE,151.9,151.6,151.79,151.87,155.0,145.0,0.032933,0.032949,ws,ws,entry_l1_cap,exit_l1_profit_protect,False,False,0.1125,-0.27,65,-19.5,strategy_S5-10__TYPE_D:NIFTY:2026-04-20T13:09:33:SHORT
2026-04-20,13:09:53,2026-04-20,13:11:37,NIFTY,SELL,TYPE_D,LIMIT_ENTRY,LIMIT_EXIT,24424.55,24402.0,NIFTY21APR2624450PE,24450.0,PE,151.75,166.9,151.69,167.22,155.0,160.0,0.032976,0.029918,ws,ws,entry_l1_cap,exit_l1_profit_protect,False,False,0.0556,-0.315,65,984.75,strategy_S5-10__TYPE_D:NIFTY:2026-04-20T13:09:53:SHORT
2026-04-20,13:12:10,2026-04-20,13:13:23,NIFTY,BUY,TYPE_D,LIMIT_ENTRY,LIMIT_EXIT,24404.0,24419.2,NIFTY21APR2624400CE,24400.0,CE,132.2,137.2,132.1,137.36,135.0,130.0,0.03785,0.036403,ws,ws,entry_l1_cap,exit_l1_profit_protect,False,False,0.1,-0.1552,65,325.0,strategy_S5-10__TYPE_D:NIFTY:2026-04-20T13:12:10:LONG
2026-04-20,13:13:54,2026-04-20,13:14:23,NIFTY,BUY,TYPE_D,LIMIT_ENTRY,LIMIT_EXIT,24421.3,24421.55,NIFTY21APR2624400CE,24400.0,CE,138.85,137.6,138.63,137.76,140.0,130.0,0.036049,0.036304,ws,ws,entry_l1_cap,exit_l1_profit_protect,False,False,0.2182,-0.1562,65,-81.25,strategy_S5-10__TYPE_D:NIFTY:2026-04-20T13:13:54:LONG
2026-04-20,13:14:39,2026-04-20,13:15:20,NIFTY,SELL,TYPE_D,LIMIT_ENTRY,LIMIT_EXIT,24416.8,24408.9,NIFTY21APR2624450PE,24450.0,PE,157.6,165.95,157.46,166.07,160.0,160.0,0.031756,0.030093,ws,ws,entry_l1_cap,exit_l1_profit_protect,False,False,0.1364,-0.1231,65,542.75,strategy_S5-10__TYPE_D:NIFTY:2026-04-20T13:14:39:SHORT
2026-04-20,13:15:51,2026-04-20,13:16:39,NIFTY,SELL,TYPE_D,LIMIT_ENTRY,LIMIT_EXIT,24405.0,24404.95,NIFTY21APR2624450PE,24450.0,PE,166.9,168.0,166.65,168.08,170.0,160.0,0.02999,0.029731,ws,ws,entry_l1_cap,exit_l1_profit_protect,False,False,0.25,-0.0768,65,71.5,strategy_S5-10__TYPE_D:NIFTY:2026-04-20T13:15:51:SHORT
2026-04-20,13:16:41,2026-04-20,13:17:03,NIFTY,BUY,TYPE_D,LIMIT_ENTRY,LIMIT_EXIT,24407.25,24416.9,NIFTY21APR2624400CE,24400.0,CE,132.0,135.05,131.9,135.26,135.0,130.0,0.0379,0.036975,ws,ws,entry_l1_cap,exit_l1_profit_protect,False,False,0.1,-0.21,65,198.25,strategy_S5-10__TYPE_D:NIFTY:2026-04-20T13:16:41:LONG
2026-04-20,13:17:27,2026-04-20,13:18:12,NIFTY,BUY,TYPE_D,LIMIT_ENTRY,LIMIT_EXIT,24422.25,24421.5,NIFTY21APR2624400CE,24400.0,CE,138.0,137.05,137.9,137.28,140.0,130.0,0.036245,0.036443,ws,ws,entry_l1_cap,exit_l1_profit_protect,False,False,0.0964,-0.225,65,-61.75,strategy_S5-10__TYPE_D:NIFTY:2026-04-20T13:17:27:LONG
2026-04-20,13:18:42,2026-04-20,13:19:50,NIFTY,SELL,TYPE_D,LIMIT_ENTRY,LIMIT_EXIT,24418.65,24415.25,NIFTY21APR2624450PE,24450.0,PE,158.85,157.7,158.7,157.75,160.0,150.0,0.031496,0.031676,ws,ws,entry_l1_cap,exit_l1_profit_protect,False,False,0.1455,-0.05,65,-74.75,strategy_S5-10__TYPE_D:NIFTY:2026-04-20T13:18:42:SHORT
2026-04-20,13:20:53,2026-04-20,13:21:55,NIFTY,SELL,TYPE_D,LIMIT_ENTRY,LIMIT_EXIT,24414.1,24410.55,NIFTY21APR2624450PE,24450.0,PE,160.0,163.35,159.71,163.58,160.0,155.0,0.031284,0.030576,ws,ws,entry_l1_cap,exit_l1_profit_protect,False,False,0.2864,-0.2333,65,217.75,strategy_S5-10__TYPE_D:NIFTY:2026-04-20T13:20:53:SHORT
2026-04-20,13:22:21,2026-04-20,13:23:33,NIFTY,SELL,TYPE_D,LIMIT_ENTRY,LIMIT_EXIT,24404.5,24395.9,NIFTY21APR2624450PE,24450.0,PE,170.25,173.8,170.18,173.87,175.0,165.0,0.029407,0.028732,ws,ws,entry_l1_cap,exit_l1_profit_protect,False,False,0.0675,-0.0711,65,230.75,strategy_S5-10__TYPE_D:NIFTY:2026-04-20T13:22:21:SHORT
2026-04-20,13:23:50,2026-04-20,13:24:22,NIFTY,SELL,TYPE_D,LIMIT_ENTRY,LIMIT_EXIT,24391.0,24388.95,NIFTY21APR2624400PE,24400.0,PE,152.1,150.0,152.05,150.27,155.0,145.0,0.032911,0.033294,ws,ws,entry_l1_cap,exit_l1_profit_protect,False,False,0.0467,-0.2676,65,-136.5,strategy_S5-10__TYPE_D:NIFTY:2026-04-20T13:23:50:SHORT
2026-04-20,13:24:35,2026-04-20,13:24:50,NIFTY,BUY,TYPE_D,LIMIT_ENTRY,LIMIT_EXIT,24395.45,24393.8,NIFTY21APR2624350CE,24350.0,CE,151.7,150.1,151.48,150.16,155.0,145.0,0.032987,0.033289,ws,ws,entry_l1_cap,exit_l1_profit_protect,False,False,0.2159,-0.0571,65,-104.0,strategy_S5-10__TYPE_D:NIFTY:2026-04-20T13:24:35:LONG
2026-04-20,13:25:03,2026-04-20,13:26:51,NIFTY,SELL,TYPE_D,LIMIT_ENTRY,LIMIT_EXIT,24388.9,24366.1,NIFTY21APR2624400PE,24400.0,PE,152.95,161.05,152.91,161.2,155.0,155.0,0.032723,0.031008,ws,ws,entry_l1_cap,exit_l1_profit_protect,False,False,0.0429,-0.15,65,526.5,strategy_S5-10__TYPE_D:NIFTY:2026-04-20T13:25:03:SHORT
2026-04-20,13:27:22,2026-04-20,13:27:59,NIFTY,SELL,TYPE_D,LIMIT_ENTRY,LIMIT_EXIT,24362.6,24362.5,NIFTY21APR2624400PE,24400.0,PE,162.4,163.65,162.29,163.66,165.0,155.0,0.030817,0.030544,ws,ws,entry_l1_cap,exit_l1_profit_protect,False,False,0.1125,-0.0125,65,81.25,strategy_S5-10__TYPE_D:NIFTY:2026-04-20T13:27:22:SHORT
2026-04-20,13:28:27,2026-04-20,13:28:33,NIFTY,BUY,TYPE_D,LIMIT_ENTRY,LIMIT_EXIT,24367.2,24364.35,NIFTY21APR2624350CE,24350.0,CE,137.6,134.85,137.49,134.98,140.0,125.0,0.036383,0.037058,ws,ws,entry_l1_cap,exit_l1_profit_protect,False,False,0.1129,-0.1324,65,-178.75,strategy_S5-10__TYPE_D:NIFTY:2026-04-20T13:28:27:LONG
2026-04-20,13:28:41,2026-04-20,13:28:54,NIFTY,SELL,TYPE_D,LIMIT_ENTRY,LIMIT_EXIT,24363.05,24365.35,NIFTY21APR2624400PE,24400.0,PE,163.8,162.5,163.62,162.7,165.0,155.0,0.030553,0.030741,ws,ws,entry_l1_cap,exit_l1_profit_protect,False,False,0.18,-0.2,65,-84.5,strategy_S5-10__TYPE_D:NIFTY:2026-04-20T13:28:41:SHORT
2026-04-20,13:29:14,2026-04-20,13:30:43,NIFTY,BUY,TYPE_D,LIMIT_ENTRY,LIMIT_EXIT,24374.6,24396.9,NIFTY21APR2624350CE,24350.0,CE,140.65,151.4,140.63,151.44,145.0,145.0,0.035581,0.032987,ws,ws,entry_l1_cap,exit_l1_profit_protect,False,False,0.0192,-0.0389,65,698.75,strategy_S5-10__TYPE_D:NIFTY:2026-04-20T13:29:14:LONG
2026-04-20,13:31:08,2026-04-20,13:31:37,NIFTY,SELL,TYPE_D,LIMIT_ENTRY,LIMIT_EXIT,24389.7,24385.7,NIFTY21APR2624400PE,24400.0,PE,147.6,149.55,147.46,149.69,150.0,140.0,0.033898,0.033417,ws,ws,entry_l1_cap,exit_l1_profit_protect,False,False,0.1355,-0.1364,65,126.75,strategy_S5-10__TYPE_D:NIFTY:2026-04-20T13:31:08:SHORT
2026-04-20,13:32:30,2026-04-20,13:32:46,NIFTY,SELL,TYPE_D,LIMIT_ENTRY,LIMIT_EXIT,24380.05,24381.4,NIFTY21APR2624400PE,24400.0,PE,155.9,152.35,155.78,152.43,160.0,145.0,0.032098,0.032776,ws,ws,entry_l1_cap,exit_l1_profit_protect,False,False,0.1167,-0.0833,65,-230.75,strategy_S5-10__TYPE_D:NIFTY:2026-04-20T13:32:30:SHORT
2026-04-20,13:32:59,2026-04-20,13:33:11,NIFTY,BUY,TYPE_D,LIMIT_ENTRY,LIMIT_EXIT,24384.05,24383.2,NIFTY21APR2624350CE,24350.0,CE,144.2,144.7,144.1,144.82,145.0,135.0,0.034686,0.034518,ws,ws,entry_l1_cap,exit_l1_profit_protect,False,False,0.0966,-0.12,65,32.5,strategy_S5-10__TYPE_D:NIFTY:2026-04-20T13:32:59:LONG
2026-04-20,13:33:27,2026-04-20,13:35:03,NIFTY,BUY,TYPE_D,LIMIT_ENTRY,LIMIT_EXIT,24386.4,24394.0,NIFTY21APR2624350CE,24350.0,CE,146.05,145.65,145.9,145.83,150.0,140.0,0.03427,0.034288,ws,ws,entry_l1_cap,exit_l1_profit_protect,False,False,0.15,-0.1826,65,-26.0,strategy_S5-10__TYPE_D:NIFTY:2026-04-20T13:33:27:LONG
2026-04-20,13:35:11,2026-04-20,13:35:55,NIFTY,SELL,TYPE_D,LIMIT_ENTRY,LIMIT_EXIT,24389.9,24392.45,NIFTY21APR2624400PE,24400.0,PE,150.85,148.9,150.81,149.17,155.0,140.0,0.033151,0.03354,ws,ws,entry_l1_cap,exit_l1_profit_protect,False,False,0.04,-0.2743,65,-126.75,strategy_S5-10__TYPE_D:NIFTY:2026-04-20T13:35:11:SHORT
2026-04-20,13:36:04,2026-04-20,13:37:12,NIFTY,SELL,TYPE_D,LIMIT_ENTRY,LIMIT_EXIT,24388.3,24373.0,NIFTY21APR2624400PE,24400.0,PE,151.25,159.3,151.07,159.36,155.0,150.0,0.033102,0.031368,ws,ws,entry_l1_cap,exit_l1_profit_protect,False,False,0.1806,-0.0571,65,523.25,strategy_S5-10__TYPE_D:NIFTY:2026-04-20T13:36:04:SHORT
2026-04-20,13:37:41,2026-04-20,13:38:01,NIFTY,SELL,TYPE_D,LIMIT_ENTRY,LIMIT_EXIT,24369.75,24374.7,NIFTY21APR2624400PE,24400.0,PE,163.7,160.65,163.57,160.69,165.0,155.0,0.030581,0.031119,ws,ws,entry_l1_cap,exit_l1_profit_protect,False,False,0.1333,-0.0429,65,-198.25,strategy_S5-10__TYPE_D:NIFTY:2026-04-20T13:37:41:SHORT
2026-04-20,13:38:20,2026-04-20,13:38:58,NIFTY,BUY,TYPE_D,LIMIT_ENTRY,LIMIT_EXIT,24375.95,24377.35,NIFTY21APR2624350CE,24350.0,CE,139.15,139.7,139.0,139.75,140.0,130.0,0.035971,0.035753,ws,ws,entry_l1_cap,exit_l1_profit_protect,False,False,0.15,-0.0522,65,35.75,strategy_S5-10__TYPE_D:NIFTY:2026-04-20T13:38:20:LONG
2026-04-20,13:39:10,2026-04-20,13:39:40,NIFTY,SELL,TYPE_D,LIMIT_ENTRY,LIMIT_EXIT,24375.35,24375.05,NIFTY21APR2624400PE,24400.0,PE,159.45,158.3,159.36,158.58,160.0,150.0,0.031402,0.031541,ws,ws,entry_l1_cap,exit_l1_profit_protect,False,False,0.09,-0.2786,65,-74.75,strategy_S5-10__TYPE_D:NIFTY:2026-04-20T13:39:10:SHORT
2026-04-20,13:40:01,2026-04-20,13:40:21,NIFTY,BUY,TYPE_D,LIMIT_ENTRY,LIMIT_EXIT,24376.2,24372.55,NIFTY21APR2624350CE,24350.0,CE,139.75,136.55,139.73,136.65,140.0,130.0,0.035823,0.03659,ws,ws,entry_l1_cap,exit_l1_profit_protect,False,False,0.0194,-0.1,65,-208.0,strategy_S5-10__TYPE_D:NIFTY:2026-04-20T13:40:01:LONG
2026-04-20,13:40:42,2026-04-20,13:41:32,NIFTY,BUY,TYPE_D,LIMIT_ENTRY,LIMIT_EXIT,24375.4,24382.25,NIFTY21APR2624350CE,24350.0,CE,140.0,141.15,139.76,141.36,140.0,135.0,0.035753,0.035379,ws,ws,entry_l1_cap,exit_l1_profit_protect,False,False,0.2362,-0.21,65,74.75,strategy_S5-10__TYPE_D:NIFTY:2026-04-20T13:40:42:LONG
2026-04-20,13:41:53,2026-04-20,13:44:39,NIFTY,BUY,TYPE_D,LIMIT_ENTRY,LIMIT_EXIT,24385.45,24400.45,NIFTY21APR2624350CE,24350.0,CE,144.45,151.15,144.37,151.22,145.0,145.0,0.034644,0.033041,ws,ws,entry_l1_cap,exit_l1_profit_protect,False,False,0.0833,-0.07,65,435.5,strategy_S5-10__TYPE_D:NIFTY:2026-04-20T13:41:53:LONG
2026-04-20,13:44:53,2026-04-20,13:47:00,NIFTY,SELL,TYPE_D,LIMIT_ENTRY,LIMIT_EXIT,24399.45,24385.85,NIFTY21APR2624400PE,24400.0,PE,145.7,153.45,145.69,153.57,150.0,145.0,0.034329,0.032547,ws,ws,entry_l1_cap,exit_l1_profit_protect,False,False,0.0143,-0.1167,65,503.75,strategy_S5-10__TYPE_D:NIFTY:2026-04-20T13:44:53:SHORT
2026-04-20,13:47:10,2026-04-20,13:48:02,NIFTY,BUY,TYPE_D,LIMIT_ENTRY,LIMIT_EXIT,24389.9,24394.2,NIFTY21APR2624350CE,24350.0,CE,146.55,147.5,146.32,147.77,150.0,140.0,0.034147,0.033864,ws,ws,entry_l1_cap,exit_l1_profit_protect,False,False,0.2344,-0.2667,65,61.75,strategy_S5-10__TYPE_D:NIFTY:2026-04-20T13:47:10:LONG
2026-04-20,13:48:24,2026-04-20,13:48:39,NIFTY,SELL,TYPE_D,LIMIT_ENTRY,LIMIT_EXIT,24393.65,24397.5,NIFTY21APR2624400PE,24400.0,PE,148.35,148.6,148.24,148.75,150.0,140.0,0.033738,0.033608,ws,ws,entry_l1_cap,exit_l1_profit_protect,False,False,0.1091,-0.15,65,16.25,strategy_S5-10__TYPE_D:NIFTY:2026-04-20T13:48:24:SHORT
2026-04-20,13:48:46,2026-04-20,13:50:41,NIFTY,SELL,TYPE_D,LIMIT_ENTRY,LIMIT_EXIT,24391.95,24377.75,NIFTY21APR2624400PE,24400.0,PE,151.4,154.55,151.38,154.65,155.0,145.0,0.033031,0.032331,ws,ws,entry_l1_cap,exit_l1_profit_protect,False,False,0.0167,-0.1,65,204.75,strategy_S5-10__TYPE_D:NIFTY:2026-04-20T13:48:46:SHORT
2026-04-20,13:51:05,2026-04-20,13:51:18,NIFTY,BUY,TYPE_D,LIMIT_ENTRY,LIMIT_EXIT,24380.05,24377.5,NIFTY21APR2624350CE,24350.0,CE,143.1,141.95,142.92,141.98,145.0,135.0,0.034977,0.035199,ws,ws,entry_l1_cap,exit_l1_profit_protect,False,False,0.18,-0.0286,65,-74.75,strategy_S5-10__TYPE_D:NIFTY:2026-04-20T13:51:05:LONG
2026-04-20,13:51:21,2026-04-20,13:51:58,NIFTY,SELL,TYPE_D,LIMIT_ENTRY,LIMIT_EXIT,24376.7,24374.95,NIFTY21APR2624400PE,24400.0,PE,155.25,155.6,154.98,155.67,160.0,150.0,0.032242,0.032108,ws,ws,entry_l1_cap,exit_l1_profit_protect,False,False,0.2722,-0.0667,65,22.75,strategy_S5-10__TYPE_D:NIFTY:2026-04-20T13:51:21:SHORT
2026-04-20,13:52:02,2026-04-20,13:52:17,NIFTY,BUY,TYPE_D,LIMIT_ENTRY,LIMIT_EXIT,24377.4,24375.7,NIFTY21APR2624350CE,24350.0,CE,141.55,139.65,141.47,139.78,145.0,130.0,0.035342,0.035772,ws,ws,entry_l1_cap,exit_l1_profit_protect,False,False,0.075,-0.125,65,-123.5,strategy_S5-10__TYPE_D:NIFTY:2026-04-20T13:52:02:LONG
2026-04-20,13:52:21,2026-04-20,13:52:42,NIFTY,SELL,TYPE_D,LIMIT_ENTRY,LIMIT_EXIT,24371.8,24372.25,NIFTY21APR2624400PE,24400.0,PE,156.9,155.75,156.78,155.94,160.0,150.0,0.031908,0.032067,ws,ws,entry_l1_cap,exit_l1_profit_protect,False,False,0.12,-0.1885,65,-74.75,strategy_S5-10__TYPE_D:NIFTY:2026-04-20T13:52:21:SHORT
2026-04-20,13:52:51,2026-04-20,13:55:04,NIFTY,BUY,TYPE_D,LIMIT_ENTRY,LIMIT_EXIT,24374.3,24388.45,NIFTY21APR2624350CE,24350.0,CE,140.55,146.5,140.53,146.63,145.0,140.0,0.035587,0.034095,ws,ws,entry_l1_cap,exit_l1_profit_protect,False,False,0.0214,-0.1286,65,386.75,strategy_S5-10__TYPE_D:NIFTY:2026-04-20T13:52:51:LONG
2026-04-20,13:55:28,2026-04-20,13:56:14,NIFTY,SELL,TYPE_D,LIMIT_ENTRY,LIMIT_EXIT,24385.05,24381.65,NIFTY21APR2624400PE,24400.0,PE,150.25,153.45,150.12,153.53,155.0,145.0,0.0333,0.032552,ws,ws,entry_l1_cap,exit_l1_profit_protect,False,False,0.125,-0.075,65,208.0,strategy_S5-10__TYPE_D:NIFTY:2026-04-20T13:55:28:SHORT
2026-04-20,13:56:23,2026-04-20,13:56:27,NIFTY,SELL,TYPE_D,LIMIT_ENTRY,LIMIT_EXIT,24378.75,24381.95,NIFTY21APR2624400PE,24400.0,PE,156.9,155.0,156.66,155.23,160.0,150.0,0.031908,0.032232,ws,ws,entry_l1_cap,exit_l1_profit_protect,False,False,0.2375,-0.2321,65,-123.5,strategy_S5-10__TYPE_D:NIFTY:2026-04-20T13:56:23:SHORT
2026-04-20,13:56:50,2026-04-20,13:56:57,NIFTY,SELL,TYPE_D,LIMIT_ENTRY,LIMIT_EXIT,24379.2,24380.6,NIFTY21APR2624400PE,24400.0,PE,155.65,154.95,155.52,155.04,160.0,145.0,0.032154,0.032232,ws,ws,entry_l1_cap,exit_l1_profit_protect,False,False,0.1286,-0.0875,65,-45.5,strategy_S5-10__TYPE_D:NIFTY:2026-04-20T13:56:50:SHORT
2026-04-20,13:57:17,2026-04-20,13:57:25,NIFTY,SELL,TYPE_D,LIMIT_ENTRY,LIMIT_EXIT,24378.8,24380.25,NIFTY21APR2624400PE,24400.0,PE,156.7,153.35,156.43,153.36,160.0,145.0,0.031939,0.032573,ws,ws,entry_l1_cap,exit_l1_profit_protect,False,False,0.2712,-0.0115,65,-217.75,strategy_S5-10__TYPE_D:NIFTY:2026-04-20T13:57:17:SHORT
2026-04-20,13:57:30,2026-04-20,13:58:23,NIFTY,BUY,TYPE_D,LIMIT_ENTRY,LIMIT_EXIT,24382.35,24388.4,NIFTY21APR2624350CE,24350.0,CE,143.3,145.4,143.17,145.43,145.0,140.0,0.034928,0.034347,ws,ws,entry_l1_cap,exit_l1_profit_protect,False,False,0.1269,-0.0328,65,136.5,strategy_S5-10__TYPE_D:NIFTY:2026-04-20T13:57:30:LONG
2026-04-20,13:58:43,2026-04-20,13:59:05,NIFTY,SELL,TYPE_D,LIMIT_ENTRY,LIMIT_EXIT,24385.45,24389.55,NIFTY21APR2624400PE,24400.0,PE,152.55,148.3,152.4,148.51,155.0,140.0,0.032814,0.033687,ws,ws,entry_l1_cap,exit_l1_profit_protect,False,False,0.1458,-0.2083,65,-276.25,strategy_S5-10__TYPE_D:NIFTY:2026-04-20T13:58:43:SHORT
2026-04-20,13:59:14,2026-04-20,13:59:54,NIFTY,BUY,TYPE_D,LIMIT_ENTRY,LIMIT_EXIT,24392.85,24395.15,NIFTY21APR2624350CE,24350.0,CE,147.85,147.5,147.63,147.65,150.0,140.0,0.033847,0.033852,ws,ws,entry_l1_cap,exit_l1_profit_protect,False,False,0.2222,-0.1474,65,-22.75,strategy_S5-10__TYPE_D:NIFTY:2026-04-20T13:59:14:LONG
2026-04-20,14:00:36,2026-04-20,14:01:27,NIFTY,SELL,TYPE_D,LIMIT_ENTRY,LIMIT_EXIT,24392.4,24381.7,NIFTY21APR2624400PE,24400.0,PE,146.6,154.65,146.51,154.84,150.0,145.0,0.034141,0.032295,ws,ws,entry_l1_cap,exit_l1_profit_protect,False,False,0.0923,-0.1859,65,523.25,strategy_S5-10__TYPE_D:NIFTY:2026-04-20T14:00:36:SHORT
2026-04-20,14:01:56,2026-04-20,14:02:15,NIFTY,BUY,TYPE_D,LIMIT_ENTRY,LIMIT_EXIT,24385.6,24383.25,NIFTY21APR2624350CE,24350.0,CE,141.7,140.4,141.57,140.62,145.0,135.0,0.035317,0.035575,ws,ws,entry_l1_cap,exit_l1_profit_protect,False,False,0.125,-0.2229,65,-84.5,strategy_S5-10__TYPE_D:NIFTY:2026-04-20T14:01:56:LONG
2026-04-20,14:02:25,2026-04-20,14:02:42,NIFTY,SELL,TYPE_D,LIMIT_ENTRY,LIMIT_EXIT,24379.95,24381.0,NIFTY21APR2624400PE,24400.0,PE,156.15,152.7,156.12,152.82,160.0,145.0,0.032026,0.032706,ws,ws,entry_l1_cap,exit_l1_profit_protect,False,False,0.025,-0.125,65,-224.25,strategy_S5-10__TYPE_D:NIFTY:2026-04-20T14:02:25:SHORT
2026-04-20,14:02:55,2026-04-20,14:04:06,NIFTY,BUY,TYPE_D,LIMIT_ENTRY,LIMIT_EXIT,24385.8,24388.3,NIFTY21APR2624350CE,24350.0,CE,140.25,142.95,140.14,142.95,145.0,135.0,0.035689,0.034971,ws,ws,entry_l1_cap,exit_l1_profit_protect,False,False,0.1143,-0.0042,65,175.5,strategy_S5-10__TYPE_D:NIFTY:2026-04-20T14:02:55:LONG
2026-04-20,14:04:24,2026-04-20,14:04:51,NIFTY,BUY,TYPE_D,LIMIT_ENTRY,LIMIT_EXIT,24391.0,24392.65,NIFTY21APR2624350CE,24350.0,CE,146.45,146.05,146.26,146.15,150.0,140.0,0.034182,0.0342,ws,ws,entry_l1_cap,exit_l1_profit_protect,False,False,0.1885,-0.1,65,-26.0,strategy_S5-10__TYPE_D:NIFTY:2026-04-20T14:04:24:LONG
2026-04-20,14:05:16,2026-04-20,14:05:45,NIFTY,SELL,TYPE_D,LIMIT_ENTRY,LIMIT_EXIT,24389.4,24386.65,NIFTY21APR2624400PE,24400.0,PE,147.45,148.1,147.25,148.21,150.0,140.0,0.033944,0.033721,ws,ws,entry_l1_cap,exit_l1_profit_protect,False,False,0.2,-0.1077,65,42.25,strategy_S5-10__TYPE_D:NIFTY:2026-04-20T14:05:16:SHORT
2026-04-20,14:06:13,2026-04-20,14:08:31,NIFTY,SELL,TYPE_D,LIMIT_ENTRY,LIMIT_EXIT,24384.8,24377.5,NIFTY21APR2624400PE,24400.0,PE,150.5,155.45,150.4,155.49,155.0,150.0,0.03325,0.032149,ws,ws,entry_l1_cap,exit_l1_profit_protect,False,False,0.0972,-0.0375,65,321.75,strategy_S5-10__TYPE_D:NIFTY:2026-04-20T14:06:13:SHORT
2026-04-20,14:08:43,2026-04-20,14:09:21,NIFTY,SELL,TYPE_D,LIMIT_ENTRY,LIMIT_EXIT,24373.5,24374.6,NIFTY21APR2624400PE,24400.0,PE,158.0,156.75,157.95,156.81,160.0,150.0,0.031656,0.031857,ws,ws,entry_l1_cap,exit_l1_profit_protect,False,False,0.05,-0.06,65,-81.25,strategy_S5-10__TYPE_D:NIFTY:2026-04-20T14:08:43:SHORT
2026-04-20,14:09:46,2026-04-20,14:10:31,NIFTY,BUY,TYPE_D,LIMIT_ENTRY,LIMIT_EXIT,24376.05,24384.45,NIFTY21APR2624350CE,24350.0,CE,137.6,141.45,137.39,141.58,140.0,135.0,0.036383,0.035311,ws,ws,entry_l1_cap,exit_l1_profit_protect,False,False,0.2074,-0.1286,65,250.25,strategy_S5-10__TYPE_D:NIFTY:2026-04-20T14:09:46:LONG
2026-04-20,14:10:54,2026-04-20,14:11:23,NIFTY,BUY,TYPE_D,LIMIT_ENTRY,LIMIT_EXIT,24387.75,24390.6,NIFTY21APR2624350CE,24350.0,CE,142.7,144.85,142.49,144.98,145.0,135.0,0.035075,0.034477,ws,ws,entry_l1_cap,exit_l1_profit_protect,False,False,0.2062,-0.1346,65,139.75,strategy_S5-10__TYPE_D:NIFTY:2026-04-20T14:10:54:LONG
2026-04-20,14:11:32,2026-04-20,14:12:05,NIFTY,SELL,TYPE_D,LIMIT_ENTRY,LIMIT_EXIT,24387.6,24391.45,NIFTY21APR2624400PE,24400.0,PE,149.8,144.8,149.76,145.01,150.0,135.0,0.033406,0.034501,ws,ws,entry_l1_cap,exit_l1_profit_protect,False,False,0.0357,-0.2083,65,-325.0,strategy_S5-10__TYPE_D:NIFTY:2026-04-20T14:11:32:SHORT
2026-04-20,14:12:48,2026-04-20,14:13:41,NIFTY,SELL,TYPE_D,LIMIT_ENTRY,LIMIT_EXIT,24388.65,24388.8,NIFTY21APR2624400PE,24400.0,PE,148.0,149.05,147.72,149.31,150.0,140.0,0.033824,0.033512,ws,ws,entry_l1_cap,exit_l1_profit_protect,False,False,0.2811,-0.2625,65,68.25,strategy_S5-10__TYPE_D:NIFTY:2026-04-20T14:12:48:SHORT
2026-04-20,14:13:56,2026-04-20,14:14:18,NIFTY,BUY,TYPE_D,LIMIT_ENTRY,LIMIT_EXIT,24393.2,24390.7,NIFTY21APR2624350CE,24350.0,CE,146.2,142.75,146.09,143.02,150.0,135.0,0.034217,0.034977,ws,ws,entry_l1_cap,exit_l1_profit_protect,False,False,0.1125,-0.2667,65,-224.25,strategy_S5-10__TYPE_D:NIFTY:2026-04-20T14:13:56:LONG
2026-04-20,14:14:41,2026-04-20,14:15:05,NIFTY,BUY,TYPE_D,LIMIT_ENTRY,LIMIT_EXIT,24392.35,24392.15,NIFTY21APR2624350CE,24350.0,CE,145.15,142.35,145.11,142.4,150.0,135.0,0.034483,0.0351,ws,ws,entry_l1_cap,exit_l1_profit_protect,False,False,0.0375,-0.0462,65,-182.0,strategy_S5-10__TYPE_D:NIFTY:2026-04-20T14:14:41:LONG
2026-04-20,14:15:41,2026-04-20,14:16:03,NIFTY,BUY,TYPE_D,LIMIT_ENTRY,LIMIT_EXIT,24394.45,24392.65,NIFTY21APR2624350CE,24350.0,CE,145.8,145.0,145.69,145.31,150.0,140.0,0.034335,0.034441,ws,ws,entry_l1_cap,exit_l1_profit_protect,False,False,0.105,-0.3088,65,-52.0,strategy_S5-10__TYPE_D:NIFTY:2026-04-20T14:15:41:LONG
2026-04-20,14:16:31,2026-04-20,14:17:15,NIFTY,BUY,TYPE_D,LIMIT_ENTRY,LIMIT_EXIT,24395.85,24397.65,NIFTY21APR2624350CE,24350.0,CE,145.85,148.25,145.53,148.57,150.0,140.0,0.034323,0.033687,ws,ws,entry_l1_cap,exit_l1_profit_protect,False,False,0.315,-0.3182,65,156.0,strategy_S5-10__TYPE_D:NIFTY:2026-04-20T14:16:31:LONG
2026-04-20,14:17:45,2026-04-20,14:18:01,NIFTY,SELL,TYPE_D,LIMIT_ENTRY,LIMIT_EXIT,24395.8,24398.0,NIFTY21APR2624400PE,24400.0,PE,143.4,143.1,143.35,143.34,145.0,135.0,0.034898,0.03491,ws,ws,entry_l1_cap,exit_l1_profit_protect,False,False,0.0463,-0.2432,65,-19.5,strategy_S5-10__TYPE_D:NIFTY:2026-04-20T14:17:45:SHORT
2026-04-20,14:18:24,2026-04-20,14:19:11,NIFTY,SELL,TYPE_D,LIMIT_ENTRY,LIMIT_EXIT,24396.25,24394.15,NIFTY21APR2624400PE,24400.0,PE,142.9,146.4,142.76,146.53,145.0,140.0,0.035008,0.034124,ws,ws,entry_l1_cap,exit_l1_profit_protect,False,False,0.1422,-0.1346,65,227.5,strategy_S5-10__TYPE_D:NIFTY:2026-04-20T14:18:24:SHORT
2026-04-20,14:20:08,2026-04-20,14:20:16,NIFTY,BUY,TYPE_D,LIMIT_ENTRY,LIMIT_EXIT,24395.95,24392.7,NIFTY21APR2624350CE,24350.0,CE,147.0,145.1,146.82,145.36,150.0,140.0,0.034037,0.034423,ws,ws,entry_l1_cap,exit_l1_profit_protect,False,False,0.1759,-0.2571,65,-123.5,strategy_S5-10__TYPE_D:NIFTY:2026-04-20T14:20:08:LONG
2026-04-20,14:20:30,2026-04-20,14:21:36,NIFTY,BUY,TYPE_D,LIMIT_ENTRY,LIMIT_EXIT,24396.25,24401.05,NIFTY21APR2624350CE,24350.0,CE,147.7,149.25,147.5,149.35,150.0,140.0,0.033893,0.033473,ws,ws,entry_l1_cap,exit_l1_profit_protect,False,False,0.2042,-0.1,65,100.75,strategy_S5-10__TYPE_D:NIFTY:2026-04-20T14:20:30:LONG
2026-04-20,14:21:51,2026-04-20,14:22:42,NIFTY,SELL,TYPE_D,LIMIT_ENTRY,LIMIT_EXIT,24399.5,24400.3,NIFTY21APR2624400PE,24400.0,PE,143.0,142.0,142.82,142.32,145.0,135.0,0.03499,0.035168,ws,ws,entry_l1_cap,exit_l1_profit_protect,False,False,0.1818,-0.3231,65,-65.0,strategy_S5-10__TYPE_D:NIFTY:2026-04-20T14:21:51:SHORT
2026-04-20,14:23:11,2026-04-20,14:23:22,NIFTY,BUY,TYPE_D,LIMIT_ENTRY,LIMIT_EXIT,24400.75,24397.9,NIFTY21APR2624400CE,24400.0,CE,120.1,120.15,120.07,120.29,125.0,115.0,0.041684,0.041563,ws,ws,entry_l1_cap,exit_l1_profit_protect,False,False,0.0333,-0.1429,65,3.25,strategy_S5-10__TYPE_D:NIFTY:2026-04-20T14:23:11:LONG
2026-04-20,14:23:41,2026-04-20,14:23:51,NIFTY,BUY,TYPE_D,LIMIT_ENTRY,LIMIT_EXIT,24401.4,24399.45,NIFTY21APR2624400CE,24400.0,CE,120.3,119.0,120.17,119.07,125.0,110.0,0.041606,0.041964,ws,ws,entry_l1_cap,exit_l1_profit_protect,False,False,0.125,-0.0724,65,-84.5,strategy_S5-10__TYPE_D:NIFTY:2026-04-20T14:23:41:LONG
2026-04-20,14:24:05,2026-04-20,14:24:27,NIFTY,BUY,TYPE_D,LIMIT_ENTRY,LIMIT_EXIT,24403.45,24412.2,NIFTY21APR2624400CE,24400.0,CE,123.4,130.35,123.35,130.38,125.0,125.0,0.04056,0.038314,ws,ws,entry_l1_cap,exit_l1_profit_protect,False,False,0.05,-0.03,65,451.75,strategy_S5-10__TYPE_D:NIFTY:2026-04-20T14:24:05:LONG
2026-04-20,14:24:42,2026-04-20,14:24:53,NIFTY,BUY,TYPE_D,LIMIT_ENTRY,LIMIT_EXIT,24417.7,24415.2,NIFTY21APR2624400CE,24400.0,CE,135.1,133.2,134.79,133.22,140.0,125.0,0.037058,0.037495,ws,ws,entry_l1_cap,exit_l1_profit_protect,False,False,0.3063,-0.0214,65,-123.5,strategy_S5-10__TYPE_D:NIFTY:2026-04-20T14:24:42:LONG
2026-04-20,14:25:10,2026-04-20,14:26:05,NIFTY,BUY,TYPE_D,LIMIT_ENTRY,LIMIT_EXIT,24418.2,24418.75,NIFTY21APR2624400CE,24400.0,CE,136.35,135.0,136.33,135.31,140.0,130.0,0.036717,0.036989,ws,ws,entry_l1_cap,exit_l1_profit_protect,False,False,0.0167,-0.3135,65,-87.75,strategy_S5-10__TYPE_D:NIFTY:2026-04-20T14:25:10:LONG
2026-04-20,14:26:11,2026-04-20,14:26:37,NIFTY,SELL,TYPE_D,LIMIT_ENTRY,LIMIT_EXIT,24415.2,24414.85,NIFTY21APR2624450PE,24450.0,PE,161.1,158.4,160.88,158.57,165.0,150.0,0.03108,0.031536,ws,ws,entry_l1_cap,exit_l1_profit_protect,False,False,0.225,-0.1714,65,-175.5,strategy_S5-10__TYPE_D:NIFTY:2026-04-20T14:26:11:SHORT
2026-04-20,14:27:07,2026-04-20,14:27:23,NIFTY,SELL,TYPE_D,LIMIT_ENTRY,LIMIT_EXIT,24414.55,24418.05,NIFTY21APR2624450PE,24450.0,PE,161.8,157.9,161.72,157.97,165.0,150.0,0.030936,0.031626,ws,ws,entry_l1_cap,exit_l1_profit_protect,False,False,0.0824,-0.0727,65,-253.5,strategy_S5-10__TYPE_D:NIFTY:2026-04-20T14:27:07:SHORT
2026-04-20,14:27:31,2026-04-20,14:28:18,NIFTY,BUY,TYPE_D,LIMIT_ENTRY,LIMIT_EXIT,24421.65,24425.05,NIFTY21APR2624400CE,24400.0,CE,136.5,136.15,136.44,136.43,140.0,130.0,0.03667,0.036677,ws,ws,entry_l1_cap,exit_l1_profit_protect,False,False,0.0643,-0.275,65,-22.75,strategy_S5-10__TYPE_D:NIFTY:2026-04-20T14:27:31:LONG
2026-04-20,14:28:23,2026-04-20,14:28:51,NIFTY,BUY,TYPE_D,LIMIT_ENTRY,LIMIT_EXIT,24428.6,24433.2,NIFTY21APR2624400CE,24400.0,CE,139.8,137.7,139.61,137.76,140.0,130.0,0.035804,0.036265,ws,ws,entry_l1_cap,exit_l1_profit_protect,False,False,0.1875,-0.0603,65,-136.5,strategy_S5-10__TYPE_D:NIFTY:2026-04-20T14:28:23:LONG
2026-04-20,14:29:02,2026-04-20,14:29:05,NIFTY,BUY,TYPE_D,LIMIT_ENTRY,LIMIT_EXIT,24438.0,24432.1,NIFTY21APR2624400CE,24400.0,CE,139.4,136.0,139.08,136.19,140.0,130.0,0.035913,0.036731,ws,ws,entry_l1_cap,exit_l1_profit_protect,False,False,0.3241,-0.1932,65,-221.0,strategy_S5-10__TYPE_D:NIFTY:2026-04-20T14:29:02:LONG
2026-04-20,14:30:07,2026-04-20,14:32:42,NIFTY,SELL,TYPE_D,LIMIT_ENTRY,LIMIT_EXIT,24428.65,24408.5,NIFTY21APR2624450PE,24450.0,PE,151.5,158.8,151.43,158.98,155.0,150.0,0.03302,0.031456,ws,ws,entry_l1_cap,exit_l1_profit_protect,False,False,0.075,-0.18,65,474.5,strategy_S5-10__TYPE_D:NIFTY:2026-04-20T14:30:07:SHORT
2026-04-20,14:32:54,2026-04-20,14:34:21,NIFTY,BUY,TYPE_D,LIMIT_ENTRY,LIMIT_EXIT,24412.15,24422.6,NIFTY21APR2624400CE,24400.0,CE,128.15,130.1,128.01,130.17,130.0,125.0,0.03904,0.038417,ws,ws,entry_l1_cap,exit_l1_profit_protect,False,False,0.1391,-0.0667,65,126.75,strategy_S5-10__TYPE_D:NIFTY:2026-04-20T14:32:54:LONG
2026-04-20,14:34:56,2026-04-20,14:35:48,NIFTY,BUY,TYPE_D,LIMIT_ENTRY,LIMIT_EXIT,24422.7,24422.55,NIFTY21APR2624400CE,24400.0,CE,131.25,129.4,131.13,129.51,135.0,120.0,0.038124,0.038595,ws,ws,entry_l1_cap,exit_l1_profit_protect,False,False,0.1167,-0.1091,65,-120.25,strategy_S5-10__TYPE_D:NIFTY:2026-04-20T14:34:56:LONG
2026-04-20,14:36:07,2026-04-20,14:36:22,NIFTY,BUY,TYPE_D,LIMIT_ENTRY,LIMIT_EXIT,24425.5,24425.3,NIFTY21APR2624400CE,24400.0,CE,133.2,133.35,133.13,133.48,135.0,125.0,0.037587,0.037453,ws,ws,entry_l1_cap,exit_l1_profit_protect,False,False,0.0677,-0.1286,65,9.75,strategy_S5-10__TYPE_D:NIFTY:2026-04-20T14:36:07:LONG
2026-04-20,14:36:38,2026-04-20,14:37:10,NIFTY,BUY,TYPE_D,LIMIT_ENTRY,LIMIT_EXIT,24428.8,24426.25,NIFTY21APR2624400CE,24400.0,CE,134.2,131.85,133.87,131.87,135.0,125.0,0.037306,0.037872,ws,ws,entry_l1_cap,exit_l1_profit_protect,False,False,0.3281,-0.0206,65,-152.75,strategy_S5-10__TYPE_D:NIFTY:2026-04-20T14:36:38:LONG
2026-04-20,14:37:34,2026-04-20,14:39:31,NIFTY,SELL,TYPE_D,LIMIT_ENTRY,LIMIT_EXIT,24422.8,24405.65,NIFTY21APR2624450PE,24450.0,PE,155.65,163.9,155.55,164.08,160.0,155.0,0.03216,0.030479,ws,ws,entry_l1_cap,exit_l1_profit_protect,False,False,0.0955,-0.18,65,536.25,strategy_S5-10__TYPE_D:NIFTY:2026-04-20T14:37:34:SHORT
2026-04-20,14:39:46,2026-04-20,14:40:42,NIFTY,SELL,TYPE_D,LIMIT_ENTRY,LIMIT_EXIT,24402.05,24400.0,NIFTY21APR2624450PE,24450.0,PE,166.6,167.6,166.54,167.68,170.0,160.0,0.030039,0.029802,ws,ws,entry_l1_cap,exit_l1_profit_protect,False,False,0.06,-0.0808,65,65.0,strategy_S5-10__TYPE_D:NIFTY:2026-04-20T14:39:46:SHORT
2026-04-20,14:40:57,2026-04-20,14:41:33,NIFTY,BUY,TYPE_D,LIMIT_ENTRY,LIMIT_EXIT,24402.9,24402.0,NIFTY21APR2624400CE,24400.0,CE,121.15,119.35,120.99,119.46,125.0,110.0,0.041314,0.041859,ws,ws,entry_l1_cap,exit_l1_profit_protect,False,False,0.1597,-0.1143,65,-117.0,strategy_S5-10__TYPE_D:NIFTY:2026-04-20T14:40:57:LONG
2026-04-20,14:41:41,2026-04-20,14:42:12,NIFTY,SELL,TYPE_D,LIMIT_ENTRY,LIMIT_EXIT,24401.25,24402.15,NIFTY21APR2624450PE,24450.0,PE,169.05,168.55,168.96,168.61,170.0,160.0,0.029616,0.029634,ws,ws,entry_l1_cap,exit_l1_profit_protect,False,False,0.0947,-0.0618,65,-32.5,strategy_S5-10__TYPE_D:NIFTY:2026-04-20T14:41:41:SHORT
2026-04-20,14:42:38,2026-04-20,14:43:23,NIFTY,SELL,TYPE_D,LIMIT_ENTRY,LIMIT_EXIT,24397.75,24402.2,NIFTY21APR2624400PE,24400.0,PE,144.05,140.3,144.01,140.33,145.0,135.0,0.034746,0.035606,ws,ws,entry_l1_cap,exit_l1_profit_protect,False,False,0.036,-0.0278,65,-243.75,strategy_S5-10__TYPE_D:NIFTY:2026-04-20T14:42:38:SHORT
2026-04-20,14:43:41,2026-04-20,14:44:23,NIFTY,SELL,TYPE_D,LIMIT_ENTRY,LIMIT_EXIT,24394.55,24394.7,NIFTY21APR2624400PE,24400.0,PE,143.4,142.7,143.21,142.81,145.0,135.0,0.034898,0.03502,ws,ws,entry_l1_cap,exit_l1_profit_protect,False,False,0.1875,-0.114,65,-45.5,strategy_S5-10__TYPE_D:NIFTY:2026-04-20T14:43:41:SHORT
2026-04-20,14:44:42,2026-04-20,14:45:30,NIFTY,BUY,TYPE_D,LIMIT_ENTRY,LIMIT_EXIT,24396.9,24402.15,NIFTY21APR2624350CE,24350.0,CE,148.95,149.45,148.85,149.48,150.0,140.0,0.033602,0.033422,ws,ws,entry_l1_cap,exit_l1_profit_protect,False,False,0.096,-0.0316,65,32.5,strategy_S5-10__TYPE_D:NIFTY:2026-04-20T14:44:42:LONG
2026-04-20,14:45:46,2026-04-20,14:45:56,NIFTY,SELL,TYPE_D,LIMIT_ENTRY,LIMIT_EXIT,24389.6,24394.7,NIFTY21APR2624400PE,24400.0,PE,149.95,147.1,149.85,147.31,150.0,140.0,0.033383,0.03395,ws,ws,entry_l1_cap,exit_l1_profit_protect,False,False,0.0955,-0.21,65,-185.25,strategy_S5-10__TYPE_D:NIFTY:2026-04-20T14:45:46:SHORT
2026-04-20,14:46:11,2026-04-20,14:46:57,NIFTY,SELL,TYPE_D,LIMIT_ENTRY,LIMIT_EXIT,24385.15,24383.15,NIFTY21APR2624400PE,24400.0,PE,153.9,157.35,153.71,157.53,155.0,150.0,0.03252,0.031741,ws,ws,entry_l1_cap,exit_l1_profit_protect,False,False,0.1895,-0.1826,65,224.25,strategy_S5-10__TYPE_D:NIFTY:2026-04-20T14:46:11:SHORT
2026-04-20,14:47:16,2026-04-20,14:47:30,NIFTY,BUY,TYPE_D,LIMIT_ENTRY,LIMIT_EXIT,24386.45,24383.1,NIFTY21APR2624350CE,24350.0,CE,140.35,139.55,140.16,139.73,145.0,130.0,0.035663,0.035804,ws,ws,entry_l1_cap,exit_l1_profit_protect,False,False,0.1875,-0.1838,65,-52.0,strategy_S5-10__TYPE_D:NIFTY:2026-04-20T14:47:16:LONG
2026-04-20,14:47:48,2026-04-20,14:48:06,NIFTY,SELL,TYPE_D,LIMIT_ENTRY,LIMIT_EXIT,24379.05,24382.05,NIFTY21APR2624400PE,24400.0,PE,160.15,158.15,160.03,158.42,165.0,150.0,0.03126,0.031581,ws,ws,entry_l1_cap,exit_l1_profit_protect,False,False,0.1161,-0.2722,65,-130.0,strategy_S5-10__TYPE_D:NIFTY:2026-04-20T14:47:48:SHORT
2026-04-20,14:48:12,2026-04-20,14:48:28,NIFTY,BUY,TYPE_D,LIMIT_ENTRY,LIMIT_EXIT,24385.55,24381.85,NIFTY21APR2624350CE,24350.0,CE,137.6,135.5,137.48,135.73,140.0,130.0,0.03639,0.03686,ws,ws,entry_l1_cap,exit_l1_profit_protect,False,False,0.1158,-0.2294,65,-136.5,strategy_S5-10__TYPE_D:NIFTY:2026-04-20T14:48:12:LONG
2026-04-20,14:48:40,2026-04-20,14:50:09,NIFTY,BUY,TYPE_D,LIMIT_ENTRY,LIMIT_EXIT,24387.65,24395.95,NIFTY21APR2624350CE,24350.0,CE,138.8,142.25,138.67,142.35,140.0,135.0,0.036049,0.035106,ws,ws,entry_l1_cap,exit_l1_profit_protect,False,False,0.1333,-0.0955,65,224.25,strategy_S5-10__TYPE_D:NIFTY:2026-04-20T14:48:40:LONG
2026-04-20,14:50:46,2026-04-20,14:51:03,NIFTY,BUY,TYPE_D,LIMIT_ENTRY,LIMIT_EXIT,24402.2,24401.05,NIFTY21APR2624400CE,24400.0,CE,119.0,117.35,118.82,117.56,120.0,110.0,0.042052,0.042562,ws,ws,entry_l1_cap,exit_l1_profit_protect,False,False,0.1842,-0.2083,65,-107.25,strategy_S5-10__TYPE_D:NIFTY:2026-04-20T14:50:46:LONG
2026-04-20,14:51:41,2026-04-20,14:52:07,NIFTY,SELL,TYPE_D,LIMIT_ENTRY,LIMIT_EXIT,24399.75,24401.05,NIFTY21APR2624400PE,24400.0,PE,146.25,143.6,145.96,143.68,150.0,135.0,0.034235,0.034783,ws,ws,entry_l1_cap,exit_l1_profit_protect,False,False,0.2947,-0.075,65,-172.25,strategy_S5-10__TYPE_D:NIFTY:2026-04-20T14:51:41:SHORT
2026-04-20,14:52:33,2026-04-20,14:52:38,NIFTY,SELL,TYPE_D,LIMIT_ENTRY,LIMIT_EXIT,24398.85,24400.9,NIFTY21APR2624400PE,24400.0,PE,143.9,143.65,143.65,143.78,145.0,135.0,0.034789,0.034777,ws,ws,entry_l1_cap,exit_l1_profit_protect,False,False,0.2528,-0.125,65,-16.25,strategy_S5-10__TYPE_D:NIFTY:2026-04-20T14:52:33:SHORT
2026-04-20,14:53:10,2026-04-20,14:53:28,NIFTY,SELL,TYPE_D,LIMIT_ENTRY,LIMIT_EXIT,24398.65,24400.5,NIFTY21APR2624400PE,24400.0,PE,144.1,144.55,143.83,144.69,145.0,135.0,0.03474,0.034566,ws,ws,entry_l1_cap,exit_l1_profit_protect,False,False,0.2739,-0.14,65,29.25,strategy_S5-10__TYPE_D:NIFTY:2026-04-20T14:53:10:SHORT
2026-04-20,14:53:47,2026-04-20,14:54:17,NIFTY,BUY,TYPE_D,LIMIT_ENTRY,LIMIT_EXIT,24402.5,24400.1,NIFTY21APR2624400CE,24400.0,CE,120.55,119.9,120.45,120.08,125.0,110.0,0.041537,0.041649,ws,ws,entry_l1_cap,exit_l1_profit_protect,False,False,0.1,-0.1839,65,-42.25,strategy_S5-10__TYPE_D:NIFTY:2026-04-20T14:53:47:LONG
2026-04-20,14:54:30,2026-04-20,14:55:03,NIFTY,BUY,TYPE_D,LIMIT_ENTRY,LIMIT_EXIT,24402.75,24404.9,NIFTY21APR2624400CE,24400.0,CE,121.55,123.15,121.47,123.3,125.0,115.0,0.041178,0.040552,ws,ws,entry_l1_cap,exit_l1_profit_protect,False,False,0.0833,-0.1538,65,104.0,strategy_S5-10__TYPE_D:NIFTY:2026-04-20T14:54:30:LONG
2026-04-20,14:55:42,2026-04-20,14:55:54,NIFTY,BUY,TYPE_D,LIMIT_ENTRY,LIMIT_EXIT,24409.65,24405.55,NIFTY21APR2624400CE,24400.0,CE,124.9,124.4,124.85,124.43,125.0,115.0,0.04008,0.040145,ws,ws,entry_l1_cap,exit_l1_profit_protect,False,False,0.0514,-0.0268,65,-32.5,strategy_S5-10__TYPE_D:NIFTY:2026-04-20T14:55:42:LONG
2026-04-20,14:56:30,2026-04-20,14:57:00,NIFTY,SELL,TYPE_D,LIMIT_ENTRY,LIMIT_EXIT,24401.1,24403.85,NIFTY21APR2624450PE,24450.0,PE,168.05,168.85,167.95,168.86,170.0,160.0,0.029793,0.029603,ws,ws,entry_l1_cap,exit_l1_profit_protect,False,False,0.0978,-0.01,65,52.0,strategy_S5-10__TYPE_D:NIFTY:2026-04-20T14:56:30:SHORT
2026-04-20,14:57:16,2026-04-20,14:57:33,NIFTY,BUY,TYPE_D,LIMIT_ENTRY,LIMIT_EXIT,24406.2,24406.4,NIFTY21APR2624400CE,24400.0,CE,120.55,118.8,120.51,118.87,125.0,110.0,0.041511,0.04207,ws,ws,entry_l1_cap,exit_l1_profit_protect,False,False,0.0424,-0.0714,65,-113.75,strategy_S5-10__TYPE_D:NIFTY:2026-04-20T14:57:16:LONG
2026-04-20,14:57:53,2026-04-20,14:58:44,NIFTY,SELL,TYPE_D,LIMIT_ENTRY,LIMIT_EXIT,24404.4,24405.25,NIFTY21APR2624450PE,24450.0,PE,169.6,166.7,169.47,166.95,170.0,160.0,0.029516,0.029958,ws,ws,entry_l1_cap,exit_l1_profit_protect,False,False,0.125,-0.25,65,-188.5,strategy_S5-10__TYPE_D:NIFTY:2026-04-20T14:57:53:SHORT
2026-04-20,14:59:05,2026-04-20,14:59:23,NIFTY,BUY,TYPE_D,LIMIT_ENTRY,LIMIT_EXIT,24407.1,24405.3,NIFTY21APR2624400CE,24400.0,CE,121.2,121.55,120.96,121.61,125.0,115.0,0.041305,0.041102,ws,ws,entry_l1_cap,exit_l1_profit_protect,False,False,0.2447,-0.0593,65,22.75,strategy_S5-10__TYPE_D:NIFTY:2026-04-20T14:59:05:LONG
2026-04-20,15:00:16,2026-04-20,15:00:46,NIFTY,BUY,TYPE_D,LIMIT_ENTRY,LIMIT_EXIT,24409.85,24419.75,NIFTY21APR2624400CE,24400.0,CE,124.85,130.2,124.84,130.31,125.0,125.0,0.040072,0.038373,ws,ws,entry_l1_cap,exit_l1_profit_protect,False,False,0.0125,-0.1143,65,347.75,strategy_S5-10__TYPE_D:NIFTY:2026-04-20T15:00:16:LONG
2026-04-20,15:01:59,2026-04-20,15:02:18,NIFTY,BUY,TYPE_D,LIMIT_ENTRY,LIMIT_EXIT,24420.65,24419.3,NIFTY21APR2624400CE,24400.0,CE,131.55,128.5,131.46,128.64,135.0,120.0,0.038037,0.038865,ws,ws,entry_l1_cap,exit_l1_profit_protect,False,False,0.0933,-0.1435,65,-198.25,strategy_S5-10__TYPE_D:NIFTY:2026-04-20T15:01:59:LONG
2026-04-20,15:02:32,2026-04-20,15:05:46,NIFTY,SELL,TYPE_D,LIMIT_ENTRY,LIMIT_EXIT,24418.15,24402.95,NIFTY21APR2624450PE,24450.0,PE,154.05,167.0,153.79,167.24,155.0,160.0,0.032494,0.029909,ws,ws,entry_l1_cap,exit_l1_profit_protect,False,False,0.2625,-0.2423,65,841.75,strategy_S5-10__TYPE_D:NIFTY:2026-04-20T15:02:32:SHORT
2026-04-20,15:05:53,2026-04-20,15:06:16,NIFTY,SELL,TYPE_D,LIMIT_ENTRY,LIMIT_EXIT,24399.65,24402.5,NIFTY21APR2624400PE,24400.0,PE,141.0,141.05,140.97,141.18,145.0,135.0,0.035467,0.035423,ws,ws,entry_l1_cap,exit_l1_profit_protect,False,False,0.0312,-0.1273,65,3.25,strategy_S5-10__TYPE_D:NIFTY:2026-04-20T15:05:53:SHORT
2026-04-20,15:06:35,2026-04-20,15:08:00,NIFTY,SELL,TYPE_D,LIMIT_ENTRY,LIMIT_EXIT,24400.6,24391.7,NIFTY21APR2624450PE,24450.0,PE,170.4,173.45,170.32,173.64,175.0,165.0,0.029356,0.028789,ws,ws,entry_l1_cap,exit_l1_profit_protect,False,False,0.0808,-0.1853,65,198.25,strategy_S5-10__TYPE_D:NIFTY:2026-04-20T15:06:35:SHORT
2026-04-20,15:08:24,2026-04-20,15:08:47,NIFTY,SELL,TYPE_D,LIMIT_ENTRY,LIMIT_EXIT,24386.55,24389.35,NIFTY21APR2624400PE,24400.0,PE,151.2,147.0,151.08,147.24,155.0,140.0,0.033113,0.033967,ws,ws,entry_l1_cap,exit_l1_profit_protect,False,False,0.12,-0.24,65,-273.0,strategy_S5-10__TYPE_D:NIFTY:2026-04-20T15:08:24:SHORT
2026-04-20,15:09:00,2026-04-20,15:09:21,NIFTY,BUY,TYPE_D,LIMIT_ENTRY,LIMIT_EXIT,24391.55,24392.7,NIFTY21APR2624350CE,24350.0,CE,144.5,145.0,144.29,145.06,145.0,140.0,0.034638,0.034459,ws,ws,entry_l1_cap,exit_l1_profit_protect,False,False,0.2143,-0.0615,65,32.5,strategy_S5-10__TYPE_D:NIFTY:2026-04-20T15:09:00:LONG
2026-04-20,15:09:53,2026-04-20,15:10:55,NIFTY,SELL,TYPE_D,LIMIT_ENTRY,LIMIT_EXIT,24390.85,24389.65,NIFTY21APR2624400PE,24400.0,PE,146.7,147.3,146.53,147.61,150.0,140.0,0.034118,0.033904,ws,ws,entry_l1_cap,exit_l1_profit_protect,False,False,0.1714,-0.3132,65,39.0,strategy_S5-10__TYPE_D:NIFTY:2026-04-20T15:09:53:SHORT
2026-04-20,15:11:00,2026-04-20,15:12:24,NIFTY,BUY,TYPE_D,LIMIT_ENTRY,LIMIT_EXIT,24391.85,24394.8,NIFTY21APR2624350CE,24350.0,CE,145.2,142.55,145.17,142.56,150.0,135.0,0.034453,0.035045,ws,ws,entry_l1_cap,exit_l1_profit_protect,False,False,0.025,-0.0147,65,-172.25,strategy_S5-10__TYPE_D:NIFTY:2026-04-20T15:11:00:LONG
2026-04-20,15:12:36,2026-04-20,15:13:56,NIFTY,SELL,TYPE_D,LIMIT_ENTRY,LIMIT_EXIT,24393.45,24386.45,NIFTY21APR2624400PE,24400.0,PE,147.15,150.7,147.05,150.74,150.0,145.0,0.033996,0.03314,ws,ws,entry_l1_cap,exit_l1_profit_protect,False,False,0.1,-0.0412,65,230.75,strategy_S5-10__TYPE_D:NIFTY:2026-04-20T15:12:36:SHORT
2026-04-20,15:14:03,2026-04-20,15:14:23,NIFTY,BUY,TYPE_D,LIMIT_ENTRY,LIMIT_EXIT,24389.75,24388.1,NIFTY21APR2624350CE,24350.0,CE,140.5,139.2,140.22,139.38,145.0,130.0,0.035632,0.035868,ws,ws,entry_l1_cap,exit_l1_profit_protect,False,False,0.2833,-0.1833,65,-84.5,strategy_S5-10__TYPE_D:NIFTY:2026-04-20T15:14:03:LONG
2026-04-20,15:14:32,2026-04-20,15:16:05,NIFTY,SELL,TYPE_D,LIMIT_ENTRY,LIMIT_EXIT,24387.1,24374.1,NIFTY21APR2624400PE,24400.0,PE,152.0,161.45,151.79,161.65,155.0,155.0,0.032922,0.030936,ws,ws,entry_l1_cap,exit_l1_profit_protect,False,False,0.2143,-0.2,65,614.25,strategy_S5-10__TYPE_D:NIFTY:2026-04-20T15:14:32:SHORT
2026-04-20,15:16:28,2026-04-20,15:17:46,NIFTY,SELL,TYPE_D,LIMIT_ENTRY,LIMIT_EXIT,24369.85,24358.25,NIFTY21APR2624400PE,24400.0,PE,162.15,168.6,161.93,168.61,165.0,160.0,0.030864,0.029652,ws,ws,entry_l1_cap,exit_l1_profit_protect,False,False,0.225,-0.0125,65,419.25,strategy_S5-10__TYPE_D:NIFTY:2026-04-20T15:16:28:SHORT
2026-04-20,15:17:50,2026-04-20,15:19:17,NIFTY,SELL,TYPE_D,LIMIT_ENTRY,LIMIT_EXIT,24355.0,24334.95,NIFTY21APR2624400PE,24400.0,PE,171.95,189.75,171.64,190.04,175.0,180.0,0.029112,0.026316,ws,ws,entry_l1_cap,exit_l1_profit_protect,False,False,0.3111,-0.2941,65,1157.0,strategy_S5-10__TYPE_D:NIFTY:2026-04-20T15:17:50:SHORT
2026-04-20,15:19:43,2026-04-20,15:20:13,NIFTY,SELL,TYPE_D,LIMIT_ENTRY,LIMIT_EXIT,24331.15,24329.2,NIFTY21APR2624350PE,24350.0,PE,161.9,160.8,161.86,161.04,165.0,155.0,0.030921,0.031051,ws,ws,entry_l1_cap,exit_l1_profit_protect,False,False,0.0364,-0.24,65,-71.5,strategy_S5-10__TYPE_D:NIFTY:2026-04-20T15:19:43:SHORT
2026-04-20,15:20:24,2026-04-20,15:20:26,NIFTY,BUY,TYPE_D,LIMIT_ENTRY,LIMIT_EXIT,24331.8,24326.6,NIFTY21APR2624300CE,24300.0,CE,132.85,135.05,132.68,135.11,135.0,130.0,0.037679,0.03701,ws,ws,entry_l1_cap,exit_l1_profit_protect,False,False,0.1714,-0.06,65,143.0,strategy_S5-10__TYPE_D:NIFTY:2026-04-20T15:20:24:LONG
2026-04-20,15:20:42,2026-04-20,15:21:08,NIFTY,BUY,TYPE_D,LIMIT_ENTRY,LIMIT_EXIT,24332.7,24335.9,NIFTY21APR2624300CE,24300.0,CE,138.6,133.55,138.35,133.76,140.0,125.0,0.036121,0.037397,ws,ws,entry_l1_cap,exit_l1_profit_protect,False,False,0.2545,-0.2143,65,-328.25,strategy_S5-10__TYPE_D:NIFTY:2026-04-20T15:20:42:LONG
2026-04-20,15:21:54,2026-04-20,15:22:29,NIFTY,SELL,TYPE_D,LIMIT_ENTRY,LIMIT_EXIT,24330.9,24331.95,NIFTY21APR2624350PE,24350.0,PE,161.7,154.6,161.45,154.67,165.0,145.0,0.030965,0.032305,ws,ws,entry_l1_cap,exit_l1_profit_protect,False,False,0.2475,-0.07,65,-461.5,strategy_S5-10__TYPE_D:NIFTY:2026-04-20T15:21:54:SHORT
2026-04-20,15:23:18,2026-04-20,15:23:28,NIFTY,SELL,TYPE_D,LIMIT_ENTRY,LIMIT_EXIT,24328.05,24331.6,NIFTY21APR2624350PE,24350.0,PE,160.15,158.9,160.12,159.04,165.0,150.0,0.031235,0.031447,ws,ws,entry_l1_cap,exit_l1_profit_protect,False,False,0.033,-0.1429,65,-81.25,strategy_S5-10__TYPE_D:NIFTY:2026-04-20T15:23:18:SHORT
2026-04-20,15:23:55,2026-04-20,15:25:03,NIFTY,SELL,TYPE_D,LIMIT_ENTRY,LIMIT_EXIT,24327.6,24323.15,NIFTY21APR2624350PE,24350.0,PE,159.05,160.7,159.02,160.71,160.0,155.0,0.031442,0.031109,ws,ws,entry_l1_cap,exit_l1_profit_protect,False,False,0.0333,-0.0063,65,107.25,strategy_S5-10__TYPE_D:NIFTY:2026-04-20T15:23:55:SHORT
